episode,stage,reward,avg_reward,MSE,timeframe,steps,close distance,near_miss,epsilon,progress_pct,success_rate,Buffer,time_ms,streak,reached_finish,min_R2,min_R1,min_F,min_L1,min_L2,min_SR,min_SL,min_ttc,avg_ttc,avg_speed,avg_inference_time,Q_avg,Q_max,Q_min
1,1,-6.8692,-6.8692,0.000,296,730,16,0,1.000,85,0.00,30,694.55,0,0,53.400(66.751%)(3.579m),62.000(54.706%)(4.500m),34.674(30.595%)(1.572m),17.949(15.837%)(0.000m),10.956(13.695%)(0.000m),38.896(97.241%)(3.096m),10.956(27.389%)(0.102m),2422.376,7172.247,57.1,0.0000,"[-0.014, 0.221, 0.047, 0.087, 0.169, 0.105]","[-0.005, 0.230, 0.058, 0.097, 0.177, 0.113]","[-0.028, 0.194, 0.013, 0.079, 0.135, 0.067]"
2,1,-5.4603,-6.1647,0.000,179,442,16,0,0.998,70,0.00,48,329.53,0,0,10.292(12.865%)(0.000m),15.657(13.815%)(0.000m),26.566(23.441%)(0.704m),93.000(82.059%)(7.821m),60.601(75.751%)(4.350m),11.493(28.732%)(0.160m),40.000(100.000%)(3.214m),3284.972,8157.671,57.2,0.0000,"[-0.017, 0.216, 0.043, 0.079, 0.166, 0.103]","[-0.010, 0.229, 0.058, 0.094, 0.176, 0.113]","[-0.062, 0.156, -0.020, 0.020, 0.108, 0.050]"
3,1,-6.1042,-6.1446,0.000,83,206,22,0,0.996,50,0.00,57,150.08,0,0,78.639(98.299%)(6.283m),113.333(100.000%)(10.000m),33.617(29.662%)(1.459m),17.401(15.354%)(0.000m),10.622(13.277%)(0.000m),40.000(100.000%)(3.214m),10.622(26.554%)(0.067m),6527.184,10159.854,57.4,0.0000,"[-0.016, 0.218, 0.044, 0.091, 0.166, 0.097]","[-0.010, 0.230, 0.058, 0.096, 0.176, 0.113]","[-0.027, 0.196, 0.016, 0.083, 0.136, 0.070]"
4,1,-8.6017,-6.7589,0.000,308,756,47,0,0.994,85,0.00,88,566.59,0,0,9.792(12.239%)(0.000m),15.009(13.243%)(0.000m),25.779(22.747%)(0.619m),41.644(36.745%)(2.319m),19.868(24.835%)(0.000m),10.800(26.999%)(0.086m),14.027(35.066%)(0.431m),2359.510,6692.726,56.8,0.0000,"[-0.018, 0.214, 0.041, 0.090, 0.161, 0.096]","[-0.007, 0.230, 0.058, 0.108, 0.176, 0.113]","[-0.063, 0.154, -0.021, 0.019, 0.107, 0.049]"
5,1,-5.4442,-6.4959,0.000,110,271,16,0,0.992,60,0.00,99,185.31,0,0,11.315(14.143%)(0.000m),20.509(18.096%)(0.055m),49.914(44.042%)(3.205m),113.333(100.000%)(10.000m),76.230(95.288%)(6.025m),10.008(25.021%)(0.001m),40.000(100.000%)(3.214m),8072.825,11737.663,56.9,0.0000,"[-0.022, 0.207, 0.033, 0.069, 0.159, 0.096]","[-0.013, 0.229, 0.057, 0.090, 0.176, 0.112]","[-0.058, 0.154, -0.020, 0.027, 0.114, 0.052]"
6,1,-5.4458,-6.3209,0.000,92,226,16,0,0.990,55,0.00,109,187.03,0,0,78.639(98.299%)(6.283m),113.333(100.000%)(10.000m),67.738(59.769%)(5.115m),26.853(23.694%)(0.734m),12.734(15.918%)(0.000m),40.000(100.000%)(3.214m),9.683(24.208%)(0.000m),8578.631,10332.059,56.9,0.0000,"[-0.018, 0.217, 0.043, 0.094, 0.164, 0.094]","[-0.010, 0.229, 0.058, 0.114, 0.176, 0.113]","[-0.029, 0.204, 0.022, 0.089, 0.143, 0.074]"
7,1,-4.1651,-6.0129,0.000,289,759,21,21,0.988,85,0.00,138,579.11,0,0,27.000(33.750%)(0.750m),47.000(41.471%)(2.893m),52.836(46.620%)(3.518m),21.029(18.555%)(0.110m),11.468(14.335%)(0.000m),40.000(100.000%)(3.214m),10.019(25.048%)(0.002m),2491.649,5468.511,60.8,0.0000,"[-0.013, 0.216, 0.041, 0.092, 0.166, 0.100]","[-0.007, 0.229, 0.058, 0.113, 0.177, 0.113]","[-0.029, 0.198, 0.020, 0.079, 0.137, 0.071]"
8,1,-4.2109,-5.7877,0.000,343,834,17,0,0.986,85,0.00,173,632.71,0,0,10.869(13.586%)(0.000m),18.311(16.157%)(0.000m),37.427(33.024%)(1.867m),64.000(56.471%)(4.714m),49.000(61.250%)(3.107m),10.478(26.194%)(0.051m),40.000(100.000%)(3.214m),4124.709,8002.506,56.3,6.3496,"[-0.019, 0.215, 0.043, 0.080, 0.165, 0.101]","[-0.011, 0.229, 0.058, 0.092, 0.176, 0.113]","[-0.057, 0.154, -0.020, 0.025, 0.109, 0.053]"
9,1,-5.0912,-5.7103,0.000,148,357,24,0,0.984,65,0.00,188,274.21,0,0,11.605(14.507%)(0.000m),21.534(19.001%)(0.164m),55.990(49.403%)(3.856m),111.000(97.941%)(9.750m),76.230(95.288%)(6.025m),10.014(25.036%)(0.002m),40.000(100.000%)(3.214m),7959.936,10307.082,55.8,0.0000,"[-0.021, 0.208, 0.035, 0.070, 0.159, 0.098]","[-0.013, 0.229, 0.057, 0.090, 0.177, 0.112]","[-0.054, 0.161, -0.013, 0.031, 0.116, 0.059]"
10,1,-5.5401,-5.6933,0.000,193,472,17,0,0.982,70,0.00,208,368.01,0,0,10.463(13.079%)(0.000m),17.142(15.125%)(0.000m),33.115(29.219%)(1.405m),91.000(80.294%)(7.607m),61.452(76.815%)(4.441m),10.463(26.158%)(0.050m),40.000(100.000%)(3.214m),4825.291,8366.838,56.6,0.0000,"[-0.018, 0.216, 0.043, 0.078, 0.165, 0.103]","[-0.010, 0.230, 0.058, 0.093, 0.176, 0.113]","[-0.062, 0.152, -0.022, 0.020, 0.110, 0.050]"
11,1,-6.7054,-5.7853,0.000,184,445,22,0,0.980,70,0.00,227,337.67,0,0,11.687(14.609%)(0.000m),22.228(19.613%)(0.239m),58.553(51.665%)(4.131m),100.000(88.236%)(8.571m),61.806(77.258%)(4.479m),9.837(24.592%)(0.000m),40.000(100.000%)(3.214m),4545.010,8953.515,56.0,0.0000,"[-0.019, 0.213, 0.040, 0.076, 0.162, 0.101]","[-0.010, 0.229, 0.058, 0.093, 0.176, 0.113]","[-0.054, 0.161, -0.014, 0.030, 0.115, 0.058]"
12,1,-6.7751,-5.8678,0.000,139,335,19,0,0.978,65,0.00,241,229.21,0,0,78.639(98.299%)(6.283m),111.000(97.941%)(9.750m),33.966(29.970%)(1.496m),17.271(15.239%)(0.000m),10.446(13.058%)(0.000m),40.000(100.000%)(3.214m),10.319(25.799%)(0.034m),6499.963,10315.223,55.7,1.1500,"[-0.015, 0.221, 0.049, 0.096, 0.167, 0.100]","[-0.009, 0.230, 0.058, 0.107, 0.176, 0.113]","[-0.027, 0.201, 0.017, 0.086, 0.133, 0.069]"
13,1,-3.2115,-5.6634,0.000,136,361,23,0,0.976,70,0.00,255,236.28,0,0,68.838(86.048%)(5.233m),93.000(82.059%)(7.821m),40.544(35.775%)(2.201m),18.568(16.383%)(0.000m),10.697(13.372%)(0.000m),40.000(100.000%)(3.214m),9.940(24.850%)(0.000m),2231.251,6754.165,61.4,0.0000,"[-0.016, 0.219, 0.046, 0.089, 0.170, 0.102]","[-0.010, 0.230, 0.058, 0.093, 0.177, 0.113]","[-0.033, 0.189, 0.015, 0.083, 0.138, 0.066]"
14,1,-7.6585,-5.8059,0.000,156,373,20,0,0.974,65,0.00,271,272.29,0,0,78.639(98.299%)(6.283m),106.000(93.530%)(9.214m),33.141(29.242%)(1.408m),17.155(15.137%)(0.000m),10.471(13.089%)(0.000m),40.000(100.000%)(3.214m),10.471(26.178%)(0.051m),8383.197,10627.445,55.4,0.0000,"[-0.014, 0.223, 0.051, 0.092, 0.169, 0.103]","[-0.009, 0.230, 0.058, 0.097, 0.176, 0.113]","[-0.027, 0.201, 0.016, 0.085, 0.132, 0.069]"
15,1,-6.3799,-5.8442,0.000,85,206,20,0,0.972,50,0.00,280,138.31,0,0,77.786(97.233%)(6.191m),113.333(100.000%)(10.000m),33.691(29.727%)(1.467m),17.440(15.388%)(0.000m),10.645(13.306%)(0.000m),40.000(100.000%)(3.214m),10.645(26.612%)(0.069m),6537.229,10183.153,56.1,0.0000,"[-0.017, 0.218, 0.043, 0.090, 0.164, 0.095]","[-0.010, 0.230, 0.058, 0.094, 0.176, 0.113]","[-0.027, 0.202, 0.016, 0.085, 0.132, 0.069]"
16,1,-6.3998,-5.8789,0.000,111,274,21,0,0.970,60,0.00,292,202.04,0,0,10.829(13.536%)(0.000m),17.903(15.797%)(0.000m),35.210(31.068%)(1.630m),112.000(98.824%)(9.857m),77.067(96.334%)(6.114m),10.697(26.743%)(0.075m),40.000(100.000%)(3.214m),6249.307,10453.666,57.1,0.0000,"[-0.022, 0.209, 0.035, 0.070, 0.161, 0.097]","[-0.013, 0.229, 0.057, 0.090, 0.176, 0.112]","[-0.062, 0.152, -0.022, 0.021, 0.110, 0.050]"
17,1,-4.6720,-5.8079,0.000,182,438,23,0,0.968,70,0.00,311,317.66,0,0,69.104(86.380%)(5.261m),96.000(84.706%)(8.143m),34.557(30.491%)(1.560m),17.888(15.783%)(0.000m),10.919(13.648%)(0.000m),40.000(100.000%)(3.214m),10.919(27.296%)(0.098m),5285.568,9692.051,55.7,1.2453,"[-0.014, 0.224, 0.050, 0.089, 0.170, 0.104]","[-0.009, 0.230, 0.058, 0.095, 0.177, 0.113]","[-0.027, 0.201, 0.017, 0.082, 0.133, 0.070]"
18,1,-10.2809,-6.0564,0.000,304,771,58,20,0.967,85,0.00,342,512.90,0,0,9.622(12.028%)(0.000m),13.926(12.287%)(0.000m),21.942(19.361%)(0.208m),32.000(28.235%)(1.286m),30.000(37.500%)(1.071m),11.723(29.307%)(0.185m),36.275(90.687%)(2.815m),671.956,5260.013,58.7,0.0000,"[-0.013, 0.218, 0.044, 0.085, 0.166, 0.102]","[-0.004, 0.230, 0.058, 0.097, 0.176, 0.113]","[-0.064, 0.153, -0.026, 0.024, 0.108, 0.034]"
19,1,-6.9492,-6.1034,0.000,118,282,16,0,0.965,60,0.00,354,207.72,0,0,78.639(98.299%)(6.283m),113.333(100.000%)(10.000m),27.121(23.930%)(0.763m),15.790(13.932%)(0.000m),10.301(12.876%)(0.000m),40.000(100.000%)(3.214m),11.362(28.404%)(0.146m),8449.907,11396.048,55.3,1.3027,"[-0.015, 0.222, 0.049, 0.093, 0.167, 0.100]","[-0.010, 0.230, 0.058, 0.103, 0.176, 0.113]","[-0.026, 0.202, 0.016, 0.083, 0.131, 0.069]"
20,1,-5.1275,-6.0546,0.000,159,398,17,0,0.963,70,0.00,370,255.18,0,0,78.639(98.299%)(6.283m),94.000(82.941%)(7.929m),35.260(31.112%)(1.635m),17.929(15.819%)(0.000m),10.844(13.555%)(0.000m),40.000(100.000%)(3.214m),10.713(26.781%)(0.076m),3805.587,7884.771,57.9,0.0000,"[-0.014, 0.221, 0.048, 0.093, 0.169, 0.102]","[-0.009, 0.229, 0.058, 0.098, 0.176, 0.113]","[-0.028, 0.202, 0.017, 0.086, 0.132, 0.069]"
21,1,-7.6714,-6.1316,0.000,333,839,0,20,0.961,85,0.00,404,574.99,0,0,43.337(54.172%)(2.500m),81.277(71.715%)(6.565m),71.000(62.647%)(5.464m),24.000(21.177%)(0.429m),21.000(26.250%)(0.107m),31.261(78.153%)(2.278m),23.153(57.882%)(1.409m),739.644,6619.174,58.3,0.7852,"[-0.015, 0.219, 0.046, 0.091, 0.169, 0.099]","[-0.008, 0.230, 0.058, 0.106, 0.176, 0.113]","[-0.032, 0.192, 0.020, 0.071, 0.160, 0.063]"
22,1,-6.9539,-6.1690,0.000,263,650,17,0,0.959,80,0.00,431,456.78,0,0,10.457(13.072%)(0.000m),17.617(15.545%)(0.000m),36.009(31.773%)(1.715m),71.000(62.647%)(5.464m),54.722(68.402%)(3.720m),10.081(25.202%)(0.009m),40.000(100.000%)(3.214m),3626.794,6593.741,57.2,1.2190,"[-0.015, 0.218, 0.045, 0.083, 0.166, 0.104]","[-0.008, 0.229, 0.058, 0.095, 0.176, 0.113]","[-0.058, 0.149, -0.024, 0.024, 0.110, 0.048]"
23,1,-5.5012,-6.1400,0.000,184,445,20,0,0.957,70,0.00,450,330.93,0,0,10.418(13.023%)(0.000m),16.222(14.314%)(0.000m),28.592(25.228%)(0.921m),94.000(82.941%)(7.929m),64.748(80.935%)(4.794m),11.212(28.031%)(0.130m),40.000(100.000%)(3.214m),4336.491,8971.018,56.0,1.4597,"[-0.017, 0.218, 0.045, 0.079, 0.166, 0.104]","[-0.011, 0.230, 0.058, 0.092, 0.176, 0.113]","[-0.062, 0.155, -0.020, 0.020, 0.108, 0.050]"
24,1,-6.3935,-6.1505,0.000,92,223,19,0,0.955,55,0.00,460,163.35,0,0,78.639(98.299%)(6.283m),85.333(75.294%)(7.000m),24.890(21.962%)(0.524m),15.175(13.390%)(0.000m),10.198(12.748%)(0.000m),40.000(100.000%)(3.214m),11.819(29.547%)(0.195m),8268.825,10827.280,56.0,0.0000,"[-0.015, 0.220, 0.047, 0.091, 0.167, 0.099]","[-0.010, 0.230, 0.058, 0.098, 0.176, 0.113]","[-0.026, 0.200, 0.015, 0.081, 0.128, 0.067]"
25,1,-4.8979,-6.1004,0.000,337,904,8,54,0.953,90,0.00,494,580.07,0,0,24.000(30.000%)(0.429m),40.000(35.294%)(2.143m),109.000(96.177%)(9.536m),51.399(45.352%)(3.364m),25.299(31.624%)(0.568m),11.000(27.500%)(0.107m),17.895(44.737%)(0.846m),5038.340,7813.257,62.0,0.0000,"[-0.014, 0.214, 0.042, 0.093, 0.167, 0.102]","[-0.007, 0.229, 0.059, 0.114, 0.177, 0.113]","[-0.036, 0.179, 0.010, 0.072, 0.152, 0.066]"
26,1,-7.1106,-6.1393,0.000,83,200,18,0,0.951,50,0.00,503,144.02,0,0,78.639(98.299%)(6.283m),113.333(100.000%)(10.000m),36.816(32.485%)(1.802m),18.012(15.893%)(0.000m),10.692(13.365%)(0.000m),40.000(100.000%)(3.214m),10.307(25.767%)(0.033m),6775.218,9216.160,55.7,0.0000,"[-0.017, 0.218, 0.043, 0.094, 0.163, 0.093]","[-0.010, 0.229, 0.058, 0.105, 0.176, 0.113]","[-0.027, 0.202, 0.017, 0.085, 0.131, 0.068]"
27,1,-6.0158,-6.1347,1.423,92,229,22,0,0.949,55,0.00,513,366.15,0,0,10.326(12.907%)(0.000m),16.917(14.927%)(0.000m),32.681(28.836%)(1.359m),113.333(100.000%)(10.000m),76.230(95.288%)(6.025m),10.326(25.815%)(0.035m),40.000(100.000%)(3.214m),5314.310,8214.986,57.6,0.0000,"[-0.024, 0.204, 0.030, 0.066, 0.157, 0.094]","[-0.013, 0.229, 0.057, 0.090, 0.177, 0.112]","[-0.138, 0.071, -0.080, -0.040, 0.078, -0.011]"
28,1,-4.9408,-6.0921,1.291,198,479,27,0,0.947,70,0.00,533,537.58,0,0,77.786(97.233%)(6.191m),98.000(86.471%)(8.357m),86.508(76.331%)(7.126m),29.012(25.599%)(0.966m),13.588(16.985%)(0.000m),40.000(100.000%)(3.214m),9.631(24.078%)(0.000m),5819.488,9263.651,56.0,0.0000,"[-0.296, -0.141, -0.216, -0.166, 0.117, -0.084]","[-0.165, 0.060, -0.063, -0.026, 0.307, 0.010]","[-0.410, -0.329, -0.447, -0.394, -0.163, -0.218]"
29,1,-6.5858,-6.1091,1.014,106,257,18,0,0.945,55,0.00,544,303.98,0,0,10.370(12.963%)(0.000m),16.147(14.247%)(0.000m),28.459(25.111%)(0.906m),113.333(100.000%)(10.000m),77.067(96.334%)(6.114m),11.160(27.900%)(0.124m),40.000(100.000%)(3.214m),6354.647,9832.163,56.0,0.0000,"[-0.455, -0.252, -0.296, -0.322, 0.114, -0.192]","[-0.033, 0.045, -0.030, 0.137, 0.450, 0.180]","[-1.841, -1.329, -1.280, -1.876, -1.160, -1.407]"
30,1,-7.3018,-6.1488,0.424,272,662,22,0,0.944,80,0.00,572,777.08,0,0,48.412(60.515%)(3.044m),75.000(66.177%)(5.893m),83.000(73.236%)(6.750m),25.731(22.704%)(0.614m),12.446(15.557%)(0.000m),35.226(88.066%)(2.703m),9.710(24.276%)(0.000m),3397.997,7959.084,56.3,1.2446,"[-0.516, -0.295, -0.285, -0.456, -0.051, -0.213]","[0.834, 0.924, 0.900, 1.121, 1.347, 0.946]","[-4.492, -3.872, -3.555, -5.076, -4.218, -3.449]"
31,1,-4.9033,-6.1087,0.346,181,486,30,0,0.942,75,0.00,591,471.96,0,0,51.000(63.750%)(3.321m),80.000(70.588%)(6.429m),80.931(71.409%)(6.528m),26.737(23.592%)(0.722m),12.737(15.921%)(0.000m),40.000(100.000%)(3.214m),9.811(24.527%)(0.000m),2065.220,5792.100,62.2,1.1291,"[-1.426, -1.034, -0.753, -1.343, -0.760, -0.868]","[0.914, 1.003, 1.049, 1.229, 1.371, 1.124]","[-5.242, -4.430, -3.780, -5.545, -4.398, -3.998]"
32,1,-5.1123,-6.0775,0.258,178,438,47,0,0.940,70,0.00,609,449.51,0,0,77.786(97.233%)(6.191m),94.000(82.941%)(7.929m),49.684(43.839%)(3.180m),20.414(18.013%)(0.044m),11.262(14.078%)(0.000m),40.000(100.000%)(3.214m),9.962(24.905%)(0.000m),5143.169,10127.636,57.0,1.0308,"[-2.481, -1.770, -1.329, -2.530, -1.540, -1.229]","[0.948, 1.165, 1.093, 1.209, 1.524, 1.294]","[-5.734, -4.845, -3.894, -5.951, -4.776, -3.830]"
33,1,-5.9848,-6.0747,0.211,135,332,16,0,0.938,65,0.00,623,343.00,0,0,10.743(13.429%)(0.000m),17.601(15.530%)(0.000m),34.002(30.002%)(1.500m),107.000(94.412%)(9.321m),77.067(96.334%)(6.114m),10.743(26.858%)(0.080m),40.000(100.000%)(3.214m),6625.026,9127.013,56.8,0.0000,"[-0.849, -1.198, -1.549, -0.761, -0.888, -1.502]","[1.310, 1.647, 1.437, 1.482, 1.914, 1.678]","[-5.097, -6.098, -6.427, -5.164, -5.645, -6.749]"
34,1,-6.0142,-6.0729,0.189,81,208,21,0,0.936,55,0.00,632,230.37,0,0,78.639(98.299%)(6.283m),113.333(100.000%)(10.000m),32.724(28.874%)(1.363m),16.939(14.946%)(0.000m),10.339(12.924%)(0.000m),40.000(100.000%)(3.214m),10.339(25.848%)(0.036m),4692.714,8645.084,59.5,0.0000,"[-2.142, -1.547, -1.096, -2.145, -1.381, -1.083]","[1.189, 1.536, 1.367, 1.374, 1.799, 1.539]","[-5.831, -5.201, -4.330, -5.959, -5.321, -4.274]"
35,1,-5.2572,-6.0496,0.186,108,266,17,0,0.934,60,0.00,643,293.66,0,0,10.232(12.790%)(0.000m),15.449(13.632%)(0.000m),25.909(22.861%)(0.633m),101.673(89.711%)(8.751m),76.230(95.288%)(6.025m),11.568(28.919%)(0.168m),40.000(100.000%)(3.214m),5301.431,8431.032,57.0,1.6318,"[-0.993, -1.337, -1.817, -0.934, -1.097, -1.686]","[1.163, 1.569, 1.303, 1.414, 1.707, 1.439]","[-4.975, -5.750, -6.340, -5.114, -5.411, -6.325]"
36,1,-4.7054,-6.0123,0.200,234,617,0,10,0.932,85,0.00,667,667.65,0,0,24.000(30.000%)(0.429m),25.000(22.059%)(0.536m),74.000(65.294%)(5.786m),95.232(84.028%)(8.061m),49.698(62.122%)(3.182m),40.000(100.000%)(3.214m),38.035(95.087%)(3.004m),0.000,4702.555,61.0,1.3405,"[-0.469, -0.238, -0.238, -0.424, -0.108, -0.343]","[1.359, 1.663, 1.521, 1.561, 1.938, 1.622]","[-3.520, -4.058, -4.597, -3.582, -3.955, -4.665]"
37,1,-7.9852,-6.0656,0.198,146,350,17,0,0.930,65,0.00,682,405.36,0,0,78.639(98.299%)(6.283m),107.000(94.412%)(9.321m),37.850(33.397%)(1.913m),18.136(16.003%)(0.000m),10.661(13.327%)(0.000m),40.000(100.000%)(3.214m),10.152(25.381%)(0.016m),6515.544,10322.874,55.5,1.1332,"[-1.012, -0.366, 0.080, -1.050, -0.192, 0.087]","[1.531, 1.932, 1.677, 1.787, 2.108, 1.854]","[-5.651, -5.152, -4.412, -6.134, -5.208, -4.297]"
38,1,-4.9324,-6.0358,0.195,93,236,16,0,0.929,55,0.00,692,252.85,0,0,10.819(13.524%)(0.000m),18.227(16.083%)(0.000m),37.256(32.873%)(1.849m),113.333(100.000%)(10.000m),76.230(95.288%)(6.025m),10.430(26.074%)(0.046m),40.000(100.000%)(3.214m),5080.072,8475.283,58.8,0.0000,"[-1.016, -1.437, -2.060, -0.935, -1.221, -1.909]","[1.689, 1.782, 1.593, 1.911, 1.940, 1.744]","[-5.269, -5.873, -6.343, -5.353, -5.506, -6.613]"
39,1,-6.4453,-6.0463,0.203,116,282,18,0,0.927,60,0.00,704,334.55,0,0,78.639(98.299%)(6.283m),109.000(96.177%)(9.536m),30.013(26.482%)(1.073m),16.559(14.611%)(0.000m),10.463(13.079%)(0.000m),40.000(100.000%)(3.214m),10.988(27.469%)(0.106m),5190.997,8931.204,56.2,1.4559,"[-1.062, -0.404, 0.063, -1.162, -0.248, 0.052]","[1.656, 2.051, 1.840, 1.947, 2.235, 2.043]","[-5.966, -5.575, -4.805, -6.519, -5.630, -4.659]"
40,1,-8.0271,-6.0958,0.197,311,763,18,0,0.925,85,0.00,736,854.72,0,0,11.561(14.451%)(0.000m),21.199(18.705%)(0.128m),52.888(46.666%)(3.524m),71.000(62.647%)(5.464m),52.000(65.000%)(3.429m),10.101(25.251%)(0.011m),38.334(95.834%)(3.036m),3510.935,8105.242,56.8,1.5289,"[-0.370, -0.503, -0.847, -0.325, -0.286, -0.777]","[1.716, 2.031, 1.898, 1.919, 2.256, 2.039]","[-4.248, -4.875, -5.331, -4.274, -4.459, -5.508]"
41,1,-4.6477,-6.0605,0.207,248,622,18,0,0.923,80,0.00,761,691.76,0,0,47.598(59.497%)(2.957m),69.000(60.883%)(5.250m),24.873(21.947%)(0.522m),14.832(13.087%)(0.000m),9.823(12.279%)(0.000m),34.589(86.472%)(2.635m),11.105(27.763%)(0.118m),2145.783,6763.662,58.1,1.1774,"[0.232, 0.160, -0.183, 0.272, 0.230, -0.155]","[1.818, 2.081, 2.038, 2.040, 2.255, 2.085]","[-6.136, -5.979, -5.501, -6.821, -6.267, -5.803]"
42,1,-7.1667,-6.0868,0.223,241,632,53,25,0.921,85,0.00,786,669.55,0,0,52.180(65.225%)(3.448m),20.000(17.647%)(0.000m),20.000(17.647%)(0.000m),22.000(19.412%)(0.214m),63.449(79.312%)(4.655m),37.940(94.850%)(2.994m),40.000(100.000%)(3.214m),0.000,2905.629,60.7,1.2943,"[-0.241, -0.391, -0.691, -0.315, -0.518, -0.925]","[2.061, 2.307, 2.161, 2.268, 2.457, 2.157]","[-4.984, -5.203, -5.297, -5.463, -5.678, -5.463]"
43,1,-5.2242,-6.0668,0.236,117,289,18,0,0.919,60,0.00,798,323.91,0,0,78.639(98.299%)(6.283m),113.333(100.000%)(10.000m),36.254(31.989%)(1.741m),17.737(15.650%)(0.000m),10.528(13.160%)(0.000m),40.000(100.000%)(3.214m),10.149(25.373%)(0.016m),6306.998,9419.289,57.1,1.2671,"[-0.792, -0.096, 0.508, -0.986, 0.082, 0.509]","[1.945, 2.335, 2.224, 2.020, 2.392, 2.319]","[-6.102, -5.729, -5.223, -6.737, -6.064, -5.387]"
44,1,-7.9912,-6.1105,0.234,334,855,80,41,0.918,90,0.00,832,913.31,0,0,10.099(12.623%)(0.000m),14.816(13.073%)(0.000m),23.802(21.002%)(0.407m),28.000(24.706%)(0.857m),24.000(30.000%)(0.429m),11.998(29.996%)(0.214m),20.544(51.361%)(1.130m),223.747,4288.995,59.2,1.3356,"[-0.967, -0.795, -0.564, -1.094, -0.801, -0.761]","[1.959, 2.029, 1.954, 2.194, 2.245, 2.019]","[-5.553, -6.226, -6.131, -5.570, -5.799, -7.230]"
45,1,-3.9861,-6.0633,0.232,189,480,18,0,0.916,75,0.00,851,492.07,0,0,63.084(78.855%)(4.616m),82.000(72.353%)(6.643m),25.025(22.081%)(0.538m),14.922(13.167%)(0.000m),9.883(12.354%)(0.000m),40.000(100.000%)(3.214m),11.173(27.933%)(0.126m),2432.900,7234.851,58.8,1.2613,"[0.408, 0.566, 0.542, 0.378, 0.567, 0.452]","[1.904, 2.128, 1.996, 2.027, 2.287, 2.113]","[-6.185, -5.888, -5.503, -6.607, -6.503, -5.945]"
46,1,-6.0100,-6.0621,0.221,115,279,22,0,0.914,60,0.00,863,336.47,0,0,9.852(12.315%)(0.000m),15.465(13.646%)(0.000m),27.633(24.382%)(0.818m),110.000(97.059%)(9.643m),77.067(96.334%)(6.114m),10.474(26.184%)(0.051m),40.000(100.000%)(3.214m),6761.655,9067.288,56.1,0.0000,"[-0.077, -0.413, -0.960, 0.058, -0.228, -0.973]","[1.720, 1.901, 1.792, 1.860, 2.090, 1.932]","[-5.220, -5.891, -5.664, -5.257, -5.402, -6.691]"
47,1,-8.4274,-6.1125,0.201,316,793,112,0,0.912,85,0.00,895,823.57,0,0,9.686(12.107%)(0.000m),13.168(11.619%)(0.000m),19.129(16.879%)(0.000m),33.401(29.472%)(1.436m),15.777(19.721%)(0.000m),13.421(33.554%)(0.367m),11.080(27.699%)(0.116m),1158.508,5405.313,58.1,0.9380,"[-0.861, -0.435, 0.031, -1.013, -0.265, 0.004]","[1.909, 2.111, 2.517, 1.998, 2.309, 2.575]","[-5.025, -5.626, -5.473, -5.021, -5.315, -6.442]"
48,1,-5.9368,-6.1088,0.237,232,622,17,3,0.910,85,0.00,919,636.16,0,0,33.000(41.250%)(1.393m),40.000(35.294%)(2.143m),24.125(21.287%)(0.442m),14.386(12.693%)(0.000m),9.528(11.910%)(0.000m),32.679(81.698%)(2.430m),10.771(26.928%)(0.083m),455.408,4544.786,62.1,1.3805,"[-0.251, -0.376, -0.785, -0.318, -0.539, -0.959]","[1.734, 1.862, 1.622, 1.788, 2.022, 1.718]","[-6.476, -6.093, -5.642, -6.863, -6.846, -6.585]"
49,1,-6.2735,-6.1122,0.239,96,232,21,0,0.908,55,0.00,929,266.88,0,0,77.786(97.233%)(6.191m),113.333(100.000%)(10.000m),41.751(36.840%)(2.330m),19.121(16.871%)(0.000m),11.016(13.770%)(0.000m),40.000(100.000%)(3.214m),10.236(25.590%)(0.025m),6398.340,10425.430,55.9,0.0000,"[-0.947, -0.431, 0.168, -1.112, -0.314, 0.284]","[1.702, 1.861, 1.819, 1.748, 2.116, 1.841]","[-5.802, -5.225, -4.560, -6.143, -5.564, -4.394]"
50,1,-4.3907,-6.0777,0.237,196,525,22,0,0.907,80,0.00,949,517.48,0,0,48.000(60.000%)(3.000m),75.000(66.177%)(5.893m),64.426(56.846%)(4.760m),22.948(20.248%)(0.316m),12.065(15.082%)(0.000m),40.000(100.000%)(3.214m),10.155(25.387%)(0.017m),4267.247,6468.057,62.0,1.1858,"[-0.323, 0.223, 0.536, -0.563, 0.186, 0.250]","[1.889, 2.067, 1.884, 1.873, 2.208, 2.052]","[-4.992, -4.311, -3.832, -5.305, -4.724, -4.083]"
51,1,-7.2807,-6.0860,0.234,388,956,63,0,0.905,90,0.00,988,1051.68,0,0,11.662(14.577%)(0.000m),21.138(18.651%)(0.122m),51.445(45.393%)(3.369m),61.000(53.824%)(4.393m),36.000(45.000%)(1.714m),10.315(25.789%)(0.034m),33.802(84.504%)(2.550m),3693.308,7721.868,57.0,1.3331,"[-0.086, -0.347, -0.731, -0.059, -0.212, -0.820]","[1.722, 1.760, 1.696, 1.796, 2.116, 1.722]","[-4.394, -5.221, -4.979, -4.490, -4.753, -5.924]"
52,1,-5.2894,-6.0825,0.218,253,638,18,0,0.903,80,0.00,1014,690.32,0,0,54.000(67.500%)(3.643m),62.000(54.706%)(4.500m),72.877(64.304%)(5.665m),26.047(22.983%)(0.648m),12.599(15.748%)(0.000m),40.000(100.000%)(3.214m),9.830(24.574%)(0.000m),3466.452,5601.947,58.4,1.3356,"[0.049, 0.227, 0.265, -0.028, 0.315, 0.368]","[1.597, 1.543, 1.823, 1.612, 1.788, 1.837]","[-5.017, -4.371, -3.525, -5.086, -4.498, -3.537]"
53,1,-3.7801,-6.0361,0.248,165,432,17,0,0.901,75,0.00,1031,437.81,0,0,69.000(86.250%)(5.250m),82.000(72.353%)(6.643m),68.875(60.772%)(5.237m),23.492(20.728%)(0.374m),12.193(15.242%)(0.000m),40.000(100.000%)(3.214m),10.135(25.338%)(0.014m),2113.051,5722.406,60.7,1.1480,"[-0.573, -0.055, 0.346, -0.727, -0.020, 0.205]","[1.651, 1.727, 1.608, 1.674, 1.994, 1.615]","[-5.090, -4.106, -3.101, -5.292, -4.184, -3.172]"
54,1,-5.8584,-5.9812,0.257,181,454,17,0,0.899,70,0.00,1050,525.04,0,0,56.697(70.871%)(3.932m),95.000(83.824%)(8.036m),53.151(46.898%)(3.552m),21.258(18.757%)(0.135m),11.593(14.491%)(0.000m),40.000(100.000%)(3.214m),10.128(25.321%)(0.014m),3865.541,7043.363,58.1,1.5059,"[0.286, 0.624, 0.864, 0.209, 0.746, 0.973]","[1.997, 2.110, 1.980, 2.047, 2.316, 2.270]","[-5.898, -5.156, -4.278, -6.145, -5.279, -4.195]"
55,1,-5.4294,-5.9809,0.240,67,174,16,0,0.898,50,0.00,1057,191.19,0,0,8.807(11.009%)(0.000m),11.904(10.503%)(0.000m),17.172(15.152%)(0.000m),35.100(30.971%)(1.618m),77.067(96.334%)(6.114m),12.366(30.915%)(0.254m),40.000(100.000%)(3.214m),4311.045,7089.099,60.0,0.0000,"[-0.515, -1.017, -1.363, -0.323, -0.849, -1.614]","[2.087, 2.174, 1.964, 2.083, 2.338, 2.105]","[-5.311, -6.045, -5.435, -5.110, -5.469, -6.546]"
56,1,-7.7124,-6.0262,0.260,378,985,51,38,0.896,90,0.00,1095,1084.41,0,0,11.000(13.750%)(0.000m),37.000(32.647%)(1.821m),50.000(44.118%)(3.214m),41.675(36.772%)(2.322m),19.917(24.896%)(0.000m),11.000(27.500%)(0.107m),14.073(35.183%)(0.436m),519.759,6629.747,60.3,1.2050,"[0.365, 0.493, 0.380, 0.258, 0.419, 0.243]","[2.703, 2.336, 1.936, 2.587, 2.248, 2.099]","[-4.738, -4.890, -3.610, -4.763, -5.186, -4.690]"
57,1,-7.1153,-6.0852,0.267,237,629,79,11,0.894,85,0.00,1119,703.55,0,0,66.033(82.541%)(4.932m),20.000(17.647%)(0.000m),20.000(17.647%)(0.000m),21.000(18.529%)(0.107m),19.820(24.775%)(0.000m),40.000(100.000%)(3.214m),13.986(34.966%)(0.427m),0.000,4560.958,61.4,1.5211,"[-0.521, -0.060, 0.382, -0.723, -0.231, 0.104]","[1.767, 2.132, 2.122, 1.752, 2.259, 1.678]","[-3.968, -4.503, -3.510, -4.443, -4.807, -4.872]"
58,1,-8.0277,-6.1616,0.281,381,949,68,32,0.892,90,0.00,1158,1090.38,0,0,9.506(11.882%)(0.000m),14.460(12.759%)(0.000m),24.536(21.649%)(0.486m),31.000(27.353%)(1.179m),24.000(30.000%)(0.429m),10.614(26.536%)(0.066m),35.774(89.436%)(2.762m),181.339,4739.204,57.6,1.2795,"[0.451, 0.328, 0.255, 0.456, 0.382, 0.294]","[1.857, 2.052, 1.818, 1.935, 2.327, 1.566]","[-5.438, -6.906, -5.607, -5.418, -5.407, -6.822]"
59,1,-7.2015,-6.2038,0.270,396,1032,8,43,0.890,95,0.00,1198,1080.58,0,0,29.000(36.250%)(0.964m),49.000(43.235%)(3.107m),113.333(100.000%)(10.000m),54.464(48.056%)(3.693m),26.165(32.706%)(0.661m),12.000(30.000%)(0.214m),18.553(46.382%)(0.916m),3954.459,7251.693,60.3,1.3161,"[1.239, 1.273, 1.076, 1.076, 1.253, 0.751]","[2.842, 2.985, 3.305, 2.791, 3.276, 3.186]","[-3.214, -3.729, -3.991, -3.574, -4.786, -5.578]"
60,1,-5.1744,-6.1965,0.236,117,296,17,0,0.889,60,0.00,1210,310.57,0,0,10.379(12.974%)(0.000m),17.004(15.004%)(0.000m),32.849(28.985%)(1.377m),105.000(92.647%)(9.107m),77.067(96.334%)(6.114m),10.379(25.948%)(0.041m),40.000(100.000%)(3.214m),5311.521,7159.823,58.6,1.4224,"[1.011, 0.447, -0.121, 1.081, 0.598, -0.286]","[2.213, 2.163, 2.017, 2.339, 2.387, 2.014]","[-5.392, -7.037, -5.506, -5.329, -5.510, -6.873]"
61,1,-5.6537,-6.1754,0.247,95,233,19,0,0.887,55,0.00,1220,222.88,0,0,10.982(13.727%)(0.000m),17.991(15.875%)(0.000m),34.756(30.668%)(1.581m),113.333(100.000%)(10.000m),77.067(96.334%)(6.114m),10.982(27.454%)(0.105m),40.000(100.000%)(3.214m),6330.856,9687.760,56.8,0.0000,"[0.215, -0.528, -0.833, 0.378, -0.187, -0.959]","[2.145, 2.250, 2.145, 2.171, 2.552, 2.200]","[-5.439, -7.026, -5.484, -5.285, -5.531, -6.499]"
62,1,-4.2626,-6.1252,0.242,368,932,32,74,0.885,90,0.00,1257,979.53,0,0,22.425(28.031%)(0.260m),45.269(39.943%)(2.707m),103.000(90.883%)(8.893m),27.000(23.824%)(0.750m),13.000(16.250%)(0.000m),15.881(39.703%)(0.630m),40.000(100.000%)(3.214m),4646.534,7901.743,58.6,1.2460,"[0.918, 0.879, 0.537, 0.866, 0.896, 0.399]","[2.920, 2.980, 2.032, 2.641, 2.825, 2.056]","[-6.489, -4.947, -2.615, -6.193, -4.579, -2.655]"
63,1,-4.8795,-6.1585,0.248,114,291,15,0,0.883,60,0.00,1269,309.04,0,0,77.786(97.233%)(6.191m),96.762(85.378%)(8.224m),24.657(21.757%)(0.499m),14.703(12.973%)(0.000m),9.738(12.172%)(0.000m),40.000(100.000%)(3.214m),11.009(27.522%)(0.108m),4947.475,8567.375,59.1,1.1992,"[0.243, 0.565, 0.803, 0.170, 0.575, 0.561]","[1.642, 1.992, 2.478, 1.769, 2.169, 2.060]","[-5.140, -5.642, -5.971, -5.013, -6.187, -7.291]"
64,1,-5.3488,-6.1123,0.242,94,247,22,0,0.882,60,0.00,1279,277.25,0,0,10.947(13.684%)(0.000m),18.623(16.432%)(0.000m),38.865(34.293%)(2.021m),108.000(95.294%)(9.429m),77.067(96.334%)(6.114m),10.425(26.061%)(0.045m),40.000(100.000%)(3.214m),3402.669,7333.217,60.8,1.3269,"[-0.040, -0.468, -0.704, 0.043, -0.297, -0.924]","[2.126, 2.104, 2.024, 2.193, 2.481, 1.932]","[-5.490, -6.579, -5.550, -5.499, -5.398, -6.792]"
65,1,-4.3336,-6.0714,0.260,113,300,18,0,0.880,65,0.00,1291,344.57,0,0,9.831(12.288%)(0.000m),14.843(13.097%)(0.000m),24.892(21.964%)(0.524m),96.000(84.706%)(8.143m),70.561(88.201%)(5.417m),11.114(27.784%)(0.119m),40.000(100.000%)(3.214m),2786.525,5839.105,61.5,1.5427,"[0.560, 0.246, -0.012, 0.530, 0.430, -0.261]","[2.233, 2.402, 2.292, 2.271, 2.694, 2.230]","[-5.635, -6.830, -5.680, -5.930, -5.593, -7.123]"
66,1,-5.1989,-6.0474,0.219,280,708,15,0,0.878,85,0.00,1319,744.78,0,0,46.000(57.500%)(2.786m),53.000(46.765%)(3.536m),66.000(58.235%)(4.929m),26.273(23.182%)(0.672m),12.709(15.887%)(0.000m),39.088(97.719%)(3.117m),9.916(24.790%)(0.000m),1653.181,5975.733,58.5,1.4044,"[0.695, 0.973, 1.113, 0.685, 1.026, 1.108]","[2.469, 2.445, 2.474, 2.445, 2.689, 2.232]","[-5.460, -4.580, -3.548, -5.320, -4.477, -3.686]"
67,1,-2.7592,-6.0091,0.233,286,759,12,64,0.876,90,0.00,1348,777.82,0,0,34.090(42.613%)(1.510m),65.754(58.018%)(4.902m),82.000(72.353%)(6.643m),29.000(25.588%)(0.964m),14.000(17.500%)(0.000m),24.423(61.057%)(1.545m),10.000(25.000%)(0.000m),1440.792,5445.586,61.4,1.4453,"[0.668, 0.903, 0.836, 0.491, 0.846, 0.770]","[2.277, 2.407, 2.327, 2.420, 2.754, 2.392]","[-6.195, -4.453, -1.846, -6.077, -4.075, -1.429]"
68,1,-3.9361,-5.8822,0.225,206,522,31,0,0.874,75,0.00,1369,595.57,0,0,65.000(81.250%)(4.821m),81.000(71.471%)(6.536m),39.996(35.290%)(2.142m),19.164(16.910%)(0.000m),11.266(14.082%)(0.000m),40.000(100.000%)(3.214m),10.728(26.819%)(0.078m),5301.431,7912.678,58.6,1.4041,"[0.556, 1.438, 1.836, 0.476, 1.676, 1.720]","[3.140, 3.406, 3.040, 3.101, 3.742, 2.859]","[-4.951, -5.513, -5.709, -4.721, -5.936, -6.467]"
69,1,-2.4116,-5.7915,0.207,289,763,87,0,0.873,90,0.00,1398,762.82,0,0,42.000(52.500%)(2.357m),79.000(69.706%)(6.321m),101.220(89.312%)(8.702m),25.794(22.759%)(0.621m),12.476(15.595%)(0.000m),40.000(100.000%)(3.214m),9.734(24.335%)(0.000m),3627.167,8198.114,61.1,1.3543,"[0.408, 1.285, 1.650, 0.198, 1.438, 1.418]","[3.038, 3.582, 3.048, 2.833, 3.866, 2.697]","[-5.971, -4.309, -2.481, -5.946, -3.948, -2.193]"
70,1,-5.1226,-5.7914,0.235,195,504,20,0,0.871,75,0.00,1418,524.65,0,0,11.633(14.541%)(0.000m),21.086(18.605%)(0.116m),51.319(45.281%)(3.356m),75.000(66.177%)(5.893m),60.000(75.000%)(4.286m),10.290(25.725%)(0.031m),40.000(100.000%)(3.214m),3432.354,7347.133,59.8,0.9666,"[1.688, 1.619, 0.984, 1.561, 1.665, 0.856]","[3.167, 2.948, 2.607, 2.865, 2.985, 2.797]","[-4.222, -5.145, -5.140, -4.134, -4.773, -6.094]"
71,1,-5.9589,-5.7571,0.204,171,428,22,0,0.869,70,0.00,1436,457.76,0,0,9.441(11.801%)(0.000m),14.150(12.485%)(0.000m),23.463(20.703%)(0.371m),82.000(72.353%)(6.643m),61.599(76.999%)(4.457m),10.806(27.015%)(0.086m),40.000(100.000%)(3.214m),2940.201,6737.312,57.9,1.2042,"[0.649, 0.483, 0.405, 0.749, 0.652, 0.350]","[2.653, 2.464, 2.366, 2.892, 2.849, 2.241]","[-6.183, -6.410, -5.769, -5.948, -6.048, -6.051]"
72,1,-4.9993,-5.7181,0.204,346,863,56,31,0.867,85,0.00,1471,945.58,0,0,14.696(18.370%)(0.000m),31.076(27.420%)(1.187m),79.865(70.469%)(6.414m),24.000(21.177%)(0.429m),23.000(28.750%)(0.321m),10.322(25.805%)(0.034m),40.000(100.000%)(3.214m),57.010,5307.650,57.7,1.4855,"[1.394, 1.233, 0.582, 1.261, 1.245, 0.387]","[4.143, 3.535, 2.997, 4.007, 3.629, 2.902]","[-5.457, -4.636, -5.234, -5.458, -4.411, -6.391]"
73,1,-4.8298,-5.7046,0.235,95,257,15,0,0.866,60,0.00,1481,268.92,0,0,78.639(98.299%)(6.283m),113.333(100.000%)(10.000m),48.942(43.184%)(3.101m),20.110(17.744%)(0.012m),11.094(13.868%)(0.000m),40.000(100.000%)(3.214m),9.813(24.533%)(0.000m),4695.903,8645.249,62.6,0.0000,"[-0.877, -0.050, 0.944, -0.985, 0.082, 0.754]","[1.452, 1.714, 2.311, 1.634, 1.997, 2.077]","[-5.078, -4.900, -5.054, -5.166, -5.375, -5.695]"
74,1,-4.6189,-5.6691,0.215,131,339,20,0,0.864,65,0.00,1495,361.60,0,0,78.639(98.299%)(6.283m),110.000(97.059%)(9.643m),86.167(76.030%)(7.089m),25.257(22.286%)(0.563m),12.401(15.502%)(0.000m),40.000(100.000%)(3.214m),9.800(24.500%)(0.000m),4063.797,8102.945,59.9,1.3813,"[-0.498, 0.534, 1.329, -0.519, 0.869, 1.335]","[1.478, 2.188, 2.617, 1.640, 2.695, 2.692]","[-5.946, -4.295, -2.551, -5.701, -3.806, -1.889]"
75,1,-5.8303,-5.6878,0.221,166,426,19,0,0.862,70,0.00,1512,454.46,0,0,10.417(13.022%)(0.000m),17.067(15.059%)(0.000m),32.971(29.092%)(1.390m),93.000(82.059%)(7.821m),61.754(77.193%)(4.474m),10.417(26.044%)(0.045m),40.000(100.000%)(3.214m),2519.737,7718.959,59.3,1.1714,"[0.776, 0.544, 0.266, 0.811, 0.693, 0.139]","[3.056, 2.110, 1.900, 2.705, 2.285, 1.990]","[-5.590, -6.071, -5.498, -5.592, -5.581, -5.433]"
76,1,-8.3424,-5.7124,0.223,248,605,17,0,0.861,75,0.00,1537,687.02,0,0,10.264(12.831%)(0.000m),15.734(13.883%)(0.000m),27.024(23.845%)(0.753m),64.496(56.908%)(4.767m),31.193(38.992%)(1.199m),11.321(28.303%)(0.142m),22.381(55.954%)(1.327m),4784.705,7858.658,56.5,1.2294,"[1.443, 1.271, 0.808, 1.595, 1.567, 0.722]","[3.072, 3.439, 2.953, 3.189, 4.065, 2.904]","[-6.192, -6.436, -5.968, -6.076, -5.910, -5.761]"
77,1,-6.8023,-5.7281,0.195,250,618,17,0,0.859,80,0.00,1562,694.11,0,0,10.514(13.143%)(0.000m),17.226(15.199%)(0.000m),33.278(29.363%)(1.423m),73.000(64.412%)(5.679m),48.614(60.767%)(3.066m),10.514(26.286%)(0.055m),35.530(88.825%)(2.735m),3732.213,6646.785,57.2,1.2823,"[1.178, 0.853, 0.451, 1.196, 0.989, 0.412]","[3.072, 2.041, 2.145, 2.850, 2.274, 2.282]","[-5.636, -6.161, -5.616, -5.592, -5.636, -6.082]"
78,1,-1.8591,-5.6665,0.195,295,746,16,0,0.857,85,0.00,1592,822.26,0,0,11.617(14.521%)(0.000m),21.057(18.580%)(0.113m),51.249(45.219%)(3.348m),47.000(41.471%)(2.893m),42.000(52.500%)(2.357m),10.276(25.690%)(0.030m),40.000(100.000%)(3.214m),1484.599,5414.969,58.5,1.3847,"[0.728, 0.507, 0.466, 0.707, 0.580, 0.448]","[1.619, 1.967, 2.019, 1.737, 2.263, 2.092]","[-3.784, -4.661, -5.041, -4.118, -4.457, -5.481]"
79,1,-6.4139,-5.6631,0.178,102,261,21,0,0.855,60,0.00,1603,290.35,0,0,10.127(12.659%)(0.000m),16.301(14.383%)(0.000m),30.459(26.875%)(1.121m),110.000(97.059%)(9.643m),77.067(96.334%)(6.114m),10.377(25.944%)(0.040m),40.000(100.000%)(3.214m),4190.064,9397.916,59.2,1.7905,"[0.290, 0.033, -0.329, 0.284, 0.228, -0.342]","[2.029, 1.877, 1.749, 1.616, 2.113, 1.898]","[-5.276, -5.663, -5.537, -5.665, -5.284, -5.601]"
80,1,-4.0901,-5.5988,0.197,153,407,16,0,0.854,70,0.00,1619,416.03,0,0,10.897(13.621%)(0.000m),18.358(16.198%)(0.000m),37.524(33.109%)(1.878m),82.000(72.353%)(6.643m),65.000(81.250%)(4.821m),10.505(26.262%)(0.054m),40.000(100.000%)(3.214m),2747.649,6123.904,61.6,1.3171,"[0.958, 1.095, 0.769, 0.862, 1.152, 0.626]","[2.683, 2.515, 2.351, 2.294, 2.675, 2.299]","[-5.344, -5.575, -5.333, -5.527, -5.424, -5.592]"
81,1,-7.3586,-5.6480,0.184,228,558,19,0,0.852,75,0.00,1642,616.80,0,0,12.569(15.712%)(0.000m),25.986(22.929%)(0.641m),73.959(65.258%)(5.781m),89.000(78.530%)(7.393m),43.832(54.790%)(2.553m),9.807(24.516%)(0.000m),31.779(79.448%)(2.333m),4645.560,8559.720,56.6,1.3657,"[1.559, 0.756, 0.101, 1.648, 0.918, -0.030]","[3.287, 2.219, 2.054, 2.873, 2.425, 2.189]","[-0.417, -3.592, -5.444, 0.012, -3.232, -6.412]"
82,1,-5.0475,-5.6467,0.209,82,211,14,0,0.850,55,0.00,1651,278.56,0,0,9.917(12.397%)(0.000m),14.164(12.498%)(0.000m),21.915(19.337%)(0.205m),56.980(50.277%)(3.962m),76.230(95.288%)(6.025m),12.391(30.978%)(0.256m),40.000(100.000%)(3.214m),4503.360,9155.386,59.6,0.0000,"[0.401, 0.024, -0.374, 0.362, 0.217, -0.486]","[1.987, 1.946, 2.137, 1.768, 2.348, 2.256]","[-5.224, -5.512, -5.536, -5.646, -5.497, -5.845]"
83,1,-6.7464,-5.6619,0.219,258,633,20,0,0.849,80,0.00,1677,713.26,0,0,47.177(58.971%)(2.912m),69.000(60.883%)(5.250m),26.679(23.540%)(0.716m),15.533(13.705%)(0.000m),10.133(12.666%)(0.000m),34.429(86.074%)(2.617m),11.176(27.941%)(0.126m),4083.486,6679.021,56.7,1.2355,"[0.757, 0.930, 1.121, 0.838, 1.116, 1.174]","[2.404, 2.958, 3.203, 2.560, 3.502, 3.479]","[-5.125, -5.642, -6.504, -4.864, -6.096, -6.401]"
84,1,-4.1894,-5.6254,0.224,189,530,4,22,0.847,80,0.00,1696,521.19,0,0,19.000(23.750%)(0.000m),18.000(15.882%)(0.000m),35.000(30.882%)(1.607m),66.164(58.380%)(4.946m),31.946(39.932%)(1.280m),40.000(100.000%)(3.214m),22.797(56.991%)(1.371m),2255.233,6100.139,64.9,1.2447,"[1.143, 0.790, 0.450, 0.882, 0.788, 0.129]","[2.218, 2.508, 2.264, 2.319, 2.526, 2.147]","[-6.121, -6.909, -8.620, -6.175, -6.373, -9.998]"
85,1,-5.4012,-5.6283,0.222,221,554,16,0,0.845,75,0.00,1719,609.49,0,0,66.000(82.500%)(4.929m),80.000(70.588%)(6.429m),32.469(28.649%)(1.336m),17.096(15.085%)(0.000m),10.529(13.161%)(0.000m),40.000(100.000%)(3.214m),10.658(26.645%)(0.071m),4164.234,7210.818,58.1,1.2401,"[1.186, 1.538, 1.930, 1.260, 1.769, 1.981]","[2.738, 3.026, 3.401, 2.872, 3.360, 3.356]","[-4.915, -5.296, -5.726, -4.783, -5.619, -5.653]"
86,1,-4.8574,-5.6313,0.221,109,271,18,0,0.844,60,0.00,1730,275.39,0,0,77.786(97.233%)(6.191m),97.512(86.040%)(8.305m),24.849(21.925%)(0.519m),14.817(13.074%)(0.000m),9.813(12.267%)(0.000m),40.000(100.000%)(3.214m),11.094(27.736%)(0.117m),5119.679,8533.497,57.5,1.2474,"[0.469, 0.816, 1.060, 0.562, 1.001, 1.091]","[2.482, 2.922, 3.103, 2.657, 3.149, 3.210]","[-5.291, -5.721, -7.165, -5.014, -6.230, -7.011]"
87,1,-4.1997,-5.5556,0.184,169,439,22,0,0.842,75,0.00,1747,434.79,0,0,69.000(86.250%)(5.250m),91.000(80.294%)(7.607m),52.809(46.596%)(3.515m),21.018(18.545%)(0.109m),11.462(14.328%)(0.000m),40.000(100.000%)(3.214m),10.014(25.036%)(0.002m),6761.655,9529.797,60.1,1.2130,"[0.590, 1.349, 1.968, 0.594, 1.586, 1.821]","[2.947, 2.989, 3.103, 2.594, 3.191, 2.935]","[-4.793, -4.436, -4.513, -4.742, -4.993, -4.679]"
88,1,-3.9821,-5.5366,0.208,128,325,17,0,0.840,65,0.00,1760,332.35,0,0,77.786(97.233%)(6.191m),97.000(85.588%)(8.250m),25.551(22.545%)(0.595m),14.876(13.126%)(0.000m),9.705(12.131%)(0.000m),40.000(100.000%)(3.214m),10.704(26.760%)(0.075m),3913.733,6891.634,58.7,0.0000,"[0.138, 0.533, 1.215, 0.293, 0.826, 1.301]","[2.103, 2.538, 2.830, 2.244, 2.924, 3.053]","[-5.515, -5.386, -6.478, -5.062, -6.031, -6.363]"
89,1,-5.3787,-5.5153,0.193,136,331,24,0,0.838,65,0.00,1774,364.13,0,0,10.127(12.659%)(0.000m),15.769(13.914%)(0.000m),27.793(24.523%)(0.835m),103.000(90.883%)(8.893m),67.688(84.610%)(5.109m),10.899(27.247%)(0.096m),40.000(100.000%)(3.214m),4574.173,9176.620,56.4,1.2193,"[1.159, 0.994, 0.726, 1.337, 1.180, 0.736]","[2.911, 2.968, 2.491, 3.082, 3.152, 2.583]","[-6.105, -5.679, -5.627, -6.123, -5.652, -5.377]"
90,1,-5.1372,-5.4575,0.173,77,195,12,0,0.837,50,0.00,1782,232.34,0,0,78.639(98.299%)(6.283m),113.333(100.000%)(10.000m),64.560(56.965%)(4.774m),24.026(21.199%)(0.431m),12.139(15.174%)(0.000m),40.000(100.000%)(3.214m),9.839(24.598%)(0.000m),5397.691,9219.998,58.7,1.4768,"[-1.531, -0.838, 0.280, -1.371, -0.528, 0.406]","[2.100, 2.691, 2.780, 2.286, 2.960, 2.810]","[-5.761, -5.201, -4.464, -5.374, -5.066, -4.101]"
91,1,-6.3974,-5.4925,0.187,91,227,18,0,0.835,55,0.00,1792,268.61,0,0,10.893(13.617%)(0.000m),18.010(15.891%)(0.000m),35.420(31.253%)(1.652m),113.333(100.000%)(10.000m),77.067(96.334%)(6.114m),10.761(26.903%)(0.082m),40.000(100.000%)(3.214m),6775.218,9384.503,57.6,0.0000,"[0.775, 0.416, -0.182, 0.926, 0.494, -0.371]","[2.698, 2.442, 2.157, 2.553, 2.563, 2.224]","[-5.529, -5.472, -5.521, -5.579, -5.457, -5.791]"
92,1,-3.6301,-5.4217,0.200,347,871,21,0,0.833,85,0.00,1827,949.67,0,0,35.000(43.750%)(1.607m),49.000(43.235%)(3.107m),51.164(45.145%)(3.339m),21.023(18.550%)(0.110m),11.598(14.498%)(0.000m),40.000(100.000%)(3.214m),10.259(25.648%)(0.028m),2801.254,7659.845,58.1,1.2788,"[1.379, 1.782, 1.728, 1.522, 2.076, 1.761]","[3.764, 4.168, 3.364, 4.090, 4.629, 3.444]","[-5.517, -5.655, -6.362, -5.314, -5.808, -6.027]"
93,1,-4.9195,-5.4156,0.171,105,286,14,0,0.832,65,0.00,1838,295.51,0,0,10.598(13.248%)(0.000m),16.636(14.679%)(0.000m),29.725(26.228%)(1.042m),95.000(83.824%)(8.036m),77.067(96.334%)(6.114m),11.267(28.167%)(0.136m),40.000(100.000%)(3.214m),3572.132,6607.592,63.0,1.1248,"[1.109, 0.886, 0.369, 1.027, 0.860, 0.126]","[2.952, 2.748, 2.403, 2.459, 2.941, 2.426]","[-5.480, -4.887, -5.308, -5.791, -5.200, -5.786]"
94,1,-4.5476,-5.3468,0.187,199,507,68,0,0.830,75,0.00,1858,548.95,0,0,11.320(14.150%)(0.000m),20.756(18.314%)(0.081m),52.152(46.016%)(3.445m),100.000(88.236%)(8.571m),64.000(80.000%)(4.714m),9.890(24.724%)(0.000m),40.000(100.000%)(3.214m),2880.562,7662.757,59.0,1.4581,"[2.162, 1.810, 0.435, 2.011, 1.491, 0.042]","[3.471, 2.901, 2.630, 3.130, 3.096, 2.747]","[-3.287, -5.057, -5.931, -3.014, -4.890, -6.670]"
95,1,-5.8887,-5.3848,0.173,227,560,19,0,0.828,75,0.00,1881,619.48,0,0,77.000(96.250%)(6.107m),83.000(73.236%)(6.750m),79.082(69.779%)(6.330m),26.249(23.161%)(0.670m),12.696(15.871%)(0.000m),40.000(100.000%)(3.214m),9.906(24.765%)(0.000m),4740.812,9698.032,57.1,1.2825,"[0.974, 1.942, 2.074, 1.318, 2.348, 2.179]","[3.520, 3.763, 3.451, 3.652, 4.163, 3.559]","[-6.435, -5.245, -4.297, -5.510, -4.674, -3.669]"
96,1,-3.4658,-5.3339,0.178,138,355,18,0,0.827,65,0.00,1895,370.96,0,0,9.342(11.677%)(0.000m),13.900(12.265%)(0.000m),22.799(20.116%)(0.300m),78.163(68.968%)(6.232m),67.647(84.559%)(5.105m),10.826(27.064%)(0.088m),40.000(100.000%)(3.214m),3020.529,6349.023,59.6,1.1287,"[0.871, 0.658, 0.423, 0.946, 0.813, 0.402]","[2.245, 2.578, 2.300, 2.309, 2.813, 2.471]","[-5.660, -5.812, -5.199, -5.700, -5.341, -5.491]"
97,1,-7.2435,-5.3103,0.176,268,724,5,59,0.825,85,0.00,1922,735.01,0,0,12.000(15.000%)(0.000m),21.000(18.529%)(0.107m),80.000(70.588%)(6.429m),60.677(53.539%)(4.358m),31.136(38.920%)(1.193m),11.000(27.500%)(0.107m),22.222(55.554%)(1.309m),1231.435,5687.591,62.5,1.2997,"[1.295, 1.399, 1.300, 1.266, 1.551, 1.124]","[2.874, 2.438, 2.607, 3.048, 2.613, 2.461]","[0.105, -1.884, -7.358, 0.068, -1.994, -8.643]"
98,1,-6.7315,-5.3262,0.195,64,154,20,0,0.823,45,0.00,1929,173.77,0,0,78.639(98.299%)(6.283m),48.416(42.720%)(3.045m),19.894(17.553%)(0.000m),13.080(11.541%)(0.000m),9.277(11.596%)(0.000m),40.000(100.000%)(3.214m),11.890(29.725%)(0.202m),8692.071,11411.530,55.5,0.0000,"[-1.313, -0.633, -0.234, -1.053, -0.447, -0.163]","[2.074, 2.783, 2.587, 2.292, 3.053, 2.467]","[-6.393, -6.214, -6.097, -6.082, -6.355, -5.851]"
99,1,-7.1613,-5.3439,0.201,153,370,37,0,0.822,65,0.00,1945,405.83,0,0,11.634(14.543%)(0.000m),21.852(19.281%)(0.198m),56.587(49.930%)(3.920m),103.000(90.883%)(8.893m),77.067(96.334%)(6.114m),9.915(24.788%)(0.000m),40.000(100.000%)(3.214m),8820.952,11289.461,55.9,1.3056,"[1.992, 2.110, 0.996, 2.031, 1.937, 0.666]","[3.169, 3.219, 3.173, 3.046, 3.100, 3.041]","[-3.571, -5.298, -5.563, -3.269, -4.960, -6.266]"
100,1,-3.6064,-5.3282,0.186,135,360,15,0,0.820,70,0.00,1959,375.26,0,0,12.128(15.160%)(0.000m),23.366(20.617%)(0.361m),63.708(56.213%)(4.683m),94.000(82.941%)(7.929m),77.000(96.250%)(6.107m),10.081(25.202%)(0.009m),40.000(100.000%)(3.214m),5334.566,7524.586,61.7,1.4108,"[1.649, 1.477, 0.546, 1.478, 1.285, 0.139]","[2.542, 3.076, 2.653, 2.295, 2.967, 2.315]","[-3.362, -4.813, -5.475, -3.288, -4.740, -6.193]"
101,1,-4.1037,-5.2647,0.184,122,319,17,0,0.819,65,0.00,1972,356.67,0,0,77.786(97.233%)(6.191m),99.000(87.353%)(8.464m),50.018(44.133%)(3.216m),20.552(18.134%)(0.059m),11.338(14.173%)(0.000m),40.000(100.000%)(3.214m),10.029(25.073%)(0.003m),3346.197,5762.243,60.6,1.5829,"[-0.325, 0.580, 1.736, -0.184, 0.847, 1.817]","[2.297, 2.476, 3.543, 2.431, 2.759, 4.128]","[-5.183, -5.244, -5.709, -4.984, -5.411, -5.454]"
102,1,-5.3586,-5.2661,0.175,146,361,16,0,0.817,65,0.00,1987,401.23,0,0,11.021(13.776%)(0.000m),18.748(16.542%)(0.000m),39.126(34.523%)(2.049m),96.000(84.706%)(8.143m),64.690(80.862%)(4.788m),10.494(26.236%)(0.053m),40.000(100.000%)(3.214m),4018.151,7129.976,57.2,1.4273,"[1.027, 0.397, 0.179, 1.239, 0.793, 0.309]","[3.098, 2.390, 2.322, 3.252, 2.658, 2.436]","[-5.087, -5.465, -5.570, -4.738, -5.085, -5.271]"
103,1,-5.4103,-5.2987,0.167,209,520,17,0,0.815,75,0.00,2008,570.43,0,0,11.522(14.403%)(0.000m),20.885(18.428%)(0.095m),50.829(44.849%)(3.303m),82.000(72.353%)(6.643m),64.690(80.862%)(4.788m),10.192(25.480%)(0.021m),40.000(100.000%)(3.214m),5036.822,8527.037,57.6,1.4028,"[1.577, 1.482, 1.213, 1.643, 1.651, 1.192]","[2.867, 2.726, 2.812, 2.611, 2.873, 2.872]","[-4.447, -5.458, -5.384, -4.126, -5.062, -5.735]"
104,1,-2.2819,-5.2271,0.245,149,409,15,0,0.814,75,0.00,2023,406.90,0,0,58.000(72.500%)(4.071m),51.521(45.460%)(3.377m),20.505(18.093%)(0.054m),13.369(11.796%)(0.000m),9.421(11.776%)(0.000m),40.000(100.000%)(3.214m),11.922(29.805%)(0.206m),1390.822,4575.333,63.5,1.3592,"[0.667, 0.842, 0.928, 0.611, 0.878, 0.818]","[2.464, 2.577, 2.269, 2.580, 2.723, 2.255]","[-4.918, -5.120, -6.180, -5.340, -5.545, -6.112]"
105,1,-4.4712,-5.2080,0.261,108,279,15,0,0.812,60,0.00,2034,305.28,0,0,78.639(98.299%)(6.283m),111.000(97.941%)(9.750m),51.113(45.100%)(3.334m),21.002(18.531%)(0.107m),11.586(14.483%)(0.000m),40.000(100.000%)(3.214m),10.249(25.622%)(0.027m),5319.269,7154.628,59.9,1.4347,"[0.005, 0.941, 1.612, 0.157, 1.305, 1.710]","[2.405, 2.534, 3.744, 2.385, 2.833, 4.384]","[-5.374, -4.979, -5.237, -5.204, -5.014, -4.959]"
106,1,-3.8636,-5.1310,0.215,178,448,20,0,0.810,70,0.00,2052,498.19,0,0,65.809(82.262%)(4.908m),83.000(73.236%)(6.750m),45.403(40.062%)(2.722m),19.763(17.438%)(0.000m),11.148(13.935%)(0.000m),40.000(100.000%)(3.214m),10.107(25.267%)(0.011m),3007.811,6334.544,58.2,1.7715,"[0.444, 0.989, 1.302, 0.609, 1.296, 1.410]","[2.421, 2.588, 3.130, 2.370, 2.821, 3.578]","[-5.672, -5.394, -6.031, -5.083, -5.371, -5.683]"
107,1,-2.5146,-5.0390,0.165,195,485,15,0,0.809,75,0.00,2072,545.27,0,0,10.199(12.748%)(0.000m),16.009(14.125%)(0.000m),28.604(25.239%)(0.922m),85.000(75.000%)(6.964m),67.633(84.541%)(5.103m),10.842(27.105%)(0.090m),40.000(100.000%)(3.214m),4281.986,6754.968,57.6,1.4265,"[1.697, 1.486, 1.084, 1.766, 1.667, 1.106]","[3.022, 2.993, 2.417, 2.920, 2.854, 2.445]","[-6.062, -5.471, -5.509, -5.826, -5.248, -5.196]"
108,1,-3.5372,-4.9492,0.169,186,480,16,0,0.807,75,0.00,2091,515.10,0,0,65.000(81.250%)(4.821m),81.000(71.471%)(6.536m),50.830(44.850%)(3.303m),20.885(18.428%)(0.095m),11.522(14.403%)(0.000m),40.000(100.000%)(3.214m),10.192(25.480%)(0.021m),2857.944,6730.488,59.7,1.3753,"[0.598, 1.000, 1.742, 0.697, 1.276, 1.817]","[2.741, 2.968, 3.339, 2.716, 3.151, 3.519]","[-5.485, -4.951, -5.697, -5.039, -5.258, -5.796]"
109,1,-6.6912,-4.9390,0.176,111,275,20,0,0.806,60,0.00,2103,307.41,0,0,78.639(98.299%)(6.283m),108.000(95.294%)(9.429m),34.793(30.700%)(1.585m),17.691(15.610%)(0.000m),10.701(13.376%)(0.000m),40.000(100.000%)(3.214m),10.571(26.427%)(0.061m),5215.821,7797.345,57.3,1.7380,"[0.171, 0.577, 1.136, 0.347, 0.894, 1.280]","[2.804, 3.445, 3.475, 2.952, 3.667, 3.800]","[-5.437, -5.385, -6.335, -5.221, -5.381, -6.339]"
110,1,-4.1434,-4.9183,0.163,110,285,19,0,0.804,60,0.00,2114,289.16,0,0,77.786(97.233%)(6.191m),104.000(91.765%)(9.000m),33.228(29.319%)(1.417m),17.200(15.177%)(0.000m),10.499(13.123%)(0.000m),40.000(100.000%)(3.214m),10.499(26.247%)(0.053m),3276.040,7233.243,59.9,1.2668,"[0.413, 0.792, 1.321, 0.522, 1.088, 1.325]","[2.466, 2.797, 3.377, 2.610, 2.997, 3.447]","[-5.006, -5.122, -6.376, -4.945, -5.298, -6.703]"
111,1,-8.8556,-4.9824,0.156,293,743,99,0,0.802,85,0.00,2144,756.49,0,0,9.569(11.962%)(0.000m),14.449(12.749%)(0.000m),24.231(21.380%)(0.453m),40.545(35.775%)(2.201m),19.416(24.270%)(0.000m),10.818(27.046%)(0.088m),13.733(34.333%)(0.400m),1134.545,5254.412,58.7,1.3615,"[0.878, 1.429, 1.529, 1.032, 1.742, 1.641]","[4.081, 4.347, 3.912, 4.261, 4.637, 4.015]","[-6.117, -6.357, -5.447, -5.908, -5.371, -5.470]"
112,1,-5.5053,-5.0072,0.162,106,256,20,0,0.801,55,0.00,2155,299.68,0,0,77.786(97.233%)(6.191m),57.686(50.899%)(4.038m),20.547(18.130%)(0.059m),13.040(11.506%)(0.000m),9.010(11.263%)(0.000m),40.000(100.000%)(3.214m),10.977(27.443%)(0.105m),6757.617,9669.529,56.0,1.3672,"[-0.080, 0.372, 0.780, 0.138, 0.676, 0.850]","[2.389, 2.823, 2.766, 2.540, 3.109, 2.724]","[-5.905, -5.354, -5.712, -5.344, -5.270, -6.149]"
113,1,-8.4466,-5.0786,0.169,361,869,43,0,0.799,85,0.00,2192,1061.44,0,0,10.576(13.220%)(0.000m),17.327(15.288%)(0.000m),33.473(29.535%)(1.444m),66.000(58.235%)(4.929m),47.331(59.164%)(2.928m),10.576(26.440%)(0.062m),34.430(86.075%)(2.617m),5478.480,9180.772,55.7,1.4044,"[2.101, 2.128, 1.575, 2.219, 2.255, 1.530]","[3.291, 3.391, 2.877, 3.237, 3.659, 2.837]","[-5.532, -5.319, -5.572, -5.261, -5.083, -5.805]"
114,1,-7.7535,-5.1267,0.150,482,1218,111,139,0.798,95,0.00,2241,1393.19,0,0,12.701(15.877%)(0.000m),27.066(23.882%)(0.757m),34.000(30.000%)(1.500m),31.000(27.353%)(1.179m),16.573(20.717%)(0.000m),9.658(24.145%)(0.000m),11.677(29.192%)(0.180m),791.483,5940.065,58.5,1.4210,"[0.406, 0.481, 0.542, 0.527, 0.614, 0.632]","[3.853, 3.996, 3.428, 4.019, 4.278, 3.530]","[-6.590, -4.681, -6.896, -5.172, -4.192, -8.087]"
115,1,-5.3523,-5.1470,0.173,84,211,17,0,0.796,55,0.00,2250,238.37,0,0,10.929(13.662%)(0.000m),17.906(15.799%)(0.000m),34.591(30.522%)(1.563m),113.333(100.000%)(10.000m),77.067(96.334%)(6.114m),10.929(27.324%)(0.100m),40.000(100.000%)(3.214m),5572.825,8196.854,58.0,1.3924,"[0.675, -0.320, -0.842, 0.858, 0.188, -0.654]","[2.678, 2.721, 2.462, 2.633, 2.992, 2.662]","[-5.505, -5.246, -5.734, -5.431, -5.008, -5.615]"
116,1,-4.9939,-5.1429,0.168,116,298,17,0,0.794,65,0.00,2262,332.28,0,0,10.961(13.701%)(0.000m),19.025(16.787%)(0.000m),41.542(36.655%)(2.308m),108.000(95.294%)(9.429m),76.230(95.288%)(6.025m),10.185(25.462%)(0.020m),40.000(100.000%)(3.214m),4070.791,7978.538,59.5,1.2517,"[1.476, 1.412, 0.681, 1.528, 1.491, 0.650]","[2.835, 3.157, 2.749, 2.758, 3.083, 2.660]","[-5.408, -5.223, -5.392, -5.186, -5.164, -5.339]"
117,1,-5.8647,-5.2051,0.167,174,448,16,0,0.793,75,0.00,2280,491.95,0,0,10.743(13.429%)(0.000m),18.276(16.126%)(0.000m),38.141(33.654%)(1.944m),89.000(78.530%)(7.393m),52.490(65.613%)(3.481m),10.230(25.576%)(0.025m),38.174(95.434%)(3.019m),2936.771,6437.055,59.6,1.4104,"[1.771, 1.000, 0.398, 1.766, 1.216, 0.433]","[2.773, 2.867, 2.649, 2.720, 3.163, 2.814]","[-5.265, -5.243, -5.318, -5.031, -4.822, -5.646]"
118,1,-5.6953,-5.2402,0.158,162,390,20,0,0.791,65,0.00,2297,457.76,0,0,63.162(78.952%)(4.624m),42.616(37.602%)(2.423m),18.549(16.367%)(0.000m),12.394(10.936%)(0.000m),8.901(11.126%)(0.000m),40.000(100.000%)(3.214m),11.706(29.264%)(0.183m),5193.737,9741.356,55.7,1.2760,"[1.122, 1.447, 1.409, 1.248, 1.641, 1.452]","[2.619, 3.059, 3.107, 2.751, 3.226, 3.249]","[-5.624, -5.482, -5.628, -5.269, -5.444, -6.062]"
119,1,1.1546,-5.1689,0.170,430,1082,38,0,0.790,90,0.00,2340,1209.39,0,0,12.668(15.835%)(0.000m),26.191(23.110%)(0.663m),56.000(49.412%)(3.857m),51.000(45.000%)(3.321m),31.000(38.750%)(1.179m),9.884(24.710%)(0.000m),25.000(62.500%)(1.607m),1885.231,5171.917,58.2,1.2547,"[1.114, 1.003, 0.798, 1.159, 1.033, 0.742]","[2.611, 2.998, 2.557, 2.697, 3.261, 2.547]","[-2.537, -5.323, -6.166, -2.088, -4.781, -6.556]"
120,1,-5.8046,-5.1826,0.151,85,208,20,0,0.788,50,0.00,2349,230.57,0,0,77.786(97.233%)(6.191m),96.086(84.782%)(8.152m),24.485(21.605%)(0.481m),14.600(12.883%)(0.000m),9.670(12.087%)(0.000m),40.000(100.000%)(3.214m),10.932(27.330%)(0.100m),6465.832,9293.645,56.6,1.4653,"[-0.604, 0.449, 0.845, -0.327, 0.691, 0.927]","[2.646, 2.960, 3.105, 2.710, 3.164, 3.588]","[-5.938, -5.295, -6.465, -5.376, -5.315, -6.855]"
121,1,-6.0017,-5.1834,0.138,157,405,18,0,0.786,70,0.00,2365,429.83,0,0,56.907(71.133%)(3.954m),87.000(76.765%)(7.179m),24.227(21.377%)(0.453m),14.447(12.747%)(0.000m),9.568(11.960%)(0.000m),40.000(100.000%)(3.214m),10.817(27.042%)(0.088m),2977.315,6843.893,59.6,1.2743,"[0.649, 0.843, 0.954, 0.707, 0.979, 0.963]","[2.552, 2.896, 2.858, 2.644, 3.054, 3.110]","[-5.900, -5.432, -7.105, -5.399, -5.845, -7.616]"
122,1,-7.7502,-5.2384,0.140,390,1027,16,97,0.785,95,0.00,2404,1048.53,0,0,18.000(22.500%)(0.000m),31.000(27.353%)(1.179m),33.352(29.428%)(1.431m),17.264(15.233%)(0.000m),10.538(13.172%)(0.000m),16.000(40.000%)(0.643m),10.538(26.344%)(0.058m),6775.218,8731.598,60.9,1.3038,"[1.068, 0.830, 0.503, 1.053, 1.010, 0.573]","[3.461, 3.296, 3.095, 3.582, 3.414, 3.018]","[-6.096, -5.355, -6.242, -5.579, -5.587, -6.807]"
123,1,-4.8234,-5.2383,0.145,92,231,17,0,0.783,55,0.00,2414,253.72,0,0,77.786(97.233%)(6.191m),113.333(100.000%)(10.000m),33.827(29.847%)(1.481m),17.510(15.450%)(0.000m),10.688(13.360%)(0.000m),40.000(100.000%)(3.214m),10.688(26.720%)(0.074m),6277.339,8969.944,58.2,1.3515,"[-0.721, -0.083, 0.451, -0.507, 0.177, 0.490]","[2.143, 2.678, 2.703, 2.382, 2.928, 2.752]","[-6.054, -5.471, -6.330, -5.404, -5.461, -6.746]"
124,1,-10.4329,-5.3546,0.146,311,754,20,0,0.782,80,0.00,2446,839.07,0,0,60.000(75.000%)(4.286m),62.000(54.706%)(4.500m),25.443(22.450%)(0.583m),14.995(13.231%)(0.000m),9.857(12.321%)(0.000m),40.000(100.000%)(3.214m),11.007(27.517%)(0.108m),2640.116,7330.000,56.1,1.4641,"[1.357, 1.563, 1.305, 1.528, 1.775, 1.417]","[3.335, 3.599, 3.147, 3.409, 3.834, 3.111]","[-5.449, -4.981, -6.669, -4.849, -5.109, -6.930]"
125,1,-5.1973,-5.3419,0.147,230,570,33,0,0.780,75,0.00,2469,639.16,0,0,11.722(14.652%)(0.000m),21.247(18.747%)(0.134m),51.710(45.627%)(3.398m),88.000(77.647%)(7.286m),57.845(72.306%)(4.055m),10.368(25.921%)(0.039m),40.000(100.000%)(3.214m),4752.543,7697.421,57.4,1.2836,"[1.567, 1.094, 0.180, 1.610, 1.131, 0.122]","[2.133, 2.438, 2.102, 2.235, 2.676, 2.108]","[-4.621, -5.814, -6.307, -4.247, -5.447, -6.573]"
126,1,-2.2620,-5.2203,0.143,375,959,140,16,0.779,90,0.00,2507,1082.00,0,0,10.000(12.500%)(0.000m),16.000(14.118%)(0.000m),89.860(79.289%)(7.485m),30.102(26.560%)(1.082m),14.138(17.672%)(0.000m),11.000(27.500%)(0.107m),9.927(24.817%)(0.000m),5650.544,8403.755,59.2,1.3220,"[0.555, 1.437, 1.624, 0.686, 1.785, 1.718]","[3.695, 3.335, 3.357, 3.786, 3.822, 3.862]","[-6.536, -4.749, -8.458, -5.420, -5.119, -9.391]"
127,1,-3.2788,-5.1498,0.151,276,765,19,63,0.777,90,0.00,2535,762.86,0,0,26.000(32.500%)(0.643m),48.000(42.353%)(3.000m),51.034(45.031%)(3.325m),20.969(18.502%)(0.104m),11.569(14.461%)(0.000m),18.000(45.000%)(0.857m),10.233(25.583%)(0.025m),1221.455,5509.456,64.2,1.3233,"[1.037, 1.147, 0.971, 0.965, 1.321, 0.969]","[2.406, 2.653, 2.119, 2.574, 2.932, 2.212]","[-5.584, -5.479, -5.107, -5.224, -5.088, -4.947]"
128,1,-4.7678,-5.2080,0.158,80,201,14,0,0.775,50,0.00,2543,229.63,0,0,78.639(98.299%)(6.283m),101.504(89.562%)(8.733m),25.866(22.823%)(0.628m),15.424(13.609%)(0.000m),10.215(12.769%)(0.000m),40.000(100.000%)(3.214m),11.548(28.871%)(0.166m),6642.195,9545.388,58.2,1.2940,"[-0.870, 0.286, 1.068, -0.785, 0.559, 1.258]","[2.585, 3.063, 3.110, 2.580, 3.298, 3.627]","[-5.836, -5.252, -6.924, -5.595, -5.655, -7.273]"
129,1,-5.6042,-5.1918,0.165,87,227,17,0,0.774,55,0.00,2552,238.42,0,0,78.639(98.299%)(6.283m),113.333(100.000%)(10.000m),36.106(31.858%)(1.726m),17.664(15.586%)(0.000m),10.485(13.107%)(0.000m),40.000(100.000%)(3.214m),10.108(25.270%)(0.012m),3961.119,6935.554,60.3,1.2842,"[-0.816, 0.179, 0.905, -0.818, 0.384, 0.911]","[2.425, 2.565, 3.431, 2.449, 2.830, 3.835]","[-5.853, -5.543, -6.591, -5.495, -5.617, -6.871]"
130,1,-4.4332,-5.1987,0.152,198,498,17,0,0.772,75,0.00,2572,567.21,0,0,59.868(74.835%)(4.272m),89.000(78.530%)(7.393m),35.979(31.747%)(1.712m),17.954(15.842%)(0.000m),10.759(13.449%)(0.000m),40.000(100.000%)(3.214m),10.499(26.248%)(0.053m),3625.633,7256.907,58.2,1.4564,"[0.796, 1.465, 1.695, 0.925, 1.690, 1.727]","[2.455, 3.036, 3.744, 2.599, 3.493, 4.026]","[-5.499, -5.413, -6.436, -5.138, -5.451, -6.706]"
131,1,-4.1764,-5.1350,0.169,389,998,72,38,0.771,90,0.00,2611,1080.04,0,0,13.000(16.250%)(0.000m),57.000(50.294%)(3.964m),99.037(87.386%)(8.468m),34.728(30.642%)(1.578m),16.402(20.502%)(0.000m),10.000(25.000%)(0.000m),11.535(28.837%)(0.164m),4264.713,9647.414,59.4,1.4173,"[1.320, 1.948, 1.798, 1.397, 2.207, 1.916]","[3.515, 3.657, 3.438, 3.598, 3.923, 3.246]","[-5.185, -1.515, -0.826, -4.371, -0.960, -1.025]"
132,1,-4.5774,-5.1256,0.156,146,379,16,0,0.769,70,0.00,2626,382.44,0,0,77.786(97.233%)(6.191m),58.495(51.614%)(4.125m),20.835(18.384%)(0.089m),13.223(11.668%)(0.000m),9.137(11.421%)(0.000m),40.000(100.000%)(3.214m),11.131(27.829%)(0.121m),2476.583,7154.354,60.0,0.0000,"[1.087, 1.273, 1.307, 1.113, 1.430, 1.381]","[3.108, 3.197, 3.669, 3.030, 3.259, 4.098]","[-5.939, -5.330, -5.884, -5.539, -5.445, -6.172]"
133,1,-5.0432,-5.0916,0.146,182,475,19,0,0.768,75,0.00,2645,482.85,0,0,10.692(13.365%)(0.000m),17.517(15.456%)(0.000m),33.840(29.859%)(1.483m),68.000(60.000%)(5.143m),59.000(73.750%)(4.179m),10.692(26.730%)(0.074m),40.000(100.000%)(3.214m),2449.634,5162.688,60.5,1.2828,"[0.796, 0.476, 0.065, 0.831, 0.606, 0.077]","[2.276, 2.485, 2.116, 2.336, 2.728, 2.172]","[-5.229, -5.166, -5.374, -4.939, -4.813, -4.956]"
134,1,-4.3136,-5.0941,0.147,203,518,19,0,0.766,75,0.00,2666,559.08,0,0,62.000(77.500%)(4.500m),66.000(58.235%)(4.929m),25.316(22.338%)(0.570m),15.096(13.320%)(0.000m),9.998(12.498%)(0.000m),40.000(100.000%)(3.214m),11.303(28.258%)(0.140m),2545.584,5045.001,59.1,1.3485,"[1.067, 1.164, 1.124, 1.158, 1.337, 1.192]","[2.558, 2.888, 3.068, 2.479, 2.926, 3.204]","[-5.392, -4.737, -5.722, -5.103, -4.880, -5.883]"
135,1,-5.6542,-5.0991,0.143,73,190,21,0,0.765,50,0.00,2674,213.78,0,0,78.639(98.299%)(6.283m),113.333(100.000%)(10.000m),43.093(38.024%)(2.474m),19.255(16.990%)(0.000m),10.978(13.722%)(0.000m),40.000(100.000%)(3.214m),10.076(25.191%)(0.008m),4513.466,7378.286,60.3,1.3304,"[-1.287, -0.634, 0.113, -1.214, -0.502, 0.144]","[2.528, 2.834, 3.115, 2.676, 3.082, 3.303]","[-5.796, -5.260, -5.740, -5.541, -5.204, -5.901]"
136,1,-4.1605,-5.0852,0.162,173,466,15,0,0.763,75,0.00,2692,488.90,0,0,54.000(67.500%)(3.643m),71.000(62.647%)(5.464m),74.368(65.619%)(5.825m),25.668(22.648%)(0.607m),12.415(15.519%)(0.000m),40.000(100.000%)(3.214m),9.686(24.216%)(0.000m),3578.915,7704.257,62.4,1.4484,"[1.040, 1.133, 1.234, 1.049, 1.260, 1.327]","[3.088, 3.217, 3.394, 3.047, 3.157, 3.210]","[-5.178, -5.048, -4.200, -5.055, -4.989, -4.232]"
137,1,-5.1947,-5.1051,0.171,224,595,26,33,0.762,80,0.00,2715,635.38,0,0,53.555(66.944%)(3.595m),104.372(92.093%)(9.040m),23.000(20.294%)(0.321m),20.000(17.647%)(0.000m),25.000(31.250%)(0.536m),38.870(97.174%)(3.093m),40.000(100.000%)(3.214m),0.000,3629.912,61.5,1.4114,"[0.452, 0.789, 0.707, 0.643, 0.693, 0.601]","[2.528, 2.979, 2.581, 2.696, 3.268, 2.681]","[-6.944, -5.585, -5.502, -5.081, -5.283, -5.250]"
138,1,-8.3706,-5.1929,0.153,144,344,19,0,0.760,65,0.00,2730,409.55,0,0,10.959(13.699%)(0.000m),17.954(15.842%)(0.000m),34.684(30.604%)(1.573m),110.000(97.059%)(9.643m),77.067(96.334%)(6.114m),10.959(27.397%)(0.103m),40.000(100.000%)(3.214m),7585.321,11049.180,55.3,1.5837,"[1.171, 0.937, 0.462, 1.275, 1.171, 0.527]","[2.432, 2.820, 2.678, 2.498, 3.096, 2.775]","[-5.538, -5.248, -5.966, -5.064, -4.917, -5.929]"
139,1,-5.5514,-5.1963,0.149,207,540,19,0,0.759,80,0.00,2751,581.44,0,0,52.000(65.000%)(3.429m),66.000(58.235%)(4.929m),42.565(37.557%)(2.418m),19.019(16.781%)(0.000m),10.843(13.554%)(0.000m),40.000(100.000%)(3.214m),9.953(24.882%)(0.000m),1817.995,5984.846,60.4,1.4147,"[1.219, 1.527, 1.587, 1.240, 1.668, 1.610]","[2.457, 3.115, 2.915, 2.587, 3.404, 3.048]","[-5.456, -5.283, -6.316, -4.998, -5.370, -6.517]"
140,1,-5.6581,-5.2067,0.141,126,312,19,0,0.757,65,0.00,2764,338.09,0,0,13.438(16.798%)(0.000m),28.793(25.406%)(0.942m),75.246(66.394%)(5.919m),112.000(98.824%)(9.857m),77.067(96.334%)(6.114m),9.698(24.245%)(0.000m),40.000(100.000%)(3.214m),5347.985,7594.987,57.3,1.3974,"[1.470, 0.838, -0.330, 1.557, 0.874, -0.485]","[2.593, 3.124, 2.564, 2.617, 3.280, 2.667]","[-0.791, -4.942, -6.435, -0.388, -4.421, -7.248]"
141,1,-5.7610,-5.1940,0.153,80,195,18,0,0.756,50,0.00,2772,229.79,0,0,10.445(13.057%)(0.000m),17.112(15.099%)(0.000m),33.059(29.170%)(1.399m),113.333(100.000%)(10.000m),77.067(96.334%)(6.114m),10.445(26.113%)(0.048m),40.000(100.000%)(3.214m),8255.410,10757.799,56.4,1.3614,"[0.444, -1.088, -1.889, 0.502, -0.655, -1.661]","[2.260, 2.777, 2.487, 2.312, 2.914, 2.541]","[-5.403, -5.422, -5.838, -5.013, -4.924, -5.787]"
142,1,-5.1011,-5.2234,0.152,247,636,68,0,0.754,80,0.00,2797,673.40,0,0,12.704(15.880%)(0.000m),26.264(23.174%)(0.671m),74.366(65.618%)(5.825m),77.000(67.941%)(6.107m),47.000(58.750%)(2.893m),9.911(24.778%)(0.000m),40.000(100.000%)(3.214m),3071.298,5789.624,59.6,1.2969,"[1.251, 0.597, -0.470, 1.324, 0.555, -0.609]","[2.250, 2.616, 2.155, 2.353, 2.909, 2.263]","[-0.670, -4.322, -5.861, -0.530, -3.855, -6.626]"
143,1,-4.8712,-5.2225,0.144,140,340,19,0,0.753,65,0.00,2811,364.01,0,0,10.031(12.539%)(0.000m),15.145(13.364%)(0.000m),25.399(22.411%)(0.578m),99.673(87.947%)(8.536m),64.766(80.957%)(4.796m),11.340(28.350%)(0.144m),40.000(100.000%)(3.214m),6928.991,10274.166,56.3,1.2153,"[1.100, 0.895, 0.560, 1.186, 1.183, 0.663]","[2.427, 3.104, 2.546, 2.571, 3.319, 2.623]","[-5.915, -5.359, -5.670, -5.339, -5.101, -5.811]"
144,1,-4.4963,-5.2214,0.171,124,312,20,0,0.751,65,0.00,2824,366.18,0,0,11.882(14.853%)(0.000m),22.599(19.940%)(0.278m),59.535(52.531%)(4.236m),106.000(93.530%)(9.214m),67.589(84.486%)(5.099m),10.001(25.002%)(0.000m),40.000(100.000%)(3.214m),4278.105,6460.247,58.3,1.3681,"[1.182, 0.174, -0.901, 1.326, 0.286, -0.987]","[2.302, 2.922, 2.480, 2.442, 3.201, 2.607]","[-4.586, -5.717, -5.823, -4.394, -5.620, -6.069]"
145,1,-1.9823,-5.1433,0.152,281,711,47,0,0.750,85,0.00,2853,797.32,0,0,46.000(57.500%)(2.786m),67.000(59.118%)(5.036m),83.000(73.236%)(6.750m),25.257(22.286%)(0.563m),12.401(15.501%)(0.000m),40.000(100.000%)(3.214m),9.800(24.500%)(0.000m),2110.762,6290.968,58.5,1.2085,"[0.431, 1.615, 1.561, 0.603, 1.862, 1.668]","[3.408, 3.333, 2.697, 3.582, 3.799, 2.856]","[-6.485, -5.649, -6.107, -5.222, -4.900, -5.665]"
146,1,8.2081,-4.9098,0.162,402,1121,118,0,0.748,100,0.68,2894,1170.61,1,1,44.000(55.000%)(2.571m),67.000(59.118%)(5.036m),77.000(67.941%)(6.107m),33.493(29.553%)(1.446m),15.680(19.599%)(0.000m),30.000(75.000%)(2.143m),11.001(27.502%)(0.107m),1862.392,5658.076,64.5,1.4213,"[0.943, 1.748, 1.872, 0.972, 1.836, 1.693]","[3.320, 3.237, 3.303, 3.443, 3.269, 2.965]","[-5.009, -3.362, 0.640, -4.275, -2.997, 0.408]"
147,2,-6.4835,-4.8946,0.144,92,223,18,0,0.747,40,0.68,2904,298.42,0,0,78.639(98.299%)(6.283m),113.333(100.000%)(10.000m),35.463(31.291%)(1.657m),17.696(15.614%)(0.000m),10.605(13.256%)(0.000m),40.000(100.000%)(3.214m),10.348(25.871%)(0.037m),7108.312,18281.736,56.1,1.3320,"[-1.347, 0.337, 1.380, -1.110, 0.618, 1.653]","[2.111, 3.049, 3.167, 2.265, 3.435, 3.834]","[-5.583, -5.228, -5.498, -5.238, -4.953, -5.613]"
148,2,-5.2417,-4.8648,0.153,180,483,16,0,0.745,60,0.68,2922,599.00,0,0,40.070(50.088%)(2.150m),29.661(26.172%)(1.035m),15.354(13.548%)(0.000m),10.857(9.580%)(0.000m),8.170(10.212%)(0.000m),28.982(72.454%)(2.034m),11.943(29.858%)(0.208m),1310.727,7647.312,62.1,1.5103,"[0.331, 0.396, 0.261, 0.398, 0.472, 0.167]","[2.214, 2.466, 2.073, 2.311, 2.772, 2.147]","[-5.450, -5.253, -6.270, -5.039, -5.620, -6.902]"
149,2,-2.7823,-4.7772,0.158,183,459,17,0,0.744,55,0.67,2941,631.36,0,0,9.922(12.402%)(0.000m),15.835(13.972%)(0.000m),29.131(25.704%)(0.978m),88.000(77.647%)(7.286m),67.662(84.577%)(5.107m),10.292(25.731%)(0.031m),40.000(100.000%)(3.214m),3162.678,9384.958,58.0,1.4680,"[1.192, 0.962, 0.483, 1.240, 1.133, 0.522]","[2.161, 2.567, 2.132, 2.239, 2.938, 2.232]","[-5.855, -4.982, -5.268, -5.466, -5.032, -5.488]"
150,2,-3.4997,-4.7751,0.146,280,764,44,23,0.742,75,0.67,2969,891.35,0,0,23.000(28.750%)(0.321m),39.000(34.412%)(2.036m),50.617(44.662%)(3.280m),20.798(18.351%)(0.085m),11.474(14.342%)(0.000m),25.000(62.500%)(1.607m),10.149(25.373%)(0.016m),3280.331,8507.519,63.2,1.2412,"[0.060, 1.038, 1.478, 0.067, 1.201, 1.546]","[3.165, 3.371, 3.492, 3.369, 3.690, 4.158]","[-5.881, -5.568, -5.791, -5.520, -5.649, -6.027]"
151,2,-6.0056,-4.8131,0.149,294,751,93,24,0.741,70,0.66,2999,932.91,0,0,18.302(22.878%)(0.000m),20.000(17.647%)(0.000m),21.000(18.529%)(0.107m),26.000(22.941%)(0.643m),56.284(70.355%)(3.888m),12.911(32.277%)(0.312m),40.000(100.000%)(3.214m),0.000,10427.245,59.1,1.1059,"[0.314, 0.478, -0.136, 0.492, 0.346, -0.328]","[2.231, 2.855, 2.098, 2.254, 3.152, 2.163]","[-7.559, -5.497, -5.897, -7.425, -5.509, -5.827]"
152,2,-0.7152,-4.7203,0.153,246,634,16,0,0.739,65,0.66,3024,828.85,0,0,44.000(55.000%)(2.571m),51.000(45.000%)(3.321m),26.824(23.669%)(0.731m),15.220(13.429%)(0.000m),9.774(12.218%)(0.000m),40.000(100.000%)(3.214m),10.519(26.298%)(0.056m),1412.427,5608.755,59.7,1.3979,"[0.716, 1.000, 1.157, 0.725, 1.118, 1.093]","[2.297, 2.841, 2.500, 2.418, 3.045, 2.501]","[-5.623, -5.132, -6.285, -5.315, -5.376, -6.757]"
153,2,-3.9207,-4.6905,0.153,292,742,31,45,0.738,70,0.65,3054,994.05,0,0,25.000(31.250%)(0.536m),30.000(26.471%)(1.071m),47.000(41.471%)(2.893m),97.736(86.237%)(8.329m),47.767(59.709%)(2.975m),40.000(100.000%)(3.214m),34.954(87.385%)(2.674m),948.095,5419.403,58.8,1.3153,"[1.213, 0.347, -0.643, 1.221, 0.649, -0.459]","[2.255, 2.820, 2.272, 2.294, 3.068, 2.474]","[-0.516, -4.907, -8.446, -0.458, -3.774, -7.927]"
154,2,-4.5347,-4.7355,0.171,230,567,21,0,0.736,65,0.65,3077,758.43,0,0,75.000(93.750%)(5.893m),84.000(74.118%)(6.857m),81.327(71.760%)(6.571m),26.052(22.987%)(0.648m),12.601(15.752%)(0.000m),40.000(100.000%)(3.214m),9.832(24.579%)(0.000m),3738.067,12800.103,57.1,1.1329,"[1.110, 1.737, 1.961, 1.302, 1.988, 2.178]","[3.337, 3.705, 3.477, 3.550, 3.962, 3.768]","[-6.794, -6.131, -5.129, -5.475, -5.207, -4.053]"
155,2,-2.1812,-4.6897,0.183,200,504,21,0,0.735,60,0.65,3097,666.41,0,0,65.877(82.346%)(4.915m),78.000(68.824%)(6.214m),49.546(43.717%)(3.166m),20.358(17.963%)(0.038m),11.231(14.039%)(0.000m),40.000(100.000%)(3.214m),9.934(24.836%)(0.000m),3117.056,10287.084,58.4,1.3545,"[0.039, 1.220, 1.527, 0.165, 1.430, 1.660]","[2.213, 3.592, 3.299, 2.340, 3.850, 4.027]","[-6.297, -5.919, -5.763, -5.230, -5.314, -5.645]"
156,2,-4.8099,-4.7087,0.187,90,224,17,0,0.733,40,0.64,3106,287.73,0,0,8.845(11.056%)(0.000m),12.471(11.004%)(0.000m),18.968(16.737%)(0.000m),46.164(40.733%)(2.803m),67.647(84.559%)(5.105m),11.337(28.342%)(0.143m),40.000(100.000%)(3.214m),5304.735,12042.621,57.6,1.1376,"[0.198, -0.352, -0.713, 0.337, 0.006, -0.610]","[1.949, 2.584, 2.244, 2.204, 2.933, 2.507]","[-5.373, -5.188, -5.196, -5.110, -4.878, -5.563]"
157,2,-4.5240,-4.7489,0.157,138,342,21,0,0.732,50,0.64,3120,428.06,0,0,65.974(82.468%)(4.926m),110.000(97.059%)(9.643m),50.076(44.185%)(3.222m),20.575(18.155%)(0.062m),11.351(14.189%)(0.000m),40.000(100.000%)(3.214m),10.041(25.102%)(0.004m),5989.585,13614.859,57.3,1.1399,"[0.106, 1.586, 1.719, 0.223, 1.806, 1.813]","[2.271, 2.952, 3.347, 2.365, 3.421, 3.805]","[-5.646, -5.373, -5.489, -5.181, -5.100, -5.376]"
158,2,-6.7699,-4.8135,0.152,236,606,21,0,0.730,65,0.63,3144,758.38,0,0,47.185(58.981%)(2.913m),61.000(53.824%)(4.393m),51.431(45.380%)(3.368m),21.132(18.646%)(0.121m),11.658(14.573%)(0.000m),34.363(85.908%)(2.610m),10.312(25.781%)(0.033m),1981.197,8049.683,59.4,1.2647,"[0.108, 0.740, 0.919, 0.217, 0.947, 0.996]","[2.207, 2.926, 2.704, 2.195, 3.058, 3.164]","[-5.789, -5.142, -5.359, -5.003, -4.884, -5.436]"
159,2,-4.5293,-4.7703,0.172,278,749,134,17,0.729,75,0.63,3172,915.10,0,0,12.000(15.000%)(0.000m),21.000(18.529%)(0.107m),113.333(100.000%)(10.000m),35.426(31.258%)(1.653m),16.638(20.798%)(0.000m),11.000(27.500%)(0.107m),11.679(29.197%)(0.180m),5832.247,9666.814,62.4,1.3745,"[0.605, 1.940, 2.037, 0.767, 2.285, 2.022]","[3.475, 3.439, 3.512, 3.705, 3.894, 3.502]","[-5.360, -3.551, -6.764, -5.046, -3.717, -7.433]"
160,2,-5.1770,-4.7909,0.169,255,702,16,26,0.727,70,0.62,3198,799.56,0,0,11.759(14.699%)(0.000m),22.656(19.990%)(0.285m),66.423(58.609%)(4.974m),38.000(33.530%)(1.929m),24.000(30.000%)(0.429m),9.774(24.436%)(0.000m),27.000(67.500%)(1.821m),4405.774,9398.904,63.7,1.3289,"[0.331, 0.328, -0.007, 0.452, 0.514, 0.001]","[2.132, 2.750, 2.046, 2.337, 3.034, 2.204]","[-5.402, -6.738, -7.616, -5.455, -6.647, -7.993]"
161,2,-4.1626,-4.6971,0.178,189,529,20,0,0.726,65,0.62,3217,705.15,0,0,37.000(46.250%)(1.821m),45.000(39.706%)(2.679m),48.247(42.571%)(3.026m),20.423(18.020%)(0.045m),11.395(14.243%)(0.000m),40.000(100.000%)(3.214m),10.204(25.511%)(0.022m),500.058,3868.612,64.8,1.3920,"[0.366, 0.351, 0.170, 0.409, 0.424, 0.086]","[2.319, 3.105, 2.399, 2.457, 3.314, 2.676]","[-5.119, -5.498, -5.969, -4.773, -5.629, -6.111]"
162,2,-5.5528,-4.6980,0.171,229,558,15,0,0.724,60,0.62,3240,785.63,0,0,12.466(15.582%)(0.000m),25.388(22.401%)(0.577m),67.504(59.563%)(5.090m),82.000(72.353%)(6.643m),76.230(95.288%)(6.025m),9.851(24.627%)(0.000m),40.000(100.000%)(3.214m),5245.605,16110.243,56.4,1.4068,"[1.379, 0.959, 0.329, 1.532, 1.213, 0.348]","[2.462, 3.035, 2.339, 2.520, 3.143, 2.526]","[-2.272, -5.529, -6.282, -1.811, -5.074, -6.861]"
163,2,-4.6028,-4.6212,0.161,99,254,15,0,0.723,45,0.61,3250,335.57,0,0,78.639(98.299%)(6.283m),108.797(95.998%)(9.514m),25.572(22.564%)(0.597m),15.071(13.298%)(0.000m),9.907(12.384%)(0.000m),40.000(100.000%)(3.214m),11.063(27.656%)(0.114m),6007.085,10454.780,59.5,1.4692,"[0.667, 1.530, 1.742, 0.847, 1.760, 1.830]","[2.469, 3.658, 4.232, 2.596, 3.970, 4.357]","[-5.872, -5.184, -6.406, -5.302, -5.260, -6.887]"
164,2,-3.9207,-4.5445,0.190,168,418,35,0,0.722,55,0.61,3267,595.99,0,0,66.016(82.520%)(4.930m),104.000(91.765%)(9.000m),91.363(80.615%)(7.646m),26.125(23.051%)(0.656m),12.636(15.795%)(0.000m),40.000(100.000%)(3.214m),9.859(24.647%)(0.000m),4428.874,12557.188,57.6,1.4028,"[-0.791, 1.230, 2.223, -0.475, 1.556, 2.532]","[2.485, 3.093, 3.694, 2.696, 3.758, 4.021]","[-6.864, -6.724, -4.615, -5.669, -5.635, -3.460]"
165,2,-4.4247,-4.5260,0.202,131,342,16,0,0.720,50,0.61,3281,457.44,0,0,77.786(97.233%)(6.191m),106.000(93.530%)(9.214m),47.748(42.131%)(2.973m),20.212(17.834%)(0.023m),11.277(14.096%)(0.000m),40.000(100.000%)(3.214m),10.099(25.247%)(0.011m),4586.261,9261.091,60.4,1.2643,"[0.705, 1.799, 1.993, 0.768, 2.033, 2.061]","[2.558, 3.609, 3.729, 2.545, 3.960, 3.987]","[-5.328, -5.499, -5.848, -5.041, -5.347, -5.791]"
166,2,-5.4862,-4.5358,0.163,387,951,95,0,0.719,75,0.60,3320,1267.21,0,0,36.000(45.000%)(1.714m),69.000(60.883%)(5.250m),36.498(32.204%)(1.768m),17.856(15.756%)(0.000m),10.599(13.249%)(0.000m),40.000(100.000%)(3.214m),10.218(25.544%)(0.023m),5910.361,16582.469,56.9,1.4043,"[1.578, 2.221, 1.960, 1.869, 2.610, 2.171]","[3.528, 3.830, 3.466, 3.946, 4.241, 3.637]","[-5.552, -5.339, -5.954, -5.016, -5.170, -6.067]"
167,2,-6.9600,-4.5577,0.162,208,565,40,14,0.717,65,0.60,3341,663.53,0,0,47.381(59.227%)(2.934m),64.000(56.471%)(4.714m),32.000(28.235%)(1.286m),24.000(21.177%)(0.429m),22.000(27.500%)(0.214m),40.000(100.000%)(3.214m),31.608(79.021%)(2.315m),0.000,5656.374,62.9,1.5494,"[1.011, 1.054, 0.760, 1.174, 1.090, 0.762]","[2.695, 2.713, 2.318, 2.822, 3.017, 2.632]","[-5.843, -4.327, -3.610, -4.181, -4.619, -4.681]"
168,2,-6.2028,-4.5679,0.179,201,493,62,0,0.716,60,0.60,3362,661.99,0,0,11.736(14.670%)(0.000m),21.520(18.988%)(0.163m),53.720(47.400%)(3.613m),89.000(78.530%)(7.393m),77.067(96.334%)(6.114m),10.254(25.634%)(0.027m),40.000(100.000%)(3.214m),6533.539,19261.278,56.7,1.3258,"[1.104, 0.967, -0.049, 1.324, 0.988, -0.182]","[2.519, 2.915, 2.110, 2.627, 3.336, 2.388]","[-4.899, -5.857, -5.852, -4.632, -5.506, -6.138]"
169,2,-5.0735,-4.6924,0.178,247,646,61,25,0.714,70,0.59,3387,823.60,0,0,22.000(27.500%)(0.214m),22.000(19.412%)(0.214m),25.000(22.059%)(0.536m),73.000(64.412%)(5.679m),44.993(56.241%)(2.678m),40.000(100.000%)(3.214m),40.000(100.000%)(3.214m),0.000,3679.080,60.5,1.3591,"[1.171, 0.969, 0.773, 1.191, 1.055, 0.730]","[2.571, 3.551, 3.046, 2.785, 3.876, 3.151]","[-3.988, -6.376, -9.131, -3.504, -5.215, -9.213]"
170,2,-3.5902,-4.6481,0.176,186,474,23,0,0.713,60,0.59,3406,624.57,0,0,11.267(14.084%)(0.000m),20.423(18.020%)(0.045m),49.705(43.858%)(3.183m),94.000(82.941%)(7.929m),67.671(84.588%)(5.108m),9.966(24.916%)(0.000m),40.000(100.000%)(3.214m),4564.564,11005.235,59.0,1.2045,"[1.212, 1.225, 0.441, 1.289, 1.308, 0.413]","[2.701, 3.345, 2.769, 2.772, 3.521, 2.916]","[-5.258, -5.706, -5.539, -4.948, -5.397, -5.673]"
171,2,-5.6554,-4.6412,0.170,88,224,19,0,0.712,40,0.58,3415,279.58,0,0,78.639(98.299%)(6.283m),113.333(100.000%)(10.000m),34.175(30.155%)(1.519m),17.690(15.609%)(0.000m),10.798(13.498%)(0.000m),40.000(100.000%)(3.214m),10.798(26.995%)(0.086m),4204.908,11485.142,59.0,1.3216,"[-0.495, 0.286, 0.934, -0.413, 0.312, 1.041]","[2.471, 3.048, 2.893, 2.599, 3.129, 3.050]","[-5.566, -5.236, -5.678, -5.350, -5.144, -5.712]"
172,2,-2.4268,-4.5347,0.166,181,459,19,0,0.710,60,0.58,3434,597.65,0,0,66.121(82.652%)(4.942m),87.000(76.765%)(7.179m),32.515(28.690%)(1.341m),16.831(14.851%)(0.000m),10.273(12.842%)(0.000m),40.000(100.000%)(3.214m),10.273(25.683%)(0.029m),3222.123,7833.297,58.7,1.4383,"[0.599, 1.476, 1.695, 0.727, 1.641, 1.758]","[2.698, 3.222, 3.561, 2.767, 3.466, 3.786]","[-5.844, -5.328, -5.889, -5.406, -5.436, -6.159]"
173,2,-3.9710,-4.5177,0.158,260,635,18,0,0.709,65,0.58,3460,848.70,0,0,10.678(13.347%)(0.000m),17.493(15.435%)(0.000m),33.794(29.819%)(1.478m),74.000(65.294%)(5.786m),64.671(80.838%)(4.786m),10.678(26.694%)(0.073m),40.000(100.000%)(3.214m),4577.064,9063.888,56.5,1.2597,"[1.596, 1.083, 0.768, 1.698, 1.393, 0.826]","[2.760, 3.071, 2.730, 2.807, 3.293, 2.864]","[-5.853, -5.671, -5.521, -5.354, -5.194, -5.568]"
174,2,-3.9288,-4.3876,0.153,111,299,21,0,0.707,45,0.57,3472,382.86,0,0,77.786(97.233%)(6.191m),95.000(83.824%)(8.036m),31.511(27.804%)(1.233m),16.592(14.640%)(0.000m),10.218(12.773%)(0.000m),40.000(100.000%)(3.214m),10.344(25.859%)(0.037m),2623.404,6397.707,62.3,1.5248,"[0.125, 0.565, 0.814, 0.143, 0.622, 0.891]","[2.799, 3.285, 2.821, 2.827, 3.490, 2.934]","[-6.200, -5.621, -6.456, -5.618, -5.567, -6.350]"
175,2,-4.5318,-4.3743,0.147,119,296,17,0,0.706,45,0.57,3484,385.80,0,0,10.617(13.271%)(0.000m),17.552(15.487%)(0.000m),34.520(30.459%)(1.556m),108.000(95.294%)(9.429m),76.230(95.288%)(6.025m),10.488(26.219%)(0.052m),40.000(100.000%)(3.214m),5301.431,12885.530,57.6,1.4452,"[1.119, 0.619, -0.253, 1.223, 0.801, -0.225]","[2.869, 3.207, 2.804, 3.021, 3.366, 2.838]","[-5.712, -5.454, -5.542, -5.201, -5.080, -5.716]"
176,2,-5.6797,-4.4427,0.150,173,449,17,0,0.704,60,0.57,3502,545.68,0,0,56.641(70.801%)(3.926m),92.000(81.177%)(7.714m),29.186(25.753%)(0.984m),15.865(13.998%)(0.000m),9.941(12.426%)(0.000m),40.000(100.000%)(3.214m),10.312(25.780%)(0.033m),2389.194,8260.839,60.1,1.3254,"[0.995, 1.728, 1.838, 1.011, 1.901, 1.912]","[2.933, 3.329, 3.909, 3.001, 3.505, 4.322]","[-5.553, -5.104, -6.410, -5.128, -5.337, -6.239]"
177,2,-5.7351,-4.4918,0.184,223,582,18,0,0.703,65,0.56,3525,783.87,0,0,50.813(63.516%)(3.301m),67.000(59.118%)(5.036m),48.731(42.998%)(3.078m),20.023(17.667%)(0.002m),11.046(13.808%)(0.000m),37.190(92.974%)(2.913m),9.771(24.428%)(0.000m),1435.185,5900.548,60.4,1.3184,"[0.987, 0.941, 0.967, 1.013, 1.116, 0.989]","[2.894, 3.253, 2.798, 2.992, 3.397, 2.651]","[-5.142, -5.270, -5.856, -4.990, -5.238, -5.790]"
178,2,-5.2341,-4.5011,0.170,88,223,20,0,0.702,40,0.56,3534,281.86,0,0,78.639(98.299%)(6.283m),113.000(99.706%)(9.964m),26.347(23.248%)(0.680m),15.340(13.535%)(0.000m),10.007(12.509%)(0.000m),40.000(100.000%)(3.214m),11.038(27.594%)(0.111m),5311.521,11305.572,58.6,1.4893,"[-0.252, 0.350, 0.698, -0.145, 0.458, 0.826]","[2.647, 3.358, 3.093, 2.761, 3.581, 3.388]","[-6.060, -5.374, -6.056, -5.566, -5.399, -6.282]"
179,2,-6.6678,-4.5224,0.160,233,622,86,18,0.700,65,0.56,3558,770.35,0,0,63.021(78.777%)(4.609m),51.000(45.000%)(3.321m),19.000(16.765%)(0.000m),20.000(17.647%)(0.000m),16.278(20.347%)(0.000m),40.000(100.000%)(3.214m),11.442(28.606%)(0.155m),0.000,8457.247,61.7,1.3403,"[-0.099, 1.165, 1.331, 0.012, 1.220, 1.429]","[3.794, 3.706, 3.839, 4.080, 4.190, 4.365]","[-5.821, -4.445, -4.146, -5.356, -4.218, -5.141]"
180,2,-2.9577,-4.4929,0.158,136,373,16,0,0.699,55,0.56,3572,443.77,0,0,64.000(80.000%)(4.714m),84.000(74.118%)(6.857m),62.770(55.385%)(4.582m),22.358(19.727%)(0.253m),11.755(14.694%)(0.000m),40.000(100.000%)(3.214m),9.894(24.735%)(0.000m),2296.444,6445.484,63.5,1.2870,"[0.347, 0.935, 1.801, 0.401, 1.077, 1.989]","[2.528, 3.316, 3.627, 2.466, 3.376, 3.665]","[-5.672, -5.693, -5.789, -5.054, -5.224, -5.569]"
181,2,-6.0360,-4.5301,0.146,95,232,17,0,0.697,40,0.55,3582,316.01,0,0,78.639(98.299%)(6.283m),113.333(100.000%)(10.000m),41.217(36.368%)(2.273m),19.320(17.047%)(0.000m),11.245(14.056%)(0.000m),40.000(100.000%)(3.214m),10.578(26.444%)(0.062m),6445.887,16266.556,56.5,1.2979,"[-0.814, 0.320, 2.015, -0.630, 0.447, 2.224]","[2.504, 3.335, 4.172, 2.676, 3.551, 4.873]","[-5.789, -5.344, -5.802, -5.293, -5.281, -6.059]"
182,2,-4.1242,-4.5210,0.166,142,373,16,0,0.696,55,0.55,3597,461.59,0,0,69.102(86.378%)(5.261m),88.000(77.647%)(7.286m),32.504(28.680%)(1.340m),16.825(14.846%)(0.000m),10.270(12.837%)(0.000m),40.000(100.000%)(3.214m),10.270(25.675%)(0.029m),3380.237,8377.937,60.8,1.2330,"[1.287, 1.977, 1.989, 1.239, 2.101, 2.087]","[3.540, 3.788, 4.001, 3.499, 4.115, 4.440]","[-5.511, -5.145, -5.907, -5.008, -5.229, -6.294]"
183,2,-5.3714,-4.5276,0.150,199,530,38,0,0.695,65,0.55,3617,651.87,0,0,47.000(58.750%)(2.893m),55.000(48.530%)(3.750m),24.412(21.540%)(0.473m),14.387(12.695%)(0.000m),9.458(11.822%)(0.000m),40.000(100.000%)(3.214m),10.561(26.402%)(0.060m),3497.643,9769.777,61.7,1.3157,"[0.395, 1.928, 1.895, 0.516, 2.168, 2.019]","[4.051, 3.759, 4.075, 4.190, 4.164, 4.081]","[-5.788, -4.963, -6.284, -5.314, -5.397, -6.549]"
184,2,-6.2592,-4.5665,0.159,97,236,16,0,0.693,40,0.54,3627,321.68,0,0,78.639(98.299%)(6.283m),113.333(100.000%)(10.000m),28.113(24.806%)(0.869m),16.162(14.261%)(0.000m),10.462(13.078%)(0.000m),40.000(100.000%)(3.214m),11.398(28.496%)(0.150m),8208.061,16979.114,56.2,1.4172,"[-0.281, 0.953, 1.777, -0.150, 1.158, 1.945]","[2.479, 3.243, 3.859, 2.605, 3.528, 4.443]","[-5.965, -5.220, -5.414, -5.422, -5.223, -5.548]"
185,2,-1.9830,-4.4930,0.166,315,860,5,37,0.692,80,0.54,3659,1006.01,0,0,23.764(29.705%)(0.403m),49.704(43.857%)(3.183m),83.000(73.236%)(6.750m),48.000(42.353%)(3.000m),27.000(33.750%)(0.750m),16.806(42.014%)(0.729m),12.000(30.000%)(0.214m),902.798,5991.895,63.2,1.3101,"[1.053, 0.754, 0.364, 1.071, 0.970, 0.508]","[2.570, 2.959, 2.395, 2.639, 3.076, 2.484]","[-1.312, -3.083, -3.546, -1.005, -2.645, -3.339]"
186,2,-3.9559,-4.4890,0.165,244,739,16,76,0.690,80,0.54,3684,762.24,0,0,23.000(28.750%)(0.321m),56.000(49.412%)(3.857m),42.142(37.184%)(2.372m),19.300(17.029%)(0.000m),11.119(13.899%)(0.000m),17.000(42.500%)(0.750m),10.332(25.830%)(0.036m),2186.025,5203.388,70.1,1.3532,"[1.202, 1.546, 1.300, 1.111, 1.779, 1.318]","[3.552, 3.636, 3.675, 3.342, 3.951, 3.310]","[-5.194, -5.484, -5.866, -5.262, -5.380, -6.066]"
187,2,-2.8518,-4.4421,0.156,217,560,41,0,0.689,65,0.53,3706,722.31,0,0,54.000(67.500%)(3.643m),91.000(80.294%)(7.607m),60.572(53.446%)(4.347m),22.453(19.812%)(0.263m),11.954(14.943%)(0.000m),40.000(100.000%)(3.214m),10.188(25.469%)(0.020m),3403.442,8918.948,59.8,1.3183,"[0.351, 2.115, 2.457, 0.473, 2.354, 2.519]","[2.528, 3.926, 3.977, 2.653, 4.295, 4.076]","[-5.989, -5.734, -5.660, -5.658, -5.293, -5.470]"
188,2,0.2443,-4.2698,0.148,162,462,5,12,0.688,60,0.53,3723,556.55,0,0,48.965(61.206%)(3.103m),91.623(80.844%)(7.674m),56.000(49.412%)(3.857m),30.000(26.471%)(1.071m),24.000(30.000%)(0.429m),37.396(93.490%)(2.935m),40.000(100.000%)(3.214m),0.000,3337.774,66.0,1.2751,"[0.410, 0.996, 1.285, 0.452, 0.973, 1.223]","[2.420, 2.907, 2.501, 2.362, 3.053, 2.573]","[-6.117, -4.013, -0.723, -4.480, -4.641, -0.759]"
189,2,-6.2715,-4.2842,0.156,143,356,23,0,0.686,50,0.53,3738,462.68,0,0,78.639(98.299%)(6.283m),97.000(85.588%)(8.250m),44.881(39.601%)(2.666m),20.053(17.694%)(0.006m),11.433(14.292%)(0.000m),40.000(100.000%)(3.214m),10.494(26.236%)(0.053m),4162.130,12720.920,57.6,1.4214,"[0.372, 0.725, 1.188, 0.530, 0.930, 1.350]","[2.853, 3.026, 3.254, 3.143, 3.341, 3.641]","[-5.502, -5.555, -5.197, -5.172, -5.353, -4.964]"
190,2,-5.1722,-4.2745,0.146,116,284,24,0,0.685,45,0.53,3750,385.96,0,0,10.180(12.725%)(0.000m),15.851(13.986%)(0.000m),27.937(24.650%)(0.850m),108.000(95.294%)(9.429m),67.671(84.588%)(5.108m),10.955(27.388%)(0.102m),40.000(100.000%)(3.214m),5240.223,13826.305,56.7,1.4450,"[0.442, 0.006, -0.288, 0.466, 0.305, -0.169]","[2.266, 2.889, 2.379, 2.366, 3.100, 2.498]","[-5.713, -5.618, -5.521, -5.105, -5.064, -5.818]"
191,2,-4.3826,-4.2469,0.144,169,418,21,0,0.684,55,0.52,3767,566.35,0,0,62.580(78.226%)(4.562m),95.000(83.824%)(8.036m),48.480(42.777%)(3.051m),20.522(18.107%)(0.056m),11.450(14.312%)(0.000m),40.000(100.000%)(3.214m),10.254(25.634%)(0.027m),5191.099,9832.573,57.3,1.1870,"[0.204, 0.529, 0.996, 0.364, 0.743, 1.088]","[2.093, 2.740, 2.308, 2.264, 2.967, 2.364]","[-5.843, -5.335, -5.317, -5.243, -5.207, -5.166]"
192,2,-3.9273,-4.2234,0.158,193,561,2,16,0.682,65,0.52,3787,643.46,0,0,25.977(32.471%)(0.640m),54.191(47.816%)(3.663m),94.000(82.941%)(7.929m),18.000(15.882%)(0.000m),11.000(13.750%)(0.000m),18.386(45.965%)(0.899m),11.000(27.500%)(0.107m),1268.848,4675.157,67.2,1.4564,"[0.372, 0.344, 0.159, 0.510, 0.500, 0.294]","[2.088, 2.588, 2.064, 2.057, 2.732, 2.196]","[-9.206, -6.267, -5.234, -6.709, -5.799, -4.593]"
193,2,-5.0428,-4.2269,0.148,80,203,19,0,0.681,40,0.52,3795,250.23,0,0,77.786(97.233%)(6.191m),95.135(83.943%)(8.050m),24.243(21.391%)(0.455m),14.456(12.755%)(0.000m),9.574(11.968%)(0.000m),40.000(100.000%)(3.214m),10.824(27.060%)(0.088m),4876.621,10518.698,58.7,1.4984,"[-1.071, -0.243, 0.175, -0.886, -0.143, 0.210]","[2.092, 2.810, 2.312, 2.166, 3.040, 2.492]","[-6.449, -5.749, -5.963, -5.925, -5.735, -6.220]"
194,2,-4.9123,-4.2352,0.141,180,464,15,0,0.680,60,0.52,3813,566.36,0,0,59.327(74.158%)(4.214m),81.000(71.471%)(6.536m),33.664(29.704%)(1.464m),17.426(15.376%)(0.000m),10.636(13.296%)(0.000m),40.000(100.000%)(3.214m),10.636(26.591%)(0.068m),2977.070,8473.270,59.7,1.4676,"[0.656, 1.299, 1.420, 0.769, 1.491, 1.544]","[3.297, 3.244, 3.331, 3.605, 3.610, 3.856]","[-5.644, -5.196, -5.748, -5.423, -5.302, -5.824]"
195,2,-3.0541,-4.2566,0.154,271,760,109,10,0.678,75,0.51,3841,894.63,0,0,11.247(14.058%)(0.000m),20.622(18.196%)(0.067m),51.815(45.719%)(3.409m),77.000(67.941%)(6.107m),30.000(37.500%)(1.071m),9.826(24.565%)(0.000m),22.000(55.000%)(1.286m),2908.745,6864.707,64.9,1.3624,"[0.397, -0.061, -1.172, 0.579, 0.018, -1.164]","[2.219, 2.956, 2.142, 2.218, 3.123, 2.260]","[-5.283, -5.027, -5.939, -5.060, -5.145, -6.525]"
196,2,-4.2625,-4.5060,0.136,180,443,17,0,0.677,55,0.51,3859,597.83,0,0,10.977(13.721%)(0.000m),17.983(15.868%)(0.000m),34.741(30.654%)(1.579m),89.000(78.530%)(7.393m),67.472(84.340%)(5.086m),10.977(27.442%)(0.105m),40.000(100.000%)(3.214m),4157.037,13152.239,56.9,1.3801,"[1.255, 0.803, 0.449, 1.321, 1.141, 0.546]","[2.113, 2.661, 2.209, 2.191, 2.844, 2.329]","[-5.500, -5.516, -5.677, -5.138, -5.112, -5.817]"
197,2,-3.4008,-4.4444,0.154,172,483,40,9,0.675,60,0.51,3877,542.13,0,0,23.000(28.750%)(0.321m),20.000(17.647%)(0.000m),20.000(17.647%)(0.000m),59.000(52.059%)(4.179m),60.706(75.883%)(4.361m),40.000(100.000%)(3.214m),40.000(100.000%)(3.214m),0.000,3712.929,65.0,1.2899,"[1.038, 1.134, 0.876, 1.147, 1.138, 0.892]","[2.274, 2.826, 2.439, 2.354, 3.024, 2.533]","[-3.223, -0.885, -2.623, -1.735, -2.059, -3.276]"
198,2,-6.1026,-4.4616,0.176,88,218,19,0,0.674,40,0.51,3886,288.79,0,0,9.589(11.986%)(0.000m),14.478(12.775%)(0.000m),24.280(21.423%)(0.459m),95.279(84.070%)(8.066m),77.067(96.334%)(6.114m),10.840(27.101%)(0.090m),40.000(100.000%)(3.214m),5240.508,15256.908,57.3,0.0000,"[0.421, 0.035, -0.504, 0.573, 0.310, -0.485]","[2.691, 2.911, 2.595, 2.797, 3.024, 2.577]","[-6.320, -5.295, -5.444, -5.301, -5.259, -5.711]"
199,2,-4.7267,-4.5005,0.183,101,266,16,0,0.673,45,0.50,3897,306.56,0,0,77.786(97.233%)(6.191m),106.000(93.530%)(9.214m),47.631(42.027%)(2.960m),20.162(17.790%)(0.017m),11.249(14.061%)(0.000m),40.000(100.000%)(3.214m),10.074(25.185%)(0.008m),3735.154,10015.904,60.9,1.1794,"[-0.110, 1.393, 2.204, -0.061, 1.619, 2.363]","[3.962, 3.815, 4.310, 4.233, 4.216, 4.644]","[-5.122, -5.714, -5.639, -4.875, -5.408, -5.507]"
200,2,-4.4992,-4.5205,0.172,201,520,18,0,0.671,60,0.50,3918,638.66,0,0,11.791(14.739%)(0.000m),21.620(19.077%)(0.174m),54.304(47.915%)(3.675m),76.000(67.059%)(6.000m),59.000(73.750%)(4.179m),10.301(25.753%)(0.032m),40.000(100.000%)(3.214m),4268.793,13190.362,59.9,1.2223,"[1.477, 1.346, 0.298, 1.578, 1.490, 0.331]","[2.561, 3.140, 2.658, 2.601, 3.398, 2.835]","[-4.901, -5.659, -5.869, -4.677, -5.272, -5.764]"
201,2,-0.3121,-4.4066,0.196,259,711,87,0,0.670,75,0.50,3944,872.94,0,0,43.000(53.750%)(2.464m),77.000(67.941%)(6.107m),101.031(89.145%)(8.682m),25.745(22.717%)(0.616m),12.453(15.566%)(0.000m),31.000(77.500%)(2.250m),9.716(24.289%)(0.000m),3415.912,9429.517,63.5,1.5196,"[1.606, 3.153, 3.026, 1.730, 3.579, 3.156]","[4.320, 4.570, 4.713, 4.519, 5.325, 4.647]","[-5.936, -4.994, 0.246, -5.071, -4.617, 1.139]"
202,2,-2.6712,-4.4457,0.170,195,532,14,0,0.669,65,0.50,3964,653.25,0,0,45.000(56.250%)(2.679m),61.000(53.824%)(4.393m),39.804(35.121%)(2.122m),18.658(16.463%)(0.000m),10.859(13.574%)(0.000m),40.000(100.000%)(3.214m),10.215(25.537%)(0.023m),1604.313,4845.894,63.1,1.3290,"[1.493, 1.852, 1.833, 1.556, 2.029, 1.904]","[3.386, 4.253, 4.371, 3.422, 4.511, 4.434]","[-5.425, -5.436, -6.422, -5.083, -5.481, -6.578]"
203,2,-3.4578,-4.4365,0.174,142,350,18,0,0.667,50,0.49,3979,482.47,0,0,66.100(82.625%)(4.939m),46.462(40.996%)(2.835m),20.223(17.844%)(0.024m),13.513(11.923%)(0.000m),9.704(12.130%)(0.000m),40.000(100.000%)(3.214m),12.762(31.905%)(0.296m),4601.229,10186.564,57.0,1.3759,"[1.217, 1.547, 1.340, 1.388, 1.704, 1.366]","[3.047, 3.515, 3.440, 3.124, 3.747, 3.522]","[-5.483, -5.070, -6.253, -5.014, -5.115, -6.711]"
204,2,-4.3713,-4.4332,0.171,174,452,16,0,0.666,60,0.49,3997,583.75,0,0,61.762(77.203%)(4.475m),84.000(74.118%)(6.857m),34.294(30.259%)(1.531m),17.752(15.663%)(0.000m),10.835(13.544%)(0.000m),40.000(100.000%)(3.214m),10.835(27.089%)(0.090m),2272.054,7100.273,60.1,1.3662,"[0.936, 1.610, 2.163, 1.036, 1.756, 2.238]","[3.038, 3.672, 4.388, 3.176, 3.762, 4.724]","[-5.515, -5.260, -6.069, -5.489, -5.377, -6.173]"
205,2,-5.5292,-4.5002,0.192,80,203,20,0,0.665,40,0.49,4005,264.65,0,0,78.639(98.299%)(6.283m),113.333(100.000%)(10.000m),51.717(45.632%)(3.398m),21.250(18.750%)(0.134m),11.723(14.654%)(0.000m),40.000(100.000%)(3.214m),10.370(25.924%)(0.040m),6703.566,12262.038,58.7,1.2859,"[-1.067, 1.027, 1.890, -1.042, 1.173, 2.044]","[3.154, 3.973, 4.280, 3.306, 4.243, 4.628]","[-5.367, -5.652, -5.836, -5.493, -5.606, -5.642]"
206,2,-4.3643,-4.4913,0.176,102,279,13,0,0.663,45,0.49,4016,331.49,0,0,77.786(97.233%)(6.191m),83.731(73.881%)(6.828m),24.423(21.549%)(0.474m),14.890(13.139%)(0.000m),10.007(12.509%)(0.000m),40.000(100.000%)(3.214m),11.597(28.992%)(0.171m),2889.036,7105.310,63.2,1.3094,"[1.048, 1.835, 1.968, 1.233, 1.993, 2.031]","[2.997, 3.964, 4.244, 3.236, 4.083, 3.879]","[-5.309, -5.184, -6.049, -4.973, -5.327, -6.330]"
207,2,-1.1307,-4.4234,0.174,315,941,22,23,0.662,85,0.48,4048,1043.96,0,0,22.940(28.675%)(0.315m),26.982(23.808%)(0.748m),15.101(13.324%)(0.000m),11.005(9.710%)(0.000m),8.508(10.634%)(0.000m),16.188(40.471%)(0.663m),13.328(33.321%)(0.357m),820.555,3951.441,69.2,1.3272,"[0.742, 0.661, 0.341, 0.900, 0.907, 0.482]","[2.750, 3.128, 2.853, 2.927, 3.419, 2.927]","[-5.348, -5.014, -6.953, -4.677, -5.349, -7.545]"
208,2,-4.2321,-4.3726,0.185,298,761,17,0,0.661,70,0.48,4078,1012.39,0,0,39.000(48.750%)(2.036m),56.000(49.412%)(3.857m),66.335(58.531%)(4.964m),24.390(21.521%)(0.470m),12.151(15.189%)(0.000m),40.000(100.000%)(3.214m),9.725(24.312%)(0.000m),2517.261,8285.631,59.1,1.3634,"[1.903, 2.400, 2.377, 2.045, 2.730, 2.567]","[3.375, 4.327, 4.499, 3.452, 4.987, 4.895]","[-5.094, -5.762, -6.138, -4.942, -5.301, -5.921]"
209,2,-1.6054,-4.3142,0.178,302,811,15,30,0.659,75,0.48,4109,983.57,0,0,26.000(32.500%)(0.643m),53.000(46.765%)(3.536m),72.000(63.530%)(5.571m),25.686(22.664%)(0.609m),12.424(15.530%)(0.000m),24.000(60.000%)(1.500m),9.693(24.233%)(0.000m),1716.816,5912.611,62.2,1.3032,"[1.808, 2.149, 2.090, 1.877, 2.461, 2.214]","[3.811, 3.744, 3.835, 4.037, 4.339, 3.768]","[-6.215, -5.998, -3.043, -5.861, -5.838, -2.701]"
210,2,-3.7571,-4.2858,0.173,89,242,14,0,0.658,40,0.48,4118,303.91,0,0,9.319(11.649%)(0.000m),12.454(10.989%)(0.000m),17.727(15.641%)(0.000m),34.863(30.762%)(1.592m),67.589(84.486%)(5.099m),13.441(33.602%)(0.369m),40.000(100.000%)(3.214m),2439.690,6283.419,63.0,1.3996,"[0.862, 0.564, 0.414, 0.894, 0.712, 0.501]","[2.811, 3.369, 2.964, 2.866, 3.604, 3.115]","[-5.698, -6.096, -5.091, -5.969, -5.937, -4.811]"
211,2,-4.1761,-4.2860,0.179,236,610,17,0,0.657,65,0.47,4142,847.19,0,0,45.000(56.250%)(2.679m),54.000(47.647%)(3.643m),24.230(21.379%)(0.453m),14.448(12.748%)(0.000m),9.569(11.961%)(0.000m),40.000(100.000%)(3.214m),10.818(27.045%)(0.088m),1304.980,6695.749,59.8,1.3864,"[1.561, 1.737, 1.819, 1.672, 1.988, 1.941]","[2.736, 3.654, 3.916, 2.899, 4.026, 4.178]","[-5.541, -5.064, -5.970, -5.524, -5.203, -5.913]"
212,2,-3.9436,-4.2538,0.174,159,403,19,0,0.655,55,0.47,4158,534.04,0,0,72.078(90.097%)(5.580m),101.000(89.118%)(8.679m),52.497(46.321%)(3.482m),20.894(18.436%)(0.096m),11.395(14.243%)(0.000m),40.000(100.000%)(3.214m),9.955(24.888%)(0.000m),5643.971,9642.894,58.6,1.3154,"[0.397, 1.658, 2.664, 0.573, 1.908, 2.847]","[2.985, 3.699, 4.117, 3.153, 3.922, 4.703]","[-5.490, -5.756, -5.526, -5.336, -5.398, -5.169]"
213,2,-2.7103,-4.2160,0.174,180,457,17,0,0.654,55,0.47,4176,672.75,0,0,74.000(92.500%)(5.786m),46.894(41.377%)(2.881m),19.268(17.001%)(0.000m),12.668(11.178%)(0.000m),8.985(11.231%)(0.000m),40.000(100.000%)(3.214m),11.516(28.790%)(0.162m),2135.645,7566.674,58.8,1.3621,"[1.315, 1.704, 1.818, 1.439, 1.859, 1.850]","[2.904, 3.689, 3.445, 2.917, 3.849, 3.256]","[-5.898, -5.477, -6.008, -5.422, -5.516, -6.159]"
214,2,-1.3171,-4.1639,0.169,353,1043,64,46,0.653,85,0.47,4212,1192.48,0,0,25.000(31.250%)(0.536m),40.000(35.294%)(2.143m),34.337(30.297%)(1.536m),17.774(15.683%)(0.000m),10.849(13.561%)(0.000m),18.000(45.000%)(0.857m),10.849(27.123%)(0.091m),483.647,4952.422,68.4,1.3944,"[0.914, 1.776, 2.026, 1.024, 2.108, 2.165]","[4.409, 4.471, 4.625, 4.714, 4.976, 4.615]","[-5.377, -4.811, -5.531, -5.356, -4.812, -5.507]"
215,2,-3.2060,-4.1395,0.159,157,439,42,0,0.652,60,0.47,4228,520.96,0,0,51.000(63.750%)(3.321m),93.000(82.059%)(7.821m),99.031(87.381%)(8.468m),25.975(22.919%)(0.640m),12.564(15.705%)(0.000m),40.000(100.000%)(3.214m),9.802(24.506%)(0.000m),3091.357,6641.976,64.7,1.4528,"[0.208, 2.214, 2.917, 0.292, 2.524, 3.022]","[3.117, 4.591, 5.064, 3.195, 5.435, 5.372]","[-5.252, -5.508, -1.745, -4.983, -4.947, -1.054]"
216,2,-2.0948,-4.0717,0.172,235,634,53,6,0.650,70,0.46,4252,799.76,0,0,10.867(13.584%)(0.000m),18.671(16.475%)(0.000m),39.833(35.147%)(2.125m),37.000(32.647%)(1.821m),32.000(40.000%)(1.286m),10.222(25.556%)(0.024m),40.000(100.000%)(3.214m),686.942,3879.612,62.4,1.3066,"[0.921, 0.747, 0.252, 1.017, 0.899, 0.368]","[2.365, 3.106, 2.594, 2.495, 3.371, 2.835]","[-5.487, -5.641, -5.057, -5.067, -5.599, -4.970]"
217,2,-5.0619,-4.0338,0.183,266,738,79,69,0.649,75,0.46,4279,865.94,0,0,17.000(21.250%)(0.000m),36.000(31.765%)(1.714m),64.605(57.004%)(4.779m),23.618(20.839%)(0.388m),12.097(15.122%)(0.000m),15.000(37.500%)(0.536m),9.930(24.824%)(0.000m),3487.581,7910.170,64.2,1.3148,"[0.238, 0.903, 1.315, 0.443, 1.363, 1.551]","[4.350, 4.450, 4.257, 4.742, 5.091, 4.922]","[-6.932, -6.508, -5.570, -6.196, -6.330, -5.334]"
218,2,-2.6329,-3.9624,0.182,479,1389,210,26,0.648,95,0.46,4327,1579.65,0,0,38.000(47.500%)(1.929m),76.000(67.059%)(6.000m),61.000(53.824%)(4.393m),32.088(28.313%)(1.295m),12.000(15.000%)(0.000m),27.000(67.500%)(1.821m),10.326(25.816%)(0.035m),791.899,7228.456,67.1,1.3020,"[0.961, 2.388, 2.722, 1.119, 2.828, 2.917]","[4.981, 4.774, 4.804, 5.148, 5.285, 4.823]","[-6.323, -2.985, -1.313, -5.769, -2.624, -1.007]"
219,2,-1.1122,-3.8831,0.195,553,1520,158,28,0.646,95,0.46,4383,1832.77,0,0,41.000(51.250%)(2.250m),79.000(69.706%)(6.321m),97.000(85.588%)(8.250m),22.000(19.412%)(0.214m),12.000(15.000%)(0.000m),27.000(67.500%)(1.821m),9.691(24.228%)(0.000m),1685.191,8117.228,63.6,1.4093,"[0.787, 2.238, 2.368, 0.954, 2.566, 2.604]","[4.247, 4.940, 4.565, 4.163, 5.680, 4.641]","[-11.457, -7.724, -6.871, -9.177, -6.812, -5.884]"
220,2,-2.7487,-3.8663,0.212,175,446,15,0,0.645,55,0.45,4401,602.72,0,0,69.061(86.327%)(5.257m),89.000(78.530%)(7.393m),28.730(25.350%)(0.935m),16.079(14.187%)(0.000m),10.243(12.804%)(0.000m),40.000(100.000%)(3.214m),10.890(27.224%)(0.095m),2823.938,8192.362,59.0,1.3031,"[1.383, 2.156, 2.485, 1.417, 2.280, 2.555]","[3.104, 3.794, 3.953, 3.122, 4.058, 4.288]","[-5.202, -5.364, -5.721, -5.114, -5.224, -5.502]"
221,2,-6.3650,-3.8805,0.176,118,287,18,0,0.644,45,0.45,4413,384.48,0,0,77.786(97.233%)(6.191m),113.000(99.706%)(9.964m),33.171(29.268%)(1.411m),17.170(15.150%)(0.000m),10.481(13.101%)(0.000m),40.000(100.000%)(3.214m),10.481(26.201%)(0.051m),5261.433,16205.660,56.4,1.1584,"[0.781, 1.776, 1.954, 0.871, 2.065, 2.169]","[2.728, 3.698, 3.661, 2.693, 4.135, 4.393]","[-5.486, -5.152, -5.674, -5.369, -4.939, -5.550]"
222,2,-3.0647,-3.8933,0.225,166,438,35,0,0.642,55,0.45,4430,519.45,0,0,65.000(81.250%)(4.821m),91.000(80.294%)(7.607m),62.378(55.040%)(4.541m),22.218(19.604%)(0.238m),11.682(14.602%)(0.000m),40.000(100.000%)(3.214m),9.832(24.581%)(0.000m),2691.570,8454.160,61.0,1.2464,"[0.086, 2.065, 2.665, 0.131, 2.217, 2.788]","[3.055, 3.911, 3.982, 3.013, 4.311, 4.167]","[-5.913, -6.299, -6.099, -5.016, -5.634, -5.736]"
223,2,-5.0850,-3.9155,0.204,380,960,67,71,0.641,75,0.45,4468,1303.29,0,0,10.834(13.543%)(0.000m),17.750(15.662%)(0.000m),34.290(30.256%)(1.531m),42.000(37.059%)(2.357m),21.000(26.250%)(0.107m),10.834(27.086%)(0.089m),27.000(67.500%)(1.821m),1225.302,10254.506,58.4,1.3510,"[0.914, 0.991, 0.475, 1.343, 1.278, 0.420]","[3.042, 3.686, 2.961, 3.461, 3.897, 2.935]","[-5.599, -4.703, -5.419, -5.384, -4.615, -5.632]"
224,2,-6.0659,-3.9583,0.199,75,184,18,0,0.640,35,0.45,4476,260.86,0,0,78.639(98.299%)(6.283m),113.333(100.000%)(10.000m),27.908(24.625%)(0.847m),15.619(13.782%)(0.000m),9.951(12.438%)(0.000m),40.000(100.000%)(3.214m),10.578(26.445%)(0.062m),8820.952,15721.593,56.7,1.3878,"[-0.789, 0.743, 1.508, -0.678, 0.882, 1.643]","[3.068, 3.643, 3.852, 3.092, 3.838, 4.192]","[-5.687, -5.172, -5.723, -5.460, -5.206, -5.720]"
225,2,-2.0626,-3.9089,0.196,232,583,32,0,0.639,65,0.44,4500,777.13,0,0,62.000(77.500%)(4.500m),76.000(67.059%)(6.000m),83.000(73.236%)(6.750m),24.491(21.610%)(0.481m),12.201(15.252%)(0.000m),40.000(100.000%)(3.214m),9.765(24.413%)(0.000m),3297.469,10393.981,58.2,1.3693,"[1.029, 2.039, 2.586, 1.236, 2.340, 2.828]","[3.392, 4.158, 4.249, 3.718, 4.723, 5.114]","[-6.107, -6.150, -6.806, -5.055, -5.310, -6.332]"
226,2,-0.4916,-3.8051,0.187,207,577,15,0,0.637,65,0.44,4521,688.22,0,0,35.000(43.750%)(1.607m),54.000(47.647%)(3.643m),38.503(33.973%)(1.982m),18.837(16.621%)(0.000m),11.181(13.977%)(0.000m),40.000(100.000%)(3.214m),10.779(26.947%)(0.083m),1122.342,5408.537,64.5,1.2773,"[1.269, 2.121, 2.008, 1.194, 2.273, 2.022]","[2.896, 3.865, 4.292, 2.861, 4.044, 4.386]","[-5.288, -5.293, -5.226, -5.316, -5.093, -5.294]"
227,2,-1.1860,-3.7141,0.179,393,1150,72,69,0.636,90,0.44,4561,1297.71,0,0,23.000(28.750%)(0.321m),73.000(64.412%)(5.679m),87.000(76.765%)(7.179m),26.000(22.941%)(0.643m),14.047(17.559%)(0.000m),15.000(37.500%)(0.536m),9.833(24.582%)(0.000m),0.000,5160.329,67.7,1.2970,"[0.218, 1.259, 1.622, 0.237, 1.408, 1.757]","[4.274, 4.198, 4.800, 4.021, 4.641, 5.208]","[-9.479, -6.550, -5.080, -7.716, -6.557, -4.549]"
228,2,-4.3638,-3.6967,0.179,139,362,16,0,0.635,50,0.44,4575,462.19,0,0,12.570(15.712%)(0.000m),25.601(22.589%)(0.600m),69.390(61.227%)(5.292m),110.000(97.059%)(9.643m),64.677(80.846%)(4.787m),9.933(24.833%)(0.000m),40.000(100.000%)(3.214m),3393.005,9519.051,60.3,1.2489,"[1.908, 1.387, -0.205, 2.022, 1.524, -0.174]","[2.850, 3.247, 2.778, 3.173, 3.418, 2.877]","[-2.693, -6.113, -7.015, -2.676, -5.695, -7.182]"
229,2,-1.8549,-3.6005,0.192,223,557,17,0,0.634,60,0.44,4598,715.62,0,0,10.771(13.463%)(0.000m),17.190(15.167%)(0.000m),31.623(27.903%)(1.245m),78.000(68.824%)(6.214m),66.000(82.500%)(4.929m),11.173(27.933%)(0.126m),40.000(100.000%)(3.214m),3557.929,8407.527,57.8,1.2314,"[1.997, 1.861, 1.514, 2.059, 2.067, 1.504]","[3.025, 3.293, 2.850, 3.094, 3.515, 3.008]","[-6.025, -5.094, -5.440, -5.323, -5.303, -6.015]"
230,2,-2.0574,-3.5825,0.162,260,667,17,0,0.632,70,0.43,4624,876.35,0,0,42.000(52.500%)(2.357m),67.000(59.118%)(5.036m),50.468(44.531%)(3.264m),20.737(18.297%)(0.079m),11.440(14.300%)(0.000m),40.000(100.000%)(3.214m),10.119(25.298%)(0.013m),3215.359,8671.325,59.4,1.5059,"[1.792, 2.147, 2.081, 1.867, 2.439, 2.248]","[2.924, 3.747, 3.776, 3.156, 4.397, 4.192]","[-5.683, -5.297, -5.367, -5.493, -5.013, -5.237]"
231,2,-3.9259,-3.5403,0.181,156,397,26,0,0.631,55,0.43,4640,522.12,0,0,77.786(97.233%)(6.191m),105.000(92.647%)(9.107m),101.268(89.354%)(8.707m),25.806(22.770%)(0.622m),12.482(15.602%)(0.000m),40.000(100.000%)(3.214m),9.739(24.346%)(0.000m),6601.711,12370.476,58.9,1.4685,"[0.788, 1.821, 2.250, 0.832, 2.105, 2.459]","[3.016, 3.402, 3.219, 3.209, 3.539, 3.250]","[-6.156, -6.935, -5.200, -5.406, -5.913, -4.122]"
232,2,-3.5768,-3.5293,0.180,229,601,13,0,0.630,65,0.43,4663,766.19,0,0,12.311(15.389%)(0.000m),25.073(22.123%)(0.544m),67.458(59.522%)(5.085m),65.000(57.353%)(4.821m),47.000(58.750%)(2.893m),9.728(24.321%)(0.000m),38.203(95.508%)(3.022m),1634.879,6239.966,60.7,1.3527,"[1.466, 1.320, 1.261, 1.471, 1.573, 1.349]","[2.759, 3.178, 3.023, 2.645, 3.416, 3.207]","[-4.064, -6.693, -6.819, -4.143, -6.354, -7.146]"
233,2,-2.3443,-3.4688,0.177,176,479,16,0,0.628,60,0.43,4681,556.46,0,0,11.159(13.949%)(0.000m),20.228(17.848%)(0.024m),49.229(43.438%)(3.132m),75.000(66.177%)(5.893m),51.000(63.750%)(3.321m),9.871(24.678%)(0.000m),40.000(100.000%)(3.214m),1331.916,6499.454,62.9,1.3358,"[1.668, 1.491, 0.668, 1.622, 1.603, 0.717]","[3.082, 3.476, 2.934, 3.065, 3.635, 3.146]","[-4.882, -5.821, -5.472, -4.750, -5.489, -5.465]"
234,2,-4.8424,-3.4404,0.169,287,741,17,11,0.627,70,0.43,4710,947.49,0,0,31.000(38.750%)(1.179m),50.000(44.118%)(3.214m),51.739(45.653%)(3.401m),21.259(18.758%)(0.135m),11.728(14.660%)(0.000m),40.000(100.000%)(3.214m),10.374(25.936%)(0.040m),5054.759,10399.434,59.8,1.3188,"[1.509, 1.794, 1.661, 1.517, 2.062, 1.827]","[3.090, 3.222, 2.961, 3.046, 3.552, 3.292]","[-6.046, -5.539, -5.383, -5.683, -5.035, -5.137]"
235,2,-0.5390,-3.4116,0.169,304,773,45,0,0.626,70,0.43,4741,1021.72,0,0,13.049(16.312%)(0.000m),28.207(24.889%)(0.879m),88.000(77.647%)(7.286m),79.000(69.706%)(6.321m),44.000(55.000%)(2.571m),9.668(24.171%)(0.000m),40.000(100.000%)(3.214m),4174.790,9322.932,58.8,1.3298,"[1.747, 1.859, 1.080, 1.879, 2.002, 1.061]","[2.608, 3.014, 2.576, 2.658, 3.269, 2.648]","[-1.772, -2.788, -6.324, -0.624, -2.926, -6.632]"
236,2,-6.5971,-3.4644,0.176,455,1146,49,34,0.625,80,0.42,4787,1476.96,0,0,23.882(29.852%)(0.416m),43.000(37.941%)(2.464m),54.000(47.647%)(3.643m),28.478(25.128%)(0.908m),13.141(16.426%)(0.000m),16.990(42.474%)(0.749m),9.609(24.023%)(0.000m),1688.942,12294.486,58.3,1.3179,"[1.187, 1.689, 1.484, 1.316, 2.080, 1.635]","[2.872, 4.120, 3.791, 3.280, 4.722, 4.004]","[-6.136, -4.780, -0.714, -5.262, -4.080, -0.750]"
237,2,-7.1526,-3.5504,0.161,279,703,17,0,0.623,70,0.42,4815,887.05,0,0,24.364(30.455%)(0.468m),32.356(28.549%)(1.324m),16.452(14.516%)(0.000m),11.558(10.198%)(0.000m),8.649(10.811%)(0.000m),17.345(43.362%)(0.787m),12.474(31.185%)(0.265m),1433.087,14435.565,58.3,1.3499,"[0.850, 1.034, 0.625, 0.977, 1.161, 0.654]","[2.674, 3.113, 2.321, 2.878, 3.311, 2.479]","[-5.611, -5.126, -6.383, -4.898, -5.203, -6.420]"
238,2,-5.2770,-3.6608,0.168,167,453,18,0,0.622,60,0.42,4832,566.07,0,0,49.000(61.250%)(3.107m),57.000(50.294%)(3.964m),23.979(21.158%)(0.426m),14.299(12.617%)(0.000m),9.470(11.838%)(0.000m),40.000(100.000%)(3.214m),10.706(26.766%)(0.076m),1569.011,6068.143,62.8,1.4208,"[0.485, 0.770, 0.952, 0.439, 0.896, 0.983]","[2.083, 2.829, 2.984, 2.233, 3.044, 3.047]","[-5.731, -5.089, -5.420, -5.470, -5.194, -5.451]"
239,2,-2.7346,-3.5901,0.153,222,591,47,19,0.621,65,0.42,4855,748.44,0,0,23.000(28.750%)(0.321m),22.000(19.412%)(0.214m),32.000(28.235%)(1.286m),88.222(77.844%)(7.310m),48.222(60.277%)(3.024m),40.000(100.000%)(3.214m),40.000(100.000%)(3.214m),0.000,3753.771,61.6,1.4023,"[0.871, 0.713, 0.525, 0.911, 0.792, 0.521]","[2.078, 2.945, 2.394, 2.153, 3.136, 2.547]","[-4.101, -5.771, -9.002, -3.525, -5.320, -9.683]"
240,2,-2.1459,-3.5296,0.175,246,628,15,0,0.620,65,0.42,4880,777.97,0,0,10.603(13.253%)(0.000m),17.370(15.327%)(0.000m),33.557(29.609%)(1.453m),67.000(59.118%)(5.036m),51.000(63.750%)(3.321m),10.603(26.506%)(0.065m),40.000(100.000%)(3.214m),1916.929,7067.921,59.1,1.2759,"[1.487, 1.336, 1.030, 1.530, 1.560, 1.049]","[2.521, 2.840, 2.431, 2.506, 3.051, 2.491]","[-5.689, -5.719, -5.455, -5.129, -5.577, -5.324]"
241,2,-3.5100,-3.5121,0.178,155,399,15,0,0.618,55,0.41,4896,535.84,0,0,10.998(13.748%)(0.000m),18.896(16.673%)(0.000m),40.313(35.570%)(2.176m),94.000(82.941%)(7.929m),76.230(95.288%)(6.025m),10.346(25.864%)(0.037m),40.000(100.000%)(3.214m),5299.414,9338.634,59.5,1.4667,"[1.712, 1.614, 0.938, 1.646, 1.754, 1.048]","[2.660, 3.094, 2.280, 2.616, 3.380, 2.555]","[-5.786, -5.315, -5.448, -5.260, -5.637, -5.712]"
242,2,-4.1404,-3.5164,0.156,98,265,16,0,0.617,45,0.41,4906,339.40,0,0,77.786(97.233%)(6.191m),97.112(85.687%)(8.262m),24.747(21.835%)(0.509m),14.756(13.020%)(0.000m),9.773(12.217%)(0.000m),40.000(100.000%)(3.214m),11.049(27.622%)(0.112m),2883.005,7211.526,62.7,0.0000,"[-0.103, 0.470, 0.718, -0.191, 0.539, 0.712]","[2.339, 3.082, 2.580, 2.307, 3.222, 2.731]","[-5.863, -5.392, -5.940, -5.929, -5.550, -6.070]"
243,2,-1.7089,-3.4497,0.167,230,592,17,0,0.616,65,0.41,4929,773.83,0,0,10.906(13.632%)(0.000m),17.867(15.765%)(0.000m),34.516(30.455%)(1.555m),59.000(52.059%)(4.179m),53.000(66.250%)(3.536m),10.906(27.264%)(0.097m),40.000(100.000%)(3.214m),1816.606,5849.456,59.6,1.4129,"[1.006, 0.845, 0.860, 1.156, 1.068, 0.832]","[2.422, 2.798, 2.662, 2.334, 3.086, 2.841]","[-5.663, -5.601, -5.158, -4.872, -5.326, -5.287]"
244,2,-5.2604,-3.4567,0.149,142,355,15,0,0.615,50,0.41,4944,502.43,0,0,77.786(97.233%)(6.191m),100.000(88.236%)(8.571m),34.038(30.034%)(1.504m),17.619(15.547%)(0.000m),10.755(13.443%)(0.000m),40.000(100.000%)(3.214m),10.755(26.887%)(0.081m),5056.745,11463.539,57.8,1.3495,"[0.345, 0.679, 1.415, 0.500, 1.011, 1.574]","[2.436, 2.893, 2.795, 2.537, 3.069, 3.013]","[-5.063, -5.257, -5.261, -5.123, -5.016, -5.252]"
245,2,-5.4932,-3.5054,0.152,214,530,18,0,0.614,60,0.41,4966,670.16,0,0,59.828(74.785%)(4.267m),82.000(72.353%)(6.643m),33.207(29.300%)(1.415m),17.189(15.167%)(0.000m),10.492(13.115%)(0.000m),40.000(100.000%)(3.214m),10.492(26.230%)(0.053m),3333.392,10856.550,57.3,1.1692,"[1.185, 1.394, 1.472, 1.266, 1.682, 1.564]","[2.801, 3.116, 2.955, 3.143, 3.494, 3.417]","[-5.651, -5.281, -5.472, -5.478, -5.263, -5.455]"
246,2,-1.6807,-3.4538,0.166,219,618,94,0,0.612,70,0.41,4988,685.92,0,0,38.000(47.500%)(1.929m),92.000(81.177%)(7.714m),102.460(90.406%)(8.835m),26.110(23.038%)(0.655m),12.629(15.786%)(0.000m),32.000(80.000%)(2.357m),9.853(24.633%)(0.000m),2703.747,6300.460,65.3,1.4401,"[0.063, 1.548, 2.153, 0.024, 1.809, 2.238]","[3.279, 2.929, 3.532, 2.996, 3.355, 3.903]","[-5.813, -6.036, -0.423, -4.891, -5.407, 0.473]"
247,2,-6.4145,-3.5141,0.152,269,670,54,0,0.611,65,0.40,5015,915.87,0,0,12.347(15.433%)(0.000m),25.146(22.188%)(0.551m),67.016(59.132%)(5.037m),64.000(56.471%)(4.714m),56.000(70.000%)(3.857m),9.757(24.392%)(0.000m),40.000(100.000%)(3.214m),8692.071,17837.340,57.6,1.3895,"[1.409, 1.440, 0.565, 1.565, 1.563, 0.692]","[2.515, 2.812, 2.421, 2.944, 2.815, 2.634]","[-4.763, -6.721, -6.953, -4.632, -6.500, -7.145]"
248,2,-4.3794,-3.4796,0.160,538,1507,7,181,0.610,95,0.40,5069,1858.95,0,0,22.000(27.500%)(0.214m),45.000(39.706%)(2.679m),63.000(55.588%)(4.607m),47.000(41.471%)(2.893m),12.000(15.000%)(0.000m),18.000(45.000%)(0.857m),11.000(27.500%)(0.107m),516.902,4527.249,64.8,1.3369,"[1.382, 1.418, 1.093, 1.371, 1.668, 1.129]","[2.944, 3.117, 2.883, 3.067, 3.348, 2.656]","[-4.319, -2.571, -6.417, -4.610, -1.983, -6.605]"
249,2,-2.6541,-3.4382,0.176,381,1023,75,84,0.609,80,0.40,5108,1340.97,0,0,19.000(23.750%)(0.000m),56.000(49.412%)(3.857m),34.700(30.618%)(1.575m),17.962(15.849%)(0.000m),10.964(13.705%)(0.000m),13.000(32.500%)(0.321m),10.964(27.409%)(0.103m),1207.706,5518.012,62.2,1.5051,"[0.956, 1.495, 1.331, 1.065, 1.788, 1.370]","[3.614, 3.430, 3.571, 3.783, 3.832, 3.603]","[-4.830, -5.094, -5.268, -4.996, -5.125, -5.323]"
250,2,-3.8686,-3.4256,0.172,307,823,83,30,0.607,75,0.40,5139,1029.64,0,0,12.000(15.000%)(0.000m),92.000(81.177%)(7.714m),113.333(100.000%)(10.000m),29.806(26.299%)(1.051m),13.765(17.206%)(0.000m),11.000(27.500%)(0.107m),9.640(24.099%)(0.000m),3911.137,10629.510,62.1,1.3728,"[1.141, 1.629, 1.844, 1.337, 2.015, 2.056]","[3.285, 3.166, 3.525, 3.219, 3.486, 3.937]","[-5.362, -4.717, -1.874, -4.713, -4.144, -1.772]"
251,2,0.6279,-3.4068,0.185,269,692,0,12,0.606,70,0.40,5166,929.19,0,0,53.031(66.289%)(3.539m),109.639(96.740%)(9.604m),80.000(70.588%)(6.429m),20.000(17.647%)(0.000m),25.000(31.250%)(0.536m),38.771(96.928%)(3.083m),40.000(100.000%)(3.214m),0.000,5501.889,59.5,1.3146,"[1.201, 1.530, 1.503, 1.306, 1.699, 1.453]","[2.977, 3.160, 2.716, 2.901, 3.286, 2.789]","[-6.764, -5.240, -4.717, -4.655, -5.242, -5.185]"
252,2,-3.3603,-3.4205,0.150,181,438,17,0,0.605,55,0.40,5185,585.36,0,0,12.614(15.768%)(0.000m),26.410(23.303%)(0.687m),69.565(61.381%)(5.311m),100.000(88.236%)(8.571m),67.538(84.423%)(5.093m),9.716(24.290%)(0.000m),40.000(100.000%)(3.214m),5805.923,13132.539,56.0,1.2649,"[1.770, 0.658, 0.184, 1.927, 0.981, 0.212]","[2.787, 3.100, 2.640, 3.041, 3.259, 2.809]","[-3.371, -6.109, -7.735, -3.096, -5.969, -7.902]"
253,2,-3.4805,-3.4210,0.168,193,511,17,0,0.604,60,0.40,5205,609.10,0,0,54.000(67.500%)(3.643m),62.000(54.706%)(4.500m),23.881(21.072%)(0.416m),14.240(12.565%)(0.000m),9.431(11.789%)(0.000m),40.000(100.000%)(3.214m),10.662(26.656%)(0.071m),1401.915,5691.370,61.3,1.2297,"[1.060, 1.255, 1.202, 1.033, 1.342, 1.149]","[2.808, 3.144, 2.551, 2.734, 3.185, 2.524]","[-5.063, -4.964, -5.413, -5.438, -4.928, -5.294]"
254,2,-3.4130,-3.4018,0.171,179,435,16,0,0.603,55,0.39,5223,612.99,0,0,66.162(82.703%)(4.946m),99.000(87.353%)(8.464m),51.599(45.528%)(3.386m),21.201(18.707%)(0.129m),11.696(14.621%)(0.000m),40.000(100.000%)(3.214m),10.346(25.865%)(0.037m),6025.789,12548.636,56.3,1.4862,"[0.480, 1.176, 1.672, 0.547, 1.409, 1.820]","[2.599, 3.028, 2.773, 2.588, 3.220, 3.000]","[-5.227, -5.587, -5.821, -5.463, -5.346, -5.476]"
255,2,-4.0609,-3.3725,0.160,258,730,64,76,0.601,75,0.39,5249,875.30,0,0,20.955(26.193%)(0.102m),43.844(38.686%)(2.555m),113.333(100.000%)(10.000m),35.000(30.882%)(1.607m),17.000(21.250%)(0.000m),14.808(37.019%)(0.515m),10.000(25.000%)(0.000m),3082.643,7862.996,65.5,1.4013,"[0.471, 0.666, 0.275, 0.698, 0.843, 0.298]","[2.629, 2.882, 2.522, 2.618, 3.076, 2.776]","[-5.878, -4.652, -4.964, -4.235, -3.838, -4.839]"
256,2,-6.0055,-3.4053,0.147,88,213,18,0,0.600,40,0.39,5258,303.87,0,0,11.300(14.125%)(0.000m),20.483(18.073%)(0.052m),49.850(43.985%)(3.198m),113.333(100.000%)(10.000m),77.067(96.334%)(6.114m),9.995(24.989%)(0.000m),40.000(100.000%)(3.214m),6543.042,18715.435,56.0,1.3083,"[0.639, -0.868, -1.550, 0.641, -0.536, -1.463]","[2.730, 2.886, 2.523, 2.873, 3.155, 2.727]","[-5.426, -5.065, -5.703, -5.051, -5.328, -5.861]"
257,2,-3.4390,-3.4514,0.138,158,399,13,0,0.599,55,0.39,5274,573.27,0,0,12.427(15.534%)(0.000m),24.944(22.009%)(0.530m),64.311(56.745%)(4.748m),95.000(83.824%)(8.036m),77.067(96.334%)(6.114m),9.946(24.864%)(0.000m),40.000(100.000%)(3.214m),3782.736,10206.145,58.4,1.3440,"[1.448, 1.107, 0.444, 1.451, 1.243, 0.450]","[2.833, 3.134, 2.734, 2.782, 3.274, 2.762]","[-4.519, -6.712, -6.925, -4.506, -6.601, -6.930]"
258,2,-5.4956,-3.4767,0.155,154,396,15,0,0.598,55,0.39,5290,523.54,0,0,11.732(14.665%)(0.000m),22.313(19.688%)(0.248m),59.312(52.334%)(4.212m),97.000(85.588%)(8.250m),58.142(72.677%)(4.087m),9.874(24.685%)(0.000m),40.000(100.000%)(3.214m),3101.248,8469.570,59.5,1.2967,"[1.078, 0.332, 0.029, 1.207, 0.637, 0.078]","[2.907, 3.089, 2.750, 2.882, 3.277, 2.945]","[-5.168, -5.042, -5.685, -4.911, -5.264, -5.836]"
259,2,-3.4461,-3.5135,0.177,205,555,0,16,0.597,65,0.39,5311,703.58,0,0,39.410(49.262%)(2.080m),81.477(71.892%)(6.587m),60.000(52.941%)(4.286m),21.000(18.529%)(0.107m),25.000(31.250%)(0.536m),28.339(70.849%)(1.965m),40.000(100.000%)(3.214m),0.000,5794.599,62.7,1.3526,"[0.780, 1.047, 1.279, 0.933, 1.312, 1.383]","[2.623, 3.236, 2.759, 2.641, 3.486, 2.840]","[-6.327, -4.208, -3.559, -4.220, -4.036, -3.572]"
260,2,-5.6682,-3.5518,0.155,168,406,18,0,0.595,55,0.38,5328,560.82,0,0,77.786(97.233%)(6.191m),102.000(90.000%)(8.786m),36.026(31.787%)(1.717m),17.977(15.862%)(0.000m),10.773(13.466%)(0.000m),40.000(100.000%)(3.214m),10.513(26.282%)(0.055m),7581.840,18067.036,56.0,1.4557,"[1.241, 1.847, 1.941, 1.514, 2.217, 2.192]","[3.080, 3.474, 3.027, 3.639, 3.672, 3.587]","[-5.773, -5.390, -5.187, -5.548, -5.178, -4.927]"
261,2,-3.5222,-3.5387,0.202,330,858,19,38,0.594,75,0.38,5361,1116.37,0,0,20.000(25.000%)(0.000m),33.000(29.118%)(1.393m),68.000(60.000%)(5.143m),25.699(22.675%)(0.611m),12.430(15.538%)(0.000m),32.000(80.000%)(2.357m),9.698(24.245%)(0.000m),458.001,6412.407,60.1,1.4275,"[1.467, 1.358, 1.361, 1.481, 1.621, 1.443]","[3.385, 3.554, 3.209, 3.235, 3.655, 3.187]","[-5.729, -5.940, -4.667, -5.526, -5.262, -4.050]"
262,2,-4.2768,-3.5453,0.156,181,481,15,0,0.593,60,0.38,5380,605.71,0,0,56.000(70.000%)(3.857m),79.000(69.706%)(6.321m),52.730(46.526%)(3.507m),20.986(18.517%)(0.106m),11.445(14.306%)(0.000m),40.000(100.000%)(3.214m),9.999(24.998%)(0.000m),5898.310,9667.023,61.5,1.4767,"[1.663, 1.863, 1.924, 1.699, 2.126, 2.081]","[3.144, 3.363, 3.616, 3.116, 3.613, 3.812]","[-5.263, -5.018, -5.280, -5.727, -4.993, -5.300]"
263,2,-5.1458,-3.5940,0.164,102,265,25,0,0.592,45,0.38,5391,343.03,0,0,78.639(98.299%)(6.283m),113.333(100.000%)(10.000m),88.824(78.375%)(7.374m),27.210(24.009%)(0.773m),12.822(16.027%)(0.000m),40.000(100.000%)(3.214m),9.750(24.374%)(0.000m),4695.903,11086.281,60.0,1.3752,"[-1.655, 0.057, 2.031, -1.427, 0.260, 2.311]","[2.949, 3.463, 3.077, 3.105, 3.744, 3.288]","[-5.391, -6.634, -4.555, -5.198, -5.876, -3.805]"
264,2,-3.0425,-3.6286,0.163,189,484,17,0,0.591,60,0.38,5410,632.07,0,0,10.370(12.963%)(0.000m),17.145(15.128%)(0.000m),33.718(29.752%)(1.470m),89.000(78.530%)(7.393m),67.000(83.750%)(5.036m),10.244(25.610%)(0.026m),40.000(100.000%)(3.214m),4835.810,10126.881,59.2,1.2550,"[1.874, 1.911, 1.356, 1.893, 2.063, 1.424]","[3.125, 3.460, 3.202, 3.151, 3.652, 3.284]","[-5.692, -5.686, -5.517, -5.235, -5.550, -5.316]"
265,2,-5.0623,-3.6657,0.173,364,962,49,20,0.589,80,0.38,5447,1169.77,0,0,18.400(22.999%)(0.000m),38.387(33.871%)(1.970m),96.204(84.886%)(8.165m),64.000(56.471%)(4.714m),31.000(38.750%)(1.179m),12.952(32.381%)(0.316m),11.000(27.500%)(0.107m),3792.144,9755.724,61.2,1.2608,"[1.401, 1.268, 0.585, 1.666, 1.574, 0.711]","[3.098, 3.509, 2.802, 3.157, 3.685, 2.996]","[-3.470, -3.888, -5.328, -2.434, -3.103, -5.127]"
266,2,-6.3490,-3.7508,0.196,335,843,102,22,0.588,75,0.38,5481,1118.49,0,0,50.583(63.228%)(3.277m),25.000(22.059%)(0.536m),22.000(19.412%)(0.214m),20.000(17.647%)(0.000m),19.222(24.027%)(0.000m),40.000(100.000%)(3.214m),13.595(33.989%)(0.385m),0.000,11024.954,58.2,1.4157,"[1.026, 1.982, 1.680, 1.244, 2.195, 1.813]","[3.222, 3.619, 3.445, 3.411, 3.883, 4.021]","[-5.867, -4.662, -7.208, -5.149, -4.735, -7.734]"
267,2,-5.8665,-3.7669,0.195,172,452,16,0,0.587,60,0.37,5499,583.28,0,0,57.128(71.410%)(3.978m),84.000(74.118%)(6.857m),73.175(64.566%)(5.697m),26.976(23.803%)(0.747m),12.681(15.852%)(0.000m),40.000(100.000%)(3.214m),9.643(24.107%)(0.000m),2388.722,7416.522,60.8,1.4259,"[0.307, 0.735, 1.479, 0.359, 0.880, 1.542]","[3.278, 3.429, 2.986, 3.280, 3.673, 3.132]","[-5.210, -5.718, -4.262, -4.926, -5.161, -3.624]"
268,2,-1.1964,-3.7381,0.203,254,636,16,0,0.586,65,0.37,5525,843.90,0,0,57.000(71.250%)(3.964m),67.000(59.118%)(5.036m),39.992(35.287%)(2.142m),19.163(16.908%)(0.000m),11.265(14.081%)(0.000m),40.000(100.000%)(3.214m),10.727(26.817%)(0.078m),2630.505,7853.055,57.9,1.3643,"[1.622, 2.049, 2.077, 1.623, 2.247, 2.187]","[3.321, 3.445, 3.168, 3.226, 3.600, 3.450]","[-5.436, -5.280, -5.639, -5.843, -5.351, -5.359]"
269,2,-3.7592,-3.7911,0.177,172,467,20,0,0.585,60,0.37,5543,573.61,0,0,54.000(67.500%)(3.643m),74.000(65.294%)(5.786m),55.019(48.546%)(3.752m),21.175(18.684%)(0.126m),11.412(14.265%)(0.000m),40.000(100.000%)(3.214m),9.847(24.618%)(0.000m),2069.052,5519.029,62.9,1.2675,"[1.159, 1.495, 1.625, 1.096, 1.630, 1.647]","[2.898, 3.540, 3.501, 2.867, 3.737, 3.479]","[-5.048, -4.756, -4.735, -5.217, -4.753, -4.596]"
270,2,-4.1251,-3.8186,0.165,236,622,61,0,0.584,65,0.37,5567,772.13,0,0,44.000(55.000%)(2.571m),76.000(67.059%)(6.000m),62.873(55.476%)(4.594m),22.394(19.760%)(0.257m),11.775(14.718%)(0.000m),40.000(100.000%)(3.214m),9.910(24.776%)(0.000m),3033.883,7274.782,61.0,1.2691,"[0.342, 1.243, 1.990, 0.403, 1.480, 2.171]","[3.496, 3.622, 3.509, 3.818, 3.918, 3.990]","[-5.973, -5.547, -5.996, -5.501, -5.134, -5.805]"
271,2,-2.3877,-3.7391,0.170,191,499,23,0,0.582,60,0.37,5587,622.63,0,0,58.000(72.500%)(4.071m),81.000(71.471%)(6.536m),50.719(44.752%)(3.291m),20.840(18.388%)(0.090m),11.497(14.371%)(0.000m),40.000(100.000%)(3.214m),10.170(25.424%)(0.018m),3224.393,8431.480,60.4,1.4278,"[1.103, 1.955, 1.915, 1.126, 2.206, 2.047]","[3.208, 3.175, 3.263, 3.228, 3.431, 3.570]","[-5.796, -5.588, -5.377, -5.493, -5.215, -5.273]"
272,2,-3.2275,-3.7423,0.174,444,1255,195,7,0.581,90,0.37,5632,1458.18,0,0,10.054(12.568%)(0.000m),15.655(13.813%)(0.000m),27.592(24.346%)(0.813m),34.000(30.000%)(1.500m),19.190(23.987%)(0.000m),10.820(27.050%)(0.088m),13.507(33.768%)(0.376m),516.597,4755.815,65.4,1.3399,"[1.315, 2.121, 1.749, 1.370, 2.272, 1.829]","[3.518, 3.682, 3.654, 3.921, 4.184, 3.918]","[-7.312, -5.160, -4.761, -6.241, -5.588, -5.200]"
273,2,-0.5679,-3.6520,0.169,275,761,92,0,0.580,75,0.37,5660,887.73,0,0,40.000(50.000%)(2.143m),58.000(51.177%)(4.071m),79.000(69.706%)(6.321m),28.953(25.546%)(0.959m),13.303(16.629%)(0.000m),29.000(72.500%)(2.036m),9.728(24.319%)(0.000m),979.696,5250.287,64.0,1.4365,"[0.294, 1.879, 2.279, 0.296, 2.041, 2.330]","[3.371, 3.413, 3.661, 3.300, 3.714, 3.757]","[-5.516, -5.416, -0.321, -5.682, -5.093, 0.363]"
274,2,-3.1137,-3.5929,0.169,249,653,42,0,0.579,70,0.36,5685,832.24,0,0,11.487(14.358%)(0.000m),21.063(18.585%)(0.114m),52.922(46.696%)(3.527m),72.000(63.530%)(5.571m),42.000(52.500%)(2.357m),10.036(25.089%)(0.004m),40.000(100.000%)(3.214m),5084.444,10682.324,60.7,1.4609,"[1.605, 1.529, 0.733, 1.734, 1.791, 0.870]","[3.070, 3.103, 2.615, 3.071, 3.259, 2.781]","[-4.609, -5.695, -5.596, -4.545, -5.520, -5.228]"
275,2,-3.8056,-3.6278,0.177,279,690,18,0,0.578,65,0.36,5713,917.35,0,0,50.605(63.256%)(3.279m),57.000(50.294%)(3.964m),25.650(22.632%)(0.605m),15.295(13.495%)(0.000m),10.130(12.662%)(0.000m),37.112(92.780%)(2.905m),11.452(28.630%)(0.156m),3021.985,7263.460,57.3,1.2935,"[0.938, 1.100, 1.458, 1.018, 1.326, 1.453]","[2.744, 3.275, 2.680, 2.711, 3.415, 2.820]","[-5.539, -5.182, -5.318, -5.355, -5.292, -5.427]"
276,2,-2.1240,-3.6604,0.181,204,570,10,12,0.577,65,0.36,5734,696.83,0,0,29.000(36.250%)(0.964m),44.000(38.824%)(2.571m),60.248(53.160%)(4.312m),22.467(19.824%)(0.264m),11.812(14.766%)(0.000m),40.000(100.000%)(3.214m),9.942(24.855%)(0.000m),566.605,4197.240,64.6,1.4298,"[1.095, 1.337, 1.197, 1.013, 1.442, 1.167]","[2.731, 3.343, 3.229, 2.771, 3.583, 3.060]","[-5.277, -5.185, -5.886, -5.677, -5.047, -5.753]"
277,2,-3.3435,-3.7036,0.190,350,958,26,105,0.575,80,0.36,5769,1164.21,0,0,24.000(30.000%)(0.429m),43.000(37.941%)(2.464m),50.165(44.264%)(3.232m),20.612(18.187%)(0.066m),11.372(14.214%)(0.000m),19.000(47.500%)(0.964m),10.059(25.147%)(0.006m),984.967,5573.536,63.4,1.3120,"[1.290, 1.360, 1.354, 1.495, 1.780, 1.445]","[3.364, 3.143, 2.879, 3.480, 3.880, 3.038]","[-5.904, -5.290, -5.925, -5.938, -5.566, -6.085]"
278,2,-2.6048,-3.6684,0.167,243,661,34,0,0.574,70,0.36,5794,785.41,0,0,40.000(50.000%)(2.143m),51.000(45.000%)(3.321m),62.000(54.706%)(4.500m),27.856(24.579%)(0.842m),12.957(16.197%)(0.000m),40.000(100.000%)(3.214m),9.726(24.315%)(0.000m),893.722,5373.610,63.0,1.3419,"[0.108, 1.385, 1.816, 0.089, 1.460, 1.789]","[2.884, 3.172, 3.271, 2.905, 3.319, 3.162]","[-5.971, -5.350, -2.181, -5.976, -4.884, -1.620]"
279,2,-8.0712,-3.7927,0.173,267,730,114,103,0.573,75,0.36,5821,863.11,0,0,18.871(23.589%)(0.000m),40.029(35.320%)(2.146m),113.333(100.000%)(10.000m),32.000(28.235%)(1.286m),12.000(15.000%)(0.000m),13.265(33.163%)(0.350m),10.000(25.000%)(0.000m),4614.971,9360.100,63.3,1.4234,"[0.267, 0.758, 0.091, 0.717, 1.012, 0.256]","[2.911, 3.475, 2.632, 2.820, 3.819, 2.937]","[-6.012, -3.276, -4.555, -4.407, -3.495, -4.149]"
280,2,-1.4755,-3.7811,0.180,222,583,19,0,0.572,65,0.36,5844,773.68,0,0,47.000(58.750%)(2.893m),65.000(57.353%)(4.821m),45.706(40.329%)(2.754m),19.894(17.554%)(0.000m),11.222(14.027%)(0.000m),40.000(100.000%)(3.214m),10.174(25.436%)(0.019m),1488.690,6869.221,60.8,1.3693,"[0.792, 1.835, 1.722, 0.709, 1.969, 1.826]","[2.829, 3.217, 3.128, 2.806, 3.488, 3.398]","[-6.506, -5.015, -5.125, -6.560, -5.000, -5.076]"
281,2,0.5219,-3.6921,0.149,212,570,2,12,0.571,65,0.36,5866,720.84,0,0,27.000(33.750%)(0.750m),21.000(18.529%)(0.107m),56.000(49.412%)(3.857m),97.654(86.166%)(8.320m),49.996(62.495%)(3.214m),40.000(100.000%)(3.214m),36.272(90.679%)(2.815m),0.000,4171.494,62.2,1.2879,"[1.676, 1.511, 1.179, 1.693, 1.757, 1.181]","[2.581, 2.842, 2.677, 2.652, 3.038, 2.823]","[-8.274, -8.374, -8.006, -8.809, -8.525, -8.288]"
282,2,0.2688,-3.6152,0.165,190,521,20,15,0.570,65,0.35,5885,657.10,0,0,68.857(86.071%)(5.235m),21.000(18.529%)(0.107m),20.000(17.647%)(0.000m),113.333(100.000%)(10.000m),56.560(70.700%)(3.917m),40.000(100.000%)(3.214m),40.000(100.000%)(3.214m),0.000,3255.588,63.5,1.3806,"[1.248, 1.255, 1.002, 1.300, 1.360, 0.949]","[2.361, 2.860, 2.586, 2.505, 3.154, 2.775]","[-4.447, -2.706, -3.311, -4.180, -3.618, -3.491]"
283,2,-0.2358,-3.5730,0.171,376,948,66,5,0.569,75,0.35,5923,1221.30,0,0,31.000(38.750%)(1.179m),56.000(49.412%)(3.857m),70.000(61.765%)(5.357m),28.744(25.362%)(0.937m),13.324(16.655%)(0.000m),40.000(100.000%)(3.214m),9.616(24.039%)(0.000m),1609.464,9686.825,58.4,1.2776,"[0.675, 0.931, 1.207, 0.709, 1.242, 1.316]","[3.044, 3.197, 3.112, 3.586, 3.568, 3.512]","[-5.853, -5.718, -4.679, -6.004, -5.347, -4.131]"
284,2,-0.4837,-3.4859,0.180,281,720,17,0,0.567,70,0.35,5952,1000.64,0,0,11.308(14.135%)(0.000m),20.497(18.086%)(0.053m),49.886(44.017%)(3.202m),59.000(52.059%)(4.179m),39.000(48.750%)(2.036m),10.003(25.007%)(0.000m),40.000(100.000%)(3.214m),1253.558,6845.055,59.3,1.4243,"[1.727, 1.578, 1.130, 1.802, 1.796, 1.094]","[3.077, 3.412, 3.023, 3.019, 3.542, 3.111]","[-5.580, -5.826, -5.307, -5.218, -5.786, -5.508]"
285,2,-3.4406,-3.5439,0.165,213,546,19,0,0.566,65,0.35,5974,720.21,0,0,58.000(72.500%)(4.071m),69.000(60.883%)(5.250m),56.690(50.021%)(3.931m),21.877(19.303%)(0.201m),11.648(14.559%)(0.000m),40.000(100.000%)(3.214m),9.926(24.816%)(0.000m),1861.290,8440.045,59.3,1.4712,"[0.503, 1.034, 1.574, 0.504, 1.194, 1.634]","[2.918, 3.009, 2.815, 2.862, 3.234, 3.016]","[-5.500, -5.207, -5.362, -5.931, -5.164, -4.958]"
286,2,-1.8872,-3.4497,0.176,238,640,13,0,0.565,70,0.35,5998,820.31,0,0,34.000(42.500%)(1.500m),51.000(45.000%)(3.321m),68.343(60.303%)(5.180m),24.704(21.797%)(0.504m),12.307(15.384%)(0.000m),40.000(100.000%)(3.214m),9.850(24.625%)(0.000m),1631.088,5807.870,62.2,1.4254,"[0.979, 1.309, 1.390, 0.884, 1.447, 1.366]","[2.529, 3.036, 2.690, 2.475, 3.230, 2.816]","[-5.673, -5.696, -6.281, -6.088, -5.269, -5.878]"
287,2,-2.7484,-3.3616,0.162,210,566,21,0,0.564,65,0.35,6019,716.52,0,0,40.000(50.000%)(2.143m),53.000(46.765%)(3.536m),50.339(44.417%)(3.251m),20.684(18.250%)(0.073m),11.411(14.264%)(0.000m),40.000(100.000%)(3.214m),10.094(25.234%)(0.010m),783.522,5237.696,62.4,1.5352,"[0.546, 1.020, 1.139, 0.505, 1.111, 1.008]","[2.657, 3.027, 2.585, 2.647, 3.180, 2.702]","[-5.095, -5.091, -5.396, -5.301, -4.809, -5.211]"
288,2,-4.1659,-3.3394,0.160,424,1077,85,38,0.563,80,0.35,6062,1384.21,0,0,13.190(16.488%)(0.000m),28.428(25.084%)(0.903m),75.720(66.812%)(5.970m),48.000(42.353%)(3.000m),25.000(31.250%)(0.536m),9.773(24.432%)(0.000m),22.000(55.000%)(1.286m),5366.143,12736.654,58.8,1.2894,"[0.986, 1.311, 0.749, 1.163, 1.543, 0.895]","[3.075, 3.361, 3.010, 3.014, 3.543, 3.042]","[-5.925, -7.123, -8.090, -4.505, -7.481, -8.321]"
289,2,0.3863,-3.2770,0.148,220,586,39,28,0.562,65,0.35,6084,733.85,0,0,24.000(30.000%)(0.429m),20.000(17.647%)(0.000m),32.000(28.235%)(1.286m),112.711(99.451%)(9.933m),54.517(68.146%)(3.698m),40.000(100.000%)(3.214m),40.000(100.000%)(3.214m),0.000,3220.630,61.6,1.2857,"[1.146, 1.184, 0.659, 1.217, 1.271, 0.553]","[2.649, 3.348, 2.713, 2.718, 3.565, 2.921]","[-7.446, -8.032, -11.624, -5.738, -7.664, -12.241]"
290,2,-2.9658,-3.2934,0.174,291,765,20,10,0.561,75,0.34,6114,1004.81,0,0,29.000(36.250%)(0.964m),43.000(37.941%)(2.464m),51.945(45.834%)(3.423m),20.674(18.242%)(0.072m),11.275(14.094%)(0.000m),40.000(100.000%)(3.214m),9.850(24.626%)(0.000m),746.135,5196.652,60.8,1.3685,"[1.033, 1.565, 1.593, 0.978, 1.750, 1.588]","[2.799, 3.249, 3.044, 2.669, 3.519, 3.122]","[-6.298, -5.333, -5.843, -6.448, -5.056, -5.542]"
291,2,-2.5676,-3.2745,0.177,253,649,18,0,0.560,65,0.34,6140,877.64,0,0,12.922(16.152%)(0.000m),27.652(24.399%)(0.820m),70.000(61.765%)(5.357m),57.000(50.294%)(3.964m),48.000(60.000%)(3.000m),9.699(24.248%)(0.000m),40.000(100.000%)(3.214m),2253.198,6888.735,59.3,1.3557,"[1.580, 1.359, 0.686, 1.754, 1.515, 0.704]","[3.220, 3.440, 2.950, 3.110, 3.701, 3.171]","[-3.674, -6.208, -6.979, -2.998, -6.399, -6.766]"
292,2,-2.8853,-3.2494,0.166,302,781,30,0,0.558,75,0.34,6171,1002.89,0,0,36.000(45.000%)(1.714m),64.000(56.471%)(4.714m),46.639(41.152%)(2.854m),20.300(17.912%)(0.032m),11.451(14.314%)(0.000m),40.000(100.000%)(3.214m),10.382(25.955%)(0.041m),2815.697,10343.993,59.9,1.4239,"[1.308, 1.932, 1.782, 1.416, 2.283, 1.961]","[3.299, 3.335, 2.926, 3.298, 3.567, 3.074]","[-6.158, -5.280, -5.862, -6.067, -5.212, -5.681]"
293,2,-2.3445,-3.2621,0.176,265,720,37,25,0.557,75,0.34,6198,921.49,0,0,24.000(30.000%)(0.429m),31.000(27.353%)(1.179m),43.000(37.941%)(2.464m),23.311(20.569%)(0.355m),12.100(15.125%)(0.000m),31.000(77.500%)(2.250m),10.057(25.143%)(0.006m),239.096,3946.804,62.9,1.3952,"[0.269, 0.920, 1.224, 0.258, 1.142, 1.183]","[2.934, 3.614, 2.993, 2.907, 3.903, 3.247]","[-6.221, -5.680, -5.661, -6.268, -5.379, -5.748]"
294,2,-3.0981,-3.2189,0.160,387,947,124,49,0.556,75,0.34,6237,1246.27,0,0,26.000(32.500%)(0.643m),21.000(18.529%)(0.107m),20.000(17.647%)(0.000m),34.000(30.000%)(1.500m),58.142(72.677%)(4.087m),40.000(100.000%)(3.214m),40.000(100.000%)(3.214m),0.000,5040.132,56.7,1.3019,"[0.655, 1.093, 1.018, 0.761, 1.115, 0.875]","[3.421, 3.996, 3.193, 3.380, 4.026, 3.361]","[-9.189, -7.260, -10.543, -7.819, -7.020, -11.197]"
295,2,-4.1799,-3.1926,0.163,143,365,16,0,0.555,50,0.34,6252,472.02,0,0,77.786(97.233%)(6.191m),99.000(87.353%)(8.464m),72.139(63.652%)(5.586m),26.078(23.010%)(0.651m),12.614(15.767%)(0.000m),40.000(100.000%)(3.214m),9.841(24.603%)(0.000m),5299.414,9965.537,59.0,1.3337,"[0.326, 0.780, 1.250, 0.402, 0.999, 1.374]","[2.621, 3.368, 2.899, 2.642, 3.475, 3.093]","[-5.033, -5.714, -5.057, -4.965, -5.116, -4.634]"
296,2,3.0675,-3.0977,0.184,588,1568,79,44,0.554,90,0.34,6311,1971.84,0,0,28.000(35.000%)(0.857m),33.000(29.118%)(1.393m),44.000(38.824%)(2.571m),25.000(22.059%)(0.536m),19.857(24.821%)(0.000m),21.000(52.500%)(1.179m),14.038(35.094%)(0.433m),0.000,5446.898,61.7,1.2909,"[1.256, 1.797, 1.568, 1.346, 2.026, 1.634]","[3.234, 3.833, 3.102, 3.649, 3.911, 3.194]","[-6.814, -3.770, -4.714, -6.117, -4.300, -4.978]"
297,2,-1.6002,-3.0014,0.171,514,1451,132,44,0.553,95,0.34,6363,1719.82,0,0,34.000(42.500%)(1.500m),54.000(47.647%)(3.643m),104.000(91.765%)(9.000m),33.406(29.476%)(1.436m),14.000(17.500%)(0.000m),27.000(67.500%)(1.821m),10.000(25.000%)(0.000m),1467.543,6691.131,65.3,1.3562,"[0.712, 1.665, 1.686, 0.687, 1.872, 1.766]","[3.240, 3.757, 3.225, 3.287, 3.951, 3.350]","[-4.934, -4.793, -2.538, -4.524, -4.783, -2.843]"
298,2,-0.2292,-2.9184,0.174,281,706,14,0,0.552,70,0.34,6392,936.65,0,0,51.000(63.750%)(3.321m),60.000(52.941%)(4.286m),69.000(60.883%)(5.250m),25.904(22.856%)(0.633m),12.529(15.662%)(0.000m),40.000(100.000%)(3.214m),9.775(24.439%)(0.000m),2181.153,7034.811,58.2,1.2951,"[1.092, 1.610, 1.712, 1.058, 1.797, 1.692]","[3.491, 3.683, 3.295, 3.442, 3.880, 3.281]","[-5.096, -5.302, -4.791, -5.339, -5.057, -4.533]"
299,2,-1.4412,-2.8941,0.170,284,748,16,20,0.551,70,0.33,6421,959.90,0,0,28.000(35.000%)(0.857m),55.000(48.530%)(3.750m),29.563(26.085%)(1.025m),16.311(14.392%)(0.000m),10.306(12.882%)(0.000m),40.000(100.000%)(3.214m),10.823(27.056%)(0.088m),824.241,6448.792,61.0,1.3042,"[1.431, 1.767, 1.668, 1.334, 1.885, 1.642]","[3.136, 3.588, 3.143, 3.170, 3.751, 3.172]","[-5.613, -5.171, -5.350, -5.913, -5.160, -5.109]"
300,2,-3.1003,-2.8788,0.162,394,1089,51,30,0.550,85,0.33,6461,1301.21,0,0,30.000(37.500%)(1.071m),50.000(44.118%)(3.214m),65.000(57.353%)(4.821m),23.307(20.565%)(0.354m),11.938(14.922%)(0.000m),21.000(52.500%)(1.179m),9.799(24.497%)(0.000m),671.857,5395.931,64.0,1.4005,"[0.807, 1.471, 1.657, 0.798, 1.613, 1.685]","[2.854, 3.336, 2.889, 2.820, 3.517, 2.991]","[-4.805, -3.349, -3.993, -4.732, -3.263, -3.476]"
301,2,-1.0394,-2.9121,0.169,298,779,15,20,0.548,75,0.33,6491,1016.33,0,0,26.000(32.500%)(0.643m),35.000(30.882%)(1.607m),34.106(30.093%)(1.511m),17.654(15.578%)(0.000m),10.776(13.470%)(0.000m),40.000(100.000%)(3.214m),10.776(26.940%)(0.083m),728.900,5640.434,60.5,1.3940,"[1.376, 1.581, 1.450, 1.384, 1.774, 1.382]","[2.832, 3.417, 3.005, 2.848, 3.590, 2.949]","[-5.344, -5.045, -5.590, -5.633, -5.255, -5.416]"
302,2,-0.5430,-2.8558,0.157,283,722,57,13,0.547,70,0.33,6520,958.12,0,0,63.167(78.958%)(4.625m),56.000(49.412%)(3.857m),20.000(17.647%)(0.000m),20.000(17.647%)(0.000m),64.086(80.108%)(4.724m),40.000(100.000%)(3.214m),40.000(100.000%)(3.214m),0.000,5451.533,59.1,1.2378,"[1.519, 1.608, 1.570, 1.579, 1.729, 1.447]","[3.349, 3.618, 3.146, 3.353, 3.811, 3.311]","[-4.582, -3.098, -3.731, -4.122, -3.551, -4.457]"
303,2,-6.3765,-2.9137,0.180,242,629,17,0,0.546,65,0.33,6545,845.58,0,0,11.339(14.174%)(0.000m),20.554(18.136%)(0.059m),50.024(44.139%)(3.217m),53.000(46.765%)(3.536m),43.000(53.750%)(2.464m),10.030(25.076%)(0.003m),40.000(100.000%)(3.214m),1747.750,6372.828,60.1,1.4027,"[1.336, 0.899, 0.270, 1.453, 1.100, 0.277]","[3.172, 3.472, 3.011, 3.323, 3.662, 3.329]","[-5.717, -5.354, -5.384, -5.194, -5.249, -5.614]"
304,2,-0.7819,-2.8611,0.154,409,1058,10,45,0.545,80,0.33,6586,1345.83,0,0,24.764(30.955%)(0.510m),51.591(45.522%)(3.385m),79.000(69.706%)(6.321m),44.000(38.824%)(2.571m),30.000(37.500%)(1.071m),17.549(43.872%)(0.809m),11.000(27.500%)(0.107m),2232.354,7395.695,59.9,1.3064,"[0.960, 0.945, 0.809, 1.058, 1.349, 0.888]","[3.255, 3.482, 3.325, 3.260, 3.679, 3.443]","[-5.773, -5.664, -6.181, -5.069, -4.879, -6.230]"
305,2,1.7594,-2.7446,0.179,562,1592,2,60,0.544,95,0.33,6643,1887.13,0,0,24.081(30.101%)(0.437m),50.466(44.529%)(3.264m),63.000(55.588%)(4.607m),53.000(46.765%)(3.536m),24.000(30.000%)(0.429m),17.006(42.514%)(0.751m),16.000(40.000%)(0.643m),654.245,5181.345,65.6,1.3805,"[1.142, 1.036, 0.695, 1.186, 1.341, 0.778]","[3.189, 3.267, 2.949, 3.249, 3.521, 3.066]","[-2.486, -2.097, -2.293, -2.138, -1.706, -2.199]"
306,2,-3.8336,-2.7012,0.185,226,575,11,0,0.543,65,0.33,6666,769.78,0,0,59.000(73.750%)(4.179m),74.000(65.294%)(5.786m),63.818(56.310%)(4.695m),23.350(20.603%)(0.359m),11.960(14.950%)(0.000m),40.000(100.000%)(3.214m),9.817(24.542%)(0.000m),3058.317,8005.767,58.9,1.5225,"[1.333, 1.603, 1.525, 1.378, 1.848, 1.629]","[3.292, 3.671, 3.230, 3.329, 3.859, 3.232]","[-5.297, -5.236, -5.494, -5.437, -5.120, -5.321]"
307,2,-1.3413,-2.6593,0.164,269,723,2,24,0.542,70,0.33,6693,886.04,0,0,11.000(13.750%)(0.000m),18.000(15.882%)(0.000m),62.000(54.706%)(4.500m),48.211(42.540%)(3.023m),23.723(29.654%)(0.399m),11.000(27.500%)(0.107m),16.794(41.985%)(0.728m),415.702,6101.820,62.2,1.4661,"[0.895, 1.406, 1.126, 0.933, 1.606, 1.027]","[2.996, 3.571, 3.131, 2.948, 3.706, 3.289]","[-9.569, -7.899, -9.861, -7.544, -7.926, -10.933]"
308,2,-3.0019,-2.6094,0.180,330,884,51,25,0.541,80,0.32,6726,1076.74,0,0,13.741(17.176%)(0.000m),29.824(26.315%)(1.053m),74.000(65.294%)(5.786m),59.000(52.059%)(4.179m),19.000(23.750%)(0.000m),9.615(24.038%)(0.000m),11.000(27.500%)(0.107m),1790.248,6314.883,62.0,1.2999,"[1.395, 1.092, 0.399, 1.556, 1.307, 0.411]","[3.724, 3.767, 3.296, 3.781, 3.975, 3.316]","[-5.084, -5.940, -6.316, -4.444, -6.017, -6.173]"
309,2,-3.4027,-2.6085,0.162,379,1060,109,111,0.540,85,0.32,6764,1215.76,0,0,17.000(21.250%)(0.000m),36.000(31.765%)(1.714m),51.720(45.636%)(3.399m),20.585(18.163%)(0.063m),11.226(14.032%)(0.000m),15.000(37.500%)(0.536m),9.808(24.520%)(0.000m),1818.994,6829.915,64.7,1.2923,"[1.130, 2.064, 1.709, 1.154, 2.362, 1.863]","[3.595, 3.921, 3.312, 3.978, 4.137, 3.496]","[-5.223, -4.835, -5.701, -5.073, -4.623, -5.312]"
310,2,-1.0682,-2.5165,0.179,324,832,28,17,0.539,75,0.32,6797,1081.90,0,0,19.610(24.512%)(0.000m),40.325(35.581%)(2.178m),75.000(66.177%)(5.893m),21.000(18.529%)(0.107m),12.000(15.000%)(0.000m),13.840(34.601%)(0.411m),40.000(100.000%)(3.214m),2669.293,7706.546,59.4,1.3131,"[1.469, 1.506, 0.926, 1.668, 1.688, 0.953]","[3.541, 3.570, 3.004, 3.538, 3.710, 3.015]","[-6.336, -3.170, -5.812, -5.235, -3.241, -5.626]"
311,2,-1.1859,-2.4698,0.168,162,442,18,0,0.538,60,0.32,6814,562.12,0,0,56.000(70.000%)(3.857m),65.000(57.353%)(4.821m),24.436(21.562%)(0.475m),14.571(12.857%)(0.000m),9.651(12.063%)(0.000m),40.000(100.000%)(3.214m),10.910(27.276%)(0.098m),1340.234,4782.705,63.1,1.4689,"[1.011, 1.233, 1.014, 0.949, 1.251, 0.822]","[3.024, 3.427, 3.061, 3.106, 3.662, 3.198]","[-5.549, -5.228, -5.895, -5.935, -5.118, -6.021]"
312,2,-4.4108,-2.4725,0.177,232,624,18,0,0.537,70,0.32,6838,789.94,0,0,11.144(13.930%)(0.000m),19.756(17.432%)(0.000m),45.388(40.049%)(2.720m),75.000(66.177%)(5.893m),41.000(51.250%)(2.250m),10.104(25.259%)(0.011m),40.000(100.000%)(3.214m),4183.917,8979.155,62.2,1.4300,"[1.459, 1.092, 0.430, 1.557, 1.432, 0.676]","[3.286, 3.311, 2.956, 3.361, 3.527, 3.181]","[-5.630, -6.011, -5.729, -4.955, -6.336, -5.566]"
313,2,-4.0149,-2.4498,0.169,229,571,58,0,0.535,65,0.32,6861,761.81,0,0,12.577(15.722%)(0.000m),26.409(23.303%)(0.687m),101.000(89.118%)(8.679m),92.000(81.177%)(7.714m),64.437(80.546%)(4.761m),9.688(24.220%)(0.000m),40.000(100.000%)(3.214m),5302.834,11856.720,57.7,1.4385,"[1.472, 1.161, -0.671, 1.819, 1.233, -0.457]","[2.982, 3.288, 2.816, 3.053, 3.422, 2.864]","[-4.822, -4.721, -7.724, -2.611, -5.378, -7.795]"
314,2,-0.6642,-2.4023,0.177,251,626,18,0,0.534,65,0.32,6887,888.98,0,0,57.000(71.250%)(3.964m),48.542(42.832%)(3.058m),19.945(17.599%)(0.000m),13.114(11.571%)(0.000m),9.301(11.626%)(0.000m),40.000(100.000%)(3.214m),11.921(29.802%)(0.206m),2089.053,7605.655,57.7,1.4447,"[1.274, 1.438, 1.529, 1.278, 1.589, 1.404]","[2.691, 3.341, 2.968, 2.636, 3.441, 3.075]","[-5.491, -5.197, -5.982, -4.936, -5.225, -5.990]"
315,2,0.6132,-2.2888,0.180,261,708,19,11,0.533,70,0.32,6914,882.75,0,0,30.000(37.500%)(1.071m),38.000(33.530%)(1.929m),60.000(52.941%)(4.286m),25.592(22.582%)(0.599m),12.566(15.707%)(0.000m),32.000(80.000%)(2.357m),9.930(24.825%)(0.000m),364.410,4830.034,62.8,1.3032,"[0.769, 1.351, 1.591, 0.702, 1.471, 1.547]","[3.212, 3.555, 2.971, 3.271, 3.710, 3.176]","[-5.493, -5.599, -5.961, -5.623, -5.151, -5.530]"
316,2,-0.0505,-2.1628,0.167,319,829,47,0,0.532,75,0.32,6946,1099.70,0,0,11.187(13.984%)(0.000m),20.277(17.892%)(0.030m),49.351(43.545%)(3.145m),69.000(60.883%)(5.250m),36.000(45.000%)(1.714m),9.895(24.738%)(0.000m),32.000(80.000%)(2.357m),2528.012,8046.630,60.2,1.4357,"[1.515, 1.339, 0.448, 1.597, 1.562, 0.609]","[3.072, 3.382, 2.898, 3.125, 3.482, 2.972]","[-5.278, -5.403, -5.903, -5.293, -5.219, -5.715]"
317,2,-6.5126,-2.1757,0.177,130,316,16,0,0.531,45,0.32,6959,418.06,0,0,77.786(97.233%)(6.191m),101.511(89.568%)(8.733m),25.868(22.824%)(0.629m),15.425(13.610%)(0.000m),10.216(12.770%)(0.000m),40.000(100.000%)(3.214m),11.549(28.873%)(0.166m),5082.262,18009.856,56.2,1.3573,"[0.651, 1.320, 1.609, 0.620, 1.480, 1.731]","[2.696, 3.225, 2.960, 2.733, 3.467, 3.050]","[-5.177, -5.091, -5.360, -5.110, -5.002, -5.136]"
318,2,-4.5766,-2.2433,0.178,242,657,23,9,0.530,70,0.31,6984,816.35,0,0,30.000(37.500%)(1.071m),39.000(34.412%)(2.036m),50.987(44.989%)(3.320m),20.950(18.485%)(0.102m),11.558(14.447%)(0.000m),40.000(100.000%)(3.214m),10.223(25.559%)(0.024m),377.149,5089.130,62.8,1.2698,"[0.738, 1.168, 1.159, 0.624, 1.272, 1.102]","[3.270, 3.311, 3.081, 3.307, 3.554, 3.065]","[-5.343, -4.973, -5.500, -5.776, -4.916, -5.177]"
319,2,-1.3183,-2.1945,0.164,398,1093,17,15,0.529,85,0.31,7024,1356.34,0,0,12.700(15.875%)(0.000m),26.257(23.168%)(0.670m),72.000(63.530%)(5.571m),63.000(55.588%)(4.607m),30.000(37.500%)(1.071m),9.909(24.772%)(0.000m),21.000(52.500%)(1.179m),1590.793,5599.418,63.5,1.3831,"[1.342, 1.099, 0.464, 1.398, 1.334, 0.540]","[3.151, 3.331, 3.186, 3.240, 3.561, 3.132]","[-2.517, -4.856, -6.285, -2.103, -5.071, -5.768]"
320,2,-6.1265,-2.2345,0.182,96,234,17,0,0.528,40,0.31,7034,320.02,0,0,11.010(13.762%)(0.000m),18.729(16.525%)(0.000m),39.087(34.488%)(2.045m),113.333(100.000%)(10.000m),77.067(96.334%)(6.114m),10.484(26.210%)(0.052m),40.000(100.000%)(3.214m),8601.267,17418.802,56.4,1.4029,"[0.946, -0.281, -1.032, 1.084, 0.064, -0.763]","[3.233, 3.671, 2.706, 3.253, 3.853, 2.941]","[-5.552, -5.754, -5.998, -5.626, -5.607, -6.063]"
321,2,-0.0755,-2.1883,0.166,285,759,54,0,0.527,75,0.31,7063,939.70,0,0,39.000(48.750%)(2.036m),52.000(45.882%)(3.429m),91.000(80.294%)(7.607m),29.890(26.374%)(1.060m),13.304(16.630%)(0.000m),34.000(85.000%)(2.571m),9.729(24.322%)(0.000m),1366.885,6200.015,61.6,1.3300,"[0.872, 1.843, 2.063, 0.862, 2.001, 2.115]","[3.026, 3.571, 3.042, 2.983, 3.903, 3.276]","[-5.388, -5.222, -2.557, -5.253, -5.005, -1.974]"
322,2,-4.2314,-2.2084,0.156,327,819,51,0,0.526,70,0.31,7096,1045.85,0,0,41.000(51.250%)(2.250m),47.000(41.471%)(2.893m),52.000(45.882%)(3.429m),22.298(19.675%)(0.246m),11.872(14.839%)(0.000m),35.957(89.892%)(2.781m),10.117(25.293%)(0.013m),2103.882,6619.394,58.0,1.3796,"[0.778, 1.053, 1.386, 0.770, 1.287, 1.453]","[3.136, 3.475, 2.947, 3.086, 3.704, 3.194]","[-5.467, -5.526, -5.321, -5.430, -5.727, -5.026]"
323,2,1.5555,-2.1659,0.163,289,788,21,25,0.525,75,0.31,7125,1006.36,0,0,26.000(32.500%)(0.643m),44.000(38.824%)(2.571m),52.471(46.298%)(3.479m),20.884(18.427%)(0.095m),11.389(14.236%)(0.000m),25.000(62.500%)(1.607m),9.950(24.876%)(0.000m),687.820,5329.307,63.1,1.3863,"[1.295, 1.856, 1.827, 1.227, 1.988, 1.776]","[2.922, 3.448, 3.000, 2.920, 3.542, 3.050]","[-6.478, -5.306, -5.394, -5.517, -5.516, -5.410]"
324,2,-3.4001,-2.1716,0.162,284,730,18,2,0.524,70,0.31,7154,942.10,0,0,34.000(42.500%)(1.500m),37.000(32.647%)(1.821m),28.225(24.905%)(0.881m),15.573(13.741%)(0.000m),9.840(12.300%)(0.000m),40.000(100.000%)(3.214m),10.333(25.833%)(0.036m),1149.197,7184.973,59.5,1.3686,"[1.224, 1.378, 1.226, 1.219, 1.624, 1.292]","[3.004, 3.278, 3.108, 3.124, 3.529, 3.276]","[-5.707, -5.989, -5.610, -5.862, -6.183, -5.193]"
325,2,-2.9495,-2.1545,0.156,242,651,20,17,0.523,70,0.31,7179,774.22,0,0,21.295(26.619%)(0.139m),44.721(39.460%)(2.649m),113.333(100.000%)(10.000m),22.000(19.412%)(0.214m),12.000(15.000%)(0.000m),15.020(37.550%)(0.538m),40.000(100.000%)(3.214m),5314.310,10296.978,62.2,1.3357,"[0.936, 0.931, 0.515, 0.965, 1.287, 0.881]","[3.240, 3.521, 2.678, 3.154, 3.779, 2.731]","[-5.638, -4.236, -5.182, -4.786, -4.069, -4.538]"
326,2,-0.6085,-2.1242,0.155,167,473,15,0,0.522,60,0.31,7196,569.70,0,0,44.000(55.000%)(2.571m),56.000(49.412%)(3.857m),36.417(32.133%)(1.759m),17.817(15.721%)(0.000m),10.576(13.220%)(0.000m),40.000(100.000%)(3.214m),10.195(25.487%)(0.021m),673.342,4712.307,65.6,1.3077,"[0.449, 0.709, 0.658, 0.227, 0.652, 0.422]","[2.765, 3.253, 2.857, 2.731, 3.384, 2.889]","[-5.340, -5.021, -5.290, -5.469, -5.047, -5.105]"
327,2,-2.9001,-2.1153,0.145,253,670,35,2,0.521,70,0.31,7222,837.20,0,0,33.000(41.250%)(1.393m),39.000(34.412%)(2.036m),48.000(42.353%)(3.000m),20.781(18.336%)(0.084m),11.464(14.331%)(0.000m),38.968(97.421%)(3.104m),10.141(25.352%)(0.015m),445.826,5104.197,61.3,1.2906,"[0.653, 0.768, 0.922, 0.537, 0.743, 0.775]","[2.544, 3.185, 2.960, 2.609, 3.298, 2.915]","[-5.577, -5.106, -5.454, -5.462, -5.473, -5.119]"
328,2,-0.5205,-2.0736,0.144,271,682,20,0,0.520,70,0.30,7250,936.13,0,0,11.330(14.162%)(0.000m),20.306(17.917%)(0.033m),47.972(42.328%)(2.997m),60.000(52.941%)(4.286m),51.000(63.750%)(3.321m),10.146(25.365%)(0.016m),40.000(100.000%)(3.214m),2002.151,7425.694,58.3,1.3362,"[1.405, 1.189, 0.777, 1.519, 1.420, 0.768]","[2.635, 2.910, 2.770, 2.634, 3.163, 2.952]","[-5.412, -5.963, -6.445, -5.325, -6.127, -5.923]"
329,2,-4.0101,-1.9924,0.146,137,352,17,0,0.519,50,0.30,7264,447.74,0,0,77.786(97.233%)(6.191m),101.000(89.118%)(8.679m),44.640(39.388%)(2.640m),19.946(17.599%)(0.000m),11.372(14.215%)(0.000m),40.000(100.000%)(3.214m),10.438(26.095%)(0.047m),4573.408,9232.098,59.4,1.3056,"[0.296, 1.051, 1.300, 0.392, 1.274, 1.356]","[2.593, 3.223, 2.879, 2.627, 3.335, 2.906]","[-5.480, -5.065, -5.272, -5.176, -5.396, -5.080]"
330,2,-5.9729,-2.0824,0.144,232,602,38,0,0.518,65,0.30,7288,766.02,0,0,47.000(58.750%)(2.893m),56.000(49.412%)(3.857m),36.797(32.468%)(1.800m),18.362(16.202%)(0.000m),11.003(13.754%)(0.000m),40.000(100.000%)(3.214m),10.738(26.844%)(0.079m),6039.122,12199.276,60.1,1.3554,"[0.305, 1.174, 1.093, 0.330, 1.451, 1.411]","[2.591, 3.062, 2.763, 2.578, 3.213, 2.771]","[-5.371, -5.688, -5.573, -5.634, -5.537, -5.288]"
331,2,-2.9704,-2.1522,0.136,197,490,17,0,0.517,60,0.30,7308,653.71,0,0,66.016(82.520%)(4.930m),35.658(31.463%)(1.678m),17.445(15.393%)(0.000m),12.093(10.670%)(0.000m),8.947(11.183%)(0.000m),40.000(100.000%)(3.214m),12.563(31.407%)(0.275m),3503.601,8569.131,57.5,1.3207,"[0.909, 1.170, 1.227, 0.914, 1.311, 1.144]","[2.801, 2.977, 2.867, 2.766, 3.209, 2.857]","[-5.512, -5.320, -6.116, -5.226, -5.726, -6.068]"
332,2,-4.8276,-2.2541,0.138,115,283,24,0,0.515,45,0.30,7320,370.90,0,0,10.792(13.489%)(0.000m),18.542(16.360%)(0.000m),39.556(34.903%)(2.095m),113.333(100.000%)(10.000m),67.688(84.610%)(5.109m),10.151(25.378%)(0.016m),40.000(100.000%)(3.214m),7503.289,11994.561,57.0,1.5349,"[0.800, 0.610, -0.011, 0.840, 0.880, 0.202]","[3.126, 3.276, 2.864, 3.071, 3.484, 2.845]","[-5.442, -5.434, -5.394, -5.415, -5.602, -5.105]"
333,2,-3.2142,-2.3137,0.155,246,643,0,12,0.514,70,0.30,7345,783.30,0,0,24.000(30.000%)(0.429m),21.000(18.529%)(0.107m),64.000(56.471%)(4.714m),80.351(70.899%)(6.466m),38.865(48.581%)(2.021m),40.000(100.000%)(3.214m),28.011(70.027%)(1.930m),0.000,6942.157,60.5,1.1888,"[1.127, 1.183, 0.971, 1.172, 1.468, 1.028]","[2.461, 3.248, 2.756, 2.591, 3.581, 2.904]","[-2.618, -5.502, -10.149, -2.353, -4.286, -9.864]"
334,2,-3.4777,-2.3736,0.144,571,1532,115,65,0.513,90,0.30,7403,1864.58,0,0,23.000(28.750%)(0.321m),37.000(32.647%)(1.821m),25.000(22.059%)(0.536m),21.000(18.529%)(0.107m),19.794(24.743%)(0.000m),21.000(52.500%)(1.179m),13.924(34.811%)(0.420m),0.000,5057.475,62.1,1.3076,"[0.839, 1.226, 1.034, 0.862, 1.372, 1.149]","[3.266, 3.426, 3.074, 3.334, 3.463, 3.009]","[-7.343, -5.636, -4.834, -6.534, -5.547, -4.928]"
335,2,-2.1348,-2.3475,0.161,195,498,17,0,0.512,60,0.30,7423,663.55,0,0,9.562(11.953%)(0.000m),14.438(12.739%)(0.000m),24.212(21.364%)(0.451m),71.000(62.647%)(5.464m),65.000(81.250%)(4.821m),10.810(27.025%)(0.087m),40.000(100.000%)(3.214m),2632.584,7792.047,59.1,1.5306,"[1.177, 1.207, 0.985, 1.140, 1.395, 0.982]","[3.005, 3.352, 3.035, 2.945, 3.575, 3.025]","[-5.789, -5.533, -5.436, -5.962, -5.423, -5.610]"
336,2,-2.2236,-2.3542,0.161,501,1379,0,113,0.511,90,0.30,7474,1715.77,0,0,27.000(33.750%)(0.750m),55.000(48.530%)(3.750m),62.000(54.706%)(4.500m),30.000(26.471%)(1.071m),23.000(28.750%)(0.321m),18.000(45.000%)(0.857m),19.617(49.043%)(1.030m),52.435,5687.546,63.7,1.2586,"[1.245, 1.814, 1.806, 1.230, 1.978, 1.862]","[3.305, 3.429, 3.300, 3.209, 3.630, 3.265]","[-6.709, -3.763, -0.259, -6.512, -3.922, -0.005]"
337,2,-7.8079,-2.4554,0.161,349,891,112,35,0.510,75,0.30,7509,1182.69,0,0,14.888(18.610%)(0.000m),26.000(22.941%)(0.643m),32.000(28.235%)(1.286m),17.079(15.070%)(0.000m),10.425(13.031%)(0.000m),10.458(26.144%)(0.049m),10.425(26.062%)(0.046m),147.970,9895.581,59.1,1.3125,"[0.249, 0.247, -0.149, 0.326, 0.298, -0.103]","[3.166, 3.404, 3.228, 3.183, 3.671, 3.255]","[-5.540, -5.340, -7.221, -5.501, -5.347, -7.396]"
338,2,-1.1450,-2.3950,0.161,325,815,26,0,0.509,75,0.30,7542,1098.35,0,0,13.295(16.619%)(0.000m),29.871(26.356%)(1.058m),63.000(55.588%)(4.607m),55.000(48.530%)(3.750m),46.000(57.500%)(2.786m),9.722(24.306%)(0.000m),40.000(100.000%)(3.214m),1898.864,7767.965,58.0,1.3210,"[1.415, 1.226, 0.738, 1.543, 1.349, 0.698]","[3.050, 3.357, 3.113, 3.075, 3.599, 3.140]","[-2.760, -5.682, -6.902, -1.141, -5.887, -6.429]"
339,2,-1.2370,-2.4274,0.182,282,706,28,0,0.508,70,0.29,7571,937.63,0,0,49.000(61.250%)(3.107m),50.000(44.118%)(3.214m),35.443(31.273%)(1.655m),17.686(15.606%)(0.000m),10.599(13.248%)(0.000m),40.000(100.000%)(3.214m),10.343(25.857%)(0.037m),1897.467,6970.707,57.9,1.4033,"[0.795, 0.933, 1.562, 0.750, 1.041, 1.446]","[2.915, 3.383, 2.949, 2.833, 3.690, 3.019]","[-5.558, -5.426, -4.557, -5.578, -5.719, -4.622]"
340,2,-1.9824,-2.4078,0.175,389,973,62,0,0.507,75,0.29,7610,1280.59,0,0,31.000(38.750%)(1.179m),55.000(48.530%)(3.750m),60.000(52.941%)(4.286m),26.741(23.595%)(0.722m),12.735(15.919%)(0.000m),40.000(100.000%)(3.214m),9.809(24.524%)(0.000m),2601.267,9564.642,57.9,1.3025,"[0.524, 1.039, 1.556, 0.557, 1.311, 1.595]","[3.018, 3.355, 2.880, 3.118, 3.578, 2.940]","[-5.872, -5.879, -5.751, -5.847, -5.778, -5.194]"
341,2,-1.9950,-2.3963,0.170,538,1473,142,69,0.506,90,0.29,7664,1724.41,0,0,8.526(10.658%)(0.000m),10.860(9.582%)(0.000m),14.657(12.933%)(0.000m),24.000(21.177%)(0.429m),13.707(17.134%)(0.000m),13.944(34.860%)(0.423m),9.585(23.964%)(0.000m),179.542,5511.603,63.3,1.3322,"[0.342, 1.004, 1.156, 0.429, 1.121, 1.196]","[3.290, 3.451, 3.236, 3.373, 3.793, 3.192]","[-8.293, -6.685, -7.504, -6.824, -7.059, -8.130]"
342,2,0.4063,-2.3305,0.191,316,790,31,0,0.505,70,0.29,7696,1036.63,0,0,40.000(50.000%)(2.143m),50.000(44.118%)(3.214m),32.338(28.534%)(1.322m),16.740(14.770%)(0.000m),10.218(12.772%)(0.000m),40.000(100.000%)(3.214m),10.218(25.544%)(0.023m),2134.102,6512.899,57.9,1.3730,"[1.451, 1.778, 1.808, 1.438, 1.934, 1.720]","[3.032, 3.472, 3.144, 2.990, 3.685, 3.141]","[-5.676, -5.140, -4.806, -5.512, -5.316, -5.067]"
343,2,-1.3703,-2.3110,0.159,199,523,19,0,0.504,60,0.29,7716,655.19,0,0,51.000(63.750%)(3.321m),62.000(54.706%)(4.500m),32.094(28.318%)(1.296m),16.899(14.911%)(0.000m),10.407(13.009%)(0.000m),40.000(100.000%)(3.214m),10.535(26.338%)(0.057m),1449.380,5782.290,60.8,1.2818,"[1.123, 1.353, 1.402, 1.043, 1.440, 1.291]","[3.164, 3.258, 2.924, 3.278, 3.572, 3.020]","[-5.481, -5.155, -4.686, -5.107, -5.058, -4.701]"
344,2,-5.2456,-2.3540,0.172,621,1663,128,152,0.503,95,0.29,7779,2084.87,0,0,19.636(24.545%)(0.000m),41.000(36.177%)(2.250m),26.000(22.941%)(0.643m),16.000(14.118%)(0.000m),11.000(13.750%)(0.000m),13.820(34.551%)(0.409m),14.000(35.000%)(0.429m),428.468,6161.547,62.0,1.3723,"[0.117, 0.392, 0.288, 0.134, 0.559, 0.337]","[2.904, 3.467, 3.177, 2.962, 3.651, 3.217]","[-6.815, -6.064, -7.185, -6.193, -5.453, -8.485]"
345,2,-3.9730,-2.3498,0.171,251,706,74,17,0.502,75,0.29,7805,865.26,0,0,11.000(13.750%)(0.000m),83.000(73.236%)(6.750m),92.000(81.177%)(7.714m),40.978(36.157%)(2.248m),19.701(24.626%)(0.000m),10.000(25.000%)(0.000m),13.876(34.689%)(0.415m),2290.132,5601.078,65.1,1.3208,"[0.501, 1.325, 1.167, 0.437, 1.523, 1.181]","[2.739, 3.133, 2.659, 2.816, 3.395, 2.833]","[-5.111, -1.955, -2.032, -5.228, -1.816, -1.494]"
346,2,-5.8836,-2.5288,0.162,116,282,19,0,0.501,45,0.29,7817,402.45,0,0,78.639(98.299%)(6.283m),113.333(100.000%)(10.000m),69.063(60.939%)(5.257m),28.529(25.173%)(0.914m),13.349(16.686%)(0.000m),40.000(100.000%)(3.214m),9.634(24.084%)(0.000m),6524.700,17523.210,56.3,1.3552,"[-0.569, -0.109, 0.647, -0.476, 0.211, 0.832]","[2.535, 3.205, 3.011, 2.631, 3.451, 3.033]","[-5.014, -5.406, -4.726, -5.116, -5.409, -4.197]"
347,2,-1.9922,-2.5367,0.165,202,522,17,0,0.500,60,0.29,7838,748.36,0,0,57.000(71.250%)(3.964m),76.000(67.059%)(6.000m),55.956(49.373%)(3.852m),22.005(19.416%)(0.215m),11.859(14.824%)(0.000m),40.000(100.000%)(3.214m),10.233(25.583%)(0.025m),2269.078,7497.456,59.8,1.4374,"[0.678, 1.580, 1.573, 0.578, 1.707, 1.612]","[2.977, 3.143, 2.746, 2.975, 3.257, 2.936]","[-5.418, -5.319, -5.185, -5.438, -5.401, -4.954]"
348,2,-3.6183,-2.6045,0.152,252,618,22,0,0.499,65,0.29,7864,912.17,0,0,62.834(78.542%)(4.589m),74.000(65.294%)(5.786m),32.604(28.769%)(1.350m),17.449(15.396%)(0.000m),10.840(13.550%)(0.000m),40.000(100.000%)(3.214m),11.108(27.771%)(0.119m),2290.186,8870.239,56.8,1.2523,"[1.157, 1.338, 1.540, 1.175, 1.491, 1.490]","[2.943, 3.238, 2.953, 3.032, 3.432, 2.931]","[-5.331, -5.209, -5.017, -5.158, -5.388, -5.067]"
349,2,-5.2167,-2.6800,0.173,166,406,20,0,0.498,55,0.29,7881,573.94,0,0,62.846(78.557%)(4.591m),95.000(83.824%)(8.036m),33.739(29.770%)(1.472m),17.465(15.410%)(0.000m),10.660(13.325%)(0.000m),40.000(100.000%)(3.214m),10.660(26.650%)(0.071m),5304.735,11955.998,56.6,1.4417,"[0.748, 0.822, 0.914, 0.690, 0.973, 0.945]","[3.045, 3.311, 2.861, 3.156, 3.555, 2.981]","[-5.254, -5.316, -5.377, -5.410, -5.716, -5.386]"
350,2,-3.3503,-2.6850,0.156,433,1157,53,83,0.497,85,0.29,7925,1432.10,0,0,16.000(20.000%)(0.000m),34.000(30.000%)(1.500m),44.913(39.630%)(2.669m),20.068(17.707%)(0.007m),11.442(14.302%)(0.000m),11.000(27.500%)(0.107m),10.502(26.255%)(0.054m),1206.014,5478.953,61.9,1.4179,"[1.161, 1.388, 1.130, 1.233, 1.670, 1.169]","[3.106, 3.387, 3.078, 3.042, 3.575, 3.129]","[-5.345, -5.052, -6.049, -4.715, -4.750, -6.104]"
351,2,-1.2592,-2.6894,0.169,421,1207,72,82,0.496,90,0.28,7968,1466.75,0,0,28.000(35.000%)(0.857m),59.000(52.059%)(4.179m),27.000(23.824%)(0.750m),19.000(16.765%)(0.000m),17.900(22.375%)(0.000m),19.000(47.500%)(0.964m),12.578(31.444%)(0.276m),0.000,4730.030,66.4,1.3561,"[0.784, 1.294, 1.239, 0.682, 1.361, 1.328]","[2.876, 3.301, 3.134, 2.915, 3.531, 3.181]","[-6.883, -4.747, -4.564, -6.259, -4.899, -4.580]"
352,2,-2.8584,-2.7357,0.145,209,568,45,11,0.495,65,0.28,7989,700.23,0,0,25.000(31.250%)(0.536m),29.000(25.588%)(0.964m),74.254(65.519%)(5.813m),29.905(26.387%)(1.061m),13.904(17.380%)(0.000m),40.000(100.000%)(3.214m),9.741(24.353%)(0.000m),3144.054,7434.485,62.9,1.3256,"[0.187, 0.458, 0.688, 0.090, 0.673, 0.832]","[2.603, 3.188, 2.928, 2.583, 3.588, 2.944]","[-5.184, -5.396, -5.342, -5.159, -5.515, -5.269]"
353,2,-1.0861,-2.6299,0.166,598,1591,209,131,0.494,90,0.28,8049,1984.23,0,0,15.510(19.388%)(0.000m),24.000(21.177%)(0.429m),33.000(29.118%)(1.393m),45.000(39.706%)(2.679m),16.000(20.000%)(0.000m),10.865(27.163%)(0.093m),10.000(25.000%)(0.000m),0.000,6054.836,61.6,1.2773,"[0.190, 0.198, -0.328, 0.341, 0.245, -0.300]","[3.189, 3.316, 2.852, 3.249, 3.576, 2.891]","[-5.384, -5.587, -10.779, -4.972, -5.726, -10.238]"
354,2,-3.5258,-2.6847,0.155,196,521,15,0,0.493,60,0.28,8069,667.47,0,0,10.365(12.956%)(0.000m),16.139(14.241%)(0.000m),28.445(25.099%)(0.905m),58.000(51.177%)(4.071m),48.000(60.000%)(3.000m),11.155(27.887%)(0.124m),40.000(100.000%)(3.214m),1868.291,5354.214,61.5,1.3435,"[1.034, 0.953, 0.675, 1.003, 1.031, 0.619]","[2.709, 3.472, 3.080, 2.761, 3.731, 3.184]","[-5.300, -5.857, -5.818, -5.362, -5.918, -5.594]"
355,2,-2.3312,-2.7666,0.161,433,1089,96,41,0.492,80,0.28,8113,1439.44,0,0,19.978(24.973%)(0.000m),41.701(36.795%)(2.325m),68.000(60.000%)(5.143m),47.000(41.471%)(2.893m),12.000(15.000%)(0.000m),14.128(35.320%)(0.442m),11.000(27.500%)(0.107m),1176.847,9542.354,58.2,1.3741,"[0.839, 1.146, 0.849, 0.945, 1.312, 0.837]","[2.795, 3.413, 2.924, 2.931, 3.743, 3.105]","[-3.814, -2.994, -3.081, -3.518, -2.947, -2.688]"
356,2,-1.8354,-2.7266,0.157,295,765,14,0,0.491,70,0.28,8143,932.48,0,0,12.044(15.055%)(0.000m),23.204(20.474%)(0.343m),64.086(56.546%)(4.723m),65.000(57.353%)(4.821m),38.000(47.500%)(1.929m),10.011(25.028%)(0.001m),40.000(100.000%)(3.214m),1515.134,6744.740,60.0,1.2801,"[1.590, 1.538, 1.036, 1.690, 1.761, 1.154]","[3.247, 3.461, 3.049, 3.285, 3.776, 3.146]","[-4.236, -6.087, -6.396, -3.969, -6.301, -6.145]"
357,2,-2.1265,-2.7423,0.167,318,867,61,0,0.490,80,0.28,8175,1025.55,0,0,31.000(38.750%)(1.179m),71.000(62.647%)(5.464m),68.334(60.295%)(5.179m),24.310(21.450%)(0.462m),12.111(15.139%)(0.000m),22.000(55.000%)(1.286m),9.693(24.232%)(0.000m),3219.195,7592.066,63.1,1.2681,"[0.067, 0.865, 1.472, 0.022, 0.988, 1.571]","[2.852, 3.464, 3.154, 2.950, 3.680, 3.212]","[-5.956, -5.555, -5.976, -5.530, -5.902, -5.645]"
358,2,0.1385,-2.6795,0.154,342,917,49,25,0.489,80,0.28,8210,1136.08,0,0,21.127(26.409%)(0.121m),43.531(38.410%)(2.521m),60.000(52.941%)(4.286m),52.000(45.882%)(3.429m),34.000(42.500%)(1.500m),14.912(37.279%)(0.526m),11.000(27.500%)(0.107m),1220.914,5638.675,62.0,1.3459,"[1.120, 1.177, 0.649, 1.242, 1.376, 0.662]","[2.992, 3.259, 2.949, 3.056, 3.447, 2.917]","[-4.292, -3.292, -4.999, -3.953, -2.971, -4.352]"
359,2,-4.9673,-2.7108,0.151,133,334,17,0,0.488,50,0.28,8224,458.63,0,0,77.786(97.233%)(6.191m),99.000(87.353%)(8.464m),37.328(32.937%)(1.857m),18.263(16.114%)(0.000m),10.840(13.551%)(0.000m),40.000(100.000%)(3.214m),10.450(26.125%)(0.048m),4897.434,12476.435,58.2,1.3642,"[0.237, 1.071, 1.588, 0.165, 1.187, 1.634]","[2.828, 3.401, 3.127, 2.884, 3.727, 3.221]","[-5.373, -5.108, -4.861, -5.402, -5.173, -4.836]"
360,2,-0.9391,-2.7082,0.159,376,961,69,0,0.487,80,0.28,8262,1296.38,0,0,38.000(47.500%)(1.929m),46.000(40.588%)(2.786m),50.000(44.118%)(3.214m),28.767(25.383%)(0.939m),13.034(16.293%)(0.000m),33.000(82.500%)(2.464m),9.657(24.143%)(0.000m),1793.018,6889.478,59.1,1.3215,"[0.750, 1.432, 1.781, 0.737, 1.615, 1.788]","[3.275, 3.664, 3.280, 3.250, 3.890, 3.391]","[-5.929, -5.607, -1.873, -5.617, -5.242, -1.135]"
361,2,-4.0272,-2.7650,0.146,305,778,37,7,0.486,70,0.28,8293,1008.76,0,0,11.009(13.761%)(0.000m),18.915(16.690%)(0.000m),40.353(35.606%)(2.181m),37.000(32.647%)(1.821m),32.000(40.000%)(1.286m),10.356(25.889%)(0.038m),40.000(100.000%)(3.214m),574.602,5423.854,59.0,1.4394,"[0.896, 0.845, 0.790, 0.846, 1.073, 0.819]","[3.108, 3.384, 3.186, 3.148, 3.617, 3.290]","[-4.934, -5.320, -5.299, -5.101, -5.316, -5.123]"
362,2,-1.3684,-2.7042,0.163,243,640,25,11,0.485,70,0.28,8318,831.89,0,0,30.000(37.500%)(1.071m),35.000(30.882%)(1.607m),18.959(16.728%)(0.000m),12.767(11.265%)(0.000m),9.224(11.531%)(0.000m),40.000(100.000%)(3.214m),12.289(30.723%)(0.245m),391.528,4738.727,61.0,1.2791,"[1.054, 1.182, 1.097, 0.945, 1.232, 0.923]","[2.930, 3.447, 2.951, 2.930, 3.674, 3.116]","[-5.787, -5.389, -5.322, -5.074, -5.214, -5.097]"
363,2,-0.6875,-2.6376,0.154,248,638,31,0,0.484,65,0.28,8343,836.01,0,0,9.931(12.414%)(0.000m),15.224(13.433%)(0.000m),26.148(23.072%)(0.659m),48.000(42.353%)(3.000m),44.000(55.000%)(2.571m),10.954(27.385%)(0.102m),40.000(100.000%)(3.214m),1303.057,5420.065,59.6,1.4012,"[1.164, 1.090, 0.934, 1.112, 1.168, 0.816]","[3.109, 3.308, 2.720, 3.117, 3.450, 2.867]","[-5.230, -5.771, -5.527, -5.383, -5.753, -5.517]"
364,2,-3.5787,-2.6959,0.158,657,1753,131,122,0.483,95,0.27,8409,2273.76,0,0,18.287(22.859%)(0.000m),38.393(33.876%)(1.971m),71.000(62.647%)(5.464m),32.000(28.235%)(1.286m),14.000(17.500%)(0.000m),12.900(32.250%)(0.311m),10.000(25.000%)(0.000m),756.488,5864.230,61.8,1.5111,"[0.599, 0.740, 0.414, 0.626, 0.987, 0.578]","[3.530, 3.265, 2.884, 3.155, 3.487, 3.039]","[-5.860, -5.074, -5.837, -4.717, -4.962, -5.275]"
365,2,-2.7268,-2.7627,0.154,200,530,20,0,0.483,65,0.27,8429,671.32,0,0,50.000(62.500%)(3.214m),82.000(72.353%)(6.643m),50.679(44.717%)(3.287m),20.823(18.373%)(0.088m),11.488(14.360%)(0.000m),40.000(100.000%)(3.214m),10.162(25.404%)(0.017m),3896.009,8288.473,61.4,1.3857,"[0.593, 1.287, 1.559, 0.551, 1.532, 1.580]","[2.720, 3.132, 2.962, 2.778, 3.331, 2.969]","[-6.226, -5.625, -5.292, -5.843, -5.384, -5.188]"
366,2,-2.9717,-2.8211,0.159,257,649,20,0,0.482,65,0.27,8455,869.42,0,0,50.000(62.500%)(3.214m),58.000(51.177%)(4.071m),63.897(56.380%)(4.703m),23.901(21.089%)(0.418m),12.076(15.095%)(0.000m),40.000(100.000%)(3.214m),9.788(24.470%)(0.000m),3233.658,12561.748,58.4,1.3754,"[0.918, 1.423, 1.336, 0.944, 1.668, 1.456]","[3.065, 3.213, 2.838, 3.229, 3.461, 3.111]","[-5.726, -5.205, -5.492, -5.415, -5.311, -5.092]"
367,2,-3.8600,-2.7681,0.167,232,604,16,0,0.481,65,0.27,8479,782.64,0,0,10.124(12.655%)(0.000m),16.296(14.379%)(0.000m),30.450(26.868%)(1.120m),71.000(62.647%)(5.464m),46.000(57.500%)(2.786m),10.374(25.936%)(0.040m),40.000(100.000%)(3.214m),1732.042,6536.590,60.3,1.3464,"[1.172, 1.299, 0.953, 1.131, 1.494, 1.038]","[2.902, 3.186, 2.911, 2.708, 3.419, 3.019]","[-5.264, -5.216, -6.129, -5.379, -5.294, -5.778]"
368,2,0.9480,-2.6576,0.153,269,690,29,0,0.480,70,0.27,8506,919.50,0,0,11.610(14.513%)(0.000m),20.810(18.361%)(0.087m),49.160(43.377%)(3.124m),47.000(41.471%)(2.893m),40.000(50.000%)(2.143m),10.397(25.994%)(0.043m),40.000(100.000%)(3.214m),1060.299,6068.775,59.4,1.3615,"[1.176, 1.253, 0.977, 1.192, 1.383, 0.940]","[2.608, 3.316, 2.885, 2.831, 3.475, 3.010]","[-5.244, -5.579, -5.327, -5.334, -5.525, -5.377]"
369,2,-4.9194,-2.7296,0.152,89,221,27,0,0.479,40,0.27,8515,286.87,0,0,11.614(14.518%)(0.000m),20.816(18.368%)(0.087m),49.177(43.391%)(3.126m),113.333(100.000%)(10.000m),76.230(95.288%)(6.025m),10.401(26.002%)(0.043m),40.000(100.000%)(3.214m),5080.072,13039.479,57.6,1.1272,"[0.105, -0.490, -0.919, 0.134, -0.247, -0.965]","[2.985, 3.152, 2.859, 3.192, 3.376, 2.882]","[-5.145, -6.330, -5.376, -5.190, -6.163, -5.830]"
370,2,-1.7699,-2.6425,0.144,297,770,73,0,0.478,75,0.27,8545,977.80,0,0,43.000(53.750%)(2.464m),50.000(44.118%)(3.214m),58.925(51.992%)(4.170m),21.842(19.273%)(0.197m),11.629(14.536%)(0.000m),40.000(100.000%)(3.214m),9.911(24.777%)(0.000m),1192.543,7331.583,60.0,1.3170,"[0.145, 1.370, 1.630, 0.089, 1.540, 1.589]","[2.600, 3.227, 3.119, 2.723, 3.371, 3.108]","[-5.604, -5.546, -6.377, -5.563, -5.249, -6.151]"
371,2,-2.3621,-2.6882,0.151,190,534,0,21,0.477,65,0.27,8564,675.11,0,0,13.000(16.250%)(0.000m),27.000(23.824%)(0.750m),107.000(94.412%)(9.321m),75.863(66.938%)(5.985m),37.208(46.510%)(1.844m),40.000(100.000%)(3.214m),26.613(66.531%)(1.780m),3315.937,6204.337,65.1,1.4148,"[1.006, 1.187, 0.775, 0.844, 1.410, 0.767]","[2.301, 3.180, 3.007, 2.335, 3.384, 3.126]","[-5.771, -6.164, -8.772, -4.550, -5.513, -9.910]"
372,2,-5.3963,-2.7115,0.173,114,278,17,0,0.476,45,0.27,8576,392.35,0,0,77.786(97.233%)(6.191m),113.333(100.000%)(10.000m),29.607(26.124%)(1.029m),16.335(14.413%)(0.000m),10.321(12.902%)(0.000m),40.000(100.000%)(3.214m),10.839(27.097%)(0.090m),6220.377,15094.308,56.5,1.3725,"[-0.559, 0.431, 1.399, -0.606, 0.532, 1.506]","[2.816, 3.287, 3.043, 2.868, 3.531, 3.134]","[-5.235, -5.198, -5.173, -5.161, -5.644, -5.154]"
373,2,-2.2983,-2.7886,0.165,189,468,20,0,0.475,60,0.27,8595,650.85,0,0,10.558(13.198%)(0.000m),17.456(15.402%)(0.000m),34.330(30.292%)(1.535m),92.000(81.177%)(7.714m),76.230(95.288%)(6.025m),10.430(26.075%)(0.046m),40.000(100.000%)(3.214m),3574.751,11933.483,57.4,1.3588,"[2.070, 1.992, 0.655, 2.074, 2.155, 0.875]","[2.919, 3.397, 2.930, 2.996, 3.648, 3.019]","[-4.775, -4.901, -5.514, -4.746, -4.756, -5.082]"
374,2,-2.2256,-2.7651,0.169,250,630,16,0,0.474,65,0.27,8620,850.62,0,0,9.599(11.998%)(0.000m),14.493(12.788%)(0.000m),24.305(21.446%)(0.461m),67.000(59.118%)(5.036m),54.000(67.500%)(3.643m),10.852(27.129%)(0.091m),40.000(100.000%)(3.214m),2256.975,7243.406,58.3,1.3416,"[1.811, 1.820, 1.478, 1.860, 1.974, 1.493]","[3.358, 3.566, 3.254, 3.481, 3.743, 3.332]","[-5.729, -5.471, -5.711, -5.243, -5.363, -5.341]"
375,2,-1.8828,-2.7438,0.170,251,626,22,0,0.473,65,0.27,8646,829.08,0,0,59.000(73.750%)(4.179m),80.000(70.588%)(6.429m),53.297(47.027%)(3.567m),21.212(18.717%)(0.130m),11.568(14.460%)(0.000m),40.000(100.000%)(3.214m),10.107(25.267%)(0.011m),4690.185,9010.165,57.7,1.2941,"[1.116, 2.027, 2.196, 1.129, 2.247, 2.223]","[3.209, 3.386, 3.141, 3.236, 3.611, 3.173]","[-5.615, -5.100, -5.158, -5.442, -4.882, -5.332]"
376,2,-0.1774,-2.7352,0.167,246,633,16,0,0.472,65,0.27,8671,870.24,0,0,9.915(12.394%)(0.000m),15.438(13.622%)(0.000m),27.210(24.009%)(0.773m),56.000(49.412%)(3.857m),46.000(57.500%)(2.786m),10.670(26.676%)(0.072m),40.000(100.000%)(3.214m),1205.774,6361.744,59.5,1.3701,"[1.684, 1.584, 1.130, 1.749, 1.698, 1.051]","[3.198, 3.422, 3.072, 3.340, 3.758, 3.231]","[-5.077, -5.258, -5.782, -5.071, -5.330, -5.532]"
377,2,-2.9072,-2.7353,0.162,236,620,14,0,0.471,65,0.27,8695,857.36,0,0,11.696(14.620%)(0.000m),21.201(18.707%)(0.129m),51.598(45.527%)(3.385m),69.000(60.883%)(5.250m),46.000(57.500%)(2.786m),10.346(25.865%)(0.037m),38.526(96.314%)(3.056m),1797.785,6541.613,60.8,1.5692,"[1.590, 1.691, 1.187, 1.725, 1.860, 1.278]","[3.403, 3.444, 3.236, 3.406, 3.608, 3.434]","[-5.703, -5.876, -6.896, -5.172, -6.171, -6.777]"
378,2,-3.4650,-2.7942,0.156,309,781,51,54,0.470,70,0.26,8726,1119.50,0,0,38.924(48.655%)(2.028m),34.000(30.000%)(1.500m),24.000(21.177%)(0.429m),22.000(19.412%)(0.214m),22.000(27.500%)(0.214m),38.924(97.310%)(3.099m),39.085(97.713%)(3.116m),36.338,4084.667,58.5,1.4506,"[1.080, 1.314, 1.032, 1.036, 1.351, 0.845]","[3.130, 3.445, 3.273, 3.152, 3.789, 3.432]","[-5.578, -4.434, -3.124, -4.717, -3.953, -3.854]"
379,2,1.3164,-2.6877,0.173,446,1262,121,33,0.469,90,0.26,8771,1507.86,0,0,20.422(25.527%)(0.045m),20.000(17.647%)(0.000m),21.000(18.529%)(0.107m),50.000(44.118%)(3.214m),38.000(47.500%)(1.929m),14.366(35.916%)(0.468m),23.000(57.500%)(1.393m),0.000,3401.667,65.5,1.4121,"[0.545, 0.555, -0.036, 0.538, 0.566, 0.019]","[2.849, 3.466, 3.227, 2.857, 3.576, 3.141]","[-9.547, -8.714, -12.836, -6.130, -9.694, -13.099]"
380,2,-1.2027,-2.5923,0.182,400,1043,94,0,0.468,80,0.26,8811,1351.46,0,0,12.547(15.684%)(0.000m),25.941(22.889%)(0.637m),58.000(51.177%)(4.071m),52.000(45.882%)(3.429m),32.000(40.000%)(1.286m),9.790(24.474%)(0.000m),33.000(82.500%)(2.464m),1297.509,6028.121,60.3,1.3333,"[1.063, 1.322, 0.223, 1.328, 1.296, 0.146]","[2.897, 3.518, 3.233, 2.918, 3.730, 3.248]","[-6.300, -5.125, -8.359, -3.971, -5.918, -9.057]"
381,2,-4.4289,-2.6214,0.175,248,633,18,0,0.467,65,0.26,8836,811.29,0,0,11.172(13.965%)(0.000m),19.806(17.476%)(0.000m),45.503(40.150%)(2.732m),58.000(51.177%)(4.071m),49.000(61.250%)(3.107m),10.129(25.323%)(0.014m),40.000(100.000%)(3.214m),5299.414,12662.141,59.1,1.2729,"[1.348, 1.476, 1.292, 1.554, 1.836, 1.453]","[2.997, 3.392, 3.114, 3.036, 3.693, 3.078]","[-5.767, -5.318, -5.506, -5.337, -5.276, -5.294]"
382,2,-2.1445,-2.5678,0.170,631,1732,149,155,0.466,95,0.26,8900,2046.79,0,0,17.030(21.287%)(0.000m),36.007(31.771%)(1.715m),67.000(59.118%)(5.036m),56.000(49.412%)(3.857m),20.000(25.000%)(0.000m),11.981(29.953%)(0.212m),12.000(30.000%)(0.214m),452.498,5241.978,63.5,1.3058,"[0.793, 0.811, 0.395, 0.904, 0.996, 0.468]","[3.074, 3.410, 3.016, 2.906, 3.526, 3.079]","[-3.050, -2.994, -5.733, -3.638, -3.781, -5.287]"
383,2,-3.2407,-2.5683,0.170,513,1271,97,90,0.465,85,0.26,8952,1712.15,0,0,22.197(27.747%)(0.235m),44.871(39.592%)(2.665m),58.000(51.177%)(4.071m),39.000(34.412%)(2.036m),14.000(17.500%)(0.000m),15.759(39.397%)(0.617m),10.000(25.000%)(0.000m),1641.179,10024.445,57.3,1.3352,"[0.636, 0.976, 0.832, 0.769, 1.170, 0.773]","[2.935, 3.281, 2.893, 2.968, 3.533, 3.001]","[-4.085, -2.851, -4.754, -3.594, -2.541, -4.371]"
384,2,-4.9044,-2.5968,0.168,164,400,15,0,0.465,55,0.26,8969,537.69,0,0,66.091(82.614%)(4.938m),97.000(85.588%)(8.250m),42.691(37.669%)(2.431m),19.551(17.251%)(0.000m),11.264(14.080%)(0.000m),40.000(100.000%)(3.214m),10.466(26.166%)(0.050m),5235.053,14736.037,56.4,1.2945,"[1.026, 1.178, 1.267, 1.074, 1.427, 1.368]","[3.029, 3.288, 3.075, 3.129, 3.558, 3.266]","[-4.863, -5.060, -5.485, -5.174, -5.308, -5.400]"
385,2,-1.6577,-2.5873,0.183,257,654,12,0,0.464,65,0.26,8995,895.60,0,0,12.236(15.294%)(0.000m),24.216(21.367%)(0.452m),65.975(58.213%)(4.926m),57.000(50.294%)(3.964m),50.000(62.500%)(3.214m),9.917(24.793%)(0.000m),40.000(100.000%)(3.214m),2271.168,6435.035,58.9,1.3569,"[1.543, 1.432, 1.029, 1.582, 1.640, 1.046]","[3.234, 3.350, 3.030, 3.248, 3.654, 3.164]","[-4.666, -5.404, -6.148, -4.504, -5.116, -6.559]"
386,2,-0.3409,-2.5496,0.182,237,623,57,12,0.463,70,0.26,9019,787.73,0,0,55.499(69.374%)(3.803m),104.242(91.978%)(9.026m),22.000(19.412%)(0.214m),20.000(17.647%)(0.000m),23.000(28.750%)(0.321m),40.000(100.000%)(3.214m),40.000(100.000%)(3.214m),0.000,4861.903,60.8,1.3030,"[1.197, 1.496, 1.482, 1.237, 1.433, 1.270]","[3.201, 3.506, 3.342, 3.194, 3.734, 3.344]","[-6.805, -6.030, -5.152, -5.609, -5.253, -5.735]"
387,2,-1.6975,-2.4274,0.176,312,785,19,0,0.462,70,0.26,9051,1019.09,0,0,11.050(13.812%)(0.000m),19.589(17.285%)(0.000m),45.005(39.710%)(2.679m),55.000(48.530%)(3.750m),38.000(47.500%)(1.929m),10.018(25.046%)(0.002m),40.000(100.000%)(3.214m),1617.159,7493.958,58.2,1.2442,"[1.669, 1.700, 1.384, 1.774, 1.897, 1.378]","[3.010, 3.215, 2.844, 3.108, 3.403, 2.915]","[-5.996, -5.211, -5.805, -5.648, -5.350, -5.755]"
388,2,-0.6628,-2.4178,0.187,248,654,30,0,0.461,70,0.26,9076,855.28,0,0,10.539(13.174%)(0.000m),17.587(15.518%)(0.000m),35.244(31.098%)(1.633m),42.000(37.059%)(2.357m),37.000(46.250%)(1.821m),10.285(25.711%)(0.030m),40.000(100.000%)(3.214m),1266.634,4471.773,61.1,1.2668,"[1.274, 1.135, 0.860, 1.387, 1.271, 0.798]","[2.708, 3.187, 3.050, 2.787, 3.553, 3.104]","[-5.471, -5.620, -5.762, -5.308, -5.591, -5.989]"
389,2,1.6805,-2.3594,0.199,530,1494,139,88,0.460,95,0.26,9129,1747.59,0,0,13.000(16.250%)(0.000m),35.000(30.882%)(1.607m),52.000(45.882%)(3.429m),38.493(33.964%)(1.981m),18.133(22.666%)(0.000m),10.000(25.000%)(0.000m),12.745(31.861%)(0.294m),523.688,4398.645,65.2,1.3566,"[1.040, 1.536, 1.158, 1.067, 1.744, 1.134]","[3.483, 3.814, 3.417, 3.511, 4.006, 3.461]","[-4.847, -6.829, -9.753, -4.517, -6.475, -10.499]"
390,2,0.3378,-2.3130,0.196,311,822,84,0,0.459,75,0.26,9161,1054.87,0,0,11.269(14.086%)(0.000m),20.664(18.233%)(0.071m),51.855(45.754%)(3.413m),56.000(49.412%)(3.857m),42.000(52.500%)(2.357m),9.845(24.614%)(0.000m),29.000(72.500%)(2.036m),1575.297,7064.862,61.2,1.3171,"[1.688, 1.931, 1.417, 1.717, 2.047, 1.361]","[3.265, 3.712, 3.314, 3.281, 3.924, 3.479]","[-5.847, -7.200, -6.078, -5.532, -7.717, -7.311]"
391,2,-1.3958,-2.3010,0.190,315,824,70,28,0.458,75,0.26,9193,1097.65,0,0,26.000(32.500%)(0.643m),35.000(30.882%)(1.607m),41.000(36.177%)(2.250m),20.298(17.910%)(0.032m),11.198(13.998%)(0.000m),30.000(75.000%)(2.143m),9.905(24.764%)(0.000m),338.145,4585.776,60.5,1.4900,"[1.313, 1.755, 1.772, 1.200, 1.881, 1.756]","[3.026, 3.656, 3.596, 3.113, 3.933, 3.547]","[-5.536, -5.497, -5.357, -5.120, -5.425, -5.314]"
392,2,-1.1663,-2.3325,0.169,355,943,44,13,0.457,80,0.26,9229,1227.51,0,0,30.000(37.500%)(1.071m),40.000(35.294%)(2.143m),55.000(48.530%)(3.750m),29.594(26.112%)(1.028m),13.172(16.465%)(0.000m),26.000(65.000%)(1.714m),9.632(24.081%)(0.000m),470.726,5337.686,61.5,1.4112,"[1.036, 1.581, 1.839, 0.974, 1.699, 1.864]","[3.343, 3.524, 3.322, 3.324, 3.710, 3.444]","[-5.624, -5.349, -2.909, -4.999, -5.168, -2.349]"
393,2,-3.3970,-2.3730,0.178,418,1201,120,40,0.456,90,0.25,9271,1402.64,0,0,11.400(14.251%)(0.000m),20.211(17.833%)(0.023m),39.000(34.412%)(2.036m),29.000(25.588%)(0.964m),18.074(22.592%)(0.000m),10.336(25.840%)(0.036m),12.684(31.710%)(0.288m),341.522,3551.703,66.5,1.3144,"[0.704, 1.187, 1.083, 0.614, 1.219, 1.093]","[3.100, 3.578, 3.293, 3.182, 3.906, 3.519]","[-6.432, -4.548, -4.035, -5.491, -4.781, -4.242]"
394,2,-1.9892,-2.3079,0.170,473,1224,168,0,0.455,85,0.25,9319,1598.99,0,0,12.844(16.055%)(0.000m),27.711(24.451%)(0.826m),86.000(75.883%)(7.071m),50.000(44.118%)(3.214m),39.000(48.750%)(2.036m),9.641(24.103%)(0.000m),26.000(65.000%)(1.714m),2262.730,8604.467,59.9,1.2953,"[1.351, 1.517, 0.618, 1.540, 1.640, 0.627]","[3.277, 3.353, 3.260, 3.323, 3.618, 3.349]","[-5.673, -4.506, -6.673, -3.686, -5.446, -7.805]"
395,2,0.2003,-2.2244,0.162,313,838,27,26,0.454,75,0.25,9351,1095.79,0,0,13.028(16.285%)(0.000m),27.840(24.564%)(0.840m),77.000(67.941%)(6.107m),40.000(35.294%)(2.143m),25.000(31.250%)(0.536m),9.779(24.447%)(0.000m),27.000(67.500%)(1.821m),588.760,5425.018,62.0,1.2820,"[1.505, 1.811, 1.125, 1.480, 1.855, 1.039]","[3.372, 3.521, 3.298, 3.477, 3.801, 3.385]","[-5.232, -4.660, -7.589, -3.424, -5.533, -8.236]"
396,2,0.2558,-2.1016,0.169,696,1866,147,117,0.453,95,0.25,9421,2293.27,0,0,24.000(30.000%)(0.429m),47.000(41.471%)(2.893m),68.000(60.000%)(5.143m),36.629(32.319%)(1.782m),17.169(21.462%)(0.000m),11.000(27.500%)(0.107m),12.049(30.123%)(0.220m),525.161,8655.956,62.0,1.3477,"[0.515, 1.297, 1.354, 0.581, 1.517, 1.406]","[3.352, 3.509, 3.262, 3.443, 3.757, 3.213]","[-6.298, -3.733, -2.581, -5.301, -4.094, -2.564]"
397,2,-3.1035,-2.1239,0.179,262,656,15,0,0.453,65,0.25,9448,869.22,0,0,12.699(15.873%)(0.000m),26.960(23.789%)(0.746m),69.838(61.622%)(5.340m),70.000(61.765%)(5.357m),55.000(68.750%)(3.750m),9.656(24.140%)(0.000m),40.000(100.000%)(3.214m),1990.375,7848.007,58.0,1.2728,"[1.716, 1.458, 0.936, 1.799, 1.607, 0.896]","[3.315, 3.489, 3.136, 3.432, 3.767, 3.187]","[-5.332, -6.725, -8.637, -3.541, -7.047, -8.693]"
398,2,-6.9656,-2.1908,0.185,237,588,24,0,0.452,65,0.25,9472,819.20,0,0,10.208(12.760%)(0.000m),15.770(13.914%)(0.000m),27.430(24.203%)(0.796m),72.000(63.530%)(5.571m),40.225(50.281%)(2.167m),11.122(27.804%)(0.120m),29.124(72.810%)(2.049m),2702.700,13096.097,57.5,1.3871,"[0.763, 0.709, 0.776, 0.905, 0.957, 0.823]","[2.792, 3.306, 3.177, 2.738, 3.532, 3.259]","[-5.585, -5.796, -6.302, -5.134, -5.874, -5.610]"
399,2,-6.4435,-2.2153,0.186,176,433,13,0,0.451,55,0.25,9490,587.13,0,0,12.046(15.057%)(0.000m),23.517(20.751%)(0.377m),60.778(53.628%)(4.369m),94.000(82.941%)(7.929m),58.142(72.677%)(4.087m),9.887(24.719%)(0.000m),40.000(100.000%)(3.214m),5416.221,12139.034,56.9,1.2832,"[1.246, 1.206, 0.927, 1.321, 1.457, 1.071]","[3.296, 3.609, 3.203, 3.360, 3.899, 3.261]","[-5.186, -5.582, -5.867, -5.170, -5.738, -6.025]"
400,2,-2.2205,-2.1927,0.170,296,751,62,15,0.450,70,0.25,9520,1027.08,0,0,62.291(77.863%)(4.531m),21.000(18.529%)(0.107m),20.000(17.647%)(0.000m),20.000(17.647%)(0.000m),57.867(72.333%)(4.057m),40.000(100.000%)(3.214m),40.000(100.000%)(3.214m),0.000,5562.422,58.7,1.4236,"[1.386, 1.553, 1.314, 1.408, 1.486, 1.138]","[3.516, 3.718, 3.377, 3.746, 3.925, 3.373]","[-5.350, -3.749, -4.456, -4.693, -4.819, -4.680]"
401,2,-1.4874,-2.1973,0.174,360,950,219,0,0.449,80,0.25,9556,1212.19,0,0,36.000(45.000%)(1.714m),81.000(71.471%)(6.536m),50.160(44.259%)(3.231m),20.610(18.185%)(0.065m),11.370(14.213%)(0.000m),26.000(65.000%)(1.714m),10.058(25.144%)(0.006m),3323.754,10474.617,61.1,1.4019,"[0.394, 1.928, 2.192, 0.454, 2.144, 2.266]","[3.542, 3.756, 3.874, 3.564, 3.981, 3.936]","[-6.043, -5.266, -5.363, -5.214, -5.125, -5.260]"
402,2,2.3118,-2.0939,0.181,285,728,14,0,0.448,70,0.25,9585,1020.46,0,0,9.338(11.673%)(0.000m),13.607(12.006%)(0.000m),21.645(19.099%)(0.176m),46.000(40.588%)(2.786m),37.000(46.250%)(1.821m),11.235(28.087%)(0.132m),40.000(100.000%)(3.214m),988.131,5622.371,59.2,1.4443,"[1.785, 1.888, 1.627, 1.826, 2.024, 1.580]","[3.546, 3.702, 3.509, 3.576, 4.000, 3.551]","[-6.135, -5.642, -5.234, -5.795, -6.365, -5.025]"
403,2,2.7929,-2.0163,0.190,322,894,22,29,0.447,80,0.25,9618,1119.62,0,0,26.000(32.500%)(0.643m),38.000(33.530%)(1.929m),44.601(39.354%)(2.636m),19.414(17.130%)(0.000m),10.951(13.688%)(0.000m),23.000(57.500%)(1.393m),9.928(24.821%)(0.000m),402.455,4909.141,64.3,1.3822,"[1.257, 1.909, 1.813, 1.194, 2.074, 1.802]","[3.190, 3.762, 3.395, 3.232, 4.008, 3.406]","[-5.656, -5.080, -5.941, -5.389, -4.718, -5.583]"
404,2,2.3932,-1.8979,0.177,410,1056,117,0,0.446,80,0.25,9659,1332.98,0,0,37.000(46.250%)(1.821m),51.000(45.000%)(3.321m),61.000(53.824%)(4.393m),26.303(23.208%)(0.675m),12.722(15.903%)(0.000m),27.000(67.500%)(1.821m),9.926(24.815%)(0.000m),2320.182,8603.669,59.6,1.3243,"[1.126, 1.980, 2.068, 1.203, 2.156, 2.047]","[3.342, 3.633, 3.320, 3.446, 3.820, 3.339]","[-5.701, -5.795, -4.958, -5.015, -5.334, -4.393]"
405,2,-3.9095,-1.9295,0.173,167,427,16,0,0.445,55,0.25,9676,573.18,0,0,9.620(12.025%)(0.000m),14.861(13.113%)(0.000m),25.851(22.810%)(0.627m),94.000(82.941%)(7.929m),64.694(80.867%)(4.789m),10.481(26.203%)(0.052m),40.000(100.000%)(3.214m),3548.329,8131.865,59.1,1.3300,"[1.616, 1.490, 0.936, 1.662, 1.635, 1.082]","[3.125, 3.714, 3.455, 3.119, 3.820, 3.526]","[-5.572, -5.629, -5.763, -5.538, -5.589, -5.022]"
406,2,0.3334,-1.8861,0.162,382,1003,83,0,0.444,80,0.25,9715,1294.45,0,0,12.718(15.898%)(0.000m),27.110(23.921%)(0.762m),64.000(56.471%)(4.714m),54.000(47.647%)(3.643m),42.000(52.500%)(2.357m),9.671(24.177%)(0.000m),29.000(72.500%)(2.036m),1680.382,6803.122,60.7,1.3874,"[1.579, 1.725, 1.245, 1.673, 1.872, 1.122]","[3.177, 3.600, 3.282, 3.322, 3.780, 3.340]","[-6.705, -7.273, -5.988, -5.287, -7.953, -7.563]"
407,2,-1.2684,-1.8690,0.172,289,725,41,0,0.444,70,0.25,9744,975.46,0,0,12.444(15.555%)(0.000m),25.344(22.363%)(0.573m),67.416(59.485%)(5.080m),68.000(60.000%)(5.143m),45.000(56.250%)(2.679m),9.834(24.584%)(0.000m),40.000(100.000%)(3.214m),2726.144,12765.598,58.0,1.3391,"[1.847, 1.903, 1.016, 1.954, 2.155, 1.226]","[3.183, 3.529, 3.204, 3.245, 3.817, 3.376]","[-4.045, -6.255, -5.871, -3.556, -5.913, -5.844]"
408,2,-0.1718,-1.8752,0.153,282,731,23,2,0.443,70,0.25,9773,923.20,0,0,10.819(13.523%)(0.000m),18.054(15.930%)(0.000m),36.179(31.923%)(1.733m),48.000(42.353%)(3.000m),33.000(41.250%)(1.393m),10.557(26.394%)(0.060m),40.000(100.000%)(3.214m),950.245,5908.882,60.0,1.3363,"[1.689, 1.726, 1.356, 1.736, 1.869, 1.346]","[3.172, 3.438, 3.260, 3.290, 3.700, 3.366]","[-5.448, -5.257, -5.725, -5.476, -5.423, -5.458]"
409,2,1.3392,-1.7490,0.161,283,735,17,0,0.442,70,0.24,9802,966.39,0,0,12.212(15.265%)(0.000m),24.170(21.327%)(0.447m),59.000(52.059%)(4.179m),47.000(41.471%)(2.893m),34.000(42.500%)(1.500m),9.898(24.746%)(0.000m),40.000(100.000%)(3.214m),1144.134,5854.153,60.1,1.2623,"[1.369, 1.342, 1.253, 1.392, 1.453, 1.186]","[3.012, 3.334, 3.249, 3.082, 3.541, 3.361]","[-3.594, -6.763, -8.120, -3.116, -6.745, -7.755]"
410,2,0.6748,-1.7168,0.164,284,718,31,0,0.441,70,0.24,9831,947.11,0,0,43.000(53.750%)(2.464m),49.000(43.235%)(3.107m),38.906(34.329%)(2.026m),18.642(16.449%)(0.000m),10.959(13.698%)(0.000m),40.000(100.000%)(3.214m),10.435(26.088%)(0.047m),1395.396,6155.095,58.5,1.2959,"[1.173, 1.544, 1.641, 1.144, 1.672, 1.562]","[2.885, 3.198, 3.000, 3.012, 3.426, 3.039]","[-5.550, -5.155, -4.738, -5.430, -5.195, -4.569]"
411,2,0.1918,-1.6324,0.152,313,785,22,0,0.440,70,0.24,9863,1036.27,0,0,38.000(47.500%)(1.929m),48.000(42.353%)(3.000m),34.561(30.495%)(1.560m),17.890(15.785%)(0.000m),10.920(13.650%)(0.000m),40.000(100.000%)(3.214m),10.920(27.300%)(0.099m),2008.758,6878.243,58.0,1.2843,"[1.582, 1.747, 1.699, 1.565, 1.941, 1.647]","[3.035, 3.275, 2.965, 3.005, 3.532, 2.987]","[-5.683, -5.240, -5.009, -5.428, -5.390, -4.968]"
412,2,-0.5716,-1.6165,0.155,220,557,17,0,0.439,65,0.24,9885,747.29,0,0,62.000(77.500%)(4.500m),68.000(60.000%)(5.143m),50.749(44.779%)(3.295m),20.852(18.399%)(0.091m),11.504(14.380%)(0.000m),40.000(100.000%)(3.214m),10.176(25.440%)(0.019m),2365.301,7117.501,58.6,1.3497,"[0.885, 1.115, 1.383, 0.825, 1.165, 1.346]","[2.872, 3.206, 2.975, 2.964, 3.442, 3.081]","[-5.021, -5.220, -5.629, -5.316, -5.596, -5.212]"
413,2,-2.0155,-1.6430,0.159,398,1067,37,76,0.438,85,0.24,9925,1311.01,0,0,10.710(13.387%)(0.000m),17.871(15.769%)(0.000m),35.814(31.601%)(1.694m),44.000(38.824%)(2.571m),21.000(26.250%)(0.107m),10.451(26.127%)(0.048m),14.000(35.000%)(0.429m),1195.391,6445.920,62.1,1.2948,"[0.953, 1.149, 0.839, 0.955, 1.303, 0.892]","[3.072, 3.424, 2.995, 3.062, 3.681, 3.096]","[-5.378, -5.473, -6.014, -5.349, -5.605, -5.133]"
414,2,-0.2063,-1.5756,0.158,746,1946,173,83,0.437,95,0.24,10000,2492.25,0,0,14.651(18.314%)(0.000m),30.933(27.294%)(1.171m),49.000(43.235%)(3.107m),29.000(25.588%)(0.964m),14.000(17.500%)(0.000m),10.295(25.736%)(0.032m),10.000(25.000%)(0.000m),471.647,6999.598,60.4,1.3316,"[1.103, 1.209, 0.641, 1.166, 1.422, 0.718]","[3.121, 3.421, 3.183, 3.184, 3.580, 3.190]","[-7.394, -6.586, -6.286, -5.648, -6.363, -6.099]"
415,2,1.7230,-1.4866,0.161,270,699,15,0,0.437,70,0.24,10027,896.82,0,0,39.000(48.750%)(2.036m),52.000(45.882%)(3.429m),51.438(45.386%)(3.368m),21.135(18.649%)(0.122m),11.660(14.575%)(0.000m),40.000(100.000%)(3.214m),10.314(25.785%)(0.034m),1322.202,5526.073,59.9,1.3271,"[1.290, 1.868, 1.903, 1.248, 1.998, 1.855]","[2.690, 3.411, 3.078, 2.846, 3.656, 3.096]","[-5.738, -5.069, -4.854, -5.515, -5.051, -4.635]"
416,2,5.1346,-1.3244,0.158,779,2129,210,232,0.436,100,0.48,10105,2560.24,1,1,19.671(24.588%)(0.000m),40.433(35.677%)(2.189m),49.000(43.235%)(3.107m),38.497(33.968%)(1.982m),18.193(22.741%)(0.000m),13.903(34.756%)(0.418m),12.798(31.996%)(0.300m),520.985,4611.927,63.3,1.2837,"[0.985, 1.208, 0.608, 1.023, 1.386, 0.621]","[3.220, 3.347, 3.167, 3.324, 3.674, 3.263]","[-6.098, -3.410, -6.262, -5.629, -2.911, -6.525]"
417,3,-7.2671,-1.3926,0.160,741,1906,266,190,0.435,85,0.48,10180,2885.09,0,0,15.665(19.581%)(0.000m),33.412(29.481%)(1.437m),26.000(22.941%)(0.643m),22.000(19.412%)(0.214m),14.000(17.500%)(0.000m),11.001(27.502%)(0.107m),10.000(25.000%)(0.000m),1012.753,7154.427,59.5,1.3647,"[0.155, 0.354, -0.254, 0.216, 0.396, -0.241]","[2.794, 3.259, 2.818, 2.811, 3.508, 2.990]","[-6.917, -5.504, -7.314, -6.172, -5.542, -7.139]"
418,3,2.5633,-1.3603,0.170,369,938,22,12,0.434,65,0.48,10217,1404.91,0,0,30.000(37.500%)(1.071m),43.000(37.941%)(2.464m),54.232(47.852%)(3.668m),21.584(19.045%)(0.170m),11.771(14.714%)(0.000m),31.000(77.500%)(2.250m),10.284(25.710%)(0.030m),2382.707,6758.474,58.8,1.3129,"[1.771, 2.123, 1.980, 1.822, 2.378, 1.988]","[3.315, 3.817, 3.209, 3.261, 4.035, 3.324]","[-5.293, -5.338, -5.608, -5.156, -5.221, -5.454]"
419,3,-1.0492,-1.2829,0.182,348,868,38,0,0.433,65,0.48,10252,1379.34,0,0,42.000(52.500%)(2.357m),55.000(48.530%)(3.750m),56.703(50.032%)(3.932m),21.809(19.243%)(0.194m),11.753(14.692%)(0.000m),40.000(100.000%)(3.214m),10.142(25.355%)(0.015m),2295.833,8335.496,57.7,1.3144,"[1.367, 2.128, 2.160, 1.371, 2.289, 2.123]","[3.104, 3.626, 3.690, 3.091, 3.784, 3.643]","[-5.219, -5.197, -5.408, -5.299, -5.357, -5.195]"
420,3,-7.3125,-1.3937,0.163,559,1500,202,0,0.432,80,0.48,10308,2107.50,0,0,10.656(13.320%)(0.000m),17.618(15.545%)(0.000m),34.649(30.572%)(1.569m),32.462(28.643%)(1.335m),15.024(18.780%)(0.000m),10.527(26.317%)(0.056m),10.520(26.300%)(0.056m),1268.078,6428.346,62.1,1.3004,"[0.656, 1.245, 1.256, 0.621, 1.332, 1.367]","[3.749, 3.341, 3.201, 3.321, 3.582, 3.290]","[-5.742, -5.779, -4.301, -5.390, -5.620, -3.681]"
421,3,-5.7595,-1.4617,0.166,80,198,16,0,0.431,30,0.48,10316,297.80,0,0,78.639(98.299%)(6.283m),47.774(42.154%)(2.976m),19.630(17.320%)(0.000m),12.906(11.388%)(0.000m),9.154(11.442%)(0.000m),40.000(100.000%)(3.214m),11.732(29.331%)(0.186m),8298.865,13158.137,57.2,1.4856,"[-0.901, 0.125, 0.729, -0.790, 0.285, 0.826]","[3.006, 3.544, 3.255, 3.043, 3.714, 3.313]","[-5.814, -5.359, -5.086, -4.995, -5.845, -5.089]"
422,3,0.6723,-1.3403,0.162,283,732,31,3,0.430,60,0.47,10345,1134.90,0,0,33.000(41.250%)(1.393m),41.000(36.177%)(2.250m),51.000(45.000%)(3.321m),26.242(23.155%)(0.669m),12.693(15.866%)(0.000m),40.000(100.000%)(3.214m),9.903(24.758%)(0.000m),635.109,5917.897,59.9,1.3801,"[1.338, 1.712, 1.879, 1.236, 1.821, 1.772]","[3.419, 3.471, 3.265, 3.511, 3.700, 3.340]","[-4.732, -4.918, -3.425, -5.136, -4.911, -3.436]"
423,3,-2.7479,-1.3493,0.188,344,884,128,0,0.430,65,0.47,10380,1353.87,0,0,11.928(14.910%)(0.000m),22.686(20.017%)(0.288m),60.453(53.341%)(4.334m),71.000(62.647%)(5.464m),31.000(38.750%)(1.179m),10.039(25.098%)(0.004m),31.000(77.500%)(2.250m),4394.711,12722.353,59.5,1.3830,"[1.965, 2.089, 0.735, 2.024, 2.314, 0.974]","[3.452, 3.557, 3.120, 3.470, 3.770, 3.325]","[-4.526, -5.503, -6.465, -4.891, -5.179, -5.829]"
424,3,2.1036,-1.2627,0.162,304,794,32,23,0.429,65,0.47,10411,1140.16,0,0,27.000(33.750%)(0.750m),34.000(30.000%)(1.500m),50.511(44.569%)(3.269m),20.754(18.313%)(0.081m),11.450(14.313%)(0.000m),40.000(100.000%)(3.214m),10.128(25.320%)(0.014m),444.919,5005.154,60.4,1.4194,"[1.257, 1.827, 1.766, 1.207, 1.978, 1.763]","[3.141, 3.464, 3.437, 3.069, 3.729, 3.504]","[-6.045, -5.284, -5.385, -5.588, -5.506, -5.329]"
425,3,-4.6198,-1.3174,0.155,117,289,16,0,0.428,35,0.47,10423,486.75,0,0,9.755(12.194%)(0.000m),14.024(12.374%)(0.000m),21.893(19.318%)(0.203m),59.062(52.114%)(4.185m),76.230(95.288%)(6.025m),12.035(30.088%)(0.218m),40.000(100.000%)(3.214m),4793.925,13037.263,57.1,1.2859,"[1.427, 1.248, 0.721, 1.501, 1.444, 0.751]","[2.865, 3.287, 3.165, 3.040, 3.551, 3.198]","[-5.802, -5.028, -5.456, -5.239, -5.455, -5.317]"
426,3,-2.5230,-1.3644,0.162,558,1517,108,20,0.427,85,0.47,10479,2263.61,0,0,16.186(20.233%)(0.000m),34.609(30.538%)(1.565m),37.000(32.647%)(1.821m),19.000(16.765%)(0.000m),18.000(22.500%)(0.000m),11.352(28.379%)(0.145m),27.000(67.500%)(1.821m),856.650,6976.530,62.9,1.4021,"[1.124, 1.066, 0.668, 1.163, 1.202, 0.629]","[3.051, 3.300, 2.929, 3.121, 3.632, 3.096]","[-6.355, -6.240, -7.195, -4.702, -5.286, -6.618]"
427,3,-0.9988,-1.3262,0.165,232,613,5,21,0.426,55,0.47,10503,971.56,0,0,24.000(30.000%)(0.429m),25.000(22.059%)(0.536m),46.000(40.588%)(2.786m),99.682(87.955%)(8.537m),48.215(60.269%)(3.023m),40.000(100.000%)(3.214m),36.896(92.240%)(2.882m),0.000,3665.244,61.1,1.3993,"[1.365, 1.383, 0.777, 1.411, 1.510, 0.649]","[3.102, 3.376, 2.935, 3.037, 3.636, 3.027]","[-5.767, -5.996, -9.483, -3.714, -5.291, -10.076]"
428,3,-7.3750,-1.4044,0.141,734,1931,148,104,0.425,90,0.47,10577,2834.84,0,0,20.977(26.221%)(0.105m),43.372(38.270%)(2.504m),57.000(50.294%)(3.964m),37.000(32.647%)(1.821m),12.000(15.000%)(0.000m),14.789(36.972%)(0.513m),11.000(27.500%)(0.107m),1130.596,6672.017,60.9,1.3825,"[0.636, 0.898, 0.663, 0.656, 1.024, 0.576]","[2.926, 3.342, 2.939, 3.086, 3.628, 3.002]","[-6.420, -2.274, -5.372, -6.536, -2.132, -5.255]"
429,3,0.0168,-1.4304,0.145,413,1193,0,14,0.424,80,0.47,10619,1593.34,0,0,25.000(31.250%)(0.536m),23.000(20.294%)(0.321m),69.000(60.883%)(5.250m),55.129(48.643%)(3.764m),26.482(33.103%)(0.695m),25.000(62.500%)(1.607m),18.781(46.951%)(0.941m),0.000,4529.029,66.8,1.3493,"[1.065, 1.012, 0.606, 0.979, 1.148, 0.557]","[2.719, 3.083, 2.917, 2.782, 3.343, 2.945]","[-5.116, -7.675, -10.573, -3.736, -7.053, -10.408]"
430,3,2.0717,-1.3649,0.170,281,746,13,0,0.424,60,0.47,10648,1120.41,0,0,12.813(16.016%)(0.000m),26.904(23.739%)(0.740m),63.000(55.588%)(4.607m),53.000(46.765%)(3.536m),34.000(42.500%)(1.500m),9.869(24.673%)(0.000m),40.000(100.000%)(3.214m),1174.682,5406.417,61.4,1.4306,"[1.570, 1.586, 1.033, 1.687, 1.759, 1.017]","[2.761, 3.128, 2.612, 2.924, 3.302, 2.752]","[-4.573, -6.882, -6.411, -3.523, -7.558, -7.073]"
431,3,1.2127,-1.2521,0.160,489,1391,101,27,0.423,85,0.46,10697,1893.47,0,0,12.000(15.000%)(0.000m),21.000(18.529%)(0.107m),62.000(54.706%)(4.500m),33.409(29.478%)(1.437m),15.433(19.291%)(0.000m),10.000(25.000%)(0.000m),10.805(27.013%)(0.086m),452.231,4265.249,65.9,1.3474,"[0.612, 1.054, 1.076, 0.626, 1.252, 1.070]","[3.005, 3.410, 3.124, 2.996, 3.594, 3.137]","[-6.848, -8.510, -8.107, -5.388, -9.322, -9.070]"
432,3,-4.5283,-1.2997,0.166,352,872,57,37,0.422,65,0.46,10733,1340.44,0,0,26.000(32.500%)(0.643m),21.000(18.529%)(0.107m),32.000(28.235%)(1.286m),55.000(48.530%)(3.750m),52.668(65.835%)(3.500m),40.000(100.000%)(3.214m),38.630(96.576%)(3.068m),0.000,4688.890,57.3,1.2987,"[1.077, 1.149, 0.927, 1.224, 1.316, 0.693]","[3.455, 3.560, 3.246, 3.507, 3.768, 3.311]","[-7.012, -7.490, -9.654, -4.853, -6.668, -10.321]"
433,3,-5.1545,-1.3380,0.167,550,1541,189,91,0.421,85,0.46,10788,2113.56,0,0,21.000(26.250%)(0.107m),38.000(33.530%)(1.929m),48.000(42.353%)(3.000m),34.342(30.301%)(1.537m),10.000(12.500%)(0.000m),18.000(45.000%)(0.857m),11.000(27.500%)(0.107m),683.626,4510.507,64.8,1.3267,"[0.342, 0.864, 0.592, 0.426, 1.094, 0.574]","[3.239, 3.415, 3.171, 3.320, 3.650, 3.392]","[-5.809, -3.277, -6.941, -5.374, -3.261, -7.339]"
434,3,0.6691,-1.2265,0.165,421,1141,86,60,0.420,75,0.46,10831,1585.18,0,0,23.000(28.750%)(0.321m),38.000(33.530%)(1.929m),50.000(44.118%)(3.214m),25.015(22.072%)(0.537m),12.282(15.353%)(0.000m),20.000(50.000%)(1.071m),9.706(24.265%)(0.000m),745.150,4506.884,62.7,1.3058,"[1.248, 1.673, 1.614, 1.253, 1.809, 1.625]","[3.202, 3.330, 2.736, 3.179, 3.604, 2.856]","[-5.434, -5.682, -4.382, -5.314, -5.593, -3.943]"
435,3,-3.8692,-1.2708,0.162,639,1713,118,150,0.419,85,0.46,10895,2511.48,0,0,11.000(13.750%)(0.000m),17.000(15.000%)(0.000m),37.000(32.647%)(1.821m),31.000(27.353%)(1.179m),15.000(18.750%)(0.000m),9.949(24.874%)(0.000m),21.000(52.500%)(1.179m),826.765,7319.636,62.0,1.3447,"[-0.246, 0.329, 0.017, -0.173, 0.296, -0.207]","[3.106, 3.215, 3.110, 2.969, 3.323, 3.087]","[-8.070, -8.265, -9.627, -7.111, -7.835, -10.239]"
436,3,-1.6843,-1.2976,0.171,243,634,32,0,0.419,55,0.46,10920,944.02,0,0,47.000(58.750%)(2.893m),52.000(45.882%)(3.429m),60.000(52.941%)(4.286m),27.984(24.692%)(0.855m),13.074(16.342%)(0.000m),40.000(100.000%)(3.214m),9.813(24.533%)(0.000m),1530.109,7059.829,60.4,1.3928,"[0.506, 1.258, 1.996, 0.489, 1.288, 1.938]","[3.041, 3.346, 3.161, 3.130, 3.657, 3.150]","[-5.058, -5.300, 0.041, -4.703, -5.098, -0.606]"
437,3,-1.9658,-1.3030,0.170,254,671,17,0,0.418,60,0.46,10946,990.92,0,0,39.000(48.750%)(2.036m),62.000(54.706%)(4.500m),72.000(63.530%)(5.571m),28.423(25.079%)(0.902m),13.171(16.464%)(0.000m),40.000(100.000%)(3.214m),9.759(24.397%)(0.000m),1913.584,5498.618,61.1,1.3044,"[1.543, 1.625, 1.674, 1.511, 1.788, 1.716]","[3.386, 3.452, 3.003, 3.430, 3.777, 3.216]","[-5.370, -5.414, -1.948, -5.164, -5.230, -1.909]"
438,3,0.4518,-1.2807,0.182,254,644,15,0,0.417,55,0.46,10972,1005.51,0,0,48.000(60.000%)(3.000m),52.000(45.882%)(3.429m),42.813(37.776%)(2.444m),19.607(17.300%)(0.000m),11.296(14.120%)(0.000m),40.000(100.000%)(3.214m),10.496(26.240%)(0.053m),1251.216,7028.295,58.7,1.3290,"[1.375, 1.747, 1.865, 1.312, 1.787, 1.800]","[3.073, 3.692, 3.314, 3.171, 3.915, 3.417]","[-5.073, -4.990, -5.552, -5.371, -5.492, -5.340]"
439,3,-2.0209,-1.3548,0.158,275,699,19,0,0.416,60,0.46,11000,1095.93,0,0,46.000(57.500%)(2.786m),59.000(52.059%)(4.179m),39.274(34.654%)(2.065m),18.409(16.244%)(0.000m),10.715(13.393%)(0.000m),40.000(100.000%)(3.214m),10.079(25.197%)(0.008m),1630.401,6278.596,58.8,1.3027,"[1.414, 1.672, 1.734, 1.404, 1.865, 1.779]","[3.270, 3.490, 3.080, 3.353, 3.723, 3.147]","[-5.740, -5.434, -5.096, -5.581, -5.277, -5.077]"
440,3,1.6631,-1.3282,0.171,316,813,21,15,0.415,65,0.45,11032,1239.67,0,0,29.000(36.250%)(0.964m),43.000(37.941%)(2.464m),50.417(44.486%)(3.259m),20.716(18.279%)(0.077m),11.429(14.286%)(0.000m),40.000(100.000%)(3.214m),10.109(25.273%)(0.012m),924.548,6050.800,59.5,1.3275,"[1.437, 2.039, 1.972, 1.418, 2.155, 1.967]","[3.453, 3.592, 3.229, 3.570, 3.841, 3.278]","[-5.763, -5.530, -5.506, -5.559, -5.840, -5.520]"
441,3,-0.0677,-1.3017,0.164,305,803,15,36,0.414,65,0.45,11063,1237.57,0,0,10.697(13.371%)(0.000m),18.379(16.217%)(0.000m),39.209(34.597%)(2.058m),48.000(42.353%)(3.000m),26.000(32.500%)(0.643m),10.062(25.156%)(0.007m),25.000(62.500%)(1.607m),939.753,5746.480,60.9,1.2887,"[1.452, 1.680, 1.430, 1.421, 1.811, 1.516]","[3.163, 3.550, 3.207, 3.026, 3.788, 3.317]","[-5.271, -5.438, -5.925, -5.164, -6.176, -6.168]"
442,3,0.4968,-1.2684,0.174,267,701,22,7,0.414,60,0.45,11090,1006.13,0,0,8.886(11.108%)(0.000m),12.775(11.272%)(0.000m),19.944(17.598%)(0.000m),40.000(35.294%)(2.143m),30.000(37.500%)(1.071m),10.964(27.409%)(0.103m),40.000(100.000%)(3.214m),406.444,4970.672,60.7,1.2622,"[1.692, 1.809, 1.650, 1.640, 1.878, 1.570]","[3.596, 3.696, 3.460, 3.633, 4.024, 3.558]","[-5.745, -6.444, -5.593, -5.255, -6.992, -5.988]"
443,3,-1.6117,-1.2327,0.182,366,982,14,16,0.413,70,0.45,11127,1477.54,0,0,12.290(15.363%)(0.000m),23.995(21.172%)(0.428m),66.297(58.498%)(4.960m),39.000(34.412%)(2.036m),29.000(36.250%)(0.964m),10.088(25.220%)(0.009m),23.000(57.500%)(1.393m),997.467,5734.265,62.1,1.3855,"[1.427, 1.558, 1.278, 1.412, 1.708, 1.344]","[3.672, 3.791, 3.681, 3.757, 4.023, 3.652]","[-4.811, -5.072, -5.648, -5.029, -5.247, -5.460]"
444,3,1.6698,-1.1595,0.172,460,1313,56,19,0.412,80,0.45,11173,1839.74,0,0,18.167(22.708%)(0.000m),38.376(33.862%)(1.969m),71.000(62.647%)(5.464m),21.000(18.529%)(0.107m),12.000(15.000%)(0.000m),12.764(31.910%)(0.296m),22.000(55.000%)(1.286m),785.716,4584.701,66.0,1.4137,"[0.722, 0.943, 0.537, 0.879, 1.148, 0.438]","[3.482, 3.810, 3.516, 3.596, 4.096, 3.446]","[-9.389, -5.568, -5.655, -6.376, -4.628, -5.292]"
445,3,1.8217,-1.1271,0.169,541,1404,63,41,0.411,80,0.45,11228,2098.72,0,0,27.000(33.750%)(0.750m),36.000(31.765%)(1.714m),70.000(61.765%)(5.357m),26.201(23.118%)(0.664m),12.673(15.841%)(0.000m),26.000(65.000%)(1.714m),9.888(24.719%)(0.000m),1443.762,8743.189,60.1,1.4145,"[1.467, 1.844, 1.612, 1.542, 2.145, 1.696]","[3.450, 3.742, 3.167, 3.400, 4.019, 3.264]","[-5.826, -5.948, -4.166, -5.471, -5.295, -4.990]"
446,3,2.4618,-1.0830,0.178,484,1305,158,54,0.410,80,0.45,11277,1921.87,0,0,23.000(28.750%)(0.321m),29.000(25.588%)(0.964m),44.000(38.824%)(2.571m),26.192(23.111%)(0.663m),12.669(15.836%)(0.000m),20.000(50.000%)(1.071m),9.884(24.711%)(0.000m),191.673,4648.896,62.4,1.6230,"[0.564, 1.320, 1.580, 0.694, 1.495, 1.488]","[3.502, 3.911, 3.696, 3.457, 4.163, 3.629]","[-5.771, -4.737, -7.083, -5.287, -5.111, -7.192]"
447,3,-4.9961,-1.1208,0.170,628,1660,278,18,0.409,85,0.45,11340,2368.96,0,0,37.874(47.343%)(1.915m),21.000(18.529%)(0.107m),20.000(17.647%)(0.000m),34.685(30.604%)(1.573m),16.400(20.499%)(0.000m),22.000(55.000%)(1.286m),11.536(28.840%)(0.165m),0.000,8314.204,61.2,1.2819,"[0.496, 1.466, 1.286, 0.606, 1.633, 1.312]","[3.546, 3.792, 3.263, 3.547, 3.967, 3.335]","[-6.868, -6.162, -6.850, -6.671, -7.149, -7.350]"
448,3,1.5697,-0.9501,0.192,423,1086,54,0,0.409,70,0.45,11383,1657.53,0,0,12.198(15.248%)(0.000m),24.142(21.302%)(0.444m),76.000(67.059%)(6.000m),48.000(42.353%)(3.000m),35.000(43.750%)(1.607m),9.887(24.718%)(0.000m),29.000(72.500%)(2.036m),1292.799,6714.223,59.4,1.3439,"[1.852, 1.959, 1.349, 1.912, 2.125, 1.244]","[3.990, 3.880, 3.652, 4.039, 4.162, 3.715]","[-5.735, -6.814, -5.574, -4.893, -7.458, -7.443]"
449,3,-0.5465,-0.8322,0.172,437,1179,101,19,0.408,75,0.45,11427,1674.05,0,0,28.000(35.000%)(0.857m),43.000(37.941%)(2.464m),54.000(47.647%)(3.643m),29.703(26.209%)(1.040m),13.553(16.942%)(0.000m),25.000(62.500%)(1.607m),9.656(24.141%)(0.000m),763.040,5042.642,62.5,1.3437,"[1.460, 2.085, 2.197, 1.451, 2.254, 2.209]","[3.660, 4.025, 3.602, 3.637, 4.250, 3.656]","[-5.837, -5.620, 0.385, -5.265, -4.971, -0.025]"
450,3,1.7207,-0.7534,0.188,483,1319,68,35,0.407,80,0.44,11476,1854.56,0,0,12.057(15.072%)(0.000m),23.864(21.057%)(0.414m),44.000(38.824%)(2.571m),40.000(35.294%)(2.143m),22.000(27.500%)(0.214m),9.773(24.432%)(0.000m),25.000(62.500%)(1.607m),698.880,4176.340,63.2,1.3994,"[1.159, 1.486, 1.043, 1.101, 1.483, 1.003]","[3.324, 3.890, 3.607, 3.475, 4.189, 3.775]","[-2.357, -2.423, -4.411, -2.673, -1.908, -4.268]"
451,3,-0.3983,-0.7316,0.182,301,820,54,19,0.406,65,0.44,11507,1184.96,0,0,12.679(15.849%)(0.000m),26.213(23.129%)(0.666m),77.000(67.941%)(6.107m),39.000(34.412%)(2.036m),25.000(31.250%)(0.536m),9.892(24.731%)(0.000m),30.000(75.000%)(2.143m),1013.835,4967.854,63.0,1.4157,"[1.485, 1.567, 0.747, 1.460, 1.664, 0.687]","[3.195, 3.714, 3.172, 3.252, 4.031, 3.289]","[-4.589, -6.010, -5.406, -3.696, -6.577, -6.252]"
452,3,3.0709,-0.7164,0.169,497,1295,163,36,0.405,75,0.44,11557,1924.32,0,0,23.000(28.750%)(0.321m),29.000(25.588%)(0.964m),42.000(37.059%)(2.357m),21.985(19.399%)(0.213m),11.705(14.632%)(0.000m),23.000(57.500%)(1.393m),9.976(24.939%)(0.000m),214.854,5580.861,60.3,1.3531,"[1.288, 1.807, 1.540, 1.287, 1.946, 1.555]","[3.603, 3.726, 3.220, 3.636, 3.953, 3.356]","[-5.230, -5.727, -7.289, -5.138, -5.836, -7.279]"
453,3,-0.1685,-0.7756,0.165,301,749,23,0,0.405,60,0.44,11588,1222.89,0,0,48.000(60.000%)(3.000m),70.000(61.765%)(5.357m),54.203(47.826%)(3.665m),21.681(19.130%)(0.180m),11.824(14.780%)(0.000m),40.000(100.000%)(3.214m),10.330(25.825%)(0.035m),2767.224,9086.091,57.6,1.4326,"[1.710, 2.242, 2.254, 1.818, 2.513, 2.267]","[3.517, 3.560, 3.333, 3.612, 3.827, 3.302]","[-5.323, -5.438, -5.107, -5.258, -5.426, -4.987]"
454,3,-3.9090,-0.9017,0.177,304,772,48,28,0.404,60,0.44,11619,1213.78,0,0,59.416(74.270%)(4.223m),25.000(22.059%)(0.536m),20.000(17.647%)(0.000m),20.000(17.647%)(0.000m),23.000(28.750%)(0.321m),40.000(100.000%)(3.214m),23.650(59.126%)(1.463m),0.000,8153.187,58.7,1.3719,"[1.338, 1.572, 1.158, 1.442, 1.691, 1.194]","[3.503, 3.615, 3.407, 3.441, 3.748, 3.482]","[-6.436, -5.642, -6.589, -5.750, -5.494, -5.556]"
455,3,-0.5441,-0.8344,0.173,314,779,12,0,0.403,60,0.44,11651,1259.37,0,0,48.000(60.000%)(3.000m),63.000(55.588%)(4.607m),60.458(53.346%)(4.335m),22.741(20.066%)(0.294m),11.957(14.946%)(0.000m),40.000(100.000%)(3.214m),10.064(25.159%)(0.007m),2305.632,7630.303,57.4,1.3186,"[1.747, 1.930, 1.888, 1.763, 2.131, 1.869]","[3.416, 3.580, 3.245, 3.443, 3.811, 3.192]","[-5.193, -5.183, -5.018, -5.194, -5.257, -4.897]"
456,3,-7.8701,-0.9984,0.162,979,2652,208,287,0.402,95,0.44,11749,3774.84,0,0,17.940(22.425%)(0.000m),37.958(33.492%)(1.924m),50.854(44.871%)(3.306m),20.895(18.437%)(0.096m),11.528(14.410%)(0.000m),12.000(30.000%)(0.214m),10.197(25.492%)(0.021m),1505.703,8558.388,62.7,1.3752,"[0.465, 0.896, 0.301, 0.432, 1.078, 0.349]","[3.235, 3.417, 3.058, 3.436, 3.699, 3.337]","[-5.954, -5.735, -5.504, -5.602, -6.146, -5.232]"
457,3,-2.6890,-1.0269,0.162,356,898,36,38,0.401,65,0.44,11785,1355.07,0,0,11.002(13.752%)(0.000m),18.715(16.513%)(0.000m),39.058(34.463%)(2.042m),34.000(30.000%)(1.500m),27.000(33.750%)(0.750m),10.476(26.191%)(0.051m),40.000(100.000%)(3.214m),905.509,6708.575,58.4,1.2834,"[1.326, 1.444, 0.944, 1.286, 1.501, 0.979]","[3.247, 3.476, 3.182, 3.279, 3.724, 3.149]","[-5.110, -5.688, -6.640, -5.118, -5.528, -5.863]"
458,3,-0.2913,-1.0292,0.157,629,1697,173,54,0.401,85,0.44,11848,2381.36,0,0,17.786(22.233%)(0.000m),36.686(32.370%)(1.788m),57.000(50.294%)(3.964m),21.000(18.529%)(0.107m),12.000(15.000%)(0.000m),12.553(31.382%)(0.273m),11.000(27.500%)(0.107m),850.930,6796.921,62.4,1.4239,"[1.266, 1.477, 0.728, 1.310, 1.604, 0.767]","[3.219, 3.488, 3.183, 3.246, 3.785, 3.237]","[-5.418, -6.730, -7.581, -5.009, -6.487, -7.030]"
459,3,1.5306,-1.0254,0.158,311,811,16,14,0.400,65,0.44,11880,1294.75,0,0,11.190(13.987%)(0.000m),20.056(17.697%)(0.006m),47.380(41.806%)(2.934m),43.000(37.941%)(2.464m),27.000(33.750%)(0.750m),10.021(25.052%)(0.002m),32.000(80.000%)(2.357m),638.170,6289.462,60.3,1.4098,"[1.611, 1.744, 1.433, 1.568, 1.877, 1.400]","[3.270, 3.460, 3.365, 3.214, 3.774, 3.371]","[-5.219, -5.320, -5.366, -5.287, -5.978, -5.280]"
460,3,2.8661,-0.9816,0.154,405,1130,145,0,0.399,75,0.43,11921,1542.27,0,0,37.000(46.250%)(1.821m),55.000(48.530%)(3.750m),67.000(59.118%)(5.036m),29.008(25.595%)(0.965m),13.262(16.577%)(0.000m),31.000(77.500%)(2.250m),9.698(24.244%)(0.000m),1045.118,4602.201,64.6,1.3773,"[0.494, 1.643, 1.635, 0.539, 1.830, 1.624]","[3.094, 3.526, 3.050, 3.077, 3.802, 3.147]","[-5.461, -4.349, -1.777, -4.941, -3.778, -1.925]"
461,3,-4.1983,-1.0694,0.160,267,683,36,0,0.398,60,0.43,11948,1056.72,0,0,10.787(13.484%)(0.000m),18.173(16.035%)(0.000m),37.146(32.776%)(1.837m),52.000(45.882%)(3.429m),45.000(56.250%)(2.679m),10.399(25.997%)(0.043m),40.000(100.000%)(3.214m),1840.482,5940.251,59.2,1.3516,"[1.472, 1.382, 0.944, 1.519, 1.513, 0.890]","[3.172, 3.633, 3.515, 3.278, 3.769, 3.546]","[-5.730, -5.466, -5.497, -5.516, -5.339, -5.379]"
462,3,-1.7623,-1.0932,0.161,339,853,97,32,0.397,65,0.43,11982,1405.41,0,0,11.307(14.133%)(0.000m),20.265(17.881%)(0.028m),34.000(30.000%)(1.500m),30.000(26.471%)(1.071m),28.000(35.000%)(0.857m),10.126(25.314%)(0.013m),40.000(100.000%)(3.214m),513.558,5529.299,58.2,1.4696,"[1.470, 1.341, 0.811, 1.456, 1.342, 0.598]","[3.371, 3.687, 3.219, 3.279, 3.891, 3.274]","[-5.168, -5.528, -5.562, -5.044, -5.292, -5.327]"
463,3,-4.8076,-1.1490,0.179,563,1517,210,78,0.397,85,0.43,12039,2330.49,0,0,16.257(20.321%)(0.000m),34.249(30.220%)(1.527m),19.000(16.765%)(0.000m),20.000(17.647%)(0.000m),21.000(26.250%)(0.107m),11.449(28.622%)(0.155m),15.000(37.500%)(0.536m),0.000,6777.300,62.3,1.6000,"[0.877, 1.088, 0.436, 1.042, 1.174, 0.561]","[3.557, 3.822, 3.376, 3.544, 3.992, 3.441]","[-4.658, -2.730, -6.488, -3.792, -3.568, -5.760]"
464,3,-2.7146,-1.1992,0.157,265,660,18,0,0.396,55,0.43,12066,1147.10,0,0,56.000(70.000%)(3.857m),64.000(56.471%)(4.714m),41.172(36.328%)(2.268m),19.299(17.028%)(0.000m),11.232(14.040%)(0.000m),40.000(100.000%)(3.214m),10.566(26.415%)(0.061m),2497.131,7518.922,57.7,1.4728,"[1.129, 1.436, 1.781, 1.151, 1.593, 1.760]","[3.388, 3.574, 3.188, 3.409, 3.775, 3.254]","[-5.229, -5.357, -5.106, -5.376, -5.412, -5.197]"
465,3,-2.1226,-1.2761,0.147,597,1648,94,105,0.395,85,0.43,12126,2375.45,0,0,26.000(32.500%)(0.643m),55.000(48.530%)(3.750m),52.000(45.882%)(3.429m),34.000(30.000%)(1.500m),18.020(22.525%)(0.000m),18.000(45.000%)(0.857m),10.000(25.000%)(0.000m),489.849,4835.857,63.9,1.4429,"[0.649, 1.082, 1.084, 0.653, 1.265, 1.106]","[3.262, 3.562, 3.051, 3.227, 3.861, 3.189]","[-5.748, -4.714, -3.519, -5.253, -4.629, -4.254]"
466,3,0.3074,-1.3727,0.153,240,638,15,0,0.394,60,0.43,12150,920.14,0,0,39.000(48.750%)(2.036m),65.000(57.353%)(4.821m),50.586(44.635%)(3.277m),20.785(18.340%)(0.084m),11.467(14.334%)(0.000m),40.000(100.000%)(3.214m),10.143(25.358%)(0.015m),1670.979,6187.580,61.5,1.3146,"[1.334, 1.791, 1.836, 1.240, 2.015, 1.896]","[3.255, 3.508, 3.218, 3.251, 3.745, 3.277]","[-5.435, -5.481, -5.753, -5.266, -5.021, -5.505]"
467,3,2.2522,-1.1823,0.174,417,1128,56,44,0.393,75,0.43,12192,1639.99,0,0,23.000(28.750%)(0.321m),29.000(25.588%)(0.964m),38.000(33.530%)(1.929m),24.326(21.465%)(0.464m),12.291(15.364%)(0.000m),24.000(60.000%)(1.500m),9.962(24.906%)(0.000m),198.763,4669.169,62.6,1.3406,"[1.369, 1.640, 1.347, 1.374, 1.755, 1.309]","[3.403, 3.688, 3.243, 3.504, 3.873, 3.329]","[-5.344, -4.726, -5.667, -4.964, -4.402, -5.621]"
468,3,-2.8909,-1.2914,0.172,635,1690,93,59,0.393,85,0.43,12256,2375.66,0,0,20.961(26.201%)(0.103m),39.000(34.412%)(2.036m),34.000(30.000%)(1.500m),18.000(15.882%)(0.000m),11.000(13.750%)(0.000m),14.790(36.974%)(0.513m),20.000(50.000%)(1.071m),1185.992,5663.241,61.6,1.3149,"[1.378, 1.626, 1.025, 1.484, 1.816, 0.974]","[3.547, 3.791, 3.410, 3.542, 3.981, 3.433]","[-7.886, -6.686, -8.088, -6.056, -5.471, -7.143]"
469,3,-0.0529,-1.2714,0.183,502,1376,165,50,0.392,80,0.43,12307,1895.01,0,0,11.499(14.374%)(0.000m),20.843(18.391%)(0.090m),33.000(29.118%)(1.393m),27.000(23.824%)(0.750m),26.000(32.500%)(0.643m),10.171(25.428%)(0.018m),19.000(47.500%)(0.964m),253.664,4831.517,63.4,1.3513,"[1.608, 1.821, 1.226, 1.683, 1.860, 1.267]","[3.636, 3.893, 3.637, 3.823, 4.219, 3.690]","[-6.672, -2.537, -6.281, -6.379, -3.390, -5.630]"
470,3,-0.8208,-1.1416,0.173,582,1584,106,64,0.391,85,0.43,12366,2219.76,0,0,13.000(16.250%)(0.000m),28.000(24.706%)(0.857m),35.000(30.882%)(1.607m),29.000(25.588%)(0.964m),19.027(23.784%)(0.000m),10.000(25.000%)(0.000m),13.392(33.481%)(0.363m),313.355,5785.004,63.0,1.2952,"[1.089, 1.354, 1.129, 1.202, 1.582, 1.183]","[3.426, 3.653, 3.267, 3.480, 3.868, 3.217]","[-6.448, -8.514, -8.224, -4.797, -7.735, -7.987]"
471,3,-3.4010,-1.0944,0.174,143,369,25,0,0.390,40,0.42,12381,581.38,0,0,65.791(82.238%)(4.906m),92.000(81.177%)(7.714m),50.255(44.343%)(3.242m),20.649(18.220%)(0.070m),11.392(14.240%)(0.000m),40.000(100.000%)(3.214m),10.077(25.192%)(0.008m),2751.308,8064.518,59.7,1.4480,"[0.418, 0.994, 1.107, 0.427, 1.060, 1.056]","[3.264, 3.724, 3.293, 3.313, 3.883, 3.373]","[-5.395, -5.302, -5.393, -5.427, -5.717, -5.433]"
472,3,0.6429,-1.0950,0.166,381,962,55,43,0.389,70,0.42,12420,1466.55,0,0,25.000(31.250%)(0.536m),34.000(30.000%)(1.500m),50.000(44.118%)(3.214m),25.265(22.293%)(0.564m),12.405(15.507%)(0.000m),40.000(100.000%)(3.214m),9.803(24.508%)(0.000m),450.148,6180.684,58.4,1.3300,"[1.152, 1.564, 1.880, 1.204, 1.705, 1.818]","[3.349, 3.700, 3.291, 3.311, 3.945, 3.303]","[-5.453, -5.179, -5.755, -5.201, -5.531, -5.423]"
473,3,-0.9161,-1.0584,0.156,250,638,15,0,0.389,55,0.42,12445,994.25,0,0,12.499(15.624%)(0.000m),25.841(22.801%)(0.626m),71.105(62.740%)(5.476m),74.000(65.294%)(5.786m),52.000(65.000%)(3.429m),9.752(24.380%)(0.000m),40.000(100.000%)(3.214m),2665.338,7440.576,59.1,1.4376,"[1.948, 1.852, 1.035, 2.057, 2.004, 1.031]","[3.264, 3.529, 3.164, 3.288, 3.752, 3.248]","[-4.493, -7.552, -6.234, -4.163, -8.000, -6.774]"
474,3,0.8566,-1.0833,0.167,431,1189,142,0,0.388,75,0.42,12489,1662.92,0,0,37.000(46.250%)(1.821m),53.000(46.765%)(3.536m),48.033(42.382%)(3.004m),20.332(17.940%)(0.036m),11.344(14.180%)(0.000m),25.000(62.500%)(1.607m),9.879(24.697%)(0.000m),1464.110,4970.857,63.9,1.3866,"[0.581, 1.463, 1.601, 0.545, 1.572, 1.629]","[3.145, 3.581, 3.322, 3.195, 3.828, 3.406]","[-5.670, -6.029, -5.236, -5.327, -6.057, -5.305]"
475,3,4.2432,-0.9061,0.161,546,1433,38,21,0.387,80,0.42,12544,2155.05,0,0,13.428(16.785%)(0.000m),28.826(25.435%)(0.946m),71.000(62.647%)(5.464m),56.000(49.412%)(3.857m),29.000(36.250%)(0.964m),9.691(24.227%)(0.000m),21.000(52.500%)(1.179m),1991.159,6164.763,60.8,1.3899,"[1.872, 1.949, 1.556, 1.868, 2.111, 1.592]","[3.238, 3.545, 3.475, 3.202, 3.841, 3.529]","[-0.728, -1.478, -4.782, -0.189, -1.933, -4.191]"
476,3,0.9967,-0.8357,0.149,488,1258,133,0,0.386,75,0.42,12593,1910.18,0,0,12.555(15.693%)(0.000m),25.956(22.902%)(0.638m),52.000(45.882%)(3.429m),47.000(41.471%)(2.893m),36.000(45.000%)(1.714m),9.795(24.488%)(0.000m),24.000(60.000%)(1.500m),1634.801,6049.200,59.7,1.3532,"[1.755, 1.781, 0.851, 1.792, 1.935, 0.911]","[3.065, 3.629, 3.145, 3.098, 3.882, 3.313]","[-3.849, -5.816, -6.979, -2.441, -5.734, -6.610]"
477,3,2.9340,-0.7570,0.164,592,1648,67,37,0.386,85,0.42,12653,2387.45,0,0,19.670(24.588%)(0.000m),41.593(36.700%)(2.314m),58.000(51.177%)(4.071m),46.000(40.588%)(2.786m),27.000(33.750%)(0.750m),13.846(34.616%)(0.412m),24.000(60.000%)(1.500m),594.472,4926.516,64.4,1.3787,"[1.289, 1.586, 1.260, 1.230, 1.712, 1.185]","[3.341, 3.467, 3.097, 3.495, 3.735, 3.256]","[-2.039, -1.823, -3.950, -2.493, -2.225, -4.081]"
478,3,-0.7473,-0.6245,0.189,326,819,17,0,0.385,65,0.42,12686,1253.32,0,0,41.000(51.250%)(2.250m),51.000(45.000%)(3.321m),60.000(52.941%)(4.286m),26.091(23.021%)(0.653m),12.620(15.775%)(0.000m),40.000(100.000%)(3.214m),9.846(24.615%)(0.000m),1218.241,6462.183,58.1,1.4128,"[1.302, 1.648, 2.153, 1.356, 1.847, 2.156]","[3.439, 3.646, 3.371, 3.469, 3.925, 3.413]","[-5.287, -5.685, -5.363, -5.258, -5.561, -5.243]"
479,3,-6.7458,-0.7597,0.175,727,1866,196,165,0.384,85,0.42,12759,2788.46,0,0,10.156(12.695%)(0.000m),15.334(13.530%)(0.000m),25.716(22.690%)(0.612m),31.000(27.353%)(1.179m),17.524(21.905%)(0.000m),11.481(28.703%)(0.159m),12.325(30.812%)(0.249m),934.305,6108.137,59.4,1.3079,"[0.581, 1.297, 1.048, 0.696, 1.447, 1.160]","[3.067, 3.604, 3.342, 3.171, 3.854, 3.377]","[-7.804, -6.485, -6.159, -6.899, -6.222, -6.676]"
480,3,-3.2202,-0.8656,0.166,237,605,16,0,0.383,55,0.42,12783,964.25,0,0,49.000(61.250%)(3.107m),57.000(50.294%)(3.964m),50.553(44.606%)(3.274m),20.772(18.328%)(0.083m),11.459(14.324%)(0.000m),40.000(100.000%)(3.214m),10.136(25.341%)(0.015m),3839.233,9387.985,59.1,1.4665,"[1.308, 1.580, 1.663, 1.303, 1.790, 1.760]","[3.336, 3.557, 3.260, 3.221, 3.867, 3.337]","[-5.017, -5.272, -4.954, -5.142, -5.142, -4.816]"
481,3,-1.8603,-0.9270,0.192,283,731,17,2,0.383,60,0.42,12812,1188.25,0,0,10.283(12.854%)(0.000m),16.846(14.864%)(0.000m),32.545(28.716%)(1.344m),46.000(40.588%)(2.786m),34.000(42.500%)(1.500m),10.283(25.707%)(0.030m),40.000(100.000%)(3.214m),1058.529,5226.259,59.8,1.3776,"[1.550, 1.633, 1.566, 1.601, 1.820, 1.559]","[3.372, 3.512, 3.198, 3.382, 3.836, 3.203]","[-5.520, -5.594, -5.460, -5.269, -5.631, -5.026]"
482,3,1.9895,-0.7967,0.168,470,1327,106,65,0.382,80,0.41,12859,1809.00,0,0,20.000(25.000%)(0.000m),16.000(14.118%)(0.000m),26.000(22.941%)(0.643m),35.620(31.430%)(1.674m),16.678(20.848%)(0.000m),22.000(55.000%)(1.286m),11.702(29.256%)(0.182m),298.004,4246.120,65.3,1.3327,"[0.732, 1.422, 1.106, 0.740, 1.589, 1.039]","[3.145, 3.728, 3.485, 3.232, 4.060, 3.447]","[-7.977, -7.884, -7.513, -6.939, -7.624, -7.083]"
483,3,0.3807,-0.6860,0.160,323,846,34,37,0.381,65,0.41,12892,1323.57,0,0,25.000(31.250%)(0.536m),37.000(32.647%)(1.821m),50.120(44.223%)(3.227m),20.593(18.171%)(0.064m),11.361(14.201%)(0.000m),26.000(65.000%)(1.714m),10.050(25.124%)(0.005m),674.317,5051.218,60.6,1.3703,"[1.453, 1.694, 1.645, 1.483, 1.883, 1.623]","[3.339, 3.695, 3.171, 3.308, 3.982, 3.284]","[-5.997, -6.084, -5.006, -5.376, -6.529, -5.214]"
484,3,2.3951,-0.6514,0.151,545,1478,44,58,0.380,80,0.41,12947,2124.24,0,0,23.000(28.750%)(0.321m),21.000(18.529%)(0.107m),33.000(29.118%)(1.393m),48.145(42.481%)(3.016m),22.999(28.748%)(0.321m),22.000(55.000%)(1.286m),16.259(40.648%)(0.671m),0.000,5172.939,62.8,1.3992,"[1.157, 1.320, 0.871, 1.257, 1.475, 0.844]","[3.261, 3.564, 3.071, 3.373, 3.779, 3.203]","[-6.298, -6.713, -7.839, -6.373, -7.033, -7.283]"
485,3,1.4273,-0.5455,0.146,267,721,14,33,0.379,60,0.41,12974,1022.48,0,0,23.000(28.750%)(0.321m),39.000(34.412%)(2.036m),34.140(30.123%)(1.515m),17.672(15.593%)(0.000m),10.787(13.483%)(0.000m),24.000(60.000%)(1.500m),10.787(26.967%)(0.084m),442.555,4914.823,62.5,1.3551,"[1.381, 1.701, 1.572, 1.392, 1.876, 1.533]","[2.789, 3.242, 2.885, 2.902, 3.491, 2.938]","[-4.954, -4.972, -4.679, -4.761, -5.005, -4.716]"
486,3,-0.7234,-0.5263,0.170,366,930,126,0,0.379,65,0.41,13011,1412.00,0,0,42.000(52.500%)(2.357m),71.000(62.647%)(5.464m),90.000(79.412%)(7.500m),26.214(23.130%)(0.666m),12.680(15.849%)(0.000m),33.000(82.500%)(2.464m),9.893(24.732%)(0.000m),3634.684,9726.158,58.8,1.3418,"[0.941, 2.146, 2.193, 1.095, 2.387, 2.304]","[2.780, 3.375, 3.128, 2.801, 3.542, 3.208]","[-5.317, -5.631, -6.043, -5.267, -5.281, -5.792]"
487,3,2.7845,-0.4313,0.160,507,1428,103,63,0.378,85,0.41,13062,1933.08,0,0,13.000(16.250%)(0.000m),26.000(22.941%)(0.643m),54.000(47.647%)(3.643m),32.896(29.026%)(1.382m),15.201(19.002%)(0.000m),10.000(25.000%)(0.000m),10.642(26.605%)(0.069m),214.446,4188.544,65.2,1.3170,"[0.609, 1.026, 0.963, 0.702, 1.233, 0.976]","[3.024, 3.519, 2.941, 3.146, 3.791, 2.985]","[-5.238, -6.695, -6.757, -4.830, -7.065, -7.175]"
488,3,-4.9439,-0.5392,0.166,230,604,60,0,0.377,55,0.41,13085,896.92,0,0,44.000(55.000%)(2.571m),74.000(65.294%)(5.786m),49.669(43.825%)(3.179m),20.408(18.007%)(0.044m),11.259(14.074%)(0.000m),40.000(100.000%)(3.214m),9.959(24.898%)(0.000m),2464.908,7571.883,60.8,1.4547,"[0.141, 1.236, 1.768, 0.183, 1.360, 1.817]","[3.336, 3.573, 3.129, 3.362, 3.834, 3.124]","[-5.588, -5.218, -5.168, -5.164, -5.666, -5.069]"
489,3,-2.5717,-0.5502,0.166,301,761,46,7,0.376,60,0.41,13116,1169.65,0,0,10.318(12.898%)(0.000m),16.754(14.783%)(0.000m),31.820(28.077%)(1.266m),37.000(32.647%)(1.821m),34.000(42.500%)(1.500m),10.445(26.113%)(0.048m),40.000(100.000%)(3.214m),994.950,6316.658,58.5,1.3252,"[1.672, 1.509, 1.103, 1.741, 1.677, 0.969]","[3.049, 3.505, 3.111, 2.979, 3.779, 3.159]","[-5.506, -5.554, -5.748, -5.101, -5.051, -5.329]"
490,3,4.3808,-0.4959,0.145,447,1229,141,34,0.376,80,0.41,13161,1755.83,0,0,25.000(31.250%)(0.536m),42.000(37.059%)(2.357m),51.000(45.000%)(3.321m),21.573(19.035%)(0.169m),11.486(14.357%)(0.000m),23.000(57.500%)(1.393m),9.788(24.471%)(0.000m),906.079,4489.053,63.7,1.4065,"[1.033, 1.645, 1.528, 1.085, 1.843, 1.551]","[3.096, 3.296, 3.123, 3.024, 3.479, 3.158]","[-4.804, -4.759, -5.606, -4.372, -4.514, -5.218]"
491,3,0.4961,-0.4846,0.154,623,1836,61,91,0.375,95,0.41,13224,2371.66,0,0,20.000(25.000%)(0.000m),30.000(26.471%)(1.071m),24.000(21.177%)(0.429m),20.000(17.647%)(0.000m),22.958(28.697%)(0.317m),20.072(50.180%)(1.079m),16.200(40.500%)(0.664m),0.000,4063.158,68.2,1.3667,"[0.416, 0.699, 0.210, 0.424, 0.815, 0.164]","[2.775, 3.173, 2.923, 2.812, 3.363, 2.997]","[-5.365, -5.227, -8.060, -4.695, -5.577, -7.281]"
492,3,0.8293,-0.4779,0.146,500,1283,96,86,0.374,75,0.41,13274,1954.70,0,0,20.000(25.000%)(0.000m),35.000(30.882%)(1.607m),49.000(43.235%)(3.107m),26.190(23.109%)(0.663m),12.668(15.835%)(0.000m),22.000(55.000%)(1.286m),9.884(24.709%)(0.000m),1082.998,7051.031,59.4,1.3003,"[1.258, 1.607, 1.339, 1.374, 1.819, 1.337]","[3.236, 3.407, 3.265, 3.346, 3.739, 3.212]","[-5.400, -5.515, -5.599, -4.936, -5.295, -5.209]"
493,3,-1.0874,-0.4674,0.166,276,703,38,0,0.373,60,0.41,13302,1075.46,0,0,42.000(52.500%)(2.357m),47.000(41.471%)(2.893m),42.173(37.211%)(2.376m),19.314(17.042%)(0.000m),11.127(13.909%)(0.000m),40.000(100.000%)(3.214m),10.339(25.848%)(0.036m),1841.684,5498.046,59.0,1.2795,"[1.327, 1.545, 1.551, 1.327, 1.676, 1.521]","[2.992, 3.439, 3.010, 3.164, 3.672, 3.086]","[-5.498, -5.469, -5.310, -5.443, -5.372, -5.387]"
494,3,10.6075,-0.2887,0.152,862,2489,93,236,0.373,100,0.61,13389,3371.33,1,1,23.000(28.750%)(0.321m),37.000(32.647%)(1.821m),58.000(51.177%)(4.071m),33.660(29.700%)(1.464m),15.701(19.627%)(0.000m),18.000(45.000%)(0.857m),11.007(27.518%)(0.108m),232.218,4688.477,66.8,1.3555,"[0.820, 1.203, 1.030, 0.924, 1.462, 1.089]","[2.780, 3.377, 3.008, 2.979, 3.719, 3.085]","[-5.808, -4.481, -3.724, -5.053, -4.403, -4.445]"
495,3,2.1791,-0.2815,0.153,508,1395,157,79,0.372,80,0.61,13440,1916.00,0,0,15.000(18.750%)(0.000m),32.000(28.235%)(1.286m),28.000(24.706%)(0.857m),20.000(17.647%)(0.000m),17.454(21.817%)(0.000m),14.000(35.000%)(0.429m),12.286(30.715%)(0.245m),0.000,4880.116,63.5,1.3347,"[0.569, 1.402, 1.288, 0.711, 1.599, 1.282]","[2.921, 3.482, 3.278, 3.074, 3.703, 3.531]","[-6.408, -6.003, -5.645, -4.672, -4.849, -6.747]"
496,3,-2.0414,-0.3716,0.154,238,626,52,25,0.371,55,0.60,13464,930.34,0,0,58.700(73.375%)(4.146m),31.000(27.353%)(1.179m),20.000(17.647%)(0.000m),20.000(17.647%)(0.000m),23.000(28.750%)(0.321m),40.000(100.000%)(3.214m),39.584(98.960%)(3.170m),0.000,3397.301,60.9,1.3581,"[1.171, 1.365, 1.208, 1.180, 1.397, 1.143]","[3.169, 3.610, 3.400, 3.246, 3.822, 3.468]","[-5.884, -5.991, -6.587, -5.867, -4.760, -4.801]"
497,3,2.0525,-0.2306,0.167,601,1670,151,43,0.370,85,0.60,13525,2404.05,0,0,19.969(24.961%)(0.000m),41.230(36.379%)(2.275m),50.000(44.118%)(3.214m),41.000(36.177%)(2.250m),29.000(36.250%)(0.964m),14.000(35.000%)(0.429m),24.000(60.000%)(1.500m),921.089,5337.303,64.3,1.3879,"[1.433, 1.478, 1.024, 1.387, 1.592, 0.910]","[3.472, 3.559, 3.136, 3.522, 3.811, 3.251]","[-2.716, -2.599, -5.022, -3.590, -2.360, -4.895]"
498,3,-3.1408,-0.3248,0.161,232,599,23,0,0.370,55,0.60,13549,946.21,0,0,50.000(62.500%)(3.214m),73.000(64.412%)(5.679m),75.387(66.518%)(5.934m),29.697(26.203%)(1.039m),13.644(17.056%)(0.000m),40.000(100.000%)(3.214m),9.588(23.971%)(0.000m),2625.576,6709.299,59.8,1.4663,"[0.946, 1.175, 1.693, 0.994, 1.337, 1.791]","[3.287, 3.570, 3.225, 3.311, 3.823, 3.243]","[-5.186, -5.377, -2.361, -4.892, -5.256, -2.234]"
499,3,-1.5067,-0.3441,0.151,372,914,67,7,0.369,65,0.60,13587,1503.30,0,0,34.000(42.500%)(1.500m),36.000(31.765%)(1.714m),39.000(34.412%)(2.036m),19.611(17.304%)(0.000m),11.062(13.828%)(0.000m),39.054(97.634%)(3.113m),10.029(25.073%)(0.003m),855.576,6933.139,56.9,1.4238,"[1.129, 1.270, 1.646, 1.151, 1.348, 1.577]","[3.414, 3.555, 3.204, 3.523, 3.797, 3.278]","[-4.910, -5.305, -5.583, -4.787, -5.433, -5.358]"
500,3,-1.3412,-0.4053,0.160,861,2345,77,206,0.368,95,0.60,13674,3392.11,0,0,24.729(30.911%)(0.507m),21.000(18.529%)(0.107m),20.000(17.647%)(0.000m),20.000(17.647%)(0.000m),23.000(28.750%)(0.321m),14.000(35.000%)(0.429m),21.000(52.500%)(1.179m),0.000,5835.272,63.0,1.3549,"[0.917, 1.107, 0.931, 0.887, 1.214, 0.894]","[3.295, 3.514, 3.306, 3.389, 3.848, 3.257]","[-5.926, -4.300, -5.286, -5.175, -4.187, -5.325]"
501,3,1.1081,-0.3752,0.174,302,757,28,0,0.368,60,0.60,13705,1202.03,0,0,12.785(15.981%)(0.000m),26.988(23.813%)(0.749m),57.000(50.294%)(3.964m),49.000(43.235%)(3.107m),43.000(53.750%)(2.464m),9.722(24.305%)(0.000m),40.000(100.000%)(3.214m),1441.987,6527.806,58.0,1.3457,"[1.787, 1.605, 1.204, 1.808, 1.762, 1.095]","[3.631, 3.864, 3.536, 3.689, 4.113, 3.465]","[-4.239, -7.846, -7.656, -4.351, -7.461, -7.864]"
502,3,2.9436,-0.3777,0.157,359,984,13,21,0.367,70,0.60,13741,1350.11,0,0,12.508(15.635%)(0.000m),25.474(22.478%)(0.587m),70.000(61.765%)(5.357m),56.000(49.412%)(3.857m),30.000(37.500%)(1.071m),9.884(24.711%)(0.000m),21.000(52.500%)(1.179m),1262.003,5414.750,63.4,1.2832,"[1.724, 1.901, 1.426, 1.799, 2.055, 1.346]","[3.251, 4.017, 3.509, 3.209, 4.126, 3.542]","[-5.833, -6.124, -6.464, -5.220, -5.956, -6.718]"
503,3,0.9273,-0.3558,0.158,510,1411,10,51,0.366,80,0.60,13792,1986.72,0,0,24.100(30.125%)(0.439m),50.000(44.118%)(3.214m),25.000(22.059%)(0.536m),17.000(15.000%)(0.000m),26.000(32.500%)(0.643m),17.091(42.728%)(0.760m),18.000(45.000%)(0.857m),625.410,5485.631,64.0,1.4162,"[1.224, 1.612, 1.399, 1.287, 1.786, 1.349]","[3.320, 3.650, 3.373, 3.298, 3.831, 3.382]","[-6.424, -6.099, -7.970, -6.642, -5.084, -5.880]"
504,3,-0.5021,-0.2877,0.160,330,838,55,0,0.365,65,0.60,13825,1316.99,0,0,11.347(14.184%)(0.000m),20.568(18.148%)(0.061m),50.058(44.169%)(3.220m),49.000(43.235%)(3.107m),37.000(46.250%)(1.821m),10.037(25.093%)(0.004m),40.000(100.000%)(3.214m),1643.546,5593.333,58.8,1.3879,"[1.597, 1.637, 1.273, 1.714, 1.788, 1.200]","[2.855, 3.363, 3.119, 2.968, 3.616, 3.174]","[-5.606, -5.707, -6.207, -5.386, -5.819, -6.743]"
505,3,6.2688,-0.1514,0.151,910,2504,143,129,0.365,95,0.59,13916,3512.86,0,0,21.532(26.915%)(0.164m),45.324(39.992%)(2.713m),51.780(45.688%)(3.405m),21.276(18.773%)(0.137m),11.738(14.672%)(0.000m),15.169(37.923%)(0.554m),10.382(25.956%)(0.041m),575.508,4534.883,63.7,1.3365,"[0.797, 1.315, 1.139, 0.904, 1.487, 1.033]","[3.118, 3.662, 3.289, 3.187, 3.858, 3.300]","[-8.055, -5.916, -5.107, -6.293, -5.769, -5.162]"
506,3,-0.8408,-0.0108,0.161,591,1639,27,132,0.364,85,0.59,13976,2285.86,0,0,18.000(22.500%)(0.000m),39.000(34.412%)(2.036m),52.000(45.882%)(3.429m),43.000(37.941%)(2.464m),24.402(30.503%)(0.472m),14.000(35.000%)(0.429m),11.000(27.500%)(0.107m),1069.022,5227.117,64.2,1.3274,"[1.324, 1.268, 0.772, 1.501, 1.590, 0.840]","[3.415, 3.747, 3.265, 3.447, 4.031, 3.363]","[-3.603, -4.169, -6.439, -3.652, -3.065, -6.063]"
507,3,0.3678,0.0503,0.165,372,915,48,0,0.363,65,0.59,14014,1470.30,0,0,45.000(56.250%)(2.679m),47.000(41.471%)(2.893m),60.000(52.941%)(4.286m),27.291(24.080%)(0.781m),12.931(16.163%)(0.000m),40.000(100.000%)(3.214m),9.833(24.581%)(0.000m),1503.219,8955.358,56.9,1.3695,"[0.801, 1.969, 2.246, 0.879, 2.133, 2.246]","[3.481, 3.891, 3.483, 3.445, 4.181, 3.528]","[-5.004, -4.485, -3.916, -4.443, -4.583, -4.244]"
508,3,-1.9104,0.0179,0.157,212,536,22,0,0.362,50,0.59,14036,871.17,0,0,65.974(82.468%)(4.926m),82.000(72.353%)(6.643m),84.351(74.427%)(6.895m),26.125(23.052%)(0.656m),12.636(15.796%)(0.000m),40.000(100.000%)(3.214m),9.859(24.648%)(0.000m),2789.862,8786.340,58.6,1.3615,"[0.779, 1.593, 2.398, 0.791, 1.684, 2.430]","[3.441, 3.722, 3.504, 3.457, 4.011, 3.534]","[-5.047, -4.712, -5.673, -4.866, -5.263, -5.624]"
509,3,-0.2249,-0.0172,0.167,332,820,40,0,0.362,60,0.59,14070,1304.86,0,0,44.000(55.000%)(2.571m),47.000(41.471%)(2.893m),50.000(44.118%)(3.214m),27.280(24.070%)(0.780m),12.947(16.183%)(0.000m),40.000(100.000%)(3.214m),9.845(24.612%)(0.000m),2177.043,6838.492,57.2,1.3880,"[1.370, 1.541, 1.767, 1.387, 1.705, 1.723]","[3.542, 3.747, 3.393, 3.657, 4.001, 3.422]","[-4.859, -5.299, -5.112, -5.083, -5.495, -5.275]"
510,3,-1.3205,-0.1009,0.170,260,670,77,0,0.361,60,0.59,14096,964.58,0,0,48.000(60.000%)(3.000m),83.000(73.236%)(6.750m),101.109(89.214%)(8.690m),25.765(22.734%)(0.618m),12.462(15.578%)(0.000m),40.000(100.000%)(3.214m),9.723(24.308%)(0.000m),3287.961,8851.885,59.6,1.2447,"[0.262, 1.886, 2.188, 0.377, 2.106, 2.217]","[3.402, 3.677, 3.337, 3.418, 3.953, 3.446]","[-5.095, -4.978, -5.328, -4.749, -4.458, -5.354]"
511,3,-2.6995,-0.0709,0.156,760,2020,0,203,0.360,90,0.59,14172,3013.58,0,0,24.827(31.034%)(0.517m),38.000(33.530%)(1.929m),62.000(54.706%)(4.500m),50.000(44.118%)(3.214m),25.000(31.250%)(0.536m),17.000(42.500%)(0.750m),18.000(45.000%)(0.857m),675.984,7384.019,61.5,1.3303,"[1.157, 1.398, 1.266, 1.200, 1.576, 1.245]","[3.548, 3.644, 3.330, 3.596, 3.995, 3.301]","[-4.063, -0.711, -4.623, -3.586, -1.265, -4.648]"
512,3,-1.1778,-0.0592,0.173,205,532,18,0,0.360,50,0.59,14193,809.56,0,0,13.185(16.481%)(0.000m),28.398(25.057%)(0.900m),71.521(63.107%)(5.520m),77.000(67.941%)(6.107m),57.000(71.250%)(3.964m),9.641(24.104%)(0.000m),40.000(100.000%)(3.214m),1617.343,7194.347,60.0,1.4116,"[1.829, 1.418, 0.768, 1.881, 1.524, 0.584]","[3.375, 3.398, 3.060, 3.387, 3.539, 3.073]","[-4.642, -6.806, -6.455, -3.506, -7.141, -6.813]"
513,3,1.2708,0.0623,0.163,722,2046,92,117,0.359,95,0.58,14266,2783.44,0,0,15.478(19.347%)(0.000m),33.308(29.389%)(1.426m),19.000(16.765%)(0.000m),21.000(18.529%)(0.107m),27.000(33.750%)(0.750m),10.844(27.110%)(0.090m),19.000(47.500%)(0.964m),0.000,4054.504,65.6,1.2698,"[1.098, 1.177, 0.848, 1.108, 1.271, 0.706]","[3.147, 3.598, 3.258, 3.119, 3.672, 3.373]","[-5.763, -3.999, -4.261, -5.454, -5.088, -4.804]"
514,3,-0.2218,0.1122,0.160,377,932,64,15,0.358,65,0.58,14304,1568.61,0,0,30.000(37.500%)(1.071m),34.000(30.000%)(1.500m),42.000(37.059%)(2.357m),25.961(22.907%)(0.639m),12.557(15.696%)(0.000m),40.000(100.000%)(3.214m),9.797(24.493%)(0.000m),602.439,6874.568,57.2,1.4214,"[1.194, 1.497, 1.898, 1.232, 1.578, 1.807]","[3.601, 4.062, 3.498, 3.549, 4.175, 3.570]","[-5.216, -5.378, -5.915, -5.334, -5.671, -5.772]"
515,3,6.3015,0.2807,0.164,692,1991,144,17,0.357,95,0.58,14374,2745.32,0,0,20.825(26.031%)(0.088m),43.744(38.598%)(2.544m),54.702(48.267%)(3.718m),21.039(18.564%)(0.111m),11.339(14.173%)(0.000m),14.701(36.752%)(0.504m),9.784(24.460%)(0.000m),902.831,4754.603,66.6,1.3575,"[1.054, 1.621, 1.326, 1.052, 1.812, 1.254]","[3.627, 3.811, 3.642, 3.725, 4.099, 3.608]","[-5.450, -5.523, -6.000, -5.395, -5.007, -5.754]"
516,3,-0.0190,0.2741,0.152,330,856,44,20,0.357,65,0.58,14407,1323.96,0,0,12.000(15.000%)(0.000m),21.000(18.529%)(0.107m),67.000(59.118%)(5.036m),34.435(30.384%)(1.547m),16.384(20.480%)(0.000m),11.000(27.500%)(0.107m),11.530(28.826%)(0.164m),1250.502,6991.093,60.0,1.4548,"[0.966, 1.613, 1.793, 1.003, 1.764, 1.700]","[3.502, 3.799, 3.607, 3.559, 3.975, 3.526]","[-9.193, -9.496, -6.812, -7.726, -9.623, -7.775]"
517,3,0.6169,0.2414,0.137,276,682,18,0,0.356,55,0.58,14435,1134.60,0,0,9.995(12.493%)(0.000m),14.664(12.938%)(0.000m),23.557(20.786%)(0.381m),56.000(49.412%)(3.857m),54.000(67.500%)(3.643m),11.875(29.687%)(0.201m),40.000(100.000%)(3.214m),1880.214,7765.552,57.2,1.4031,"[2.008, 1.989, 1.656, 1.990, 2.177, 1.561]","[3.436, 3.570, 3.378, 3.542, 3.880, 3.417]","[-5.035, -5.348, -5.375, -4.760, -4.876, -5.240]"
518,3,1.8891,0.3370,0.152,439,1140,187,0,0.355,75,0.58,14479,1669.22,0,0,41.000(51.250%)(2.250m),64.000(56.471%)(4.714m),69.000(60.883%)(5.250m),29.753(26.252%)(1.045m),13.650(17.063%)(0.000m),28.000(70.000%)(1.929m),9.583(23.958%)(0.000m),2872.244,8788.889,60.1,1.3254,"[1.035, 2.118, 2.100, 1.129, 2.328, 2.196]","[3.487, 3.863, 3.437, 3.495, 3.948, 3.406]","[-5.905, -6.237, -1.220, -5.495, -5.833, -0.567]"
519,3,-1.1686,0.3147,0.153,434,1236,137,51,0.355,80,0.58,14523,1682.19,0,0,31.000(38.750%)(1.179m),61.000(53.824%)(4.393m),36.000(31.765%)(1.714m),27.000(23.824%)(0.750m),18.721(23.401%)(0.000m),20.000(50.000%)(1.071m),13.204(33.011%)(0.343m),0.000,5895.582,65.9,1.4081,"[0.448, 1.400, 1.435, 0.493, 1.581, 1.472]","[3.054, 3.574, 3.250, 3.153, 3.845, 3.259]","[-5.415, -3.712, -2.302, -4.903, -4.195, -2.501]"
520,3,-2.5026,0.2811,0.160,845,2128,267,90,0.354,85,0.58,14608,3294.01,0,0,14.339(17.924%)(0.000m),22.000(19.412%)(0.214m),20.000(17.647%)(0.000m),20.000(17.647%)(0.000m),25.000(31.250%)(0.536m),10.042(25.104%)(0.004m),28.000(70.000%)(1.929m),0.000,8838.649,58.3,1.3422,"[1.190, 1.134, 0.521, 1.268, 1.273, 0.415]","[3.355, 3.678, 3.418, 3.452, 3.944, 3.542]","[-5.250, -4.870, -6.767, -5.257, -5.554, -5.858]"
521,3,-1.8055,0.3130,0.166,493,1380,22,45,0.353,80,0.58,14658,1931.21,0,0,16.000(20.000%)(0.000m),17.000(15.000%)(0.000m),33.000(29.118%)(1.393m),45.815(40.425%)(2.766m),21.733(27.166%)(0.186m),20.000(50.000%)(1.071m),15.307(38.267%)(0.569m),656.652,4668.672,64.8,1.3120,"[1.447, 1.736, 1.447, 1.413, 1.947, 1.475]","[3.548, 3.623, 3.515, 3.536, 3.841, 3.487]","[-7.391, -5.367, -6.299, -7.235, -5.064, -6.573]"
522,3,-3.6896,0.2264,0.151,253,691,14,26,0.352,60,0.57,14684,923.57,0,0,27.000(33.750%)(0.750m),54.000(47.647%)(3.643m),30.274(26.712%)(1.101m),16.456(14.520%)(0.000m),10.311(12.889%)(0.000m),26.000(65.000%)(1.714m),10.696(26.741%)(0.075m),3954.573,9379.161,63.2,1.2714,"[1.326, 1.639, 1.579, 1.335, 1.932, 1.665]","[3.073, 3.776, 3.269, 3.165, 3.992, 3.293]","[-5.237, -5.138, -5.191, -5.170, -5.143, -4.798]"
523,3,-0.7793,0.2291,0.154,545,1542,83,77,0.352,85,0.57,14739,2151.76,0,0,31.000(38.750%)(1.179m),61.000(53.824%)(4.393m),54.000(47.647%)(3.643m),45.000(39.706%)(2.679m),22.000(27.500%)(0.214m),13.000(32.500%)(0.321m),11.000(27.500%)(0.107m),1099.549,6949.271,65.5,1.4072,"[0.836, 1.360, 1.338, 0.923, 1.634, 1.450]","[3.041, 3.574, 3.305, 3.213, 3.883, 3.362]","[-5.374, -1.867, -2.657, -5.152, -2.751, -2.557]"
524,3,0.4468,0.2209,0.156,508,1449,154,116,0.351,85,0.57,14790,1965.74,0,0,14.000(17.500%)(0.000m),32.000(28.235%)(1.286m),38.000(33.530%)(1.929m),30.000(26.471%)(1.071m),18.294(22.867%)(0.000m),10.000(25.000%)(0.000m),12.842(32.105%)(0.304m),77.249,4147.012,66.0,1.3473,"[0.614, 1.094, 0.830, 0.667, 1.377, 0.909]","[3.374, 3.617, 3.390, 3.513, 3.863, 3.309]","[-4.515, -5.049, -6.166, -4.216, -4.007, -6.029]"
525,3,2.0335,0.1767,0.154,333,869,49,48,0.350,65,0.57,14824,1351.30,0,0,23.000(28.750%)(0.321m),36.000(31.765%)(1.714m),34.112(30.099%)(1.512m),17.658(15.580%)(0.000m),10.778(13.472%)(0.000m),23.000(57.500%)(1.393m),10.778(26.945%)(0.083m),517.605,4948.283,60.4,1.3998,"[1.520, 1.851, 1.747, 1.542, 1.977, 1.712]","[3.461, 3.670, 3.436, 3.497, 3.923, 3.371]","[-5.023, -4.921, -4.843, -4.561, -4.866, -4.753]"
526,3,-1.9517,0.1177,0.153,431,1291,66,63,0.350,85,0.57,14868,1670.47,0,0,19.000(23.750%)(0.000m),42.709(37.684%)(2.433m),81.000(71.471%)(6.536m),51.000(45.000%)(3.321m),25.000(31.250%)(0.536m),10.000(25.000%)(0.000m),20.000(50.000%)(1.071m),668.615,5369.175,69.3,1.3382,"[0.675, 0.893, 0.146, 0.594, 1.059, 0.080]","[3.430, 3.701, 3.182, 3.507, 3.894, 3.324]","[-2.366, -3.066, -5.131, -3.632, -2.914, -4.772]"
527,3,0.3086,0.0652,0.158,442,1280,105,63,0.349,80,0.57,14913,1736.67,0,0,10.000(12.500%)(0.000m),15.000(13.235%)(0.000m),24.000(21.177%)(0.429m),33.000(29.118%)(1.393m),16.957(21.197%)(0.000m),20.000(50.000%)(1.071m),11.887(29.719%)(0.202m),158.229,4242.293,67.0,1.3328,"[0.296, 1.037, 1.402, 0.304, 1.251, 1.449]","[3.237, 3.617, 3.378, 3.147, 3.891, 3.332]","[-6.485, -7.027, -6.273, -6.665, -6.778, -6.069]"
528,3,1.4700,0.1096,0.157,421,1129,147,2,0.348,75,0.57,14956,1658.04,0,0,34.000(42.500%)(1.500m),41.000(36.177%)(2.250m),57.000(50.294%)(3.964m),26.545(23.422%)(0.701m),12.642(15.803%)(0.000m),29.000(72.500%)(2.036m),9.738(24.344%)(0.000m),615.071,5534.340,62.1,1.3884,"[0.946, 1.677, 1.924, 1.012, 1.897, 1.972]","[3.430, 3.570, 3.301, 3.507, 3.790, 3.339]","[-5.810, -6.333, -6.085, -5.427, -5.651, -5.623]"
529,3,2.8016,0.3005,0.155,329,851,14,5,0.347,65,0.57,14989,1312.30,0,0,11.583(14.479%)(0.000m),20.995(18.525%)(0.107m),51.098(45.087%)(3.332m),45.000(39.706%)(2.679m),31.000(38.750%)(1.179m),10.246(25.614%)(0.026m),31.000(77.500%)(2.250m),896.854,5920.567,59.9,1.3563,"[1.781, 1.922, 1.535, 1.780, 2.061, 1.503]","[3.294, 3.514, 3.075, 3.380, 3.753, 3.166]","[-5.287, -5.349, -6.092, -5.175, -5.798, -5.579]"
530,3,6.3115,0.4911,0.156,1042,2869,231,83,0.347,95,0.57,15094,4122.32,0,0,16.901(21.126%)(0.000m),35.931(31.704%)(1.707m),55.000(48.530%)(3.750m),27.437(24.209%)(0.797m),12.871(16.089%)(0.000m),11.860(29.650%)(0.199m),9.787(24.468%)(0.000m),727.551,5849.503,63.7,1.3824,"[0.951, 1.357, 1.182, 0.978, 1.555, 1.202]","[3.177, 3.448, 3.190, 3.188, 3.645, 3.169]","[-5.499, -6.390, -5.812, -5.453, -5.642, -5.273]"
531,3,-3.7903,0.4525,0.168,627,1702,125,122,0.346,85,0.56,15157,2498.95,0,0,15.209(19.012%)(0.000m),32.358(28.551%)(1.324m),69.000(60.883%)(5.250m),46.000(40.588%)(2.786m),13.000(16.250%)(0.000m),10.689(26.722%)(0.074m),10.000(25.000%)(0.000m),547.128,7107.429,62.8,1.3653,"[1.103, 1.365, 0.404, 1.222, 1.535, 0.445]","[3.254, 3.464, 3.112, 3.444, 3.705, 3.226]","[-4.934, -3.372, -6.261, -5.009, -3.202, -5.585]"
532,3,3.6938,0.4866,0.165,901,2472,144,169,0.345,95,0.56,15248,3589.17,0,0,12.000(15.000%)(0.000m),21.000(18.529%)(0.107m),62.000(54.706%)(4.500m),31.933(28.176%)(1.279m),15.052(18.815%)(0.000m),11.000(27.500%)(0.107m),10.587(26.467%)(0.063m),824.197,4675.254,63.5,1.3820,"[1.022, 1.698, 1.490, 1.006, 1.792, 1.388]","[3.571, 3.728, 3.800, 3.544, 3.914, 3.783]","[-9.253, -9.877, -6.665, -7.675, -10.458, -7.775]"
533,3,-4.5908,0.3872,0.164,371,963,55,49,0.345,70,0.56,15286,1467.82,0,0,23.000(28.750%)(0.321m),38.000(33.530%)(1.929m),43.000(37.941%)(2.464m),20.972(18.505%)(0.104m),11.570(14.463%)(0.000m),21.000(52.500%)(1.179m),10.234(25.586%)(0.025m),539.455,5008.562,60.1,1.3583,"[1.826, 2.014, 1.838, 1.865, 2.209, 1.792]","[3.616, 3.804, 3.312, 3.671, 3.981, 3.480]","[-5.029, -5.347, -4.719, -4.822, -5.422, -4.746]"
534,3,4.9328,0.4380,0.159,800,2195,126,126,0.344,95,0.56,15366,3026.41,0,0,19.000(23.750%)(0.000m),33.000(29.118%)(1.393m),32.780(28.924%)(1.369m),16.968(14.972%)(0.000m),10.357(12.947%)(0.000m),25.000(62.500%)(1.607m),10.357(25.893%)(0.038m),438.453,4983.374,63.5,1.3190,"[1.256, 1.760, 1.566, 1.227, 1.935, 1.569]","[3.466, 3.730, 3.345, 3.483, 3.991, 3.189]","[-5.552, -5.420, -5.455, -5.759, -5.115, -5.612]"
535,3,3.6057,0.4815,0.157,502,1405,121,47,0.343,85,0.56,15417,1947.85,0,0,10.000(12.500%)(0.000m),17.000(15.000%)(0.000m),31.000(27.353%)(1.179m),32.319(28.517%)(1.320m),14.891(18.614%)(0.000m),26.000(65.000%)(1.714m),10.421(26.053%)(0.045m),388.272,4455.900,64.8,1.3446,"[1.395, 1.729, 1.638, 1.372, 1.955, 1.708]","[3.549, 3.713, 3.418, 3.616, 3.971, 3.492]","[-6.734, -5.812, -5.773, -7.630, -5.471, -5.696]"
536,3,-0.7753,0.4805,0.151,196,538,12,0,0.343,55,0.56,15437,771.62,0,0,43.000(53.750%)(2.464m),73.000(64.412%)(5.679m),67.757(59.786%)(5.117m),23.978(21.157%)(0.426m),12.282(15.352%)(0.000m),40.000(100.000%)(3.214m),10.081(25.203%)(0.009m),2563.403,6765.741,63.5,1.3138,"[1.412, 1.994, 2.102, 1.378, 2.206, 2.115]","[3.258, 3.828, 3.620, 3.353, 4.175, 3.751]","[-5.562, -5.791, -5.956, -5.521, -5.008, -5.692]"
537,3,-1.6301,0.3922,0.161,269,693,0,17,0.342,60,0.56,15464,1059.84,0,0,28.000(35.000%)(0.857m),21.000(18.529%)(0.107m),61.000(53.824%)(4.393m),82.110(72.450%)(6.655m),43.831(54.789%)(2.553m),40.000(100.000%)(3.214m),31.637(79.092%)(2.318m),0.000,5610.327,59.6,1.2679,"[2.149, 2.139, 1.833, 2.178, 2.340, 1.789]","[3.452, 3.668, 3.471, 3.495, 3.943, 3.517]","[-5.215, -4.491, -4.227, -4.415, -3.792, -4.849]"
538,3,-6.6311,0.3585,0.171,83,201,17,0,0.341,30,0.56,15473,313.14,0,0,78.639(98.299%)(6.283m),75.533(66.647%)(5.950m),23.330(20.586%)(0.357m),14.375(12.684%)(0.000m),9.730(12.162%)(0.000m),40.000(100.000%)(3.214m),11.417(28.542%)(0.152m),6775.218,17758.150,56.0,1.3860,"[-0.614, -0.211, 0.607, -0.625, -0.148, 0.561]","[3.290, 3.831, 3.536, 3.338, 4.054, 3.530]","[-5.022, -5.401, -5.643, -4.774, -5.655, -5.438]"
539,3,5.2157,0.5142,0.149,432,1195,143,4,0.341,80,0.56,15517,1749.91,0,0,32.000(40.000%)(1.286m),41.000(36.177%)(2.250m),62.000(54.706%)(4.500m),27.103(23.915%)(0.761m),12.703(15.878%)(0.000m),29.000(72.500%)(2.036m),9.659(24.148%)(0.000m),815.172,4925.131,64.0,1.3525,"[1.228, 1.939, 1.895, 1.282, 2.143, 1.993]","[3.498, 3.874, 3.486, 3.494, 4.166, 3.579]","[-5.570, -5.749, -3.992, -4.777, -4.945, -3.916]"
540,3,-0.1214,0.4242,0.153,310,778,28,0,0.340,60,0.56,15548,1231.13,0,0,46.000(57.500%)(2.786m),52.000(45.882%)(3.429m),49.072(43.299%)(3.115m),20.163(17.791%)(0.017m),11.124(13.905%)(0.000m),40.000(100.000%)(3.214m),9.840(24.599%)(0.000m),2326.375,6828.021,58.1,1.3344,"[1.168, 1.731, 1.888, 1.170, 1.929, 1.922]","[3.427, 3.668, 3.553, 3.481, 3.846, 3.559]","[-5.815, -5.652, -5.524, -5.445, -5.425, -5.317]"
541,3,-2.4160,0.3659,0.146,591,1643,79,66,0.339,85,0.55,15608,2280.27,0,0,22.431(28.039%)(0.260m),45.637(40.268%)(2.747m),76.000(67.059%)(6.000m),47.000(41.471%)(2.893m),23.000(28.750%)(0.321m),15.833(39.583%)(0.625m),12.000(30.000%)(0.214m),941.498,6369.790,64.3,1.3388,"[0.961, 1.271, 1.045, 0.983, 1.403, 0.996]","[2.966, 3.517, 3.117, 3.029, 3.778, 3.082]","[-3.759, -0.983, -5.624, -4.670, -1.832, -4.936]"
542,3,-0.0470,0.3484,0.143,521,1484,267,74,0.339,85,0.55,15661,2014.99,0,0,22.000(27.500%)(0.214m),57.000(50.294%)(3.964m),41.000(36.177%)(2.250m),34.000(30.000%)(1.500m),19.423(24.279%)(0.000m),11.000(27.500%)(0.107m),13.699(34.247%)(0.396m),484.585,6161.856,65.9,1.3552,"[0.608, 1.286, 1.145, 0.574, 1.479, 1.274]","[2.909, 3.361, 3.370, 3.167, 3.554, 3.396]","[-4.799, -2.731, -3.697, -4.553, -3.690, -4.323]"
543,3,2.3915,0.4180,0.148,529,1410,157,107,0.338,80,0.55,15714,2129.18,0,0,18.000(22.500%)(0.000m),39.000(34.412%)(2.036m),47.000(41.471%)(2.893m),26.311(23.215%)(0.676m),12.726(15.908%)(0.000m),13.000(32.500%)(0.321m),9.929(24.823%)(0.000m),625.413,6261.003,61.7,1.5201,"[0.799, 1.361, 1.217, 0.892, 1.542, 1.315]","[3.338, 3.729, 3.402, 3.477, 4.045, 3.373]","[-6.170, -6.189, -4.771, -5.179, -5.535, -4.642]"
544,3,4.0925,0.2877,0.144,553,1522,208,33,0.337,85,0.55,15770,2210.19,0,0,12.000(15.000%)(0.000m),21.000(18.529%)(0.107m),46.000(40.588%)(2.786m),35.000(30.882%)(1.607m),18.454(23.068%)(0.000m),11.000(27.500%)(0.107m),13.038(32.596%)(0.326m),261.632,7083.357,63.7,1.4632,"[0.478, 1.207, 1.084, 0.523, 1.430, 1.145]","[3.021, 3.454, 3.038, 3.010, 3.787, 3.022]","[-10.492, -6.588, -7.949, -9.661, -5.756, -8.272]"
545,3,1.3465,0.2710,0.152,493,1374,152,63,0.337,80,0.55,15820,1892.63,0,0,24.000(30.000%)(0.429m),16.000(14.118%)(0.000m),24.000(21.177%)(0.429m),36.000(31.765%)(1.714m),19.496(24.369%)(0.000m),27.000(67.500%)(1.821m),13.725(34.312%)(0.399m),320.078,4442.620,64.5,1.3452,"[0.444, 1.265, 1.136, 0.469, 1.413, 1.110]","[2.699, 3.081, 3.086, 2.778, 3.398, 3.076]","[-7.363, -4.794, -5.068, -6.673, -5.158, -6.591]"
546,3,2.0986,0.3538,0.141,267,717,17,1,0.336,60,0.55,15847,1061.37,0,0,33.000(41.250%)(1.393m),48.000(42.353%)(3.000m),58.000(51.177%)(4.071m),24.291(21.433%)(0.460m),12.273(15.342%)(0.000m),33.000(82.500%)(2.464m),9.948(24.870%)(0.000m),974.187,5019.044,62.1,1.3933,"[1.105, 1.710, 1.702, 0.977, 1.850, 1.652]","[3.265, 3.341, 3.322, 3.301, 3.616, 3.282]","[-5.766, -5.438, -6.097, -5.458, -4.954, -6.012]"
547,3,-5.2162,0.2084,0.139,329,890,84,0,0.335,70,0.55,15880,1381.05,0,0,11.423(14.278%)(0.000m),20.945(18.481%)(0.101m),52.626(46.435%)(3.496m),81.000(71.471%)(6.536m),35.000(43.750%)(1.607m),9.980(24.949%)(0.000m),25.000(62.500%)(1.607m),2835.447,6773.225,62.6,1.4891,"[1.263, 1.353, 0.486, 1.458, 1.453, 0.320]","[3.032, 3.406, 3.314, 3.087, 3.681, 3.360]","[-5.931, -7.240, -6.282, -5.899, -7.612, -6.907]"
548,3,-3.4367,0.2025,0.144,451,1319,82,36,0.335,85,0.55,15926,1788.89,0,0,31.000(38.750%)(1.179m),46.000(40.588%)(2.786m),77.000(67.941%)(6.107m),43.332(38.234%)(2.500m),12.000(15.000%)(0.000m),26.000(65.000%)(1.714m),11.000(27.500%)(0.107m),772.309,6233.758,67.7,1.4019,"[0.446, 0.876, 0.774, 0.429, 1.108, 0.716]","[2.956, 3.356, 3.210, 3.023, 3.638, 3.106]","[-4.479, -3.900, -4.628, -4.407, -3.661, -4.482]"
549,3,-2.9548,0.1736,0.151,511,1407,40,84,0.334,80,0.55,15978,2065.58,0,0,21.000(26.250%)(0.107m),24.000(21.177%)(0.429m),36.000(31.765%)(1.714m),44.301(39.090%)(2.604m),21.068(26.335%)(0.114m),22.000(55.000%)(1.286m),14.851(37.127%)(0.520m),0.000,4912.755,63.7,1.3895,"[0.853, 1.141, 0.915, 0.943, 1.271, 0.883]","[2.903, 3.277, 2.951, 3.072, 3.501, 2.887]","[-6.592, -5.033, -7.086, -4.695, -4.517, -6.439]"
550,3,0.8313,0.2170,0.156,551,1437,185,8,0.333,80,0.55,16034,2119.01,0,0,12.746(15.933%)(0.000m),26.736(23.591%)(0.722m),51.000(45.000%)(3.321m),36.000(31.765%)(1.714m),33.000(41.250%)(1.393m),9.818(24.545%)(0.000m),25.000(62.500%)(1.607m),918.013,5417.708,60.4,1.2915,"[1.577, 1.649, 0.728, 1.660, 1.764, 0.733]","[3.004, 3.412, 2.927, 3.121, 3.769, 3.065]","[-4.279, -4.913, -5.923, -4.217, -4.698, -6.053]"
551,3,-0.5288,0.1843,0.155,253,647,48,0,0.333,55,0.54,16060,988.08,0,0,40.000(50.000%)(2.143m),40.000(35.294%)(2.143m),22.919(20.222%)(0.313m),14.121(12.460%)(0.000m),9.558(11.947%)(0.000m),40.000(100.000%)(3.214m),11.215(28.038%)(0.130m),1317.960,6715.083,59.2,1.3316,"[1.316, 1.350, 1.289, 1.227, 1.354, 1.181]","[3.218, 3.553, 3.333, 3.316, 3.802, 3.310]","[-5.403, -5.454, -6.017, -5.563, -5.905, -5.875]"
552,3,3.5898,0.1972,0.144,424,1214,64,15,0.332,80,0.54,16103,1652.64,0,0,32.000(40.000%)(1.286m),50.000(44.118%)(3.214m),43.000(37.941%)(2.464m),25.000(22.059%)(0.536m),19.779(24.723%)(0.000m),27.000(67.500%)(1.821m),13.912(34.781%)(0.419m),0.000,3852.322,66.3,1.3286,"[0.829, 1.424, 1.284, 0.756, 1.618, 1.376]","[3.265, 3.532, 3.103, 3.268, 3.746, 3.209]","[-5.264, -3.916, -2.576, -5.668, -3.279, -2.733]"
553,3,15.2608,0.4839,0.155,1036,2863,71,140,0.331,100,0.72,16207,4033.62,1,1,24.000(30.000%)(0.429m),39.000(34.412%)(2.036m),54.000(47.647%)(3.643m),38.278(33.775%)(1.958m),17.965(22.457%)(0.000m),19.000(47.500%)(0.964m),12.972(32.429%)(0.318m),564.694,5839.015,64.0,1.3993,"[1.459, 1.693, 1.479, 1.448, 1.890, 1.540]","[3.512, 3.789, 3.597, 3.587, 4.037, 3.680]","[-4.690, -1.291, -2.266, -4.420, -1.645, -3.085]"
554,3,0.0743,0.4954,0.150,575,1597,10,115,0.331,85,0.72,16265,2249.97,0,0,30.000(37.500%)(1.071m),52.000(45.882%)(3.429m),66.000(58.235%)(4.929m),42.000(37.059%)(2.357m),23.333(29.167%)(0.357m),19.000(47.500%)(0.964m),11.000(27.500%)(0.107m),610.617,5823.169,64.3,1.4073,"[1.161, 1.583, 1.515, 1.129, 1.763, 1.508]","[3.214, 3.547, 3.187, 3.299, 3.826, 3.181]","[-4.795, -2.224, -0.869, -4.989, -2.961, -0.851]"
555,3,0.2884,0.3758,0.154,498,1402,196,25,0.330,85,0.72,16315,1837.66,0,0,11.000(13.750%)(0.000m),18.000(15.882%)(0.000m),35.000(30.882%)(1.607m),31.469(27.767%)(1.229m),14.516(18.145%)(0.000m),28.000(70.000%)(1.929m),10.159(25.399%)(0.017m),387.704,5227.384,65.1,1.3109,"[0.429, 1.313, 1.309, 0.486, 1.571, 1.406]","[3.196, 3.554, 3.135, 3.233, 3.864, 3.255]","[-10.623, -6.176, -8.122, -9.662, -5.812, -8.179]"
556,3,1.8885,0.4304,0.158,810,2237,147,133,0.329,95,0.72,16396,3183.63,0,0,23.000(28.750%)(0.321m),22.000(19.412%)(0.214m),20.000(17.647%)(0.000m),20.000(17.647%)(0.000m),13.743(17.179%)(0.000m),17.000(42.500%)(0.750m),9.619(24.047%)(0.000m),0.000,4317.456,63.9,1.3632,"[0.481, 0.701, 0.745, 0.459, 0.881, 0.808]","[3.316, 3.497, 3.196, 3.590, 3.796, 3.341]","[-6.034, -6.083, -5.141, -6.396, -5.940, -4.988]"
557,3,2.0106,0.4632,0.154,483,1388,159,87,0.329,85,0.72,16445,1846.69,0,0,12.000(15.000%)(0.000m),41.000(36.177%)(2.250m),45.000(39.706%)(2.679m),31.000(27.353%)(1.179m),15.158(18.947%)(0.000m),11.000(27.500%)(0.107m),10.613(26.533%)(0.066m),81.126,3657.652,66.5,1.3083,"[0.549, 1.292, 1.291, 0.582, 1.465, 1.333]","[3.044, 3.645, 3.195, 3.142, 3.863, 3.268]","[-5.233, -5.041, -4.512, -4.872, -4.583, -3.764]"
558,3,1.5613,0.5327,0.157,338,877,70,0,0.328,65,0.72,16479,1325.22,0,0,35.000(43.750%)(1.607m),46.000(40.588%)(2.786m),56.000(49.412%)(3.857m),25.912(22.863%)(0.633m),12.533(15.667%)(0.000m),31.000(77.500%)(2.250m),9.778(24.446%)(0.000m),1180.118,5959.939,60.0,1.3902,"[0.994, 1.778, 1.841, 1.038, 1.938, 1.852]","[2.891, 3.358, 3.121, 3.032, 3.587, 3.184]","[-5.683, -6.052, -6.087, -5.151, -6.049, -5.556]"
559,3,-1.0560,0.5160,0.172,217,578,16,0,0.327,55,0.72,16501,852.83,0,0,10.146(12.682%)(0.000m),16.192(14.287%)(0.000m),29.789(26.284%)(1.049m),59.000(52.059%)(4.179m),42.000(52.500%)(2.357m),10.525(26.312%)(0.056m),40.000(100.000%)(3.214m),841.719,5654.387,61.6,1.3405,"[1.550, 1.807, 1.589, 1.545, 1.888, 1.506]","[3.019, 3.748, 3.429, 3.071, 3.937, 3.534]","[-5.633, -4.970, -5.973, -5.424, -5.079, -5.275]"
560,3,0.3817,0.5501,0.151,311,793,31,10,0.327,65,0.71,16533,1200.98,0,0,31.000(38.750%)(1.179m),42.000(37.059%)(2.357m),70.000(61.765%)(5.357m),25.965(22.910%)(0.639m),12.559(15.699%)(0.000m),40.000(100.000%)(3.214m),9.799(24.496%)(0.000m),1077.332,8099.657,59.0,1.3011,"[1.291, 1.677, 2.139, 1.333, 1.804, 2.173]","[3.518, 3.743, 3.455, 3.453, 4.019, 3.444]","[-5.230, -5.470, -6.143, -5.217, -5.758, -5.779]"
561,3,4.7682,0.6994,0.151,452,1218,120,17,0.326,75,0.71,16579,1753.05,0,0,27.000(33.750%)(0.750m),43.000(37.941%)(2.464m),52.000(45.882%)(3.429m),27.192(23.993%)(0.771m),12.753(15.942%)(0.000m),24.000(60.000%)(1.500m),9.698(24.244%)(0.000m),771.625,5033.203,62.4,1.3137,"[0.951, 1.872, 1.874, 0.982, 2.080, 1.942]","[3.220, 3.541, 3.095, 3.237, 3.918, 3.222]","[-5.839, -5.608, -2.603, -5.569, -5.116, -2.180]"
562,3,-6.8514,0.5860,0.151,639,1621,167,118,0.325,80,0.71,16643,2570.05,0,0,16.671(20.838%)(0.000m),35.220(31.077%)(1.631m),48.887(43.136%)(3.095m),20.694(18.260%)(0.074m),11.546(14.432%)(0.000m),11.730(29.325%)(0.185m),10.340(25.849%)(0.036m),2664.155,11451.005,58.7,1.4859,"[1.001, 1.377, 0.823, 1.133, 1.526, 0.884]","[3.372, 3.578, 3.364, 3.458, 3.822, 3.445]","[-5.494, -4.873, -5.718, -5.319, -5.324, -5.177]"
563,3,-0.4886,0.5508,0.153,903,2442,203,121,0.325,95,0.71,16734,3535.00,0,0,20.000(25.000%)(0.000m),20.000(17.647%)(0.000m),20.000(17.647%)(0.000m),21.000(18.529%)(0.107m),18.570(23.213%)(0.000m),12.000(30.000%)(0.214m),13.072(32.679%)(0.329m),0.000,4741.709,62.6,1.3438,"[0.691, 1.059, 0.944, 0.752, 1.202, 0.932]","[3.639, 3.249, 3.231, 3.845, 3.525, 3.315]","[-6.107, -4.990, -3.875, -6.318, -6.005, -3.744]"
564,3,1.7771,0.5908,0.151,538,1479,101,143,0.324,85,0.71,16788,2030.49,0,0,18.716(23.395%)(0.000m),39.492(34.846%)(2.088m),25.000(22.059%)(0.536m),15.000(13.235%)(0.000m),12.000(15.000%)(0.000m),13.176(32.939%)(0.340m),17.000(42.500%)(0.750m),439.060,4956.483,63.6,1.3155,"[0.929, 1.257, 0.910, 0.892, 1.364, 0.905]","[3.360, 3.525, 3.188, 3.292, 3.878, 3.204]","[-7.035, -7.543, -16.114, -7.668, -5.319, -12.160]"
565,3,-1.1084,0.4426,0.160,591,1622,72,150,0.323,85,0.71,16848,2349.60,0,0,13.000(16.250%)(0.000m),35.000(30.882%)(1.607m),50.000(44.118%)(3.214m),53.000(46.765%)(3.536m),26.529(33.161%)(0.700m),10.000(25.000%)(0.000m),18.781(46.953%)(0.941m),347.730,5845.182,63.5,1.3830,"[1.169, 1.216, 1.066, 1.197, 1.397, 1.067]","[3.200, 3.718, 3.507, 3.186, 3.907, 3.576]","[-3.048, -3.048, -4.057, -3.309, -2.530, -3.283]"
566,3,-0.2695,0.4375,0.143,294,747,6,19,0.323,60,0.71,16878,1168.23,0,0,25.000(31.250%)(0.536m),31.000(27.353%)(1.179m),50.000(44.118%)(3.214m),95.000(83.824%)(8.036m),47.675(59.594%)(2.965m),40.000(100.000%)(3.214m),34.728(86.819%)(2.649m),272.083,4979.642,58.8,1.3973,"[2.190, 2.061, 1.484, 2.229, 2.259, 1.454]","[3.669, 3.756, 3.385, 3.708, 3.982, 3.413]","[-0.142, -2.346, -4.818, -0.276, -1.910, -5.557]"
567,3,-2.3187,0.3788,0.155,207,543,49,0,0.322,55,0.71,16899,787.76,0,0,55.000(68.750%)(3.750m),73.000(64.412%)(5.679m),67.327(59.406%)(5.071m),23.678(20.893%)(0.394m),11.964(14.955%)(0.000m),40.000(100.000%)(3.214m),9.697(24.242%)(0.000m),5280.546,10908.161,60.7,1.3195,"[0.823, 1.771, 1.756, 0.797, 1.998, 1.877]","[3.762, 3.853, 3.544, 3.758, 4.011, 3.543]","[-5.361, -5.649, -5.832, -5.327, -5.006, -5.445]"
568,3,1.9664,0.3804,0.161,753,1978,168,95,0.321,90,0.70,16975,2938.37,0,0,19.000(23.750%)(0.000m),39.000(34.412%)(2.036m),60.000(52.941%)(4.286m),31.194(27.525%)(1.199m),11.000(13.750%)(0.000m),15.000(37.500%)(0.536m),10.165(25.413%)(0.018m),1235.433,7808.183,60.8,1.3899,"[0.611, 1.146, 1.103, 0.656, 1.437, 1.221]","[3.142, 3.874, 3.682, 3.317, 4.177, 3.657]","[-5.509, -5.597, -8.080, -5.084, -5.508, -7.100]"
569,3,2.0155,0.4441,0.156,293,803,19,34,0.321,65,0.70,17005,1185.52,0,0,24.000(30.000%)(0.429m),47.000(41.471%)(2.893m),58.983(52.044%)(4.177m),21.972(19.387%)(0.211m),11.698(14.622%)(0.000m),22.000(55.000%)(1.286m),9.969(24.923%)(0.000m),725.043,5212.419,63.4,1.3670,"[1.539, 2.133, 2.108, 1.472, 2.241, 2.134]","[3.374, 3.978, 3.625, 3.497, 4.215, 3.751]","[-5.712, -5.149, -5.131, -5.622, -5.024, -4.880]"
570,3,2.7934,0.5500,0.153,403,1092,82,11,0.320,75,0.70,17046,1543.43,0,0,30.000(37.500%)(1.071m),44.000(38.824%)(2.571m),70.000(61.765%)(5.357m),23.683(20.897%)(0.395m),11.966(14.958%)(0.000m),28.000(70.000%)(1.929m),9.699(24.247%)(0.000m),745.604,5663.183,62.7,1.2829,"[1.534, 1.939, 1.840, 1.497, 2.180, 1.941]","[3.516, 3.897, 3.501, 3.584, 4.166, 3.476]","[-5.451, -6.188, -6.505, -5.168, -5.713, -6.167]"
571,3,0.7654,0.6014,0.157,594,1654,189,18,0.319,85,0.70,17106,2296.56,0,0,35.000(43.750%)(1.607m),71.000(62.647%)(5.464m),57.000(50.294%)(3.964m),33.033(29.147%)(1.396m),15.294(19.117%)(0.000m),22.000(55.000%)(1.286m),10.710(26.774%)(0.076m),819.241,5904.336,64.4,1.3466,"[1.005, 1.604, 1.843, 1.061, 1.816, 1.947]","[3.644, 3.827, 3.308, 3.777, 4.057, 3.446]","[-5.749, -4.632, -1.101, -5.194, -4.560, -0.829]"
572,3,2.6603,0.7284,0.163,343,977,17,13,0.319,75,0.70,17141,1282.36,0,0,28.000(35.000%)(0.857m),43.000(37.941%)(2.464m),51.304(45.268%)(3.354m),21.080(18.600%)(0.116m),11.630(14.537%)(0.000m),24.000(60.000%)(1.500m),10.287(25.718%)(0.031m),850.144,4062.480,65.9,1.2714,"[1.633, 2.094, 1.896, 1.604, 2.314, 1.990]","[3.531, 3.976, 3.430, 3.537, 4.148, 3.525]","[-5.562, -5.207, -5.324, -5.361, -5.023, -5.225]"
573,3,2.5829,0.7956,0.162,553,1641,131,47,0.318,90,0.70,17197,2021.81,0,0,27.000(33.750%)(0.750m),54.000(47.647%)(3.643m),94.000(82.941%)(7.929m),28.207(24.889%)(0.879m),13.064(16.330%)(0.000m),22.000(55.000%)(1.286m),9.806(24.515%)(0.000m),921.979,4541.417,68.7,1.2370,"[0.210, 0.917, 0.895, 0.153, 1.168, 0.964]","[3.431, 3.677, 3.356, 3.466, 3.938, 3.398]","[-5.743, -5.962, -4.956, -5.392, -5.635, -4.389]"
574,3,15.1336,1.0894,0.150,715,2173,123,143,0.318,100,0.87,17269,2718.79,1,1,20.000(25.000%)(0.000m),71.000(62.647%)(5.464m),72.000(63.530%)(5.571m),35.305(31.151%)(1.640m),16.454(20.568%)(0.000m),14.000(35.000%)(0.429m),11.534(28.834%)(0.164m),301.140,5441.831,70.3,1.3110,"[0.528, 0.997, 0.772, 0.483, 1.387, 1.003]","[2.991, 3.450, 3.083, 3.030, 3.723, 3.222]","[-5.133, -3.777, -5.746, -4.688, -3.073, -4.977]"
575,3,-0.6697,1.0353,0.149,285,730,32,0,0.317,60,0.87,17298,1134.23,0,0,46.000(57.500%)(2.786m),60.000(52.941%)(4.286m),69.000(60.883%)(5.250m),28.670(25.297%)(0.929m),13.257(16.572%)(0.000m),40.000(100.000%)(3.214m),9.694(24.236%)(0.000m),2111.716,6690.646,59.3,1.3495,"[0.723, 1.748, 1.986, 0.797, 1.950, 2.037]","[3.441, 3.713, 3.283, 3.454, 4.043, 3.257]","[-5.255, -4.897, -2.435, -4.832, -4.662, -2.221]"
576,3,16.7314,1.4090,0.144,898,2568,307,76,0.316,100,1.04,17388,3602.81,1,1,29.000(36.250%)(0.964m),52.000(45.882%)(3.429m),56.000(49.412%)(3.857m),34.947(30.836%)(1.601m),16.272(20.340%)(0.000m),18.000(45.000%)(0.857m),11.404(28.510%)(0.150m),736.779,5175.600,66.2,1.3613,"[0.684, 1.321, 1.219, 0.645, 1.555, 1.331]","[3.495, 3.787, 3.307, 3.485, 3.979, 3.238]","[-5.357, -4.380, -2.502, -5.046, -4.643, -3.240]"
577,3,-2.5604,1.3516,0.141,273,702,22,0,0.316,60,1.04,17416,1169.38,0,0,10.876(13.595%)(0.000m),19.075(16.831%)(0.000m),42.692(37.669%)(2.431m),61.000(53.824%)(4.393m),44.000(55.000%)(2.571m),9.982(24.956%)(0.000m),40.000(100.000%)(3.214m),1752.645,6385.571,59.5,1.4932,"[1.823, 1.745, 0.830, 1.872, 1.882, 0.847]","[3.138, 3.432, 3.008, 3.224, 3.561, 3.082]","[-5.104, -5.251, -5.585, -5.215, -5.164, -5.371]"
578,3,8.7827,1.4979,0.145,905,2568,151,130,0.315,95,1.04,17507,3710.02,0,0,24.000(30.000%)(0.429m),38.000(33.530%)(1.929m),54.000(47.647%)(3.643m),28.810(25.421%)(0.944m),13.164(16.455%)(0.000m),21.000(52.500%)(1.179m),9.626(24.066%)(0.000m),226.594,3992.325,65.7,1.4606,"[0.426, 1.081, 1.111, 0.443, 1.316, 1.145]","[2.932, 3.375, 3.131, 2.962, 3.610, 3.208]","[-5.416, -5.429, -3.901, -4.950, -4.885, -3.331]"
579,3,-1.1125,1.4196,0.149,579,1580,138,86,0.314,85,1.04,17565,2287.17,0,0,12.000(15.000%)(0.000m),22.000(19.412%)(0.214m),50.000(44.118%)(3.214m),34.000(30.000%)(1.500m),17.044(21.305%)(0.000m),11.000(27.500%)(0.107m),11.952(29.880%)(0.209m),232.365,5066.015,63.2,1.4003,"[0.866, 1.217, 1.030, 0.955, 1.526, 1.115]","[2.965, 3.345, 2.815, 3.071, 3.509, 2.861]","[-7.828, -9.443, -6.906, -6.412, -10.163, -6.400]"
580,3,2.6010,1.3454,0.154,656,1784,160,34,0.314,90,1.03,17631,2627.56,0,0,32.000(40.000%)(1.286m),47.000(41.471%)(2.893m),56.000(49.412%)(3.857m),36.000(31.765%)(1.714m),16.998(21.247%)(0.000m),12.000(30.000%)(0.214m),11.947(29.868%)(0.209m),388.770,5721.644,62.9,1.4005,"[0.692, 1.482, 1.465, 0.762, 1.754, 1.563]","[3.005, 3.181, 3.108, 3.175, 3.641, 3.121]","[-5.342, -2.159, -2.246, -4.678, -2.058, -3.015]"
581,3,0.4286,1.4297,0.150,255,663,23,0,0.313,60,1.03,17657,1054.82,0,0,13.261(16.577%)(0.000m),28.563(25.203%)(0.917m),64.000(56.471%)(4.714m),52.000(45.882%)(3.429m),41.000(51.250%)(2.250m),9.697(24.244%)(0.000m),40.000(100.000%)(3.214m),1043.383,6126.576,60.1,1.4030,"[1.757, 1.290, 0.695, 1.834, 1.373, 0.712]","[3.084, 3.413, 2.981, 3.121, 3.713, 3.023]","[-2.504, -5.568, -6.745, -1.188, -5.739, -6.128]"
582,3,18.2546,1.7210,0.153,738,2219,115,93,0.312,100,1.20,17731,2931.49,1,1,26.000(32.500%)(0.643m),45.000(39.706%)(2.679m),65.000(57.353%)(4.821m),41.309(36.449%)(2.283m),19.452(24.315%)(0.000m),19.000(47.500%)(0.964m),13.672(34.180%)(0.393m),549.367,4335.824,69.6,1.4086,"[1.134, 1.471, 1.185, 1.036, 1.821, 1.435]","[3.257, 3.492, 3.107, 3.281, 3.833, 3.231]","[-4.880, -1.803, -2.488, -4.836, -1.402, -3.317]"
583,3,2.0675,1.8541,0.152,341,934,69,8,0.312,70,1.20,17766,1373.35,0,0,11.310(14.138%)(0.000m),20.739(18.300%)(0.079m),52.109(45.979%)(3.440m),42.000(37.059%)(2.357m),31.000(38.750%)(1.179m),9.882(24.704%)(0.000m),28.000(70.000%)(1.929m),1573.140,4720.194,63.4,1.4191,"[1.731, 1.842, 1.431, 1.675, 1.960, 1.335]","[3.388, 3.602, 3.277, 3.393, 3.840, 3.296]","[-5.348, -5.944, -5.783, -5.449, -5.803, -5.798]"
584,3,-2.2882,1.7097,0.160,342,942,62,0,0.311,70,1.20,17801,1381.90,0,0,12.811(16.014%)(0.000m),27.245(24.040%)(0.776m),72.000(63.530%)(5.571m),56.000(49.412%)(3.857m),37.000(46.250%)(1.821m),9.742(24.354%)(0.000m),24.000(60.000%)(1.500m),1287.805,4916.212,63.7,1.4079,"[1.536, 1.629, 0.979, 1.608, 1.752, 0.865]","[3.404, 3.486, 3.174, 3.481, 3.726, 3.294]","[-4.572, -6.929, -5.457, -3.674, -7.370, -5.707]"
585,3,-0.6575,1.6244,0.150,485,1347,173,19,0.311,80,1.20,17850,1965.48,0,0,38.000(47.500%)(1.929m),55.000(48.530%)(3.750m),59.000(52.059%)(4.179m),27.000(23.824%)(0.750m),18.269(22.837%)(0.000m),31.000(77.500%)(2.250m),12.868(32.170%)(0.307m),2.340,4627.527,64.3,1.4620,"[0.768, 1.778, 1.851, 0.783, 2.031, 1.925]","[3.187, 3.729, 3.434, 3.402, 4.001, 3.508]","[-4.913, -2.369, -1.194, -4.762, -1.956, -1.761]"
586,3,2.7565,1.6951,0.163,279,757,20,0,0.310,65,1.19,17878,1184.10,0,0,31.000(38.750%)(1.179m),52.000(45.882%)(3.429m),53.172(46.917%)(3.554m),21.162(18.673%)(0.125m),11.541(14.426%)(0.000m),28.000(70.000%)(1.929m),10.083(25.208%)(0.009m),1011.953,4904.750,62.8,1.4484,"[1.591, 2.186, 2.136, 1.534, 2.364, 2.217]","[3.299, 3.691, 3.400, 3.338, 3.911, 3.474]","[-5.876, -5.764, -5.360, -5.507, -6.016, -5.459]"
587,3,3.5224,1.7981,0.151,505,1461,47,28,0.309,85,1.19,17929,2073.99,0,0,29.000(36.250%)(0.964m),43.000(37.941%)(2.464m),67.000(59.118%)(5.036m),39.297(34.674%)(2.068m),18.434(23.042%)(0.000m),24.000(60.000%)(1.500m),12.942(32.355%)(0.315m),623.176,4331.602,67.0,1.3613,"[1.131, 1.526, 1.428, 1.089, 1.801, 1.532]","[3.300, 3.706, 3.348, 3.381, 3.968, 3.461]","[-5.282, -1.040, -0.726, -5.004, -0.923, -0.403]"
588,3,0.7930,1.9466,0.157,566,1579,90,155,0.309,85,1.19,17986,2249.70,0,0,24.000(30.000%)(0.429m),44.000(38.824%)(2.571m),57.000(50.294%)(3.964m),33.000(29.118%)(1.393m),16.000(20.000%)(0.000m),11.000(27.500%)(0.107m),11.000(27.500%)(0.107m),536.931,4720.625,64.6,1.3727,"[0.776, 1.363, 1.380, 0.763, 1.521, 1.373]","[3.099, 3.469, 3.119, 3.131, 3.669, 3.193]","[-8.551, -5.742, -3.322, -6.743, -6.173, -4.008]"
589,3,1.3649,1.8696,0.167,484,1424,87,86,0.308,85,1.19,18035,2008.74,0,0,26.000(32.500%)(0.643m),53.000(46.765%)(3.536m),69.000(60.883%)(5.250m),30.000(26.471%)(1.071m),17.683(22.104%)(0.000m),18.000(45.000%)(0.857m),12.410(31.026%)(0.258m),99.486,3647.984,68.1,1.4289,"[0.701, 1.434, 1.333, 0.610, 1.714, 1.450]","[3.250, 3.506, 3.038, 3.413, 3.792, 3.164]","[-4.720, -1.830, -2.750, -4.507, -1.682, -3.080]"
590,3,0.1024,1.8741,0.159,241,632,57,23,0.308,55,1.19,18060,948.34,0,0,23.000(28.750%)(0.321m),24.000(21.177%)(0.429m),29.000(25.588%)(0.964m),82.514(72.807%)(6.698m),45.522(56.903%)(2.735m),40.000(100.000%)(3.214m),40.000(100.000%)(3.214m),0.000,4123.671,60.7,1.3987,"[1.504, 1.713, 1.396, 1.523, 1.762, 1.281]","[3.490, 3.846, 3.431, 3.641, 4.203, 3.545]","[-6.298, -2.802, -4.827, -4.516, -2.610, -4.394]"
591,3,-0.4388,1.9136,0.165,413,1192,128,44,0.307,80,1.18,18102,1585.92,0,0,40.000(50.000%)(2.143m),44.000(38.824%)(2.571m),31.000(27.353%)(1.179m),26.000(22.941%)(0.643m),18.632(23.290%)(0.000m),24.000(60.000%)(1.500m),13.102(32.755%)(0.332m),0.000,3647.966,66.8,1.3507,"[0.544, 1.126, 1.374, 0.628, 1.346, 1.467]","[3.202, 3.580, 3.261, 3.186, 3.866, 3.290]","[-4.764, -3.991, -2.669, -4.582, -4.174, -2.907]"
592,3,4.4754,2.0041,0.157,578,1608,130,43,0.306,85,1.18,18160,2359.07,0,0,27.000(33.750%)(0.750m),43.000(37.941%)(2.464m),51.000(45.000%)(3.321m),36.659(32.346%)(1.785m),17.110(21.387%)(0.000m),22.000(55.000%)(1.286m),11.000(27.500%)(0.107m),1040.501,5100.890,64.4,1.4953,"[1.120, 1.604, 1.427, 1.176, 1.844, 1.493]","[3.051, 3.648, 3.365, 3.104, 3.876, 3.383]","[-5.252, -3.046, -2.515, -4.811, -2.512, -3.843]"
593,3,3.1849,2.0199,0.162,498,1410,22,52,0.306,85,1.18,18210,2005.39,0,0,23.647(29.559%)(0.391m),35.000(30.882%)(1.607m),44.000(38.824%)(2.571m),25.000(22.059%)(0.536m),13.000(16.250%)(0.000m),16.689(41.724%)(0.717m),10.000(25.000%)(0.000m),241.335,4255.401,65.5,1.4325,"[0.949, 1.286, 0.918, 1.017, 1.444, 0.930]","[3.217, 3.755, 3.214, 3.274, 3.985, 3.304]","[-9.988, -6.411, -6.556, -8.351, -5.656, -5.670]"
594,3,0.8822,1.9557,0.152,653,1787,125,64,0.305,90,1.18,18276,2616.32,0,0,27.000(33.750%)(0.750m),37.000(32.647%)(1.821m),41.000(36.177%)(2.250m),34.000(30.000%)(1.500m),17.157(21.446%)(0.000m),18.000(45.000%)(0.857m),12.061(30.153%)(0.221m),780.049,5333.998,63.3,1.4271,"[0.873, 1.500, 1.406, 0.915, 1.724, 1.513]","[3.329, 3.606, 3.254, 3.288, 3.784, 3.298]","[-5.351, -2.194, -2.362, -4.967, -2.802, -3.358]"
595,3,-0.2818,1.9232,0.172,308,787,15,7,0.304,65,1.18,18307,1320.39,0,0,31.000(38.750%)(1.179m),44.000(38.824%)(2.571m),37.085(32.722%)(1.831m),18.506(16.328%)(0.000m),11.090(13.862%)(0.000m),40.000(100.000%)(3.214m),10.822(27.054%)(0.088m),911.508,5861.249,59.1,1.5119,"[1.511, 1.848, 1.999, 1.535, 2.024, 2.029]","[3.432, 3.647, 3.365, 3.435, 3.923, 3.352]","[-5.097, -5.267, -5.066, -5.373, -5.286, -5.137]"
596,3,1.0895,1.9030,0.176,534,1451,112,40,0.304,80,1.17,18361,2171.01,0,0,28.000(35.000%)(0.857m),41.000(36.177%)(2.250m),24.000(21.177%)(0.429m),21.000(18.529%)(0.107m),18.789(23.487%)(0.000m),26.000(65.000%)(1.714m),13.203(33.008%)(0.343m),0.000,4128.390,62.9,1.4731,"[1.058, 1.583, 1.578, 1.085, 1.715, 1.628]","[3.357, 3.663, 3.364, 3.317, 3.905, 3.465]","[-4.754, -5.269, -8.052, -5.466, -5.181, -6.562]"
597,3,0.1145,2.0096,0.170,307,789,28,0,0.303,65,1.17,18392,1249.63,0,0,12.862(16.077%)(0.000m),27.902(24.619%)(0.847m),68.000(60.000%)(5.143m),53.000(46.765%)(3.536m),34.000(42.500%)(1.500m),9.654(24.135%)(0.000m),40.000(100.000%)(3.214m),2057.800,6607.018,59.5,1.4576,"[1.934, 1.444, 0.946, 1.932, 1.597, 0.937]","[3.657, 3.890, 3.404, 3.667, 4.141, 3.408]","[-1.855, -7.131, -7.205, -0.956, -7.021, -6.417]"
598,3,4.3386,2.1651,0.171,913,2471,104,127,0.303,95,1.17,18484,3662.31,0,0,30.000(37.500%)(1.071m),45.000(39.706%)(2.679m),50.360(44.435%)(3.253m),20.692(18.258%)(0.074m),11.416(14.269%)(0.000m),15.000(37.500%)(0.536m),10.098(25.244%)(0.010m),842.653,4404.709,62.6,1.4382,"[1.336, 1.739, 1.574, 1.361, 1.897, 1.590]","[3.279, 3.871, 3.685, 3.451, 4.156, 3.642]","[-5.198, -5.692, -5.360, -5.027, -5.713, -5.323]"
599,3,5.7065,2.3383,0.157,577,1580,42,64,0.302,85,1.17,18542,2307.29,0,0,13.000(16.250%)(0.000m),24.000(21.177%)(0.429m),47.000(41.471%)(2.893m),48.442(42.743%)(3.047m),23.291(29.114%)(0.353m),10.000(25.000%)(0.000m),16.530(41.325%)(0.700m),418.660,5196.602,63.4,1.3851,"[1.297, 1.347, 0.954, 1.352, 1.605, 1.016]","[3.353, 3.714, 3.172, 3.405, 3.873, 3.163]","[-6.350, -8.335, -6.168, -4.770, -8.990, -5.217]"
600,3,3.5760,2.3932,0.154,495,1423,109,62,0.301,85,1.17,18592,1934.80,0,0,12.000(15.000%)(0.000m),53.000(46.765%)(3.536m),66.000(58.235%)(4.929m),31.289(27.608%)(1.210m),14.365(17.956%)(0.000m),11.000(27.500%)(0.107m),10.048(25.119%)(0.005m),766.925,4750.459,66.5,1.3569,"[0.356, 1.028, 1.097, 0.296, 1.251, 1.154]","[3.482, 3.518, 3.102, 3.510, 3.714, 3.158]","[-5.471, -6.140, -2.281, -5.369, -5.889, -3.991]"
601,3,-1.1488,2.3808,0.167,324,827,39,26,0.301,65,1.16,18625,1311.09,0,0,13.025(16.282%)(0.000m),27.871(24.592%)(0.843m),50.000(44.118%)(3.214m),38.000(33.530%)(1.929m),26.000(32.500%)(0.643m),9.650(24.126%)(0.000m),40.000(100.000%)(3.214m),715.296,6647.737,59.1,1.4169,"[1.644, 1.573, 1.360, 1.586, 1.664, 1.283]","[3.494, 3.903, 3.349, 3.576, 4.204, 3.358]","[-4.597, -7.684, -7.194, -3.832, -7.920, -6.952]"
602,3,2.4345,2.3577,0.173,424,1162,113,37,0.300,75,1.16,18668,1621.07,0,0,25.000(31.250%)(0.536m),39.000(34.412%)(2.036m),48.000(42.353%)(3.000m),28.504(25.150%)(0.911m),13.123(16.403%)(0.000m),23.000(57.500%)(1.393m),9.722(24.306%)(0.000m),555.835,4341.800,63.4,1.3671,"[1.019, 1.689, 1.751, 1.002, 1.872, 1.839]","[3.364, 3.846, 3.460, 3.464, 4.127, 3.469]","[-5.829, -5.759, -2.956, -5.444, -5.558, -2.661]"
603,3,4.5368,2.1432,0.154,506,1362,209,0,0.300,80,1.16,18719,2000.51,0,0,12.483(15.604%)(0.000m),25.808(22.772%)(0.622m),55.000(48.530%)(3.750m),48.000(42.353%)(3.000m),38.000(47.500%)(1.929m),9.739(24.348%)(0.000m),31.000(77.500%)(2.250m),870.187,5804.793,62.3,1.3794,"[1.665, 1.790, 0.585, 1.677, 1.955, 0.655]","[3.243, 3.696, 3.262, 3.292, 3.865, 3.267]","[-7.241, -6.852, -6.093, -7.094, -6.089, -6.396]"
604,3,-5.0436,2.0409,0.152,317,819,56,34,0.299,65,1.16,18751,1272.91,0,0,25.000(31.250%)(0.536m),39.000(34.412%)(2.036m),34.082(30.073%)(1.509m),17.642(15.567%)(0.000m),10.769(13.461%)(0.000m),40.000(100.000%)(3.214m),10.769(26.922%)(0.082m),788.790,4884.647,59.8,1.4087,"[1.313, 1.575, 1.615, 1.389, 1.703, 1.572]","[3.118, 3.454, 3.266, 3.135, 3.735, 3.251]","[-5.325, -4.992, -5.163, -5.379, -5.789, -5.240]"
605,3,1.2514,2.0601,0.170,505,1415,76,37,0.298,85,1.16,18802,2027.32,0,0,11.000(13.750%)(0.000m),18.000(15.882%)(0.000m),35.000(30.882%)(1.607m),34.437(30.386%)(1.547m),16.011(20.014%)(0.000m),26.000(65.000%)(1.714m),11.219(28.047%)(0.131m),476.967,4630.272,64.9,1.4307,"[0.971, 1.423, 1.302, 1.014, 1.678, 1.388]","[3.075, 3.602, 3.333, 3.182, 3.846, 3.302]","[-10.493, -5.642, -6.767, -9.585, -5.488, -6.829]"
606,3,0.8866,2.0401,0.171,504,1414,204,45,0.298,85,1.16,18853,1991.20,0,0,11.000(13.750%)(0.000m),18.000(15.882%)(0.000m),34.000(30.000%)(1.500m),29.000(25.588%)(0.964m),16.850(21.062%)(0.000m),29.000(72.500%)(2.036m),11.812(29.529%)(0.194m),80.611,4428.590,64.9,1.4205,"[0.293, 1.336, 1.207, 0.300, 1.490, 1.200]","[3.205, 3.608, 3.399, 3.217, 3.801, 3.495]","[-9.999, -5.098, -5.935, -9.048, -5.081, -5.731]"
607,3,5.7007,2.1139,0.164,793,2205,121,116,0.297,95,1.15,18933,3347.72,0,0,29.000(36.250%)(0.964m),41.000(36.177%)(2.250m),49.384(43.574%)(3.148m),20.291(17.904%)(0.031m),11.194(13.993%)(0.000m),23.000(57.500%)(1.393m),9.902(24.755%)(0.000m),559.863,5258.894,64.3,1.4681,"[1.086, 1.538, 1.539, 1.071, 1.775, 1.586]","[3.087, 3.416, 2.989, 3.127, 3.702, 2.949]","[-5.895, -5.726, -5.888, -5.745, -5.224, -5.232]"
608,3,-0.2265,2.0781,0.172,494,1432,119,30,0.297,85,1.15,18983,1947.86,0,0,35.000(43.750%)(1.607m),67.000(59.118%)(5.036m),84.000(74.118%)(6.857m),33.334(29.413%)(1.429m),15.447(19.309%)(0.000m),11.000(27.500%)(0.107m),10.819(27.047%)(0.088m),961.123,5260.074,67.1,1.4260,"[0.696, 1.568, 1.613, 0.714, 1.766, 1.659]","[2.871, 3.556, 3.242, 3.095, 3.796, 3.312]","[-5.455, -4.523, -4.016, -5.153, -4.415, -3.882]"
609,3,14.1285,2.3818,0.161,794,2345,333,148,0.296,100,1.31,19063,3141.35,1,1,20.000(25.000%)(0.000m),39.000(34.412%)(2.036m),34.000(30.000%)(1.500m),28.000(24.706%)(0.857m),14.916(18.645%)(0.000m),14.000(35.000%)(0.429m),10.441(26.103%)(0.047m),92.331,3685.404,68.3,1.3945,"[0.312, 1.239, 1.094, 0.298, 1.471, 1.207]","[3.193, 3.503, 3.188, 3.331, 3.811, 3.220]","[-5.496, -4.027, -5.818, -5.007, -4.101, -5.423]"
610,3,0.1989,2.3782,0.185,372,944,68,0,0.295,65,1.31,19101,1490.03,0,0,12.788(15.986%)(0.000m),27.007(23.830%)(0.751m),64.000(56.471%)(4.714m),44.000(38.824%)(2.571m),36.000(45.000%)(1.714m),9.724(24.311%)(0.000m),40.000(100.000%)(3.214m),1074.245,7381.207,58.7,1.4452,"[2.228, 2.069, 0.811, 2.275, 2.182, 0.920]","[3.547, 3.929, 3.256, 3.535, 4.165, 3.320]","[-4.045, -7.241, -6.497, -2.989, -7.301, -6.166]"
611,3,-2.1721,2.2394,0.177,250,645,16,0,0.295,55,1.31,19126,990.19,0,0,12.581(15.726%)(0.000m),26.010(22.950%)(0.644m),65.000(57.353%)(4.821m),53.000(46.765%)(3.536m),43.000(53.750%)(2.464m),9.815(24.539%)(0.000m),40.000(100.000%)(3.214m),1673.340,6916.086,59.7,1.3246,"[1.827, 1.705, 1.158, 1.883, 1.803, 1.078]","[3.410, 3.757, 3.487, 3.466, 3.914, 3.456]","[-4.932, -8.723, -6.069, -4.158, -8.852, -6.914]"
612,3,1.1348,2.3991,0.167,431,1230,37,108,0.294,80,1.31,19170,1671.54,0,0,26.000(32.500%)(0.643m),45.000(39.706%)(2.679m),65.000(57.353%)(4.821m),22.000(19.412%)(0.214m),15.847(19.809%)(0.000m),21.000(52.500%)(1.179m),11.099(27.748%)(0.118m),0.000,3941.975,66.1,1.3028,"[1.180, 1.524, 1.676, 1.207, 1.709, 1.744]","[3.374, 3.798, 3.696, 3.442, 4.022, 3.688]","[-6.692, -4.931, -3.732, -5.992, -4.700, -3.062]"
613,3,13.3694,2.6763,0.163,867,2500,260,136,0.294,100,1.47,19257,3439.79,1,1,22.000(27.500%)(0.214m),43.000(37.941%)(2.464m),64.000(56.471%)(4.714m),33.115(29.219%)(1.405m),15.605(19.506%)(0.000m),16.000(40.000%)(0.643m),10.967(27.418%)(0.104m),738.752,4602.179,66.7,1.4171,"[1.131, 1.614, 1.320, 1.070, 1.850, 1.454]","[3.512, 3.988, 3.641, 3.440, 4.210, 3.557]","[-5.665, -3.158, -5.616, -5.455, -3.750, -5.275]"
614,3,1.4119,2.6689,0.165,299,790,13,12,0.293,65,1.47,19287,1184.85,0,0,11.733(14.667%)(0.000m),21.268(18.766%)(0.136m),51.762(45.672%)(3.403m),50.000(44.118%)(3.214m),29.000(36.250%)(0.964m),10.379(25.947%)(0.041m),29.000(72.500%)(2.036m),1659.168,6010.795,61.2,1.3320,"[2.033, 2.084, 1.695, 2.067, 2.272, 1.715]","[3.506, 3.851, 3.498, 3.579, 4.010, 3.555]","[-4.594, -5.333, -6.057, -4.634, -5.228, -5.174]"
615,3,-0.9327,2.6725,0.164,251,618,16,0,0.293,55,1.46,19313,1010.82,0,0,63.018(78.773%)(4.609m),75.000(66.177%)(5.893m),69.811(61.598%)(5.337m),26.664(23.527%)(0.714m),12.762(15.953%)(0.000m),40.000(100.000%)(3.214m),9.830(24.576%)(0.000m),3984.263,9133.892,57.0,1.4024,"[1.212, 1.674, 2.026, 1.200, 1.739, 2.057]","[3.429, 3.739, 3.292, 3.399, 3.856, 3.372]","[-5.485, -5.469, -5.762, -5.465, -5.635, -5.966]"
616,3,0.7236,2.6923,0.166,292,761,20,0,0.292,60,1.46,19343,1160.64,0,0,34.000(42.500%)(1.500m),47.000(41.471%)(2.893m),54.620(48.194%)(3.709m),21.063(18.585%)(0.114m),11.352(14.189%)(0.000m),40.000(100.000%)(3.214m),9.795(24.488%)(0.000m),822.924,5315.658,60.3,1.2836,"[1.236, 1.908, 2.013, 1.257, 2.110, 2.064]","[3.354, 3.496, 3.269, 3.424, 3.791, 3.288]","[-5.434, -4.993, -5.128, -5.133, -4.964, -4.856]"
617,3,-1.4903,2.7089,0.169,259,676,45,17,0.291,60,1.46,19369,1016.69,0,0,17.896(22.371%)(0.000m),37.795(33.349%)(1.907m),34.000(30.000%)(1.500m),21.000(18.529%)(0.107m),31.000(38.750%)(1.179m),12.595(31.488%)(0.278m),40.000(100.000%)(3.214m),2909.820,8107.020,60.4,1.3715,"[1.581, 1.957, 0.801, 1.580, 2.131, 0.932]","[3.259, 3.673, 3.324, 3.413, 3.977, 3.209]","[-6.768, -6.247, -12.021, -7.517, -5.069, -8.396]"
618,3,-1.4243,2.6411,0.168,956,2556,262,108,0.291,95,1.46,19465,3763.08,0,0,24.000(30.000%)(0.429m),26.000(22.941%)(0.643m),20.000(17.647%)(0.000m),23.000(20.294%)(0.321m),21.451(26.814%)(0.155m),23.000(57.500%)(1.393m),15.225(38.064%)(0.560m),0.000,4934.404,61.9,1.3859,"[0.999, 1.261, 0.897, 1.011, 1.395, 0.835]","[3.630, 3.901, 3.710, 3.665, 4.103, 3.719]","[-5.367, -6.403, -5.891, -5.585, -6.792, -7.159]"
619,3,0.0444,2.6017,0.158,690,1978,102,106,0.290,95,1.45,19534,2719.43,0,0,25.000(31.250%)(0.536m),20.000(17.647%)(0.000m),20.000(17.647%)(0.000m),20.000(17.647%)(0.000m),17.815(22.269%)(0.000m),18.062(45.155%)(0.864m),12.499(31.247%)(0.268m),0.000,3810.295,66.3,1.3619,"[0.933, 1.123, 0.580, 0.918, 1.297, 0.674]","[3.297, 3.605, 3.200, 3.399, 3.862, 3.235]","[-5.264, -3.885, -6.060, -5.829, -3.922, -5.121]"
620,3,3.5333,2.6165,0.161,956,2603,183,185,0.290,95,1.45,19630,3716.16,0,0,12.000(15.000%)(0.000m),35.256(31.108%)(1.635m),53.000(46.765%)(3.536m),33.000(29.118%)(1.393m),23.181(28.976%)(0.341m),10.000(25.000%)(0.000m),16.381(40.952%)(0.684m),355.724,6050.652,63.0,1.3157,"[1.218, 1.427, 0.889, 1.165, 1.614, 0.957]","[3.109, 3.719, 3.329, 3.228, 3.943, 3.433]","[-4.677, -6.844, -6.968, -4.535, -5.426, -6.030]"
621,3,2.4961,2.6511,0.153,441,1250,48,52,0.289,80,1.45,19675,1885.10,0,0,28.000(35.000%)(0.857m),44.000(38.824%)(2.571m),22.000(19.412%)(0.214m),20.000(17.647%)(0.000m),22.000(27.500%)(0.214m),21.000(52.500%)(1.179m),16.511(41.278%)(0.698m),0.000,4205.332,65.6,1.5587,"[1.189, 1.450, 1.418, 1.190, 1.597, 1.428]","[3.048, 3.358, 3.252, 3.039, 3.672, 3.208]","[-5.793, -6.326, -4.877, -4.674, -6.024, -4.628]"
622,3,1.3857,2.6256,0.143,244,639,13,13,0.288,55,1.45,19700,1055.69,0,0,27.000(33.750%)(0.750m),24.000(21.177%)(0.429m),54.000(47.647%)(3.643m),89.386(78.870%)(7.434m),45.380(56.724%)(2.719m),40.000(100.000%)(3.214m),32.840(82.100%)(2.447m),0.000,4540.362,60.6,1.5783,"[1.564, 1.655, 1.453, 1.510, 1.717, 1.338]","[2.884, 3.384, 3.058, 2.944, 3.694, 3.071]","[-4.719, -6.020, -5.237, -4.612, -6.110, -5.833]"
623,3,1.3546,2.6010,0.164,449,1278,70,66,0.288,80,1.44,19745,1777.67,0,0,23.000(28.750%)(0.321m),18.000(15.882%)(0.000m),34.000(30.000%)(1.500m),34.673(30.594%)(1.572m),16.079(20.099%)(0.000m),20.000(50.000%)(1.071m),11.264(28.160%)(0.135m),566.820,4102.241,65.9,1.4722,"[0.797, 1.337, 1.025, 0.763, 1.533, 1.074]","[3.044, 3.480, 3.014, 2.996, 3.692, 3.082]","[-7.002, -4.475, -5.695, -6.196, -4.306, -6.292]"
624,3,1.8555,2.3354,0.161,718,2020,174,74,0.287,95,1.44,19817,2861.23,0,0,9.731(12.163%)(0.000m),14.916(13.161%)(0.000m),25.619(22.605%)(0.602m),33.535(29.590%)(1.450m),15.513(19.391%)(0.000m),10.733(26.832%)(0.079m),10.863(27.157%)(0.092m),573.673,3921.836,65.1,1.3422,"[0.762, 1.103, 1.050, 0.710, 1.258, 1.100]","[3.580, 3.716, 3.428, 3.586, 3.930, 3.341]","[-5.870, -5.403, -5.296, -5.984, -5.586, -4.997]"
625,3,2.2048,2.3929,0.160,316,826,26,7,0.287,65,1.44,19849,1303.68,0,0,31.000(38.750%)(1.179m),45.000(39.706%)(2.679m),54.000(47.647%)(3.643m),23.169(20.443%)(0.339m),11.867(14.834%)(0.000m),30.000(75.000%)(2.143m),9.741(24.352%)(0.000m),1499.492,5564.583,60.5,1.4487,"[1.535, 2.038, 2.041, 1.517, 2.180, 2.040]","[3.252, 3.708, 3.413, 3.272, 3.915, 3.424]","[-5.595, -5.376, -5.655, -5.427, -5.269, -5.683]"
626,3,0.0821,2.0599,0.147,314,827,16,47,0.286,65,1.44,19881,1210.51,0,0,20.000(25.000%)(0.000m),31.000(27.353%)(1.179m),61.041(53.859%)(4.397m),22.678(20.010%)(0.287m),11.924(14.905%)(0.000m),27.000(67.500%)(1.821m),10.036(25.090%)(0.004m),230.963,4740.240,60.9,1.2899,"[1.222, 1.734, 1.734, 1.336, 1.925, 1.756]","[2.787, 3.205, 3.010, 2.883, 3.428, 3.010]","[-5.991, -5.955, -5.366, -5.723, -6.607, -5.545]"
627,3,1.0166,2.1315,0.163,273,700,22,0,0.286,60,1.44,19909,1115.95,0,0,44.000(55.000%)(2.571m),51.000(45.000%)(3.321m),61.000(53.824%)(4.393m),27.653(24.400%)(0.820m),12.961(16.201%)(0.000m),40.000(100.000%)(3.214m),9.729(24.322%)(0.000m),1773.734,6017.061,59.3,1.4109,"[0.941, 1.612, 2.099, 0.991, 1.738, 2.097]","[3.103, 3.515, 3.154, 3.139, 3.715, 3.218]","[-5.607, -5.248, -4.866, -5.185, -5.168, -4.900]"
628,3,1.3040,1.9819,0.163,594,1619,129,98,0.285,85,1.43,19969,2340.36,0,0,13.000(16.250%)(0.000m),24.000(21.177%)(0.429m),61.000(53.824%)(4.393m),39.445(34.805%)(2.083m),19.215(24.019%)(0.000m),10.000(25.000%)(0.000m),13.570(33.925%)(0.383m),790.331,5359.365,63.1,1.3489,"[1.068, 1.435, 1.118, 1.031, 1.622, 1.186]","[3.149, 3.643, 3.222, 3.166, 3.902, 3.394]","[-5.701, -4.722, -5.561, -5.521, -5.044, -5.207]"
629,3,0.3627,2.0114,0.153,914,2462,147,126,0.284,95,1.43,20061,3651.23,0,0,23.000(28.750%)(0.321m),44.000(38.824%)(2.571m),29.000(25.588%)(0.964m),20.000(17.647%)(0.000m),16.870(21.087%)(0.000m),15.000(37.500%)(0.536m),11.828(29.570%)(0.196m),0.000,5220.213,62.3,1.3804,"[0.899, 1.185, 1.138, 0.926, 1.354, 1.188]","[3.425, 3.403, 3.294, 3.484, 3.705, 3.293]","[-5.025, -7.176, -6.795, -4.941, -6.082, -7.148]"
630,3,0.1983,1.9634,0.171,305,839,31,33,0.284,65,1.43,20092,1143.13,0,0,23.000(28.750%)(0.321m),36.000(31.765%)(1.714m),39.276(34.655%)(2.065m),18.410(16.244%)(0.000m),10.715(13.394%)(0.000m),24.000(60.000%)(1.500m),10.079(25.198%)(0.008m),411.200,3985.258,63.6,1.2860,"[1.311, 1.718, 1.658, 1.270, 1.828, 1.654]","[3.163, 3.696, 3.470, 3.174, 3.980, 3.557]","[-5.996, -5.353, -5.309, -5.757, -5.657, -4.955]"
631,3,1.5623,1.9860,0.144,521,1443,127,44,0.283,85,1.43,20145,2054.19,0,0,13.000(16.250%)(0.000m),26.000(22.941%)(0.643m),38.000(33.530%)(1.929m),32.000(28.235%)(1.286m),16.377(20.472%)(0.000m),26.000(65.000%)(1.714m),11.479(28.698%)(0.158m),310.823,4896.096,64.1,1.3665,"[0.364, 1.033, 0.840, 0.362, 1.219, 0.891]","[3.437, 3.577, 3.128, 3.427, 3.799, 3.177]","[-7.436, -6.856, -9.218, -6.446, -6.052, -8.404]"
632,3,-2.7954,1.5650,0.164,794,1982,443,56,0.283,85,1.42,20225,3168.87,0,0,12.064(15.080%)(0.000m),23.553(20.782%)(0.381m),25.000(22.059%)(0.536m),24.000(21.177%)(0.429m),24.000(30.000%)(0.429m),9.699(24.246%)(0.000m),31.000(77.500%)(2.250m),276.289,6277.427,57.8,1.4462,"[1.312, 1.475, 0.121, 1.407, 1.532, 0.226]","[3.124, 3.614, 3.464, 3.150, 3.791, 3.483]","[-8.650, -7.278, -6.955, -8.591, -6.453, -7.419]"
633,3,1.1014,1.5457,0.153,330,857,46,16,0.282,65,1.42,20258,1342.20,0,0,12.607(15.758%)(0.000m),26.064(22.997%)(0.650m),55.000(48.530%)(3.750m),46.000(40.588%)(2.786m),28.000(35.000%)(0.857m),9.836(24.590%)(0.000m),31.000(77.500%)(2.250m),1017.175,5604.678,60.1,1.3945,"[2.015, 1.961, 1.122, 2.012, 2.021, 1.108]","[3.522, 3.802, 3.519, 3.509, 4.021, 3.496]","[-4.927, -7.099, -5.298, -4.143, -8.135, -5.372]"
634,3,19.8505,1.9885,0.161,1045,2885,174,124,0.282,100,1.58,20363,4280.70,1,1,26.000(32.500%)(0.643m),38.000(33.530%)(1.929m),60.000(52.941%)(4.286m),32.974(29.095%)(1.390m),15.211(19.014%)(0.000m),18.000(45.000%)(0.857m),10.648(26.619%)(0.069m),307.594,5164.180,63.9,1.4015,"[1.375, 1.679, 1.577, 1.373, 1.876, 1.600]","[3.378, 3.836, 3.422, 3.528, 4.154, 3.528]","[-5.667, -5.386, -1.819, -5.414, -4.800, -2.675]"
635,3,1.8063,2.0378,0.164,268,705,16,0,0.281,60,1.57,20390,1030.95,0,0,36.000(45.000%)(1.714m),52.000(45.882%)(3.429m),35.034(30.912%)(1.611m),17.482(15.425%)(0.000m),10.476(13.095%)(0.000m),40.000(100.000%)(3.214m),10.223(25.558%)(0.024m),1357.969,5392.755,60.9,1.3416,"[1.594, 2.168, 2.161, 1.574, 2.351, 2.157]","[3.442, 3.743, 3.494, 3.512, 3.998, 3.535]","[-5.298, -5.165, -5.344, -5.263, -4.955, -4.857]"
636,3,-0.3975,1.9747,0.159,287,742,19,0,0.280,60,1.57,20419,1179.56,0,0,37.000(46.250%)(1.821m),51.000(45.000%)(3.321m),64.000(56.471%)(4.714m),25.936(22.885%)(0.636m),12.545(15.681%)(0.000m),40.000(100.000%)(3.214m),9.788(24.469%)(0.000m),1313.635,6305.662,59.8,1.4091,"[1.463, 1.915, 2.137, 1.469, 2.076, 2.159]","[3.765, 3.968, 3.528, 3.803, 4.164, 3.562]","[-5.558, -6.325, -6.013, -5.503, -6.132, -5.797]"
637,3,0.6927,1.9181,0.172,289,771,34,0,0.280,65,1.57,20448,1154.74,0,0,35.000(43.750%)(1.607m),46.000(40.588%)(2.786m),57.000(50.294%)(3.964m),25.934(22.883%)(0.636m),12.544(15.680%)(0.000m),32.000(80.000%)(2.357m),9.787(24.467%)(0.000m),942.539,4604.495,61.7,1.4172,"[1.131, 1.720, 1.763, 1.099, 1.914, 1.814]","[3.196, 3.686, 3.329, 3.271, 3.979, 3.456]","[-5.403, -5.632, -5.639, -5.201, -5.456, -5.302]"
638,3,0.5670,1.9136,0.168,421,1191,193,0,0.279,80,1.57,20491,1656.56,0,0,38.000(47.500%)(1.929m),37.000(32.647%)(1.821m),45.000(39.706%)(2.679m),20.254(17.871%)(0.027m),11.300(14.125%)(0.000m),30.000(75.000%)(2.143m),10.076(25.191%)(0.008m),444.559,4678.800,65.4,1.3149,"[0.426, 1.429, 1.649, 0.431, 1.635, 1.723]","[3.118, 3.406, 3.169, 3.210, 3.729, 3.226]","[-6.142, -5.716, -6.173, -5.802, -5.748, -5.990]"
639,3,3.1862,1.9500,0.153,403,1111,64,29,0.279,75,1.56,20532,1575.36,0,0,24.000(30.000%)(0.429m),38.000(33.530%)(1.929m),51.590(45.520%)(3.385m),21.197(18.704%)(0.128m),11.694(14.618%)(0.000m),24.000(60.000%)(1.500m),10.344(25.861%)(0.037m),413.639,4802.624,63.8,1.3823,"[1.163, 1.777, 1.716, 1.141, 1.950, 1.789]","[3.193, 3.563, 3.203, 3.249, 3.717, 3.236]","[-5.429, -4.875, -5.369, -5.222, -4.862, -5.293]"
640,3,-1.5138,1.9177,0.149,403,1169,39,32,0.278,80,1.56,20573,1615.51,0,0,28.000(35.000%)(0.857m),19.000(16.765%)(0.000m),19.000(16.765%)(0.000m),21.000(18.529%)(0.107m),23.003(28.754%)(0.322m),23.000(57.500%)(1.393m),17.460(43.650%)(0.799m),0.000,3475.851,67.1,1.4597,"[1.056, 1.277, 1.030, 1.034, 1.440, 1.129]","[2.874, 3.656, 3.268, 3.002, 3.911, 3.428]","[-5.696, -5.522, -8.751, -5.108, -5.323, -7.768]"
641,3,5.7958,2.0424,0.148,384,1076,16,22,0.278,75,1.56,20612,1570.88,0,0,29.000(36.250%)(0.964m),38.000(33.530%)(1.929m),50.930(44.939%)(3.314m),20.927(18.465%)(0.099m),11.545(14.431%)(0.000m),26.000(65.000%)(1.714m),10.212(25.530%)(0.023m),443.151,4556.533,64.8,1.3774,"[1.482, 1.837, 1.654, 1.462, 2.064, 1.780]","[3.036, 3.567, 3.314, 3.034, 3.851, 3.427]","[-5.671, -5.162, -6.095, -5.404, -4.912, -5.665]"
642,3,-0.1691,1.9495,0.164,262,677,18,19,0.277,60,1.56,20639,1023.12,0,0,25.000(31.250%)(0.536m),20.000(17.647%)(0.000m),31.000(27.353%)(1.179m),106.322(93.814%)(9.249m),52.823(66.029%)(3.517m),40.000(100.000%)(3.214m),40.000(100.000%)(3.214m),0.000,4119.685,59.8,1.3575,"[1.444, 1.611, 1.317, 1.521, 1.808, 1.351]","[2.900, 3.501, 3.315, 3.010, 3.824, 3.349]","[-8.543, -5.555, -4.375, -6.515, -4.797, -3.818]"
643,3,2.0130,1.9260,0.153,370,993,22,20,0.277,70,1.56,20676,1520.14,0,0,27.000(33.750%)(0.750m),43.000(37.941%)(2.464m),50.354(44.431%)(3.252m),20.690(18.256%)(0.074m),11.414(14.268%)(0.000m),25.000(62.500%)(1.607m),10.097(25.242%)(0.010m),630.128,5202.635,62.1,1.3765,"[1.418, 1.799, 1.670, 1.462, 2.022, 1.747]","[3.482, 3.655, 3.255, 3.519, 3.854, 3.205]","[-4.869, -6.233, -5.433, -4.844, -5.755, -5.109]"
644,3,-2.6618,1.8552,0.163,714,2038,156,158,0.276,95,1.55,20748,2820.89,0,0,15.905(19.881%)(0.000m),34.332(30.293%)(1.536m),20.000(17.647%)(0.000m),21.000(18.529%)(0.107m),20.000(25.000%)(0.000m),11.140(27.851%)(0.122m),18.000(45.000%)(0.857m),0.000,5392.404,66.1,1.3748,"[0.716, 0.705, 0.187, 0.804, 0.804, 0.179]","[3.181, 3.592, 3.089, 3.207, 3.781, 3.184]","[-4.560, -6.187, -5.388, -5.773, -6.833, -4.674]"
645,3,0.2564,1.8659,0.171,228,603,0,16,0.275,55,1.55,20771,938.35,0,0,26.000(32.500%)(0.643m),23.000(20.294%)(0.321m),65.000(57.353%)(4.821m),104.621(92.313%)(9.067m),50.604(63.255%)(3.279m),40.000(100.000%)(3.214m),36.856(92.141%)(2.877m),0.000,4449.924,61.2,1.6008,"[1.826, 1.891, 1.509, 1.829, 2.017, 1.494]","[3.502, 3.757, 3.241, 3.458, 3.996, 3.396]","[-7.693, -6.166, -5.403, -6.040, -6.005, -5.418]"
646,3,-0.0874,1.8424,0.153,509,1469,77,67,0.275,85,1.55,20822,1956.03,0,0,27.000(33.750%)(0.750m),42.000(37.059%)(2.357m),57.000(50.294%)(3.964m),31.158(27.493%)(1.196m),14.450(18.062%)(0.000m),19.000(47.500%)(0.964m),10.121(25.301%)(0.013m),501.348,4028.732,66.8,1.3550,"[0.993, 1.021, 1.199, 0.979, 1.189, 1.276]","[3.373, 3.515, 3.378, 3.388, 3.800, 3.344]","[-5.227, -6.409, -3.188, -5.049, -6.026, -4.187]"
647,3,2.9139,1.8984,0.163,812,2100,291,99,0.274,90,1.55,20904,3348.20,0,0,11.000(13.750%)(0.000m),29.692(26.199%)(1.038m),49.000(43.235%)(3.107m),55.000(48.530%)(3.750m),25.000(31.250%)(0.536m),9.602(24.006%)(0.000m),18.000(45.000%)(0.857m),884.945,7444.874,59.8,1.3936,"[1.597, 1.751, 0.938, 1.663, 1.986, 1.034]","[3.086, 3.662, 3.275, 3.165, 3.981, 3.286]","[-4.685, -4.300, -6.911, -4.496, -3.922, -6.623]"
648,3,2.7745,1.8671,0.156,848,2340,69,198,0.274,95,1.54,20989,3385.30,0,0,25.000(31.250%)(0.536m),36.000(31.765%)(1.714m),58.000(51.177%)(4.071m),29.654(26.166%)(1.034m),13.632(17.040%)(0.000m),18.000(45.000%)(0.857m),9.629(24.072%)(0.000m),243.795,4701.529,63.9,1.3582,"[0.883, 1.300, 1.344, 0.844, 1.499, 1.381]","[3.589, 3.758, 3.449, 3.573, 3.954, 3.631]","[-5.308, -5.408, -2.768, -4.877, -4.886, -2.615]"
649,3,1.0329,1.7736,0.155,295,793,42,0,0.273,65,1.54,21019,1179.81,0,0,12.090(15.113%)(0.000m),23.293(20.552%)(0.353m),62.000(54.706%)(4.500m),49.000(43.235%)(3.107m),36.000(45.000%)(1.714m),10.049(25.123%)(0.005m),31.000(77.500%)(2.250m),1391.541,5027.445,62.2,1.3885,"[1.928, 2.074, 0.943, 1.982, 2.096, 0.915]","[3.191, 3.714, 3.326, 3.357, 3.912, 3.361]","[-6.207, -6.834, -5.457, -5.888, -7.653, -5.211]"
650,3,17.1658,2.0454,0.153,935,2647,200,91,0.273,100,1.69,21113,3749.39,1,1,22.000(27.500%)(0.214m),41.000(36.177%)(2.250m),58.000(51.177%)(4.071m),32.841(28.978%)(1.376m),15.158(18.948%)(0.000m),21.000(52.500%)(1.179m),10.611(26.527%)(0.065m),866.633,5065.840,65.5,1.4396,"[0.909, 1.432, 1.318, 0.894, 1.644, 1.409]","[3.369, 3.915, 3.509, 3.277, 4.142, 3.448]","[-5.615, -5.540, -1.211, -5.520, -5.322, -1.814]"
651,3,-2.5216,2.0180,0.146,493,1371,156,17,0.272,80,1.69,21163,1951.00,0,0,35.000(43.750%)(1.607m),21.000(18.529%)(0.107m),20.000(17.647%)(0.000m),32.278(28.480%)(1.315m),14.973(18.716%)(0.000m),27.000(67.500%)(1.821m),10.489(26.222%)(0.052m),0.000,4731.567,64.4,1.3175,"[0.407, 0.876, 1.059, 0.391, 1.067, 1.149]","[3.327, 3.717, 3.413, 3.456, 4.002, 3.468]","[-5.128, -5.340, -5.394, -5.168, -6.281, -5.998]"
652,3,6.3702,2.0967,0.167,949,2535,171,145,0.272,95,1.69,21258,4007.54,0,0,21.683(27.103%)(0.180m),20.000(17.647%)(0.000m),20.000(17.647%)(0.000m),20.000(17.647%)(0.000m),26.214(32.767%)(0.666m),15.395(38.487%)(0.578m),18.547(46.367%)(0.916m),0.000,4941.573,61.8,1.4336,"[1.134, 1.321, 1.014, 1.121, 1.491, 1.037]","[3.533, 3.781, 3.474, 3.585, 3.984, 3.452]","[-4.182, -2.696, -4.150, -4.155, -2.300, -4.257]"
653,3,-1.9290,1.9674,0.159,695,1862,130,146,0.271,85,1.68,21328,2763.72,0,0,16.000(20.000%)(0.000m),27.000(23.824%)(0.750m),29.000(25.588%)(0.964m),31.555(27.842%)(1.238m),14.501(18.126%)(0.000m),10.000(25.000%)(0.000m),10.144(25.360%)(0.015m),326.255,5445.233,62.0,1.3822,"[0.961, 1.005, 0.887, 1.014, 1.154, 0.922]","[3.420, 3.600, 3.241, 3.537, 3.863, 3.276]","[-5.707, -6.396, -6.653, -5.395, -6.479, -5.442]"
654,3,-4.0721,1.9868,0.173,191,471,17,0,0.271,50,1.68,21348,779.55,0,0,78.639(98.299%)(6.283m),94.000(82.941%)(7.929m),31.140(27.477%)(1.194m),16.397(14.468%)(0.000m),10.098(12.622%)(0.000m),40.000(100.000%)(3.214m),10.222(25.555%)(0.024m),5196.708,11074.502,57.0,1.3773,"[0.720, 2.128, 2.343, 0.654, 2.264, 2.423]","[3.409, 3.940, 3.430, 3.450, 4.135, 3.484]","[-5.208, -5.059, -5.182, -5.222, -5.161, -4.933]"
655,3,-4.3198,1.8754,0.162,515,1472,116,109,0.270,85,1.68,21400,2080.74,0,0,18.957(23.697%)(0.000m),40.185(35.457%)(2.163m),67.000(59.118%)(5.036m),87.000(76.765%)(7.179m),22.000(27.500%)(0.214m),11.000(27.500%)(0.107m),15.000(37.500%)(0.536m),561.543,6234.662,66.2,1.4440,"[0.782, 1.050, 0.809, 0.843, 1.231, 0.722]","[3.476, 3.655, 3.337, 3.589, 3.881, 3.369]","[-3.477, -3.499, -3.185, -3.337, -3.608, -3.785]"
656,3,3.1332,1.9203,0.159,455,1305,38,19,0.269,80,1.68,21446,1817.67,0,0,12.000(15.000%)(0.000m),21.000(18.529%)(0.107m),63.000(55.588%)(4.607m),41.590(36.697%)(2.313m),19.594(24.493%)(0.000m),26.000(65.000%)(1.714m),13.774(34.435%)(0.404m),541.932,4295.477,66.4,1.3686,"[1.127, 1.445, 1.209, 1.056, 1.645, 1.317]","[3.376, 3.733, 3.249, 3.392, 3.947, 3.377]","[-9.210, -6.174, -5.425, -8.455, -5.498, -5.124]"
657,3,-0.0473,1.8053,0.151,438,1130,47,101,0.269,75,1.67,21490,1703.20,0,0,11.606(14.507%)(0.000m),21.535(19.001%)(0.164m),55.991(49.404%)(3.856m),42.000(37.059%)(2.357m),23.000(28.750%)(0.321m),10.015(25.037%)(0.002m),18.000(45.000%)(0.857m),1305.223,6996.938,59.7,1.3819,"[1.447, 1.652, 1.129, 1.425, 1.748, 1.083]","[3.336, 3.722, 3.391, 3.366, 3.916, 3.472]","[-5.847, -7.272, -6.558, -5.555, -7.232, -6.071]"
658,3,0.1907,1.8137,0.158,245,641,37,0,0.268,55,1.67,21515,969.83,0,0,46.000(57.500%)(2.786m),62.000(54.706%)(4.500m),89.000(78.530%)(7.393m),28.511(25.157%)(0.912m),13.223(16.528%)(0.000m),40.000(100.000%)(3.214m),9.669(24.173%)(0.000m),1581.481,6741.059,60.6,1.3184,"[0.421, 1.956, 2.255, 0.452, 2.073, 2.204]","[3.170, 3.716, 3.455, 3.289, 3.876, 3.511]","[-4.973, -4.392, -3.046, -4.768, -4.236, -3.159]"
659,3,2.0916,1.5729,0.158,575,1617,153,68,0.268,85,1.67,21573,2422.02,0,0,18.232(22.790%)(0.000m),38.899(34.323%)(2.025m),46.000(40.588%)(2.786m),48.000(42.353%)(3.000m),28.000(35.000%)(0.857m),12.798(31.994%)(0.300m),20.000(50.000%)(1.071m),998.337,4661.985,65.1,1.5417,"[1.215, 1.285, 0.645, 1.274, 1.440, 0.612]","[3.467, 3.689, 3.323, 3.508, 3.970, 3.395]","[-2.691, -3.213, -5.670, -2.564, -2.872, -5.129]"
660,3,26.0729,2.0904,0.158,903,2576,80,11,0.267,100,1.82,21664,3606.99,1,1,30.000(37.500%)(1.071m),50.000(44.118%)(3.214m),63.000(55.588%)(4.607m),41.119(36.282%)(2.263m),19.356(24.195%)(0.000m),21.000(52.500%)(1.179m),13.603(34.008%)(0.386m),872.821,4743.528,66.0,1.3845,"[1.540, 1.914, 1.613, 1.508, 2.126, 1.684]","[3.505, 3.525, 3.258, 3.597, 3.798, 3.410]","[-5.213, -1.320, -1.416, -4.930, -1.563, -0.890]"
661,3,3.3418,2.2007,0.154,435,1193,97,7,0.267,75,1.82,21708,1712.34,0,0,12.573(15.716%)(0.000m),25.994(22.936%)(0.642m),67.000(59.118%)(5.036m),50.000(44.118%)(3.214m),30.000(37.500%)(1.071m),9.810(24.524%)(0.000m),22.000(55.000%)(1.286m),1103.985,4753.163,63.5,1.3776,"[1.693, 1.669, 0.885, 1.728, 1.828, 0.875]","[3.278, 3.689, 3.281, 3.322, 3.961, 3.392]","[-3.728, -4.521, -5.157, -3.705, -3.737, -4.688]"
662,3,0.2548,2.1831,0.152,523,1430,229,53,0.266,80,1.81,21761,1977.10,0,0,29.000(36.250%)(0.964m),40.000(35.294%)(2.143m),25.000(22.059%)(0.536m),19.000(16.765%)(0.000m),13.752(17.190%)(0.000m),21.000(52.500%)(1.179m),9.612(24.030%)(0.000m),0.000,5560.094,63.3,1.3315,"[0.215, 1.035, 1.357, 0.271, 1.152, 1.372]","[3.144, 3.780, 3.284, 3.230, 4.080, 3.472]","[-6.216, -7.351, -4.918, -5.949, -7.010, -4.427]"
663,3,0.4407,1.9245,0.160,290,782,43,0,0.266,65,1.81,21790,1173.89,0,0,38.000(47.500%)(1.929m),56.000(49.412%)(3.857m),68.000(60.000%)(5.143m),25.507(22.506%)(0.590m),12.338(15.422%)(0.000m),33.000(82.500%)(2.464m),9.626(24.065%)(0.000m),1011.695,5493.972,62.4,1.4657,"[0.816, 1.928, 2.181, 0.745, 2.149, 2.263]","[3.242, 3.712, 3.587, 3.281, 4.046, 3.595]","[-5.089, -5.443, -5.347, -5.001, -5.120, -4.488]"
664,3,2.6092,1.9485,0.163,282,779,24,0,0.265,65,1.81,21819,1153.58,0,0,37.000(46.250%)(1.821m),58.000(51.177%)(4.071m),73.000(64.412%)(5.679m),24.806(21.887%)(0.515m),12.358(15.447%)(0.000m),26.000(65.000%)(1.714m),9.890(24.726%)(0.000m),1225.477,5014.579,63.9,1.5245,"[1.411, 2.119, 2.098, 1.359, 2.303, 2.248]","[3.197, 3.705, 3.414, 3.243, 3.872, 3.423]","[-5.112, -5.522, -4.929, -4.842, -5.436, -4.400]"
665,3,2.6509,2.0201,0.162,326,820,16,0,0.265,65,1.80,21852,1295.08,0,0,10.923(13.653%)(0.000m),18.581(16.395%)(0.000m),38.778(34.216%)(2.012m),57.000(50.294%)(3.964m),41.000(51.250%)(2.250m),10.401(26.003%)(0.043m),40.000(100.000%)(3.214m),2686.740,6733.487,58.2,1.2339,"[2.109, 2.072, 1.488, 2.143, 2.251, 1.474]","[3.544, 3.653, 3.323, 3.592, 3.941, 3.336]","[-5.326, -6.088, -6.100, -5.615, -5.926, -5.394]"
666,3,4.1815,2.0893,0.161,379,1058,45,0,0.264,75,1.80,21890,1496.44,0,0,33.000(41.250%)(1.393m),54.000(47.647%)(3.643m),82.000(72.353%)(6.643m),25.725(22.699%)(0.613m),12.443(15.554%)(0.000m),24.000(60.000%)(1.500m),9.708(24.270%)(0.000m),1405.968,4832.303,64.6,1.3603,"[1.718, 2.052, 1.887, 1.781, 2.348, 2.037]","[3.162, 3.725, 3.231, 3.118, 3.902, 3.380]","[-5.443, -6.185, -5.214, -5.264, -5.829, -4.787]"
667,3,1.0053,2.1392,0.163,241,655,13,0,0.264,60,1.80,21915,1001.83,0,0,10.399(12.998%)(0.000m),16.885(14.899%)(0.000m),32.068(28.296%)(1.293m),52.000(45.882%)(3.429m),32.000(40.000%)(1.286m),10.527(26.316%)(0.056m),40.000(100.000%)(3.214m),1055.756,4913.355,62.9,1.4588,"[1.930, 1.879, 1.541, 1.885, 2.022, 1.543]","[3.329, 3.663, 3.427, 3.437, 3.881, 3.464]","[-4.780, -6.523, -6.367, -5.638, -6.081, -5.363]"
668,3,-2.7044,2.1136,0.174,341,981,71,11,0.263,75,1.80,21950,1467.72,0,0,29.000(36.250%)(0.964m),53.000(46.765%)(3.536m),74.613(65.835%)(5.851m),26.623(23.491%)(0.710m),12.679(15.849%)(0.000m),24.000(60.000%)(1.500m),9.766(24.416%)(0.000m),1651.181,7172.037,66.6,1.6381,"[0.466, 1.376, 1.624, 0.524, 1.595, 1.779]","[3.041, 3.592, 3.403, 3.273, 3.919, 3.492]","[-5.451, -5.997, -4.452, -5.490, -6.338, -4.444]"
669,3,0.9603,2.1319,0.162,300,783,13,0,0.263,65,1.79,21980,1196.84,0,0,36.000(45.000%)(1.714m),52.000(45.882%)(3.429m),62.000(54.706%)(4.500m),26.279(23.188%)(0.673m),12.711(15.889%)(0.000m),40.000(100.000%)(3.214m),9.917(24.793%)(0.000m),1149.516,5556.282,60.4,1.3768,"[1.531, 2.038, 2.052, 1.514, 2.259, 2.108]","[3.072, 3.820, 3.614, 3.226, 4.059, 3.576]","[-5.863, -6.378, -6.188, -5.976, -5.746, -5.924]"
670,3,1.9667,2.1006,0.157,444,1256,205,44,0.262,80,1.79,22025,1830.97,0,0,21.000(26.250%)(0.107m),20.000(17.647%)(0.000m),19.000(16.765%)(0.000m),20.000(17.647%)(0.000m),13.859(17.324%)(0.000m),28.000(70.000%)(1.929m),9.688(24.220%)(0.000m),0.000,4253.926,65.5,1.5043,"[0.445, 1.342, 1.311, 0.455, 1.515, 1.351]","[3.207, 3.792, 3.587, 3.299, 4.030, 3.615]","[-6.468, -6.253, -7.682, -6.023, -5.746, -7.565]"
671,3,1.8507,2.0877,0.161,479,1377,63,88,0.261,85,1.79,22073,1922.97,0,0,12.000(15.000%)(0.000m),28.000(24.706%)(0.857m),33.000(29.118%)(1.393m),51.000(45.000%)(3.321m),26.500(33.125%)(0.696m),10.000(25.000%)(0.000m),18.760(46.901%)(0.939m),75.695,3757.335,66.5,1.4282,"[1.477, 1.439, 1.036, 1.438, 1.699, 1.081]","[3.203, 3.587, 3.180, 3.269, 3.837, 3.414]","[-2.291, -3.032, -4.347, -2.096, -1.993, -3.474]"
672,3,4.7328,2.1546,0.159,478,1350,62,41,0.261,80,1.79,22121,1937.65,0,0,12.000(15.000%)(0.000m),23.000(20.294%)(0.321m),66.000(58.235%)(4.929m),38.471(33.945%)(1.979m),18.015(22.519%)(0.000m),28.000(70.000%)(1.929m),12.642(31.605%)(0.283m),622.585,4772.559,65.4,1.3839,"[1.302, 1.509, 1.238, 1.329, 1.767, 1.364]","[3.408, 3.653, 3.241, 3.557, 3.947, 3.425]","[-7.263, -5.137, -5.139, -5.920, -4.894, -4.801]"
673,3,2.4147,2.1758,0.149,323,944,81,0,0.260,75,1.78,22154,1261.41,0,0,38.000(47.500%)(1.929m),60.000(52.941%)(4.286m),49.605(43.770%)(3.172m),20.382(17.984%)(0.041m),11.245(14.056%)(0.000m),27.000(67.500%)(1.821m),9.946(24.866%)(0.000m),1272.652,4428.238,67.7,1.4022,"[1.082, 1.859, 1.781, 1.087, 2.106, 1.886]","[3.115, 3.434, 3.102, 3.232, 3.638, 3.125]","[-5.620, -5.256, -5.746, -5.305, -5.285, -5.565]"
674,3,-4.4908,2.0489,0.156,113,291,20,0,0.260,35,1.78,22166,449.78,0,0,77.786(97.233%)(6.191m),113.000(99.706%)(9.964m),51.018(45.016%)(3.323m),20.963(18.497%)(0.103m),11.565(14.456%)(0.000m),40.000(100.000%)(3.214m),10.230(25.574%)(0.025m),5855.056,10451.798,59.6,1.3015,"[-0.566, 0.605, 1.642, -0.505, 0.757, 1.738]","[2.830, 3.377, 3.202, 2.988, 3.667, 3.181]","[-5.373, -5.937, -5.537, -5.357, -6.286, -5.478]"
675,3,22.3128,2.4511,0.153,873,2512,194,3,0.259,100,1.93,22254,3579.15,1,1,17.953(22.441%)(0.000m),38.347(33.836%)(1.966m),61.000(53.824%)(4.393m),44.623(39.373%)(2.638m),21.282(26.602%)(0.137m),12.597(31.493%)(0.278m),15.035(37.588%)(0.539m),698.714,4186.360,66.6,1.4078,"[1.438, 1.714, 1.123, 1.452, 1.911, 1.144]","[3.116, 3.541, 3.342, 3.207, 3.818, 3.356]","[-3.916, -1.549, -3.716, -4.136, -1.954, -4.275]"
676,3,3.2624,2.5147,0.149,383,1055,46,29,0.259,75,1.92,22293,1517.69,0,0,26.000(32.500%)(0.643m),44.000(38.824%)(2.571m),58.000(51.177%)(4.071m),26.106(23.035%)(0.654m),12.627(15.784%)(0.000m),23.000(57.500%)(1.393m),9.852(24.630%)(0.000m),807.602,4599.199,63.8,1.3591,"[1.272, 1.881, 1.777, 1.277, 2.073, 1.876]","[3.409, 3.907, 3.533, 3.496, 4.201, 3.604]","[-5.608, -6.158, -5.886, -5.504, -5.680, -5.530]"
677,3,1.4511,2.5234,0.144,328,859,20,9,0.258,65,1.92,22326,1364.03,0,0,31.000(38.750%)(1.179m),47.000(41.471%)(2.893m),55.871(49.298%)(3.843m),21.489(18.961%)(0.159m),11.581(14.476%)(0.000m),29.000(72.500%)(2.036m),9.993(24.983%)(0.000m),1486.922,5644.537,60.6,1.4165,"[1.413, 1.810, 1.694, 1.452, 2.038, 1.757]","[3.400, 3.682, 3.327, 3.389, 3.952, 3.416]","[-5.359, -6.135, -5.772, -5.329, -6.021, -5.500]"
678,3,4.7964,2.5932,0.156,654,1897,15,89,0.258,95,1.92,22392,2640.21,0,0,25.000(31.250%)(0.536m),44.000(38.824%)(2.571m),20.000(17.647%)(0.000m),21.000(18.529%)(0.107m),26.000(32.500%)(0.643m),18.000(45.000%)(0.857m),19.182(47.956%)(0.984m),0.000,3764.636,67.1,1.4021,"[0.942, 0.964, 0.839, 0.941, 1.199, 0.934]","[3.362, 3.770, 3.377, 3.401, 3.927, 3.384]","[-5.195, -6.960, -10.057, -5.917, -6.668, -8.376]"
679,3,0.1871,2.5897,0.173,239,631,15,0,0.257,55,1.91,22416,896.85,0,0,42.000(52.500%)(2.357m),72.000(63.530%)(5.571m),33.329(29.408%)(1.428m),16.947(14.953%)(0.000m),10.250(12.813%)(0.000m),40.000(100.000%)(3.214m),10.126(25.314%)(0.013m),1964.220,6859.950,61.1,1.3299,"[1.788, 2.278, 2.246, 1.823, 2.509, 2.319]","[3.446, 3.739, 3.431, 3.531, 4.016, 3.544]","[-6.562, -5.336, -6.106, -6.553, -5.137, -5.737]"
680,3,16.7714,2.9212,0.164,966,2713,50,153,0.257,100,2.06,22513,3902.98,1,1,25.000(31.250%)(0.536m),41.000(36.177%)(2.250m),55.000(48.530%)(3.750m),40.070(35.356%)(2.150m),18.892(23.615%)(0.000m),18.000(45.000%)(0.857m),13.280(33.200%)(0.351m),556.168,4655.969,65.0,1.3910,"[1.485, 1.764, 1.532, 1.503, 2.047, 1.638]","[3.631, 3.882, 3.647, 3.654, 4.048, 3.676]","[-4.731, -2.240, -3.470, -4.754, -1.581, -2.548]"
681,3,3.4160,2.9582,0.150,535,1501,89,64,0.256,85,2.06,22567,2167.84,0,0,11.000(13.750%)(0.000m),43.488(38.372%)(2.517m),59.000(52.059%)(4.179m),43.000(37.941%)(2.464m),26.000(32.500%)(0.643m),11.000(27.500%)(0.107m),26.000(65.000%)(1.714m),640.128,4836.235,64.9,1.3347,"[1.359, 1.579, 1.135, 1.311, 1.776, 1.198]","[3.688, 4.077, 3.643, 3.759, 4.301, 3.746]","[-2.509, -2.890, -3.326, -2.735, -2.034, -3.573]"
682,3,1.4648,3.0434,0.144,648,1777,106,81,0.256,90,2.05,22632,2557.66,0,0,28.000(35.000%)(0.857m),58.000(51.177%)(4.071m),62.000(54.706%)(4.500m),35.012(30.893%)(1.608m),16.631(20.788%)(0.000m),20.000(50.000%)(1.071m),11.700(29.250%)(0.182m),612.054,6135.310,63.5,1.3358,"[0.999, 1.399, 1.437, 1.047, 1.626, 1.501]","[3.497, 3.602, 3.377, 3.535, 3.887, 3.376]","[-5.385, -4.371, -2.806, -5.147, -4.495, -2.071]"
683,3,5.1531,3.1245,0.148,455,1281,134,17,0.255,80,2.05,22678,1852.77,0,0,21.317(26.646%)(0.141m),20.000(17.647%)(0.000m),20.000(17.647%)(0.000m),23.000(20.294%)(0.321m),35.000(43.750%)(1.607m),15.016(37.539%)(0.537m),26.000(65.000%)(1.714m),0.000,4604.777,65.2,1.5083,"[1.238, 1.403, 0.663, 1.275, 1.575, 0.851]","[3.426, 3.744, 3.240, 3.495, 3.919, 3.494]","[-4.512, -4.081, -5.554, -5.347, -5.506, -4.615]"
684,3,4.7744,2.8229,0.158,607,1797,33,44,0.255,95,2.05,22739,2504.71,0,0,22.000(27.500%)(0.214m),20.000(17.647%)(0.000m),21.000(18.529%)(0.107m),26.000(22.941%)(0.643m),26.962(33.703%)(0.746m),22.000(55.000%)(1.286m),19.090(47.725%)(0.974m),0.000,3186.866,68.5,1.4215,"[0.895, 0.863, 0.636, 0.844, 1.107, 0.742]","[3.510, 3.820, 3.514, 3.616, 4.043, 3.570]","[-6.975, -6.537, -6.958, -7.384, -7.324, -6.840]"
685,3,0.5632,2.7981,0.168,272,746,22,23,0.254,65,2.04,22767,1060.44,0,0,28.000(35.000%)(0.857m),42.000(37.059%)(2.357m),58.000(51.177%)(4.071m),24.298(21.440%)(0.461m),12.105(15.131%)(0.000m),26.000(65.000%)(1.714m),9.688(24.221%)(0.000m),650.270,4228.548,63.5,1.3379,"[1.568, 1.801, 1.908, 1.515, 1.985, 1.975]","[3.336, 3.882, 3.433, 3.411, 4.178, 3.509]","[-5.181, -6.005, -6.046, -5.161, -5.569, -5.364]"
686,3,10.4743,3.0155,0.162,917,2529,146,61,0.254,95,2.04,22859,3746.78,0,0,28.000(35.000%)(0.857m),43.000(37.941%)(2.464m),56.000(49.412%)(3.857m),22.126(19.523%)(0.228m),11.780(14.725%)(0.000m),20.000(50.000%)(1.071m),10.039(25.098%)(0.004m),655.481,4673.199,63.8,1.4311,"[1.363, 1.803, 1.663, 1.393, 1.989, 1.713]","[3.790, 4.041, 3.769, 3.839, 4.323, 3.730]","[-5.207, -5.531, -5.291, -5.175, -5.539, -5.068]"
687,3,0.2165,3.0060,0.170,764,2006,188,172,0.253,90,2.04,22936,3049.85,0,0,19.268(24.085%)(0.000m),40.508(35.743%)(2.197m),61.000(53.824%)(4.393m),34.000(30.000%)(1.500m),17.000(21.250%)(0.000m),10.000(25.000%)(0.000m),12.000(30.000%)(0.214m),502.398,7643.770,60.8,1.3917,"[1.236, 1.561, 1.370, 1.237, 1.734, 1.281]","[3.446, 3.810, 3.511, 3.436, 4.060, 3.582]","[-3.802, -2.777, -4.975, -3.084, -3.928, -4.849]"
688,3,0.6596,3.0079,0.157,340,849,29,7,0.253,65,2.03,22970,1332.66,0,0,34.000(42.500%)(1.500m),38.000(33.530%)(1.929m),58.000(51.177%)(4.071m),26.085(23.016%)(0.652m),12.617(15.771%)(0.000m),40.000(100.000%)(3.214m),9.844(24.610%)(0.000m),880.143,7571.041,57.8,1.3524,"[1.548, 1.949, 2.224, 1.604, 2.102, 2.256]","[3.827, 3.869, 3.648, 3.879, 4.158, 3.657]","[-5.606, -5.190, -4.964, -4.973, -5.225, -4.929]"
689,3,11.4700,3.1735,0.156,874,2530,299,139,0.252,100,2.18,23058,3461.07,1,1,15.136(18.920%)(0.000m),32.000(28.235%)(1.286m),36.000(31.765%)(1.714m),31.403(27.709%)(1.222m),14.482(18.103%)(0.000m),10.595(26.486%)(0.064m),10.136(25.339%)(0.015m),440.733,3753.796,67.0,1.4062,"[0.422, 0.588, 0.609, 0.431, 0.799, 0.709]","[3.473, 3.706, 3.316, 3.500, 3.988, 3.426]","[-5.666, -5.614, -5.404, -7.034, -5.750, -5.822]"
690,3,3.1156,3.2661,0.154,267,743,13,30,0.252,65,2.17,23085,1127.98,0,0,25.000(31.250%)(0.536m),42.000(37.059%)(2.357m),62.000(54.706%)(4.500m),24.247(21.395%)(0.455m),12.251(15.314%)(0.000m),23.000(57.500%)(1.393m),9.930(24.825%)(0.000m),510.283,4138.500,64.4,1.4766,"[1.600, 2.083, 2.092, 1.527, 2.220, 2.105]","[3.208, 3.745, 3.343, 3.170, 3.907, 3.390]","[-5.337, -5.324, -5.583, -5.380, -5.565, -5.290]"
691,3,14.6156,3.4425,0.174,912,2596,194,204,0.251,100,2.32,23177,3548.90,1,1,21.000(26.250%)(0.107m),34.000(30.000%)(1.500m),51.000(45.000%)(3.321m),39.168(34.560%)(2.054m),18.423(23.029%)(0.000m),15.000(37.500%)(0.536m),12.949(32.371%)(0.316m),556.160,4645.154,65.9,1.3354,"[1.437, 1.687, 1.474, 1.473, 1.969, 1.579]","[3.595, 3.961, 3.745, 3.680, 4.235, 3.768]","[-4.388, -3.781, -6.765, -4.721, -2.764, -6.114]"
692,3,3.4553,3.5150,0.157,353,915,15,28,0.251,65,2.31,23213,1435.41,0,0,26.000(32.500%)(0.643m),46.000(40.588%)(2.786m),69.000(60.883%)(5.250m),26.223(23.138%)(0.667m),12.684(15.855%)(0.000m),25.000(62.500%)(1.607m),9.896(24.740%)(0.000m),1341.616,5707.005,60.0,1.3268,"[1.935, 2.067, 1.920, 2.015, 2.302, 2.014]","[3.400, 3.781, 3.391, 3.434, 4.027, 3.459]","[-5.063, -5.597, -4.923, -4.999, -5.568, -4.301]"
693,3,1.2085,3.4989,0.143,273,699,21,0,0.250,60,2.31,23241,1118.01,0,0,11.390(14.237%)(0.000m),20.645(18.217%)(0.069m),50.246(44.335%)(3.241m),51.000(45.000%)(3.321m),42.000(52.500%)(2.357m),10.075(25.187%)(0.008m),40.000(100.000%)(3.214m),1427.280,5739.262,59.2,1.4605,"[2.026, 2.005, 1.479, 2.004, 2.122, 1.498]","[3.304, 3.787, 3.282, 3.416, 4.030, 3.464]","[-5.200, -5.312, -5.843, -5.409, -5.161, -5.452]"
694,3,23.0870,4.0139,0.159,1023,2835,173,167,0.250,100,2.45,23344,4098.45,1,1,28.000(35.000%)(0.857m),45.000(39.706%)(2.679m),55.000(48.530%)(3.750m),37.000(32.647%)(1.821m),20.853(26.066%)(0.091m),24.000(60.000%)(1.500m),14.682(36.706%)(0.502m),622.023,5273.368,64.1,1.3910,"[1.584, 1.984, 1.877, 1.643, 2.185, 1.977]","[3.629, 3.885, 3.525, 3.614, 4.161, 3.608]","[-4.073, -1.735, -0.515, -3.905, -1.484, 0.057]"
695,3,-0.8332,3.9921,0.162,404,1003,30,85,0.249,70,2.45,23385,1658.95,0,0,11.384(14.230%)(0.000m),20.635(18.207%)(0.068m),50.221(44.312%)(3.238m),34.000(30.000%)(1.500m),19.000(23.750%)(0.000m),10.070(25.175%)(0.007m),40.000(100.000%)(3.214m),745.071,8619.779,57.5,1.3854,"[1.619, 2.000, 1.643, 1.555, 2.082, 1.539]","[3.377, 3.718, 3.212, 3.449, 3.949, 3.323]","[-4.978, -4.590, -5.822, -5.072, -4.460, -5.316]"
696,3,19.1568,4.3770,0.155,742,2229,181,75,0.249,100,2.59,23460,3042.05,1,1,29.000(36.250%)(0.964m),48.000(42.353%)(3.000m),67.000(59.118%)(5.036m),36.203(31.944%)(1.736m),16.914(21.142%)(0.000m),21.000(52.500%)(1.179m),11.860(29.649%)(0.199m),655.574,3922.952,69.5,1.4483,"[0.898, 1.659, 1.546, 0.913, 1.904, 1.716]","[3.333, 3.870, 3.405, 3.397, 4.130, 3.492]","[-5.526, -4.160, -2.790, -5.489, -3.577, -2.158]"
697,3,2.2445,4.3636,0.157,445,1269,58,29,0.248,80,2.58,23505,1845.05,0,0,27.000(33.750%)(0.750m),19.000(16.765%)(0.000m),34.000(30.000%)(1.500m),30.658(27.051%)(1.142m),14.030(17.537%)(0.000m),24.000(60.000%)(1.500m),9.809(24.524%)(0.000m),610.389,4550.608,66.0,1.4145,"[1.225, 1.427, 1.301, 1.218, 1.681, 1.400]","[3.324, 3.459, 3.154, 3.361, 3.710, 3.316]","[-6.111, -5.945, -5.983, -6.410, -6.142, -6.623]"
698,3,-1.6245,4.2756,0.160,511,1450,68,50,0.248,85,2.58,23557,2043.22,0,0,13.000(16.250%)(0.000m),45.000(39.706%)(2.679m),57.000(50.294%)(3.964m),32.248(28.454%)(1.312m),14.855(18.569%)(0.000m),10.000(25.000%)(0.000m),10.396(25.989%)(0.042m),525.728,4479.931,65.7,1.3571,"[1.177, 1.271, 1.424, 1.264, 1.620, 1.616]","[3.523, 3.762, 3.452, 3.535, 4.099, 3.515]","[-5.135, -6.019, -4.576, -5.105, -5.885, -3.999]"
699,3,0.7890,4.2707,0.168,403,1174,112,15,0.247,80,2.58,23598,1546.46,0,0,28.000(35.000%)(0.857m),24.000(21.177%)(0.429m),65.000(57.353%)(4.821m),45.992(40.581%)(2.785m),21.837(27.296%)(0.197m),28.000(70.000%)(1.929m),15.382(38.456%)(0.577m),868.974,4720.768,67.4,1.4055,"[1.215, 1.492, 1.356, 1.227, 1.767, 1.459]","[3.453, 3.643, 3.367, 3.442, 3.921, 3.456]","[-6.667, -5.466, -5.203, -5.334, -5.351, -4.608]"
700,3,3.5234,3.9979,0.150,485,1259,205,0,0.247,75,2.57,23647,1911.50,0,0,39.000(48.750%)(2.036m),56.000(49.412%)(3.857m),60.000(52.941%)(4.286m),28.759(25.376%)(0.938m),13.124(16.406%)(0.000m),29.000(72.500%)(2.036m),9.597(23.993%)(0.000m),2036.170,7456.180,60.1,1.3795,"[1.102, 1.734, 1.989, 1.112, 1.959, 2.091]","[3.552, 3.708, 3.290, 3.523, 3.902, 3.414]","[-5.353, -5.540, -3.969, -5.378, -5.514, -3.291]"
701,3,1.0139,4.0686,0.149,555,1527,111,136,0.246,85,2.57,23703,2214.67,0,0,18.394(22.992%)(0.000m),30.000(26.471%)(1.071m),33.000(29.118%)(1.393m),17.000(15.000%)(0.000m),11.000(13.750%)(0.000m),12.913(32.284%)(0.312m),11.000(27.500%)(0.107m),128.255,4782.740,63.7,1.3888,"[0.803, 1.067, 0.592, 0.761, 1.213, 0.655]","[3.410, 3.602, 3.265, 3.505, 3.864, 3.401]","[-9.705, -6.908, -19.741, -9.512, -5.124, -15.211]"
702,3,4.0806,4.0228,0.170,668,1931,181,58,0.246,95,2.56,23770,2721.70,0,0,24.000(30.000%)(0.429m),26.000(22.941%)(0.643m),21.000(18.529%)(0.107m),21.000(18.529%)(0.107m),19.051(23.813%)(0.000m),23.973(59.933%)(1.497m),13.390(33.476%)(0.363m),0.000,3477.720,66.9,1.3837,"[0.857, 0.967, 0.795, 0.805, 1.120, 0.815]","[3.074, 3.515, 3.016, 3.192, 3.792, 3.096]","[-6.573, -7.122, -5.734, -7.413, -7.848, -6.830]"
703,3,0.8577,4.0785,0.173,562,1511,192,0,0.245,80,2.56,23827,2230.97,0,0,10.209(12.761%)(0.000m),16.432(14.499%)(0.000m),30.705(27.092%)(1.147m),35.000(30.882%)(1.607m),18.190(22.738%)(0.000m),10.461(26.153%)(0.049m),12.831(32.077%)(0.303m),878.018,5905.889,62.2,1.4105,"[0.909, 1.566, 1.334, 0.914, 1.789, 1.388]","[3.337, 3.699, 3.180, 3.389, 3.895, 3.330]","[-5.291, -5.079, -5.791, -5.750, -5.624, -5.768]"
704,3,16.3899,4.4878,0.158,818,2396,103,112,0.245,100,2.70,23909,3271.03,1,1,24.000(30.000%)(0.429m),29.000(25.588%)(0.964m),36.000(31.765%)(1.714m),37.706(33.270%)(1.897m),17.754(22.192%)(0.000m),20.000(50.000%)(1.071m),12.476(31.190%)(0.265m),119.342,3942.782,67.8,1.4147,"[0.870, 1.234, 1.079, 0.886, 1.507, 1.236]","[3.469, 3.556, 3.311, 3.502, 3.789, 3.455]","[-5.085, -4.358, -4.960, -5.775, -4.679, -5.499]"
705,3,17.6767,4.9277,0.165,740,2227,74,104,0.244,100,2.84,23983,2893.18,2,1,20.000(25.000%)(0.000m),45.000(39.706%)(2.679m),56.000(49.412%)(3.857m),31.000(27.353%)(1.179m),19.891(24.863%)(0.000m),11.000(27.500%)(0.107m),13.992(34.981%)(0.428m),96.545,3490.166,69.7,1.3460,"[0.873, 1.255, 0.980, 0.887, 1.587, 1.139]","[3.102, 3.481, 3.282, 3.126, 3.751, 3.273]","[-4.606, -2.954, -4.927, -4.995, -2.244, -4.640]"
706,3,16.1824,5.1887,0.160,776,2302,66,101,0.244,100,2.97,24061,3132.70,3,1,26.000(32.500%)(0.643m),45.000(39.706%)(2.679m),62.000(54.706%)(4.500m),32.008(28.243%)(1.287m),14.717(18.396%)(0.000m),20.000(50.000%)(1.071m),10.297(25.743%)(0.032m),613.668,4200.269,68.7,1.3388,"[1.310, 1.670, 1.576, 1.381, 1.997, 1.703]","[3.269, 3.537, 3.211, 3.380, 3.863, 3.284]","[-5.334, -5.144, -2.581, -5.349, -5.038, -1.761]"
707,3,5.4198,5.2980,0.182,576,1697,60,57,0.243,90,2.97,24119,2309.03,0,0,13.194(16.493%)(0.000m),29.119(25.694%)(0.977m),59.000(52.059%)(4.179m),43.452(38.340%)(2.513m),20.537(25.671%)(0.058m),9.775(24.439%)(0.000m),14.449(36.123%)(0.477m),675.183,3615.270,68.2,1.3469,"[1.387, 1.518, 1.065, 1.394, 1.772, 1.108]","[3.247, 3.844, 3.318, 3.440, 4.120, 3.396]","[-4.748, -4.211, -5.351, -4.512, -4.500, -5.970]"
708,3,0.7580,5.3094,0.182,488,1359,102,33,0.243,80,2.97,24168,1964.72,0,0,27.000(33.750%)(0.750m),20.000(17.647%)(0.000m),33.000(29.118%)(1.393m),47.000(41.471%)(2.893m),23.122(28.902%)(0.334m),27.000(67.500%)(1.821m),16.338(40.844%)(0.679m),457.678,4048.776,64.4,1.4957,"[1.739, 2.075, 1.831, 1.701, 2.261, 1.845]","[3.403, 3.825, 3.579, 3.425, 4.036, 3.632]","[-6.004, -5.445, -5.898, -6.229, -5.669, -6.491]"
709,3,3.2885,5.3333,0.162,847,2322,19,68,0.242,95,2.96,24253,3684.66,0,0,25.000(31.250%)(0.536m),41.000(36.177%)(2.250m),37.212(32.835%)(1.844m),18.206(16.064%)(0.000m),10.807(13.508%)(0.000m),20.000(50.000%)(1.071m),10.418(26.044%)(0.045m),721.812,5232.414,63.5,1.4745,"[1.726, 2.136, 2.032, 1.786, 2.358, 2.117]","[3.941, 4.311, 3.844, 3.913, 4.494, 3.911]","[-4.843, -5.036, -4.929, -4.763, -4.856, -4.287]"
710,3,-0.2680,4.8065,0.169,282,738,44,6,0.242,60,2.96,24282,1109.56,0,0,10.155(12.694%)(0.000m),16.346(14.423%)(0.000m),30.543(26.950%)(1.130m),42.000(37.059%)(2.357m),31.000(38.750%)(1.179m),10.406(26.016%)(0.044m),40.000(100.000%)(3.214m),765.404,4712.267,60.5,1.3915,"[1.913, 2.016, 1.677, 1.895, 2.100, 1.647]","[3.585, 4.126, 3.701, 3.673, 4.336, 3.760]","[-5.335, -5.759, -5.502, -5.972, -5.907, -5.007]"
711,3,4.1317,4.8223,0.169,477,1333,2,15,0.241,80,2.95,24330,1812.37,0,0,28.000(35.000%)(0.857m),22.000(19.412%)(0.214m),52.000(45.882%)(3.429m),48.000(42.353%)(3.000m),25.361(31.702%)(0.574m),26.000(65.000%)(1.714m),18.004(45.010%)(0.858m),1173.294,5629.978,64.7,1.2984,"[1.651, 2.030, 1.788, 1.735, 2.333, 1.875]","[3.500, 3.934, 3.398, 3.610, 4.221, 3.441]","[-7.962, -5.629, -5.540, -6.396, -5.580, -5.420]"
712,3,20.5940,5.2291,0.165,922,2621,261,57,0.241,100,3.09,24423,3562.22,1,1,21.000(26.250%)(0.107m),36.000(31.765%)(1.714m),44.000(38.824%)(2.571m),21.315(18.807%)(0.141m),11.759(14.699%)(0.000m),18.000(45.000%)(0.857m),10.402(26.004%)(0.043m),542.607,4410.546,65.8,1.4454,"[0.883, 1.487, 1.481, 0.912, 1.725, 1.560]","[3.393, 3.913, 3.476, 3.436, 4.152, 3.608]","[-5.432, -5.583, -5.671, -5.358, -5.634, -5.401]"
713,3,2.0723,5.2617,0.165,276,719,23,1,0.240,60,3.09,24451,1094.23,0,0,34.000(42.500%)(1.500m),44.000(38.824%)(2.571m),41.035(36.207%)(2.254m),18.792(16.582%)(0.000m),10.827(13.533%)(0.000m),40.000(100.000%)(3.214m),10.060(25.151%)(0.006m),597.642,5268.130,60.3,1.3442,"[1.734, 2.085, 2.302, 1.680, 2.230, 2.262]","[3.520, 4.200, 3.665, 3.655, 4.401, 3.773]","[-5.045, -5.277, -5.231, -5.295, -5.292, -5.012]"
714,3,-3.0383,5.1488,0.162,228,580,18,0,0.240,55,3.08,24474,922.54,0,0,55.517(69.397%)(3.805m),64.000(56.471%)(4.714m),33.375(29.448%)(1.433m),17.276(15.244%)(0.000m),10.545(13.181%)(0.000m),40.000(100.000%)(3.214m),10.545(26.363%)(0.058m),2770.105,7683.545,58.9,1.3781,"[1.351, 1.884, 1.876, 1.264, 2.039, 1.923]","[3.385, 3.908, 3.526, 3.444, 4.136, 3.485]","[-5.318, -5.389, -5.348, -5.099, -5.769, -4.981]"
715,3,19.3349,5.4824,0.156,819,2396,117,83,0.239,100,3.22,24556,3226.29,1,1,19.000(23.750%)(0.000m),40.000(35.294%)(2.143m),86.000(75.883%)(7.071m),41.813(36.894%)(2.337m),19.707(24.634%)(0.000m),14.000(35.000%)(0.429m),13.855(34.637%)(0.413m),738.666,6106.248,67.7,1.3678,"[1.249, 1.750, 1.458, 1.349, 2.132, 1.688]","[3.482, 3.975, 3.577, 3.485, 4.087, 3.584]","[-5.128, -3.681, -5.990, -4.931, -2.798, -5.557]"
716,3,5.0870,5.5005,0.189,632,1851,93,101,0.239,95,3.21,24620,2544.38,0,0,23.000(28.750%)(0.321m),35.000(30.882%)(1.607m),44.000(38.824%)(2.571m),20.000(17.647%)(0.000m),17.352(21.690%)(0.000m),19.000(47.500%)(0.964m),12.173(30.431%)(0.233m),0.000,3339.938,67.8,1.4087,"[1.280, 1.462, 1.220, 1.275, 1.740, 1.338]","[3.313, 3.799, 3.475, 3.166, 3.989, 3.389]","[-8.079, -7.400, -10.354, -8.557, -6.801, -9.474]"
717,3,2.2615,5.5257,0.166,262,705,14,0,0.238,60,3.21,24647,1080.42,0,0,34.000(42.500%)(1.500m),43.000(37.941%)(2.464m),63.000(55.588%)(4.607m),26.260(23.171%)(0.671m),12.702(15.877%)(0.000m),40.000(100.000%)(3.214m),9.910(24.775%)(0.000m),605.054,4396.508,62.3,1.3840,"[1.414, 2.090, 2.129, 1.330, 2.276, 2.131]","[3.459, 4.001, 3.509, 3.604, 4.286, 3.567]","[-5.624, -6.625, -6.592, -5.268, -5.659, -5.830]"
718,3,1.7466,5.6147,0.165,303,765,24,0,0.238,60,3.20,24678,1266.98,0,0,38.000(47.500%)(1.929m),46.000(40.588%)(2.786m),57.458(50.698%)(4.013m),22.319(19.693%)(0.248m),11.883(14.853%)(0.000m),40.000(100.000%)(3.214m),10.127(25.317%)(0.014m),1505.041,6315.737,58.5,1.4338,"[1.880, 2.272, 2.317, 1.881, 2.452, 2.304]","[3.338, 3.944, 3.649, 3.374, 4.069, 3.704]","[-5.478, -5.700, -5.462, -5.122, -5.135, -4.974]"
719,3,20.4345,6.0042,0.172,813,2381,94,140,0.238,100,3.34,24760,3249.54,1,1,23.000(28.750%)(0.321m),41.000(36.177%)(2.250m),55.000(48.530%)(3.750m),37.000(32.647%)(1.821m),19.690(24.613%)(0.000m),16.000(40.000%)(0.643m),13.849(34.622%)(0.412m),633.539,4150.238,67.8,1.3775,"[1.675, 1.996, 1.722, 1.708, 2.275, 1.839]","[3.616, 3.804, 3.546, 3.710, 4.100, 3.607]","[-4.149, -3.016, -3.402, -4.287, -2.110, -2.885]"
720,3,-3.1328,5.9022,0.154,327,886,80,19,0.237,70,3.33,24793,1293.59,0,0,37.000(46.250%)(1.821m),47.000(41.471%)(2.893m),61.000(53.824%)(4.393m),34.113(30.100%)(1.512m),15.974(19.967%)(0.000m),11.000(27.500%)(0.107m),11.207(28.017%)(0.129m),835.844,5353.281,62.7,1.3846,"[0.828, 1.539, 1.842, 0.819, 1.704, 1.883]","[3.180, 3.535, 3.152, 3.343, 3.766, 3.179]","[-5.575, -4.487, -4.723, -5.821, -4.411, -4.795]"
721,3,10.1493,6.0682,0.172,805,2257,47,55,0.237,95,3.33,24874,3315.77,0,0,32.000(40.000%)(1.286m),49.000(43.235%)(3.107m),58.000(51.177%)(4.071m),28.744(25.362%)(0.937m),13.151(16.439%)(0.000m),20.000(50.000%)(1.071m),9.617(24.042%)(0.000m),878.449,4306.516,64.9,1.4809,"[1.350, 1.708, 1.618, 1.359, 1.947, 1.701]","[3.145, 3.593, 3.276, 3.124, 3.826, 3.311]","[-4.668, -4.237, -3.318, -4.580, -4.109, -2.490]"
722,3,0.4233,5.9820,0.157,322,856,32,60,0.236,65,3.32,24907,1348.89,0,0,22.000(27.500%)(0.214m),43.000(37.941%)(2.464m),55.000(48.530%)(3.750m),25.001(22.060%)(0.536m),12.455(15.569%)(0.000m),18.000(45.000%)(0.857m),9.968(24.921%)(0.000m),654.159,4921.739,61.5,1.3587,"[1.576, 1.825, 1.815, 1.572, 1.935, 1.816]","[3.174, 3.639, 3.340, 3.324, 3.847, 3.428]","[-5.119, -5.454, -5.672, -5.091, -6.027, -5.366]"
723,3,-0.3330,5.9270,0.177,446,1285,100,76,0.236,80,3.32,24952,1889.28,0,0,13.000(16.250%)(0.000m),23.000(20.294%)(0.321m),54.000(47.647%)(3.643m),34.671(30.592%)(1.572m),16.131(20.163%)(0.000m),18.000(45.000%)(0.857m),11.304(28.259%)(0.140m),662.741,3906.696,66.7,1.6709,"[1.173, 1.441, 1.229, 1.203, 1.713, 1.267]","[3.400, 3.639, 3.197, 3.442, 3.919, 3.366]","[-6.710, -5.941, -5.363, -6.182, -5.794, -5.218]"
724,3,-0.5763,6.0053,0.160,240,637,15,0,0.235,60,3.31,24976,980.26,0,0,38.000(47.500%)(1.929m),52.000(45.882%)(3.429m),32.688(28.842%)(1.359m),16.920(14.930%)(0.000m),10.328(12.910%)(0.000m),40.000(100.000%)(3.214m),10.328(25.820%)(0.035m),965.010,5588.107,61.4,1.4758,"[1.398, 2.245, 2.435, 1.301, 2.405, 2.406]","[3.591, 3.891, 3.577, 3.630, 4.161, 3.719]","[-5.593, -5.449, -5.363, -5.517, -5.089, -5.293]"
725,3,-1.4641,5.5298,0.178,263,665,25,0,0.235,55,3.31,25003,1020.10,0,0,48.000(60.000%)(3.000m),54.000(47.647%)(3.643m),49.786(43.929%)(3.191m),20.457(18.050%)(0.049m),11.286(14.107%)(0.000m),40.000(100.000%)(3.214m),9.983(24.957%)(0.000m),2150.252,6767.204,58.5,1.2488,"[1.534, 2.028, 2.101, 1.453, 2.184, 2.079]","[3.437, 3.892, 3.482, 3.435, 4.172, 3.538]","[-5.664, -5.919, -5.444, -5.475, -5.580, -5.391]"
726,3,1.7009,5.4985,0.156,611,1787,15,52,0.234,90,3.31,25065,2495.43,0,0,10.137(12.671%)(0.000m),16.459(14.523%)(0.000m),31.260(27.582%)(1.206m),42.000(37.059%)(2.357m),25.000(31.250%)(0.536m),10.261(25.653%)(0.028m),18.000(45.000%)(0.857m),668.322,4351.950,67.7,1.3922,"[1.378, 1.584, 1.277, 1.382, 1.809, 1.389]","[3.492, 3.877, 3.391, 3.604, 4.134, 3.490]","[-6.415, -5.107, -4.797, -6.520, -5.688, -4.665]"
727,3,0.8919,5.4874,0.146,271,718,20,15,0.234,60,3.30,25093,1143.86,0,0,27.000(33.750%)(0.750m),41.000(36.177%)(2.250m),48.082(42.425%)(3.009m),20.353(17.959%)(0.038m),11.356(14.194%)(0.000m),40.000(100.000%)(3.214m),10.169(25.423%)(0.018m),454.076,5448.514,61.3,1.3555,"[1.461, 1.749, 1.955, 1.483, 1.919, 1.886]","[3.391, 3.533, 3.226, 3.472, 3.797, 3.172]","[-5.027, -5.529, -5.407, -5.075, -5.530, -5.222]"
728,3,21.8127,5.8277,0.167,723,2190,142,122,0.233,100,3.43,25166,2872.81,1,1,23.000(28.750%)(0.321m),43.000(37.941%)(2.464m),47.000(41.471%)(2.893m),33.675(29.714%)(1.465m),15.585(19.481%)(0.000m),17.000(42.500%)(0.750m),10.914(27.284%)(0.098m),226.947,3636.588,70.1,1.3762,"[0.881, 1.569, 1.443, 0.906, 1.875, 1.577]","[3.292, 3.601, 3.260, 3.253, 3.909, 3.340]","[-5.650, -5.427, -3.923, -5.352, -5.193, -3.880]"
729,3,21.1935,6.2478,0.168,720,2181,128,60,0.233,100,3.57,25238,2847.66,2,1,24.000(30.000%)(0.429m),41.000(36.177%)(2.250m),53.000(46.765%)(3.536m),43.510(38.391%)(2.519m),20.566(25.708%)(0.061m),22.000(55.000%)(1.286m),14.471(36.176%)(0.479m),492.027,3698.878,70.1,1.3733,"[1.666, 2.006, 1.742, 1.672, 2.350, 1.950]","[3.555, 4.073, 3.403, 3.582, 4.255, 3.412]","[-4.411, -1.652, -1.087, -4.339, -1.623, -2.040]"
730,3,16.0470,6.2333,0.167,962,2705,128,111,0.232,100,3.70,25335,3915.66,3,1,31.000(38.750%)(1.179m),47.000(41.471%)(2.893m),62.000(54.706%)(4.500m),37.348(32.955%)(1.859m),17.679(22.099%)(0.000m),23.000(57.500%)(1.393m),12.431(31.077%)(0.260m),712.933,5308.167,65.1,1.4469,"[1.490, 1.838, 1.718, 1.585, 2.116, 1.855]","[3.605, 3.954, 3.573, 3.609, 4.165, 3.603]","[-4.716, -3.169, -2.451, -4.431, -2.784, -2.514]"
731,3,21.9784,6.6046,0.163,766,2280,24,37,0.232,100,3.83,25412,3005.46,4,1,24.000(30.000%)(0.429m),39.000(34.412%)(2.036m),59.000(52.059%)(4.179m),43.762(38.613%)(2.546m),20.694(25.867%)(0.074m),23.000(57.500%)(1.393m),14.562(36.405%)(0.489m),611.788,3907.307,68.9,1.3811,"[1.522, 1.856, 1.534, 1.621, 2.210, 1.710]","[3.089, 3.582, 3.403, 3.060, 3.882, 3.423]","[-4.228, -0.505, -1.019, -5.009, 0.294, -1.594]"
732,3,0.5076,6.5854,0.172,263,703,15,14,0.231,60,3.83,25439,1192.36,0,0,29.000(36.250%)(0.964m),38.000(33.530%)(1.929m),31.753(28.017%)(1.259m),16.436(14.503%)(0.000m),10.033(12.541%)(0.000m),40.000(100.000%)(3.214m),10.033(25.081%)(0.003m),641.633,4612.917,61.9,1.4754,"[1.872, 2.191, 2.143, 1.843, 2.364, 2.138]","[3.491, 3.828, 3.509, 3.495, 4.041, 3.607]","[-5.138, -4.692, -5.452, -5.134, -4.820, -4.832]"
733,3,1.3725,6.5098,0.164,902,2420,99,148,0.231,95,3.82,25530,3690.26,0,0,10.127(12.658%)(0.000m),15.068(13.296%)(0.000m),24.715(21.807%)(0.505m),38.114(33.630%)(1.941m),18.133(22.667%)(0.000m),11.736(29.339%)(0.186m),12.795(31.986%)(0.299m),806.817,6150.538,62.1,1.4202,"[1.273, 1.681, 1.560, 1.357, 1.883, 1.603]","[3.239, 3.751, 3.540, 3.394, 4.020, 3.555]","[-7.258, -6.652, -5.836, -7.460, -6.522, -6.285]"
734,3,5.5483,6.5253,0.162,803,2335,233,96,0.231,95,3.81,25611,3220.03,0,0,25.000(31.250%)(0.536m),33.000(29.118%)(1.393m),38.000(33.530%)(1.929m),25.619(22.605%)(0.602m),12.392(15.490%)(0.000m),18.000(45.000%)(0.857m),9.668(24.170%)(0.000m),540.806,3228.449,67.3,1.3894,"[0.681, 1.447, 1.289, 0.715, 1.702, 1.442]","[3.085, 3.617, 3.245, 3.153, 3.820, 3.399]","[-5.481, -6.108, -7.287, -5.772, -5.123, -6.487]"
735,3,6.2391,6.6388,0.155,600,1782,125,47,0.230,95,3.81,25671,2438.07,0,0,28.000(35.000%)(0.857m),22.000(19.412%)(0.214m),32.000(28.235%)(1.286m),26.000(22.941%)(0.643m),17.684(22.105%)(0.000m),22.000(55.000%)(1.286m),12.405(31.012%)(0.258m),0.000,3522.554,68.7,1.4309,"[0.986, 1.361, 1.247, 1.029, 1.591, 1.358]","[3.385, 3.608, 3.321, 3.456, 3.846, 3.404]","[-5.341, -6.828, -7.169, -5.292, -6.466, -7.630]"
736,3,2.9572,6.4885,0.161,599,1801,147,26,0.230,95,3.80,25731,2569.05,0,0,25.031(31.288%)(0.539m),32.000(28.235%)(1.286m),20.528(18.113%)(0.057m),13.497(11.909%)(0.000m),9.572(11.965%)(0.000m),17.691(44.226%)(0.824m),11.624(29.060%)(0.174m),188.664,3440.450,69.6,1.4765,"[0.641, 1.081, 0.892, 0.688, 1.343, 0.981]","[3.012, 3.430, 3.179, 3.154, 3.776, 3.297]","[-6.861, -6.041, -10.002, -8.299, -7.051, -9.593]"
737,3,21.6854,6.9178,0.164,914,2600,104,101,0.229,100,3.93,25823,3641.12,1,1,28.000(35.000%)(0.857m),48.000(42.353%)(3.000m),45.000(39.706%)(2.679m),34.941(30.830%)(1.601m),16.290(20.363%)(0.000m),17.000(42.500%)(0.750m),11.419(28.548%)(0.152m),421.808,4238.449,65.8,1.4028,"[1.512, 2.011, 1.823, 1.584, 2.266, 1.917]","[3.144, 3.614, 3.354, 3.173, 3.920, 3.361]","[-5.263, -2.931, -1.744, -5.334, -2.541, -1.972]"
738,3,3.1480,6.9676,0.154,418,1213,83,9,0.229,80,3.93,25865,1605.28,0,0,14.631(18.289%)(0.000m),31.737(28.003%)(1.258m),35.000(30.882%)(1.607m),18.000(15.882%)(0.000m),19.000(23.750%)(0.000m),10.239(25.598%)(0.026m),28.000(70.000%)(1.929m),981.314,4251.772,67.1,1.3143,"[1.241, 1.430, 0.638, 1.349, 1.658, 0.697]","[3.225, 3.805, 3.483, 3.272, 4.061, 3.498]","[-8.562, -7.071, -18.340, -8.635, -5.585, -13.477]"
739,3,2.5514,6.7892,0.162,305,809,15,14,0.228,65,3.92,25896,1224.81,0,0,29.000(36.250%)(0.964m),50.000(44.118%)(3.214m),50.954(44.960%)(3.317m),20.936(18.473%)(0.100m),11.550(14.438%)(0.000m),27.000(67.500%)(1.821m),10.217(25.542%)(0.023m),957.172,5812.047,61.4,1.3796,"[2.004, 2.358, 2.182, 2.046, 2.584, 2.262]","[3.584, 3.907, 3.559, 3.617, 4.105, 3.607]","[-5.553, -4.780, -5.514, -5.535, -4.547, -4.987]"
740,3,4.6147,6.8192,0.182,488,1407,124,41,0.228,85,3.92,25945,1942.98,0,0,14.000(17.500%)(0.000m),55.000(48.530%)(3.750m),51.000(45.000%)(3.321m),35.303(31.150%)(1.640m),16.762(20.952%)(0.000m),10.000(25.000%)(0.000m),11.782(29.456%)(0.191m),297.109,4380.629,66.7,1.4489,"[1.325, 1.687, 1.646, 1.379, 1.988, 1.797]","[3.357, 3.601, 3.266, 3.564, 3.878, 3.381]","[-4.929, -4.136, -5.071, -4.498, -4.119, -4.195]"
741,3,12.4542,6.7760,0.165,733,2211,146,129,0.227,100,4.05,26019,2950.54,1,1,16.000(20.000%)(0.000m),41.000(36.177%)(2.250m),64.000(56.471%)(4.714m),32.290(28.491%)(1.317m),15.045(18.806%)(0.000m),11.000(27.500%)(0.107m),10.545(26.363%)(0.058m),537.127,3511.598,69.8,1.4102,"[1.007, 1.514, 1.392, 1.153, 1.869, 1.526]","[3.261, 3.698, 3.407, 3.440, 4.063, 3.504]","[-4.948, -4.688, -5.292, -4.618, -4.937, -5.489]"
742,3,17.7783,7.0625,0.162,799,2354,40,51,0.227,100,4.18,26099,3193.56,2,1,28.000(35.000%)(0.857m),37.000(32.647%)(1.821m),49.000(43.235%)(3.107m),46.000(40.588%)(2.786m),22.869(28.586%)(0.307m),21.000(52.500%)(1.179m),16.136(40.339%)(0.657m),299.362,3881.523,68.2,1.3802,"[1.596, 1.853, 1.503, 1.680, 2.189, 1.650]","[3.110, 3.634, 3.258, 3.280, 3.996, 3.486]","[-3.297, -1.673, -2.812, -4.547, -1.459, -3.324]"
743,3,1.0551,7.0594,0.168,627,1840,115,96,0.226,95,4.17,26162,2553.22,0,0,17.833(22.292%)(0.000m),25.000(22.059%)(0.536m),28.000(24.706%)(0.857m),22.000(19.412%)(0.214m),26.000(32.500%)(0.643m),12.512(31.280%)(0.269m),20.000(50.000%)(1.071m),0.000,2980.667,67.9,1.4725,"[0.681, 0.602, 0.183, 0.644, 0.793, 0.029]","[3.329, 3.688, 3.232, 3.497, 3.964, 3.324]","[-7.111, -8.758, -10.048, -7.534, -8.651, -13.295]"
744,3,2.2038,6.6417,0.168,681,1960,67,80,0.226,95,4.17,26231,2754.86,0,0,23.000(28.750%)(0.321m),21.000(18.529%)(0.107m),25.000(22.059%)(0.536m),23.000(20.294%)(0.321m),21.505(26.881%)(0.161m),23.000(57.500%)(1.393m),15.151(37.878%)(0.552m),0.000,3639.420,66.6,1.3284,"[1.151, 1.180, 0.949, 1.103, 1.355, 0.843]","[3.240, 3.820, 3.578, 3.336, 4.080, 3.569]","[-4.275, -5.296, -4.476, -5.091, -4.883, -7.494]"
745,3,1.9575,6.6975,0.179,286,802,16,0,0.225,65,4.16,26260,1133.77,0,0,33.000(41.250%)(1.393m),58.000(51.177%)(4.071m),49.656(43.814%)(3.177m),20.403(18.003%)(0.043m),11.256(14.070%)(0.000m),25.000(62.500%)(1.607m),9.957(24.892%)(0.000m),1033.462,5065.866,64.9,1.4280,"[2.078, 2.479, 2.275, 2.040, 2.743, 2.337]","[3.622, 3.803, 3.354, 3.708, 4.131, 3.482]","[-5.112, -5.101, -5.221, -5.239, -5.183, -4.723]"
746,3,-2.1389,6.2716,0.149,214,605,16,0,0.225,55,4.16,26282,882.62,0,0,34.000(42.500%)(1.500m),49.000(43.235%)(3.107m),51.753(45.664%)(3.402m),21.264(18.763%)(0.135m),11.731(14.664%)(0.000m),31.000(77.500%)(2.250m),10.377(25.942%)(0.040m),599.874,4127.433,65.4,1.3496,"[0.988, 1.720, 1.711, 0.813, 1.950, 1.794]","[3.378, 3.703, 3.446, 3.360, 3.920, 3.405]","[-5.218, -5.292, -5.553, -5.308, -5.081, -5.345]"
747,3,0.0129,6.2270,0.163,218,586,16,0,0.225,55,4.15,26304,845.71,0,0,37.000(46.250%)(1.821m),46.000(40.588%)(2.786m),50.038(44.151%)(3.218m),20.560(18.141%)(0.060m),11.343(14.178%)(0.000m),40.000(100.000%)(3.214m),10.033(25.083%)(0.004m),722.590,4712.315,62.2,1.3375,"[1.200, 1.697, 1.706, 1.110, 1.892, 1.683]","[3.206, 3.523, 3.235, 3.101, 3.803, 3.374]","[-5.617, -5.241, -5.515, -5.268, -4.633, -4.977]"
748,3,2.6989,6.3135,0.160,448,1311,163,60,0.224,85,4.14,26349,1823.02,0,0,13.000(16.250%)(0.000m),46.000(40.588%)(2.786m),50.000(44.118%)(3.214m),39.639(34.976%)(2.104m),18.607(23.258%)(0.000m),10.000(25.000%)(0.000m),13.066(32.665%)(0.328m),399.862,3851.553,67.7,1.3982,"[1.116, 1.462, 0.980, 1.196, 1.826, 1.180]","[3.068, 3.536, 3.129, 3.204, 3.833, 3.281]","[-5.511, -5.161, -6.032, -5.146, -3.819, -5.412]"
749,3,13.4475,6.5666,0.163,922,2619,126,87,0.224,100,4.27,26442,3792.01,1,1,25.000(31.250%)(0.536m),31.000(27.353%)(1.179m),38.000(33.530%)(1.929m),33.091(29.198%)(1.403m),15.578(19.473%)(0.000m),24.000(60.000%)(1.500m),10.934(27.335%)(0.100m),285.016,4414.136,65.7,1.4597,"[1.388, 1.657, 1.431, 1.431, 1.904, 1.515]","[3.446, 3.414, 3.485, 3.427, 3.641, 3.584]","[-5.138, -5.655, -4.547, -4.833, -5.680, -5.021]"
750,3,3.0477,6.5571,0.165,270,818,35,35,0.223,70,4.27,26469,1142.55,0,0,24.000(30.000%)(0.429m),32.000(28.235%)(1.286m),45.000(39.706%)(2.679m),20.343(17.950%)(0.037m),11.223(14.029%)(0.000m),22.000(55.000%)(1.286m),9.928(24.819%)(0.000m),179.778,3180.110,70.1,1.5252,"[1.203, 1.704, 1.574, 1.210, 2.006, 1.703]","[3.109, 3.701, 3.209, 3.199, 4.028, 3.325]","[-5.752, -5.226, -6.253, -5.335, -5.090, -6.077]"
751,3,6.8077,6.6730,0.168,636,1858,73,102,0.223,95,4.26,26533,2573.52,0,0,22.000(27.500%)(0.214m),20.000(17.647%)(0.000m),21.000(18.529%)(0.107m),39.000(34.412%)(2.036m),26.000(32.500%)(0.643m),21.000(52.500%)(1.179m),21.364(53.411%)(1.218m),0.000,3241.455,67.6,1.3821,"[1.649, 1.621, 1.430, 1.683, 1.823, 1.501]","[3.419, 3.867, 3.442, 3.610, 4.195, 3.548]","[-3.591, -5.827, -5.762, -4.814, -6.216, -6.093]"
752,3,-3.5531,6.5203,0.162,422,1229,10,44,0.222,80,4.26,26576,1631.00,0,0,12.000(15.000%)(0.000m),16.000(14.118%)(0.000m),26.000(22.941%)(0.643m),39.000(34.412%)(2.036m),27.543(34.429%)(0.808m),21.000(52.500%)(1.179m),19.529(48.822%)(1.021m),401.845,5378.665,67.4,1.3854,"[1.649, 1.821, 1.520, 1.772, 2.165, 1.666]","[3.611, 3.778, 3.365, 3.586, 3.953, 3.398]","[-5.195, -5.349, -6.222, -7.017, -6.150, -6.789]"
753,3,5.9260,6.6217,0.169,603,1789,64,50,0.222,95,4.25,26637,2456.95,0,0,28.000(35.000%)(0.857m),21.000(18.529%)(0.107m),20.000(17.647%)(0.000m),34.000(30.000%)(1.500m),20.673(25.841%)(0.072m),23.000(57.500%)(1.393m),14.553(36.382%)(0.488m),0.000,3400.266,68.7,1.4156,"[1.234, 1.449, 1.448, 1.232, 1.692, 1.560]","[3.213, 3.667, 3.340, 3.174, 3.917, 3.407]","[-4.668, -6.032, -4.993, -5.672, -6.471, -4.865]"
754,3,0.9205,6.3123,0.170,494,1400,115,45,0.221,85,4.24,26687,1886.77,0,0,11.000(13.750%)(0.000m),18.000(15.882%)(0.000m),62.000(54.706%)(4.500m),32.980(29.100%)(1.391m),15.214(19.017%)(0.000m),11.000(27.500%)(0.107m),10.650(26.624%)(0.070m),102.190,4306.530,65.6,1.3764,"[0.644, 1.378, 1.646, 0.717, 1.636, 1.675]","[3.642, 3.765, 3.529, 3.576, 4.034, 3.596]","[-11.198, -8.935, -6.419, -9.588, -9.800, -6.638]"
755,3,2.3170,6.0051,0.160,523,1459,101,52,0.221,85,4.24,26740,2004.53,0,0,13.000(16.250%)(0.000m),28.000(24.706%)(0.857m),41.000(36.177%)(2.250m),31.000(27.353%)(1.179m),18.525(23.156%)(0.000m),10.000(25.000%)(0.000m),13.015(32.537%)(0.323m),398.458,4375.295,64.6,1.2880,"[1.285, 1.625, 1.438, 1.359, 1.875, 1.479]","[3.544, 3.918, 3.553, 3.660, 4.121, 3.524]","[-5.201, -7.658, -6.093, -5.181, -7.977, -5.612]"
756,3,2.0368,5.7222,0.174,251,668,14,0,0.221,60,4.23,26766,986.08,0,0,36.000(45.000%)(1.714m),46.000(40.588%)(2.786m),63.000(55.588%)(4.607m),25.794(22.759%)(0.621m),12.476(15.595%)(0.000m),40.000(100.000%)(3.214m),9.734(24.335%)(0.000m),609.533,4885.852,61.6,1.2559,"[1.484, 1.708, 1.890, 1.441, 1.878, 1.870]","[3.424, 3.854, 3.522, 3.541, 4.173, 3.715]","[-5.748, -6.783, -6.404, -5.550, -5.860, -5.707]"
757,3,19.0927,5.9956,0.170,723,2190,41,107,0.220,100,4.36,26839,2853.73,1,1,20.000(25.000%)(0.000m),41.000(36.177%)(2.250m),63.000(55.588%)(4.607m),41.140(36.300%)(2.265m),19.367(24.208%)(0.000m),14.000(35.000%)(0.429m),13.611(34.027%)(0.387m),626.993,4064.052,70.1,1.3666,"[1.667, 1.656, 1.191, 1.793, 2.080, 1.367]","[3.435, 3.576, 3.299, 3.343, 3.793, 3.404]","[-4.579, -3.828, -6.094, -4.447, -2.857, -5.909]"
758,3,3.3170,6.0468,0.162,394,1148,15,47,0.220,80,4.35,26879,1531.71,0,0,22.000(27.500%)(0.214m),31.000(27.353%)(1.179m),43.000(37.941%)(2.464m),22.000(19.412%)(0.214m),23.374(29.217%)(0.361m),23.000(57.500%)(1.393m),16.492(41.230%)(0.696m),0.000,3202.818,67.4,1.4294,"[1.609, 1.786, 1.679, 1.541, 1.994, 1.700]","[3.153, 3.585, 3.272, 3.258, 3.903, 3.403]","[-5.028, -3.817, -5.475, -4.568, -3.886, -5.065]"
759,3,2.7434,6.0359,0.171,267,742,17,28,0.219,65,4.35,26906,1143.41,0,0,26.000(32.500%)(0.643m),38.000(33.530%)(1.929m),69.000(60.883%)(5.250m),25.883(22.838%)(0.630m),12.519(15.649%)(0.000m),22.000(55.000%)(1.286m),9.768(24.419%)(0.000m),411.771,4481.153,64.3,1.5596,"[1.878, 2.063, 2.223, 1.832, 2.244, 2.238]","[3.320, 3.809, 3.459, 3.410, 4.030, 3.591]","[-4.778, -6.438, -5.507, -4.812, -6.534, -4.729]"
760,3,-1.1956,6.0174,0.178,644,1882,181,65,0.219,95,4.34,26971,2481.79,0,0,24.000(30.000%)(0.429m),20.000(17.647%)(0.000m),20.000(17.647%)(0.000m),29.661(26.171%)(1.035m),13.701(17.127%)(0.000m),20.088(50.220%)(1.081m),9.591(23.978%)(0.000m),0.000,3624.624,67.6,1.3082,"[1.007, 1.171, 1.229, 0.972, 1.320, 1.351]","[3.122, 3.719, 3.421, 3.258, 3.923, 3.470]","[-5.314, -6.182, -3.713, -5.849, -5.703, -4.006]"
761,3,-1.0910,5.9129,0.170,200,520,17,0,0.218,50,4.34,26991,819.16,0,0,58.000(72.500%)(4.071m),69.000(60.883%)(5.250m),32.890(29.020%)(1.381m),17.025(15.022%)(0.000m),10.392(12.990%)(0.000m),40.000(100.000%)(3.214m),10.392(25.980%)(0.042m),2781.129,6642.864,60.1,1.4036,"[1.575, 2.050, 2.062, 1.526, 2.286, 2.118]","[3.605, 3.819, 3.256, 3.578, 4.023, 3.380]","[-4.907, -5.025, -5.066, -4.774, -5.003, -4.715]"
762,3,20.0275,5.9016,0.175,721,2185,106,127,0.218,100,4.46,27064,2818.24,1,1,19.000(23.750%)(0.000m),50.000(44.118%)(3.214m),41.000(36.177%)(2.250m),30.000(26.471%)(1.071m),19.673(24.591%)(0.000m),13.000(32.500%)(0.321m),13.830(34.576%)(0.410m),89.297,3381.686,70.1,1.3670,"[1.502, 1.872, 1.644, 1.604, 2.290, 1.840]","[3.398, 3.764, 3.478, 3.539, 3.944, 3.570]","[-4.479, -3.916, -4.656, -4.867, -2.840, -4.073]"
763,3,0.4257,5.8687,0.169,473,1334,60,53,0.218,80,4.46,27112,1813.67,0,0,14.000(17.500%)(0.000m),19.000(16.765%)(0.000m),39.000(34.412%)(2.036m),33.449(29.514%)(1.441m),15.572(19.464%)(0.000m),22.000(55.000%)(1.286m),10.913(27.282%)(0.098m),441.060,4297.803,65.3,1.3295,"[1.509, 2.037, 1.863, 1.478, 2.253, 1.884]","[3.719, 4.117, 3.762, 3.779, 4.405, 3.857]","[-5.050, -5.803, -5.608, -6.222, -6.161, -5.894]"
764,3,0.4509,5.9384,0.164,473,1375,13,72,0.217,85,4.45,27160,1888.84,0,0,15.000(18.750%)(0.000m),46.000(40.588%)(2.786m),62.000(54.706%)(4.500m),36.000(31.765%)(1.714m),26.000(32.500%)(0.643m),10.000(25.000%)(0.000m),19.113(47.782%)(0.976m),303.179,3973.407,67.3,1.4138,"[1.923, 2.019, 1.926, 1.990, 2.370, 2.078]","[3.837, 4.282, 3.971, 3.904, 4.543, 3.967]","[-3.310, -4.698, -4.991, -3.288, -3.656, -4.647]"
765,3,23.9767,6.0313,0.177,707,2152,66,59,0.217,100,4.58,27231,2917.08,1,1,25.000(31.250%)(0.536m),45.000(39.706%)(2.679m),60.000(52.941%)(4.286m),40.720(35.930%)(2.220m),19.202(24.002%)(0.000m),22.000(55.000%)(1.286m),13.492(33.731%)(0.374m),463.587,3281.417,70.5,1.4435,"[1.787, 2.309, 2.019, 1.853, 2.628, 2.223]","[3.515, 4.129, 3.687, 3.663, 4.417, 3.812]","[-4.682, -0.461, -0.874, -4.610, -0.395, -1.508]"
766,3,9.1404,6.1123,0.167,730,2103,114,31,0.216,95,4.57,27304,2892.75,0,0,29.000(36.250%)(0.964m),52.000(45.882%)(3.429m),69.000(60.883%)(5.250m),26.030(22.968%)(0.646m),12.590(15.738%)(0.000m),21.000(52.500%)(1.179m),9.823(24.558%)(0.000m),895.242,4673.156,66.7,1.3793,"[1.906, 2.279, 2.028, 1.971, 2.578, 2.186]","[3.662, 3.820, 3.551, 3.674, 4.067, 3.806]","[-5.139, -5.891, -6.303, -5.355, -5.632, -5.374]"
767,3,18.4983,6.4371,0.177,647,2023,20,59,0.216,100,4.69,27369,2590.62,1,1,26.000(32.500%)(0.643m),38.000(33.530%)(1.929m),50.000(44.118%)(3.214m),35.000(30.882%)(1.607m),22.809(28.511%)(0.301m),21.000(52.500%)(1.179m),16.083(40.208%)(0.652m),162.167,2959.246,72.3,1.3936,"[1.570, 2.076, 1.779, 1.524, 2.424, 1.931]","[3.385, 4.091, 3.661, 3.468, 4.318, 3.883]","[-3.981, -1.084, -2.501, -4.161, -1.211, -2.977]"
768,3,0.2119,6.4064,0.185,235,632,17,0,0.215,60,4.69,27393,959.01,0,0,40.000(50.000%)(2.143m),56.000(49.412%)(3.857m),49.477(43.656%)(3.158m),20.329(17.938%)(0.035m),11.215(14.019%)(0.000m),40.000(100.000%)(3.214m),9.921(24.802%)(0.000m),1169.773,4976.658,62.2,1.4413,"[1.458, 2.275, 2.296, 1.463, 2.539, 2.364]","[3.243, 3.623, 3.234, 3.331, 3.938, 3.529]","[-5.097, -5.171, -5.008, -4.875, -4.237, -4.633]"
769,3,4.4419,6.0865,0.165,428,1244,61,16,0.215,80,4.68,27436,1739.20,0,0,11.000(13.750%)(0.000m),18.000(15.882%)(0.000m),33.000(29.118%)(1.393m),33.053(29.165%)(1.399m),15.282(19.102%)(0.000m),27.000(67.500%)(1.821m),10.699(26.748%)(0.075m),402.296,3958.123,67.3,1.4924,"[1.276, 1.675, 1.745, 1.231, 1.872, 1.805]","[3.287, 3.643, 3.233, 3.342, 3.913, 3.404]","[-5.455, -5.287, -5.470, -6.129, -5.235, -5.894]"
770,3,18.1691,6.5126,0.169,705,2147,27,77,0.214,100,4.81,27507,2842.34,1,1,25.000(31.250%)(0.536m),46.000(40.588%)(2.786m),58.000(51.177%)(4.071m),47.169(41.620%)(2.911m),22.415(28.019%)(0.259m),18.000(45.000%)(0.857m),15.798(39.495%)(0.621m),625.636,3462.415,70.5,1.4134,"[1.635, 2.037, 1.742, 1.742, 2.435, 1.975]","[3.040, 3.591, 3.331, 3.230, 3.949, 3.533]","[-4.544, -2.322, -4.270, -5.218, -2.136, -4.353]"
771,3,5.0866,6.4113,0.161,581,1742,130,35,0.214,95,4.80,27566,2430.12,0,0,22.000(27.500%)(0.214m),24.000(21.177%)(0.429m),32.000(28.235%)(1.286m),43.237(38.151%)(2.490m),20.601(25.751%)(0.064m),23.000(57.500%)(1.393m),14.538(36.345%)(0.486m),0.000,4581.163,69.4,1.3622,"[1.101, 1.431, 1.263, 1.129, 1.708, 1.405]","[2.955, 3.603, 3.328, 3.172, 3.870, 3.394]","[-4.333, -4.386, -5.376, -4.436, -4.386, -5.586]"
772,3,18.0224,6.7633,0.175,716,2174,207,99,0.214,100,4.92,27638,2883.94,1,1,27.000(33.750%)(0.750m),46.000(40.588%)(2.786m),39.000(34.412%)(2.036m),28.000(24.706%)(0.857m),14.738(18.422%)(0.000m),20.000(50.000%)(1.071m),10.312(25.781%)(0.033m),35.530,3364.516,70.3,1.3795,"[0.876, 1.696, 1.742, 0.938, 2.024, 1.891]","[3.225, 3.716, 3.381, 3.202, 3.995, 3.579]","[-5.592, -4.528, -3.113, -5.825, -4.316, -2.770]"
773,3,18.0114,7.1302,0.162,890,2548,82,144,0.213,100,5.05,27727,3554.70,2,1,23.000(28.750%)(0.321m),41.000(36.177%)(2.250m),54.000(47.647%)(3.643m),36.854(32.519%)(1.806m),17.213(21.516%)(0.000m),17.000(42.500%)(0.750m),12.074(30.185%)(0.222m),406.740,4457.206,66.3,1.4056,"[1.860, 2.145, 1.847, 1.939, 2.409, 1.907]","[3.633, 3.850, 3.562, 3.624, 4.077, 3.560]","[-5.102, -2.578, -3.478, -4.843, -1.756, -3.911]"
774,3,18.2775,7.5073,0.167,714,2167,118,132,0.213,100,5.17,27799,2915.05,3,1,23.000(28.750%)(0.321m),33.000(29.118%)(1.393m),39.000(34.412%)(2.036m),42.626(37.612%)(2.424m),20.324(25.405%)(0.035m),16.000(40.000%)(0.643m),14.298(35.745%)(0.461m),421.759,3385.905,70.2,1.5171,"[1.567, 1.955, 1.733, 1.701, 2.379, 1.951]","[3.279, 3.622, 3.374, 3.317, 3.923, 3.872]","[-4.674, -2.421, -2.916, -4.762, -1.400, -2.389]"
775,3,5.6681,7.6499,0.170,447,1287,13,42,0.212,80,5.16,27844,1760.72,0,0,11.000(13.750%)(0.000m),17.000(15.000%)(0.000m),29.000(25.588%)(0.964m),37.000(32.647%)(1.821m),23.316(29.145%)(0.355m),25.000(62.500%)(1.607m),16.450(41.126%)(0.691m),321.567,4134.682,66.6,1.3009,"[1.727, 2.040, 1.871, 1.798, 2.326, 1.965]","[3.707, 4.079, 3.636, 3.694, 4.325, 3.759]","[-6.842, -5.613, -5.240, -7.378, -6.091, -4.815]"
776,3,1.6310,7.6485,0.168,257,666,7,23,0.212,60,5.15,27870,1036.59,0,0,24.000(30.000%)(0.429m),31.000(27.353%)(1.179m),53.000(46.765%)(3.536m),98.904(87.269%)(8.454m),46.614(58.267%)(2.851m),40.000(100.000%)(3.214m),34.830(87.074%)(2.660m),442.365,4643.147,60.0,1.4598,"[2.293, 2.337, 1.858, 2.420, 2.518, 1.800]","[3.327, 3.867, 3.679, 3.400, 4.169, 3.783]","[-3.169, -3.204, -4.662, -1.704, -2.754, -4.925]"
777,3,1.2598,7.6559,0.178,410,1210,10,20,0.211,80,5.15,27911,1606.48,0,0,10.000(12.500%)(0.000m),15.000(13.235%)(0.000m),24.000(21.177%)(0.429m),40.000(35.294%)(2.143m),24.934(31.167%)(0.529m),23.000(57.500%)(1.393m),17.621(44.051%)(0.816m),469.776,3731.830,68.3,1.3693,"[1.614, 1.877, 1.679, 1.753, 2.181, 1.781]","[3.251, 3.777, 3.525, 3.355, 4.114, 3.575]","[-6.835, -5.290, -5.374, -7.337, -6.054, -5.503]"
778,3,12.5596,7.4708,0.167,975,2702,171,142,0.211,95,5.14,28009,4064.21,0,0,24.000(30.000%)(0.429m),40.000(35.294%)(2.143m),44.000(38.824%)(2.571m),23.494(20.730%)(0.374m),12.194(15.243%)(0.000m),17.000(42.500%)(0.750m),10.136(25.340%)(0.015m),573.381,4762.356,64.1,1.4732,"[1.353, 1.937, 1.800, 1.408, 2.206, 1.867]","[3.441, 3.737, 3.385, 3.439, 3.910, 3.490]","[-4.837, -5.305, -5.742, -4.990, -4.693, -5.350]"
779,3,0.0848,7.0486,0.181,389,1138,140,107,0.211,80,5.13,28048,1479.05,0,0,15.000(18.750%)(0.000m),32.000(28.235%)(1.286m),28.000(24.706%)(0.857m),20.000(17.647%)(0.000m),17.143(21.428%)(0.000m),11.000(27.500%)(0.107m),12.019(30.047%)(0.216m),0.000,3294.274,67.7,1.3233,"[1.046, 1.292, 1.218, 1.109, 1.433, 1.171]","[3.657, 3.552, 3.408, 3.724, 3.854, 3.439]","[-7.033, -6.726, -5.986, -6.079, -6.370, -5.915]"
780,3,0.5825,6.7393,0.173,258,775,18,22,0.210,65,5.13,28074,991.95,0,0,12.182(15.227%)(0.000m),24.452(21.576%)(0.477m),56.000(49.412%)(3.857m),41.000(36.177%)(2.250m),24.000(30.000%)(0.429m),9.750(24.374%)(0.000m),25.000(62.500%)(1.607m),365.121,3415.576,69.6,1.3445,"[1.599, 1.565, 1.031, 1.606, 1.832, 1.036]","[3.385, 3.772, 3.509, 3.451, 4.079, 3.602]","[-4.034, -5.735, -6.196, -4.160, -5.548, -5.866]"
781,3,2.5771,6.3513,0.178,279,748,13,7,0.210,65,5.12,28102,1093.76,0,0,12.543(15.679%)(0.000m),25.546(22.541%)(0.594m),66.000(58.235%)(4.929m),41.000(36.177%)(2.250m),31.000(38.750%)(1.179m),9.912(24.780%)(0.000m),29.000(72.500%)(2.036m),769.305,4672.202,62.1,1.3184,"[1.966, 2.121, 1.603, 2.075, 2.306, 1.632]","[3.384, 3.919, 3.530, 3.560, 4.258, 3.716]","[-7.118, -6.164, -6.343, -6.132, -6.272, -5.886]"
782,3,-0.9241,6.3227,0.175,266,706,15,15,0.209,60,5.12,28129,1065.64,0,0,9.946(12.433%)(0.000m),15.487(13.665%)(0.000m),27.296(24.085%)(0.782m),38.000(33.530%)(1.929m),27.000(33.750%)(0.750m),10.704(26.760%)(0.075m),40.000(100.000%)(3.214m),394.054,4988.485,61.4,1.3452,"[1.906, 1.977, 1.487, 1.895, 2.159, 1.543]","[3.496, 3.701, 3.486, 3.468, 3.950, 3.451]","[-6.456, -5.977, -5.840, -6.340, -6.126, -5.194]"
783,3,1.6206,6.3276,0.177,345,975,16,0,0.209,70,5.11,28164,1331.49,0,0,37.000(46.250%)(1.821m),61.000(53.824%)(4.393m),49.749(43.896%)(3.187m),20.441(18.036%)(0.047m),11.277(14.096%)(0.000m),25.000(62.500%)(1.607m),9.975(24.938%)(0.000m),1611.145,4691.179,65.4,1.3502,"[2.145, 2.478, 2.232, 2.249, 2.799, 2.419]","[3.277, 3.708, 3.557, 3.325, 4.028, 3.665]","[-5.633, -5.669, -6.533, -5.624, -5.373, -6.393]"
784,3,4.3624,6.3039,0.169,562,1698,87,86,0.209,90,5.10,28221,2218.38,0,0,22.000(27.500%)(0.214m),46.000(40.588%)(2.786m),22.784(20.104%)(0.298m),13.891(12.257%)(0.000m),9.336(11.670%)(0.000m),16.000(40.000%)(0.643m),10.819(27.047%)(0.088m),495.777,3337.607,69.9,1.4179,"[1.147, 1.349, 1.101, 1.217, 1.712, 1.234]","[3.222, 3.479, 3.339, 3.248, 3.783, 3.488]","[-4.917, -4.963, -6.760, -6.185, -5.476, -6.000]"
785,3,20.5722,6.5906,0.162,808,2372,154,21,0.208,100,5.22,28302,3264.77,1,1,33.000(41.250%)(1.393m),51.000(45.000%)(3.321m),57.000(50.294%)(3.964m),33.049(29.161%)(1.398m),15.384(19.230%)(0.000m),23.000(57.500%)(1.393m),10.780(26.950%)(0.084m),325.714,4299.902,68.0,1.3988,"[1.031, 1.968, 1.942, 1.084, 2.299, 2.135]","[3.590, 3.945, 3.518, 3.634, 4.149, 3.630]","[-5.300, -5.558, -1.167, -5.040, -5.295, -0.601]"
786,3,20.8804,6.9491,0.163,731,2204,187,34,0.208,100,5.34,28376,2906.86,2,1,24.000(30.000%)(0.429m),43.000(37.941%)(2.464m),58.000(51.177%)(4.071m),33.694(29.730%)(1.467m),15.579(19.474%)(0.000m),22.000(55.000%)(1.286m),10.909(27.273%)(0.097m),495.634,3765.322,69.8,1.3863,"[1.391, 2.093, 1.997, 1.465, 2.412, 2.164]","[3.527, 3.802, 3.515, 3.473, 4.121, 3.587]","[-5.279, -5.076, -0.940, -5.295, -4.411, -1.957]"
787,3,5.4010,6.6234,0.176,395,1152,58,10,0.207,80,5.34,28416,1634.63,0,0,36.000(45.000%)(1.714m),45.000(39.706%)(2.679m),61.000(53.824%)(4.393m),23.000(20.294%)(0.321m),19.715(24.644%)(0.000m),27.000(67.500%)(1.821m),13.861(34.651%)(0.414m),0.000,3770.592,67.5,1.3873,"[1.222, 2.066, 2.141, 1.196, 2.253, 2.184]","[3.160, 3.682, 3.494, 3.265, 3.912, 3.667]","[-5.643, -4.095, -5.457, -5.287, -3.916, -5.319]"
788,3,3.1099,6.6226,0.164,698,1996,80,83,0.207,95,5.33,28486,2798.54,0,0,25.000(31.250%)(0.536m),27.000(23.824%)(0.750m),31.000(27.353%)(1.179m),21.000(18.529%)(0.107m),19.642(24.553%)(0.000m),20.000(50.000%)(1.071m),13.819(34.547%)(0.409m),0.000,3593.436,66.2,1.3727,"[1.305, 1.307, 0.996, 1.305, 1.515, 1.039]","[3.433, 3.551, 3.166, 3.580, 3.896, 3.486]","[-5.648, -4.471, -4.686, -5.795, -5.852, -6.322]"
789,3,0.6103,6.5838,0.163,518,1496,85,66,0.206,85,5.32,28538,2102.73,0,0,24.000(30.000%)(0.429m),49.000(43.235%)(3.107m),53.000(46.765%)(3.536m),33.001(29.119%)(1.393m),15.277(19.097%)(0.000m),17.000(42.500%)(0.750m),10.698(26.745%)(0.075m),808.401,4074.665,66.8,1.4266,"[1.239, 1.673, 1.604, 1.308, 2.033, 1.799]","[3.571, 3.812, 3.436, 3.591, 4.080, 3.456]","[-5.067, -4.288, -5.200, -5.031, -3.609, -4.556]"
790,3,6.6947,6.6254,0.171,540,1652,12,57,0.206,90,5.32,28592,2172.46,0,0,24.000(30.000%)(0.429m),26.000(22.941%)(0.643m),47.000(41.471%)(2.893m),21.000(18.529%)(0.107m),23.555(29.444%)(0.381m),26.000(65.000%)(1.714m),16.623(41.558%)(0.710m),0.000,2721.318,70.8,1.2883,"[0.959, 1.060, 0.727, 0.976, 1.327, 0.751]","[3.098, 3.528, 3.230, 3.225, 4.029, 3.615]","[-8.119, -8.149, -9.822, -8.309, -8.689, -8.690]"
791,3,6.6377,6.5090,0.173,563,1759,60,79,0.206,95,5.31,28649,2193.56,0,0,28.000(35.000%)(0.857m),41.000(36.177%)(2.250m),56.000(49.412%)(3.857m),27.874(24.595%)(0.844m),12.931(16.164%)(0.000m),20.000(50.000%)(1.071m),9.706(24.266%)(0.000m),90.166,2675.906,72.3,1.4110,"[0.803, 1.605, 1.511, 0.752, 1.944, 1.691]","[3.124, 3.529, 3.409, 3.132, 3.743, 3.518]","[-5.130, -6.574, -4.077, -5.219, -6.623, -3.485]"
792,3,13.9079,6.4316,0.156,720,2183,241,71,0.205,100,5.43,28721,2932.84,1,1,25.000(31.250%)(0.536m),36.000(31.765%)(1.714m),62.000(54.706%)(4.500m),33.529(29.584%)(1.449m),15.977(19.971%)(0.000m),18.000(45.000%)(0.857m),11.246(28.115%)(0.133m),279.931,6002.506,70.2,1.4535,"[1.246, 1.711, 1.673, 1.375, 2.107, 1.890]","[3.285, 3.497, 3.285, 3.261, 3.789, 3.429]","[-4.677, -4.971, -3.788, -5.155, -5.385, -3.655]"
793,3,0.7081,6.4247,0.166,211,622,16,31,0.205,60,5.42,28743,877.07,0,0,25.000(31.250%)(0.536m),40.000(35.294%)(2.143m),58.000(51.177%)(4.071m),26.806(23.652%)(0.729m),12.766(15.958%)(0.000m),22.000(55.000%)(1.286m),9.833(24.584%)(0.000m),304.281,3713.514,68.2,1.4062,"[1.342, 1.824, 1.829, 1.312, 2.046, 1.847]","[3.076, 3.617, 3.365, 3.254, 3.923, 3.671]","[-5.156, -5.543, -4.972, -5.132, -5.394, -4.171]"
794,3,-0.7411,6.3658,0.173,250,675,19,21,0.204,60,5.42,28768,977.81,0,0,26.000(32.500%)(0.643m),34.000(30.000%)(1.500m),51.777(45.685%)(3.405m),21.274(18.772%)(0.137m),11.737(14.671%)(0.000m),40.000(100.000%)(3.214m),10.382(25.955%)(0.041m),324.648,4250.005,62.5,1.3747,"[1.637, 1.918, 1.877, 1.654, 2.132, 1.808]","[3.492, 3.784, 3.495, 3.525, 4.061, 3.473]","[-5.426, -5.288, -5.589, -5.570, -5.267, -5.600]"
795,3,-1.0627,6.3054,0.161,442,1285,3,71,0.204,80,5.41,28813,1844.01,0,0,28.000(35.000%)(0.857m),42.000(37.059%)(2.357m),67.000(59.118%)(5.036m),20.000(17.647%)(0.000m),12.000(15.000%)(0.000m),21.159(52.896%)(1.196m),11.000(27.500%)(0.107m),417.704,4240.184,67.3,1.4881,"[1.201, 1.370, 1.164, 1.306, 1.688, 1.156]","[3.582, 3.809, 3.471, 3.710, 4.102, 3.540]","[-10.270, -7.282, -9.271, -8.792, -6.951, -8.616]"
796,3,0.5039,6.3583,0.161,145,424,32,10,0.204,50,5.40,28828,567.79,0,0,53.654(67.067%)(3.606m),97.254(85.813%)(8.277m),27.000(23.824%)(0.750m),20.000(17.647%)(0.000m),23.000(28.750%)(0.321m),40.000(100.000%)(3.214m),40.000(100.000%)(3.214m),0.000,3128.474,67.7,1.4287,"[0.564, 0.992, 0.922, 0.552, 0.931, 1.004]","[3.141, 3.567, 3.301, 3.248, 3.857, 3.437]","[-6.771, -4.292, -3.574, -6.415, -5.173, -3.639]"
797,3,15.6657,6.6713,0.167,770,2289,180,126,0.203,100,5.52,28905,3095.98,1,1,22.000(27.500%)(0.214m),32.000(28.235%)(1.286m),43.000(37.941%)(2.464m),31.061(27.407%)(1.185m),14.351(17.939%)(0.000m),18.000(45.000%)(0.857m),10.045(25.113%)(0.005m),463.397,3692.189,68.8,1.3932,"[1.427, 1.771, 1.641, 1.557, 2.133, 1.844]","[3.149, 3.446, 3.310, 3.246, 3.752, 3.796]","[-5.024, -5.622, -4.126, -4.791, -5.717, -3.602]"
798,3,1.0716,6.6388,0.154,214,622,11,31,0.203,60,5.51,28927,869.94,0,0,24.000(30.000%)(0.429m),45.000(39.706%)(2.679m),61.050(53.867%)(4.398m),22.467(19.824%)(0.264m),11.813(14.766%)(0.000m),22.000(55.000%)(1.286m),9.942(24.855%)(0.000m),420.406,3771.241,67.3,1.3643,"[1.678, 2.004, 1.889, 1.674, 2.230, 1.912]","[3.231, 3.598, 3.418, 3.314, 3.909, 3.615]","[-5.522, -5.224, -5.464, -5.625, -5.479, -5.286]"
799,3,2.1262,6.4123,0.178,562,1752,119,130,0.202,95,5.51,28984,2253.95,0,0,15.000(18.750%)(0.000m),49.000(43.235%)(3.107m),44.000(38.824%)(2.571m),27.395(24.172%)(0.792m),12.851(16.063%)(0.000m),11.000(27.500%)(0.107m),9.772(24.429%)(0.000m),135.549,2969.762,72.1,1.4129,"[0.747, 1.458, 1.307, 0.805, 1.893, 1.514]","[3.250, 3.577, 3.300, 3.364, 3.929, 3.759]","[-5.099, -4.873, -5.561, -5.213, -4.592, -5.477]"
800,3,11.5741,6.5829,0.173,684,2108,177,121,0.202,100,5.62,29053,2698.73,1,1,16.000(20.000%)(0.000m),31.000(27.353%)(1.179m),38.000(33.530%)(1.929m),31.000(27.353%)(1.179m),17.251(21.563%)(0.000m),11.000(27.500%)(0.107m),12.100(30.250%)(0.225m),85.273,3295.496,71.3,1.3851,"[1.210, 1.662, 1.309, 1.239, 2.032, 1.477]","[3.461, 3.828, 3.664, 3.669, 4.159, 3.742]","[-4.906, -5.758, -6.290, -5.194, -5.136, -5.685]"
801,3,2.0238,6.4872,0.163,328,1006,33,43,0.202,75,5.62,29086,1236.64,0,0,25.000(31.250%)(0.536m),42.000(37.059%)(2.357m),44.000(38.824%)(2.571m),20.000(17.647%)(0.000m),19.565(24.457%)(0.000m),22.000(55.000%)(1.286m),13.756(34.389%)(0.402m),0.000,2855.734,71.0,1.2965,"[1.330, 2.019, 1.908, 1.421, 2.287, 2.003]","[3.216, 3.885, 3.612, 3.273, 4.140, 3.901]","[-7.840, -4.448, -7.578, -6.892, -4.002, -7.341]"
802,3,0.0386,6.5590,0.205,177,523,21,22,0.201,55,5.61,29104,713.98,0,0,25.000(31.250%)(0.536m),36.000(31.765%)(1.714m),25.170(22.209%)(0.554m),14.470(12.768%)(0.000m),9.367(11.708%)(0.000m),28.000(70.000%)(1.929m),10.205(25.512%)(0.022m),271.634,3501.783,68.4,1.4098,"[1.382, 1.701, 1.501, 1.238, 1.959, 1.490]","[3.364, 3.877, 3.623, 3.553, 4.190, 3.659]","[-5.648, -6.103, -8.101, -5.697, -5.402, -7.681]"
803,3,2.9308,6.4991,0.170,302,829,14,54,0.201,65,5.60,29135,1157.26,0,0,21.000(26.250%)(0.107m),41.000(36.177%)(2.250m),62.000(54.706%)(4.500m),25.804(22.768%)(0.622m),12.481(15.602%)(0.000m),19.000(47.500%)(0.964m),9.738(24.345%)(0.000m),709.844,4449.023,63.5,1.3521,"[1.943, 2.256, 2.151, 2.010, 2.545, 2.191]","[3.436, 3.866, 3.335, 3.571, 4.103, 3.464]","[-5.109, -6.016, -6.286, -5.071, -5.299, -5.224]"
804,3,17.1809,6.8243,0.185,636,2001,33,96,0.200,100,5.72,29199,2567.93,1,1,24.000(30.000%)(0.429m),36.000(31.765%)(1.714m),52.000(45.882%)(3.429m),40.000(35.294%)(2.143m),20.070(25.087%)(0.007m),17.000(42.500%)(0.750m),14.120(35.301%)(0.441m),184.269,2970.696,72.8,1.3996,"[1.378, 1.958, 1.631, 1.445, 2.390, 1.867]","[3.348, 3.646, 3.340, 3.440, 3.948, 3.645]","[-4.479, -0.590, -2.426, -4.731, -0.501, -2.932]"
805,3,-0.1653,6.7747,0.191,201,533,14,0,0.200,50,5.71,29220,795.57,0,0,9.421(11.777%)(0.000m),13.284(11.721%)(0.000m),20.204(17.827%)(0.022m),49.171(43.387%)(3.126m),47.000(58.750%)(2.893m),12.075(30.188%)(0.222m),40.000(100.000%)(3.214m),1195.475,4865.826,61.4,1.3021,"[2.243, 2.207, 1.777, 2.215, 2.338, 1.798]","[3.871, 4.351, 3.878, 3.876, 4.578, 4.039]","[-5.249, -5.452, -5.585, -5.990, -5.915, -5.566]"
806,3,3.3623,6.8012,0.172,467,1335,20,41,0.200,80,5.71,29267,2008.21,0,0,11.000(13.750%)(0.000m),19.000(16.765%)(0.000m),61.000(53.824%)(4.393m),47.755(42.137%)(2.974m),22.709(28.386%)(0.290m),25.000(62.500%)(1.607m),16.010(40.026%)(0.644m),432.991,4413.449,66.1,1.4510,"[2.121, 2.220, 1.905, 2.190, 2.514, 1.964]","[3.942, 4.175, 3.835, 4.019, 4.462, 3.846]","[-6.109, -6.330, -5.109, -5.493, -6.125, -6.185]"
807,3,21.7992,6.8553,0.179,689,2114,122,13,0.199,100,5.82,29336,2780.26,1,1,30.000(37.500%)(1.071m),42.000(37.059%)(2.357m),54.000(47.647%)(3.643m),35.358(31.198%)(1.645m),16.482(20.602%)(0.000m),22.000(55.000%)(1.286m),11.553(28.883%)(0.166m),372.508,3127.264,71.0,1.3957,"[1.004, 2.037, 1.932, 1.031, 2.408, 2.171]","[3.616, 3.920, 3.519, 3.615, 4.156, 3.664]","[-5.053, -3.249, -1.450, -5.570, -2.851, -1.036]"
808,3,23.5462,7.2599,0.178,997,2779,152,56,0.199,100,5.94,29436,4088.78,2,1,26.000(32.500%)(0.643m),44.000(38.824%)(2.571m),55.000(48.530%)(3.750m),34.766(30.676%)(1.582m),16.201(20.251%)(0.000m),21.000(52.500%)(1.179m),11.354(28.386%)(0.145m),621.081,4864.417,64.5,1.4278,"[1.873, 2.370, 2.156, 1.872, 2.605, 2.242]","[3.660, 4.065, 3.736, 3.696, 4.269, 3.729]","[-5.001, -3.187, -0.844, -5.067, -2.772, -1.101]"
809,3,1.0352,7.2257,0.173,679,1954,83,78,0.198,95,5.93,29504,2709.96,0,0,24.000(30.000%)(0.429m),20.000(17.647%)(0.000m),21.000(18.529%)(0.107m),23.000(20.294%)(0.321m),22.558(28.197%)(0.274m),24.956(62.391%)(1.602m),15.902(39.754%)(0.632m),0.000,3004.499,66.6,1.3867,"[1.086, 1.244, 0.977, 1.085, 1.419, 0.870]","[3.346, 3.745, 3.455, 3.455, 3.962, 3.382]","[-5.016, -6.211, -5.617, -5.650, -7.969, -5.208]"
810,3,23.3894,7.7174,0.175,713,2165,62,3,0.198,100,6.05,29576,2874.67,1,1,31.000(38.750%)(1.179m),51.000(45.000%)(3.321m),73.000(64.412%)(5.679m),40.873(36.064%)(2.236m),19.279(24.099%)(0.000m),23.000(57.500%)(1.393m),13.554(33.885%)(0.381m),863.460,3850.665,70.3,1.4532,"[1.896, 2.390, 2.160, 2.023, 2.827, 2.442]","[3.510, 3.718, 3.564, 3.550, 3.992, 3.519]","[-4.140, 0.492, -0.779, -4.185, 0.832, -0.246]"
811,3,4.2796,7.8249,0.154,377,1112,115,53,0.198,80,6.04,29614,1497.02,0,0,24.000(30.000%)(0.429m),41.000(36.177%)(2.250m),19.000(16.765%)(0.000m),20.000(17.647%)(0.000m),16.240(20.300%)(0.000m),21.000(52.500%)(1.179m),11.387(28.467%)(0.149m),0.000,3216.609,68.3,1.4453,"[0.994, 1.612, 1.599, 0.923, 1.753, 1.562]","[3.327, 3.691, 3.375, 3.389, 3.936, 3.470]","[-5.085, -4.940, -7.128, -5.631, -5.403, -7.254]"
812,3,0.0122,7.4245,0.143,183,509,16,0,0.197,50,6.03,29633,749.36,0,0,37.000(46.250%)(1.821m),45.000(39.706%)(2.679m),24.382(21.513%)(0.469m),15.023(13.256%)(0.000m),10.168(12.710%)(0.000m),40.000(100.000%)(3.214m),11.931(29.828%)(0.207m),527.679,4017.431,64.4,1.4673,"[1.573, 1.780, 1.716, 1.392, 1.916, 1.612]","[3.297, 3.751, 3.433, 3.402, 4.080, 3.582]","[-4.728, -5.108, -7.712, -5.668, -5.322, -7.287]"
813,3,0.9110,7.4343,0.164,199,552,13,0,0.197,55,6.03,29653,764.02,0,0,37.000(46.250%)(1.821m),47.000(41.471%)(2.893m),65.000(57.353%)(4.821m),25.332(22.352%)(0.571m),12.438(15.548%)(0.000m),40.000(100.000%)(3.214m),9.829(24.572%)(0.000m),579.404,4418.577,64.2,1.2298,"[1.251, 1.511, 1.720, 1.195, 1.695, 1.691]","[3.334, 3.581, 3.334, 3.490, 3.832, 3.262]","[-5.851, -6.796, -6.678, -5.733, -5.906, -5.994]"
814,3,16.7696,7.7606,0.171,667,2068,133,52,0.196,100,6.14,29720,2712.49,1,1,25.000(31.250%)(0.536m),40.000(35.294%)(2.143m),53.000(46.765%)(3.536m),45.700(40.323%)(2.754m),22.243(27.804%)(0.240m),21.000(52.500%)(1.179m),15.708(39.270%)(0.612m),237.205,2983.173,71.7,1.4388,"[1.337, 1.816, 1.577, 1.388, 2.169, 1.735]","[3.307, 3.598, 3.336, 3.395, 3.872, 3.402]","[-4.745, -3.003, -3.910, -5.854, -2.821, -4.007]"
815,3,21.1048,7.7032,0.182,721,2182,31,56,0.196,100,6.26,29793,2899.09,2,1,24.065(30.081%)(0.435m),50.271(44.357%)(3.243m),81.000(71.471%)(6.536m),33.000(29.118%)(1.393m),19.368(24.210%)(0.000m),17.033(42.583%)(0.754m),13.618(34.044%)(0.388m),452.484,3838.497,70.0,1.3924,"[1.757, 2.234, 1.933, 1.799, 2.579, 2.091]","[3.614, 4.160, 3.820, 3.723, 4.484, 3.848]","[-5.072, 0.177, -1.313, -4.729, 0.485, -0.898]"
816,3,2.6913,7.5742,0.154,390,1174,23,19,0.196,80,6.25,29832,1521.47,0,0,13.000(16.250%)(0.000m),26.000(22.941%)(0.643m),79.000(69.706%)(6.321m),47.000(41.471%)(2.893m),22.884(28.605%)(0.309m),10.000(25.000%)(0.000m),16.137(40.343%)(0.658m),554.143,3702.634,69.7,1.3419,"[1.596, 1.850, 1.583, 1.700, 2.205, 1.736]","[3.511, 3.875, 3.391, 3.595, 4.095, 3.529]","[-7.212, -8.300, -5.526, -5.849, -8.599, -5.145]"
817,3,-0.4180,7.1959,0.146,182,509,13,0,0.195,50,6.24,29851,740.09,0,0,38.000(47.500%)(1.929m),48.000(42.353%)(3.000m),24.336(21.473%)(0.465m),14.837(13.092%)(0.000m),9.971(12.464%)(0.000m),40.000(100.000%)(3.214m),11.556(28.889%)(0.167m),624.454,4504.443,64.7,1.3661,"[1.553, 1.690, 1.682, 1.466, 1.905, 1.732]","[3.479, 3.602, 3.381, 3.530, 3.880, 3.524]","[-5.099, -5.755, -7.781, -5.495, -5.563, -7.067]"
818,3,-1.2875,7.1659,0.152,162,478,28,15,0.195,50,6.23,29868,646.69,0,0,26.000(32.500%)(0.643m),35.000(30.882%)(1.607m),19.810(17.480%)(0.000m),13.237(11.680%)(0.000m),9.506(11.883%)(0.000m),40.000(100.000%)(3.214m),12.502(31.254%)(0.268m),162.680,3406.597,68.3,1.3654,"[0.970, 1.030, 0.714, 0.813, 1.115, 0.712]","[3.313, 3.700, 3.276, 3.468, 3.968, 3.454]","[-5.762, -6.153, -10.687, -7.175, -6.155, -9.159]"
819,3,6.8740,7.2145,0.158,662,1925,62,42,0.194,95,6.23,29935,2593.86,0,0,26.000(32.500%)(0.643m),42.000(37.059%)(2.357m),56.000(49.412%)(3.857m),24.974(22.036%)(0.533m),12.442(15.552%)(0.000m),22.000(55.000%)(1.286m),9.958(24.894%)(0.000m),479.895,3703.731,67.3,1.3762,"[1.537, 1.737, 1.611, 1.590, 2.006, 1.721]","[3.541, 3.858, 3.490, 3.486, 4.155, 3.721]","[-6.026, -7.079, -7.229, -6.480, -6.635, -6.910]"
820,3,2.2583,6.8963,0.167,390,1162,119,23,0.194,80,6.22,29974,1514.98,0,0,11.000(13.750%)(0.000m),18.000(15.882%)(0.000m),35.000(30.882%)(1.607m),39.186(34.576%)(2.056m),18.378(22.972%)(0.000m),27.000(67.500%)(1.821m),12.902(32.255%)(0.311m),336.257,3470.864,69.0,1.3670,"[1.297, 1.753, 1.465, 1.339, 2.028, 1.654]","[3.250, 3.833, 3.497, 3.433, 4.078, 3.612]","[-5.081, -5.404, -6.552, -6.672, -5.646, -5.666]"
821,3,19.1705,7.1780,0.170,640,2008,62,60,0.194,100,6.33,30038,2540.83,1,1,29.000(36.250%)(0.964m),47.000(41.471%)(2.893m),62.000(54.706%)(4.500m),29.000(25.588%)(0.964m),19.755(24.693%)(0.000m),21.000(52.500%)(1.179m),13.889(34.722%)(0.417m),58.825,2956.142,72.6,1.3509,"[1.465, 2.173, 1.892, 1.568, 2.564, 2.151]","[3.292, 3.758, 3.382, 3.435, 4.038, 3.876]","[-4.404, -2.438, -2.450, -4.655, -2.762, -1.868]"
822,3,17.2507,7.1626,0.161,643,2014,93,46,0.193,100,6.45,30103,2493.77,2,1,25.000(31.250%)(0.536m),44.000(38.824%)(2.571m),65.000(57.353%)(4.821m),40.237(35.504%)(2.168m),18.957(23.697%)(0.000m),20.000(50.000%)(1.071m),13.323(33.309%)(0.356m),417.289,3177.632,72.5,1.4530,"[1.394, 2.118, 1.791, 1.466, 2.540, 2.039]","[3.508, 3.869, 3.494, 3.496, 4.059, 3.818]","[-4.741, 0.046, -0.463, -4.635, 0.070, -1.124]"
823,3,18.3342,7.1690,0.180,637,2001,94,77,0.193,100,6.56,30167,2546.29,3,1,25.000(31.250%)(0.536m),46.000(40.588%)(2.786m),62.000(54.706%)(4.500m),37.000(32.647%)(1.821m),18.884(23.605%)(0.000m),20.000(50.000%)(1.071m),13.283(33.207%)(0.352m),266.139,2863.743,72.7,1.3466,"[1.542, 2.145, 1.754, 1.579, 2.556, 1.984]","[3.279, 3.866, 3.512, 3.207, 4.166, 3.842]","[-4.889, -0.658, -1.903, -4.698, -0.315, -2.327]"
824,3,4.2453,6.8884,0.188,389,1170,54,73,0.193,80,6.55,30206,1636.36,0,0,11.000(13.750%)(0.000m),18.000(15.882%)(0.000m),52.000(45.882%)(3.429m),40.000(35.294%)(2.143m),20.713(25.891%)(0.076m),11.000(27.500%)(0.107m),14.575(36.438%)(0.490m),206.622,3108.486,69.6,1.4254,"[1.280, 1.988, 1.873, 1.350, 2.261, 1.909]","[3.185, 3.758, 3.549, 3.576, 4.037, 3.965]","[-9.008, -6.117, -5.608, -8.445, -6.278, -6.884]"
825,3,-4.5885,6.6832,0.199,141,354,16,0,0.192,40,6.55,30221,640.66,0,0,12.469(15.586%)(0.000m),25.395(22.407%)(0.578m),72.578(64.040%)(5.633m),106.000(93.530%)(9.214m),76.230(95.288%)(6.025m),9.853(24.633%)(0.000m),40.000(100.000%)(3.214m),6342.802,13969.741,58.2,1.5980,"[1.743, 1.317, 0.388, 1.862, 1.595, 0.443]","[3.813, 3.910, 3.572, 3.955, 4.189, 3.718]","[-4.719, -6.462, -5.229, -4.532, -7.202, -6.201]"
826,3,19.2047,7.0347,0.168,719,2179,170,94,0.192,100,6.66,30293,2930.07,1,1,23.000(28.750%)(0.321m),48.000(42.353%)(3.000m),72.000(63.530%)(5.571m),38.082(33.601%)(1.937m),17.818(22.273%)(0.000m),20.000(50.000%)(1.071m),12.501(31.252%)(0.268m),573.645,3815.766,70.2,1.3948,"[1.610, 2.351, 2.135, 1.710, 2.705, 2.312]","[3.662, 3.928, 3.795, 3.687, 4.180, 3.820]","[-5.502, -1.575, -1.986, -5.216, -1.155, -2.759]"
827,3,7.1708,7.1529,0.173,557,1716,55,49,0.191,95,6.65,30349,2193.86,0,0,28.000(35.000%)(0.857m),54.000(47.647%)(3.643m),51.224(45.198%)(3.345m),21.047(18.571%)(0.112m),11.612(14.514%)(0.000m),20.000(50.000%)(1.071m),10.271(25.678%)(0.029m),265.513,3295.317,71.3,1.3829,"[1.254, 1.648, 1.807, 1.321, 2.031, 2.029]","[3.407, 3.878, 3.542, 3.551, 4.120, 3.927]","[-5.390, -6.358, -4.761, -5.070, -5.983, -4.391]"
828,3,6.6341,7.0344,0.169,576,1760,156,53,0.191,95,6.64,30407,2296.63,0,0,28.000(35.000%)(0.857m),41.000(36.177%)(2.250m),47.000(41.471%)(2.893m),20.280(17.894%)(0.030m),11.188(13.985%)(0.000m),20.000(50.000%)(1.071m),9.897(24.741%)(0.000m),329.185,3090.059,70.7,1.3283,"[1.509, 2.131, 1.822, 1.606, 2.483, 2.006]","[3.637, 3.604, 3.454, 3.660, 3.911, 3.822]","[-5.771, -5.183, -5.636, -5.760, -4.973, -5.233]"
829,3,2.0453,7.0736,0.174,268,720,14,0,0.191,60,6.63,30434,1056.70,0,0,32.000(40.000%)(1.286m),47.000(41.471%)(2.893m),50.346(44.423%)(3.251m),20.686(18.253%)(0.074m),11.413(14.266%)(0.000m),31.000(77.500%)(2.250m),10.095(25.237%)(0.010m),853.241,5524.800,62.2,1.2840,"[2.087, 2.595, 2.558, 2.031, 2.822, 2.685]","[3.877, 4.072, 3.908, 3.810, 4.295, 3.980]","[-5.347, -4.824, -5.120, -5.588, -4.619, -4.690]"
830,3,17.8916,7.4198,0.172,630,1989,236,96,0.190,100,6.75,30497,2481.64,1,1,25.000(31.250%)(0.536m),39.000(34.412%)(2.036m),44.000(38.824%)(2.571m),30.624(27.021%)(1.138m),14.062(17.578%)(0.000m),18.000(45.000%)(0.857m),9.835(24.589%)(0.000m),131.824,2648.392,73.1,1.3932,"[0.701, 1.710, 1.595, 0.705, 2.069, 1.840]","[3.585, 3.943, 3.536, 3.571, 4.196, 3.628]","[-5.554, -5.489, -4.792, -5.448, -5.067, -4.033]"
831,3,25.5694,7.8797,0.163,699,2136,33,42,0.190,100,6.86,30567,2854.82,2,1,27.000(33.750%)(0.750m),40.000(35.294%)(2.143m),54.000(47.647%)(3.643m),41.000(36.177%)(2.250m),20.935(26.169%)(0.100m),22.000(55.000%)(1.286m),14.742(36.856%)(0.508m),307.197,3330.846,70.7,1.4292,"[1.649, 2.386, 2.046, 1.740, 2.701, 2.236]","[3.634, 3.826, 3.474, 3.686, 4.126, 3.752]","[-4.524, -0.063, -1.316, -5.142, -0.219, -2.101]"
832,3,2.4742,7.9476,0.168,397,1156,44,60,0.189,80,6.85,30607,1541.90,0,0,24.000(30.000%)(0.429m),44.000(38.824%)(2.571m),28.000(24.706%)(0.857m),24.000(21.177%)(0.429m),22.000(27.500%)(0.214m),22.000(55.000%)(1.286m),17.317(43.292%)(0.784m),0.000,3406.936,67.4,1.4399,"[1.298, 1.741, 1.669, 1.342, 1.933, 1.678]","[3.538, 3.948, 3.454, 3.591, 4.124, 3.565]","[-5.174, -5.287, -2.737, -5.620, -5.102, -3.791]"
833,3,4.0223,7.9957,0.171,364,1125,48,51,0.189,80,6.84,30644,1469.46,0,0,11.000(13.750%)(0.000m),19.000(16.765%)(0.000m),52.000(45.882%)(3.429m),32.000(28.235%)(1.286m),19.396(24.245%)(0.000m),10.000(25.000%)(0.000m),13.632(34.080%)(0.389m),158.271,2937.001,71.5,1.4008,"[0.951, 1.666, 1.462, 0.981, 1.955, 1.640]","[3.311, 3.903, 3.577, 3.488, 4.154, 3.640]","[-9.381, -8.311, -5.427, -7.749, -8.613, -5.036]"
834,3,3.3207,7.9748,0.181,474,1362,162,27,0.189,85,6.83,30692,1911.85,0,0,12.000(15.000%)(0.000m),20.000(17.647%)(0.000m),59.000(52.059%)(4.179m),29.295(25.848%)(0.996m),13.825(17.282%)(0.000m),11.000(27.500%)(0.107m),9.711(24.278%)(0.000m),380.092,6127.520,66.5,1.3902,"[0.911, 1.453, 1.960, 1.037, 1.674, 2.100]","[3.686, 4.034, 3.628, 3.734, 4.340, 3.874]","[-9.692, -8.687, -5.648, -8.063, -8.823, -5.191]"
835,3,19.6759,7.9569,0.183,648,2027,89,114,0.188,100,6.95,30757,2568.77,1,1,24.000(30.000%)(0.429m),47.000(41.471%)(2.893m),43.000(37.941%)(2.464m),32.000(28.235%)(1.286m),20.017(25.021%)(0.002m),17.000(42.500%)(0.750m),14.082(35.205%)(0.437m),88.654,2808.773,72.4,1.3900,"[1.679, 2.463, 2.139, 1.701, 2.794, 2.324]","[3.821, 4.294, 3.833, 3.826, 4.524, 4.048]","[-5.630, -2.055, -2.855, -5.350, -1.773, -1.994]"
836,3,4.2329,7.6240,0.180,327,1004,64,23,0.188,75,6.94,30790,1317.50,0,0,30.000(37.500%)(1.071m),47.000(41.471%)(2.893m),20.000(17.647%)(0.000m),20.000(17.647%)(0.000m),19.547(24.434%)(0.000m),26.000(65.000%)(1.714m),13.739(34.347%)(0.401m),0.000,2813.177,71.1,1.3360,"[1.460, 2.153, 1.895, 1.412, 2.419, 1.988]","[3.668, 4.053, 3.690, 3.748, 4.292, 3.799]","[-4.345, -4.400, -6.122, -4.402, -4.709, -6.333]"
837,3,14.2313,7.8006,0.173,703,2147,264,108,0.188,100,7.05,30861,2815.94,1,1,22.000(27.500%)(0.214m),45.000(39.706%)(2.679m),44.000(38.824%)(2.571m),33.000(29.118%)(1.393m),17.268(21.585%)(0.000m),16.000(40.000%)(0.643m),12.108(30.270%)(0.226m),299.761,3280.702,70.7,1.3563,"[1.198, 1.992, 1.838, 1.234, 2.335, 2.034]","[3.556, 4.041, 3.574, 3.619, 4.230, 3.928]","[-5.422, -2.774, -6.017, -5.090, -1.960, -5.244]"
838,3,4.4079,7.8265,0.179,399,1160,46,16,0.187,80,7.04,30901,1567.50,0,0,31.000(38.750%)(1.179m),53.000(46.765%)(3.536m),45.000(39.706%)(2.679m),20.000(17.647%)(0.000m),21.291(26.614%)(0.138m),26.000(65.000%)(1.714m),14.998(37.495%)(0.535m),0.000,3720.041,67.3,1.3635,"[1.691, 2.335, 2.037, 1.735, 2.518, 2.152]","[3.728, 3.888, 3.433, 3.797, 4.155, 3.580]","[-7.263, -4.390, -7.731, -7.060, -5.354, -6.092]"
839,3,19.3393,8.2011,0.170,662,2056,103,118,0.187,100,7.15,30968,2768.62,1,1,24.953(31.192%)(0.531m),51.000(45.000%)(3.321m),53.000(46.765%)(3.536m),37.000(32.647%)(1.821m),22.000(27.500%)(0.214m),17.635(44.087%)(0.818m),16.098(40.245%)(0.653m),437.241,3141.907,71.9,1.3981,"[1.469, 1.883, 1.527, 1.608, 2.201, 1.668]","[3.276, 3.774, 3.406, 3.270, 4.064, 3.672]","[-3.818, -2.020, -2.676, -4.257, -2.573, -3.559]"
840,3,1.2033,8.0913,0.171,246,713,47,10,0.186,65,7.14,30993,1052.19,0,0,29.000(36.250%)(0.964m),51.000(45.000%)(3.321m),63.717(56.221%)(4.684m),22.695(20.025%)(0.289m),11.933(14.916%)(0.000m),27.000(67.500%)(1.821m),10.043(25.108%)(0.005m),760.992,4401.419,67.1,1.4846,"[1.342, 2.318, 2.410, 1.369, 2.587, 2.543]","[3.349, 3.769, 3.576, 3.463, 4.054, 3.874]","[-5.211, -5.946, -6.005, -5.004, -5.861, -5.629]"
841,3,-2.1555,7.9154,0.164,212,587,14,1,0.186,55,7.13,31015,820.28,0,0,33.000(41.250%)(1.393m),50.000(44.118%)(3.214m),73.888(65.195%)(5.774m),24.789(21.873%)(0.513m),12.350(15.437%)(0.000m),40.000(100.000%)(3.214m),9.884(24.710%)(0.000m),555.088,5060.642,64.1,1.3595,"[1.037, 1.443, 1.567, 1.059, 1.717, 1.641]","[3.278, 3.634, 3.401, 3.406, 3.883, 3.466]","[-5.945, -6.813, -5.885, -5.977, -6.187, -5.666]"
842,3,24.5725,8.1287,0.150,670,2073,22,27,0.186,100,7.24,31082,2798.46,1,1,29.000(36.250%)(0.964m),39.000(34.412%)(2.036m),43.000(37.941%)(2.464m),33.000(29.118%)(1.393m),23.998(29.997%)(0.428m),23.000(57.500%)(1.393m),16.966(42.416%)(0.746m),282.350,3025.123,71.6,1.4597,"[1.535, 2.232, 1.942, 1.662, 2.587, 2.119]","[3.190, 3.640, 3.505, 3.300, 3.926, 3.882]","[-3.667, -1.452, -2.950, -4.698, -1.016, -3.425]"
843,3,19.0698,8.4959,0.166,647,2022,39,57,0.185,100,7.35,31147,2559.09,2,1,25.000(31.250%)(0.536m),67.000(59.118%)(5.036m),85.000(75.000%)(6.964m),44.000(38.824%)(2.571m),21.408(26.761%)(0.151m),18.000(45.000%)(0.857m),15.074(37.685%)(0.544m),419.537,3825.425,72.3,1.3413,"[1.930, 2.311, 1.922, 2.111, 2.786, 2.240]","[3.294, 3.666, 3.336, 3.371, 3.998, 3.690]","[-3.469, -1.037, -3.056, -3.552, -0.241, -2.470]"
844,3,22.7872,8.9665,0.175,634,1996,67,29,0.185,100,7.46,31211,2504.53,3,1,28.000(35.000%)(0.857m),37.000(32.647%)(1.821m),49.000(43.235%)(3.107m),48.295(42.613%)(3.032m),22.979(28.724%)(0.319m),23.000(57.500%)(1.393m),16.207(40.516%)(0.665m),231.274,2869.546,72.9,1.3510,"[1.733, 2.388, 1.945, 1.827, 2.778, 2.204]","[3.159, 3.619, 3.571, 3.273, 3.975, 3.873]","[-4.024, -0.598, -1.657, -4.692, -0.595, -2.275]"
845,3,0.1863,8.9915,0.154,170,502,14,15,0.185,55,7.46,31228,701.24,0,0,27.000(33.750%)(0.750m),40.000(35.294%)(2.143m),34.666(30.587%)(1.571m),17.944(15.833%)(0.000m),10.953(13.691%)(0.000m),40.000(100.000%)(3.214m),10.953(27.382%)(0.102m),289.446,3714.010,68.4,1.3445,"[1.402, 1.721, 1.973, 1.356, 1.941, 1.958]","[3.390, 4.100, 3.553, 3.488, 4.392, 3.696]","[-5.505, -5.297, -5.658, -5.540, -5.610, -4.943]"
846,3,3.4148,9.0497,0.177,392,1190,73,83,0.184,80,7.45,31268,1471.01,0,0,12.000(15.000%)(0.000m),40.000(35.294%)(2.143m),48.000(42.353%)(3.000m),33.375(29.448%)(1.433m),15.468(19.335%)(0.000m),11.000(27.500%)(0.107m),10.833(27.084%)(0.089m),273.318,3119.328,70.3,1.2522,"[1.345, 1.856, 1.593, 1.395, 2.179, 1.732]","[3.581, 4.038, 3.570, 3.786, 4.356, 3.951]","[-5.585, -6.903, -7.800, -5.352, -5.770, -7.644]"
847,3,17.8170,9.0927,0.175,669,2074,124,59,0.184,100,7.56,31335,2621.49,1,1,24.000(30.000%)(0.429m),40.000(35.294%)(2.143m),49.000(43.235%)(3.107m),40.400(35.647%)(2.186m),19.403(24.254%)(0.000m),17.000(42.500%)(0.750m),13.637(34.092%)(0.390m),331.491,3282.899,71.8,1.3750,"[1.314, 1.887, 1.601, 1.406, 2.222, 1.849]","[3.550, 4.003, 3.615, 3.617, 4.327, 3.724]","[-5.506, -4.325, -4.751, -6.095, -4.588, -4.251]"
848,3,19.9360,9.4700,0.172,630,1987,26,60,0.183,100,7.67,31398,2524.92,2,1,26.000(32.500%)(0.643m),40.000(35.294%)(2.143m),56.000(49.412%)(3.857m),42.000(37.059%)(2.357m),20.397(25.497%)(0.043m),19.000(47.500%)(0.964m),14.349(35.873%)(0.466m),285.260,2945.173,73.0,1.3551,"[1.600, 2.226, 1.838, 1.750, 2.650, 2.091]","[3.559, 3.949, 3.508, 3.657, 4.174, 3.907]","[-4.424, -0.680, -3.017, -4.175, -0.049, -3.748]"
849,3,-0.2622,9.4222,0.160,225,640,16,36,0.183,60,7.66,31421,899.60,0,0,22.000(27.500%)(0.214m),34.000(30.000%)(1.500m),59.000(52.059%)(4.179m),23.285(20.546%)(0.352m),12.086(15.108%)(0.000m),26.000(65.000%)(1.714m),10.046(25.115%)(0.005m),603.019,4156.111,65.8,1.4105,"[1.399, 1.968, 1.737, 1.443, 2.225, 1.791]","[3.341, 4.007, 3.652, 3.423, 4.283, 3.823]","[-5.790, -5.447, -5.376, -6.027, -5.558, -5.235]"
850,3,0.9923,9.2106,0.172,473,1343,149,35,0.183,80,7.65,31469,1884.54,0,0,11.000(13.750%)(0.000m),17.000(15.000%)(0.000m),30.000(26.471%)(1.071m),31.000(27.353%)(1.179m),17.456(21.820%)(0.000m),28.000(70.000%)(1.929m),12.258(30.645%)(0.242m),295.436,4079.024,65.7,1.3511,"[1.054, 1.891, 2.099, 1.130, 2.135, 2.174]","[3.701, 4.145, 3.873, 3.975, 4.374, 3.893]","[-5.741, -4.999, -5.767, -6.480, -4.867, -5.352]"
851,3,2.9410,9.2290,0.190,335,909,16,3,0.182,70,7.64,31503,1319.93,0,0,31.000(38.750%)(1.179m),48.000(42.353%)(3.000m),38.544(34.010%)(1.987m),18.067(15.942%)(0.000m),10.516(13.144%)(0.000m),22.000(55.000%)(1.286m),9.892(24.729%)(0.000m),1066.658,5218.066,62.8,1.3339,"[2.143, 2.694, 2.467, 2.157, 2.921, 2.523]","[3.921, 4.237, 3.693, 3.977, 4.460, 3.812]","[-5.491, -5.800, -5.377, -5.521, -5.703, -4.751]"
852,3,13.6475,9.5011,0.165,781,2314,69,82,0.182,100,7.75,31582,3136.29,1,1,25.000(31.250%)(0.536m),49.000(43.235%)(3.107m),58.000(51.177%)(4.071m),32.530(28.703%)(1.342m),15.124(18.905%)(0.000m),17.000(42.500%)(0.750m),10.597(26.493%)(0.064m),300.610,4638.082,68.6,1.3852,"[1.615, 2.181, 1.847, 1.736, 2.563, 2.088]","[3.676, 3.990, 3.763, 3.722, 4.196, 4.120]","[-5.369, -4.743, -2.628, -5.085, -4.852, -3.394]"
853,3,0.3527,9.4496,0.174,198,565,16,17,0.182,55,7.74,31602,812.86,0,0,25.000(31.250%)(0.536m),37.000(32.647%)(1.821m),35.104(30.974%)(1.618m),17.517(15.456%)(0.000m),10.497(13.122%)(0.000m),33.000(82.500%)(2.464m),10.244(25.609%)(0.026m),261.269,3864.150,66.0,1.4051,"[1.372, 1.811, 1.968, 1.361, 1.949, 1.878]","[3.644, 4.152, 3.574, 3.755, 4.434, 3.648]","[-5.465, -5.100, -5.216, -5.446, -4.977, -4.468]"
854,3,0.8821,9.1236,0.162,247,747,16,73,0.181,65,7.73,31627,1004.43,0,0,27.000(33.750%)(0.750m),48.000(42.353%)(3.000m),59.861(52.819%)(4.271m),22.190(19.579%)(0.235m),11.814(14.767%)(0.000m),18.000(45.000%)(0.857m),10.068(25.170%)(0.007m),505.214,3510.337,70.0,1.3224,"[1.660, 1.961, 2.065, 1.699, 2.302, 2.177]","[3.464, 4.019, 3.636, 3.576, 4.284, 3.739]","[-5.284, -6.209, -5.599, -5.204, -5.653, -5.019]"
855,3,15.5555,9.4380,0.180,731,2211,162,94,0.181,100,7.84,31701,2902.25,1,1,19.108(23.886%)(0.000m),29.000(25.588%)(0.964m),38.000(33.530%)(1.929m),34.199(30.176%)(1.521m),15.837(19.797%)(0.000m),13.434(33.585%)(0.368m),11.097(27.743%)(0.118m),131.214,3292.200,70.0,1.3621,"[0.912, 1.722, 1.336, 0.952, 2.002, 1.427]","[3.634, 3.888, 3.630, 3.704, 4.181, 3.759]","[-5.423, -4.627, -5.161, -5.656, -4.608, -5.524]"
856,3,22.9851,9.8305,0.183,706,2151,98,68,0.181,100,7.94,31772,2829.56,2,1,24.000(30.000%)(0.429m),40.000(35.294%)(2.143m),41.000(36.177%)(2.250m),33.000(29.118%)(1.393m),17.359(21.699%)(0.000m),21.000(52.500%)(1.179m),12.173(30.433%)(0.233m),363.897,3108.477,70.5,1.3173,"[1.573, 2.375, 2.081, 1.659, 2.684, 2.245]","[3.483, 4.092, 3.624, 3.510, 4.277, 3.849]","[-5.302, -2.317, -3.162, -5.543, -2.334, -3.403]"
857,3,0.5065,9.4046,0.165,186,548,15,3,0.180,55,7.93,31791,718.75,0,0,32.000(40.000%)(1.286m),43.000(37.941%)(2.464m),38.767(34.206%)(2.011m),18.576(16.390%)(0.000m),10.919(13.649%)(0.000m),28.000(70.000%)(1.929m),10.398(25.996%)(0.043m),430.980,4187.856,68.2,1.2742,"[1.147, 2.265, 2.155, 1.004, 2.509, 2.197]","[3.689, 4.131, 3.664, 3.818, 4.447, 3.711]","[-5.743, -6.083, -5.708, -5.992, -6.224, -5.508]"
858,3,17.4194,9.2821,0.180,659,2052,44,133,0.180,100,8.04,31857,2647.97,1,1,14.000(17.500%)(0.000m),43.000(37.941%)(2.464m),48.000(42.353%)(3.000m),36.000(31.765%)(1.714m),24.081(30.101%)(0.437m),10.000(25.000%)(0.000m),17.004(42.509%)(0.750m),278.763,3235.787,72.1,1.3368,"[1.592, 2.066, 1.590, 1.756, 2.483, 1.812]","[3.611, 4.275, 3.879, 3.661, 4.468, 4.038]","[-3.425, -3.593, -4.976, -4.225, -2.602, -4.412]"
859,3,21.6357,9.6941,0.169,641,2011,135,102,0.179,100,8.15,31922,2490.49,2,1,23.000(28.750%)(0.321m),42.000(37.059%)(2.357m),56.000(49.412%)(3.857m),32.000(28.235%)(1.286m),20.564(25.705%)(0.060m),20.000(50.000%)(1.071m),14.476(36.190%)(0.480m),160.044,2716.474,72.6,1.3477,"[1.739, 2.362, 2.100, 1.823, 2.752, 2.282]","[3.613, 4.191, 3.715, 3.629, 4.438, 3.871]","[-4.620, -1.544, -1.110, -5.055, -1.428, -0.768]"
860,3,22.5646,9.6776,0.179,717,2174,96,39,0.179,100,8.26,31994,2959.64,3,1,25.000(31.250%)(0.536m),43.000(37.941%)(2.464m),59.000(52.059%)(4.179m),43.894(38.730%)(2.560m),20.809(26.011%)(0.087m),22.000(55.000%)(1.286m),14.650(36.626%)(0.498m),403.441,3788.954,70.2,1.4481,"[1.990, 2.639, 2.368, 2.075, 2.952, 2.552]","[3.768, 4.133, 3.909, 3.726, 4.312, 3.959]","[-4.150, -0.115, -0.579, -4.212, 0.011, -0.165]"
861,3,21.5185,10.0224,0.163,630,1985,54,44,0.179,100,8.36,32057,2540.04,4,1,26.000(32.500%)(0.643m),41.000(36.177%)(2.250m),65.000(57.353%)(4.821m),47.924(42.286%)(2.992m),22.793(28.492%)(0.299m),21.000(52.500%)(1.179m),16.092(40.231%)(0.653m),377.326,3073.559,72.9,1.3675,"[1.956, 2.432, 2.008, 2.082, 2.806, 2.142]","[3.722, 4.224, 3.768, 3.794, 4.590, 4.083]","[-3.733, 0.860, -0.852, -4.418, 1.072, -1.703]"
862,3,1.3229,10.0486,0.179,263,732,18,36,0.178,65,8.35,32084,1087.19,0,0,23.000(28.750%)(0.321m),41.000(36.177%)(2.250m),43.917(38.750%)(2.563m),19.623(17.314%)(0.000m),11.188(13.985%)(0.000m),21.000(52.500%)(1.179m),10.269(25.672%)(0.029m),356.476,4670.847,64.4,1.3979,"[1.731, 2.434, 2.453, 1.799, 2.650, 2.483]","[3.386, 3.898, 3.572, 3.492, 4.125, 3.761]","[-5.874, -5.892, -5.471, -6.013, -5.682, -5.109]"
863,3,3.5026,10.1004,0.187,349,1053,70,13,0.178,75,8.34,32119,1307.69,0,0,31.000(38.750%)(1.179m),54.000(47.647%)(3.643m),40.000(35.294%)(2.143m),23.000(20.294%)(0.321m),21.056(26.320%)(0.113m),26.000(65.000%)(1.714m),14.828(37.069%)(0.517m),0.000,3160.938,69.9,1.3300,"[1.397, 1.999, 1.899, 1.374, 2.274, 2.012]","[3.847, 4.067, 3.515, 3.932, 4.331, 3.695]","[-5.337, -4.122, -3.909, -4.421, -4.002, -3.536]"
864,3,17.8436,10.1219,0.174,693,2125,258,87,0.178,100,8.45,32189,2760.65,1,1,17.000(21.250%)(0.000m),39.000(34.412%)(2.036m),61.000(53.824%)(4.393m),38.011(33.540%)(1.930m),17.830(22.288%)(0.000m),12.000(30.000%)(0.214m),12.516(31.289%)(0.270m),339.770,3622.559,71.0,1.3764,"[1.669, 2.251, 1.977, 1.740, 2.650, 2.169]","[3.930, 4.202, 3.944, 3.871, 4.400, 4.278]","[-4.705, -4.068, -5.551, -4.650, -3.397, -5.260]"
865,3,0.0227,9.7003,0.171,157,451,15,21,0.177,50,8.44,32205,624.10,0,0,43.462(54.327%)(2.514m),80.931(71.410%)(6.528m),44.000(38.824%)(2.571m),28.000(24.706%)(0.857m),23.000(28.750%)(0.321m),35.227(88.068%)(2.703m),40.000(100.000%)(3.214m),106.431,3171.717,66.5,1.2876,"[1.538, 1.764, 1.639, 1.517, 1.798, 1.588]","[3.543, 3.694, 3.253, 3.661, 4.015, 3.296]","[-3.617, -2.334, -1.494, -3.093, -3.023, -2.041]"
866,3,3.7732,9.7219,0.174,378,1174,59,61,0.177,80,8.43,32243,1504.20,0,0,17.000(21.250%)(0.000m),42.000(37.059%)(2.357m),65.000(57.353%)(4.821m),41.317(36.456%)(2.284m),19.456(24.320%)(0.000m),10.000(25.000%)(0.000m),13.675(34.187%)(0.394m),426.589,3208.426,71.9,1.3804,"[1.630, 1.965, 1.438, 1.746, 2.345, 1.599]","[3.550, 3.838, 3.521, 3.650, 4.082, 3.942]","[-4.223, -4.269, -5.302, -4.100, -3.680, -5.070]"
867,3,6.1938,9.8541,0.165,533,1638,9,32,0.177,90,8.42,32297,2063.88,0,0,25.000(31.250%)(0.536m),43.000(37.941%)(2.464m),60.046(52.982%)(4.291m),22.476(19.832%)(0.265m),11.966(14.958%)(0.000m),22.000(55.000%)(1.286m),10.198(25.495%)(0.021m),756.661,3248.115,71.1,1.3955,"[1.690, 2.009, 1.697, 1.874, 2.435, 1.902]","[3.385, 3.853, 3.706, 3.512, 4.108, 4.069]","[-5.354, -5.102, -4.696, -5.534, -5.082, -4.823]"
868,3,20.0924,10.2817,0.173,674,2084,227,91,0.176,100,8.53,32365,2747.25,1,1,25.000(31.250%)(0.536m),37.000(32.647%)(1.821m),50.000(44.118%)(3.214m),30.243(26.685%)(1.097m),13.823(17.278%)(0.000m),18.000(45.000%)(0.857m),9.662(24.156%)(0.000m),167.929,2953.492,71.6,1.4825,"[1.375, 2.157, 1.985, 1.372, 2.512, 2.170]","[3.552, 3.913, 3.556, 3.604, 4.176, 3.956]","[-5.343, -5.962, -2.763, -5.413, -5.247, -3.374]"
869,3,2.9103,10.2025,0.177,704,1984,95,130,0.176,90,8.52,32436,2842.28,0,0,15.000(18.750%)(0.000m),34.000(30.000%)(1.500m),49.000(43.235%)(3.107m),22.163(19.555%)(0.232m),11.653(14.566%)(0.000m),11.000(27.500%)(0.107m),9.808(24.519%)(0.000m),125.345,5248.682,65.2,1.3956,"[1.312, 1.810, 1.665, 1.405, 2.178, 1.813]","[3.776, 3.995, 3.690, 3.913, 4.322, 3.777]","[-5.362, -5.541, -5.255, -5.575, -5.123, -5.268]"
870,3,4.0306,10.2379,0.190,391,1142,21,25,0.176,80,8.51,32476,1710.89,0,0,28.000(35.000%)(0.857m),41.000(36.177%)(2.250m),38.000(33.530%)(1.929m),25.000(22.059%)(0.536m),23.000(28.750%)(0.321m),24.000(60.000%)(1.500m),16.389(40.972%)(0.685m),0.000,3246.605,67.6,1.5306,"[1.534, 2.145, 2.020, 1.550, 2.422, 2.120]","[3.446, 3.851, 3.416, 3.568, 4.153, 3.706]","[-6.713, -4.738, -4.251, -6.403, -4.580, -4.229]"
871,3,23.7957,10.3304,0.174,760,2266,17,46,0.175,100,8.61,32552,3094.88,1,1,27.000(33.750%)(0.750m),46.000(40.588%)(2.786m),56.000(49.412%)(3.857m),44.581(39.336%)(2.634m),21.208(26.511%)(0.129m),20.000(50.000%)(1.071m),14.970(37.426%)(0.533m),509.521,3933.044,69.0,1.3788,"[2.145, 2.546, 2.195, 2.256, 2.899, 2.393]","[3.946, 4.252, 3.794, 3.892, 4.532, 3.923]","[-3.957, -0.516, -0.124, -4.309, -0.820, -0.346]"
872,3,3.3256,10.0519,0.161,438,1244,34,58,0.175,80,8.60,32596,1720.46,0,0,25.000(31.250%)(0.536m),44.000(38.824%)(2.571m),29.000(25.588%)(0.964m),21.000(18.529%)(0.107m),23.000(28.750%)(0.321m),22.000(55.000%)(1.286m),16.291(40.726%)(0.674m),0.000,4035.850,65.8,1.2949,"[1.587, 2.092, 2.110, 1.613, 2.316, 2.146]","[3.917, 4.246, 3.987, 4.063, 4.519, 3.953]","[-7.128, -7.072, -6.005, -6.408, -6.612, -5.014]"
873,3,14.5656,9.9765,0.179,719,2178,151,121,0.175,100,8.71,32668,2746.37,1,1,21.071(26.338%)(0.115m),33.000(29.118%)(1.393m),78.000(68.824%)(6.214m),39.177(34.568%)(2.055m),18.421(23.026%)(0.000m),14.840(37.099%)(0.519m),12.939(32.347%)(0.315m),177.434,3528.620,70.1,1.3155,"[1.670, 2.156, 1.825, 1.802, 2.471, 1.973]","[3.638, 4.063, 3.774, 3.695, 4.313, 4.195]","[-4.462, -3.389, -5.680, -3.888, -2.985, -4.687]"
874,3,23.4755,10.3611,0.184,639,2005,29,45,0.174,100,8.81,32732,2481.52,2,1,25.000(31.250%)(0.536m),40.000(35.294%)(2.143m),56.000(49.412%)(3.857m),42.823(37.785%)(2.445m),20.431(25.538%)(0.046m),22.000(55.000%)(1.286m),14.374(35.936%)(0.469m),302.026,3073.303,72.6,1.3335,"[2.105, 2.625, 2.229, 2.257, 3.009, 2.426]","[3.701, 4.324, 3.950, 3.782, 4.591, 3.991]","[-4.757, -1.799, -0.292, -4.971, -1.042, -1.009]"
875,3,7.0074,10.5930,0.173,530,1650,80,79,0.174,95,8.80,32785,2188.72,0,0,19.000(23.750%)(0.000m),41.000(36.177%)(2.250m),31.644(27.921%)(1.248m),16.380(14.453%)(0.000m),9.998(12.498%)(0.000m),14.000(35.000%)(0.429m),9.998(24.995%)(0.000m),301.877,3056.955,72.0,1.4632,"[1.374, 1.973, 1.561, 1.428, 2.369, 1.799]","[3.771, 4.282, 3.802, 3.829, 4.460, 3.888]","[-6.036, -5.250, -5.491, -5.948, -5.081, -4.836]"
876,3,21.2698,10.6344,0.175,638,2005,77,85,0.173,100,8.90,32849,2558.60,1,1,23.000(28.750%)(0.321m),36.000(31.765%)(1.714m),52.000(45.882%)(3.429m),36.000(31.765%)(1.714m),19.567(24.459%)(0.000m),17.000(42.500%)(0.750m),13.756(34.389%)(0.402m),227.186,2865.481,72.7,1.3828,"[1.684, 2.444, 2.141, 1.798, 2.850, 2.352]","[3.606, 4.057, 3.813, 3.766, 4.424, 3.959]","[-4.614, -3.794, -1.950, -4.772, -2.952, -2.270]"
877,3,-0.0450,10.4900,0.183,168,496,25,13,0.173,55,8.89,32866,674.74,0,0,28.000(35.000%)(0.857m),36.000(31.765%)(1.714m),45.884(40.486%)(2.773m),19.972(17.622%)(0.000m),11.266(14.082%)(0.000m),40.000(100.000%)(3.214m),10.214(25.535%)(0.023m),212.560,3528.835,68.4,1.4440,"[1.214, 1.655, 1.572, 1.169, 1.842, 1.539]","[3.877, 4.452, 3.862, 4.000, 4.713, 3.878]","[-5.696, -5.265, -4.816, -6.336, -5.613, -4.928]"
878,3,21.4855,10.7871,0.185,648,2025,31,104,0.173,100,9.00,32931,2628.98,1,1,23.000(28.750%)(0.321m),45.000(39.706%)(2.679m),62.000(54.706%)(4.500m),37.000(32.647%)(1.821m),20.000(25.000%)(0.000m),16.000(40.000%)(0.643m),14.722(36.805%)(0.506m),133.748,2859.609,72.3,1.4386,"[1.482, 2.199, 1.830, 1.601, 2.523, 1.957]","[3.706, 4.212, 3.881, 3.839, 4.508, 4.045]","[-5.163, -1.784, -2.321, -5.343, -1.038, -2.694]"
879,3,14.7459,11.0411,0.182,644,2014,31,119,0.172,100,9.10,32996,2636.12,2,1,21.000(26.250%)(0.107m),30.000(26.471%)(1.071m),44.000(38.824%)(2.571m),45.191(39.874%)(2.699m),21.465(26.831%)(0.157m),22.000(55.000%)(1.286m),15.139(37.846%)(0.551m),85.875,2975.626,72.4,1.4195,"[1.425, 2.015, 1.752, 1.615, 2.414, 1.922]","[3.289, 3.733, 3.449, 3.404, 4.134, 3.630]","[-4.202, -3.498, -3.904, -4.744, -3.237, -4.150]"
880,3,1.2547,10.7083,0.179,364,1084,103,41,0.172,80,9.09,33033,1444.74,0,0,25.000(31.250%)(0.536m),32.000(28.235%)(1.286m),21.000(18.529%)(0.107m),20.000(17.647%)(0.000m),19.405(24.256%)(0.000m),25.000(62.500%)(1.607m),13.638(34.095%)(0.390m),0.000,3216.756,68.9,1.3841,"[0.853, 1.768, 1.456, 0.798, 2.013, 1.384]","[3.761, 3.823, 3.412, 3.843, 4.256, 3.647]","[-7.710, -7.532, -8.177, -7.283, -6.962, -8.196]"
881,3,18.9884,10.5767,0.171,667,2068,117,65,0.172,100,9.19,33100,2693.72,1,1,26.000(32.500%)(0.643m),35.000(30.882%)(1.607m),43.000(37.941%)(2.464m),40.452(35.693%)(2.191m),19.066(23.833%)(0.000m),20.000(50.000%)(1.071m),13.402(33.504%)(0.364m),206.798,3230.456,71.7,1.3679,"[1.534, 2.169, 1.770, 1.614, 2.504, 1.968]","[3.614, 4.089, 3.734, 3.867, 4.330, 3.844]","[-4.589, -3.897, -5.184, -5.077, -3.636, -5.225]"
882,3,15.7145,10.8415,0.170,664,2062,84,93,0.171,100,9.30,33167,2648.88,2,1,17.000(21.250%)(0.000m),42.000(37.059%)(2.357m),56.000(49.412%)(3.857m),41.766(36.852%)(2.332m),19.731(24.664%)(0.000m),12.000(30.000%)(0.214m),13.878(34.695%)(0.415m),356.746,3400.397,71.9,1.3812,"[1.815, 2.278, 1.744, 1.893, 2.708, 1.985]","[3.724, 3.965, 3.870, 3.637, 4.315, 3.936]","[-4.511, -3.162, -6.130, -4.773, -2.757, -5.701]"
883,3,19.3766,11.1486,0.182,642,2012,110,71,0.171,100,9.40,33232,2653.94,3,1,25.000(31.250%)(0.536m),44.000(38.824%)(2.571m),60.000(52.941%)(4.286m),32.022(28.255%)(1.288m),14.724(18.405%)(0.000m),21.000(52.500%)(1.179m),10.302(25.756%)(0.032m),378.921,2961.292,72.5,1.4486,"[1.862, 2.316, 2.178, 2.009, 2.667, 2.371]","[3.804, 4.200, 3.766, 3.868, 4.411, 3.913]","[-5.198, -7.375, -0.914, -5.042, -7.143, -1.214]"
884,3,0.7273,11.0967,0.180,428,1251,140,58,0.171,80,9.39,33275,1712.40,0,0,12.000(15.000%)(0.000m),21.000(18.529%)(0.107m),48.000(42.353%)(3.000m),40.000(35.294%)(2.143m),19.410(24.262%)(0.000m),27.000(67.500%)(1.821m),13.655(34.137%)(0.392m),261.876,3425.387,67.7,1.4105,"[1.401, 2.028, 1.866, 1.338, 2.236, 1.941]","[3.554, 4.140, 3.573, 3.758, 4.437, 3.748]","[-6.730, -5.873, -5.745, -6.809, -5.578, -5.066]"
885,3,4.1247,10.7857,0.185,296,911,102,30,0.170,75,9.38,33305,1262.75,0,0,25.000(31.250%)(0.536m),44.000(38.824%)(2.571m),52.000(45.882%)(3.429m),22.736(20.061%)(0.293m),11.954(14.942%)(0.000m),22.000(55.000%)(1.286m),10.061(25.153%)(0.007m),417.289,3056.666,71.3,1.6915,"[1.406, 2.309, 2.184, 1.326, 2.593, 2.226]","[3.648, 4.137, 3.723, 3.803, 4.423, 3.861]","[-6.202, -7.176, -5.420, -5.896, -6.887, -5.587]"
886,3,1.3898,10.7289,0.183,263,704,27,17,0.170,60,9.37,33332,1102.36,0,0,27.000(33.750%)(0.750m),38.000(33.530%)(1.929m),51.000(45.000%)(3.321m),26.300(23.206%)(0.675m),12.721(15.902%)(0.000m),40.000(100.000%)(3.214m),9.925(24.813%)(0.000m),369.467,4949.526,61.9,1.4235,"[1.799, 2.126, 2.266, 1.796, 2.333, 2.219]","[3.845, 4.363, 4.086, 3.916, 4.581, 4.201]","[-5.858, -6.351, -6.630, -5.777, -5.919, -6.253]"
887,3,3.0170,10.5046,0.194,388,1205,44,87,0.170,85,9.36,33371,1581.55,0,0,28.000(35.000%)(0.857m),44.000(38.824%)(2.571m),61.000(53.824%)(4.393m),30.000(26.471%)(1.071m),19.719(24.648%)(0.000m),11.000(27.500%)(0.107m),13.869(34.673%)(0.415m),48.363,2990.103,71.9,1.3771,"[1.438, 2.074, 1.806, 1.545, 2.439, 1.923]","[3.955, 4.406, 3.859, 3.992, 4.626, 3.994]","[-5.044, -4.395, -5.465, -4.742, -3.788, -5.070]"
888,3,17.8715,10.7738,0.178,634,1997,200,17,0.169,100,9.46,33435,2549.12,1,1,29.000(36.250%)(0.964m),49.000(43.235%)(3.107m),65.000(57.353%)(4.821m),31.834(28.088%)(1.268m),14.680(18.350%)(0.000m),23.000(57.500%)(1.393m),10.274(25.686%)(0.029m),454.732,2928.369,72.9,1.3723,"[0.956, 2.243, 2.330, 1.036, 2.645, 2.609]","[3.650, 4.221, 3.764, 3.761, 4.480, 3.963]","[-5.727, -5.086, 0.170, -5.748, -4.713, -0.264]"
889,3,-2.0744,10.3456,0.180,467,1341,32,58,0.169,80,9.45,33482,1941.09,0,0,23.714(29.643%)(0.398m),32.000(28.235%)(1.286m),38.000(33.530%)(1.929m),30.000(26.471%)(1.071m),14.000(17.500%)(0.000m),16.777(41.943%)(0.726m),16.831(42.078%)(0.732m),353.664,4229.357,66.4,1.4947,"[1.278, 1.637, 1.393, 1.314, 1.755, 1.481]","[3.506, 4.202, 3.759, 3.733, 4.494, 3.842]","[-8.012, -5.868, -4.796, -6.801, -6.281, -4.861]"
890,3,-0.1898,10.3177,0.168,427,1274,141,49,0.169,85,9.44,33525,1652.37,0,0,28.000(35.000%)(0.857m),35.000(30.882%)(1.607m),46.000(40.588%)(2.786m),36.301(32.030%)(1.747m),12.000(15.000%)(0.000m),29.000(72.500%)(2.036m),11.000(27.500%)(0.107m),494.968,3977.190,69.1,1.3265,"[0.676, 1.625, 1.680, 0.910, 1.926, 1.828]","[3.733, 4.218, 3.893, 3.837, 4.464, 3.949]","[-8.741, -7.021, -7.291, -6.964, -6.256, -6.985]"
891,3,22.0641,10.8021,0.175,753,2252,19,17,0.168,100,9.54,33601,3096.88,1,1,30.000(37.500%)(1.071m),38.000(33.530%)(1.929m),47.000(41.471%)(2.893m),48.614(42.895%)(3.066m),24.112(30.140%)(0.441m),23.000(57.500%)(1.393m),17.083(42.708%)(0.759m),549.578,3890.527,69.2,1.4811,"[1.943, 2.423, 2.012, 2.144, 2.768, 2.181]","[3.921, 4.105, 3.622, 3.979, 4.434, 3.769]","[-4.889, -0.316, -1.107, -5.273, -0.581, -1.608]"
892,3,23.2686,10.7760,0.190,670,2072,1,83,0.168,100,9.64,33668,2710.64,2,1,22.000(27.500%)(0.214m),44.000(38.824%)(2.571m),59.000(52.059%)(4.179m),45.000(39.706%)(2.679m),24.038(30.048%)(0.433m),20.000(50.000%)(1.071m),16.973(42.432%)(0.747m),420.538,3108.536,71.6,1.3387,"[2.403, 2.652, 2.165, 2.511, 2.977, 2.332]","[3.881, 4.208, 3.812, 3.840, 4.456, 3.982]","[-3.682, -0.033, -0.861, -3.868, 0.145, -1.483]"
893,3,19.9781,10.7942,0.179,627,1981,143,70,0.168,100,9.74,33731,2522.23,3,1,28.000(35.000%)(0.857m),44.000(38.824%)(2.571m),53.000(46.765%)(3.536m),40.000(35.294%)(2.143m),18.853(23.566%)(0.000m),20.000(50.000%)(1.071m),13.243(33.107%)(0.347m),260.353,2781.449,73.1,1.4122,"[2.089, 2.663, 2.203, 2.145, 3.035, 2.436]","[3.616, 4.314, 3.981, 3.757, 4.542, 4.131]","[-4.985, -0.373, -1.650, -5.059, -0.326, -2.047]"
894,3,4.2835,10.4241,0.175,378,1169,87,48,0.167,80,9.73,33769,1466.74,0,0,13.000(16.250%)(0.000m),42.000(37.059%)(2.357m),53.000(46.765%)(3.536m),40.000(35.294%)(2.143m),19.356(24.195%)(0.000m),10.000(25.000%)(0.000m),13.604(34.010%)(0.386m),270.675,3305.735,71.6,1.3064,"[1.245, 1.961, 1.864, 1.334, 2.340, 2.061]","[3.618, 3.992, 3.615, 3.734, 4.278, 3.778]","[-6.010, -6.065, -7.639, -6.750, -4.845, -6.864]"
895,3,19.5191,10.8108,0.177,657,2046,26,59,0.167,100,9.83,33835,2621.19,1,1,27.000(33.750%)(0.750m),43.000(37.941%)(2.464m),60.000(52.941%)(4.286m),42.275(37.301%)(2.387m),19.989(24.986%)(0.000m),19.000(47.500%)(0.964m),14.063(35.157%)(0.435m),382.577,3252.049,72.1,1.3818,"[1.639, 2.273, 1.977, 1.800, 2.700, 2.255]","[3.680, 3.957, 3.542, 3.812, 4.251, 3.742]","[-5.210, -2.660, -1.754, -6.433, -3.014, -1.605]"
896,3,8.0353,10.9032,0.170,499,1564,129,40,0.167,90,9.82,33885,1956.04,0,0,22.000(27.500%)(0.214m),23.000(20.294%)(0.321m),31.000(27.353%)(1.179m),39.881(35.189%)(2.130m),18.777(23.471%)(0.000m),23.000(57.500%)(1.393m),13.194(32.985%)(0.342m),0.000,2646.266,72.5,1.3938,"[1.246, 1.782, 1.474, 1.270, 2.045, 1.617]","[3.639, 4.124, 3.639, 3.824, 4.433, 3.840]","[-4.982, -5.342, -6.468, -5.222, -5.395, -7.304]"
897,3,0.1627,10.5501,0.189,164,466,13,18,0.166,50,9.81,33902,684.84,0,0,42.926(53.657%)(2.456m),79.546(70.188%)(6.380m),48.000(42.353%)(3.000m),27.000(23.824%)(0.750m),23.000(28.750%)(0.321m),36.129(90.322%)(2.800m),40.000(100.000%)(3.214m),61.186,3645.793,65.8,1.9595,"[1.655, 2.128, 2.040, 1.649, 2.223, 1.944]","[3.669, 4.041, 3.824, 3.752, 4.315, 3.831]","[-3.896, -1.147, -0.426, -3.251, -1.754, -1.015]"
898,3,0.2225,10.1558,0.174,488,1402,200,51,0.166,85,9.80,33951,2033.44,0,0,14.000(17.500%)(0.000m),32.000(28.235%)(1.286m),37.000(32.647%)(1.821m),29.000(25.588%)(0.964m),14.238(17.798%)(0.000m),10.000(25.000%)(0.000m),9.957(24.893%)(0.000m),32.327,4121.085,66.5,1.4706,"[0.907, 1.470, 1.654, 0.973, 1.718, 1.751]","[3.694, 4.132, 3.827, 3.710, 4.349, 4.178]","[-5.413, -7.386, -6.090, -5.341, -7.416, -5.395]"
899,3,8.4349,10.3298,0.174,584,1775,21,43,0.166,95,9.79,34010,2349.64,0,0,29.000(36.250%)(0.964m),39.000(34.412%)(2.036m),53.000(46.765%)(3.536m),22.850(20.162%)(0.305m),12.014(15.017%)(0.000m),22.000(55.000%)(1.286m),10.112(25.279%)(0.012m),206.022,3161.826,70.4,1.4295,"[1.527, 2.190, 2.048, 1.628, 2.525, 2.187]","[3.528, 4.079, 3.548, 3.561, 4.317, 3.762]","[-5.292, -5.537, -4.921, -5.556, -5.538, -4.799]"
900,3,18.8675,10.6873,0.175,656,2043,25,72,0.165,100,9.89,34076,2622.60,1,1,26.000(32.500%)(0.643m),49.000(43.235%)(3.107m),61.000(53.824%)(4.393m),46.000(40.588%)(2.786m),22.118(27.648%)(0.227m),21.000(52.500%)(1.179m),15.583(38.959%)(0.598m),409.216,2997.998,72.1,1.3894,"[1.977, 2.359, 1.992, 2.101, 2.767, 2.200]","[3.520, 4.049, 3.595, 3.594, 4.302, 3.675]","[-4.019, -0.020, -0.580, -4.045, 0.167, -0.341]"
901,3,7.3110,10.7747,0.177,592,1789,142,30,0.165,95,9.88,34136,2450.24,0,0,33.000(41.250%)(1.393m),45.000(39.706%)(2.679m),49.692(43.846%)(3.181m),20.418(18.016%)(0.045m),11.264(14.080%)(0.000m),21.000(52.500%)(1.179m),9.964(24.910%)(0.000m),287.109,3308.620,70.0,1.4373,"[1.302, 2.015, 1.936, 1.365, 2.371, 2.094]","[3.629, 4.197, 3.728, 3.601, 4.499, 3.814]","[-5.040, -6.307, -5.663, -5.202, -5.700, -5.073]"
902,3,9.0969,10.6836,0.179,620,1931,123,54,0.165,95,9.87,34198,2479.30,0,0,24.000(30.000%)(0.429m),41.000(36.177%)(2.250m),54.000(47.647%)(3.643m),25.826(22.788%)(0.624m),12.492(15.615%)(0.000m),22.000(55.000%)(1.286m),9.746(24.366%)(0.000m),256.116,3258.064,72.1,1.3733,"[0.367, 1.583, 1.674, 0.523, 1.930, 1.820]","[3.403, 3.825, 3.501, 3.419, 4.041, 3.595]","[-5.532, -5.051, -5.657, -5.613, -4.860, -4.718]"
903,3,18.2631,11.0419,0.184,685,2109,239,98,0.164,100,9.97,34267,2749.28,1,1,24.000(30.000%)(0.429m),43.000(37.941%)(2.464m),30.000(26.471%)(1.071m),26.000(22.941%)(0.643m),13.927(17.409%)(0.000m),17.000(42.500%)(0.750m),9.746(24.365%)(0.000m),103.391,3258.465,71.2,1.3929,"[0.897, 1.835, 1.579, 1.000, 2.201, 1.703]","[3.696, 3.839, 3.486, 3.753, 4.039, 3.922]","[-5.185, -5.038, -6.705, -5.438, -4.516, -5.695]"
904,3,-1.5693,10.9928,0.178,401,1186,169,51,0.164,80,9.96,34308,1540.67,0,0,10.000(12.500%)(0.000m),14.000(12.353%)(0.000m),24.000(21.177%)(0.429m),28.000(24.706%)(0.857m),17.077(21.346%)(0.000m),27.000(67.500%)(1.821m),11.973(29.931%)(0.211m),29.178,3535.474,68.5,1.3996,"[0.542, 1.800, 1.792, 0.533, 2.040, 1.837]","[3.655, 3.936, 3.664, 3.856, 4.270, 4.011]","[-6.166, -5.038, -6.320, -7.667, -5.209, -6.181]"
905,3,10.0760,10.8832,0.181,550,1727,42,53,0.164,95,9.94,34363,2207.87,0,0,25.000(31.250%)(0.536m),39.000(34.412%)(2.036m),56.000(49.412%)(3.857m),25.983(22.927%)(0.641m),12.568(15.710%)(0.000m),22.000(55.000%)(1.286m),9.806(24.514%)(0.000m),292.248,2883.304,72.7,1.5119,"[1.491, 2.171, 1.939, 1.617, 2.596, 2.109]","[3.420, 3.948, 3.776, 3.582, 4.260, 3.955]","[-5.226, -5.665, -5.570, -5.152, -5.942, -5.064]"
906,3,0.0291,10.4241,0.173,174,504,27,11,0.163,50,9.93,34381,722.48,0,0,27.000(33.750%)(0.750m),35.000(30.882%)(1.607m),21.534(19.001%)(0.164m),13.404(11.827%)(0.000m),9.136(11.420%)(0.000m),40.000(100.000%)(3.214m),10.855(27.137%)(0.092m),184.464,3669.770,67.0,1.5030,"[1.377, 1.544, 1.280, 1.303, 1.684, 1.170]","[3.349, 3.822, 3.504, 3.391, 4.061, 3.483]","[-6.651, -5.670, -7.757, -7.548, -6.752, -7.315]"
907,3,21.6439,10.8469,0.190,692,2120,10,63,0.163,100,10.03,34451,2887.15,1,1,25.000(31.250%)(0.536m),37.000(32.647%)(1.821m),52.000(45.882%)(3.429m),45.000(39.706%)(2.679m),25.238(31.548%)(0.561m),21.000(52.500%)(1.179m),17.841(44.602%)(0.840m),253.457,3359.167,70.9,1.4381,"[2.016, 2.494, 2.104, 2.161, 2.842, 2.249]","[3.437, 4.029, 3.647, 3.611, 4.352, 3.870]","[-4.870, 0.577, -0.691, -5.333, 0.477, -1.365]"
908,3,21.0643,10.9198,0.183,636,2002,140,49,0.163,100,10.13,34515,2592.84,2,1,23.000(28.750%)(0.321m),37.000(32.647%)(1.821m),49.000(43.235%)(3.107m),40.037(35.327%)(2.147m),18.808(23.510%)(0.000m),22.000(55.000%)(1.286m),13.210(33.026%)(0.344m),182.044,2759.653,72.8,1.3958,"[1.486, 2.334, 2.067, 1.574, 2.670, 2.272]","[3.413, 4.122, 3.767, 3.456, 4.450, 3.856]","[-5.655, -3.744, -2.458, -5.447, -2.909, -3.149]"
909,3,9.2163,10.6714,0.180,581,1785,21,15,0.162,95,10.12,34574,2379.18,0,0,28.000(35.000%)(0.857m),37.000(32.647%)(1.821m),53.000(46.765%)(3.536m),25.841(22.801%)(0.626m),12.499(15.624%)(0.000m),24.000(60.000%)(1.500m),9.752(24.379%)(0.000m),229.328,3203.691,71.1,1.4635,"[1.447, 2.085, 1.854, 1.543, 2.408, 1.970]","[3.870, 4.164, 3.764, 3.860, 4.382, 3.765]","[-5.304, -5.288, -5.891, -5.647, -4.981, -5.251]"
910,3,17.9569,10.5792,0.183,750,2249,215,48,0.162,100,10.22,34649,3092.47,1,1,26.000(32.500%)(0.643m),54.000(47.647%)(3.643m),51.000(45.000%)(3.321m),35.959(31.728%)(1.710m),16.749(20.936%)(0.000m),19.000(47.500%)(0.964m),11.740(29.349%)(0.186m),260.916,4234.101,69.4,1.4597,"[1.786, 2.382, 2.346, 1.898, 2.777, 2.550]","[3.657, 4.166, 3.873, 3.910, 4.443, 4.102]","[-4.700, -4.364, -3.545, -4.716, -4.119, -4.100]"
911,3,17.3424,10.4957,0.189,698,2132,122,27,0.162,100,10.32,34719,3037.63,2,1,26.000(32.500%)(0.643m),44.000(38.824%)(2.571m),64.000(56.471%)(4.714m),46.558(41.080%)(2.845m),22.675(28.344%)(0.287m),24.000(60.000%)(1.500m),16.035(40.087%)(0.647m),458.861,3615.741,70.7,1.5178,"[1.952, 2.576, 2.335, 2.166, 2.934, 2.483]","[3.664, 4.174, 3.781, 3.774, 4.451, 3.936]","[-5.049, -2.980, -1.587, -6.049, -3.582, -2.145]"
912,3,21.4222,10.8977,0.190,634,1996,117,42,0.161,100,10.42,34783,2519.02,3,1,25.000(31.250%)(0.536m),37.000(32.647%)(1.821m),50.000(44.118%)(3.214m),40.524(35.757%)(2.199m),19.055(23.818%)(0.000m),23.000(57.500%)(1.393m),13.387(33.468%)(0.363m),233.631,2826.394,72.9,1.4055,"[1.508, 2.479, 2.224, 1.658, 2.831, 2.449]","[3.747, 4.048, 3.659, 3.859, 4.427, 3.993]","[-4.462, -3.525, -4.341, -4.012, -3.240, -4.384]"
913,3,7.0172,10.9680,0.175,528,1640,20,85,0.161,95,10.41,34836,2147.41,0,0,22.000(27.500%)(0.214m),35.000(30.882%)(1.607m),51.000(45.000%)(3.321m),24.714(21.806%)(0.505m),12.312(15.390%)(0.000m),19.000(47.500%)(0.964m),9.854(24.635%)(0.000m),152.548,3014.720,71.9,1.3813,"[1.842, 2.137, 1.757, 1.957, 2.444, 1.877]","[3.846, 4.331, 3.937, 3.978, 4.620, 4.007]","[-5.760, -5.671, -5.852, -5.881, -5.677, -5.050]"
914,3,10.4686,10.8205,0.172,689,2104,99,57,0.161,95,10.39,34905,2805.18,0,0,19.000(23.750%)(0.000m),41.000(36.177%)(2.250m),61.000(53.824%)(4.393m),26.957(23.785%)(0.745m),12.838(16.048%)(0.000m),14.000(35.000%)(0.429m),9.889(24.722%)(0.000m),611.323,3472.214,70.7,1.3965,"[1.178, 2.283, 1.984, 1.348, 2.640, 2.157]","[3.776, 4.270, 4.055, 3.856, 4.600, 4.314]","[-5.396, -4.080, -5.519, -5.181, -3.268, -5.259]"
915,3,2.1528,10.8631,0.164,357,1069,47,49,0.160,80,10.38,34941,1443.06,0,0,24.000(30.000%)(0.429m),44.000(38.824%)(2.571m),41.000(36.177%)(2.250m),30.000(26.471%)(1.071m),19.951(24.938%)(0.000m),22.000(55.000%)(1.286m),14.035(35.088%)(0.432m),0.000,3181.160,69.3,1.3859,"[1.470, 2.265, 2.171, 1.522, 2.546, 2.255]","[3.515, 4.075, 3.573, 3.633, 4.308, 3.801]","[-4.060, -1.285, -0.466, -4.196, -2.070, -1.779]"
916,3,1.5611,10.8188,0.179,329,1009,46,34,0.160,75,10.37,34974,1338.76,0,0,25.000(31.250%)(0.536m),20.000(17.647%)(0.000m),19.000(16.765%)(0.000m),20.000(17.647%)(0.000m),24.716(30.895%)(0.505m),26.000(65.000%)(1.714m),17.499(43.748%)(0.803m),0.000,2750.259,71.0,1.4666,"[1.144, 1.840, 1.417, 1.127, 2.083, 1.426]","[3.538, 3.959, 3.688, 3.575, 4.233, 3.795]","[-5.278, -4.833, -8.565, -5.746, -4.969, -8.063]"
917,3,19.4797,11.0846,0.197,668,2069,166,13,0.160,100,10.47,35041,2806.82,1,1,32.000(40.000%)(1.286m),50.000(44.118%)(3.214m),50.000(44.118%)(3.214m),37.000(32.647%)(1.821m),17.707(22.134%)(0.000m),24.000(60.000%)(1.500m),12.421(31.054%)(0.259m),217.033,3014.547,71.7,1.6181,"[1.740, 2.652, 2.346, 1.800, 2.991, 2.511]","[3.751, 4.080, 4.264, 3.811, 4.415, 4.688]","[-5.559, -0.980, -0.985, -5.193, -0.412, -1.776]"
918,3,21.1177,11.1051,0.176,648,2025,4,117,0.159,100,10.57,35106,2687.08,2,1,25.000(31.250%)(0.536m),40.000(35.294%)(2.143m),57.000(50.294%)(3.964m),38.000(33.530%)(1.929m),23.348(29.185%)(0.359m),18.000(45.000%)(0.857m),16.473(41.183%)(0.694m),270.640,2969.513,72.3,1.4410,"[1.843, 2.528, 2.150, 1.946, 2.907, 2.341]","[3.529, 4.206, 3.565, 3.632, 4.355, 3.922]","[-3.897, -0.619, -0.550, -3.992, -0.580, -0.985]"
919,3,26.1864,11.5706,0.180,687,2109,2,45,0.159,100,10.66,35175,2871.21,3,1,26.000(32.500%)(0.643m),42.000(37.059%)(2.357m),58.000(51.177%)(4.071m),46.000(40.588%)(2.786m),24.808(31.010%)(0.515m),22.000(55.000%)(1.286m),17.554(43.886%)(0.809m),367.182,3153.766,71.0,1.4520,"[2.153, 2.671, 2.227, 2.311, 3.054, 2.430]","[3.827, 4.117, 3.686, 3.821, 4.438, 3.839]","[-4.639, 0.980, -0.712, -4.996, 1.302, -1.466]"
920,3,20.3318,11.8966,0.171,698,2135,127,129,0.159,100,10.76,35245,2887.76,4,1,18.000(22.500%)(0.000m),38.000(33.530%)(1.929m),54.000(47.647%)(3.643m),38.115(33.631%)(1.941m),17.883(22.354%)(0.000m),13.000(32.500%)(0.321m),12.553(31.383%)(0.274m),356.015,3214.730,70.8,1.4307,"[1.947, 2.419, 2.006, 2.075, 2.755, 2.162]","[3.809, 4.094, 3.851, 3.879, 4.378, 4.209]","[-5.247, -4.336, -5.600, -4.712, -3.854, -5.231]"
921,3,18.1716,11.7841,0.182,723,2192,221,111,0.159,100,10.86,35318,2837.54,5,1,15.000(18.750%)(0.000m),32.000(28.235%)(1.286m),37.000(32.647%)(1.821m),30.000(26.471%)(1.071m),18.947(23.683%)(0.000m),11.000(27.500%)(0.107m),13.307(33.268%)(0.354m),165.229,3564.762,70.2,1.4319,"[1.527, 2.243, 1.827, 1.617, 2.650, 2.097]","[3.974, 4.121, 3.704, 4.035, 4.442, 4.300]","[-5.173, -5.646, -5.889, -5.166, -5.553, -5.381]"
922,3,0.0385,11.7184,0.184,183,528,13,4,0.158,55,10.85,35337,712.24,0,0,32.000(40.000%)(1.286m),46.000(40.588%)(2.786m),51.488(45.431%)(3.374m),21.156(18.667%)(0.124m),11.671(14.589%)(0.000m),40.000(100.000%)(3.214m),10.324(25.810%)(0.035m),469.430,3794.017,66.8,1.2788,"[1.239, 1.742, 2.129, 1.247, 1.987, 2.170]","[3.429, 4.136, 3.718, 3.583, 4.512, 3.920]","[-5.943, -5.374, -4.423, -6.289, -5.242, -4.019]"
923,3,7.7612,11.5823,0.184,514,1610,97,56,0.158,95,10.83,35389,2106.67,0,0,29.000(36.250%)(0.964m),44.000(38.824%)(2.571m),60.000(52.941%)(4.286m),22.363(19.732%)(0.253m),11.758(14.698%)(0.000m),20.000(50.000%)(1.071m),9.896(24.741%)(0.000m),395.467,2835.504,72.5,1.4193,"[1.569, 2.179, 1.905, 1.616, 2.499, 2.064]","[3.622, 4.189, 3.795, 3.745, 4.471, 4.076]","[-5.746, -5.551, -5.436, -5.785, -5.710, -5.224]"
924,3,19.3407,11.4996,0.186,678,2093,2,61,0.158,100,10.93,35457,2812.06,1,1,27.000(33.750%)(0.750m),45.000(39.706%)(2.679m),59.000(52.059%)(4.179m),38.000(33.530%)(1.929m),23.792(29.741%)(0.406m),20.000(50.000%)(1.071m),16.797(41.992%)(0.728m),188.983,3554.753,71.4,1.4707,"[2.142, 2.689, 2.311, 2.256, 3.080, 2.538]","[4.123, 4.356, 3.927, 4.184, 4.632, 4.348]","[-4.796, -0.504, -2.405, -5.476, -0.787, -2.329]"
925,3,19.5483,11.7504,0.176,645,2020,49,49,0.157,100,11.03,35522,2653.77,2,1,25.000(31.250%)(0.536m),44.000(38.824%)(2.571m),65.000(57.353%)(4.821m),45.602(40.237%)(2.743m),21.690(27.113%)(0.181m),22.000(55.000%)(1.286m),15.303(38.258%)(0.568m),417.289,3519.649,72.5,1.3759,"[2.016, 2.478, 2.106, 2.209, 2.856, 2.300]","[3.546, 3.933, 4.034, 3.616, 4.119, 4.417]","[-4.461, -0.726, -1.506, -4.603, -0.395, -1.968]"
926,3,23.1418,11.7879,0.169,706,2152,24,90,0.157,100,11.12,35593,2845.95,3,1,16.000(20.000%)(0.000m),33.000(29.118%)(1.393m),64.000(56.471%)(4.714m),49.465(43.646%)(3.157m),24.157(30.197%)(0.445m),11.000(27.500%)(0.107m),17.069(42.673%)(0.757m),302.485,3321.006,70.5,1.3988,"[1.726, 2.183, 1.772, 1.871, 2.561, 1.968]","[3.517, 4.065, 3.713, 3.699, 4.504, 3.834]","[-5.129, -4.956, -5.610, -5.400, -4.230, -5.145]"
927,3,0.3334,11.7954,0.208,192,560,27,25,0.157,55,11.11,35613,769.98,0,0,23.000(28.750%)(0.321m),35.000(30.882%)(1.607m),50.000(44.118%)(3.214m),22.002(19.414%)(0.215m),11.858(14.822%)(0.000m),26.000(65.000%)(1.714m),10.232(25.580%)(0.025m),165.079,3614.509,67.5,1.3447,"[1.581, 2.087, 1.754, 1.465, 2.218, 1.673]","[3.660, 4.225, 3.612, 3.654, 4.491, 3.780]","[-5.429, -5.181, -5.576, -5.694, -5.345, -5.497]"
928,3,1.4689,11.3951,0.192,398,1189,24,63,0.156,80,11.10,35653,1584.90,0,0,22.419(28.024%)(0.259m),46.303(40.856%)(2.818m),66.000(58.235%)(4.929m),18.000(15.882%)(0.000m),11.000(13.750%)(0.000m),15.812(39.529%)(0.623m),11.000(27.500%)(0.107m),320.696,3368.526,69.1,1.3616,"[1.464, 1.720, 1.135, 1.576, 2.021, 1.242]","[3.489, 4.117, 3.861, 3.602, 4.397, 3.958]","[-10.314, -6.634, -11.428, -9.638, -5.770, -9.120]"
929,3,22.3206,11.5466,0.179,637,2003,86,58,0.156,100,11.19,35717,2574.07,1,1,23.000(28.750%)(0.321m),34.000(30.000%)(1.500m),47.000(41.471%)(2.893m),41.004(36.180%)(2.250m),19.298(24.122%)(0.000m),22.000(55.000%)(1.286m),13.561(33.903%)(0.382m),160.184,2881.326,72.8,1.5145,"[1.655, 2.427, 2.035, 1.754, 2.786, 2.180]","[3.578, 3.795, 3.531, 3.693, 4.150, 3.803]","[-4.681, -2.313, -4.015, -4.874, -2.082, -4.421]"
930,3,19.5905,11.9133,0.184,680,2095,29,117,0.156,100,11.29,35785,2751.06,2,1,18.000(22.500%)(0.000m),35.000(30.882%)(1.607m),55.000(48.530%)(3.750m),38.000(33.530%)(1.929m),24.087(30.109%)(0.438m),13.000(32.500%)(0.321m),17.036(42.591%)(0.754m),272.044,3421.569,71.3,1.3864,"[1.942, 2.306, 1.705, 2.151, 2.730, 1.942]","[3.940, 4.416, 3.947, 4.007, 4.709, 3.992]","[-3.452, -2.810, -6.656, -3.861, -2.048, -5.854]"
931,3,19.7418,11.9284,0.175,691,2119,79,46,0.155,100,11.39,35855,2833.24,3,1,30.000(37.500%)(1.071m),43.000(37.941%)(2.464m),58.000(51.177%)(4.071m),35.071(30.945%)(1.615m),16.335(20.419%)(0.000m),22.000(55.000%)(1.286m),11.449(28.622%)(0.155m),239.349,3343.401,71.0,1.4003,"[1.726, 2.539, 2.307, 1.828, 2.899, 2.496]","[3.830, 4.271, 3.808, 3.727, 4.512, 3.946]","[-5.539, -3.643, -0.320, -5.388, -3.247, -0.733]"
932,3,2.6057,11.6662,0.180,353,1095,119,39,0.155,80,11.37,35891,1468.12,0,0,12.000(15.000%)(0.000m),20.000(17.647%)(0.000m),53.000(46.765%)(3.536m),40.000(35.294%)(2.143m),18.853(23.566%)(0.000m),11.000(27.500%)(0.107m),13.243(33.107%)(0.347m),260.353,3093.111,71.8,1.4298,"[1.305, 1.986, 1.704, 1.318, 2.292, 1.828]","[3.478, 4.068, 3.833, 3.551, 4.318, 4.019]","[-7.667, -7.470, -5.759, -6.733, -7.652, -5.623]"
933,3,3.4490,11.3476,0.186,339,1048,9,64,0.155,80,11.36,35925,1412.95,0,0,25.050(31.313%)(0.541m),48.000(42.353%)(3.000m),34.000(30.000%)(1.500m),18.000(15.882%)(0.000m),11.000(13.750%)(0.000m),17.716(44.291%)(0.827m),17.000(42.500%)(0.750m),113.096,3052.159,71.6,1.4644,"[1.149, 1.542, 1.073, 1.217, 1.842, 1.152]","[3.328, 3.961, 3.580, 3.395, 4.227, 3.704]","[-7.385, -6.580, -19.714, -7.251, -5.023, -14.643]"
934,3,-0.3581,11.3259,0.177,385,1191,46,83,0.154,80,11.35,35964,1513.72,0,0,15.000(18.750%)(0.000m),37.856(33.402%)(1.913m),60.000(52.941%)(4.286m),32.000(28.235%)(1.286m),20.000(25.000%)(0.000m),10.000(25.000%)(0.000m),23.000(57.500%)(1.393m),157.325,3498.065,71.6,1.3800,"[1.128, 1.292, 0.561, 1.191, 1.507, 0.547]","[3.575, 4.034, 3.399, 3.743, 4.332, 3.485]","[-4.268, -5.365, -6.729, -4.335, -4.753, -6.292]"
935,3,1.3823,11.2711,0.168,158,454,6,13,0.154,50,11.34,35980,625.87,0,0,22.000(27.500%)(0.214m),30.000(26.471%)(1.071m),54.000(47.647%)(3.643m),77.031(67.968%)(6.110m),42.497(53.121%)(2.410m),40.000(100.000%)(3.214m),37.591(93.977%)(2.956m),10.752,3396.413,66.4,1.2918,"[2.425, 2.190, 1.751, 2.400, 2.377, 1.604]","[3.527, 3.901, 3.373, 3.592, 4.192, 3.457]","[0.605, -2.206, -3.540, 0.067, -1.973, -3.861]"
936,3,15.2195,11.5477,0.178,679,2096,166,98,0.154,100,11.43,36048,2719.59,1,1,21.000(26.250%)(0.107m),33.000(29.118%)(1.393m),53.000(46.765%)(3.536m),41.056(36.226%)(2.256m),19.576(24.470%)(0.000m),15.000(37.500%)(0.536m),13.761(34.402%)(0.403m),227.550,3076.310,71.4,1.3948,"[1.356, 1.998, 1.784, 1.516, 2.343, 1.935]","[3.380, 3.853, 3.500, 3.510, 4.068, 3.474]","[-5.329, -5.062, -5.632, -5.837, -4.879, -4.974]"
937,3,3.6992,11.5613,0.181,548,1714,55,107,0.154,95,11.42,36103,2223.36,0,0,19.000(23.750%)(0.000m),36.000(31.765%)(1.714m),49.669(43.825%)(3.179m),20.408(18.007%)(0.044m),11.259(14.074%)(0.000m),13.000(32.500%)(0.321m),9.959(24.898%)(0.000m),244.009,2715.578,72.4,1.4080,"[1.350, 1.792, 1.297, 1.455, 2.168, 1.444]","[3.514, 3.889, 3.751, 3.595, 4.222, 4.089]","[-5.663, -5.482, -5.217, -5.930, -5.487, -5.327]"
938,3,0.6119,11.2161,0.169,149,433,1,13,0.153,50,11.41,36118,609.63,0,0,23.000(28.750%)(0.321m),28.000(24.706%)(0.857m),45.000(39.706%)(2.679m),79.387(70.047%)(6.363m),43.294(54.118%)(2.496m),40.000(100.000%)(3.214m),37.825(94.562%)(2.981m),19.351,3099.351,67.3,1.3668,"[2.339, 2.049, 1.416, 2.419, 2.331, 1.372]","[3.504, 3.902, 3.344, 3.543, 4.225, 3.436]","[1.023, -2.576, -6.660, 0.598, -1.851, -6.178]"
939,3,0.0841,11.2593,0.171,381,1170,119,76,0.153,80,11.40,36157,1570.78,0,0,17.641(22.051%)(0.000m),37.637(33.209%)(1.890m),60.000(52.941%)(4.286m),31.000(27.353%)(1.179m),12.000(15.000%)(0.000m),12.380(30.950%)(0.255m),10.000(25.000%)(0.000m),139.828,3125.537,71.1,1.4064,"[1.100, 1.467, 0.842, 1.323, 1.725, 0.914]","[3.410, 3.855, 3.414, 3.468, 4.117, 3.631]","[-7.229, -6.338, -6.351, -5.984, -5.663, -5.832]"
940,3,16.8537,11.6002,0.187,653,2038,254,72,0.153,100,11.49,36223,2716.85,1,1,25.000(31.250%)(0.536m),44.000(38.824%)(2.571m),37.000(32.647%)(1.821m),30.000(26.471%)(1.071m),14.810(18.512%)(0.000m),21.000(52.500%)(1.179m),10.363(25.909%)(0.039m),113.639,2807.778,72.2,1.4314,"[1.396, 2.248, 2.309, 1.556, 2.637, 2.493]","[3.530, 3.783, 3.746, 3.749, 4.129, 4.094]","[-5.472, -5.942, -0.910, -5.917, -5.366, -1.013]"
941,3,14.5674,11.4502,0.166,702,2146,136,66,0.152,100,11.58,36294,2910.59,2,1,26.000(32.500%)(0.643m),46.000(40.588%)(2.786m),61.000(53.824%)(4.393m),36.719(32.399%)(1.791m),17.125(21.406%)(0.000m),21.000(52.500%)(1.179m),12.006(30.016%)(0.215m),547.795,3498.608,70.7,1.6226,"[1.578, 2.347, 2.149, 1.705, 2.713, 2.314]","[3.792, 4.127, 3.795, 3.862, 4.440, 3.920]","[-5.274, -4.171, -3.545, -5.084, -3.407, -3.833]"
942,3,12.3335,11.2315,0.173,688,2120,100,168,0.152,100,11.68,36363,2862.18,3,1,17.000(21.250%)(0.000m),36.000(31.765%)(1.714m),63.000(55.588%)(4.607m),39.237(34.621%)(2.061m),18.403(23.004%)(0.000m),13.000(32.500%)(0.321m),12.920(32.300%)(0.313m),404.520,3372.545,71.3,1.3566,"[1.657, 1.960, 1.680, 1.756, 2.312, 1.862]","[4.175, 4.118, 3.859, 3.793, 4.385, 4.003]","[-5.559, -4.015, -5.725, -5.270, -3.493, -6.501]"
943,3,22.1584,11.2751,0.193,699,2134,29,48,0.152,100,11.77,36433,2902.17,4,1,25.000(31.250%)(0.536m),44.000(38.824%)(2.571m),65.000(57.353%)(4.821m),43.629(38.497%)(2.532m),20.675(25.843%)(0.072m),22.000(55.000%)(1.286m),14.554(36.385%)(0.488m),417.289,3183.321,70.7,1.4047,"[2.313, 2.742, 2.394, 2.449, 3.115, 2.617]","[3.622, 4.131, 3.792, 3.718, 4.448, 4.145]","[-4.206, 1.278, 0.544, -4.257, 1.763, 0.241]"
944,3,16.9776,11.5290,0.188,728,2200,25,97,0.151,100,11.86,36506,2919.27,5,1,20.000(25.000%)(0.000m),48.381(42.689%)(3.041m),65.000(57.353%)(4.821m),31.000(27.353%)(1.179m),23.000(28.750%)(0.321m),14.000(35.000%)(0.429m),17.384(43.461%)(0.791m),210.605,3352.344,69.9,1.3861,"[1.787, 2.178, 1.674, 1.962, 2.519, 1.828]","[3.843, 4.250, 3.847, 3.955, 4.643, 3.931]","[-4.451, -1.191, -3.569, -4.976, -2.148, -3.673]"
945,3,21.0724,11.5601,0.188,652,2034,159,47,0.151,100,11.96,36572,2676.63,6,1,27.000(33.750%)(0.750m),41.000(36.177%)(2.250m),61.000(53.824%)(4.393m),36.746(32.423%)(1.794m),17.167(21.459%)(0.000m),21.000(52.500%)(1.179m),12.036(30.091%)(0.218m),289.123,3144.249,72.2,1.4157,"[1.349, 2.320, 2.108, 1.405, 2.691, 2.312]","[4.096, 4.263, 3.809, 4.180, 4.616, 3.943]","[-4.994, -4.277, -0.687, -4.736, -3.757, -1.335]"
946,3,21.5878,11.8311,0.197,635,1997,7,32,0.151,100,12.05,36636,2548.28,7,1,27.000(33.750%)(0.750m),40.000(35.294%)(2.143m),52.000(45.882%)(3.429m),49.443(43.627%)(3.155m),23.555(29.444%)(0.381m),21.000(52.500%)(1.179m),16.623(41.558%)(0.710m),295.128,2913.324,72.8,1.3536,"[2.237, 2.730, 2.300, 2.385, 3.116, 2.464]","[3.815, 4.266, 3.794, 3.921, 4.544, 3.947]","[-4.383, 0.036, -1.717, -4.978, -0.096, -2.517]"
947,3,0.2183,11.8323,0.180,198,574,20,29,0.150,55,12.04,36656,838.11,0,0,21.000(26.250%)(0.107m),36.000(31.765%)(1.714m),51.661(45.583%)(3.392m),21.227(18.730%)(0.131m),11.711(14.638%)(0.000m),25.000(62.500%)(1.607m),10.359(25.897%)(0.038m),184.652,4233.626,67.1,1.4199,"[1.829, 2.168, 1.952, 1.811, 2.348, 1.948]","[3.539, 4.325, 3.828, 3.617, 4.627, 4.015]","[-5.452, -5.459, -5.628, -5.701, -5.385, -5.722]"
948,3,20.8119,12.2440,0.182,646,2022,140,90,0.150,100,12.13,36721,2641.36,1,1,24.000(30.000%)(0.429m),38.000(33.530%)(1.929m),60.000(52.941%)(4.286m),34.055(30.049%)(1.506m),15.779(19.724%)(0.000m),16.000(40.000%)(0.643m),11.387(28.468%)(0.149m),253.883,2973.968,72.4,1.3501,"[1.459, 2.379, 2.263, 1.537, 2.751, 2.435]","[3.844, 4.222, 3.821, 3.970, 4.561, 4.125]","[-5.280, -4.724, -1.053, -5.341, -3.967, -0.786]"
949,3,8.2181,12.2397,0.173,587,1754,80,46,0.150,95,12.12,36780,2423.13,0,0,22.000(27.500%)(0.214m),29.000(25.588%)(0.964m),41.000(36.177%)(2.250m),31.199(27.529%)(1.200m),14.319(17.898%)(0.000m),21.000(52.500%)(1.179m),10.015(25.038%)(0.002m),12.000,3622.549,69.2,1.4279,"[1.497, 1.846, 1.757, 1.632, 2.226, 1.931]","[3.652, 4.094, 3.686, 3.622, 4.407, 3.769]","[-5.158, -5.511, -6.763, -4.983, -4.951, -7.247]"
950,3,24.1720,12.3458,0.181,628,1983,36,64,0.150,100,12.21,36843,2615.62,1,1,25.000(31.250%)(0.536m),40.000(35.294%)(2.143m),52.000(45.882%)(3.429m),41.297(36.438%)(2.282m),19.446(24.307%)(0.000m),19.000(47.500%)(0.964m),13.667(34.169%)(0.393m),295.128,2923.784,73.1,1.4467,"[1.773, 2.447, 1.952, 1.917, 2.840, 2.159]","[3.663, 4.142, 3.590, 3.802, 4.470, 3.909]","[-5.202, -0.333, -1.791, -5.240, -0.071, -2.535]"
951,3,0.4533,12.2086,0.168,148,431,26,14,0.149,50,12.20,36858,608.76,0,0,22.000(27.500%)(0.214m),24.000(21.177%)(0.429m),33.000(29.118%)(1.393m),73.176(64.567%)(5.697m),43.851(54.814%)(2.555m),40.000(100.000%)(3.214m),40.000(100.000%)(3.214m),0.000,3068.957,67.5,1.4586,"[1.895, 1.673, 0.991, 1.844, 1.815, 0.770]","[3.520, 4.274, 3.651, 3.774, 4.491, 3.811]","[-1.933, -6.224, -6.512, -3.053, -6.094, -7.614]"
952,3,23.4308,12.4953,0.179,666,2065,44,5,0.149,100,12.29,36925,2777.33,1,1,32.000(40.000%)(1.286m),45.000(39.706%)(2.679m),64.000(56.471%)(4.714m),43.013(37.953%)(2.466m),20.499(25.624%)(0.053m),25.000(62.500%)(1.607m),14.422(36.055%)(0.474m),456.605,3167.127,71.7,1.3722,"[1.745, 2.401, 2.185, 1.911, 2.780, 2.373]","[3.440, 4.090, 3.598, 3.647, 4.334, 3.815]","[-5.433, -4.707, -0.336, -5.797, -4.413, -1.020]"
953,3,9.6396,12.3229,0.195,639,1896,50,17,0.149,95,12.28,36989,2665.91,0,0,25.000(31.250%)(0.536m),40.000(35.294%)(2.143m),47.080(41.541%)(2.901m),19.929(17.584%)(0.000m),11.119(13.899%)(0.000m),25.000(62.500%)(1.607m),9.957(24.894%)(0.000m),404.534,4228.079,68.7,1.4214,"[1.899, 2.330, 2.068, 2.023, 2.691, 2.234]","[3.556, 4.009, 3.955, 3.692, 4.299, 3.962]","[-5.651, -5.548, -5.471, -5.613, -5.668, -5.027]"
954,3,8.9344,12.5329,0.176,597,1820,144,80,0.148,95,12.26,37049,2467.56,0,0,25.000(31.250%)(0.536m),36.000(31.765%)(1.714m),51.000(45.000%)(3.321m),24.005(21.181%)(0.429m),12.129(15.161%)(0.000m),21.000(52.500%)(1.179m),9.831(24.577%)(0.000m),219.984,3128.366,70.6,1.4332,"[1.201, 2.131, 1.903, 1.300, 2.468, 2.025]","[3.488, 3.852, 3.544, 3.615, 4.093, 3.897]","[-5.654, -5.780, -5.738, -5.547, -6.238, -5.111]"
955,3,6.2164,12.4557,0.197,403,1190,32,37,0.148,80,12.25,37090,1674.50,0,0,11.000(13.750%)(0.000m),16.000(14.118%)(0.000m),26.000(22.941%)(0.643m),40.000(35.294%)(2.143m),20.279(25.349%)(0.030m),25.000(62.500%)(1.607m),14.265(35.662%)(0.457m),275.046,4066.395,68.3,1.4176,"[1.836, 2.398, 1.966, 1.854, 2.686, 2.102]","[3.763, 3.791, 3.712, 3.743, 4.180, 4.219]","[-4.907, -4.332, -5.845, -6.717, -5.324, -5.717]"
956,3,21.0927,12.8770,0.185,640,2009,45,20,0.148,100,12.34,37154,2656.33,1,1,26.000(32.500%)(0.643m),40.000(35.294%)(2.143m),60.000(52.941%)(4.286m),41.128(36.290%)(2.264m),19.409(24.261%)(0.000m),25.000(62.500%)(1.607m),13.647(34.118%)(0.391m),320.261,2918.392,72.6,1.3721,"[1.957, 2.802, 2.485, 2.068, 3.228, 2.695]","[3.909, 4.169, 3.767, 4.019, 4.486, 4.176]","[-4.582, -0.697, -0.710, -4.925, -0.430, -1.347]"
957,3,-0.0175,12.4438,0.188,153,442,18,17,0.148,50,12.33,37170,605.77,0,0,23.000(28.750%)(0.321m),25.000(22.059%)(0.536m),42.000(37.059%)(2.357m),80.900(71.383%)(6.525m),44.632(55.790%)(2.639m),40.000(100.000%)(3.214m),39.479(98.698%)(3.158m),0.000,2996.390,66.8,1.3217,"[2.168, 1.902, 1.381, 2.242, 2.156, 1.245]","[3.806, 4.316, 3.804, 3.854, 4.572, 3.874]","[-3.166, -4.908, -6.099, -2.451, -4.685, -6.062]"
958,3,16.5242,12.3530,0.174,731,2205,111,77,0.147,100,12.42,37244,2929.86,1,1,24.000(30.000%)(0.429m),35.000(30.882%)(1.607m),72.000(63.530%)(5.571m),40.393(35.641%)(2.185m),19.036(23.795%)(0.000m),20.000(50.000%)(1.071m),13.380(33.450%)(0.362m),354.830,3836.787,69.8,1.4164,"[1.940, 2.736, 2.553, 2.035, 3.147, 2.806]","[3.947, 4.189, 3.866, 4.062, 4.493, 4.209]","[-4.866, -0.460, -4.116, -4.372, -0.398, -4.747]"
959,3,2.6198,12.2211,0.180,366,1116,60,61,0.147,80,12.41,37281,1455.09,0,0,11.000(13.750%)(0.000m),19.000(16.765%)(0.000m),52.000(45.882%)(3.429m),34.280(30.247%)(1.530m),15.953(19.941%)(0.000m),20.000(50.000%)(1.071m),11.179(27.949%)(0.126m),274.317,3320.850,70.5,1.3341,"[1.215, 2.005, 1.876, 1.317, 2.304, 1.970]","[3.657, 4.346, 3.961, 3.681, 4.565, 4.205]","[-8.839, -6.438, -5.862, -8.873, -6.400, -7.277]"
960,3,3.7784,11.9375,0.201,356,1100,54,47,0.147,80,12.40,37317,1391.81,0,0,10.000(12.500%)(0.000m),14.000(12.353%)(0.000m),21.000(18.529%)(0.107m),32.000(28.235%)(1.286m),19.442(24.303%)(0.000m),26.000(65.000%)(1.714m),13.671(34.178%)(0.393m),90.114,3062.319,71.5,1.3946,"[1.273, 2.222, 1.968, 1.282, 2.547, 2.136]","[3.599, 4.169, 3.806, 3.677, 4.491, 3.857]","[-7.133, -5.445, -5.171, -7.680, -5.547, -5.798]"
961,3,-0.7959,11.5747,0.187,320,941,60,33,0.146,75,12.38,37349,1221.08,0,0,27.000(33.750%)(0.750m),69.000(60.883%)(5.250m),49.285(43.487%)(3.138m),20.251(17.868%)(0.027m),11.172(13.965%)(0.000m),19.000(47.500%)(0.964m),9.882(24.706%)(0.000m),1276.024,5149.990,68.0,1.3571,"[1.573, 2.571, 2.500, 1.594, 2.944, 2.662]","[3.823, 4.102, 3.591, 3.864, 4.397, 3.972]","[-5.600, -6.021, -6.490, -5.919, -5.550, -6.501]"
962,3,0.9906,11.1661,0.187,207,624,15,43,0.146,60,12.37,37370,840.30,0,0,22.000(27.500%)(0.214m),40.000(35.294%)(2.143m),58.000(51.177%)(4.071m),24.276(21.420%)(0.458m),12.266(15.332%)(0.000m),20.000(50.000%)(1.071m),9.942(24.855%)(0.000m),300.399,3573.568,69.7,1.4286,"[1.836, 2.313, 1.975, 1.917, 2.587, 2.080]","[3.885, 4.217, 3.721, 3.906, 4.446, 3.896]","[-5.393, -5.570, -5.444, -5.354, -5.807, -4.790]"
963,3,-0.3077,11.0196,0.205,166,492,13,10,0.146,50,12.36,37387,682.04,0,0,29.000(36.250%)(0.964m),44.000(38.824%)(2.571m),39.224(34.609%)(2.060m),18.794(16.583%)(0.000m),11.048(13.810%)(0.000m),40.000(100.000%)(3.214m),10.521(26.302%)(0.056m),386.699,3723.664,68.6,1.4209,"[1.406, 1.978, 1.774, 1.379, 2.211, 1.877]","[3.799, 4.349, 3.719, 3.762, 4.588, 3.862]","[-5.652, -5.395, -5.332, -5.549, -5.201, -4.973]"
964,3,21.2675,11.2356,0.202,684,2103,171,40,0.145,100,12.45,37456,2767.30,1,1,28.000(35.000%)(0.857m),46.000(40.588%)(2.786m),67.000(59.118%)(5.036m),43.000(37.941%)(2.464m),23.015(28.769%)(0.323m),20.000(50.000%)(1.071m),16.253(40.634%)(0.670m),379.269,3198.790,71.1,1.4290,"[2.176, 2.766, 2.274, 2.279, 3.110, 2.478]","[3.927, 4.462, 3.773, 4.016, 4.726, 4.050]","[-4.245, 1.025, -2.299, -4.429, 1.277, -2.289]"
965,3,24.8860,11.6902,0.179,721,2183,13,44,0.145,100,12.54,37529,2988.07,2,1,30.000(37.500%)(1.071m),47.000(41.471%)(2.893m),57.000(50.294%)(3.964m),35.000(30.882%)(1.607m),25.000(31.250%)(0.536m),21.000(52.500%)(1.179m),18.015(45.037%)(0.859m),224.508,3478.183,70.1,1.4538,"[2.080, 2.600, 2.182, 2.208, 2.961, 2.349]","[3.674, 4.064, 3.728, 3.717, 4.430, 3.891]","[-3.967, -0.118, -1.732, -4.390, -0.014, -1.599]"
966,3,22.5973,12.1110,0.191,700,2137,57,53,0.145,100,12.63,37599,2875.02,3,1,26.000(32.500%)(0.643m),47.000(41.471%)(2.893m),66.000(58.235%)(4.929m),44.908(39.625%)(2.669m),21.274(26.593%)(0.137m),23.000(57.500%)(1.393m),14.978(37.444%)(0.533m),487.405,3423.526,70.7,1.3678,"[2.432, 2.941, 2.517, 2.576, 3.275, 2.683]","[3.592, 4.142, 3.913, 3.852, 4.419, 4.175]","[-4.019, 1.178, -1.282, -3.933, 1.643, -1.875]"
967,3,23.8253,12.1979,0.181,634,1995,69,29,0.145,100,12.72,37663,2728.64,4,1,26.000(32.500%)(0.643m),44.000(38.824%)(2.571m),62.000(54.706%)(4.500m),41.578(36.686%)(2.312m),19.636(24.545%)(0.000m),22.000(55.000%)(1.286m),13.809(34.521%)(0.408m),404.168,2845.718,72.8,1.5190,"[1.900, 2.700, 2.371, 1.993, 3.078, 2.608]","[3.441, 4.257, 3.958, 3.535, 4.508, 4.248]","[-5.495, 0.412, -0.208, -4.823, 0.747, -0.645]"
968,3,0.4496,11.7845,0.177,354,1040,63,8,0.144,75,12.71,37699,1467.73,0,0,19.416(24.270%)(0.000m),41.007(36.183%)(2.251m),65.000(57.353%)(4.821m),23.749(20.955%)(0.402m),12.165(15.206%)(0.000m),13.646(34.115%)(0.391m),9.985(24.962%)(0.000m),665.601,4389.514,68.0,1.3959,"[1.318, 1.390, 1.096, 1.500, 1.752, 1.172]","[3.830, 4.073, 3.688, 3.795, 4.363, 3.677]","[-5.801, -7.107, -6.327, -5.270, -6.555, -6.494]"
969,3,5.1525,11.3638,0.178,370,1129,1,33,0.144,80,12.69,37736,1496.14,0,0,11.000(13.750%)(0.000m),18.000(15.882%)(0.000m),60.000(52.941%)(4.286m),37.000(32.647%)(1.821m),24.316(30.395%)(0.462m),11.000(27.500%)(0.107m),17.176(42.940%)(0.769m),269.807,3434.723,70.6,1.4421,"[1.506, 2.345, 2.013, 1.570, 2.649, 2.120]","[3.699, 4.103, 3.793, 3.754, 4.431, 3.859]","[-10.888, -5.619, -7.363, -9.186, -6.323, -7.752]"
970,3,24.9464,11.4561,0.186,632,1991,7,43,0.144,100,12.78,37800,2508.25,1,1,26.000(32.500%)(0.643m),40.000(35.294%)(2.143m),52.000(45.882%)(3.429m),49.430(43.615%)(3.153m),23.560(29.450%)(0.381m),22.000(55.000%)(1.286m),16.660(41.651%)(0.714m),295.128,2976.955,72.9,1.3564,"[1.929, 2.570, 2.149, 2.078, 2.945, 2.323]","[3.905, 4.248, 3.761, 3.852, 4.617, 3.954]","[-4.006, -0.476, -1.800, -4.568, -0.167, -2.340]"
971,3,22.9001,11.5507,0.185,636,2000,95,44,0.143,100,12.87,37864,2549.57,2,1,27.000(33.750%)(0.750m),43.000(37.941%)(2.464m),55.000(48.530%)(3.750m),34.452(30.399%)(1.548m),15.982(19.977%)(0.000m),22.000(55.000%)(1.286m),11.195(27.989%)(0.128m),211.902,2741.762,72.8,1.3715,"[1.562, 2.536, 2.173, 1.698, 2.909, 2.363]","[3.732, 4.096, 3.788, 3.807, 4.432, 4.223]","[-5.324, -4.048, -1.730, -5.427, -3.436, -2.351]"
972,3,20.1453,11.9528,0.196,658,2047,114,0,0.143,100,12.96,37930,2587.52,3,1,17.864(22.330%)(0.000m),38.173(33.682%)(1.947m),74.000(65.294%)(5.786m),45.485(40.134%)(2.731m),21.566(26.958%)(0.168m),12.534(31.335%)(0.271m),15.187(37.968%)(0.556m),1237.008,3682.289,72.0,1.3282,"[2.253, 2.668, 1.903, 2.432, 3.043, 2.122]","[3.766, 4.125, 3.637, 3.987, 4.417, 3.992]","[-3.800, -1.075, -4.039, -4.130, -1.478, -4.854]"
973,3,3.2045,11.8617,0.188,407,1198,96,26,0.143,80,12.95,37971,1642.24,0,0,14.000(17.500%)(0.000m),14.000(12.353%)(0.000m),23.000(20.294%)(0.321m),35.000(30.882%)(1.607m),16.416(20.520%)(0.000m),26.000(65.000%)(1.714m),11.505(28.764%)(0.161m),206.332,3788.392,68.1,1.4090,"[1.550, 2.474, 2.161, 1.446, 2.700, 2.255]","[3.943, 4.202, 4.048, 3.945, 4.544, 4.350]","[-5.286, -4.920, -6.050, -6.706, -5.174, -5.521]"
974,3,15.3864,11.7826,0.189,649,2029,38,51,0.143,100,13.04,38036,2713.87,1,1,25.000(31.250%)(0.536m),46.000(40.588%)(2.786m),69.000(60.883%)(5.250m),45.429(40.084%)(2.725m),21.584(26.980%)(0.170m),18.000(45.000%)(0.857m),15.207(38.018%)(0.558m),453.284,3318.803,72.4,1.4141,"[1.962, 2.598, 2.137, 2.113, 2.949, 2.375]","[4.062, 4.273, 3.833, 4.118, 4.540, 4.093]","[-5.633, -2.429, -2.471, -6.260, -3.157, -2.392]"
975,3,0.9853,11.4113,0.162,190,554,14,11,0.142,55,13.03,38055,797.67,0,0,29.000(36.250%)(0.964m),44.000(38.824%)(2.571m),33.362(29.437%)(1.432m),17.269(15.238%)(0.000m),10.541(13.176%)(0.000m),28.000(70.000%)(1.929m),10.541(26.352%)(0.058m),380.363,3979.282,67.5,1.3955,"[1.372, 2.388, 2.454, 1.368, 2.607, 2.472]","[3.487, 4.028, 3.831, 3.527, 4.370, 4.108]","[-5.462, -5.397, -5.735, -5.279, -5.784, -5.394]"
976,3,19.8777,11.3461,0.181,668,2070,98,127,0.142,100,13.11,38122,2801.84,1,1,22.000(27.500%)(0.214m),43.000(37.941%)(2.464m),48.000(42.353%)(3.000m),32.000(28.235%)(1.286m),19.580(24.475%)(0.000m),15.000(37.500%)(0.536m),13.783(34.457%)(0.405m),162.088,3001.578,71.7,1.4286,"[1.820, 2.501, 2.084, 1.916, 2.859, 2.259]","[3.401, 4.091, 3.786, 3.437, 4.396, 4.021]","[-4.422, -2.658, -4.967, -4.453, -2.510, -3.965]"
977,3,23.8671,11.8167,0.181,678,2090,68,38,0.142,100,13.20,38190,2761.26,2,1,30.000(37.500%)(1.071m),46.000(40.588%)(2.786m),55.000(48.530%)(3.750m),42.000(37.059%)(2.357m),20.786(25.982%)(0.084m),22.000(55.000%)(1.286m),14.628(36.569%)(0.496m),295.968,3205.113,71.4,1.4750,"[1.986, 2.801, 2.394, 2.066, 3.170, 2.607]","[3.711, 4.072, 3.857, 3.822, 4.343, 4.304]","[-4.941, 0.318, 0.054, -5.159, 0.463, 0.186]"
978,3,8.8851,11.9651,0.186,537,1662,72,35,0.141,95,13.19,38244,2200.02,0,0,25.000(31.250%)(0.536m),47.000(41.471%)(2.893m),52.000(45.882%)(3.429m),29.486(26.018%)(1.016m),13.546(16.933%)(0.000m),23.000(57.500%)(1.393m),9.657(24.142%)(0.000m),301.272,2824.419,71.6,1.4394,"[1.347, 2.126, 2.121, 1.427, 2.505, 2.313]","[3.622, 4.018, 3.730, 3.694, 4.405, 3.996]","[-5.170, -6.327, -4.484, -5.045, -5.782, -4.153]"
979,3,19.2439,11.9035,0.170,638,2007,164,89,0.141,100,13.28,38308,2571.23,1,1,22.000(27.500%)(0.214m),44.000(38.824%)(2.571m),44.000(38.824%)(2.571m),31.827(28.083%)(1.267m),14.677(18.346%)(0.000m),16.000(40.000%)(0.643m),10.272(25.679%)(0.029m),141.014,2853.860,72.8,1.4376,"[1.496, 2.072, 1.931, 1.671, 2.471, 2.161]","[3.705, 4.144, 3.645, 3.720, 4.443, 3.775]","[-5.268, -6.078, -4.457, -5.073, -6.089, -3.773]"
980,3,0.8975,11.5297,0.161,205,612,16,30,0.141,60,13.27,38329,871.65,0,0,13.270(16.588%)(0.000m),29.054(25.636%)(0.970m),73.000(64.412%)(5.679m),51.000(45.000%)(3.321m),28.000(35.000%)(0.857m),9.704(24.260%)(0.000m),22.000(55.000%)(1.286m),591.865,3790.610,69.1,1.4153,"[1.824, 1.717, 1.374, 1.978, 1.970, 1.415]","[3.343, 3.997, 3.667, 3.244, 4.276, 3.823]","[-4.514, -7.008, -5.730, -4.000, -7.863, -6.762]"
981,3,8.3094,11.3010,0.176,527,1654,86,45,0.141,95,13.25,38382,2363.49,0,0,22.000(27.500%)(0.214m),41.000(36.177%)(2.250m),61.000(53.824%)(4.393m),24.342(21.478%)(0.465m),12.299(15.374%)(0.000m),20.000(50.000%)(1.071m),9.969(24.922%)(0.000m),299.164,2818.686,72.6,1.5435,"[1.749, 2.383, 2.035, 1.823, 2.752, 2.209]","[3.740, 4.094, 3.717, 3.854, 4.304, 4.021]","[-4.958, -4.764, -5.279, -4.924, -4.347, -4.948]"
982,3,19.3387,11.6357,0.181,688,2112,88,97,0.140,100,13.34,38451,2896.54,1,1,24.000(30.000%)(0.429m),40.000(35.294%)(2.143m),55.000(48.530%)(3.750m),35.000(30.882%)(1.607m),17.127(21.409%)(0.000m),21.000(52.500%)(1.179m),12.030(30.074%)(0.217m),171.238,3098.991,71.1,1.5149,"[1.750, 2.291, 2.162, 1.902, 2.661, 2.318]","[3.834, 4.235, 3.842, 3.790, 4.538, 4.085]","[-4.740, -4.294, -1.557, -4.881, -4.039, -1.980]"
983,3,3.9536,11.6458,0.171,546,1717,159,115,0.140,95,13.33,38506,2300.22,0,0,17.000(21.250%)(0.000m),41.000(36.177%)(2.250m),55.000(48.530%)(3.750m),29.200(25.765%)(0.986m),13.303(16.628%)(0.000m),12.000(30.000%)(0.214m),9.600(24.001%)(0.000m),118.535,2762.291,72.8,1.4618,"[1.198, 1.846, 1.713, 1.353, 2.282, 1.959]","[3.592, 3.916, 3.755, 3.980, 4.221, 4.180]","[-5.079, -5.579, -5.032, -5.202, -5.516, -4.213]"
984,3,19.3283,12.0395,0.190,635,2000,147,56,0.140,100,13.41,38570,2592.58,1,1,29.000(36.250%)(0.964m),46.000(40.588%)(2.786m),52.000(45.882%)(3.429m),38.258(33.757%)(1.956m),17.955(22.444%)(0.000m),21.000(52.500%)(1.179m),12.599(31.497%)(0.278m),246.321,2956.163,72.9,1.4334,"[1.701, 2.565, 2.156, 1.805, 2.956, 2.404]","[3.836, 3.926, 3.539, 3.904, 4.239, 3.930]","[-5.110, 0.126, -1.383, -4.979, 0.259, -2.489]"
985,3,1.0323,12.0325,0.192,331,1021,86,23,0.139,75,13.40,38604,1400.59,0,0,28.000(35.000%)(0.857m),19.000(16.765%)(0.000m),35.000(30.882%)(1.607m),40.126(35.405%)(2.156m),18.853(23.566%)(0.000m),25.000(62.500%)(1.607m),13.243(33.107%)(0.347m),417.289,3408.679,71.4,1.4412,"[1.293, 2.205, 1.850, 1.330, 2.546, 1.995]","[3.688, 4.400, 3.851, 3.834, 4.707, 3.991]","[-9.760, -7.931, -8.150, -8.770, -7.391, -7.451]"
986,3,25.7975,12.2441,0.168,634,1994,34,49,0.139,100,13.49,38668,2597.33,1,1,27.000(33.750%)(0.750m),41.000(36.177%)(2.250m),64.000(56.471%)(4.714m),34.933(30.823%)(1.600m),17.893(22.366%)(0.000m),23.000(57.500%)(1.393m),13.938(34.846%)(0.422m),246.294,2749.020,72.8,1.4219,"[1.691, 2.423, 2.081, 1.770, 2.787, 2.237]","[3.600, 4.044, 3.572, 3.655, 4.333, 3.870]","[-5.109, -3.735, -0.439, -4.886, -3.504, -0.917]"
987,3,18.4541,12.5392,0.178,643,2015,37,48,0.139,100,13.58,38733,2734.13,2,1,28.000(35.000%)(0.857m),44.000(38.824%)(2.571m),65.000(57.353%)(4.821m),40.895(36.084%)(2.239m),19.371(24.213%)(0.000m),20.000(50.000%)(1.071m),13.662(34.155%)(0.392m),417.289,3038.218,72.5,1.4695,"[1.520, 2.407, 2.026, 1.682, 2.808, 2.263]","[3.520, 3.678, 3.733, 3.653, 4.042, 4.163]","[-4.980, -0.028, -0.975, -5.017, -0.136, -1.024]"
988,3,4.2358,12.6116,0.178,346,1068,6,17,0.139,80,13.56,38768,1420.15,0,0,24.398(30.497%)(0.471m),44.000(38.824%)(2.571m),26.000(22.941%)(0.643m),16.000(14.118%)(0.000m),11.000(13.750%)(0.000m),17.233(43.082%)(0.775m),26.000(65.000%)(1.714m),523.490,3864.795,71.5,1.4176,"[1.633, 1.766, 1.039, 1.799, 2.142, 1.271]","[3.882, 4.023, 3.678, 3.943, 4.316, 3.774]","[-8.816, -6.131, -17.515, -8.159, -4.601, -11.226]"
989,3,17.1911,12.9538,0.190,640,2009,0,118,0.138,100,13.65,38832,2573.64,1,1,28.000(35.000%)(0.857m),41.000(36.177%)(2.250m),60.000(52.941%)(4.286m),35.000(30.882%)(1.607m),25.000(31.250%)(0.536m),20.000(50.000%)(1.071m),17.969(44.922%)(0.854m),238.007,2936.016,72.6,1.4151,"[2.216, 2.585, 2.222, 2.359, 2.992, 2.363]","[4.049, 4.152, 3.881, 4.077, 4.510, 4.222]","[-2.873, -1.298, -2.876, -3.696, -1.142, -3.708]"
990,3,2.7191,12.6711,0.197,367,1091,101,68,0.138,80,13.64,38869,1489.46,0,0,20.000(25.000%)(0.000m),38.000(33.530%)(1.929m),34.000(30.000%)(1.500m),27.000(23.824%)(0.750m),19.576(24.470%)(0.000m),18.000(45.000%)(0.857m),13.761(34.402%)(0.403m),0.000,3358.218,68.8,1.3835,"[1.456, 2.401, 2.438, 1.479, 2.637, 2.456]","[4.043, 4.272, 4.210, 4.156, 4.584, 4.617]","[-4.483, -3.333, -1.896, -4.882, -3.813, -2.220]"
991,3,27.2339,12.9244,0.188,788,2328,19,57,0.138,100,13.72,38948,3192.89,1,1,25.000(31.250%)(0.536m),34.000(30.000%)(1.500m),44.000(38.824%)(2.571m),49.006(43.240%)(3.108m),23.336(29.170%)(0.357m),22.000(55.000%)(1.286m),16.465(41.161%)(0.693m),329.055,3880.415,68.4,1.4162,"[2.415, 2.848, 2.534, 2.545, 3.217, 2.706]","[4.160, 4.364, 4.267, 4.240, 4.674, 4.459]","[-3.936, -2.157, -3.717, -4.061, -1.909, -3.996]"
992,3,19.5349,13.0684,0.190,627,1981,58,131,0.138,100,13.81,39011,2456.49,2,1,22.000(27.500%)(0.214m),41.000(36.177%)(2.250m),59.000(52.059%)(4.179m),48.308(42.625%)(3.033m),22.986(28.732%)(0.320m),19.000(47.500%)(0.964m),16.211(40.528%)(0.665m),317.992,3050.295,73.1,1.3563,"[2.277, 2.638, 2.182, 2.483, 3.014, 2.386]","[3.863, 4.316, 3.781, 4.127, 4.585, 4.032]","[-4.029, -1.356, -2.397, -4.162, -0.395, -2.850]"
993,3,21.7299,13.0599,0.181,667,2065,137,55,0.137,100,13.90,39078,2620.75,3,1,29.000(36.250%)(0.964m),39.000(34.412%)(2.036m),56.000(49.412%)(3.857m),36.780(32.453%)(1.798m),17.348(21.685%)(0.000m),26.000(65.000%)(1.714m),12.181(30.452%)(0.234m),276.701,3128.321,71.7,1.3294,"[1.660, 2.667, 2.516, 1.744, 2.982, 2.627]","[3.885, 4.600, 3.915, 3.977, 4.875, 4.281]","[-5.049, -4.429, -1.078, -5.234, -4.356, -1.639]"
994,3,21.8162,13.1566,0.177,643,2017,55,57,0.137,100,13.98,39143,2585.99,4,1,27.000(33.750%)(0.750m),40.000(35.294%)(2.143m),52.000(45.882%)(3.429m),42.692(37.670%)(2.431m),20.152(25.191%)(0.016m),22.000(55.000%)(1.286m),14.174(35.435%)(0.447m),271.640,2815.951,72.6,1.4283,"[1.812, 2.634, 2.317, 1.900, 2.974, 2.509]","[3.852, 4.332, 4.100, 3.904, 4.553, 4.543]","[-5.086, -2.571, -4.447, -5.663, -2.442, -4.722]"
995,3,24.0527,13.2162,0.185,631,1990,9,27,0.137,100,14.07,39207,2579.85,5,1,27.000(33.750%)(0.750m),40.000(35.294%)(2.143m),52.000(45.882%)(3.429m),48.780(43.041%)(3.084m),23.223(29.028%)(0.345m),24.000(60.000%)(1.500m),16.382(40.956%)(0.684m),295.128,2971.066,73.0,1.3725,"[1.995, 2.815, 2.431, 2.062, 3.200, 2.632]","[3.653, 4.158, 4.300, 3.735, 4.427, 4.570]","[-4.328, 0.122, -0.844, -4.983, 0.040, -1.270]"
996,3,22.5300,13.2351,0.184,661,2054,26,61,0.136,100,14.16,39274,2704.99,6,1,27.000(33.750%)(0.750m),47.000(41.471%)(2.893m),56.000(49.412%)(3.857m),35.000(30.882%)(1.607m),20.668(25.835%)(0.072m),19.000(47.500%)(0.964m),14.549(36.373%)(0.487m),152.590,3162.581,71.9,1.4502,"[2.210, 2.986, 2.689, 2.313, 3.359, 2.914]","[4.006, 4.344, 3.962, 4.278, 4.750, 4.315]","[-4.740, -0.038, -0.857, -4.524, 0.214, -1.187]"
997,3,21.0358,13.6514,0.181,669,2069,45,99,0.136,100,14.24,39341,2720.19,7,1,18.000(22.500%)(0.000m),39.000(34.412%)(2.036m),63.000(55.588%)(4.607m),44.991(39.698%)(2.678m),21.316(26.645%)(0.141m),17.000(42.500%)(0.750m),15.008(37.520%)(0.537m),413.735,3359.726,71.6,1.4262,"[2.403, 2.784, 2.293, 2.502, 3.102, 2.378]","[4.020, 4.643, 4.093, 4.098, 4.863, 4.140]","[-4.510, -1.275, -4.530, -4.674, -1.514, -5.104]"
998,3,-0.5577,13.2240,0.176,255,676,15,0,0.136,60,14.23,39367,1033.34,0,0,11.796(14.745%)(0.000m),22.726(20.052%)(0.292m),66.629(58.790%)(4.996m),58.000(51.177%)(4.071m),39.000(48.750%)(2.036m),9.805(24.512%)(0.000m),40.000(100.000%)(3.214m),1289.941,5611.510,61.4,1.3585,"[2.458, 2.183, 1.506, 2.613, 2.427, 1.547]","[3.864, 4.469, 4.065, 3.899, 4.679, 4.244]","[-5.965, -7.243, -6.705, -5.368, -6.847, -6.894]"
999,3,4.0027,13.1397,0.175,356,1082,29,51,0.136,80,14.21,39403,1512.01,0,0,14.000(17.500%)(0.000m),21.000(18.529%)(0.107m),66.000(58.235%)(4.929m),41.582(36.690%)(2.312m),19.590(24.488%)(0.000m),20.000(50.000%)(1.071m),13.771(34.427%)(0.404m),374.028,3736.182,70.3,1.4211,"[1.792, 2.196, 1.908, 1.931, 2.503, 1.979]","[3.676, 4.253, 3.772, 3.734, 4.491, 3.891]","[-6.816, -5.603, -6.354, -7.249, -5.557, -7.251]"
1000,3,2.4752,12.7058,0.179,362,1119,47,53,0.135,80,14.20,39440,1418.53,0,0,12.000(15.000%)(0.000m),21.000(18.529%)(0.107m),68.000(60.000%)(5.143m),42.605(37.593%)(2.422m),20.156(25.195%)(0.017m),10.000(25.000%)(0.000m),14.183(35.457%)(0.448m),362.532,3240.265,71.6,1.4299,"[1.650, 2.136, 1.602, 1.729, 2.447, 1.743]","[3.622, 4.017, 3.656, 3.664, 4.359, 4.000]","[-8.041, -7.119, -7.754, -7.091, -7.719, -6.787]"
1001,3,-0.2776,12.6912,0.175,168,489,20,4,0.135,50,14.19,39457,670.68,0,0,33.000(41.250%)(1.393m),40.000(35.294%)(2.143m),52.000(45.882%)(3.429m),24.360(21.494%)(0.467m),12.136(15.170%)(0.000m),40.000(100.000%)(3.214m),9.713(24.282%)(0.000m),340.752,3943.963,67.3,1.3745,"[1.006, 1.354, 1.295, 1.066, 1.549, 1.295]","[3.648, 4.150, 3.641, 3.694, 4.468, 3.807]","[-6.849, -6.044, -5.444, -7.740, -5.876, -4.800]"
1002,3,24.2087,12.7067,0.180,666,2066,29,86,0.135,100,14.27,39524,2735.97,1,1,22.000(27.500%)(0.214m),28.000(24.706%)(0.857m),35.000(30.882%)(1.607m),47.973(42.330%)(2.997m),23.265(29.081%)(0.350m),25.000(62.500%)(1.607m),16.413(41.033%)(0.687m),49.991,3195.621,71.8,1.3837,"[1.632, 2.471, 2.059, 1.762, 2.822, 2.227]","[3.554, 4.108, 3.760, 3.879, 4.401, 4.022]","[-5.828, -4.202, -5.166, -5.635, -3.928, -5.718]"
1003,3,20.1024,12.9160,0.171,650,2030,198,71,0.135,100,14.36,39589,2628.62,2,1,24.000(30.000%)(0.429m),47.000(41.471%)(2.893m),63.000(55.588%)(4.607m),36.000(31.765%)(1.714m),22.976(28.720%)(0.319m),17.000(42.500%)(0.750m),16.225(40.562%)(0.667m),212.606,2942.299,72.3,1.4021,"[2.138, 2.674, 2.228, 2.177, 3.059, 2.417]","[3.637, 4.359, 3.762, 3.713, 4.710, 4.035]","[-4.173, -2.086, -4.897, -4.317, -2.295, -3.815]"
1004,3,16.6239,13.0698,0.177,637,2002,70,130,0.134,100,14.44,39653,2582.22,3,1,26.000(32.500%)(0.643m),46.000(40.588%)(2.786m),49.000(43.235%)(3.107m),38.000(33.530%)(1.929m),20.000(25.000%)(0.000m),20.866(52.165%)(1.164m),14.000(35.000%)(0.429m),261.731,2853.749,72.7,1.3682,"[1.619, 2.103, 1.918, 1.840, 2.481, 2.068]","[3.835, 4.367, 3.968, 3.897, 4.603, 3.975]","[-5.958, -2.937, -2.002, -5.246, -2.403, -1.092]"
1005,3,2.6316,12.9981,0.178,320,933,85,36,0.134,70,14.43,39685,1248.01,0,0,23.000(28.750%)(0.321m),42.000(37.059%)(2.357m),50.110(44.215%)(3.226m),20.589(18.167%)(0.063m),11.359(14.199%)(0.000m),21.000(52.500%)(1.179m),10.048(25.119%)(0.005m),445.481,3806.794,67.5,1.3835,"[2.077, 2.687, 2.671, 2.147, 2.978, 2.720]","[3.778, 4.035, 3.862, 3.895, 4.329, 4.005]","[-5.734, -5.894, -5.995, -5.969, -5.365, -6.026]"
1006,3,26.3894,13.1040,0.179,691,2119,44,42,0.134,100,14.51,39755,2758.15,1,1,27.000(33.750%)(0.750m),42.000(37.059%)(2.357m),58.000(51.177%)(4.071m),39.000(34.412%)(2.036m),20.408(25.509%)(0.044m),22.000(55.000%)(1.286m),14.363(35.907%)(0.467m),276.361,3285.602,71.0,1.4283,"[1.822, 2.597, 2.145, 1.932, 2.947, 2.295]","[3.628, 4.170, 4.017, 3.567, 4.462, 4.299]","[-4.930, -0.156, -1.075, -5.162, 0.283, -2.108]"
1007,3,-0.2909,13.0986,0.209,205,592,21,23,0.133,55,14.50,39776,861.45,0,0,11.718(14.647%)(0.000m),21.240(18.741%)(0.133m),51.692(45.611%)(3.396m),40.000(35.294%)(2.143m),25.000(31.250%)(0.536m),10.365(25.912%)(0.039m),27.000(67.500%)(1.821m),417.128,4163.705,66.8,1.4168,"[1.961, 1.883, 1.060, 1.985, 2.103, 0.946]","[3.555, 3.753, 3.443, 3.569, 4.049, 3.498]","[-5.705, -4.838, -5.563, -5.963, -5.409, -5.884]"
1008,3,19.6471,13.1610,0.185,695,2129,24,52,0.133,100,14.58,39846,2916.10,1,1,31.000(38.750%)(1.179m),48.000(42.353%)(3.000m),67.000(59.118%)(5.036m),43.063(37.997%)(2.471m),20.388(25.485%)(0.042m),19.000(47.500%)(0.964m),14.349(35.872%)(0.466m),481.069,3364.051,70.9,1.4074,"[1.794, 2.467, 2.154, 1.924, 2.846, 2.379]","[3.729, 3.988, 3.660, 4.016, 4.306, 4.034]","[-4.845, 0.474, -0.665, -5.133, 1.192, -0.138]"
1009,3,15.7850,13.4243,0.182,636,2002,236,113,0.133,100,14.67,39910,2644.90,2,1,18.000(22.500%)(0.000m),44.000(38.824%)(2.571m),55.000(48.530%)(3.750m),32.000(28.235%)(1.286m),17.336(21.670%)(0.000m),13.000(32.500%)(0.321m),12.157(30.392%)(0.231m),160.814,2960.674,72.9,1.4399,"[1.563, 2.259, 2.012, 1.653, 2.664, 2.212]","[3.738, 4.040, 3.675, 3.962, 4.351, 4.054]","[-5.504, -3.900, -6.792, -5.126, -3.819, -5.179]"
1010,3,21.2305,13.7734,0.180,649,2027,122,35,0.133,100,14.75,39975,2650.86,3,1,27.000(33.750%)(0.750m),43.000(37.941%)(2.464m),60.000(52.941%)(4.286m),30.842(27.213%)(1.162m),14.136(17.670%)(0.000m),23.000(57.500%)(1.393m),9.885(24.713%)(0.000m),371.572,3290.645,72.3,1.3987,"[1.590, 2.217, 2.114, 1.761, 2.616, 2.314]","[3.726, 4.032, 3.560, 3.821, 4.302, 3.604]","[-5.275, -6.214, -2.300, -5.114, -6.046, -2.942]"
1011,3,17.6679,14.1426,0.184,632,1994,51,129,0.132,100,14.84,40039,2617.24,4,1,15.000(18.750%)(0.000m),33.000(29.118%)(1.393m),45.000(39.706%)(2.679m),35.000(30.882%)(1.607m),23.443(29.303%)(0.369m),11.000(27.500%)(0.107m),16.542(41.354%)(0.701m),140.037,2589.303,73.0,1.4485,"[1.138, 1.750, 1.227, 1.275, 2.107, 1.422]","[3.479, 3.987, 3.657, 3.566, 4.346, 3.757]","[-5.446, -4.869, -6.731, -5.702, -4.612, -6.531]"
1012,3,21.7075,14.5570,0.162,660,2052,110,60,0.132,100,14.92,40105,2664.04,5,1,21.000(26.250%)(0.107m),28.000(24.706%)(0.857m),43.000(37.941%)(2.464m),38.729(34.173%)(2.007m),18.272(22.840%)(0.000m),24.000(60.000%)(1.500m),12.848(32.121%)(0.305m),77.399,2854.183,72.0,1.4353,"[1.601, 2.343, 1.859, 1.740, 2.671, 2.029]","[3.489, 4.074, 3.661, 3.705, 4.363, 4.048]","[-5.468, -3.342, -5.860, -5.520, -3.230, -5.095]"
1013,3,20.2581,14.9683,0.188,627,1979,60,124,0.132,100,15.00,40168,2498.93,6,1,21.000(26.250%)(0.107m),40.000(35.294%)(2.143m),62.000(54.706%)(4.500m),46.000(40.588%)(2.786m),22.552(28.189%)(0.273m),17.000(42.500%)(0.750m),15.908(39.771%)(0.633m),275.294,2830.570,73.1,1.3659,"[2.268, 2.714, 2.245, 2.472, 3.153, 2.480]","[3.621, 4.104, 3.817, 3.807, 4.447, 4.128]","[-4.519, -1.474, -4.508, -4.495, -1.603, -3.604]"
1014,3,26.0870,15.0647,0.184,630,1986,3,75,0.132,100,15.09,40231,2566.57,7,1,25.000(31.250%)(0.536m),44.000(38.824%)(2.571m),68.000(60.000%)(5.143m),41.907(36.977%)(2.347m),20.270(25.338%)(0.029m),20.000(50.000%)(1.071m),15.815(39.537%)(0.623m),444.394,2923.180,73.0,1.4295,"[2.263, 2.993, 2.514, 2.414, 3.379, 2.770]","[3.887, 4.513, 3.925, 4.109, 4.792, 4.195]","[-4.706, 1.068, -1.580, -4.863, 1.198, -1.353]"
1015,3,-0.3817,14.5593,0.185,178,506,20,0,0.131,50,15.07,40249,750.98,0,0,35.000(43.750%)(1.607m),43.000(37.941%)(2.464m),36.185(31.928%)(1.734m),18.056(15.932%)(0.000m),10.820(13.525%)(0.000m),40.000(100.000%)(3.214m),10.559(26.398%)(0.060m),402.033,4298.672,65.8,1.5209,"[1.431, 1.575, 1.692, 1.402, 1.686, 1.640]","[4.064, 4.322, 3.950, 4.095, 4.680, 4.070]","[-6.066, -5.536, -5.077, -7.186, -5.744, -4.659]"
1016,3,27.0971,14.6493,0.185,628,1983,10,27,0.131,100,15.16,40312,2452.91,1,1,27.000(33.750%)(0.750m),36.000(31.765%)(1.714m),52.000(45.882%)(3.429m),47.774(42.154%)(2.976m),23.209(29.011%)(0.344m),23.000(57.500%)(1.393m),16.383(40.957%)(0.684m),230.568,2851.503,73.1,1.3876,"[1.794, 2.692, 2.300, 1.919, 3.060, 2.468]","[3.731, 4.376, 3.996, 3.779, 4.633, 4.385]","[-4.880, -3.072, -4.861, -5.566, -2.858, -5.283]"
1017,3,16.1865,14.4965,0.177,633,1995,113,112,0.131,100,15.24,40376,2494.36,2,1,21.000(26.250%)(0.107m),40.000(35.294%)(2.143m),51.000(45.000%)(3.321m),38.000(33.530%)(1.929m),19.487(24.359%)(0.000m),14.000(35.000%)(0.429m),13.698(34.245%)(0.396m),211.526,2725.505,73.0,1.3637,"[1.664, 2.383, 1.949, 1.808, 2.734, 2.187]","[3.631, 4.131, 3.766, 3.884, 4.496, 4.160]","[-5.189, -2.204, -5.106, -4.546, -1.339, -3.506]"
1018,3,16.1385,14.8103,0.191,646,2024,214,82,0.131,100,15.32,40441,2566.98,3,1,23.000(28.750%)(0.321m),41.000(36.177%)(2.250m),55.000(48.530%)(3.750m),34.878(30.775%)(1.594m),16.236(20.296%)(0.000m),16.000(40.000%)(0.643m),11.379(28.447%)(0.148m),312.437,2967.264,72.5,1.3595,"[0.412, 2.405, 2.162, 0.444, 2.733, 2.364]","[3.573, 4.222, 3.971, 3.967, 4.596, 4.296]","[-5.097, -3.772, -5.534, -5.252, -3.449, -4.361]"
1019,3,0.0093,14.7075,0.164,201,587,34,26,0.130,55,15.31,40462,842.06,0,0,11.450(14.313%)(0.000m),20.523(18.108%)(0.056m),43.000(37.941%)(2.464m),31.000(27.353%)(1.179m),21.000(26.250%)(0.107m),10.254(25.636%)(0.027m),27.000(67.500%)(1.821m),86.371,3358.538,67.6,1.4731,"[1.758, 1.443, 0.858, 1.878, 1.443, 0.760]","[3.779, 4.187, 3.782, 3.898, 4.402, 3.830]","[-6.950, -5.946, -5.494, -6.602, -6.797, -5.472]"
1020,3,21.2067,14.6327,0.175,637,2001,119,53,0.130,100,15.39,40526,2584.85,1,1,26.000(32.500%)(0.643m),34.000(30.000%)(1.500m),46.000(40.588%)(2.786m),37.097(32.733%)(1.832m),17.318(21.648%)(0.000m),21.000(52.500%)(1.179m),12.144(30.360%)(0.230m),266.839,2903.886,72.7,1.4342,"[1.889, 2.591, 2.277, 2.024, 2.966, 2.439]","[3.861, 4.229, 3.730, 3.856, 4.505, 3.982]","[-4.941, -1.785, -2.692, -4.597, -1.334, -3.335]"
1021,3,6.4771,14.3042,0.176,601,1888,122,101,0.130,95,15.38,40587,2409.44,0,0,26.000(32.500%)(0.643m),40.000(35.294%)(2.143m),52.000(45.882%)(3.429m),25.753(22.723%)(0.616m),12.456(15.570%)(0.000m),16.000(40.000%)(0.643m),9.719(24.296%)(0.000m),196.421,2755.103,72.7,1.3679,"[0.941, 2.431, 2.236, 1.066, 2.837, 2.434]","[3.602, 4.161, 4.018, 4.126, 4.456, 4.485]","[-5.867, -5.984, -6.751, -5.823, -5.280, -5.506]"
1022,3,2.7858,13.9570,0.173,365,1129,74,55,0.130,80,15.36,40624,1625.11,0,0,12.000(15.000%)(0.000m),25.000(22.059%)(0.536m),41.000(36.177%)(2.250m),36.435(32.149%)(1.761m),17.005(21.256%)(0.000m),10.000(25.000%)(0.000m),11.921(29.803%)(0.206m),106.979,2951.092,71.6,1.4931,"[0.812, 1.688, 1.720, 0.869, 1.961, 1.861]","[3.677, 4.084, 4.006, 3.791, 4.422, 4.191]","[-7.375, -7.800, -9.644, -6.187, -8.536, -8.650]"
1023,3,0.5579,13.9041,0.192,178,522,13,0,0.129,55,15.35,40642,712.07,0,0,12.047(15.059%)(0.000m),24.181(21.337%)(0.448m),66.000(58.235%)(4.929m),48.000(42.353%)(3.000m),36.000(45.000%)(1.714m),9.642(24.104%)(0.000m),40.000(100.000%)(3.214m),601.757,3759.567,67.9,1.3758,"[2.124, 2.059, 1.045, 2.278, 2.279, 1.050]","[3.646, 4.133, 3.699, 3.776, 4.521, 3.801]","[-5.610, -6.418, -5.320, -4.983, -6.197, -5.275]"
1024,3,16.6880,13.9301,0.176,678,2091,98,47,0.129,100,15.43,40710,2726.70,1,1,22.406(28.008%)(0.258m),44.000(38.824%)(2.571m),61.000(53.824%)(4.393m),34.000(30.000%)(1.500m),19.504(24.380%)(0.000m),15.792(39.480%)(0.621m),14.831(37.076%)(0.518m),215.817,3229.804,71.4,1.4595,"[1.998, 2.423, 2.002, 2.128, 2.755, 2.095]","[3.882, 4.038, 3.800, 3.925, 4.364, 3.832]","[-3.667, 0.091, -4.195, -4.147, -0.313, -4.161]"
1025,3,3.4213,13.9788,0.168,342,1053,45,27,0.129,80,15.41,40745,1347.91,0,0,16.000(20.000%)(0.000m),18.000(15.882%)(0.000m),34.000(30.000%)(1.500m),40.638(35.857%)(2.211m),19.127(23.908%)(0.000m),27.000(67.500%)(1.821m),13.440(33.600%)(0.369m),329.023,3210.115,71.2,1.3598,"[1.046, 2.120, 1.784, 1.087, 2.413, 1.969]","[3.451, 3.889, 3.636, 3.560, 4.182, 3.932]","[-5.534, -4.794, -6.346, -6.005, -5.343, -5.342]"
1026,3,24.8465,14.0782,0.180,695,2131,9,56,0.128,100,15.50,40815,2796.91,1,1,26.000(32.500%)(0.643m),51.000(45.000%)(3.321m),51.000(45.000%)(3.321m),38.000(33.530%)(1.929m),25.050(31.312%)(0.541m),19.000(47.500%)(0.964m),17.704(44.261%)(0.825m),255.622,3635.582,71.0,1.3215,"[2.107, 2.651, 2.223, 2.209, 3.059, 2.416]","[3.623, 3.904, 3.591, 3.636, 4.240, 3.824]","[-4.150, -0.113, -1.290, -3.868, 0.107, -1.813]"
1027,3,23.0696,14.0623,0.185,676,2088,14,104,0.128,100,15.58,40883,2768.13,2,1,21.000(26.250%)(0.107m),37.000(32.647%)(1.821m),56.000(49.412%)(3.857m),42.000(37.059%)(2.357m),23.923(29.904%)(0.420m),15.000(37.500%)(0.536m),16.889(42.223%)(0.738m),237.293,2984.743,71.5,1.4788,"[2.159, 2.566, 1.962, 2.317, 2.938, 2.120]","[3.499, 4.088, 4.011, 3.668, 4.369, 4.240]","[-3.612, -1.665, -6.203, -3.955, -1.431, -5.190]"
1028,3,28.3123,14.4508,0.182,649,2026,0,42,0.128,100,15.66,40948,2595.06,3,1,25.000(31.250%)(0.536m),44.000(38.824%)(2.571m),61.000(53.824%)(4.393m),47.000(41.471%)(2.893m),24.190(30.237%)(0.449m),22.000(55.000%)(1.286m),17.082(42.705%)(0.759m),390.002,2962.679,72.2,1.3709,"[2.389, 3.019, 2.587, 2.554, 3.409, 2.779]","[4.332, 4.278, 3.953, 4.343, 4.562, 4.341]","[-3.981, 1.141, -0.365, -4.716, 1.292, -0.881]"
1029,3,17.5339,14.4166,0.164,648,2025,58,115,0.128,100,15.74,41013,2634.43,4,1,21.491(26.864%)(0.160m),44.422(39.196%)(2.617m),60.000(52.941%)(4.286m),44.000(38.824%)(2.571m),24.000(30.000%)(0.429m),15.158(37.895%)(0.553m),17.000(42.500%)(0.750m),378.632,3182.581,72.3,1.3863,"[2.166, 2.621, 2.190, 2.381, 3.026, 2.291]","[3.846, 4.482, 3.848, 4.143, 4.792, 3.963]","[-3.669, -0.286, -4.126, -3.712, -0.310, -4.659]"
1030,3,4.5462,14.4896,0.178,388,1173,25,37,0.127,80,15.73,41052,1547.09,0,0,10.000(12.500%)(0.000m),16.000(14.118%)(0.000m),26.000(22.941%)(0.643m),31.000(27.353%)(1.179m),23.801(29.752%)(0.407m),11.000(27.500%)(0.107m),16.801(42.003%)(0.729m),141.958,3486.451,69.9,1.3522,"[1.256, 2.355, 2.138, 1.316, 2.671, 2.191]","[3.883, 4.313, 3.874, 3.989, 4.632, 3.986]","[-11.131, -5.433, -7.997, -9.412, -5.998, -7.947]"
1031,3,7.9748,14.4829,0.181,509,1600,92,45,0.127,95,15.71,41103,2079.07,0,0,25.000(31.250%)(0.536m),44.000(38.824%)(2.571m),34.146(30.129%)(1.516m),17.675(15.596%)(0.000m),10.789(13.486%)(0.000m),22.000(55.000%)(1.286m),10.789(26.972%)(0.085m),316.559,2790.274,72.7,1.4037,"[1.425, 2.240, 2.072, 1.554, 2.589, 2.267]","[3.795, 4.344, 3.834, 3.852, 4.659, 3.887]","[-5.376, -4.794, -5.158, -5.383, -4.344, -4.421]"
1032,3,0.2134,14.1004,0.185,159,471,14,0,0.127,50,15.70,41119,647.83,0,0,35.000(43.750%)(1.607m),48.000(42.353%)(3.000m),35.162(31.026%)(1.625m),17.879(15.775%)(0.000m),10.814(13.518%)(0.000m),40.000(100.000%)(3.214m),10.683(26.707%)(0.073m),458.735,3748.941,68.5,1.4388,"[0.779, 1.424, 2.010, 0.847, 1.604, 2.123]","[3.455, 4.101, 3.711, 3.631, 4.366, 3.862]","[-6.353, -5.779, -5.620, -6.775, -5.364, -4.552]"
1033,3,23.6182,14.4937,0.180,640,2008,29,113,0.127,100,15.78,41183,2634.13,1,1,26.000(32.500%)(0.643m),44.000(38.824%)(2.571m),59.000(52.059%)(4.179m),33.000(29.118%)(1.393m),19.657(24.571%)(0.000m),19.000(47.500%)(0.964m),13.825(34.562%)(0.410m),128.095,2861.483,72.6,1.4245,"[1.687, 2.464, 2.195, 1.848, 2.841, 2.361]","[3.618, 3.860, 3.652, 3.938, 4.153, 4.119]","[-5.414, 0.024, -1.518, -5.423, 0.356, -1.558]"
1034,3,16.2145,14.4314,0.180,677,2092,44,141,0.126,100,15.86,41251,2753.65,2,1,25.000(31.250%)(0.536m),39.000(34.412%)(2.036m),59.000(52.059%)(4.179m),38.796(34.232%)(2.014m),18.208(22.760%)(0.000m),16.000(40.000%)(0.643m),12.783(31.957%)(0.298m),281.091,2866.920,71.5,1.4080,"[1.839, 2.353, 1.979, 1.998, 2.720, 2.141]","[4.093, 4.271, 3.943, 4.205, 4.638, 4.058]","[-5.584, -2.581, -2.387, -6.163, -3.376, -2.935]"
1035,3,10.9246,14.6292,0.181,542,1705,50,62,0.126,95,15.85,41306,2216.47,0,0,25.000(31.250%)(0.536m),41.000(36.177%)(2.250m),50.944(44.950%)(3.315m),20.932(18.469%)(0.100m),11.548(14.435%)(0.000m),22.000(55.000%)(1.286m),10.215(25.537%)(0.023m),320.027,2956.125,72.8,1.4723,"[1.908, 2.514, 2.264, 2.086, 2.892, 2.369]","[3.665, 4.196, 3.629, 3.728, 4.433, 4.002]","[-5.590, -5.215, -5.448, -5.507, -5.741, -5.262]"
1036,3,19.6169,14.5056,0.190,640,2011,179,65,0.126,100,15.93,41370,2761.10,1,1,24.000(30.000%)(0.429m),42.000(37.059%)(2.357m),67.000(59.118%)(5.036m),32.095(28.319%)(1.296m),14.777(18.471%)(0.000m),21.000(52.500%)(1.179m),10.340(25.850%)(0.036m),372.194,3039.743,72.7,1.5344,"[2.080, 2.593, 2.317, 2.212, 2.997, 2.507]","[3.830, 4.193, 3.824, 3.869, 4.500, 4.364]","[-5.172, -5.042, -4.236, -4.936, -4.492, -4.555]"
1037,3,4.4541,14.2256,0.182,566,1713,41,41,0.126,95,15.91,41427,2346.46,0,0,22.000(27.500%)(0.214m),41.000(36.177%)(2.250m),20.668(18.237%)(0.072m),13.117(11.574%)(0.000m),9.064(11.330%)(0.000m),20.000(50.000%)(1.071m),11.042(27.605%)(0.112m),311.951,3334.826,70.0,1.4044,"[1.937, 2.300, 2.083, 2.107, 2.623, 2.188]","[3.702, 4.144, 3.854, 3.728, 4.426, 3.879]","[-6.121, -5.858, -7.039, -7.025, -5.505, -6.335]"
1038,3,15.7754,14.4564,0.170,676,2090,234,103,0.125,100,15.99,41495,2798.69,1,1,17.000(21.250%)(0.000m),41.000(36.177%)(2.250m),40.000(35.294%)(2.143m),31.000(27.353%)(1.179m),20.460(25.575%)(0.049m),12.000(30.000%)(0.214m),14.400(36.001%)(0.471m),104.112,3288.125,71.6,1.4160,"[1.584, 2.223, 1.868, 1.657, 2.645, 2.112]","[3.932, 4.224, 3.767, 4.153, 4.620, 4.184]","[-5.244, -4.117, -6.997, -5.420, -4.102, -5.582]"
1039,3,17.3991,14.4606,0.190,660,2052,43,122,0.125,100,16.07,41561,2712.90,2,1,22.000(27.500%)(0.214m),33.000(29.118%)(1.393m),47.000(41.471%)(2.893m),40.000(35.294%)(2.143m),20.260(25.325%)(0.028m),19.000(47.500%)(0.964m),14.268(35.669%)(0.457m),102.494,2877.841,71.9,1.4486,"[1.743, 2.384, 1.935, 1.843, 2.751, 2.121]","[3.738, 4.020, 3.719, 3.866, 4.329, 4.050]","[-5.605, -3.917, -5.327, -5.524, -3.549, -5.929]"
1040,3,27.4572,14.9553,0.177,629,1984,0,26,0.125,100,16.15,41624,2523.48,3,1,26.000(32.500%)(0.643m),40.000(35.294%)(2.143m),60.000(52.941%)(4.286m),44.000(38.824%)(2.571m),23.311(29.138%)(0.355m),23.000(57.500%)(1.393m),16.446(41.115%)(0.691m),305.294,2840.504,73.0,1.3582,"[1.857, 2.771, 2.421, 2.008, 3.186, 2.628]","[3.917, 4.233, 3.813, 4.077, 4.487, 4.054]","[-5.010, -1.221, -0.074, -4.793, -0.996, -0.226]"
1041,3,18.1459,14.7736,0.181,649,2029,81,79,0.125,100,16.23,41689,2588.71,4,1,18.755(23.444%)(0.000m),39.559(34.905%)(2.096m),55.000(48.530%)(3.750m),40.000(35.294%)(2.143m),22.633(28.291%)(0.282m),13.190(32.975%)(0.342m),15.976(39.940%)(0.640m),336.564,3628.743,72.4,1.3838,"[2.114, 2.405, 1.870, 2.267, 2.793, 2.022]","[3.843, 4.072, 3.682, 3.950, 4.439, 4.177]","[-3.973, -2.278, -3.613, -4.472, -2.532, -5.110]"
1042,3,1.7190,14.4173,0.175,414,1210,81,16,0.124,80,16.22,41731,1676.60,0,0,22.000(27.500%)(0.214m),14.000(12.353%)(0.000m),20.000(17.647%)(0.000m),39.385(34.752%)(2.077m),18.526(23.157%)(0.000m),28.000(70.000%)(1.929m),13.014(32.535%)(0.323m),308.768,4040.301,67.6,1.3820,"[1.456, 2.299, 1.987, 1.566, 2.644, 2.132]","[4.089, 4.356, 3.920, 4.092, 4.625, 4.130]","[-7.266, -6.224, -6.802, -8.440, -6.146, -6.082]"
1043,3,2.9220,14.0411,0.174,383,1135,42,10,0.124,80,16.20,41770,1547.21,0,0,23.000(28.750%)(0.321m),21.000(18.529%)(0.107m),50.000(44.118%)(3.214m),41.586(36.693%)(2.313m),19.592(24.490%)(0.000m),27.000(67.500%)(1.821m),13.772(34.430%)(0.404m),853.493,3733.299,68.6,1.3923,"[1.477, 2.104, 1.837, 1.569, 2.415, 1.922]","[3.555, 4.239, 3.754, 3.674, 4.551, 4.108]","[-8.864, -5.273, -7.293, -8.194, -4.888, -7.533]"
1044,3,4.7605,13.7000,0.174,519,1606,74,70,0.124,90,16.19,41822,2109.36,0,0,22.000(27.500%)(0.214m),25.000(22.059%)(0.536m),54.000(47.647%)(3.643m),37.450(33.044%)(1.870m),17.546(21.933%)(0.000m),18.000(45.000%)(0.857m),12.312(30.780%)(0.248m),0.000,3184.643,71.6,1.4601,"[1.931, 2.277, 1.755, 2.080, 2.646, 1.905]","[3.722, 4.216, 3.614, 3.937, 4.462, 4.065]","[-4.649, -4.873, -6.247, -4.317, -4.671, -7.392]"
1045,3,20.8465,13.6359,0.172,633,1993,112,135,0.124,100,16.27,41886,2601.18,1,1,24.000(30.000%)(0.429m),42.000(37.059%)(2.357m),63.000(55.588%)(4.607m),33.000(29.118%)(1.393m),22.000(27.500%)(0.214m),18.000(45.000%)(0.857m),16.211(40.528%)(0.665m),104.968,2922.970,72.9,1.4867,"[2.104, 2.609, 2.367, 2.241, 3.049, 2.584]","[3.856, 4.140, 3.914, 3.894, 4.417, 4.362]","[-5.106, -0.747, -0.386, -5.142, -0.141, -0.283]"
1046,3,22.3300,13.6319,0.173,634,1994,0,48,0.123,100,16.35,41950,2786.34,2,1,27.000(33.750%)(0.750m),46.000(40.588%)(2.786m),65.000(57.353%)(4.821m),46.000(40.588%)(2.786m),23.629(29.536%)(0.389m),22.000(55.000%)(1.286m),16.698(41.746%)(0.718m),480.699,3027.225,72.8,1.3909,"[2.096, 2.715, 2.356, 2.272, 3.125, 2.599]","[3.729, 4.180, 3.704, 3.902, 4.446, 3.937]","[-5.150, -1.272, -0.941, -5.591, -1.823, -1.695]"
1047,3,23.3531,13.6782,0.166,678,2091,70,77,0.123,100,16.43,42018,2808.44,3,1,27.000(33.750%)(0.750m),45.000(39.706%)(2.679m),65.000(57.353%)(4.821m),38.000(33.530%)(1.929m),19.226(24.032%)(0.000m),20.000(50.000%)(1.071m),13.515(33.789%)(0.377m),274.676,3245.602,71.4,1.3808,"[1.889, 2.786, 2.507, 1.951, 3.113, 2.653]","[3.863, 4.429, 4.147, 3.895, 4.662, 4.200]","[-4.760, 0.400, -1.152, -4.546, 0.651, -2.255]"
1048,3,1.2803,13.7150,0.164,222,641,17,22,0.123,60,16.41,42041,863.78,0,0,25.000(31.250%)(0.536m),37.000(32.647%)(1.821m),58.000(51.177%)(4.071m),26.259(23.170%)(0.671m),12.701(15.877%)(0.000m),24.000(60.000%)(1.500m),9.910(24.774%)(0.000m),268.323,3523.672,66.8,1.4573,"[1.626, 2.274, 2.256, 1.658, 2.511, 2.286]","[3.672, 4.238, 4.028, 3.708, 4.533, 4.271]","[-5.369, -5.804, -6.436, -5.143, -5.879, -4.943]"
1049,3,19.6492,14.0279,0.180,625,1976,209,98,0.123,100,16.49,42104,2645.78,1,1,20.000(25.000%)(0.000m),43.000(37.941%)(2.464m),58.000(51.177%)(4.071m),41.000(36.177%)(2.250m),22.703(28.378%)(0.290m),14.000(35.000%)(0.429m),16.027(40.067%)(0.646m),290.358,2778.828,73.2,1.4857,"[1.820, 2.405, 2.066, 1.906, 2.798, 2.236]","[3.703, 4.240, 3.850, 3.779, 4.436, 3.975]","[-4.210, -2.512, -5.004, -4.935, -1.648, -3.589]"
1050,3,20.8517,14.3954,0.171,630,1987,141,69,0.122,100,16.57,42167,2572.98,2,1,28.000(35.000%)(0.857m),42.000(37.059%)(2.357m),59.000(52.059%)(4.179m),39.000(34.412%)(2.036m),18.817(23.521%)(0.000m),20.000(50.000%)(1.071m),13.217(33.041%)(0.345m),227.120,2811.002,73.0,1.4155,"[1.437, 2.648, 2.366, 1.499, 3.045, 2.586]","[3.959, 4.179, 3.882, 4.020, 4.499, 4.307]","[-5.374, 0.205, -1.430, -4.911, 0.657, -1.649]"
1051,3,20.7799,14.8166,0.186,694,2126,59,62,0.122,100,16.65,42237,2816.43,3,1,24.000(30.000%)(0.429m),36.000(31.765%)(1.714m),48.000(42.353%)(3.000m),32.693(28.847%)(1.360m),15.067(18.834%)(0.000m),21.000(52.500%)(1.179m),10.546(26.364%)(0.058m),211.659,2969.567,70.9,1.3892,"[1.637, 2.407, 2.155, 1.763, 2.710, 2.306]","[3.677, 4.116, 3.873, 3.940, 4.466, 4.209]","[-5.048, -5.570, -3.641, -5.137, -5.239, -3.475]"
1052,3,23.5291,14.8030,0.173,682,2099,0,45,0.122,100,16.73,42306,2745.80,4,1,25.000(31.250%)(0.536m),44.000(38.824%)(2.571m),60.000(52.941%)(4.286m),43.000(37.941%)(2.464m),23.887(29.859%)(0.416m),22.000(55.000%)(1.286m),16.862(42.155%)(0.735m),391.919,3062.262,71.2,1.3855,"[2.310, 2.718, 2.260, 2.424, 3.114, 2.433]","[3.619, 4.235, 3.800, 3.780, 4.532, 4.237]","[-3.685, 1.376, -0.608, -4.115, 1.562, -1.573]"
1053,3,23.3402,14.8678,0.174,629,1985,3,79,0.122,100,16.81,42369,2543.22,5,1,22.000(27.500%)(0.214m),39.000(34.412%)(2.036m),56.000(49.412%)(3.857m),40.000(35.294%)(2.143m),23.398(29.248%)(0.364m),20.000(50.000%)(1.071m),16.510(41.274%)(0.697m),263.804,2822.825,73.0,1.3748,"[2.068, 2.655, 2.306, 2.258, 3.126, 2.557]","[3.726, 4.125, 3.747, 3.739, 4.610, 3.983]","[-4.730, 0.717, -0.785, -4.756, 0.665, -1.271]"
1054,3,1.5266,14.5658,0.194,202,608,20,0,0.121,60,16.79,42390,829.87,0,0,36.000(45.000%)(1.714m),49.000(43.235%)(3.107m),50.500(44.559%)(3.268m),20.750(18.309%)(0.080m),11.447(14.309%)(0.000m),27.000(67.500%)(1.821m),10.126(25.315%)(0.013m),524.309,3789.966,69.6,1.4274,"[1.024, 2.555, 2.616, 1.082, 2.786, 2.676]","[3.917, 4.554, 4.096, 4.070, 4.869, 4.346]","[-6.038, -6.027, -5.267, -5.635, -6.564, -5.180]"
1055,3,22.8547,14.9703,0.172,624,1973,0,86,0.121,100,16.87,42453,2539.74,1,1,24.000(30.000%)(0.429m),44.000(38.824%)(2.571m),65.000(57.353%)(4.821m),44.000(38.824%)(2.571m),23.261(29.076%)(0.349m),17.000(42.500%)(0.750m),16.412(41.030%)(0.687m),401.010,2828.456,73.2,1.3755,"[2.239, 2.870, 2.447, 2.340, 3.276, 2.654]","[3.830, 4.394, 4.147, 3.931, 4.634, 4.413]","[-4.374, 0.010, -2.784, -5.158, 0.849, -2.389]"
1056,3,19.5594,14.8337,0.206,646,2021,161,47,0.121,100,16.95,42518,2577.25,2,1,25.000(31.250%)(0.536m),32.000(28.235%)(1.286m),45.000(39.706%)(2.679m),42.000(37.059%)(2.357m),22.307(27.884%)(0.247m),24.000(60.000%)(1.500m),15.720(39.300%)(0.613m),204.160,2862.908,72.4,1.3556,"[2.169, 2.859, 2.470, 2.261, 3.228, 2.645]","[3.866, 4.142, 4.236, 3.972, 4.542, 4.364]","[-4.571, -0.731, -1.898, -5.159, -0.630, -2.409]"
1057,3,20.6693,15.2529,0.186,671,2078,89,103,0.121,100,17.03,42586,2591.25,3,1,23.000(28.750%)(0.321m),39.000(34.412%)(2.036m),36.000(31.765%)(1.714m),28.000(24.706%)(0.857m),16.424(20.530%)(0.000m),16.000(40.000%)(0.643m),11.529(28.824%)(0.164m),46.102,3189.169,71.7,1.3974,"[1.569, 2.402, 2.164, 1.759, 2.816, 2.340]","[3.619, 4.216, 3.832, 3.901, 4.569, 4.212]","[-4.975, -5.206, -3.121, -4.741, -5.311, -3.004]"
1058,3,25.9537,15.3790,0.176,668,2067,4,90,0.120,100,17.11,42653,2771.33,4,1,16.000(20.000%)(0.000m),38.000(33.530%)(1.929m),61.000(53.824%)(4.393m),43.000(37.941%)(2.464m),24.982(31.227%)(0.534m),15.000(37.500%)(0.536m),17.655(44.138%)(0.820m),208.337,3031.963,71.6,1.3988,"[2.309, 2.895, 2.338, 2.451, 3.237, 2.510]","[4.340, 4.163, 3.984, 4.320, 4.472, 4.219]","[-4.631, -1.669, -3.496, -4.804, -1.446, -4.122]"
1059,3,0.0034,15.0634,0.181,148,434,13,0,0.120,50,17.09,42668,629.63,0,0,37.000(46.250%)(1.821m),49.000(43.235%)(3.107m),20.778(18.333%)(0.083m),13.429(11.849%)(0.000m),9.403(11.753%)(0.000m),40.000(100.000%)(3.214m),11.748(29.371%)(0.187m),524.309,3839.054,67.9,1.4735,"[1.485, 1.977, 1.813, 1.525, 2.231, 1.872]","[3.790, 4.332, 3.759, 3.887, 4.621, 3.750]","[-6.616, -6.755, -8.168, -7.164, -6.421, -7.641]"
1060,3,25.8814,15.1564,0.188,632,1989,7,55,0.120,100,17.17,42732,2570.15,1,1,27.000(33.750%)(0.750m),40.000(35.294%)(2.143m),52.000(45.882%)(3.429m),51.417(45.368%)(3.366m),24.545(30.681%)(0.487m),19.000(47.500%)(0.964m),17.364(43.409%)(0.789m),393.615,3050.218,72.8,1.4496,"[2.566, 3.024, 2.486, 2.761, 3.459, 2.741]","[3.805, 4.402, 4.030, 3.853, 4.739, 4.378]","[-2.791, 0.011, -1.125, -3.619, -0.221, -1.300]"
1061,3,2.2322,14.8477,0.185,363,1128,68,60,0.120,80,17.15,42769,1519.09,0,0,12.000(15.000%)(0.000m),44.000(38.824%)(2.571m),57.000(50.294%)(3.964m),38.000(33.530%)(1.929m),23.017(28.772%)(0.323m),11.000(27.500%)(0.107m),16.234(40.585%)(0.668m),215.636,3045.947,71.9,1.4512,"[1.669, 2.351, 1.989, 1.780, 2.727, 2.133]","[3.969, 4.444, 4.000, 4.097, 4.745, 4.298]","[-6.242, -8.136, -10.883, -5.476, -6.926, -9.568]"
1062,3,19.4992,14.8035,0.176,648,2027,226,88,0.120,100,17.23,42834,2704.75,1,1,20.000(25.000%)(0.000m),36.000(31.765%)(1.714m),42.000(37.059%)(2.357m),32.071(28.298%)(1.293m),14.764(18.455%)(0.000m),17.000(42.500%)(0.750m),10.331(25.828%)(0.036m),164.961,2657.633,72.4,1.4692,"[1.495, 2.250, 2.419, 1.701, 2.646, 2.587]","[4.063, 4.259, 3.902, 4.173, 4.508, 4.184]","[-6.460, -7.043, -1.461, -6.648, -6.514, -2.151]"
1063,3,14.4037,14.6864,0.183,661,2055,98,125,0.119,100,17.31,42901,2699.94,2,1,25.979(32.474%)(0.641m),36.000(31.765%)(1.714m),49.000(43.235%)(3.107m),35.000(30.882%)(1.607m),15.000(18.750%)(0.000m),18.377(45.943%)(0.898m),11.000(27.500%)(0.107m),235.840,3118.452,72.0,1.4309,"[1.355, 2.032, 1.902, 1.576, 2.442, 2.029]","[3.677, 4.345, 3.892, 3.922, 4.698, 4.155]","[-9.409, -7.605, -6.939, -8.020, -6.910, -6.230]"
1064,3,17.9155,14.5230,0.173,648,2029,75,128,0.119,100,17.39,42966,2639.50,3,1,18.288(22.860%)(0.000m),38.830(34.262%)(2.018m),69.000(60.883%)(5.250m),39.000(34.412%)(2.036m),19.000(23.750%)(0.000m),12.839(32.097%)(0.304m),13.000(32.500%)(0.321m),380.965,3282.834,72.5,1.4436,"[1.555, 2.132, 1.620, 1.810, 2.485, 1.726]","[3.751, 4.456, 3.949, 3.893, 4.727, 4.016]","[-5.244, -3.433, -5.535, -5.241, -3.317, -4.965]"
1065,3,13.7625,14.8059,0.176,681,2101,96,129,0.119,100,17.46,43035,2689.46,4,1,21.936(27.420%)(0.207m),39.000(34.412%)(2.036m),48.000(42.353%)(3.000m),48.698(42.969%)(3.075m),23.000(28.750%)(0.321m),15.476(38.691%)(0.587m),13.000(32.500%)(0.321m),351.424,3071.014,71.4,1.4128,"[1.696, 2.282, 1.777, 1.929, 2.592, 1.882]","[3.892, 4.233, 3.733, 4.175, 4.502, 4.176]","[-4.755, -2.233, -3.154, -4.726, -2.377, -4.051]"
1066,3,24.8983,14.7619,0.174,624,1973,78,45,0.119,100,17.54,43098,2511.42,5,1,29.000(36.250%)(0.964m),41.000(36.177%)(2.250m),65.000(57.353%)(4.821m),40.126(35.405%)(2.156m),18.853(23.566%)(0.000m),23.000(57.500%)(1.393m),13.243(33.107%)(0.347m),312.358,2766.338,73.2,1.3801,"[1.878, 2.794, 2.470, 2.015, 3.189, 2.660]","[3.789, 4.162, 3.918, 3.823, 4.428, 4.287]","[-5.144, 0.691, -0.640, -4.727, 0.970, -1.705]"
1067,3,18.4185,14.8065,0.170,663,2058,127,60,0.118,100,17.62,43165,2627.78,6,1,25.000(31.250%)(0.536m),45.000(39.706%)(2.679m),63.000(55.588%)(4.607m),39.014(34.424%)(2.037m),18.290(22.863%)(0.000m),18.000(45.000%)(0.857m),12.839(32.098%)(0.304m),476.666,2954.515,71.8,1.4425,"[2.112, 2.802, 2.356, 2.235, 3.200, 2.564]","[3.665, 4.246, 3.905, 3.864, 4.517, 4.415]","[-5.246, -0.229, -3.000, -4.992, 0.208, -2.871]"
1068,3,15.8071,14.7999,0.177,659,2052,158,76,0.118,100,17.70,43231,2621.37,7,1,25.000(31.250%)(0.536m),46.000(40.588%)(2.786m),55.000(48.530%)(3.750m),30.681(27.072%)(1.144m),14.157(17.696%)(0.000m),18.000(45.000%)(0.857m),9.909(24.772%)(0.000m),294.957,2988.645,72.1,1.4019,"[1.331, 2.291, 2.242, 1.485, 2.658, 2.460]","[3.978, 4.312, 4.242, 4.014, 4.618, 4.287]","[-5.146, -6.315, -2.147, -4.873, -5.968, -2.050]"
1069,3,0.3570,14.8069,0.185,187,552,13,1,0.118,55,17.68,43250,756.33,0,0,32.000(40.000%)(1.286m),43.000(37.941%)(2.464m),63.000(55.588%)(4.607m),23.741(20.948%)(0.401m),11.996(14.994%)(0.000m),29.000(72.500%)(2.036m),9.723(24.307%)(0.000m),420.089,4187.851,68.3,1.2964,"[1.074, 2.229, 2.112, 1.143, 2.571, 2.247]","[4.049, 4.306, 3.761, 4.170, 4.620, 4.020]","[-5.756, -5.112, -6.080, -5.487, -5.480, -5.390]"
1070,3,25.1523,14.8858,0.175,641,2010,1,23,0.118,100,17.76,43315,2641.88,1,1,26.000(32.500%)(0.643m),40.000(35.294%)(2.143m),59.000(52.059%)(4.179m),49.520(43.695%)(3.163m),24.117(30.146%)(0.441m),22.000(55.000%)(1.286m),17.053(42.633%)(0.756m),266.687,3103.320,72.6,1.4259,"[2.067, 2.831, 2.441, 2.297, 3.257, 2.683]","[3.927, 4.225, 3.963, 4.061, 4.523, 4.288]","[-5.625, 1.320, -0.105, -5.445, 1.299, -0.624]"
1071,3,19.1156,15.1385,0.176,628,1984,223,123,0.117,100,17.83,43378,2572.91,2,1,23.000(28.750%)(0.321m),38.000(33.530%)(1.929m),40.000(35.294%)(2.143m),29.000(25.588%)(0.964m),18.845(23.557%)(0.000m),18.000(45.000%)(0.857m),13.237(33.093%)(0.347m),49.128,2654.129,73.1,1.3815,"[1.823, 2.629, 2.380, 1.919, 3.028, 2.529]","[3.743, 3.959, 4.072, 3.891, 4.301, 4.485]","[-4.829, -1.566, -1.653, -4.932, -1.624, -1.930]"
1072,3,23.6266,15.5554,0.172,655,2040,26,24,0.117,100,17.91,43444,2723.45,3,1,25.000(31.250%)(0.536m),38.000(33.530%)(1.929m),53.000(46.765%)(3.536m),45.078(39.775%)(2.687m),21.408(26.760%)(0.151m),24.000(60.000%)(1.500m),15.080(37.699%)(0.544m),241.793,3127.833,72.1,1.4023,"[2.227, 2.896, 2.578, 2.393, 3.312, 2.728]","[4.049, 4.182, 3.923, 4.132, 4.534, 4.428]","[-4.700, -1.363, -2.972, -4.518, -0.936, -3.849]"
1073,3,17.7996,15.9002,0.179,654,2040,107,94,0.117,100,17.99,43510,2690.04,4,1,26.000(32.500%)(0.643m),45.000(39.706%)(2.679m),60.000(52.941%)(4.286m),41.000(36.177%)(2.250m),21.045(26.307%)(0.112m),19.000(47.500%)(0.964m),14.815(37.038%)(0.516m),295.507,2913.305,72.2,1.4447,"[1.962, 2.768, 2.458, 2.076, 3.101, 2.616]","[4.031, 4.328, 3.911, 4.213, 4.622, 4.358]","[-5.194, -1.558, -0.870, -5.157, -0.832, -1.199]"
1074,3,20.1176,15.9688,0.178,630,1987,140,26,0.117,100,18.06,43573,2652.52,5,1,29.000(36.250%)(0.964m),45.000(39.706%)(2.679m),62.000(54.706%)(4.500m),31.578(27.863%)(1.241m),14.497(18.122%)(0.000m),24.000(60.000%)(1.500m),10.141(25.353%)(0.015m),434.074,2943.043,73.0,1.4489,"[1.928, 2.506, 2.445, 2.134, 2.897, 2.632]","[4.383, 4.603, 3.983, 4.422, 4.808, 4.018]","[-5.213, -6.001, -0.371, -5.071, -5.478, -0.265]"
1075,3,27.8788,16.4579,0.177,675,2084,0,17,0.116,100,18.14,43641,2761.58,6,1,29.000(36.250%)(0.964m),44.000(38.824%)(2.571m),74.000(65.294%)(5.786m),49.697(43.851%)(3.182m),23.683(29.604%)(0.395m),22.000(55.000%)(1.286m),16.716(41.789%)(0.720m),401.736,3528.392,71.4,1.4025,"[2.378, 2.987, 2.522, 2.546, 3.395, 2.714]","[3.715, 4.395, 3.989, 3.894, 4.694, 4.240]","[-3.424, 0.141, -1.603, -3.846, 0.486, -2.261]"
1076,3,2.6597,16.0142,0.175,343,1064,114,31,0.116,80,18.12,43676,1412.94,0,0,12.000(15.000%)(0.000m),21.000(18.529%)(0.107m),54.000(47.647%)(3.643m),40.253(35.517%)(2.170m),18.965(23.707%)(0.000m),25.000(62.500%)(1.607m),13.329(33.324%)(0.357m),327.865,3081.247,71.8,1.3843,"[1.239, 2.075, 1.796, 1.246, 2.454, 1.910]","[3.603, 4.237, 3.862, 3.659, 4.497, 4.114]","[-5.437, -5.972, -6.136, -6.684, -5.331, -7.268]"
1077,3,21.8192,15.9892,0.170,632,1989,7,46,0.116,100,18.20,43740,2519.22,1,1,25.000(31.250%)(0.536m),39.000(34.412%)(2.036m),55.000(48.530%)(3.750m),51.000(45.000%)(3.321m),25.379(31.724%)(0.576m),24.000(60.000%)(1.500m),17.959(44.898%)(0.853m),285.155,2886.776,72.8,1.3751,"[2.133, 2.760, 2.254, 2.336, 3.118, 2.415]","[3.752, 4.106, 3.750, 3.803, 4.418, 3.988]","[-4.400, -0.852, -2.530, -4.776, -0.602, -3.164]"
1078,3,24.4214,15.9114,0.180,671,2076,6,66,0.116,100,18.27,43808,2694.33,2,1,27.000(33.750%)(0.750m),48.000(42.353%)(3.000m),57.000(50.294%)(3.964m),34.000(30.000%)(1.500m),24.176(30.220%)(0.447m),19.000(47.500%)(0.964m),17.096(42.740%)(0.760m),169.836,2928.659,71.6,1.3708,"[2.084, 2.793, 2.441, 2.204, 3.191, 2.653]","[3.673, 4.177, 3.922, 3.721, 4.530, 4.210]","[-3.730, -0.271, -1.270, -4.122, 0.066, -1.441]"
1079,3,20.6724,15.9741,0.170,631,1989,54,100,0.116,100,18.35,43872,2506.71,3,1,19.000(23.750%)(0.000m),36.000(31.765%)(1.714m),52.000(45.882%)(3.429m),42.056(37.109%)(2.363m),19.878(24.848%)(0.000m),14.000(35.000%)(0.429m),13.983(34.959%)(0.427m),184.269,2915.449,72.9,1.3757,"[2.071, 2.740, 2.220, 2.245, 3.147, 2.407]","[3.691, 4.258, 4.046, 3.933, 4.651, 4.305]","[-4.071, -2.752, -5.701, -4.511, -1.589, -4.517]"
1080,3,25.5335,16.3939,0.173,629,1983,22,55,0.115,100,18.43,43935,2606.51,4,1,25.000(31.250%)(0.536m),46.000(40.588%)(2.786m),74.000(65.294%)(5.786m),43.242(38.155%)(2.490m),20.622(25.777%)(0.067m),22.000(55.000%)(1.286m),14.510(36.275%)(0.483m),462.603,2928.573,73.0,1.4293,"[2.194, 2.846, 2.458, 2.423, 3.260, 2.658]","[3.938, 4.325, 4.002, 3.884, 4.672, 4.140]","[-5.531, -2.354, -0.787, -5.270, -1.361, -0.885]"
1081,3,23.3806,16.7020,0.173,641,2008,0,62,0.115,100,18.50,44000,2554.84,5,1,26.000(32.500%)(0.643m),42.000(37.059%)(2.357m),60.000(52.941%)(4.286m),46.000(40.588%)(2.786m),24.260(30.325%)(0.456m),22.000(55.000%)(1.286m),17.133(42.833%)(0.764m),330.277,2933.949,72.5,1.3913,"[2.337, 2.700, 2.279, 2.528, 3.080, 2.452]","[3.670, 4.194, 3.861, 3.731, 4.492, 3.968]","[-4.238, 1.016, -0.519, -4.430, 1.221, -0.977]"
1082,3,17.4692,17.0471,0.188,670,2074,138,42,0.115,100,18.58,44067,2748.38,6,1,24.000(30.000%)(0.429m),35.000(30.882%)(1.607m),45.000(39.706%)(2.679m),39.369(34.737%)(2.075m),18.518(23.147%)(0.000m),24.000(60.000%)(1.500m),13.008(32.521%)(0.322m),235.066,2777.491,71.6,1.4705,"[1.882, 2.659, 2.350, 1.996, 3.015, 2.456]","[3.525, 4.043, 3.760, 3.515, 4.497, 4.056]","[-4.711, -0.273, -0.416, -4.730, 0.049, -1.010]"
1083,3,6.5080,16.7049,0.183,531,1633,19,63,0.115,90,18.56,44121,2128.91,0,0,23.000(28.750%)(0.321m),34.000(30.000%)(1.500m),23.000(20.294%)(0.321m),22.000(19.412%)(0.214m),23.350(29.187%)(0.359m),16.000(40.000%)(0.643m),16.475(41.186%)(0.694m),0.000,3516.290,71.2,1.3753,"[1.560, 1.831, 1.461, 1.636, 2.004, 1.574]","[4.241, 4.410, 4.260, 4.370, 4.666, 4.693]","[-5.870, -7.875, -7.211, -5.941, -11.677, -6.742]"
1084,3,3.6643,16.4539,0.186,495,1548,122,65,0.114,90,18.54,44171,2010.03,0,0,28.000(35.000%)(0.857m),48.000(42.353%)(3.000m),40.576(35.802%)(2.205m),19.019(16.782%)(0.000m),11.070(13.837%)(0.000m),21.000(52.500%)(1.179m),10.413(26.032%)(0.044m),268.616,3004.710,72.4,1.3802,"[1.280, 2.217, 2.136, 1.442, 2.627, 2.292]","[3.993, 4.220, 3.941, 4.036, 4.496, 4.154]","[-5.043, -5.293, -4.920, -5.122, -5.092, -4.411]"
1085,3,26.7095,16.7696,0.170,624,1973,77,35,0.114,100,18.62,44234,2535.22,1,1,29.000(36.250%)(0.964m),44.000(38.824%)(2.571m),65.000(57.353%)(4.821m),41.000(36.177%)(2.250m),23.017(28.772%)(0.323m),23.000(57.500%)(1.393m),16.234(40.585%)(0.668m),308.532,2792.116,73.2,1.4302,"[1.976, 2.822, 2.439, 2.057, 3.182, 2.586]","[3.869, 4.130, 3.934, 3.876, 4.490, 4.195]","[-4.344, 0.960, -0.537, -4.766, 1.334, -1.075]"
1086,3,24.2845,16.8630,0.178,632,1991,53,62,0.114,100,18.69,44298,2667.81,2,1,28.000(35.000%)(0.857m),43.000(37.941%)(2.464m),67.000(59.118%)(5.036m),37.000(32.647%)(1.821m),19.112(23.890%)(0.000m),20.000(50.000%)(1.071m),13.428(33.570%)(0.367m),215.200,2826.022,72.9,1.4395,"[1.629, 2.664, 2.242, 1.730, 2.993, 2.465]","[3.471, 4.191, 3.707, 3.617, 4.435, 3.888]","[-4.423, 0.591, -0.637, -4.590, 1.071, -0.645]"
1087,3,21.5509,17.2049,0.167,689,2115,33,48,0.114,100,18.77,44367,2914.54,3,1,28.000(35.000%)(0.857m),44.000(38.824%)(2.571m),61.000(53.824%)(4.393m),36.739(32.417%)(1.793m),17.185(21.481%)(0.000m),21.000(52.500%)(1.179m),12.049(30.123%)(0.220m),377.399,3502.701,71.0,1.4062,"[1.925, 2.481, 2.228, 2.080, 2.856, 2.416]","[3.751, 3.814, 3.448, 3.832, 4.197, 3.695]","[-5.474, -4.974, -1.476, -5.017, -4.770, -2.081]"
1088,3,22.5494,17.3404,0.159,629,1984,111,78,0.113,100,18.84,44430,2479.73,4,1,26.000(32.500%)(0.643m),41.000(36.177%)(2.250m),65.000(57.353%)(4.821m),32.128(28.348%)(1.299m),14.779(18.473%)(0.000m),20.000(50.000%)(1.071m),10.341(25.852%)(0.037m),321.269,2802.760,73.0,1.3589,"[1.353, 2.378, 2.265, 1.485, 2.789, 2.437]","[3.379, 3.883, 3.711, 3.334, 4.129, 3.987]","[-5.567, -5.439, -1.526, -5.347, -5.072, -1.755]"
1089,3,19.4451,17.3813,0.173,716,2174,93,143,0.113,100,18.92,44502,2870.56,5,1,22.000(27.500%)(0.214m),30.000(26.471%)(1.071m),50.000(44.118%)(3.214m),40.000(35.294%)(2.143m),20.898(26.122%)(0.096m),19.000(47.500%)(0.964m),14.771(36.927%)(0.511m),159.502,3768.658,70.3,1.3585,"[2.206, 2.436, 1.986, 2.321, 2.851, 2.190]","[3.572, 3.856, 3.476, 3.942, 4.173, 3.750]","[-3.621, -2.237, -4.402, -3.859, -2.059, -4.151]"
1090,3,22.4938,17.2820,0.176,685,2107,231,33,0.113,100,18.99,44571,2796.99,6,1,30.000(37.500%)(1.071m),41.000(36.177%)(2.250m),56.000(49.412%)(3.857m),44.000(38.824%)(2.571m),22.506(28.133%)(0.269m),23.000(57.500%)(1.393m),15.884(39.710%)(0.630m),340.068,3313.855,71.2,1.3871,"[1.892, 2.610, 2.371, 2.021, 2.991, 2.530]","[3.720, 4.030, 3.855, 3.990, 4.314, 4.157]","[-5.672, -2.031, -2.304, -5.383, -2.778, -2.977]"
1091,3,16.1051,17.2412,0.166,632,1992,114,76,0.113,100,19.07,44635,2594.16,7,1,27.000(33.750%)(0.750m),48.000(42.353%)(3.000m),62.000(54.706%)(4.500m),30.746(27.129%)(1.151m),14.124(17.655%)(0.000m),24.000(60.000%)(1.500m),9.880(24.699%)(0.000m),458.633,3211.524,72.9,1.4595,"[1.520, 2.472, 2.354, 1.797, 2.900, 2.625]","[3.792, 3.962, 4.156, 3.960, 4.351, 4.468]","[-6.347, -5.116, -2.063, -5.210, -4.615, -0.720]"
1092,3,6.2129,17.3311,0.168,544,1662,73,101,0.113,90,19.05,44690,2246.44,0,0,24.000(30.000%)(0.429m),27.000(23.824%)(0.750m),57.000(50.294%)(3.964m),48.617(42.897%)(3.066m),22.000(27.500%)(0.214m),23.000(57.500%)(1.393m),16.000(40.000%)(0.643m),0.000,3234.614,70.7,1.4376,"[1.901, 2.262, 1.838, 2.186, 2.649, 1.968]","[3.685, 4.077, 3.694, 4.058, 4.425, 3.916]","[-4.204, -4.359, -8.068, -4.322, -3.950, -8.301]"
1093,3,8.7246,17.4472,0.177,547,1710,27,92,0.112,95,19.03,44745,2199.51,0,0,19.000(23.750%)(0.000m),33.000(29.118%)(1.393m),45.000(39.706%)(2.679m),24.105(21.269%)(0.440m),12.179(15.224%)(0.000m),20.000(50.000%)(1.071m),9.872(24.679%)(0.000m),106.653,2727.068,72.3,1.3731,"[1.595, 2.435, 2.179, 1.722, 2.812, 2.300]","[3.857, 3.985, 3.924, 4.088, 4.363, 4.335]","[-5.438, -5.196, -5.428, -5.290, -5.667, -4.995]"
1094,3,20.7518,17.7670,0.171,651,2033,161,71,0.112,100,19.10,44811,2625.32,1,1,26.000(32.500%)(0.643m),41.000(36.177%)(2.250m),47.000(41.471%)(2.893m),35.000(30.882%)(1.607m),16.880(21.100%)(0.000m),18.000(45.000%)(0.857m),11.840(29.599%)(0.197m),134.600,3121.846,72.3,1.4285,"[1.156, 2.591, 2.487, 1.202, 2.990, 2.681]","[4.064, 4.210, 4.101, 4.248, 4.612, 4.361]","[-5.247, -3.892, -2.219, -5.652, -3.288, -2.298]"
1095,3,1.1501,17.3731,0.175,382,1178,25,80,0.112,80,19.09,44850,1619.30,0,0,26.053(32.566%)(0.649m),44.000(38.824%)(2.571m),64.000(56.471%)(4.714m),40.000(35.294%)(2.143m),14.000(17.500%)(0.000m),18.433(46.081%)(0.903m),10.000(25.000%)(0.000m),420.325,3167.293,71.4,1.4845,"[1.382, 1.937, 1.899, 1.663, 2.316, 1.871]","[3.537, 4.438, 4.087, 3.724, 4.763, 4.161]","[-6.267, -3.623, -3.181, -6.101, -3.515, -2.564]"
1096,3,24.9631,17.4257,0.172,651,2032,4,76,0.112,100,19.16,44916,2689.32,1,1,26.000(32.500%)(0.643m),40.000(35.294%)(2.143m),55.000(48.530%)(3.750m),41.000(36.177%)(2.250m),23.377(29.222%)(0.362m),20.000(50.000%)(1.071m),16.516(41.291%)(0.698m),290.232,2929.384,72.3,1.3809,"[2.153, 2.903, 2.526, 2.329, 3.319, 2.729]","[3.832, 4.318, 4.132, 4.003, 4.630, 4.663]","[-4.244, 0.614, -1.230, -4.280, 0.899, -1.176]"
1097,3,-0.0056,16.9585,0.169,161,477,14,10,0.111,50,19.14,44933,700.57,0,0,29.000(36.250%)(0.964m),44.000(38.824%)(2.571m),24.654(21.754%)(0.499m),14.701(12.972%)(0.000m),9.737(12.171%)(0.000m),40.000(100.000%)(3.214m),11.007(27.519%)(0.108m),417.289,3723.523,68.6,1.4455,"[1.477, 2.232, 2.260, 1.546, 2.561, 2.347]","[3.419, 4.186, 3.914, 3.523, 4.519, 3.969]","[-6.568, -5.296, -5.409, -6.784, -5.493, -5.562]"
1098,3,22.3624,17.3802,0.177,653,2038,31,94,0.111,100,19.22,44999,2561.10,1,1,25.000(31.250%)(0.536m),47.000(41.471%)(2.893m),62.000(54.706%)(4.500m),35.000(30.882%)(1.607m),20.793(25.991%)(0.085m),19.000(47.500%)(0.964m),14.633(36.582%)(0.496m),190.579,3258.655,72.2,1.4027,"[2.241, 3.024, 2.590, 2.364, 3.429, 2.823]","[4.724, 4.336, 4.171, 4.760, 4.648, 4.470]","[-3.973, -0.129, -0.625, -4.184, 0.200, -1.376]"
1099,3,19.4346,17.3759,0.161,628,1983,88,106,0.111,100,19.29,45062,2571.21,2,1,20.000(25.000%)(0.000m),42.000(37.059%)(2.357m),65.000(57.353%)(4.821m),32.390(28.580%)(1.328m),14.965(18.706%)(0.000m),14.000(35.000%)(0.429m),10.476(26.191%)(0.051m),392.163,2872.826,73.1,1.4542,"[1.608, 2.453, 2.113, 1.879, 2.887, 2.404]","[3.631, 4.180, 3.825, 3.849, 4.519, 4.071]","[-5.458, -5.290, -5.962, -5.233, -5.077, -4.582]"
1100,3,22.0498,17.3999,0.182,627,1979,83,45,0.111,100,19.36,45125,2496.24,3,1,25.000(31.250%)(0.536m),44.000(38.824%)(2.571m),65.000(57.353%)(4.821m),41.065(36.234%)(2.257m),19.477(24.346%)(0.000m),21.000(52.500%)(1.179m),13.691(34.228%)(0.395m),341.857,2970.212,73.1,1.3984,"[2.006, 2.850, 2.589, 2.216, 3.283, 2.800]","[4.007, 4.222, 4.057, 4.239, 4.523, 4.254]","[-5.347, -2.983, -0.013, -4.784, -2.260, -0.267]"
1101,3,0.2613,16.9895,0.183,177,527,17,12,0.111,55,19.35,45143,702.63,0,0,27.000(33.750%)(0.750m),41.000(36.177%)(2.250m),58.218(51.369%)(4.095m),21.580(19.042%)(0.169m),11.490(14.362%)(0.000m),32.000(80.000%)(2.357m),9.792(24.479%)(0.000m),377.326,3667.483,68.8,1.3279,"[1.231, 1.724, 2.446, 1.417, 2.102, 2.543]","[3.840, 4.415, 3.930, 3.986, 4.704, 4.082]","[-6.460, -6.609, -5.585, -6.494, -6.038, -5.253]"
1102,3,23.1010,16.9809,0.175,625,1975,141,77,0.110,100,19.42,45206,2503.37,1,1,24.000(30.000%)(0.429m),43.000(37.941%)(2.464m),65.000(57.353%)(4.821m),42.000(37.059%)(2.357m),23.105(28.881%)(0.333m),21.000(52.500%)(1.179m),16.318(40.796%)(0.677m),341.790,2793.769,73.1,1.3685,"[2.408, 2.997, 2.531, 2.580, 3.397, 2.720]","[4.032, 4.470, 4.055, 4.005, 4.739, 4.296]","[-4.105, -1.181, -2.412, -4.411, -0.763, -2.973]"
1103,3,17.3852,16.8618,0.161,662,2055,104,46,0.110,100,19.49,45273,2689.50,2,1,29.000(36.250%)(0.964m),40.000(35.294%)(2.143m),56.000(49.412%)(3.857m),42.000(37.059%)(2.357m),21.500(26.875%)(0.161m),21.000(52.500%)(1.179m),15.157(37.893%)(0.553m),320.774,3749.338,71.8,1.4096,"[2.246, 2.775, 2.484, 2.357, 3.173, 2.685]","[3.983, 4.278, 4.057, 4.105, 4.517, 4.495]","[-4.280, -0.933, -2.422, -4.809, -0.752, -2.940]"
1104,3,3.1736,16.8948,0.165,370,1139,111,49,0.110,80,19.47,45310,1503.02,0,0,13.000(16.250%)(0.000m),27.000(23.824%)(0.750m),40.000(35.294%)(2.143m),30.000(26.471%)(1.071m),14.954(18.692%)(0.000m),10.000(25.000%)(0.000m),10.465(26.163%)(0.050m),61.952,3016.041,71.2,1.3958,"[0.809, 1.800, 1.794, 0.879, 2.106, 1.923]","[3.810, 4.344, 4.135, 4.040, 4.630, 4.491]","[-5.955, -8.520, -8.374, -5.198, -8.816, -7.000]"
1105,3,21.3933,16.8655,0.171,625,1975,170,98,0.110,100,19.55,45373,2527.03,1,1,25.000(31.250%)(0.536m),44.000(38.824%)(2.571m),47.000(41.471%)(2.893m),32.000(28.235%)(1.286m),22.000(27.500%)(0.214m),20.000(50.000%)(1.071m),16.183(40.457%)(0.662m),74.062,2689.710,73.1,1.4506,"[2.064, 2.880, 2.644, 2.196, 3.298, 2.840]","[3.861, 4.397, 4.145, 4.173, 4.643, 4.581]","[-5.519, -1.631, -0.651, -5.338, -2.354, -1.371]"
1106,3,24.8479,16.9713,0.170,643,2015,41,79,0.109,100,19.62,45438,2667.94,2,1,27.000(33.750%)(0.750m),44.000(38.824%)(2.571m),63.000(55.588%)(4.607m),41.347(36.482%)(2.287m),19.519(24.399%)(0.000m),20.000(50.000%)(1.071m),13.726(34.316%)(0.399m),360.433,3106.324,72.5,1.5045,"[2.255, 2.948, 2.587, 2.409, 3.362, 2.802]","[3.802, 4.287, 3.966, 3.909, 4.639, 4.369]","[-5.363, 0.559, -1.006, -5.062, 1.136, -0.828]"
1107,3,1.8041,16.5940,0.172,251,719,31,38,0.109,65,19.60,45464,1063.05,0,0,21.000(26.250%)(0.107m),37.000(32.647%)(1.821m),57.000(50.294%)(3.964m),25.653(22.635%)(0.606m),12.596(15.744%)(0.000m),20.000(50.000%)(1.071m),9.953(24.884%)(0.000m),202.945,3882.849,66.3,1.3948,"[1.316, 2.215, 2.636, 1.427, 2.438, 2.694]","[3.631, 4.253, 3.690, 3.662, 4.491, 3.924]","[-6.116, -5.598, -6.466, -5.493, -5.755, -5.326]"
1108,3,25.4937,16.5848,0.171,649,2026,4,58,0.109,100,19.68,45529,2601.06,1,1,20.000(25.000%)(0.000m),47.000(41.471%)(2.893m),66.000(58.235%)(4.929m),52.815(46.601%)(3.516m),25.246(31.558%)(0.562m),16.000(40.000%)(0.643m),17.873(44.681%)(0.843m),481.837,3366.936,72.3,1.3897,"[2.309, 2.866, 2.447, 2.496, 3.265, 2.608]","[3.800, 4.278, 3.824, 3.965, 4.540, 4.017]","[-3.812, 0.193, -0.454, -3.974, 0.254, -1.121]"
1109,3,20.7422,16.9996,0.176,628,1984,97,105,0.109,100,19.75,45592,2596.72,2,1,24.000(30.000%)(0.429m),36.000(31.765%)(1.714m),52.000(45.882%)(3.429m),40.291(35.551%)(2.174m),18.937(23.671%)(0.000m),20.000(50.000%)(1.071m),13.302(33.256%)(0.354m),184.269,2932.042,73.1,1.4645,"[1.879, 2.565, 2.199, 2.042, 2.947, 2.337]","[3.824, 4.384, 3.890, 3.995, 4.718, 4.347]","[-4.067, -2.377, -4.485, -4.007, -1.910, -5.014]"
1110,3,24.6502,16.9749,0.156,638,2004,0,92,0.109,100,19.82,45656,2587.08,3,1,28.000(35.000%)(0.857m),42.000(37.059%)(2.357m),60.000(52.941%)(4.286m),37.000(32.647%)(1.821m),23.437(29.296%)(0.368m),20.000(50.000%)(1.071m),16.548(41.369%)(0.702m),173.892,2792.938,72.7,1.4228,"[1.990, 2.814, 2.391, 2.145, 3.212, 2.607]","[3.723, 4.067, 3.746, 3.886, 4.356, 3.915]","[-4.212, 0.095, -1.407, -4.822, 0.209, -1.656]"
1111,3,15.0530,17.2314,0.174,692,2123,119,101,0.108,100,19.89,45726,2823.71,4,1,20.022(25.028%)(0.002m),42.137(37.180%)(2.372m),58.000(51.177%)(4.071m),43.000(37.941%)(2.464m),17.000(21.250%)(0.000m),14.080(35.201%)(0.437m),12.000(30.000%)(0.214m),411.048,3362.874,71.0,1.4112,"[1.881, 2.168, 1.708, 2.135, 2.570, 1.848]","[4.014, 4.251, 3.713, 4.039, 4.532, 3.859]","[-7.485, -5.557, -4.653, -6.006, -4.907, -4.700]"
1112,3,7.4463,16.9903,0.156,551,1727,122,118,0.108,95,19.87,45782,2338.01,0,0,19.000(23.750%)(0.000m),33.000(29.118%)(1.393m),45.000(39.706%)(2.679m),25.632(22.617%)(0.603m),12.398(15.498%)(0.000m),16.000(40.000%)(0.643m),9.673(24.183%)(0.000m),106.653,2660.458,72.5,1.4240,"[0.602, 1.785, 1.978, 0.786, 2.173, 2.176]","[3.678, 4.257, 3.758, 3.778, 4.545, 4.063]","[-5.898, -5.313, -6.294, -5.947, -5.367, -5.341]"
1113,3,2.1689,16.7456,0.172,235,717,59,16,0.108,65,19.86,45806,945.87,0,0,26.000(32.500%)(0.643m),40.000(35.294%)(2.143m),62.000(54.706%)(4.500m),23.183(20.456%)(0.341m),12.033(15.041%)(0.000m),26.000(65.000%)(1.714m),10.002(25.005%)(0.000m),299.746,3376.343,70.6,1.5051,"[1.026, 2.645, 2.558, 1.075, 2.983, 2.724]","[3.443, 4.312, 3.883, 3.624, 4.579, 4.178]","[-5.585, -5.962, -5.914, -5.339, -5.500, -5.307]"
1114,3,23.1665,16.8506,0.178,634,1996,51,81,0.108,100,19.93,45870,2570.82,1,1,27.000(33.750%)(0.750m),42.000(37.059%)(2.357m),61.000(53.824%)(4.393m),32.606(28.770%)(1.351m),15.023(18.779%)(0.000m),20.000(50.000%)(1.071m),10.514(26.286%)(0.055m),158.470,2858.462,72.8,1.3707,"[1.654, 2.668, 2.497, 1.873, 3.177, 2.763]","[3.719, 4.214, 4.031, 4.226, 4.556, 4.442]","[-5.486, -4.236, -0.664, -5.029, -3.525, -0.314]"
1115,3,-0.2829,16.5697,0.201,146,427,15,0,0.108,50,19.91,45885,618.87,0,0,40.000(50.000%)(2.143m),49.000(43.235%)(3.107m),21.939(19.358%)(0.208m),13.924(12.286%)(0.000m),9.621(12.026%)(0.000m),40.000(100.000%)(3.214m),11.721(29.303%)(0.184m),546.776,3856.336,67.7,1.4530,"[1.602, 1.920, 1.715, 1.576, 2.270, 1.782]","[3.654, 4.224, 3.727, 3.811, 4.584, 3.843]","[-4.999, -5.885, -7.228, -6.018, -5.583, -6.127]"
1116,3,2.3630,16.1190,0.176,237,722,60,14,0.107,65,19.89,45909,1003.98,0,0,29.000(36.250%)(0.964m),44.000(38.824%)(2.571m),65.000(57.353%)(4.821m),28.327(24.995%)(0.892m),13.058(16.322%)(0.000m),25.000(62.500%)(1.607m),9.801(24.503%)(0.000m),417.289,3477.806,70.5,1.4767,"[1.542, 2.692, 2.844, 1.635, 3.041, 2.969]","[3.720, 4.292, 3.863, 3.835, 4.605, 4.177]","[-5.295, -4.673, -1.670, -5.168, -4.079, -0.848]"
1117,3,23.1461,16.2136,0.173,646,2022,31,87,0.107,100,19.96,45974,2642.96,1,1,26.000(32.500%)(0.643m),40.000(35.294%)(2.143m),58.000(51.177%)(4.071m),41.593(36.700%)(2.314m),19.596(24.495%)(0.000m),23.000(57.500%)(1.393m),13.775(34.437%)(0.404m),302.440,3245.104,72.4,1.4059,"[1.942, 2.872, 2.586, 2.224, 3.275, 2.772]","[3.955, 4.197, 4.125, 4.058, 4.596, 4.553]","[-4.469, -0.590, -2.081, -5.079, -0.471, -2.907]"
1118,3,24.2970,16.3834,0.168,654,2038,8,9,0.107,100,20.04,46040,2648.92,2,1,29.000(36.250%)(0.964m),45.000(39.706%)(2.679m),59.000(52.059%)(4.179m),41.647(36.747%)(2.319m),19.687(24.609%)(0.000m),24.000(60.000%)(1.500m),14.586(36.466%)(0.491m),402.884,3242.731,72.1,1.3899,"[1.999, 2.913, 2.602, 2.188, 3.291, 2.844]","[3.918, 4.398, 3.914, 4.026, 4.702, 4.350]","[-4.030, 1.361, 0.316, -4.585, 1.464, 0.085]"
1119,3,15.4685,16.6856,0.171,627,1983,191,83,0.107,100,20.11,46103,2513.03,3,1,21.000(26.250%)(0.107m),46.000(40.588%)(2.786m),54.000(47.647%)(3.643m),36.000(31.765%)(1.714m),18.254(22.817%)(0.000m),15.000(37.500%)(0.536m),12.813(32.033%)(0.301m),186.344,2936.464,73.2,1.3964,"[1.648, 2.456, 1.964, 1.815, 2.871, 2.216]","[3.862, 4.104, 3.885, 3.977, 4.519, 4.127]","[-5.220, -2.132, -5.437, -5.130, -2.247, -4.141]"
1120,3,22.1189,16.6249,0.173,629,1985,80,103,0.106,100,20.18,46166,2610.80,4,1,24.000(30.000%)(0.429m),36.000(31.765%)(1.714m),52.000(45.882%)(3.429m),33.232(29.323%)(1.418m),15.343(19.179%)(0.000m),20.000(50.000%)(1.071m),10.745(26.863%)(0.080m),227.981,2729.202,73.0,1.4369,"[1.520, 2.541, 2.362, 1.745, 2.964, 2.595]","[3.693, 4.157, 3.968, 4.143, 4.532, 4.320]","[-6.389, -5.247, -1.521, -6.701, -4.860, -1.347]"
1121,3,23.5737,16.7141,0.173,629,1983,105,66,0.106,100,20.25,46229,2619.57,5,1,27.000(33.750%)(0.750m),43.000(37.941%)(2.464m),56.000(49.412%)(3.857m),40.000(35.294%)(2.143m),19.215(24.019%)(0.000m),24.000(60.000%)(1.500m),13.502(33.755%)(0.375m),298.003,2748.657,73.0,1.3974,"[2.132, 2.992, 2.695, 2.277, 3.414, 2.875]","[3.804, 4.180, 4.057, 4.053, 4.513, 4.293]","[-4.037, 1.024, -0.412, -3.971, 1.103, -1.032]"
1122,3,7.3142,16.3878,0.168,496,1558,89,108,0.106,90,20.23,46279,2074.79,0,0,25.000(31.250%)(0.536m),20.000(17.647%)(0.000m),58.000(51.177%)(4.071m),45.000(39.706%)(2.679m),23.010(28.762%)(0.322m),20.000(50.000%)(1.071m),16.228(40.571%)(0.667m),0.000,2727.516,72.7,1.4315,"[2.096, 2.509, 2.061, 2.258, 2.863, 2.130]","[3.703, 4.354, 3.946, 3.765, 4.621, 4.324]","[-5.349, -4.998, -6.541, -6.263, -4.981, -7.539]"
1123,3,2.1093,16.0740,0.181,238,724,71,14,0.106,65,20.21,46303,989.46,0,0,29.000(36.250%)(0.964m),44.000(38.824%)(2.571m),65.000(57.353%)(4.821m),27.325(24.111%)(0.785m),12.807(16.008%)(0.000m),29.000(72.500%)(2.036m),9.738(24.345%)(0.000m),417.289,3503.319,70.4,1.5275,"[0.064, 2.345, 2.654, 0.199, 2.752, 2.892]","[3.949, 4.218, 3.667, 3.941, 4.572, 3.801]","[-4.996, -4.589, -2.390, -4.681, -4.238, -1.218]"
1124,3,7.0749,15.8132,0.177,511,1590,135,78,0.106,90,20.20,46355,2075.41,0,0,26.000(32.500%)(0.643m),41.000(36.177%)(2.250m),20.000(17.647%)(0.000m),20.000(17.647%)(0.000m),18.427(23.034%)(0.000m),21.000(52.500%)(1.179m),12.937(32.343%)(0.315m),0.000,2722.148,72.0,1.4151,"[1.686, 2.348, 2.065, 1.845, 2.653, 2.306]","[3.827, 4.588, 4.106, 3.949, 4.841, 4.195]","[-5.931, -7.264, -10.626, -5.497, -7.615, -9.104]"
1125,3,6.1283,15.3782,0.175,358,1115,16,51,0.105,80,20.18,46391,1464.03,0,0,13.000(16.250%)(0.000m),31.000(27.353%)(1.179m),56.000(49.412%)(3.857m),43.000(37.941%)(2.464m),23.327(29.159%)(0.357m),10.000(25.000%)(0.000m),16.458(41.146%)(0.692m),264.497,3002.028,72.1,1.4562,"[1.834, 2.421, 2.001, 1.930, 2.814, 2.182]","[4.197, 4.440, 4.171, 4.243, 4.845, 4.642]","[-5.623, -8.030, -10.628, -4.793, -8.192, -9.058]"
1126,3,22.2301,15.7696,0.168,623,1972,192,79,0.105,100,20.25,46454,2465.44,1,1,28.000(35.000%)(0.857m),44.000(38.824%)(2.571m),60.000(52.941%)(4.286m),45.000(39.706%)(2.679m),22.902(28.628%)(0.311m),20.000(50.000%)(1.071m),16.171(40.428%)(0.661m),401.153,2830.697,73.2,1.4064,"[2.087, 2.794, 2.473, 2.224, 3.196, 2.665]","[3.831, 4.277, 4.009, 3.861, 4.487, 4.529]","[-5.159, 0.069, 0.096, -5.185, 0.645, -0.243]"
1127,3,16.5740,15.6647,0.172,676,2087,92,62,0.105,100,20.32,46522,2781.30,2,1,28.000(35.000%)(0.857m),39.000(34.412%)(2.036m),52.000(45.882%)(3.429m),37.289(32.902%)(1.852m),17.465(21.831%)(0.000m),20.000(50.000%)(1.071m),12.254(30.634%)(0.241m),248.054,3031.583,71.4,1.4606,"[1.661, 2.630, 2.403, 1.734, 2.965, 2.578]","[3.956, 4.187, 3.826, 3.985, 4.520, 4.243]","[-4.805, -1.250, -1.824, -5.314, -1.259, -2.002]"
1128,3,28.6449,15.7491,0.166,662,2054,15,30,0.105,100,20.39,46589,2640.82,3,1,27.000(33.750%)(0.750m),42.000(37.059%)(2.357m),65.000(57.353%)(4.821m),33.820(29.841%)(1.481m),15.961(19.952%)(0.000m),22.000(55.000%)(1.286m),12.137(30.343%)(0.229m),332.288,3530.953,71.8,1.3838,"[2.088, 2.927, 2.587, 2.265, 3.339, 2.778]","[3.749, 4.209, 4.045, 4.012, 4.644, 4.502]","[-5.073, -5.162, -0.042, -4.881, -4.614, -0.536]"
1129,3,-0.2279,15.3311,0.177,171,500,13,1,0.105,55,20.37,46607,707.21,0,0,34.000(42.500%)(1.500m),50.000(44.118%)(3.214m),75.092(66.257%)(5.903m),26.773(23.623%)(0.726m),12.751(15.938%)(0.000m),40.000(100.000%)(3.214m),9.821(24.553%)(0.000m),555.399,3872.825,67.7,1.3066,"[1.364, 1.909, 1.877, 1.446, 2.307, 2.084]","[3.876, 4.377, 3.881, 3.906, 4.654, 3.939]","[-5.479, -5.668, -5.298, -5.304, -4.739, -4.549]"
1130,3,21.2668,15.2458,0.174,635,1996,0,55,0.104,100,20.44,46671,2652.60,1,1,22.000(27.500%)(0.214m),45.000(39.706%)(2.679m),65.000(57.353%)(4.821m),49.000(43.235%)(3.107m),23.988(29.985%)(0.427m),21.000(52.500%)(1.179m),16.936(42.340%)(0.743m),451.507,2945.248,72.8,1.4243,"[2.475, 2.848, 2.447, 2.658, 3.312, 2.694]","[3.779, 4.246, 4.015, 3.992, 4.580, 4.554]","[-3.876, 1.424, -0.016, -3.864, 1.754, -0.390]"
1131,3,18.8660,15.1555,0.167,630,1986,105,138,0.104,100,20.51,46734,2554.44,2,1,19.000(23.750%)(0.000m),43.000(37.941%)(2.464m),60.000(52.941%)(4.286m),37.000(32.647%)(1.821m),18.737(23.421%)(0.000m),17.000(42.500%)(0.750m),13.159(32.898%)(0.339m),229.133,2746.466,73.0,1.3965,"[1.978, 2.502, 2.210, 2.085, 2.931, 2.391]","[3.546, 4.006, 3.619, 3.689, 4.276, 3.910]","[-4.491, 0.140, -1.229, -4.304, 0.195, -1.951]"
1132,3,22.1442,15.2490,0.179,631,1989,0,64,0.104,100,20.58,46798,2647.43,3,1,28.000(35.000%)(0.857m),44.000(38.824%)(2.571m),62.000(54.706%)(4.500m),47.000(41.471%)(2.893m),23.265(29.081%)(0.350m),20.000(50.000%)(1.071m),16.413(41.033%)(0.687m),417.289,2848.978,73.0,1.4914,"[2.145, 2.697, 2.292, 2.322, 3.094, 2.468]","[3.606, 4.158, 3.720, 4.087, 4.488, 4.052]","[-4.985, 0.288, -1.640, -5.242, 0.212, -2.022]"
1133,3,-1.2420,15.0940,0.175,641,1873,147,110,0.104,95,20.56,46863,2594.74,0,0,28.000(35.000%)(0.857m),21.000(18.529%)(0.107m),20.000(17.647%)(0.000m),30.000(26.471%)(1.071m),22.682(28.352%)(0.287m),23.000(57.500%)(1.393m),16.020(40.049%)(0.645m),0.000,2875.700,67.6,1.4334,"[1.483, 1.611, 1.538, 1.492, 1.967, 1.422]","[3.703, 4.273, 3.920, 3.915, 4.659, 4.471]","[-5.533, -6.298, -5.854, -5.351, -6.243, -6.015]"
1134,3,3.7019,15.0948,0.184,324,999,99,44,0.103,75,20.55,46896,1343.15,0,0,25.000(31.250%)(0.536m),44.000(38.824%)(2.571m),48.000(42.353%)(3.000m),29.000(25.588%)(0.964m),22.000(27.500%)(0.214m),22.000(55.000%)(1.286m),16.211(40.528%)(0.665m),26.892,2807.239,71.3,1.4121,"[1.790, 2.591, 2.427, 1.865, 2.949, 2.584]","[3.724, 4.322, 3.840, 3.804, 4.624, 4.286]","[-6.034, -3.608, -1.811, -5.422, -3.019, -1.562]"
1135,3,20.8544,14.9777,0.169,652,2034,67,138,0.103,100,20.62,46962,2597.85,1,1,18.000(22.500%)(0.000m),42.000(37.059%)(2.357m),62.000(54.706%)(4.500m),33.000(29.118%)(1.393m),15.558(19.447%)(0.000m),17.000(42.500%)(0.750m),11.830(29.575%)(0.196m),258.921,2965.351,72.2,1.3583,"[2.121, 2.664, 2.387, 2.209, 3.098, 2.554]","[3.734, 4.082, 4.285, 3.898, 4.528, 4.693]","[-4.908, -4.439, -1.946, -4.738, -3.846, -2.660]"
1136,3,1.6614,14.5252,0.177,366,1129,45,100,0.103,80,20.60,46999,1512.16,0,0,11.000(13.750%)(0.000m),19.000(16.765%)(0.000m),65.000(57.353%)(4.821m),40.555(35.784%)(2.202m),19.118(23.898%)(0.000m),11.000(27.500%)(0.107m),13.439(33.596%)(0.368m),417.289,3251.054,71.4,1.3828,"[1.782, 2.348, 2.115, 1.951, 2.749, 2.301]","[3.909, 4.239, 3.998, 4.210, 4.577, 4.326]","[-8.788, -6.848, -8.019, -7.828, -7.132, -6.704]"
1137,3,1.4506,14.1232,0.172,213,641,21,0,0.103,60,20.58,47021,853.80,0,0,33.000(41.250%)(1.393m),45.000(39.706%)(2.679m),49.284(43.486%)(3.138m),20.250(17.868%)(0.027m),11.172(13.965%)(0.000m),27.000(67.500%)(1.821m),9.882(24.705%)(0.000m),484.860,3711.015,69.6,1.3459,"[1.471, 2.654, 2.576, 1.507, 2.979, 2.711]","[3.559, 4.195, 3.858, 3.577, 4.574, 4.289]","[-5.377, -6.231, -4.865, -5.164, -6.535, -4.754]"
1138,3,8.9313,13.8508,0.164,509,1585,51,88,0.103,90,20.56,47072,2076.61,0,0,22.000(27.500%)(0.214m),20.000(17.647%)(0.000m),20.000(17.647%)(0.000m),20.000(17.647%)(0.000m),24.748(30.936%)(0.509m),16.000(40.000%)(0.643m),17.486(43.716%)(0.802m),0.000,2771.996,72.0,1.4459,"[1.974, 2.211, 1.767, 2.138, 2.502, 1.959]","[3.760, 4.111, 3.624, 3.953, 4.357, 4.022]","[-3.492, -5.576, -4.865, -4.119, -8.604, -3.944]"
1139,3,16.9502,13.8009,0.160,629,1986,213,83,0.102,100,20.63,47135,2592.88,1,1,24.000(30.000%)(0.429m),44.000(38.824%)(2.571m),47.000(41.471%)(2.893m),33.000(29.118%)(1.393m),18.434(23.043%)(0.000m),17.000(42.500%)(0.750m),12.941(32.354%)(0.315m),109.896,2873.868,73.1,1.4341,"[1.130, 2.379, 2.306, 1.251, 2.867, 2.569]","[3.448, 4.071, 3.799, 3.619, 4.393, 4.057]","[-5.839, -1.632, -2.857, -5.176, -1.816, -2.218]"
1140,3,3.2579,13.4162,0.164,319,989,121,18,0.102,75,20.61,47167,1250.05,0,0,31.000(38.750%)(1.179m),44.000(38.824%)(2.571m),58.000(51.177%)(4.071m),32.000(28.235%)(1.286m),18.970(23.712%)(0.000m),27.000(67.500%)(1.821m),13.326(33.315%)(0.356m),38.383,2848.516,71.7,1.4339,"[1.024, 2.371, 2.640, 1.128, 2.807, 2.860]","[3.789, 4.249, 3.864, 4.121, 4.602, 3.934]","[-6.652, -4.666, 0.618, -6.513, -3.574, 0.083]"
1141,3,26.7682,13.6295,0.163,626,1978,19,48,0.102,100,20.68,47230,2563.76,1,1,24.000(30.000%)(0.429m),44.000(38.824%)(2.571m),68.000(60.000%)(5.143m),40.000(35.294%)(2.143m),19.795(24.744%)(0.000m),22.000(55.000%)(1.286m),13.924(34.810%)(0.420m),296.065,2816.910,73.1,1.3872,"[2.111, 2.973, 2.676, 2.214, 3.373, 2.876]","[3.882, 4.541, 4.021, 4.025, 4.839, 4.343]","[-4.922, -1.585, -0.074, -4.936, -1.416, -0.001]"
1142,3,27.5741,14.0567,0.180,647,2024,0,9,0.102,100,20.75,47295,2650.08,2,1,32.000(40.000%)(1.286m),49.000(43.235%)(3.107m),63.000(55.588%)(4.607m),45.000(39.706%)(2.679m),23.763(29.703%)(0.403m),23.000(57.500%)(1.393m),16.796(41.989%)(0.728m),400.686,3148.153,72.4,1.4545,"[2.055, 2.995, 2.493, 2.230, 3.398, 2.663]","[3.740, 4.253, 4.088, 3.952, 4.739, 4.453]","[-4.630, 0.540, -0.770, -5.035, 0.298, -1.115]"
1143,3,19.0853,14.2639,0.183,637,2001,17,110,0.102,100,20.82,47359,2652.06,3,1,25.000(31.250%)(0.536m),40.000(35.294%)(2.143m),58.000(51.177%)(4.071m),40.670(35.886%)(2.215m),19.176(23.971%)(0.000m),20.000(50.000%)(1.071m),13.717(34.292%)(0.398m),304.848,2898.690,72.7,1.4281,"[2.112, 2.772, 2.484, 2.292, 3.166, 2.667]","[3.835, 4.317, 4.405, 4.242, 4.568, 4.817]","[-4.629, 0.247, -1.221, -4.508, -0.069, -2.050]"
1144,3,22.5617,14.3001,0.164,625,1975,170,41,0.101,100,20.89,47422,2584.94,4,1,29.000(36.250%)(0.964m),44.000(38.824%)(2.571m),65.000(57.353%)(4.821m),42.000(37.059%)(2.357m),23.017(28.772%)(0.323m),23.000(57.500%)(1.393m),16.234(40.585%)(0.668m),348.532,2798.895,73.1,1.4476,"[2.298, 3.066, 2.667, 2.446, 3.481, 2.909]","[3.897, 4.320, 4.259, 4.334, 4.715, 4.663]","[-4.373, 0.732, -0.900, -4.526, 1.068, -1.760]"
1145,3,2.8272,14.3337,0.166,319,987,188,22,0.101,75,20.87,47454,1315.26,0,0,29.000(36.250%)(0.964m),20.000(17.647%)(0.000m),19.000(16.765%)(0.000m),20.000(17.647%)(0.000m),18.885(23.606%)(0.000m),27.000(67.500%)(1.821m),13.265(33.163%)(0.350m),0.000,2812.858,71.6,1.4110,"[0.860, 2.058, 2.031, 0.926, 2.421, 2.102]","[3.488, 4.205, 3.888, 3.637, 4.489, 3.989]","[-5.449, -5.675, -9.934, -5.262, -4.744, -8.141]"
1146,3,17.9420,14.1932,0.162,636,2002,137,91,0.101,100,20.94,47518,2612.27,1,1,25.000(31.250%)(0.536m),42.000(37.059%)(2.357m),45.000(39.706%)(2.679m),34.000(30.000%)(1.500m),18.335(22.919%)(0.000m),18.000(45.000%)(0.857m),12.871(32.178%)(0.308m),112.522,2900.966,72.8,1.3594,"[1.904, 2.567, 2.214, 2.013, 2.965, 2.398]","[3.872, 3.975, 3.882, 3.982, 4.261, 4.068]","[-4.761, -0.261, -2.251, -4.787, 0.078, -2.435]"
1147,3,16.6073,14.5255,0.177,631,1992,118,111,0.101,100,21.01,47582,2555.23,2,1,26.000(32.500%)(0.643m),44.000(38.824%)(2.571m),60.000(52.941%)(4.286m),38.000(33.530%)(1.929m),18.852(23.564%)(0.000m),18.000(45.000%)(0.857m),13.242(33.104%)(0.347m),265.016,2794.592,73.1,1.4332,"[1.892, 2.557, 2.338, 2.047, 3.029, 2.567]","[3.795, 4.253, 3.840, 3.962, 4.740, 4.122]","[-5.028, 0.590, -1.003, -4.856, 0.924, -1.123]"
1148,3,3.8108,14.1545,0.167,377,1139,76,51,0.101,80,20.99,47620,1508.70,0,0,11.000(13.750%)(0.000m),18.000(15.882%)(0.000m),35.000(30.882%)(1.607m),38.000(33.530%)(1.929m),22.082(27.603%)(0.223m),23.000(57.500%)(1.393m),15.556(38.890%)(0.595m),247.427,3709.601,69.9,1.4051,"[1.855, 2.421, 2.149, 1.886, 2.756, 2.294]","[3.667, 4.089, 3.819, 3.871, 4.429, 4.086]","[-6.050, -4.809, -6.746, -7.020, -5.495, -7.718]"
1149,3,1.0128,13.7860,0.169,189,565,20,17,0.100,55,20.97,47639,755.66,0,0,27.000(33.750%)(0.750m),40.000(35.294%)(2.143m),52.000(45.882%)(3.429m),25.600(22.588%)(0.600m),12.570(15.712%)(0.000m),25.000(62.500%)(1.607m),9.933(24.832%)(0.000m),295.128,3565.781,69.2,1.3926,"[1.104, 2.243, 2.253, 1.120, 2.538, 2.284]","[3.800, 4.088, 4.119, 3.843, 4.446, 4.480]","[-5.730, -5.160, -6.845, -5.770, -5.461, -6.031]"
1150,3,21.1865,13.7688,0.163,629,1986,92,90,0.100,100,21.04,47702,2586.05,1,1,24.000(30.000%)(0.429m),44.000(38.824%)(2.571m),63.000(55.588%)(4.607m),33.297(29.380%)(1.425m),15.391(19.239%)(0.000m),17.000(42.500%)(0.750m),10.776(26.941%)(0.083m),218.801,2775.405,73.1,1.4264,"[1.194, 2.404, 2.268, 1.334, 2.815, 2.495]","[3.726, 4.174, 4.023, 3.792, 4.495, 4.431]","[-5.058, -6.126, -5.039, -4.683, -6.020, -3.987]"
1151,3,20.5656,14.1748,0.168,631,1988,186,68,0.100,100,21.11,47766,2594.96,2,1,27.000(33.750%)(0.750m),37.000(32.647%)(1.821m),51.000(45.000%)(3.321m),38.000(33.530%)(1.929m),23.017(28.772%)(0.323m),24.000(60.000%)(1.500m),16.234(40.585%)(0.668m),201.510,2727.923,72.9,1.4164,"[1.802, 2.784, 2.568, 1.949, 3.191, 2.747]","[3.752, 4.384, 4.189, 3.979, 4.649, 4.451]","[-4.408, -1.736, -3.122, -4.673, -1.926, -3.147]"
1152,3,6.7553,13.8479,0.173,504,1580,86,67,0.100,90,21.09,47817,2076.19,0,0,25.000(31.250%)(0.536m),42.000(37.059%)(2.357m),23.472(20.711%)(0.372m),14.611(12.892%)(0.000m),9.958(12.448%)(0.000m),21.000(52.500%)(1.179m),11.832(29.580%)(0.196m),338.958,2789.755,72.5,1.3656,"[1.853, 2.335, 2.032, 2.033, 2.770, 2.238]","[3.952, 4.130, 4.131, 4.110, 4.537, 4.403]","[-5.549, -6.105, -6.665, -5.953, -6.012, -5.405]"
1153,3,3.6244,13.5727,0.170,383,1157,44,48,0.100,80,21.08,47856,1545.86,0,0,12.000(15.000%)(0.000m),23.000(20.294%)(0.321m),50.000(44.118%)(3.214m),34.000(30.000%)(1.500m),19.458(24.322%)(0.000m),11.000(27.500%)(0.107m),13.683(34.206%)(0.395m),169.210,3322.872,69.9,1.3873,"[1.578, 2.427, 2.210, 1.661, 2.768, 2.300]","[3.846, 4.411, 4.094, 3.976, 4.761, 4.302]","[-7.498, -5.883, -5.787, -6.448, -5.474, -7.666]"
1154,3,22.8208,13.9657,0.180,635,1999,47,81,0.099,100,21.14,47920,2611.34,1,1,24.000(30.000%)(0.429m),45.000(39.706%)(2.679m),65.000(57.353%)(4.821m),42.578(37.569%)(2.419m),20.298(25.372%)(0.032m),17.000(42.500%)(0.750m),14.279(35.698%)(0.458m),436.278,2914.958,72.8,1.3857,"[2.001, 2.784, 2.385, 2.211, 3.199, 2.663]","[3.919, 4.223, 4.047, 4.073, 4.617, 4.362]","[-6.634, -4.122, -5.203, -6.928, -3.651, -3.588]"
1155,3,22.3232,13.9843,0.180,657,2046,1,95,0.099,100,21.21,47986,2586.38,2,1,24.000(30.000%)(0.429m),39.000(34.412%)(2.036m),59.000(52.059%)(4.179m),39.000(34.412%)(2.036m),23.342(29.177%)(0.358m),17.000(42.500%)(0.750m),16.480(41.200%)(0.694m),242.191,3042.922,72.1,1.3631,"[2.274, 3.025, 2.438, 2.419, 3.388, 2.631]","[4.048, 4.412, 4.288, 4.212, 4.784, 4.727]","[-4.538, -2.087, -5.507, -4.828, -2.377, -4.351]"
1156,3,1.0748,13.5088,0.198,189,564,14,14,0.099,55,21.19,48005,778.03,0,0,29.000(36.250%)(0.964m),44.000(38.824%)(2.571m),65.000(57.353%)(4.821m),25.661(22.642%)(0.607m),12.600(15.749%)(0.000m),25.000(62.500%)(1.607m),9.957(24.891%)(0.000m),417.289,3778.734,69.0,1.3839,"[1.611, 2.490, 2.393, 1.645, 2.801, 2.517]","[4.083, 4.293, 3.885, 4.095, 4.610, 4.178]","[-5.077, -4.608, -5.328, -4.831, -4.870, -4.511]"
1157,3,21.4977,13.9027,0.180,627,1981,92,38,0.099,100,21.26,48068,2604.31,1,1,27.000(33.750%)(0.750m),40.000(35.294%)(2.143m),60.000(52.941%)(4.286m),32.116(28.338%)(1.298m),14.773(18.466%)(0.000m),23.000(57.500%)(1.393m),10.337(25.841%)(0.036m),289.446,2961.234,73.1,1.4594,"[2.047, 2.495, 2.382, 2.216, 2.893, 2.554]","[3.780, 4.302, 3.812, 3.884, 4.528, 3.908]","[-5.401, -5.806, -1.195, -5.871, -5.159, -1.852]"
1158,3,22.2900,13.8386,0.179,634,1995,0,51,0.099,100,21.33,48132,2561.39,2,1,28.000(35.000%)(0.857m),45.000(39.706%)(2.679m),65.000(57.353%)(4.821m),42.000(37.059%)(2.357m),23.248(29.060%)(0.348m),20.000(50.000%)(1.071m),16.401(41.002%)(0.686m),373.006,2865.010,72.8,1.3740,"[2.188, 2.957, 2.492, 2.340, 3.340, 2.690]","[3.909, 4.477, 3.987, 4.099, 4.789, 4.444]","[-4.026, 0.956, -1.458, -4.090, 1.186, -2.968]"
1159,3,19.5062,13.8139,0.166,636,2001,127,103,0.098,100,21.40,48196,2560.53,3,1,20.000(25.000%)(0.000m),44.000(38.824%)(2.571m),63.000(55.588%)(4.607m),31.887(28.135%)(1.274m),14.655(18.319%)(0.000m),14.000(35.000%)(0.429m),10.253(25.633%)(0.027m),342.626,2838.604,72.8,1.4532,"[2.056, 2.747, 2.446, 2.237, 3.149, 2.646]","[3.997, 4.522, 4.079, 4.108, 4.779, 4.431]","[-5.420, -5.985, -2.827, -5.100, -5.438, -3.083]"
1160,3,14.1068,13.6030,0.170,600,1892,84,22,0.098,95,21.38,48256,2471.75,0,0,29.000(36.250%)(0.964m),44.000(38.824%)(2.571m),58.000(51.177%)(4.071m),25.518(22.516%)(0.591m),12.343(15.428%)(0.000m),26.000(65.000%)(1.714m),9.630(24.074%)(0.000m),368.486,2833.845,73.0,1.3877,"[1.109, 2.577, 2.523, 1.257, 2.996, 2.701]","[3.897, 4.356, 3.900, 3.992, 4.790, 4.298]","[-5.828, -6.001, -6.399, -5.819, -5.309, -5.351]"
1161,3,23.1309,13.7646,0.180,668,2068,2,84,0.098,100,21.45,48323,2754.88,1,1,27.262(34.077%)(0.778m),42.000(37.059%)(2.357m),59.000(52.059%)(4.179m),35.000(30.882%)(1.607m),21.000(26.250%)(0.107m),19.309(48.272%)(0.997m),17.462(43.655%)(0.799m),267.000,3011.194,71.6,1.4017,"[2.146, 2.648, 2.274, 2.313, 3.045, 2.385]","[3.901, 4.303, 3.825, 4.032, 4.633, 4.008]","[-4.623, -0.488, -1.738, -4.634, -0.080, -2.441]"
1162,3,25.2881,14.1214,0.168,624,1973,56,50,0.098,100,21.51,48386,2522.22,2,1,26.000(32.500%)(0.643m),40.000(35.294%)(2.143m),55.000(48.530%)(3.750m),33.000(29.118%)(1.393m),19.542(24.427%)(0.000m),23.000(57.500%)(1.393m),13.749(34.373%)(0.402m),95.968,2662.943,73.2,1.3448,"[1.841, 2.802, 2.433, 1.917, 3.239, 2.601]","[3.666, 4.279, 3.955, 3.889, 4.867, 4.389]","[-4.454, -0.279, -1.541, -4.667, 0.097, -2.284]"
1163,3,21.0499,14.4990,0.168,681,2096,4,76,0.098,100,21.58,48455,2693.71,3,1,26.000(32.500%)(0.643m),41.000(36.177%)(2.250m),56.000(49.412%)(3.857m),47.000(41.471%)(2.893m),25.010(31.263%)(0.537m),19.000(47.500%)(0.964m),17.676(44.190%)(0.822m),357.507,3199.070,71.2,1.3381,"[2.411, 2.911, 2.521, 2.615, 3.328, 2.742]","[3.863, 4.106, 4.172, 4.075, 4.473, 4.567]","[-3.945, -0.557, -2.318, -4.425, -0.481, -2.915]"
1164,3,26.2429,14.5605,0.171,635,1998,0,62,0.097,100,21.65,48519,2599.69,4,1,29.000(36.250%)(0.964m),43.000(37.941%)(2.464m),60.000(52.941%)(4.286m),42.000(37.059%)(2.357m),23.963(29.953%)(0.425m),20.000(50.000%)(1.071m),16.918(42.295%)(0.741m),322.754,2964.752,72.8,1.4292,"[2.074, 2.933, 2.475, 2.189, 3.311, 2.677]","[3.935, 4.272, 3.961, 4.066, 4.658, 4.531]","[-5.278, -0.045, -0.282, -5.093, 0.513, -0.710]"
1165,3,25.7775,15.0818,0.176,631,1988,32,52,0.097,100,21.72,48583,2579.86,5,1,26.000(32.500%)(0.643m),39.000(34.412%)(2.036m),65.000(57.353%)(4.821m),40.754(35.960%)(2.224m),19.171(23.964%)(0.000m),23.000(57.500%)(1.393m),13.471(33.677%)(0.372m),310.952,2778.513,72.9,1.3962,"[2.327, 3.003, 2.571, 2.516, 3.479, 2.809]","[4.137, 4.166, 4.050, 4.561, 4.724, 4.464]","[-5.169, 1.385, -0.100, -4.869, 1.632, -0.608]"
1166,3,25.1489,15.5375,0.177,634,1995,88,45,0.097,100,21.78,48647,2515.78,6,1,25.000(31.250%)(0.536m),44.000(38.824%)(2.571m),59.000(52.059%)(4.179m),42.000(37.059%)(2.357m),22.965(28.706%)(0.318m),22.000(55.000%)(1.286m),16.217(40.542%)(0.666m),328.030,3015.054,72.8,1.3338,"[2.132, 2.939, 2.648, 2.267, 3.374, 2.883]","[3.833, 4.239, 4.048, 4.002, 4.569, 4.293]","[-4.670, 0.533, -0.910, -5.034, 0.072, -1.606]"
1167,3,6.3198,15.2009,0.177,503,1572,120,87,0.097,90,21.77,48698,2032.65,0,0,23.000(28.750%)(0.321m),20.000(17.647%)(0.000m),22.000(19.412%)(0.214m),34.000(30.000%)(1.500m),23.010(28.762%)(0.322m),20.000(50.000%)(1.071m),16.228(40.571%)(0.667m),0.000,2618.532,72.3,1.3728,"[1.860, 2.452, 2.210, 1.838, 2.746, 2.348]","[4.168, 4.451, 4.406, 4.425, 4.821, 4.756]","[-6.331, -5.980, -4.820, -6.539, -6.169, -5.604]"
1168,3,22.3423,15.1619,0.162,711,2161,49,44,0.097,100,21.83,48770,3057.75,1,1,28.000(35.000%)(0.857m),39.000(34.412%)(2.036m),54.000(47.647%)(3.643m),42.000(37.059%)(2.357m),22.097(27.621%)(0.225m),24.000(60.000%)(1.500m),15.568(38.921%)(0.597m),275.525,3655.113,70.4,1.4388,"[2.291, 2.916, 2.523, 2.430, 3.244, 2.662]","[4.346, 4.641, 4.223, 4.467, 4.836, 4.277]","[-4.450, -0.965, -2.718, -4.512, -0.926, -3.106]"
1169,3,19.7920,15.2483,0.180,631,1989,52,119,0.096,100,21.90,48834,2578.30,2,1,21.000(26.250%)(0.107m),39.000(34.412%)(2.036m),53.000(46.765%)(3.536m),41.000(36.177%)(2.250m),21.898(27.372%)(0.203m),18.000(45.000%)(0.857m),15.425(38.562%)(0.581m),272.460,2911.392,72.9,1.3649,"[2.228, 2.680, 2.199, 2.460, 3.137, 2.431]","[4.006, 4.186, 3.857, 4.077, 4.485, 4.212]","[-4.922, -1.912, -3.644, -5.324, -1.643, -3.928]"
1170,3,22.3449,15.2528,0.169,628,1984,57,103,0.096,100,21.97,48897,2520.72,3,1,24.000(30.000%)(0.429m),41.000(36.177%)(2.250m),60.000(52.941%)(4.286m),33.000(29.118%)(1.393m),19.008(23.761%)(0.000m),17.000(42.500%)(0.750m),13.354(33.385%)(0.359m),122.301,2716.174,73.1,1.3816,"[1.922, 2.766, 2.359, 2.036, 3.157, 2.574]","[4.174, 4.539, 4.076, 4.202, 4.831, 4.502]","[-4.719, -0.149, -2.295, -4.549, -0.259, -2.335]"
1171,3,26.0000,15.3014,0.161,627,1979,3,81,0.096,100,22.03,48960,2487.77,4,1,28.000(35.000%)(0.857m),45.000(39.706%)(2.679m),65.000(57.353%)(4.821m),36.000(31.765%)(1.714m),21.486(26.858%)(0.159m),20.000(50.000%)(1.071m),16.128(40.319%)(0.657m),220.147,2754.822,73.1,1.3473,"[2.106, 2.970, 2.609, 2.289, 3.395, 2.843]","[3.909, 4.168, 4.102, 3.992, 4.501, 4.509]","[-4.185, 0.436, -1.660, -4.473, 0.781, -1.816]"
1172,3,20.3823,15.5627,0.179,628,1983,136,93,0.096,100,22.10,49023,2578.47,5,1,28.000(35.000%)(0.857m),44.000(38.824%)(2.571m),61.000(53.824%)(4.393m),40.997(36.174%)(2.250m),19.411(24.264%)(0.000m),20.000(50.000%)(1.071m),13.642(34.106%)(0.390m),417.289,2844.587,73.1,1.4343,"[1.969, 2.687, 2.447, 2.148, 3.085, 2.651]","[3.893, 4.434, 4.221, 3.880, 4.742, 4.734]","[-5.309, -4.465, -1.272, -5.465, -3.872, -1.831]"
1173,3,20.0799,15.9221,0.180,657,2044,105,135,0.096,100,22.17,49089,2687.98,6,1,18.000(22.500%)(0.000m),40.000(35.294%)(2.143m),62.000(54.706%)(4.500m),43.915(38.748%)(2.562m),21.000(26.250%)(0.107m),16.572(41.431%)(0.704m),14.842(37.104%)(0.519m),375.740,3041.562,72.0,1.4278,"[2.093, 2.579, 2.259, 2.289, 2.967, 2.350]","[3.757, 4.091, 3.753, 4.112, 4.379, 3.926]","[-6.140, -2.284, -3.442, -6.130, -1.780, -3.526]"
1174,3,25.1435,16.2835,0.166,628,1981,9,78,0.096,100,22.23,49152,2527.65,7,1,17.000(21.250%)(0.000m),39.000(34.412%)(2.036m),55.000(48.530%)(3.750m),51.067(45.059%)(3.329m),24.370(30.462%)(0.468m),15.000(37.500%)(0.536m),17.236(43.091%)(0.775m),258.578,2868.020,73.0,1.3780,"[2.396, 2.871, 2.413, 2.572, 3.291, 2.535]","[4.020, 4.280, 4.007, 4.276, 4.659, 4.089]","[-4.094, -0.334, -3.817, -4.502, -0.045, -3.972]"
1175,3,0.2147,16.1652,0.164,365,1128,53,41,0.095,80,22.21,49189,1526.81,0,0,11.000(13.750%)(0.000m),19.000(16.765%)(0.000m),44.000(38.824%)(2.571m),33.000(29.118%)(1.393m),22.754(28.442%)(0.295m),10.000(25.000%)(0.000m),16.043(40.108%)(0.647m),146.594,3039.041,71.5,1.4174,"[1.228, 1.961, 1.898, 1.250, 2.228, 1.995]","[3.750, 4.386, 3.929, 3.868, 4.697, 3.974]","[-10.065, -7.458, -6.955, -9.016, -7.559, -7.821]"
1176,3,18.8577,16.0978,0.153,641,2016,149,85,0.095,100,22.28,49254,2537.68,1,1,18.000(22.500%)(0.000m),37.000(32.647%)(1.821m),52.000(45.882%)(3.429m),30.042(26.508%)(1.076m),13.765(17.206%)(0.000m),13.000(32.500%)(0.321m),9.624(24.061%)(0.000m),255.233,2857.449,72.8,1.3945,"[1.370, 2.252, 1.899, 1.547, 2.650, 2.188]","[3.777, 4.320, 3.891, 3.920, 4.656, 4.276]","[-5.400, -4.527, -6.159, -5.562, -4.564, -5.994]"
1177,3,18.6604,16.1395,0.171,627,1981,140,83,0.095,100,22.34,49317,2535.79,2,1,28.000(35.000%)(0.857m),42.000(37.059%)(2.357m),60.000(52.941%)(4.286m),31.879(28.129%)(1.273m),14.651(18.314%)(0.000m),20.000(50.000%)(1.071m),10.250(25.626%)(0.027m),341.460,2800.603,73.1,1.3539,"[2.036, 2.452, 2.314, 2.217, 2.838, 2.517]","[3.929, 4.272, 4.158, 4.113, 4.582, 4.580]","[-6.251, -6.146, -1.810, -6.343, -5.727, -2.382]"
1178,3,20.2589,15.9718,0.163,676,2086,119,81,0.095,100,22.41,49385,2715.79,3,1,21.000(26.250%)(0.107m),39.000(34.412%)(2.036m),52.000(45.882%)(3.429m),38.988(34.401%)(2.034m),18.325(22.906%)(0.000m),21.000(52.500%)(1.179m),12.870(32.175%)(0.308m),322.717,2962.898,71.4,1.3648,"[2.175, 2.769, 2.426, 2.350, 3.144, 2.562]","[3.827, 4.223, 3.844, 3.919, 4.485, 4.220]","[-5.117, 0.208, -1.358, -4.353, 0.784, -2.851]"
1179,3,21.6510,16.4094,0.171,634,1996,114,116,0.095,100,22.48,49449,2538.94,4,1,24.000(30.000%)(0.429m),41.000(36.177%)(2.250m),59.000(52.059%)(4.179m),40.285(35.546%)(2.173m),18.982(23.727%)(0.000m),19.000(47.500%)(0.964m),13.353(33.383%)(0.359m),305.256,2747.704,72.8,1.3984,"[1.899, 2.755, 2.474, 1.989, 3.128, 2.625]","[3.787, 4.250, 3.835, 3.999, 4.545, 4.307]","[-5.623, -0.131, -1.342, -5.404, -0.004, -2.485]"
1180,3,22.3361,16.4308,0.161,624,1974,188,50,0.094,100,22.54,49512,2699.12,5,1,27.000(33.750%)(0.750m),47.000(41.471%)(2.893m),68.000(60.000%)(5.143m),31.986(28.223%)(1.284m),14.706(18.382%)(0.000m),23.000(57.500%)(1.393m),10.289(25.723%)(0.031m),307.535,2821.539,73.2,1.5350,"[2.066, 2.609, 2.483, 2.229, 2.993, 2.683]","[3.801, 4.264, 4.011, 4.005, 4.607, 4.442]","[-5.764, -6.236, -0.322, -5.214, -6.686, -0.776]"
1181,3,21.1431,16.4763,0.157,638,2003,91,74,0.094,100,22.61,49576,2659.98,6,1,23.000(28.750%)(0.321m),40.000(35.294%)(2.143m),63.000(55.588%)(4.607m),47.483(41.897%)(2.945m),22.573(28.216%)(0.276m),21.000(52.500%)(1.179m),15.912(39.780%)(0.633m),304.597,3159.039,72.7,1.3985,"[2.326, 2.760, 2.310, 2.534, 3.163, 2.525]","[4.005, 4.392, 3.891, 4.299, 4.633, 4.092]","[-3.934, -0.425, -1.013, -3.870, 0.434, -1.698]"
1182,3,12.1290,16.2760,0.165,560,1736,13,26,0.094,95,22.59,49632,2345.61,0,0,27.000(33.750%)(0.750m),41.000(36.177%)(2.250m),61.000(53.824%)(4.393m),25.779(22.746%)(0.619m),12.469(15.586%)(0.000m),23.000(57.500%)(1.393m),9.728(24.321%)(0.000m),314.475,3349.125,71.7,1.4454,"[2.074, 2.560, 2.314, 2.324, 2.999, 2.505]","[4.047, 4.178, 3.761, 4.154, 4.495, 4.198]","[-5.746, -6.188, -7.190, -5.733, -6.136, -6.191]"
1183,3,2.4027,16.3489,0.164,358,1111,120,51,0.094,80,22.57,49668,1495.41,0,0,12.000(15.000%)(0.000m),20.000(17.647%)(0.000m),55.000(48.530%)(3.750m),34.000(30.000%)(1.500m),18.777(23.471%)(0.000m),11.000(27.500%)(0.107m),13.194(32.985%)(0.342m),126.817,2957.295,71.8,1.4217,"[1.095, 2.181, 2.099, 1.153, 2.538, 2.200]","[3.731, 4.142, 3.948, 3.749, 4.484, 4.396]","[-9.279, -7.496, -6.978, -8.199, -7.543, -7.447]"
1184,3,1.0688,16.2962,0.156,596,1774,67,126,0.094,95,22.55,49728,2381.14,0,0,24.000(30.000%)(0.429m),20.000(17.647%)(0.000m),26.000(22.941%)(0.643m),35.000(30.882%)(1.607m),26.167(32.709%)(0.661m),21.000(52.500%)(1.179m),18.513(46.282%)(0.912m),0.000,2792.457,68.9,1.3978,"[1.541, 1.609, 1.418, 1.620, 1.970, 1.419]","[3.832, 3.992, 3.907, 4.160, 4.417, 4.132]","[-4.986, -4.641, -4.677, -4.475, -4.702, -4.826]"
1185,3,21.9614,16.3184,0.168,623,1970,122,56,0.093,100,22.62,49791,2503.40,1,1,25.000(31.250%)(0.536m),40.000(35.294%)(2.143m),56.000(49.412%)(3.857m),48.485(42.781%)(3.052m),23.075(28.844%)(0.329m),21.000(52.500%)(1.179m),16.276(40.689%)(0.672m),264.548,2857.872,73.2,1.4132,"[2.014, 2.574, 2.287, 2.175, 3.013, 2.448]","[3.682, 4.220, 3.629, 3.858, 4.562, 3.799]","[-4.546, 0.166, -1.053, -4.701, 0.530, -1.770]"
1186,3,9.0711,16.4666,0.166,528,1627,130,47,0.093,90,22.60,49844,2111.67,0,0,28.000(35.000%)(0.857m),27.000(23.824%)(0.750m),35.000(30.882%)(1.607m),23.000(20.294%)(0.321m),19.016(23.769%)(0.000m),23.000(57.500%)(1.393m),13.365(33.413%)(0.361m),0.000,2650.367,71.3,1.3917,"[1.413, 2.147, 1.709, 1.537, 2.472, 1.829]","[3.854, 4.068, 3.738, 4.100, 4.329, 4.066]","[-5.604, -2.967, -5.805, -5.254, -4.431, -4.602]"
1187,3,22.1028,16.8796,0.162,648,2024,43,95,0.093,100,22.66,49909,2602.41,1,1,19.000(23.750%)(0.000m),35.000(30.882%)(1.607m),50.000(44.118%)(3.214m),44.863(39.585%)(2.664m),21.251(26.564%)(0.134m),20.000(50.000%)(1.071m),14.961(37.403%)(0.532m),136.090,3027.996,72.3,1.4099,"[2.072, 2.736, 2.443, 2.261, 3.125, 2.609]","[3.533, 4.228, 4.042, 3.776, 4.553, 4.137]","[-5.006, -1.444, -2.917, -4.823, -1.535, -3.043]"
1188,3,3.3013,16.7670,0.169,349,1071,46,25,0.093,80,22.64,49944,1434.48,0,0,29.000(36.250%)(0.964m),44.000(38.824%)(2.571m),65.000(57.353%)(4.821m),21.000(18.529%)(0.107m),12.000(15.000%)(0.000m),27.000(67.500%)(1.821m),16.257(40.642%)(0.670m),417.289,3880.024,71.0,1.5014,"[1.302, 2.305, 2.096, 1.436, 2.723, 2.263]","[3.627, 3.991, 4.045, 3.900, 4.313, 4.264]","[-11.420, -5.622, -10.057, -11.474, -4.785, -6.905]"
1189,3,21.7349,16.8627,0.162,634,1997,222,67,0.093,100,22.71,50000,2477.38,1,1,28.000(35.000%)(0.857m),44.000(38.824%)(2.571m),61.000(53.824%)(4.393m),31.981(28.219%)(1.284m),14.703(18.379%)(0.000m),20.000(50.000%)(1.071m),10.287(25.719%)(0.031m),229.740,2785.315,72.9,1.3831,"[1.417, 2.304, 2.461, 1.532, 2.692, 2.651]","[4.061, 4.186, 3.969, 4.385, 4.554, 4.307]","[-6.208, -6.631, -2.104, -6.542, -6.271, -1.512]"
1190,3,22.7670,17.2529,0.164,627,1979,23,100,0.093,100,22.77,50000,2524.25,2,1,17.000(21.250%)(0.000m),37.000(32.647%)(1.821m),68.000(60.000%)(5.143m),43.351(38.251%)(2.502m),20.486(25.608%)(0.052m),15.000(37.500%)(0.536m),14.413(36.032%)(0.473m),262.927,3082.572,73.1,1.4023,"[2.324, 2.877, 2.277, 2.501, 3.233, 2.409]","[4.062, 4.405, 4.149, 4.248, 4.711, 4.272]","[-3.915, -1.719, -4.692, -4.412, -1.788, -4.644]"
1191,3,15.9012,17.0356,0.162,662,2061,101,92,0.092,100,22.84,50000,2692.00,3,1,23.000(28.750%)(0.321m),36.000(31.765%)(1.714m),62.000(54.706%)(4.500m),29.753(26.253%)(1.045m),13.824(17.280%)(0.000m),23.000(57.500%)(1.393m),9.685(24.211%)(0.000m),335.723,3406.760,72.1,1.3947,"[1.931, 2.096, 1.948, 2.165, 2.503, 2.107]","[4.022, 4.325, 4.011, 4.031, 4.583, 4.142]","[-5.306, -5.745, -4.535, -5.557, -5.688, -4.843]"
1192,3,19.6104,16.8763,0.166,625,1976,14,75,0.092,100,22.90,50000,2607.74,4,1,26.000(32.500%)(0.643m),41.000(36.177%)(2.250m),62.000(54.706%)(4.500m),46.000(40.588%)(2.786m),22.162(27.703%)(0.232m),21.000(52.500%)(1.179m),15.625(39.063%)(0.603m),323.300,2803.778,73.2,1.4259,"[2.239, 2.719, 2.276, 2.416, 3.145, 2.463]","[3.937, 4.316, 3.765, 4.090, 4.592, 4.058]","[-4.953, 0.070, -1.244, -5.223, 0.696, -1.774]"
1193,3,22.6802,16.9482,0.172,623,1972,183,72,0.092,100,22.97,50000,2654.21,5,1,28.000(35.000%)(0.857m),43.000(37.941%)(2.464m),60.000(52.941%)(4.286m),45.000(39.706%)(2.679m),22.871(28.588%)(0.308m),20.000(50.000%)(1.071m),16.149(40.371%)(0.659m),380.860,2801.365,73.2,1.4225,"[2.128, 2.834, 2.373, 2.266, 3.257, 2.598]","[3.930, 4.173, 3.826, 4.198, 4.385, 4.402]","[-4.104, -0.323, -1.469, -4.094, 0.005, -2.112]"
1194,3,17.9974,16.8569,0.167,644,2017,0,47,0.092,100,23.03,50000,2668.17,6,1,26.175(32.718%)(0.662m),50.000(44.118%)(3.214m),67.000(59.118%)(5.036m),48.000(42.353%)(3.000m),25.559(31.949%)(0.596m),18.520(46.301%)(0.913m),18.100(45.249%)(0.868m),503.634,3247.974,72.5,1.4887,"[2.105, 2.578, 2.060, 2.377, 2.969, 2.274]","[3.760, 4.156, 3.920, 3.873, 4.443, 4.055]","[-4.308, -0.329, -3.478, -4.166, -0.420, -3.962]"
1195,3,18.9812,17.1800,0.165,662,2057,139,83,0.092,100,23.10,50000,2739.63,7,1,27.000(33.750%)(0.750m),37.000(32.647%)(1.821m),47.000(41.471%)(2.893m),44.000(38.824%)(2.571m),21.223(26.528%)(0.131m),19.000(47.500%)(0.964m),14.941(37.352%)(0.529m),311.773,2788.687,71.9,1.3855,"[2.131, 2.631, 2.136, 2.259, 2.985, 2.294]","[3.812, 4.136, 3.870, 3.851, 4.475, 4.133]","[-4.451, -0.399, -3.546, -4.229, -0.561, -3.359]"
1196,3,23.3303,17.2877,0.166,631,1990,109,89,0.091,100,23.16,50000,2608.00,8,1,24.000(30.000%)(0.429m),40.000(35.294%)(2.143m),55.000(48.530%)(3.750m),40.000(35.294%)(2.143m),23.114(28.893%)(0.334m),17.000(42.500%)(0.750m),16.325(40.813%)(0.678m),283.156,2738.015,73.0,1.4145,"[2.279, 2.892, 2.350, 2.388, 3.276, 2.550]","[3.975, 4.311, 4.204, 3.957, 4.603, 4.381]","[-3.987, -2.299, -5.609, -4.090, -2.317, -4.196]"
1197,3,22.0003,17.3956,0.163,624,1973,113,63,0.091,100,23.22,50000,2631.77,9,1,24.000(30.000%)(0.429m),42.000(37.059%)(2.357m),65.000(57.353%)(4.821m),45.000(39.706%)(2.679m),23.008(28.760%)(0.322m),21.000(52.500%)(1.179m),16.234(40.584%)(0.668m),338.050,2846.639,73.2,1.4119,"[2.111, 2.774, 2.341, 2.282, 3.197, 2.552]","[3.744, 4.299, 4.053, 3.805, 4.641, 4.471]","[-4.458, -0.252, -1.647, -4.636, -0.012, -2.197]"
1198,3,20.1388,17.7222,0.159,701,2142,48,60,0.091,100,23.29,50000,2901.64,10,1,17.629(22.036%)(0.000m),37.707(33.271%)(1.897m),55.000(48.530%)(3.750m),46.000(40.588%)(2.786m),24.322(30.403%)(0.463m),12.365(30.913%)(0.253m),17.202(43.005%)(0.772m),491.809,3352.107,70.7,1.3784,"[2.019, 2.418, 1.782, 2.251, 2.725, 1.890]","[3.684, 4.103, 3.923, 4.007, 4.495, 4.174]","[-3.015, -0.811, -5.069, -3.627, -1.387, -5.050]"
1199,3,22.1975,18.1459,0.164,626,1976,137,33,0.091,100,23.35,50000,2498.81,11,1,25.000(31.250%)(0.536m),43.000(37.941%)(2.464m),65.000(57.353%)(4.821m),40.561(35.789%)(2.203m),19.121(23.902%)(0.000m),23.000(57.500%)(1.393m),13.441(33.602%)(0.369m),387.563,2925.578,73.1,1.4193,"[2.089, 2.780, 2.398, 2.232, 3.197, 2.648]","[3.779, 4.153, 3.867, 3.920, 4.511, 4.342]","[-4.299, -0.067, -1.090, -4.459, 0.266, -1.817]"
1200,3,19.8112,18.1183,0.162,629,1986,115,111,0.091,100,23.42,50000,2483.59,12,1,18.000(22.500%)(0.000m),43.000(37.941%)(2.464m),61.000(53.824%)(4.393m),38.000(33.530%)(1.929m),19.073(23.841%)(0.000m),11.000(27.500%)(0.107m),13.400(33.500%)(0.364m),225.320,2763.485,73.1,1.3562,"[1.771, 2.545, 2.063, 1.946, 2.924, 2.290]","[3.656, 4.036, 4.103, 4.006, 4.324, 4.382]","[-4.778, -3.294, -6.751, -4.281, -2.606, -5.166]"
1201,3,9.6904,17.9008,0.165,506,1578,95,47,0.091,90,23.40,50000,2057.51,0,0,22.000(27.500%)(0.214m),27.000(23.824%)(0.750m),35.000(30.882%)(1.607m),39.000(34.412%)(2.036m),23.017(28.772%)(0.323m),24.000(60.000%)(1.500m),16.234(40.585%)(0.668m),43.377,2684.660,72.2,1.3737,"[1.966, 2.483, 2.072, 2.095, 2.870, 2.249]","[3.895, 4.106, 4.108, 4.181, 4.444, 4.435]","[-4.176, -3.584, -4.345, -4.126, -3.324, -5.014]"
1202,3,23.2402,18.2305,0.174,621,1965,161,47,0.090,100,23.46,50000,2561.86,1,1,28.000(35.000%)(0.857m),44.000(38.824%)(2.571m),64.000(56.471%)(4.714m),41.000(36.177%)(2.250m),22.902(28.628%)(0.311m),23.000(57.500%)(1.393m),16.171(40.428%)(0.661m),307.591,2844.862,73.2,1.5420,"[2.355, 3.072, 2.711, 2.537, 3.496, 2.928]","[3.887, 4.492, 4.241, 3.986, 4.783, 4.613]","[-3.923, 0.409, -0.154, -4.042, 0.909, -0.342]"
1203,3,25.5152,18.6684,0.175,627,1979,31,28,0.090,100,23.52,50000,2562.01,2,1,26.000(32.500%)(0.643m),41.000(36.177%)(2.250m),64.000(56.471%)(4.714m),40.000(35.294%)(2.143m),19.203(24.004%)(0.000m),23.000(57.500%)(1.393m),13.493(33.734%)(0.374m),287.940,2860.757,73.1,1.3653,"[2.271, 3.005, 2.601, 2.443, 3.430, 2.845]","[4.099, 4.497, 4.293, 4.213, 4.774, 4.715]","[-5.666, -3.165, -0.464, -5.488, -2.249, -1.292]"
1204,3,16.6455,18.5448,0.175,633,1994,172,103,0.090,100,23.59,50000,2708.96,3,1,19.000(23.750%)(0.000m),44.000(38.824%)(2.571m),52.000(45.882%)(3.429m),31.519(27.811%)(1.234m),14.542(18.177%)(0.000m),12.000(30.000%)(0.214m),10.178(25.445%)(0.019m),204.861,2760.196,72.9,1.4219,"[1.685, 2.425, 2.141, 1.827, 2.807, 2.339]","[3.692, 4.449, 4.042, 3.811, 4.675, 4.416]","[-4.979, -4.835, -8.218, -4.871, -4.626, -6.900]"
1205,3,9.2281,18.2829,0.164,528,1661,100,56,0.090,95,23.57,50000,2119.61,0,0,28.000(35.000%)(0.857m),44.000(38.824%)(2.571m),60.000(52.941%)(4.286m),24.642(21.743%)(0.497m),12.276(15.346%)(0.000m),20.000(50.000%)(1.071m),9.825(24.563%)(0.000m),395.467,2863.505,72.8,1.4100,"[1.973, 2.714, 2.379, 2.108, 3.131, 2.560]","[3.815, 4.568, 4.316, 3.938, 4.763, 4.627]","[-5.339, -5.799, -5.958, -5.233, -5.546, -5.507]"
1206,3,20.6334,18.6741,0.180,673,2081,243,40,0.090,100,23.63,50000,2757.83,1,1,29.000(36.250%)(0.964m),39.000(34.412%)(2.036m),54.000(47.647%)(3.643m),37.000(32.647%)(1.821m),18.106(22.633%)(0.000m),24.000(60.000%)(1.500m),12.721(31.802%)(0.291m),211.150,2959.999,71.5,1.4221,"[1.688, 2.518, 2.481, 1.775, 2.867, 2.622]","[4.232, 4.466, 4.072, 4.586, 4.770, 4.429]","[-5.822, -5.261, -2.375, -5.878, -5.107, -2.810]"
1207,3,21.1676,18.6675,0.169,627,1981,177,66,0.089,100,23.70,50000,2596.38,2,1,28.000(35.000%)(0.857m),44.000(38.824%)(2.571m),60.000(52.941%)(4.286m),32.445(28.628%)(1.333m),14.956(18.694%)(0.000m),20.000(50.000%)(1.071m),10.467(26.168%)(0.050m),395.467,2802.076,73.1,1.4571,"[1.784, 2.668, 2.399, 1.904, 3.071, 2.590]","[3.766, 4.262, 4.082, 3.726, 4.594, 4.666]","[-5.633, -5.746, -1.833, -5.505, -5.278, -1.704]"
1208,3,20.3300,18.6283,0.157,636,2000,178,70,0.089,100,23.76,50000,2606.76,3,1,28.000(35.000%)(0.857m),44.000(38.824%)(2.571m),61.000(53.824%)(4.393m),41.000(36.177%)(2.250m),19.322(24.152%)(0.000m),20.000(50.000%)(1.071m),13.578(33.946%)(0.383m),286.556,2811.145,72.8,1.4239,"[1.727, 2.895, 2.504, 1.876, 3.288, 2.731]","[3.797, 4.224, 4.100, 3.893, 4.564, 4.560]","[-5.310, 0.269, -0.982, -5.049, 0.854, -1.022]"
1209,3,15.9810,18.5578,0.166,636,2000,174,91,0.089,100,23.82,50000,2553.09,4,1,25.000(31.250%)(0.536m),40.000(35.294%)(2.143m),49.000(43.235%)(3.107m),36.000(31.765%)(1.714m),18.845(23.557%)(0.000m),18.000(45.000%)(0.857m),13.237(33.093%)(0.347m),235.502,2715.647,72.8,1.4814,"[1.727, 2.688, 2.327, 1.841, 3.047, 2.517]","[3.697, 4.292, 4.202, 4.051, 4.639, 4.590]","[-5.406, -0.278, -4.071, -4.867, -0.839, -3.939]"
1210,3,23.9645,18.7550,0.162,622,1968,190,31,0.089,100,23.88,50000,2410.11,5,1,29.000(36.250%)(0.964m),44.000(38.824%)(2.571m),65.000(57.353%)(4.821m),41.000(36.177%)(2.250m),23.049(28.811%)(0.327m),23.000(57.500%)(1.393m),16.257(40.642%)(0.670m),314.219,2791.210,73.2,1.3614,"[1.871, 2.848, 2.461, 2.016, 3.273, 2.657]","[3.706, 4.254, 4.049, 4.034, 4.590, 4.411]","[-4.732, 1.097, -0.960, -4.525, 1.471, -1.355]"
1211,3,19.1485,18.6753,0.171,648,2025,46,82,0.089,100,23.95,50000,2654.43,6,1,24.000(30.000%)(0.429m),42.000(37.059%)(2.357m),54.000(47.647%)(3.643m),36.000(31.765%)(1.714m),22.051(27.564%)(0.220m),21.000(52.500%)(1.179m),15.535(38.837%)(0.593m),177.611,2772.642,72.3,1.4019,"[2.211, 2.742, 2.294, 2.373, 3.156, 2.483]","[3.659, 4.057, 4.127, 3.965, 4.333, 4.515]","[-4.521, -0.012, -1.637, -4.526, 0.603, -2.153]"
1212,3,21.2568,18.5947,0.175,625,1976,121,73,0.089,100,24.01,50000,2535.24,7,1,25.000(31.250%)(0.536m),44.000(38.824%)(2.571m),55.000(48.530%)(3.750m),37.000(32.647%)(1.821m),22.777(28.471%)(0.297m),20.000(50.000%)(1.071m),16.060(40.150%)(0.649m),238.760,2794.994,73.2,1.4243,"[2.202, 2.786, 2.293, 2.295, 3.198, 2.504]","[3.926, 4.343, 4.013, 4.039, 4.630, 4.246]","[-4.311, 0.059, -2.996, -4.601, 0.516, -2.688]"
1213,3,2.1387,18.2165,0.159,325,1006,0,11,0.088,75,23.99,50000,1316.30,0,0,23.625(29.531%)(0.388m),49.581(43.748%)(3.169m),62.000(54.706%)(4.500m),30.000(26.471%)(1.071m),23.000(28.750%)(0.321m),16.673(41.683%)(0.715m),27.000(67.500%)(1.821m),36.459,3486.004,71.7,1.3731,"[1.231, 1.634, 1.489, 1.416, 1.938, 1.550]","[3.814, 4.184, 3.847, 3.809, 4.445, 3.859]","[-6.549, -3.643, -3.292, -5.816, -4.768, -3.850]"
1214,3,8.6407,17.8644,0.180,540,1665,44,86,0.088,95,23.97,50000,2231.81,0,0,26.000(32.500%)(0.643m),31.000(27.353%)(1.179m),25.267(22.295%)(0.564m),15.067(13.294%)(0.000m),9.979(12.473%)(0.000m),19.000(47.500%)(0.964m),11.281(28.203%)(0.137m),279.172,2767.980,71.4,1.4135,"[1.725, 2.296, 1.885, 1.824, 2.634, 2.074]","[3.918, 4.310, 4.244, 4.253, 4.798, 4.633]","[-5.313, -5.348, -5.157, -5.741, -5.727, -5.731]"
1215,3,20.2855,17.7546,0.172,630,1986,116,64,0.088,100,24.03,50000,2647.69,1,1,25.000(31.250%)(0.536m),38.000(33.530%)(1.929m),56.000(49.412%)(3.857m),48.308(42.625%)(3.033m),22.986(28.732%)(0.320m),20.000(50.000%)(1.071m),16.211(40.528%)(0.665m),279.388,2865.431,72.9,1.5019,"[2.002, 2.815, 2.478, 2.235, 3.244, 2.650]","[4.195, 4.293, 4.125, 4.680, 4.749, 4.662]","[-5.927, -0.426, -2.086, -6.220, -0.635, -1.870]"
1216,3,22.7509,17.7066,0.173,642,2015,55,60,0.088,100,24.10,50000,2699.24,2,1,21.910(27.388%)(0.205m),44.000(38.824%)(2.571m),64.000(56.471%)(4.714m),44.000(38.824%)(2.571m),25.000(31.250%)(0.536m),15.449(38.623%)(0.584m),18.045(45.113%)(0.862m),385.165,3394.989,72.6,1.4201,"[2.169, 2.605, 2.039, 2.370, 2.990, 2.164]","[3.847, 4.150, 3.952, 4.008, 4.504, 4.399]","[-3.024, -0.531, -4.400, -3.270, -0.150, -4.550]"
1217,3,27.2557,18.1253,0.170,633,1992,2,124,0.088,100,24.16,50000,2670.26,3,1,21.000(26.250%)(0.107m),40.000(35.294%)(2.143m),58.000(51.177%)(4.071m),39.000(34.412%)(2.036m),23.622(29.527%)(0.388m),19.000(47.500%)(0.964m),16.694(41.734%)(0.717m),213.698,2732.933,72.8,1.4466,"[2.198, 2.924, 2.530, 2.356, 3.296, 2.682]","[4.047, 4.192, 3.951, 4.373, 4.502, 4.240]","[-4.189, 0.159, -1.180, -4.468, 0.466, -1.867]"
1218,3,19.3085,18.0647,0.164,625,1976,135,97,0.087,100,24.22,50000,2610.78,4,1,28.000(35.000%)(0.857m),44.000(38.824%)(2.571m),65.000(57.353%)(4.821m),32.116(28.338%)(1.298m),14.773(18.466%)(0.000m),17.000(42.500%)(0.750m),10.337(25.841%)(0.036m),186.375,2732.385,73.2,1.4108,"[1.316, 2.296, 2.163, 1.496, 2.652, 2.363]","[3.677, 4.265, 3.941, 3.932, 4.573, 4.094]","[-5.676, -5.252, -1.736, -5.316, -5.271, -2.325]"
1219,3,25.5775,18.1804,0.171,644,2015,26,77,0.087,100,24.28,50000,2638.57,5,1,22.000(27.500%)(0.214m),39.000(34.412%)(2.036m),60.000(52.941%)(4.286m),36.000(31.765%)(1.714m),19.937(24.921%)(0.000m),19.000(47.500%)(0.964m),14.021(35.051%)(0.431m),243.150,2815.231,72.4,1.4662,"[1.973, 2.787, 2.567, 2.181, 3.242, 2.755]","[3.862, 4.083, 3.895, 3.981, 4.371, 4.145]","[-5.219, -3.513, -0.007, -4.947, -2.755, -0.871]"
1220,3,6.0106,17.8537,0.161,382,1123,0,23,0.087,80,24.26,50000,1597.71,0,0,29.000(36.250%)(0.964m),44.000(38.824%)(2.571m),62.000(54.706%)(4.500m),27.000(23.824%)(0.750m),24.000(30.000%)(0.429m),26.000(65.000%)(1.714m),17.820(44.551%)(0.838m),0.000,3146.637,68.0,1.4659,"[1.906, 2.593, 2.429, 2.027, 2.948, 2.551]","[4.029, 4.308, 3.814, 3.990, 4.585, 4.034]","[-4.976, -4.214, -2.825, -5.192, -3.819, -3.176]"
1221,3,24.8123,17.8299,0.163,641,2009,35,51,0.087,100,24.32,50000,2585.45,1,1,24.000(30.000%)(0.429m),42.000(37.059%)(2.357m),62.000(54.706%)(4.500m),40.000(35.294%)(2.143m),19.133(23.917%)(0.000m),21.000(52.500%)(1.179m),13.444(33.609%)(0.369m),281.658,3026.483,72.5,1.3226,"[2.259, 2.892, 2.533, 2.419, 3.314, 2.728]","[4.191, 4.286, 4.017, 4.656, 4.629, 4.190]","[-4.383, 1.369, -0.395, -3.982, 1.482, -0.901]"
1222,3,22.5916,17.8741,0.165,624,1973,161,42,0.087,100,24.39,50000,2537.62,2,1,25.000(31.250%)(0.536m),44.000(38.824%)(2.571m),58.000(51.177%)(4.071m),44.000(38.824%)(2.571m),22.985(28.732%)(0.320m),23.000(57.500%)(1.393m),16.228(40.571%)(0.667m),342.855,2793.190,73.2,1.3971,"[2.226, 2.978, 2.670, 2.352, 3.382, 2.842]","[4.142, 4.506, 4.121, 4.330, 4.855, 4.333]","[-4.339, 0.102, -1.187, -4.405, 0.342, -1.806]"
1223,3,3.9381,17.5513,0.157,359,1117,96,48,0.087,80,24.37,50000,1461.40,0,0,13.000(16.250%)(0.000m),33.000(29.118%)(1.393m),59.000(52.059%)(4.179m),41.000(36.177%)(2.250m),23.096(28.870%)(0.332m),10.000(25.000%)(0.000m),16.291(40.728%)(0.674m),308.469,3086.579,72.0,1.3581,"[1.785, 2.405, 2.100, 1.921, 2.805, 2.263]","[4.117, 4.504, 4.136, 4.173, 4.911, 4.463]","[-4.924, -7.459, -10.578, -4.342, -7.827, -8.602]"
1224,3,22.5493,17.4994,0.172,627,1979,84,43,0.086,100,24.43,50000,2490.44,1,1,25.000(31.250%)(0.536m),42.000(37.059%)(2.357m),61.000(53.824%)(4.393m),43.000(37.941%)(2.464m),23.146(28.932%)(0.337m),22.000(55.000%)(1.286m),16.327(40.817%)(0.678m),353.119,2869.478,73.1,1.3955,"[2.460, 3.096, 2.657, 2.638, 3.519, 2.836]","[3.803, 4.582, 4.139, 4.177, 4.892, 4.460]","[-4.193, 0.510, -0.836, -4.227, 0.970, -1.708]"
1225,3,24.8529,17.9922,0.146,627,1979,96,56,0.086,100,24.49,50000,2547.51,2,1,25.000(31.250%)(0.536m),44.000(38.824%)(2.571m),60.000(52.941%)(4.286m),41.000(36.177%)(2.250m),23.049(28.811%)(0.327m),22.000(55.000%)(1.286m),16.257(40.642%)(0.670m),319.905,2788.306,73.1,1.4105,"[2.215, 3.042, 2.683, 2.381, 3.423, 2.844]","[3.930, 4.398, 4.120, 4.078, 4.715, 4.569]","[-5.534, 0.383, -1.244, -5.143, 0.640, -1.825]"
1226,3,26.3818,18.1426,0.163,708,2154,3,34,0.086,100,24.55,50000,2891.42,3,1,27.000(33.750%)(0.750m),40.000(35.294%)(2.143m),58.000(51.177%)(4.071m),42.000(37.059%)(2.357m),25.106(31.383%)(0.547m),23.000(57.500%)(1.393m),17.745(44.363%)(0.830m),369.879,3315.366,70.4,1.4444,"[2.439, 3.012, 2.611, 2.581, 3.438, 2.806]","[3.897, 4.224, 4.129, 4.193, 4.696, 4.590]","[-5.086, 1.568, -0.292, -4.913, 1.842, -0.718]"
1227,3,28.6681,18.3428,0.177,687,2107,5,54,0.086,100,24.61,50000,2821.00,4,1,22.000(27.500%)(0.214m),39.000(34.412%)(2.036m),56.000(49.412%)(3.857m),52.169(46.032%)(3.447m),24.923(31.153%)(0.527m),21.000(52.500%)(1.179m),17.638(44.094%)(0.818m),238.403,3419.015,71.0,1.3826,"[2.505, 3.047, 2.610, 2.703, 3.466, 2.779]","[3.838, 4.355, 4.115, 4.043, 4.798, 4.554]","[-2.934, 0.578, -1.330, -3.568, 0.835, -1.833]"
1228,3,25.4141,18.4459,0.180,624,1973,3,113,0.086,100,24.67,50000,2587.52,5,1,18.000(22.500%)(0.000m),39.000(34.412%)(2.036m),65.000(57.353%)(4.821m),35.000(30.882%)(1.607m),23.256(29.069%)(0.349m),16.000(40.000%)(0.643m),16.406(41.016%)(0.686m),206.184,2713.883,73.2,1.4734,"[2.119, 2.918, 2.578, 2.295, 3.274, 2.783]","[4.003, 4.392, 4.184, 3.906, 4.643, 4.460]","[-6.210, -1.091, -2.399, -5.973, -2.172, -2.672]"
1229,3,17.9680,18.3722,0.162,629,1988,178,105,0.086,100,24.74,50000,2706.46,6,1,26.000(32.500%)(0.643m),42.000(37.059%)(2.357m),61.000(53.824%)(4.393m),40.189(35.461%)(2.163m),18.885(23.606%)(0.000m),25.000(62.500%)(1.607m),13.265(33.164%)(0.350m),362.081,3066.687,73.1,1.5011,"[1.754, 2.640, 2.325, 1.958, 2.996, 2.511]","[3.895, 4.343, 4.103, 4.078, 4.690, 4.414]","[-5.356, -1.781, -4.638, -5.077, -1.483, -4.776]"
1230,3,22.6630,18.3788,0.168,623,1970,169,62,0.085,100,24.80,50000,2617.61,7,1,28.000(35.000%)(0.857m),43.000(37.941%)(2.464m),65.000(57.353%)(4.821m),38.000(33.530%)(1.929m),18.935(23.669%)(0.000m),25.000(62.500%)(1.607m),13.301(33.254%)(0.354m),267.670,2766.738,73.2,1.4399,"[1.763, 2.872, 2.583, 1.893, 3.265, 2.757]","[3.937, 4.245, 3.980, 3.930, 4.500, 4.387]","[-5.768, -0.609, -1.847, -5.460, -0.333, -2.478]"
1231,3,5.5062,18.0660,0.158,485,1512,104,78,0.085,90,24.78,50000,1978.81,0,0,28.000(35.000%)(0.857m),44.000(38.824%)(2.571m),60.000(52.941%)(4.286m),28.695(25.320%)(0.932m),13.290(16.612%)(0.000m),20.000(50.000%)(1.071m),9.718(24.295%)(0.000m),395.467,2980.588,72.2,1.3768,"[1.524, 2.094, 2.133, 1.672, 2.551, 2.334]","[3.523, 4.192, 3.930, 3.656, 4.494, 4.311]","[-5.801, -5.596, -4.959, -5.893, -5.055, -4.976]"
1232,3,20.3623,18.2307,0.179,630,1986,103,41,0.085,100,24.84,50000,2672.63,1,1,29.000(36.250%)(0.964m),44.000(38.824%)(2.571m),65.000(57.353%)(4.821m),31.000(27.353%)(1.179m),18.885(23.606%)(0.000m),24.000(60.000%)(1.500m),13.265(33.164%)(0.350m),120.996,2781.899,73.0,1.4383,"[1.910, 2.983, 2.639, 2.078, 3.398, 2.844]","[3.786, 4.333, 4.239, 4.012, 4.746, 4.458]","[-5.751, -1.450, -0.511, -5.314, -0.501, -1.075]"
1233,3,25.1722,18.6861,0.166,646,2021,72,58,0.085,100,24.90,50000,2617.27,2,1,26.000(32.500%)(0.643m),32.000(28.235%)(1.286m),44.000(38.824%)(2.571m),38.000(33.530%)(1.929m),20.258(25.322%)(0.028m),22.000(55.000%)(1.286m),14.249(35.623%)(0.455m),260.572,2803.255,72.4,1.3932,"[2.266, 3.081, 2.593, 2.420, 3.455, 2.795]","[4.039, 4.593, 4.290, 4.200, 5.012, 4.673]","[-4.924, 0.110, -1.897, -4.642, -0.295, -2.723]"
1234,3,1.1196,18.6871,0.148,224,630,15,14,0.085,60,24.88,50000,914.83,0,0,28.000(35.000%)(0.857m),42.000(37.059%)(2.357m),48.943(43.185%)(3.101m),20.110(17.744%)(0.012m),11.094(13.868%)(0.000m),27.000(67.500%)(1.821m),9.814(24.534%)(0.000m),343.807,5055.589,65.1,1.4005,"[1.823, 2.685, 2.658, 1.842, 2.950, 2.745]","[4.165, 4.500, 3.974, 4.344, 4.853, 4.193]","[-5.805, -5.062, -5.776, -5.763, -5.397, -5.450]"
1235,3,-0.6500,18.2349,0.170,151,444,15,0,0.085,50,24.86,50000,618.19,0,0,35.000(43.750%)(1.607m),45.000(39.706%)(2.679m),26.047(22.983%)(0.648m),15.532(13.705%)(0.000m),10.287(12.859%)(0.000m),40.000(100.000%)(3.214m),11.629(29.073%)(0.175m),438.042,3761.486,68.0,1.4029,"[1.471, 1.999, 1.874, 1.580, 2.319, 1.948]","[3.542, 4.262, 3.850, 3.594, 4.573, 4.016]","[-6.777, -6.235, -7.270, -7.335, -6.316, -7.378]"
1236,3,22.9689,18.5128,0.173,630,1988,15,107,0.084,100,24.92,50000,2550.09,1,1,22.000(27.500%)(0.214m),39.000(34.412%)(2.036m),63.000(55.588%)(4.607m),41.146(36.305%)(2.266m),19.417(24.272%)(0.000m),17.000(42.500%)(0.750m),13.666(34.166%)(0.393m),311.686,2788.554,73.0,1.3710,"[2.125, 2.892, 2.420, 2.311, 3.295, 2.594]","[3.906, 4.468, 4.112, 4.082, 4.947, 4.498]","[-6.100, -0.432, -3.195, -6.223, -1.113, -3.184]"
1237,3,26.5883,18.6026,0.173,630,1985,0,33,0.084,100,24.98,50000,2572.13,2,1,27.000(33.750%)(0.750m),45.000(39.706%)(2.679m),64.000(56.471%)(4.714m),48.893(43.141%)(3.096m),23.279(29.099%)(0.351m),24.000(60.000%)(1.500m),16.424(41.059%)(0.688m),413.692,3120.758,72.9,1.4555,"[2.438, 3.086, 2.684, 2.656, 3.517, 2.835]","[4.049, 4.463, 4.332, 4.026, 4.724, 4.689]","[-4.417, 1.364, -0.236, -4.499, 1.698, -0.909]"
1238,3,18.3452,18.9034,0.178,627,1981,100,80,0.084,100,25.04,50000,2537.42,3,1,25.000(31.250%)(0.536m),43.000(37.941%)(2.464m),53.000(46.765%)(3.536m),31.000(27.353%)(1.179m),22.251(27.813%)(0.241m),18.000(45.000%)(0.857m),15.679(39.198%)(0.608m),89.667,2713.610,73.1,1.4204,"[1.916, 2.724, 2.367, 2.054, 3.098, 2.581]","[4.094, 4.407, 4.299, 4.118, 4.736, 4.651]","[-5.366, -1.153, -2.877, -4.851, -0.127, -2.221]"
1239,3,24.7571,18.9639,0.168,644,2018,46,71,0.084,100,25.10,50000,2559.24,4,1,22.000(27.500%)(0.214m),43.000(37.941%)(2.464m),62.000(54.706%)(4.500m),42.248(37.278%)(2.384m),19.975(24.969%)(0.000m),19.000(47.500%)(0.964m),14.052(35.131%)(0.434m),344.876,3110.231,72.5,1.3725,"[2.218, 2.895, 2.480, 2.377, 3.290, 2.649]","[3.638, 4.329, 4.293, 3.733, 4.637, 4.708]","[-3.930, 0.620, -1.078, -4.035, 1.066, -1.736]"
1240,3,25.9143,19.0268,0.172,643,2015,95,18,0.084,100,25.16,50000,2644.74,5,1,26.000(32.500%)(0.643m),40.000(35.294%)(2.143m),59.000(52.059%)(4.179m),32.698(28.852%)(1.361m),15.085(18.857%)(0.000m),23.000(57.500%)(1.393m),10.559(26.398%)(0.060m),297.289,3201.493,72.5,1.4120,"[1.232, 2.644, 2.464, 1.400, 3.039, 2.699]","[4.235, 4.243, 3.861, 4.507, 4.576, 4.138]","[-5.746, -5.781, -0.434, -5.473, -5.956, -0.723]"
1241,3,15.8698,19.0262,0.170,644,2018,146,115,0.084,100,25.22,50000,2603.43,6,1,18.000(22.500%)(0.000m),39.000(34.412%)(2.036m),53.000(46.765%)(3.536m),38.826(34.258%)(2.017m),18.243(22.804%)(0.000m),12.000(30.000%)(0.214m),12.811(32.028%)(0.301m),270.012,3028.380,72.5,1.3307,"[1.653, 2.360, 1.886, 1.897, 2.711, 2.105]","[4.060, 4.194, 3.764, 4.166, 4.580, 4.191]","[-5.468, -3.464, -7.173, -5.048, -2.811, -5.375]"
1242,3,3.5824,18.7056,0.164,359,1116,87,44,0.083,80,25.20,50000,1490.63,0,0,13.000(16.250%)(0.000m),30.000(26.471%)(1.071m),61.000(53.824%)(4.393m),43.000(37.941%)(2.464m),23.017(28.772%)(0.323m),10.000(25.000%)(0.000m),16.234(40.585%)(0.668m),329.353,3089.694,72.0,1.3665,"[1.740, 2.259, 2.010, 1.909, 2.642, 2.163]","[3.588, 4.023, 3.809, 3.868, 4.349, 4.286]","[-4.075, -8.093, -8.802, -4.139, -8.417, -7.043]"
1243,3,23.3376,18.7188,0.166,647,2027,0,57,0.083,100,25.26,50000,2679.23,1,1,22.000(27.500%)(0.214m),43.000(37.941%)(2.464m),62.000(54.706%)(4.500m),48.000(42.353%)(3.000m),24.159(30.199%)(0.446m),20.000(50.000%)(1.071m),17.060(42.650%)(0.756m),369.260,3139.060,72.5,1.3757,"[2.242, 2.716, 2.373, 2.474, 3.154, 2.561]","[3.742, 4.101, 3.955, 4.033, 4.439, 4.348]","[-3.912, 0.144, -0.986, -4.236, 0.505, -1.716]"
1244,3,20.9433,18.7777,0.163,626,1978,163,68,0.083,100,25.32,50000,2563.21,2,1,28.000(35.000%)(0.857m),44.000(38.824%)(2.571m),65.000(57.353%)(4.821m),47.000(41.471%)(2.893m),22.949(28.687%)(0.316m),20.000(50.000%)(1.071m),16.185(40.462%)(0.663m),417.289,2834.954,73.1,1.3774,"[2.112, 2.781, 2.494, 2.314, 3.215, 2.642]","[3.822, 4.313, 3.932, 4.022, 4.688, 4.262]","[-5.308, 0.051, -1.222, -4.990, 0.290, -1.795]"
1245,3,20.6625,18.8113,0.162,627,1979,150,50,0.083,100,25.38,50000,2449.15,3,1,25.000(31.250%)(0.536m),44.000(38.824%)(2.571m),65.000(57.353%)(4.821m),38.598(34.057%)(1.993m),18.080(22.600%)(0.000m),22.000(55.000%)(1.286m),12.688(31.721%)(0.288m),348.733,2800.530,73.1,1.3356,"[2.191, 2.836, 2.484, 2.323, 3.284, 2.668]","[4.110, 4.285, 4.003, 4.384, 4.601, 4.429]","[-4.673, 0.915, -0.070, -4.529, 1.384, -0.489]"
1246,3,26.2559,18.8698,0.160,634,1995,15,49,0.083,100,25.44,50000,2564.31,4,1,21.000(26.250%)(0.107m),34.000(30.000%)(1.500m),45.000(39.706%)(2.679m),50.006(44.123%)(3.215m),23.838(29.797%)(0.411m),22.000(55.000%)(1.286m),16.827(42.069%)(0.732m),102.822,2872.133,72.8,1.3942,"[2.154, 2.872, 2.324, 2.359, 3.267, 2.490]","[3.788, 4.325, 4.196, 3.875, 4.649, 4.646]","[-5.499, -3.418, -5.569, -5.318, -3.458, -5.635]"
1247,3,22.0866,18.8716,0.149,624,1973,194,61,0.083,100,25.50,50000,2521.98,5,1,28.000(35.000%)(0.857m),44.000(38.824%)(2.571m),60.000(52.941%)(4.286m),45.000(39.706%)(2.679m),22.882(28.603%)(0.309m),20.000(50.000%)(1.071m),16.168(40.421%)(0.661m),395.467,2826.811,73.2,1.3849,"[2.286, 2.965, 2.582, 2.403, 3.386, 2.797]","[3.762, 4.321, 4.248, 4.003, 4.653, 4.569]","[-4.277, 0.520, -1.620, -4.620, 0.982, -1.363]"
1248,3,23.5613,18.9400,0.161,628,1983,71,65,0.082,100,25.56,50000,2491.45,6,1,23.000(28.750%)(0.321m),36.000(31.765%)(1.714m),46.000(40.588%)(2.786m),48.308(42.625%)(3.033m),22.986(28.732%)(0.320m),22.000(55.000%)(1.286m),16.211(40.528%)(0.665m),140.469,2860.443,73.1,1.3196,"[2.429, 2.937, 2.483, 2.642, 3.360, 2.717]","[3.701, 4.364, 4.181, 4.017, 4.700, 4.562]","[-3.305, -2.898, -4.718, -3.582, -2.850, -4.575]"
1249,3,22.9727,18.9555,0.167,629,1986,166,12,0.082,100,25.62,50000,2512.44,7,1,29.000(36.250%)(0.964m),43.000(37.941%)(2.464m),58.000(51.177%)(4.071m),40.415(35.660%)(2.187m),19.047(23.809%)(0.000m),26.000(65.000%)(1.714m),13.388(33.470%)(0.363m),371.833,3028.568,73.1,1.4107,"[1.853, 2.908, 2.557, 1.986, 3.265, 2.732]","[3.760, 4.429, 3.965, 3.847, 4.696, 4.264]","[-5.115, -0.568, -1.361, -4.677, -0.785, -1.872]"
1250,3,24.0973,19.0412,0.173,642,2012,0,92,0.082,100,25.68,50000,2698.81,8,1,24.000(30.000%)(0.429m),40.000(35.294%)(2.143m),66.000(58.235%)(4.929m),39.000(34.412%)(2.036m),23.226(29.032%)(0.346m),20.000(50.000%)(1.071m),16.402(41.006%)(0.686m),293.116,2882.977,72.5,1.4263,"[2.097, 2.788, 2.414, 2.225, 3.174, 2.594]","[4.028, 4.298, 3.907, 4.444, 4.592, 4.107]","[-5.438, 0.611, -1.133, -5.249, 0.998, -2.285]"
1251,3,20.3035,19.2535,0.174,626,1978,168,122,0.082,100,25.74,50000,2549.64,9,1,25.000(31.250%)(0.536m),40.000(35.294%)(2.143m),58.000(51.177%)(4.071m),46.000(40.588%)(2.786m),22.810(28.512%)(0.301m),17.000(42.500%)(0.750m),16.084(40.209%)(0.652m),292.077,2801.291,73.1,1.4267,"[1.953, 2.578, 2.203, 2.156, 3.003, 2.414]","[3.605, 4.217, 3.857, 3.709, 4.471, 4.189]","[-4.581, -1.286, -2.805, -4.567, -0.985, -3.077]"
1252,3,24.3320,19.2753,0.165,630,1985,28,77,0.082,100,25.80,50000,2560.07,10,1,28.000(35.000%)(0.857m),47.000(41.471%)(2.893m),67.000(59.118%)(5.036m),40.000(35.294%)(2.143m),19.797(24.746%)(0.000m),20.000(50.000%)(1.071m),13.919(34.798%)(0.420m),337.412,2990.228,72.9,1.4343,"[2.050, 2.941, 2.560, 2.284, 3.419, 2.830]","[3.798, 4.159, 4.188, 3.830, 4.779, 4.684]","[-5.109, 1.232, -1.279, -4.615, 1.541, -0.246]"
1253,3,25.7909,19.2809,0.158,639,2004,0,18,0.082,100,25.86,50000,2511.36,11,1,30.000(37.500%)(1.071m),48.000(42.353%)(3.000m),73.000(64.412%)(5.679m),50.655(44.695%)(3.284m),24.163(30.204%)(0.446m),24.000(60.000%)(1.500m),17.086(42.716%)(0.759m),492.379,3255.905,72.6,1.3639,"[2.335, 2.945, 2.520, 2.579, 3.420, 2.745]","[3.758, 4.044, 4.020, 4.108, 4.491, 4.533]","[-3.913, 1.255, -0.221, -3.956, 1.631, -0.699]"
1254,3,25.1475,19.4509,0.175,637,2001,0,125,0.081,100,25.92,50000,2762.57,12,1,22.000(27.500%)(0.214m),42.000(37.059%)(2.357m),60.000(52.941%)(4.286m),39.000(34.412%)(2.036m),23.681(29.602%)(0.394m),17.000(42.500%)(0.750m),16.737(41.842%)(0.722m),297.968,2887.969,72.7,1.5317,"[2.286, 2.902, 2.375, 2.418, 3.311, 2.586]","[3.756, 4.096, 4.002, 3.732, 4.638, 4.165]","[-4.994, 0.776, -2.433, -4.646, 1.188, -1.997]"
1255,3,23.7570,19.7415,0.158,622,1968,182,50,0.081,100,25.98,50000,2576.15,13,1,25.000(31.250%)(0.536m),42.000(37.059%)(2.357m),60.000(52.941%)(4.286m),41.000(36.177%)(2.250m),22.947(28.683%)(0.316m),23.000(57.500%)(1.393m),16.204(40.509%)(0.665m),289.424,2759.134,73.2,1.4233,"[2.333, 3.038, 2.604, 2.514, 3.413, 2.805]","[3.878, 4.327, 4.011, 4.114, 4.618, 4.556]","[-4.571, 0.215, -1.317, -4.514, 0.545, -1.883]"
1256,3,27.1779,19.8724,0.174,671,2076,38,19,0.081,100,26.04,50000,2665.74,14,1,29.000(36.250%)(0.964m),45.000(39.706%)(2.679m),62.000(54.706%)(4.500m),35.346(31.188%)(1.644m),16.423(20.529%)(0.000m),22.000(55.000%)(1.286m),11.508(28.771%)(0.162m),412.949,3389.367,71.6,1.3672,"[2.095, 3.028, 2.592, 2.284, 3.408, 2.771]","[3.964, 4.331, 4.255, 4.128, 4.776, 4.558]","[-5.201, -4.053, -0.367, -4.978, -3.516, -0.797]"
1257,3,22.2330,19.8937,0.176,625,1975,106,42,0.081,100,26.09,50000,2520.15,15,1,25.000(31.250%)(0.536m),44.000(38.824%)(2.571m),65.000(57.353%)(4.821m),47.986(42.340%)(2.998m),22.824(28.531%)(0.303m),22.000(55.000%)(1.286m),16.115(40.287%)(0.655m),417.289,2983.059,73.1,1.3688,"[2.453, 2.996, 2.635, 2.624, 3.420, 2.827]","[3.901, 4.297, 4.416, 3.929, 4.647, 4.858]","[-4.388, 1.364, -0.498, -4.358, 1.776, -0.903]"
1258,3,23.0104,19.9473,0.166,622,1968,162,35,0.081,100,26.15,50000,2543.16,16,1,29.000(36.250%)(0.964m),44.000(38.824%)(2.571m),65.000(57.353%)(4.821m),41.000(36.177%)(2.250m),23.012(28.765%)(0.323m),23.000(57.500%)(1.393m),16.232(40.580%)(0.668m),307.591,2791.629,73.2,1.4342,"[2.297, 3.002, 2.634, 2.422, 3.425, 2.820]","[3.996, 4.462, 4.112, 4.395, 4.796, 4.575]","[-4.306, 1.486, -0.862, -4.352, 1.815, -1.509]"
1259,3,19.3005,20.0137,0.164,629,1984,77,123,0.081,100,26.21,50000,2605.46,17,1,20.000(25.000%)(0.000m),43.000(37.941%)(2.464m),62.000(54.706%)(4.500m),44.000(38.824%)(2.571m),22.869(28.587%)(0.307m),14.000(35.000%)(0.429m),16.158(40.395%)(0.660m),366.599,2820.310,73.0,1.4365,"[2.271, 2.750, 2.234, 2.495, 3.121, 2.423]","[3.732, 4.248, 4.241, 3.741, 4.558, 4.584]","[-3.257, -2.339, -5.997, -3.827, -2.566, -4.735]"
1260,3,23.0975,19.9963,0.170,624,1973,175,46,0.080,100,26.27,50000,2503.56,18,1,24.000(30.000%)(0.429m),43.000(37.941%)(2.464m),65.000(57.353%)(4.821m),31.887(28.135%)(1.274m),14.655(18.319%)(0.000m),22.000(55.000%)(1.286m),10.253(25.633%)(0.027m),385.540,2934.588,73.2,1.3598,"[2.070, 2.784, 2.684, 2.249, 3.188, 2.822]","[3.721, 4.245, 4.300, 3.997, 4.548, 4.611]","[-5.292, -5.278, -1.615, -5.051, -4.962, -2.140]"
1261,3,16.7614,19.9486,0.155,629,1986,231,91,0.080,100,26.33,50000,2551.09,19,1,20.000(25.000%)(0.000m),43.000(37.941%)(2.464m),61.000(53.824%)(4.393m),37.000(32.647%)(1.821m),19.047(23.809%)(0.000m),14.000(35.000%)(0.429m),13.388(33.470%)(0.363m),246.218,2802.636,73.1,1.3751,"[1.645, 2.789, 2.374, 1.819, 3.116, 2.583]","[4.076, 4.407, 4.283, 4.383, 4.692, 4.593]","[-4.584, -2.295, -6.349, -4.206, -2.015, -4.319]"
1262,3,18.9287,19.9020,0.161,630,1989,129,100,0.080,100,26.39,50000,2580.83,20,1,25.000(31.250%)(0.536m),44.000(38.824%)(2.571m),42.000(37.059%)(2.357m),32.000(28.235%)(1.286m),15.018(18.772%)(0.000m),18.000(45.000%)(0.857m),10.511(26.278%)(0.055m),110.037,2733.816,73.1,1.3978,"[1.633, 2.332, 2.217, 1.834, 2.697, 2.395]","[3.721, 4.285, 3.999, 4.039, 4.545, 4.162]","[-5.399, -5.933, -3.498, -5.372, -6.118, -3.525]"
1263,3,17.9295,20.2178,0.164,632,1990,79,126,0.080,100,26.44,50000,2579.63,21,1,21.000(26.250%)(0.107m),39.000(34.412%)(2.036m),56.000(49.412%)(3.857m),41.000(36.177%)(2.250m),22.047(27.559%)(0.219m),15.000(37.500%)(0.536m),15.532(38.830%)(0.593m),242.256,3020.815,72.9,1.3788,"[2.158, 2.652, 2.159, 2.337, 3.089, 2.384]","[3.943, 4.185, 4.136, 4.120, 4.571, 4.373]","[-4.239, 0.540, -2.637, -4.330, 0.447, -2.031]"
1264,3,22.7250,20.4995,0.158,638,2004,10,93,0.080,100,26.50,50000,2603.90,22,1,23.000(28.750%)(0.321m),38.000(33.530%)(1.929m),61.000(53.824%)(4.393m),47.000(41.471%)(2.893m),24.374(30.468%)(0.469m),16.000(40.000%)(0.643m),17.216(43.040%)(0.773m),304.318,2846.251,72.7,1.4168,"[2.235, 2.712, 2.137, 2.474, 3.153, 2.363]","[3.753, 4.197, 3.872, 3.803, 4.551, 4.020]","[-3.904, -0.526, -6.125, -4.178, -0.453, -4.240]"
1265,3,21.4095,20.5220,0.160,626,1978,189,59,0.080,100,26.56,50000,2499.78,23,1,27.000(33.750%)(0.750m),41.000(36.177%)(2.250m),59.000(52.059%)(4.179m),41.000(36.177%)(2.250m),22.515(28.144%)(0.269m),22.000(55.000%)(1.286m),15.890(39.726%)(0.631m),290.358,2779.934,73.1,1.3859,"[2.209, 2.751, 2.467, 2.359, 3.172, 2.630]","[3.814, 4.033, 4.153, 3.946, 4.381, 4.503]","[-4.174, -0.192, -1.385, -4.282, 0.205, -1.967]"
1266,3,22.7966,20.5229,0.173,626,1978,161,42,0.079,100,26.62,50000,2657.13,24,1,28.000(35.000%)(0.857m),44.000(38.824%)(2.571m),65.000(57.353%)(4.821m),41.000(36.177%)(2.250m),23.049(28.811%)(0.327m),23.000(57.500%)(1.393m),16.257(40.642%)(0.670m),314.219,2800.301,73.1,1.4426,"[2.208, 3.079, 2.597, 2.374, 3.487, 2.807]","[3.854, 4.494, 4.370, 3.903, 4.754, 4.953]","[-6.113, 1.602, -1.001, -5.866, 1.831, -0.718]"
1267,3,19.1313,20.3604,0.168,679,2091,0,75,0.079,100,26.68,50000,2743.53,25,1,23.000(28.750%)(0.321m),43.000(37.941%)(2.464m),66.000(58.235%)(4.929m),42.000(37.059%)(2.357m),23.000(28.750%)(0.321m),20.000(50.000%)(1.071m),17.890(44.724%)(0.845m),360.426,3649.834,71.3,1.4777,"[2.448, 3.016, 2.509, 2.648, 3.432, 2.724]","[3.771, 4.550, 4.235, 4.041, 5.048, 4.732]","[-5.540, 1.107, 0.540, -5.023, 1.673, 0.287]"
1268,3,22.1940,20.4181,0.171,624,1973,171,32,0.079,100,26.74,50000,2509.90,26,1,29.000(36.250%)(0.964m),43.000(37.941%)(2.464m),65.000(57.353%)(4.821m),32.227(28.436%)(1.310m),14.921(18.652%)(0.000m),23.000(57.500%)(1.393m),11.055(27.638%)(0.113m),288.482,2764.115,73.2,1.3804,"[1.850, 2.737, 2.463, 2.024, 3.133, 2.668]","[3.665, 4.038, 3.975, 3.977, 4.333, 4.284]","[-5.708, -5.542, -0.934, -5.534, -5.281, -1.746]"
1269,3,24.5000,20.3966,0.154,628,1984,24,91,0.079,100,26.79,50000,2498.92,27,1,21.000(26.250%)(0.107m),36.000(31.765%)(1.714m),52.000(45.882%)(3.429m),36.000(31.765%)(1.714m),24.000(30.000%)(0.429m),13.000(32.500%)(0.321m),17.165(42.913%)(0.768m),189.870,2852.945,73.1,1.4253,"[1.816, 2.771, 2.165, 2.041, 3.186, 2.387]","[3.668, 4.094, 3.864, 3.991, 4.545, 4.243]","[-4.978, -1.802, -5.339, -4.550, -1.363, -3.677]"
1270,3,27.0496,20.8174,0.164,640,2008,0,77,0.079,100,26.85,50000,2623.19,28,1,25.000(31.250%)(0.536m),39.000(34.412%)(2.036m),62.000(54.706%)(4.500m),40.000(35.294%)(2.143m),23.842(29.802%)(0.412m),19.000(47.500%)(0.964m),16.853(42.133%)(0.734m),252.491,2907.515,72.6,1.3893,"[2.071, 2.936, 2.462, 2.289, 3.350, 2.638]","[3.824, 4.290, 3.858, 3.902, 4.694, 4.263]","[-5.208, 1.381, -1.202, -4.992, 1.414, -1.536]"
1271,3,0.3983,20.3291,0.167,166,494,15,0,0.079,55,26.83,50000,695.78,0,0,35.000(43.750%)(1.607m),53.000(46.765%)(3.536m),64.010(56.480%)(4.715m),22.799(20.117%)(0.300m),11.988(14.984%)(0.000m),40.000(100.000%)(3.214m),10.089(25.224%)(0.010m),637.539,3945.258,68.8,1.4591,"[0.877, 1.825, 2.609, 1.041, 2.174, 2.731]","[3.396, 3.958, 3.823, 3.430, 4.340, 3.936]","[-6.004, -6.802, -5.188, -5.577, -6.686, -4.923]"
1272,3,24.4887,20.3670,0.158,627,1979,38,18,0.079,100,26.89,50000,2550.35,1,1,27.000(33.750%)(0.750m),40.000(35.294%)(2.143m),52.000(45.882%)(3.429m),41.339(36.476%)(2.286m),19.515(24.394%)(0.000m),26.000(65.000%)(1.714m),13.723(34.308%)(0.399m),295.128,2859.303,73.1,1.4030,"[2.197, 2.915, 2.551, 2.371, 3.363, 2.764]","[3.814, 4.185, 4.034, 4.096, 4.664, 4.385]","[-4.531, 0.528, -0.441, -4.547, 0.525, -0.905]"
1273,3,20.6446,20.7012,0.157,637,2003,61,48,0.078,100,26.94,50000,2645.13,2,1,23.000(28.750%)(0.321m),35.000(30.882%)(1.607m),45.000(39.706%)(2.679m),48.769(43.031%)(3.082m),23.217(29.021%)(0.345m),23.000(57.500%)(1.393m),16.378(40.946%)(0.683m),150.572,2761.399,72.8,1.4200,"[2.021, 2.694, 2.344, 2.231, 3.113, 2.547]","[3.734, 4.313, 4.001, 3.715, 4.769, 4.458]","[-5.168, -2.711, -3.986, -4.685, -2.860, -4.091]"
1274,3,21.0299,20.6708,0.156,626,1980,186,77,0.078,100,27.00,50000,2553.07,3,1,28.000(35.000%)(0.857m),44.000(38.824%)(2.571m),60.000(52.941%)(4.286m),45.000(39.706%)(2.679m),22.969(28.712%)(0.318m),20.000(50.000%)(1.071m),16.220(40.550%)(0.666m),375.449,2795.743,73.2,1.4076,"[2.350, 2.890, 2.488, 2.476, 3.278, 2.685]","[3.867, 4.169, 4.025, 3.959, 4.472, 4.394]","[-3.726, -0.562, -1.816, -4.134, -0.699, -1.869]"
1275,3,1.5212,20.2041,0.178,365,1128,163,54,0.078,80,26.98,50000,1451.14,0,0,13.000(16.250%)(0.000m),24.000(21.177%)(0.429m),40.000(35.294%)(2.143m),31.000(27.353%)(1.179m),14.832(18.540%)(0.000m),10.000(25.000%)(0.000m),10.382(25.955%)(0.041m),136.417,2988.276,71.5,1.4297,"[0.987, 1.838, 1.722, 1.085, 2.161, 1.927]","[3.929, 4.228, 3.957, 3.947, 4.564, 4.296]","[-6.277, -6.448, -10.849, -5.858, -6.688, -8.952]"
1276,3,22.1078,20.1187,0.167,624,1973,192,31,0.078,100,27.04,50000,2492.50,1,1,29.000(36.250%)(0.964m),44.000(38.824%)(2.571m),65.000(57.353%)(4.821m),40.189(35.461%)(2.163m),18.885(23.606%)(0.000m),23.000(57.500%)(1.393m),13.265(33.164%)(0.350m),318.044,2793.426,73.2,1.3911,"[1.805, 2.945, 2.645, 1.935, 3.344, 2.839]","[3.998, 4.311, 4.038, 4.043, 4.730, 4.446]","[-5.421, 1.003, -0.342, -5.058, 1.149, -0.974]"
1277,3,3.0141,19.6056,0.156,364,1129,31,52,0.078,80,27.02,50000,1446.79,0,0,11.000(13.750%)(0.000m),44.000(38.824%)(2.571m),65.000(57.353%)(4.821m),36.000(31.765%)(1.714m),22.898(28.622%)(0.310m),11.000(27.500%)(0.107m),16.147(40.368%)(0.659m),200.593,3089.800,71.8,1.3550,"[1.885, 2.553, 2.125, 2.017, 2.917, 2.267]","[4.039, 4.390, 3.999, 4.150, 4.654, 4.461]","[-4.161, -5.491, -8.191, -4.317, -5.279, -7.215]"
1278,3,16.5597,19.4285,0.165,634,1996,82,97,0.078,100,27.07,50000,2573.06,1,1,22.000(27.500%)(0.214m),44.000(38.824%)(2.571m),51.000(45.000%)(3.321m),38.000(33.530%)(1.929m),21.733(27.167%)(0.186m),15.000(37.500%)(0.536m),15.307(38.267%)(0.569m),270.799,2780.850,72.8,1.4221,"[2.031, 2.683, 2.302, 2.209, 3.074, 2.492]","[3.898, 4.234, 3.941, 4.146, 4.488, 4.286]","[-5.642, -1.351, -1.548, -5.321, -1.840, -1.191]"
1279,3,20.9486,19.4881,0.165,632,1992,205,61,0.077,100,27.13,50000,2704.32,2,1,28.000(35.000%)(0.857m),42.000(37.059%)(2.357m),58.000(51.177%)(4.071m),40.000(35.294%)(2.143m),18.919(23.649%)(0.000m),20.000(50.000%)(1.071m),13.290(33.225%)(0.352m),266.078,2977.420,72.9,1.4736,"[1.771, 2.708, 2.431, 1.964, 3.155, 2.651]","[3.802, 4.103, 3.917, 3.928, 4.599, 4.283]","[-4.781, 0.141, -1.608, -4.476, 0.693, -1.476]"
1280,3,26.0920,19.5567,0.167,645,2019,0,82,0.077,100,27.19,50000,2694.60,3,1,27.000(33.750%)(0.750m),43.000(37.941%)(2.464m),64.000(56.471%)(4.714m),37.000(32.647%)(1.821m),23.850(29.812%)(0.412m),19.000(47.500%)(0.964m),16.838(42.095%)(0.733m),261.451,2820.329,72.4,1.4272,"[1.903, 2.818, 2.358, 2.123, 3.243, 2.574]","[3.736, 4.275, 3.984, 3.810, 4.749, 4.222]","[-5.856, -0.899, -2.772, -5.414, -0.685, -2.478]"
1281,3,22.3572,19.8937,0.165,623,1970,173,46,0.077,100,27.24,50000,2544.27,4,1,25.000(31.250%)(0.536m),44.000(38.824%)(2.571m),65.000(57.353%)(4.821m),32.160(28.376%)(1.303m),15.007(18.758%)(0.000m),22.000(55.000%)(1.286m),11.264(28.160%)(0.135m),298.212,2834.320,73.2,1.4019,"[1.839, 2.706, 2.500, 2.001, 3.171, 2.714]","[3.822, 4.122, 4.237, 3.893, 4.457, 4.538]","[-5.806, -5.729, -0.453, -5.518, -5.524, -0.885]"
1282,3,23.3586,19.9536,0.164,626,1977,87,71,0.077,100,27.30,50000,2565.56,5,1,25.000(31.250%)(0.536m),44.000(38.824%)(2.571m),60.000(52.941%)(4.286m),40.110(35.392%)(2.155m),18.845(23.557%)(0.000m),20.000(50.000%)(1.071m),13.237(33.093%)(0.347m),398.358,2905.848,73.1,1.4061,"[2.207, 2.914, 2.568, 2.400, 3.328, 2.761]","[3.840, 4.020, 4.130, 4.003, 4.318, 4.403]","[-4.812, 0.434, -1.030, -4.484, 0.941, -1.585]"
1283,3,22.5280,19.9007,0.150,623,1970,153,69,0.077,100,27.36,50000,2581.45,6,1,25.000(31.250%)(0.536m),40.000(35.294%)(2.143m),60.000(52.941%)(4.286m),38.000(33.530%)(1.929m),22.875(28.594%)(0.308m),22.000(55.000%)(1.286m),16.152(40.379%)(0.659m),289.446,2736.313,73.2,1.4260,"[2.086, 2.848, 2.605, 2.243, 3.236, 2.745]","[3.964, 4.269, 4.238, 4.031, 4.645, 4.559]","[-4.952, 0.200, -1.249, -4.924, 0.388, -1.728]"
1284,3,6.2606,20.0036,0.142,497,1559,55,97,0.077,90,27.34,50000,2066.09,0,0,24.000(30.000%)(0.429m),20.000(17.647%)(0.000m),35.000(30.882%)(1.607m),36.000(31.765%)(1.714m),23.017(28.772%)(0.323m),17.000(42.500%)(0.750m),16.234(40.585%)(0.668m),0.000,2635.430,72.6,1.4649,"[1.688, 2.141, 1.794, 1.844, 2.535, 1.932]","[3.791, 4.209, 4.019, 3.910, 4.525, 4.398]","[-6.967, -5.635, -7.439, -5.891, -5.493, -7.543]"
1285,3,4.8657,20.1139,0.161,319,987,67,42,0.076,75,27.32,50000,1268.82,0,0,25.000(31.250%)(0.536m),44.000(38.824%)(2.571m),65.000(57.353%)(4.821m),32.000(28.235%)(1.286m),22.986(28.732%)(0.320m),22.000(55.000%)(1.286m),16.210(40.526%)(0.665m),37.733,2849.825,71.6,1.3366,"[1.881, 2.670, 2.455, 1.957, 3.123, 2.587]","[3.915, 4.223, 3.727, 3.852, 4.493, 3.968]","[-6.474, -1.145, -0.548, -6.347, 0.042, -3.235]"
1286,3,28.2355,20.2192,0.163,654,2039,2,75,0.076,100,27.37,50000,2654.48,1,1,25.000(31.250%)(0.536m),42.000(37.059%)(2.357m),58.000(51.177%)(4.071m),44.000(38.824%)(2.571m),23.937(29.921%)(0.422m),19.000(47.500%)(0.964m),16.923(42.306%)(0.742m),342.399,3217.268,72.1,1.3656,"[2.145, 3.020, 2.553, 2.369, 3.471, 2.746]","[3.960, 4.250, 3.901, 3.963, 4.750, 4.252]","[-5.804, 0.311, -1.879, -5.118, 0.904, -1.930]"
1287,3,21.2082,20.1116,0.156,648,2023,18,123,0.076,100,27.43,50000,2562.07,2,1,17.000(21.250%)(0.000m),36.000(31.765%)(1.714m),47.000(41.471%)(2.893m),40.000(35.294%)(2.143m),22.039(27.548%)(0.218m),16.000(40.000%)(0.643m),16.758(41.895%)(0.724m),253.636,2835.351,72.2,1.3663,"[2.508, 2.907, 2.416, 2.696, 3.267, 2.505]","[4.234, 4.607, 4.069, 4.208, 4.934, 4.147]","[-4.279, 0.067, -4.841, -3.837, -0.525, -4.828]"
1288,3,25.3281,20.2513,0.170,628,1983,0,97,0.076,100,27.48,50000,2536.48,3,1,24.000(30.000%)(0.429m),41.000(36.177%)(2.250m),60.000(52.941%)(4.286m),34.000(30.000%)(1.500m),23.448(29.309%)(0.369m),17.000(42.500%)(0.750m),16.545(41.363%)(0.701m),162.039,2718.785,73.1,1.3821,"[2.082, 2.857, 2.388, 2.280, 3.276, 2.609]","[4.068, 4.368, 4.001, 4.121, 4.721, 4.440]","[-4.453, -0.189, -3.742, -4.309, 0.058, -3.675]"
1289,3,25.4677,20.2655,0.160,660,2053,9,75,0.076,100,27.54,50000,2699.89,4,1,23.000(28.750%)(0.321m),43.000(37.941%)(2.464m),56.000(49.412%)(3.857m),43.000(37.941%)(2.464m),23.853(29.817%)(0.413m),16.000(40.000%)(0.643m),16.862(42.154%)(0.735m),346.660,2998.785,72.0,1.4112,"[2.017, 2.948, 2.385, 2.212, 3.311, 2.535]","[4.273, 4.601, 4.192, 4.182, 4.946, 4.377]","[-5.401, -1.963, -5.802, -5.161, -1.754, -4.306]"
1290,3,2.0968,19.7891,0.175,385,1169,62,66,0.076,80,27.52,50000,1577.89,0,0,11.000(13.750%)(0.000m),19.000(16.765%)(0.000m),57.000(50.294%)(3.964m),43.000(37.941%)(2.464m),20.731(25.913%)(0.078m),10.000(25.000%)(0.000m),14.588(36.471%)(0.492m),345.856,3640.837,70.3,1.3986,"[1.953, 2.411, 2.174, 2.110, 2.794, 2.334]","[3.951, 4.423, 4.133, 4.031, 4.803, 4.196]","[-9.802, -7.129, -6.581, -8.825, -7.159, -7.135]"
1291,3,24.1791,19.9553,0.172,631,1990,45,76,0.076,100,27.58,50000,2640.43,1,1,27.000(33.750%)(0.750m),36.000(31.765%)(1.714m),49.000(43.235%)(3.107m),36.000(31.765%)(1.714m),19.709(24.636%)(0.000m),19.000(47.500%)(0.964m),13.856(34.640%)(0.413m),177.229,2701.379,73.0,1.4381,"[1.680, 2.725, 2.419, 1.915, 3.139, 2.640]","[3.910, 4.506, 4.039, 4.275, 5.054, 4.518]","[-6.767, -4.691, -1.977, -6.696, -3.862, -1.934]"
1292,3,22.5413,20.3345,0.180,630,1987,135,36,0.075,100,27.63,50000,2640.63,2,1,28.000(35.000%)(0.857m),43.000(37.941%)(2.464m),51.000(45.000%)(3.321m),38.000(33.530%)(1.929m),18.965(23.707%)(0.000m),23.000(57.500%)(1.393m),13.329(33.324%)(0.357m),229.663,2756.584,73.0,1.3954,"[1.882, 2.917, 2.617, 1.999, 3.280, 2.748]","[4.051, 4.438, 4.490, 4.323, 4.725, 4.975]","[-5.016, -0.036, -1.935, -4.549, 0.276, -3.143]"
1293,3,7.6392,20.0205,0.159,494,1553,100,68,0.075,90,27.61,50000,2057.31,0,0,23.000(28.750%)(0.321m),29.000(25.588%)(0.964m),49.000(43.235%)(3.107m),45.000(39.706%)(2.679m),22.765(28.457%)(0.296m),20.000(50.000%)(1.071m),16.052(40.129%)(0.648m),37.697,2721.753,72.8,1.4064,"[2.021, 2.366, 1.821, 2.219, 2.708, 1.990]","[3.921, 4.126, 4.001, 3.918, 4.400, 4.365]","[-4.188, -3.620, -6.969, -4.267, -4.131, -8.032]"
1294,3,17.7839,19.9573,0.155,665,2064,176,84,0.075,100,27.67,50000,2673.75,1,1,25.000(31.250%)(0.536m),37.000(32.647%)(1.821m),50.000(44.118%)(3.214m),37.000(32.647%)(1.821m),18.602(23.253%)(0.000m),17.000(42.500%)(0.750m),13.069(32.673%)(0.329m),221.532,3163.219,71.8,1.3804,"[1.645, 2.562, 2.166, 1.765, 2.942, 2.368]","[3.827, 4.100, 3.864, 4.013, 4.410, 4.150]","[-5.156, -0.710, -3.599, -5.202, -0.660, -3.309]"
1295,3,18.2809,19.9097,0.170,629,1985,116,14,0.075,100,27.72,50000,2468.17,2,1,31.000(38.750%)(1.179m),49.000(43.235%)(3.107m),69.000(60.883%)(5.250m),30.648(27.042%)(1.141m),14.025(17.531%)(0.000m),24.000(60.000%)(1.500m),9.806(24.514%)(0.000m),406.496,3350.779,73.0,1.3556,"[1.370, 2.419, 2.306, 1.527, 2.828, 2.526]","[3.739, 4.170, 3.830, 3.954, 4.406, 4.009]","[-5.516, -5.854, -3.836, -5.207, -5.487, -3.382]"
1296,3,22.2389,19.8294,0.157,627,1979,110,49,0.075,100,27.78,50000,2436.28,3,1,32.000(40.000%)(1.286m),53.000(46.765%)(3.536m),77.000(67.941%)(6.107m),40.582(35.808%)(2.205m),19.132(23.915%)(0.000m),26.000(65.000%)(1.714m),13.448(33.621%)(0.369m),643.334,3075.026,73.0,1.3648,"[1.725, 2.788, 2.401, 1.939, 3.220, 2.624]","[3.577, 4.255, 4.019, 4.098, 4.758, 4.457]","[-4.738, 0.765, 0.878, -4.632, 1.282, 0.823]"
1297,3,20.6118,19.7999,0.160,630,1987,131,27,0.075,100,27.83,50000,2546.49,4,1,28.000(35.000%)(0.857m),43.000(37.941%)(2.464m),60.000(52.941%)(4.286m),30.881(27.248%)(1.166m),14.156(17.696%)(0.000m),25.000(62.500%)(1.607m),9.900(24.749%)(0.000m),351.345,3195.914,73.0,1.4119,"[1.484, 2.448, 2.329, 1.684, 2.836, 2.504]","[3.550, 3.917, 4.080, 3.809, 4.228, 4.428]","[-5.441, -5.169, -1.190, -5.216, -5.412, -1.694]"
1298,3,23.9464,19.8076,0.170,623,1972,26,87,0.075,100,27.89,50000,2484.93,5,1,25.000(31.250%)(0.536m),43.000(37.941%)(2.464m),65.000(57.353%)(4.821m),41.801(36.884%)(2.336m),19.701(24.627%)(0.000m),19.000(47.500%)(0.964m),13.851(34.626%)(0.413m),359.482,2786.297,73.2,1.3631,"[2.009, 2.798, 2.350, 2.204, 3.232, 2.540]","[3.699, 4.341, 4.202, 3.852, 4.846, 4.688]","[-4.497, -0.611, -2.502, -4.512, -0.353, -2.417]"
1299,3,27.7000,19.9021,0.167,662,2056,0,29,0.074,100,27.94,50000,2716.03,6,1,26.000(32.500%)(0.643m),40.000(35.294%)(2.143m),60.000(52.941%)(4.286m),47.000(41.471%)(2.893m),23.307(29.133%)(0.354m),23.000(57.500%)(1.393m),16.443(41.108%)(0.690m),296.241,3291.299,71.9,1.4503,"[2.010, 2.851, 2.522, 2.155, 3.260, 2.664]","[3.870, 4.119, 3.898, 4.088, 4.543, 4.209]","[-5.600, -0.210, -1.457, -5.242, -0.270, -1.959]"
1300,3,20.8505,19.8372,0.158,625,1975,154,71,0.074,100,28.00,50000,2588.21,7,1,25.000(31.250%)(0.536m),44.000(38.824%)(2.571m),65.000(57.353%)(4.821m),41.000(36.177%)(2.250m),22.618(28.273%)(0.281m),20.000(50.000%)(1.071m),15.965(39.913%)(0.639m),336.979,2863.877,73.1,1.3881,"[2.133, 2.815, 2.591, 2.240, 3.219, 2.749]","[3.875, 4.115, 4.368, 4.107, 4.459, 4.679]","[-4.138, 1.495, -0.383, -4.186, 1.982, -0.934]"
1301,3,19.2150,19.8154,0.154,652,2036,11,74,0.074,100,28.06,50000,2678.09,8,1,28.000(35.000%)(0.857m),46.000(40.588%)(2.786m),58.000(51.177%)(4.071m),40.000(35.294%)(2.143m),21.941(27.426%)(0.208m),20.557(51.392%)(1.131m),15.465(38.663%)(0.586m),265.165,3600.670,72.3,1.3733,"[2.200, 2.645, 2.307, 2.392, 3.034, 2.469]","[4.148, 4.181, 3.853, 4.279, 4.596, 4.066]","[-3.906, -2.071, -0.086, -4.319, -2.762, -0.572]"
1302,3,22.9206,19.7872,0.154,631,1989,87,128,0.074,100,28.11,50000,2540.60,9,1,23.000(28.750%)(0.321m),37.000(32.647%)(1.821m),49.000(43.235%)(3.107m),35.000(30.882%)(1.607m),22.973(28.716%)(0.319m),20.000(50.000%)(1.071m),16.202(40.504%)(0.664m),171.938,2608.231,73.0,1.3762,"[2.066, 2.676, 2.316, 2.157, 3.051, 2.450]","[3.819, 4.165, 3.813, 4.223, 4.518, 4.257]","[-4.264, -1.000, -2.057, -4.257, -1.163, -2.147]"
1303,3,9.7454,19.4663,0.172,546,1700,107,20,0.074,95,28.09,50000,2284.91,0,0,28.000(35.000%)(0.857m),42.000(37.059%)(2.357m),38.022(33.549%)(1.931m),18.218(16.075%)(0.000m),10.710(13.387%)(0.000m),23.000(57.500%)(1.393m),10.198(25.496%)(0.021m),333.381,3058.895,72.1,1.4768,"[1.632, 2.564, 2.353, 1.771, 3.006, 2.488]","[3.733, 4.326, 4.016, 3.862, 4.610, 4.312]","[-5.519, -5.624, -5.174, -5.813, -5.691, -5.253]"
1304,3,3.9529,19.0424,0.149,340,1056,99,48,0.074,80,28.07,50000,1407.08,0,0,11.000(13.750%)(0.000m),18.000(15.882%)(0.000m),34.000(30.000%)(1.500m),42.000(37.059%)(2.357m),22.986(28.732%)(0.320m),22.000(55.000%)(1.286m),16.211(40.528%)(0.665m),320.088,3070.234,71.9,1.4404,"[1.907, 2.371, 2.114, 2.000, 2.811, 2.226]","[3.737, 4.296, 3.988, 3.700, 4.627, 4.536]","[-5.015, -5.469, -5.098, -6.797, -5.116, -5.499]"
1305,3,24.0638,19.0485,0.150,639,2005,27,57,0.073,100,28.12,50000,2569.90,1,1,26.000(32.500%)(0.643m),43.000(37.941%)(2.464m),62.000(54.706%)(4.500m),38.000(33.530%)(1.929m),19.840(24.800%)(0.000m),22.000(55.000%)(1.286m),13.950(34.874%)(0.423m),248.139,3047.274,72.6,1.3946,"[2.175, 3.053, 2.716, 2.356, 3.449, 2.859]","[4.187, 4.790, 4.249, 4.312, 5.213, 4.542]","[-5.195, 0.556, -0.972, -4.928, 1.512, -1.189]"
1306,3,20.4891,18.9147,0.161,631,1991,181,73,0.073,100,28.18,50000,2497.53,2,1,25.000(31.250%)(0.536m),44.000(38.824%)(2.571m),53.000(46.765%)(3.536m),40.000(35.294%)(2.143m),18.888(23.609%)(0.000m),17.000(42.500%)(0.750m),13.267(33.168%)(0.350m),294.553,2846.579,73.0,1.3909,"[1.852, 2.772, 2.415, 1.902, 3.101, 2.553]","[4.042, 4.329, 4.117, 4.008, 4.637, 4.393]","[-5.287, -0.591, -5.421, -4.990, -0.509, -3.951]"
1307,3,19.3010,18.8561,0.172,635,1998,123,47,0.073,100,28.23,50000,2537.50,3,1,26.000(32.500%)(0.643m),36.000(31.765%)(1.714m),52.000(45.882%)(3.429m),37.688(33.254%)(1.895m),17.739(22.174%)(0.000m),24.000(60.000%)(1.500m),12.450(31.126%)(0.263m),252.217,2770.577,72.8,1.3823,"[1.996, 2.580, 2.449, 2.162, 2.882, 2.571]","[4.141, 4.536, 4.233, 4.446, 4.797, 4.192]","[-5.219, -5.437, -1.538, -5.156, -4.985, -1.998]"
1308,3,21.5683,18.8273,0.169,628,1984,144,32,0.073,100,28.29,50000,2608.63,4,1,29.000(36.250%)(0.964m),44.000(38.824%)(2.571m),60.000(52.941%)(4.286m),41.000(36.177%)(2.250m),22.956(28.695%)(0.317m),23.000(57.500%)(1.393m),16.190(40.474%)(0.663m),290.358,2808.082,73.1,1.3935,"[2.035, 2.875, 2.552, 2.168, 3.280, 2.802]","[3.886, 4.241, 4.160, 3.932, 4.494, 4.463]","[-5.019, 0.099, -1.282, -4.826, 0.650, -1.807]"
1309,3,21.5562,18.8724,0.172,650,2032,63,43,0.073,100,28.34,50000,2640.73,5,1,28.000(35.000%)(0.857m),43.000(37.941%)(2.464m),60.000(52.941%)(4.286m),37.000(32.647%)(1.821m),18.361(22.951%)(0.000m),22.000(55.000%)(1.286m),12.890(32.225%)(0.310m),250.541,2964.364,72.4,1.4532,"[1.909, 2.758, 2.387, 2.030, 3.125, 2.562]","[4.082, 4.432, 3.926, 4.042, 4.738, 4.147]","[-4.838, -0.018, -1.214, -4.816, 0.211, -1.750]"
1310,3,24.4668,18.8998,0.165,628,1984,84,44,0.073,100,28.40,50000,2519.74,6,1,28.000(35.000%)(0.857m),43.000(37.941%)(2.464m),63.000(55.588%)(4.607m),32.488(28.666%)(1.338m),14.963(18.703%)(0.000m),26.000(65.000%)(1.714m),10.471(26.179%)(0.051m),361.790,3145.976,73.1,1.3545,"[1.376, 2.563, 2.530, 1.603, 2.977, 2.706]","[3.871, 4.105, 4.193, 4.121, 4.466, 4.415]","[-6.103, -5.476, -0.438, -5.620, -5.540, -1.160]"
1311,3,27.2872,19.1103,0.167,644,2015,16,45,0.073,100,28.45,50000,2673.44,7,1,22.000(27.500%)(0.214m),33.000(29.118%)(1.393m),45.000(39.706%)(2.679m),51.333(45.294%)(3.357m),25.086(31.357%)(0.545m),24.000(60.000%)(1.500m),17.731(44.327%)(0.828m),117.032,3094.301,72.4,1.3820,"[2.233, 2.859, 2.422, 2.433, 3.286, 2.545]","[3.923, 4.075, 3.967, 3.951, 4.433, 4.270]","[-4.467, -0.217, -1.631, -4.258, 0.026, -2.191]"
1312,3,5.0353,18.8324,0.187,330,1013,67,49,0.072,75,28.43,50000,1287.97,0,0,24.000(30.000%)(0.429m),36.000(31.765%)(1.714m),34.000(30.000%)(1.500m),26.000(22.941%)(0.643m),19.267(24.083%)(0.000m),22.000(55.000%)(1.286m),13.546(33.865%)(0.380m),4.807,2634.289,71.0,1.3321,"[1.298, 2.158, 2.139, 1.407, 2.457, 2.217]","[3.846, 4.146, 3.947, 3.914, 4.432, 4.469]","[-4.947, -3.632, -2.037, -5.045, -3.547, -2.633]"
1313,3,23.8590,18.9510,0.162,624,1973,183,12,0.072,100,28.48,50000,2523.94,1,1,29.000(36.250%)(0.964m),44.000(38.824%)(2.571m),64.000(56.471%)(4.714m),47.679(42.070%)(2.966m),22.968(28.711%)(0.318m),26.000(65.000%)(1.714m),16.219(40.549%)(0.666m),417.289,2925.676,73.2,1.3632,"[1.879, 2.783, 2.633, 2.060, 3.176, 2.811]","[3.807, 4.061, 3.788, 3.922, 4.338, 4.110]","[-5.173, 0.791, 0.527, -5.046, 0.458, 0.000]"
1314,3,1.8444,18.5334,0.147,218,640,13,37,0.072,60,28.46,50000,899.61,0,0,23.000(28.750%)(0.321m),42.000(37.059%)(2.357m),50.933(44.941%)(3.314m),20.928(18.466%)(0.099m),11.546(14.432%)(0.000m),20.000(50.000%)(1.071m),10.213(25.532%)(0.023m),364.791,3835.109,68.0,1.4559,"[1.909, 2.433, 2.462, 2.058, 2.772, 2.480]","[3.643, 4.076, 3.859, 3.720, 4.418, 4.031]","[-5.036, -5.604, -4.849, -5.165, -5.874, -4.659]"
1315,3,24.0032,18.5853,0.161,626,1978,38,97,0.072,100,28.52,50000,2536.59,1,1,24.000(30.000%)(0.429m),36.000(31.765%)(1.714m),52.000(45.882%)(3.429m),36.000(31.765%)(1.714m),19.251(24.063%)(0.000m),20.000(50.000%)(1.071m),13.528(33.819%)(0.378m),184.269,2651.631,73.1,1.3937,"[1.800, 2.760, 2.393, 1.932, 3.162, 2.563]","[3.869, 4.456, 4.164, 3.844, 4.978, 4.423]","[-4.934, -0.436, -2.519, -4.561, -0.260, -2.222]"
1316,3,20.2397,18.5341,0.157,626,1978,197,96,0.072,100,28.57,50000,2562.11,2,1,28.000(35.000%)(0.857m),44.000(38.824%)(2.571m),65.000(57.353%)(4.821m),36.000(31.765%)(1.714m),22.795(28.494%)(0.300m),17.000(42.500%)(0.750m),16.094(40.235%)(0.653m),196.705,2808.167,73.1,1.3644,"[1.988, 2.858, 2.507, 2.111, 3.309, 2.700]","[3.890, 4.184, 4.521, 3.890, 4.421, 4.678]","[-4.623, 0.423, -2.287, -4.434, 1.256, -0.751]"
1317,3,23.0424,18.6124,0.158,627,1979,95,93,0.072,100,28.63,50000,2526.21,3,1,21.000(26.250%)(0.107m),41.000(36.177%)(2.250m),65.000(57.353%)(4.821m),33.299(29.381%)(1.425m),15.392(19.240%)(0.000m),19.000(47.500%)(0.964m),10.781(26.952%)(0.084m),338.820,2787.064,73.1,1.4382,"[1.745, 2.705, 2.419, 1.910, 3.110, 2.589]","[3.593, 4.104, 4.319, 3.822, 4.425, 4.669]","[-5.389, -5.332, -2.175, -5.200, -5.253, -1.777]"
1318,3,0.6469,18.1814,0.162,332,1019,9,70,0.072,75,28.60,50000,1266.04,0,0,25.000(31.250%)(0.536m),22.000(19.412%)(0.214m),31.000(27.353%)(1.179m),48.962(43.202%)(3.103m),23.314(29.143%)(0.355m),18.000(45.000%)(0.857m),16.449(41.121%)(0.691m),417.289,3517.553,71.0,1.2963,"[1.963, 2.206, 1.876, 2.112, 2.590, 1.990]","[3.674, 4.150, 3.922, 3.604, 4.568, 4.242]","[-6.089, -5.779, -6.879, -6.720, -5.925, -6.320]"
1319,3,23.4524,18.1605,0.158,629,1986,55,118,0.071,100,28.66,50000,2610.93,1,1,19.000(23.750%)(0.000m),42.000(37.059%)(2.357m),57.000(50.294%)(3.964m),36.000(31.765%)(1.714m),19.173(23.966%)(0.000m),17.000(42.500%)(0.750m),13.478(33.696%)(0.373m),185.242,2742.373,73.1,1.3583,"[1.847, 2.659, 2.277, 1.984, 3.032, 2.455]","[3.575, 3.986, 3.989, 3.617, 4.291, 4.153]","[-4.954, -0.054, -3.314, -4.678, 0.500, -2.928]"
1320,3,16.9073,17.9576,0.155,650,2034,268,104,0.071,100,28.71,50000,2620.68,2,1,16.000(20.000%)(0.000m),41.000(36.177%)(2.250m),52.000(45.882%)(3.429m),32.715(28.866%)(1.362m),15.197(18.996%)(0.000m),11.000(27.500%)(0.107m),10.647(26.617%)(0.069m),273.958,2874.499,72.4,1.3547,"[1.290, 2.258, 1.931, 1.433, 2.630, 2.078]","[3.654, 4.171, 3.880, 3.683, 4.425, 4.319]","[-5.473, -4.610, -7.173, -4.858, -4.641, -5.746]"
1321,3,22.6910,18.4035,0.162,650,2029,178,23,0.071,100,28.77,50000,2716.50,3,1,27.000(33.750%)(0.750m),43.000(37.941%)(2.464m),56.000(49.412%)(3.857m),39.872(35.182%)(2.129m),18.773(23.466%)(0.000m),23.000(57.500%)(1.393m),13.191(32.978%)(0.342m),331.251,3025.494,72.2,1.4031,"[2.134, 2.929, 2.602, 2.281, 3.322, 2.778]","[3.761, 4.299, 4.167, 4.114, 4.559, 4.524]","[-4.640, 0.983, -0.546, -4.381, 0.958, -0.932]"
1322,3,29.1334,18.4964,0.159,648,2024,0,16,0.071,100,28.82,50000,2641.39,4,1,30.000(37.500%)(1.071m),47.000(41.471%)(2.893m),68.000(60.000%)(5.143m),47.000(41.471%)(2.893m),23.720(29.650%)(0.399m),22.000(55.000%)(1.286m),16.765(41.913%)(0.725m),461.567,3012.429,72.3,1.4286,"[2.268, 2.942, 2.507, 2.452, 3.414, 2.673]","[3.651, 4.164, 4.281, 3.843, 4.466, 4.627]","[-3.931, 1.457, -0.874, -4.204, 1.767, -1.381]"
1323,3,1.7560,18.1186,0.157,283,851,60,0,0.071,70,28.80,50000,1152.29,0,0,38.000(47.500%)(1.929m),50.000(44.118%)(3.214m),42.021(37.077%)(2.359m),18.775(16.567%)(0.000m),10.705(13.381%)(0.000m),26.000(65.000%)(1.714m),9.825(24.564%)(0.000m),577.184,3603.373,69.6,1.4109,"[1.004, 1.827, 2.345, 1.194, 2.098, 2.468]","[3.805, 4.183, 4.249, 3.977, 4.623, 4.436]","[-5.739, -5.798, -5.572, -5.927, -5.700, -5.203]"
1324,3,23.3100,18.1642,0.149,628,1982,42,123,0.071,100,28.85,50000,2556.31,1,1,25.000(31.250%)(0.536m),40.000(35.294%)(2.143m),53.000(46.765%)(3.536m),36.000(31.765%)(1.714m),22.875(28.594%)(0.308m),17.000(42.500%)(0.750m),16.131(40.328%)(0.657m),194.904,2711.961,73.0,1.3846,"[2.142, 2.875, 2.402, 2.342, 3.295, 2.575]","[3.796, 4.446, 4.171, 4.079, 4.935, 4.535]","[-4.288, -1.013, -3.527, -4.375, -1.269, -2.287]"
1325,3,1.2642,18.1591,0.164,363,1126,154,55,0.071,80,28.83,50000,1521.11,0,0,12.000(15.000%)(0.000m),42.000(37.059%)(2.357m),42.000(37.059%)(2.357m),31.000(27.353%)(1.179m),18.885(23.606%)(0.000m),11.000(27.500%)(0.107m),13.265(33.164%)(0.350m),59.801,2997.878,71.8,1.4229,"[0.955, 2.185, 1.956, 1.054, 2.478, 2.117]","[3.981, 4.323, 3.992, 3.908, 4.632, 4.334]","[-5.735, -6.610, -9.653, -5.455, -6.390, -8.221]"
1326,3,25.5108,18.2271,0.164,631,1988,5,42,0.070,100,28.88,50000,2556.56,1,1,29.000(36.250%)(0.964m),40.000(35.294%)(2.143m),56.000(49.412%)(3.857m),51.315(45.278%)(3.355m),24.494(30.617%)(0.481m),23.000(57.500%)(1.393m),17.302(43.256%)(0.782m),305.094,2988.376,72.9,1.3570,"[2.233, 2.964, 2.452, 2.491, 3.407, 2.636]","[3.746, 4.297, 4.096, 3.750, 4.884, 4.513]","[-5.820, -1.180, -2.851, -5.714, -1.059, -2.967]"
1327,3,20.3874,18.5746,0.158,629,1983,83,61,0.070,100,28.94,50000,2550.82,2,1,26.000(32.500%)(0.643m),38.000(33.530%)(1.929m),52.000(45.882%)(3.429m),32.000(28.235%)(1.286m),23.000(28.750%)(0.321m),24.000(60.000%)(1.500m),16.248(40.620%)(0.669m),157.027,2703.060,73.0,1.3929,"[2.017, 2.835, 2.419, 2.159, 3.222, 2.544]","[3.884, 4.570, 4.332, 4.189, 4.994, 4.644]","[-5.328, -1.655, -3.284, -5.112, -1.605, -3.448]"
1328,3,26.9349,18.7821,0.158,634,1995,0,88,0.070,100,28.99,50000,2465.21,3,1,27.000(33.750%)(0.750m),41.000(36.177%)(2.250m),62.000(54.706%)(4.500m),37.000(32.647%)(1.821m),23.626(29.533%)(0.389m),20.000(50.000%)(1.071m),16.697(41.742%)(0.718m),198.791,2912.972,72.8,1.3441,"[1.818, 3.016, 2.552, 2.063, 3.425, 2.703]","[3.817, 4.550, 4.039, 4.032, 4.963, 4.541]","[-5.564, -0.108, -2.210, -5.076, 0.132, -2.143]"
1329,3,1.1142,18.3854,0.148,178,531,13,11,0.070,55,28.97,50000,684.56,0,0,29.000(36.250%)(0.964m),44.000(38.824%)(2.571m),65.000(57.353%)(4.821m),24.904(21.974%)(0.525m),12.407(15.509%)(0.000m),29.000(72.500%)(2.036m),9.930(24.824%)(0.000m),417.289,3729.230,69.1,1.3107,"[1.257, 2.539, 2.446, 1.323, 2.843, 2.538]","[3.963, 4.221, 4.061, 3.969, 4.565, 4.477]","[-5.623, -5.270, -6.856, -5.232, -5.354, -6.174]"
1330,3,26.1359,18.3863,0.156,629,1983,0,58,0.070,100,29.02,50000,2615.92,1,1,30.000(37.500%)(1.071m),42.000(37.059%)(2.357m),62.000(54.706%)(4.500m),38.000(33.530%)(1.929m),23.791(29.738%)(0.406m),25.000(62.500%)(1.607m),16.798(41.995%)(0.728m),221.586,2822.722,73.0,1.4329,"[1.999, 3.061, 2.648, 2.233, 3.465, 2.793]","[4.102, 4.310, 4.257, 4.059, 4.841, 4.467]","[-4.191, 1.075, -0.529, -4.173, 1.038, -1.167]"
1331,3,25.5849,18.4508,0.145,632,1991,0,81,0.070,100,29.08,50000,2600.77,2,1,27.000(33.750%)(0.750m),43.000(37.941%)(2.464m),65.000(57.353%)(4.821m),41.000(36.177%)(2.250m),23.934(29.918%)(0.422m),19.000(47.500%)(0.964m),16.931(42.327%)(0.743m),416.326,2894.610,72.9,1.4330,"[2.170, 3.186, 2.615, 2.376, 3.598, 2.823]","[3.901, 4.400, 4.350, 4.266, 4.893, 4.614]","[-5.157, 0.036, -2.397, -4.710, 0.143, -1.789]"
1332,3,18.8015,18.3597,0.159,644,2016,145,108,0.070,100,29.13,50000,2533.27,3,1,24.000(30.000%)(0.429m),35.000(30.882%)(1.607m),59.000(52.059%)(4.179m),32.000(28.235%)(1.286m),18.849(23.561%)(0.000m),20.000(50.000%)(1.071m),13.246(33.115%)(0.348m),85.792,2760.707,72.4,1.3262,"[1.884, 2.771, 2.479, 2.055, 3.174, 2.619]","[3.894, 4.143, 4.311, 4.188, 4.580, 4.617]","[-5.654, -0.996, -2.725, -4.938, -0.951, -3.341]"
1333,3,21.9545,18.3482,0.145,623,1970,133,34,0.069,100,29.18,50000,2474.72,4,1,25.000(31.250%)(0.536m),44.000(38.824%)(2.571m),65.000(57.353%)(4.821m),48.308(42.625%)(3.033m),22.986(28.732%)(0.320m),22.000(55.000%)(1.286m),16.211(40.528%)(0.665m),417.289,2962.436,73.2,1.3889,"[2.496, 2.895, 2.606, 2.640, 3.348, 2.818]","[3.853, 4.289, 4.034, 4.178, 4.617, 4.327]","[-4.082, 1.382, -0.004, -4.361, 1.923, -0.532]"
1334,3,19.6077,18.6152,0.153,630,1987,188,89,0.069,100,29.24,50000,2604.49,5,1,24.000(30.000%)(0.429m),44.000(38.824%)(2.571m),64.000(56.471%)(4.714m),35.000(30.882%)(1.607m),18.985(23.731%)(0.000m),17.000(42.500%)(0.750m),13.343(33.358%)(0.358m),183.085,2761.048,73.0,1.4042,"[1.753, 2.819, 2.491, 1.925, 3.249, 2.702]","[3.818, 4.229, 4.308, 3.868, 4.535, 4.608]","[-4.900, 0.382, -3.524, -4.686, 1.428, -3.339]"
1335,3,25.1426,19.0207,0.156,624,1973,47,89,0.069,100,29.29,50000,2536.13,6,1,25.000(31.250%)(0.536m),44.000(38.824%)(2.571m),65.000(57.353%)(4.821m),32.607(28.771%)(1.351m),15.023(18.779%)(0.000m),20.000(50.000%)(1.071m),10.515(26.286%)(0.055m),229.786,2779.579,73.2,1.3897,"[1.948, 2.596, 2.520, 2.141, 3.013, 2.744]","[3.878, 4.388, 4.322, 4.368, 4.708, 4.672]","[-5.391, -6.379, -1.648, -4.969, -6.420, -1.852]"
1336,3,23.5391,18.9268,0.160,645,2019,56,86,0.069,100,29.34,50000,2690.35,7,1,24.000(30.000%)(0.429m),37.000(32.647%)(1.821m),58.000(51.177%)(4.071m),40.000(35.294%)(2.143m),21.176(26.470%)(0.126m),19.000(47.500%)(0.964m),14.924(37.311%)(0.528m),213.828,2781.590,72.4,1.3863,"[2.068, 2.806, 2.403, 2.250, 3.214, 2.549]","[3.865, 4.197, 3.933, 4.235, 4.680, 4.222]","[-5.183, 0.429, -1.308, -4.821, 0.622, -2.400]"
1337,3,22.2745,18.9481,0.159,624,1973,174,73,0.069,100,29.39,50000,2556.62,8,1,28.000(35.000%)(0.857m),43.000(37.941%)(2.464m),60.000(52.941%)(4.286m),41.000(36.177%)(2.250m),23.015(28.769%)(0.323m),20.000(50.000%)(1.071m),16.232(40.580%)(0.668m),290.358,2761.588,73.2,1.4331,"[2.098, 2.931, 2.560, 2.301, 3.321, 2.736]","[3.842, 4.331, 4.441, 3.872, 4.710, 4.620]","[-5.627, 0.709, -1.903, -5.054, 1.089, -2.123]"
1338,3,23.4103,18.9097,0.159,638,2006,86,66,0.069,100,29.45,50000,2501.89,9,1,25.000(31.250%)(0.536m),44.000(38.824%)(2.571m),62.000(54.706%)(4.500m),40.253(35.517%)(2.170m),18.965(23.707%)(0.000m),18.000(45.000%)(0.857m),13.329(33.323%)(0.357m),417.289,2843.446,72.7,1.3563,"[1.986, 2.884, 2.528, 2.188, 3.289, 2.699]","[3.970, 4.339, 4.358, 4.079, 4.824, 4.669]","[-5.442, -1.278, -2.595, -5.160, -2.299, -2.249]"
1339,3,23.3120,18.8666,0.160,627,1983,79,90,0.069,100,29.50,50000,2463.99,10,1,20.000(25.000%)(0.000m),44.000(38.824%)(2.571m),65.000(57.353%)(4.821m),47.000(41.471%)(2.893m),23.017(28.772%)(0.323m),14.000(35.000%)(0.429m),16.234(40.585%)(0.668m),417.289,3097.074,73.2,1.3749,"[2.092, 3.010, 2.370, 2.335, 3.438, 2.658]","[4.068, 4.516, 4.562, 4.141, 4.897, 4.945]","[-3.960, -1.631, -5.431, -4.162, -1.014, -3.494]"
1340,3,19.5092,19.2149,0.168,627,1981,195,76,0.069,100,29.55,50000,2571.59,11,1,29.000(36.250%)(0.964m),44.000(38.824%)(2.571m),50.000(44.118%)(3.214m),31.949(28.191%)(1.280m),14.687(18.359%)(0.000m),20.000(50.000%)(1.071m),10.276(25.690%)(0.030m),183.908,2776.961,73.1,1.4387,"[1.958, 2.863, 2.661, 2.107, 3.246, 2.876]","[4.066, 4.378, 4.211, 4.246, 4.711, 4.494]","[-5.204, -4.337, -0.658, -4.925, -4.036, -1.225]"
1341,3,0.4915,18.7411,0.186,165,491,12,11,0.068,50,29.53,50000,721.04,0,0,29.000(36.250%)(0.964m),44.000(38.824%)(2.571m),29.662(26.172%)(1.035m),16.600(14.648%)(0.000m),10.576(13.220%)(0.000m),40.000(100.000%)(3.214m),11.243(28.107%)(0.133m),417.289,3704.204,68.8,1.4561,"[1.641, 2.423, 2.388, 1.771, 2.725, 2.434]","[3.817, 4.275, 3.938, 3.917, 4.560, 4.085]","[-5.700, -5.543, -5.910, -5.185, -6.071, -5.410]"
1342,3,22.1988,18.7343,0.155,625,1975,135,61,0.068,100,29.58,50000,2569.61,1,1,25.000(31.250%)(0.536m),43.000(37.941%)(2.464m),65.000(57.353%)(4.821m),38.000(33.530%)(1.929m),22.878(28.597%)(0.308m),22.000(55.000%)(1.286m),16.133(40.332%)(0.657m),298.212,2775.820,73.1,1.4018,"[2.247, 2.870, 2.528, 2.391, 3.297, 2.712]","[3.895, 4.125, 4.469, 4.287, 4.463, 4.890]","[-4.458, 0.144, -1.457, -4.572, 0.412, -2.244]"
1343,3,-0.4045,18.5734,0.172,182,528,18,12,0.068,55,29.56,50000,771.81,0,0,28.000(35.000%)(0.857m),48.000(42.353%)(3.000m),51.228(45.202%)(3.346m),21.049(18.573%)(0.112m),11.613(14.516%)(0.000m),40.000(100.000%)(3.214m),10.272(25.680%)(0.029m),511.284,4033.037,67.1,1.5082,"[1.814, 2.078, 1.979, 1.920, 2.400, 2.101]","[3.726, 4.152, 3.791, 3.755, 4.469, 3.885]","[-5.460, -5.626, -5.056, -5.201, -5.619, -5.140]"
1344,3,23.3845,18.6854,0.151,624,1973,185,49,0.068,100,29.61,50000,2570.85,1,1,25.000(31.250%)(0.536m),44.000(38.824%)(2.571m),59.000(52.059%)(4.179m),41.000(36.177%)(2.250m),22.955(28.693%)(0.317m),22.000(55.000%)(1.286m),16.209(40.523%)(0.665m),284.672,2798.465,73.2,1.4119,"[2.180, 2.878, 2.568, 2.303, 3.316, 2.750]","[3.747, 4.132, 4.168, 3.801, 4.444, 4.401]","[-4.773, 0.426, -0.951, -4.333, 1.001, -0.522]"
1345,3,19.8603,18.7170,0.170,652,2035,133,102,0.068,100,29.67,50000,2724.30,2,1,19.000(23.750%)(0.000m),44.000(38.824%)(2.571m),41.000(36.177%)(2.250m),29.000(25.588%)(0.964m),20.012(25.015%)(0.001m),14.000(35.000%)(0.429m),14.079(35.197%)(0.437m),41.845,2880.500,72.2,1.4195,"[1.908, 2.779, 2.431, 2.068, 3.161, 2.585]","[3.816, 4.542, 4.484, 4.117, 5.046, 4.919]","[-5.027, -1.631, -4.996, -4.814, -2.302, -3.515]"
1346,3,3.5755,18.3437,0.171,369,1139,86,70,0.068,80,29.64,50000,1455.72,0,0,13.000(16.250%)(0.000m),33.000(29.118%)(1.393m),59.000(52.059%)(4.179m),41.000(36.177%)(2.250m),23.107(28.883%)(0.333m),10.000(25.000%)(0.000m),16.299(40.747%)(0.675m),292.635,3060.418,71.4,1.3669,"[1.924, 2.343, 2.081, 2.031, 2.706, 2.181]","[3.931, 4.383, 4.483, 3.856, 4.646, 4.715]","[-4.761, -6.991, -9.329, -5.407, -7.244, -7.476]"
1347,3,21.0634,18.3528,0.172,654,2037,30,112,0.068,100,29.70,50000,2679.02,1,1,24.000(30.000%)(0.429m),42.000(37.059%)(2.357m),58.000(51.177%)(4.071m),42.773(37.741%)(2.440m),20.241(25.301%)(0.026m),16.000(40.000%)(0.643m),14.243(35.609%)(0.455m),328.284,3206.211,72.1,1.3743,"[2.188, 2.854, 2.409, 2.410, 3.270, 2.551]","[3.888, 4.217, 4.038, 4.009, 4.689, 4.487]","[-4.851, -0.270, -1.575, -4.636, 0.040, -1.971]"
1348,3,24.1161,18.3562,0.156,632,1991,41,88,0.067,100,29.75,50000,2561.18,2,1,20.998(26.248%)(0.107m),44.363(39.144%)(2.610m),64.000(56.471%)(4.714m),45.000(39.706%)(2.679m),23.900(29.875%)(0.418m),14.780(36.950%)(0.512m),16.895(42.238%)(0.739m),434.372,2989.201,72.9,1.3512,"[1.699, 2.777, 2.328, 2.029, 3.139, 2.456]","[4.051, 4.469, 4.150, 4.045, 4.781, 4.467]","[-5.607, -0.222, -2.481, -5.127, -1.090, -3.951]"
1349,3,20.8421,18.2190,0.160,631,1989,112,117,0.067,100,29.80,50000,2537.31,3,1,25.000(31.250%)(0.536m),42.000(37.059%)(2.357m),55.000(48.530%)(3.750m),41.000(36.177%)(2.250m),19.495(24.368%)(0.000m),17.000(42.500%)(0.750m),13.703(34.256%)(0.397m),307.598,2769.786,72.9,1.3718,"[2.031, 2.707, 2.333, 2.202, 3.098, 2.476]","[3.994, 4.387, 4.102, 4.270, 4.689, 4.525]","[-4.621, -0.798, -1.925, -4.368, -0.885, -2.290]"
1350,3,23.2390,18.2668,0.162,624,1973,184,50,0.067,100,29.85,50000,2604.37,4,1,25.000(31.250%)(0.536m),44.000(38.824%)(2.571m),60.000(52.941%)(4.286m),41.000(36.177%)(2.250m),22.947(28.683%)(0.316m),23.000(57.500%)(1.393m),16.204(40.509%)(0.665m),289.424,2784.218,73.2,1.4242,"[2.159, 2.871, 2.510, 2.348, 3.229, 2.656]","[3.948, 4.364, 4.092, 4.360, 4.640, 4.426]","[-4.624, 0.218, -1.047, -4.502, 0.641, -1.827]"
1351,3,21.8960,18.3204,0.154,624,1973,178,68,0.067,100,29.90,50000,2542.61,5,1,26.000(32.500%)(0.643m),40.000(35.294%)(2.143m),57.000(50.294%)(3.964m),39.372(34.740%)(2.076m),18.505(23.131%)(0.000m),20.000(50.000%)(1.071m),13.710(34.275%)(0.398m),285.898,2848.011,73.2,1.3422,"[1.871, 2.679, 2.440, 2.014, 3.064, 2.601]","[3.860, 4.176, 4.158, 4.056, 4.482, 4.419]","[-5.090, -0.978, -1.950, -4.616, -0.774, -2.479]"
1352,3,22.3350,18.3087,0.172,635,1998,99,107,0.067,100,29.96,50000,2628.43,6,1,22.000(27.500%)(0.214m),33.000(29.118%)(1.393m),46.000(40.588%)(2.786m),35.000(30.882%)(1.607m),23.017(28.772%)(0.323m),20.000(50.000%)(1.071m),16.234(40.585%)(0.668m),148.492,2692.439,72.8,1.3900,"[1.911, 2.761, 2.252, 2.107, 3.167, 2.445]","[3.983, 4.370, 4.459, 3.971, 4.930, 4.735]","[-5.189, -1.865, -3.633, -4.685, -1.938, -3.790]"
1353,3,26.9249,18.6523,0.164,645,2019,0,34,0.067,100,30.01,50000,2715.71,7,1,26.000(32.500%)(0.643m),40.000(35.294%)(2.143m),63.000(55.588%)(4.607m),38.000(33.530%)(1.929m),24.048(30.059%)(0.434m),23.000(57.500%)(1.393m),17.003(42.507%)(0.750m),275.086,3001.989,72.4,1.4973,"[2.019, 3.096, 2.564, 2.238, 3.538, 2.765]","[3.936, 4.468, 4.203, 4.275, 5.082, 4.537]","[-5.462, 0.626, -1.100, -5.023, 1.136, -1.956]"
1354,3,19.9205,18.9716,0.170,655,2040,120,157,0.067,100,30.06,50000,2633.81,8,1,20.000(25.000%)(0.000m),37.000(32.647%)(1.821m),52.000(45.882%)(3.429m),35.000(30.882%)(1.607m),23.162(28.953%)(0.339m),14.000(35.000%)(0.429m),16.360(40.900%)(0.681m),190.104,2775.446,72.1,1.4054,"[2.173, 2.598, 2.088, 2.366, 3.001, 2.242]","[3.677, 4.120, 4.181, 3.752, 4.621, 4.391]","[-4.316, -3.479, -6.577, -4.343, -3.621, -5.271]"
1355,3,26.0547,19.0114,0.152,642,2012,7,49,0.066,100,30.11,50000,2710.92,9,1,25.000(31.250%)(0.536m),34.000(30.000%)(1.500m),52.000(45.882%)(3.429m),38.000(33.530%)(1.929m),23.427(29.284%)(0.367m),23.000(57.500%)(1.393m),16.553(41.381%)(0.702m),167.348,2947.154,72.5,1.4727,"[1.908, 2.688, 2.276, 2.080, 3.097, 2.383]","[3.483, 3.996, 3.918, 3.592, 4.507, 4.139]","[-4.999, -1.934, -1.537, -4.881, -2.098, -2.072]"
1356,3,23.6876,19.0754,0.162,625,1976,71,81,0.066,100,30.16,50000,2530.71,10,1,25.000(31.250%)(0.536m),44.000(38.824%)(2.571m),57.000(50.294%)(3.964m),40.116(35.396%)(2.155m),18.848(23.560%)(0.000m),20.000(50.000%)(1.071m),13.239(33.097%)(0.347m),334.373,2779.224,73.2,1.3985,"[1.988, 2.799, 2.338, 2.160, 3.247, 2.536]","[3.555, 4.215, 4.145, 3.692, 4.781, 4.549]","[-4.629, 0.195, -1.863, -4.333, 0.762, -2.842]"
1357,3,27.0716,19.2308,0.176,626,1978,0,97,0.066,100,30.21,50000,2583.14,11,1,25.000(31.250%)(0.536m),45.000(39.706%)(2.679m),67.000(59.118%)(5.036m),38.000(33.530%)(1.929m),23.639(29.549%)(0.390m),20.000(50.000%)(1.071m),16.706(41.766%)(0.719m),269.926,2787.263,73.1,1.4064,"[2.313, 3.171, 2.701, 2.581, 3.613, 2.892]","[3.765, 4.439, 4.385, 4.093, 5.018, 4.808]","[-3.700, 0.900, -1.249, -3.776, 1.099, -1.645]"
1358,3,20.1870,19.2032,0.161,634,1996,106,109,0.066,100,30.27,50000,2540.83,12,1,21.000(26.250%)(0.107m),42.000(37.059%)(2.357m),49.000(43.235%)(3.107m),31.214(27.542%)(1.201m),14.426(18.033%)(0.000m),15.000(37.500%)(0.536m),10.688(26.721%)(0.074m),257.923,2737.593,72.8,1.3849,"[1.880, 2.599, 2.195, 2.060, 2.930, 2.378]","[3.982, 4.435, 4.360, 4.015, 4.706, 4.730]","[-5.209, -5.063, -3.337, -5.059, -5.023, -3.149]"
1359,3,22.4125,19.2203,0.157,655,2042,97,103,0.066,100,30.32,50000,2638.01,13,1,23.000(28.750%)(0.321m),41.000(36.177%)(2.250m),67.000(59.118%)(5.036m),34.595(30.525%)(1.564m),16.042(20.052%)(0.000m),19.000(47.500%)(0.964m),11.238(28.094%)(0.133m),325.191,3071.465,72.1,1.3563,"[1.434, 2.681, 2.379, 1.664, 3.082, 2.561]","[3.820, 4.231, 3.980, 3.783, 4.798, 4.351]","[-5.406, -5.813, -2.117, -5.030, -5.842, -2.010]"
1360,3,3.4683,18.8003,0.158,319,987,105,30,0.066,75,30.29,50000,1233.89,0,0,25.000(31.250%)(0.536m),44.000(38.824%)(2.571m),41.000(36.177%)(2.250m),28.000(24.706%)(0.857m),23.000(28.750%)(0.321m),25.000(62.500%)(1.607m),16.228(40.571%)(0.667m),0.000,2812.118,71.6,1.3843,"[1.447, 2.375, 2.395, 1.535, 2.735, 2.571]","[3.946, 4.290, 4.233, 3.920, 4.548, 4.738]","[-7.729, -2.640, -2.605, -5.891, -3.108, -3.121]"
1361,3,23.3785,18.7222,0.165,624,1973,201,30,0.066,100,30.35,50000,2551.54,1,1,29.000(36.250%)(0.964m),44.000(38.824%)(2.571m),60.000(52.941%)(4.286m),41.000(36.177%)(2.250m),23.049(28.811%)(0.327m),23.000(57.500%)(1.393m),16.257(40.642%)(0.670m),319.905,2804.016,73.2,1.3575,"[1.911, 2.819, 2.518, 2.054, 3.197, 2.719]","[3.827, 4.132, 3.877, 4.309, 4.436, 4.272]","[-5.200, 0.219, -1.012, -4.787, 0.781, -1.785]"
1362,3,9.0639,18.8027,0.165,538,1695,18,132,0.066,95,30.32,50000,2253.99,0,0,25.000(31.250%)(0.536m),38.000(33.530%)(1.929m),55.000(48.530%)(3.750m),24.322(21.460%)(0.463m),12.117(15.146%)(0.000m),18.000(45.000%)(0.857m),9.698(24.244%)(0.000m),229.321,2761.376,72.9,1.4268,"[1.975, 2.441, 2.165, 2.168, 2.867, 2.308]","[4.039, 4.182, 4.054, 4.088, 4.469, 4.373]","[-5.576, -6.140, -6.908, -5.618, -6.349, -6.435]"
1363,3,5.2413,18.4304,0.162,386,1169,82,46,0.065,80,30.30,50000,1550.22,0,0,11.000(13.750%)(0.000m),19.000(16.765%)(0.000m),57.000(50.294%)(3.964m),44.000(38.824%)(2.571m),23.177(28.972%)(0.340m),11.000(27.500%)(0.107m),16.350(40.874%)(0.680m),243.334,3548.323,70.1,1.3344,"[1.764, 2.567, 2.276, 1.952, 2.932, 2.388]","[3.806, 4.331, 4.127, 3.796, 4.550, 4.451]","[-10.391, -7.344, -6.323, -9.204, -7.881, -6.438]"
1364,3,1.5740,18.4250,0.184,188,565,13,17,0.065,55,30.28,50000,795.79,0,0,25.000(31.250%)(0.536m),44.000(38.824%)(2.571m),65.000(57.353%)(4.821m),24.255(21.401%)(0.456m),12.083(15.104%)(0.000m),25.000(62.500%)(1.607m),9.671(24.177%)(0.000m),417.289,3675.792,69.6,1.4806,"[1.345, 2.407, 2.499, 1.425, 2.731, 2.494]","[3.694, 4.204, 4.250, 3.777, 4.550, 4.515]","[-5.585, -5.466, -6.257, -5.237, -5.618, -5.753]"
1365,3,23.2212,18.4093,0.157,624,1973,184,50,0.065,100,30.33,50000,2512.86,1,1,25.000(31.250%)(0.536m),44.000(38.824%)(2.571m),59.000(52.059%)(4.179m),41.000(36.177%)(2.250m),22.986(28.732%)(0.320m),22.000(55.000%)(1.286m),16.211(40.528%)(0.665m),284.672,2783.128,73.2,1.3295,"[2.295, 3.005, 2.630, 2.427, 3.400, 2.817]","[3.987, 4.306, 4.408, 4.050, 4.519, 4.784]","[-4.970, 0.521, -0.999, -4.613, 0.945, -1.712]"
1366,3,22.1750,18.4480,0.172,622,1968,85,46,0.065,100,30.38,50000,2584.95,2,1,25.000(31.250%)(0.536m),44.000(38.824%)(2.571m),59.000(52.059%)(4.179m),41.000(36.177%)(2.250m),22.986(28.732%)(0.320m),22.000(55.000%)(1.286m),16.211(40.528%)(0.665m),283.730,2804.927,73.2,1.4839,"[2.245, 2.832, 2.537, 2.404, 3.224, 2.700]","[3.798, 4.323, 4.176, 4.105, 4.539, 4.515]","[-4.719, 0.567, -1.235, -4.228, 0.982, -1.930]"
1367,3,0.4829,17.9969,0.155,166,494,14,11,0.065,55,30.36,50000,701.21,0,0,29.000(36.250%)(0.964m),44.000(38.824%)(2.571m),33.073(29.182%)(1.401m),17.120(15.106%)(0.000m),10.450(13.062%)(0.000m),40.000(100.000%)(3.214m),10.450(26.124%)(0.048m),417.289,3710.946,68.8,1.4465,"[1.505, 2.375, 2.336, 1.610, 2.622, 2.442]","[3.956, 4.318, 3.884, 3.927, 4.557, 4.046]","[-5.715, -5.160, -5.400, -5.335, -5.299, -5.415]"
1368,3,25.0141,18.4842,0.147,627,1979,103,59,0.065,100,30.41,50000,2534.33,1,1,25.000(31.250%)(0.536m),41.000(36.177%)(2.250m),62.000(54.706%)(4.500m),38.000(33.530%)(1.929m),22.832(28.541%)(0.303m),22.000(55.000%)(1.286m),16.123(40.307%)(0.656m),219.556,2729.129,73.1,1.3387,"[2.186, 2.781, 2.496, 2.315, 3.172, 2.574]","[3.992, 4.480, 4.113, 4.213, 4.791, 4.215]","[-4.704, -0.352, -1.405, -4.291, -0.057, -1.939]"
1369,3,21.6555,18.4483,0.155,625,1975,106,74,0.065,100,30.46,50000,2581.76,2,1,25.000(31.250%)(0.536m),42.000(37.059%)(2.357m),61.000(53.824%)(4.393m),42.000(37.059%)(2.357m),22.755(28.444%)(0.295m),22.000(55.000%)(1.286m),16.050(40.126%)(0.648m),321.330,2766.838,73.1,1.4156,"[2.332, 2.875, 2.628, 2.532, 3.295, 2.732]","[4.200, 4.470, 4.164, 4.621, 4.741, 4.445]","[-4.043, 0.023, -1.165, -4.112, 0.269, -1.929]"
1370,3,4.2719,18.1956,0.155,322,993,36,39,0.065,75,30.44,50000,1399.58,0,0,25.000(31.250%)(0.536m),44.000(38.824%)(2.571m),65.000(57.353%)(4.821m),20.000(17.647%)(0.000m),19.183(23.979%)(0.000m),22.000(55.000%)(1.286m),13.485(33.713%)(0.373m),0.000,2858.137,71.4,1.5364,"[1.426, 2.271, 2.263, 1.519, 2.737, 2.495]","[3.939, 4.351, 4.018, 4.068, 4.618, 4.325]","[-6.941, -7.456, -9.578, -7.546, -6.462, -7.955]"
1371,3,23.1249,18.2042,0.138,649,2026,100,63,0.064,100,30.49,50000,2637.25,1,1,28.000(35.000%)(0.857m),43.000(37.941%)(2.464m),60.000(52.941%)(4.286m),41.000(36.177%)(2.250m),23.151(28.939%)(0.338m),20.000(50.000%)(1.071m),16.354(40.885%)(0.681m),293.461,3388.154,72.3,1.3897,"[2.196, 2.892, 2.576, 2.382, 3.332, 2.754]","[3.751, 4.219, 4.073, 4.102, 4.492, 4.389]","[-4.321, 0.204, -2.191, -3.919, 0.403, -1.951]"
1372,3,3.2925,17.6874,0.158,360,1120,94,62,0.064,80,30.47,50000,1441.52,0,0,13.000(16.250%)(0.000m),31.000(27.353%)(1.179m),60.000(52.941%)(4.286m),31.876(28.126%)(1.272m),14.650(18.312%)(0.000m),10.000(25.000%)(0.000m),10.249(25.624%)(0.027m),299.898,3094.877,72.0,1.3901,"[1.491, 1.766, 1.804, 1.598, 2.114, 2.024]","[3.889, 4.165, 4.201, 3.964, 4.610, 4.394]","[-6.293, -7.357, -12.154, -5.716, -7.222, -9.801]"
1373,3,24.4290,18.1409,0.162,628,1983,33,100,0.064,100,30.52,50000,2461.55,1,1,23.000(28.750%)(0.321m),35.000(30.882%)(1.607m),53.000(46.765%)(3.536m),42.000(37.059%)(2.357m),19.996(24.994%)(0.000m),19.000(47.500%)(0.964m),14.061(35.154%)(0.435m),163.204,2728.941,73.1,1.3527,"[2.016, 2.941, 2.496, 2.283, 3.387, 2.718]","[3.788, 4.740, 4.210, 4.281, 5.432, 4.371]","[-5.084, -3.407, -1.389, -4.609, -2.595, -1.881]"
1374,3,9.5675,17.8660,0.155,517,1625,103,35,0.064,95,30.49,50000,2057.38,0,0,29.000(36.250%)(0.964m),44.000(38.824%)(2.571m),42.519(37.517%)(2.413m),18.998(16.763%)(0.000m),10.832(13.540%)(0.000m),23.000(57.500%)(1.393m),9.942(24.855%)(0.000m),330.358,2802.880,72.7,1.3119,"[2.007, 2.668, 2.361, 2.210, 3.081, 2.541]","[3.914, 4.198, 4.381, 3.994, 4.524, 4.760]","[-6.243, -5.728, -5.654, -5.979, -6.091, -5.889]"
1375,3,21.2663,18.2661,0.154,625,1977,195,87,0.064,100,30.55,50000,2572.00,1,1,24.000(30.000%)(0.429m),44.000(38.824%)(2.571m),65.000(57.353%)(4.821m),46.000(40.588%)(2.786m),22.986(28.732%)(0.320m),17.000(42.500%)(0.750m),16.211(40.528%)(0.665m),412.515,2864.534,73.2,1.4569,"[2.146, 2.929, 2.431, 2.285, 3.326, 2.654]","[4.030, 4.334, 4.313, 4.069, 4.673, 4.573]","[-5.171, -0.929, -5.033, -5.145, -0.784, -3.951]"
1376,3,18.8431,18.1327,0.162,626,1980,127,96,0.064,100,30.60,50000,2607.27,2,1,20.000(25.000%)(0.000m),44.000(38.824%)(2.571m),60.000(52.941%)(4.286m),41.000(36.177%)(2.250m),22.629(28.287%)(0.282m),14.000(35.000%)(0.429m),15.953(39.883%)(0.638m),319.905,2801.327,73.2,1.4437,"[1.982, 2.586, 2.187, 2.221, 2.960, 2.370]","[4.077, 4.429, 4.191, 4.134, 4.697, 4.528]","[-5.129, -1.728, -6.585, -4.433, -1.606, -4.732]"
1377,3,9.4150,17.9133,0.154,537,1690,88,36,0.064,95,30.57,50000,2145.54,0,0,27.000(33.750%)(0.750m),44.000(38.824%)(2.571m),51.000(45.000%)(3.321m),23.999(21.176%)(0.429m),12.126(15.157%)(0.000m),23.000(57.500%)(1.393m),9.828(24.571%)(0.000m),230.592,2760.873,72.8,1.3334,"[1.680, 2.639, 2.362, 1.820, 3.031, 2.501]","[3.924, 4.201, 4.580, 3.983, 4.600, 5.145]","[-5.704, -5.834, -7.330, -5.856, -5.725, -7.058]"
1378,3,23.9248,17.8531,0.158,686,2106,44,91,0.063,100,30.62,50000,2746.75,1,1,23.000(28.750%)(0.321m),31.000(27.353%)(1.179m),49.000(43.235%)(3.107m),35.000(30.882%)(1.607m),19.394(24.242%)(0.000m),20.000(50.000%)(1.071m),13.636(34.091%)(0.390m),185.598,2837.185,71.0,1.3986,"[2.144, 2.992, 2.490, 2.328, 3.410, 2.595]","[4.106, 4.781, 4.593, 4.339, 5.387, 4.916]","[-5.266, -0.055, -4.034, -4.752, 0.055, -4.812]"
1379,3,23.6573,18.3039,0.151,624,1973,162,46,0.063,100,30.67,50000,2541.95,2,1,29.000(36.250%)(0.964m),44.000(38.824%)(2.571m),64.000(56.471%)(4.714m),38.000(33.530%)(1.929m),23.017(28.772%)(0.323m),23.000(57.500%)(1.393m),16.234(40.585%)(0.668m),303.898,2779.909,73.2,1.4095,"[2.384, 3.067, 2.691, 2.551, 3.455, 2.884]","[4.042, 4.287, 4.582, 4.624, 4.622, 4.840]","[-4.057, 1.688, -1.038, -4.335, 2.087, -1.698]"
1380,3,21.9433,18.2201,0.163,630,1986,163,32,0.063,100,30.72,50000,2544.11,3,1,29.000(36.250%)(0.964m),40.000(35.294%)(2.143m),58.000(51.177%)(4.071m),39.000(34.412%)(2.036m),22.266(27.833%)(0.243m),24.000(60.000%)(1.500m),15.710(39.274%)(0.612m),337.170,2831.963,73.0,1.4290,"[1.984, 2.887, 2.639, 2.115, 3.256, 2.795]","[4.074, 4.091, 4.108, 4.238, 4.389, 4.345]","[-5.015, 0.269, -1.154, -4.815, 0.345, -1.689]"
1381,3,21.4589,18.1375,0.162,630,1987,104,102,0.063,100,30.77,50000,2454.79,4,1,24.000(30.000%)(0.429m),41.000(36.177%)(2.250m),52.000(45.882%)(3.429m),32.536(28.708%)(1.343m),15.002(18.753%)(0.000m),17.000(42.500%)(0.750m),10.503(26.258%)(0.054m),218.948,2791.110,73.0,1.3669,"[1.806, 2.697, 2.390, 1.974, 3.085, 2.574]","[3.690, 4.274, 4.141, 3.903, 4.622, 4.333]","[-4.937, -5.086, -3.698, -4.891, -4.951, -3.625]"
1382,3,25.1611,18.2647,0.148,628,1981,78,59,0.063,100,30.82,50000,2661.96,5,1,22.000(27.500%)(0.214m),37.000(32.647%)(1.821m),49.000(43.235%)(3.107m),48.371(42.680%)(3.040m),23.017(28.772%)(0.323m),19.000(47.500%)(0.964m),16.234(40.585%)(0.668m),217.625,2885.611,73.0,1.4455,"[2.460, 2.931, 2.523, 2.653, 3.371, 2.669]","[4.008, 4.278, 4.283, 4.103, 4.849, 4.595]","[-3.950, -1.553, -3.448, -4.320, -1.714, -3.875]"
1383,3,0.9953,17.8456,0.170,226,685,27,69,0.063,65,30.80,50000,982.72,0,0,22.000(27.500%)(0.214m),44.000(38.824%)(2.571m),37.586(33.164%)(1.884m),18.010(15.891%)(0.000m),10.587(13.234%)(0.000m),15.000(37.500%)(0.536m),10.081(25.204%)(0.009m),417.289,3571.960,70.1,1.4557,"[2.079, 2.651, 2.561, 2.199, 3.003, 2.552]","[4.134, 4.487, 4.107, 4.139, 4.778, 4.376]","[-5.257, -6.311, -5.065, -5.282, -6.236, -4.929]"
1384,3,6.6657,17.5867,0.162,321,992,2,20,0.063,75,30.78,50000,1308.86,0,0,29.000(36.250%)(0.964m),44.000(38.824%)(2.571m),63.000(55.588%)(4.607m),19.000(16.765%)(0.000m),23.000(28.750%)(0.321m),27.000(67.500%)(1.821m),16.383(40.957%)(0.684m),0.000,2836.804,71.5,1.3805,"[1.277, 2.389, 2.364, 1.312, 2.775, 2.504]","[4.069, 4.396, 4.333, 3.983, 4.867, 4.506]","[-7.607, -7.295, -10.882, -8.221, -6.504, -9.685]"
1385,3,21.4207,17.5123,0.169,624,1975,169,46,0.063,100,30.83,50000,2520.86,1,1,26.000(32.500%)(0.643m),44.000(38.824%)(2.571m),61.000(53.824%)(4.393m),42.000(37.059%)(2.357m),22.684(28.355%)(0.288m),22.000(55.000%)(1.286m),15.993(39.981%)(0.642m),316.616,2789.761,73.2,1.3550,"[1.951, 2.784, 2.499, 2.116, 3.138, 2.690]","[3.889, 4.198, 4.313, 4.132, 4.466, 4.790]","[-4.588, -0.439, -1.798, -4.338, -0.034, -2.296]"
1386,3,21.7066,17.4756,0.154,626,1978,98,37,0.062,100,30.88,50000,2591.56,2,1,28.000(35.000%)(0.857m),43.000(37.941%)(2.464m),60.000(52.941%)(4.286m),40.194(35.465%)(2.164m),18.888(23.609%)(0.000m),23.000(57.500%)(1.393m),13.267(33.168%)(0.350m),324.671,2776.194,73.1,1.3759,"[1.856, 2.823, 2.579, 2.045, 3.250, 2.733]","[3.872, 4.447, 4.205, 4.214, 5.025, 4.457]","[-5.408, 0.051, -1.200, -4.815, 0.315, -1.970]"
1387,3,19.6239,17.4226,0.161,646,2022,126,33,0.062,100,30.93,50000,2655.11,3,1,27.000(33.750%)(0.750m),41.000(36.177%)(2.250m),60.000(52.941%)(4.286m),46.432(40.970%)(2.832m),22.045(27.557%)(0.219m),25.000(62.500%)(1.607m),15.549(38.874%)(0.595m),311.489,3227.336,72.5,1.4098,"[2.100, 2.708, 2.448, 2.292, 3.109, 2.582]","[3.881, 4.182, 4.377, 4.186, 4.613, 4.396]","[-5.298, 0.424, -2.409, -4.708, 0.618, -3.175]"
1388,3,25.0805,17.4560,0.158,643,2014,97,69,0.062,100,30.98,50000,2617.10,4,1,21.000(26.250%)(0.107m),31.000(27.353%)(1.179m),59.000(52.059%)(4.179m),40.044(35.333%)(2.148m),18.921(23.651%)(0.000m),21.000(52.500%)(1.179m),13.298(33.246%)(0.353m),100.948,2891.659,72.5,1.4394,"[2.102, 2.711, 2.298, 2.298, 3.094, 2.406]","[4.013, 4.209, 4.442, 4.038, 4.691, 4.697]","[-5.416, -5.092, -8.277, -4.866, -5.342, -9.313]"
1389,3,25.0318,17.4904,0.139,629,1985,31,50,0.062,100,31.03,50000,2555.50,5,1,27.000(33.750%)(0.750m),36.000(31.765%)(1.714m),52.000(45.882%)(3.429m),38.000(33.530%)(1.929m),20.262(25.328%)(0.028m),25.000(62.500%)(1.607m),14.253(35.632%)(0.456m),239.325,2751.186,73.0,1.4480,"[1.890, 2.891, 2.560, 2.102, 3.317, 2.738]","[3.850, 4.299, 4.066, 4.068, 4.815, 4.501]","[-6.157, -3.871, -0.044, -5.709, -3.173, -0.626]"
1390,3,22.7209,17.5547,0.147,623,1972,175,88,0.062,100,31.08,50000,2497.62,6,1,25.000(31.250%)(0.536m),44.000(38.824%)(2.571m),59.000(52.059%)(4.179m),41.000(36.177%)(2.250m),22.839(28.549%)(0.304m),20.000(50.000%)(1.071m),16.126(40.314%)(0.656m),310.391,2794.917,73.2,1.3825,"[2.354, 2.886, 2.552, 2.535, 3.289, 2.754]","[3.875, 4.052, 4.116, 3.854, 4.371, 4.550]","[-4.518, 0.296, -1.917, -4.259, 0.699, -2.049]"
1391,3,20.2781,17.9504,0.146,625,1976,204,88,0.062,100,31.13,50000,2510.86,7,1,28.000(35.000%)(0.857m),44.000(38.824%)(2.571m),60.000(52.941%)(4.286m),41.000(36.177%)(2.250m),22.983(28.729%)(0.320m),20.000(50.000%)(1.071m),16.230(40.576%)(0.668m),321.764,2804.458,73.2,1.4141,"[1.829, 2.724, 2.457, 1.990, 3.102, 2.576]","[3.741, 4.147, 4.270, 3.743, 4.516, 4.626]","[-5.227, 0.206, -2.958, -4.541, 0.492, -2.784]"
1392,3,20.2251,17.9109,0.151,626,1978,176,97,0.062,100,31.18,50000,2452.67,8,1,28.000(35.000%)(0.857m),44.000(38.824%)(2.571m),65.000(57.353%)(4.821m),47.000(41.471%)(2.893m),22.724(28.405%)(0.292m),20.000(50.000%)(1.071m),16.022(40.054%)(0.645m),417.289,2846.981,73.1,1.3982,"[2.142, 2.747, 2.397, 2.350, 3.130, 2.531]","[3.914, 4.106, 4.210, 3.990, 4.479, 4.512]","[-5.336, 0.670, -2.345, -4.628, 1.055, -2.953]"
1393,3,9.7544,18.1141,0.154,526,1647,14,40,0.062,95,31.16,50000,2069.79,0,0,26.000(32.500%)(0.643m),44.000(38.824%)(2.571m),39.850(35.162%)(2.127m),19.094(16.848%)(0.000m),11.225(14.031%)(0.000m),26.000(65.000%)(1.714m),10.689(26.722%)(0.074m),196.007,2852.991,72.5,1.4274,"[1.755, 2.738, 2.582, 1.959, 3.157, 2.748]","[3.934, 4.394, 4.192, 4.069, 4.681, 4.477]","[-5.290, -5.345, -6.022, -4.960, -5.323, -5.836]"
1394,3,22.0225,18.0868,0.157,625,1975,124,42,0.061,100,31.21,50000,2547.01,1,1,29.000(36.250%)(0.964m),44.000(38.824%)(2.571m),61.000(53.824%)(4.393m),43.000(37.941%)(2.464m),23.017(28.772%)(0.323m),23.000(57.500%)(1.393m),16.234(40.585%)(0.668m),329.356,2816.544,73.1,1.4041,"[2.371, 2.909, 2.563, 2.549, 3.296, 2.759]","[4.113, 4.393, 4.279, 4.643, 4.806, 4.493]","[-4.232, 0.489, -0.513, -4.352, 0.977, -1.076]"
1395,3,25.5323,18.2003,0.157,628,1983,2,78,0.061,100,31.25,50000,2490.67,2,1,24.000(30.000%)(0.429m),44.000(38.824%)(2.571m),64.000(56.471%)(4.714m),35.000(30.882%)(1.607m),23.209(29.011%)(0.344m),17.000(42.500%)(0.750m),16.383(40.957%)(0.684m),144.939,2869.898,73.1,1.3823,"[1.786, 2.727, 2.487, 1.972, 3.165, 2.655]","[3.937, 4.487, 4.225, 3.959, 4.721, 4.476]","[-5.500, -1.077, -3.670, -4.992, 0.018, -2.699]"
1396,3,23.1638,18.5921,0.145,633,1993,47,65,0.061,100,31.30,50000,2754.79,3,1,25.000(31.250%)(0.536m),44.000(38.824%)(2.571m),60.000(52.941%)(4.286m),38.000(33.530%)(1.929m),22.000(27.500%)(0.214m),22.000(55.000%)(1.286m),16.211(40.528%)(0.665m),235.424,2751.461,72.9,1.5267,"[1.933, 2.824, 2.583, 2.111, 3.228, 2.723]","[4.062, 4.471, 3.993, 4.029, 4.676, 4.370]","[-5.095, 0.081, -1.176, -4.497, 0.517, -1.810]"
1397,3,22.0555,18.6119,0.141,626,1978,155,49,0.061,100,31.35,50000,2567.12,4,1,22.000(27.500%)(0.214m),41.000(36.177%)(2.250m),62.000(54.706%)(4.500m),46.342(40.891%)(2.822m),22.315(27.893%)(0.248m),20.000(50.000%)(1.071m),15.726(39.314%)(0.613m),307.431,2908.400,73.1,1.4056,"[2.121, 2.718, 2.524, 2.309, 3.125, 2.691]","[3.876, 4.151, 4.015, 4.020, 4.498, 4.226]","[-5.168, 0.350, -0.110, -4.506, 0.726, -0.542]"
1398,3,22.0130,18.5698,0.162,624,1973,172,18,0.061,100,31.40,50000,2551.38,5,1,29.000(36.250%)(0.964m),45.000(39.706%)(2.679m),65.000(57.353%)(4.821m),48.220(42.548%)(3.024m),22.942(28.678%)(0.315m),23.000(57.500%)(1.393m),16.200(40.501%)(0.664m),443.792,3009.731,73.2,1.4076,"[2.242, 2.888, 2.598, 2.394, 3.274, 2.817]","[4.010, 4.036, 4.157, 4.047, 4.343, 4.466]","[-4.818, 1.461, 0.632, -4.390, 1.151, 0.103]"
1399,3,20.9426,18.5718,0.147,638,2004,159,111,0.061,100,31.45,50000,2600.26,6,1,25.000(31.250%)(0.536m),38.000(33.530%)(1.929m),57.000(50.294%)(3.964m),38.000(33.530%)(1.929m),22.984(28.730%)(0.320m),20.000(50.000%)(1.071m),16.231(40.577%)(0.668m),252.260,2806.721,72.7,1.3348,"[2.201, 2.809, 2.509, 2.368, 3.204, 2.666]","[3.843, 4.171, 4.124, 4.266, 4.491, 4.429]","[-4.183, -0.397, -2.210, -4.199, -0.095, -2.574]"
1400,3,17.1492,18.4500,0.157,631,1991,12,84,0.061,100,31.50,50000,2538.26,7,1,25.000(31.250%)(0.536m),46.000(40.588%)(2.786m),65.000(57.353%)(4.821m),45.000(39.706%)(2.679m),22.435(28.043%)(0.261m),21.000(52.500%)(1.179m),15.812(39.531%)(0.623m),421.686,2867.132,73.0,1.3710,"[2.569, 2.820, 2.332, 2.772, 3.249, 2.592]","[3.990, 4.377, 4.409, 4.202, 4.840, 4.769]","[-4.570, 1.444, -1.644, -4.629, 1.852, -2.018]"
1401,3,21.7801,18.4477,0.157,625,1976,185,86,0.061,100,31.55,50000,2549.70,8,1,25.000(31.250%)(0.536m),43.000(37.941%)(2.464m),65.000(57.353%)(4.821m),32.029(28.261%)(1.289m),14.743(18.429%)(0.000m),20.000(50.000%)(1.071m),10.316(25.790%)(0.034m),370.472,2805.065,73.2,1.3981,"[1.787, 2.573, 2.369, 1.971, 2.951, 2.540]","[3.850, 4.300, 4.248, 3.877, 4.532, 4.664]","[-5.190, -5.288, -2.852, -4.767, -5.455, -2.888]"
1402,3,23.0533,18.4621,0.154,623,1972,198,43,0.061,100,31.60,50000,2468.33,9,1,26.000(32.500%)(0.643m),40.000(35.294%)(2.143m),60.000(52.941%)(4.286m),39.477(34.833%)(2.087m),18.525(23.156%)(0.000m),23.000(57.500%)(1.393m),13.007(32.518%)(0.322m),299.746,2722.387,73.2,1.3669,"[1.722, 2.630, 2.434, 1.840, 3.042, 2.579]","[3.763, 4.050, 4.228, 3.811, 4.376, 4.467]","[-5.536, -1.069, -2.215, -4.812, -0.686, -2.599]"
1403,3,21.5395,18.3544,0.150,633,1994,88,46,0.060,100,31.65,50000,2578.91,10,1,22.000(27.500%)(0.214m),32.000(28.235%)(1.286m),45.000(39.706%)(2.679m),47.000(41.471%)(2.893m),23.010(28.762%)(0.322m),23.000(57.500%)(1.393m),16.228(40.571%)(0.667m),154.686,2780.962,72.9,1.4305,"[2.037, 2.668, 2.215, 2.253, 3.104, 2.412]","[3.811, 4.092, 4.139, 3.889, 4.421, 4.532]","[-4.869, -2.285, -3.964, -4.531, -2.456, -4.227]"
1404,3,22.2319,18.4006,0.150,624,1973,177,92,0.060,100,31.70,50000,2538.02,11,1,22.000(27.500%)(0.214m),40.000(35.294%)(2.143m),58.000(51.177%)(4.071m),47.000(41.471%)(2.893m),22.666(28.332%)(0.286m),19.000(47.500%)(0.964m),16.000(40.000%)(0.643m),302.981,2800.772,73.2,1.3620,"[2.221, 2.804, 2.480, 2.374, 3.180, 2.634]","[3.801, 4.145, 4.377, 3.993, 4.448, 4.694]","[-5.557, 0.288, -1.485, -4.908, 0.180, -2.001]"
1405,3,0.9134,17.8978,0.153,201,588,14,20,0.060,60,31.67,50000,831.03,0,0,25.000(31.250%)(0.536m),39.000(34.412%)(2.036m),62.000(54.706%)(4.500m),25.973(22.917%)(0.640m),12.563(15.703%)(0.000m),26.000(65.000%)(1.714m),9.802(24.504%)(0.000m),242.443,4222.661,67.7,1.4423,"[1.148, 2.265, 2.454, 1.228, 2.632, 2.490]","[3.756, 4.133, 4.168, 3.695, 4.449, 4.422]","[-5.300, -5.393, -6.114, -5.129, -5.398, -5.278]"
1406,3,21.5735,17.8555,0.146,623,1972,155,76,0.060,100,31.72,50000,2541.18,1,1,25.000(31.250%)(0.536m),44.000(38.824%)(2.571m),59.000(52.059%)(4.179m),41.000(36.177%)(2.250m),22.866(28.582%)(0.307m),20.000(50.000%)(1.071m),16.145(40.362%)(0.658m),310.391,2794.962,73.2,1.3778,"[2.323, 2.871, 2.517, 2.437, 3.236, 2.673]","[3.811, 4.280, 4.219, 3.839, 4.626, 4.392]","[-5.301, 0.532, -1.978, -4.761, 1.042, -2.698]"
1407,3,21.0447,17.7350,0.139,628,1983,136,113,0.060,100,31.77,50000,2536.29,2,1,21.000(26.250%)(0.107m),33.000(29.118%)(1.393m),48.000(42.353%)(3.000m),34.000(30.000%)(1.500m),19.086(23.858%)(0.000m),17.000(42.500%)(0.750m),13.410(33.524%)(0.365m),102.581,2637.662,73.1,1.3992,"[1.864, 2.712, 2.355, 1.983, 3.109, 2.475]","[3.934, 4.325, 4.516, 3.941, 4.635, 4.760]","[-5.006, -2.374, -4.149, -4.688, -2.503, -4.472]"
1408,3,25.1392,17.8340,0.136,627,1981,106,50,0.060,100,31.82,50000,2612.89,3,1,24.000(30.000%)(0.429m),38.000(33.530%)(1.929m),50.000(44.118%)(3.214m),41.000(36.177%)(2.250m),23.049(28.811%)(0.327m),23.000(57.500%)(1.393m),16.257(40.642%)(0.670m),197.989,2727.182,73.1,1.4543,"[1.950, 2.870, 2.546, 2.156, 3.269, 2.687]","[4.076, 4.272, 4.272, 4.375, 4.656, 4.535]","[-5.638, -2.086, -3.807, -4.970, -2.094, -2.681]"
1409,3,17.7073,17.7399,0.159,631,1991,175,92,0.060,100,31.87,50000,2752.29,4,1,29.000(36.250%)(0.964m),44.000(38.824%)(2.571m),41.000(36.177%)(2.250m),31.000(27.353%)(1.179m),18.853(23.566%)(0.000m),20.000(50.000%)(1.071m),13.243(33.106%)(0.347m),31.443,2684.367,73.0,1.4786,"[1.567, 2.569, 2.457, 1.669, 2.930, 2.583]","[3.827, 4.343, 4.191, 4.100, 4.568, 4.415]","[-5.009, -2.627, -1.707, -5.094, -1.516, -2.765]"
1410,3,27.1403,18.2133,0.146,628,1982,4,97,0.060,100,31.91,50000,2633.14,5,1,25.000(31.250%)(0.536m),38.000(33.530%)(1.929m),56.000(49.412%)(3.857m),43.000(37.941%)(2.464m),23.245(29.056%)(0.348m),20.000(50.000%)(1.071m),16.420(41.051%)(0.688m),233.156,2709.017,73.0,1.4291,"[2.157, 2.849, 2.447, 2.331, 3.217, 2.615]","[3.632, 4.074, 4.163, 3.728, 4.333, 4.433]","[-5.315, 0.414, -2.021, -4.683, 0.751, -2.306]"
1411,3,25.8581,18.2629,0.155,626,1978,96,45,0.059,100,31.96,50000,2498.52,6,1,25.000(31.250%)(0.536m),37.000(32.647%)(1.821m),60.000(52.941%)(4.286m),41.000(36.177%)(2.250m),23.049(28.811%)(0.327m),23.000(57.500%)(1.393m),16.257(40.642%)(0.670m),264.742,2744.586,73.1,1.3717,"[2.058, 2.962, 2.507, 2.230, 3.341, 2.626]","[3.860, 4.285, 4.293, 4.054, 4.740, 4.446]","[-5.771, -1.708, -3.367, -5.242, -1.484, -3.924]"
1412,3,22.4232,18.5301,0.151,631,1989,188,72,0.059,100,32.01,50000,2473.01,7,1,28.000(35.000%)(0.857m),42.000(37.059%)(2.357m),62.000(54.706%)(4.500m),44.000(38.824%)(2.571m),23.070(28.838%)(0.329m),20.000(50.000%)(1.071m),16.293(40.733%)(0.674m),337.531,2783.713,73.0,1.3681,"[2.161, 2.899, 2.469, 2.315, 3.315, 2.684]","[3.805, 4.530, 4.383, 3.928, 4.770, 4.736]","[-4.674, 0.959, -1.723, -4.431, 1.537, -2.504]"
1413,3,22.2159,18.8696,0.154,629,1986,110,97,0.059,100,32.06,50000,2434.99,8,1,20.000(25.000%)(0.000m),49.000(43.235%)(3.107m),62.000(54.706%)(4.500m),38.000(33.530%)(1.929m),19.045(23.806%)(0.000m),14.000(35.000%)(0.429m),13.386(33.466%)(0.363m),225.331,3028.903,73.1,1.3563,"[2.041, 2.970, 2.589, 2.216, 3.389, 2.826]","[3.870, 4.331, 4.530, 4.214, 4.923, 4.861]","[-5.250, -0.593, -3.496, -4.637, 0.250, -3.110]"
1414,3,20.9809,19.2578,0.149,628,1982,143,77,0.059,100,32.11,50000,2630.45,9,1,28.000(35.000%)(0.857m),43.000(37.941%)(2.464m),62.000(54.706%)(4.500m),39.000(34.412%)(2.036m),23.017(28.772%)(0.323m),20.000(50.000%)(1.071m),16.234(40.585%)(0.668m),284.367,2784.139,73.0,1.3870,"[2.092, 2.922, 2.553, 2.248, 3.295, 2.737]","[3.953, 4.573, 4.512, 4.081, 5.201, 4.817]","[-4.641, 0.587, -1.988, -4.302, 1.063, -2.912]"
1415,3,16.0929,19.1152,0.148,876,2524,91,135,0.059,100,32.16,50000,3600.46,10,1,18.000(22.500%)(0.000m),34.000(30.000%)(1.500m),42.000(37.059%)(2.357m),41.010(36.186%)(2.251m),19.301(24.126%)(0.000m),19.000(47.500%)(0.964m),13.564(33.909%)(0.382m),436.278,3387.458,66.7,1.3955,"[2.312, 2.595, 2.148, 2.344, 2.897, 2.124]","[4.268, 4.398, 4.515, 4.176, 4.566, 4.387]","[-5.073, -0.680, -2.427, -4.617, -0.398, -3.874]"
1416,3,23.6845,19.1454,0.148,624,1973,173,29,0.059,100,32.20,50000,2598.83,11,1,28.000(35.000%)(0.857m),44.000(38.824%)(2.571m),65.000(57.353%)(4.821m),32.160(28.376%)(1.303m),14.810(18.512%)(0.000m),23.000(57.500%)(1.393m),10.364(25.909%)(0.039m),417.289,2982.681,73.2,1.4230,"[1.792, 2.694, 2.506, 1.993, 3.118, 2.703]","[3.840, 4.384, 4.084, 4.003, 4.499, 4.166]","[-5.695, -4.998, -0.444, -4.937, -5.145, -1.119]"
1417,3,24.3763,19.6232,0.158,626,1978,28,165,0.059,100,32.25,50000,2519.13,12,1,18.000(22.500%)(0.000m),42.000(37.059%)(2.357m),59.000(52.059%)(4.179m),40.000(35.294%)(2.143m),23.511(29.389%)(0.376m),14.000(35.000%)(0.429m),16.613(41.533%)(0.709m),275.612,2760.768,73.1,1.3846,"[2.258, 2.691, 2.203, 2.425, 3.090, 2.392]","[4.065, 4.319, 4.015, 4.211, 4.571, 4.244]","[-3.959, -0.742, -4.629, -4.155, -0.500, -2.878]"
1418,3,18.2990,19.4889,0.156,630,1987,151,76,0.059,100,32.30,50000,2604.36,13,1,25.000(31.250%)(0.536m),44.000(38.824%)(2.571m),62.000(54.706%)(4.500m),30.322(26.755%)(1.106m),13.862(17.328%)(0.000m),18.000(45.000%)(0.857m),9.690(24.226%)(0.000m),158.842,2770.415,73.0,1.3884,"[1.251, 2.256, 2.210, 1.372, 2.651, 2.430]","[3.815, 4.179, 3.840, 3.850, 4.587, 3.993]","[-5.578, -5.029, -3.115, -4.918, -5.352, -2.179]"
1419,3,21.8933,19.4937,0.152,626,1978,180,59,0.058,100,32.35,50000,2454.93,14,1,25.000(31.250%)(0.536m),39.000(34.412%)(2.036m),52.000(45.882%)(3.429m),40.126(35.406%)(2.156m),18.853(23.567%)(0.000m),22.000(55.000%)(1.286m),13.242(33.104%)(0.347m),273.337,2717.611,73.1,1.3450,"[1.904, 2.788, 2.463, 2.098, 3.192, 2.626]","[4.130, 4.122, 4.186, 4.381, 4.620, 4.478]","[-5.479, -0.672, -1.861, -4.791, -0.301, -2.380]"
1420,3,11.5450,19.6392,0.149,628,1978,152,76,0.058,95,32.32,50000,2486.33,0,0,27.000(33.750%)(0.750m),45.000(39.706%)(2.679m),55.172(48.681%)(3.768m),21.220(18.723%)(0.131m),11.436(14.295%)(0.000m),19.000(47.500%)(0.964m),9.868(24.670%)(0.000m),299.944,3080.408,72.9,1.3348,"[0.683, 2.580, 2.393, 0.952, 3.033, 2.663]","[4.012, 4.467, 4.088, 4.508, 5.091, 4.376]","[-6.039, -5.414, -4.796, -5.142, -5.619, -4.406]"
1421,3,26.4496,19.7057,0.144,652,2034,27,86,0.058,100,32.37,50000,2593.54,1,1,27.000(33.750%)(0.750m),41.000(36.177%)(2.250m),64.000(56.471%)(4.714m),37.000(32.647%)(1.821m),19.982(24.977%)(0.000m),19.000(47.500%)(0.964m),14.058(35.144%)(0.435m),202.351,2926.717,72.2,1.3410,"[2.021, 3.052, 2.545, 2.225, 3.465, 2.704]","[3.799, 4.422, 4.177, 4.077, 4.997, 4.475]","[-4.938, -0.752, -2.020, -4.535, -0.284, -2.508]"
1422,3,26.4331,20.1685,0.145,624,1973,86,37,0.058,100,32.42,50000,2556.41,2,1,29.000(36.250%)(0.964m),40.000(35.294%)(2.143m),65.000(57.353%)(4.821m),41.000(36.177%)(2.250m),23.049(28.811%)(0.327m),23.000(57.500%)(1.393m),16.257(40.642%)(0.670m),314.219,2768.233,73.2,1.3801,"[2.096, 3.098, 2.673, 2.275, 3.518, 2.859]","[4.102, 4.288, 4.373, 4.186, 4.841, 4.567]","[-5.105, 0.879, -1.380, -4.533, 1.159, -2.400]"
1423,3,24.1407,20.1627,0.146,652,2032,23,16,0.058,100,32.47,50000,2646.79,3,1,29.000(36.250%)(0.964m),44.000(38.824%)(2.571m),63.000(55.588%)(4.607m),43.426(38.317%)(2.510m),20.572(25.715%)(0.061m),25.000(62.500%)(1.607m),14.480(36.201%)(0.480m),401.948,3104.012,72.1,1.3797,"[2.206, 3.095, 2.683, 2.422, 3.505, 2.825]","[3.928, 4.519, 4.269, 4.124, 4.983, 4.732]","[-5.222, 1.644, 0.350, -4.720, 2.125, -0.298]"
1424,3,21.4578,20.4005,0.154,627,1981,140,41,0.058,100,32.51,50000,2535.14,4,1,29.000(36.250%)(0.964m),43.000(37.941%)(2.464m),57.000(50.294%)(3.964m),31.949(28.191%)(1.280m),14.687(18.359%)(0.000m),23.000(57.500%)(1.393m),10.276(25.690%)(0.030m),315.244,2772.518,73.1,1.4246,"[1.683, 2.704, 2.508, 1.844, 3.078, 2.723]","[4.055, 4.212, 4.169, 4.178, 4.525, 4.672]","[-5.186, -5.125, -1.197, -4.744, -4.961, -1.855]"
1425,3,23.7185,20.4496,0.159,622,1968,164,79,0.058,100,32.56,50000,2574.71,5,1,24.000(30.000%)(0.429m),42.000(37.059%)(2.357m),60.000(52.941%)(4.286m),40.068(35.355%)(2.150m),18.824(23.530%)(0.000m),21.000(52.500%)(1.179m),13.222(33.055%)(0.345m),289.438,2758.504,73.2,1.4134,"[2.332, 2.902, 2.579, 2.455, 3.286, 2.756]","[4.045, 4.316, 4.528, 4.177, 4.507, 4.711]","[-3.958, -0.894, -2.338, -4.290, -0.441, -2.749]"
1426,3,22.8262,20.5292,0.157,624,1973,195,41,0.058,100,32.61,50000,2567.83,6,1,26.000(32.500%)(0.643m),40.000(35.294%)(2.143m),60.000(52.941%)(4.286m),39.660(34.994%)(2.106m),18.617(23.272%)(0.000m),23.000(57.500%)(1.393m),13.074(32.684%)(0.329m),289.446,2735.547,73.2,1.3813,"[1.786, 2.742, 2.446, 1.930, 3.083, 2.573]","[4.027, 4.446, 4.141, 3.990, 4.720, 4.305]","[-5.346, 0.215, -1.352, -4.947, 0.703, -2.070]"
1427,3,24.1996,20.8249,0.142,629,1985,128,38,0.058,100,32.66,50000,2539.45,7,1,28.000(35.000%)(0.857m),44.000(38.824%)(2.571m),60.000(52.941%)(4.286m),41.000(36.177%)(2.250m),19.366(24.207%)(0.000m),23.000(57.500%)(1.393m),13.610(34.025%)(0.387m),319.905,2773.447,73.0,1.3678,"[1.862, 2.829, 2.476, 1.999, 3.214, 2.639]","[3.815, 4.137, 4.175, 4.032, 4.606, 4.490]","[-4.858, 0.585, -1.321, -4.463, 1.005, -2.254]"
1428,3,24.0622,20.8277,0.137,622,1968,172,63,0.057,100,32.70,50000,2478.64,8,1,24.000(30.000%)(0.429m),42.000(37.059%)(2.357m),60.000(52.941%)(4.286m),41.000(36.177%)(2.250m),22.923(28.654%)(0.313m),21.000(52.500%)(1.179m),16.187(40.466%)(0.663m),290.358,2759.965,73.2,1.3886,"[2.402, 2.929, 2.643, 2.577, 3.322, 2.806]","[3.754, 4.199, 4.233, 3.869, 4.437, 4.565]","[-4.030, 0.207, -1.461, -4.321, 0.663, -2.186]"
1429,3,4.2424,20.4394,0.154,343,1059,3,50,0.057,80,32.68,50000,1375.42,0,0,25.140(31.425%)(0.551m),52.602(46.414%)(3.493m),34.000(30.000%)(1.500m),18.000(15.882%)(0.000m),11.000(13.750%)(0.000m),17.769(44.424%)(0.832m),21.000(52.500%)(1.179m),434.944,3426.654,71.5,1.3491,"[1.493, 2.292, 2.023, 1.790, 2.584, 1.932]","[4.064, 4.304, 3.800, 4.043, 4.613, 3.996]","[-11.052, -6.057, -13.441, -10.274, -5.701, -8.894]"
1430,3,2.1660,20.0438,0.140,198,598,13,30,0.057,60,32.66,50000,796.96,0,0,25.000(31.250%)(0.536m),44.000(38.824%)(2.571m),65.000(57.353%)(4.821m),24.210(21.362%)(0.451m),12.061(15.076%)(0.000m),22.000(55.000%)(1.286m),9.653(24.132%)(0.000m),417.289,3643.746,69.8,1.3763,"[2.140, 2.670, 2.571, 2.192, 2.974, 2.654]","[3.991, 4.458, 4.500, 3.938, 4.702, 4.702]","[-5.433, -6.432, -6.711, -5.459, -6.610, -6.426]"
1431,3,3.5996,19.6866,0.147,320,990,107,24,0.057,75,32.63,50000,1253.70,0,0,29.000(36.250%)(0.964m),44.000(38.824%)(2.571m),48.000(42.353%)(3.000m),27.000(23.824%)(0.750m),22.000(27.500%)(0.214m),27.000(67.500%)(1.821m),16.257(40.642%)(0.670m),0.000,2807.449,71.6,1.4090,"[1.515, 2.537, 2.653, 1.579, 2.900, 2.796]","[4.039, 4.406, 4.050, 4.043, 4.664, 4.280]","[-6.037, -4.678, -2.100, -4.875, -4.608, -3.003]"
1432,3,20.8993,19.6014,0.150,627,1980,124,88,0.057,100,32.68,50000,2629.45,1,1,26.000(32.500%)(0.643m),44.000(38.824%)(2.571m),61.000(53.824%)(4.393m),40.000(35.294%)(2.143m),22.795(28.494%)(0.299m),20.000(50.000%)(1.071m),16.073(40.183%)(0.651m),277.620,2807.658,73.1,1.4687,"[1.973, 2.757, 2.479, 2.153, 3.138, 2.727]","[3.814, 4.284, 4.004, 4.171, 4.714, 4.356]","[-5.241, 0.389, -1.986, -4.615, 0.935, -2.736]"
1433,3,24.0187,20.0619,0.141,628,1983,63,80,0.057,100,32.73,50000,2434.00,2,1,27.000(33.750%)(0.750m),45.000(39.706%)(2.679m),65.000(57.353%)(4.821m),33.712(29.746%)(1.469m),15.603(19.504%)(0.000m),20.000(50.000%)(1.071m),10.931(27.328%)(0.100m),233.927,2808.728,73.1,1.3587,"[1.550, 2.791, 2.485, 1.730, 3.199, 2.668]","[3.845, 4.213, 4.284, 3.848, 4.745, 4.578]","[-5.379, -4.331, -1.164, -4.661, -4.304, -2.063]"
1434,3,23.0662,20.3899,0.151,624,1973,141,30,0.057,100,32.78,50000,2509.94,3,1,25.000(31.250%)(0.536m),44.000(38.824%)(2.571m),65.000(57.353%)(4.821m),48.150(42.485%)(3.016m),22.907(28.633%)(0.311m),22.000(55.000%)(1.286m),16.154(40.384%)(0.659m),417.289,2965.874,73.2,1.4384,"[2.167, 2.924, 2.592, 2.386, 3.351, 2.856]","[3.853, 4.134, 4.231, 4.104, 4.682, 4.614]","[-4.707, 1.763, -0.817, -4.295, 2.151, -1.496]"
1435,3,22.0935,20.4033,0.135,627,1983,144,43,0.057,100,32.82,50000,2560.10,4,1,28.000(35.000%)(0.857m),42.000(37.059%)(2.357m),60.000(52.941%)(4.286m),41.000(36.177%)(2.250m),22.986(28.732%)(0.320m),23.000(57.500%)(1.393m),16.211(40.528%)(0.665m),290.358,2759.965,73.2,1.4026,"[2.028, 2.781, 2.535, 2.220, 3.192, 2.709]","[3.867, 4.307, 4.210, 3.936, 4.622, 4.607]","[-5.343, -0.268, -1.648, -4.652, 0.114, -2.126]"
1436,3,22.0693,20.4106,0.137,622,1968,164,105,0.057,100,32.87,50000,2561.37,5,1,25.000(31.250%)(0.536m),44.000(38.824%)(2.571m),65.000(57.353%)(4.821m),31.824(28.080%)(1.267m),14.623(18.279%)(0.000m),20.000(50.000%)(1.071m),10.230(25.576%)(0.025m),161.617,2739.168,73.2,1.4060,"[1.899, 2.676, 2.576, 2.048, 3.066, 2.772]","[3.992, 4.226, 4.379, 4.188, 4.463, 4.553]","[-5.300, -5.631, -1.306, -5.201, -5.477, -1.144]"
1437,3,20.1670,20.4214,0.138,626,1978,93,94,0.056,100,32.92,50000,2588.79,6,1,25.000(31.250%)(0.536m),41.000(36.177%)(2.250m),58.000(51.177%)(4.071m),41.000(36.177%)(2.250m),22.312(27.890%)(0.248m),21.000(52.500%)(1.179m),15.723(39.309%)(0.613m),291.078,2772.090,73.1,1.3609,"[2.275, 2.799, 2.392, 2.464, 3.176, 2.573]","[3.736, 4.312, 4.223, 3.984, 4.675, 4.592]","[-5.044, -0.476, -1.639, -4.536, -0.496, -3.088]"
1438,3,23.3902,20.3876,0.147,624,1973,192,46,0.056,100,32.96,50000,2515.17,7,1,26.000(32.500%)(0.643m),41.000(36.177%)(2.250m),60.000(52.941%)(4.286m),41.000(36.177%)(2.250m),23.010(28.762%)(0.322m),23.000(57.500%)(1.393m),16.228(40.571%)(0.667m),289.424,2722.950,73.2,1.4022,"[2.089, 2.941, 2.562, 2.315, 3.321, 2.749]","[4.269, 4.496, 4.288, 4.365, 4.639, 4.580]","[-5.053, -0.917, -1.922, -4.453, -0.695, -2.427]"
1439,3,1.5974,19.9189,0.151,354,1095,136,62,0.056,80,32.94,50000,1379.81,0,0,10.000(12.500%)(0.000m),15.000(13.235%)(0.000m),24.000(21.177%)(0.429m),31.000(27.353%)(1.179m),14.810(18.512%)(0.000m),22.000(55.000%)(1.286m),10.364(25.909%)(0.039m),90.691,2969.402,71.6,1.3009,"[1.345, 1.921, 1.980, 1.382, 2.302, 2.053]","[3.705, 4.299, 4.254, 3.816, 4.544, 4.662]","[-6.484, -7.509, -6.066, -8.610, -7.418, -5.907]"
1440,3,18.4212,19.8329,0.143,630,1989,185,71,0.056,100,32.99,50000,2445.99,1,1,28.000(35.000%)(0.857m),44.000(38.824%)(2.571m),48.000(42.353%)(3.000m),31.000(27.353%)(1.179m),18.771(23.464%)(0.000m),20.000(50.000%)(1.071m),13.190(32.976%)(0.342m),88.599,2738.930,73.1,1.3097,"[1.613, 2.731, 2.557, 1.801, 3.168, 2.769]","[3.977, 4.433, 4.086, 4.264, 4.708, 4.343]","[-5.184, -2.252, -1.775, -4.521, -0.556, -2.755]"
1441,3,7.4551,19.5765,0.140,517,1619,98,54,0.056,95,32.96,50000,2139.55,0,0,27.000(33.750%)(0.750m),49.000(43.235%)(3.107m),26.499(23.382%)(0.696m),15.234(13.442%)(0.000m),9.862(12.327%)(0.000m),19.000(47.500%)(0.964m),10.744(26.860%)(0.080m),335.483,2885.541,72.5,1.4531,"[1.282, 2.419, 2.344, 1.531, 2.837, 2.509]","[3.958, 4.564, 4.381, 4.060, 5.354, 4.513]","[-6.186, -5.732, -5.382, -5.362, -6.143, -5.609]"
1442,3,24.7521,19.6670,0.152,633,1994,133,43,0.056,100,33.01,50000,2658.30,1,1,28.000(35.000%)(0.857m),43.000(37.941%)(2.464m),52.000(45.882%)(3.429m),40.000(35.294%)(2.143m),18.970(23.712%)(0.000m),23.000(57.500%)(1.393m),13.326(33.315%)(0.356m),255.767,2755.170,72.9,1.3852,"[1.803, 2.817, 2.519, 1.965, 3.188, 2.683]","[3.828, 4.396, 4.374, 4.115, 4.581, 4.609]","[-5.685, -0.215, -0.814, -5.076, -0.216, -1.640]"
1443,3,23.8649,19.9492,0.145,635,1999,27,96,0.056,100,33.06,50000,2659.17,2,1,20.000(25.000%)(0.000m),37.000(32.647%)(1.821m),54.000(47.647%)(3.643m),39.000(34.412%)(2.036m),23.470(29.337%)(0.372m),14.000(35.000%)(0.429m),16.595(41.487%)(0.707m),204.383,2870.565,72.8,1.4026,"[1.960, 2.897, 2.328, 2.119, 3.304, 2.525]","[4.033, 4.256, 4.199, 4.420, 4.579, 4.659]","[-5.207, -0.619, -4.170, -4.521, -0.491, -2.950]"
1444,3,26.0526,20.0298,0.142,625,1975,4,117,0.056,100,33.10,50000,2560.27,3,1,21.000(26.250%)(0.107m),35.000(30.882%)(1.607m),55.000(48.530%)(3.750m),39.000(34.412%)(2.036m),23.755(29.694%)(0.402m),18.000(45.000%)(0.857m),16.790(41.976%)(0.728m),152.808,2668.954,73.1,1.4194,"[2.074, 2.901, 2.460, 2.284, 3.346, 2.613]","[3.958, 4.441, 4.553, 4.061, 5.081, 4.901]","[-5.411, -1.343, -1.296, -4.726, -1.311, -1.866]"
1445,3,22.6723,19.9726,0.150,626,1978,175,26,0.056,100,33.15,50000,2591.00,4,1,27.000(33.750%)(0.750m),42.000(37.059%)(2.357m),60.000(52.941%)(4.286m),47.679(42.070%)(2.966m),22.965(28.706%)(0.318m),25.000(62.500%)(1.607m),16.217(40.542%)(0.666m),336.699,2917.480,73.1,1.3982,"[1.987, 2.834, 2.465, 2.154, 3.179, 2.605]","[3.883, 4.308, 4.360, 3.899, 4.602, 4.650]","[-5.230, -0.516, -1.948, -4.640, -0.133, -2.862]"
1446,3,24.8785,20.0069,0.140,630,1986,96,55,0.055,100,33.20,50000,2478.31,5,1,25.000(31.250%)(0.536m),44.000(38.824%)(2.571m),61.000(53.824%)(4.393m),43.000(37.941%)(2.464m),23.049(28.811%)(0.327m),21.000(52.500%)(1.179m),16.257(40.642%)(0.670m),335.905,2785.275,73.0,1.3696,"[2.200, 2.860, 2.486, 2.403, 3.303, 2.671]","[3.975, 4.253, 4.536, 4.011, 4.553, 4.752]","[-5.647, 0.287, -1.113, -5.079, 0.679, -1.776]"
1447,3,20.5004,19.9758,0.147,634,1995,90,91,0.055,100,33.24,50000,2546.49,6,1,21.000(26.250%)(0.107m),39.000(34.412%)(2.036m),58.000(51.177%)(4.071m),39.000(34.412%)(2.036m),22.002(27.503%)(0.215m),19.000(47.500%)(0.964m),15.500(38.749%)(0.589m),273.145,2914.369,72.8,1.3609,"[2.267, 2.818, 2.423, 2.473, 3.193, 2.580]","[4.070, 4.394, 4.349, 4.296, 4.827, 4.635]","[-4.568, 0.425, -1.513, -4.484, 0.920, -2.313]"
1448,3,7.9211,19.6940,0.137,628,1982,186,170,0.055,95,33.22,50000,2411.55,0,0,22.000(27.500%)(0.214m),44.000(38.824%)(2.571m),60.000(52.941%)(4.286m),27.284(24.074%)(0.780m),12.787(15.984%)(0.000m),15.000(37.500%)(0.536m),9.723(24.308%)(0.000m),280.483,2788.830,73.0,1.3829,"[1.441, 2.300, 2.350, 1.640, 2.694, 2.544]","[3.839, 4.053, 3.910, 4.095, 4.330, 4.162]","[-5.826, -5.658, -4.774, -5.789, -5.642, -4.021]"
1449,3,21.4463,19.7041,0.140,624,1973,203,29,0.055,100,33.26,50000,2559.91,1,1,29.000(36.250%)(0.964m),44.000(38.824%)(2.571m),60.000(52.941%)(4.286m),40.195(35.467%)(2.164m),18.936(23.670%)(0.000m),23.000(57.500%)(1.393m),13.308(33.270%)(0.354m),319.905,2823.201,73.2,1.3857,"[1.998, 2.865, 2.625, 2.210, 3.269, 2.809]","[4.031, 4.158, 4.034, 4.004, 4.567, 4.370]","[-5.302, 0.416, -1.214, -4.629, 0.911, -2.170]"
1450,3,21.5438,19.7920,0.139,636,1999,118,109,0.055,100,33.31,50000,2667.63,2,1,25.000(31.250%)(0.536m),42.000(37.059%)(2.357m),63.000(55.588%)(4.607m),37.000(32.647%)(1.821m),22.822(28.527%)(0.302m),20.000(50.000%)(1.071m),16.113(40.283%)(0.655m),243.748,2797.270,72.8,1.3986,"[2.378, 2.951, 2.714, 2.524, 3.318, 2.881]","[3.990, 4.337, 4.189, 4.135, 4.778, 4.495]","[-3.885, 1.533, -1.045, -3.990, 1.942, -2.118]"
1451,3,25.3877,19.8641,0.141,628,1983,7,83,0.055,100,33.36,50000,2566.16,3,1,24.000(30.000%)(0.429m),36.000(31.765%)(1.714m),52.000(45.882%)(3.429m),40.000(35.294%)(2.143m),23.443(29.303%)(0.369m),20.000(50.000%)(1.071m),16.541(41.354%)(0.701m),184.269,2658.593,73.1,1.4152,"[1.906, 2.861, 2.501, 2.138, 3.311, 2.704]","[4.201, 4.389, 4.332, 4.508, 5.014, 4.554]","[-6.400, -1.086, -1.556, -6.045, -1.919, -2.306]"
1452,3,19.9256,19.8016,0.145,625,1976,135,93,0.055,100,33.40,50000,2670.82,4,1,25.000(31.250%)(0.536m),40.000(35.294%)(2.143m),58.000(51.177%)(4.071m),39.000(34.412%)(2.036m),18.445(23.056%)(0.000m),18.000(45.000%)(0.857m),12.950(32.375%)(0.316m),299.695,2733.089,73.2,1.5274,"[1.887, 2.877, 2.503, 2.051, 3.239, 2.687]","[3.913, 4.404, 4.395, 4.008, 4.797, 4.647]","[-5.170, -0.771, -2.023, -4.649, -0.381, -2.461]"
1453,3,22.6163,19.8231,0.137,623,1972,184,83,0.055,100,33.45,50000,2621.16,5,1,25.000(31.250%)(0.536m),43.000(37.941%)(2.464m),59.000(52.059%)(4.179m),41.000(36.177%)(2.250m),22.871(28.588%)(0.308m),20.000(50.000%)(1.071m),16.149(40.371%)(0.659m),310.391,2769.830,73.2,1.4281,"[2.181, 2.815, 2.480, 2.364, 3.188, 2.616]","[3.922, 4.446, 4.483, 3.981, 4.694, 4.792]","[-5.023, -1.021, -1.925, -4.528, -0.630, -2.384]"
1454,3,23.0976,19.8404,0.138,641,2011,191,77,0.055,100,33.49,50000,2583.74,6,1,28.000(35.000%)(0.857m),42.000(37.059%)(2.357m),62.000(54.706%)(4.500m),44.000(38.824%)(2.571m),23.048(28.809%)(0.327m),20.000(50.000%)(1.071m),16.256(40.640%)(0.670m),333.381,3016.477,72.6,1.3652,"[2.100, 2.850, 2.570, 2.264, 3.249, 2.766]","[3.729, 4.097, 3.998, 4.086, 4.474, 4.423]","[-5.166, 1.056, -2.017, -4.719, 1.608, -2.902]"
1455,3,2.2229,19.8666,0.139,322,993,122,28,0.054,75,33.47,50000,1269.75,0,0,26.000(32.500%)(0.643m),20.000(17.647%)(0.000m),20.000(17.647%)(0.000m),21.000(18.529%)(0.107m),23.010(28.762%)(0.322m),25.000(62.500%)(1.607m),16.228(40.571%)(0.667m),0.000,2736.046,71.4,1.4047,"[1.255, 2.149, 2.217, 1.351, 2.387, 2.308]","[3.828, 4.280, 4.366, 3.904, 4.587, 4.724]","[-5.343, -6.484, -9.526, -5.577, -6.217, -9.021]"
1456,3,22.9191,19.8935,0.141,647,2029,0,65,0.054,100,33.52,50000,2640.82,1,1,26.000(32.500%)(0.643m),39.000(34.412%)(2.036m),62.000(54.706%)(4.500m),45.000(39.706%)(2.679m),24.599(30.749%)(0.493m),19.000(47.500%)(0.964m),17.379(43.447%)(0.791m),277.908,2992.552,72.6,1.3586,"[1.971, 2.794, 2.317, 2.183, 3.231, 2.505]","[3.768, 4.505, 4.425, 3.921, 5.112, 4.689]","[-5.246, -1.057, -2.671, -4.884, -1.132, -3.012]"
1457,3,22.1192,19.9150,0.151,633,1994,76,91,0.054,100,33.56,50000,2534.36,2,1,24.000(30.000%)(0.429m),41.000(36.177%)(2.250m),65.000(57.353%)(4.821m),47.679(42.070%)(2.966m),23.049(28.811%)(0.327m),21.000(52.500%)(1.179m),16.257(40.642%)(0.670m),327.669,2944.566,72.9,1.3719,"[2.090, 2.760, 2.382, 2.308, 3.193, 2.565]","[3.953, 4.354, 4.122, 4.092, 4.878, 4.450]","[-5.280, 0.395, -1.436, -4.640, 0.945, -2.564]"
1458,3,8.9018,19.5903,0.132,505,1575,99,30,0.054,90,33.54,50000,2059.40,0,0,27.000(33.750%)(0.750m),35.000(30.882%)(1.607m),38.000(33.530%)(1.929m),20.000(17.647%)(0.000m),23.049(28.811%)(0.327m),23.000(57.500%)(1.393m),16.257(40.642%)(0.670m),0.000,2781.823,72.2,1.3797,"[1.875, 2.403, 1.953, 2.049, 2.693, 2.065]","[4.139, 4.189, 3.988, 4.153, 4.508, 4.201]","[-4.894, -2.402, -4.229, -4.319, -3.474, -4.097]"
1459,3,22.9346,19.6948,0.124,646,2021,4,76,0.054,100,33.58,50000,2605.15,1,1,25.000(31.250%)(0.536m),39.000(34.412%)(2.036m),55.000(48.530%)(3.750m),34.000(30.000%)(1.500m),24.081(30.101%)(0.437m),21.000(52.500%)(1.179m),17.004(42.509%)(0.750m),213.793,3001.701,72.4,1.4179,"[2.195, 2.999, 2.636, 2.387, 3.399, 2.803]","[3.896, 4.433, 4.142, 3.997, 4.918, 4.342]","[-5.469, -1.024, -0.948, -4.954, 0.883, -2.028]"
1460,3,1.1142,19.1743,0.134,178,531,13,11,0.054,55,33.56,50000,736.54,0,0,29.000(36.250%)(0.964m),44.000(38.824%)(2.571m),65.000(57.353%)(4.821m),24.904(21.974%)(0.525m),12.407(15.509%)(0.000m),29.000(72.500%)(2.036m),9.930(24.824%)(0.000m),417.289,3729.230,69.1,1.4245,"[1.116, 2.410, 2.539, 1.259, 2.734, 2.604]","[3.992, 4.397, 4.033, 3.955, 4.682, 4.155]","[-5.763, -6.263, -7.276, -5.575, -5.911, -6.779]"
1461,3,23.8506,19.1341,0.138,622,1968,180,41,0.054,100,33.61,50000,2564.85,1,1,27.000(33.750%)(0.750m),44.000(38.824%)(2.571m),65.000(57.353%)(4.821m),38.000(33.530%)(1.929m),23.049(28.811%)(0.327m),23.000(57.500%)(1.393m),16.257(40.642%)(0.670m),309.584,2789.419,73.2,1.4154,"[2.120, 2.941, 2.606, 2.272, 3.352, 2.791]","[4.047, 4.316, 4.069, 4.044, 4.704, 4.254]","[-5.265, 1.029, -0.367, -4.674, 1.733, -1.227]"
1462,3,22.6827,19.1393,0.147,626,1980,229,38,0.054,100,33.65,50000,2531.95,2,1,27.000(33.750%)(0.750m),42.000(37.059%)(2.357m),52.000(45.882%)(3.429m),32.285(28.487%)(1.316m),14.874(18.592%)(0.000m),23.000(57.500%)(1.393m),10.409(26.023%)(0.044m),219.001,2725.570,73.2,1.4265,"[1.872, 2.709, 2.552, 1.988, 3.096, 2.660]","[4.117, 4.501, 4.076, 4.588, 4.767, 4.323]","[-5.254, -5.081, -1.314, -5.271, -4.876, -2.039]"
1463,3,20.8048,19.1111,0.135,627,1979,151,123,0.054,100,33.70,50000,2563.71,3,1,22.000(27.500%)(0.214m),35.000(30.882%)(1.607m),52.000(45.882%)(3.429m),36.000(31.765%)(1.714m),22.755(28.444%)(0.295m),19.000(47.500%)(0.964m),16.065(40.162%)(0.650m),167.295,2694.480,73.1,1.4002,"[2.052, 2.717, 2.437, 2.223, 3.116, 2.605]","[3.984, 4.240, 4.211, 4.031, 4.512, 4.657]","[-4.735, -0.180, -1.265, -4.288, 0.971, -2.167]"
1464,3,19.9886,19.0912,0.149,642,2013,108,84,0.053,100,33.74,50000,2520.63,4,1,28.000(35.000%)(0.857m),45.000(39.706%)(2.679m),67.000(59.118%)(5.036m),47.377(41.803%)(2.933m),22.519(28.149%)(0.270m),20.000(50.000%)(1.071m),15.893(39.733%)(0.631m),433.468,3046.777,72.6,1.3055,"[2.356, 2.845, 2.362, 2.514, 3.210, 2.548]","[4.040, 4.370, 4.569, 3.898, 4.946, 4.765]","[-4.936, 1.178, -1.869, -4.812, 1.713, -3.064]"
1465,3,-0.2732,18.7639,0.131,171,504,14,10,0.053,55,33.72,50000,702.90,0,0,29.000(36.250%)(0.964m),44.000(38.824%)(2.571m),65.000(57.353%)(4.821m),26.821(23.665%)(0.731m),12.773(15.967%)(0.000m),40.000(100.000%)(3.214m),9.839(24.597%)(0.000m),417.289,3901.167,68.2,1.3646,"[1.382, 1.706, 1.897, 1.455, 2.047, 1.959]","[4.070, 4.275, 3.661, 3.959, 4.509, 3.857]","[-5.353, -5.973, -5.044, -5.689, -5.333, -4.892]"
1466,3,24.3824,18.7779,0.145,672,2078,44,68,0.053,100,33.77,50000,2797.03,1,1,26.000(32.500%)(0.643m),41.000(36.177%)(2.250m),58.000(51.177%)(4.071m),43.170(38.092%)(2.483m),20.583(25.728%)(0.062m),19.000(47.500%)(0.964m),14.482(36.205%)(0.480m),314.949,3026.129,71.6,1.4352,"[2.025, 2.865, 2.465, 2.232, 3.272, 2.652]","[3.711, 4.332, 4.199, 4.127, 4.883, 4.509]","[-5.316, -1.154, -1.456, -4.704, -0.156, -2.362]"
1467,3,24.9151,18.7887,0.142,639,2004,19,70,0.053,100,33.81,50000,2501.31,2,1,27.000(33.750%)(0.750m),42.000(37.059%)(2.357m),66.000(58.235%)(4.929m),33.000(29.118%)(1.393m),21.315(26.644%)(0.141m),22.000(55.000%)(1.286m),15.013(37.533%)(0.537m),123.142,2849.275,72.6,1.3167,"[2.189, 2.994, 2.515, 2.369, 3.403, 2.741]","[3.711, 4.679, 4.278, 4.203, 5.189, 4.698]","[-5.673, -1.627, -1.629, -4.978, 0.129, -2.261]"
1468,3,22.5748,18.8742,0.146,648,2024,92,67,0.053,100,33.86,50000,2709.97,3,1,24.000(30.000%)(0.429m),36.000(31.765%)(1.714m),47.000(41.471%)(2.893m),36.000(31.765%)(1.714m),19.393(24.241%)(0.000m),22.000(55.000%)(1.286m),13.636(34.089%)(0.390m),184.269,2714.995,72.3,1.4798,"[1.879, 2.770, 2.413, 2.014, 3.171, 2.584]","[3.993, 4.435, 4.252, 4.290, 5.059, 4.669]","[-4.572, -0.197, -1.589, -4.478, -0.746, -2.197]"
1469,3,1.2268,18.4608,0.143,322,993,140,23,0.053,75,33.83,50000,1295.99,0,0,29.000(36.250%)(0.964m),44.000(38.824%)(2.571m),26.000(22.941%)(0.643m),20.000(17.647%)(0.000m),18.885(23.606%)(0.000m),27.000(67.500%)(1.821m),13.265(33.164%)(0.350m),0.000,2800.824,71.4,1.3566,"[0.868, 1.914, 2.156, 0.951, 2.178, 2.186]","[3.649, 4.128, 4.027, 3.773, 4.502, 4.187]","[-6.716, -8.387, -4.808, -7.300, -8.026, -6.142]"
1470,3,16.8299,18.5665,0.144,627,1983,189,105,0.053,100,33.88,50000,2577.92,1,1,21.000(26.250%)(0.107m),42.000(37.059%)(2.357m),50.000(44.118%)(3.214m),31.887(28.135%)(1.274m),14.655(18.319%)(0.000m),15.000(37.500%)(0.536m),10.253(25.633%)(0.027m),173.430,2737.019,73.2,1.4392,"[1.672, 2.401, 2.128, 1.809, 2.765, 2.360]","[3.741, 4.142, 4.239, 3.872, 4.476, 4.628]","[-5.377, -4.403, -5.851, -5.526, -4.475, -4.501]"
1471,3,16.6361,18.3703,0.141,674,2084,64,106,0.053,100,33.92,50000,2800.44,2,1,23.000(28.750%)(0.321m),31.000(27.353%)(1.179m),43.000(37.941%)(2.464m),32.344(28.539%)(1.323m),14.904(18.630%)(0.000m),25.000(62.500%)(1.607m),10.431(26.077%)(0.046m),188.861,3435.600,71.6,1.3700,"[1.708, 2.464, 2.186, 1.876, 2.807, 2.379]","[3.966, 4.369, 3.940, 4.094, 4.711, 4.064]","[-5.333, -4.570, -4.165, -5.409, -5.182, -4.387]"
1472,3,22.1884,18.2854,0.154,624,1973,177,118,0.053,100,33.97,50000,2566.98,3,1,25.000(31.250%)(0.536m),44.000(38.824%)(2.571m),58.000(51.177%)(4.071m),38.000(33.530%)(1.929m),22.775(28.469%)(0.297m),20.000(50.000%)(1.071m),16.079(40.198%)(0.651m),202.461,2734.759,73.2,1.4287,"[2.230, 2.717, 2.518, 2.363, 3.092, 2.636]","[3.876, 4.156, 4.351, 3.917, 4.486, 4.460]","[-3.819, 0.192, -1.516, -4.085, 0.684, -2.424]"
1473,3,26.3592,18.3297,0.141,624,1973,4,91,0.052,100,34.01,50000,2514.42,4,1,25.000(31.250%)(0.536m),39.000(34.412%)(2.036m),56.000(49.412%)(3.857m),36.000(31.765%)(1.714m),23.253(29.066%)(0.349m),20.000(50.000%)(1.071m),16.407(41.016%)(0.686m),219.558,2686.833,73.2,1.3796,"[2.007, 2.850, 2.455, 2.186, 3.245, 2.619]","[3.891, 4.232, 4.307, 3.968, 4.521, 4.634]","[-4.969, -0.602, -1.563, -4.631, -0.286, -2.333]"
1474,3,21.9418,18.3394,0.144,626,1978,143,37,0.052,100,34.06,50000,2475.03,5,1,27.000(33.750%)(0.750m),42.000(37.059%)(2.357m),60.000(52.941%)(4.286m),47.000(41.471%)(2.893m),22.751(28.439%)(0.295m),23.000(57.500%)(1.393m),16.061(40.154%)(0.649m),347.113,2836.366,73.1,1.3547,"[2.057, 2.679, 2.380, 2.239, 3.106, 2.531]","[3.666, 4.207, 4.035, 3.903, 4.738, 4.277]","[-5.227, 0.264, -1.484, -4.681, 0.781, -2.467]"
1475,3,23.5723,18.3365,0.143,630,1986,168,30,0.052,100,34.10,50000,2512.37,6,1,25.000(31.250%)(0.536m),38.000(33.530%)(1.929m),58.000(51.177%)(4.071m),48.125(42.463%)(3.013m),22.894(28.618%)(0.310m),23.000(57.500%)(1.393m),16.145(40.362%)(0.658m),239.413,2830.632,73.0,1.3768,"[2.029, 2.851, 2.596, 2.159, 3.208, 2.732]","[4.293, 4.249, 4.540, 4.395, 4.632, 4.890]","[-5.280, 1.101, -0.333, -4.812, 1.050, -0.967]"
1476,3,22.9617,18.3392,0.145,623,1972,184,58,0.052,100,34.15,50000,2511.07,7,1,25.000(31.250%)(0.536m),42.000(37.059%)(2.357m),59.000(52.059%)(4.179m),41.000(36.177%)(2.250m),22.986(28.732%)(0.320m),22.000(55.000%)(1.286m),16.211(40.528%)(0.665m),284.672,2756.282,73.2,1.3885,"[2.284, 2.922, 2.662, 2.459, 3.351, 2.846]","[4.503, 4.326, 4.407, 4.676, 4.677, 4.712]","[-4.867, 0.780, -1.033, -4.368, 1.486, -1.821]"
1477,3,27.9055,18.4133,0.142,632,1991,0,44,0.052,100,34.19,50000,2588.96,8,1,27.000(33.750%)(0.750m),41.000(36.177%)(2.250m),65.000(57.353%)(4.821m),38.000(33.530%)(1.929m),23.679(29.598%)(0.394m),23.000(57.500%)(1.393m),16.740(41.849%)(0.722m),253.512,2822.326,72.9,1.3924,"[1.954, 3.117, 2.613, 2.193, 3.527, 2.760]","[4.092, 4.399, 4.164, 4.144, 5.001, 4.379]","[-5.436, -0.795, -2.202, -4.867, -0.361, -2.607]"
1478,3,26.4915,18.4619,0.140,638,2003,0,92,0.052,100,34.24,50000,2708.89,9,1,26.000(32.500%)(0.643m),39.000(34.412%)(2.036m),63.000(55.588%)(4.607m),47.000(41.471%)(2.893m),23.364(29.205%)(0.360m),20.000(50.000%)(1.071m),16.507(41.266%)(0.697m),276.591,2928.819,72.7,1.5216,"[2.097, 2.932, 2.505, 2.327, 3.312, 2.683]","[3.817, 4.305, 4.333, 4.108, 4.590, 4.562]","[-5.497, 0.388, -1.116, -4.889, 0.760, -1.823]"
1479,3,24.8942,18.8750,0.146,651,2032,104,66,0.052,100,34.28,50000,2654.97,10,1,26.000(32.500%)(0.643m),40.000(35.294%)(2.143m),55.000(48.530%)(3.750m),38.000(33.530%)(1.929m),18.885(23.606%)(0.000m),22.000(55.000%)(1.286m),13.265(33.164%)(0.350m),212.083,3080.525,72.2,1.3971,"[1.713, 2.734, 2.484, 1.889, 3.135, 2.636]","[3.565, 4.125, 4.214, 3.760, 4.565, 4.485]","[-5.703, -1.086, -0.684, -5.169, -0.835, -1.278]"
1480,3,24.0085,19.3118,0.125,645,2018,30,82,0.052,100,34.32,50000,2661.92,11,1,22.000(27.500%)(0.214m),30.000(26.471%)(1.071m),44.000(38.824%)(2.571m),40.000(35.294%)(2.143m),22.000(27.500%)(0.214m),24.000(60.000%)(1.500m),15.567(38.918%)(0.596m),61.400,2952.592,72.4,1.4184,"[1.657, 2.683, 2.156, 1.882, 3.056, 2.333]","[3.902, 4.483, 4.327, 4.043, 5.061, 4.396]","[-5.176, -4.312, -5.780, -5.045, -3.907, -6.136]"
1481,3,23.5509,19.7108,0.129,622,1968,139,20,0.052,100,34.37,50000,2520.01,12,1,29.000(36.250%)(0.964m),44.000(38.824%)(2.571m),65.000(57.353%)(4.821m),48.365(42.675%)(3.039m),23.015(28.769%)(0.323m),23.000(57.500%)(1.393m),16.232(40.580%)(0.668m),417.289,2921.579,73.2,1.3652,"[2.026, 2.943, 2.649, 2.236, 3.319, 2.814]","[4.061, 4.263, 4.323, 4.169, 4.556, 4.559]","[-5.112, 1.560, -0.248, -4.615, 2.026, -0.938]"
1482,3,-2.3213,19.2464,0.146,400,1170,112,69,0.052,80,34.35,50000,1597.50,0,0,17.709(22.136%)(0.000m),24.494(21.612%)(0.481m),14.605(12.887%)(0.000m),10.936(9.649%)(0.000m),8.673(10.841%)(0.000m),12.452(31.130%)(0.263m),14.605(36.514%)(0.493m),315.147,3481.352,67.7,1.4376,"[1.802, 1.691, 1.113, 1.499, 1.948, 1.038]","[3.740, 4.312, 4.003, 3.781, 4.595, 4.129]","[-3.902, -5.616, -8.813, -4.593, -6.086, -9.842]"
1483,3,27.5562,19.3172,0.142,633,1992,6,54,0.051,100,34.39,50000,2601.54,1,1,23.000(28.750%)(0.321m),37.000(32.647%)(1.821m),53.000(46.765%)(3.536m),43.000(37.941%)(2.464m),24.377(30.471%)(0.469m),21.000(52.500%)(1.179m),17.241(43.104%)(0.776m),224.724,2936.080,72.8,1.4052,"[2.202, 3.004, 2.417, 2.418, 3.405, 2.610]","[3.864, 4.637, 4.587, 3.939, 5.147, 4.876]","[-5.524, -0.415, -1.745, -5.193, -0.510, -2.550]"
1484,3,23.6176,19.3282,0.152,642,2011,1,134,0.051,100,34.43,50000,2551.01,2,1,23.000(28.750%)(0.321m),41.000(36.177%)(2.250m),59.000(52.059%)(4.179m),37.000(32.647%)(1.821m),23.975(29.969%)(0.426m),18.000(45.000%)(0.857m),16.950(42.375%)(0.745m),260.267,2806.667,72.5,1.3236,"[2.546, 3.074, 2.557, 2.742, 3.477, 2.745]","[4.197, 4.655, 4.165, 4.156, 5.168, 4.448]","[-4.020, -1.226, -2.498, -3.942, -0.735, -2.915]"
1485,3,19.2703,19.2717,0.147,650,2030,98,109,0.051,100,34.48,50000,2577.41,3,1,24.000(30.000%)(0.429m),31.000(27.353%)(1.179m),39.000(34.412%)(2.036m),41.672(36.770%)(2.322m),19.636(24.545%)(0.000m),20.000(50.000%)(1.071m),13.804(34.509%)(0.408m),178.322,2722.222,72.3,1.3254,"[2.036, 2.629, 2.209, 2.150, 2.961, 2.356]","[4.080, 4.380, 4.517, 4.159, 4.980, 4.630]","[-4.877, -2.560, -4.659, -4.461, -2.801, -4.972]"
1486,3,17.6761,19.1839,0.157,634,1997,193,119,0.051,100,34.52,50000,2532.63,4,1,24.000(30.000%)(0.429m),40.000(35.294%)(2.143m),54.000(47.647%)(3.643m),39.296(34.673%)(2.067m),18.481(23.101%)(0.000m),18.000(45.000%)(0.857m),12.982(32.454%)(0.319m),204.497,2770.893,72.9,1.3832,"[1.856, 2.661, 2.268, 2.048, 3.018, 2.450]","[3.823, 4.356, 4.449, 4.133, 4.705, 4.766]","[-5.664, -2.142, -2.967, -4.923, -2.190, -3.461]"
1487,3,23.6432,19.2534,0.148,637,2002,128,76,0.051,100,34.57,50000,2551.12,5,1,26.000(32.500%)(0.643m),41.000(36.177%)(2.250m),60.000(52.941%)(4.286m),34.733(30.647%)(1.579m),16.356(20.444%)(0.000m),20.000(50.000%)(1.071m),11.480(28.701%)(0.159m),161.581,2864.287,72.7,1.3603,"[1.749, 2.769, 2.592, 1.957, 3.176, 2.804]","[3.851, 4.589, 4.362, 4.137, 4.919, 4.701]","[-4.874, -5.725, -1.159, -4.832, -5.240, -2.155]"
1488,3,14.9998,19.0856,0.138,632,1994,176,95,0.051,100,34.61,50000,2594.26,6,1,21.000(26.250%)(0.107m),44.000(38.824%)(2.571m),50.000(44.118%)(3.214m),31.949(28.191%)(1.280m),14.687(18.359%)(0.000m),15.000(37.500%)(0.536m),10.276(25.690%)(0.030m),179.116,2944.432,73.0,1.3991,"[1.830, 2.425, 2.049, 2.057, 2.784, 2.292]","[3.706, 4.509, 4.562, 4.106, 4.908, 4.844]","[-5.254, -4.646, -5.856, -5.376, -4.612, -4.470]"
1489,3,21.6003,19.4856,0.131,625,1976,156,76,0.051,100,34.65,50000,2578.32,7,1,25.000(31.250%)(0.536m),44.000(38.824%)(2.571m),65.000(57.353%)(4.821m),47.954(42.313%)(2.995m),22.809(28.511%)(0.301m),22.000(55.000%)(1.286m),16.104(40.259%)(0.654m),417.289,2955.182,73.2,1.3700,"[2.206, 2.788, 2.500, 2.376, 3.171, 2.667]","[3.964, 4.207, 4.730, 4.103, 4.561, 5.070]","[-4.875, 1.266, -1.779, -4.974, 1.764, -2.925]"
1490,3,26.1463,19.6401,0.143,633,1992,40,69,0.051,100,34.70,50000,2595.65,8,1,19.000(23.750%)(0.000m),33.000(29.118%)(1.393m),45.000(39.706%)(2.679m),42.459(37.464%)(2.406m),20.034(25.043%)(0.004m),21.000(52.500%)(1.179m),14.089(35.223%)(0.438m),106.653,2712.061,72.8,1.3756,"[1.877, 2.914, 2.398, 2.111, 3.316, 2.582]","[3.801, 4.396, 4.458, 4.135, 4.902, 4.617]","[-5.651, -0.536, -2.095, -5.098, -0.091, -2.551]"
1491,3,21.4330,19.9197,0.147,623,1972,169,77,0.051,100,34.74,50000,2513.17,9,1,28.000(35.000%)(0.857m),44.000(38.824%)(2.571m),65.000(57.353%)(4.821m),47.000(41.471%)(2.893m),22.983(28.729%)(0.320m),20.000(50.000%)(1.071m),16.209(40.524%)(0.665m),417.289,2838.377,73.2,1.3685,"[1.960, 2.833, 2.448, 2.144, 3.172, 2.666]","[3.741, 4.329, 4.179, 4.081, 4.636, 4.590]","[-5.158, 1.295, -2.079, -4.493, 1.598, -3.060]"
1492,3,0.4387,19.4334,0.162,146,428,14,14,0.051,50,34.72,50000,587.00,0,0,22.000(27.500%)(0.214m),31.000(27.353%)(1.179m),45.000(39.706%)(2.679m),74.716(65.926%)(5.862m),41.220(51.525%)(2.274m),40.000(100.000%)(3.214m),36.461(91.152%)(2.835m),53.533,3197.163,67.8,1.2851,"[2.430, 2.259, 1.931, 2.506, 2.522, 1.868]","[3.838, 4.196, 3.777, 3.920, 4.546, 3.855]","[-1.131, -1.104, -2.977, -1.334, -0.965, -4.194]"
1493,3,17.5836,19.3078,0.155,649,2027,84,109,0.050,100,34.76,50000,2558.99,1,1,22.000(27.500%)(0.214m),40.000(35.294%)(2.143m),57.000(50.294%)(3.964m),31.270(27.591%)(1.207m),14.360(17.950%)(0.000m),18.000(45.000%)(0.857m),10.049(25.122%)(0.005m),255.115,3118.535,72.3,1.3853,"[1.996, 2.630, 2.327, 2.194, 3.042, 2.526]","[3.871, 4.105, 4.551, 3.928, 4.698, 4.752]","[-5.018, -4.613, -3.534, -4.942, -4.574, -3.496]"
1494,3,10.7694,19.0021,0.148,547,1726,90,108,0.050,95,34.74,50000,2166.12,0,0,24.000(30.000%)(0.429m),44.000(38.824%)(2.571m),59.000(52.059%)(4.179m),24.263(21.409%)(0.457m),12.259(15.324%)(0.000m),20.000(50.000%)(1.071m),9.936(24.841%)(0.000m),284.672,2781.048,73.0,1.3474,"[2.089, 2.608, 2.301, 2.246, 3.022, 2.494]","[3.736, 4.290, 4.781, 3.851, 4.548, 5.115]","[-5.131, -6.434, -6.234, -5.062, -6.297, -6.059]"
1495,3,22.8949,19.0066,0.157,622,1968,170,65,0.050,100,34.78,50000,2578.11,1,1,28.000(35.000%)(0.857m),42.000(37.059%)(2.357m),65.000(57.353%)(4.821m),47.679(42.070%)(2.966m),23.049(28.811%)(0.327m),24.000(60.000%)(1.500m),16.257(40.642%)(0.670m),329.509,2898.484,73.2,1.4705,"[2.049, 2.924, 2.542, 2.267, 3.326, 2.753]","[3.616, 4.159, 4.424, 3.652, 4.616, 4.564]","[-5.007, 0.014, -1.498, -4.491, 0.464, -2.056]"
1496,3,18.1108,18.8712,0.140,628,1984,224,84,0.050,100,34.83,50000,2596.68,2,1,16.000(20.000%)(0.000m),34.000(30.000%)(1.500m),60.000(52.941%)(4.286m),45.000(39.706%)(2.679m),22.604(28.256%)(0.279m),11.000(27.500%)(0.107m),15.955(39.888%)(0.638m),402.170,2937.819,73.1,1.3846,"[1.894, 2.355, 1.972, 2.047, 2.747, 2.210]","[3.572, 3.961, 4.152, 3.742, 4.440, 4.451]","[-5.110, -4.291, -6.687, -4.704, -4.222, -5.879]"
1497,3,20.8759,18.8788,0.147,639,2008,98,124,0.050,100,34.87,50000,2656.60,3,1,16.000(20.000%)(0.000m),38.000(33.530%)(1.929m),56.000(49.412%)(3.857m),37.000(32.647%)(1.821m),23.185(28.982%)(0.341m),11.000(27.500%)(0.107m),16.356(40.889%)(0.681m),180.808,2705.379,72.7,1.3902,"[1.688, 2.632, 2.149, 1.880, 3.034, 2.349]","[3.644, 4.708, 4.558, 3.897, 5.114, 4.972]","[-5.071, -4.383, -8.320, -4.856, -4.295, -6.361]"
1498,3,3.2092,18.7845,0.146,322,993,37,44,0.050,75,34.85,50000,1285.18,0,0,25.000(31.250%)(0.536m),44.000(38.824%)(2.571m),65.000(57.353%)(4.821m),28.000(24.706%)(0.857m),22.986(28.732%)(0.320m),22.000(55.000%)(1.286m),16.211(40.528%)(0.665m),17.064,2803.274,71.4,1.3197,"[1.869, 2.383, 2.383, 1.946, 2.871, 2.553]","[3.584, 4.049, 4.383, 3.858, 4.459, 4.699]","[-5.674, -5.470, -1.957, -6.198, -3.702, -1.912]"
1499,3,21.1382,18.7784,0.151,626,1978,203,73,0.050,100,34.89,50000,2610.56,1,1,28.000(35.000%)(0.857m),44.000(38.824%)(2.571m),60.000(52.941%)(4.286m),40.316(35.573%)(2.177m),18.997(23.746%)(0.000m),20.000(50.000%)(1.071m),13.352(33.380%)(0.359m),281.506,2786.724,73.1,1.4541,"[1.887, 2.877, 2.478, 2.049, 3.271, 2.710]","[3.765, 4.120, 4.400, 4.042, 4.561, 4.640]","[-5.050, 0.801, -2.332, -4.767, 1.263, -3.392]"
1500,3,0.4387,18.3563,0.145,146,428,14,14,0.050,50,34.87,50000,568.72,0,0,22.000(27.500%)(0.214m),31.000(27.353%)(1.179m),45.000(39.706%)(2.679m),74.716(65.926%)(5.862m),41.220(51.525%)(2.274m),40.000(100.000%)(3.214m),36.461(91.152%)(2.835m),53.533,3197.163,67.8,1.3909,"[2.571, 2.482, 2.068, 2.654, 2.677, 2.012]","[3.760, 4.231, 3.913, 3.830, 4.579, 3.989]","[-0.957, -0.990, -2.914, -1.007, -0.922, -4.273]"
