episode,stage,reward,avg_reward,MSE,timeframe,steps,close distance,near_miss,epsilon,progress_pct,success_rate,Buffer,time_ms,streak,reached_finish,min_R2,min_R1,min_F,min_L1,min_L2,min_SR,min_SL,min_ttc,avg_ttc,avg_speed,avg_inference_time,Q_avg,Q_max,Q_min
1,1,-6.0568,-6.0568,0.000,85,208,17,0,1.000,30,0.00,9,405.46,0,0,78.639(98.299%)(6.283m),95.703(84.444%)(8.111m),24.388(21.519%)(0.470m),14.542(12.831%)(0.000m),9.631(12.039%)(0.000m),40.000(100.000%)(3.214m),10.889(27.221%)(0.095m),6775.218,15660.007,56.6,0.0000,"[-0.043, 0.061, -0.127, -0.107, 0.046, 0.030]","[-0.036, 0.076, -0.124, -0.101, 0.067, 0.042]","[-0.050, 0.053, -0.131, -0.113, 0.042, 0.028]"
2,1,-3.0557,-4.5562,0.000,226,600,52,27,0.998,55,0.00,32,653.21,0,0,25.000(31.250%)(0.536m),20.000(17.647%)(0.000m),21.000(18.529%)(0.107m),74.000(65.294%)(5.786m),59.621(74.527%)(4.245m),40.000(100.000%)(3.214m),40.000(100.000%)(3.214m),0.000,3564.814,61.4,0.0000,"[-0.026, 0.067, -0.117, -0.091, 0.063, 0.044]","[0.031, 0.114, -0.071, -0.048, 0.122, 0.085]","[-0.041, 0.053, -0.131, -0.109, 0.042, 0.029]"
3,1,-5.7046,-4.9390,0.000,122,304,13,0,0.996,40,0.00,45,314.62,0,0,78.639(98.299%)(6.283m),85.227(75.201%)(6.989m),24.859(21.934%)(0.521m),15.156(13.373%)(0.000m),10.186(12.732%)(0.000m),40.000(100.000%)(3.214m),11.804(29.510%)(0.193m),6492.180,11613.990,57.7,0.0000,"[-0.040, 0.061, -0.126, -0.106, 0.046, 0.029]","[-0.036, 0.075, -0.120, -0.101, 0.067, 0.043]","[-0.044, 0.053, -0.131, -0.110, 0.042, 0.023]"
4,1,-5.9155,-5.1831,0.000,66,163,19,0,0.994,25,0.00,52,167.40,0,0,78.639(98.299%)(6.283m),60.679(53.540%)(4.358m),21.613(19.070%)(0.173m),13.717(12.103%)(0.000m),9.478(11.847%)(0.000m),40.000(100.000%)(3.214m),11.547(28.867%)(0.166m),6952.107,13752.389,57.3,0.0000,"[-0.043, 0.063, -0.125, -0.107, 0.048, 0.032]","[-0.026, 0.082, -0.114, -0.095, 0.076, 0.051]","[-0.047, 0.053, -0.131, -0.111, 0.042, 0.029]"
5,1,-6.2125,-5.3890,0.000,231,610,44,33,0.992,55,0.00,76,616.03,0,0,50.043(62.554%)(3.219m),101.920(89.930%)(8.777m),34.000(30.000%)(1.500m),22.000(19.412%)(0.214m),24.000(30.000%)(0.429m),39.545(98.863%)(3.166m),40.000(100.000%)(3.214m),0.000,3109.513,61.1,0.0000,"[-0.036, 0.064, -0.121, -0.102, 0.054, 0.036]","[-0.027, 0.074, -0.112, -0.089, 0.066, 0.046]","[-0.051, 0.053, -0.131, -0.120, 0.042, 0.029]"
6,1,-5.8950,-5.4733,0.000,120,293,20,0,0.990,35,0.00,88,328.03,0,0,10.556(13.195%)(0.000m),17.294(15.260%)(0.000m),33.410(29.480%)(1.437m),108.000(95.294%)(9.429m),77.067(96.334%)(6.114m),10.556(26.391%)(0.060m),40.000(100.000%)(3.214m),5311.521,17348.197,56.5,0.0000,"[-0.020, 0.071, -0.111, -0.091, 0.067, 0.046]","[0.021, 0.100, -0.069, -0.054, 0.123, 0.103]","[-0.041, 0.053, -0.131, -0.107, 0.042, 0.030]"
7,1,-8.0093,-5.8356,0.000,506,1398,26,86,0.988,80,0.00,139,1393.59,0,0,31.000(38.750%)(1.179m),22.000(19.412%)(0.214m),20.000(17.647%)(0.000m),52.987(46.754%)(3.534m),25.344(31.680%)(0.573m),18.000(45.000%)(0.857m),17.928(44.820%)(0.849m),0.000,5652.585,63.9,3.1684,"[-0.025, 0.066, -0.119, -0.095, 0.057, 0.035]","[0.019, 0.106, -0.076, -0.052, 0.119, 0.096]","[-0.041, 0.053, -0.133, -0.107, 0.037, 0.019]"
8,1,-6.8858,-5.9669,0.000,106,254,18,0,0.986,35,0.00,150,271.22,0,0,77.786(97.233%)(6.191m),113.333(100.000%)(10.000m),43.071(38.004%)(2.472m),19.725(17.404%)(0.000m),11.364(14.205%)(0.000m),40.000(100.000%)(3.214m),10.560(26.399%)(0.060m),8642.380,19809.012,55.5,0.0000,"[-0.044, 0.061, -0.129, -0.109, 0.045, 0.028]","[-0.038, 0.072, -0.126, -0.103, 0.061, 0.036]","[-0.049, 0.053, -0.131, -0.113, 0.042, 0.022]"
9,1,-6.1297,-5.9850,0.000,170,408,18,0,0.984,45,0.00,167,510.70,0,0,10.667(13.334%)(0.000m),17.477(15.421%)(0.000m),33.762(29.790%)(1.475m),105.000(92.647%)(9.107m),67.688(84.610%)(5.109m),10.667(26.669%)(0.072m),40.000(100.000%)(3.214m),8451.978,15120.857,55.5,1.7308,"[-0.026, 0.066, -0.117, -0.096, 0.060, 0.041]","[0.021, 0.099, -0.068, -0.053, 0.123, 0.103]","[-0.041, 0.053, -0.131, -0.107, 0.042, 0.029]"
10,1,-6.1423,-6.0007,0.000,101,244,20,0,0.982,35,0.00,178,315.52,0,0,10.359(12.949%)(0.000m),15.759(13.905%)(0.000m),26.739(23.594%)(0.722m),111.494(98.377%)(9.803m),77.067(96.334%)(6.114m),11.568(28.919%)(0.168m),40.000(100.000%)(3.214m),7634.322,14573.336,56.0,1.2561,"[-0.023, 0.070, -0.113, -0.093, 0.065, 0.046]","[0.021, 0.103, -0.068, -0.053, 0.124, 0.105]","[-0.041, 0.053, -0.131, -0.107, 0.042, 0.030]"
11,1,-6.0171,-6.0022,0.000,82,198,17,0,0.980,30,0.00,187,225.36,0,0,9.576(11.969%)(0.000m),14.248(12.572%)(0.000m),23.370(20.621%)(0.361m),80.122(70.696%)(6.442m),77.067(96.334%)(6.114m),11.097(27.742%)(0.118m),40.000(100.000%)(3.214m),8578.631,17534.636,55.8,0.0000,"[-0.017, 0.074, -0.108, -0.089, 0.072, 0.051]","[0.021, 0.103, -0.068, -0.053, 0.124, 0.105]","[-0.041, 0.053, -0.131, -0.107, 0.042, 0.030]"
12,1,-2.1243,-5.6791,0.000,189,509,31,0,0.978,50,0.00,206,527.96,0,0,11.541(14.427%)(0.000m),21.163(18.673%)(0.125m),53.173(46.918%)(3.554m),84.000(74.118%)(6.857m),49.000(61.250%)(3.107m),10.083(25.208%)(0.009m),40.000(100.000%)(3.214m),3306.216,7728.787,62.4,1.4467,"[-0.021, 0.066, -0.114, -0.094, 0.063, 0.040]","[0.031, 0.098, -0.064, -0.056, 0.123, 0.094]","[-0.041, 0.053, -0.131, -0.107, 0.042, 0.030]"
13,1,-7.4849,-5.8180,0.000,292,723,33,0,0.976,60,0.00,236,814.52,0,0,52.000(65.000%)(3.429m),64.000(56.471%)(4.714m),51.087(45.077%)(3.331m),20.991(18.522%)(0.106m),11.581(14.476%)(0.000m),40.000(100.000%)(3.214m),10.244(25.609%)(0.026m),4554.755,15102.021,57.3,1.3338,"[-0.035, 0.063, -0.126, -0.104, 0.048, 0.027]","[-0.023, 0.079, -0.120, -0.098, 0.064, 0.034]","[-0.048, 0.053, -0.131, -0.113, 0.042, 0.020]"
14,1,-5.3579,-5.7851,0.000,108,266,18,0,0.974,35,0.00,247,294.10,0,0,69.102(86.378%)(5.261m),113.333(100.000%)(10.000m),56.771(50.092%)(3.940m),21.835(19.266%)(0.197m),11.767(14.709%)(0.000m),40.000(100.000%)(3.214m),10.154(25.385%)(0.017m),8468.818,13919.607,57.1,0.0000,"[-0.043, 0.061, -0.127, -0.109, 0.046, 0.029]","[-0.038, 0.071, -0.123, -0.103, 0.058, 0.035]","[-0.049, 0.053, -0.131, -0.113, 0.042, 0.023]"
15,1,-9.0407,-6.0021,0.000,388,953,17,0,0.972,65,0.00,286,1038.88,0,0,11.690(14.613%)(0.000m),21.190(18.697%)(0.128m),51.571(45.504%)(3.383m),58.000(51.177%)(4.071m),34.155(42.694%)(1.517m),10.341(25.852%)(0.037m),24.594(61.486%)(1.564m),2804.486,15960.729,56.8,1.4007,"[-0.025, 0.067, -0.117, -0.097, 0.058, 0.036]","[0.024, 0.098, -0.071, -0.058, 0.119, 0.095]","[-0.048, 0.053, -0.132, -0.117, 0.042, 0.015]"
16,1,-5.5741,-5.9754,0.000,109,264,20,0,0.970,35,0.00,297,279.35,0,0,8.895(11.119%)(0.000m),12.622(11.137%)(0.000m),19.360(17.083%)(0.000m),48.644(42.922%)(3.069m),77.067(96.334%)(6.114m),11.256(28.141%)(0.135m),40.000(100.000%)(3.214m),6761.655,14567.696,56.2,0.8659,"[-0.024, 0.069, -0.114, -0.093, 0.063, 0.045]","[0.018, 0.101, -0.072, -0.058, 0.118, 0.099]","[-0.041, 0.053, -0.131, -0.107, 0.042, 0.030]"
17,1,-6.3562,-5.9978,0.000,122,297,19,0,0.968,35,0.00,310,345.08,0,0,78.639(98.299%)(6.283m),83.888(74.019%)(6.845m),24.468(21.590%)(0.479m),14.918(13.163%)(0.000m),10.026(12.532%)(0.000m),40.000(100.000%)(3.214m),11.619(29.047%)(0.173m),5989.730,13245.669,56.4,0.0000,"[-0.041, 0.060, -0.127, -0.105, 0.045, 0.030]","[-0.035, 0.077, -0.123, -0.101, 0.068, 0.044]","[-0.050, 0.053, -0.131, -0.113, 0.042, 0.027]"
18,1,-4.6997,-5.9257,0.000,196,480,21,0,0.967,50,0.00,330,508.82,0,0,11.419(14.274%)(0.000m),20.698(18.263%)(0.075m),50.375(44.448%)(3.254m),95.000(83.824%)(8.036m),67.688(84.610%)(5.109m),10.101(25.252%)(0.011m),40.000(100.000%)(3.214m),7884.371,15448.688,56.6,0.0000,"[-0.021, 0.068, -0.113, -0.093, 0.065, 0.043]","[0.019, 0.094, -0.072, -0.057, 0.119, 0.096]","[-0.041, 0.053, -0.131, -0.107, 0.042, 0.029]"
19,1,-6.1434,-5.9371,0.000,76,184,17,0,0.965,25,0.00,338,211.60,0,0,9.767(12.208%)(0.000m),13.771(12.151%)(0.000m),20.945(18.481%)(0.101m),50.974(44.977%)(3.319m),76.230(95.288%)(6.025m),12.518(31.295%)(0.270m),40.000(100.000%)(3.214m),6537.229,16534.019,56.0,0.0000,"[-0.020, 0.072, -0.111, -0.090, 0.069, 0.049]","[0.014, 0.100, -0.077, -0.061, 0.114, 0.095]","[-0.041, 0.053, -0.131, -0.107, 0.042, 0.030]"
20,1,-6.6470,-5.9726,0.000,92,222,20,0,0.963,30,0.00,348,269.45,0,0,9.883(12.354%)(0.000m),15.149(13.367%)(0.000m),26.020(22.959%)(0.645m),113.333(100.000%)(10.000m),77.067(96.334%)(6.114m),10.901(27.252%)(0.097m),40.000(100.000%)(3.214m),8578.631,17317.558,55.7,1.8412,"[-0.019, 0.072, -0.110, -0.090, 0.069, 0.048]","[0.022, 0.103, -0.067, -0.052, 0.125, 0.106]","[-0.041, 0.053, -0.131, -0.107, 0.042, 0.030]"
21,1,-2.0088,-5.7839,0.000,296,739,17,0,0.961,60,0.00,378,823.19,0,0,10.553(13.191%)(0.000m),17.289(15.255%)(0.000m),33.399(29.470%)(1.436m),56.000(49.412%)(3.857m),50.000(62.500%)(3.214m),10.553(26.382%)(0.059m),40.000(100.000%)(3.214m),1934.838,6693.889,57.7,1.1620,"[-0.031, 0.063, -0.121, -0.099, 0.055, 0.038]","[0.028, 0.099, -0.063, -0.049, 0.129, 0.105]","[-0.043, 0.053, -0.131, -0.114, 0.042, 0.029]"
22,1,-8.6702,-5.9151,0.000,344,837,18,0,0.959,60,0.00,413,985.62,0,0,41.839(52.299%)(2.340m),54.000(47.647%)(3.643m),34.591(30.521%)(1.563m),17.905(15.799%)(0.000m),10.929(13.662%)(0.000m),30.335(75.836%)(2.179m),10.929(27.323%)(0.100m),3235.673,13149.037,56.3,1.3136,"[-0.031, 0.064, -0.121, -0.100, 0.054, 0.035]","[-0.021, 0.076, -0.112, -0.095, 0.065, 0.043]","[-0.042, 0.053, -0.131, -0.109, 0.042, 0.023]"
23,1,-6.6700,-5.9479,0.000,378,930,53,41,0.957,65,0.00,451,1019.65,0,0,65.974(82.468%)(4.926m),21.000(18.529%)(0.107m),20.000(17.647%)(0.000m),20.000(17.647%)(0.000m),35.130(43.912%)(1.621m),40.000(100.000%)(3.214m),25.334(63.335%)(1.643m),0.000,11047.761,57.0,1.6103,"[-0.025, 0.067, -0.120, -0.096, 0.060, 0.039]","[0.006, 0.092, -0.097, -0.062, 0.103, 0.076]","[-0.041, 0.053, -0.131, -0.108, 0.042, 0.023]"
24,1,-6.2788,-5.9617,0.000,109,260,21,0,0.955,35,0.00,462,328.60,0,0,69.102(86.378%)(5.261m),85.465(75.411%)(7.014m),23.390(20.639%)(0.363m),14.106(12.447%)(0.000m),9.412(11.765%)(0.000m),40.000(100.000%)(3.214m),10.772(26.931%)(0.083m),7978.052,16040.265,55.2,0.0000,"[-0.042, 0.059, -0.127, -0.106, 0.046, 0.032]","[-0.033, 0.079, -0.122, -0.098, 0.071, 0.046]","[-0.051, 0.053, -0.131, -0.113, 0.042, 0.029]"
25,1,-5.5358,-5.9446,0.000,66,171,16,0,0.953,25,0.00,469,192.11,0,0,78.639(98.299%)(6.283m),37.778(33.334%)(1.905m),18.102(15.972%)(0.000m),12.461(10.995%)(0.000m),9.166(11.457%)(0.000m),40.000(100.000%)(3.214m),12.700(31.751%)(0.289m),4311.045,9759.198,59.9,0.0000,"[-0.039, 0.064, -0.122, -0.104, 0.050, 0.033]","[-0.013, 0.089, -0.101, -0.087, 0.090, 0.062]","[-0.046, 0.053, -0.131, -0.108, 0.042, 0.028]"
26,1,-10.8441,-6.1331,0.000,416,1012,125,39,0.951,70,0.00,511,1147.65,0,0,51.334(64.168%)(3.357m),20.000(17.647%)(0.000m),20.000(17.647%)(0.000m),21.000(18.529%)(0.107m),46.412(58.015%)(2.830m),37.408(93.521%)(2.937m),33.923(84.807%)(2.563m),0.000,6581.520,56.3,1.2537,"[-0.038, 0.062, -0.124, -0.104, 0.053, 0.037]","[-0.006, 0.088, -0.101, -0.079, 0.102, 0.070]","[-0.051, 0.053, -0.131, -0.115, 0.041, 0.024]"
27,1,-5.3584,-6.1044,1.276,97,241,21,0,0.949,30,0.00,521,544.75,0,0,69.061(86.327%)(5.257m),113.333(100.000%)(10.000m),43.436(38.326%)(2.511m),19.408(17.125%)(0.000m),11.065(13.831%)(0.000m),40.000(100.000%)(3.214m),10.156(25.391%)(0.017m),5028.812,12808.697,57.5,0.0000,"[-0.241, -0.246, -0.370, -0.162, -0.031, -0.044]","[-0.038, 0.057, -0.127, -0.104, 0.045, 0.031]","[-0.378, -0.437, -0.499, -0.190, -0.061, -0.079]"
28,1,-5.0630,-6.0672,1.198,116,293,26,0,0.947,35,0.00,533,457.71,0,0,11.284(14.106%)(0.000m),19.587(17.283%)(0.000m),42.769(37.738%)(2.440m),106.000(93.530%)(9.214m),67.688(84.610%)(5.109m),10.486(26.214%)(0.052m),40.000(100.000%)(3.214m),3246.030,10849.768,58.5,1.1495,"[-0.422, -0.582, -0.480, 0.002, 0.105, -0.065]","[-0.355, -0.524, -0.432, 0.064, 0.181, -0.001]","[-0.584, -0.681, -0.577, -0.116, -0.019, -0.227]"
29,1,-6.4923,-6.0819,1.174,85,204,19,0,0.945,30,0.00,542,339.11,0,0,77.786(97.233%)(6.191m),67.941(59.949%)(5.137m),23.174(20.447%)(0.340m),14.568(12.854%)(0.000m),9.998(12.497%)(0.000m),40.000(100.000%)(3.214m),12.028(30.071%)(0.217m),8294.270,17631.855,55.6,0.0000,"[-0.458, -0.480, -0.346, -0.118, 0.200, -0.085]","[-0.291, -0.300, -0.216, 0.088, 0.331, 0.030]","[-0.945, -1.006, -0.720, -0.684, -0.194, -0.440]"
30,1,-8.8097,-6.1728,0.474,458,1145,16,85,0.944,70,0.00,588,1722.59,0,0,10.306(12.882%)(0.000m),16.884(14.898%)(0.000m),32.618(28.780%)(1.352m),34.000(30.000%)(1.500m),18.000(22.500%)(0.000m),10.306(25.765%)(0.033m),17.000(42.500%)(0.750m),4030.004,10035.130,57.8,1.0272,"[-0.479, -0.529, -0.659, -0.262, -0.109, -0.345]","[0.552, 0.681, 0.510, 0.856, 0.938, 0.721]","[-4.903, -5.838, -6.589, -4.672, -5.448, -5.978]"
31,1,-7.7907,-6.2250,0.202,347,874,49,28,0.942,65,0.00,623,1293.19,0,0,10.266(12.832%)(0.000m),15.500(13.676%)(0.000m),25.993(22.935%)(0.642m),26.000(22.941%)(0.643m),24.000(30.000%)(0.429m),11.605(29.014%)(0.172m),33.059(82.647%)(2.471m),148.002,6798.613,58.3,0.0000,"[-0.087, -0.216, -0.300, 0.010, 0.136, -0.182]","[1.281, 1.376, 1.332, 1.572, 1.706, 1.551]","[-4.931, -6.118, -6.451, -5.154, -6.315, -7.176]"
32,1,-8.0486,-6.2820,0.202,264,650,19,0,0.940,55,0.00,650,1044.74,0,0,48.572(60.715%)(3.061m),75.000(66.177%)(5.893m),33.019(29.134%)(1.395m),17.092(15.081%)(0.000m),10.433(13.041%)(0.000m),35.341(88.353%)(2.715m),10.433(26.082%)(0.046m),2519.290,8844.314,57.0,1.3064,"[0.181, 0.142, 0.057, 0.378, 0.614, 0.215]","[1.431, 1.580, 1.575, 1.812, 1.988, 1.894]","[-5.585, -5.663, -4.419, -5.945, -4.902, -4.472]"
33,1,-5.9584,-6.2722,0.230,136,334,44,0,0.938,40,0.00,664,514.59,0,0,13.087(16.359%)(0.000m),28.883(25.485%)(0.952m),88.459(78.052%)(7.335m),113.333(100.000%)(10.000m),77.067(96.334%)(6.114m),9.696(24.241%)(0.000m),40.000(100.000%)(3.214m),5311.521,19408.623,56.8,1.5586,"[-0.506, -1.305, -2.064, -0.318, -0.941, -2.273]","[1.832, 2.021, 1.874, 2.179, 2.407, 2.184]","[-2.675, -3.750, -4.473, -2.643, -3.678, -5.049]"
34,1,-4.3732,-6.2163,0.246,159,405,18,0,0.936,45,0.00,680,622.93,0,0,11.202(14.003%)(0.000m),20.306(17.917%)(0.033m),49.419(43.605%)(3.152m),91.000(80.294%)(7.607m),60.076(75.095%)(4.294m),9.909(24.773%)(0.000m),40.000(100.000%)(3.214m),4224.722,7910.897,59.0,0.0000,"[0.446, 0.246, -0.066, 0.585, 0.493, -0.056]","[2.136, 2.124, 2.033, 2.414, 2.538, 2.368]","[-4.044, -4.893, -5.440, -4.220, -5.463, -6.283]"
35,1,-5.8330,-6.2054,0.276,174,438,18,0,0.934,45,0.00,698,669.50,0,0,59.488(74.359%)(4.231m),65.560(57.848%)(4.881m),21.329(18.819%)(0.142m),13.276(11.714%)(0.000m),9.049(11.311%)(0.000m),40.000(100.000%)(3.214m),10.751(26.878%)(0.081m),2845.631,8960.048,58.3,1.5481,"[0.719, 0.881, 0.939, 0.852, 1.253, 1.171]","[2.250, 2.435, 2.233, 2.497, 2.779, 2.578]","[-5.833, -6.132, -4.953, -6.368, -5.538, -5.230]"
36,1,-6.2994,-6.2080,0.280,123,300,17,0,0.932,35,0.00,711,460.02,0,0,78.639(98.299%)(6.283m),113.000(99.706%)(9.964m),74.285(65.546%)(5.816m),26.153(23.076%)(0.659m),12.650(15.812%)(0.000m),40.000(100.000%)(3.214m),9.869(24.674%)(0.000m),6760.132,21134.726,56.4,0.0000,"[-1.239, -0.237, 0.669, -1.161, 0.004, 1.124]","[2.268, 2.560, 2.372, 2.507, 2.891, 2.707]","[-4.340, -3.731, -2.447, -4.476, -3.426, -2.290]"
37,1,-6.0103,-6.2026,0.318,157,383,19,0,0.930,45,0.00,727,608.20,0,0,12.569(15.712%)(0.000m),25.986(22.929%)(0.641m),72.504(63.975%)(5.625m),103.000(90.883%)(8.893m),77.067(96.334%)(6.114m),9.807(24.517%)(0.000m),40.000(100.000%)(3.214m),6775.218,16776.134,56.5,0.0000,"[1.023, 0.251, -0.538, 1.184, 0.657, -0.668]","[2.383, 2.528, 2.261, 2.674, 2.823, 2.454]","[-2.694, -3.873, -4.538, -2.810, -4.157, -5.310]"
38,1,-6.2017,-6.2026,0.325,78,188,16,0,0.929,30,0.00,735,272.04,0,0,9.344(11.680%)(0.000m),12.557(11.080%)(0.000m),17.993(15.876%)(0.000m),36.058(31.816%)(1.720m),77.067(96.334%)(6.114m),13.296(33.241%)(0.353m),40.000(100.000%)(3.214m),6766.061,17238.144,55.9,0.0000,"[0.295, -0.360, -0.959, 0.355, -0.215, -1.110]","[2.381, 2.503, 2.194, 2.620, 2.788, 2.475]","[-4.564, -5.176, -5.228, -5.086, -6.543, -6.121]"
39,1,-5.9241,-6.1955,0.345,196,483,23,0,0.927,50,0.00,755,732.32,0,0,11.905(14.881%)(0.000m),22.642(19.978%)(0.283m),63.568(56.090%)(4.668m),86.000(75.883%)(7.071m),77.067(96.334%)(6.114m),10.020(25.050%)(0.002m),40.000(100.000%)(3.214m),3953.932,15960.785,57.1,1.3554,"[1.596, 0.789, -0.161, 1.805, 1.220, -0.066]","[2.398, 2.446, 2.256, 2.556, 2.664, 2.513]","[-1.999, -3.508, -4.586, -2.017, -3.969, -4.842]"
40,1,-7.0952,-6.2180,0.388,165,400,18,0,0.925,45,0.00,772,637.31,0,0,78.639(98.299%)(6.283m),100.000(88.236%)(8.571m),66.613(58.776%)(4.994m),22.720(20.047%)(0.291m),11.793(14.741%)(0.000m),40.000(100.000%)(3.214m),9.802(24.506%)(0.000m),5311.521,18619.832,56.0,1.6075,"[0.120, 0.936, 1.377, 0.323, 1.073, 1.780]","[2.268, 2.439, 2.590, 2.422, 2.753, 2.987]","[-4.668, -3.785, -2.412, -4.632, -3.831, -1.852]"
41,1,-4.5817,-6.1781,0.425,168,418,18,0,0.923,45,0.00,789,607.69,0,0,11.110(13.888%)(0.000m),19.696(17.379%)(0.000m),45.251(39.927%)(2.705m),95.000(83.824%)(8.036m),76.230(95.288%)(6.025m),10.073(25.183%)(0.008m),40.000(100.000%)(3.214m),4373.312,12076.012,57.6,0.0000,"[1.555, 1.115, 0.489, 1.718, 1.224, 0.428]","[2.421, 2.515, 2.308, 2.586, 2.765, 2.505]","[-3.987, -5.329, -5.753, -3.819, -7.030, -6.508]"
42,1,-5.0505,-6.1512,0.427,90,240,17,0,0.921,35,0.00,798,340.00,0,0,10.153(12.692%)(0.000m),16.634(14.677%)(0.000m),32.135(28.354%)(1.300m),111.000(97.941%)(9.750m),76.230(95.288%)(6.025m),10.153(25.383%)(0.016m),40.000(100.000%)(3.214m),3441.585,8506.843,61.7,0.0000,"[0.790, 0.026, -0.729, 0.951, -0.027, -0.895]","[2.373, 2.515, 2.370, 2.530, 2.797, 2.449]","[-4.452, -5.782, -5.902, -4.465, -7.695, -6.585]"
43,1,-6.7830,-6.1659,0.435,209,506,16,0,0.919,50,0.00,819,777.46,0,0,78.639(98.299%)(6.283m),53.199(46.941%)(3.557m),21.173(18.682%)(0.126m),13.804(12.180%)(0.000m),9.728(12.160%)(0.000m),40.000(100.000%)(3.214m),12.310(30.776%)(0.248m),5315.205,11427.830,56.1,1.4449,"[1.103, 1.419, 1.592, 1.192, 1.709, 1.937]","[2.238, 2.447, 2.485, 2.348, 2.767, 3.095]","[-5.199, -6.101, -4.786, -5.540, -5.988, -4.800]"
44,1,-5.8899,-6.1596,0.467,86,211,18,0,0.918,30,0.00,828,320.34,0,0,9.576(11.969%)(0.000m),14.458(12.757%)(0.000m),24.246(21.394%)(0.455m),95.148(83.954%)(8.052m),76.230(95.288%)(6.025m),10.825(27.063%)(0.088m),40.000(100.000%)(3.214m),5234.349,16228.469,56.9,0.0000,"[0.845, -0.050, -0.746, 0.822, -0.086, -1.083]","[2.431, 2.408, 2.253, 2.560, 2.806, 2.298]","[-4.651, -6.134, -5.829, -5.410, -8.262, -6.769]"
45,1,-7.5251,-6.1900,0.488,181,454,14,0,0.916,45,0.00,847,693.56,0,0,9.866(12.332%)(0.000m),13.910(12.274%)(0.000m),21.157(18.668%)(0.124m),51.491(45.434%)(3.374m),44.204(55.255%)(2.593m),12.645(31.613%)(0.283m),32.085(80.211%)(2.366m),3144.244,13287.725,58.0,1.1736,"[1.258, 1.222, 1.106, 1.311, 1.351, 1.233]","[2.314, 2.701, 2.684, 2.634, 3.068, 3.175]","[-4.483, -5.923, -5.369, -5.690, -7.726, -6.367]"
46,1,-5.6706,-6.1787,0.509,207,508,15,0,0.914,50,0.00,868,824.49,0,0,77.786(97.233%)(6.191m),85.000(75.000%)(6.964m),64.472(56.887%)(4.765m),24.159(21.317%)(0.446m),12.207(15.258%)(0.000m),40.000(100.000%)(3.214m),9.894(24.735%)(0.000m),8202.439,16875.505,56.8,1.4334,"[1.329, 1.875, 2.151, 1.466, 2.117, 2.645]","[2.700, 2.823, 3.366, 2.873, 3.124, 4.266]","[-4.629, -3.710, -2.009, -4.933, -3.885, -0.783]"
47,1,-6.8805,-6.1936,0.607,193,480,20,0,0.912,50,0.00,888,759.61,0,0,53.300(66.624%)(3.568m),87.000(76.765%)(7.179m),33.095(29.201%)(1.403m),17.131(15.116%)(0.000m),10.457(13.071%)(0.000m),38.794(96.985%)(3.085m),10.457(26.141%)(0.049m),4159.707,10653.121,57.6,1.4766,"[1.079, 1.296, 1.585, 1.090, 1.519, 1.857]","[2.528, 2.532, 3.323, 2.565, 2.713, 4.378]","[-5.355, -6.445, -4.683, -5.968, -6.250, -4.604]"
48,1,-7.0544,-6.2115,0.664,284,697,18,0,0.910,60,0.00,917,1071.55,0,0,9.479(11.848%)(0.000m),14.312(12.628%)(0.000m),24.001(21.177%)(0.429m),62.000(54.706%)(4.500m),59.000(73.750%)(4.179m),10.716(26.790%)(0.077m),40.000(100.000%)(3.214m),2991.530,10258.868,56.8,1.3137,"[1.923, 1.731, 1.504, 1.872, 1.873, 1.437]","[4.089, 3.208, 2.684, 4.124, 3.085, 2.741]","[-4.133, -6.264, -5.489, -5.921, -7.614, -6.420]"
49,1,-2.0300,-6.1262,0.690,238,614,19,0,0.908,55,0.00,941,920.91,0,0,45.000(56.250%)(2.679m),63.000(55.588%)(4.607m),45.972(40.563%)(2.783m),20.010(17.656%)(0.001m),11.287(14.109%)(0.000m),40.000(100.000%)(3.214m),10.233(25.584%)(0.025m),1782.489,7723.518,59.7,1.4089,"[1.835, 2.067, 2.205, 1.896, 2.318, 2.436]","[2.987, 3.846, 4.048, 3.281, 4.144, 5.094]","[-5.092, -5.270, -3.969, -5.412, -5.370, -3.574]"
50,1,-8.1533,-6.1667,0.686,283,703,22,0,0.907,60,0.00,970,1051.94,0,0,11.095(13.869%)(0.000m),19.460(17.171%)(0.000m),43.552(38.429%)(2.523m),58.000(51.177%)(4.071m),52.000(65.000%)(3.429m),10.184(25.459%)(0.020m),40.000(100.000%)(3.214m),8422.695,16714.763,57.5,1.6022,"[3.752, 3.567, 2.757, 3.904, 3.554, 2.677]","[7.500, 5.087, 4.252, 8.066, 4.904, 4.301]","[-2.061, -5.096, -5.818, -3.498, -6.299, -6.748]"
51,1,-4.2164,-6.1299,0.703,133,334,19,0,0.905,40,0.00,984,495.66,0,0,10.210(12.763%)(0.000m),16.295(14.378%)(0.000m),29.978(26.452%)(1.069m),97.000(85.588%)(8.250m),67.589(84.486%)(5.099m),10.592(26.480%)(0.063m),40.000(100.000%)(3.214m),4147.834,11232.839,58.2,0.0000,"[2.285, 1.488, 0.992, 2.043, 1.508, 0.797]","[4.359, 3.534, 2.750, 4.397, 3.076, 2.826]","[-3.248, -6.086, -5.643, -5.277, -7.167, -6.564]"
52,1,-8.8835,-6.2465,0.759,330,830,43,5,0.903,60,0.00,1017,1244.26,0,0,8.693(10.866%)(0.000m),10.961(9.671%)(0.000m),14.639(12.916%)(0.000m),24.549(21.661%)(0.487m),23.886(29.857%)(0.416m),14.639(36.596%)(0.497m),16.975(42.436%)(0.747m),878.024,9867.894,58.2,1.3895,"[1.876, 2.023, 2.178, 1.795, 2.312, 2.340]","[4.590, 4.776, 5.130, 4.861, 4.982, 6.592]","[-3.732, -6.372, -2.857, -6.107, -5.697, -4.452]"
53,1,-6.8388,-6.2692,0.885,73,176,16,0,0.901,25,0.00,1025,275.89,0,0,78.639(98.299%)(6.283m),50.818(44.839%)(3.302m),20.880(18.424%)(0.094m),13.728(12.113%)(0.000m),9.737(12.171%)(0.000m),40.000(100.000%)(3.214m),12.480(31.199%)(0.266m),10687.605,16853.330,55.8,0.0000,"[0.638, 0.898, 1.560, 0.640, 1.240, 1.744]","[3.060, 3.385, 3.985, 3.231, 3.820, 4.949]","[-5.204, -6.141, -5.155, -5.518, -6.087, -6.596]"
54,1,-2.2669,-6.1962,0.748,180,473,14,0,0.899,50,0.00,1043,680.73,0,0,62.000(77.500%)(4.500m),71.000(62.647%)(5.464m),68.178(60.157%)(5.162m),25.756(22.726%)(0.617m),12.458(15.572%)(0.000m),40.000(100.000%)(3.214m),9.720(24.299%)(0.000m),2209.253,6708.702,60.8,1.4210,"[1.595, 1.853, 2.204, 1.581, 2.178, 2.506]","[3.482, 3.422, 3.462, 3.583, 3.775, 4.352]","[-4.999, -3.396, -1.559, -5.131, -3.508, -0.857]"
55,1,-6.9797,-6.2116,0.827,83,198,22,0,0.898,30,0.00,1052,299.23,0,0,9.529(11.911%)(0.000m),14.387(12.694%)(0.000m),24.127(21.289%)(0.442m),94.682(83.543%)(8.002m),76.230(95.288%)(6.025m),10.772(26.931%)(0.083m),40.000(100.000%)(3.214m),8642.380,19685.948,55.1,0.0000,"[2.683, 1.662, 1.074, 2.157, 1.338, 0.819]","[5.560, 4.884, 3.700, 5.415, 4.298, 3.813]","[-3.971, -7.478, -6.012, -7.029, -8.519, -6.337]"
56,1,-4.8961,-6.1916,0.849,303,738,21,0,0.896,60,0.00,1083,1155.67,0,0,60.000(75.000%)(4.286m),72.000(63.530%)(5.571m),58.779(51.864%)(4.155m),22.533(19.882%)(0.271m),11.997(14.996%)(0.000m),40.000(100.000%)(3.214m),10.224(25.560%)(0.024m),3684.671,9438.156,56.4,1.1997,"[2.034, 2.723, 3.112, 2.113, 2.996, 3.425]","[3.627, 3.579, 5.596, 3.711, 3.821, 7.512]","[-5.579, -4.290, -2.736, -5.754, -4.832, -2.702]"
57,1,-6.1084,-6.1536,0.945,120,287,19,0,0.894,35,0.00,1095,445.13,0,0,69.061(86.327%)(5.257m),113.333(100.000%)(10.000m),32.423(28.608%)(1.331m),16.783(14.809%)(0.000m),10.244(12.805%)(0.000m),40.000(100.000%)(3.214m),10.244(25.611%)(0.026m),8218.955,18333.090,55.4,0.0000,"[0.592, 1.896, 2.828, 0.720, 2.150, 3.344]","[3.685, 3.609, 4.461, 3.943, 4.130, 6.333]","[-5.722, -6.045, -5.536, -5.942, -6.820, -7.467]"
58,1,-4.2529,-6.1009,0.863,108,276,21,0,0.892,35,0.00,1106,440.46,0,0,10.597(13.247%)(0.000m),17.362(15.319%)(0.000m),33.540(29.594%)(1.451m),109.000(96.177%)(9.536m),76.230(95.288%)(6.025m),10.597(26.493%)(0.064m),40.000(100.000%)(3.214m),4146.374,9086.002,59.2,1.4495,"[2.984, 2.197, 1.920, 2.359, 2.254, 1.797]","[6.246, 5.719, 4.210, 5.797, 4.988, 4.022]","[-4.181, -8.246, -6.372, -7.954, -8.279, -6.725]"
59,1,-6.8002,-6.1143,0.917,316,888,52,68,0.890,70,0.00,1138,1194.01,0,0,10.855(13.569%)(0.000m),18.467(16.294%)(0.000m),38.540(34.006%)(1.986m),31.000(27.353%)(1.179m),15.000(18.750%)(0.000m),10.337(25.843%)(0.036m),10.000(25.000%)(0.000m),2514.007,6482.041,65.1,1.4676,"[3.874, 4.464, 4.501, 3.704, 4.320, 4.482]","[12.810, 9.621, 7.775, 11.667, 7.584, 9.039]","[-5.588, -8.942, -6.273, -9.248, -7.967, -6.548]"
60,1,-7.1554,-6.1346,1.105,310,773,17,0,0.889,60,0.00,1169,1181.76,0,0,44.000(55.000%)(2.571m),51.000(45.000%)(3.321m),33.567(29.618%)(1.454m),17.375(15.331%)(0.000m),10.606(13.257%)(0.000m),40.000(100.000%)(3.214m),10.606(26.514%)(0.065m),1437.237,8308.526,57.7,0.0000,"[2.965, 3.073, 2.977, 3.125, 3.376, 3.105]","[4.755, 5.202, 6.050, 4.924, 5.427, 7.318]","[-5.326, -5.671, -5.231, -5.262, -6.437, -6.714]"
61,1,-7.8402,-6.1710,1.445,307,749,15,0,0.887,60,0.00,1200,1080.59,0,0,12.261(15.326%)(0.000m),24.266(21.412%)(0.457m),64.517(56.927%)(4.770m),61.000(53.824%)(4.393m),57.000(71.250%)(3.964m),9.938(24.844%)(0.000m),40.000(100.000%)(3.214m),6306.998,18565.185,56.5,1.1980,"[8.786, 9.241, 8.027, 8.329, 8.192, 7.346]","[17.092, 15.382, 12.421, 15.860, 12.431, 11.397]","[3.110, 0.665, -5.303, 3.281, -2.444, -6.007]"
62,1,-5.8970,-6.2465,1.678,204,533,18,0,0.885,50,0.00,1221,705.38,0,0,10.865(13.581%)(0.000m),18.483(16.309%)(0.000m),38.574(34.036%)(1.990m),57.000(50.294%)(3.964m),50.000(62.500%)(3.214m),10.346(25.866%)(0.037m),40.000(100.000%)(3.214m),2000.444,8906.960,60.5,1.4925,"[6.770, 6.790, 6.633, 6.511, 6.717, 6.327]","[16.250, 14.485, 13.119, 15.660, 12.823, 12.129]","[-2.629, -8.202, -7.079, -6.770, -7.952, -7.486]"
63,1,-3.1614,-6.1600,1.734,267,660,19,0,0.883,55,0.00,1248,999.13,0,0,59.000(73.750%)(4.179m),68.000(60.000%)(5.143m),45.011(39.716%)(2.680m),20.112(17.746%)(0.012m),11.467(14.333%)(0.000m),40.000(100.000%)(3.214m),10.525(26.312%)(0.056m),3016.094,9358.497,57.2,1.2365,"[4.160, 4.876, 5.551, 4.186, 5.193, 5.587]","[6.874, 8.557, 9.634, 7.002, 8.588, 9.116]","[-5.410, -5.508, -5.259, -5.364, -6.345, -6.170]"
64,1,-8.4709,-6.2223,1.609,244,589,19,0,0.882,55,0.00,1273,962.56,0,0,10.568(13.211%)(0.000m),17.314(15.277%)(0.000m),33.449(29.514%)(1.441m),82.000(72.353%)(6.643m),55.702(69.627%)(3.825m),10.568(26.421%)(0.061m),40.000(100.000%)(3.214m),5144.949,11101.370,55.9,1.3161,"[6.294, 5.997, 5.994, 6.039, 6.065, 5.616]","[16.525, 14.305, 11.417, 15.851, 12.694, 10.464]","[-4.815, -9.472, -6.861, -8.205, -7.346, -6.595]"
65,1,-5.7677,-6.1568,1.719,155,383,14,0,0.880,45,0.00,1289,601.17,0,0,12.073(15.091%)(0.000m),23.260(20.523%)(0.349m),61.350(54.133%)(4.430m),95.000(83.824%)(8.036m),77.067(96.334%)(6.114m),10.035(25.087%)(0.004m),40.000(100.000%)(3.214m),4171.007,17183.748,57.3,1.6830,"[11.848, 11.161, 8.867, 11.544, 9.724, 7.772]","[21.523, 17.046, 15.738, 21.531, 15.082, 13.845]","[4.743, -2.644, -7.677, 3.280, -4.688, -8.174]"
66,1,-5.6593,-6.1585,1.764,80,195,15,0,0.878,30,0.00,1297,287.89,0,0,12.608(15.760%)(0.000m),26.048(22.983%)(0.648m),65.341(57.654%)(4.858m),113.333(100.000%)(10.000m),77.067(96.334%)(6.114m),9.837(24.593%)(0.000m),40.000(100.000%)(3.214m),6775.218,18790.930,56.4,0.0000,"[8.274, 5.057, 2.698, 7.687, 4.266, 1.711]","[17.118, 11.300, 11.298, 16.954, 11.166, 10.038]","[4.887, -1.502, -6.859, 3.381, -2.894, -8.144]"
67,1,-6.0214,-6.1518,1.871,177,434,20,0,0.876,45,0.00,1315,650.52,0,0,11.495(14.368%)(0.000m),20.836(18.384%)(0.090m),50.709(44.743%)(3.290m),94.000(82.941%)(7.929m),77.067(96.334%)(6.114m),10.168(25.419%)(0.018m),40.000(100.000%)(3.214m),8980.612,19675.822,56.8,1.2183,"[12.900, 12.584, 9.919, 12.740, 11.114, 8.374]","[20.800, 16.633, 14.935, 21.368, 14.280, 13.522]","[-2.464, -6.382, -7.315, -3.988, -6.368, -7.034]"
68,1,-4.4291,-6.1464,1.708,207,529,37,0,0.874,50,0.00,1336,783.34,0,0,13.498(16.872%)(0.000m),29.135(25.707%)(0.979m),113.333(100.000%)(10.000m),94.000(82.941%)(7.929m),65.000(81.250%)(4.821m),9.629(24.073%)(0.000m),40.000(100.000%)(3.214m),6760.002,16683.624,59.1,1.5051,"[13.071, 12.476, 9.470, 13.101, 10.964, 7.698]","[17.585, 15.307, 15.215, 18.716, 14.823, 13.371]","[6.441, 7.381, -4.147, 6.690, 3.160, -5.890]"
69,1,-6.1253,-6.1460,2.001,182,442,44,0,0.873,45,0.00,1355,666.51,0,0,11.665(14.581%)(0.000m),21.644(19.098%)(0.176m),55.290(48.785%)(3.781m),102.000(90.000%)(8.786m),76.230(95.288%)(6.025m),10.065(25.163%)(0.007m),40.000(100.000%)(3.214m),8279.306,17798.298,56.3,1.3981,"[11.250, 10.827, 8.344, 11.384, 9.544, 7.035]","[18.086, 15.358, 14.868, 18.809, 13.940, 13.549]","[-2.525, -6.846, -6.881, -3.302, -6.031, -6.990]"
70,1,-5.9898,-6.1329,1.651,112,278,19,0,0.871,35,0.00,1367,411.74,0,0,10.667(13.334%)(0.000m),17.476(15.420%)(0.000m),33.762(29.790%)(1.474m),110.000(97.059%)(9.643m),76.230(95.288%)(6.025m),10.667(26.668%)(0.071m),40.000(100.000%)(3.214m),5191.099,13760.645,57.4,0.0000,"[6.660, 5.750, 5.036, 6.275, 5.797, 4.614]","[13.165, 11.121, 8.792, 12.794, 10.296, 8.526]","[-6.858, -10.543, -7.104, -9.281, -7.174, -6.567]"
71,1,-5.7863,-6.2085,1.595,72,180,18,0,0.869,25,0.00,1375,271.39,0,0,10.341(12.927%)(0.000m),15.852(13.987%)(0.000m),27.227(24.024%)(0.774m),113.333(100.000%)(10.000m),77.067(96.334%)(6.114m),11.406(28.516%)(0.151m),40.000(100.000%)(3.214m),6373.594,12867.355,57.7,1.1368,"[5.595, 4.268, 3.608, 5.050, 4.582, 3.136]","[10.633, 8.957, 8.969, 10.401, 9.066, 8.394]","[-7.987, -11.313, -6.840, -10.892, -6.956, -6.435]"
72,1,-6.7561,-6.1702,1.588,162,393,23,0,0.867,45,0.00,1392,603.70,0,0,11.719(14.649%)(0.000m),21.242(18.743%)(0.133m),51.697(45.615%)(3.396m),98.000(86.471%)(8.357m),77.067(96.334%)(6.114m),10.366(25.915%)(0.039m),40.000(100.000%)(3.214m),5932.428,18708.222,56.1,1.0293,"[7.798, 8.003, 7.808, 7.632, 7.878, 7.351]","[13.844, 12.954, 12.753, 13.399, 12.392, 11.449]","[-2.282, -6.146, -5.728, -4.079, -5.791, -4.510]"
73,1,-5.7603,-6.1520,1.300,116,282,16,0,0.866,35,0.00,1404,431.26,0,0,11.226(14.032%)(0.000m),19.097(16.850%)(0.000m),39.855(35.166%)(2.127m),110.000(97.059%)(9.643m),67.688(84.610%)(5.109m),10.690(26.725%)(0.074m),40.000(100.000%)(3.214m),4956.218,16473.523,56.3,1.5436,"[5.412, 4.281, 3.359, 4.997, 4.238, 3.135]","[9.744, 8.093, 7.908, 9.198, 8.312, 7.276]","[-4.357, -7.804, -7.084, -6.652, -6.461, -6.533]"
74,1,-5.4080,-6.1346,1.396,137,353,16,0,0.864,40,0.00,1418,487.48,0,0,78.639(98.299%)(6.283m),101.000(89.118%)(8.679m),37.388(32.990%)(1.863m),18.292(16.140%)(0.000m),10.858(13.572%)(0.000m),40.000(100.000%)(3.214m),10.467(26.167%)(0.050m),4190.404,10087.146,59.6,1.0943,"[3.533, 4.693, 5.021, 4.010, 4.988, 5.847]","[6.941, 7.369, 8.085, 7.435, 7.226, 9.990]","[-5.849, -4.798, -4.443, -5.520, -6.254, -4.767]"
75,1,-4.9650,-6.1231,1.057,155,375,17,0,0.862,40,0.00,1434,578.78,0,0,77.786(97.233%)(6.191m),103.000(90.883%)(8.893m),28.439(25.093%)(0.904m),15.916(14.044%)(0.000m),10.140(12.675%)(0.000m),40.000(100.000%)(3.214m),10.779(26.948%)(0.083m),6618.729,16013.704,56.1,1.3976,"[4.061, 5.052, 5.235, 4.470, 5.346, 5.698]","[6.771, 7.474, 8.372, 7.411, 7.539, 10.067]","[-5.490, -5.112, -5.569, -5.340, -6.731, -6.884]"
76,1,-7.1547,-6.0494,1.031,242,583,77,0,0.861,55,0.00,1459,901.27,0,0,12.595(15.744%)(0.000m),26.040(22.976%)(0.647m),95.338(84.122%)(8.072m),100.000(88.236%)(8.571m),76.230(95.288%)(6.025m),9.827(24.567%)(0.000m),40.000(100.000%)(3.214m),8111.375,21848.318,55.7,1.1949,"[8.405, 7.756, 4.439, 8.350, 6.249, 3.581]","[11.826, 10.215, 9.916, 11.603, 10.131, 8.813]","[5.110, 3.745, -7.259, 5.384, -1.781, -7.636]"
77,1,-4.8437,-6.0391,1.074,199,507,21,0,0.859,50,0.00,1479,766.06,0,0,64.000(80.000%)(4.714m),84.000(74.118%)(6.857m),54.296(47.909%)(3.675m),21.610(19.068%)(0.172m),11.785(14.731%)(0.000m),40.000(100.000%)(3.214m),10.296(25.741%)(0.032m),3279.228,12261.513,59.0,1.4407,"[4.067, 5.195, 5.346, 4.597, 5.512, 6.002]","[6.587, 7.157, 8.514, 7.255, 7.180, 10.543]","[-6.275, -4.170, -2.504, -5.402, -5.162, -2.671]"
78,1,-7.2363,-6.0825,0.972,296,737,16,0,0.857,60,0.00,1509,1125.80,0,0,44.132(55.165%)(2.586m),61.000(53.824%)(4.393m),24.329(21.467%)(0.464m),14.507(12.800%)(0.000m),9.608(12.010%)(0.000m),32.057(80.141%)(2.363m),10.862(27.156%)(0.092m),1675.268,10185.674,57.6,1.3150,"[4.070, 4.358, 4.788, 4.334, 4.785, 4.830]","[6.464, 7.073, 7.399, 6.991, 7.448, 7.048]","[-5.136, -5.094, -5.157, -5.298, -6.995, -7.216]"
79,1,-5.6029,-6.0647,0.847,131,321,19,0,0.855,40,0.00,1523,470.36,0,0,77.786(97.233%)(6.191m),104.000(91.765%)(9.000m),34.167(30.147%)(1.518m),17.686(15.605%)(0.000m),10.795(13.494%)(0.000m),40.000(100.000%)(3.214m),10.795(26.988%)(0.085m),4720.929,15094.483,56.7,1.0269,"[3.229, 3.920, 4.254, 3.715, 4.165, 4.601]","[6.335, 6.898, 7.546, 6.913, 7.213, 8.922]","[-6.330, -5.402, -5.411, -5.812, -7.203, -7.380]"
80,1,-4.5257,-5.9791,0.820,89,235,19,0,0.854,35,0.00,1532,321.31,0,0,77.786(97.233%)(6.191m),108.000(95.294%)(9.429m),32.377(28.568%)(1.326m),17.048(15.042%)(0.000m),10.499(13.124%)(0.000m),40.000(100.000%)(3.214m),10.628(26.570%)(0.067m),3480.851,8383.976,61.1,1.2976,"[2.754, 3.263, 3.797, 3.065, 3.565, 3.988]","[6.889, 6.304, 7.679, 7.223, 6.776, 8.874]","[-5.135, -5.699, -5.632, -5.113, -7.115, -8.268]"
81,1,-5.8922,-5.9411,0.757,299,759,12,41,0.852,60,0.00,1562,1124.14,0,0,26.000(32.500%)(0.643m),25.000(22.059%)(0.536m),60.000(52.941%)(4.286m),45.340(40.006%)(2.715m),22.541(28.177%)(0.272m),40.000(100.000%)(3.214m),15.991(39.978%)(0.642m),0.000,10360.733,58.7,1.5232,"[4.773, 4.240, 2.680, 5.140, 4.242, 3.077]","[6.964, 7.392, 7.550, 7.464, 7.452, 8.813]","[-1.397, -6.958, -16.332, -0.583, -10.752, -14.226]"
82,1,-4.1924,-5.8640,0.685,137,359,17,0,0.850,40,0.00,1576,511.11,0,0,8.867(11.083%)(0.000m),12.747(11.247%)(0.000m),19.900(17.559%)(0.000m),53.685(47.369%)(3.609m),76.230(95.288%)(6.025m),10.939(27.348%)(0.101m),40.000(100.000%)(3.214m),2710.352,7248.762,60.6,1.2246,"[3.451, 3.034, 2.936, 3.440, 3.536, 2.954]","[5.871, 4.825, 4.731, 5.553, 5.393, 4.943]","[-5.751, -6.713, -5.524, -8.543, -5.458, -6.001]"
83,1,-4.3532,-5.8319,0.901,141,389,15,0,0.849,45,0.00,1591,581.80,0,0,10.869(13.587%)(0.000m),17.649(15.573%)(0.000m),33.519(29.576%)(1.448m),74.000(65.294%)(5.786m),59.000(73.750%)(4.179m),11.003(27.507%)(0.107m),40.000(100.000%)(3.214m),2618.636,7373.180,63.9,1.5920,"[3.630, 3.456, 3.293, 3.532, 3.941, 3.259]","[5.850, 5.506, 5.675, 5.354, 5.796, 5.427]","[-6.987, -7.647, -5.988, -9.761, -6.515, -6.103]"
84,1,-3.9133,-5.8227,0.678,242,663,49,25,0.847,60,0.00,1616,912.36,0,0,13.000(16.250%)(0.000m),26.000(22.941%)(0.643m),101.774(89.801%)(8.761m),41.092(36.258%)(2.260m),20.104(25.129%)(0.011m),10.000(25.000%)(0.000m),14.210(35.525%)(0.451m),3924.669,9492.555,63.4,1.2348,"[4.321, 4.721, 4.021, 4.676, 5.000, 4.503]","[7.076, 7.223, 8.269, 7.373, 7.450, 9.658]","[-3.568, -7.838, -13.339, -2.511, -10.075, -12.672]"
85,1,-5.1491,-5.8090,0.616,132,324,17,0,0.845,40,0.00,1630,486.16,0,0,78.639(98.299%)(6.283m),112.000(98.824%)(9.857m),73.124(64.522%)(5.692m),26.240(23.153%)(0.669m),12.692(15.865%)(0.000m),40.000(100.000%)(3.214m),9.902(24.756%)(0.000m),6069.053,16119.513,56.9,1.2017,"[2.744, 4.684, 5.533, 3.388, 5.156, 6.111]","[6.018, 6.819, 8.223, 6.562, 7.110, 9.458]","[-7.263, -2.090, 3.039, -6.110, -2.036, 4.274]"
86,1,-6.3764,-5.8105,0.630,263,681,16,0,0.844,60,0.00,1657,973.20,0,0,36.000(45.000%)(1.714m),66.000(58.235%)(4.929m),58.201(51.354%)(4.093m),22.555(19.901%)(0.274m),12.008(15.010%)(0.000m),40.000(100.000%)(3.214m),10.234(25.585%)(0.025m),1872.816,8081.030,60.0,1.2817,"[3.896, 4.042, 3.895, 4.225, 4.461, 4.251]","[5.605, 6.157, 5.380, 6.119, 6.518, 5.897]","[-4.801, -4.568, -4.063, -4.924, -5.743, -4.828]"
87,1,-5.1227,-5.7928,0.571,114,298,20,0,0.842,40,0.00,1669,431.19,0,0,69.102(86.378%)(5.261m),113.333(100.000%)(10.000m),43.272(38.182%)(2.493m),19.817(17.486%)(0.000m),11.417(14.271%)(0.000m),40.000(100.000%)(3.214m),10.609(26.522%)(0.065m),3441.802,10017.501,60.6,1.3499,"[2.272, 4.177, 5.011, 2.790, 4.542, 5.630]","[5.612, 5.572, 7.298, 5.994, 5.978, 8.518]","[-7.160, -5.014, -3.167, -6.184, -5.847, -4.232]"
88,1,-5.1413,-5.7716,0.522,311,803,41,18,0.840,65,0.00,1701,1138.27,0,0,11.000(13.750%)(0.000m),17.000(15.000%)(0.000m),34.000(30.000%)(1.500m),45.080(39.776%)(2.687m),21.528(26.909%)(0.164m),40.000(100.000%)(3.214m),15.216(38.041%)(0.559m),4656.712,10277.284,59.7,1.3785,"[3.910, 4.161, 3.682, 4.236, 4.519, 3.984]","[5.406, 6.104, 6.240, 5.786, 6.452, 7.076]","[-10.044, -9.825, -13.926, -12.751, -10.596, -13.038]"
89,1,-6.0964,-5.7750,0.527,67,161,18,0,0.838,25,0.00,1708,254.18,0,0,9.306(11.633%)(0.000m),13.121(11.578%)(0.000m),19.957(17.609%)(0.000m),48.571(42.857%)(3.061m),77.067(96.334%)(6.114m),11.928(29.820%)(0.207m),40.000(100.000%)(3.214m),8980.612,18153.790,55.6,0.0000,"[1.670, 0.430, -0.290, 1.340, 0.714, -0.391]","[4.606, 4.311, 4.184, 4.965, 4.823, 4.511]","[-4.948, -5.826, -5.235, -7.452, -5.233, -6.251]"
90,1,-3.4622,-5.7024,0.486,210,551,25,0,0.837,55,0.00,1729,815.65,0,0,11.436(14.295%)(0.000m),20.729(18.290%)(0.078m),50.449(44.514%)(3.262m),88.000(77.647%)(7.286m),49.000(61.250%)(3.107m),10.116(25.289%)(0.012m),40.000(100.000%)(3.214m),3453.742,9374.299,60.7,1.3459,"[2.774, 2.541, 1.940, 2.824, 2.733, 1.875]","[4.718, 4.427, 4.356, 4.969, 4.969, 4.460]","[-5.887, -7.215, -7.230, -6.336, -7.656, -7.262]"
91,1,-5.0344,-5.7114,0.435,93,244,21,0,0.835,35,0.00,1739,330.82,0,0,78.639(98.299%)(6.283m),113.333(100.000%)(10.000m),51.408(45.360%)(3.365m),21.123(18.638%)(0.120m),11.653(14.567%)(0.000m),40.000(100.000%)(3.214m),10.308(25.770%)(0.033m),5347.985,10987.469,60.6,1.3392,"[0.067, 2.798, 4.273, 0.688, 3.041, 4.828]","[4.628, 4.319, 5.646, 4.877, 4.735, 6.487]","[-7.374, -4.622, -2.503, -6.220, -5.439, -2.851]"
92,1,-6.7931,-5.7463,0.409,238,590,19,0,0.833,55,0.00,1763,930.34,0,0,53.653(67.066%)(3.606m),70.000(61.765%)(5.357m),32.591(28.757%)(1.349m),16.870(14.886%)(0.000m),10.297(12.872%)(0.000m),39.386(98.466%)(3.149m),10.297(25.743%)(0.032m),3753.832,11513.450,57.3,1.4188,"[2.598, 2.818, 2.713, 2.838, 3.130, 2.804]","[4.065, 4.645, 4.471, 4.288, 4.862, 4.932]","[-5.398, -5.216, -5.721, -4.671, -6.221, -7.803]"
93,1,-3.6931,-5.6845,0.381,221,590,10,11,0.832,55,0.00,1786,860.77,0,0,36.085(45.107%)(1.723m),74.605(65.828%)(5.850m),21.000(18.529%)(0.107m),23.000(20.294%)(0.321m),74.656(93.320%)(5.856m),25.910(64.774%)(1.705m),40.000(100.000%)(3.214m),0.000,8394.128,61.8,1.4033,"[2.411, 2.263, 2.131, 2.516, 2.621, 2.194]","[3.924, 3.626, 3.380, 3.998, 4.039, 3.638]","[-0.629, -2.223, -3.472, -1.490, -2.467, -4.545]"
94,1,-7.8717,-5.7241,0.332,543,1362,50,95,0.830,75,0.00,1841,2051.44,0,0,24.000(30.000%)(0.429m),45.000(39.706%)(2.679m),79.000(69.706%)(6.321m),36.375(32.096%)(1.755m),17.419(21.774%)(0.000m),22.000(55.000%)(1.286m),12.261(30.653%)(0.242m),2674.744,10505.505,58.1,1.3939,"[2.424, 2.733, 2.657, 2.735, 3.096, 2.813]","[4.598, 4.810, 4.299, 5.098, 4.991, 4.629]","[-3.214, -1.322, -4.769, -2.611, -1.584, -5.358]"
95,1,-2.7394,-5.6284,0.377,188,490,84,0,0.828,50,0.00,1860,672.44,0,0,12.399(15.499%)(0.000m),25.635(22.619%)(0.604m),94.200(83.118%)(7.950m),82.000(72.353%)(6.643m),62.000(77.500%)(4.500m),9.674(24.185%)(0.000m),40.000(100.000%)(3.214m),4188.632,11721.542,60.3,1.2804,"[2.673, 2.055, 0.133, 2.340, 1.734, -0.107]","[3.850, 3.731, 3.340, 3.768, 3.961, 3.644]","[-2.040, -6.267, -9.014, -2.008, -7.123, -8.599]"
96,1,-4.9129,-5.6132,0.335,168,423,59,0,0.827,45,0.00,1877,631.28,0,0,78.639(98.299%)(6.283m),98.000(86.471%)(8.357m),101.522(89.579%)(8.735m),25.871(22.827%)(0.629m),12.513(15.642%)(0.000m),40.000(100.000%)(3.214m),9.763(24.407%)(0.000m),6760.132,15941.657,58.3,1.3312,"[0.541, 2.553, 2.852, 0.935, 2.648, 3.065]","[3.204, 3.556, 3.384, 3.482, 3.807, 4.024]","[-6.487, -2.001, 1.812, -5.879, -2.835, 2.024]"
97,1,-5.2684,-5.5810,0.351,96,237,16,0,0.825,30,0.00,1887,370.96,0,0,77.786(97.233%)(6.191m),103.258(91.110%)(8.920m),26.313(23.217%)(0.676m),15.690(13.844%)(0.000m),10.392(12.990%)(0.000m),40.000(100.000%)(3.214m),11.748(29.370%)(0.187m),6760.002,12522.782,57.1,1.4946,"[0.472, 1.016, 1.732, 0.567, 1.301, 1.685]","[3.137, 2.875, 3.382, 3.239, 3.219, 3.648]","[-5.436, -5.746, -6.071, -5.338, -6.182, -8.310]"
98,1,-5.5261,-5.5504,0.281,215,540,47,0,0.823,50,0.00,1909,811.30,0,0,12.198(15.248%)(0.000m),23.501(20.736%)(0.375m),68.901(60.795%)(5.239m),80.000(70.588%)(6.429m),68.000(85.000%)(5.143m),10.139(25.347%)(0.015m),40.000(100.000%)(3.214m),3329.532,11895.421,58.2,1.5423,"[2.265, 1.804, 0.574, 2.206, 1.691, 0.454]","[3.735, 4.063, 2.852, 3.125, 3.759, 2.797]","[-4.169, -6.760, -7.183, -3.336, -7.694, -6.689]"
99,1,-5.2887,-5.6156,0.273,148,365,19,0,0.822,40,0.00,1924,557.74,0,0,69.102(86.378%)(5.261m),82.700(72.971%)(6.718m),24.122(21.284%)(0.442m),14.707(12.977%)(0.000m),9.884(12.355%)(0.000m),40.000(100.000%)(3.214m),11.454(28.635%)(0.156m),4047.860,11740.307,57.1,1.3307,"[1.343, 1.481, 1.699, 1.447, 1.824, 1.691]","[2.996, 2.945, 3.537, 3.112, 3.332, 3.703]","[-4.824, -5.464, -6.118, -4.922, -5.671, -8.098]"
100,1,-5.3932,-5.5604,0.266,87,214,17,0,0.820,30,0.00,1933,330.97,0,0,9.596(11.995%)(0.000m),13.530(11.938%)(0.000m),20.579(18.158%)(0.062m),50.084(44.192%)(3.223m),77.067(96.334%)(6.114m),12.299(30.749%)(0.246m),40.000(100.000%)(3.214m),6012.955,12252.222,57.0,1.5202,"[0.959, 0.323, -0.132, 0.915, 0.610, -0.125]","[2.925, 2.722, 2.433, 2.877, 2.910, 2.649]","[-4.783, -5.603, -5.263, -4.971, -5.498, -5.699]"
101,1,-6.3690,-5.6034,0.259,158,389,24,0,0.819,45,0.00,1949,597.94,0,0,59.987(74.983%)(4.284m),93.000(82.059%)(7.821m),26.179(23.099%)(0.662m),15.610(13.774%)(0.000m),10.339(12.923%)(0.000m),40.000(100.000%)(3.214m),11.688(29.220%)(0.181m),4261.917,10671.912,57.0,1.2875,"[1.154, 1.205, 1.371, 1.160, 1.422, 1.363]","[2.794, 2.808, 3.313, 2.843, 3.152, 3.554]","[-4.910, -5.566, -5.494, -5.348, -5.624, -7.186]"
102,1,-7.9136,-5.5840,0.252,308,768,58,0,0.817,60,0.00,1980,1186.55,0,0,43.000(53.750%)(2.464m),44.000(38.824%)(2.571m),27.102(23.914%)(0.761m),15.779(13.923%)(0.000m),10.294(12.867%)(0.000m),32.853(82.132%)(2.449m),11.354(28.385%)(0.145m),1896.539,8760.860,57.7,1.2724,"[1.004, 0.959, 1.012, 0.994, 1.269, 1.006]","[2.906, 2.834, 2.745, 3.031, 3.162, 2.939]","[-4.618, -5.420, -5.050, -4.925, -5.640, -6.600]"
103,1,-4.4026,-5.5353,0.237,207,507,15,0,0.815,50,0.00,2001,797.58,0,0,59.336(74.170%)(4.215m),93.000(82.059%)(7.821m),51.784(45.692%)(3.405m),21.277(18.774%)(0.137m),11.738(14.673%)(0.000m),40.000(100.000%)(3.214m),10.383(25.958%)(0.041m),5004.792,10042.793,56.6,1.4894,"[0.827, 1.259, 1.750, 0.959, 1.515, 1.890]","[2.612, 2.552, 2.935, 2.701, 2.896, 3.131]","[-5.827, -4.904, -2.830, -5.412, -5.280, -3.180]"
104,1,-8.6829,-5.6636,0.248,350,879,55,31,0.814,65,0.00,2036,1312.06,0,0,20.803(26.004%)(0.086m),38.000(33.530%)(1.929m),25.064(22.115%)(0.543m),14.946(13.187%)(0.000m),9.899(12.373%)(0.000m),14.720(36.801%)(0.506m),11.191(27.976%)(0.128m),826.817,12182.299,58.1,1.4650,"[0.952, 0.977, 0.696, 0.913, 1.198, 0.576]","[2.791, 3.321, 3.201, 2.399, 3.344, 3.058]","[-5.156, -5.457, -5.555, -5.167, -5.753, -7.083]"
105,1,-5.4107,-5.6323,0.264,101,255,18,0,0.812,35,0.00,2047,382.44,0,0,78.639(98.299%)(6.283m),113.333(100.000%)(10.000m),32.982(29.102%)(1.391m),17.073(15.064%)(0.000m),10.421(13.026%)(0.000m),40.000(100.000%)(3.214m),10.421(26.052%)(0.045m),5463.883,10883.724,58.5,1.2736,"[-0.118, 0.520, 1.246, 0.056, 0.757, 1.442]","[2.418, 2.380, 2.554, 2.523, 2.727, 2.850]","[-5.382, -5.328, -4.409, -5.306, -5.726, -5.356]"
106,1,-5.4292,-5.6429,0.234,266,661,19,0,0.810,55,0.00,2074,1016.97,0,0,56.546(70.682%)(3.916m),81.000(71.471%)(6.536m),76.357(67.374%)(6.038m),26.153(23.077%)(0.659m),12.650(15.813%)(0.000m),40.000(100.000%)(3.214m),9.870(24.674%)(0.000m),3513.349,13018.881,57.5,1.2430,"[1.043, 1.301, 1.404, 1.182, 1.609, 1.471]","[2.374, 2.396, 2.274, 2.521, 2.734, 2.362]","[-6.192, -4.861, -3.018, -5.886, -4.845, -3.071]"
107,1,-3.6541,-5.5938,0.228,239,630,0,18,0.809,55,0.00,2098,889.54,0,0,24.000(30.000%)(0.429m),25.000(22.059%)(0.536m),113.333(100.000%)(10.000m),49.241(43.448%)(3.133m),23.648(29.560%)(0.391m),40.000(100.000%)(3.214m),16.767(41.918%)(0.725m),0.000,9405.052,61.0,1.3094,"[1.234, 0.996, 0.584, 1.207, 1.347, 0.523]","[2.297, 2.297, 2.127, 2.344, 2.616, 2.234]","[-1.994, -6.337, -7.702, -2.085, -6.285, -8.094]"
108,1,-3.0492,-5.5698,0.232,338,846,20,16,0.807,65,0.00,2132,1234.79,0,0,31.000(38.750%)(1.179m),37.000(32.647%)(1.821m),46.869(41.355%)(2.879m),20.401(18.001%)(0.043m),11.508(14.384%)(0.000m),40.000(100.000%)(3.214m),10.433(26.083%)(0.046m),1158.667,8136.114,57.9,1.3567,"[0.923, 0.954, 0.976, 1.013, 1.265, 1.027]","[2.450, 2.545, 2.380, 2.641, 2.870, 2.496]","[-5.489, -5.598, -4.553, -5.513, -5.911, -5.321]"
109,1,-3.4453,-5.5027,0.226,213,571,13,0,0.806,55,0.00,2154,804.39,0,0,39.000(48.750%)(2.036m),52.000(45.882%)(3.429m),26.284(23.192%)(0.673m),15.673(13.829%)(0.000m),10.380(12.975%)(0.000m),40.000(100.000%)(3.214m),11.735(29.338%)(0.186m),974.712,5611.240,62.1,1.6631,"[0.725, 0.869, 0.976, 0.776, 1.140, 1.031]","[2.549, 2.529, 2.327, 2.726, 2.891, 2.379]","[-4.968, -5.377, -5.485, -5.256, -5.659, -6.851]"
110,1,-3.2981,-5.4255,0.189,278,690,16,0,0.804,60,0.00,2182,1062.10,0,0,55.000(68.750%)(3.750m),72.000(63.530%)(5.571m),68.110(60.097%)(5.155m),25.109(22.156%)(0.547m),12.509(15.637%)(0.000m),40.000(100.000%)(3.214m),10.012(25.029%)(0.001m),5191.893,15154.575,57.4,1.4981,"[1.067, 1.237, 1.239, 1.164, 1.582, 1.339]","[2.294, 2.454, 2.320, 2.440, 2.840, 2.432]","[-5.241, -4.872, -3.614, -5.166, -5.004, -3.719]"
111,1,-3.4669,-5.3381,0.172,145,387,21,0,0.802,45,0.00,2197,578.88,0,0,9.457(11.821%)(0.000m),14.279(12.599%)(0.000m),23.946(21.129%)(0.423m),84.000(74.118%)(6.857m),61.599(76.998%)(4.457m),10.691(26.728%)(0.074m),40.000(100.000%)(3.214m),1752.689,6045.861,61.8,1.3493,"[0.670, 0.570, 0.434, 0.673, 0.775, 0.493]","[2.139, 2.180, 2.026, 2.329, 2.490, 2.215]","[-5.012, -5.376, -5.447, -5.536, -5.588, -5.831]"
112,1,-4.5966,-5.3120,0.196,162,399,22,0,0.801,45,0.00,2214,640.82,0,0,69.047(86.308%)(5.255m),101.000(89.118%)(8.679m),46.291(40.846%)(2.817m),20.149(17.779%)(0.016m),11.366(14.207%)(0.000m),40.000(100.000%)(3.214m),10.305(25.762%)(0.033m),4501.716,13308.608,57.0,1.2151,"[0.216, 1.097, 1.542, 0.416, 1.388, 1.753]","[2.132, 2.220, 2.125, 2.258, 2.585, 2.487]","[-6.090, -5.171, -4.295, -5.591, -5.625, -4.377]"
113,1,-3.3909,-5.3166,0.184,162,408,21,0,0.799,45,0.00,2231,645.91,0,0,77.786(97.233%)(6.191m),91.000(80.294%)(7.607m),32.712(28.864%)(1.362m),16.933(14.941%)(0.000m),10.336(12.920%)(0.000m),40.000(100.000%)(3.214m),10.336(25.840%)(0.036m),4155.274,8476.394,58.3,1.4355,"[0.590, 0.994, 1.180, 0.710, 1.251, 1.310]","[2.375, 2.305, 2.138, 2.511, 2.594, 2.524]","[-5.335, -5.245, -5.504, -5.272, -5.729, -6.050]"
114,1,-6.9543,-5.2863,0.209,83,201,25,0,0.798,30,0.00,2240,337.21,0,0,10.961(13.701%)(0.000m),19.224(16.963%)(0.000m),43.025(37.964%)(2.467m),113.333(100.000%)(10.000m),77.067(96.334%)(6.114m),10.060(25.151%)(0.006m),40.000(100.000%)(3.214m),6590.491,19412.065,55.9,1.3669,"[0.337, -0.655, -1.396, 0.476, -0.568, -1.424]","[2.297, 2.328, 2.146, 2.210, 2.633, 2.480]","[-5.300, -5.613, -4.829, -5.100, -5.682, -5.284]"
115,1,-5.7719,-5.2864,0.208,161,407,19,0,0.796,45,0.00,2257,608.67,0,0,77.786(97.233%)(6.191m),86.000(75.883%)(7.071m),47.287(41.724%)(2.924m),20.017(17.662%)(0.002m),11.168(13.960%)(0.000m),40.000(100.000%)(3.214m),10.001(25.003%)(0.000m),4172.639,14315.763,58.5,1.2281,"[0.594, 0.930, 1.177, 0.683, 1.195, 1.260]","[2.162, 2.325, 2.220, 2.325, 2.687, 2.301]","[-6.036, -5.609, -3.981, -5.725, -5.667, -4.269]"
116,1,-6.0481,-5.2942,0.256,106,258,17,0,0.794,35,0.00,2268,393.26,0,0,77.786(97.233%)(6.191m),113.333(100.000%)(10.000m),49.351(43.545%)(3.145m),20.278(17.892%)(0.030m),11.187(13.984%)(0.000m),40.000(100.000%)(3.214m),9.895(24.739%)(0.000m),6760.002,17766.044,56.3,1.6488,"[-0.455, 0.464, 1.170, -0.332, 0.673, 1.330]","[2.140, 2.207, 2.639, 2.111, 2.626, 2.803]","[-5.752, -5.181, -4.068, -5.408, -5.802, -4.308]"
117,1,-9.4872,-5.3635,0.186,384,955,112,26,0.793,65,0.00,2307,1422.94,0,0,18.755(23.444%)(0.000m),38.308(33.802%)(1.962m),44.000(38.824%)(2.571m),20.000(17.647%)(0.000m),15.311(19.139%)(0.000m),13.262(33.155%)(0.349m),10.760(26.901%)(0.081m),1774.434,13025.501,57.6,1.3755,"[-0.181, -0.129, 0.202, -0.098, 0.255, 0.159]","[2.456, 2.367, 2.370, 2.675, 2.514, 2.625]","[-5.145, -4.969, -6.565, -4.817, -4.510, -7.420]"
118,1,-5.9444,-5.3938,0.195,151,393,17,0,0.791,45,0.00,2323,568.33,0,0,47.605(59.507%)(2.958m),34.003(30.003%)(1.500m),17.601(15.531%)(0.000m),12.446(10.982%)(0.000m),9.365(11.707%)(0.000m),34.723(86.809%)(2.649m),13.691(34.228%)(0.395m),2646.584,6833.519,60.3,1.3162,"[0.469, 0.530, 0.425, 0.545, 0.719, 0.456]","[2.183, 2.318, 2.100, 2.295, 2.618, 2.271]","[-4.892, -4.843, -5.989, -5.107, -5.074, -6.731]"
119,1,-10.7150,-5.4856,0.192,368,919,98,37,0.790,65,0.00,2360,1325.53,0,0,14.058(17.573%)(0.000m),23.000(20.294%)(0.321m),20.000(17.647%)(0.000m),20.000(17.647%)(0.000m),22.451(28.064%)(0.263m),9.858(24.645%)(0.000m),15.926(39.816%)(0.635m),0.000,12232.092,57.8,1.3903,"[0.269, 0.166, -0.271, 0.326, 0.269, -0.208]","[2.486, 2.999, 2.640, 2.495, 3.039, 2.715]","[-4.608, -5.074, -7.768, -4.869, -5.012, -7.136]"
120,1,-5.4527,-5.4748,0.212,196,479,21,0,0.788,50,0.00,2380,747.67,0,0,69.102(86.378%)(5.261m),85.000(75.000%)(6.964m),41.642(36.743%)(2.319m),19.071(16.827%)(0.000m),10.987(13.734%)(0.000m),40.000(100.000%)(3.214m),10.209(25.523%)(0.022m),4159.746,13271.778,56.6,1.3687,"[1.254, 1.493, 1.615, 1.350, 1.786, 1.706]","[2.526, 2.651, 2.910, 2.651, 2.996, 3.061]","[-5.191, -5.161, -4.905, -5.133, -5.419, -5.527]"
121,1,-5.4861,-5.4688,0.173,65,164,17,0,0.786,25,0.00,2387,247.42,0,0,9.404(11.755%)(0.000m),13.703(12.091%)(0.000m),21.798(19.233%)(0.193m),63.908(56.389%)(4.704m),77.067(96.334%)(6.114m),11.314(28.285%)(0.141m),40.000(100.000%)(3.214m),6775.218,11764.616,58.2,0.0000,"[0.139, -0.706, -0.993, 0.189, -0.485, -1.219]","[2.561, 2.569, 2.570, 2.674, 2.887, 2.650]","[-4.991, -5.464, -4.926, -5.129, -5.419, -5.282]"
122,1,-3.7998,-5.4097,0.185,156,427,16,0,0.785,45,0.00,2403,617.68,0,0,58.000(72.500%)(4.071m),74.000(65.294%)(5.786m),42.297(37.321%)(2.389m),19.371(17.092%)(0.000m),11.160(13.950%)(0.000m),40.000(100.000%)(3.214m),10.370(25.925%)(0.040m),2281.675,5339.039,63.3,1.6014,"[0.556, 1.071, 1.064, 0.608, 1.320, 1.160]","[2.491, 2.672, 2.412, 2.555, 2.954, 2.549]","[-5.199, -5.129, -5.667, -5.342, -5.202, -6.569]"
123,1,-3.4297,-5.3631,0.198,325,827,45,0,0.783,65,0.00,2436,1177.90,0,0,39.000(48.750%)(2.036m),75.000(66.177%)(5.893m),50.404(44.474%)(3.258m),20.710(18.274%)(0.076m),11.426(14.282%)(0.000m),39.602(99.005%)(3.172m),10.107(25.266%)(0.011m),4138.706,10910.146,58.9,1.3366,"[0.973, 1.598, 1.664, 1.089, 1.886, 1.735]","[2.753, 2.739, 2.636, 2.882, 3.077, 2.825]","[-5.540, -5.163, -4.596, -5.157, -5.393, -4.804]"
124,1,-3.7668,-5.3303,0.201,322,843,86,44,0.782,65,0.00,2469,1242.96,0,0,12.000(15.000%)(0.000m),20.000(17.647%)(0.000m),42.000(37.059%)(2.357m),41.660(36.758%)(2.321m),19.973(24.967%)(0.000m),11.000(27.500%)(0.107m),14.138(35.344%)(0.443m),543.977,9286.376,60.6,1.3492,"[0.260, 0.522, 0.759, 0.328, 0.781, 0.704]","[2.631, 2.564, 2.384, 2.826, 2.949, 2.496]","[-4.280, -5.628, -11.208, -3.965, -8.147, -10.435]"
125,1,-4.5399,-5.3218,0.209,295,725,112,0,0.780,60,0.00,2499,1124.27,0,0,10.709(13.387%)(0.000m),18.400(16.236%)(0.000m),39.255(34.637%)(2.063m),76.000(67.059%)(6.000m),58.000(72.500%)(4.071m),9.806(24.514%)(0.000m),40.000(100.000%)(3.214m),4708.205,16007.190,56.9,1.5096,"[2.053, 1.753, 0.330, 2.007, 1.797, 0.143]","[3.644, 3.238, 2.849, 3.343, 3.585, 2.803]","[-5.504, -6.068, -6.794, -5.840, -5.746, -6.254]"
126,1,-3.1249,-5.2412,0.231,158,428,52,0,0.779,45,0.00,2515,588.32,0,0,57.000(71.250%)(3.964m),108.000(95.294%)(9.429m),100.003(88.238%)(8.572m),27.475(24.243%)(0.801m),12.877(16.096%)(0.000m),40.000(100.000%)(3.214m),9.791(24.479%)(0.000m),5816.884,8974.858,62.7,1.2582,"[-0.553, 1.151, 2.010, -0.379, 1.397, 2.271]","[2.473, 2.560, 2.657, 2.654, 2.909, 2.860]","[-6.196, -2.637, 1.289, -5.798, -2.698, 1.567]"
127,1,-4.5745,-5.2358,0.218,133,324,17,0,0.777,40,0.00,2529,534.83,0,0,69.085(86.356%)(5.259m),47.046(41.512%)(2.898m),19.331(17.057%)(0.000m),12.710(11.214%)(0.000m),9.014(11.268%)(0.000m),40.000(100.000%)(3.214m),11.553(28.884%)(0.166m),5985.415,12239.735,56.4,1.3905,"[0.801, 1.006, 1.143, 0.912, 1.293, 1.274]","[2.548, 2.638, 3.091, 2.685, 2.893, 3.329]","[-5.033, -5.078, -5.755, -4.993, -5.359, -6.590]"
128,1,-7.9799,-5.2507,0.218,354,882,77,32,0.775,65,0.00,2565,1371.95,0,0,28.000(35.000%)(0.857m),32.000(28.235%)(1.286m),29.718(26.222%)(1.041m),16.397(14.468%)(0.000m),10.360(12.950%)(0.000m),40.000(100.000%)(3.214m),10.880(27.199%)(0.094m),652.580,6078.479,57.7,1.4211,"[0.589, 0.428, 0.482, 0.674, 0.697, 0.389]","[2.357, 2.328, 2.151, 2.427, 2.717, 2.222]","[-5.119, -5.380, -5.989, -5.273, -5.483, -6.731]"
129,1,-6.0270,-5.2591,0.235,151,375,46,0,0.774,40,0.00,2581,568.29,0,0,77.786(97.233%)(6.191m),105.000(92.647%)(9.107m),47.568(41.972%)(2.954m),20.136(17.767%)(0.015m),11.234(14.043%)(0.000m),40.000(100.000%)(3.214m),10.061(25.152%)(0.007m),5400.330,15589.867,57.4,1.3493,"[0.518, 1.668, 2.085, 0.649, 2.037, 2.188]","[2.812, 2.865, 2.773, 2.950, 3.147, 3.042]","[-5.700, -5.220, -3.765, -5.450, -5.422, -3.949]"
130,1,-11.7309,-5.4033,0.212,545,1479,209,151,0.772,80,0.00,2636,2050.98,0,0,18.000(22.500%)(0.000m),32.000(28.235%)(1.286m),19.000(16.765%)(0.000m),20.000(17.647%)(0.000m),14.594(18.242%)(0.000m),10.000(25.000%)(0.000m),10.214(25.535%)(0.023m),0.000,6721.890,62.8,1.3332,"[-0.012, 0.201, 0.653, 0.055, 0.443, 0.652]","[2.505, 3.288, 3.103, 2.735, 3.617, 3.252]","[-7.454, -4.861, -5.368, -6.995, -4.794, -6.745]"
131,1,-6.5136,-5.4157,0.222,349,870,51,30,0.771,65,0.00,2671,1347.16,0,0,17.551(21.938%)(0.000m),36.861(32.524%)(1.807m),87.972(77.623%)(7.283m),26.000(22.941%)(0.643m),25.000(31.250%)(0.536m),12.386(30.966%)(0.256m),40.000(100.000%)(3.214m),4715.829,15500.152,57.7,1.3059,"[1.152, 1.310, 0.837, 1.260, 1.571, 0.896]","[4.191, 3.495, 3.361, 3.824, 4.036, 3.096]","[-5.641, -3.982, -4.871, -5.373, -3.136, -4.878]"
132,1,-9.6215,-5.5243,0.210,452,1275,72,118,0.769,80,0.00,2717,1735.45,0,0,22.000(27.500%)(0.214m),20.000(17.647%)(0.000m),25.000(22.059%)(0.536m),47.000(41.471%)(2.893m),22.000(27.500%)(0.214m),19.077(47.693%)(0.973m),15.000(37.500%)(0.536m),0.000,9906.519,65.3,1.3826,"[0.874, 0.761, 0.775, 0.947, 1.048, 0.744]","[2.240, 2.735, 2.712, 2.345, 2.980, 2.687]","[-4.305, -6.129, -8.296, -5.112, -7.220, -7.657]"
133,1,-7.5073,-5.5873,0.214,207,515,23,0,0.768,50,0.00,2738,752.72,0,0,9.430(11.787%)(0.000m),14.238(12.563%)(0.000m),23.878(21.069%)(0.415m),71.398(62.998%)(5.507m),34.534(43.168%)(1.557m),10.661(26.652%)(0.071m),24.836(62.090%)(1.590m),3368.501,13260.646,57.6,1.3860,"[0.826, 0.625, 0.382, 0.966, 0.947, 0.434]","[2.188, 2.282, 1.874, 2.301, 2.571, 2.202]","[-5.462, -5.672, -5.277, -5.418, -5.499, -6.478]"
134,1,-6.1985,-5.6330,0.220,217,565,18,0,0.766,55,0.00,2760,830.58,0,0,11.137(13.921%)(0.000m),18.763(16.555%)(0.000m),38.350(33.839%)(1.966m),59.000(52.059%)(4.179m),50.000(62.500%)(3.214m),10.736(26.840%)(0.079m),39.953(99.882%)(3.209m),1625.921,7651.497,60.3,1.2524,"[0.930, 0.649, 0.520, 0.971, 0.976, 0.465]","[2.297, 2.087, 2.199, 2.167, 2.456, 2.298]","[-5.797, -5.940, -5.103, -6.149, -5.701, -5.745]"
135,1,-3.6162,-5.6024,0.243,208,512,81,0,0.765,50,0.00,2781,756.51,0,0,12.270(15.338%)(0.000m),24.629(21.732%)(0.496m),66.851(58.986%)(5.020m),86.000(75.883%)(7.071m),76.230(95.288%)(6.025m),9.820(24.551%)(0.000m),40.000(100.000%)(3.214m),6760.002,16873.665,57.0,1.3049,"[2.450, 1.974, 0.243, 2.474, 1.998, 0.168]","[4.396, 3.853, 3.643, 4.117, 4.157, 3.384]","[-3.076, -5.825, -6.100, -2.841, -6.465, -5.025]"
136,1,-2.6111,-5.5271,0.218,313,827,36,64,0.763,65,0.00,2813,1143.98,0,0,24.477(30.596%)(0.480m),50.784(44.809%)(3.298m),43.000(37.941%)(2.464m),20.000(17.647%)(0.000m),12.000(15.000%)(0.000m),17.408(43.519%)(0.794m),11.000(27.500%)(0.107m),400.553,6479.723,61.1,1.1755,"[0.652, 0.347, 0.499, 0.712, 0.633, 0.526]","[2.388, 2.525, 2.219, 2.573, 2.843, 2.975]","[-5.644, -4.334, -3.551, -5.338, -3.578, -2.497]"
137,1,-3.4818,-5.4943,0.295,156,400,17,0,0.762,45,0.00,2829,590.61,0,0,66.061(82.576%)(4.935m),99.000(87.353%)(8.464m),40.522(35.755%)(2.199m),18.558(16.374%)(0.000m),10.691(13.364%)(0.000m),40.000(100.000%)(3.214m),9.935(24.836%)(0.000m),3730.267,8475.598,59.4,1.3063,"[0.947, 1.436, 1.630, 1.127, 1.852, 1.818]","[2.737, 2.727, 2.738, 2.899, 3.077, 3.075]","[-4.832, -5.025, -4.415, -5.129, -4.706, -4.951]"
138,1,-8.3995,-5.5594,0.306,178,444,18,0,0.760,45,0.00,2847,677.70,0,0,26.064(32.580%)(0.650m),44.967(39.677%)(2.675m),19.573(17.270%)(0.000m),13.078(11.540%)(0.000m),9.392(11.740%)(0.000m),18.591(46.478%)(0.920m),12.351(30.879%)(0.252m),3915.156,15751.386,57.7,1.3211,"[1.454, 1.529, 1.086, 1.480, 1.859, 0.917]","[3.988, 4.007, 3.842, 3.801, 4.402, 3.478]","[-4.287, -5.419, -5.851, -4.609, -4.387, -6.593]"
139,1,-5.5749,-5.5490,0.288,90,230,20,0,0.759,30,0.00,2856,339.97,0,0,78.639(98.299%)(6.283m),113.000(99.706%)(9.964m),50.490(44.550%)(3.267m),20.745(18.305%)(0.080m),11.445(14.306%)(0.000m),40.000(100.000%)(3.214m),10.124(25.309%)(0.013m),6703.566,12196.735,59.2,1.4337,"[0.262, 1.009, 1.301, 0.446, 1.353, 1.505]","[2.886, 2.931, 2.809, 3.034, 3.282, 3.350]","[-5.409, -5.378, -4.758, -5.454, -5.034, -4.746]"
140,1,-3.9623,-5.5590,0.274,128,325,14,0,0.757,40,0.00,2869,487.66,0,0,77.786(97.233%)(6.191m),111.000(97.941%)(9.750m),51.616(45.544%)(3.387m),21.208(18.713%)(0.129m),11.700(14.625%)(0.000m),40.000(100.000%)(3.214m),10.350(25.874%)(0.037m),6393.622,10893.780,58.8,1.4441,"[0.855, 1.649, 2.102, 1.072, 2.011, 2.287]","[2.851, 3.099, 3.016, 3.068, 3.392, 3.247]","[-5.104, -5.135, -3.735, -5.092, -4.618, -3.987]"
141,1,-8.2323,-5.6230,0.263,325,817,57,49,0.756,65,0.00,2902,1208.72,0,0,23.000(28.750%)(0.321m),22.000(19.412%)(0.214m),26.000(22.941%)(0.643m),36.000(31.765%)(1.714m),45.376(56.721%)(2.719m),18.956(47.390%)(0.960m),40.000(100.000%)(3.214m),0.000,9182.019,58.2,1.2368,"[1.336, 1.351, 1.541, 1.346, 1.670, 1.406]","[3.313, 3.481, 3.801, 3.551, 3.960, 3.828]","[-2.914, -4.143, -2.636, -3.341, -3.435, -3.777]"
142,1,-5.1571,-5.5902,0.280,340,893,50,0,0.754,65,0.00,2936,1273.62,0,0,12.392(15.490%)(0.000m),25.619(22.605%)(0.602m),83.409(73.596%)(6.794m),57.000(50.294%)(3.964m),32.000(40.000%)(1.286m),9.668(24.170%)(0.000m),33.000(82.500%)(2.464m),4285.228,10744.250,60.8,1.3589,"[2.086, 1.878, 0.827, 2.102, 1.818, 1.014]","[3.406, 3.669, 3.665, 3.074, 3.772, 3.729]","[-1.468, -5.759, -7.760, -1.629, -4.678, -6.144]"
143,1,-4.9501,-5.6154,0.305,185,461,18,0,0.753,45,0.00,2955,725.93,0,0,11.817(14.771%)(0.000m),22.767(20.088%)(0.296m),66.749(58.896%)(5.009m),86.000(75.883%)(7.071m),77.067(96.334%)(6.114m),9.822(24.556%)(0.000m),40.000(100.000%)(3.214m),3190.849,11337.102,57.6,1.2650,"[2.341, 1.519, 0.582, 2.479, 1.568, 0.798]","[4.399, 3.228, 3.077, 4.366, 3.516, 3.193]","[-1.670, -5.294, -6.859, -1.261, -5.938, -5.201]"
144,1,-5.4294,-5.5665,0.277,270,704,53,20,0.751,60,0.00,2982,1071.86,0,0,19.360(24.200%)(0.000m),40.626(35.847%)(2.210m),50.000(44.118%)(3.214m),21.000(18.529%)(0.107m),24.000(30.000%)(0.429m),13.672(34.181%)(0.393m),38.650(96.626%)(3.070m),2021.408,9173.090,60.3,1.4870,"[2.030, 1.992, 1.090, 2.079, 2.264, 1.061]","[4.145, 4.056, 3.125, 3.780, 4.499, 3.233]","[-5.022, -4.495, -6.020, -4.621, -3.319, -6.704]"
145,1,-4.4688,-5.6011,0.274,311,806,84,0,0.750,65,0.00,3014,1123.23,0,0,12.595(15.743%)(0.000m),26.446(23.334%)(0.691m),71.357(62.963%)(5.503m),50.000(44.118%)(3.214m),37.000(46.250%)(1.821m),9.683(24.209%)(0.000m),40.000(100.000%)(3.214m),4091.383,13606.092,60.0,1.1843,"[2.038, 1.502, 0.681, 2.113, 1.556, 0.687]","[4.761, 4.090, 4.022, 4.884, 4.499, 3.712]","[-3.490, -4.685, -7.145, -4.086, -4.522, -6.251]"
146,1,-4.8001,-5.5989,0.275,187,480,15,0,0.748,50,0.00,3033,717.01,0,0,10.384(12.980%)(0.000m),16.041(14.154%)(0.000m),27.902(24.620%)(0.847m),83.000(73.236%)(6.750m),58.678(73.347%)(4.144m),11.313(28.282%)(0.141m),40.000(100.000%)(3.214m),2370.300,7692.308,59.5,1.4450,"[1.614, 1.524, 1.312, 1.749, 1.846, 1.424]","[2.809, 3.095, 2.859, 3.045, 3.437, 3.074]","[-5.021, -5.439, -4.425, -5.036, -5.348, -5.204]"
147,1,-6.8016,-5.6295,0.238,182,453,29,0,0.747,45,0.00,3052,716.52,0,0,57.011(71.264%)(3.965m),89.000(78.530%)(7.393m),50.124(44.228%)(3.228m),20.595(18.173%)(0.064m),11.362(14.203%)(0.000m),40.000(100.000%)(3.214m),10.051(25.126%)(0.005m),3434.888,10090.494,57.6,1.3295,"[0.689, 0.732, 1.054, 0.792, 1.087, 1.125]","[2.738, 3.013, 2.790, 2.778, 3.354, 2.930]","[-5.272, -5.620, -4.569, -5.336, -5.300, -5.050]"
148,1,-3.9155,-5.5973,0.254,172,420,21,0,0.745,45,0.00,3070,676.64,0,0,11.231(14.039%)(0.000m),19.910(17.568%)(0.000m),45.742(40.361%)(2.758m),101.000(89.118%)(8.679m),76.230(95.288%)(6.025m),10.182(25.456%)(0.020m),40.000(100.000%)(3.214m),6285.395,12581.178,56.5,1.4139,"[2.341, 1.623, 0.266, 2.463, 1.618, 0.488]","[3.642, 2.969, 2.744, 3.645, 3.271, 2.904]","[-5.516, -6.396, -7.175, -5.708, -6.414, -5.678]"
149,1,-4.2651,-5.5768,0.247,199,506,17,0,0.744,50,0.00,3090,727.88,0,0,63.383(79.228%)(4.648m),87.000(76.765%)(7.179m),33.754(29.783%)(1.474m),17.163(15.144%)(0.000m),10.381(12.976%)(0.000m),40.000(100.000%)(3.214m),10.255(25.637%)(0.027m),3238.237,8553.538,58.9,1.4395,"[1.192, 1.776, 1.910, 1.299, 2.079, 2.042]","[2.956, 3.067, 2.907, 3.053, 3.389, 3.054]","[-5.548, -5.500, -6.321, -5.694, -5.282, -7.185]"
150,1,-4.0405,-5.5498,0.290,192,517,19,0,0.742,50,0.00,3110,725.99,0,0,10.281(12.852%)(0.000m),17.157(15.138%)(0.000m),34.382(30.337%)(1.541m),63.000(55.588%)(4.607m),51.000(63.750%)(3.321m),10.033(25.083%)(0.004m),38.251(95.627%)(3.027m),1061.752,5685.304,62.3,1.4711,"[1.242, 1.332, 1.480, 1.226, 1.608, 1.339]","[2.833, 3.169, 2.952, 2.932, 3.448, 2.975]","[-4.854, -5.704, -4.252, -5.157, -5.321, -5.619]"
151,1,-3.9871,-5.5022,0.261,198,541,57,13,0.741,55,0.00,3130,780.16,0,0,54.240(67.800%)(3.669m),94.000(82.941%)(7.929m),24.000(21.177%)(0.429m),20.000(17.647%)(0.000m),23.000(28.750%)(0.321m),40.000(100.000%)(3.214m),36.541(91.353%)(2.844m),0.000,2980.254,63.2,1.5378,"[1.070, 1.062, 1.292, 0.891, 1.423, 1.021]","[3.152, 3.323, 3.120, 3.101, 3.622, 3.299]","[-6.164, -4.640, -3.312, -5.806, -4.072, -6.557]"
152,1,-8.3424,-5.5107,0.246,482,1208,110,56,0.739,75,0.00,3179,1808.09,0,0,10.296(12.870%)(0.000m),16.868(14.884%)(0.000m),32.587(28.753%)(1.349m),56.000(49.412%)(3.857m),25.000(31.250%)(0.536m),10.296(25.740%)(0.032m),18.000(45.000%)(0.857m),3887.789,12972.365,58.0,1.3513,"[1.818, 1.537, 1.331, 1.874, 1.754, 1.290]","[4.074, 4.792, 4.118, 4.020, 5.002, 3.797]","[-5.408, -6.002, -6.520, -5.757, -5.823, -5.617]"
153,1,-3.6895,-5.4965,0.234,272,688,15,0,0.738,60,0.00,3207,1058.62,0,0,50.000(62.500%)(3.214m),68.000(60.000%)(5.143m),32.377(28.568%)(1.326m),16.760(14.788%)(0.000m),10.230(12.787%)(0.000m),36.958(92.396%)(2.888m),10.230(25.575%)(0.025m),2281.453,6990.526,58.5,1.4348,"[1.168, 1.429, 1.501, 1.296, 1.736, 1.512]","[2.620, 3.049, 2.844, 2.818, 3.340, 2.996]","[-4.914, -4.932, -5.600, -5.150, -4.122, -6.908]"
154,1,-1.4644,-5.3521,0.235,166,456,14,0,0.736,50,0.00,3224,640.95,0,0,9.591(11.988%)(0.000m),13.880(12.247%)(0.000m),21.870(19.297%)(0.200m),61.000(53.824%)(4.393m),49.000(61.250%)(3.107m),11.684(29.210%)(0.180m),40.000(100.000%)(3.214m),1291.730,4669.664,63.5,1.4651,"[1.094, 1.292, 1.231, 1.063, 1.485, 1.160]","[2.401, 2.920, 2.912, 2.419, 3.235, 3.048]","[-4.747, -4.969, -4.589, -4.534, -5.325, -5.021]"
155,1,-4.1666,-5.3272,0.223,263,696,0,28,0.735,60,0.00,3251,956.36,0,0,36.506(45.632%)(1.768m),75.481(66.601%)(5.944m),43.000(37.941%)(2.464m),20.000(17.647%)(0.000m),11.000(13.750%)(0.000m),26.187(65.467%)(1.734m),40.000(100.000%)(3.214m),1599.336,6153.969,61.3,1.3128,"[1.559, 1.675, 1.748, 1.601, 1.936, 1.861]","[2.553, 2.761, 2.672, 2.641, 3.090, 2.872]","[-6.436, -5.305, -3.341, -5.816, -5.014, -1.435]"
156,1,-2.7689,-5.2740,0.234,164,469,14,0,0.733,50,0.00,3268,624.43,0,0,44.000(55.000%)(2.571m),60.000(52.941%)(4.286m),41.826(36.905%)(2.338m),19.155(16.901%)(0.000m),11.035(13.794%)(0.000m),40.000(100.000%)(3.214m),10.254(25.635%)(0.027m),909.615,4430.464,66.2,1.4068,"[0.542, 0.782, 1.150, 0.605, 1.021, 1.116]","[2.651, 2.878, 2.566, 2.764, 3.253, 2.700]","[-5.123, -4.945, -5.219, -5.340, -4.445, -6.468]"
157,1,-4.1691,-5.2843,0.225,170,418,17,0,0.732,45,0.00,3285,620.31,0,0,65.956(82.444%)(4.924m),94.238(83.152%)(7.954m),24.014(21.189%)(0.430m),14.320(12.635%)(0.000m),9.484(11.855%)(0.000m),40.000(100.000%)(3.214m),10.722(26.805%)(0.077m),5504.424,12304.803,56.8,1.5799,"[1.038, 1.317, 1.416, 1.130, 1.569, 1.505]","[2.430, 2.680, 3.316, 2.525, 2.876, 3.242]","[-5.346, -5.230, -6.623, -5.435, -5.352, -7.132]"
158,1,-6.6538,-5.3564,0.253,166,403,13,0,0.730,45,0.00,3302,662.76,0,0,78.076(97.595%)(6.222m),99.000(87.353%)(8.464m),60.236(53.150%)(4.311m),23.250(20.515%)(0.348m),11.909(14.886%)(0.000m),40.000(100.000%)(3.214m),9.775(24.438%)(0.000m),5136.482,12990.520,56.2,1.1945,"[0.239, 0.572, 1.301, 0.311, 0.855, 1.440]","[2.487, 2.786, 2.837, 2.514, 3.145, 2.848]","[-5.102, -5.494, -2.779, -5.039, -5.649, -2.666]"
159,1,-5.2265,-5.3920,0.217,338,862,77,22,0.729,65,0.00,3336,1314.95,0,0,14.403(18.003%)(0.000m),30.565(26.969%)(1.132m),36.000(31.765%)(1.714m),18.000(15.882%)(0.000m),11.000(13.750%)(0.000m),10.125(25.312%)(0.013m),40.000(100.000%)(3.214m),4731.808,13870.482,59.0,1.5029,"[1.860, 1.818, 1.034, 1.915, 1.958, 0.945]","[4.431, 3.909, 3.983, 4.040, 4.378, 3.596]","[-6.879, -6.505, -9.385, -6.489, -6.203, -10.108]"
160,1,-3.0828,-5.3877,0.220,130,352,14,0,0.727,40,0.00,3349,490.13,0,0,9.835(12.294%)(0.000m),14.850(13.103%)(0.000m),24.904(21.974%)(0.525m),80.000(70.588%)(6.429m),72.000(90.000%)(5.571m),11.119(27.798%)(0.120m),40.000(100.000%)(3.214m),2408.721,6724.979,62.7,1.3765,"[1.204, 1.178, 0.679, 1.203, 1.334, 0.767]","[3.126, 2.654, 2.462, 2.844, 2.873, 2.532]","[-5.374, -5.143, -5.141, -5.111, -5.451, -5.281]"
161,1,-6.0581,-5.4395,0.215,176,485,18,0,0.726,50,0.00,3367,680.14,0,0,46.000(57.500%)(2.786m),65.000(57.353%)(4.821m),37.252(32.870%)(1.848m),17.850(15.750%)(0.000m),10.493(13.116%)(0.000m),40.000(100.000%)(3.214m),9.992(24.980%)(0.000m),1374.166,5890.335,63.8,1.2994,"[0.015, 0.701, 1.309, 0.167, 1.001, 1.309]","[2.115, 2.473, 2.402, 2.234, 2.884, 2.538]","[-5.319, -5.228, -6.067, -5.571, -5.014, -6.789]"
162,1,-4.4900,-5.4374,0.220,250,608,20,0,0.724,55,0.00,3392,943.58,0,0,74.964(93.705%)(5.889m),81.000(71.471%)(6.536m),51.088(45.078%)(3.331m),20.991(18.522%)(0.106m),11.581(14.476%)(0.000m),40.000(100.000%)(3.214m),10.244(25.609%)(0.026m),4922.586,11456.037,56.3,1.3472,"[0.703, 1.587, 2.041, 0.827, 1.877, 2.198]","[2.563, 2.810, 3.257, 2.632, 3.157, 3.161]","[-5.807, -5.539, -4.363, -5.579, -5.551, -4.149]"
163,1,-4.0511,-5.4506,0.250,151,368,15,0,0.723,40,0.00,3408,586.15,0,0,9.866(12.332%)(0.000m),13.910(12.274%)(0.000m),21.157(18.668%)(0.124m),51.490(45.433%)(3.374m),67.688(84.610%)(5.109m),12.645(31.612%)(0.283m),40.000(100.000%)(3.214m),6625.026,10775.438,56.5,1.3491,"[1.475, 1.210, 0.907, 1.590, 1.437, 0.979]","[2.922, 2.963, 2.760, 2.806, 3.269, 2.960]","[-5.355, -5.259, -5.403, -5.190, -5.598, -5.396]"
164,1,-6.8368,-5.4483,0.226,315,813,30,66,0.722,65,0.00,3440,1193.13,0,0,9.731(12.164%)(0.000m),15.275(13.478%)(0.000m),27.293(24.082%)(0.781m),30.000(26.471%)(1.071m),21.000(26.250%)(0.107m),10.345(25.862%)(0.037m),40.000(100.000%)(3.214m),650.316,8610.144,59.8,1.3492,"[0.680, 0.724, 1.080, 0.647, 1.111, 0.989]","[2.768, 3.066, 3.091, 2.974, 3.371, 3.003]","[-5.369, -5.374, -5.340, -5.288, -5.207, -5.801]"
165,1,-7.5432,-5.4837,0.225,245,644,43,20,0.720,55,0.00,3465,907.28,0,0,10.266(12.832%)(0.000m),16.114(14.218%)(0.000m),28.792(25.405%)(0.942m),33.000(29.118%)(1.393m),29.000(36.250%)(0.964m),10.913(27.283%)(0.098m),38.697(96.743%)(3.075m),595.106,6966.333,60.8,1.2954,"[0.564, 0.579, 0.843, 0.450, 0.887, 0.735]","[2.327, 2.835, 2.728, 2.441, 3.183, 2.918]","[-5.523, -4.910, -5.101, -5.286, -4.995, -5.654]"
166,1,-5.1185,-5.4651,0.226,164,420,19,0,0.719,45,0.00,3482,624.89,0,0,10.591(13.239%)(0.000m),17.352(15.310%)(0.000m),33.521(29.577%)(1.449m),79.000(69.706%)(6.321m),67.589(84.486%)(5.099m),10.591(26.478%)(0.063m),40.000(100.000%)(3.214m),2702.207,11641.748,59.2,1.4078,"[1.771, 1.544, 1.308, 1.863, 1.837, 1.323]","[4.381, 3.178, 3.077, 4.412, 3.503, 3.310]","[-5.146, -5.400, -5.441, -5.373, -5.337, -5.911]"
167,1,-4.3704,-5.3628,0.219,140,388,20,0,0.717,45,0.00,3496,535.84,0,0,62.000(77.500%)(4.500m),81.000(71.471%)(6.536m),48.937(43.179%)(3.100m),20.107(17.742%)(0.012m),11.093(13.866%)(0.000m),40.000(100.000%)(3.214m),9.812(24.531%)(0.000m),2025.822,6037.020,64.1,1.1740,"[0.590, 1.021, 1.331, 0.656, 1.259, 1.320]","[3.064, 3.087, 2.807, 3.056, 3.362, 3.053]","[-5.634, -5.312, -4.807, -5.711, -4.637, -5.725]"
168,1,-5.1525,-5.3469,0.220,132,329,22,0,0.716,40,0.00,3510,484.03,0,0,78.639(98.299%)(6.283m),113.333(100.000%)(10.000m),56.332(49.704%)(3.893m),21.961(19.377%)(0.210m),11.835(14.794%)(0.000m),40.000(100.000%)(3.214m),10.213(25.532%)(0.023m),6587.342,13611.094,57.7,1.4744,"[0.089, 1.865, 2.391, 0.223, 2.055, 2.411]","[2.979, 3.261, 3.405, 3.088, 3.526, 3.310]","[-5.648, -5.601, -4.272, -5.344, -5.897, -4.300]"
169,1,-3.0111,-5.1928,0.200,267,707,19,7,0.714,60,0.00,3537,1003.90,0,0,10.479(13.099%)(0.000m),17.654(15.577%)(0.000m),36.085(31.840%)(1.723m),45.000(39.706%)(2.679m),31.000(38.750%)(1.179m),10.102(25.255%)(0.011m),40.000(100.000%)(3.214m),4957.888,10524.012,61.3,1.3606,"[1.572, 1.623, 1.189, 1.601, 1.831, 1.008]","[2.942, 3.036, 3.432, 2.994, 3.549, 2.951]","[-5.557, -6.200, -5.534, -5.726, -6.032, -5.248]"
170,1,-3.1092,-5.1460,0.209,149,395,15,0,0.713,45,0.00,3552,590.48,0,0,10.845(13.556%)(0.000m),17.930(15.820%)(0.000m),35.262(31.114%)(1.635m),87.000(76.765%)(7.179m),67.530(84.413%)(5.093m),10.713(26.783%)(0.076m),40.000(100.000%)(3.214m),3330.333,6698.893,61.4,1.2690,"[1.573, 1.107, 0.626, 1.622, 1.376, 0.589]","[2.629, 2.985, 2.631, 2.737, 3.281, 2.754]","[-5.278, -5.529, -5.302, -5.089, -5.753, -5.876]"
171,1,-8.4268,-5.2048,0.197,321,823,47,39,0.712,65,0.00,3585,1185.93,0,0,25.000(31.250%)(0.536m),26.000(22.941%)(0.643m),25.018(22.075%)(0.538m),15.088(13.313%)(0.000m),10.067(12.583%)(0.000m),20.793(51.983%)(1.156m),11.522(28.805%)(0.163m),220.383,8029.997,59.3,1.3565,"[0.505, 0.544, 0.509, 0.397, 0.872, 0.464]","[2.732, 3.106, 2.784, 2.763, 3.406, 2.986]","[-4.801, -4.859, -6.230, -5.178, -3.902, -7.200]"
172,1,-4.2717,-5.2142,0.199,196,524,16,0,0.710,50,0.00,3605,722.89,0,0,44.000(55.000%)(2.571m),36.495(32.202%)(1.767m),17.487(15.430%)(0.000m),12.038(10.622%)(0.000m),8.854(11.068%)(0.000m),40.000(100.000%)(3.214m),12.269(30.673%)(0.243m),936.560,5478.349,61.9,1.2515,"[0.569, 0.627, 0.741, 0.621, 0.898, 0.722]","[2.324, 2.603, 2.453, 2.389, 2.911, 2.619]","[-4.883, -6.405, -5.850, -4.974, -5.699, -6.867]"
173,1,-3.2605,-5.2108,0.227,304,793,2,16,0.709,65,0.00,3636,1166.47,0,0,11.000(13.750%)(0.000m),17.000(15.000%)(0.000m),33.000(29.118%)(1.393m),51.649(45.573%)(3.391m),25.443(31.803%)(0.583m),40.000(100.000%)(3.214m),17.999(44.996%)(0.857m),1515.724,7230.298,60.4,1.3995,"[1.087, 1.434, 1.198, 1.116, 1.539, 1.332]","[2.715, 2.725, 2.404, 2.805, 3.047, 2.538]","[-7.317, -6.795, -9.961, -7.734, -11.668, -6.368]"
174,1,-3.8344,-5.2122,0.218,146,390,16,0,0.707,45,0.00,3651,569.49,0,0,11.715(14.644%)(0.000m),21.235(18.737%)(0.132m),51.682(45.602%)(3.394m),85.000(75.000%)(6.964m),68.000(85.000%)(5.143m),10.363(25.907%)(0.039m),40.000(100.000%)(3.214m),2485.835,6680.936,61.8,1.2986,"[1.228, 0.786, -0.114, 1.182, 0.993, -0.191]","[2.512, 2.435, 2.179, 2.375, 2.758, 2.239]","[-5.392, -5.959, -5.058, -6.057, -5.311, -5.229]"
175,1,-4.5616,-5.2126,0.208,155,396,15,0,0.706,45,0.00,3667,582.63,0,0,60.026(75.033%)(4.289m),64.510(56.921%)(4.769m),22.003(19.415%)(0.215m),13.832(12.204%)(0.000m),9.493(11.866%)(0.000m),40.000(100.000%)(3.214m),11.421(28.552%)(0.152m),2951.306,7758.390,59.1,1.3550,"[0.567, 0.710, 0.996, 0.609, 0.971, 1.085]","[2.777, 2.654, 2.415, 2.827, 2.961, 2.597]","[-4.935, -5.079, -5.999, -5.338, -4.943, -7.106]"
176,1,-3.4880,-5.2199,0.200,89,246,15,0,0.704,35,0.00,3676,344.71,0,0,77.786(97.233%)(6.191m),47.781(42.160%)(2.977m),19.017(16.780%)(0.000m),12.398(10.939%)(0.000m),8.737(10.922%)(0.000m),40.000(100.000%)(3.214m),11.057(27.642%)(0.113m),2683.650,6265.258,63.9,1.2058,"[-0.318, 0.347, 0.685, -0.296, 0.592, 0.506]","[1.940, 2.239, 2.061, 2.054, 2.589, 2.074]","[-4.777, -5.036, -5.455, -5.127, -4.513, -6.650]"
177,1,-10.3014,-5.3344,0.205,408,999,180,35,0.703,65,0.00,3717,1516.89,0,0,24.000(30.000%)(0.429m),20.000(17.647%)(0.000m),20.000(17.647%)(0.000m),27.000(23.824%)(0.750m),15.573(19.467%)(0.000m),40.000(100.000%)(3.214m),10.959(27.398%)(0.103m),0.000,11214.765,56.7,1.4048,"[0.275, 0.938, 0.983, 0.200, 1.186, 0.862]","[3.307, 3.305, 3.505, 3.226, 3.538, 3.139]","[-6.423, -6.105, -4.652, -4.945, -8.330, -5.692]"
178,1,-0.8288,-5.1914,0.220,269,746,81,0,0.702,65,0.00,3744,1041.99,0,0,12.620(15.775%)(0.000m),26.499(23.381%)(0.696m),91.769(80.973%)(7.690m),70.000(61.765%)(5.357m),32.000(40.000%)(1.286m),9.721(24.302%)(0.000m),25.000(62.500%)(1.607m),1144.189,6273.386,64.2,1.3341,"[0.739, 0.715, -0.708, 0.546, 0.316, -0.653]","[2.475, 3.693, 2.442, 2.488, 3.288, 2.441]","[-3.242, -4.574, -8.704, -4.409, -6.599, -5.956]"
179,1,-4.1452,-5.1538,0.205,160,401,19,0,0.700,45,0.00,3760,603.75,0,0,10.789(13.486%)(0.000m),17.675(15.596%)(0.000m),34.146(30.129%)(1.516m),90.000(79.412%)(7.500m),64.560(80.700%)(4.774m),10.789(26.972%)(0.085m),40.000(100.000%)(3.214m),3611.049,9816.252,58.0,1.2650,"[1.164, 1.054, 0.886, 1.260, 1.327, 0.927]","[2.652, 2.839, 2.532, 2.807, 3.175, 2.718]","[-5.360, -5.458, -5.235, -5.418, -5.539, -5.594]"
180,1,0.1135,-4.9169,0.198,222,590,45,13,0.699,55,0.00,3783,858.87,0,0,69.734(87.168%)(5.329m),21.000(18.529%)(0.107m),20.000(17.647%)(0.000m),20.000(17.647%)(0.000m),60.801(76.001%)(4.371m),40.000(100.000%)(3.214m),40.000(100.000%)(3.214m),0.000,4552.345,61.5,1.3846,"[1.061, 1.103, 1.244, 1.064, 1.395, 1.159]","[2.612, 2.804, 2.565, 2.619, 3.065, 2.630]","[-3.646, -5.079, -3.601, -2.736, -4.465, -5.031]"
181,1,-5.7180,-4.9010,0.210,233,620,0,11,0.697,55,0.00,3807,877.90,0,0,32.091(40.114%)(1.296m),61.901(54.619%)(4.489m),113.333(100.000%)(10.000m),23.000(20.294%)(0.321m),24.000(30.000%)(0.429m),22.916(57.290%)(1.384m),40.000(100.000%)(3.214m),4487.809,12943.874,61.6,1.3735,"[1.119, 1.356, 1.354, 1.223, 1.597, 1.350]","[2.627, 2.756, 2.494, 2.720, 3.041, 2.481]","[-4.630, -4.979, -2.406, -4.213, -4.660, -2.712]"
182,1,-5.0743,-4.8100,0.178,299,755,48,0,0.696,60,0.00,3837,1149.88,0,0,10.449(13.061%)(0.000m),17.118(15.104%)(0.000m),33.069(29.179%)(1.400m),44.000(38.824%)(2.571m),38.000(47.500%)(1.929m),10.449(26.122%)(0.048m),38.974(97.435%)(3.104m),1015.976,6138.639,58.5,1.3392,"[0.937, 0.834, 0.728, 0.949, 1.058, 0.637]","[2.706, 2.789, 2.423, 2.777, 3.055, 2.568]","[-5.181, -5.058, -5.435, -5.320, -4.904, -6.100]"
183,1,-5.8981,-4.7778,0.199,162,420,15,0,0.695,45,0.00,3854,627.32,0,0,53.454(66.818%)(3.584m),45.319(39.988%)(2.713m),19.726(17.405%)(0.000m),13.181(11.630%)(0.000m),9.466(11.832%)(0.000m),39.208(98.019%)(3.129m),12.448(31.121%)(0.262m),2348.698,6897.108,59.9,1.3876,"[1.035, 0.993, 0.996, 1.032, 1.332, 0.989]","[2.632, 2.891, 2.421, 2.649, 3.098, 2.556]","[-4.448, -5.610, -5.790, -5.060, -4.359, -6.295]"
184,1,-2.7105,-4.7081,0.193,201,506,21,0,0.693,50,0.00,3875,823.26,0,0,11.282(14.102%)(0.000m),20.450(18.044%)(0.048m),49.770(43.915%)(3.190m),77.000(67.941%)(6.107m),71.000(88.750%)(5.464m),9.979(24.949%)(0.000m),40.000(100.000%)(3.214m),2665.070,10626.630,58.3,1.3976,"[1.827, 1.278, 0.369, 1.915, 1.405, 0.465]","[2.742, 2.830, 2.427, 2.945, 3.078, 2.585]","[-5.157, -5.918, -6.668, -5.703, -5.910, -5.598]"
185,1,-5.1506,-4.7388,0.185,406,1035,125,44,0.692,70,0.00,3916,1567.13,0,0,14.192(17.739%)(0.000m),30.426(26.847%)(1.117m),113.333(100.000%)(10.000m),76.000(67.059%)(6.000m),13.000(16.250%)(0.000m),9.951(24.878%)(0.000m),10.000(25.000%)(0.000m),5002.488,13273.304,59.0,1.3032,"[1.157, 1.007, -0.088, 1.250, 1.060, 0.125]","[2.654, 2.794, 2.428, 2.550, 3.020, 2.605]","[-0.677, -1.925, -7.768, -1.533, -5.268, -5.587]"
186,1,-5.7057,-4.8007,0.203,126,305,20,0,0.690,35,0.00,3929,494.19,0,0,69.102(86.378%)(5.261m),110.000(97.059%)(9.643m),32.866(28.999%)(1.378m),17.013(15.011%)(0.000m),10.384(12.980%)(0.000m),40.000(100.000%)(3.214m),10.384(25.961%)(0.041m),6622.642,15749.158,56.0,1.4797,"[0.428, 0.898, 1.250, 0.412, 1.134, 1.389]","[2.627, 2.859, 3.132, 2.640, 3.026, 2.903]","[-5.090, -5.382, -6.235, -5.449, -4.952, -6.500]"
187,1,-2.5648,-4.7823,0.214,456,1145,192,4,0.689,70,0.00,3975,1737.42,0,0,32.000(40.000%)(1.286m),40.000(35.294%)(2.143m),44.000(38.824%)(2.571m),28.776(25.391%)(0.940m),13.424(16.780%)(0.000m),27.000(67.500%)(1.821m),9.688(24.220%)(0.000m),1649.103,8723.386,58.1,1.2817,"[0.659, 1.227, 1.333, 0.705, 1.464, 1.340]","[2.947, 3.307, 3.679, 3.015, 3.416, 3.214]","[-5.071, -3.803, -1.137, -4.661, -3.026, -1.432]"
188,1,-3.0388,-4.6751,0.190,325,816,0,14,0.688,65,0.00,4008,1217.90,0,0,29.000(36.250%)(0.964m),22.000(19.412%)(0.214m),87.000(76.765%)(7.179m),50.698(44.734%)(3.289m),25.956(32.445%)(0.638m),40.000(100.000%)(3.214m),18.525(46.313%)(0.913m),4005.678,10775.065,58.1,1.5576,"[1.561, 1.657, 1.243, 1.561, 1.837, 1.221]","[3.526, 3.189, 2.913, 3.471, 3.327, 2.728]","[-3.578, -4.845, -7.289, -4.327, -8.317, -5.429]"
189,1,-7.8086,-4.7198,0.210,318,779,34,0,0.686,60,0.00,4040,1236.97,0,0,10.892(13.616%)(0.000m),17.845(15.746%)(0.000m),34.474(30.418%)(1.551m),51.000(45.000%)(3.321m),50.000(62.500%)(3.214m),10.892(27.231%)(0.096m),40.000(100.000%)(3.214m),2768.100,7445.149,56.7,1.2877,"[0.619, 0.651, 0.785, 0.606, 0.863, 0.683]","[2.285, 2.783, 2.572, 2.275, 3.025, 2.682]","[-4.988, -5.567, -5.091, -5.432, -5.855, -5.705]"
190,1,-5.3341,-4.7472,0.204,174,488,39,9,0.685,50,0.00,4058,679.96,0,0,25.000(31.250%)(0.536m),20.000(17.647%)(0.000m),19.000(16.765%)(0.000m),105.524(93.109%)(9.163m),57.981(72.476%)(4.069m),40.000(100.000%)(3.214m),40.000(100.000%)(3.214m),0.000,4272.669,64.9,1.4152,"[0.915, 1.080, 1.114, 0.879, 1.328, 1.005]","[2.471, 2.855, 2.727, 2.451, 3.205, 2.818]","[-2.617, -2.361, -2.776, -2.376, -2.655, -3.565]"
191,1,-4.5915,-4.6744,0.198,203,538,16,0,0.684,55,0.00,4079,772.74,0,0,10.460(13.075%)(0.000m),17.622(15.549%)(0.000m),36.020(31.782%)(1.716m),68.000(60.000%)(5.143m),52.000(65.000%)(3.429m),10.084(25.209%)(0.009m),40.000(100.000%)(3.214m),1629.237,5690.564,61.4,1.2951,"[1.120, 1.247, 1.312, 1.119, 1.411, 1.198]","[2.630, 2.915, 2.719, 2.608, 3.186, 2.823]","[-5.455, -5.796, -5.215, -5.075, -6.900, -6.614]"
192,1,-3.1529,-4.6343,0.206,170,434,17,0,0.682,45,0.00,4096,650.72,0,0,66.104(82.630%)(4.940m),78.000(68.824%)(6.214m),24.501(21.619%)(0.482m),14.610(12.891%)(0.000m),9.676(12.095%)(0.000m),40.000(100.000%)(3.214m),10.939(27.348%)(0.101m),3045.860,10628.437,59.0,1.3213,"[1.246, 1.551, 1.516, 1.247, 1.806, 1.553]","[3.044, 3.190, 2.971, 3.080, 3.495, 2.906]","[-5.443, -4.922, -6.731, -5.890, -4.694, -7.263]"
193,1,-4.0294,-4.6159,0.224,169,446,15,0,0.681,45,0.00,4113,640.58,0,0,10.080(12.600%)(0.000m),15.333(13.530%)(0.000m),26.018(22.957%)(0.645m),73.000(64.412%)(5.679m),54.963(68.703%)(3.746m),11.255(28.139%)(0.135m),40.000(100.000%)(3.214m),1626.627,6422.574,61.1,1.3897,"[1.039, 1.097, 1.007, 1.059, 1.204, 0.934]","[3.016, 3.434, 3.120, 3.049, 3.647, 3.229]","[-5.470, -5.168, -5.114, -4.898, -5.743, -6.024]"
194,1,-6.2955,-4.6332,0.202,161,397,18,0,0.680,45,0.00,4130,636.00,0,0,77.786(97.233%)(6.191m),98.000(86.471%)(8.357m),31.862(28.114%)(1.271m),16.777(14.803%)(0.000m),10.332(12.915%)(0.000m),40.000(100.000%)(3.214m),10.459(26.147%)(0.049m),4372.398,14237.606,57.1,1.3124,"[0.458, 1.244, 1.683, 0.518, 1.478, 1.739]","[2.677, 3.169, 2.887, 2.693, 3.384, 2.974]","[-5.405, -5.605, -6.257, -5.633, -5.656, -6.575]"
195,1,-6.2767,-4.6694,0.198,99,239,16,0,0.678,30,0.00,4140,397.81,0,0,9.972(12.464%)(0.000m),15.169(13.384%)(0.000m),25.739(22.711%)(0.615m),109.507(96.624%)(9.590m),76.230(95.288%)(6.025m),11.135(27.837%)(0.122m),40.000(100.000%)(3.214m),8238.253,18231.668,55.9,1.4427,"[1.607, 1.045, 0.077, 1.695, 1.284, -0.114]","[3.491, 3.225, 2.901, 3.565, 3.380, 2.885]","[-5.698, -5.158, -5.099, -5.670, -5.398, -6.230]"
196,1,-2.8360,-4.6301,0.206,186,477,14,0,0.677,50,0.00,4159,749.75,0,0,62.319(77.898%)(4.534m),39.510(34.861%)(2.090m),18.931(16.704%)(0.000m),13.032(11.499%)(0.000m),9.586(11.982%)(0.000m),40.000(100.000%)(3.214m),13.282(33.206%)(0.352m),2768.324,6732.050,59.4,1.3815,"[1.098, 1.397, 1.429, 1.124, 1.672, 1.465]","[2.574, 2.997, 2.843, 2.509, 3.305, 2.999]","[-5.128, -5.655, -5.563, -5.159, -4.752, -5.663]"
197,1,-4.2830,-4.5797,0.196,241,670,22,66,0.675,60,0.00,4184,930.33,0,0,12.000(15.000%)(0.000m),21.000(18.529%)(0.107m),54.000(47.647%)(3.643m),66.814(58.954%)(5.016m),34.924(43.655%)(1.599m),10.000(25.000%)(0.000m),25.012(62.530%)(1.608m),583.177,4590.058,64.3,1.2522,"[0.792, 0.892, 0.808, 0.789, 0.962, 0.720]","[2.736, 3.114, 2.894, 2.725, 3.331, 2.930]","[-2.589, -4.179, -10.320, -4.691, -8.354, -6.956]"
198,1,-6.1613,-4.6246,0.206,226,560,21,0,0.674,50,0.00,4207,860.17,0,0,13.431(16.789%)(0.000m),28.555(25.195%)(0.917m),74.126(65.406%)(5.799m),84.000(74.118%)(6.857m),75.000(93.750%)(5.893m),9.698(24.244%)(0.000m),40.000(100.000%)(3.214m),5215.821,17272.095,57.3,1.4251,"[2.020, 1.821, 1.262, 2.200, 1.977, 1.155]","[3.286, 3.082, 3.062, 3.206, 3.369, 2.976]","[-0.543, -5.674, -6.687, -0.788, -5.511, -5.878]"
199,1,-5.3761,-4.6469,0.233,111,282,16,0,0.673,35,0.00,4219,437.07,0,0,10.012(12.515%)(0.000m),15.230(13.439%)(0.000m),25.843(22.803%)(0.626m),105.000(92.647%)(9.107m),76.230(95.288%)(6.025m),11.180(27.949%)(0.126m),40.000(100.000%)(3.214m),4172.639,10626.365,58.8,1.3389,"[1.263, 0.840, 0.253, 1.344, 1.079, 0.254]","[2.679, 3.158, 2.826, 2.709, 3.395, 2.949]","[-5.395, -5.015, -5.130, -5.449, -4.875, -5.388]"
200,1,-7.1955,-4.7100,0.176,499,1254,138,84,0.671,75,0.00,4269,1904.79,0,0,26.000(32.500%)(0.643m),36.000(31.765%)(1.714m),43.000(37.941%)(2.464m),30.587(26.989%)(1.134m),14.414(18.017%)(0.000m),10.000(25.000%)(0.000m),10.133(25.332%)(0.014m),503.868,7087.498,58.1,1.3564,"[0.589, 1.095, 1.174, 0.598, 1.226, 1.059]","[2.722, 3.038, 2.906, 2.687, 3.277, 2.937]","[-4.784, -2.441, -1.364, -4.403, -1.902, -2.235]"
201,1,-6.6006,-4.7622,0.157,349,943,55,119,0.670,70,0.00,4304,1336.94,0,0,11.596(14.495%)(0.000m),21.263(18.761%)(0.135m),53.424(47.139%)(3.581m),44.000(38.824%)(2.571m),21.000(26.250%)(0.107m),10.131(25.327%)(0.014m),15.000(37.500%)(0.536m),5208.124,8596.729,62.5,1.3474,"[0.677, 1.007, 0.484, 0.777, 1.059, 0.492]","[2.673, 3.057, 2.611, 2.708, 3.244, 2.594]","[-5.803, -5.778, -6.720, -6.215, -5.775, -5.181]"
202,1,-6.7231,-4.7299,0.192,113,278,25,0,0.669,35,0.00,4316,439.20,0,0,78.639(98.299%)(6.283m),112.000(98.824%)(9.857m),43.811(38.657%)(2.551m),19.575(17.273%)(0.000m),11.161(13.951%)(0.000m),40.000(100.000%)(3.214m),10.244(25.610%)(0.026m),4940.792,14640.550,57.0,1.4698,"[-1.181, 0.120, 0.797, -1.170, 0.369, 0.803]","[2.412, 2.646, 2.524, 2.390, 2.874, 2.267]","[-5.280, -5.613, -5.657, -5.520, -5.290, -5.961]"
203,1,-3.1875,-4.7198,0.164,290,733,70,0,0.667,60,0.00,4345,1098.45,0,0,10.846(13.557%)(0.000m),17.769(15.678%)(0.000m),34.327(30.288%)(1.535m),39.000(34.412%)(2.036m),38.000(47.500%)(1.929m),10.846(27.115%)(0.091m),40.000(100.000%)(3.214m),1393.356,5900.261,58.5,1.3565,"[0.417, 0.354, 0.284, 0.297, 0.558, 0.041]","[2.395, 2.719, 2.375, 2.521, 2.957, 2.511]","[-5.020, -5.132, -4.966, -5.071, -4.839, -5.723]"
204,1,-2.2106,-4.7347,0.178,211,522,15,0,0.666,50,0.00,4367,840.49,0,0,12.706(15.883%)(0.000m),26.270(23.179%)(0.672m),69.351(61.192%)(5.288m),88.000(77.647%)(7.286m),67.738(84.672%)(5.115m),9.914(24.784%)(0.000m),40.000(100.000%)(3.214m),3900.749,9538.936,57.3,1.3402,"[1.547, 1.117, 0.340, 1.519, 1.279, 0.395]","[2.664, 2.869, 2.480, 2.602, 3.012, 2.562]","[-1.897, -5.819, -8.010, -2.096, -6.002, -5.663]"
205,1,-5.3232,-4.7579,0.167,231,584,17,0,0.665,55,0.00,4391,892.03,0,0,54.317(67.897%)(3.677m),72.000(63.530%)(5.571m),52.865(46.645%)(3.521m),21.112(18.628%)(0.119m),11.514(14.392%)(0.000m),39.617(99.042%)(3.173m),10.059(25.148%)(0.006m),2408.980,7915.958,58.5,1.4382,"[0.190, 0.472, 0.839, 0.230, 0.669, 0.879]","[2.694, 2.610, 2.386, 2.691, 2.791, 2.520]","[-5.722, -5.399, -5.894, -5.612, -5.381, -5.813]"
206,1,-2.8942,-4.7604,0.180,244,608,23,0,0.663,55,0.00,4416,954.35,0,0,13.085(16.357%)(0.000m),27.906(24.623%)(0.847m),78.776(69.508%)(6.297m),72.000(63.530%)(5.571m),64.000(80.000%)(4.714m),9.695(24.237%)(0.000m),40.000(100.000%)(3.214m),3803.538,9416.676,57.7,1.3789,"[1.502, 1.004, 0.399, 1.471, 1.225, 0.423]","[2.334, 2.576, 2.244, 2.280, 2.907, 2.407]","[0.367, -4.755, -4.866, -0.156, -3.466, -5.079]"
207,1,-0.5650,-4.6883,0.186,213,572,25,17,0.662,55,0.00,4438,820.65,0,0,45.918(57.398%)(2.777m),90.881(80.189%)(7.594m),43.000(37.941%)(2.464m),27.000(23.824%)(0.750m),23.000(28.750%)(0.321m),37.218(93.046%)(2.916m),40.000(100.000%)(3.214m),0.000,3326.142,62.1,1.4757,"[0.249, 0.633, 0.629, 0.182, 0.640, 0.633]","[2.101, 2.510, 2.394, 2.193, 2.820, 2.416]","[-5.730, -4.328, -4.439, -5.330, -4.653, -1.791]"
208,1,-1.9891,-4.5950,0.188,198,504,15,0,0.661,50,0.00,4458,767.02,0,0,11.208(14.010%)(0.000m),20.315(17.925%)(0.034m),49.443(43.626%)(3.155m),83.000(73.236%)(6.750m),66.000(82.500%)(4.929m),9.914(24.785%)(0.000m),40.000(100.000%)(3.214m),3232.636,8399.935,59.0,1.4499,"[1.469, 1.231, 0.811, 1.481, 1.528, 0.839]","[2.819, 2.858, 2.632, 2.855, 3.201, 2.688]","[-5.453, -5.852, -5.672, -5.869, -6.016, -5.772]"
209,1,-2.9466,-4.5494,0.180,187,459,38,0,0.659,45,0.00,4477,707.90,0,0,11.600(14.500%)(0.000m),21.788(19.225%)(0.192m),58.778(51.863%)(4.155m),103.000(90.883%)(8.893m),76.230(95.288%)(6.025m),9.886(24.715%)(0.000m),40.000(100.000%)(3.214m),5368.106,14884.421,56.8,1.2624,"[1.788, 1.733, -0.114, 1.836, 1.837, -0.230]","[2.485, 3.049, 2.732, 2.518, 3.314, 2.747]","[-5.554, -6.658, -7.315, -5.721, -6.642, -5.844]"
210,1,-3.0584,-4.5489,0.180,210,565,47,13,0.658,55,0.00,4498,827.10,0,0,62.650(78.313%)(4.570m),20.000(17.647%)(0.000m),19.000(16.765%)(0.000m),103.545(91.364%)(8.951m),56.669(70.836%)(3.929m),40.000(100.000%)(3.214m),40.000(100.000%)(3.214m),0.000,3432.853,62.3,1.4305,"[0.804, 0.695, 0.497, 0.771, 0.713, 0.461]","[2.482, 2.727, 2.560, 2.565, 2.943, 2.659]","[-3.186, -3.031, -3.599, -3.128, -4.385, -3.483]"
211,1,-5.3974,-4.5357,0.177,205,523,16,0,0.657,50,0.00,4519,814.17,0,0,56.606(70.757%)(3.922m),69.000(60.883%)(5.250m),25.306(22.329%)(0.569m),15.090(13.315%)(0.000m),9.994(12.493%)(0.000m),40.000(100.000%)(3.214m),11.299(28.247%)(0.139m),2863.779,7370.552,59.0,1.3728,"[0.963, 0.967, 0.816, 0.969, 1.237, 0.861]","[2.661, 2.791, 2.464, 2.678, 3.121, 2.549]","[-5.397, -5.315, -6.488, -5.595, -4.408, -6.965]"
212,1,-5.1482,-4.5489,0.193,387,1009,15,113,0.655,70,0.00,4558,1456.36,0,0,12.236(15.295%)(0.000m),24.217(21.368%)(0.452m),64.595(56.996%)(4.778m),59.000(52.059%)(4.179m),25.000(31.250%)(0.536m),9.918(24.794%)(0.000m),18.000(45.000%)(0.857m),2378.602,8192.785,60.3,1.3243,"[1.179, 1.243, 0.782, 1.270, 1.344, 0.826]","[2.562, 3.280, 3.043, 2.765, 3.360, 2.759]","[-2.670, -7.206, -7.912, -2.810, -8.107, -5.718]"
213,1,-6.4311,-4.5965,0.225,136,336,19,0,0.654,40,0.00,4572,538.55,0,0,10.726(13.407%)(0.000m),16.975(14.978%)(0.000m),30.767(27.148%)(1.154m),100.485(88.664%)(8.623m),55.112(68.890%)(3.762m),11.264(28.159%)(0.135m),40.000(100.000%)(3.214m),5057.889,11232.571,57.1,1.4218,"[0.700, 0.479, 0.241, 0.749, 0.688, 0.200]","[2.971, 3.234, 2.932, 2.996, 3.495, 2.980]","[-5.691, -5.695, -4.924, -5.664, -5.680, -5.771]"
214,1,-6.1891,-4.5835,0.192,153,405,16,0,0.653,45,0.00,4588,581.12,0,0,50.883(63.603%)(3.309m),29.753(26.253%)(1.045m),16.173(14.270%)(0.000m),11.650(10.279%)(0.000m),8.911(11.138%)(0.000m),36.984(92.461%)(2.891m),13.574(33.936%)(0.383m),2367.798,6049.006,61.3,1.2638,"[0.676, 0.480, 0.356, 0.668, 0.732, 0.357]","[2.928, 3.147, 2.734, 2.947, 3.384, 2.755]","[-4.959, -5.820, -6.028, -5.199, -5.518, -5.554]"
215,1,-1.4495,-4.4616,0.190,314,789,126,0,0.652,60,0.00,4620,1226.07,0,0,44.000(55.000%)(2.571m),86.000(75.883%)(7.071m),95.000(83.824%)(8.036m),25.990(22.933%)(0.642m),12.571(15.714%)(0.000m),40.000(100.000%)(3.214m),9.808(24.520%)(0.000m),2857.102,11671.125,58.1,1.4761,"[0.610, 1.925, 2.419, 0.705, 2.159, 2.402]","[2.972, 3.352, 3.004, 2.993, 3.536, 3.096]","[-6.185, -6.153, 0.167, -5.976, -6.223, 1.287]"
216,1,-4.0763,-4.4408,0.184,134,342,16,0,0.650,40,0.00,4634,541.73,0,0,77.786(97.233%)(6.191m),105.000(92.647%)(9.107m),40.669(35.885%)(2.215m),18.625(16.434%)(0.000m),10.730(13.413%)(0.000m),40.000(100.000%)(3.214m),9.971(24.927%)(0.000m),4442.212,9526.423,59.1,1.5023,"[-0.151, 1.223, 1.811, -0.081, 1.322, 1.911]","[2.951, 3.370, 2.844, 3.001, 3.598, 3.020]","[-5.228, -5.687, -5.306, -4.808, -5.916, -5.636]"
217,1,-4.1478,-4.4363,0.199,271,685,39,0,0.649,60,0.00,4662,1017.11,0,0,47.000(58.750%)(2.893m),67.000(59.118%)(5.036m),79.000(69.706%)(6.321m),25.319(22.340%)(0.570m),12.432(15.540%)(0.000m),40.000(100.000%)(3.214m),9.824(24.560%)(0.000m),2135.292,13360.731,58.5,1.3888,"[1.172, 1.693, 1.891, 1.194, 1.936, 1.848]","[3.282, 3.221, 2.991, 3.201, 3.520, 3.053]","[-5.492, -5.494, 0.939, -5.231, -5.143, 0.887]"
218,1,-4.3446,-4.4202,0.202,228,615,19,11,0.648,55,0.00,4685,860.25,0,0,30.000(37.500%)(1.071m),40.000(35.294%)(2.143m),34.834(30.736%)(1.589m),17.382(15.337%)(0.000m),10.416(13.020%)(0.000m),40.000(100.000%)(3.214m),10.165(25.412%)(0.018m),516.078,5562.541,62.5,1.3553,"[0.436, 0.915, 1.044, 0.482, 0.965, 0.955]","[2.658, 3.283, 3.108, 2.636, 3.464, 3.240]","[-5.299, -5.431, -5.395, -5.315, -5.759, -5.993]"
219,1,-1.9025,-4.3980,0.201,288,741,0,21,0.646,60,0.00,4714,1116.65,0,0,40.300(50.375%)(2.175m),83.317(73.515%)(6.784m),63.000(55.588%)(4.607m),22.000(19.412%)(0.214m),21.000(26.250%)(0.107m),29.034(72.585%)(2.039m),40.000(100.000%)(3.214m),1197.907,5670.685,59.5,1.1827,"[1.159, 1.415, 1.401, 1.152, 1.629, 1.460]","[3.242, 3.178, 3.036, 3.204, 3.453, 3.122]","[-5.854, -5.247, -5.619, -5.475, -5.289, -2.939]"
220,1,-4.5428,-4.4267,0.185,130,343,19,0,0.645,40,0.00,4727,511.10,0,0,59.387(74.234%)(4.220m),99.000(87.353%)(8.464m),33.314(29.395%)(1.426m),17.244(15.216%)(0.000m),10.526(13.157%)(0.000m),40.000(100.000%)(3.214m),10.526(26.314%)(0.056m),2371.337,7563.821,61.1,1.5897,"[0.741, 0.867, 0.880, 0.725, 1.032, 0.826]","[2.995, 3.296, 2.878, 2.939, 3.537, 2.948]","[-5.379, -5.183, -5.424, -5.429, -4.992, -6.227]"
221,1,-8.9308,-4.4368,0.194,395,967,48,42,0.644,65,0.00,4767,1502.27,0,0,25.000(31.250%)(0.536m),20.000(17.647%)(0.000m),29.000(25.588%)(0.964m),76.381(67.395%)(6.041m),41.005(51.256%)(2.251m),40.000(100.000%)(3.214m),29.666(74.166%)(2.107m),0.000,6986.916,56.7,1.4081,"[0.918, 0.661, 0.504, 0.919, 0.734, 0.612]","[2.929, 3.262, 2.981, 2.965, 3.548, 3.036]","[-7.720, -4.862, -6.683, -7.649, -9.412, -3.565]"
222,1,-3.4113,-4.4195,0.186,343,852,6,31,0.642,65,0.00,4802,1317.47,0,0,25.000(31.250%)(0.536m),22.000(19.412%)(0.214m),52.000(45.882%)(3.429m),104.563(92.261%)(9.060m),50.576(63.220%)(3.276m),40.000(100.000%)(3.214m),36.805(92.011%)(2.872m),0.000,4585.714,57.5,1.2828,"[0.822, 0.725, 0.492, 0.921, 0.771, 0.528]","[2.611, 3.036, 2.840, 2.720, 3.340, 2.901]","[-6.623, -4.822, -5.849, -6.293, -8.549, -4.144]"
223,1,-5.0219,-4.4548,0.191,110,268,19,0,0.641,35,0.00,4813,425.28,0,0,77.786(97.233%)(6.191m),101.822(89.843%)(8.767m),25.947(22.894%)(0.637m),15.472(13.652%)(0.000m),10.247(12.809%)(0.000m),40.000(100.000%)(3.214m),11.585(28.962%)(0.170m),6757.617,13386.110,56.3,1.3913,"[0.197, 0.669, 0.975, 0.195, 0.922, 1.092]","[2.852, 3.249, 2.773, 2.867, 3.544, 2.886]","[-5.293, -5.419, -6.615, -5.590, -4.922, -6.975]"
224,1,-6.0826,-4.4997,0.173,108,266,19,0,0.640,35,0.00,4824,396.97,0,0,78.639(98.299%)(6.283m),113.333(100.000%)(10.000m),34.949(30.838%)(1.602m),17.440(15.388%)(0.000m),10.451(13.064%)(0.000m),40.000(100.000%)(3.214m),10.199(25.496%)(0.021m),6660.259,17315.038,56.9,1.6301,"[-0.290, 1.168, 1.613, -0.169, 1.418, 1.650]","[2.618, 3.059, 2.976, 2.663, 3.329, 2.924]","[-5.594, -5.369, -5.680, -5.374, -5.295, -5.980]"
225,1,-6.2491,-4.5335,0.199,285,715,17,0,0.639,60,0.00,4853,1047.05,0,0,48.000(60.000%)(3.000m),56.000(49.412%)(3.857m),40.250(35.515%)(2.170m),18.867(16.647%)(0.000m),10.981(13.726%)(0.000m),40.000(100.000%)(3.214m),10.329(25.824%)(0.035m),1522.140,7569.291,58.0,1.2371,"[0.945, 1.110, 1.412, 1.008, 1.315, 1.467]","[2.842, 3.126, 2.862, 2.838, 3.404, 2.962]","[-5.488, -5.381, -5.735, -5.617, -5.187, -6.199]"
226,1,-3.0180,-4.5241,0.194,323,838,26,30,0.637,65,0.00,4886,1249.06,0,0,12.000(15.000%)(0.000m),20.000(17.647%)(0.000m),56.000(49.412%)(3.857m),45.306(39.976%)(2.711m),21.691(27.113%)(0.181m),11.000(27.500%)(0.107m),15.351(38.379%)(0.573m),1104.256,6052.482,60.0,1.4321,"[1.002, 1.181, 0.631, 1.009, 1.092, 0.789]","[3.060, 3.538, 2.884, 3.103, 3.738, 3.083]","[-8.152, -5.221, -9.577, -7.658, -11.312, -6.056]"
227,1,-3.4587,-4.3872,0.189,265,673,16,0,0.636,60,0.00,4913,1058.80,0,0,46.000(57.500%)(2.786m),54.000(47.647%)(3.643m),34.288(30.254%)(1.531m),17.749(15.661%)(0.000m),10.834(13.542%)(0.000m),40.000(100.000%)(3.214m),10.834(27.084%)(0.089m),1976.186,6686.920,58.8,1.4597,"[0.944, 1.409, 1.385, 1.000, 1.633, 1.411]","[2.893, 3.236, 2.859, 2.853, 3.489, 2.995]","[-5.684, -5.404, -6.454, -5.805, -5.166, -6.277]"
228,1,-3.9289,-4.4492,0.180,291,731,18,0,0.635,60,0.00,4943,1157.29,0,0,10.582(13.227%)(0.000m),17.336(15.297%)(0.000m),33.491(29.551%)(1.445m),61.000(53.824%)(4.393m),44.000(55.000%)(2.571m),10.582(26.455%)(0.062m),40.000(100.000%)(3.214m),2024.735,7651.280,58.1,1.6688,"[1.393, 1.382, 1.123, 1.383, 1.616, 1.076]","[2.782, 3.093, 2.947, 2.799, 3.345, 2.940]","[-4.752, -5.284, -5.270, -5.233, -5.034, -5.691]"
229,1,-3.7254,-4.4408,0.191,471,1205,225,12,0.634,75,0.00,4991,1833.94,0,0,35.000(43.750%)(1.607m),69.000(60.883%)(5.250m),33.499(29.558%)(1.446m),17.340(15.300%)(0.000m),10.584(13.230%)(0.000m),21.000(52.500%)(1.179m),10.032(25.080%)(0.003m),3463.729,11831.360,59.2,1.3415,"[0.394, 1.408, 1.624, 0.571, 1.541, 1.566]","[2.960, 3.163, 2.927, 3.040, 3.465, 2.912]","[-5.790, -5.296, -5.402, -5.348, -5.577, -5.973]"
230,1,-0.6137,-4.4554,0.188,304,768,45,0,0.632,60,0.00,5022,1162.65,0,0,36.000(45.000%)(1.714m),42.000(37.059%)(2.357m),32.908(29.037%)(1.383m),17.035(15.030%)(0.000m),10.398(12.997%)(0.000m),40.000(100.000%)(3.214m),10.398(25.994%)(0.043m),1484.540,6474.289,58.5,1.3470,"[1.121, 1.447, 1.393, 1.148, 1.699, 1.352]","[3.210, 3.301, 2.964, 3.236, 3.663, 3.096]","[-5.546, -5.585, -6.069, -5.598, -5.179, -6.186]"
231,1,-5.4589,-4.4502,0.186,171,426,18,0,0.631,45,0.00,5040,633.12,0,0,59.682(74.603%)(4.252m),89.000(78.530%)(7.393m),34.331(30.292%)(1.535m),17.771(15.680%)(0.000m),10.847(13.559%)(0.000m),40.000(100.000%)(3.214m),10.847(27.118%)(0.091m),4308.483,9926.127,57.6,1.3844,"[0.799, 1.087, 1.206, 0.848, 1.285, 1.294]","[3.214, 3.433, 3.133, 3.165, 3.731, 3.223]","[-5.184, -5.108, -5.587, -5.200, -5.046, -5.914]"
232,1,-2.4043,-4.3968,0.174,356,896,121,0,0.630,65,0.00,5076,1344.15,0,0,37.000(46.250%)(1.821m),42.000(37.059%)(2.357m),47.000(41.471%)(2.893m),23.947(21.130%)(0.423m),12.266(15.333%)(0.000m),40.000(100.000%)(3.214m),10.068(25.171%)(0.007m),1504.689,9275.475,58.3,1.2939,"[0.890, 1.412, 1.456, 0.928, 1.631, 1.478]","[2.799, 3.022, 2.876, 2.825, 3.274, 2.848]","[-5.544, -6.086, -4.218, -5.289, -6.076, -3.906]"
233,1,-1.4193,-4.3072,0.195,207,532,19,0,0.628,50,0.00,5097,779.09,0,0,57.000(71.250%)(3.964m),61.000(53.824%)(4.393m),26.301(23.206%)(0.675m),15.683(13.838%)(0.000m),10.387(12.984%)(0.000m),40.000(100.000%)(3.214m),11.743(29.356%)(0.187m),2019.199,6514.183,59.5,1.3580,"[1.100, 1.261, 1.042, 1.078, 1.499, 1.026]","[3.000, 3.169, 2.900, 2.994, 3.486, 2.947]","[-5.444, -5.236, -6.432, -5.437, -4.581, -6.810]"
234,1,-1.6443,-4.2859,0.182,328,835,51,17,0.627,65,0.00,5130,1300.64,0,0,16.000(20.000%)(0.000m),15.000(13.235%)(0.000m),26.000(22.941%)(0.643m),29.840(26.330%)(1.054m),13.925(17.406%)(0.000m),40.000(100.000%)(3.214m),9.760(24.400%)(0.000m),2552.749,8778.034,58.9,1.3374,"[0.748, 1.281, 1.342, 0.843, 1.416, 1.474]","[3.061, 3.021, 2.745, 3.050, 3.336, 2.842]","[-7.724, -6.842, -9.475, -6.031, -9.937, -6.251]"
235,1,-2.3128,-4.2291,0.165,158,437,20,0,0.626,50,0.00,5146,617.96,0,0,11.856(14.820%)(0.000m),21.999(19.411%)(0.214m),57.199(50.470%)(3.986m),93.000(82.059%)(7.821m),52.000(65.000%)(3.429m),10.231(25.577%)(0.025m),40.000(100.000%)(3.214m),2845.759,6823.850,64.0,1.4743,"[1.576, 1.283, 0.096, 1.554, 1.361, 0.126]","[2.799, 2.927, 2.638, 2.890, 3.252, 2.732]","[-6.428, -5.751, -6.150, -6.818, -7.307, -5.219]"
236,1,-5.0512,-4.2161,0.173,851,2328,135,171,0.625,95,0.00,5232,3296.76,0,0,20.701(25.876%)(0.075m),21.000(18.529%)(0.107m),20.000(17.647%)(0.000m),20.000(17.647%)(0.000m),19.000(23.750%)(0.000m),14.648(36.619%)(0.498m),14.000(35.000%)(0.429m),0.000,5021.274,63.3,1.2499,"[0.766, 0.912, 0.750, 0.831, 0.990, 0.605]","[3.077, 2.968, 2.817, 2.868, 3.102, 2.740]","[-6.017, -6.272, -5.180, -5.667, -6.185, -6.707]"
237,1,-4.9425,-4.2636,0.163,248,655,79,21,0.623,60,0.00,5257,935.80,0,0,47.787(59.733%)(2.977m),29.000(25.588%)(0.964m),23.000(20.294%)(0.321m),20.000(17.647%)(0.000m),18.464(23.080%)(0.000m),40.000(100.000%)(3.214m),13.008(32.519%)(0.322m),0.000,7574.819,61.1,1.2590,"[-0.281, 0.631, 0.634, -0.159, 0.941, 0.652]","[2.657, 3.070, 2.723, 2.649, 3.390, 2.870]","[-6.003, -7.901, -8.891, -5.569, -6.652, -9.598]"
238,1,-6.3782,-4.3304,0.170,379,982,133,42,0.622,70,0.00,5295,1431.92,0,0,11.359(14.199%)(0.000m),20.829(18.379%)(0.089m),48.000(42.353%)(3.000m),31.000(27.353%)(1.179m),23.000(28.750%)(0.321m),9.924(24.811%)(0.000m),27.000(67.500%)(1.821m),471.317,7369.912,59.9,1.3994,"[0.897, 1.066, 0.531, 0.946, 1.223, 0.381]","[2.759, 2.898, 2.750, 2.705, 3.239, 2.708]","[-6.221, -7.495, -7.479, -6.586, -6.745, -6.314]"
239,1,-1.3918,-4.2021,0.177,197,509,17,0,0.621,50,0.00,5315,729.91,0,0,60.000(75.000%)(4.286m),72.000(63.530%)(5.571m),33.542(29.596%)(1.451m),17.363(15.320%)(0.000m),10.598(13.248%)(0.000m),40.000(100.000%)(3.214m),10.598(26.495%)(0.064m),2286.989,6628.425,59.8,1.2892,"[0.727, 1.447, 1.459, 0.770, 1.658, 1.458]","[2.758, 3.076, 2.703, 2.779, 3.302, 2.759]","[-5.783, -5.731, -6.705, -5.896, -5.391, -6.911]"
240,1,-3.7773,-4.1709,0.179,168,424,14,0,0.620,45,0.00,5332,664.88,0,0,12.250(15.312%)(0.000m),24.589(21.696%)(0.492m),67.838(59.857%)(5.125m),95.000(83.824%)(8.036m),64.690(80.862%)(4.788m),9.804(24.510%)(0.000m),40.000(100.000%)(3.214m),4517.540,9176.626,58.5,1.2132,"[1.603, 0.847, 0.399, 1.673, 1.168, 0.430]","[3.072, 3.276, 2.846, 3.094, 3.506, 2.854]","[-3.709, -6.904, -7.581, -4.041, -7.119, -5.841]"
241,1,-4.1714,-4.1625,0.160,278,732,20,8,0.618,60,0.00,5360,1076.08,0,0,31.000(38.750%)(1.179m),39.000(34.412%)(2.036m),48.000(42.353%)(3.000m),25.083(22.132%)(0.545m),12.496(15.620%)(0.000m),36.623(91.558%)(2.852m),10.001(25.003%)(0.000m),546.915,4794.734,61.0,1.3968,"[0.425, 0.673, 0.944, 0.486, 0.883, 0.967]","[3.023, 3.255, 2.884, 2.989, 3.543, 2.968]","[-5.491, -5.892, -2.003, -5.116, -5.660, -1.349]"
242,1,-2.7378,-4.1542,0.172,154,440,35,0,0.617,50,0.00,5376,601.43,0,0,13.051(16.314%)(0.000m),28.145(24.834%)(0.873m),110.449(97.455%)(9.691m),97.000(85.588%)(8.250m),47.000(58.750%)(2.893m),9.670(24.174%)(0.000m),40.000(100.000%)(3.214m),2039.645,5871.060,66.2,1.4031,"[1.455, 1.173, -0.571, 1.333, 1.070, -0.625]","[2.567, 3.238, 2.829, 2.527, 3.358, 2.866]","[-1.943, -4.545, -6.811, -2.745, -6.065, -5.678]"
243,1,-2.1309,-4.1163,0.189,206,553,16,0,0.616,55,0.00,5397,818.21,0,0,44.000(55.000%)(2.571m),66.000(58.235%)(4.929m),32.620(28.782%)(1.352m),16.885(14.899%)(0.000m),10.307(12.883%)(0.000m),40.000(100.000%)(3.214m),10.307(25.766%)(0.033m),1573.286,5833.718,62.1,1.3443,"[0.949, 1.349, 1.350, 0.979, 1.463, 1.341]","[2.452, 3.053, 2.671, 2.487, 3.219, 2.794]","[-5.281, -5.045, -5.538, -5.263, -5.014, -5.983]"
244,1,-2.1572,-4.0335,0.192,417,1129,19,80,0.615,75,0.00,5439,1605.21,0,0,24.195(30.243%)(0.449m),50.718(44.751%)(3.291m),30.611(27.010%)(1.137m),16.639(14.682%)(0.000m),10.426(13.032%)(0.000m),17.084(42.710%)(0.759m),10.815(27.039%)(0.087m),1680.756,7468.630,62.6,1.3765,"[1.076, 1.441, 1.265, 1.125, 1.529, 1.193]","[2.798, 3.111, 2.677, 2.776, 3.380, 2.791]","[-5.031, -4.795, -5.801, -5.170, -4.346, -6.098]"
245,1,-4.7051,-4.0021,0.195,186,466,15,0,0.614,50,0.00,5458,712.13,0,0,9.834(12.292%)(0.000m),14.232(12.558%)(0.000m),22.425(19.787%)(0.260m),62.958(55.551%)(4.603m),64.729(80.911%)(4.792m),11.981(29.952%)(0.212m),40.000(100.000%)(3.214m),3813.709,9598.254,57.9,1.3490,"[1.530, 1.510, 1.441, 1.568, 1.750, 1.448]","[2.789, 3.213, 2.982, 2.796, 3.431, 3.084]","[-4.842, -5.318, -4.853, -4.912, -5.345, -5.503]"
246,1,-0.6307,-3.9579,0.186,249,641,14,0,0.612,55,0.00,5483,935.28,0,0,44.000(55.000%)(2.571m),52.000(45.882%)(3.429m),25.901(22.854%)(0.632m),15.264(13.469%)(0.000m),10.034(12.543%)(0.000m),40.000(100.000%)(3.214m),11.205(28.012%)(0.129m),2132.811,6107.399,59.6,1.3053,"[1.214, 1.462, 1.410, 1.262, 1.667, 1.341]","[2.731, 3.122, 2.702, 2.658, 3.284, 2.722]","[-5.400, -5.107, -5.687, -5.403, -5.086, -6.129]"
247,1,1.5197,-3.8419,0.173,449,1167,190,0,0.611,75,0.00,5528,1666.45,0,0,38.000(47.500%)(1.929m),44.000(38.824%)(2.571m),57.000(50.294%)(3.964m),29.258(25.816%)(0.992m),13.627(17.034%)(0.000m),29.000(72.500%)(2.036m),9.586(23.966%)(0.000m),1776.133,6191.269,60.1,1.3517,"[0.191, 0.973, 1.345, 0.381, 1.218, 1.349]","[2.755, 3.148, 2.876, 2.775, 3.424, 2.991]","[-6.143, -5.142, -2.720, -5.657, -5.131, -1.613]"
248,1,-4.7460,-3.8136,0.170,102,267,15,0,0.610,35,0.00,5539,419.82,0,0,9.382(11.728%)(0.000m),13.961(12.318%)(0.000m),22.898(20.204%)(0.311m),78.505(69.269%)(6.268m),76.230(95.288%)(6.025m),10.873(27.183%)(0.094m),40.000(100.000%)(3.214m),4214.213,8791.165,60.5,1.4068,"[1.147, 0.602, -0.134, 1.091, 0.893, -0.196]","[2.797, 3.009, 2.588, 2.740, 3.281, 2.723]","[-5.260, -5.724, -5.236, -5.323, -5.915, -5.765]"
249,1,-1.1528,-3.7291,0.168,287,745,28,0,0.609,60,0.00,5568,1162.01,0,0,36.000(45.000%)(1.714m),44.000(38.824%)(2.571m),49.685(43.840%)(3.181m),20.415(18.013%)(0.044m),11.263(14.078%)(0.000m),40.000(100.000%)(3.214m),9.962(24.906%)(0.000m),1233.909,6115.821,60.0,1.3753,"[1.123, 1.392, 1.241, 1.138, 1.590, 1.246]","[3.140, 3.107, 2.796, 3.154, 3.294, 2.920]","[-5.472, -5.545, -4.858, -5.208, -5.719, -5.005]"
250,1,-4.3803,-3.6728,0.168,287,715,124,0,0.607,60,0.00,5597,1104.17,0,0,50.000(62.500%)(3.214m),75.000(66.177%)(5.893m),104.417(92.133%)(9.045m),27.916(24.631%)(0.848m),12.868(16.085%)(0.000m),40.000(100.000%)(3.214m),9.659(24.147%)(0.000m),6486.137,14080.810,57.7,1.4618,"[-0.312, 1.500, 2.151, -0.040, 1.954, 2.143]","[2.704, 3.219, 3.070, 2.874, 3.472, 3.071]","[-5.903, -3.011, 0.804, -5.465, -1.982, 0.981]"
251,1,-2.3166,-3.5871,0.185,199,509,20,0,0.606,50,0.00,5617,778.92,0,0,12.656(15.819%)(0.000m),26.165(23.086%)(0.660m),81.158(71.610%)(6.553m),77.000(67.941%)(6.107m),64.454(80.567%)(4.763m),9.874(24.685%)(0.000m),40.000(100.000%)(3.214m),3170.173,8217.771,59.2,1.3364,"[1.648, 1.269, 0.444, 1.679, 1.314, 0.439]","[2.693, 3.185, 3.011, 2.799, 3.450, 3.007]","[-2.715, -5.164, -7.743, -3.065, -7.550, -5.538]"
252,1,-1.3207,-3.4791,0.190,298,756,10,24,0.605,60,0.00,5647,1175.15,0,0,44.079(55.098%)(2.580m),91.130(80.409%)(7.621m),20.000(17.647%)(0.000m),22.000(19.412%)(0.214m),32.000(40.000%)(1.286m),31.873(79.681%)(2.343m),40.000(100.000%)(3.214m),0.000,5553.911,58.7,1.4425,"[1.319, 1.436, 1.439, 1.246, 1.652, 1.319]","[2.883, 3.300, 3.258, 2.787, 3.520, 3.347]","[-5.158, -6.571, -8.861, -5.143, -5.576, -7.583]"
253,1,-4.0514,-3.4964,0.179,258,645,17,0,0.604,55,0.00,5673,988.66,0,0,55.000(68.750%)(3.750m),59.000(52.059%)(4.179m),25.885(22.840%)(0.631m),15.435(13.619%)(0.000m),10.223(12.779%)(0.000m),40.000(100.000%)(3.214m),11.557(28.893%)(0.167m),2353.665,7752.128,57.9,1.4441,"[1.295, 1.522, 1.569, 1.352, 1.762, 1.596]","[3.329, 3.065, 2.862, 3.322, 3.385, 2.907]","[-5.581, -5.171, -6.058, -5.665, -4.830, -6.200]"
254,1,-4.5824,-3.5438,0.178,272,697,15,0,0.603,60,0.00,5701,1067.79,0,0,11.078(13.847%)(0.000m),19.639(17.328%)(0.000m),45.119(39.811%)(2.691m),58.000(51.177%)(4.071m),47.000(58.750%)(2.893m),10.044(25.109%)(0.005m),36.071(90.178%)(2.793m),1647.089,6153.394,59.3,1.3446,"[1.080, 1.030, 1.141, 1.101, 1.180, 1.049]","[2.665, 3.096, 2.983, 2.691, 3.333, 3.052]","[-6.334, -6.502, -6.017, -6.620, -7.672, -5.917]"
255,1,-4.6356,-3.5301,0.178,209,537,19,0,0.601,50,0.00,5722,790.36,0,0,10.404(13.005%)(0.000m),17.045(15.040%)(0.000m),32.929(29.055%)(1.385m),63.000(55.588%)(4.607m),60.000(75.000%)(4.286m),10.404(26.010%)(0.043m),40.000(100.000%)(3.214m),2197.703,6934.842,59.5,1.3546,"[1.270, 0.925, 0.742, 1.221, 1.129, 0.687]","[2.908, 3.201, 2.769, 2.842, 3.393, 2.912]","[-4.749, -5.273, -5.206, -5.181, -5.422, -5.643]"
256,1,-4.9986,-3.5721,0.189,220,544,23,0,0.600,50,0.00,5744,833.31,0,0,53.439(66.799%)(3.583m),74.000(65.294%)(5.786m),32.660(28.818%)(1.356m),16.906(14.917%)(0.000m),10.319(12.899%)(0.000m),38.864(97.161%)(3.093m),10.319(25.798%)(0.034m),3407.453,9033.133,57.3,1.4534,"[0.852, 1.061, 1.056, 0.869, 1.282, 1.121]","[3.062, 3.200, 3.117, 3.006, 3.422, 3.225]","[-5.492, -5.260, -6.008, -5.580, -5.071, -6.362]"
257,1,-1.8572,-3.5980,0.172,277,771,116,31,0.599,65,0.00,5772,1072.82,0,0,17.039(21.299%)(0.000m),35.814(31.601%)(1.694m),81.944(72.304%)(6.637m),85.000(75.000%)(6.964m),25.000(31.250%)(0.536m),11.981(29.953%)(0.212m),10.000(25.000%)(0.000m),3033.740,8480.122,64.4,1.3806,"[1.653, 1.349, 0.323, 1.782, 1.423, 0.134]","[3.276, 3.271, 3.271, 3.066, 3.465, 3.225]","[-1.302, -4.397, -5.212, -0.755, -3.236, -5.094]"
258,1,-4.9645,-3.6575,0.163,114,278,18,0,0.598,35,0.00,5784,399.51,0,0,10.544(13.179%)(0.000m),16.687(14.724%)(0.000m),30.244(26.686%)(1.098m),110.000(97.059%)(9.643m),76.230(95.288%)(6.025m),11.072(27.680%)(0.115m),40.000(100.000%)(3.214m),5299.414,14765.279,56.5,1.2893,"[0.831, 0.330, -0.139, 0.876, 0.463, 0.002]","[3.043, 3.208, 2.853, 3.033, 3.487, 3.040]","[-5.326, -5.344, -5.292, -5.830, -5.242, -5.482]"
259,1,-4.4808,-3.6882,0.193,208,563,24,0,0.597,55,0.00,5805,774.11,0,0,10.911(13.639%)(0.000m),19.344(17.068%)(0.000m),44.441(39.213%)(2.619m),49.000(43.235%)(3.107m),42.000(52.500%)(2.357m),9.893(24.732%)(0.000m),34.952(87.381%)(2.673m),937.102,4201.754,62.6,1.3330,"[0.697, 0.656, 0.749, 0.679, 0.596, 0.566]","[2.962, 3.374, 3.184, 2.867, 3.637, 3.221]","[-5.767, -6.093, -5.310, -5.653, -7.021, -5.497]"
260,1,-4.6264,-3.7195,0.166,283,714,59,0,0.595,60,0.00,5834,1137.08,0,0,43.000(53.750%)(2.464m),45.000(39.706%)(2.679m),37.336(32.944%)(1.857m),18.266(16.117%)(0.000m),10.843(13.553%)(0.000m),40.000(100.000%)(3.214m),10.452(26.131%)(0.048m),1524.718,6518.497,58.4,1.5208,"[0.855, 1.136, 1.195, 0.842, 1.301, 1.207]","[3.244, 3.216, 2.934, 3.262, 3.443, 2.869]","[-5.176, -5.389, -5.382, -5.286, -5.036, -5.525]"
261,1,-2.3434,-3.6585,0.176,263,677,29,0,0.594,60,0.00,5861,982.42,0,0,41.000(51.250%)(2.250m),50.000(44.118%)(3.214m),50.178(44.275%)(3.233m),20.618(18.192%)(0.066m),11.375(14.218%)(0.000m),40.000(100.000%)(3.214m),10.061(25.153%)(0.007m),1476.237,5806.606,59.6,1.4188,"[0.776, 1.300, 1.349, 0.783, 1.477, 1.292]","[2.834, 3.179, 2.931, 2.817, 3.372, 2.950]","[-5.759, -5.073, -5.301, -5.682, -5.331, -5.677]"
262,1,-3.0988,-3.6175,0.183,259,686,44,7,0.593,60,0.00,5887,1048.81,0,0,32.000(40.000%)(1.286m),38.000(33.530%)(1.929m),46.713(41.218%)(2.862m),19.774(17.447%)(0.000m),11.032(13.790%)(0.000m),40.000(100.000%)(3.214m),9.880(24.700%)(0.000m),430.335,4847.828,61.3,1.4249,"[0.987, 1.045, 0.928, 0.956, 1.187, 0.915]","[3.103, 3.294, 2.718, 3.099, 3.468, 2.819]","[-5.585, -5.273, -5.310, -5.461, -5.379, -5.553]"
263,1,-2.9117,-3.5471,0.169,298,758,68,33,0.592,60,0.00,5917,1124.05,0,0,9.141(11.426%)(0.000m),13.055(11.519%)(0.000m),20.200(17.823%)(0.021m),29.000(25.588%)(0.964m),27.000(33.750%)(0.750m),11.421(28.554%)(0.152m),40.000(100.000%)(3.214m),404.794,5105.489,58.9,1.2856,"[0.726, 0.922, 0.875, 0.576, 0.955, 0.671]","[3.005, 3.310, 2.746, 2.928, 3.495, 2.820]","[-5.003, -5.128, -4.976, -5.198, -6.291, -5.079]"
264,1,-1.3991,-3.4513,0.170,317,781,21,0,0.591,60,0.00,5949,1261.69,0,0,11.252(14.065%)(0.000m),19.736(17.414%)(0.000m),44.170(38.973%)(2.590m),48.000(42.353%)(3.000m),46.000(57.500%)(2.786m),10.328(25.820%)(0.035m),40.000(100.000%)(3.214m),2053.482,8853.996,57.0,1.3548,"[1.657, 1.319, 1.134, 1.615, 1.568, 1.001]","[3.177, 3.046, 2.835, 3.127, 3.404, 2.895]","[-4.600, -5.331, -5.371, -5.370, -5.704, -6.009]"
265,1,-3.0608,-3.4835,0.178,266,678,30,0,0.589,60,0.00,5976,1039.04,0,0,42.000(52.500%)(2.357m),49.000(43.235%)(3.107m),38.562(34.025%)(1.989m),18.477(16.303%)(0.000m),10.862(13.577%)(0.000m),40.000(100.000%)(3.214m),10.343(25.858%)(0.037m),1250.913,7719.701,59.0,1.3415,"[0.721, 1.487, 1.804, 0.670, 1.642, 1.694]","[2.648, 3.339, 3.508, 2.625, 3.573, 3.225]","[-5.504, -5.743, -5.351, -5.530, -5.666, -6.119]"
266,1,-0.1955,-3.4059,0.184,340,862,19,0,0.588,65,0.00,6010,1324.59,0,0,34.000(42.500%)(1.500m),42.000(37.059%)(2.357m),61.000(53.824%)(4.393m),25.885(22.839%)(0.630m),12.520(15.650%)(0.000m),40.000(100.000%)(3.214m),9.768(24.421%)(0.000m),1139.945,6130.809,58.6,1.3450,"[1.052, 1.461, 1.785, 1.034, 1.763, 1.818]","[3.327, 3.334, 3.264, 3.244, 3.695, 3.336]","[-6.046, -4.920, 0.752, -5.953, -4.431, 0.622]"
267,1,-1.8684,-3.3603,0.181,316,792,21,0,0.587,60,0.00,6042,1246.35,0,0,41.000(51.250%)(2.250m),51.000(45.000%)(3.321m),63.000(55.588%)(4.607m),28.644(25.274%)(0.926m),13.409(16.761%)(0.000m),40.000(100.000%)(3.214m),9.677(24.193%)(0.000m),1653.407,7634.658,58.0,1.3735,"[0.746, 1.451, 1.730, 0.783, 1.723, 1.727]","[3.005, 3.366, 3.126, 3.003, 3.588, 3.166]","[-6.002, -5.019, -0.222, -5.767, -4.898, 0.425]"
268,1,-2.4666,-3.3227,0.177,247,615,18,0,0.586,55,0.00,6067,962.75,0,0,61.000(76.250%)(4.393m),80.000(70.588%)(6.429m),58.135(51.295%)(4.086m),21.549(19.014%)(0.166m),11.473(14.341%)(0.000m),40.000(100.000%)(3.214m),9.778(24.444%)(0.000m),3676.663,9649.599,57.6,1.3705,"[0.999, 1.428, 1.775, 1.058, 1.695, 1.846]","[2.750, 2.967, 2.811, 2.733, 3.232, 2.859]","[-6.291, -6.318, -4.984, -6.073, -5.862, -4.904]"
269,1,-1.0497,-3.3057,0.173,286,737,17,0,0.585,60,0.00,6096,1123.50,0,0,39.000(48.750%)(2.036m),67.000(59.118%)(5.036m),63.538(56.063%)(4.665m),23.211(20.480%)(0.344m),11.889(14.861%)(0.000m),40.000(100.000%)(3.214m),9.759(24.397%)(0.000m),2350.306,7304.359,59.6,1.4158,"[0.990, 1.640, 1.705, 1.009, 1.840, 1.742]","[3.261, 3.245, 3.015, 3.241, 3.548, 3.113]","[-5.538, -5.329, -4.887, -5.372, -5.695, -4.743]"
270,1,-4.1743,-3.2983,0.170,362,1007,82,0,0.584,75,0.00,6133,1374.30,0,0,11.621(14.526%)(0.000m),21.562(19.026%)(0.167m),55.419(48.899%)(3.795m),54.000(47.647%)(3.643m),33.000(41.250%)(1.393m),10.028(25.069%)(0.003m),23.000(57.500%)(1.393m),1333.352,4832.109,64.4,1.4389,"[1.294, 1.254, 0.683, 1.315, 1.449, 0.562]","[2.836, 3.115, 2.845, 2.828, 3.353, 2.881]","[-4.549, -4.901, -5.205, -5.273, -3.556, -4.949]"
271,1,-3.1159,-3.1820,0.175,264,683,49,14,0.582,60,0.00,6160,1037.07,0,0,57.008(71.260%)(3.965m),111.481(98.365%)(9.801m),28.000(24.706%)(0.857m),20.000(17.647%)(0.000m),24.000(30.000%)(0.429m),40.000(100.000%)(3.214m),40.000(100.000%)(3.214m),0.000,5216.280,59.8,1.3508,"[0.881, 1.049, 1.171, 0.893, 1.174, 1.069]","[2.865, 3.235, 3.099, 2.906, 3.504, 3.164]","[-5.348, -6.016, -7.160, -4.287, -4.063, -4.050]"
272,1,-1.7298,-3.1484,0.157,244,639,48,13,0.581,55,0.00,6185,954.57,0,0,71.574(89.467%)(5.526m),20.000(17.647%)(0.000m),20.000(17.647%)(0.000m),100.634(88.795%)(8.639m),55.197(68.996%)(3.771m),40.000(100.000%)(3.214m),40.000(100.000%)(3.214m),0.000,5359.904,60.6,1.3310,"[0.938, 1.134, 1.177, 0.844, 1.181, 1.032]","[2.707, 3.092, 2.882, 2.783, 3.385, 2.890]","[-3.119, -4.306, -3.290, -3.814, -4.866, -4.687]"
273,1,-2.5229,-3.0984,0.172,439,1131,94,27,0.580,75,0.00,6229,1672.44,0,0,15.893(19.867%)(0.000m),34.078(30.069%)(1.508m),72.000(63.530%)(5.571m),63.000(55.588%)(4.607m),42.000(52.500%)(2.357m),11.141(27.853%)(0.122m),16.000(40.000%)(0.643m),2934.233,7920.975,59.6,1.3104,"[1.680, 1.738, 0.967, 1.706, 1.872, 0.862]","[3.042, 3.125, 2.857, 2.973, 3.333, 2.876]","[0.096, -0.840, -5.397, 0.257, -1.320, -5.320]"
274,1,-1.9076,-3.0149,0.168,239,627,32,0,0.579,55,0.00,6253,912.33,0,0,44.000(55.000%)(2.571m),78.000(68.824%)(6.214m),53.305(47.034%)(3.568m),21.215(18.719%)(0.130m),11.570(14.462%)(0.000m),40.000(100.000%)(3.214m),10.108(25.271%)(0.012m),2862.572,7177.083,60.7,1.4155,"[0.689, 1.581, 1.896, 0.725, 1.751, 1.894]","[2.997, 3.259, 2.961, 3.019, 3.555, 3.013]","[-5.944, -6.030, -5.466, -5.783, -6.177, -5.586]"
275,1,-3.7531,-2.9650,0.166,282,719,23,0,0.578,60,0.00,6282,1096.29,0,0,11.457(14.322%)(0.000m),21.259(18.758%)(0.135m),54.381(47.983%)(3.684m),48.000(42.353%)(3.000m),38.000(47.500%)(1.929m),9.887(24.716%)(0.000m),40.000(100.000%)(3.214m),2091.232,6714.298,59.0,1.3397,"[1.234, 1.347, 1.358, 1.218, 1.465, 1.236]","[2.727, 3.254, 3.083, 2.755, 3.517, 3.089]","[-5.720, -5.079, -5.265, -6.432, -5.896, -5.184]"
276,1,-3.2942,-2.9705,0.178,355,926,6,47,0.577,70,0.00,6318,1364.60,0,0,11.000(13.750%)(0.000m),55.000(48.530%)(3.750m),65.000(57.353%)(4.821m),55.577(49.038%)(3.812m),26.779(33.474%)(0.726m),11.000(27.500%)(0.107m),19.051(47.628%)(0.970m),2218.910,6188.491,60.3,1.3255,"[1.441, 1.512, 1.436, 1.413, 1.641, 1.512]","[2.925, 3.338, 3.092, 3.059, 3.637, 3.200]","[-0.811, -0.410, -0.171, -0.419, -0.541, -0.045]"
277,1,-6.0702,-3.0227,0.160,125,305,18,0,0.575,35,0.00,6331,516.82,0,0,77.786(97.233%)(6.191m),106.000(93.530%)(9.214m),29.457(25.992%)(1.013m),16.486(14.547%)(0.000m),10.503(13.128%)(0.000m),40.000(100.000%)(3.214m),11.165(27.913%)(0.125m),5302.834,14108.819,56.4,1.3903,"[-0.157, 0.328, 1.091, -0.141, 0.530, 1.093]","[2.478, 3.049, 2.744, 2.519, 3.208, 2.655]","[-4.899, -5.174, -5.311, -5.406, -4.855, -5.897]"
278,1,-3.6913,-3.0180,0.154,315,793,98,34,0.574,60,0.00,6363,1179.77,0,0,8.883(11.104%)(0.000m),12.148(10.719%)(0.000m),17.774(15.683%)(0.000m),28.000(24.706%)(0.857m),28.000(35.000%)(0.857m),12.148(30.370%)(0.230m),40.000(100.000%)(3.214m),573.099,5591.606,58.3,1.1791,"[0.741, 0.650, 0.602, 0.667, 0.744, 0.355]","[2.772, 2.852, 2.474, 2.825, 3.103, 2.576]","[-5.185, -6.083, -5.144, -5.079, -6.448, -5.413]"
279,1,-6.1648,-3.0668,0.165,83,206,17,0,0.573,30,0.00,6372,303.42,0,0,78.639(98.299%)(6.283m),113.333(100.000%)(10.000m),33.630(29.674%)(1.460m),17.408(15.360%)(0.000m),10.626(13.282%)(0.000m),40.000(100.000%)(3.214m),10.626(26.564%)(0.067m),8298.865,13149.152,57.4,1.5084,"[-1.256, -0.586, 0.180, -1.213, -0.472, 0.305]","[2.396, 3.229, 2.841, 2.472, 3.372, 3.003]","[-5.220, -5.176, -5.428, -5.398, -5.226, -5.618]"
280,1,-0.8611,-3.0717,0.166,253,647,18,0,0.572,55,0.00,6398,1016.88,0,0,12.472(15.590%)(0.000m),25.785(22.752%)(0.620m),73.561(64.907%)(5.739m),68.000(60.000%)(5.143m),48.000(60.000%)(3.000m),9.731(24.327%)(0.000m),40.000(100.000%)(3.214m),2055.405,8055.358,59.1,1.4573,"[1.597, 1.415, 0.909, 1.596, 1.532, 0.955]","[2.749, 2.893, 2.711, 2.778, 3.145, 2.753]","[-4.587, -7.429, -7.730, -5.357, -9.903, -5.623]"
281,1,-4.4622,-3.0518,0.180,151,373,20,0,0.571,40,0.00,6414,578.57,0,0,11.671(14.589%)(0.000m),21.156(18.667%)(0.124m),51.488(45.431%)(3.374m),100.000(88.236%)(8.571m),76.230(95.288%)(6.025m),10.324(25.810%)(0.035m),40.000(100.000%)(3.214m),5299.414,14058.288,57.1,1.3389,"[1.725, 0.926, 0.064, 1.817, 1.173, 0.198]","[2.889, 2.938, 2.539, 3.010, 3.129, 2.593]","[-5.468, -5.411, -6.032, -6.123, -4.750, -5.531]"
282,1,-4.3137,-3.0900,0.192,207,515,17,0,0.570,50,0.00,6435,776.36,0,0,9.924(12.405%)(0.000m),15.330(13.527%)(0.000m),26.667(23.530%)(0.714m),82.000(72.353%)(6.643m),58.041(72.552%)(4.076m),10.812(27.030%)(0.087m),40.000(100.000%)(3.214m),3991.412,9430.636,57.6,1.3893,"[1.756, 1.557, 0.919, 1.776, 1.772, 0.896]","[3.221, 3.090, 2.823, 3.219, 3.361, 2.910]","[-4.744, -5.363, -5.183, -5.583, -5.200, -5.956]"
283,1,-1.2622,-3.0869,0.183,196,512,17,0,0.569,50,0.00,6455,763.04,0,0,57.000(71.250%)(3.964m),83.000(73.236%)(6.750m),64.194(56.642%)(4.735m),23.515(20.749%)(0.377m),12.045(15.056%)(0.000m),40.000(100.000%)(3.214m),9.887(24.717%)(0.000m),2760.524,7226.939,60.4,1.3891,"[0.957, 1.687, 1.961, 0.983, 1.891, 1.906]","[3.001, 3.090, 2.943, 3.004, 3.349, 2.941]","[-5.911, -5.931, -4.882, -5.604, -6.285, -5.068]"
284,1,-4.5959,-3.1459,0.169,191,499,17,0,0.567,50,0.00,6475,740.80,0,0,57.208(71.510%)(3.987m),73.000(64.412%)(5.679m),33.991(29.992%)(1.499m),17.595(15.525%)(0.000m),10.740(13.425%)(0.000m),40.000(100.000%)(3.214m),10.740(26.850%)(0.079m),2185.608,7038.554,60.5,1.3953,"[1.111, 1.354, 1.484, 1.153, 1.563, 1.521]","[3.138, 3.180, 3.088, 3.203, 3.373, 3.108]","[-5.115, -4.998, -4.895, -5.326, -4.867, -5.334]"
285,1,-3.2724,-3.1651,0.171,183,455,17,0,0.566,45,0.00,6494,734.60,0,0,65.809(82.262%)(4.908m),55.834(49.266%)(3.839m),20.697(18.262%)(0.075m),13.257(11.698%)(0.000m),9.222(11.527%)(0.000m),40.000(100.000%)(3.214m),11.377(28.443%)(0.148m),3701.465,9176.455,57.6,1.3756,"[1.094, 1.595, 1.798, 1.122, 1.816, 1.793]","[2.946, 3.333, 3.087, 3.024, 3.591, 3.120]","[-4.839, -5.759, -5.652, -5.329, -5.225, -5.559]"
286,1,-4.1371,-3.1468,0.198,293,741,21,0,0.565,60,0.00,6524,1125.72,0,0,44.000(55.000%)(2.571m),67.000(59.118%)(5.036m),51.301(45.266%)(3.354m),21.079(18.599%)(0.116m),11.629(14.536%)(0.000m),40.000(100.000%)(3.214m),10.287(25.716%)(0.031m),4403.511,10427.027,58.5,1.3983,"[1.387, 1.956, 2.146, 1.498, 2.203, 2.162]","[3.317, 3.332, 3.286, 3.413, 3.664, 3.417]","[-5.740, -6.053, -5.899, -5.729, -6.285, -6.070]"
287,1,1.2089,-3.0238,0.197,261,678,21,0,0.564,60,0.00,6551,1019.62,0,0,41.000(51.250%)(2.250m),52.000(45.882%)(3.429m),49.697(43.850%)(3.182m),20.420(18.017%)(0.045m),11.265(14.082%)(0.000m),40.000(100.000%)(3.214m),9.965(24.912%)(0.000m),1028.640,5520.498,60.1,1.3208,"[1.385, 1.683, 1.704, 1.369, 1.784, 1.742]","[3.376, 3.427, 3.186, 3.277, 3.730, 3.329]","[-5.716, -5.535, -5.315, -5.591, -5.892, -5.643]"
288,1,-5.1209,-2.9986,0.154,107,281,15,0,0.563,35,0.00,6562,407.06,0,0,9.671(12.088%)(0.000m),14.939(13.182%)(0.000m),25.986(22.929%)(0.641m),103.000(90.883%)(8.893m),77.067(96.334%)(6.114m),10.536(26.340%)(0.057m),40.000(100.000%)(3.214m),5231.062,9524.061,60.7,1.3775,"[1.343, 0.968, 0.497, 1.379, 1.328, 0.416]","[3.444, 3.403, 3.004, 3.462, 3.696, 3.079]","[-5.475, -5.031, -4.919, -5.576, -5.236, -5.771]"
289,1,-2.6138,-3.0231,0.170,658,1670,81,17,0.562,80,0.00,6628,2503.20,0,0,21.192(26.489%)(0.128m),43.691(38.551%)(2.538m),35.999(31.764%)(1.714m),17.964(15.850%)(0.000m),10.765(13.456%)(0.000m),14.998(37.494%)(0.535m),10.505(26.262%)(0.054m),1358.489,8547.389,58.7,1.3428,"[1.322, 1.799, 1.807, 1.451, 2.073, 1.665]","[3.092, 3.511, 3.374, 3.118, 3.734, 3.404]","[-5.576, -4.803, -3.395, -5.586, -3.857, -4.557]"
290,1,-4.5271,-3.0381,0.162,116,291,24,0,0.561,35,0.00,6640,415.51,0,0,77.786(97.233%)(6.191m),104.000(91.765%)(9.000m),34.207(30.182%)(1.522m),17.707(15.624%)(0.000m),10.808(13.510%)(0.000m),40.000(100.000%)(3.214m),10.808(27.020%)(0.087m),4448.124,10535.899,58.1,1.2753,"[0.458, 0.985, 1.480, 0.533, 1.222, 1.454]","[3.124, 3.563, 3.285, 3.197, 3.752, 3.317]","[-4.922, -5.429, -5.060, -4.809, -4.855, -5.296]"
291,1,-4.3317,-3.0413,0.173,296,763,29,23,0.560,60,0.00,6670,1104.12,0,0,26.000(32.500%)(0.643m),33.000(29.118%)(1.393m),43.261(38.171%)(2.492m),19.812(17.481%)(0.000m),11.414(14.268%)(0.000m),40.000(100.000%)(3.214m),10.606(26.515%)(0.065m),312.065,9215.605,59.7,1.2929,"[1.655, 1.851, 1.670, 1.620, 2.031, 1.552]","[3.391, 3.535, 3.203, 3.335, 3.850, 3.291]","[-4.979, -5.329, -5.068, -4.869, -4.963, -5.580]"
292,1,-4.1397,-3.0693,0.167,122,322,21,0,0.558,40,0.00,6683,454.07,0,0,12.171(15.214%)(0.000m),24.431(21.557%)(0.475m),78.217(69.015%)(6.237m),100.000(88.236%)(8.571m),76.230(95.288%)(6.025m),9.741(24.353%)(0.000m),40.000(100.000%)(3.214m),2832.022,9216.892,61.0,1.3551,"[2.024, 0.615, -0.988, 2.075, 0.482, -0.825]","[2.842, 3.541, 3.184, 2.980, 3.796, 3.406]","[-0.708, -5.803, -7.372, -0.834, -6.663, -5.396]"
293,1,1.1336,-3.0040,0.191,460,1133,55,84,0.557,70,0.00,6729,1784.16,0,0,11.345(14.181%)(0.000m),20.564(18.145%)(0.060m),50.047(44.160%)(3.219m),33.000(29.118%)(1.393m),20.000(25.000%)(0.000m),10.035(25.088%)(0.004m),31.000(77.500%)(2.250m),772.195,8504.498,57.0,1.3671,"[1.788, 1.891, 1.460, 1.771, 2.140, 1.393]","[3.331, 3.347, 3.230, 3.345, 3.692, 3.299]","[-7.087, -8.326, -7.878, -7.284, -7.349, -7.065]"
294,1,-5.0096,-3.0611,0.175,111,291,20,0,0.556,35,0.00,6741,435.33,0,0,69.102(86.378%)(5.261m),104.000(91.765%)(9.000m),31.015(27.366%)(1.180m),16.331(14.409%)(0.000m),10.057(12.571%)(0.000m),40.000(100.000%)(3.214m),10.181(25.452%)(0.019m),3282.115,8273.803,60.7,1.2163,"[0.410, 0.829, 1.144, 0.435, 0.948, 1.160]","[3.128, 3.281, 3.151, 3.103, 3.395, 3.244]","[-5.000, -4.973, -4.804, -5.074, -4.886, -4.921]"
295,1,-4.0950,-3.0489,0.172,164,444,21,0,0.555,50,0.00,6758,663.56,0,0,11.110(13.887%)(0.000m),19.284(17.015%)(0.000m),42.107(37.154%)(2.369m),77.000(67.941%)(6.107m),55.000(68.750%)(3.750m),10.323(25.808%)(0.035m),40.000(100.000%)(3.214m),1932.292,6672.202,62.6,1.3556,"[1.683, 1.526, 0.496, 1.620, 1.518, 0.362]","[2.728, 3.334, 2.990, 2.779, 3.659, 3.121]","[-5.615, -6.009, -6.043, -5.844, -6.206, -5.944]"
296,1,-6.1979,-3.1602,0.180,327,835,52,68,0.554,65,0.00,6791,1246.35,0,0,24.000(30.000%)(0.429m),36.000(31.765%)(1.714m),51.000(45.000%)(3.321m),25.956(22.902%)(0.638m),12.555(15.693%)(0.000m),40.000(100.000%)(3.214m),9.795(24.488%)(0.000m),683.615,10069.983,59.1,1.3145,"[1.277, 1.847, 1.633, 1.190, 1.904, 1.426]","[3.359, 3.485, 3.508, 3.405, 3.630, 3.220]","[-5.894, -7.432, -4.413, -5.869, -5.854, -5.586]"
297,1,-4.5664,-3.2819,0.169,290,715,21,0,0.553,60,0.00,6820,1140.71,0,0,12.493(15.616%)(0.000m),25.828(22.789%)(0.624m),79.000(69.706%)(6.321m),72.000(63.530%)(5.571m),53.902(67.377%)(3.632m),9.747(24.367%)(0.000m),39.721(99.303%)(3.184m),3860.441,9591.934,57.0,1.5171,"[1.944, 1.639, 1.198, 1.997, 1.849, 1.226]","[3.314, 3.366, 3.100, 3.193, 3.511, 3.041]","[-3.304, -6.536, -7.521, -4.060, -8.008, -6.167]"
298,1,-3.1354,-3.2497,0.196,156,389,18,0,0.552,45,0.00,6836,589.29,0,0,77.786(97.233%)(6.191m),71.001(62.648%)(5.464m),23.099(20.381%)(0.332m),14.378(12.686%)(0.000m),9.800(12.250%)(0.000m),40.000(100.000%)(3.214m),11.644(29.109%)(0.176m),4166.390,10151.005,57.7,1.4769,"[0.791, 1.371, 1.525, 0.802, 1.487, 1.557]","[2.556, 3.239, 2.988, 2.562, 3.462, 3.092]","[-5.238, -5.550, -6.089, -5.553, -5.485, -6.153]"
299,1,-6.0312,-3.3473,0.178,124,320,46,0,0.551,40,0.00,6849,466.14,0,0,78.639(98.299%)(6.283m),106.000(93.530%)(9.214m),71.736(63.296%)(5.543m),23.337(20.592%)(0.358m),11.954(14.942%)(0.000m),40.000(100.000%)(3.214m),9.812(24.530%)(0.000m),6249.040,13141.123,59.7,1.2749,"[-1.296, 1.216, 2.254, -1.080, 1.650, 2.243]","[2.684, 3.268, 3.226, 2.745, 3.566, 3.116]","[-5.724, -6.199, -1.176, -5.312, -5.441, -1.090]"
300,1,-3.4645,-3.3290,0.158,195,533,32,13,0.550,55,0.00,6869,775.36,0,0,24.000(30.000%)(0.429m),20.000(17.647%)(0.000m),30.000(26.471%)(1.071m),105.438(93.034%)(9.154m),56.285(70.357%)(3.888m),40.000(100.000%)(3.214m),40.000(100.000%)(3.214m),0.000,4096.978,63.2,1.3053,"[1.057, 1.261, 1.198, 0.897, 1.126, 1.022]","[2.880, 3.567, 3.220, 2.934, 3.790, 3.316]","[-8.776, -3.168, -6.510, -7.505, -8.060, -4.581]"
301,1,-5.7483,-3.3976,0.157,214,537,21,0,0.548,50,0.00,6891,870.45,0,0,53.114(66.392%)(3.548m),72.000(63.530%)(5.571m),24.574(21.683%)(0.490m),14.653(12.929%)(0.000m),9.705(12.131%)(0.000m),38.726(96.815%)(3.078m),10.972(27.429%)(0.104m),2615.379,7712.137,58.1,1.4081,"[1.168, 1.162, 1.156, 1.183, 1.399, 1.243]","[3.338, 3.262, 3.167, 3.420, 3.568, 3.176]","[-5.058, -4.828, -5.638, -5.174, -4.811, -5.627]"
302,1,-0.8016,-3.3872,0.168,229,616,19,0,0.547,55,0.00,6914,853.46,0,0,11.692(14.615%)(0.000m),21.439(18.917%)(0.154m),53.867(47.530%)(3.629m),52.000(45.882%)(3.429m),37.000(46.250%)(1.821m),10.215(25.537%)(0.023m),40.000(100.000%)(3.214m),1640.474,6359.710,62.2,1.3185,"[1.460, 1.230, 1.049, 1.453, 1.379, 0.940]","[2.702, 3.318, 2.968, 2.788, 3.545, 3.127]","[-6.700, -7.787, -6.904, -7.096, -8.352, -6.270]"
303,1,-4.3927,-3.3940,0.166,92,240,15,0,0.546,35,0.00,6924,357.18,0,0,8.992(11.239%)(0.000m),12.520(11.048%)(0.000m),18.738(16.534%)(0.000m),43.049(37.985%)(2.470m),76.230(95.288%)(6.025m),11.825(29.562%)(0.196m),40.000(100.000%)(3.214m),3868.326,8020.037,60.5,1.3559,"[0.865, 0.459, 0.052, 0.951, 0.742, 0.121]","[3.304, 3.173, 2.870, 3.298, 3.460, 2.950]","[-5.282, -5.678, -5.253, -4.828, -5.324, -5.135]"
304,1,0.2739,-3.2969,0.159,255,667,26,0,0.545,60,0.00,6950,1048.04,0,0,42.000(52.500%)(2.357m),61.000(53.824%)(4.393m),85.000(75.000%)(6.964m),25.964(22.909%)(0.639m),12.558(15.698%)(0.000m),40.000(100.000%)(3.214m),9.798(24.495%)(0.000m),1682.177,5988.535,60.5,1.3501,"[0.565, 1.527, 1.703, 0.557, 1.618, 1.611]","[2.895, 3.151, 2.593, 2.868, 3.327, 2.622]","[-6.119, -6.050, 0.129, -6.014, -5.629, -0.017]"
305,1,-3.2895,-3.2700,0.140,279,776,52,2,0.544,65,0.00,6978,1080.92,0,0,32.000(40.000%)(1.286m),57.000(50.294%)(3.964m),102.801(90.707%)(8.872m),26.333(23.235%)(0.679m),12.541(15.676%)(0.000m),30.000(75.000%)(2.143m),9.660(24.150%)(0.000m),3003.481,8526.804,64.4,1.2354,"[0.524, 1.365, 1.600, 0.594, 1.479, 1.536]","[2.581, 2.899, 2.902, 2.597, 3.192, 2.738]","[-5.302, -3.142, 0.513, -5.518, -3.486, 0.323]"
306,1,-2.0364,-3.2107,0.190,410,1045,100,13,0.543,70,0.00,7019,1611.29,0,0,31.000(38.750%)(1.179m),44.000(38.824%)(2.571m),59.000(52.059%)(4.179m),26.150(23.074%)(0.659m),12.648(15.811%)(0.000m),30.000(75.000%)(2.143m),9.868(24.671%)(0.000m),1200.828,8105.118,59.0,1.4908,"[1.102, 1.607, 1.431, 1.084, 1.805, 1.327]","[2.701, 3.198, 2.832, 2.699, 3.470, 2.973]","[-5.796, -5.361, -3.289, -5.469, -4.151, -4.069]"
307,1,-0.2022,-3.1776,0.169,268,668,21,0,0.542,55,0.00,7046,1052.09,0,0,52.000(65.000%)(3.429m),61.000(53.824%)(4.393m),45.162(39.849%)(2.696m),19.658(17.345%)(0.000m),11.088(13.861%)(0.000m),40.000(100.000%)(3.214m),10.053(25.133%)(0.006m),2345.978,8685.435,57.7,1.3634,"[1.446, 1.902, 1.940, 1.448, 2.124, 1.951]","[3.139, 3.111, 3.096, 3.193, 3.340, 3.146]","[-5.557, -5.374, -5.493, -5.580, -5.390, -5.710]"
308,1,-1.4161,-3.1067,0.166,364,988,71,22,0.541,70,0.00,7083,1380.50,0,0,25.000(31.250%)(0.536m),37.000(32.647%)(1.821m),61.000(53.824%)(4.393m),22.609(19.950%)(0.280m),11.888(14.860%)(0.000m),26.000(65.000%)(1.714m),10.005(25.013%)(0.001m),937.344,5655.519,62.8,1.3351,"[1.086, 1.823, 1.872, 1.093, 1.906, 1.780]","[3.379, 3.528, 3.388, 3.384, 3.689, 3.416]","[-5.447, -4.770, -3.807, -5.588, -5.104, -4.237]"
309,1,-0.6745,-3.0306,0.169,229,594,16,0,0.540,55,0.00,7106,904.38,0,0,44.000(55.000%)(2.571m),52.429(46.261%)(3.474m),20.867(18.412%)(0.093m),13.604(12.004%)(0.000m),9.587(11.984%)(0.000m),40.000(100.000%)(3.214m),12.132(30.330%)(0.228m),1134.518,6481.581,60.0,1.3785,"[1.179, 1.726, 1.706, 1.110, 1.851, 1.693]","[3.100, 3.456, 3.200, 2.970, 3.693, 3.262]","[-5.392, -5.685, -5.529, -5.670, -5.127, -5.112]"
310,1,0.1812,-2.9344,0.166,306,815,46,29,0.539,65,0.00,7137,1203.96,0,0,11.000(13.750%)(0.000m),19.000(16.765%)(0.000m),69.000(60.883%)(5.250m),35.567(31.383%)(1.668m),16.739(20.924%)(0.000m),11.000(27.500%)(0.107m),11.748(29.369%)(0.187m),1664.534,5668.218,61.6,1.4431,"[0.910, 1.296, 1.515, 0.829, 1.390, 1.463]","[3.285, 3.563, 3.221, 3.315, 3.814, 3.270]","[-5.699, -7.724, -8.861, -5.870, -10.433, -6.187]"
311,1,-1.7833,-2.9232,0.162,432,1102,65,11,0.538,70,0.00,7181,1712.30,0,0,29.000(36.250%)(0.964m),38.000(33.530%)(1.929m),69.000(60.883%)(5.250m),27.243(24.038%)(0.776m),12.829(16.036%)(0.000m),29.000(72.500%)(2.036m),9.755(24.387%)(0.000m),1314.280,8032.760,59.0,1.3935,"[1.289, 1.619, 1.496, 1.307, 1.846, 1.451]","[3.049, 3.241, 3.057, 3.035, 3.511, 3.116]","[-5.592, -5.064, -0.849, -5.179, -3.843, -1.948]"
312,1,-1.3096,-2.8874,0.160,368,926,158,0,0.537,65,0.00,7218,1426.76,0,0,36.000(45.000%)(1.714m),37.000(32.647%)(1.821m),40.000(35.294%)(2.143m),29.036(25.621%)(0.968m),13.586(16.983%)(0.000m),40.000(100.000%)(3.214m),9.629(24.072%)(0.000m),1369.836,7784.813,58.2,1.3531,"[0.333, 1.300, 1.497, 0.238, 1.513, 1.334]","[2.673, 3.140, 2.886, 2.752, 3.481, 2.927]","[-5.828, -5.995, -0.398, -5.794, -4.234, -1.431]"
313,1,-5.4980,-2.9391,0.149,160,396,18,0,0.535,45,0.00,7234,573.99,0,0,10.782(13.478%)(0.000m),17.665(15.586%)(0.000m),34.125(30.111%)(1.513m),99.000(87.353%)(8.464m),64.766(80.957%)(4.796m),10.782(26.955%)(0.084m),40.000(100.000%)(3.214m),3840.890,11317.554,57.3,1.0997,"[1.380, 0.630, 0.318, 1.411, 0.952, 0.295]","[2.860, 3.190, 3.093, 2.841, 3.399, 3.097]","[-5.103, -5.969, -5.690, -5.569, -5.139, -5.617]"
314,1,-3.1197,-2.9736,0.146,135,355,11,0,0.534,40,0.00,7248,514.66,0,0,69.061(86.327%)(5.257m),96.000(84.706%)(8.143m),62.876(55.479%)(4.594m),23.043(20.332%)(0.326m),11.960(14.950%)(0.000m),40.000(100.000%)(3.214m),9.941(24.853%)(0.000m),3267.513,8328.304,60.8,1.3502,"[0.355, 1.047, 1.151, 0.421, 1.157, 1.128]","[2.979, 3.255, 2.843, 3.003, 3.438, 2.943]","[-5.550, -5.018, -4.546, -5.216, -5.073, -4.517]"
315,1,-1.1373,-2.9351,0.156,482,1243,98,54,0.533,75,0.00,7297,1825.59,0,0,10.441(13.051%)(0.000m),17.422(15.373%)(0.000m),34.914(30.807%)(1.598m),45.000(39.706%)(2.679m),22.000(27.500%)(0.214m),10.188(25.471%)(0.020m),16.000(40.000%)(0.643m),1648.475,8283.621,59.7,1.3774,"[1.225, 1.422, 0.833, 1.311, 1.633, 0.804]","[3.007, 2.997, 2.697, 3.066, 3.299, 2.853]","[-4.983, -5.737, -5.649, -4.994, -5.328, -5.486]"
316,1,-5.5679,-3.0425,0.172,146,361,17,0,0.532,40,0.00,7312,563.86,0,0,59.310(74.137%)(4.212m),101.000(89.118%)(8.679m),28.261(24.937%)(0.885m),16.035(14.149%)(0.000m),10.298(12.873%)(0.000m),40.000(100.000%)(3.214m),11.083(27.707%)(0.116m),5238.142,11053.449,57.3,1.4963,"[0.510, 0.702, 0.912, 0.543, 0.921, 0.971]","[3.008, 2.910, 2.554, 2.973, 3.120, 2.544]","[-5.159, -5.710, -5.755, -5.330, -5.498, -5.679]"
317,1,-1.1046,-3.0273,0.150,185,504,15,0,0.531,50,0.00,7331,727.09,0,0,45.000(56.250%)(2.679m),54.000(47.647%)(3.643m),20.902(18.443%)(0.097m),13.139(11.594%)(0.000m),9.018(11.272%)(0.000m),40.000(100.000%)(3.214m),10.849(27.123%)(0.091m),1076.351,4354.569,63.1,1.3274,"[0.525, 1.019, 1.060, 0.438, 1.024, 0.993]","[2.347, 2.998, 2.659, 2.354, 3.211, 2.701]","[-5.205, -4.863, -5.492, -5.240, -5.443, -5.228]"
318,1,0.3029,-2.9719,0.139,346,880,48,1,0.530,65,0.00,7366,1324.60,0,0,12.713(15.892%)(0.000m),26.284(23.192%)(0.673m),75.000(66.177%)(5.893m),47.000(41.471%)(2.893m),34.000(42.500%)(1.500m),9.919(24.797%)(0.000m),40.000(100.000%)(3.214m),1527.630,8262.572,58.8,1.3475,"[1.602, 1.708, 0.973, 1.659, 1.896, 0.931]","[2.776, 2.940, 2.721, 2.823, 3.143, 2.736]","[-0.663, -3.523, -5.946, -0.396, -5.139, -5.247]"
319,1,-1.1291,-2.9735,0.152,218,586,15,0,0.529,55,0.00,7388,841.77,0,0,11.447(14.309%)(0.000m),20.749(18.308%)(0.080m),50.497(44.557%)(3.268m),54.000(47.647%)(3.643m),41.000(51.250%)(2.250m),10.125(25.313%)(0.013m),40.000(100.000%)(3.214m),1110.337,5000.811,62.2,1.4090,"[0.977, 1.085, 0.977, 0.931, 1.134, 0.792]","[2.518, 2.921, 2.653, 2.504, 3.151, 2.657]","[-6.758, -5.576, -5.168, -6.971, -6.905, -5.164]"
320,1,-3.9527,-2.9690,0.155,343,861,38,0,0.528,65,0.00,7423,1350.27,0,0,12.262(15.327%)(0.000m),24.268(21.413%)(0.457m),64.000(56.471%)(4.714m),48.000(42.353%)(3.000m),37.000(46.250%)(1.821m),9.939(24.846%)(0.000m),40.000(100.000%)(3.214m),2375.754,11467.759,58.1,1.4053,"[1.397, 1.298, 0.747, 1.417, 1.524, 0.718]","[2.850, 3.287, 2.814, 2.905, 3.496, 2.877]","[-4.811, -7.802, -6.515, -5.634, -8.755, -5.499]"
321,1,-2.0574,-2.9478,0.152,285,767,13,50,0.527,65,0.00,7452,1090.92,0,0,19.000(23.750%)(0.000m),36.000(31.765%)(1.714m),63.067(55.648%)(4.614m),23.491(20.728%)(0.374m),12.193(15.241%)(0.000m),20.000(50.000%)(1.071m),10.135(25.337%)(0.014m),442.246,4692.232,62.3,1.4149,"[0.880, 0.998, 0.867, 0.878, 1.082, 0.592]","[2.785, 3.116, 2.747, 2.764, 3.280, 2.794]","[-5.161, -6.087, -4.833, -4.897, -5.576, -5.655]"
322,1,-3.5928,-2.9851,0.145,401,1021,117,54,0.526,70,0.00,7493,1523.36,0,0,11.000(13.750%)(0.000m),18.000(15.882%)(0.000m),31.000(27.353%)(1.179m),38.554(34.018%)(1.988m),18.601(23.251%)(0.000m),11.000(27.500%)(0.107m),13.121(32.803%)(0.334m),414.291,5656.296,59.0,1.2436,"[0.594, 1.113, 1.104, 0.551, 1.178, 1.002]","[3.000, 3.151, 2.677, 2.976, 3.402, 2.848]","[-4.926, -6.673, -8.085, -5.167, -9.424, -5.594]"
323,1,-3.3556,-3.0018,0.166,274,731,130,28,0.525,60,0.00,7521,1013.34,0,0,17.122(21.402%)(0.000m),36.265(31.999%)(1.743m),89.305(78.799%)(7.426m),23.000(20.294%)(0.321m),12.000(15.000%)(0.000m),12.041(30.103%)(0.219m),10.000(25.000%)(0.000m),3728.115,12064.505,61.7,1.3759,"[1.547, 1.331, -0.295, 1.601, 1.575, -0.179]","[3.117, 3.234, 3.009, 3.231, 3.540, 3.101]","[-4.970, -5.192, -6.604, -4.234, -3.961, -5.807]"
324,1,-4.6522,-3.0567,0.154,399,1046,71,112,0.524,70,0.00,7561,1594.05,0,0,12.562(15.703%)(0.000m),25.585(22.575%)(0.598m),49.000(43.235%)(3.107m),37.000(32.647%)(1.821m),18.000(22.500%)(0.000m),9.927(24.818%)(0.000m),13.000(32.500%)(0.321m),1492.483,6009.281,60.7,1.3225,"[1.062, 1.003, 0.761, 1.031, 1.253, 0.763]","[3.071, 3.259, 2.991, 3.032, 3.507, 2.959]","[-4.389, -5.390, -5.660, -3.710, -4.776, -5.005]"
325,1,-2.1328,-3.0242,0.148,212,536,20,0,0.523,50,0.00,7583,836.59,0,0,10.468(13.085%)(0.000m),16.850(14.867%)(0.000m),31.484(27.780%)(1.230m),71.000(62.647%)(5.464m),67.000(83.750%)(5.036m),10.727(26.817%)(0.078m),40.000(100.000%)(3.214m),3189.912,6958.192,58.5,1.4036,"[1.498, 1.318, 1.138, 1.488, 1.495, 1.129]","[2.967, 3.167, 2.880, 2.997, 3.406, 2.861]","[-4.916, -5.740, -5.141, -4.864, -6.038, -5.609]"
326,1,-2.8590,-3.0155,0.174,118,329,17,0,0.522,40,0.00,7595,467.26,0,0,70.000(87.500%)(5.357m),97.000(85.588%)(8.250m),56.803(50.121%)(3.943m),21.847(19.277%)(0.198m),11.774(14.718%)(0.000m),40.000(100.000%)(3.214m),10.160(25.400%)(0.017m),2082.302,6088.240,64.6,1.4924,"[-0.566, 0.326, 1.699, -0.520, 0.518, 1.812]","[2.774, 3.358, 2.927, 2.766, 3.636, 2.974]","[-5.922, -5.881, -5.444, -5.460, -5.503, -5.144]"
327,1,-5.9479,-3.0131,0.164,513,1490,172,97,0.521,85,0.00,7647,1939.23,0,0,34.000(42.500%)(1.500m),41.000(36.177%)(2.250m),54.000(47.647%)(3.643m),36.936(32.591%)(1.815m),17.306(21.632%)(0.000m),28.000(70.000%)(1.929m),12.000(30.000%)(0.214m),816.276,5568.672,67.2,1.3854,"[0.373, 1.121, 1.091, 0.409, 1.241, 1.063]","[2.849, 3.198, 3.525, 3.108, 3.434, 3.444]","[-6.133, -4.510, -2.674, -5.567, -3.658, -2.230]"
328,1,-3.6542,-3.0124,0.189,134,363,21,0,0.520,45,0.00,7661,529.06,0,0,13.055(16.318%)(0.000m),28.355(25.019%)(0.895m),86.009(75.891%)(7.072m),98.000(86.471%)(8.357m),75.000(93.750%)(5.893m),9.672(24.181%)(0.000m),40.000(100.000%)(3.214m),2689.248,7548.209,62.8,1.3968,"[1.923, 0.835, -0.435, 1.953, 1.070, -0.622]","[2.938, 2.874, 2.556, 3.011, 3.136, 2.696]","[-0.871, -3.987, -5.914, -1.059, -4.263, -5.966]"
329,1,-0.5002,-2.8991,0.172,312,834,67,24,0.519,65,0.00,7693,1129.79,0,0,12.654(15.817%)(0.000m),26.161(23.083%)(0.660m),54.000(47.647%)(3.643m),44.000(38.824%)(2.571m),27.000(33.750%)(0.750m),9.872(24.681%)(0.000m),27.000(67.500%)(1.821m),1333.170,5787.903,61.9,1.3122,"[1.968, 1.925, 1.161, 1.925, 2.084, 1.013]","[3.391, 3.207, 2.957, 2.979, 3.451, 2.977]","[-0.270, -4.411, -5.835, -0.097, -5.522, -5.191]"
330,1,-3.5488,-2.9528,0.170,425,1113,126,0,0.518,75,0.00,7736,1633.77,0,0,13.289(16.611%)(0.000m),28.655(25.284%)(0.927m),95.000(83.824%)(8.036m),48.000(42.353%)(3.000m),35.000(43.750%)(1.607m),9.717(24.294%)(0.000m),29.000(72.500%)(2.036m),3526.702,9357.302,60.6,1.3529,"[2.043, 2.063, 0.951, 2.085, 2.274, 0.847]","[3.146, 3.156, 3.143, 3.016, 3.439, 3.423]","[-0.209, -3.811, -5.474, -0.134, -5.456, -5.298]"
331,1,-2.6011,-2.9156,0.165,320,841,43,37,0.517,65,0.00,7768,1170.79,0,0,26.000(32.500%)(0.643m),53.000(46.765%)(3.536m),69.806(61.593%)(5.336m),26.280(23.189%)(0.673m),12.718(15.898%)(0.000m),21.000(52.500%)(1.179m),9.923(24.807%)(0.000m),3372.680,9050.101,60.8,1.2901,"[0.511, 1.385, 1.620, 0.617, 1.682, 1.664]","[2.766, 3.381, 2.995, 2.940, 3.511, 3.064]","[-5.534, -7.621, -2.991, -5.120, -5.844, -3.683]"
332,1,-5.1332,-2.9320,0.153,135,339,14,0,0.515,40,0.00,7782,533.32,0,0,10.315(12.894%)(0.000m),15.574(13.742%)(0.000m),26.118(23.045%)(0.656m),102.493(90.436%)(8.839m),61.711(77.139%)(4.469m),11.661(29.153%)(0.178m),40.000(100.000%)(3.214m),4937.682,9462.979,58.0,1.3612,"[1.122, 0.980, 0.543, 1.230, 1.255, 0.568]","[2.904, 3.140, 2.854, 2.994, 3.360, 2.914]","[-5.494, -5.546, -5.359, -5.335, -5.423, -5.222]"
333,1,-1.1950,-2.9306,0.180,246,652,5,17,0.514,60,0.00,7807,936.27,0,0,22.000(27.500%)(0.214m),19.000(16.765%)(0.000m),40.000(35.294%)(2.143m),48.420(42.724%)(3.045m),23.167(28.959%)(0.339m),40.000(100.000%)(3.214m),16.381(40.952%)(0.684m),4023.429,7613.090,61.3,1.3543,"[1.237, 1.890, 1.535, 1.326, 1.979, 1.589]","[2.899, 3.213, 2.919, 2.973, 3.460, 3.119]","[-7.981, -5.645, -7.121, -6.490, -8.106, -5.018]"
334,1,-0.4831,-2.8484,0.163,236,615,15,0,0.513,55,0.00,7831,893.54,0,0,46.000(57.500%)(2.786m),60.000(52.941%)(4.286m),33.066(29.176%)(1.400m),17.116(15.102%)(0.000m),10.447(13.059%)(0.000m),40.000(100.000%)(3.214m),10.447(26.119%)(0.048m),1112.736,6009.955,60.3,1.2405,"[1.012, 1.457, 1.602, 0.954, 1.570, 1.607]","[2.924, 3.188, 3.104, 2.896, 3.367, 3.075]","[-5.578, -5.274, -5.695, -5.874, -5.624, -5.876]"
335,1,-5.1627,-2.8862,0.173,114,286,20,0,0.512,35,0.00,7843,438.30,0,0,11.246(14.057%)(0.000m),20.384(17.986%)(0.041m),49.610(43.774%)(3.173m),113.333(100.000%)(10.000m),76.230(95.288%)(6.025m),9.947(24.869%)(0.000m),40.000(100.000%)(3.214m),6521.370,14376.873,58.1,1.1841,"[1.595, 1.241, -0.367, 1.640, 1.429, -0.357]","[3.129, 3.054, 2.623, 3.135, 3.198, 2.672]","[-6.660, -5.689, -5.871, -6.491, -5.587, -5.962]"
336,1,-4.6703,-2.8969,0.172,197,483,23,0,0.511,50,0.00,7863,758.44,0,0,62.172(77.715%)(4.518m),101.000(89.118%)(8.679m),50.138(44.240%)(3.229m),20.601(18.178%)(0.064m),11.365(14.207%)(0.000m),40.000(100.000%)(3.214m),10.053(25.133%)(0.006m),4090.397,12564.524,56.7,1.3763,"[0.312, 1.566, 1.833, 0.368, 1.899, 1.902]","[2.917, 3.092, 2.950, 2.870, 3.300, 3.211]","[-5.442, -5.398, -5.295, -5.276, -5.047, -5.185]"
337,1,-3.8037,-2.9971,0.155,511,1407,135,12,0.510,80,0.00,7915,1966.27,0,0,26.000(32.500%)(0.643m),22.000(19.412%)(0.214m),75.000(66.177%)(5.893m),31.205(27.534%)(1.201m),14.381(17.976%)(0.000m),23.000(57.500%)(1.393m),10.064(25.159%)(0.007m),0.000,6289.107,63.7,1.3873,"[0.288, 1.141, 1.049, 0.368, 1.275, 1.026]","[2.853, 3.105, 3.399, 2.803, 3.370, 3.452]","[-6.132, -4.501, -6.233, -5.633, -7.202, -4.977]"
338,1,-0.7849,-2.9104,0.154,390,1002,60,17,0.509,70,0.00,7954,1482.88,0,0,29.000(36.250%)(0.964m),62.000(54.706%)(4.500m),48.830(43.085%)(3.089m),20.063(17.703%)(0.007m),11.069(13.836%)(0.000m),22.000(55.000%)(1.286m),9.791(24.477%)(0.000m),3597.093,9082.932,59.4,1.3286,"[0.796, 1.168, 1.396, 0.893, 1.427, 1.480]","[2.882, 2.965, 2.713, 3.060, 3.125, 2.832]","[-5.420, -5.888, -3.915, -5.337, -5.795, -4.692]"
339,1,-4.7659,-2.9534,0.142,165,408,67,0,0.508,45,0.00,7971,612.96,0,0,77.786(97.233%)(6.191m),97.000(85.588%)(8.250m),67.524(59.580%)(5.092m),23.031(20.322%)(0.325m),11.954(14.943%)(0.000m),40.000(100.000%)(3.214m),9.936(24.841%)(0.000m),6757.617,16439.663,57.2,1.4875,"[-1.227, 0.487, 1.977, -1.079, 0.996, 2.064]","[2.865, 2.979, 3.160, 3.180, 3.477, 3.272]","[-5.839, -6.402, -3.605, -5.333, -5.310, -2.954]"
340,1,-5.0979,-2.9648,0.160,243,666,15,0,0.507,60,0.00,7996,941.00,0,0,35.000(43.750%)(1.607m),51.000(45.000%)(3.321m),78.058(68.875%)(6.221m),27.791(24.522%)(0.835m),12.863(16.078%)(0.000m),27.301(68.252%)(1.854m),9.655(24.137%)(0.000m),814.585,7131.940,63.5,1.2571,"[0.303, 0.928, 1.164, 0.248, 1.078, 1.198]","[2.750, 2.971, 2.704, 2.685, 3.160, 2.781]","[-5.445, -5.492, -1.697, -5.357, -5.717, -0.656]"
341,1,-1.3113,-2.9044,0.165,372,948,56,14,0.506,70,0.00,8034,1438.07,0,0,12.862(16.077%)(0.000m),27.212(24.011%)(0.773m),47.000(41.471%)(2.893m),35.000(30.882%)(1.607m),32.000(40.000%)(1.286m),9.780(24.450%)(0.000m),32.000(80.000%)(2.357m),1510.672,6422.579,59.0,1.2860,"[1.681, 1.692, 0.920, 1.702, 1.784, 0.776]","[3.114, 3.161, 3.091, 3.180, 3.438, 3.179]","[-1.911, -3.861, -5.090, -1.799, -5.191, -5.317]"
342,1,-2.6989,-2.8756,0.169,367,1000,172,0,0.505,70,0.00,8071,1402.94,0,0,44.000(55.000%)(2.571m),80.000(70.588%)(6.429m),58.673(51.770%)(4.143m),21.749(19.190%)(0.187m),11.579(14.474%)(0.000m),30.000(75.000%)(2.143m),9.868(24.671%)(0.000m),2642.619,6265.640,63.1,1.3661,"[0.196, 2.003, 2.226, 0.332, 2.228, 2.250]","[2.822, 3.112, 3.651, 3.113, 3.561, 3.487]","[-5.741, -5.914, -5.035, -5.324, -5.012, -4.392]"
343,1,-1.4548,-2.9274,0.177,577,1463,187,29,0.504,80,0.00,8129,2143.94,0,0,27.000(33.750%)(0.750m),46.000(40.588%)(2.786m),68.000(60.000%)(5.143m),27.928(24.642%)(0.849m),12.874(16.092%)(0.000m),26.000(65.000%)(1.714m),9.663(24.158%)(0.000m),2893.781,8114.022,58.7,1.4258,"[1.087, 1.816, 1.963, 1.210, 2.193, 2.004]","[3.291, 3.467, 3.497, 3.438, 3.684, 3.421]","[-5.024, -5.292, -1.381, -4.667, -3.506, -1.982]"
344,1,-3.3501,-2.8942,0.203,299,746,22,0,0.503,60,0.00,8159,1073.13,0,0,47.248(59.060%)(2.919m),33.855(29.873%)(1.485m),17.214(15.189%)(0.000m),12.094(10.671%)(0.000m),9.050(11.312%)(0.000m),34.538(86.344%)(2.629m),13.052(32.630%)(0.327m),1311.533,7088.067,57.7,1.3223,"[1.698, 1.753, 1.679, 1.725, 1.993, 1.735]","[3.572, 3.654, 3.327, 3.542, 3.811, 3.428]","[-5.220, -6.942, -6.126, -5.217, -5.694, -5.704]"
345,1,-5.4024,-2.9203,0.178,565,1521,215,34,0.502,85,0.00,8216,2218.00,0,0,32.700(40.876%)(1.361m),22.000(19.412%)(0.214m),20.000(17.647%)(0.000m),33.350(29.426%)(1.430m),15.418(19.273%)(0.000m),27.000(67.500%)(1.821m),10.795(26.988%)(0.085m),0.000,8589.886,62.3,1.3774,"[0.271, 1.483, 1.364, 0.317, 1.613, 1.356]","[2.907, 3.512, 3.313, 3.023, 3.767, 3.280]","[-5.501, -4.749, -5.705, -5.470, -5.016, -4.688]"
346,1,-3.9752,-2.8759,0.188,146,395,35,0,0.501,45,0.00,8231,545.59,0,0,12.513(15.641%)(0.000m),25.870(22.826%)(0.629m),101.520(89.577%)(8.734m),102.000(90.000%)(8.786m),65.000(81.250%)(4.821m),9.763(24.407%)(0.000m),40.000(100.000%)(3.214m),3011.232,8337.115,62.6,1.2697,"[2.121, 1.684, -0.569, 1.875, 1.745, -0.915]","[3.380, 3.531, 3.218, 3.417, 3.806, 3.245]","[-5.014, -7.585, -5.430, -6.465, -8.460, -5.633]"
347,1,-0.4795,-2.7942,0.171,213,571,8,16,0.500,55,0.00,8253,851.10,0,0,54.579(68.223%)(3.705m),112.838(99.564%)(9.947m),50.000(44.118%)(3.214m),20.000(17.647%)(0.000m),25.000(31.250%)(0.536m),39.940(99.851%)(3.208m),40.000(100.000%)(3.214m),0.000,4069.739,62.0,1.5396,"[1.178, 1.407, 1.689, 1.130, 1.633, 1.565]","[2.857, 3.330, 3.169, 2.831, 3.590, 3.373]","[-5.534, -6.315, -8.418, -4.729, -4.138, -5.046]"
348,1,0.8064,-2.7153,0.187,513,1396,271,9,0.499,80,0.00,8305,1946.45,0,0,10.931(13.663%)(0.000m),19.172(16.916%)(0.000m),33.000(29.118%)(1.393m),29.000(25.588%)(0.964m),33.000(41.250%)(1.393m),10.033(25.082%)(0.004m),27.000(67.500%)(1.821m),631.953,5453.298,63.0,1.3433,"[1.589, 1.260, 0.704, 1.496, 1.714, 0.355]","[3.289, 3.330, 3.068, 3.260, 3.656, 3.183]","[-3.878, -6.934, -5.539, -3.824, -5.301, -6.490]"
349,1,-5.2529,-2.6997,0.150,110,277,15,0,0.498,35,0.00,8316,419.89,0,0,77.786(97.233%)(6.191m),113.333(100.000%)(10.000m),50.815(44.837%)(3.302m),20.879(18.423%)(0.094m),11.519(14.398%)(0.000m),40.000(100.000%)(3.214m),10.189(25.472%)(0.020m),6376.655,11803.529,58.2,1.2215,"[-0.375, 0.917, 1.662, -0.254, 1.093, 1.895]","[3.017, 3.589, 3.282, 3.049, 3.765, 3.474]","[-5.707, -5.181, -5.547, -5.479, -5.314, -5.353]"
350,1,-4.4095,-2.7186,0.183,147,371,19,0,0.497,40,0.00,8331,552.32,0,0,77.786(97.233%)(6.191m),107.000(94.412%)(9.321m),74.896(66.085%)(5.882m),29.306(25.859%)(0.997m),13.498(16.873%)(0.000m),40.000(100.000%)(3.214m),9.624(24.061%)(0.000m),6760.002,11007.437,58.4,1.2436,"[0.322, 0.837, 1.997, 0.463, 1.144, 2.107]","[2.937, 3.433, 3.192, 2.949, 3.707, 3.381]","[-6.024, -6.288, -0.832, -5.776, -5.262, -0.511]"
351,1,0.4758,-2.5942,0.173,329,843,0,44,0.496,65,0.00,8364,1278.03,0,0,39.655(49.569%)(2.106m),81.984(72.339%)(6.641m),60.000(52.941%)(4.286m),22.000(19.412%)(0.214m),12.000(15.000%)(0.000m),28.604(71.509%)(1.993m),40.000(100.000%)(3.214m),1339.070,6388.931,59.3,1.4262,"[1.499, 1.614, 1.698, 1.485, 1.959, 1.897]","[2.780, 3.325, 3.148, 2.790, 3.587, 3.322]","[-6.006, -7.558, -8.500, -5.220, -6.011, -5.711]"
352,1,-2.6562,-2.6313,0.171,218,547,59,0,0.495,50,0.00,8386,852.55,0,0,67.000(83.750%)(5.036m),85.000(75.000%)(6.964m),56.644(49.980%)(3.926m),21.786(19.223%)(0.191m),11.741(14.676%)(0.000m),40.000(100.000%)(3.214m),10.131(25.328%)(0.014m),3449.570,11783.953,58.1,1.3611,"[0.055, 1.250, 2.170, 0.100, 1.617, 2.112]","[3.188, 3.307, 3.050, 3.456, 3.470, 3.041]","[-5.513, -5.957, -4.788, -5.810, -5.293, -5.007]"
353,1,-8.7087,-2.7176,0.179,763,1997,155,95,0.494,90,0.00,8463,2939.59,0,0,19.131(23.914%)(0.000m),40.388(35.636%)(2.184m),50.000(44.118%)(3.214m),44.000(38.824%)(2.571m),12.000(15.000%)(0.000m),13.464(33.661%)(0.371m),11.000(27.500%)(0.107m),903.616,6572.671,60.6,1.3581,"[1.411, 1.555, 1.271, 1.477, 1.730, 1.110]","[3.116, 3.292, 3.526, 3.129, 3.565, 3.673]","[-3.683, -0.489, -4.412, -4.346, -0.450, -4.957]"
354,1,-4.2064,-2.8072,0.187,216,552,25,0,0.493,50,0.00,8485,837.12,0,0,58.000(72.500%)(4.071m),63.000(55.588%)(4.607m),33.546(29.599%)(1.451m),17.365(15.322%)(0.000m),10.599(13.249%)(0.000m),40.000(100.000%)(3.214m),10.599(26.498%)(0.064m),1742.630,7023.099,59.1,1.4291,"[1.000, 1.267, 1.257, 0.922, 1.380, 1.265]","[3.127, 3.452, 3.307, 3.184, 3.723, 3.334]","[-5.367, -5.077, -5.819, -5.782, -5.303, -5.356]"
355,1,-5.8767,-2.8589,0.153,147,376,17,0,0.492,40,0.00,8500,559.72,0,0,53.424(66.779%)(3.581m),34.081(30.072%)(1.509m),16.674(14.712%)(0.000m),11.558(10.198%)(0.000m),8.551(10.689%)(0.000m),38.853(97.132%)(3.091m),12.007(30.018%)(0.215m),3277.989,7711.532,59.1,1.2524,"[0.673, 0.767, 0.955, 0.616, 0.936, 0.946]","[3.085, 3.362, 3.260, 3.127, 3.541, 3.338]","[-4.953, -7.076, -5.934, -5.317, -5.272, -5.321]"
356,1,-4.8302,-2.9148,0.183,326,832,34,18,0.491,65,0.00,8533,1252.08,0,0,13.000(16.250%)(0.000m),24.000(21.177%)(0.429m),76.000(67.059%)(6.000m),39.091(34.492%)(2.045m),18.494(23.117%)(0.000m),40.000(100.000%)(3.214m),13.013(32.531%)(0.323m),3201.954,8116.116,59.1,1.3642,"[1.022, 1.559, 1.439, 0.961, 1.619, 1.535]","[2.762, 3.104, 3.068, 2.784, 3.371, 3.140]","[-9.237, -5.768, -6.084, -9.235, -10.032, -4.950]"
357,1,-2.4323,-2.9594,0.168,613,1570,195,34,0.490,80,0.00,8595,2325.89,0,0,11.129(13.911%)(0.000m),20.173(17.799%)(0.018m),49.095(43.319%)(3.117m),33.000(29.118%)(1.393m),28.000(35.000%)(0.857m),9.844(24.610%)(0.000m),27.000(67.500%)(1.821m),878.469,6726.433,59.3,1.3454,"[1.698, 1.857, 1.277, 1.741, 2.083, 1.110]","[3.691, 3.823, 3.882, 3.642, 4.155, 3.752]","[-5.320, -5.045, -4.445, -5.190, -3.844, -5.143]"
358,1,0.5803,-2.9195,0.173,317,839,16,0,0.489,65,0.00,8627,1203.65,0,0,32.000(40.000%)(1.286m),54.000(47.647%)(3.643m),66.406(58.594%)(4.972m),24.488(21.607%)(0.481m),12.373(15.466%)(0.000m),24.000(60.000%)(1.500m),10.029(25.072%)(0.003m),1480.659,6887.206,61.3,1.3388,"[1.434, 1.660, 1.568, 1.403, 1.846, 1.544]","[2.862, 3.253, 2.902, 2.886, 3.530, 2.986]","[-6.016, -7.424, -4.243, -5.693, -6.770, -4.786]"
359,1,1.6363,-2.8733,0.168,534,1505,155,42,0.488,85,0.00,8681,2085.86,0,0,37.000(46.250%)(1.821m),43.000(37.941%)(2.464m),50.000(44.118%)(3.214m),31.537(27.827%)(1.236m),12.000(15.000%)(0.000m),31.000(77.500%)(2.250m),10.450(26.124%)(0.048m),1206.460,6302.248,65.2,1.3400,"[0.577, 1.310, 1.459, 0.563, 1.347, 1.342]","[3.310, 3.643, 3.240, 3.365, 3.915, 3.395]","[-5.856, -5.018, -0.321, -5.888, -5.447, -0.546]"
360,1,-1.6505,-2.9099,0.179,228,604,39,24,0.487,55,0.00,8704,867.25,0,0,25.000(31.250%)(0.536m),20.000(17.647%)(0.000m),32.000(28.235%)(1.286m),96.489(85.137%)(8.195m),52.610(65.763%)(3.494m),40.000(100.000%)(3.214m),39.051(97.627%)(3.113m),0.000,4191.817,61.3,1.4214,"[1.089, 1.154, 0.882, 0.969, 1.025, 0.720]","[3.239, 3.251, 2.954, 3.249, 3.518, 2.973]","[-8.023, -3.859, -5.947, -7.424, -7.702, -4.021]"
361,1,-5.8396,-2.9910,0.186,121,299,16,0,0.486,35,0.00,8717,470.75,0,0,78.639(98.299%)(6.283m),111.000(97.941%)(9.750m),71.250(62.868%)(5.491m),25.625(22.610%)(0.603m),12.582(15.727%)(0.000m),40.000(100.000%)(3.214m),9.943(24.856%)(0.000m),5041.924,14943.835,57.2,1.4286,"[-1.007, 0.091, 1.598, -0.974, 0.403, 1.648]","[2.626, 3.136, 2.970, 2.627, 3.390, 3.034]","[-5.925, -7.614, -3.380, -5.462, -5.484, -2.996]"
362,1,-0.2203,-2.9692,0.161,271,713,75,0,0.485,60,0.00,8745,1050.17,0,0,44.000(55.000%)(2.571m),83.000(73.236%)(6.750m),91.000(80.294%)(7.607m),26.322(23.226%)(0.677m),12.537(15.671%)(0.000m),40.000(100.000%)(3.214m),9.657(24.142%)(0.000m),3125.939,7996.822,60.9,1.3901,"[0.905, 1.859, 1.879, 0.891, 2.069, 1.944]","[2.796, 3.242, 2.987, 2.839, 3.533, 3.054]","[-6.030, -7.471, -2.518, -6.012, -6.054, -2.413]"
363,1,2.5394,-2.8085,0.166,411,1088,67,0,0.484,75,0.00,8787,1511.56,0,0,33.000(41.250%)(1.393m),47.000(41.471%)(2.893m),57.000(50.294%)(3.964m),25.445(22.451%)(0.583m),12.493(15.617%)(0.000m),24.000(60.000%)(1.500m),9.873(24.682%)(0.000m),1841.977,5647.379,61.3,1.3660,"[0.489, 1.361, 1.463, 0.545, 1.561, 1.436]","[2.682, 3.028, 2.790, 2.703, 3.220, 2.864]","[-5.757, -7.119, -2.451, -5.498, -5.164, -2.314]"
364,1,-2.7737,-2.8016,0.169,275,707,18,0,0.483,60,0.00,8815,1070.80,0,0,42.000(52.500%)(2.357m),57.000(50.294%)(3.964m),51.185(45.163%)(3.341m),21.031(18.557%)(0.110m),11.603(14.503%)(0.000m),40.000(100.000%)(3.214m),10.263(25.658%)(0.028m),1306.149,7351.943,59.5,1.2810,"[0.852, 1.563, 1.669, 0.798, 1.722, 1.679]","[3.110, 3.185, 3.083, 3.091, 3.445, 3.171]","[-5.971, -5.394, -5.989, -5.875, -5.509, -5.542]"
365,1,-6.2261,-2.9033,0.177,723,1867,235,39,0.483,85,0.00,8888,2807.15,0,0,15.365(19.206%)(0.000m),32.915(29.043%)(1.384m),51.000(45.000%)(3.321m),20.000(17.647%)(0.000m),25.000(31.250%)(0.536m),10.772(26.929%)(0.083m),21.000(52.500%)(1.179m),0.000,6464.355,59.7,1.3117,"[1.424, 1.364, 0.824, 1.433, 1.616, 0.720]","[4.098, 3.758, 4.075, 4.177, 4.062, 3.943]","[-6.845, -7.782, -5.421, -6.527, -6.151, -5.750]"
366,1,-3.9758,-2.8715,0.165,580,1537,177,0,0.482,80,0.00,8946,2199.45,0,0,17.707(22.134%)(0.000m),37.537(33.121%)(1.879m),20.971(18.504%)(0.104m),13.788(12.166%)(0.000m),9.779(12.224%)(0.000m),12.452(31.130%)(0.263m),12.534(31.334%)(0.271m),1803.328,6336.449,61.3,1.2882,"[1.356, 1.552, 1.055, 1.407, 1.796, 0.852]","[3.698, 3.324, 3.196, 3.656, 3.521, 3.159]","[-5.678, -7.535, -5.157, -5.338, -7.068, -5.648]"
367,1,-4.9005,-2.9474,0.157,289,755,17,20,0.481,60,0.00,8975,1113.08,0,0,10.879(13.599%)(0.000m),17.987(15.871%)(0.000m),35.375(31.213%)(1.647m),56.000(49.412%)(3.857m),28.000(35.000%)(0.857m),10.747(26.868%)(0.080m),40.000(100.000%)(3.214m),3468.164,9485.324,60.5,1.3999,"[1.815, 2.131, 1.815, 1.805, 2.336, 1.736]","[3.888, 3.645, 3.427, 4.004, 3.964, 3.297]","[-5.135, -5.692, -5.242, -5.256, -4.835, -5.637]"
368,1,-3.2875,-3.0192,0.183,212,535,47,0,0.480,50,0.00,8997,752.74,0,0,12.677(15.847%)(0.000m),26.210(23.126%)(0.665m),89.000(78.530%)(7.393m),83.000(73.236%)(6.750m),69.000(86.250%)(5.250m),9.891(24.727%)(0.000m),40.000(100.000%)(3.214m),3315.774,11012.956,58.4,1.2743,"[2.390, 1.829, 0.172, 2.286, 1.892, 0.115]","[3.783, 3.492, 3.128, 3.680, 3.756, 3.200]","[-3.847, -6.921, -5.680, -5.367, -7.469, -5.529]"
369,1,1.5970,-2.9647,0.178,309,811,11,42,0.479,65,0.00,9028,1181.94,0,0,31.972(39.965%)(1.283m),61.509(54.273%)(4.447m),58.000(51.177%)(4.071m),21.000(18.529%)(0.107m),12.000(15.000%)(0.000m),22.869(57.173%)(1.379m),10.000(25.000%)(0.000m),2070.409,5307.339,60.7,1.2703,"[1.516, 1.674, 1.840, 1.537, 1.944, 1.878]","[2.811, 3.291, 2.985, 2.836, 3.514, 2.965]","[-5.837, -9.112, -5.154, -5.843, -6.991, -3.723]"
370,1,-2.7118,-2.9399,0.163,159,415,23,0,0.478,45,0.00,9044,623.53,0,0,11.345(14.181%)(0.000m),20.802(18.355%)(0.086m),52.267(46.118%)(3.457m),94.000(82.941%)(7.929m),72.000(90.000%)(5.571m),9.912(24.779%)(0.000m),40.000(100.000%)(3.214m),3781.629,9384.598,60.4,1.4233,"[2.410, 2.081, 0.318, 2.343, 2.215, 0.186]","[3.378, 3.518, 3.229, 3.325, 3.810, 3.292]","[-6.433, -5.908, -5.894, -6.547, -5.941, -5.764]"
371,1,-3.7439,-2.9736,0.179,265,710,0,33,0.477,60,0.00,9071,1039.44,0,0,13.000(16.250%)(0.000m),24.000(21.177%)(0.429m),113.333(100.000%)(10.000m),51.438(45.387%)(3.368m),24.778(30.973%)(0.512m),11.000(27.500%)(0.107m),17.624(44.059%)(0.817m),4364.633,10899.505,62.0,1.3759,"[1.074, 1.369, 1.190, 1.269, 1.562, 1.264]","[2.892, 3.296, 3.052, 2.866, 3.531, 3.142]","[-7.123, -5.353, -5.896, -6.875, -7.968, -4.848]"
372,1,0.2814,-2.8961,0.165,661,1791,130,48,0.476,85,0.00,9138,2525.10,0,0,33.000(41.250%)(1.393m),46.000(40.588%)(2.786m),54.000(47.647%)(3.643m),38.273(33.771%)(1.958m),18.112(22.640%)(0.000m),26.000(65.000%)(1.714m),11.000(27.500%)(0.107m),699.495,5792.364,62.7,1.3088,"[0.686, 1.107, 1.087, 0.780, 1.223, 0.984]","[3.299, 3.612, 3.259, 3.336, 3.853, 3.261]","[-5.360, -4.974, -5.155, -5.308, -4.908, -5.698]"
373,1,0.1536,-2.8259,0.155,371,974,84,17,0.475,70,0.00,9176,1443.57,0,0,12.610(15.763%)(0.000m),26.071(23.004%)(0.650m),83.000(73.236%)(6.750m),44.000(38.824%)(2.571m),29.000(36.250%)(0.964m),9.839(24.597%)(0.000m),30.000(75.000%)(2.143m),2422.381,7244.623,60.7,1.3862,"[2.075, 2.169, 1.311, 2.038, 2.328, 1.220]","[3.163, 3.351, 3.211, 3.342, 3.535, 3.301]","[-1.312, -4.849, -5.567, -2.126, -5.655, -5.675]"
374,1,4.0361,-2.6522,0.162,678,1780,97,29,0.474,85,0.00,9244,2615.62,0,0,31.000(38.750%)(1.179m),53.000(46.765%)(3.536m),37.000(32.647%)(1.821m),19.000(16.765%)(0.000m),11.000(13.750%)(0.000m),26.000(65.000%)(1.714m),11.800(29.500%)(0.193m),1572.819,8586.763,60.8,1.3931,"[0.618, 1.385, 1.250, 0.705, 1.584, 1.316]","[3.173, 3.319, 3.233, 3.250, 3.604, 3.339]","[-6.710, -9.879, -11.529, -6.566, -9.450, -10.421]"
375,1,-5.1197,-2.7119,0.162,951,2428,264,242,0.473,90,0.00,9340,3663.73,0,0,18.816(23.520%)(0.000m),39.414(34.777%)(2.080m),51.000(45.000%)(3.321m),55.000(48.530%)(3.750m),19.000(23.750%)(0.000m),13.291(33.228%)(0.353m),14.000(35.000%)(0.429m),1303.914,9146.265,59.1,1.3488,"[1.183, 1.231, 0.853, 1.262, 1.447, 0.684]","[3.356, 3.517, 3.254, 3.268, 3.738, 3.267]","[-3.390, -3.082, -4.945, -4.171, -3.436, -5.408]"
376,1,-3.8011,-2.7308,0.184,172,468,30,0,0.472,50,0.00,9358,661.95,0,0,12.219(15.274%)(0.000m),24.527(21.642%)(0.485m),84.090(74.197%)(6.867m),86.000(75.883%)(7.071m),51.000(63.750%)(3.321m),9.780(24.449%)(0.000m),40.000(100.000%)(3.214m),2558.552,6522.985,62.9,1.2155,"[1.807, 1.064, -0.062, 1.581, 1.263, -0.373]","[3.157, 3.684, 3.442, 3.192, 3.939, 3.496]","[-5.252, -8.974, -4.949, -7.462, -7.763, -5.824]"
377,1,-1.3483,-2.6388,0.177,254,637,16,0,0.471,55,0.00,9384,998.86,0,0,11.862(14.827%)(0.000m),22.560(19.906%)(0.274m),60.774(53.625%)(4.369m),76.000(67.059%)(6.000m),58.000(72.500%)(4.071m),9.984(24.959%)(0.000m),40.000(100.000%)(3.214m),4627.443,8457.564,58.0,1.4304,"[2.047, 1.850, 1.238, 2.037, 2.074, 1.261]","[3.448, 3.573, 3.173, 3.510, 3.778, 3.248]","[-7.489, -5.847, -4.863, -7.615, -6.920, -5.668]"
378,1,-2.2556,-2.6108,0.164,248,639,18,0,0.470,55,0.00,9409,956.52,0,0,46.000(57.500%)(2.786m),56.000(49.412%)(3.857m),45.242(39.920%)(2.705m),19.693(17.376%)(0.000m),11.108(13.885%)(0.000m),40.000(100.000%)(3.214m),10.071(25.178%)(0.008m),1735.329,5555.455,59.6,1.4346,"[1.175, 1.500, 1.568, 1.106, 1.609, 1.570]","[3.232, 3.749, 3.319, 3.296, 3.967, 3.296]","[-5.737, -5.220, -6.005, -5.914, -5.555, -5.860]"
379,1,-0.9404,-2.6196,0.172,658,1743,140,32,0.469,85,0.00,9475,2526.66,0,0,40.000(50.000%)(2.143m),52.000(45.882%)(3.429m),67.000(59.118%)(5.036m),22.000(19.412%)(0.214m),12.000(15.000%)(0.000m),29.000(72.500%)(2.036m),11.723(29.307%)(0.185m),2021.262,9542.218,61.3,1.3700,"[0.642, 1.300, 1.277, 0.725, 1.550, 1.377]","[3.114, 3.461, 3.299, 3.084, 3.698, 3.219]","[-6.538, -7.944, -10.479, -5.651, -5.249, -7.892]"
380,1,-3.4382,-2.6174,0.166,147,367,19,0,0.468,40,0.00,9490,573.30,0,0,68.790(85.987%)(5.227m),99.000(87.353%)(8.464m),33.859(29.875%)(1.485m),17.526(15.465%)(0.000m),10.698(13.372%)(0.000m),40.000(100.000%)(3.214m),10.698(26.745%)(0.075m),5188.980,9526.689,57.8,1.4917,"[0.475, 0.853, 1.298, 0.463, 0.989, 1.302]","[3.089, 3.209, 3.164, 3.067, 3.508, 3.253]","[-5.062, -5.421, -6.200, -5.091, -5.353, -5.847]"
381,1,0.7106,-2.5512,0.158,270,718,15,10,0.467,60,0.00,9517,1069.19,0,0,29.000(36.250%)(0.964m),48.000(42.353%)(3.000m),32.340(28.535%)(1.322m),16.740(14.771%)(0.000m),10.218(12.773%)(0.000m),40.000(100.000%)(3.214m),10.218(25.545%)(0.023m),857.928,5630.559,61.6,1.3559,"[1.271, 1.807, 1.783, 1.212, 1.953, 1.749]","[3.123, 3.242, 3.207, 3.060, 3.485, 3.303]","[-5.277, -5.117, -5.975, -5.365, -5.038, -5.554]"
382,1,-5.4496,-2.5575,0.161,343,868,36,12,0.466,65,0.00,9552,1345.04,0,0,11.389(14.237%)(0.000m),19.977(17.626%)(0.000m),44.709(39.449%)(2.647m),37.000(32.647%)(1.821m),29.000(36.250%)(0.964m),10.454(26.135%)(0.049m),40.000(100.000%)(3.214m),659.067,5668.384,58.6,1.4446,"[1.527, 1.076, 0.853, 1.512, 1.350, 0.787]","[3.130, 3.411, 3.151, 3.131, 3.600, 3.203]","[-5.860, -7.285, -5.791, -5.964, -5.776, -6.098]"
383,1,-5.5535,-2.6447,0.158,536,1427,188,0,0.465,80,0.00,9606,2045.84,0,0,9.326(11.658%)(0.000m),13.683(12.073%)(0.000m),21.982(19.396%)(0.212m),34.428(30.378%)(1.546m),16.082(20.102%)(0.000m),11.081(27.702%)(0.116m),11.282(28.204%)(0.137m),1750.466,6811.617,61.6,1.3099,"[0.247, 1.233, 1.397, 0.338, 1.407, 1.279]","[3.521, 3.494, 3.248, 3.513, 3.693, 3.160]","[-5.634, -5.486, -5.167, -5.278, -5.201, -5.695]"
384,1,-7.1610,-2.7782,0.150,475,1210,149,17,0.465,75,0.00,9654,1856.05,0,0,10.754(13.442%)(0.000m),18.477(16.303%)(0.000m),39.418(34.781%)(2.081m),33.000(29.118%)(1.393m),28.000(35.000%)(0.857m),10.116(25.290%)(0.012m),27.000(67.500%)(1.821m),420.400,8634.109,59.0,1.4548,"[1.613, 1.432, 0.595, 1.592, 1.642, 0.509]","[3.480, 3.547, 2.914, 3.471, 3.712, 2.907]","[-6.013, -7.997, -5.675, -6.126, -6.516, -5.798]"
385,1,-3.5164,-2.7453,0.165,189,470,16,0,0.464,50,0.00,9673,731.91,0,0,60.031(75.039%)(4.289m),94.000(82.941%)(7.929m),69.066(60.941%)(5.257m),25.295(22.319%)(0.567m),12.420(15.525%)(0.000m),40.000(100.000%)(3.214m),9.815(24.537%)(0.000m),4262.422,11631.849,57.5,1.2701,"[0.536, 1.484, 1.661, 0.598, 1.752, 1.741]","[3.256, 3.388, 3.007, 3.300, 3.665, 3.033]","[-5.477, -5.920, -4.327, -4.994, -4.900, -3.755]"
386,1,-4.3424,-2.7387,0.182,186,482,17,0,0.463,50,0.00,9692,680.71,0,0,61.142(76.427%)(4.408m),65.000(57.353%)(4.821m),24.938(22.004%)(0.529m),14.870(13.121%)(0.000m),9.849(12.311%)(0.000m),40.000(100.000%)(3.214m),11.134(27.835%)(0.122m),2155.825,6974.766,60.0,1.2392,"[0.590, 0.968, 1.392, 0.521, 1.035, 1.353]","[3.006, 3.455, 3.222, 3.044, 3.750, 3.273]","[-5.376, -5.527, -6.423, -5.462, -5.289, -5.956]"
387,1,-3.3069,-2.7288,0.145,558,1466,98,3,0.462,80,0.00,9748,2181.51,0,0,32.000(40.000%)(1.286m),56.000(49.412%)(3.857m),26.959(23.788%)(0.746m),15.696(13.849%)(0.000m),10.240(12.800%)(0.000m),27.000(67.500%)(1.821m),11.294(28.235%)(0.139m),1482.225,8503.147,60.8,1.3281,"[0.737, 1.445, 1.444, 0.801, 1.608, 1.381]","[3.023, 3.523, 3.302, 3.055, 3.757, 3.186]","[-5.323, -5.137, -6.223, -5.192, -5.129, -5.528]"
388,1,-1.8262,-2.7496,0.159,303,771,53,0,0.461,60,0.00,9779,1212.02,0,0,36.000(45.000%)(1.714m),41.000(36.177%)(2.250m),46.000(40.588%)(2.786m),23.897(21.086%)(0.418m),12.074(15.093%)(0.000m),40.000(100.000%)(3.214m),9.787(24.466%)(0.000m),943.723,5171.414,58.9,1.4226,"[0.751, 0.853, 1.146, 0.711, 0.894, 1.098]","[2.803, 3.144, 2.888, 2.831, 3.418, 2.829]","[-5.747, -7.015, -2.753, -5.696, -6.688, -2.061]"
389,1,-2.2681,-2.6997,0.149,277,692,15,0,0.460,60,0.00,9807,1084.80,0,0,52.000(65.000%)(3.429m),63.000(55.588%)(4.607m),64.819(57.193%)(4.802m),24.323(21.462%)(0.463m),12.290(15.362%)(0.000m),40.000(100.000%)(3.214m),9.961(24.903%)(0.000m),2280.258,8298.565,57.8,1.3909,"[0.725, 1.276, 1.526, 0.717, 1.427, 1.560]","[3.006, 3.141, 2.884, 3.030, 3.404, 2.794]","[-5.595, -6.183, -3.701, -5.212, -6.564, -3.518]"
390,1,0.2813,-2.5921,0.135,340,858,20,0,0.459,65,0.00,9841,1350.76,0,0,11.293(14.116%)(0.000m),20.470(18.062%)(0.050m),49.819(43.958%)(3.195m),52.000(45.882%)(3.429m),36.000(45.000%)(1.714m),9.989(24.973%)(0.000m),40.000(100.000%)(3.214m),1710.132,6843.351,58.4,1.3507,"[1.437, 1.312, 0.986, 1.393, 1.560, 0.986]","[2.827, 3.176, 2.942, 2.780, 3.331, 2.932]","[-5.958, -7.023, -5.784, -6.351, -6.160, -6.234]"
391,1,-3.8921,-2.6437,0.158,184,456,20,0,0.458,45,0.00,9860,700.15,0,0,77.786(97.233%)(6.191m),89.000(78.530%)(7.393m),72.533(64.000%)(5.629m),27.881(24.601%)(0.844m),13.068(16.335%)(0.000m),40.000(100.000%)(3.214m),9.682(24.206%)(0.000m),4251.427,12549.658,57.4,1.3333,"[-0.126, 0.939, 1.737, -0.076, 1.242, 1.726]","[2.551, 3.135, 2.802, 2.585, 3.417, 2.739]","[-5.288, -6.591, -2.062, -5.224, -4.799, -2.263]"
392,1,-2.1184,-2.6321,0.149,273,727,65,0,0.457,60,0.00,9888,1068.75,0,0,12.218(15.273%)(0.000m),24.182(21.337%)(0.448m),78.290(69.079%)(6.245m),69.000(60.883%)(5.250m),42.000(52.500%)(2.357m),9.903(24.758%)(0.000m),40.000(100.000%)(3.214m),3439.968,9156.106,61.6,1.4308,"[1.488, 1.313, 0.575, 1.465, 1.562, 0.621]","[2.993, 3.032, 2.804, 3.127, 3.351, 2.863]","[-3.442, -7.098, -5.231, -4.664, -6.818, -5.199]"
393,1,-0.0045,-2.6031,0.148,229,590,19,0,0.456,55,0.00,9911,902.79,0,0,49.000(61.250%)(3.107m),53.000(46.765%)(3.536m),31.276(27.596%)(1.208m),16.468(14.530%)(0.000m),10.142(12.677%)(0.000m),40.000(100.000%)(3.214m),10.266(25.666%)(0.029m),1844.377,6312.509,59.6,1.4426,"[0.974, 1.331, 1.324, 0.923, 1.382, 1.247]","[3.049, 3.433, 2.977, 3.054, 3.530, 2.954]","[-5.327, -5.393, -5.788, -5.480, -5.578, -5.336]"
394,1,-1.6989,-2.5701,0.145,259,722,132,0,0.455,65,0.00,9937,969.57,0,0,42.000(52.500%)(2.357m),107.000(94.412%)(9.321m),101.175(89.273%)(8.697m),25.782(22.749%)(0.620m),12.471(15.588%)(0.000m),30.000(75.000%)(2.143m),9.730(24.324%)(0.000m),3153.911,7986.311,64.5,1.3217,"[-0.410, 1.261, 1.369, -0.324, 1.462, 1.487]","[2.980, 3.097, 3.007, 2.987, 3.353, 3.015]","[-5.768, -5.683, -2.306, -5.474, -4.667, -2.784]"
395,1,0.0879,-2.4602,0.140,256,695,45,27,0.454,60,0.00,9963,998.29,0,0,24.000(30.000%)(0.429m),32.000(28.235%)(1.286m),40.000(35.294%)(2.143m),18.840(16.624%)(0.000m),10.854(13.568%)(0.000m),28.000(70.000%)(1.929m),10.086(25.215%)(0.009m),156.308,4459.511,62.9,1.3647,"[0.666, 1.056, 1.133, 0.449, 1.108, 0.941]","[2.979, 3.165, 3.063, 2.931, 3.339, 2.996]","[-5.006, -5.604, -5.186, -5.148, -5.793, -5.359]"
396,1,1.5440,-2.3499,0.156,243,637,41,24,0.453,55,0.00,9988,957.24,0,0,44.490(55.613%)(2.624m),80.644(71.157%)(6.498m),33.000(29.118%)(1.393m),25.000(22.059%)(0.536m),22.000(27.500%)(0.214m),39.354(98.385%)(3.145m),40.000(100.000%)(3.214m),0.000,4721.770,60.6,1.3810,"[1.202, 1.510, 1.222, 1.200, 1.576, 1.132]","[3.174, 3.319, 2.968, 3.184, 3.658, 3.091]","[-4.650, -4.091, -6.160, -3.288, -2.068, -3.849]"
397,1,-2.0858,-2.3820,0.149,587,1576,250,47,0.453,85,0.00,10047,2283.96,0,0,14.286(17.858%)(0.000m),21.000(18.529%)(0.107m),23.000(20.294%)(0.321m),16.440(14.506%)(0.000m),10.301(12.877%)(0.000m),10.018(25.044%)(0.002m),10.686(26.715%)(0.074m),57.073,4791.725,62.1,1.3311,"[0.850, 0.508, 0.245, 0.768, 0.846, 0.080]","[3.085, 3.468, 3.240, 3.038, 3.657, 3.279]","[-5.338, -11.034, -5.848, -6.037, -8.000, -7.559]"
398,1,-0.2423,-2.4030,0.163,213,555,18,0,0.452,55,0.00,10069,861.18,0,0,51.000(63.750%)(3.321m),58.000(51.177%)(4.071m),24.453(21.577%)(0.477m),14.581(12.866%)(0.000m),9.657(12.072%)(0.000m),40.000(100.000%)(3.214m),10.918(27.295%)(0.098m),1581.220,5455.215,60.3,1.4382,"[0.912, 1.229, 1.172, 0.861, 1.332, 1.108]","[3.203, 3.186, 2.845, 3.320, 3.505, 2.989]","[-5.101, -5.139, -5.746, -5.197, -5.184, -5.508]"
399,1,-5.1240,-2.4004,0.150,879,2248,227,109,0.451,90,0.00,10157,3355.08,0,0,17.360(21.700%)(0.000m),36.430(32.144%)(1.760m),73.000(64.412%)(5.679m),17.000(15.000%)(0.000m),11.000(13.750%)(0.000m),12.253(30.631%)(0.241m),11.000(27.500%)(0.107m),1304.564,9239.905,59.2,1.3243,"[0.690, 1.016, 0.883, 0.844, 1.282, 0.830]","[2.702, 2.966, 2.994, 2.635, 3.260, 3.008]","[-6.378, -9.046, -8.119, -5.936, -6.731, -7.789]"
400,1,-8.2275,-2.4767,0.150,641,1710,123,31,0.450,85,0.00,10222,2482.58,0,0,30.718(38.398%)(1.148m),39.000(34.412%)(2.036m),51.000(45.000%)(3.321m),21.000(18.529%)(0.107m),12.000(15.000%)(0.000m),22.054(55.135%)(1.291m),12.754(31.885%)(0.295m),1752.097,7700.587,61.7,1.4397,"[0.518, 0.746, 0.769, 0.573, 1.060, 0.825]","[2.539, 2.928, 2.785, 2.570, 3.225, 2.800]","[-6.619, -7.346, -10.186, -5.564, -4.592, -7.701]"
401,1,0.9972,-2.4663,0.147,484,1231,184,28,0.449,75,0.00,10271,1857.50,0,0,11.733(14.666%)(0.000m),21.267(18.765%)(0.136m),51.759(45.670%)(3.403m),31.000(27.353%)(1.179m),25.000(31.250%)(0.536m),10.047(25.118%)(0.005m),27.000(67.500%)(1.821m),388.820,8629.293,58.8,1.3621,"[1.195, 1.152, 0.759, 1.181, 1.404, 0.632]","[3.007, 3.134, 2.999, 3.022, 3.411, 2.940]","[-5.760, -6.987, -5.705, -6.044, -5.665, -6.043]"
402,1,-0.6946,-2.4271,0.160,368,944,23,34,0.448,70,0.00,10308,1452.52,0,0,12.000(15.000%)(0.000m),21.000(18.529%)(0.107m),53.000(46.765%)(3.536m),49.411(43.598%)(3.151m),23.706(29.633%)(0.397m),11.000(27.500%)(0.107m),16.804(42.011%)(0.729m),1349.976,6923.032,59.4,1.4016,"[1.533, 1.396, 1.159, 1.492, 1.585, 1.130]","[3.181, 3.169, 2.996, 3.271, 3.426, 3.061]","[-5.963, -8.992, -5.249, -9.003, -7.989, -5.190]"
403,1,2.0076,-2.2128,0.166,650,1721,153,60,0.447,85,0.00,10373,2510.58,0,0,18.818(23.522%)(0.000m),39.832(35.146%)(2.125m),68.000(60.000%)(5.143m),21.000(18.529%)(0.107m),12.000(15.000%)(0.000m),13.243(33.108%)(0.347m),26.000(65.000%)(1.714m),479.507,7350.207,61.3,1.2960,"[1.123, 1.246, 0.787, 1.103, 1.440, 0.725]","[2.929, 3.235, 3.280, 2.844, 3.481, 3.134]","[-6.795, -8.426, -10.784, -5.663, -5.616, -7.852]"
404,1,-0.8148,-2.1449,0.139,279,701,26,0,0.446,60,0.00,10401,1104.11,0,0,44.000(55.000%)(2.571m),51.000(45.000%)(3.321m),32.670(28.827%)(1.358m),16.911(14.922%)(0.000m),10.323(12.903%)(0.000m),40.000(100.000%)(3.214m),10.323(25.806%)(0.035m),2188.719,7486.097,58.2,1.4107,"[1.084, 1.413, 1.322, 1.064, 1.569, 1.328]","[3.251, 3.467, 2.967, 3.322, 3.690, 2.981]","[-5.226, -5.160, -5.683, -5.375, -5.236, -5.584]"
405,1,-7.0900,-2.1692,0.154,558,1488,343,0,0.445,80,0.00,10457,2078.73,0,0,9.389(11.736%)(0.000m),13.238(11.681%)(0.000m),20.135(17.766%)(0.014m),31.014(27.365%)(1.180m),14.361(17.951%)(0.000m),12.034(30.085%)(0.218m),10.060(25.151%)(0.006m),1773.844,8151.460,61.7,1.3636,"[-0.602, 0.681, 1.152, -0.488, 0.851, 1.125]","[3.196, 3.386, 2.899, 3.252, 3.495, 2.837]","[-5.896, -5.961, -5.736, -5.610, -6.610, -5.597]"
406,1,-1.4705,-2.1020,0.171,191,495,15,0,0.444,50,0.00,10477,766.31,0,0,63.000(78.750%)(4.607m),77.000(67.941%)(6.107m),68.859(60.758%)(5.235m),26.525(23.404%)(0.699m),12.638(15.798%)(0.000m),40.000(100.000%)(3.214m),9.735(24.337%)(0.000m),2476.470,6986.642,60.0,1.3359,"[0.664, 1.240, 1.537, 0.624, 1.289, 1.551]","[3.055, 3.220, 2.907, 3.021, 3.452, 2.948]","[-5.565, -6.678, -3.607, -5.229, -6.215, -3.228]"
407,1,-3.5793,-2.1249,0.151,572,1487,225,0,0.444,80,0.00,10535,2230.92,0,0,11.123(13.904%)(0.000m),19.720(17.400%)(0.000m),45.304(39.975%)(2.711m),52.000(45.882%)(3.429m),41.000(51.250%)(2.250m),10.085(25.212%)(0.009m),28.000(70.000%)(1.929m),2161.548,7196.547,60.2,1.3592,"[1.328, 1.358, 0.713, 1.351, 1.526, 0.571]","[2.803, 3.110, 3.137, 2.773, 3.261, 3.117]","[-5.486, -5.669, -5.313, -5.813, -5.158, -5.771]"
408,1,-0.5710,-2.1480,0.161,371,955,17,0,0.443,70,0.00,10573,1517.27,0,0,36.000(45.000%)(1.714m),53.000(46.765%)(3.536m),48.953(43.194%)(3.102m),20.722(18.284%)(0.077m),11.561(14.452%)(0.000m),28.000(70.000%)(1.929m),10.354(25.884%)(0.038m),1344.833,7480.584,59.6,1.4439,"[1.175, 1.729, 1.670, 1.149, 1.867, 1.650]","[3.434, 3.321, 2.996, 3.442, 3.572, 2.935]","[-6.154, -6.064, -5.175, -5.852, -6.269, -5.490]"
409,1,-4.9058,-2.2788,0.144,675,1777,93,54,0.442,85,0.00,10641,2656.28,0,0,12.000(15.000%)(0.000m),20.000(17.647%)(0.000m),42.000(37.059%)(2.357m),38.318(33.810%)(1.963m),18.216(22.770%)(0.000m),21.000(52.500%)(1.179m),12.838(32.096%)(0.304m),2151.593,8092.797,60.9,1.3700,"[0.641, 1.075, 0.946, 0.702, 1.166, 0.921]","[2.774, 3.228, 3.046, 2.896, 3.461, 3.088]","[-6.283, -5.499, -8.802, -5.284, -6.798, -7.667]"
410,1,0.3499,-2.2388,0.176,695,1824,365,28,0.441,85,0.00,10711,2641.32,0,0,13.910(17.387%)(0.000m),29.853(26.341%)(1.056m),61.000(53.824%)(4.393m),21.000(18.529%)(0.107m),12.000(15.000%)(0.000m),9.742(24.356%)(0.000m),31.000(77.500%)(2.250m),2065.533,8099.891,60.7,1.3804,"[1.521, 1.185, -0.052, 1.529, 1.454, -0.090]","[3.021, 3.224, 2.940, 3.045, 3.412, 3.051]","[-6.500, -7.531, -10.108, -5.674, -5.004, -7.794]"
411,1,-0.0215,-2.1224,0.170,234,644,13,29,0.440,60,0.00,10735,914.17,0,0,26.000(32.500%)(0.643m),40.000(35.294%)(2.143m),30.093(26.552%)(1.081m),16.603(14.650%)(0.000m),10.491(13.113%)(0.000m),29.000(72.500%)(2.036m),11.017(27.542%)(0.109m),635.929,4279.783,63.7,1.3800,"[1.178, 1.410, 1.353, 1.046, 1.430, 1.216]","[2.995, 3.213, 2.966, 2.919, 3.410, 3.065]","[-5.228, -6.272, -6.090, -5.263, -6.372, -6.207]"
412,1,-7.1021,-2.2601,0.160,285,736,20,0,0.439,60,0.00,10764,1061.71,0,0,10.916(13.645%)(0.000m),18.755(16.549%)(0.000m),40.012(35.305%)(2.144m),48.000(42.353%)(3.000m),38.000(47.500%)(1.929m),10.268(25.671%)(0.029m),36.413(91.032%)(2.830m),1060.127,6883.484,59.8,1.3482,"[1.249, 1.320, 0.980, 1.230, 1.472, 0.878]","[2.746, 3.149, 3.214, 2.655, 3.448, 3.221]","[-5.321, -5.680, -5.127, -5.707, -5.692, -6.353]"
413,1,-2.9866,-2.3706,0.169,289,726,106,0,0.438,60,0.00,10793,1091.85,0,0,48.000(60.000%)(3.000m),84.000(74.118%)(6.857m),107.000(94.412%)(9.321m),26.785(23.634%)(0.727m),12.756(15.945%)(0.000m),40.000(100.000%)(3.214m),9.826(24.564%)(0.000m),5304.735,13194.830,58.1,1.4366,"[-0.071, 1.262, 1.712, 0.053, 1.565, 1.844]","[2.788, 3.206, 3.039, 2.874, 3.408, 3.050]","[-5.556, -5.372, -0.096, -5.316, -5.335, -0.276]"
414,1,-2.6059,-2.3672,0.155,274,765,77,0,0.437,65,0.00,10821,1042.32,0,0,12.070(15.087%)(0.000m),23.564(20.792%)(0.382m),72.431(63.910%)(5.618m),65.000(57.353%)(4.821m),34.000(42.500%)(1.500m),9.907(24.767%)(0.000m),24.000(60.000%)(1.500m),2840.424,6708.724,64.6,1.4301,"[1.499, 1.075, 0.015, 1.469, 1.176, -0.227]","[3.144, 3.207, 2.922, 3.188, 3.563, 2.898]","[-2.289, -7.162, -5.894, -2.979, -6.543, -6.071]"
415,1,-3.7129,-2.3170,0.158,224,594,15,0,0.437,55,0.00,10844,887.80,0,0,40.000(50.000%)(2.143m),61.000(53.824%)(4.393m),34.522(30.461%)(1.556m),17.870(15.768%)(0.000m),10.908(13.634%)(0.000m),40.000(100.000%)(3.214m),10.908(27.269%)(0.097m),1632.517,5518.925,61.3,1.4436,"[0.844, 1.334, 1.517, 0.822, 1.419, 1.527]","[2.892, 3.317, 3.015, 2.883, 3.531, 2.974]","[-5.458, -5.186, -5.878, -5.431, -5.802, -5.483]"
416,1,3.7481,-2.1625,0.161,558,1479,232,0,0.436,80,0.00,10900,2120.27,0,0,10.848(13.560%)(0.000m),18.103(15.973%)(0.000m),36.278(32.010%)(1.744m),45.000(39.706%)(2.679m),37.000(46.250%)(1.821m),10.586(26.466%)(0.063m),27.000(67.500%)(1.821m),1057.380,6094.992,61.3,1.3185,"[1.427, 1.482, 1.123, 1.373, 1.748, 0.932]","[2.946, 3.331, 3.204, 2.764, 3.561, 3.130]","[-5.294, -6.680, -5.504, -5.655, -5.768, -5.255]"
417,1,0.3632,-2.0572,0.155,246,638,13,0,0.435,55,0.00,10925,957.28,0,0,11.257(14.071%)(0.000m),19.150(16.897%)(0.000m),39.966(35.264%)(2.139m),53.000(46.765%)(3.536m),45.000(56.250%)(2.679m),10.720(26.800%)(0.077m),40.000(100.000%)(3.214m),1362.443,5860.411,60.0,1.2799,"[1.532, 1.359, 1.155, 1.498, 1.466, 1.050]","[3.214, 3.390, 3.012, 3.205, 3.605, 3.000]","[-5.884, -5.844, -5.235, -6.007, -6.351, -5.611]"
418,1,-1.8508,-2.0285,0.148,447,1187,158,0,0.434,75,0.00,10970,1693.29,0,0,12.432(15.540%)(0.000m),25.703(22.679%)(0.611m),60.000(52.941%)(4.286m),50.000(44.118%)(3.214m),40.000(50.000%)(2.143m),9.700(24.249%)(0.000m),25.000(62.500%)(1.607m),965.198,6090.452,61.5,1.3155,"[1.589, 1.538, 0.370, 1.593, 1.681, 0.132]","[2.892, 3.480, 3.222, 2.882, 3.654, 3.127]","[-0.945, -3.837, -4.779, -1.616, -4.719, -5.267]"
419,1,-1.8657,-2.0977,0.149,188,489,16,0,0.433,50,0.00,10989,741.78,0,0,10.356(12.945%)(0.000m),17.281(15.248%)(0.000m),34.631(30.557%)(1.568m),86.000(75.883%)(7.071m),62.000(77.500%)(4.500m),10.106(25.264%)(0.011m),40.000(100.000%)(3.214m),2510.227,7785.403,60.2,1.4530,"[1.692, 1.679, 1.118, 1.736, 1.848, 1.030]","[2.983, 3.189, 2.973, 3.030, 3.493, 3.016]","[-5.940, -5.297, -5.269, -5.987, -5.664, -5.162]"
420,1,-1.2332,-2.0682,0.151,259,644,15,0,0.432,55,0.00,11015,1074.10,0,0,9.794(12.243%)(0.000m),14.899(13.146%)(0.000m),25.281(22.307%)(0.566m),69.000(60.883%)(5.250m),59.000(73.750%)(4.179m),10.937(27.341%)(0.100m),40.000(100.000%)(3.214m),2780.067,7804.901,57.5,1.3838,"[1.815, 1.736, 1.347, 1.815, 1.887, 1.259]","[2.923, 3.236, 2.916, 2.892, 3.460, 2.850]","[-5.316, -5.290, -5.449, -5.179, -5.924, -5.835]"
421,1,-1.5671,-2.0246,0.164,155,430,16,0,0.431,50,0.00,11031,571.67,0,0,12.563(15.704%)(0.000m),25.973(22.918%)(0.640m),80.403(70.944%)(6.472m),84.000(74.118%)(6.857m),53.000(66.250%)(3.536m),9.802(24.504%)(0.000m),40.000(100.000%)(3.214m),1774.113,5689.588,64.3,1.3894,"[1.558, 0.961, 0.348, 1.433, 1.095, -0.102]","[2.808, 3.165, 2.976, 2.866, 3.292, 2.844]","[-4.748, -7.793, -4.708, -6.758, -6.091, -5.505]"
422,1,-2.8149,-2.0866,0.148,175,439,16,0,0.430,45,0.00,11049,702.36,0,0,77.786(97.233%)(6.191m),90.000(79.412%)(7.500m),40.955(36.137%)(2.245m),19.197(16.939%)(0.000m),11.173(13.967%)(0.000m),40.000(100.000%)(3.214m),10.510(26.276%)(0.055m),4280.443,8820.075,58.1,1.3038,"[0.824, 1.204, 1.419, 0.796, 1.330, 1.414]","[2.968, 3.289, 2.960, 3.034, 3.529, 2.917]","[-5.098, -5.538, -5.862, -5.140, -5.272, -5.426]"
423,1,-5.2751,-2.1951,0.146,641,1657,308,7,0.430,80,0.00,11114,2407.44,0,0,9.608(12.010%)(0.000m),13.547(11.954%)(0.000m),20.605(18.181%)(0.065m),40.891(36.080%)(2.238m),19.513(24.392%)(0.000m),12.315(30.788%)(0.248m),13.743(34.358%)(0.401m),935.140,7146.411,59.8,1.3869,"[0.551, 1.061, 1.043, 0.642, 1.197, 1.016]","[3.211, 3.247, 2.912, 3.176, 3.514, 2.934]","[-5.105, -5.482, -5.427, -5.008, -6.030, -5.315]"
424,1,-5.6025,-2.3879,0.153,835,2090,296,11,0.429,85,0.00,11198,3105.17,0,0,10.008(12.509%)(0.000m),15.709(13.861%)(0.000m),28.068(24.766%)(0.864m),31.429(27.731%)(1.224m),14.700(18.375%)(0.000m),10.639(26.597%)(0.068m),10.314(25.786%)(0.034m),846.185,10645.268,57.9,1.3371,"[0.321, 0.908, 1.110, 0.387, 1.090, 1.073]","[3.112, 3.171, 2.952, 3.110, 3.459, 2.999]","[-6.144, -6.440, -5.942, -6.015, -6.665, -5.476]"
425,1,0.2541,-2.2804,0.155,682,1804,192,77,0.428,85,0.00,11267,2597.26,0,0,12.000(15.000%)(0.000m),22.000(19.412%)(0.214m),84.000(74.118%)(6.857m),31.271(27.592%)(1.208m),14.404(18.006%)(0.000m),10.000(25.000%)(0.000m),10.083(25.209%)(0.009m),2540.365,9404.832,61.2,1.3220,"[-0.045, 0.822, 1.057, 0.080, 0.944, 1.073]","[2.990, 3.454, 2.955, 3.035, 3.617, 2.981]","[-6.476, -7.828, -8.066, -8.949, -7.719, -6.912]"
426,1,-4.4239,-2.2929,0.150,142,354,23,0,0.427,40,0.00,11282,536.76,0,0,68.944(86.181%)(5.244m),104.000(91.765%)(9.000m),50.325(44.404%)(3.249m),20.678(18.245%)(0.073m),11.408(14.260%)(0.000m),40.000(100.000%)(3.214m),10.091(25.227%)(0.010m),5187.795,10763.144,57.7,1.2993,"[0.739, 1.182, 1.321, 0.737, 1.284, 1.415]","[3.297, 3.477, 3.189, 3.225, 3.492, 3.250]","[-5.551, -5.627, -6.036, -5.417, -5.531, -5.724]"
427,1,0.8318,-2.2493,0.150,865,2303,217,94,0.426,90,0.00,11369,3296.98,0,0,9.563(11.953%)(0.000m),13.934(12.294%)(0.000m),22.165(19.558%)(0.232m),35.334(31.177%)(1.643m),16.661(20.827%)(0.000m),11.505(28.762%)(0.161m),11.716(29.289%)(0.184m),1471.483,7511.325,61.6,1.3889,"[0.501, 1.033, 0.893, 0.580, 1.106, 0.782]","[3.123, 3.379, 3.002, 3.158, 3.504, 2.933]","[-5.131, -5.417, -6.277, -4.664, -5.392, -6.668]"
428,1,-4.0244,-2.2847,0.139,156,402,68,0,0.425,45,0.00,11385,588.45,0,0,77.786(97.233%)(6.191m),111.000(97.941%)(9.750m),90.278(79.658%)(7.530m),25.929(22.879%)(0.635m),12.542(15.677%)(0.000m),40.000(100.000%)(3.214m),9.785(24.463%)(0.000m),3104.600,13569.051,59.7,1.4525,"[-1.639, 0.648, 1.793, -1.553, 0.948, 1.722]","[2.743, 3.313, 3.059, 2.736, 3.557, 3.114]","[-6.007, -7.188, -3.837, -5.636, -5.375, -3.689]"
429,1,-0.6225,-2.2783,0.133,273,697,38,0,0.424,60,0.00,11413,1072.17,0,0,10.015(12.519%)(0.000m),15.122(13.343%)(0.000m),25.360(22.376%)(0.574m),41.000(36.177%)(2.250m),38.000(47.500%)(1.929m),11.323(28.306%)(0.142m),40.000(100.000%)(3.214m),943.278,5242.669,59.1,1.3321,"[1.124, 1.024, 0.922, 1.109, 1.165, 0.805]","[2.910, 3.176, 2.949, 3.005, 3.455, 2.978]","[-5.142, -5.695, -5.123, -5.268, -5.581, -5.266]"
430,1,-5.2967,-2.3155,0.181,87,221,16,0,0.424,30,0.00,11422,322.41,0,0,77.786(97.233%)(6.191m),55.366(48.852%)(3.789m),20.523(18.109%)(0.056m),13.146(11.599%)(0.000m),9.144(11.430%)(0.000m),40.000(100.000%)(3.214m),11.282(28.205%)(0.137m),4991.019,10925.145,58.9,1.4112,"[-0.360, 0.400, 0.789, -0.303, 0.535, 0.845]","[2.878, 3.539, 3.158, 2.933, 3.737, 3.118]","[-5.220, -5.411, -5.904, -5.048, -5.294, -5.502]"
431,1,-6.0726,-2.4511,0.129,97,236,19,0,0.423,30,0.00,11432,364.78,0,0,10.204(12.755%)(0.000m),16.717(14.750%)(0.000m),32.295(28.496%)(1.317m),113.333(100.000%)(10.000m),77.067(96.334%)(6.114m),10.204(25.510%)(0.022m),40.000(100.000%)(3.214m),6775.218,16832.654,56.3,1.1036,"[1.000, 0.126, -1.257, 1.133, 0.178, -1.131]","[3.183, 3.413, 2.987, 3.264, 3.593, 2.913]","[-5.498, -5.155, -5.638, -5.650, -5.221, -5.375]"
432,1,-1.1876,-2.3659,0.144,504,1388,66,11,0.422,80,0.00,11483,1897.87,0,0,17.803(22.254%)(0.000m),20.000(17.647%)(0.000m),62.000(54.706%)(4.500m),55.000(48.530%)(3.750m),37.000(46.250%)(1.821m),12.490(31.225%)(0.267m),28.000(70.000%)(1.929m),0.000,4706.546,63.7,1.3829,"[0.926, 1.040, 0.617, 0.931, 1.150, 0.449]","[3.072, 3.340, 3.118, 3.023, 3.540, 3.142]","[-7.414, -6.026, -6.385, -7.036, -6.358, -5.338]"
433,1,-0.7790,-2.2704,0.143,259,684,24,0,0.421,60,0.00,11509,1016.70,0,0,43.000(53.750%)(2.464m),58.000(51.177%)(4.071m),71.000(62.647%)(5.464m),26.014(22.954%)(0.644m),12.583(15.729%)(0.000m),40.000(100.000%)(3.214m),9.817(24.543%)(0.000m),1261.756,5431.776,61.1,1.3600,"[0.553, 1.441, 1.682, 0.520, 1.517, 1.649]","[2.762, 3.157, 2.965, 2.850, 3.402, 3.019]","[-5.629, -6.198, -0.627, -5.333, -6.171, -0.765]"
434,1,7.3899,-1.9794,0.155,1073,2948,145,255,0.420,100,0.23,11617,4095.79,1,1,14.751(18.439%)(0.000m),31.907(28.153%)(1.276m),48.000(42.353%)(3.000m),47.000(41.471%)(2.893m),21.000(26.250%)(0.107m),10.331(25.829%)(0.036m),15.000(37.500%)(0.536m),559.638,5007.445,63.6,1.2944,"[1.167, 1.153, 0.832, 1.224, 1.290, 0.715]","[3.259, 3.383, 3.299, 3.310, 3.605, 3.239]","[-1.618, -3.894, -5.373, -2.160, -4.043, -6.269]"
435,1,-4.7722,-2.0045,0.182,102,267,21,0,0.419,35,0.23,11628,420.02,0,0,12.840(16.050%)(0.000m),27.191(23.992%)(0.770m),79.002(69.708%)(6.322m),111.000(97.941%)(9.750m),76.230(95.288%)(6.025m),9.763(24.408%)(0.000m),40.000(100.000%)(3.214m),3510.987,10177.182,60.6,1.3523,"[1.990, 0.187, -0.941, 1.870, -0.124, -1.250]","[3.240, 3.788, 3.459, 3.216, 3.923, 3.393]","[-1.339, -4.632, -4.744, -2.997, -5.231, -4.972]"
436,1,2.2406,-1.8728,0.167,312,820,32,0,0.419,65,0.23,11660,1240.57,0,0,12.194(15.243%)(0.000m),24.477(21.597%)(0.480m),60.000(52.941%)(4.286m),51.000(45.000%)(3.321m),37.000(46.250%)(1.821m),9.759(24.399%)(0.000m),32.000(80.000%)(2.357m),2028.236,5641.077,60.8,1.3096,"[1.901, 1.902, 1.482, 1.899, 2.080, 1.409]","[3.137, 3.587, 3.460, 3.147, 3.848, 3.475]","[-3.925, -6.628, -4.928, -4.848, -6.229, -5.564]"
437,1,0.8422,-1.7899,0.163,402,1138,89,79,0.418,75,0.23,11701,1537.03,0,0,25.000(31.250%)(0.536m),47.000(41.471%)(2.893m),56.000(49.412%)(3.857m),25.772(22.740%)(0.618m),12.466(15.582%)(0.000m),17.000(42.500%)(0.750m),9.726(24.314%)(0.000m),840.189,4439.996,65.5,1.3002,"[0.971, 1.404, 1.308, 1.035, 1.464, 1.176]","[3.480, 3.617, 3.441, 3.457, 3.838, 3.489]","[-4.933, -2.546, -3.305, -4.652, -3.105, -2.906]"
438,1,-1.7583,-1.7885,0.164,414,1064,123,0,0.417,70,0.23,11743,1570.18,0,0,11.391(14.239%)(0.000m),19.772(17.446%)(0.000m),43.173(38.094%)(2.483m),41.000(36.177%)(2.250m),34.000(42.500%)(1.500m),10.585(26.461%)(0.063m),27.000(67.500%)(1.821m),1646.805,6765.849,59.5,1.3356,"[1.675, 1.819, 1.290, 1.725, 2.024, 1.189]","[3.175, 3.831, 3.330, 3.183, 3.988, 3.346]","[-6.008, -7.004, -5.126, -6.042, -6.081, -5.336]"
439,1,-0.3650,-1.7504,0.147,266,688,23,6,0.416,60,0.23,11770,1066.96,0,0,33.000(41.250%)(1.393m),39.000(34.412%)(2.036m),22.177(19.568%)(0.233m),14.075(12.419%)(0.000m),9.725(12.156%)(0.000m),40.000(100.000%)(3.214m),11.848(29.620%)(0.198m),976.643,4759.664,59.8,1.4560,"[1.250, 1.551, 1.422, 1.230, 1.581, 1.348]","[3.478, 3.664, 3.256, 3.549, 3.762, 3.218]","[-5.385, -5.146, -6.104, -5.112, -5.150, -5.509]"
440,1,-1.9229,-1.7945,0.159,404,1046,46,74,0.415,70,0.23,11811,1546.86,0,0,24.000(30.000%)(0.429m),37.000(32.647%)(1.821m),81.000(71.471%)(6.536m),37.669(33.237%)(1.893m),17.949(22.436%)(0.000m),10.000(25.000%)(0.000m),12.634(31.585%)(0.282m),2097.242,7219.835,59.9,1.3265,"[0.852, 1.213, 1.083, 0.983, 1.321, 1.041]","[3.263, 3.557, 3.224, 3.159, 3.868, 3.276]","[-6.006, -3.213, -4.152, -6.011, -3.576, -4.718]"
441,1,-2.5290,-1.7673,0.161,147,397,14,0,0.414,45,0.23,11826,568.42,0,0,9.933(12.417%)(0.000m),15.345(13.540%)(0.000m),26.692(23.552%)(0.717m),86.000(75.883%)(7.071m),65.000(81.250%)(4.821m),10.822(27.055%)(0.088m),40.000(100.000%)(3.214m),2227.201,6128.115,62.5,1.1826,"[1.384, 1.215, 0.351, 1.319, 1.339, 0.145]","[2.806, 2.937, 2.792, 2.745, 3.288, 2.866]","[-5.490, -5.646, -5.405, -5.430, -5.749, -5.324]"
442,1,7.4975,-1.5749,0.148,704,1886,98,38,0.414,90,0.23,11897,2782.87,0,0,17.667(22.084%)(0.000m),37.675(33.243%)(1.894m),51.000(45.000%)(3.321m),47.000(41.471%)(2.893m),31.000(38.750%)(1.179m),12.407(31.018%)(0.258m),11.000(27.500%)(0.107m),1761.319,7716.601,62.0,1.3542,"[1.355, 1.418, 1.108, 1.371, 1.556, 1.009]","[3.091, 3.203, 2.962, 3.135, 3.524, 2.980]","[-0.798, -0.794, -4.562, -0.288, -0.921, -5.646]"
443,1,-6.2152,-1.6992,0.150,936,2515,419,122,0.413,95,0.23,11991,3634.86,0,0,13.801(17.251%)(0.000m),20.000(17.647%)(0.000m),23.000(20.294%)(0.321m),26.000(22.941%)(0.643m),29.000(36.250%)(0.964m),9.669(24.172%)(0.000m),21.000(52.500%)(1.179m),0.000,4310.247,62.2,1.3812,"[0.811, 0.436, -0.121, 0.700, 0.613, -0.414]","[3.333, 3.350, 3.099, 3.243, 3.596, 2.925]","[-4.747, -5.563, -5.444, -5.274, -6.244, -6.439]"
444,1,-1.7124,-1.6994,0.151,463,1297,183,31,0.412,80,0.23,12038,1691.04,0,0,18.063(22.579%)(0.000m),19.000(16.765%)(0.000m),19.000(16.765%)(0.000m),21.000(18.529%)(0.107m),28.000(35.000%)(0.857m),12.676(31.691%)(0.287m),24.000(60.000%)(1.500m),0.000,5173.954,64.9,1.2675,"[1.183, 1.242, 0.737, 1.176, 1.534, 0.618]","[2.927, 3.442, 3.378, 2.938, 3.673, 3.364]","[-4.186, -5.645, -6.115, -4.775, -5.438, -5.867]"
445,1,0.4532,-1.6921,0.159,279,700,19,0,0.411,60,0.22,12066,1057.49,0,0,11.618(14.522%)(0.000m),21.303(18.797%)(0.140m),53.525(47.228%)(3.592m),60.000(52.941%)(4.286m),51.000(63.750%)(3.321m),10.150(25.375%)(0.016m),40.000(100.000%)(3.214m),2062.748,8374.697,58.0,1.2883,"[2.026, 1.754, 0.990, 2.057, 1.971, 0.943]","[3.273, 3.353, 3.051, 3.350, 3.554, 3.094]","[-7.321, -7.063, -5.033, -7.278, -5.726, -5.729]"
446,1,-0.4280,-1.7316,0.163,279,722,17,0,0.410,60,0.22,12094,1110.39,0,0,12.333(15.416%)(0.000m),25.117(22.162%)(0.548m),50.000(44.118%)(3.214m),40.000(35.294%)(2.143m),36.000(45.000%)(1.714m),9.746(24.364%)(0.000m),40.000(100.000%)(3.214m),1046.667,7195.856,59.9,1.3716,"[1.621, 1.588, 0.927, 1.657, 1.715, 0.756]","[3.024, 3.267, 3.104, 3.118, 3.485, 3.054]","[-7.464, -7.806, -5.192, -9.181, -6.511, -5.875]"
447,1,-1.0000,-1.7098,0.165,272,683,23,0,0.409,60,0.22,12122,1095.53,0,0,11.504(14.380%)(0.000m),20.394(17.995%)(0.042m),46.855(41.343%)(2.877m),57.000(50.294%)(3.964m),50.000(62.500%)(3.214m),10.430(26.075%)(0.046m),40.000(100.000%)(3.214m),1501.786,7022.819,58.2,1.3485,"[1.646, 1.470, 1.099, 1.665, 1.643, 1.085]","[3.233, 3.298, 3.074, 3.310, 3.561, 3.190]","[-5.637, -5.381, -5.761, -5.547, -5.798, -5.554]"
448,1,1.3307,-1.6784,0.166,476,1224,148,0,0.409,75,0.22,12170,1845.63,0,0,11.545(14.431%)(0.000m),20.926(18.464%)(0.099m),50.928(44.937%)(3.314m),48.000(42.353%)(3.000m),35.000(43.750%)(1.607m),10.212(25.529%)(0.023m),26.000(65.000%)(1.714m),948.006,7615.159,59.5,1.3376,"[1.626, 1.460, 0.622, 1.636, 1.640, 0.484]","[3.128, 3.604, 3.196, 3.255, 3.887, 3.165]","[-5.094, -5.507, -5.093, -5.582, -4.911, -5.470]"
449,1,1.3549,-1.5488,0.153,485,1278,139,0,0.408,75,0.22,12219,1895.68,0,0,11.760(14.701%)(0.000m),22.658(19.992%)(0.285m),66.429(58.614%)(4.974m),54.000(47.647%)(3.643m),32.000(40.000%)(1.286m),9.775(24.438%)(0.000m),26.000(65.000%)(1.714m),1637.363,7488.309,61.0,1.4352,"[1.719, 1.699, 1.175, 1.735, 1.926, 1.143]","[2.999, 3.398, 2.919, 3.024, 3.558, 3.034]","[-3.909, -4.954, -4.666, -4.346, -4.359, -5.514]"
450,1,0.2269,-1.3797,0.148,609,1689,168,63,0.407,85,0.22,12280,2356.22,0,0,32.000(40.000%)(1.286m),36.000(31.765%)(1.714m),50.000(44.118%)(3.214m),38.363(33.850%)(1.968m),18.204(22.754%)(0.000m),13.000(32.500%)(0.321m),12.823(32.058%)(0.303m),1053.612,5948.699,64.2,1.3540,"[0.255, 0.914, 0.714, 0.314, 1.029, 0.678]","[3.197, 3.367, 3.056, 3.209, 3.614, 3.096]","[-5.213, -4.261, -5.066, -5.225, -3.634, -4.981]"
451,1,-1.2949,-1.4256,0.147,485,1236,165,46,0.406,75,0.22,12329,1907.03,0,0,29.000(36.250%)(0.964m),33.000(29.118%)(1.393m),44.000(38.824%)(2.571m),36.853(32.518%)(1.806m),17.461(21.827%)(0.000m),20.000(50.000%)(1.071m),12.295(30.739%)(0.246m),648.632,6735.649,59.0,1.4998,"[0.528, 1.293, 1.398, 0.591, 1.435, 1.347]","[3.076, 3.417, 3.404, 2.974, 3.567, 3.389]","[-5.645, -2.677, -1.160, -5.172, -2.151, -1.622]"
452,1,-0.8778,-1.4292,0.142,406,1182,104,33,0.405,80,0.22,12370,1546.49,0,0,14.185(17.732%)(0.000m),20.000(17.647%)(0.000m),19.000(16.765%)(0.000m),21.000(18.529%)(0.107m),18.766(23.457%)(0.000m),9.926(24.815%)(0.000m),13.194(32.986%)(0.342m),0.000,4249.873,67.4,1.3356,"[-0.029, 0.150, 0.224, -0.117, 0.367, -0.019]","[3.303, 3.402, 3.188, 3.209, 3.598, 3.197]","[-5.996, -7.518, -7.281, -6.225, -5.048, -6.775]"
453,1,-1.1642,-1.4927,0.148,291,752,55,17,0.405,60,0.22,12400,1141.32,0,0,29.000(36.250%)(0.964m),39.000(34.412%)(2.036m),24.226(21.376%)(0.453m),14.446(12.746%)(0.000m),9.568(11.959%)(0.000m),40.000(100.000%)(3.214m),10.816(27.041%)(0.087m),754.010,5077.939,59.8,1.3851,"[1.098, 1.445, 1.519, 0.969, 1.510, 1.485]","[3.028, 3.440, 3.210, 3.094, 3.710, 3.245]","[-5.185, -5.099, -6.117, -5.562, -5.287, -5.453]"
454,1,-1.7804,-1.5120,0.144,208,529,17,0,0.404,50,0.22,12421,843.41,0,0,64.000(80.000%)(4.714m),73.000(64.412%)(5.679m),35.299(31.146%)(1.639m),17.614(15.542%)(0.000m),10.555(13.194%)(0.000m),40.000(100.000%)(3.214m),10.301(25.751%)(0.032m),2456.519,7976.545,58.9,1.3749,"[0.728, 1.548, 1.609, 0.696, 1.636, 1.586]","[3.245, 3.376, 3.081, 3.236, 3.597, 2.993]","[-5.948, -5.337, -5.868, -5.965, -5.416, -5.349]"
455,1,0.5836,-1.3585,0.165,747,1967,329,33,0.403,90,0.22,12496,2811.02,0,0,32.000(40.000%)(1.286m),70.000(61.765%)(5.357m),78.000(68.824%)(6.214m),31.782(28.043%)(1.262m),14.917(18.647%)(0.000m),24.000(60.000%)(1.500m),10.479(26.198%)(0.051m),2221.463,8436.721,60.9,1.3276,"[0.395, 1.219, 1.293, 0.547, 1.453, 1.344]","[2.778, 3.172, 3.023, 2.795, 3.286, 3.026]","[-5.178, -4.132, -1.705, -4.724, -3.990, -1.996]"
456,1,-6.7134,-1.4634,0.152,463,1233,120,1,0.402,75,0.22,12543,1820.46,0,0,16.425(20.531%)(0.000m),35.106(30.976%)(1.618m),56.519(49.869%)(3.913m),21.752(19.193%)(0.188m),11.581(14.476%)(0.000m),11.524(28.809%)(0.163m),9.869(24.674%)(0.000m),1225.691,6473.335,61.6,1.3558,"[0.659, 0.748, 0.370, 0.688, 0.866, 0.337]","[2.748, 3.174, 3.128, 2.638, 3.453, 3.196]","[-5.164, -4.723, -5.329, -4.917, -4.517, -5.979]"
457,1,-4.9462,-1.4907,0.132,241,599,15,0,0.401,55,0.22,12568,947.85,0,0,10.191(12.739%)(0.000m),15.275(13.478%)(0.000m),25.328(22.348%)(0.571m),65.000(57.353%)(4.821m),58.141(72.676%)(4.087m),11.665(29.162%)(0.178m),40.000(100.000%)(3.214m),3398.983,8728.208,57.5,1.5422,"[1.458, 1.440, 1.179, 1.491, 1.619, 1.171]","[3.363, 3.462, 3.247, 3.276, 3.692, 3.328]","[-5.026, -5.315, -5.566, -5.129, -5.470, -5.656]"
458,1,-2.2867,-1.5250,0.148,306,794,13,15,0.401,65,0.22,12599,1188.20,0,0,27.000(33.750%)(0.750m),49.000(43.235%)(3.107m),64.143(56.597%)(4.730m),23.822(21.020%)(0.410m),12.202(15.253%)(0.000m),40.000(100.000%)(3.214m),10.016(25.039%)(0.002m),1188.186,6057.429,60.1,1.3661,"[1.106, 1.405, 1.321, 1.059, 1.529, 1.397]","[3.170, 3.313, 3.129, 3.184, 3.555, 3.161]","[-5.372, -5.581, -5.752, -5.073, -5.327, -5.304]"
459,1,-1.1942,-1.4508,0.148,263,672,33,0,0.400,60,0.22,12626,1023.51,0,0,43.000(53.750%)(2.464m),48.000(42.353%)(3.000m),56.000(49.412%)(3.857m),22.362(19.731%)(0.253m),11.906(14.882%)(0.000m),40.000(100.000%)(3.214m),10.146(25.366%)(0.016m),1809.968,6650.219,59.1,1.2213,"[0.645, 1.307, 1.331, 0.565, 1.355, 1.277]","[3.140, 3.237, 3.025, 3.178, 3.537, 3.123]","[-5.692, -6.236, -5.839, -5.540, -6.036, -5.687]"
460,1,-4.8647,-1.5551,0.156,151,377,56,0,0.399,40,0.22,12642,601.30,0,0,78.639(98.299%)(6.283m),109.000(96.177%)(9.536m),84.256(74.344%)(6.885m),26.417(23.309%)(0.688m),12.619(15.774%)(0.000m),40.000(100.000%)(3.214m),9.720(24.301%)(0.000m),5044.858,14669.310,57.8,1.5639,"[-1.208, 0.354, 1.892, -1.112, 0.635, 1.860]","[2.860, 3.308, 3.245, 2.941, 3.575, 3.219]","[-5.372, -6.921, -3.644, -5.176, -4.941, -3.647]"
461,1,-0.2740,-1.5601,0.173,255,713,18,22,0.398,60,0.22,12668,999.73,0,0,29.000(36.250%)(0.964m),45.000(39.706%)(2.679m),38.800(34.235%)(2.014m),18.187(16.047%)(0.000m),10.585(13.232%)(0.000m),25.000(62.500%)(1.607m),9.957(24.893%)(0.000m),718.943,4348.582,64.7,1.3155,"[1.227, 1.492, 1.380, 1.106, 1.606, 1.360]","[2.890, 3.359, 3.137, 2.877, 3.722, 3.166]","[-5.769, -5.820, -6.311, -5.468, -5.832, -5.910]"
462,1,-2.7358,-1.4728,0.135,272,715,19,3,0.397,60,0.22,12696,1025.52,0,0,11.748(14.685%)(0.000m),21.799(19.235%)(0.193m),56.516(49.867%)(3.912m),40.000(35.294%)(2.143m),33.000(41.250%)(1.393m),10.138(25.344%)(0.015m),40.000(100.000%)(3.214m),961.105,5043.860,60.8,1.4016,"[1.602, 1.454, 0.793, 1.592, 1.618, 0.679]","[2.861, 3.252, 3.025, 2.856, 3.516, 2.971]","[-5.309, -6.007, -5.462, -5.772, -5.272, -5.779]"
463,1,-1.9296,-1.4517,0.152,234,584,20,0,0.397,55,0.22,12720,874.94,0,0,63.000(78.750%)(4.607m),80.000(70.588%)(6.429m),51.561(45.495%)(3.382m),21.186(18.693%)(0.127m),11.688(14.610%)(0.000m),40.000(100.000%)(3.214m),10.339(25.846%)(0.036m),4693.543,10069.033,57.8,1.2576,"[0.959, 1.748, 1.992, 1.016, 2.005, 2.058]","[3.185, 3.230, 3.047, 3.141, 3.508, 3.108]","[-5.597, -5.230, -5.916, -5.438, -5.110, -5.455]"
464,1,1.0817,-1.3779,0.159,339,864,24,11,0.396,65,0.22,12754,1292.44,0,0,10.426(13.033%)(0.000m),17.238(15.210%)(0.000m),33.902(29.913%)(1.489m),48.000(42.353%)(3.000m),31.000(38.750%)(1.179m),10.300(25.749%)(0.032m),40.000(100.000%)(3.214m),1226.795,6149.500,59.0,1.2812,"[1.581, 1.718, 1.601, 1.596, 1.956, 1.614]","[2.769, 3.346, 2.984, 2.712, 3.568, 3.040]","[-5.302, -5.611, -5.493, -5.689, -5.015, -5.193]"
465,1,-3.0972,-1.3656,0.144,248,669,20,5,0.395,60,0.22,12779,925.69,0,0,31.000(38.750%)(1.179m),43.000(37.941%)(2.464m),55.000(48.530%)(3.750m),24.487(21.607%)(0.481m),12.199(15.249%)(0.000m),40.000(100.000%)(3.214m),9.764(24.409%)(0.000m),490.765,5133.453,62.4,1.3374,"[0.681, 1.122, 1.138, 0.619, 1.168, 1.114]","[2.921, 3.420, 3.235, 2.865, 3.633, 3.135]","[-4.956, -5.582, -4.664, -4.920, -5.599, -4.631]"
466,1,0.6040,-1.4285,0.150,286,738,33,0,0.394,60,0.21,12808,1174.28,0,0,10.565(13.207%)(0.000m),17.973(15.859%)(0.000m),37.509(33.097%)(1.876m),48.000(42.353%)(3.000m),38.000(47.500%)(1.929m),10.061(25.152%)(0.007m),40.000(100.000%)(3.214m),994.710,5622.488,59.7,1.4824,"[1.439, 1.212, 1.028, 1.431, 1.371, 0.876]","[2.957, 3.349, 2.987, 2.972, 3.505, 3.020]","[-5.453, -5.763, -5.323, -5.954, -5.477, -5.845]"
467,1,-7.6924,-1.5896,0.140,1054,2767,339,201,0.393,95,0.21,12914,4205.18,0,0,17.843(22.304%)(0.000m),21.000(18.529%)(0.107m),20.000(17.647%)(0.000m),36.000(31.765%)(1.714m),19.000(23.750%)(0.000m),12.586(31.464%)(0.277m),13.000(32.500%)(0.321m),0.000,4883.992,60.7,1.4190,"[0.752, 0.620, 0.491, 0.646, 0.787, 0.335]","[2.605, 3.104, 2.727, 2.480, 3.308, 2.792]","[-3.649, -4.806, -4.909, -3.711, -7.367, -4.978]"
468,1,3.1106,-1.4904,0.148,751,2107,101,142,0.393,95,0.21,12990,2977.52,0,0,15.763(19.703%)(0.000m),34.053(30.047%)(1.506m),22.000(19.412%)(0.214m),20.000(17.647%)(0.000m),17.000(21.250%)(0.000m),11.038(27.596%)(0.111m),14.000(35.000%)(0.429m),0.000,3865.961,64.9,1.3242,"[0.687, 0.651, 0.513, 0.716, 0.755, 0.373]","[2.946, 3.366, 3.077, 2.987, 3.597, 3.090]","[-6.098, -9.205, -7.060, -5.371, -8.539, -6.458]"
469,1,-3.0313,-1.5137,0.154,187,482,22,0,0.392,50,0.21,13009,725.84,0,0,10.556(13.195%)(0.000m),17.295(15.260%)(0.000m),33.410(29.480%)(1.437m),74.000(65.294%)(5.786m),64.442(80.553%)(4.762m),10.556(26.391%)(0.060m),40.000(100.000%)(3.214m),2102.988,6513.575,59.6,1.3805,"[1.216, 1.341, 1.047, 1.152, 1.439, 1.004]","[2.840, 3.402, 3.075, 2.869, 3.625, 3.097]","[-4.902, -5.470, -5.788, -5.653, -5.453, -5.909]"
470,1,-3.9051,-1.5671,0.152,448,1115,106,40,0.391,70,0.21,13054,1722.03,0,0,12.271(15.339%)(0.000m),24.632(21.734%)(0.496m),54.000(47.647%)(3.643m),31.000(27.353%)(1.179m),24.000(30.000%)(0.429m),9.821(24.553%)(0.000m),27.000(67.500%)(1.821m),1990.343,10001.917,57.6,1.3274,"[1.032, 0.740, 0.685, 1.047, 1.052, 0.691]","[2.851, 3.160, 2.811, 2.925, 3.368, 2.657]","[-3.487, -7.547, -5.948, -3.765, -6.586, -6.260]"
471,1,-6.8879,-1.6735,0.136,634,1724,16,128,0.390,85,0.21,13118,2445.57,0,0,20.000(25.000%)(0.000m),28.000(24.706%)(0.857m),64.000(56.471%)(4.714m),37.000(32.647%)(1.821m),14.000(17.500%)(0.000m),18.121(45.303%)(0.870m),10.000(25.000%)(0.000m),730.824,6183.423,62.9,1.3080,"[0.486, 0.687, 0.687, 0.542, 0.835, 0.663]","[3.182, 3.279, 3.189, 3.161, 3.557, 3.239]","[-5.503, -5.984, -6.549, -5.228, -5.667, -7.495]"
472,1,0.4688,-1.6078,0.153,357,934,66,14,0.389,70,0.21,13154,1412.08,0,0,29.000(36.250%)(0.964m),53.000(46.765%)(3.536m),60.000(52.941%)(4.286m),28.016(24.720%)(0.859m),12.914(16.143%)(0.000m),31.000(77.500%)(2.250m),9.694(24.234%)(0.000m),1613.989,6623.256,60.6,1.3681,"[0.552, 1.575, 1.639, 0.563, 1.705, 1.605]","[2.966, 3.356, 3.036, 2.938, 3.518, 3.038]","[-5.247, -4.689, -0.299, -5.111, -4.083, -0.914]"
473,1,-0.6983,-1.5163,0.153,297,766,16,22,0.389,60,0.21,13184,1163.51,0,0,28.000(35.000%)(0.857m),43.000(37.941%)(2.464m),26.026(22.964%)(0.646m),14.962(13.202%)(0.000m),9.685(12.107%)(0.000m),40.000(100.000%)(3.214m),10.552(26.380%)(0.059m),1379.944,6189.845,59.7,1.3073,"[1.418, 1.732, 1.723, 1.381, 1.879, 1.715]","[2.985, 3.360, 3.201, 3.021, 3.611, 3.222]","[-5.263, -5.478, -6.480, -5.572, -5.273, -5.896]"
474,1,-3.3270,-1.4708,0.158,543,1494,148,42,0.388,85,0.21,13239,2039.34,0,0,12.000(15.000%)(0.000m),21.000(18.529%)(0.107m),56.000(49.412%)(3.857m),30.350(26.779%)(1.109m),13.933(17.417%)(0.000m),25.000(62.500%)(1.607m),9.749(24.373%)(0.000m),1026.799,4970.930,63.7,1.2758,"[0.355, 1.016, 0.894, 0.416, 1.055, 0.855]","[3.132, 3.373, 3.270, 3.120, 3.648, 3.271]","[-10.375, -5.957, -7.500, -9.439, -6.677, -6.842]"
475,1,0.6792,-1.4623,0.160,282,759,23,34,0.387,65,0.21,13268,1086.17,0,0,11.324(14.156%)(0.000m),20.527(18.112%)(0.056m),49.958(44.080%)(3.210m),32.000(28.235%)(1.286m),20.000(25.000%)(0.000m),10.017(25.043%)(0.002m),24.000(60.000%)(1.500m),160.548,4396.669,62.3,1.2583,"[1.170, 1.206, 0.895, 1.101, 1.285, 0.776]","[2.824, 3.168, 3.203, 2.752, 3.462, 3.124]","[-6.232, -7.202, -5.431, -6.698, -5.812, -5.850]"
476,1,-1.2574,-1.3990,0.148,295,749,20,49,0.386,60,0.21,13298,1174.21,0,0,44.889(56.111%)(2.667m),92.805(81.887%)(7.801m),54.000(47.647%)(3.643m),22.000(19.412%)(0.214m),28.000(35.000%)(0.857m),32.614(81.534%)(2.423m),40.000(100.000%)(3.214m),775.004,6298.312,58.7,1.3639,"[1.128, 1.604, 1.980, 1.030, 1.717, 1.929]","[3.032, 3.412, 3.124, 2.880, 3.517, 3.062]","[-4.089, -4.247, -2.862, -4.000, -3.345, -1.841]"
477,1,2.5306,-1.3650,0.151,530,1345,160,39,0.386,75,0.21,13351,2051.21,0,0,12.533(15.666%)(0.000m),25.896(22.849%)(0.632m),47.000(41.471%)(2.893m),29.000(25.588%)(0.964m),25.000(31.250%)(0.536m),9.778(24.446%)(0.000m),23.000(57.500%)(1.393m),295.392,6812.388,58.7,1.3841,"[1.629, 1.689, 1.041, 1.634, 1.846, 0.945]","[3.296, 3.588, 3.293, 3.337, 3.849, 3.354]","[-3.907, -5.858, -5.417, -3.786, -5.013, -5.448]"
478,1,-0.0554,-1.2856,0.150,334,907,44,0,0.385,70,0.21,13385,1281.79,0,0,11.634(14.543%)(0.000m),22.127(19.524%)(0.228m),60.968(53.795%)(4.389m),61.000(53.824%)(4.393m),32.000(40.000%)(1.286m),9.792(24.480%)(0.000m),23.000(57.500%)(1.393m),1651.544,5495.727,62.8,1.3154,"[1.542, 1.691, 1.048, 1.540, 1.833, 0.889]","[3.122, 3.508, 3.269, 3.086, 3.756, 3.344]","[-6.264, -7.680, -5.778, -6.408, -5.914, -6.904]"
479,1,2.4650,-1.2239,0.153,298,783,17,21,0.384,65,0.21,13415,1165.00,0,0,12.229(15.286%)(0.000m),24.547(21.659%)(0.487m),59.000(52.059%)(4.179m),35.000(30.882%)(1.607m),28.000(35.000%)(0.857m),9.787(24.469%)(0.000m),40.000(100.000%)(3.214m),574.644,5166.631,60.8,1.3400,"[1.726, 1.633, 1.166, 1.636, 1.789, 1.072]","[3.337, 3.499, 3.262, 3.214, 3.719, 3.255]","[-4.488, -5.948, -5.709, -5.311, -4.965, -5.525]"
480,1,5.3088,-1.0118,0.149,1027,2783,147,72,0.383,95,0.21,13518,4022.86,0,0,27.000(33.750%)(0.750m),48.000(42.353%)(3.000m),67.658(59.699%)(5.106m),23.721(20.930%)(0.399m),11.985(14.981%)(0.000m),22.000(55.000%)(1.286m),9.714(24.286%)(0.000m),1208.356,8760.928,62.7,1.3620,"[0.712, 1.206, 1.188, 0.797, 1.347, 1.165]","[3.701, 3.668, 3.399, 3.693, 3.881, 3.252]","[-5.736, -6.013, -4.460, -5.434, -5.526, -4.291]"
481,1,-0.9554,-0.9094,0.146,225,582,28,0,0.383,55,0.21,13541,878.48,0,0,10.424(13.030%)(0.000m),16.362(14.437%)(0.000m),29.236(25.796%)(0.990m),50.000(44.118%)(3.214m),46.000(57.500%)(2.786m),11.081(27.703%)(0.116m),40.000(100.000%)(3.214m),2024.912,5922.361,59.9,1.3848,"[0.947, 0.964, 0.842, 0.876, 1.040, 0.745]","[2.985, 3.536, 3.099, 3.039, 3.762, 3.129]","[-5.282, -5.417, -5.038, -5.467, -5.591, -4.820]"
482,1,-1.3262,-0.9122,0.147,233,596,28,0,0.382,55,0.21,13565,905.59,0,0,50.000(62.500%)(3.214m),34.549(30.484%)(1.559m),17.884(15.780%)(0.000m),12.646(11.158%)(0.000m),9.516(11.895%)(0.000m),40.000(100.000%)(3.214m),13.911(34.778%)(0.419m),1744.411,5596.773,59.2,1.3240,"[1.036, 1.163, 1.039, 0.972, 1.240, 1.014]","[3.054, 3.386, 3.097, 3.047, 3.603, 3.108]","[-5.089, -6.392, -5.794, -4.970, -5.711, -5.532]"
483,1,2.4428,-0.8477,0.143,448,1266,156,12,0.381,80,0.21,13610,1692.06,0,0,19.363(24.203%)(0.000m),20.000(17.647%)(0.000m),20.000(17.647%)(0.000m),62.000(54.706%)(4.500m),40.000(50.000%)(2.143m),13.622(34.055%)(0.388m),27.000(67.500%)(1.821m),0.000,4634.988,65.4,1.3096,"[0.957, 0.986, 0.363, 0.890, 1.088, 0.178]","[3.408, 3.539, 3.330, 3.323, 3.710, 3.338]","[-3.601, -3.969, -4.439, -3.850, -5.116, -4.927]"
484,1,-0.2641,-1.0008,0.156,308,793,38,13,0.380,65,0.21,13641,1173.77,0,0,11.020(13.775%)(0.000m),18.389(16.226%)(0.000m),36.852(32.516%)(1.806m),41.000(36.177%)(2.250m),30.000(37.500%)(1.071m),10.754(26.884%)(0.081m),40.000(100.000%)(3.214m),1269.548,5771.684,59.6,1.3187,"[1.391, 1.266, 0.852, 1.355, 1.455, 0.821]","[3.097, 3.378, 2.965, 3.200, 3.585, 3.000]","[-4.918, -5.968, -5.426, -5.405, -5.131, -5.786]"
485,1,2.6729,-0.8519,0.149,1095,2867,272,185,0.379,95,0.21,13751,4161.87,0,0,20.653(25.817%)(0.070m),25.000(22.059%)(0.536m),27.000(23.824%)(0.750m),21.282(18.778%)(0.137m),11.741(14.676%)(0.000m),14.594(36.484%)(0.492m),10.386(25.964%)(0.041m),438.924,6024.377,60.6,1.3436,"[0.540, 0.821, 0.685, 0.504, 0.942, 0.607]","[2.914, 3.535, 3.069, 3.025, 3.750, 3.064]","[-5.467, -5.431, -5.998, -5.387, -5.370, -5.652]"
486,1,-2.2851,-0.9424,0.145,254,655,16,0,0.379,60,0.21,13777,977.11,0,0,10.866(13.583%)(0.000m),18.485(16.310%)(0.000m),38.578(34.039%)(1.990m),53.000(46.765%)(3.536m),45.000(56.250%)(2.679m),10.347(25.869%)(0.037m),40.000(100.000%)(3.214m),1733.715,5812.042,59.7,1.3535,"[1.357, 1.169, 1.025, 1.358, 1.335, 0.975]","[3.120, 3.576, 3.351, 3.132, 3.777, 3.329]","[-5.398, -5.257, -5.493, -5.506, -5.769, -5.617]"
487,1,-6.5224,-1.0897,0.148,371,929,87,46,0.378,65,0.21,13815,1425.26,0,0,9.886(12.358%)(0.000m),14.029(12.378%)(0.000m),21.518(18.987%)(0.163m),25.000(22.059%)(0.536m),17.545(21.932%)(0.000m),12.511(31.277%)(0.269m),12.358(30.895%)(0.253m),184.430,7841.780,57.9,1.3343,"[0.329, 0.771, 0.725, 0.356, 0.961, 0.752]","[3.264, 3.447, 3.178, 3.355, 3.674, 3.131]","[-5.036, -5.386, -5.794, -4.994, -6.118, -5.760]"
488,1,-1.4604,-1.0838,0.172,218,596,13,6,0.377,55,0.20,13837,850.18,0,0,9.878(12.348%)(0.000m),15.142(13.361%)(0.000m),26.008(22.948%)(0.644m),47.000(41.471%)(2.893m),32.000(40.000%)(1.286m),10.895(27.239%)(0.096m),40.000(100.000%)(3.214m),1083.238,5184.570,63.3,1.2515,"[1.385, 1.557, 1.385, 1.333, 1.675, 1.278]","[3.170, 3.595, 3.179, 3.103, 3.865, 3.193]","[-5.117, -5.867, -5.249, -5.400, -5.367, -5.433]"
489,1,2.6913,-1.0226,0.155,565,1520,162,13,0.376,85,0.20,13894,2214.30,0,0,16.197(20.247%)(0.000m),21.000(18.529%)(0.107m),31.000(27.353%)(1.179m),53.000(46.765%)(3.536m),38.000(47.500%)(1.929m),11.349(28.372%)(0.145m),26.000(65.000%)(1.714m),0.000,5858.126,62.3,1.3797,"[1.343, 1.252, 0.633, 1.277, 1.468, 0.521]","[3.479, 3.520, 3.372, 3.452, 3.746, 3.354]","[-8.882, -6.485, -5.495, -9.247, -5.891, -5.643]"
490,1,-2.7198,-1.0386,0.128,183,467,23,0,0.376,50,0.20,13913,735.63,0,0,11.237(14.046%)(0.000m),20.368(17.972%)(0.039m),49.570(43.738%)(3.168m),77.000(67.941%)(6.107m),67.355(84.193%)(5.074m),9.939(24.848%)(0.000m),40.000(100.000%)(3.214m),2808.408,9629.010,59.0,1.4413,"[1.788, 1.251, 0.259, 1.735, 1.221, 0.133]","[3.004, 3.426, 3.219, 3.014, 3.634, 3.175]","[-5.322, -5.217, -5.404, -5.515, -5.358, -5.380]"
491,1,-1.6051,-1.0201,0.141,197,523,14,0,0.375,50,0.20,13933,780.47,0,0,10.412(13.014%)(0.000m),16.084(14.192%)(0.000m),27.977(24.686%)(0.855m),68.000(60.000%)(5.143m),49.000(61.250%)(3.107m),11.343(28.358%)(0.144m),40.000(100.000%)(3.214m),2159.092,6692.516,61.5,1.3324,"[1.713, 1.631, 1.339, 1.685, 1.798, 1.286]","[3.323, 3.420, 3.271, 3.360, 3.724, 3.235]","[-5.211, -5.401, -5.409, -5.620, -5.355, -5.363]"
492,1,-0.5489,-1.1810,0.145,265,703,26,0,0.374,60,0.20,13960,1088.44,0,0,11.247(14.059%)(0.000m),20.387(17.988%)(0.041m),49.617(43.780%)(3.173m),51.000(45.000%)(3.321m),36.000(45.000%)(1.714m),9.949(24.872%)(0.000m),40.000(100.000%)(3.214m),1629.443,4903.378,61.4,1.4395,"[1.454, 1.425, 1.099, 1.365, 1.606, 0.948]","[3.101, 3.440, 3.160, 3.060, 3.836, 3.176]","[-4.972, -6.238, -5.515, -5.649, -5.480, -6.040]"
493,1,-1.3594,-1.0839,0.147,624,1653,283,38,0.373,85,0.20,14023,2373.45,0,0,14.977(18.721%)(0.000m),32.000(28.235%)(1.286m),24.000(21.177%)(0.429m),24.000(21.177%)(0.429m),38.000(47.500%)(1.929m),10.508(26.269%)(0.054m),30.000(75.000%)(2.143m),492.469,6468.749,61.3,1.3610,"[1.526, 1.284, 0.396, 1.466, 1.448, 0.243]","[2.870, 3.367, 3.032, 2.901, 3.579, 3.064]","[-4.628, -6.275, -6.315, -5.216, -5.725, -7.034]"
494,1,-2.9392,-1.1085,0.159,347,919,256,0,0.373,70,0.20,14058,1303.88,0,0,13.545(16.931%)(0.000m),29.375(25.919%)(1.004m),105.950(93.486%)(9.209m),81.000(71.471%)(6.536m),40.000(50.000%)(2.143m),9.643(24.109%)(0.000m),29.000(72.500%)(2.036m),4323.604,11611.794,61.3,1.3618,"[1.956, 1.348, -0.185, 1.832, 1.570, -0.304]","[3.409, 3.487, 3.334, 3.426, 3.723, 3.339]","[-2.196, -6.861, -5.380, -4.313, -5.308, -5.973]"
495,1,0.0184,-1.1171,0.168,346,881,38,0,0.372,65,0.20,14093,1343.50,0,0,10.969(13.712%)(0.000m),18.660(16.465%)(0.000m),38.944(34.362%)(2.030m),45.000(39.706%)(2.679m),32.000(40.000%)(1.286m),10.446(26.114%)(0.048m),40.000(100.000%)(3.214m),1604.505,6208.366,58.9,1.4086,"[2.000, 1.884, 1.549, 1.996, 2.129, 1.530]","[3.425, 3.718, 3.284, 3.486, 4.034, 3.323]","[-5.948, -6.186, -5.241, -6.158, -5.130, -5.608]"
496,1,2.5777,-1.0570,0.181,385,998,71,6,0.371,70,0.20,14132,1477.49,0,0,31.000(38.750%)(1.179m),52.000(45.882%)(3.429m),67.788(59.813%)(5.120m),23.121(20.401%)(0.334m),12.001(15.001%)(0.000m),31.000(77.500%)(2.250m),9.975(24.938%)(0.000m),1959.216,6516.645,60.0,1.2364,"[0.965, 1.603, 1.844, 1.028, 1.769, 1.733]","[3.555, 3.747, 3.550, 3.621, 4.038, 3.424]","[-5.404, -7.170, -4.752, -5.206, -6.455, -5.307]"
497,1,-5.4259,-1.1456,0.167,203,513,14,0,0.370,50,0.20,14153,790.54,0,0,56.626(70.783%)(3.924m),88.000(77.647%)(7.286m),34.321(30.283%)(1.534m),17.766(15.676%)(0.000m),10.844(13.555%)(0.000m),40.000(100.000%)(3.214m),10.844(27.110%)(0.090m),4693.198,9392.445,58.5,1.2418,"[1.239, 1.398, 1.294, 1.260, 1.597, 1.391]","[3.442, 3.626, 3.293, 3.375, 3.795, 3.290]","[-5.487, -5.115, -6.097, -5.501, -5.114, -5.641]"
498,1,4.5802,-1.0806,0.142,638,1750,120,43,0.370,90,0.20,14217,2396.43,0,0,28.000(35.000%)(0.857m),46.000(40.588%)(2.786m),74.000(65.294%)(5.786m),30.291(26.727%)(1.103m),13.991(17.489%)(0.000m),23.000(57.500%)(1.393m),9.798(24.495%)(0.000m),926.623,6069.964,63.5,1.3599,"[0.774, 1.023, 0.992, 0.844, 1.166, 0.923]","[3.422, 3.480, 3.240, 3.428, 3.778, 3.231]","[-6.343, -5.855, -0.446, -6.045, -6.001, -0.896]"
499,1,-6.2621,-1.2329,0.141,184,472,16,0,0.369,50,0.20,14236,728.40,0,0,11.996(14.995%)(0.000m),23.420(20.665%)(0.366m),71.990(63.521%)(5.570m),90.302(79.679%)(7.532m),49.153(61.441%)(3.124m),9.847(24.617%)(0.000m),35.844(89.610%)(2.769m),3698.261,8107.487,59.3,1.2720,"[1.026, 0.482, 0.363, 1.004, 0.677, 0.269]","[2.890, 3.412, 3.234, 2.839, 3.657, 3.144]","[-2.671, -5.784, -5.472, -3.320, -5.395, -5.384]"
500,1,1.5525,-1.2064,0.142,290,741,29,0,0.368,60,0.20,14265,1147.08,0,0,11.186(13.982%)(0.000m),20.276(17.891%)(0.030m),49.347(43.541%)(3.144m),48.000(42.353%)(3.000m),38.000(47.500%)(1.929m),9.895(24.736%)(0.000m),40.000(100.000%)(3.214m),1993.065,5624.026,59.1,1.4150,"[1.270, 1.356, 1.241, 1.273, 1.522, 1.164]","[2.691, 3.155, 2.909, 2.712, 3.425, 2.940]","[-5.727, -5.247, -5.459, -5.612, -5.523, -5.644]"
501,1,1.6615,-1.1473,0.141,595,1608,118,40,0.368,85,0.20,14325,2254.77,0,0,19.403(24.254%)(0.000m),31.000(27.353%)(1.179m),20.000(17.647%)(0.000m),13.000(11.471%)(0.000m),10.000(12.500%)(0.000m),13.689(34.222%)(0.395m),22.000(55.000%)(1.286m),119.425,5794.651,62.5,1.3255,"[0.942, 1.077, 0.757, 0.966, 1.264, 0.695]","[3.295, 3.411, 3.113, 3.317, 3.640, 3.095]","[-6.385, -6.649, -9.501, -6.356, -6.249, -8.566]"
502,1,-1.4072,-1.1579,0.133,271,708,15,0,0.367,60,0.20,14353,1087.57,0,0,10.063(12.579%)(0.000m),16.340(14.418%)(0.000m),31.034(27.383%)(1.182m),44.000(38.824%)(2.571m),35.000(43.750%)(1.607m),10.187(25.468%)(0.020m),40.000(100.000%)(3.214m),697.752,5869.845,60.5,1.3314,"[1.638, 1.381, 1.062, 1.633, 1.571, 1.026]","[3.323, 3.331, 3.162, 3.294, 3.546, 3.225]","[-5.630, -5.619, -5.791, -5.494, -5.879, -5.852]"
503,1,-7.9754,-1.2941,0.143,301,771,91,0,0.366,60,0.20,14384,1132.59,0,0,15.021(18.776%)(0.000m),31.787(28.048%)(1.263m),33.795(29.819%)(1.478m),17.183(15.162%)(0.000m),10.394(12.992%)(0.000m),10.568(26.421%)(0.061m),10.267(25.668%)(0.029m),922.238,12382.384,59.2,1.4024,"[0.631, 0.492, -0.628, 0.701, 0.470, -0.616]","[3.100, 3.393, 3.058, 3.170, 3.586, 3.076]","[-5.771, -5.121, -6.182, -5.724, -5.211, -5.831]"
504,1,-2.2654,-1.3038,0.158,152,398,21,0,0.365,45,0.20,14400,551.29,0,0,77.786(97.233%)(6.191m),87.000(76.765%)(7.179m),79.582(70.220%)(6.384m),27.307(24.094%)(0.783m),12.851(16.064%)(0.000m),40.000(100.000%)(3.214m),9.772(24.430%)(0.000m),2746.330,8095.763,60.6,1.4022,"[-0.235, 0.229, 1.593, -0.247, 0.336, 1.443]","[2.792, 3.268, 3.044, 2.759, 3.507, 2.983]","[-5.008, -6.938, -3.110, -4.789, -5.681, -3.820]"
505,1,2.9653,-1.2561,0.137,297,796,14,21,0.365,65,0.20,14430,1141.85,0,0,28.000(35.000%)(0.857m),44.000(38.824%)(2.571m),61.000(53.824%)(4.393m),24.231(21.380%)(0.453m),12.243(15.304%)(0.000m),25.000(62.500%)(1.607m),9.923(24.808%)(0.000m),887.461,4901.729,62.1,1.2433,"[1.211, 1.574, 1.484, 1.172, 1.680, 1.415]","[2.921, 3.398, 3.033, 3.014, 3.585, 3.022]","[-5.784, -6.213, -5.231, -5.408, -5.899, -5.677]"
506,1,-2.8309,-1.1785,0.166,237,579,20,0,0.364,55,0.20,14454,929.35,0,0,11.659(14.573%)(0.000m),21.132(18.646%)(0.121m),51.431(45.381%)(3.368m),79.000(69.706%)(6.321m),64.693(80.866%)(4.788m),10.313(25.781%)(0.033m),40.000(100.000%)(3.214m),3637.779,11128.321,56.6,1.2638,"[1.786, 1.650, 0.776, 1.846, 1.769, 0.753]","[3.147, 3.351, 3.176, 3.247, 3.586, 3.105]","[-5.422, -5.003, -5.667, -5.693, -4.709, -5.083]"
507,1,-4.1746,-1.1631,0.148,302,809,54,0,0.363,65,0.20,14485,1177.07,0,0,11.503(14.379%)(0.000m),20.393(17.994%)(0.042m),46.851(41.339%)(2.877m),70.000(61.765%)(5.357m),37.000(46.250%)(1.821m),10.429(26.073%)(0.046m),27.000(67.500%)(1.821m),2558.163,7105.825,62.0,1.4143,"[1.557, 1.508, 1.108, 1.583, 1.732, 1.041]","[3.105, 3.415, 3.188, 3.118, 3.679, 3.181]","[-6.057, -6.919, -5.422, -6.626, -5.360, -6.346]"
508,1,5.3613,-1.0101,0.142,738,1954,7,97,0.362,90,0.20,14559,2907.50,0,0,27.000(33.750%)(0.750m),65.000(57.353%)(4.821m),79.000(69.706%)(6.321m),62.340(55.006%)(4.536m),30.089(37.611%)(1.081m),19.000(47.500%)(0.964m),11.000(27.500%)(0.107m),2451.026,10185.897,61.3,1.3486,"[1.434, 1.581, 1.541, 1.510, 1.750, 1.525]","[3.390, 3.511, 3.181, 3.369, 3.736, 3.195]","[-0.837, -0.764, -1.653, -0.240, -0.593, -1.943]"
509,1,3.7710,-0.9108,0.147,388,1048,80,21,0.362,75,0.20,14598,1508.25,0,0,28.000(35.000%)(0.857m),42.000(37.059%)(2.357m),54.000(47.647%)(3.643m),20.910(18.450%)(0.098m),11.269(14.086%)(0.000m),23.000(57.500%)(1.393m),9.724(24.310%)(0.000m),957.425,4949.029,62.5,1.2463,"[1.219, 1.567, 1.483, 1.210, 1.674, 1.411]","[3.128, 3.495, 3.405, 3.085, 3.685, 3.390]","[-5.281, -5.372, -4.465, -4.943, -5.449, -3.907]"
510,1,1.9623,-0.7743,0.140,543,1533,71,57,0.361,85,0.20,14653,2091.49,0,0,21.292(26.615%)(0.138m),44.741(39.478%)(2.651m),65.000(57.353%)(4.821m),39.000(34.412%)(2.036m),26.000(32.500%)(0.643m),15.025(37.563%)(0.538m),10.000(25.000%)(0.000m),534.121,4541.066,65.3,1.3988,"[1.262, 1.340, 1.126, 1.234, 1.484, 1.023]","[3.432, 3.548, 3.274, 3.430, 3.796, 3.261]","[-0.703, -0.221, -4.044, -0.410, -0.170, -4.501]"
511,1,2.2871,-0.7230,0.156,616,1687,161,95,0.360,85,0.20,14715,2429.16,0,0,24.000(30.000%)(0.429m),47.000(41.471%)(2.893m),54.000(47.647%)(3.643m),40.509(35.744%)(2.197m),19.441(24.302%)(0.000m),17.000(42.500%)(0.750m),12.000(30.000%)(0.214m),837.915,5103.688,63.4,1.3362,"[0.642, 1.120, 1.061, 0.633, 1.224, 1.042]","[3.315, 3.710, 3.377, 3.361, 3.956, 3.439]","[-4.855, -3.657, -4.592, -5.065, -4.097, -5.230]"
512,1,-0.3349,-0.6750,0.153,600,1656,20,139,0.360,85,0.20,14775,2355.26,0,0,23.000(28.750%)(0.321m),44.000(38.824%)(2.571m),60.000(52.941%)(4.286m),63.578(56.098%)(4.669m),18.000(22.500%)(0.000m),16.000(40.000%)(0.643m),10.000(25.000%)(0.000m),827.288,5176.364,63.9,1.3969,"[1.073, 1.112, 1.016, 1.103, 1.259, 1.001]","[3.036, 3.400, 3.289, 3.162, 3.557, 3.225]","[-1.611, -2.690, -3.656, -1.002, -3.098, -3.757]"
513,1,2.8405,-0.5796,0.141,348,879,46,7,0.359,65,0.19,14810,1310.29,0,0,12.258(15.323%)(0.000m),24.605(21.711%)(0.493m),52.000(45.882%)(3.429m),41.000(36.177%)(2.250m),33.000(41.250%)(1.393m),9.811(24.527%)(0.000m),40.000(100.000%)(3.214m),1232.803,6282.340,58.5,1.2829,"[1.742, 1.741, 1.286, 1.720, 1.915, 1.244]","[3.002, 3.586, 3.397, 3.038, 3.788, 3.344]","[-4.303, -5.786, -5.632, -4.579, -5.127, -5.323]"
514,1,0.7362,-0.5865,0.147,1114,2897,395,170,0.358,95,0.19,14922,4383.85,0,0,14.996(18.746%)(0.000m),31.795(28.054%)(1.264m),20.000(17.647%)(0.000m),21.000(18.529%)(0.107m),29.000(36.250%)(0.964m),10.559(26.398%)(0.060m),21.000(52.500%)(1.179m),0.000,5849.483,60.2,1.3139,"[0.780, 0.841, 0.341, 0.733, 0.982, 0.305]","[3.126, 3.670, 3.376, 3.177, 3.907, 3.370]","[-3.050, -3.667, -5.587, -3.606, -4.496, -5.961]"
515,1,-2.6443,-0.5775,0.145,676,1782,131,25,0.357,85,0.19,14990,2631.73,0,0,11.000(13.750%)(0.000m),19.000(16.765%)(0.000m),38.000(33.530%)(1.929m),35.720(31.517%)(1.684m),16.716(20.895%)(0.000m),29.000(72.500%)(2.036m),11.732(29.330%)(0.186m),1085.369,8417.044,61.0,1.3294,"[0.410, 0.840, 0.676, 0.445, 0.951, 0.579]","[3.140, 3.408, 3.093, 3.238, 3.660, 3.112]","[-7.708, -5.262, -6.697, -7.300, -4.743, -6.807]"
516,1,0.1469,-0.5866,0.163,244,630,16,0,0.357,55,0.19,15015,966.66,0,0,11.829(14.786%)(0.000m),22.498(19.851%)(0.268m),60.969(53.797%)(4.390m),73.000(64.412%)(5.679m),48.000(60.000%)(3.000m),9.956(24.890%)(0.000m),40.000(100.000%)(3.214m),2512.153,6792.493,59.7,1.3899,"[1.890, 1.861, 0.960, 1.902, 2.010, 0.868]","[3.149, 3.641, 3.353, 3.184, 3.832, 3.274]","[-5.556, -5.071, -5.474, -5.072, -5.158, -5.279]"
517,1,-1.1201,-0.4552,0.151,313,808,51,18,0.356,65,0.19,15047,1220.09,0,0,12.904(16.130%)(0.000m),27.642(24.390%)(0.819m),51.000(45.000%)(3.321m),35.000(30.882%)(1.607m),27.000(33.750%)(0.750m),9.686(24.214%)(0.000m),40.000(100.000%)(3.214m),522.649,4579.683,59.7,1.3262,"[1.221, 1.031, 0.838, 1.210, 1.195, 0.848]","[3.088, 3.542, 3.022, 3.137, 3.739, 3.067]","[-3.452, -5.762, -5.021, -4.368, -5.136, -5.040]"
518,1,1.4846,-0.4877,0.144,588,1574,162,53,0.355,85,0.19,15106,2219.24,0,0,16.509(20.637%)(0.000m),35.272(31.123%)(1.636m),45.000(39.706%)(2.679m),20.000(17.647%)(0.000m),26.000(32.500%)(0.643m),11.588(28.970%)(0.170m),24.000(60.000%)(1.500m),669.875,4362.894,61.9,1.3030,"[1.183, 1.258, 1.015, 1.126, 1.459, 0.921]","[2.894, 3.330, 3.026, 2.978, 3.563, 2.993]","[-5.048, -7.649, -8.094, -5.865, -6.106, -8.044]"
519,1,-4.4156,-0.5154,0.144,323,835,23,0,0.355,65,0.19,15139,1226.88,0,0,11.290(14.113%)(0.000m),19.803(17.473%)(0.000m),44.319(39.105%)(2.606m),53.000(46.765%)(3.536m),33.000(41.250%)(1.393m),10.363(25.907%)(0.039m),40.000(100.000%)(3.214m),1954.129,7756.570,59.8,1.3166,"[1.470, 1.286, 0.721, 1.515, 1.517, 0.701]","[2.941, 3.162, 2.894, 2.980, 3.521, 2.932]","[-6.217, -5.557, -5.789, -6.305, -5.829, -5.747]"
520,1,6.8311,-0.3006,0.147,739,1962,79,58,0.354,90,0.19,15213,2880.41,0,0,30.000(37.500%)(1.071m),36.000(31.765%)(1.714m),58.000(51.177%)(4.071m),33.627(29.671%)(1.460m),15.696(19.620%)(0.000m),22.000(55.000%)(1.286m),10.000(25.000%)(0.000m),445.411,9631.874,61.4,1.3473,"[0.657, 1.160, 1.102, 0.703, 1.329, 1.054]","[2.996, 3.419, 3.279, 2.934, 3.663, 3.230]","[-5.854, -3.329, -3.967, -5.409, -3.451, -4.378]"
521,1,0.2532,-0.1578,0.153,236,605,14,0,0.353,55,0.19,15237,910.92,0,0,10.498(13.123%)(0.000m),16.346(14.423%)(0.000m),28.810(25.421%)(0.944m),63.000(55.588%)(4.607m),53.000(66.250%)(3.536m),11.298(28.245%)(0.139m),40.000(100.000%)(3.214m),2081.696,6251.262,59.3,1.3131,"[1.641, 1.622, 1.134, 1.670, 1.707, 0.996]","[2.789, 3.317, 3.236, 2.798, 3.525, 3.146]","[-5.446, -5.072, -5.350, -5.347, -5.679, -5.555]"
522,1,1.1803,-0.1436,0.149,553,1496,147,69,0.352,85,0.19,15293,2114.53,0,0,18.137(22.671%)(0.000m),30.000(26.471%)(1.071m),59.000(52.059%)(4.179m),52.000(45.882%)(3.429m),21.000(26.250%)(0.107m),12.768(31.919%)(0.297m),15.000(37.500%)(0.536m),285.532,5677.470,62.6,1.3739,"[1.244, 1.091, 0.525, 1.250, 1.207, 0.465]","[2.964, 3.364, 3.060, 2.907, 3.582, 3.060]","[-3.652, -4.916, -5.509, -3.279, -4.702, -5.540]"
523,1,10.3227,0.0768,0.141,1083,2968,275,130,0.352,100,0.38,15402,4182.07,1,1,17.540(21.925%)(0.000m),37.014(32.660%)(1.823m),59.000(52.059%)(4.179m),36.216(31.955%)(1.737m),16.948(21.185%)(0.000m),11.000(27.500%)(0.107m),11.896(29.740%)(0.203m),2130.312,5635.816,63.4,1.3093,"[0.806, 1.169, 0.840, 0.797, 1.325, 0.807]","[3.153, 3.350, 3.285, 3.227, 3.568, 3.217]","[-6.207, -1.561, -4.777, -5.738, -1.972, -4.602]"
524,1,-2.6682,0.0900,0.145,339,893,34,46,0.351,65,0.38,15436,1330.01,0,0,12.475(15.594%)(0.000m),25.792(22.757%)(0.621m),52.000(45.882%)(3.429m),28.000(24.706%)(0.857m),23.000(28.750%)(0.321m),9.733(24.333%)(0.000m),23.000(57.500%)(1.393m),214.369,4814.558,61.0,1.3443,"[1.157, 1.165, 1.066, 1.162, 1.378, 1.008]","[3.168, 3.182, 3.049, 3.162, 3.450, 3.067]","[-4.352, -6.076, -5.264, -6.008, -5.701, -6.062]"
525,1,1.2475,0.1014,0.164,368,975,92,19,0.350,70,0.38,15473,1424.80,0,0,29.000(36.250%)(0.964m),40.000(35.294%)(2.143m),51.000(45.000%)(3.321m),25.855(22.813%)(0.627m),12.506(15.632%)(0.000m),25.000(62.500%)(1.607m),9.757(24.392%)(0.000m),678.457,5259.315,61.3,1.3720,"[0.525, 1.357, 1.509, 0.526, 1.523, 1.434]","[2.943, 3.415, 3.265, 2.991, 3.692, 3.310]","[-5.526, -7.401, -4.308, -5.034, -5.799, -4.780]"
526,1,-3.5320,0.0559,0.147,689,1804,179,83,0.350,85,0.38,15542,2645.88,0,0,15.752(19.690%)(0.000m),31.000(27.353%)(1.179m),39.000(34.412%)(2.036m),21.000(18.529%)(0.107m),12.000(15.000%)(0.000m),11.067(27.668%)(0.114m),22.000(55.000%)(1.286m),555.942,5297.984,60.6,1.3175,"[1.204, 1.272, 0.689, 1.163, 1.420, 0.734]","[3.636, 3.918, 3.670, 3.636, 4.187, 3.636]","[-5.153, -6.551, -8.498, -4.754, -5.018, -6.588]"
527,1,-1.6168,-0.0271,0.138,248,626,19,0,0.349,55,0.38,15567,975.42,0,0,8.947(11.184%)(0.000m),12.615(11.131%)(0.000m),19.188(16.930%)(0.000m),46.698(41.204%)(2.860m),52.000(65.000%)(3.429m),11.468(28.670%)(0.157m),40.000(100.000%)(3.214m),1671.136,6284.723,58.4,1.3657,"[1.400, 1.534, 1.400, 1.400, 1.599, 1.263]","[3.412, 3.686, 3.266, 3.414, 3.942, 3.089]","[-5.914, -5.991, -6.344, -5.907, -6.985, -5.820]"
528,1,-4.9693,-0.1254,0.146,302,769,26,30,0.348,60,0.38,15598,1159.19,0,0,24.000(30.000%)(0.429m),26.000(22.941%)(0.643m),41.000(36.177%)(2.250m),49.000(43.235%)(3.107m),44.772(55.965%)(2.654m),40.000(100.000%)(3.214m),33.082(82.706%)(2.473m),101.558,5556.440,58.9,1.3605,"[1.176, 1.095, 1.327, 1.239, 1.335, 1.278]","[3.462, 3.625, 3.374, 3.440, 3.862, 3.396]","[-3.079, -3.251, -3.947, -2.768, -3.701, -3.932]"
529,1,-0.9595,-0.1938,0.154,638,1732,104,64,0.347,85,0.38,15662,2480.66,0,0,14.174(17.718%)(0.000m),30.564(26.968%)(1.132m),78.000(68.824%)(6.214m),37.000(32.647%)(1.821m),11.000(13.750%)(0.000m),9.932(24.830%)(0.000m),11.000(27.500%)(0.107m),545.682,8541.184,62.8,1.4117,"[1.001, 0.952, 0.358, 1.028, 1.102, 0.263]","[3.334, 3.652, 3.174, 3.459, 3.919, 3.136]","[-1.677, -3.903, -5.078, -1.828, -4.231, -5.448]"
530,1,-0.2786,-0.3056,0.152,285,737,28,19,0.347,60,0.38,15691,1114.36,0,0,29.000(36.250%)(0.964m),44.000(38.824%)(2.571m),39.810(35.126%)(2.122m),18.660(16.465%)(0.000m),10.861(13.576%)(0.000m),40.000(100.000%)(3.214m),10.216(25.541%)(0.023m),1209.835,6020.790,59.9,1.3382,"[0.732, 1.080, 1.233, 0.702, 1.192, 1.161]","[2.844, 3.461, 3.287, 2.916, 3.688, 3.223]","[-5.299, -5.723, -5.483, -5.317, -5.583, -5.454]"
531,1,0.7265,-0.2720,0.143,327,830,33,0,0.346,65,0.38,15724,1265.78,0,0,12.311(15.389%)(0.000m),24.366(21.499%)(0.468m),56.000(49.412%)(3.857m),52.000(45.882%)(3.429m),38.000(47.500%)(1.929m),9.978(24.946%)(0.000m),40.000(100.000%)(3.214m),1701.217,6531.670,58.8,1.3627,"[1.322, 1.410, 1.254, 1.348, 1.621, 1.165]","[2.884, 3.449, 3.330, 2.902, 3.679, 3.239]","[-6.787, -5.652, -5.463, -6.641, -4.791, -5.762]"
532,1,1.9637,-0.2062,0.151,270,708,15,6,0.345,60,0.38,15751,1039.18,0,0,10.907(13.634%)(0.000m),17.869(15.767%)(0.000m),34.520(30.459%)(1.556m),47.000(41.471%)(2.893m),31.000(38.750%)(1.179m),10.907(27.267%)(0.097m),40.000(100.000%)(3.214m),1280.979,5717.927,60.6,1.2614,"[1.538, 1.694, 1.499, 1.492, 1.812, 1.398]","[3.181, 3.523, 3.339, 3.212, 3.727, 3.240]","[-5.317, -5.582, -5.518, -5.311, -5.380, -5.305]"
533,1,-4.7224,-0.3495,0.145,205,555,27,12,0.345,55,0.38,15772,796.18,0,0,68.438(85.548%)(5.190m),21.000(18.529%)(0.107m),20.000(17.647%)(0.000m),20.000(17.647%)(0.000m),48.505(60.632%)(3.054m),40.000(100.000%)(3.214m),35.278(88.195%)(2.708m),0.000,3885.307,62.7,1.5402,"[0.746, 0.863, 0.956, 0.695, 1.044, 0.901]","[3.081, 3.479, 3.067, 3.097, 3.699, 2.995]","[-2.504, -5.440, -5.052, -3.605, -4.122, -4.741]"
534,1,-6.6250,-0.4767,0.159,713,1864,100,59,0.344,85,0.37,15844,2743.01,0,0,13.000(16.250%)(0.000m),25.000(22.059%)(0.536m),47.000(41.471%)(2.893m),42.000(37.059%)(2.357m),23.710(29.638%)(0.398m),10.038(25.096%)(0.004m),16.861(42.153%)(0.735m),1663.339,7064.609,60.5,1.4226,"[0.640, 0.561, 0.333, 0.648, 0.668, 0.166]","[2.981, 3.583, 3.287, 2.966, 3.792, 3.282]","[-4.396, -5.297, -6.581, -4.657, -5.309, -7.472]"
535,1,-3.8381,-0.6069,0.151,544,1522,159,46,0.343,85,0.37,15899,2131.25,0,0,11.000(13.750%)(0.000m),50.000(44.118%)(3.214m),52.000(45.882%)(3.429m),35.276(31.126%)(1.637m),16.408(20.510%)(0.000m),11.000(27.500%)(0.107m),11.501(28.754%)(0.161m),511.912,5026.053,64.7,1.4055,"[0.378, 1.085, 0.996, 0.422, 1.240, 0.896]","[3.448, 3.619, 3.580, 3.516, 3.885, 3.532]","[-5.712, -2.849, -3.047, -5.220, -3.434, -3.899]"
536,1,2.3142,-0.5149,0.150,592,1637,111,88,0.343,85,0.37,15959,2346.91,0,0,15.563(19.454%)(0.000m),33.625(29.669%)(1.460m),65.000(57.353%)(4.821m),55.000(48.530%)(3.750m),37.000(46.250%)(1.821m),10.902(27.256%)(0.097m),11.000(27.500%)(0.107m),1424.861,6666.994,64.0,1.3464,"[1.188, 1.102, 0.563, 1.217, 1.218, 0.442]","[3.177, 3.354, 3.176, 3.199, 3.579, 3.236]","[-1.286, -4.145, -4.962, -1.590, -4.185, -6.403]"
537,1,0.0245,-0.3840,0.147,430,1117,193,33,0.342,75,0.37,16002,1579.70,0,0,14.767(18.458%)(0.000m),31.490(27.786%)(1.231m),75.000(66.177%)(5.893m),59.000(52.059%)(4.179m),42.000(52.500%)(2.357m),10.368(25.919%)(0.039m),17.000(42.500%)(0.750m),1319.031,8585.215,60.1,1.3488,"[1.565, 1.330, 0.559, 1.550, 1.520, 0.416]","[3.028, 3.520, 3.276, 3.066, 3.743, 3.268]","[-3.224, -5.220, -5.277, -3.007, -4.525, -5.585]"
538,1,-0.8745,-0.3723,0.164,448,1209,277,0,0.341,75,0.37,16047,1694.35,0,0,43.000(53.750%)(2.464m),77.000(67.941%)(6.107m),55.507(48.977%)(3.804m),21.349(18.837%)(0.144m),11.505(14.382%)(0.000m),29.000(72.500%)(2.036m),9.609(24.022%)(0.000m),1814.559,8778.418,62.5,1.4046,"[-0.720, 1.094, 1.562, -0.600, 1.270, 1.449]","[2.956, 3.544, 3.296, 2.969, 3.789, 3.318]","[-6.561, -6.616, -6.407, -6.078, -5.706, -6.307]"
539,1,-1.5200,-0.4565,0.180,268,713,108,0,0.341,60,0.37,16074,1053.32,0,0,13.563(16.954%)(0.000m),29.411(25.951%)(1.008m),113.000(99.706%)(9.964m),85.000(75.000%)(6.964m),46.000(57.500%)(2.786m),9.589(23.972%)(0.000m),40.000(100.000%)(3.214m),4383.347,8939.941,61.6,1.3944,"[1.842, 1.683, 0.332, 1.761, 1.877, 0.188]","[3.332, 3.348, 3.076, 3.356, 3.572, 3.062]","[-3.423, -5.722, -4.976, -5.132, -5.349, -5.007]"
540,1,-1.3872,-0.4298,0.156,282,770,24,36,0.340,65,0.37,16103,1071.73,0,0,20.000(25.000%)(0.000m),39.000(34.412%)(2.036m),61.000(53.824%)(4.393m),24.544(21.657%)(0.487m),12.228(15.285%)(0.000m),26.000(65.000%)(1.714m),9.786(24.466%)(0.000m),504.679,4865.541,63.2,1.2276,"[0.641, 1.240, 1.159, 0.595, 1.423, 1.093]","[2.923, 3.265, 2.920, 3.066, 3.531, 2.939]","[-5.376, -8.049, -3.608, -5.232, -7.096, -4.422]"
541,1,-0.8023,-0.4138,0.157,243,651,21,0,0.339,60,0.37,16128,955.26,0,0,37.000(46.250%)(1.821m),56.000(49.412%)(3.857m),42.509(37.508%)(2.412m),18.994(16.759%)(0.000m),10.829(13.536%)(0.000m),40.000(100.000%)(3.214m),9.940(24.849%)(0.000m),1357.336,5673.939,62.0,1.4286,"[1.116, 1.717, 1.777, 1.071, 1.853, 1.744]","[2.755, 3.222, 3.054, 2.843, 3.459, 2.948]","[-5.345, -6.447, -5.803, -5.202, -6.088, -5.208]"
542,1,1.8277,-0.3662,0.171,501,1301,188,22,0.339,75,0.37,16179,1947.26,0,0,28.000(35.000%)(0.857m),33.000(29.118%)(1.393m),59.000(52.059%)(4.179m),26.911(23.745%)(0.740m),12.816(16.020%)(0.000m),27.000(67.500%)(1.821m),9.583(23.957%)(0.000m),700.269,7527.343,60.1,1.4297,"[0.082, 1.361, 1.426, 0.157, 1.544, 1.344]","[2.999, 3.218, 3.125, 2.969, 3.452, 3.113]","[-5.631, -8.127, -3.605, -5.208, -6.884, -4.580]"
543,1,-1.8479,-0.3760,0.175,532,1447,246,38,0.338,80,0.37,16233,2017.38,0,0,17.695(22.119%)(0.000m),20.000(17.647%)(0.000m),20.000(17.647%)(0.000m),40.000(35.294%)(2.143m),29.000(36.250%)(0.964m),12.451(31.128%)(0.263m),28.000(70.000%)(1.929m),0.000,4074.524,62.9,1.3372,"[1.151, 1.124, 0.128, 1.101, 1.186, 0.045]","[2.801, 3.279, 3.076, 2.929, 3.570, 3.135]","[-3.690, -5.286, -5.620, -4.466, -5.785, -5.899]"
544,1,-0.0262,-0.3177,0.154,255,642,17,0,0.337,55,0.37,16259,1030.27,0,0,55.000(68.750%)(3.750m),69.000(60.883%)(5.250m),62.195(54.878%)(4.521m),22.929(20.232%)(0.314m),11.901(14.877%)(0.000m),40.000(100.000%)(3.214m),9.892(24.731%)(0.000m),2845.206,8165.625,58.3,1.4372,"[1.045, 1.836, 1.910, 1.053, 2.054, 1.913]","[3.126, 3.352, 3.243, 3.163, 3.566, 3.209]","[-5.405, -5.764, -5.517, -5.500, -5.794, -5.299]"
545,1,1.7546,-0.2830,0.154,424,1214,146,32,0.337,80,0.37,16302,1612.80,0,0,17.081(21.351%)(0.000m),30.000(26.471%)(1.071m),47.000(41.471%)(2.893m),49.000(43.235%)(3.107m),28.000(35.000%)(0.857m),11.975(29.938%)(0.212m),24.000(60.000%)(1.500m),67.104,4175.915,66.3,1.3296,"[1.132, 1.036, 0.397, 1.048, 1.210, 0.284]","[3.247, 3.435, 3.313, 3.198, 3.602, 3.345]","[-2.359, -4.830, -4.758, -3.143, -5.007, -5.512]"
546,1,3.9714,-0.2552,0.147,484,1237,96,12,0.336,75,0.37,16351,1870.62,0,0,12.582(15.728%)(0.000m),26.013(22.953%)(0.644m),68.000(60.000%)(5.143m),44.000(38.824%)(2.571m),31.000(38.750%)(1.179m),9.817(24.542%)(0.000m),27.000(67.500%)(1.821m),845.245,7600.151,59.2,1.3572,"[1.655, 1.775, 1.168, 1.636, 1.958, 1.082]","[3.189, 3.295, 3.025, 3.172, 3.518, 3.060]","[-2.944, -4.682, -4.931, -4.371, -5.049, -4.827]"
547,1,1.6436,-0.1138,0.154,343,918,102,0,0.335,70,0.37,16386,1324.44,0,0,11.197(13.997%)(0.000m),20.297(17.909%)(0.032m),49.397(43.586%)(3.150m),64.000(56.471%)(4.714m),34.000(42.500%)(1.500m),9.905(24.762%)(0.000m),25.000(62.500%)(1.607m),2509.197,6452.273,61.9,1.2967,"[1.489, 1.250, 0.338, 1.465, 1.325, 0.205]","[3.068, 3.200, 2.870, 3.060, 3.376, 2.862]","[-6.599, -7.285, -5.318, -7.045, -5.905, -5.553]"
548,1,0.6972,-0.1914,0.143,534,1489,97,40,0.335,85,0.36,16440,2043.91,0,0,18.268(22.835%)(0.000m),31.000(27.353%)(1.179m),60.000(52.941%)(4.286m),17.000(15.000%)(0.000m),11.000(13.750%)(0.000m),12.834(32.085%)(0.304m),11.000(27.500%)(0.107m),132.031,4923.690,64.5,1.3377,"[1.130, 1.094, 0.494, 1.136, 1.274, 0.444]","[3.218, 3.503, 3.116, 3.207, 3.750, 3.152]","[-6.255, -9.876, -10.072, -6.132, -7.476, -10.138]"
549,1,0.6714,-0.0528,0.138,292,772,49,24,0.334,65,0.36,16470,1149.63,0,0,25.000(31.250%)(0.536m),36.000(31.765%)(1.714m),44.000(38.823%)(2.571m),19.152(16.899%)(0.000m),10.803(13.504%)(0.000m),32.000(80.000%)(2.357m),9.795(24.486%)(0.000m),293.120,4664.073,61.2,1.3511,"[1.030, 1.320, 1.336, 0.927, 1.422, 1.268]","[2.881, 3.329, 3.059, 2.970, 3.539, 3.057]","[-5.836, -5.483, -5.480, -5.631, -5.777, -5.293]"
550,1,2.0027,-0.0437,0.142,551,1562,106,119,0.333,85,0.36,16526,2053.78,0,0,25.000(31.250%)(0.536m),40.000(35.294%)(2.143m),52.000(45.882%)(3.429m),34.019(30.017%)(1.502m),15.787(19.734%)(0.000m),13.000(32.500%)(0.321m),11.064(27.659%)(0.114m),528.590,4471.843,65.6,1.2729,"[0.738, 1.076, 0.894, 0.753, 1.191, 0.845]","[2.991, 3.466, 3.218, 3.008, 3.709, 3.222]","[-5.286, -2.918, -1.747, -4.999, -3.294, -1.517]"
551,1,0.8455,-0.0601,0.149,262,672,20,0,0.333,60,0.36,16553,1048.61,0,0,11.466(14.332%)(0.000m),20.783(18.338%)(0.084m),50.580(44.630%)(3.276m),53.000(46.765%)(3.536m),45.000(56.250%)(2.679m),10.142(25.355%)(0.015m),40.000(100.000%)(3.214m),1243.055,6271.631,59.4,1.3095,"[1.733, 1.832, 1.433, 1.731, 1.924, 1.373]","[3.051, 3.601, 3.457, 3.085, 3.842, 3.510]","[-5.185, -5.546, -5.359, -4.936, -5.458, -5.146]"
552,1,1.3270,-0.0054,0.146,532,1355,192,13,0.332,75,0.36,16607,2037.39,0,0,11.742(14.678%)(0.000m),21.284(18.780%)(0.138m),48.000(42.353%)(3.000m),43.000(37.941%)(2.464m),31.000(38.750%)(1.179m),10.387(25.967%)(0.041m),23.000(57.500%)(1.393m),1129.725,7061.427,59.0,1.3290,"[1.562, 1.458, 0.791, 1.597, 1.693, 0.699]","[3.481, 3.671, 3.282, 3.460, 3.896, 3.257]","[-5.149, -5.763, -5.928, -5.415, -4.788, -5.858]"
553,1,0.9309,0.1727,0.148,371,970,37,85,0.331,70,0.36,16645,1455.53,0,0,36.682(45.852%)(1.787m),69.866(61.647%)(5.343m),58.000(51.177%)(4.071m),42.000(37.059%)(2.357m),19.000(23.750%)(0.000m),26.305(65.763%)(1.747m),10.000(25.000%)(0.000m),1099.932,5565.988,60.5,1.4234,"[1.176, 1.514, 1.555, 1.225, 1.701, 1.599]","[3.006, 3.486, 3.167, 3.047, 3.685, 3.307]","[-4.215, -3.006, -2.873, -3.898, -4.023, -3.161]"
554,1,19.5934,0.6099,0.155,1025,2839,283,71,0.331,100,0.54,16748,4049.86,1,1,18.821(23.526%)(0.000m),39.967(35.265%)(2.139m),61.000(53.824%)(4.393m),31.154(27.489%)(1.195m),14.323(17.903%)(0.000m),13.225(33.063%)(0.346m),10.021(25.053%)(0.002m),1060.976,4955.016,64.1,1.3541,"[0.738, 1.359, 1.248, 0.738, 1.486, 1.179]","[3.185, 3.677, 3.461, 3.190, 3.840, 3.367]","[-5.203, -5.653, -5.114, -4.974, -6.079, -5.603]"
555,1,3.3016,0.6166,0.152,359,950,18,24,0.330,70,0.54,16784,1388.15,0,0,22.697(28.371%)(0.289m),47.681(42.072%)(2.966m),63.000(55.588%)(4.607m),54.000(47.647%)(3.643m),28.000(35.000%)(0.857m),16.007(40.017%)(0.644m),11.000(27.500%)(0.107m),1563.082,5528.013,61.3,1.3392,"[1.434, 1.560, 1.194, 1.469, 1.750, 1.154]","[3.007, 3.348, 3.200, 2.993, 3.700, 3.296]","[-4.601, -4.180, -4.577, -4.669, -4.207, -5.002]"
556,1,-2.2561,0.6281,0.151,511,1390,288,33,0.329,80,0.54,16836,1947.46,0,0,28.000(35.000%)(0.857m),29.000(25.588%)(0.964m),35.000(30.882%)(1.607m),21.572(19.034%)(0.168m),11.764(14.706%)(0.000m),26.000(65.000%)(1.714m),10.278(25.696%)(0.030m),562.293,4781.467,62.9,1.3513,"[-0.082, 0.768, 0.666, -0.129, 0.821, 0.630]","[3.231, 3.377, 3.057, 3.177, 3.524, 3.049]","[-5.929, -7.340, -6.254, -6.151, -5.464, -4.586]"
557,1,1.4423,0.7405,0.136,369,955,19,55,0.329,70,0.54,16873,1431.90,0,0,12.600(15.751%)(0.000m),25.663(22.644%)(0.607m),58.000(51.177%)(4.071m),30.000(26.471%)(1.071m),23.000(28.750%)(0.321m),9.957(24.893%)(0.000m),23.000(57.500%)(1.393m),478.794,5221.413,59.9,1.2888,"[1.285, 1.408, 1.351, 1.260, 1.645, 1.305]","[3.175, 3.219, 3.182, 3.078, 3.528, 3.187]","[-6.798, -7.541, -5.510, -8.762, -5.940, -6.085]"
558,1,-1.9801,0.5937,0.131,275,706,15,0,0.328,60,0.54,16901,1094.95,0,0,10.557(13.196%)(0.000m),16.571(14.622%)(0.000m),29.610(26.126%)(1.030m),50.000(44.118%)(3.214m),36.000(45.000%)(1.714m),11.223(28.058%)(0.131m),40.000(100.000%)(3.214m),1758.937,6552.937,59.4,1.3723,"[1.569, 1.417, 0.973, 1.547, 1.610, 0.967]","[3.171, 3.153, 2.854, 3.276, 3.403, 2.831]","[-5.295, -5.180, -5.352, -5.194, -5.315, -5.099]"
559,1,1.1297,0.5408,0.141,294,761,16,0,0.327,60,0.54,16931,1175.73,0,0,11.477(14.347%)(0.000m),20.804(18.356%)(0.086m),50.632(44.675%)(3.282m),54.000(47.647%)(3.643m),40.000(50.000%)(2.143m),10.152(25.381%)(0.016m),40.000(100.000%)(3.214m),1247.457,5973.063,59.9,1.3428,"[1.627, 1.739, 0.973, 1.627, 1.860, 0.800]","[3.144, 3.325, 3.078, 3.158, 3.515, 3.017]","[-5.264, -5.584, -5.053, -5.266, -4.747, -5.347]"
560,1,0.0758,0.5031,0.146,348,892,29,25,0.327,65,0.54,16966,1335.16,0,0,26.000(32.500%)(0.643m),32.000(28.235%)(1.286m),49.299(43.499%)(3.139m),20.256(17.873%)(0.027m),11.175(13.969%)(0.000m),32.000(80.000%)(2.357m),9.885(24.713%)(0.000m),346.840,4940.946,59.3,1.3967,"[1.011, 1.210, 1.116, 0.989, 1.378, 1.141]","[3.114, 3.273, 3.030, 3.093, 3.522, 2.994]","[-5.215, -5.093, -5.066, -5.135, -5.143, -4.810]"
561,1,1.5454,0.4883,0.143,362,935,93,0,0.326,70,0.53,17003,1335.90,0,0,12.720(15.900%)(0.000m),27.078(23.892%)(0.758m),56.000(49.412%)(3.857m),53.000(46.765%)(3.536m),37.000(46.250%)(1.821m),9.672(24.180%)(0.000m),32.000(80.000%)(2.357m),1652.861,6904.381,59.8,1.3675,"[1.576, 1.475, 0.585, 1.570, 1.673, 0.494]","[3.090, 3.233, 2.944, 3.041, 3.478, 2.875]","[-3.242, -5.328, -5.153, -4.506, -4.904, -5.879]"
562,1,2.2025,0.5390,0.150,487,1259,99,42,0.325,75,0.53,17052,1845.40,0,0,12.991(16.239%)(0.000m),28.182(24.867%)(0.877m),56.000(49.412%)(3.857m),47.000(41.471%)(2.893m),24.000(30.000%)(0.429m),9.751(24.378%)(0.000m),24.000(60.000%)(1.500m),1195.415,6146.524,59.8,1.3419,"[1.511, 1.552, 0.717, 1.512, 1.718, 0.627]","[3.099, 3.477, 3.255, 3.182, 3.663, 3.221]","[-2.214, -3.607, -5.194, -1.860, -3.923, -5.145]"
563,1,-3.9193,0.4038,0.154,378,1089,58,0,0.325,75,0.53,17090,1482.52,0,0,16.659(20.824%)(0.000m),35.807(31.594%)(1.694m),31.500(27.794%)(1.232m),16.858(14.875%)(0.000m),10.473(13.091%)(0.000m),11.676(29.189%)(0.180m),10.732(26.830%)(0.078m),1275.804,4852.202,66.7,1.3230,"[0.467, 0.660, 0.363, 0.562, 0.738, 0.381]","[2.910, 3.333, 3.134, 2.995, 3.512, 3.090]","[-5.034, -4.768, -5.110, -4.702, -5.107, -5.366]"
564,1,-0.8267,0.3726,0.165,302,783,19,0,0.324,65,0.53,17121,1243.34,0,0,11.183(13.978%)(0.000m),19.824(17.492%)(0.000m),45.545(40.187%)(2.737m),53.000(46.765%)(3.536m),33.000(41.250%)(1.393m),10.139(25.347%)(0.015m),40.000(100.000%)(3.214m),2249.560,6321.442,60.0,1.4863,"[1.795, 1.821, 1.532, 1.766, 2.002, 1.462]","[3.101, 3.555, 3.263, 3.085, 3.818, 3.286]","[-5.503, -5.909, -5.103, -5.768, -5.126, -5.724]"
565,1,-3.0806,0.3638,0.150,719,1910,260,186,0.323,90,0.53,17193,2838.06,0,0,16.350(20.438%)(0.000m),24.000(21.177%)(0.429m),26.000(22.941%)(0.643m),29.000(25.588%)(0.964m),11.000(13.750%)(0.000m),11.490(28.724%)(0.160m),11.000(27.500%)(0.107m),261.477,5484.700,61.5,1.3862,"[0.426, 0.499, 0.493, 0.386, 0.703, 0.498]","[3.003, 3.430, 3.177, 3.048, 3.621, 3.248]","[-5.273, -6.218, -6.487, -5.114, -6.609, -6.212]"
566,1,1.2991,0.3869,0.166,625,1693,159,73,0.323,85,0.53,17256,2415.22,0,0,11.000(13.750%)(0.000m),40.146(35.423%)(2.158m),51.000(45.000%)(3.321m),45.000(39.706%)(2.679m),26.000(32.500%)(0.643m),10.000(25.000%)(0.000m),27.000(67.500%)(1.821m),1438.154,5660.785,62.7,1.2937,"[0.996, 1.239, 1.042, 1.017, 1.395, 0.962]","[3.187, 3.501, 3.333, 3.271, 3.797, 3.243]","[-3.528, -1.382, -5.093, -4.120, -1.188, -5.398]"
567,1,-1.1279,0.3867,0.144,293,755,35,6,0.322,60,0.53,17286,1186.51,0,0,32.000(40.000%)(1.286m),44.000(38.824%)(2.571m),33.265(29.352%)(1.421m),17.219(15.194%)(0.000m),10.510(13.138%)(0.000m),40.000(100.000%)(3.214m),10.510(26.276%)(0.055m),880.125,5517.204,59.6,1.4122,"[1.122, 1.588, 1.555, 1.026, 1.673, 1.524]","[3.408, 3.496, 3.251, 3.295, 3.736, 3.232]","[-5.750, -5.455, -5.865, -5.751, -5.626, -5.328]"
568,1,0.2045,0.3611,0.148,408,1051,157,33,0.321,70,0.53,17327,1557.49,0,0,26.000(32.500%)(0.643m),30.000(26.471%)(1.071m),43.000(37.941%)(2.464m),29.399(25.940%)(1.007m),13.601(17.001%)(0.000m),31.000(77.500%)(2.250m),9.620(24.049%)(0.000m),581.231,7757.452,59.6,1.3577,"[-0.090, 0.797, 1.181, -0.147, 0.928, 1.059]","[2.765, 3.457, 3.251, 2.704, 3.732, 3.319]","[-5.097, -6.398, -2.922, -5.132, -5.638, -3.087]"
569,1,-0.7255,0.4349,0.156,340,855,19,0,0.321,65,0.53,17361,1321.59,0,0,37.000(46.250%)(1.821m),53.000(46.765%)(3.536m),57.000(50.294%)(3.964m),25.945(22.893%)(0.637m),12.550(15.687%)(0.000m),40.000(100.000%)(3.214m),9.791(24.478%)(0.000m),2393.325,7425.815,58.2,1.3558,"[1.247, 1.471, 1.630, 1.218, 1.665, 1.655]","[3.027, 3.272, 3.216, 3.002, 3.505, 3.070]","[-5.280, -7.287, -2.862, -5.351, -6.578, -2.627]"
570,1,0.4260,0.3068,0.149,600,1657,152,41,0.320,85,0.53,17421,2298.90,0,0,15.685(19.606%)(0.000m),33.691(29.727%)(1.467m),84.000(74.118%)(6.857m),60.000(52.941%)(4.286m),29.000(36.250%)(0.964m),10.998(27.494%)(0.107m),11.000(27.500%)(0.107m),1356.413,6167.434,63.9,1.3344,"[0.852, 0.948, 0.398, 0.908, 1.117, 0.325]","[2.934, 3.295, 2.965, 2.943, 3.488, 2.984]","[-3.255, -3.274, -5.165, -3.302, -3.097, -5.453]"
571,1,3.4926,0.3716,0.138,529,1480,116,62,0.319,85,0.53,17474,2104.22,0,0,14.925(18.657%)(0.000m),32.376(28.567%)(1.326m),54.000(47.647%)(3.643m),21.000(18.529%)(0.107m),12.000(15.000%)(0.000m),10.449(26.124%)(0.048m),11.000(27.500%)(0.107m),814.425,4777.881,64.7,1.3179,"[0.847, 0.887, 0.562, 0.844, 1.039, 0.486]","[3.131, 3.352, 3.160, 3.147, 3.566, 3.153]","[-6.989, -9.980, -7.196, -6.532, -8.426, -7.681]"
572,1,-2.0283,0.3074,0.142,299,771,32,0,0.319,60,0.52,17504,1196.27,0,0,36.000(45.000%)(1.714m),43.000(37.941%)(2.464m),52.375(46.213%)(3.469m),20.845(18.393%)(0.091m),11.368(14.210%)(0.000m),40.000(100.000%)(3.214m),9.932(24.830%)(0.000m),953.358,5742.965,59.7,1.3350,"[0.598, 1.115, 1.534, 0.573, 1.228, 1.524]","[2.894, 3.283, 3.141, 2.885, 3.530, 3.099]","[-5.228, -6.868, -5.099, -5.342, -6.617, -4.886]"
573,1,-1.1875,0.0772,0.155,307,784,43,0,0.318,60,0.52,17535,1246.67,0,0,12.056(15.070%)(0.000m),23.862(21.054%)(0.414m),48.000(42.353%)(3.000m),42.000(37.059%)(2.357m),37.000(46.250%)(1.821m),9.772(24.430%)(0.000m),40.000(100.000%)(3.214m),1194.033,6169.458,59.1,1.4152,"[1.220, 1.193, 0.655, 1.192, 1.360, 0.564]","[2.830, 3.045, 2.986, 2.831, 3.307, 2.916]","[-7.698, -6.389, -5.411, -7.978, -5.735, -5.484]"
574,1,-0.1520,0.1275,0.141,296,800,91,0,0.318,65,0.52,17565,1145.35,0,0,44.000(55.000%)(2.571m),75.000(66.177%)(5.893m),64.220(56.665%)(4.738m),22.874(20.183%)(0.308m),12.027(15.033%)(0.000m),30.000(75.000%)(2.143m),10.123(25.306%)(0.013m),2431.700,6649.250,62.5,1.3486,"[0.594, 1.651, 1.487, 0.499, 1.743, 1.414]","[3.103, 3.274, 2.769, 3.084, 3.481, 2.757]","[-5.385, -6.699, -4.927, -5.124, -6.483, -5.132]"
575,1,1.4833,0.1323,0.142,237,644,16,8,0.317,60,0.52,17589,901.01,0,0,30.000(37.500%)(1.071m),42.000(37.059%)(2.357m),32.061(28.289%)(1.292m),16.596(14.643%)(0.000m),10.130(12.662%)(0.000m),40.000(100.000%)(3.214m),10.130(25.325%)(0.014m),543.904,4399.423,62.9,1.3336,"[1.074, 1.404, 1.300, 0.991, 1.485, 1.228]","[2.755, 3.246, 3.025, 2.764, 3.485, 3.059]","[-5.246, -5.157, -5.864, -5.283, -5.365, -5.450]"
576,1,-2.6546,0.1498,0.158,372,941,87,32,0.316,65,0.52,17627,1462.55,0,0,27.000(33.750%)(0.750m),32.000(28.235%)(1.286m),37.000(32.647%)(1.821m),21.049(18.573%)(0.112m),11.344(14.180%)(0.000m),40.000(100.000%)(3.214m),9.789(24.472%)(0.000m),425.595,5572.220,58.6,1.3662,"[0.770, 1.380, 1.338, 0.720, 1.531, 1.305]","[3.183, 3.292, 3.137, 3.235, 3.589, 3.127]","[-5.061, -6.001, -5.764, -5.262, -5.432, -5.496]"
577,1,-1.1312,0.1595,0.149,264,692,34,2,0.316,60,0.52,17654,1014.00,0,0,34.000(42.500%)(1.500m),39.000(34.412%)(2.036m),42.208(37.242%)(2.379m),19.330(17.056%)(0.000m),11.136(13.920%)(0.000m),40.000(100.000%)(3.214m),10.348(25.870%)(0.037m),784.030,4633.652,60.6,1.3513,"[0.802, 1.020, 1.393, 0.727, 1.079, 1.354]","[2.858, 3.237, 2.928, 2.909, 3.475, 2.967]","[-5.742, -5.695, -5.660, -5.713, -5.805, -5.463]"
578,1,4.3472,0.3459,0.150,932,2561,170,63,0.315,95,0.52,17748,3584.64,0,0,26.000(32.500%)(0.643m),45.000(39.706%)(2.679m),64.000(56.471%)(4.714m),26.183(23.102%)(0.662m),12.664(15.830%)(0.000m),19.000(47.500%)(0.964m),9.881(24.702%)(0.000m),888.232,4577.159,63.6,1.3097,"[0.673, 1.356, 1.279, 0.718, 1.492, 1.248]","[2.881, 3.245, 3.038, 2.997, 3.452, 3.014]","[-5.221, -8.796, -4.202, -5.564, -7.617, -5.489]"
579,1,-3.7907,0.2892,0.154,968,2580,199,169,0.314,95,0.52,17845,3697.24,0,0,18.000(22.500%)(0.000m),27.000(23.824%)(0.750m),46.000(40.588%)(2.786m),34.691(30.610%)(1.574m),16.174(20.218%)(0.000m),17.000(42.500%)(0.750m),11.339(28.347%)(0.143m),18.530,5450.148,61.7,1.3181,"[0.624, 1.154, 1.085, 0.619, 1.261, 1.024]","[3.649, 3.807, 3.519, 3.618, 3.980, 3.428]","[-5.151, -4.347, -4.681, -5.179, -4.494, -5.878]"
580,1,-0.5738,0.2833,0.164,343,870,19,0,0.314,65,0.52,17880,1345.51,0,0,33.000(41.250%)(1.393m),52.000(45.882%)(3.429m),61.000(53.824%)(4.393m),26.123(23.050%)(0.656m),12.635(15.794%)(0.000m),40.000(100.000%)(3.214m),9.858(24.646%)(0.000m),1481.552,7270.011,58.7,1.3841,"[1.681, 1.968, 2.014, 1.660, 2.150, 1.991]","[3.384, 3.747, 3.552, 3.431, 3.888, 3.421]","[-5.149, -6.528, -3.141, -4.917, -5.360, -3.193]"
581,1,0.8815,0.2864,0.151,373,944,96,36,0.313,65,0.52,17918,1426.41,0,0,24.000(30.000%)(0.429m),29.000(25.588%)(0.964m),38.000(33.530%)(1.929m),19.328(17.054%)(0.000m),11.020(13.774%)(0.000m),33.000(82.500%)(2.464m),10.114(25.286%)(0.012m),241.050,4866.032,58.6,1.2403,"[1.056, 1.473, 1.583, 0.937, 1.614, 1.504]","[3.078, 3.519, 3.295, 2.997, 3.802, 3.371]","[-5.343, -5.281, -5.538, -5.596, -4.955, -5.366]"
582,1,5.7617,0.3624,0.152,711,1910,136,66,0.312,90,0.52,17990,2771.27,0,0,19.927(24.909%)(0.000m),38.000(33.530%)(1.929m),52.000(45.882%)(3.429m),45.000(39.706%)(2.679m),29.000(36.250%)(0.964m),14.038(35.096%)(0.433m),24.000(60.000%)(1.500m),1190.766,6745.166,62.2,1.3204,"[1.365, 1.348, 0.978, 1.341, 1.462, 0.876]","[3.285, 3.509, 3.156, 3.328, 3.712, 3.159]","[-1.313, -1.869, -5.181, -1.134, -2.466, -5.180]"
583,1,1.4839,0.4865,0.164,487,1349,177,76,0.312,80,0.51,18039,1872.44,0,0,30.000(37.500%)(1.071m),43.000(37.941%)(2.464m),23.000(20.294%)(0.321m),20.000(17.647%)(0.000m),16.601(20.751%)(0.000m),20.000(50.000%)(1.071m),11.648(29.119%)(0.177m),0.000,4211.918,64.1,1.3842,"[0.706, 1.483, 1.276, 0.649, 1.518, 1.205]","[3.145, 3.435, 3.161, 3.070, 3.646, 3.190]","[-5.043, -6.133, -6.558, -4.846, -4.759, -5.997]"
584,1,3.2669,0.6843,0.151,412,1136,83,74,0.311,75,0.51,18081,1597.07,0,0,12.740(15.925%)(0.000m),27.174(23.977%)(0.769m),70.000(61.765%)(5.357m),41.000(36.177%)(2.250m),20.000(25.000%)(0.000m),9.688(24.219%)(0.000m),20.000(50.000%)(1.071m),544.240,5228.765,63.8,1.3938,"[1.629, 1.672, 1.240, 1.594, 1.842, 1.139]","[3.516, 3.550, 3.110, 3.554, 3.843, 3.203]","[-2.929, -5.842, -4.945, -3.534, -3.948, -6.684]"
585,1,-0.0333,0.7604,0.160,472,1330,105,13,0.311,80,0.51,18129,1838.25,0,0,29.000(36.250%)(0.964m),18.000(15.882%)(0.000m),26.000(22.941%)(0.643m),41.000(36.177%)(2.250m),19.700(24.625%)(0.000m),27.000(67.500%)(1.821m),13.852(34.630%)(0.413m),649.668,3923.816,65.2,1.3777,"[0.709, 1.192, 1.149, 0.650, 1.330, 1.118]","[3.147, 3.377, 3.076, 3.136, 3.564, 3.129]","[-5.080, -5.517, -4.791, -5.108, -3.941, -4.437]"
586,1,3.0510,0.7752,0.146,341,930,70,9,0.310,70,0.51,18164,1301.90,0,0,30.000(37.500%)(1.071m),43.000(37.941%)(2.464m),55.000(48.530%)(3.750m),26.561(23.437%)(0.703m),12.650(15.812%)(0.000m),28.000(70.000%)(1.929m),9.744(24.359%)(0.000m),564.951,4861.648,63.1,1.3366,"[0.563, 1.733, 1.665, 0.511, 1.866, 1.604]","[3.106, 3.293, 3.166, 3.115, 3.499, 3.077]","[-5.320, -8.289, -4.424, -5.125, -7.236, -5.482]"
587,1,1.3376,0.8014,0.155,310,874,103,0,0.309,70,0.51,18195,1182.49,0,0,39.000(48.750%)(2.036m),52.000(45.882%)(3.429m),74.000(65.294%)(5.786m),25.897(22.850%)(0.632m),12.526(15.658%)(0.000m),30.000(75.000%)(2.143m),9.773(24.432%)(0.000m),779.436,4380.217,65.3,1.3152,"[0.269, 1.290, 1.454, 0.214, 1.315, 1.339]","[2.696, 3.154, 2.960, 2.740, 3.412, 3.067]","[-5.268, -6.600, -3.014, -5.004, -5.415, -4.044]"
588,1,1.5555,0.8500,0.151,427,1222,107,13,0.309,80,0.51,18238,1654.72,0,0,16.069(20.086%)(0.000m),29.000(25.588%)(0.964m),58.000(51.177%)(4.071m),67.000(59.118%)(5.036m),33.000(41.250%)(1.393m),11.260(28.149%)(0.135m),23.000(57.500%)(1.393m),35.769,5038.565,66.2,1.3598,"[1.170, 1.148, 0.266, 1.189, 1.340, 0.222]","[3.027, 3.238, 2.895, 3.120, 3.483, 3.005]","[-2.499, -4.952, -5.073, -2.953, -4.658, -5.472]"
589,1,-7.1404,0.7376,0.165,839,2222,55,278,0.308,90,0.51,18322,3288.25,0,0,12.384(15.479%)(0.000m),25.221(22.254%)(0.559m),63.937(56.415%)(4.708m),41.000(36.177%)(2.250m),30.000(37.500%)(1.071m),9.786(24.465%)(0.000m),16.000(40.000%)(0.643m),1403.616,8631.857,61.3,1.3096,"[0.879, 0.817, 0.545, 0.920, 0.925, 0.496]","[3.111, 3.437, 3.125, 3.113, 3.768, 3.154]","[-4.401, -6.179, -5.375, -4.522, -5.471, -5.340]"
590,1,-1.4024,0.7373,0.156,542,1450,191,27,0.308,80,0.51,18377,2064.32,0,0,10.682(13.352%)(0.000m),17.825(15.728%)(0.000m),35.721(31.519%)(1.684m),31.250(27.573%)(1.205m),14.503(18.129%)(0.000m),10.424(26.060%)(0.045m),10.165(25.412%)(0.018m),1419.248,6119.295,61.9,1.3206,"[0.385, 0.797, 0.698, 0.301, 0.921, 0.598]","[3.325, 3.601, 3.301, 3.323, 3.894, 3.353]","[-5.451, -5.769, -5.428, -5.355, -6.297, -5.436]"
591,1,1.5786,0.7849,0.168,271,727,20,0,0.307,60,0.51,18405,1087.32,0,0,11.194(13.993%)(0.000m),20.064(17.704%)(0.007m),47.399(41.823%)(2.936m),47.000(41.471%)(2.893m),33.000(41.250%)(1.393m),10.025(25.063%)(0.003m),31.000(77.500%)(2.250m),1386.483,5336.891,62.1,1.3336,"[1.655, 1.737, 1.327, 1.610, 1.928, 1.298]","[2.993, 3.503, 3.131, 3.010, 3.823, 3.214]","[-7.373, -6.512, -5.231, -8.178, -4.758, -5.307]"
592,1,0.0998,0.7504,0.162,344,918,44,12,0.306,70,0.51,18440,1336.72,0,0,28.000(35.000%)(0.857m),54.000(47.647%)(3.643m),63.000(55.588%)(4.607m),28.272(24.946%)(0.886m),13.037(16.297%)(0.000m),29.000(72.500%)(2.036m),9.659(24.148%)(0.000m),979.405,5996.588,61.7,1.3220,"[0.729, 1.618, 1.630, 0.719, 1.753, 1.611]","[3.222, 3.638, 3.284, 3.220, 3.839, 3.254]","[-5.558, -5.642, -0.894, -5.213, -5.316, -1.854]"
593,1,2.5072,0.8375,0.148,298,792,14,13,0.306,65,0.51,18470,1174.14,0,0,30.000(37.500%)(1.071m),45.000(39.706%)(2.679m),59.000(52.059%)(4.179m),24.522(21.637%)(0.484m),12.216(15.271%)(0.000m),28.000(70.000%)(1.929m),9.777(24.443%)(0.000m),1199.191,5218.188,61.5,1.2393,"[1.327, 1.636, 1.655, 1.290, 1.798, 1.612]","[3.047, 3.411, 3.174, 3.130, 3.743, 3.244]","[-5.001, -6.138, -3.832, -5.294, -5.695, -4.431]"
594,1,-2.5029,0.7880,0.155,694,1843,269,151,0.305,85,0.51,18540,2661.81,0,0,14.000(17.500%)(0.000m),29.000(25.588%)(0.964m),30.000(26.471%)(1.071m),27.000(23.824%)(0.750m),20.022(25.028%)(0.002m),10.000(25.000%)(0.000m),14.150(35.376%)(0.445m),245.547,5722.779,61.4,1.3296,"[0.601, 0.862, 0.719, 0.584, 1.004, 0.630]","[3.114, 3.567, 3.251, 3.094, 3.652, 3.317]","[-4.784, -4.825, -4.639, -4.736, -4.378, -5.236]"
595,1,2.1189,0.7952,0.175,343,907,53,19,0.304,70,0.50,18575,1339.00,0,0,28.000(35.000%)(0.857m),36.000(31.765%)(1.714m),47.000(41.471%)(2.893m),22.411(19.774%)(0.258m),11.932(14.914%)(0.000m),26.000(65.000%)(1.714m),10.168(25.421%)(0.018m),543.326,5063.141,61.2,1.3384,"[1.302, 1.759, 1.587, 1.276, 1.908, 1.541]","[3.292, 3.581, 3.162, 3.351, 3.782, 3.167]","[-5.949, -5.686, -4.685, -5.552, -5.382, -5.149]"
596,1,-1.7412,0.6810,0.163,351,957,39,0,0.304,70,0.50,18611,1380.61,0,0,36.000(45.000%)(1.714m),56.000(49.412%)(3.857m),49.129(43.349%)(3.121m),20.187(17.812%)(0.020m),11.137(13.921%)(0.000m),25.000(62.500%)(1.607m),9.851(24.627%)(0.000m),1575.424,5870.339,63.1,1.2840,"[1.213, 1.724, 1.635, 1.223, 1.891, 1.682]","[3.085, 3.424, 3.172, 3.054, 3.607, 3.294]","[-5.385, -5.669, -5.150, -5.502, -5.310, -4.982]"
597,1,3.6980,0.7221,0.148,479,1250,142,34,0.303,75,0.50,18659,1864.42,0,0,12.480(15.599%)(0.000m),25.801(22.765%)(0.621m),62.000(54.706%)(4.500m),31.000(27.353%)(1.179m),26.000(32.500%)(0.643m),9.737(24.341%)(0.000m),25.000(62.500%)(1.607m),619.703,6697.862,60.4,1.2985,"[1.499, 1.664, 1.189, 1.479, 1.816, 1.094]","[2.814, 3.147, 3.086, 2.862, 3.361, 2.977]","[-5.771, -5.943, -5.580, -7.486, -4.905, -5.994]"
598,1,-1.4240,0.6797,0.157,443,1215,168,2,0.303,75,0.50,18704,1750.33,0,0,9.639(12.048%)(0.000m),13.590(11.991%)(0.000m),20.670(18.238%)(0.072m),36.429(32.144%)(1.760m),17.017(21.271%)(0.000m),12.354(30.885%)(0.252m),11.939(29.848%)(0.208m),1070.000,4931.810,63.5,1.4583,"[0.373, 1.015, 0.836, 0.321, 1.120, 0.777]","[2.831, 3.286, 3.023, 2.936, 3.532, 3.132]","[-5.716, -5.133, -5.601, -5.160, -6.183, -5.500]"
599,1,0.8503,0.6832,0.151,400,1108,113,15,0.302,75,0.50,18744,1517.96,0,0,12.461(15.577%)(0.000m),25.763(22.732%)(0.617m),51.000(45.000%)(3.321m),38.000(33.530%)(1.929m),28.000(35.000%)(0.857m),9.722(24.306%)(0.000m),28.000(70.000%)(1.929m),682.111,4048.411,64.1,1.3478,"[1.137, 1.087, 0.416, 1.179, 1.307, 0.340]","[2.815, 3.368, 3.124, 2.872, 3.624, 3.144]","[-2.106, -5.800, -5.408, -2.707, -4.269, -5.749]"
600,1,1.0946,0.6651,0.145,434,1236,173,15,0.301,80,0.50,18788,1663.05,0,0,33.000(41.250%)(1.393m),52.000(45.882%)(3.429m),40.000(35.294%)(2.143m),24.000(21.177%)(0.429m),16.979(21.224%)(0.000m),29.000(72.500%)(2.036m),11.907(29.767%)(0.204m),0.000,3932.248,65.9,1.4006,"[0.056, 1.477, 1.482, -0.030, 1.562, 1.381]","[3.463, 3.407, 3.027, 3.553, 3.689, 3.036]","[-5.324, -4.918, -5.128, -4.928, -4.082, -4.411]"
601,1,2.7385,0.7029,0.156,335,858,53,0,0.301,65,0.50,18822,1346.77,0,0,12.131(15.164%)(0.000m),23.372(20.623%)(0.361m),50.000(44.118%)(3.214m),42.000(37.059%)(2.357m),34.000(42.500%)(1.500m),10.084(25.209%)(0.009m),40.000(100.000%)(3.214m),1133.660,5701.337,59.3,1.3533,"[1.772, 1.819, 1.420, 1.767, 1.996, 1.362]","[3.176, 3.484, 3.202, 3.233, 3.748, 3.252]","[-5.811, -5.972, -5.553, -5.784, -5.401, -5.656]"
602,1,0.9948,0.6963,0.148,289,765,21,16,0.300,65,0.50,18851,1125.48,0,0,13.649(17.061%)(0.000m),29.354(25.900%)(1.002m),70.000(61.765%)(5.357m),41.000(36.177%)(2.250m),27.000(33.750%)(0.750m),9.604(24.010%)(0.000m),40.000(100.000%)(3.214m),530.984,5801.502,61.2,1.2937,"[1.730, 1.420, 1.117, 1.628, 1.585, 1.007]","[3.299, 3.489, 3.442, 3.394, 3.702, 3.404]","[-2.595, -6.007, -5.170, -3.131, -4.974, -5.671]"
603,1,-6.6233,0.5452,0.161,608,1608,318,0,0.300,85,0.50,18912,2341.52,0,0,11.368(14.210%)(0.000m),20.606(18.182%)(0.065m),37.000(32.647%)(1.821m),32.655(28.813%)(1.356m),15.177(18.972%)(0.000m),10.056(25.140%)(0.006m),10.640(26.599%)(0.069m),664.627,5576.010,61.2,1.3791,"[-0.341, 0.736, 0.778, -0.450, 0.935, 0.666]","[3.234, 3.580, 3.090, 3.291, 3.766, 3.027]","[-5.034, -5.908, -5.233, -5.030, -4.897, -5.153]"
604,1,15.9852,0.4730,0.170,994,2775,239,39,0.299,100,0.66,19012,3945.34,1,1,22.721(28.401%)(0.292m),46.000(40.588%)(2.786m),53.000(46.765%)(3.536m),33.991(29.992%)(1.499m),15.773(19.716%)(0.000m),16.060(40.150%)(0.649m),11.059(27.648%)(0.113m),1033.333,4922.306,64.6,1.3602,"[1.177, 1.607, 1.393, 1.162, 1.751, 1.393]","[3.291, 3.719, 3.419, 3.260, 3.849, 3.524]","[-5.106, -2.949, -4.229, -4.962, -3.298, -4.385]"
605,1,6.8345,0.5437,0.163,895,2455,138,140,0.298,95,0.66,19102,3472.90,0,0,24.000(30.000%)(0.429m),42.000(37.059%)(2.357m),55.000(48.530%)(3.750m),23.363(20.614%)(0.360m),12.126(15.158%)(0.000m),17.000(42.500%)(0.750m),10.079(25.198%)(0.009m),692.326,4929.972,63.5,1.3183,"[1.048, 1.454, 1.346, 1.056, 1.601, 1.344]","[3.355, 3.677, 3.370, 3.330, 3.973, 3.360]","[-4.975, -5.689, -4.849, -5.051, -5.388, -5.072]"
606,1,1.6602,0.6220,0.154,279,714,14,0,0.298,60,0.66,19130,1135.76,0,0,40.000(50.000%)(2.143m),52.000(45.882%)(3.429m),25.761(22.730%)(0.617m),15.182(13.396%)(0.000m),9.980(12.475%)(0.000m),40.000(100.000%)(3.214m),11.144(27.861%)(0.123m),1319.700,6492.314,59.2,1.3759,"[1.598, 1.976, 1.874, 1.555, 2.094, 1.859]","[3.378, 3.614, 3.395, 3.401, 3.877, 3.428]","[-5.267, -5.395, -5.623, -5.377, -5.252, -5.606]"
607,1,-0.6897,0.5794,0.152,278,723,13,0,0.297,60,0.66,19158,1081.21,0,0,39.000(48.750%)(2.036m),55.000(48.530%)(3.750m),70.000(61.765%)(5.357m),24.919(21.987%)(0.527m),12.414(15.518%)(0.000m),40.000(100.000%)(3.214m),9.936(24.839%)(0.000m),1137.610,6190.362,60.2,1.2901,"[0.848, 1.640, 1.807, 0.859, 1.816, 1.810]","[3.157, 3.417, 3.216, 3.245, 3.712, 3.231]","[-5.303, -7.767, -4.711, -5.453, -7.589, -5.060]"
608,1,2.1183,0.6613,0.150,346,931,70,15,0.297,70,0.66,19193,1364.08,0,0,12.108(15.135%)(0.000m),23.029(20.320%)(0.325m),63.000(55.588%)(4.607m),45.000(39.706%)(2.679m),28.000(35.000%)(0.857m),10.191(25.477%)(0.020m),30.000(75.000%)(2.143m),980.228,4901.121,62.3,1.3467,"[1.527, 1.564, 0.893, 1.508, 1.714, 0.795]","[3.045, 3.469, 3.229, 2.894, 3.680, 3.162]","[-6.061, -5.346, -5.107, -6.324, -4.702, -5.313]"
609,1,1.2251,0.6633,0.148,1031,2813,201,111,0.296,95,0.66,19297,4047.30,0,0,20.895(26.118%)(0.096m),43.851(38.692%)(2.555m),32.076(28.303%)(1.294m),16.889(14.902%)(0.000m),10.401(13.002%)(0.000m),14.755(36.889%)(0.510m),10.529(26.323%)(0.057m),385.168,5661.294,63.2,1.3337,"[0.875, 1.239, 1.067, 0.857, 1.365, 1.019]","[3.319, 3.479, 3.244, 3.309, 3.713, 3.324]","[-5.520, -5.162, -5.857, -5.395, -4.897, -5.640]"
610,1,1.4096,0.6899,0.141,316,856,55,0,0.295,65,0.66,19329,1259.85,0,0,35.000(43.750%)(1.607m),54.000(47.647%)(3.643m),75.000(66.177%)(5.893m),29.131(25.704%)(0.978m),13.337(16.672%)(0.000m),31.000(77.500%)(2.250m),9.625(24.063%)(0.000m),1268.977,5496.547,62.7,1.4744,"[0.556, 1.692, 1.705, 0.538, 1.770, 1.685]","[3.196, 3.393, 3.289, 3.164, 3.684, 3.315]","[-5.272, -5.783, -0.056, -4.984, -5.747, -1.038]"
611,1,-3.7105,0.5848,0.154,113,311,16,0,0.295,40,0.65,19341,430.79,0,0,10.785(13.481%)(0.000m),18.916(16.690%)(0.000m),42.335(37.354%)(2.393m),99.000(87.353%)(8.464m),76.230(95.288%)(6.025m),9.899(24.747%)(0.000m),40.000(100.000%)(3.214m),3290.233,6603.525,63.7,1.2749,"[0.678, 0.408, -0.176, 0.655, 0.637, -0.347]","[2.935, 3.578, 3.173, 3.004, 3.866, 3.226]","[-5.515, -6.146, -6.077, -5.318, -5.691, -5.898]"
612,1,1.9705,0.5802,0.157,314,803,44,7,0.294,65,0.65,19373,1259.94,0,0,32.000(40.000%)(1.286m),42.000(37.059%)(2.357m),29.633(26.146%)(1.032m),16.349(14.426%)(0.000m),10.330(12.913%)(0.000m),40.000(100.000%)(3.214m),10.848(27.120%)(0.091m),769.195,5731.570,59.2,1.3599,"[1.351, 1.743, 1.766, 1.264, 1.864, 1.697]","[3.112, 3.447, 3.314, 3.083, 3.637, 3.272]","[-5.399, -5.984, -5.792, -5.347, -5.840, -5.851]"
613,1,-5.5505,0.5475,0.167,122,323,35,0,0.294,40,0.65,19386,462.60,0,0,78.639(98.299%)(6.283m),107.000(94.412%)(9.321m),106.987(94.401%)(9.320m),27.263(24.056%)(0.778m),12.875(16.094%)(0.000m),40.000(100.000%)(3.214m),9.790(24.476%)(0.000m),6249.040,10967.015,61.3,1.3687,"[-1.549, 0.818, 1.428, -1.557, 1.065, 1.410]","[3.024, 3.414, 3.162, 3.128, 3.657, 3.211]","[-5.482, -7.383, -3.888, -5.444, -6.024, -4.482]"
614,1,14.9668,0.8634,0.163,907,2588,184,60,0.293,100,0.81,19477,3499.03,1,1,28.000(35.000%)(0.857m),50.000(44.118%)(3.214m),62.000(54.706%)(4.500m),33.317(29.397%)(1.427m),15.537(19.422%)(0.000m),20.000(50.000%)(1.071m),10.898(27.246%)(0.096m),634.479,4401.346,66.0,1.3821,"[0.310, 1.265, 1.148, 0.336, 1.384, 1.089]","[3.041, 3.457, 3.246, 3.013, 3.680, 3.223]","[-5.067, -3.639, -4.077, -4.847, -3.734, -4.523]"
615,1,0.8909,0.9428,0.159,1019,2723,201,162,0.293,95,0.81,19579,3996.61,0,0,22.000(27.500%)(0.214m),39.000(34.412%)(2.036m),52.300(46.147%)(3.461m),20.815(18.367%)(0.087m),11.352(14.190%)(0.000m),19.000(47.500%)(0.964m),9.918(24.794%)(0.000m),731.395,5206.512,61.8,1.3549,"[0.619, 1.259, 1.280, 0.661, 1.445, 1.272]","[3.131, 3.613, 3.491, 3.227, 3.891, 3.487]","[-5.623, -5.926, -5.194, -5.297, -5.432, -5.212]"
616,1,-2.7431,0.8620,0.150,665,1929,147,96,0.292,95,0.81,19646,2589.49,0,0,19.000(23.750%)(0.000m),27.000(23.824%)(0.750m),31.000(27.353%)(1.179m),21.000(18.529%)(0.107m),29.000(36.250%)(0.964m),14.000(35.000%)(0.429m),27.000(67.500%)(1.821m),0.000,3915.048,67.1,1.3695,"[0.562, 0.547, 0.172, 0.438, 0.714, 0.063]","[3.193, 3.775, 3.474, 3.189, 4.043, 3.495]","[-5.274, -5.601, -5.243, -4.376, -7.372, -5.209]"
617,1,2.6242,0.9370,0.147,265,731,15,21,0.291,65,0.81,19673,1035.93,0,0,26.000(32.500%)(0.643m),36.000(31.765%)(1.714m),40.803(36.002%)(2.229m),19.126(16.876%)(0.000m),11.132(13.915%)(0.000m),24.000(60.000%)(1.500m),10.471(26.178%)(0.050m),338.716,4276.866,63.9,1.2717,"[1.238, 1.735, 1.579, 1.120, 1.886, 1.550]","[3.171, 3.604, 3.265, 3.175, 3.872, 3.334]","[-5.466, -5.527, -5.392, -5.313, -5.280, -5.185]"
618,1,2.4034,0.9810,0.138,276,707,19,19,0.291,60,0.81,19701,1013.77,0,0,25.000(31.250%)(0.536m),20.000(17.647%)(0.000m),25.000(22.059%)(0.536m),112.389(99.167%)(9.899m),54.362(67.952%)(3.682m),40.000(100.000%)(3.214m),39.510(98.774%)(3.162m),0.000,4846.444,59.3,1.2690,"[1.760, 1.832, 1.605, 1.639, 1.957, 1.451]","[3.251, 3.411, 3.249, 3.348, 3.839, 3.294]","[-6.312, -4.014, -5.139, -7.341, -3.699, -4.347]"
619,1,-0.1198,0.9931,0.156,307,792,43,0,0.290,65,0.81,19732,1199.62,0,0,40.000(50.000%)(2.143m),43.000(37.941%)(2.464m),58.000(51.177%)(4.071m),28.067(24.765%)(0.864m),12.938(16.172%)(0.000m),40.000(100.000%)(3.214m),9.711(24.278%)(0.000m),1507.887,6275.644,59.7,1.3314,"[0.420, 1.453, 1.680, 0.430, 1.576, 1.671]","[3.067, 3.450, 3.147, 3.150, 3.750, 3.126]","[-5.323, -4.813, 0.305, -5.196, -5.425, 0.042]"
620,1,15.0420,1.2855,0.144,884,2537,244,87,0.290,100,0.97,19821,3436.68,1,1,14.762(18.453%)(0.000m),31.000(27.353%)(1.179m),66.000(58.235%)(4.929m),35.569(31.384%)(1.668m),16.557(20.696%)(0.000m),10.348(25.869%)(0.037m),11.608(29.020%)(0.172m),456.278,4327.716,66.4,1.3148,"[0.620, 1.112, 0.667, 0.633, 1.279, 0.670]","[3.146, 3.388, 3.145, 3.138, 3.520, 3.179]","[-5.081, -4.313, -5.414, -4.941, -4.398, -5.458]"
621,1,6.4356,1.3443,0.153,843,2404,218,86,0.289,95,0.97,19906,3297.46,0,0,23.000(28.750%)(0.321m),39.000(34.412%)(2.036m),47.000(41.471%)(2.893m),24.246(21.394%)(0.455m),12.251(15.313%)(0.000m),16.000(40.000%)(0.643m),9.930(24.824%)(0.000m),429.129,3733.259,66.0,1.3408,"[0.293, 1.153, 1.257, 0.304, 1.300, 1.207]","[2.895, 3.331, 3.036, 2.987, 3.614, 3.144]","[-5.691, -7.021, -6.654, -5.545, -6.036, -6.696]"
622,1,-0.9918,1.3651,0.146,613,1642,170,53,0.288,85,0.96,19968,2367.70,0,0,26.000(32.500%)(0.643m),30.000(26.471%)(1.071m),65.000(57.353%)(4.821m),24.000(21.177%)(0.429m),13.000(16.250%)(0.000m),28.000(70.000%)(1.929m),9.997(24.993%)(0.000m),611.543,7774.896,62.0,1.3436,"[0.427, 0.868, 0.661, 0.450, 0.966, 0.706]","[2.853, 3.349, 3.169, 2.998, 3.629, 3.176]","[-5.410, -5.189, -5.886, -5.166, -5.043, -4.967]"
623,1,-1.2198,1.3644,0.150,299,757,37,0,0.288,60,0.96,19998,1157.36,0,0,37.000(46.250%)(1.821m),45.000(39.706%)(2.679m),47.445(41.864%)(2.941m),20.084(17.721%)(0.009m),11.205(14.006%)(0.000m),40.000(100.000%)(3.214m),10.035(25.087%)(0.004m),1058.371,6631.140,58.6,1.3571,"[1.272, 1.627, 1.775, 1.215, 1.732, 1.759]","[3.386, 3.635, 3.370, 3.393, 3.863, 3.470]","[-5.638, -5.171, -4.990, -5.580, -5.132, -5.029]"
624,1,9.1088,1.5496,0.153,918,2586,90,9,0.287,95,0.96,20090,3592.94,0,0,30.000(37.500%)(1.071m),52.000(45.882%)(3.429m),62.000(54.706%)(4.500m),29.715(26.219%)(1.041m),13.631(17.038%)(0.000m),22.000(55.000%)(1.286m),9.629(24.073%)(0.000m),1236.907,6933.620,65.2,1.3424,"[0.869, 1.240, 1.208, 0.895, 1.399, 1.211]","[3.240, 3.625, 3.224, 3.253, 3.871, 3.409]","[-5.190, -6.761, -2.741, -5.109, -6.012, -3.535]"
625,1,2.5978,1.5719,0.144,455,1281,194,21,0.287,80,0.96,20136,1680.80,0,0,31.000(38.750%)(1.179m),20.000(17.647%)(0.000m),19.000(16.765%)(0.000m),20.000(17.647%)(0.000m),19.156(23.945%)(0.000m),25.000(62.500%)(1.607m),13.474(33.685%)(0.372m),0.000,4075.073,65.1,1.2701,"[0.662, 1.117, 1.156, 0.557, 1.264, 1.115]","[2.955, 3.302, 3.101, 2.956, 3.606, 3.160]","[-5.322, -4.341, -2.784, -5.152, -4.325, -3.557]"
626,1,1.3784,1.6526,0.142,325,842,17,29,0.286,65,0.96,20169,1256.62,0,0,27.000(33.750%)(0.750m),39.000(34.412%)(2.036m),60.000(52.941%)(4.286m),28.714(25.336%)(0.934m),13.208(16.511%)(0.000m),40.000(100.000%)(3.214m),9.659(24.147%)(0.000m),737.717,5973.331,60.0,1.2876,"[0.946, 1.430, 1.318, 0.910, 1.616, 1.292]","[3.045, 3.279, 3.070, 3.085, 3.554, 3.014]","[-5.469, -6.888, -4.406, -5.387, -6.034, -4.615]"
627,1,-1.2289,1.6506,0.160,281,720,19,0,0.286,60,0.96,20198,1121.22,0,0,37.000(46.250%)(1.821m),49.000(43.235%)(3.107m),33.385(29.457%)(1.434m),17.281(15.248%)(0.000m),10.548(13.185%)(0.000m),40.000(100.000%)(3.214m),10.548(26.371%)(0.059m),922.160,5781.965,59.3,1.4192,"[1.210, 1.493, 1.394, 1.173, 1.629, 1.399]","[3.113, 3.323, 3.230, 3.174, 3.625, 3.294]","[-5.534, -5.015, -5.255, -5.473, -5.262, -5.245]"
628,1,-0.8713,1.5462,0.139,199,508,16,0,0.285,50,0.96,20218,808.04,0,0,66.000(82.500%)(4.929m),68.000(60.000%)(5.143m),51.267(45.236%)(3.350m),21.065(18.587%)(0.114m),11.621(14.527%)(0.000m),40.000(100.000%)(3.214m),10.280(25.699%)(0.030m),2420.075,7895.871,59.1,1.3794,"[0.647, 1.018, 1.355, 0.609, 1.078, 1.275]","[2.586, 3.200, 2.956, 2.728, 3.400, 2.971]","[-5.891, -5.558, -5.098, -5.839, -5.526, -5.411]"
629,1,0.2263,1.6266,0.154,622,1678,88,87,0.284,85,0.95,20281,2400.28,0,0,16.872(21.090%)(0.000m),32.000(28.235%)(1.286m),32.000(28.235%)(1.286m),17.000(15.000%)(0.000m),11.000(13.750%)(0.000m),11.879(29.696%)(0.201m),16.797(41.993%)(0.728m),569.510,4746.943,62.4,1.3351,"[1.045, 0.904, 0.476, 1.080, 1.049, 0.537]","[2.901, 3.359, 3.088, 3.012, 3.592, 3.100]","[-6.114, -6.717, -7.886, -5.592, -5.872, -6.330]"
630,1,0.7458,1.6530,0.149,492,1376,214,36,0.284,80,0.95,20331,1844.23,0,0,23.000(28.750%)(0.321m),16.000(14.118%)(0.000m),26.000(22.941%)(0.643m),29.000(25.588%)(0.964m),14.307(17.884%)(0.000m),29.000(72.500%)(2.036m),10.017(25.042%)(0.002m),211.102,4168.707,64.7,1.3324,"[0.143, 1.121, 1.064, 0.014, 1.255, 0.971]","[3.065, 3.505, 3.133, 3.096, 3.677, 3.056]","[-5.332, -5.974, -6.098, -6.312, -5.202, -5.892]"
631,1,-0.0268,1.6348,0.163,318,798,24,33,0.283,60,0.95,20363,1244.84,0,0,51.544(64.429%)(3.380m),81.000(71.471%)(6.536m),27.000(23.824%)(0.750m),21.000(18.529%)(0.107m),24.000(30.000%)(0.429m),40.000(100.000%)(3.214m),40.000(100.000%)(3.214m),0.000,4065.140,58.1,1.3008,"[1.249, 1.579, 1.552, 1.291, 1.737, 1.540]","[3.487, 3.592, 3.309, 3.553, 3.838, 3.353]","[-4.458, -1.991, -5.451, -3.531, -1.540, -3.075]"
632,1,2.9862,1.5793,0.163,454,1277,225,11,0.283,80,0.95,20409,1681.04,0,0,38.000(47.500%)(1.929m),20.000(17.647%)(0.000m),20.000(17.647%)(0.000m),37.263(32.879%)(1.850m),17.452(21.815%)(0.000m),28.000(70.000%)(1.929m),12.244(30.611%)(0.240m),0.000,4914.565,65.1,1.2845,"[0.855, 1.402, 1.394, 0.744, 1.578, 1.409]","[3.141, 3.478, 3.453, 3.198, 3.733, 3.459]","[-4.898, -5.067, -3.404, -4.933, -5.090, -2.843]"
633,1,-4.7645,1.4543,0.157,238,602,28,0,0.282,55,0.95,20433,905.61,0,0,53.631(67.038%)(3.603m),57.000(50.294%)(3.964m),45.866(40.470%)(2.771m),19.964(17.615%)(0.000m),11.261(14.076%)(0.000m),39.069(97.673%)(3.115m),10.210(25.525%)(0.022m),2102.148,7621.440,58.5,1.2079,"[1.290, 1.358, 1.317, 1.323, 1.517, 1.308]","[3.297, 3.849, 3.449, 3.378, 4.091, 3.500]","[-5.770, -5.400, -5.142, -5.640, -5.241, -5.408]"
634,1,1.5717,1.4204,0.175,511,1403,179,44,0.282,80,0.95,20485,1975.14,0,0,27.000(33.750%)(0.750m),45.000(39.706%)(2.679m),35.000(30.882%)(1.607m),28.000(24.706%)(0.857m),15.367(19.209%)(0.000m),25.000(62.500%)(1.607m),10.769(26.923%)(0.082m),33.510,4520.358,63.5,1.3496,"[1.105, 1.891, 1.956, 1.051, 2.018, 1.888]","[3.460, 3.989, 3.705, 3.478, 4.278, 3.712]","[-4.938, -3.885, -1.868, -4.711, -3.483, -1.929]"
635,1,2.2177,1.4655,0.170,304,794,29,0,0.281,65,0.94,20516,1163.44,0,0,33.000(41.250%)(1.393m),50.000(44.118%)(3.214m),58.000(51.177%)(4.071m),23.449(20.691%)(0.370m),12.011(15.014%)(0.000m),40.000(100.000%)(3.214m),9.859(24.647%)(0.000m),1284.062,5316.633,60.4,1.3055,"[1.496, 2.098, 2.115, 1.458, 2.184, 2.057]","[3.521, 3.932, 3.514, 3.597, 4.115, 3.495]","[-6.009, -7.213, -6.562, -5.884, -6.242, -6.444]"
636,1,2.0433,1.4453,0.146,362,1042,129,3,0.280,75,0.94,20553,1414.70,0,0,31.000(38.750%)(1.179m),51.000(45.000%)(3.321m),63.000(55.588%)(4.607m),24.284(21.427%)(0.459m),12.098(15.122%)(0.000m),31.000(77.500%)(2.250m),9.682(24.206%)(0.000m),1169.876,4643.510,66.6,1.4289,"[-0.022, 1.599, 1.683, -0.118, 1.786, 1.671]","[3.190, 3.645, 3.453, 3.151, 3.961, 3.490]","[-4.973, -6.213, -6.255, -4.771, -5.055, -4.933]"
637,1,2.2073,1.4627,0.157,866,2364,155,107,0.280,95,0.94,20640,3337.25,0,0,22.000(27.500%)(0.214m),20.000(17.647%)(0.000m),21.000(18.529%)(0.107m),23.000(20.294%)(0.321m),15.872(19.840%)(0.000m),23.000(57.500%)(1.393m),11.130(27.825%)(0.121m),0.000,4154.974,63.2,1.3108,"[0.851, 1.069, 0.860, 0.713, 1.303, 0.841]","[3.486, 3.605, 3.389, 3.499, 3.820, 3.359]","[-5.438, -5.107, -5.078, -5.317, -4.537, -5.447]"
638,1,4.4921,1.5214,0.167,393,1107,102,0,0.279,75,0.94,20680,1501.08,0,0,37.000(46.250%)(1.821m),60.000(52.941%)(4.286m),66.000(58.235%)(4.929m),24.083(21.249%)(0.437m),12.168(15.210%)(0.000m),26.000(65.000%)(1.714m),9.863(24.656%)(0.000m),1018.404,5477.999,65.2,1.3551,"[0.944, 1.836, 1.723, 0.938, 2.032, 1.776]","[3.083, 3.418, 3.562, 3.191, 3.752, 3.620]","[-5.504, -6.762, -7.672, -5.034, -5.686, -6.420]"
639,1,3.9968,1.7442,0.161,764,2173,129,50,0.279,95,0.94,20757,2953.22,0,0,15.177(18.971%)(0.000m),32.740(28.888%)(1.365m),56.000(49.412%)(3.857m),28.221(24.901%)(0.881m),13.073(16.341%)(0.000m),10.634(26.585%)(0.068m),9.686(24.214%)(0.000m),644.199,4082.877,65.8,1.3640,"[0.883, 1.398, 1.219, 0.835, 1.558, 1.156]","[3.094, 3.708, 3.308, 3.171, 3.765, 3.279]","[-5.292, -6.117, -4.129, -5.231, -5.436, -4.913]"
640,1,1.1287,1.7948,0.153,454,1279,163,38,0.278,80,0.94,20803,1723.09,0,0,28.000(35.000%)(0.857m),44.000(38.824%)(2.571m),28.000(24.706%)(0.857m),23.000(20.294%)(0.321m),19.533(24.417%)(0.000m),26.000(65.000%)(1.714m),13.730(34.326%)(0.400m),0.000,3657.053,65.2,1.3455,"[0.828, 1.351, 1.225, 0.768, 1.509, 1.160]","[3.004, 3.363, 3.208, 3.112, 3.656, 3.323]","[-5.059, -4.750, -4.460, -4.697, -4.272, -3.351]"
641,1,2.2501,1.8082,0.171,412,1119,103,5,0.278,75,0.94,20845,1610.80,0,0,32.000(40.000%)(1.286m),45.000(39.706%)(2.679m),63.000(55.588%)(4.607m),26.970(23.797%)(0.747m),12.651(15.814%)(0.000m),29.000(72.500%)(2.036m),9.620(24.049%)(0.000m),1006.304,5062.834,62.8,1.3578,"[0.552, 1.906, 1.812, 0.575, 2.105, 1.817]","[3.090, 3.496, 3.196, 3.155, 3.810, 3.237]","[-5.353, -7.039, -4.430, -5.366, -6.591, -4.802]"
642,1,0.6533,1.8193,0.172,321,881,36,1,0.277,70,0.93,20878,1255.88,0,0,33.000(41.250%)(1.393m),40.000(35.294%)(2.143m),47.367(41.794%)(2.932m),20.050(17.692%)(0.005m),11.187(13.983%)(0.000m),24.000(60.000%)(1.500m),10.018(25.045%)(0.002m),662.439,4406.122,63.5,1.3678,"[1.148, 1.994, 1.787, 1.107, 2.137, 1.801]","[3.314, 3.591, 3.101, 3.395, 3.826, 3.116]","[-5.522, -5.849, -5.535, -5.575, -5.936, -5.577]"
643,1,0.4061,1.7773,0.163,407,1176,140,35,0.277,80,0.93,20919,1523.85,0,0,28.000(35.000%)(0.857m),30.000(26.471%)(1.071m),20.000(17.647%)(0.000m),20.000(17.647%)(0.000m),18.457(23.071%)(0.000m),25.000(62.500%)(1.607m),12.965(32.411%)(0.318m),0.000,3418.866,66.9,1.3297,"[1.035, 1.492, 1.410, 0.891, 1.555, 1.298]","[3.378, 3.599, 3.290, 3.378, 3.757, 3.296]","[-4.436, -3.840, -2.683, -4.791, -3.880, -3.769]"
644,1,1.9410,1.8661,0.158,248,668,12,8,0.276,60,0.93,20944,1036.14,0,0,30.000(37.500%)(1.071m),42.000(37.059%)(2.357m),70.028(61.790%)(5.360m),24.861(21.936%)(0.521m),12.385(15.482%)(0.000m),40.000(100.000%)(3.214m),9.913(24.781%)(0.000m),520.891,4779.773,62.3,1.4592,"[1.285, 1.563, 1.546, 1.219, 1.669, 1.476]","[2.967, 3.574, 3.263, 3.081, 3.788, 3.221]","[-5.528, -7.202, -6.787, -5.652, -6.561, -7.073]"
645,1,-0.8812,1.8061,0.149,273,718,20,8,0.275,60,0.93,20972,1058.66,0,0,30.000(37.500%)(1.071m),42.000(37.059%)(2.357m),29.574(26.095%)(1.026m),16.076(14.184%)(0.000m),10.073(12.591%)(0.000m),40.000(100.000%)(3.214m),10.449(26.122%)(0.048m),467.795,5335.320,60.9,1.2725,"[1.360, 1.600, 1.719, 1.328, 1.728, 1.742]","[3.305, 3.433, 3.151, 3.346, 3.634, 3.148]","[-5.441, -5.366, -6.147, -5.384, -6.112, -5.564]"
646,1,9.0234,2.0214,0.152,747,2104,70,16,0.275,95,0.93,21047,2947.25,0,0,26.000(32.500%)(0.643m),38.000(33.530%)(1.929m),28.241(24.919%)(0.883m),16.236(14.326%)(0.000m),10.510(13.137%)(0.000m),25.000(62.500%)(1.607m),11.450(28.626%)(0.155m),312.625,7002.792,65.2,1.3258,"[0.939, 1.412, 1.401, 0.928, 1.604, 1.401]","[3.131, 3.525, 3.273, 3.187, 3.795, 3.310]","[-5.465, -6.003, -6.190, -5.806, -6.596, -6.481]"
647,1,15.6454,2.2604,0.155,861,2487,209,165,0.274,100,1.08,21134,3356.53,1,1,20.000(25.000%)(0.000m),30.000(26.471%)(1.071m),38.000(33.530%)(1.929m),31.981(28.219%)(1.284m),14.778(18.472%)(0.000m),16.000(40.000%)(0.643m),10.345(25.863%)(0.037m),239.152,3614.935,66.8,1.3899,"[0.879, 1.204, 0.918, 0.881, 1.435, 0.901]","[3.117, 3.500, 3.320, 3.112, 3.706, 3.289]","[-5.332, -4.620, -4.716, -5.216, -4.666, -5.858]"
648,1,-2.7644,2.2336,0.142,273,727,16,29,0.274,60,1.08,21162,1054.48,0,0,10.267(12.834%)(0.000m),16.820(14.841%)(0.000m),32.494(28.671%)(1.339m),64.000(56.471%)(4.714m),26.000(32.500%)(0.643m),10.267(25.667%)(0.029m),30.000(75.000%)(2.143m),2617.538,7607.025,61.7,1.2553,"[1.632, 1.710, 1.448, 1.643, 1.954, 1.486]","[3.328, 3.513, 3.475, 3.433, 3.804, 3.518]","[-6.175, -5.330, -5.653, -6.237, -5.471, -5.421]"
649,1,1.8711,2.2540,0.167,269,698,19,0,0.273,60,1.08,21189,1040.53,0,0,40.000(50.000%)(2.143m),49.000(43.235%)(3.107m),53.924(47.580%)(3.635m),21.462(18.937%)(0.157m),11.704(14.630%)(0.000m),40.000(100.000%)(3.214m),10.226(25.564%)(0.024m),971.901,5667.262,60.0,1.4133,"[1.035, 1.672, 2.082, 0.991, 1.743, 2.043]","[3.180, 3.535, 3.348, 3.225, 3.715, 3.381]","[-5.779, -6.707, -6.057, -5.768, -6.836, -6.235]"
650,1,0.3717,2.2395,0.160,364,928,47,0,0.273,65,1.08,21226,1402.85,0,0,11.293(14.116%)(0.000m),20.470(18.061%)(0.050m),49.818(43.957%)(3.195m),44.000(38.824%)(2.571m),32.000(40.000%)(1.286m),9.989(24.973%)(0.000m),31.000(77.500%)(2.250m),1400.007,5683.228,59.0,1.3219,"[1.789, 1.885, 1.689, 1.823, 2.124, 1.633]","[3.271, 3.487, 3.407, 3.235, 3.705, 3.365]","[-6.424, -6.384, -5.683, -6.494, -5.255, -5.661]"
651,1,3.9894,2.2646,0.161,755,2151,96,79,0.272,95,1.08,21302,3051.59,0,0,15.120(18.900%)(0.000m),32.628(28.790%)(1.353m),58.000(51.177%)(4.071m),22.834(20.148%)(0.304m),11.852(14.815%)(0.000m),10.596(26.490%)(0.064m),9.851(24.629%)(0.000m),847.329,4478.373,65.9,1.3317,"[1.365, 1.572, 0.967, 1.362, 1.801, 0.969]","[3.112, 3.585, 3.422, 3.223, 3.856, 3.425]","[-5.196, -6.040, -5.643, -5.483, -5.652, -5.859]"
652,1,-0.7188,2.2303,0.152,421,1208,80,39,0.272,80,1.07,21345,1621.12,0,0,30.000(37.500%)(1.071m),52.000(45.882%)(3.429m),48.000(42.353%)(3.000m),29.000(25.588%)(0.964m),19.723(24.653%)(0.000m),21.000(52.500%)(1.179m),13.874(34.685%)(0.415m),11.391,3755.344,66.4,1.3306,"[0.879, 1.473, 1.541, 0.868, 1.642, 1.567]","[3.231, 3.428, 3.271, 3.260, 3.650, 3.294]","[-4.484, -3.168, -0.636, -4.438, -3.091, -0.796]"
653,1,4.0812,2.4444,0.171,873,2446,293,147,0.271,95,1.07,21433,3433.80,0,0,16.000(20.000%)(0.000m),28.000(24.706%)(0.857m),30.000(26.471%)(1.071m),25.610(22.597%)(0.601m),12.387(15.484%)(0.000m),12.000(30.000%)(0.214m),9.665(24.162%)(0.000m),174.142,3437.204,64.8,1.3693,"[0.426, 1.386, 1.351, 0.321, 1.609, 1.271]","[3.303, 3.541, 3.370, 3.339, 3.849, 3.373]","[-5.600, -7.624, -5.127, -5.808, -6.628, -5.577]"
654,1,2.7715,2.1801,0.164,356,1001,95,22,0.271,75,1.07,21469,1326.87,0,0,27.000(33.750%)(0.750m),47.000(41.471%)(2.893m),62.565(55.204%)(4.560m),22.285(19.663%)(0.245m),11.717(14.646%)(0.000m),23.000(57.500%)(1.393m),9.862(24.654%)(0.000m),870.093,4519.924,65.0,1.2793,"[1.043, 1.673, 1.779, 1.040, 1.877, 1.760]","[3.712, 3.826, 3.478, 3.674, 4.133, 3.535]","[-5.821, -5.765, -7.479, -5.540, -5.394, -6.712]"
655,1,1.9487,2.0824,0.165,444,1256,185,47,0.270,80,1.07,21514,1645.33,0,0,27.000(33.750%)(0.750m),46.000(40.588%)(2.786m),20.000(17.647%)(0.000m),20.000(17.647%)(0.000m),14.152(17.690%)(0.000m),22.000(55.000%)(1.286m),9.903(24.758%)(0.000m),0.000,4041.741,65.5,1.3191,"[0.648, 1.409, 1.441, 0.516, 1.539, 1.334]","[3.461, 3.949, 3.528, 3.419, 4.141, 3.553]","[-5.219, -5.249, -4.269, -5.029, -4.955, -5.595]"
656,1,-1.9965,2.0093,0.157,1002,2654,150,225,0.269,95,1.07,21615,4027.71,0,0,15.277(19.096%)(0.000m),20.000(17.647%)(0.000m),21.000(18.529%)(0.107m),30.000(26.471%)(1.071m),25.000(31.250%)(0.536m),10.707(26.767%)(0.076m),23.000(57.500%)(1.393m),0.000,5389.181,61.3,1.3707,"[0.946, 0.773, 0.644, 0.838, 0.994, 0.726]","[3.682, 3.524, 3.325, 3.720, 3.752, 3.316]","[-3.913, -5.938, -5.236, -4.462, -4.622, -5.781]"
657,1,1.7818,2.0587,0.175,236,639,14,15,0.269,60,1.07,21639,883.53,0,0,26.000(32.500%)(0.643m),35.000(30.882%)(1.607m),20.637(18.209%)(0.068m),13.097(11.556%)(0.000m),9.050(11.312%)(0.000m),40.000(100.000%)(3.214m),11.025(27.564%)(0.110m),279.915,4407.398,62.6,1.2694,"[1.728, 1.871, 1.649, 1.651, 2.028, 1.593]","[3.366, 3.496, 2.991, 3.416, 3.765, 3.043]","[-5.005, -5.815, -6.291, -5.047, -5.955, -6.093]"
658,1,1.2293,2.0409,0.166,224,600,14,0,0.268,55,1.06,21662,844.56,0,0,11.600(14.500%)(0.000m),21.026(18.553%)(0.110m),51.173(45.153%)(3.340m),47.000(41.471%)(2.893m),40.000(50.000%)(2.143m),10.261(25.652%)(0.028m),40.000(100.000%)(3.214m),886.250,5006.004,62.0,1.1959,"[1.982, 1.502, 1.158, 1.945, 1.635, 1.053]","[3.200, 3.666, 3.307, 3.296, 3.880, 3.306]","[-5.557, -5.686, -5.453, -5.421, -4.871, -5.406]"
659,1,1.2674,2.0417,0.160,710,2024,156,120,0.268,95,1.06,21733,2735.28,0,0,18.000(22.500%)(0.000m),20.000(17.647%)(0.000m),51.000(45.000%)(3.321m),39.253(34.635%)(2.063m),18.544(23.180%)(0.000m),13.000(32.500%)(0.321m),13.054(32.634%)(0.327m),0.000,3642.730,66.0,1.3487,"[0.838, 0.902, 0.639, 0.755, 1.264, 0.701]","[3.337, 3.597, 3.351, 3.352, 3.764, 3.321]","[-4.859, -7.991, -5.654, -4.677, -5.019, -6.536]"
660,1,-1.4161,1.9852,0.173,492,1394,152,28,0.267,85,1.06,21783,1891.08,0,0,15.731(19.664%)(0.000m),33.837(29.856%)(1.483m),47.000(41.471%)(2.893m),20.000(17.647%)(0.000m),12.000(15.000%)(0.000m),11.017(27.543%)(0.109m),11.000(27.500%)(0.107m),445.917,4458.582,65.6,1.2793,"[1.008, 0.837, 0.407, 1.074, 1.061, 0.421]","[3.023, 3.639, 3.435, 3.169, 3.935, 3.519]","[-5.819, -8.583, -7.696, -6.139, -7.072, -7.968]"
661,1,0.7951,2.0753,0.159,309,810,19,1,0.267,65,1.06,21814,1182.65,0,0,11.234(14.042%)(0.000m),20.599(18.175%)(0.064m),51.756(45.667%)(3.402m),46.000(40.588%)(2.786m),31.000(38.750%)(1.179m),9.815(24.536%)(0.000m),31.000(77.500%)(2.250m),1034.585,5599.250,60.7,1.3223,"[1.922, 1.680, 1.337, 1.905, 1.950, 1.348]","[3.391, 3.696, 3.413, 3.425, 4.079, 3.343]","[-7.542, -7.031, -6.599, -7.345, -5.286, -6.562]"
662,1,16.3869,2.3637,0.162,953,2689,44,149,0.266,100,1.21,21910,3747.83,1,1,20.000(25.000%)(0.000m),38.000(33.530%)(1.929m),56.000(49.412%)(3.857m),43.692(38.552%)(2.538m),20.658(25.823%)(0.071m),17.000(42.500%)(0.750m),14.537(36.341%)(0.486m),744.643,4943.930,65.3,1.2921,"[1.480, 1.648, 1.356, 1.564, 1.828, 1.371]","[3.457, 3.751, 3.571, 3.567, 4.018, 3.571]","[-5.056, -3.484, -4.302, -4.681, -4.686, -3.868]"
663,1,2.2925,2.5205,0.167,457,1324,47,54,0.266,85,1.21,21956,1797.87,0,0,24.000(30.000%)(0.429m),39.000(34.412%)(2.036m),70.000(61.765%)(5.357m),21.000(18.529%)(0.107m),12.000(15.000%)(0.000m),25.000(62.500%)(1.607m),11.000(27.500%)(0.107m),398.604,4321.689,67.1,1.3790,"[1.017, 1.299, 1.110, 1.039, 1.586, 1.075]","[3.446, 3.632, 3.446, 3.503, 3.976, 3.432]","[-6.792, -8.675, -9.241, -6.741, -6.539, -9.009]"
664,1,2.8024,2.2772,0.161,382,1093,52,20,0.265,75,1.20,21995,1484.07,0,0,26.000(32.500%)(0.643m),47.000(41.471%)(2.893m),46.774(41.272%)(2.869m),20.359(17.964%)(0.039m),11.484(14.355%)(0.000m),24.000(60.000%)(1.500m),10.412(26.030%)(0.044m),628.062,4222.012,66.2,1.3427,"[0.862, 1.547, 1.508, 0.896, 1.752, 1.550]","[3.315, 3.619, 3.472, 3.412, 3.875, 3.490]","[-5.762, -6.995, -7.343, -5.395, -6.629, -6.115]"
665,1,4.8198,2.3558,0.152,380,1064,73,9,0.265,75,1.20,22033,1478.14,0,0,30.000(37.500%)(1.071m),55.000(48.530%)(3.750m),70.000(61.765%)(5.357m),25.554(22.548%)(0.595m),12.360(15.450%)(0.000m),27.000(67.500%)(1.821m),9.644(24.109%)(0.000m),1220.986,4712.248,64.8,1.4117,"[0.795, 1.838, 1.864, 0.810, 2.047, 1.854]","[3.169, 3.688, 3.329, 3.223, 3.922, 3.356]","[-5.091, -4.773, -3.193, -4.955, -4.433, -3.199]"
666,1,0.5094,2.4209,0.163,456,1277,58,12,0.264,80,1.20,22079,1710.23,0,0,11.950(14.937%)(0.000m),23.330(20.585%)(0.357m),46.000(40.588%)(2.786m),35.000(30.882%)(1.607m),21.572(26.965%)(0.168m),9.809(24.521%)(0.000m),15.199(37.997%)(0.557m),354.828,4785.127,64.8,1.3031,"[0.989, 1.275, 0.975, 1.041, 1.419, 1.006]","[3.347, 3.825, 3.487, 3.283, 4.096, 3.509]","[-5.259, -9.171, -7.049, -5.103, -8.212, -6.487]"
667,1,18.3842,2.7361,0.158,821,2401,188,114,0.264,100,1.35,22162,3232.17,1,1,23.000(28.750%)(0.321m),46.000(40.588%)(2.786m),57.000(50.294%)(3.964m),39.000(34.412%)(2.036m),18.756(23.444%)(0.000m),16.000(40.000%)(0.643m),13.179(32.948%)(0.341m),362.348,4070.061,67.7,1.3224,"[0.793, 1.467, 1.320, 0.799, 1.703, 1.321]","[3.238, 3.434, 3.283, 3.319, 3.587, 3.116]","[-5.339, -1.033, -3.268, -5.427, -1.451, -3.745]"
668,1,3.5973,2.7600,0.155,323,913,26,26,0.263,70,1.35,22195,1270.26,0,0,26.000(32.500%)(0.643m),46.000(40.588%)(2.786m),58.000(51.177%)(4.071m),27.884(24.603%)(0.845m),12.913(16.142%)(0.000m),23.000(57.500%)(1.393m),9.693(24.232%)(0.000m),885.033,4060.571,65.4,1.3849,"[1.351, 1.753, 1.736, 1.340, 1.945, 1.762]","[3.060, 3.522, 3.205, 3.143, 3.758, 3.312]","[-5.102, -7.261, -2.726, -5.396, -6.742, -3.609]"
669,1,1.7504,2.7974,0.161,386,1019,36,27,0.263,70,1.35,22234,1491.91,0,0,33.000(41.250%)(1.393m),53.000(46.765%)(3.536m),59.000(52.059%)(4.179m),47.193(41.641%)(2.914m),22.535(28.169%)(0.272m),16.000(40.000%)(0.643m),15.919(39.797%)(0.634m),1892.733,5721.810,61.1,1.4046,"[1.763, 2.047, 1.904, 1.875, 2.245, 1.961]","[3.137, 3.718, 3.321, 3.225, 3.888, 3.178]","[-3.012, -0.859, -0.538, -3.230, -0.546, 0.113]"
670,1,-0.0178,2.4962,0.168,525,1455,141,56,0.262,85,1.34,22287,1997.76,0,0,10.000(12.500%)(0.000m),16.000(14.118%)(0.000m),28.000(24.706%)(0.857m),34.000(30.000%)(1.500m),17.174(21.468%)(0.000m),28.000(70.000%)(1.929m),12.052(30.129%)(0.220m),321.006,4563.111,64.1,1.2906,"[0.503, 1.192, 1.165, 0.443, 1.422, 1.137]","[3.020, 3.354, 3.368, 3.169, 3.629, 3.390]","[-6.452, -7.026, -6.288, -7.976, -5.343, -6.101]"
671,1,0.4122,2.3757,0.153,403,1059,56,0,0.261,70,1.34,22328,1531.86,0,0,36.000(45.000%)(1.714m),60.000(52.941%)(4.286m),64.000(56.471%)(4.714m),28.006(24.711%)(0.858m),13.058(16.322%)(0.000m),24.000(60.000%)(1.500m),9.801(24.503%)(0.000m),2371.068,6758.905,60.8,1.3063,"[1.171, 1.602, 1.653, 1.277, 1.864, 1.746]","[3.283, 3.356, 3.066, 3.433, 3.603, 3.105]","[-5.848, -6.905, -5.528, -5.839, -5.951, -5.524]"
672,1,3.4607,2.4647,0.159,607,1795,121,67,0.261,95,1.34,22389,2362.92,0,0,26.000(32.500%)(0.643m),20.000(17.647%)(0.000m),20.000(17.647%)(0.000m),22.000(19.412%)(0.214m),22.197(27.747%)(0.235m),21.000(52.500%)(1.179m),15.641(39.102%)(0.604m),0.000,3323.003,68.5,1.3630,"[0.983, 1.136, 0.977, 1.011, 1.280, 1.001]","[3.268, 3.576, 3.241, 3.300, 3.814, 3.289]","[-4.281, -5.937, -5.110, -3.680, -6.775, -4.405]"
673,1,0.7647,2.5044,0.150,264,682,5,17,0.260,60,1.34,22416,1034.83,0,0,27.000(33.750%)(0.750m),28.000(24.706%)(0.857m),57.000(50.294%)(3.964m),81.645(72.040%)(6.605m),43.698(54.622%)(2.539m),40.000(100.000%)(3.214m),31.578(78.945%)(2.312m),756.424,6056.060,59.8,1.2779,"[2.119, 2.022, 1.651, 2.066, 2.160, 1.648]","[3.447, 3.581, 3.317, 3.421, 3.862, 3.308]","[-2.865, -4.935, -5.304, -3.865, -5.750, -4.913]"
674,1,2.4865,2.3720,0.153,655,1902,137,131,0.260,95,1.34,22482,2587.54,0,0,22.000(27.500%)(0.214m),26.000(22.941%)(0.643m),35.000(30.882%)(1.607m),37.000(32.647%)(1.821m),19.965(24.956%)(0.000m),15.000(37.500%)(0.536m),14.039(35.098%)(0.433m),0.000,3433.230,67.2,1.3485,"[0.902, 1.200, 1.026, 0.836, 1.416, 1.021]","[3.188, 3.658, 3.337, 3.195, 3.831, 3.374]","[-4.869, -3.623, -3.779, -4.634, -3.651, -3.344]"
675,1,5.0788,2.4216,0.146,445,1259,80,59,0.259,80,1.33,22527,1769.17,0,0,22.000(27.500%)(0.214m),34.000(30.000%)(1.500m),59.000(52.059%)(4.179m),20.000(17.647%)(0.000m),21.708(27.135%)(0.183m),20.000(50.000%)(1.071m),15.297(38.243%)(0.568m),0.000,3649.821,65.5,1.3834,"[1.109, 1.384, 1.187, 1.109, 1.630, 1.224]","[3.261, 3.417, 3.175, 3.347, 3.702, 3.195]","[-4.436, -5.655, -8.696, -4.141, -4.474, -6.770]"
676,1,3.1783,2.4576,0.168,355,987,16,12,0.259,70,1.33,22563,1368.58,0,0,29.000(36.250%)(0.964m),44.000(38.824%)(2.571m),71.000(62.647%)(5.464m),28.983(25.573%)(0.962m),13.249(16.562%)(0.000m),22.000(55.000%)(1.286m),9.689(24.222%)(0.000m),857.006,4623.841,64.4,1.2884,"[1.229, 1.668, 1.654, 1.219, 1.861, 1.663]","[2.980, 3.518, 3.204, 2.959, 3.696, 3.104]","[-4.863, -6.516, -3.326, -5.197, -6.090, -3.320]"
677,1,3.2138,2.5465,0.170,297,790,20,10,0.258,65,1.33,22593,1180.57,0,0,29.000(36.250%)(0.964m),38.000(33.530%)(1.929m),58.438(51.563%)(4.118m),21.662(19.113%)(0.178m),11.533(14.416%)(0.000m),31.000(77.500%)(2.250m),9.829(24.572%)(0.000m),392.896,5154.691,61.5,1.2935,"[1.361, 1.778, 1.923, 1.371, 1.916, 1.943]","[3.376, 3.623, 3.348, 3.491, 3.934, 3.402]","[-5.623, -6.614, -6.230, -5.761, -5.995, -6.384]"
678,1,0.2485,2.5689,0.165,232,619,15,0,0.258,55,1.33,22617,918.01,0,0,41.000(51.250%)(2.250m),68.000(60.000%)(5.143m),75.083(66.250%)(5.902m),27.384(24.162%)(0.791m),12.879(16.099%)(0.000m),40.000(100.000%)(3.214m),9.794(24.484%)(0.000m),2689.596,6426.801,61.7,1.2871,"[1.373, 1.775, 2.062, 1.299, 1.901, 2.020]","[3.193, 3.564, 3.168, 3.161, 3.725, 3.176]","[-5.613, -7.775, -3.360, -5.755, -7.762, -3.465]"
679,1,2.9027,2.6224,0.156,737,2078,107,70,0.257,95,1.33,22691,2774.41,0,0,24.000(30.000%)(0.429m),21.000(18.529%)(0.107m),34.000(30.000%)(1.500m),31.000(27.353%)(1.179m),19.433(24.292%)(0.000m),22.000(55.000%)(1.286m),13.677(34.192%)(0.394m),0.000,3578.949,65.3,1.2980,"[0.824, 1.097, 0.949, 0.829, 1.337, 1.078]","[3.006, 3.462, 3.104, 3.143, 3.773, 3.209]","[-4.938, -7.731, -4.915, -4.850, -4.825, -4.610]"
680,1,1.0429,2.6283,0.148,451,1307,4,30,0.257,80,1.32,22737,1780.08,0,0,11.000(13.750%)(0.000m),17.000(15.000%)(0.000m),59.000(52.059%)(4.179m),38.000(33.530%)(1.929m),27.088(33.860%)(0.759m),11.000(27.500%)(0.107m),19.186(47.965%)(0.984m),312.854,4141.472,67.1,1.3457,"[1.120, 1.614, 1.438, 1.108, 1.830, 1.471]","[3.476, 3.761, 3.594, 3.540, 4.104, 3.633]","[-12.855, -6.367, -7.305, -15.599, -5.772, -5.805]"
681,1,1.8672,2.6662,0.154,417,1127,90,63,0.256,75,1.32,22779,1587.00,0,0,21.000(26.250%)(0.107m),30.000(26.471%)(1.071m),56.000(49.412%)(3.857m),26.180(23.100%)(0.662m),12.663(15.829%)(0.000m),18.000(45.000%)(0.857m),9.880(24.700%)(0.000m),134.198,4634.968,62.5,1.3527,"[1.075, 1.595, 1.707, 1.114, 1.866, 1.727]","[3.311, 3.703, 3.534, 3.374, 3.972, 3.557]","[-5.382, -6.973, -4.770, -5.153, -6.132, -5.118]"
682,1,13.7084,2.8806,0.162,936,2651,288,102,0.256,100,1.47,22873,3648.11,1,1,18.000(22.500%)(0.000m),36.000(31.765%)(1.714m),39.000(34.412%)(2.036m),28.000(24.706%)(0.857m),18.654(23.317%)(0.000m),13.000(32.500%)(0.321m),13.106(32.765%)(0.333m),43.583,5299.858,65.5,1.3452,"[0.707, 1.323, 1.187, 0.653, 1.543, 1.228]","[3.625, 3.807, 3.611, 3.668, 4.046, 3.713]","[-5.180, -3.837, -5.497, -5.099, -4.359, -6.007]"
683,1,0.5535,2.9870,0.155,499,1411,63,112,0.255,85,1.46,22923,1959.37,0,0,12.000(15.000%)(0.000m),21.000(18.529%)(0.107m),54.000(47.647%)(3.643m),39.000(34.412%)(2.036m),19.626(24.533%)(0.000m),10.000(25.000%)(0.000m),13.804(34.510%)(0.408m),329.534,4489.791,65.5,1.3882,"[0.884, 1.386, 1.239, 0.909, 1.607, 1.282]","[3.536, 3.813, 3.707, 3.585, 4.114, 3.718]","[-10.049, -6.050, -6.539, -12.950, -5.557, -5.727]"
684,1,4.5670,3.0469,0.164,452,1295,67,52,0.255,80,1.46,22969,1774.70,0,0,11.000(13.750%)(0.000m),18.000(15.882%)(0.000m),34.000(30.000%)(1.500m),35.000(30.882%)(1.607m),17.051(21.314%)(0.000m),25.000(62.500%)(1.607m),11.953(29.882%)(0.209m),302.140,3929.978,66.3,1.3542,"[0.834, 1.231, 1.133, 0.742, 1.408, 1.106]","[3.059, 3.621, 3.422, 3.070, 3.818, 3.383]","[-8.783, -6.390, -6.219, -8.777, -4.842, -5.824]"
685,1,4.2961,3.0885,0.153,418,1201,118,39,0.254,80,1.46,23011,1610.25,0,0,27.000(33.750%)(0.750m),43.000(37.941%)(2.464m),55.000(48.530%)(3.750m),27.000(23.824%)(0.750m),18.642(23.303%)(0.000m),25.000(62.500%)(1.607m),13.091(32.728%)(0.331m),3.392,3732.002,66.5,1.2797,"[0.880, 1.313, 1.296, 0.827, 1.550, 1.323]","[3.163, 3.528, 3.193, 3.176, 3.835, 3.211]","[-4.813, -4.215, -4.876, -4.806, -3.465, -4.323]"
686,1,-0.7997,3.0316,0.151,226,616,14,7,0.254,55,1.46,23034,843.16,0,0,30.000(37.500%)(1.071m),40.000(35.294%)(2.143m),27.744(24.480%)(0.830m),15.741(13.889%)(0.000m),10.109(12.637%)(0.000m),40.000(100.000%)(3.214m),10.880(27.199%)(0.094m),519.864,4409.703,63.1,1.2912,"[1.123, 1.412, 1.395, 1.011, 1.523, 1.342]","[2.975, 3.546, 3.208, 3.070, 3.793, 3.286]","[-5.653, -6.765, -6.777, -5.791, -7.217, -7.025]"
687,1,1.7341,3.0222,0.153,266,750,10,76,0.253,65,1.46,23061,1031.00,0,0,21.000(26.250%)(0.107m),38.000(33.530%)(1.929m),74.000(65.294%)(5.786m),70.809(62.479%)(5.444m),34.178(42.722%)(1.519m),11.000(27.500%)(0.107m),24.379(60.947%)(1.541m),355.098,3964.477,65.3,1.2643,"[1.629, 1.780, 1.620, 1.690, 2.080, 1.693]","[3.058, 3.528, 3.162, 3.218, 3.850, 3.205]","[-0.303, -0.390, 0.054, -0.062, 0.486, 0.293]"
688,1,1.0742,2.9538,0.149,540,1464,154,38,0.253,80,1.45,23115,2100.20,0,0,21.621(27.026%)(0.174m),20.000(17.647%)(0.000m),21.000(18.529%)(0.107m),49.000(43.235%)(3.107m),38.000(47.500%)(1.929m),15.304(38.261%)(0.568m),23.000(57.500%)(1.393m),0.000,4955.746,62.8,1.3377,"[1.244, 1.297, 0.804, 1.203, 1.353, 0.740]","[3.195, 3.347, 3.179, 3.191, 3.625, 3.228]","[-3.397, -7.772, -6.327, -3.823, -8.223, -5.950]"
689,1,1.9601,2.9131,0.156,484,1344,206,20,0.252,80,1.45,23164,1849.01,0,0,42.000(52.500%)(2.357m),49.000(43.235%)(3.107m),32.000(28.235%)(1.286m),26.000(22.941%)(0.643m),18.121(22.651%)(0.000m),25.000(62.500%)(1.607m),12.718(31.794%)(0.291m),0.000,5249.445,64.3,1.2592,"[0.368, 1.273, 1.319, 0.298, 1.417, 1.306]","[2.933, 3.443, 2.949, 2.946, 3.678, 3.034]","[-4.744, -4.226, -4.635, -4.887, -3.906, -3.563]"
690,1,1.5725,2.9219,0.146,257,688,18,8,0.252,60,1.45,23190,1061.77,0,0,30.000(37.500%)(1.071m),41.000(36.177%)(2.250m),73.000(64.412%)(5.679m),29.478(26.010%)(1.016m),13.554(16.942%)(0.000m),40.000(100.000%)(3.214m),9.665(24.163%)(0.000m),552.332,4856.924,62.0,1.4162,"[0.954, 1.283, 1.729, 0.928, 1.392, 1.681]","[2.868, 3.311, 3.151, 2.952, 3.624, 3.117]","[-5.280, -6.878, -2.397, -5.374, -7.075, -2.923]"
691,1,17.9244,3.2354,0.163,849,2460,204,131,0.251,100,1.59,23275,3306.74,1,1,24.000(30.000%)(0.429m),44.000(38.824%)(2.571m),52.000(45.882%)(3.429m),40.000(35.294%)(2.143m),19.397(24.246%)(0.000m),17.000(42.500%)(0.750m),13.645(34.112%)(0.391m),356.745,3679.675,67.1,1.4040,"[1.232, 1.546, 1.292, 1.203, 1.806, 1.330]","[3.013, 3.349, 2.952, 3.094, 3.633, 3.016]","[-5.035, -0.628, -2.391, -4.851, -0.903, -2.536]"
692,1,1.0725,3.2438,0.167,385,1040,67,0,0.251,70,1.59,23314,1466.76,0,0,37.000(46.250%)(1.821m),48.000(42.353%)(3.000m),50.205(44.299%)(3.236m),20.628(18.202%)(0.067m),11.381(14.226%)(0.000m),22.000(55.000%)(1.286m),10.067(25.167%)(0.007m),1255.461,5180.535,62.5,1.3016,"[0.907, 1.765, 1.874, 0.950, 1.930, 1.931]","[3.033, 3.345, 3.059, 3.094, 3.635, 3.112]","[-5.684, -5.221, -6.236, -5.652, -5.502, -6.098]"
693,1,2.0600,3.2769,0.146,415,1194,108,55,0.250,80,1.59,23356,1615.47,0,0,23.000(28.750%)(0.321m),40.000(35.294%)(2.143m),53.000(46.765%)(3.536m),26.000(22.941%)(0.643m),15.487(19.359%)(0.000m),20.000(50.000%)(1.071m),10.863(27.156%)(0.092m),0.000,3459.341,66.6,1.3252,"[0.529, 1.707, 1.771, 0.442, 1.895, 1.807]","[3.000, 3.512, 3.156, 2.976, 3.762, 3.126]","[-4.900, -3.852, -4.930, -4.797, -3.680, -3.666]"
694,1,-0.5475,3.2271,0.162,608,1738,226,98,0.250,90,1.59,23417,2371.34,0,0,11.113(13.892%)(0.000m),19.702(17.384%)(0.000m),45.264(39.939%)(2.707m),39.000(34.412%)(2.036m),19.000(23.750%)(0.000m),10.076(25.190%)(0.008m),13.000(32.500%)(0.321m),405.329,4814.492,66.2,1.3229,"[1.036, 1.007, 0.467, 1.080, 1.184, 0.495]","[3.137, 3.540, 3.226, 3.142, 3.883, 3.251]","[-5.421, -4.851, -5.196, -5.657, -4.916, -4.705]"
695,1,0.1930,3.2486,0.179,285,712,30,0,0.249,60,1.58,23446,1113.88,0,0,46.000(57.500%)(2.786m),46.000(40.588%)(2.786m),49.549(43.720%)(3.166m),20.359(17.964%)(0.038m),11.232(14.040%)(0.000m),40.000(100.000%)(3.214m),9.935(24.838%)(0.000m),1563.088,7862.855,57.8,1.3567,"[1.592, 1.822, 1.716, 1.552, 1.941, 1.610]","[3.563, 3.635, 3.346, 3.593, 3.885, 3.280]","[-5.667, -5.231, -5.605, -5.773, -5.701, -6.022]"
696,1,-1.2472,3.0432,0.154,375,953,78,39,0.249,70,1.58,23484,1503.17,0,0,25.000(31.250%)(0.536m),36.000(31.765%)(1.714m),40.809(36.008%)(2.229m),19.129(16.878%)(0.000m),11.133(13.917%)(0.000m),28.000(70.000%)(1.929m),10.473(26.182%)(0.051m),488.821,5336.749,58.8,1.3637,"[1.575, 1.989, 2.074, 1.584, 2.225, 2.041]","[3.423, 3.538, 3.427, 3.540, 3.853, 3.476]","[-4.797, -5.942, -5.610, -4.924, -5.728, -6.038]"
697,1,2.9889,2.7901,0.163,792,2196,168,103,0.248,95,1.58,23564,3168.35,0,0,27.000(33.750%)(0.750m),39.000(34.412%)(2.036m),20.000(17.647%)(0.000m),20.000(17.647%)(0.000m),22.492(28.115%)(0.267m),19.000(47.500%)(0.964m),15.854(39.634%)(0.627m),0.000,3540.957,64.2,1.3677,"[1.361, 1.467, 1.392, 1.326, 1.682, 1.304]","[3.202, 3.598, 3.543, 3.373, 3.917, 3.541]","[-4.325, -7.532, -6.122, -4.025, -7.747, -6.713]"
698,1,-0.2348,2.8407,0.168,250,667,0,23,0.248,60,1.58,23589,975.21,0,0,13.000(16.250%)(0.000m),26.000(22.941%)(0.643m),61.000(53.824%)(4.393m),82.394(72.701%)(6.685m),40.551(50.688%)(2.202m),40.000(100.000%)(3.214m),29.162(72.905%)(2.053m),882.455,4685.571,61.8,1.3129,"[2.089, 1.960, 1.599, 2.079, 2.127, 1.608]","[3.412, 3.807, 3.484, 3.473, 4.051, 3.524]","[-5.456, -5.344, -7.280, -4.994, -5.018, -5.680]"
699,1,2.9064,2.8614,0.165,438,1243,117,66,0.247,80,1.57,23633,1706.72,0,0,24.000(30.000%)(0.429m),37.000(32.647%)(1.821m),45.000(39.706%)(2.679m),20.000(17.647%)(0.000m),20.968(26.210%)(0.104m),20.000(50.000%)(1.071m),14.759(36.896%)(0.510m),0.000,3722.088,65.7,1.3263,"[1.222, 1.697, 1.648, 1.164, 1.915, 1.649]","[3.408, 3.828, 3.482, 3.424, 4.034, 3.565]","[-4.879, -5.714, -7.517, -4.759, -4.700, -6.764]"
700,1,-0.2020,2.8499,0.168,483,1357,129,56,0.247,80,1.57,23682,1827.04,0,0,17.000(21.250%)(0.000m),16.000(14.118%)(0.000m),26.000(22.941%)(0.643m),32.000(28.235%)(1.286m),16.414(20.517%)(0.000m),26.000(65.000%)(1.714m),11.512(28.781%)(0.162m),179.594,4153.141,65.0,1.3481,"[0.989, 1.383, 1.365, 0.928, 1.602, 1.353]","[3.266, 3.675, 3.475, 3.457, 4.039, 3.486]","[-5.875, -6.305, -6.081, -6.180, -5.286, -5.434]"
701,1,0.7841,2.7858,0.168,563,1530,141,96,0.246,85,1.57,23739,2166.58,0,0,12.000(15.000%)(0.000m),17.000(15.000%)(0.000m),33.000(29.118%)(1.393m),35.000(30.882%)(1.607m),18.478(23.098%)(0.000m),23.000(57.500%)(1.393m),13.007(32.517%)(0.322m),290.578,4733.822,62.9,1.3334,"[1.273, 1.658, 1.451, 1.226, 1.906, 1.393]","[3.234, 3.757, 3.560, 3.351, 4.088, 3.579]","[-5.958, -7.061, -5.660, -6.484, -4.838, -5.707]"
702,1,1.4161,2.8285,0.163,468,1338,97,27,0.246,80,1.57,23786,1793.17,0,0,11.000(13.750%)(0.000m),16.000(14.118%)(0.000m),27.000(23.824%)(0.750m),37.000(32.647%)(1.821m),22.516(28.145%)(0.270m),28.000(70.000%)(1.929m),15.901(39.752%)(0.632m),251.774,3911.342,66.2,1.2694,"[0.881, 1.453, 1.374, 0.830, 1.678, 1.389]","[3.441, 3.723, 3.450, 3.462, 4.010, 3.412]","[-9.899, -6.034, -6.154, -9.178, -5.413, -5.425]"
703,1,-2.1250,2.7044,0.158,456,1292,123,26,0.245,80,1.56,23832,1849.46,0,0,18.852(23.565%)(0.000m),20.000(17.647%)(0.000m),28.000(24.706%)(0.857m),19.333(17.058%)(0.000m),11.138(13.922%)(0.000m),13.242(33.105%)(0.347m),10.349(25.874%)(0.037m),12.977,4900.549,65.6,1.3891,"[0.953, 1.013, 0.816, 1.019, 1.191, 0.928]","[3.341, 3.634, 3.610, 3.431, 3.966, 3.663]","[-6.099, -9.243, -7.135, -6.226, -8.772, -5.148]"
704,1,1.6480,2.6819,0.162,507,1422,147,64,0.245,85,1.56,23883,1935.14,0,0,11.000(13.750%)(0.000m),16.000(14.118%)(0.000m),27.000(23.824%)(0.750m),31.000(27.353%)(1.179m),14.987(18.733%)(0.000m),21.000(52.500%)(1.179m),10.500(26.249%)(0.054m),169.087,4549.452,64.9,1.3387,"[0.734, 1.242, 1.293, 0.708, 1.439, 1.241]","[3.555, 3.672, 3.510, 3.508, 3.898, 3.514]","[-10.379, -7.170, -6.326, -9.671, -6.582, -5.965]"
705,1,0.9685,2.6623,0.163,469,1310,84,15,0.244,80,1.56,23930,1800.54,0,0,20.745(25.932%)(0.080m),29.000(25.588%)(0.964m),42.000(37.059%)(2.357m),25.180(22.217%)(0.555m),12.363(15.454%)(0.000m),14.608(36.520%)(0.494m),9.770(24.425%)(0.000m),287.578,4496.112,64.6,1.3466,"[1.049, 1.020, 0.663, 1.048, 1.142, 0.760]","[3.159, 3.695, 3.284, 3.131, 3.848, 3.287]","[-6.416, -7.784, -6.287, -6.645, -7.358, -4.748]"
706,1,4.0267,2.7827,0.166,467,1325,30,51,0.244,80,1.56,23977,1803.79,0,0,11.000(13.750%)(0.000m),19.000(16.765%)(0.000m),38.000(33.530%)(1.929m),41.167(36.324%)(2.268m),19.380(24.225%)(0.000m),24.000(60.000%)(1.500m),13.620(34.051%)(0.388m),552.744,4475.331,65.7,1.3501,"[1.175, 1.525, 1.227, 1.200, 1.750, 1.309]","[3.012, 3.616, 3.297, 3.068, 3.864, 3.328]","[-10.326, -5.993, -6.397, -10.038, -5.370, -6.242]"
707,1,1.5719,2.7785,0.161,432,1252,130,84,0.243,80,1.56,24021,1665.68,0,0,11.000(13.750%)(0.000m),16.000(14.118%)(0.000m),26.000(22.941%)(0.643m),31.072(27.417%)(1.186m),14.259(17.824%)(0.000m),13.000(32.500%)(0.321m),9.976(24.941%)(0.000m),184.120,3530.413,67.1,1.3605,"[0.320, 0.994, 1.051, 0.293, 1.221, 1.076]","[3.110, 3.461, 3.320, 3.144, 3.748, 3.417]","[-6.887, -5.959, -6.156, -5.290, -6.029, -5.984]"
708,1,2.7837,2.8096,0.151,444,1264,112,12,0.243,80,1.55,24066,1632.00,0,0,32.000(40.000%)(1.286m),23.000(20.294%)(0.321m),24.000(21.177%)(0.429m),42.776(37.743%)(2.440m),20.691(25.864%)(0.074m),29.000(72.500%)(2.036m),14.591(36.478%)(0.492m),530.963,4337.438,65.9,1.3439,"[1.060, 1.437, 1.243, 1.084, 1.647, 1.343]","[3.147, 3.312, 3.024, 3.250, 3.626, 3.169]","[-5.073, -5.160, -6.260, -5.342, -5.741, -4.876]"
709,1,0.8589,2.8015,0.147,209,563,0,15,0.242,55,1.55,24087,825.79,0,0,24.000(30.000%)(0.429m),22.000(19.412%)(0.214m),72.000(63.530%)(5.571m),105.814(93.365%)(9.194m),51.181(63.976%)(3.341m),40.000(100.000%)(3.214m),39.932(99.829%)(3.207m),0.000,3234.322,62.3,1.3331,"[1.455, 1.624, 1.349, 1.371, 1.712, 1.326]","[2.994, 3.380, 3.022, 3.156, 3.746, 3.032]","[-7.595, -3.845, -5.290, -7.932, -3.621, -3.877]"
710,1,1.9164,2.8681,0.165,273,793,73,11,0.242,65,1.55,24115,1055.27,0,0,28.000(35.000%)(0.857m),37.000(32.647%)(1.821m),70.000(61.765%)(5.357m),28.123(24.814%)(0.870m),13.023(16.279%)(0.000m),29.000(72.500%)(2.036m),9.775(24.439%)(0.000m),279.649,3623.169,67.2,1.3547,"[0.317, 1.560, 1.669, 0.182, 1.676, 1.648]","[3.348, 3.436, 3.101, 3.395, 3.763, 3.206]","[-4.886, -6.158, -4.567, -5.127, -5.768, -4.522]"
711,1,-1.7948,2.8163,0.153,539,1462,174,68,0.241,80,1.55,24169,1967.82,0,0,15.833(19.791%)(0.000m),25.000(22.059%)(0.536m),34.000(30.000%)(1.500m),34.000(30.000%)(1.500m),28.000(35.000%)(0.857m),11.145(27.863%)(0.123m),30.000(75.000%)(2.143m),17.893,7146.838,62.8,1.3013,"[1.028, 0.824, 0.530, 1.042, 0.933, 0.465]","[3.033, 3.349, 3.008, 3.133, 3.565, 3.121]","[-3.157, -6.568, -5.670, -3.554, -7.520, -6.259]"
712,1,2.3171,2.5349,0.169,417,1200,154,19,0.241,80,1.54,24211,1568.93,0,0,32.000(40.000%)(1.286m),47.000(41.471%)(2.893m),55.000(48.530%)(3.750m),28.000(24.706%)(0.857m),19.175(23.969%)(0.000m),27.000(67.500%)(1.821m),13.484(33.710%)(0.373m),0.000,3752.181,66.6,1.3430,"[0.535, 1.439, 1.392, 0.475, 1.614, 1.436]","[3.126, 3.281, 2.965, 3.273, 3.567, 3.070]","[-4.813, -4.297, -6.136, -4.789, -3.568, -5.288]"
713,1,1.6273,2.5216,0.165,303,780,15,27,0.240,60,1.54,24242,1190.67,0,0,27.000(33.750%)(0.750m),32.000(28.235%)(1.286m),22.016(19.426%)(0.216m),13.565(11.969%)(0.000m),9.182(11.477%)(0.000m),40.000(100.000%)(3.214m),10.774(26.934%)(0.083m),500.944,5161.973,59.6,1.3918,"[1.654, 1.844, 1.621, 1.588, 2.036, 1.627]","[3.263, 3.576, 3.071, 3.267, 3.742, 3.090]","[-5.559, -5.658, -6.320, -5.624, -5.553, -6.206]"
714,1,1.6657,2.4989,0.171,265,718,21,10,0.240,60,1.54,24269,1014.27,0,0,29.000(36.250%)(0.964m),38.000(33.530%)(1.929m),61.000(53.824%)(4.393m),29.033(25.617%)(0.968m),13.317(16.647%)(0.000m),32.000(80.000%)(2.357m),9.738(24.346%)(0.000m),467.999,4203.010,62.7,1.4132,"[1.096, 1.476, 1.817, 1.076, 1.571, 1.858]","[3.021, 3.449, 3.053, 3.133, 3.684, 3.126]","[-5.211, -5.738, -3.073, -5.019, -5.235, -3.163]"
715,1,4.4721,2.4919,0.176,432,1205,146,0,0.239,80,1.54,24313,1696.18,0,0,36.000(45.000%)(1.714m),45.000(39.706%)(2.679m),49.000(43.235%)(3.107m),27.345(24.128%)(0.787m),12.831(16.039%)(0.000m),26.000(65.000%)(1.714m),9.757(24.392%)(0.000m),661.519,4882.994,64.6,1.3107,"[1.228, 1.877, 1.883, 1.254, 2.091, 1.944]","[3.334, 3.700, 3.551, 3.299, 4.003, 3.386]","[-5.555, -5.765, -4.569, -5.521, -6.789, -3.763]"
716,1,1.3953,2.5096,0.170,456,1283,88,42,0.239,80,1.54,24359,1851.36,0,0,26.000(32.500%)(0.643m),43.000(37.941%)(2.464m),53.000(46.765%)(3.536m),27.000(23.824%)(0.750m),18.833(23.541%)(0.000m),23.000(57.500%)(1.393m),13.234(33.085%)(0.347m),0.000,3867.298,65.1,1.4948,"[1.021, 1.549, 1.603, 1.058, 1.780, 1.630]","[3.130, 3.629, 3.455, 3.265, 3.939, 3.508]","[-4.825, -4.399, -5.787, -4.805, -3.881, -4.627]"
717,1,3.1093,2.2041,0.160,356,1014,34,18,0.238,75,1.53,24395,1392.23,0,0,28.000(35.000%)(0.857m),48.000(42.353%)(3.000m),80.000(70.588%)(6.429m),29.410(25.950%)(1.008m),13.407(16.759%)(0.000m),25.000(62.500%)(1.607m),9.676(24.189%)(0.000m),1176.652,4528.312,65.9,1.3571,"[1.332, 1.820, 1.761, 1.352, 2.049, 1.850]","[3.277, 3.751, 3.364, 3.285, 3.949, 3.420]","[-4.969, -5.789, -3.573, -5.157, -5.665, -2.966]"
718,1,2.9441,2.1911,0.166,504,1421,74,53,0.238,85,1.53,24446,1980.64,0,0,12.000(15.000%)(0.000m),21.000(18.529%)(0.107m),57.000(50.294%)(3.964m),39.929(35.232%)(2.135m),18.754(23.442%)(0.000m),11.000(27.500%)(0.107m),13.171(32.928%)(0.340m),334.125,4101.146,65.3,1.4063,"[1.012, 1.483, 1.287, 1.025, 1.725, 1.345]","[3.196, 3.552, 3.406, 3.374, 3.850, 3.428]","[-10.079, -5.175, -6.073, -12.728, -4.086, -5.312]"
719,1,19.8200,2.5525,0.160,856,2475,122,130,0.238,100,1.67,24532,3339.99,1,1,21.000(26.250%)(0.107m),40.000(35.294%)(2.143m),51.000(45.000%)(3.321m),33.151(29.251%)(1.409m),15.387(19.234%)(0.000m),15.000(37.500%)(0.536m),10.783(26.958%)(0.084m),329.828,3563.017,66.9,1.3360,"[1.203, 1.547, 1.404, 1.204, 1.737, 1.436]","[3.312, 3.708, 3.496, 3.343, 3.969, 3.541]","[-4.700, -4.194, -1.051, -4.760, -4.200, -0.771]"
720,1,2.0505,2.5938,0.152,361,961,114,0,0.237,70,1.67,24569,1354.36,0,0,43.000(53.750%)(2.464m),59.000(52.059%)(4.179m),67.000(59.118%)(5.036m),24.999(22.058%)(0.536m),12.274(15.343%)(0.000m),30.000(75.000%)(2.143m),9.700(24.249%)(0.000m),2309.247,6023.851,61.6,1.3181,"[0.785, 1.932, 2.106, 0.688, 2.086, 2.142]","[3.565, 3.674, 3.391, 3.649, 3.912, 3.420]","[-5.067, -6.925, -5.917, -5.488, -6.054, -6.162]"
721,1,2.2501,2.6306,0.160,258,704,13,32,0.237,60,1.66,24595,1044.92,0,0,21.000(26.250%)(0.107m),38.000(33.530%)(1.929m),26.601(23.472%)(0.707m),15.488(13.666%)(0.000m),10.104(12.630%)(0.000m),21.000(52.500%)(1.179m),11.144(27.860%)(0.123m),374.221,4478.188,63.2,1.2696,"[1.637, 1.772, 1.596, 1.534, 2.026, 1.551]","[3.531, 3.726, 3.405, 3.552, 3.958, 3.407]","[-5.580, -6.638, -7.610, -6.045, -6.379, -7.908]"
722,1,14.0352,2.8421,0.165,978,2741,184,136,0.236,100,1.80,24693,3813.75,1,1,22.000(27.500%)(0.214m),29.000(25.588%)(0.964m),38.000(33.530%)(1.929m),29.520(26.047%)(1.020m),13.702(17.128%)(0.000m),19.000(47.500%)(0.964m),9.598(23.995%)(0.000m),233.802,3957.425,64.9,1.3386,"[0.787, 1.360, 1.306, 0.790, 1.608, 1.292]","[3.472, 3.551, 3.346, 3.455, 3.771, 3.342]","[-5.609, -5.978, -4.401, -5.666, -5.367, -4.245]"
723,1,0.7159,2.8411,0.154,403,1113,119,0,0.236,75,1.80,24734,1523.71,0,0,11.748(14.686%)(0.000m),22.067(19.471%)(0.221m),59.273(52.299%)(4.208m),75.000(66.177%)(5.893m),33.000(41.250%)(1.393m),9.848(24.621%)(0.000m),23.000(57.500%)(1.393m),1305.854,8954.130,63.9,1.3360,"[1.222, 0.779, 0.283, 1.244, 1.015, 0.248]","[3.199, 3.771, 3.585, 3.179, 3.992, 3.460]","[-3.648, -5.394, -5.672, -2.930, -5.650, -5.786]"
724,1,-0.5459,2.7805,0.162,947,2629,171,153,0.235,95,1.80,24829,3710.74,0,0,22.000(27.500%)(0.214m),22.000(19.412%)(0.214m),24.000(21.177%)(0.429m),28.000(24.706%)(0.857m),13.452(16.815%)(0.000m),23.000(57.500%)(1.393m),9.587(23.968%)(0.000m),28.411,3378.249,64.2,1.3550,"[0.388, 0.679, 0.563, 0.233, 0.913, 0.514]","[3.129, 3.425, 3.334, 3.208, 3.783, 3.372]","[-5.317, -5.390, -5.389, -5.131, -5.370, -5.949]"
725,1,1.7324,2.7135,0.164,511,1412,214,12,0.235,80,1.79,24881,2006.24,0,0,28.000(35.000%)(0.857m),19.000(16.765%)(0.000m),35.000(30.882%)(1.607m),34.654(30.578%)(1.570m),16.085(20.106%)(0.000m),29.000(72.500%)(2.036m),11.269(28.172%)(0.136m),492.353,5030.042,63.9,1.3657,"[0.548, 1.287, 1.253, 0.464, 1.438, 1.315]","[3.460, 3.514, 3.044, 3.537, 3.798, 3.147]","[-5.038, -5.951, -5.830, -5.115, -5.629, -4.698]"
726,1,0.3292,2.6566,0.165,287,731,13,19,0.234,60,1.79,24910,1138.80,0,0,24.000(30.000%)(0.429m),27.000(23.824%)(0.750m),56.000(49.412%)(3.857m),82.854(73.107%)(6.734m),44.633(55.791%)(2.639m),40.000(100.000%)(3.214m),36.176(90.440%)(2.805m),46.203,4420.415,59.0,1.3438,"[1.829, 1.829, 1.681, 1.818, 2.066, 1.589]","[3.348, 3.533, 3.265, 3.398, 3.699, 3.126]","[-1.432, -3.045, -2.553, -2.440, -2.748, -2.435]"
727,1,0.6054,2.6044,0.149,352,954,49,10,0.234,70,1.79,24946,1351.10,0,0,30.000(37.500%)(1.071m),40.000(35.294%)(2.143m),56.000(49.412%)(3.857m),27.442(24.213%)(0.797m),12.873(16.092%)(0.000m),26.000(65.000%)(1.714m),9.789(24.472%)(0.000m),562.033,4886.742,62.7,1.2828,"[0.851, 1.812, 1.822, 0.849, 2.040, 1.867]","[3.307, 3.485, 3.257, 3.297, 3.818, 3.342]","[-5.128, -6.385, -5.392, -5.284, -5.636, -4.966]"
728,1,1.1725,2.6229,0.174,309,824,13,16,0.233,65,1.79,24977,1178.83,0,0,28.000(35.000%)(0.857m),47.000(41.471%)(2.893m),61.000(53.824%)(4.393m),25.171(22.210%)(0.554m),12.359(15.449%)(0.000m),26.000(65.000%)(1.714m),9.766(24.416%)(0.000m),1263.582,5349.608,61.7,1.2658,"[1.499, 1.726, 1.667, 1.432, 1.935, 1.697]","[3.575, 3.478, 3.384, 3.540, 3.804, 3.476]","[-5.275, -6.059, -4.955, -5.154, -5.839, -5.030]"
729,1,1.1044,2.5869,0.160,849,2324,258,81,0.233,95,1.78,25062,3344.46,0,0,13.233(16.542%)(0.000m),24.266(21.411%)(0.457m),21.000(18.529%)(0.107m),20.000(17.647%)(0.000m),19.077(23.847%)(0.000m),11.562(28.904%)(0.167m),13.434(33.584%)(0.368m),0.000,4104.758,63.4,1.3369,"[0.629, 0.827, 0.675, 0.527, 0.899, 0.610]","[3.329, 3.696, 3.334, 3.426, 3.928, 3.439]","[-6.014, -6.270, -4.981, -5.711, -5.497, -4.864]"
730,1,1.2107,2.5903,0.164,424,1221,140,13,0.232,80,1.78,25105,1607.12,0,0,30.000(37.500%)(1.071m),21.000(18.529%)(0.107m),43.000(37.941%)(2.464m),37.501(33.089%)(1.875m),17.572(21.965%)(0.000m),28.000(70.000%)(1.929m),12.331(30.827%)(0.250m),694.688,4781.068,66.6,1.3499,"[0.588, 1.318, 1.121, 0.480, 1.478, 1.171]","[3.242, 3.442, 3.157, 3.268, 3.681, 3.202]","[-8.110, -7.277, -7.802, -8.351, -7.249, -6.446]"
731,1,6.3806,2.6805,0.174,552,1508,37,47,0.232,85,1.78,25161,2168.92,0,0,11.000(13.750%)(0.000m),16.000(14.118%)(0.000m),26.000(22.941%)(0.643m),39.000(34.412%)(2.036m),24.533(30.666%)(0.486m),26.000(65.000%)(1.714m),17.365(43.412%)(0.789m),431.787,4798.308,63.2,1.3294,"[1.322, 1.602, 1.355, 1.321, 1.833, 1.373]","[3.241, 3.503, 3.306, 3.220, 3.782, 3.448]","[-6.479, -5.207, -5.594, -6.035, -4.863, -5.661]"
732,1,-1.2920,2.3805,0.160,553,1523,103,75,0.231,85,1.78,25217,2136.88,0,0,11.000(13.750%)(0.000m),19.000(16.765%)(0.000m),42.000(37.059%)(2.357m),34.000(30.000%)(1.500m),20.020(25.024%)(0.002m),10.000(25.000%)(0.000m),14.096(35.241%)(0.439m),189.205,4405.832,63.8,1.3871,"[0.849, 1.262, 1.199, 0.841, 1.505, 1.222]","[3.404, 3.547, 3.428, 3.469, 3.822, 3.492]","[-11.019, -6.068, -5.447, -14.217, -5.549, -5.545]"
733,1,0.2279,2.3740,0.173,539,1484,122,40,0.231,85,1.77,25271,2049.11,0,0,17.081(21.351%)(0.000m),33.000(29.118%)(1.393m),51.000(45.000%)(3.321m),21.000(18.529%)(0.107m),12.000(15.000%)(0.000m),11.974(29.935%)(0.211m),26.000(65.000%)(1.714m),448.268,5515.160,63.7,1.2690,"[1.314, 1.331, 0.676, 1.314, 1.550, 0.683]","[3.415, 3.479, 3.202, 3.463, 3.807, 3.224]","[-5.141, -6.470, -8.221, -5.084, -5.845, -5.641]"
734,1,4.7458,2.3776,0.163,481,1348,62,35,0.231,80,1.77,25320,1925.11,0,0,25.000(31.250%)(0.536m),18.000(15.882%)(0.000m),35.000(30.882%)(1.607m),33.000(29.118%)(1.393m),19.995(24.994%)(0.000m),27.000(67.500%)(1.821m),14.067(35.167%)(0.436m),384.532,4701.788,64.9,1.3505,"[0.950, 1.324, 1.226, 0.826, 1.500, 1.195]","[2.924, 3.416, 3.300, 3.002, 3.670, 3.299]","[-4.628, -5.536, -5.436, -5.259, -4.490, -5.717]"
735,1,1.6944,2.3256,0.170,488,1388,156,72,0.230,85,1.77,25369,1950.14,0,0,13.000(16.250%)(0.000m),26.000(22.941%)(0.643m),49.000(43.235%)(3.107m),31.000(27.353%)(1.179m),14.566(18.207%)(0.000m),11.000(27.500%)(0.107m),10.208(25.520%)(0.022m),75.994,4567.163,65.8,1.3161,"[0.618, 1.059, 1.138, 0.489, 1.234, 1.114]","[3.274, 3.500, 3.207, 3.309, 3.821, 3.243]","[-7.441, -6.327, -6.197, -8.947, -6.352, -5.556]"
736,1,18.6190,2.7139,0.175,928,2631,166,153,0.230,100,1.90,25462,3578.80,1,1,18.000(22.500%)(0.000m),37.000(32.647%)(1.821m),51.000(45.000%)(3.321m),31.121(27.460%)(1.192m),14.284(17.855%)(0.000m),13.000(32.500%)(0.321m),9.994(24.985%)(0.000m),476.263,4296.610,65.6,1.2938,"[1.117, 1.528, 1.418, 1.127, 1.817, 1.462]","[3.399, 3.521, 3.341, 3.419, 3.846, 3.419]","[-5.344, -5.788, -5.067, -5.160, -5.705, -5.532]"
737,1,1.3436,2.7061,0.161,461,1330,24,32,0.229,85,1.90,25509,1826.45,0,0,11.000(13.750%)(0.000m),20.000(17.647%)(0.000m),61.000(53.824%)(4.393m),41.000(36.177%)(2.250m),21.436(26.796%)(0.154m),10.000(25.000%)(0.000m),15.101(37.754%)(0.547m),294.761,3940.867,66.8,1.3699,"[1.166, 1.507, 1.240, 1.076, 1.753, 1.347]","[3.459, 3.587, 3.339, 3.506, 3.830, 3.378]","[-9.893, -5.722, -6.668, -12.738, -5.681, -6.043]"
738,1,1.8483,2.7216,0.160,399,1159,55,81,0.229,80,1.90,25549,1568.06,0,0,21.000(26.250%)(0.107m),39.000(34.412%)(2.036m),30.000(26.471%)(1.071m),22.000(19.412%)(0.214m),19.624(24.530%)(0.000m),17.000(42.500%)(0.750m),13.795(34.488%)(0.407m),0.000,3091.768,67.2,1.3483,"[0.854, 1.253, 1.205, 0.854, 1.465, 1.177]","[3.232, 3.562, 3.174, 3.310, 3.798, 3.189]","[-5.345, -5.153, -7.405, -5.269, -4.915, -6.576]"
739,1,-0.3410,2.6756,0.178,268,719,25,0,0.228,60,1.89,25576,1030.25,0,0,11.559(14.448%)(0.000m),20.952(18.487%)(0.102m),50.991(44.992%)(3.321m),42.000(37.059%)(2.357m),32.000(40.000%)(1.286m),10.224(25.561%)(0.024m),32.000(80.000%)(2.357m),800.881,4635.732,62.1,1.2989,"[1.794, 1.855, 1.476, 1.712, 1.969, 1.371]","[3.085, 3.612, 3.386, 3.040, 3.864, 3.467]","[-5.598, -6.411, -6.194, -5.417, -5.560, -6.498]"
740,1,18.1707,3.0075,0.164,1111,3027,336,220,0.228,100,2.03,25688,4283.67,1,1,20.000(25.000%)(0.000m),28.000(24.706%)(0.857m),30.000(26.471%)(1.071m),26.000(22.941%)(0.643m),17.505(21.882%)(0.000m),12.000(30.000%)(0.214m),12.284(30.709%)(0.245m),236.279,5035.307,63.1,1.3171,"[0.930, 1.431, 1.270, 0.911, 1.672, 1.263]","[3.639, 3.605, 3.443, 3.678, 3.926, 3.436]","[-6.194, -5.417, -4.396, -5.937, -5.166, -4.991]"
741,1,20.1168,3.0514,0.162,968,2720,90,74,0.227,100,2.16,25785,3760.35,2,1,17.774(22.217%)(0.000m),37.847(33.394%)(1.912m),59.000(52.059%)(4.179m),40.927(36.112%)(2.242m),19.259(24.073%)(0.000m),12.487(31.217%)(0.266m),13.546(33.864%)(0.380m),665.573,6426.878,65.0,1.2948,"[1.205, 1.602, 1.343, 1.207, 1.823, 1.353]","[3.239, 3.408, 3.114, 3.302, 3.711, 3.256]","[-5.302, -1.139, -4.776, -5.206, -0.653, -4.582]"
742,1,4.8008,3.1260,0.162,510,1434,16,100,0.227,85,2.16,25836,1950.45,0,0,11.000(13.750%)(0.000m),18.000(15.882%)(0.000m),51.000(45.000%)(3.321m),37.000(32.647%)(1.821m),23.304(29.130%)(0.354m),11.000(27.500%)(0.107m),16.446(41.114%)(0.691m),348.183,4253.827,65.1,1.3110,"[1.402, 1.680, 1.342, 1.437, 1.927, 1.452]","[3.166, 3.640, 3.305, 3.229, 3.897, 3.431]","[-12.153, -6.878, -5.991, -14.219, -6.499, -6.062]"
743,1,3.0908,3.1466,0.173,361,1002,32,48,0.226,75,2.15,25873,1345.61,0,0,21.000(26.250%)(0.107m),35.000(30.882%)(1.607m),47.543(41.950%)(2.951m),20.125(17.757%)(0.013m),11.228(14.035%)(0.000m),19.000(47.500%)(0.964m),10.055(25.138%)(0.006m),232.994,4336.258,64.2,1.2780,"[1.369, 1.814, 1.750, 1.426, 2.094, 1.826]","[2.957, 3.602, 3.315, 3.114, 3.906, 3.406]","[-5.213, -5.834, -5.888, -5.158, -5.837, -5.536]"
744,1,2.5907,3.2093,0.160,398,1157,97,43,0.226,80,2.15,25913,1545.38,0,0,24.000(30.000%)(0.429m),20.000(17.647%)(0.000m),20.000(17.647%)(0.000m),21.000(18.529%)(0.107m),22.687(28.359%)(0.288m),21.000(52.500%)(1.179m),16.005(40.013%)(0.643m),0.000,3481.483,67.3,1.3285,"[1.104, 1.442, 1.426, 1.110, 1.604, 1.411]","[2.937, 3.501, 3.305, 3.132, 3.860, 3.422]","[-5.026, -7.869, -5.476, -5.194, -8.699, -6.547]"
745,1,-1.4276,3.1769,0.161,448,1269,233,11,0.225,80,2.15,25958,1674.80,0,0,44.000(55.000%)(2.571m),56.000(49.412%)(3.857m),49.000(43.235%)(3.107m),26.000(22.941%)(0.643m),14.681(18.352%)(0.000m),30.000(75.000%)(2.143m),10.289(25.722%)(0.031m),0.000,4259.652,65.6,1.3254,"[-0.290, 1.165, 1.417, -0.337, 1.319, 1.444]","[3.094, 3.663, 3.362, 3.119, 3.884, 3.335]","[-5.576, -5.131, -6.166, -5.546, -4.378, -5.177]"
746,1,0.3389,3.2086,0.175,545,1526,156,96,0.225,85,2.14,26013,2056.50,0,0,19.000(23.750%)(0.000m),40.000(35.294%)(2.143m),54.000(47.647%)(3.643m),31.748(28.013%)(1.259m),11.000(13.750%)(0.000m),15.000(37.500%)(0.536m),10.327(25.817%)(0.035m),448.703,4641.895,64.8,1.2932,"[0.630, 1.152, 1.214, 0.659, 1.325, 1.240]","[3.063, 3.603, 3.398, 3.131, 3.863, 3.427]","[-5.319, -5.105, -5.447, -5.131, -5.253, -6.225]"
747,1,9.3236,3.3353,0.170,863,2447,198,32,0.225,95,2.14,26100,3297.81,0,0,18.056(22.570%)(0.000m),38.552(34.017%)(1.988m),57.000(50.294%)(3.964m),24.256(21.403%)(0.456m),12.256(15.320%)(0.000m),12.669(31.673%)(0.286m),9.934(24.834%)(0.000m),855.216,4414.008,65.6,1.3245,"[1.219, 1.665, 1.282, 1.215, 1.897, 1.333]","[3.416, 3.712, 3.409, 3.451, 4.020, 3.526]","[-5.144, -6.341, -7.667, -5.390, -5.726, -7.331]"
748,1,0.5005,3.3500,0.182,515,1434,58,116,0.224,85,2.14,26152,1930.45,0,0,10.000(12.500%)(0.000m),14.000(12.353%)(0.000m),22.000(19.412%)(0.214m),35.000(30.882%)(1.607m),20.629(25.786%)(0.067m),19.000(47.500%)(0.964m),14.550(36.374%)(0.487m),191.957,4898.278,64.4,1.2971,"[1.074, 1.332, 1.035, 1.126, 1.520, 1.090]","[3.381, 3.684, 3.474, 3.438, 4.040, 3.460]","[-6.114, -5.020, -6.068, -5.217, -5.408, -5.974]"
749,1,3.4286,3.3605,0.162,288,779,15,26,0.224,65,2.14,26181,1093.41,0,0,27.000(33.750%)(0.750m),35.000(30.882%)(1.607m),49.052(43.281%)(3.113m),20.155(17.784%)(0.017m),11.119(13.899%)(0.000m),24.000(60.000%)(1.500m),9.835(24.589%)(0.000m),389.972,4626.086,62.6,1.2971,"[1.784, 2.207, 2.092, 1.720, 2.395, 2.075]","[3.271, 3.583, 3.275, 3.302, 3.858, 3.316]","[-5.446, -6.008, -6.186, -5.561, -5.898, -6.453]"
750,1,3.4799,3.4341,0.163,438,1287,25,87,0.223,85,2.13,26225,1677.63,0,0,13.000(16.250%)(0.000m),42.000(37.059%)(2.357m),48.000(42.353%)(3.000m),36.000(31.765%)(1.714m),24.539(30.674%)(0.486m),10.000(25.000%)(0.000m),17.335(43.337%)(0.786m),305.055,3480.443,68.0,1.3583,"[1.265, 1.621, 1.415, 1.307, 1.842, 1.478]","[3.105, 3.530, 3.348, 3.165, 3.888, 3.397]","[-3.910, -3.685, -1.584, -3.899, -3.748, -1.335]"
751,1,-1.6889,3.3847,0.167,388,992,27,30,0.223,70,2.13,26264,1533.96,0,0,12.219(15.274%)(0.000m),24.527(21.641%)(0.485m),57.000(50.294%)(3.964m),46.000(40.588%)(2.786m),28.000(35.000%)(0.857m),9.779(24.448%)(0.000m),20.000(50.000%)(1.071m),1355.428,6895.647,59.2,1.3741,"[1.633, 1.849, 1.623, 1.738, 2.050, 1.574]","[3.043, 3.576, 3.327, 3.172, 3.793, 3.326]","[-8.276, -7.864, -6.329, -9.327, -6.746, -6.407]"
752,1,21.5843,3.7880,0.159,1016,2819,199,91,0.222,100,2.26,26366,3967.82,1,1,18.000(22.500%)(0.000m),37.000(32.647%)(1.821m),46.000(40.588%)(2.786m),44.157(38.962%)(2.588m),21.918(27.398%)(0.206m),16.000(40.000%)(0.643m),15.574(38.936%)(0.597m),400.790,6105.481,64.2,1.3330,"[1.439, 1.556, 1.406, 1.447, 1.823, 1.449]","[3.366, 3.543, 3.344, 3.437, 3.837, 3.375]","[-5.392, -3.864, -2.941, -5.721, -2.832, -2.887]"
753,1,17.4985,4.1805,0.170,995,2779,144,216,0.222,100,2.39,26466,3897.25,2,1,21.000(26.250%)(0.107m),30.000(26.471%)(1.071m),53.000(46.765%)(3.536m),31.186(27.518%)(1.199m),14.471(18.088%)(0.000m),14.000(35.000%)(0.429m),10.141(25.352%)(0.015m),253.899,5999.653,64.6,1.3356,"[1.071, 1.300, 1.307, 1.127, 1.493, 1.282]","[3.160, 3.461, 3.367, 3.178, 3.841, 3.457]","[-5.153, -4.977, -4.070, -4.918, -4.975, -4.698]"
754,1,4.6520,4.2406,0.161,503,1420,110,76,0.221,85,2.39,26517,1952.14,0,0,11.000(13.750%)(0.000m),17.000(15.000%)(0.000m),62.000(54.706%)(4.500m),35.000(30.882%)(1.607m),17.644(22.056%)(0.000m),11.000(27.500%)(0.107m),12.381(30.954%)(0.255m),96.742,3980.620,65.3,1.3685,"[0.661, 1.449, 1.440, 0.643, 1.670, 1.546]","[3.057, 3.528, 3.208, 3.104, 3.774, 3.303]","[-11.742, -6.398, -6.556, -14.338, -6.826, -6.351]"
755,1,22.2796,4.6668,0.158,821,2400,126,79,0.221,100,2.52,26600,3244.22,1,1,19.000(23.750%)(0.000m),34.000(30.000%)(1.500m),50.000(44.118%)(3.214m),34.012(30.011%)(1.501m),15.794(19.742%)(0.000m),14.000(35.000%)(0.429m),11.070(27.674%)(0.115m),459.844,3393.487,67.6,1.3495,"[0.822, 1.618, 1.444, 0.848, 1.814, 1.514]","[3.038, 3.456, 3.245, 3.051, 3.722, 3.266]","[-5.148, -2.465, -1.816, -4.935, -2.678, -1.713]"
756,1,3.2697,4.6517,0.180,300,815,21,0,0.221,65,2.51,26630,1170.62,0,0,36.000(45.000%)(1.714m),47.000(41.471%)(2.893m),51.205(45.181%)(3.343m),21.040(18.564%)(0.111m),11.607(14.509%)(0.000m),26.000(65.000%)(1.714m),10.267(25.668%)(0.029m),848.621,5168.678,62.9,1.3044,"[1.086, 2.043, 2.003, 1.050, 2.223, 2.021]","[3.067, 3.446, 3.431, 3.065, 3.795, 3.398]","[-5.251, -5.796, -5.716, -5.152, -5.474, -5.521]"
757,1,3.0598,4.6814,0.173,614,1774,122,82,0.220,90,2.51,26692,2389.33,0,0,11.403(14.254%)(0.000m),19.793(17.465%)(0.000m),43.220(38.136%)(2.488m),43.000(37.941%)(2.464m),21.000(26.250%)(0.107m),10.596(26.490%)(0.064m),15.000(37.500%)(0.536m),733.779,4509.041,66.9,1.3549,"[1.153, 1.224, 0.458, 1.170, 1.457, 0.448]","[3.270, 3.509, 3.435, 3.275, 3.780, 3.377]","[-5.763, -6.703, -5.152, -6.352, -6.609, -6.038]"
758,1,0.4258,4.6343,0.163,462,1296,0,17,0.220,80,2.51,26739,1789.13,0,0,29.000(36.250%)(0.964m),44.000(38.824%)(2.571m),63.000(55.588%)(4.607m),24.000(21.177%)(0.429m),23.000(28.750%)(0.321m),24.000(60.000%)(1.500m),18.413(46.032%)(0.901m),0.000,4209.471,64.9,1.3358,"[1.109, 1.398, 1.411, 1.226, 1.676, 1.541]","[3.004, 3.041, 3.013, 3.169, 3.484, 3.108]","[-4.393, -5.111, -6.566, -4.426, -4.226, -4.746]"
759,1,25.3834,5.1247,0.172,861,2486,158,15,0.219,100,2.64,26826,3315.21,1,1,29.000(36.250%)(0.964m),44.000(38.824%)(2.571m),56.000(49.412%)(3.857m),41.499(36.617%)(2.303m),19.548(24.435%)(0.000m),24.000(60.000%)(1.500m),13.741(34.352%)(0.401m),520.224,4060.177,66.8,1.3139,"[1.178, 1.674, 1.548, 1.191, 1.907, 1.586]","[3.005, 3.310, 3.159, 3.095, 3.655, 3.260]","[-5.109, -0.847, -1.218, -4.853, -0.941, -1.102]"
760,1,6.3835,5.2141,0.165,446,1259,52,26,0.219,80,2.63,26871,1746.89,0,0,30.000(37.500%)(1.071m),38.000(33.530%)(1.929m),22.000(19.412%)(0.214m),20.000(17.647%)(0.000m),23.611(29.514%)(0.387m),27.000(67.500%)(1.821m),16.666(41.665%)(0.714m),0.000,3771.569,65.4,1.3765,"[1.194, 1.508, 1.519, 1.096, 1.727, 1.476]","[3.078, 3.528, 3.242, 3.133, 3.753, 3.202]","[-4.978, -6.188, -8.203, -5.083, -5.687, -7.240]"
761,1,4.5375,5.3407,0.182,348,987,79,28,0.218,75,2.63,26906,1342.89,0,0,26.000(32.500%)(0.643m),44.000(38.824%)(2.571m),57.062(50.349%)(3.971m),21.947(19.365%)(0.209m),11.828(14.785%)(0.000m),23.000(57.500%)(1.393m),10.206(25.515%)(0.022m),829.535,3946.090,65.7,1.3925,"[1.481, 1.923, 1.722, 1.421, 2.152, 1.796]","[3.635, 3.706, 3.386, 3.683, 4.009, 3.431]","[-5.512, -5.291, -7.913, -5.362, -5.110, -6.981]"
762,1,24.0177,5.7747,0.170,907,2585,203,63,0.218,100,2.76,26997,3539.14,1,1,25.000(31.250%)(0.536m),43.000(37.941%)(2.464m),59.000(52.059%)(4.179m),39.367(34.736%)(2.075m),19.136(23.920%)(0.000m),20.000(50.000%)(1.071m),13.514(33.784%)(0.376m),635.290,5012.495,66.0,1.3472,"[1.489, 1.971, 1.884, 1.509, 2.227, 1.968]","[3.304, 3.625, 3.376, 3.395, 3.941, 3.382]","[-5.409, -3.198, -0.689, -5.338, -3.406, -0.840]"
763,1,6.2149,5.8665,0.177,691,1979,75,45,0.218,95,2.75,27067,2729.51,0,0,25.000(31.250%)(0.536m),20.000(17.647%)(0.000m),20.000(17.647%)(0.000m),21.000(18.529%)(0.107m),21.114(26.392%)(0.119m),22.000(55.000%)(1.286m),14.869(37.172%)(0.522m),0.000,4089.398,66.3,1.3533,"[1.116, 1.342, 1.247, 1.151, 1.540, 1.223]","[3.745, 3.679, 3.485, 3.708, 3.924, 3.480]","[-5.015, -5.972, -5.293, -5.188, -6.161, -5.342]"
764,1,2.5660,5.8845,0.167,263,731,17,23,0.217,65,2.75,27094,974.35,0,0,26.000(32.500%)(0.643m),46.000(40.588%)(2.786m),50.945(44.951%)(3.315m),20.932(18.470%)(0.100m),11.548(14.435%)(0.000m),24.000(60.000%)(1.500m),10.215(25.537%)(0.023m),908.275,4387.977,64.4,1.2875,"[1.520, 2.051, 1.945, 1.488, 2.229, 1.981]","[3.363, 3.616, 3.179, 3.403, 3.891, 3.225]","[-5.154, -5.474, -5.771, -5.229, -5.599, -5.620]"
765,1,5.3239,5.9015,0.166,450,1297,55,41,0.217,80,2.75,27139,1764.51,0,0,11.000(13.750%)(0.000m),17.000(15.000%)(0.000m),33.000(29.118%)(1.393m),36.000(31.765%)(1.714m),20.872(26.090%)(0.093m),26.000(65.000%)(1.714m),14.690(36.724%)(0.502m),219.436,3950.611,66.7,1.3884,"[0.871, 1.574, 1.390, 0.787, 1.783, 1.499]","[3.205, 3.504, 3.308, 3.358, 3.764, 3.362]","[-10.754, -4.993, -6.781, -10.957, -5.076, -5.417]"
766,1,3.1583,5.9368,0.166,382,1123,131,23,0.216,80,2.74,27178,1580.80,0,0,29.000(36.250%)(0.964m),41.000(36.177%)(2.250m),20.000(17.647%)(0.000m),21.000(18.529%)(0.107m),22.373(27.966%)(0.254m),27.000(67.500%)(1.821m),15.778(39.445%)(0.619m),0.000,3082.130,68.0,1.3733,"[0.959, 1.550, 1.457, 0.916, 1.733, 1.445]","[3.051, 3.536, 3.314, 3.181, 3.845, 3.362]","[-4.643, -6.450, -8.277, -5.128, -6.750, -9.462]"
767,1,2.0057,5.9147,0.158,422,1226,167,49,0.216,80,2.74,27221,1621.31,0,0,23.000(28.750%)(0.321m),13.000(11.471%)(0.000m),20.000(17.647%)(0.000m),33.000(29.118%)(1.393m),15.556(19.445%)(0.000m),26.000(65.000%)(1.714m),10.896(27.240%)(0.096m),235.955,3711.907,67.3,1.4112,"[0.735, 1.384, 1.567, 0.621, 1.579, 1.547]","[3.208, 3.642, 3.423, 3.267, 3.914, 3.463]","[-5.431, -6.012, -5.165, -5.614, -5.208, -4.843]"
768,1,1.9274,5.8944,0.171,350,943,45,44,0.215,70,2.73,27256,1333.70,0,0,20.000(25.000%)(0.000m),31.000(27.353%)(1.179m),59.000(52.059%)(4.179m),25.571(22.563%)(0.597m),12.368(15.461%)(0.000m),23.000(57.500%)(1.393m),9.650(24.125%)(0.000m),237.824,4393.712,62.3,1.3607,"[1.251, 1.850, 1.856, 1.217, 2.196, 1.873]","[3.115, 3.358, 3.126, 3.170, 3.703, 3.193]","[-5.552, -6.847, -6.725, -5.841, -5.954, -6.222]"
769,1,2.3603,5.5452,0.172,313,835,15,32,0.215,65,2.73,27288,1193.74,0,0,24.000(30.000%)(0.429m),44.000(38.824%)(2.571m),42.981(37.924%)(2.462m),19.204(16.945%)(0.000m),10.949(13.687%)(0.000m),22.000(55.000%)(1.286m),10.050(25.125%)(0.005m),602.214,5151.983,61.8,1.2776,"[1.772, 2.088, 2.058, 1.786, 2.357, 2.097]","[3.263, 3.594, 3.400, 3.237, 3.919, 3.460]","[-6.111, -5.673, -5.810, -5.856, -5.579, -5.696]"
770,1,3.6607,5.5774,0.176,419,1097,83,51,0.214,75,2.73,27330,1656.12,0,0,22.000(27.500%)(0.214m),32.000(28.235%)(1.286m),56.000(49.412%)(3.857m),29.576(26.096%)(1.026m),13.658(17.072%)(0.000m),21.000(52.500%)(1.179m),9.594(23.985%)(0.000m),488.529,4828.281,60.6,1.3384,"[0.851, 1.797, 1.820, 0.908, 2.078, 1.848]","[3.119, 3.486, 3.429, 3.232, 3.731, 3.565]","[-6.299, -4.794, -1.904, -6.067, -4.593, -1.892]"
771,1,3.2413,5.5972,0.169,489,1388,158,27,0.214,85,2.72,27379,1890.56,0,0,11.000(13.750%)(0.000m),17.000(15.000%)(0.000m),59.000(52.059%)(4.179m),37.000(32.647%)(1.821m),18.075(22.593%)(0.000m),11.000(27.500%)(0.107m),12.695(31.736%)(0.289m),223.958,4536.176,65.7,1.2780,"[0.848, 1.744, 1.533, 0.769, 1.941, 1.609]","[3.147, 3.505, 3.292, 3.243, 3.813, 3.399]","[-11.523, -4.793, -6.240, -13.822, -5.496, -5.087]"
772,1,3.5458,5.3874,0.175,346,952,94,0,0.214,70,2.72,27414,1340.28,0,0,40.000(50.000%)(2.143m),54.000(47.647%)(3.643m),64.000(56.471%)(4.714m),29.260(25.818%)(0.992m),13.401(16.752%)(0.000m),31.000(77.500%)(2.250m),9.672(24.179%)(0.000m),1462.470,4811.898,63.7,1.3560,"[0.189, 2.120, 2.247, 0.072, 2.317, 2.274]","[3.035, 3.530, 3.237, 3.113, 3.850, 3.386]","[-5.192, -5.131, -0.366, -5.142, -5.112, -0.692]"
773,1,1.1200,5.3955,0.185,338,927,80,0,0.213,70,2.72,27448,1339.58,0,0,39.000(48.750%)(2.036m),53.000(46.765%)(3.536m),64.000(56.471%)(4.714m),27.361(24.142%)(0.789m),12.823(16.029%)(0.000m),27.000(67.500%)(1.821m),9.751(24.377%)(0.000m),1231.879,4900.391,63.5,1.3117,"[0.908, 2.039, 2.095, 0.940, 2.241, 2.118]","[3.153, 3.571, 3.225, 3.198, 3.854, 3.246]","[-5.504, -5.861, -3.823, -5.322, -5.659, -3.902]"
774,1,15.9877,5.7262,0.171,838,2435,202,92,0.213,100,2.84,27532,3195.22,1,1,23.000(28.750%)(0.321m),49.000(43.235%)(3.107m),46.000(40.588%)(2.786m),29.000(25.588%)(0.964m),18.034(22.542%)(0.000m),16.000(40.000%)(0.643m),12.655(31.638%)(0.285m),114.470,4037.918,67.3,1.2925,"[0.544, 1.756, 1.688, 0.541, 2.001, 1.772]","[3.300, 3.304, 3.271, 3.425, 3.614, 3.268]","[-4.793, -3.479, -4.207, -4.806, -3.562, -4.757]"
775,1,20.3348,6.0982,0.168,937,2648,124,113,0.212,100,2.97,27626,3680.19,2,1,27.000(33.750%)(0.750m),34.000(30.000%)(1.500m),56.000(49.412%)(3.857m),45.515(40.160%)(2.734m),21.610(27.012%)(0.172m),18.000(45.000%)(0.857m),15.238(38.096%)(0.561m),401.979,6289.058,65.4,1.2930,"[1.704, 1.939, 1.713, 1.743, 2.173, 1.766]","[3.344, 3.589, 3.297, 3.543, 3.846, 3.394]","[-4.776, 0.217, -0.827, -4.929, 0.377, -0.826]"
776,1,-2.6635,6.0384,0.167,273,701,47,21,0.212,60,2.96,27654,1030.52,0,0,59.302(74.127%)(4.211m),20.000(17.647%)(0.000m),20.000(17.647%)(0.000m),113.000(99.706%)(9.964m),54.676(68.344%)(3.715m),40.000(100.000%)(3.214m),39.790(99.476%)(3.192m),0.000,4624.495,59.5,1.2777,"[1.795, 1.632, 1.286, 1.517, 1.658, 1.043]","[3.424, 3.625, 3.166, 3.422, 3.826, 3.121]","[-3.019, -3.620, -3.862, -5.883, -4.083, -4.815]"
777,1,17.7161,6.3806,0.164,886,2543,67,142,0.211,100,3.09,27743,3412.24,1,1,25.000(31.250%)(0.536m),33.000(29.118%)(1.393m),58.000(51.177%)(4.071m),43.568(38.443%)(2.525m),19.741(24.676%)(0.000m),23.000(57.500%)(1.393m),14.626(36.565%)(0.496m),829.492,4426.461,66.4,1.3691,"[1.329, 1.689, 1.539, 1.386, 1.884, 1.579]","[3.104, 3.621, 3.549, 3.275, 3.927, 3.619]","[-4.410, -4.203, -4.267, -4.502, -4.832, -4.025]"
778,1,5.9151,6.4755,0.162,342,973,32,0,0.211,75,3.08,27778,1285.11,0,0,36.000(45.000%)(1.714m),47.000(41.471%)(2.893m),45.530(40.173%)(2.735m),19.818(17.486%)(0.000m),11.179(13.973%)(0.000m),27.000(67.500%)(1.821m),10.135(25.338%)(0.014m),1072.838,3885.184,65.9,1.2916,"[1.410, 2.108, 1.963, 1.369, 2.293, 2.039]","[3.457, 3.910, 3.528, 3.553, 4.254, 3.593]","[-5.374, -5.009, -6.380, -5.215, -5.065, -5.594]"
779,1,3.6201,6.5258,0.171,390,1078,42,13,0.211,75,3.08,27817,1499.32,0,0,29.000(36.250%)(0.964m),52.000(45.882%)(3.429m),49.465(43.646%)(3.157m),20.324(17.933%)(0.035m),11.213(14.016%)(0.000m),26.000(65.000%)(1.714m),9.918(24.796%)(0.000m),1196.447,5189.385,64.0,1.3341,"[1.710, 2.076, 1.850, 1.779, 2.301, 1.943]","[3.646, 3.741, 3.590, 3.606, 3.971, 3.684]","[-5.497, -5.268, -6.483, -5.279, -5.536, -5.907]"
780,1,15.4379,6.8103,0.180,873,2511,164,126,0.210,100,3.21,27905,3402.59,1,1,21.000(26.250%)(0.107m),41.000(36.177%)(2.250m),58.000(51.177%)(4.071m),39.000(34.412%)(2.036m),22.378(27.972%)(0.255m),15.000(37.500%)(0.536m),15.781(39.453%)(0.619m),417.826,4074.638,66.6,1.3271,"[1.543, 1.869, 1.678, 1.602, 2.110, 1.724]","[3.228, 3.652, 3.386, 3.412, 3.863, 3.407]","[-3.807, -1.330, -1.799, -4.227, -1.418, -1.851]"
781,1,18.8255,7.0592,0.167,980,2743,199,176,0.210,100,3.33,28003,3776.18,2,1,25.000(31.250%)(0.536m),34.000(30.000%)(1.500m),45.000(39.706%)(2.679m),39.000(34.412%)(2.036m),18.335(22.918%)(0.000m),17.000(42.500%)(0.750m),12.888(32.220%)(0.309m),397.664,3989.502,64.8,1.3184,"[1.582, 1.866, 1.582, 1.608, 2.106, 1.628]","[3.765, 3.839, 3.508, 3.799, 4.011, 3.578]","[-5.067, -0.997, -3.295, -4.993, -0.556, -3.176]"
782,1,4.6268,7.1776,0.156,478,1379,79,69,0.209,85,3.32,28051,1860.95,0,0,12.000(15.000%)(0.000m),46.000(40.588%)(2.786m),66.000(58.235%)(4.929m),42.000(37.059%)(2.357m),22.296(27.871%)(0.246m),11.000(27.500%)(0.107m),15.715(39.287%)(0.612m),363.289,4252.349,66.8,1.3536,"[1.614, 2.024, 1.802, 1.661, 2.277, 1.899]","[3.352, 3.701, 3.446, 3.317, 3.989, 3.482]","[-4.046, -0.075, -1.362, -4.184, -0.148, -0.988]"
783,1,0.8603,7.1902,0.182,230,625,13,1,0.209,60,3.32,28074,887.46,0,0,33.000(41.250%)(1.393m),45.000(39.706%)(2.679m),71.636(63.209%)(5.532m),26.024(22.963%)(0.645m),12.588(15.735%)(0.000m),40.000(100.000%)(3.214m),9.821(24.552%)(0.000m),695.027,5116.373,62.8,1.3502,"[1.492, 1.745, 1.820, 1.444, 1.879, 1.752]","[3.663, 3.649, 3.485, 3.686, 3.866, 3.517]","[-5.693, -6.716, -5.829, -5.650, -6.484, -5.652]"
784,1,2.4858,7.1450,0.160,589,1628,94,122,0.209,85,3.32,28133,2298.27,0,0,23.000(28.750%)(0.321m),46.000(40.588%)(2.786m),45.000(39.706%)(2.679m),31.000(27.353%)(1.179m),14.614(18.268%)(0.000m),21.000(52.500%)(1.179m),10.233(25.583%)(0.025m),201.056,5262.875,64.0,1.3677,"[1.050, 1.451, 1.438, 1.090, 1.660, 1.473]","[3.479, 3.823, 3.501, 3.506, 4.053, 3.549]","[-7.954, -7.322, -6.294, -7.057, -6.915, -6.225]"
785,1,17.8692,7.4685,0.170,823,2404,147,47,0.208,100,3.44,28216,3179.83,1,1,26.000(32.500%)(0.643m),45.000(39.706%)(2.679m),51.000(45.000%)(3.321m),36.233(31.970%)(1.739m),16.877(21.096%)(0.000m),21.000(52.500%)(1.179m),11.837(29.593%)(0.197m),478.488,3341.561,67.6,1.3944,"[1.276, 1.650, 1.419, 1.312, 1.867, 1.481]","[3.116, 3.407, 3.342, 3.253, 3.756, 3.298]","[-4.778, -2.385, -2.780, -4.791, -2.682, -2.577]"
786,1,2.1592,7.1393,0.165,249,650,0,13,0.208,60,3.44,28241,1001.00,0,0,25.000(31.250%)(0.536m),35.000(30.882%)(1.607m),60.000(52.941%)(4.286m),92.321(81.460%)(7.749m),46.484(58.104%)(2.838m),40.000(100.000%)(3.214m),33.723(84.307%)(2.542m),508.184,4779.232,60.4,1.3767,"[2.085, 2.106, 2.019, 2.047, 2.257, 1.954]","[3.077, 3.640, 3.405, 3.053, 3.896, 3.516]","[-0.136, -3.486, -4.933, -1.236, -4.307, -4.473]"
787,1,0.7981,7.1284,0.168,474,1353,21,21,0.207,80,3.43,28289,1813.02,0,0,11.000(13.750%)(0.000m),17.000(15.000%)(0.000m),30.000(26.471%)(1.071m),42.000(37.059%)(2.357m),22.661(28.326%)(0.285m),11.000(27.500%)(0.107m),15.992(39.980%)(0.642m),341.673,4311.399,66.1,1.3967,"[1.382, 1.600, 1.406, 1.372, 1.792, 1.469]","[3.353, 3.810, 3.489, 3.409, 4.056, 3.633]","[-9.137, -4.900, -6.186, -8.716, -6.170, -5.785]"
788,1,14.6884,7.3852,0.157,912,2597,152,192,0.207,100,3.55,28381,3613.63,1,1,19.000(23.750%)(0.000m),38.000(33.530%)(1.929m),58.000(51.177%)(4.071m),30.497(26.909%)(1.125m),14.192(17.740%)(0.000m),18.000(45.000%)(0.857m),9.949(24.872%)(0.000m),426.408,4114.044,65.9,1.3193,"[0.943, 1.319, 1.231, 0.978, 1.623, 1.337]","[3.466, 3.649, 3.231, 3.406, 3.879, 3.408]","[-5.686, -6.179, -3.084, -5.343, -5.833, -3.452]"
789,1,2.6513,7.4451,0.165,442,1308,18,74,0.206,85,3.55,28426,1768.39,0,0,23.000(28.750%)(0.321m),45.000(39.706%)(2.679m),89.000(78.530%)(7.393m),47.359(41.787%)(2.931m),12.000(15.000%)(0.000m),18.000(45.000%)(0.857m),11.000(27.500%)(0.107m),870.879,4237.097,68.5,1.4214,"[1.174, 1.343, 1.060, 1.347, 1.651, 1.203]","[3.283, 3.545, 3.236, 3.225, 3.743, 3.213]","[-3.851, -1.276, -4.385, -3.951, -1.073, -4.298]"
790,1,2.4685,7.1310,0.168,496,1397,160,24,0.206,85,3.54,28476,1902.76,0,0,12.000(15.000%)(0.000m),22.000(19.412%)(0.214m),53.000(46.765%)(3.536m),30.943(27.303%)(1.172m),14.259(17.823%)(0.000m),31.000(77.500%)(2.250m),9.982(24.955%)(0.000m),549.216,4150.179,65.2,1.3509,"[0.266, 1.332, 1.397, 0.115, 1.476, 1.460]","[3.403, 3.474, 3.415, 3.468, 3.782, 3.467]","[-8.838, -5.244, -5.942, -9.099, -6.018, -5.074]"
791,1,2.4061,6.7768,0.163,297,793,17,20,0.206,65,3.54,28506,1177.26,0,0,28.000(35.000%)(0.857m),43.000(37.941%)(2.464m),48.951(43.192%)(3.102m),20.113(17.747%)(0.012m),11.096(13.870%)(0.000m),26.000(65.000%)(1.714m),9.815(24.538%)(0.000m),1336.221,5467.503,61.8,1.4153,"[1.776, 2.188, 1.954, 1.759, 2.368, 2.000]","[3.303, 3.666, 3.098, 3.358, 3.809, 3.049]","[-5.314, -5.828, -6.039, -5.371, -5.658, -6.098]"
792,1,6.9620,6.8200,0.178,725,2069,200,37,0.205,95,3.54,28579,2813.71,0,0,27.000(33.750%)(0.750m),52.000(45.882%)(3.429m),52.000(45.882%)(3.429m),28.793(25.405%)(0.942m),13.248(16.560%)(0.000m),19.000(47.500%)(0.964m),9.688(24.220%)(0.000m),456.804,4044.499,66.0,1.3438,"[0.755, 1.556, 1.680, 0.672, 1.742, 1.688]","[3.173, 3.674, 3.373, 3.267, 3.915, 3.409]","[-5.637, -7.309, -3.918, -5.629, -7.378, -4.043]"
793,1,2.3676,6.8056,0.171,770,2244,31,122,0.205,95,3.53,28656,3012.48,0,0,27.000(33.750%)(0.750m),45.000(39.706%)(2.679m),48.909(43.155%)(3.097m),20.096(17.732%)(0.010m),11.087(13.859%)(0.000m),22.000(55.000%)(1.286m),9.807(24.517%)(0.000m),813.953,5529.186,67.4,1.2834,"[1.347, 1.589, 1.500, 1.361, 1.905, 1.575]","[3.662, 3.746, 3.484, 3.708, 4.035, 3.603]","[-5.748, -5.777, -5.567, -5.605, -5.768, -5.530]"
794,1,1.9664,6.7931,0.172,452,1305,63,53,0.204,80,3.53,28702,1795.31,0,0,12.000(15.000%)(0.000m),21.000(18.529%)(0.107m),47.000(41.471%)(2.893m),35.000(30.882%)(1.607m),21.646(27.057%)(0.176m),10.000(25.000%)(0.000m),15.244(38.110%)(0.562m),153.564,3929.951,66.8,1.3374,"[1.374, 1.707, 1.517, 1.300, 1.917, 1.522]","[3.707, 3.835, 3.372, 3.725, 4.172, 3.435]","[-9.169, -4.934, -6.169, -11.787, -5.121, -5.387]"
795,1,2.5110,6.8719,0.175,345,908,20,48,0.204,70,3.52,28737,1374.30,0,0,28.000(35.000%)(0.857m),40.000(35.294%)(2.143m),38.902(34.325%)(2.025m),18.235(16.090%)(0.000m),10.613(13.266%)(0.000m),23.000(57.500%)(1.393m),9.983(24.958%)(0.000m),585.245,5795.529,60.9,1.3963,"[2.080, 2.371, 2.145, 2.099, 2.576, 2.205]","[3.656, 3.796, 3.375, 3.717, 4.015, 3.483]","[-5.335, -6.049, -6.410, -5.341, -5.950, -6.212]"
796,1,1.6773,6.8986,0.180,306,802,29,17,0.204,65,3.52,28768,1188.17,0,0,26.000(32.500%)(0.643m),44.000(38.824%)(2.571m),37.474(33.066%)(1.872m),17.956(15.844%)(0.000m),10.555(13.194%)(0.000m),30.000(75.000%)(2.143m),10.052(25.129%)(0.006m),659.788,4758.048,60.7,1.3366,"[1.423, 2.062, 2.162, 1.424, 2.246, 2.153]","[3.108, 3.485, 3.333, 3.209, 3.881, 3.530]","[-5.598, -6.268, -5.800, -5.699, -6.034, -5.989]"
797,1,7.8166,6.8685,0.160,716,2111,36,28,0.203,95,3.51,28840,2746.06,0,0,32.000(40.000%)(1.286m),53.000(46.765%)(3.536m),59.000(52.059%)(4.179m),45.459(40.111%)(2.728m),21.567(26.959%)(0.168m),14.000(35.000%)(0.429m),15.189(37.973%)(0.556m),547.656,3667.333,68.2,1.3196,"[0.977, 1.509, 1.295, 1.013, 1.766, 1.395]","[3.280, 3.481, 3.189, 3.364, 3.852, 3.318]","[-4.359, -1.829, -2.790, -4.472, -1.532, -2.402]"
798,1,3.0199,6.9189,0.155,448,1291,113,82,0.203,80,3.51,28885,1749.09,0,0,11.000(13.750%)(0.000m),18.000(15.882%)(0.000m),35.000(30.882%)(1.607m),36.000(31.765%)(1.714m),21.239(26.548%)(0.133m),21.000(52.500%)(1.179m),14.951(37.378%)(0.530m),196.014,3606.757,66.7,1.3087,"[1.042, 1.326, 1.218, 0.977, 1.568, 1.210]","[3.088, 3.478, 3.206, 3.218, 3.742, 3.237]","[-9.425, -5.393, -5.315, -8.706, -5.668, -5.359]"
799,1,4.0761,6.9318,0.170,394,1107,94,0,0.202,75,3.50,28925,1545.72,0,0,31.000(38.750%)(1.179m),46.000(40.588%)(2.786m),58.000(51.177%)(4.071m),23.916(21.103%)(0.420m),12.250(15.313%)(0.000m),25.000(62.500%)(1.607m),10.055(25.138%)(0.006m),885.125,4251.982,65.0,1.3346,"[1.497, 1.908, 1.667, 1.501, 2.089, 1.743]","[3.306, 3.470, 3.210, 3.322, 3.823, 3.384]","[-5.695, -7.080, -9.165, -5.662, -6.202, -7.735]"
800,1,23.1567,7.3254,0.169,842,2445,127,101,0.202,100,3.62,29010,3229.55,1,1,24.000(30.000%)(0.429m),46.000(40.588%)(2.786m),57.000(50.294%)(3.964m),44.436(39.208%)(2.618m),21.035(26.294%)(0.111m),19.000(47.500%)(0.964m),14.806(37.016%)(0.515m),697.585,4034.688,67.2,1.3739,"[1.383, 1.589, 1.325, 1.396, 1.875, 1.398]","[3.263, 3.528, 3.240, 3.351, 3.880, 3.361]","[-4.716, -2.415, -3.039, -4.665, -1.534, -3.524]"
801,1,2.9931,7.4190,0.181,280,802,14,0,0.202,65,3.62,29038,1103.76,0,0,12.429(15.536%)(0.000m),25.696(22.673%)(0.610m),73.325(64.699%)(5.713m),64.000(56.471%)(4.714m),33.000(41.250%)(1.393m),9.697(24.243%)(0.000m),24.000(60.000%)(1.500m),1544.473,4600.652,66.3,1.3008,"[1.640, 1.700, 1.009, 1.578, 1.940, 0.951]","[3.202, 3.693, 3.309, 3.258, 3.966, 3.401]","[-5.828, -5.860, -5.608, -7.210, -4.842, -6.016]"
802,1,1.7358,7.0220,0.172,486,1396,134,105,0.201,85,3.62,29087,1923.97,0,0,14.000(17.500%)(0.000m),36.000(31.765%)(1.714m),54.000(47.647%)(3.643m),35.000(30.882%)(1.607m),22.000(27.500%)(0.214m),10.000(25.000%)(0.000m),15.712(39.280%)(0.612m),115.550,3657.484,66.5,1.3669,"[1.137, 1.433, 1.299, 1.145, 1.652, 1.353]","[3.164, 3.671, 3.385, 3.287, 3.917, 3.445]","[-4.370, -4.030, -4.618, -4.634, -4.457, -5.267]"
803,1,19.3638,7.0593,0.170,776,2303,203,79,0.201,100,3.74,29165,3090.32,1,1,26.000(32.500%)(0.643m),49.000(43.235%)(3.107m),56.000(49.412%)(3.857m),34.000(30.000%)(1.500m),17.671(22.089%)(0.000m),21.000(52.500%)(1.179m),12.411(31.027%)(0.258m),326.380,4035.662,68.7,1.3774,"[0.709, 1.416, 1.489, 0.699, 1.639, 1.577]","[3.465, 3.709, 3.536, 3.459, 3.905, 3.641]","[-5.439, -3.747, -1.570, -5.622, -4.660, -1.206]"
804,1,8.2148,7.1306,0.166,808,2309,140,103,0.200,95,3.73,29246,3143.90,0,0,15.000(18.750%)(0.000m),31.000(27.353%)(1.179m),59.000(52.059%)(4.179m),27.197(23.998%)(0.771m),12.747(15.933%)(0.000m),11.000(27.500%)(0.107m),9.693(24.231%)(0.000m),361.697,4083.749,66.1,1.3284,"[0.715, 1.262, 1.355, 0.711, 1.482, 1.420]","[3.496, 3.633, 3.514, 3.436, 3.953, 3.685]","[-5.399, -6.487, -5.559, -5.854, -6.110, -5.673]"
805,1,4.7828,6.7807,0.189,475,1323,168,49,0.200,80,3.73,29294,1867.31,0,0,23.000(28.750%)(0.321m),20.000(17.647%)(0.000m),19.000(16.765%)(0.000m),20.000(17.647%)(0.000m),17.420(21.775%)(0.000m),21.000(52.500%)(1.179m),12.221(30.553%)(0.238m),0.000,4288.459,64.5,1.3206,"[1.289, 1.569, 1.453, 1.247, 1.832, 1.496]","[3.483, 3.804, 3.451, 3.524, 3.965, 3.410]","[-6.306, -9.322, -6.418, -5.948, -9.635, -7.202]"
806,1,7.5068,6.8654,0.183,714,2059,98,47,0.200,95,3.72,29366,2776.76,0,0,25.000(31.250%)(0.536m),42.000(37.059%)(2.357m),62.000(54.706%)(4.500m),22.681(20.013%)(0.287m),11.925(14.907%)(0.000m),20.000(50.000%)(1.071m),10.037(25.093%)(0.004m),372.066,3963.429,66.7,1.3351,"[0.702, 1.638, 1.518, 0.693, 1.869, 1.592]","[3.384, 3.666, 3.433, 3.373, 3.972, 3.552]","[-4.967, -4.937, -4.750, -4.786, -4.875, -4.407]"
807,1,22.2289,7.2488,0.165,968,2718,90,92,0.199,100,3.84,29463,3818.36,1,1,28.000(35.000%)(0.857m),45.000(39.706%)(2.679m),62.000(54.706%)(4.500m),40.000(35.294%)(2.143m),19.946(24.933%)(0.000m),18.000(45.000%)(0.857m),14.040(35.101%)(0.433m),526.372,8555.676,65.0,1.3058,"[1.417, 1.819, 1.650, 1.458, 2.038, 1.658]","[3.188, 3.589, 3.411, 3.351, 3.902, 3.469]","[-4.797, -1.608, -3.504, -4.534, -1.154, -4.212]"
808,1,1.8518,7.2773,0.159,251,654,15,14,0.199,60,3.84,29489,1005.29,0,0,27.000(33.750%)(0.750m),21.000(18.529%)(0.107m),41.000(36.177%)(2.250m),89.015(78.543%)(7.394m),48.229(60.286%)(3.025m),40.000(100.000%)(3.214m),35.060(87.650%)(2.685m),0.000,4107.821,60.3,1.3763,"[1.971, 1.898, 1.793, 1.897, 1.968, 1.807]","[3.136, 3.624, 3.447, 3.252, 3.996, 3.485]","[-3.295, -9.079, -5.534, -4.097, -9.093, -4.625]"
809,1,3.7236,6.8441,0.171,450,1248,139,25,0.198,80,3.83,29534,1760.09,0,0,27.000(33.750%)(0.750m),41.000(36.177%)(2.250m),44.000(38.824%)(2.571m),25.773(22.741%)(0.619m),12.466(15.583%)(0.000m),25.000(62.500%)(1.607m),9.726(24.315%)(0.000m),539.578,4510.155,64.2,1.3954,"[1.186, 1.719, 1.628, 1.197, 1.983, 1.716]","[3.581, 3.789, 3.482, 3.623, 4.064, 3.569]","[-5.210, -6.257, -4.783, -5.131, -6.799, -3.432]"
810,1,21.8181,7.1528,0.166,861,2485,128,96,0.198,100,3.95,29621,3414.89,1,1,25.000(31.250%)(0.536m),44.000(38.824%)(2.571m),53.000(46.765%)(3.536m),38.755(34.196%)(2.009m),18.159(22.699%)(0.000m),18.000(45.000%)(0.857m),12.744(31.860%)(0.294m),445.657,3632.907,66.8,1.3999,"[1.207, 1.691, 1.511, 1.267, 1.978, 1.627]","[3.629, 3.716, 3.355, 3.664, 4.075, 3.489]","[-5.262, -0.791, -2.233, -4.973, -0.552, -1.720]"
811,1,18.5613,7.4333,0.158,812,2380,175,47,0.198,100,4.07,29703,3274.86,2,1,26.000(32.500%)(0.643m),45.000(39.706%)(2.679m),64.000(56.471%)(4.714m),40.054(35.342%)(2.149m),18.818(23.523%)(0.000m),21.000(52.500%)(1.179m),13.229(33.072%)(0.346m),663.638,3969.645,67.8,1.3695,"[1.101, 1.659, 1.489, 1.147, 1.934, 1.606]","[3.715, 3.739, 3.359, 3.734, 3.996, 3.429]","[-5.656, -3.289, -2.530, -5.417, -3.384, -2.904]"
812,1,-1.7055,6.9188,0.164,467,1319,76,44,0.197,80,4.06,29750,1853.95,0,0,19.000(23.750%)(0.000m),24.000(21.177%)(0.429m),60.000(52.941%)(4.286m),31.025(27.375%)(1.181m),14.388(17.985%)(0.000m),20.000(50.000%)(1.071m),10.082(25.205%)(0.009m),463.654,6120.712,65.4,1.3997,"[0.543, 1.012, 1.196, 0.572, 1.293, 1.313]","[3.333, 3.846, 3.710, 3.400, 4.193, 3.750]","[-5.978, -6.546, -5.522, -5.652, -6.854, -5.718]"
813,1,18.5567,7.1657,0.167,891,2551,100,81,0.197,100,4.18,29840,3500.25,1,1,28.000(35.000%)(0.857m),51.000(45.000%)(3.321m),56.000(49.412%)(3.857m),42.425(37.434%)(2.403m),20.031(25.039%)(0.003m),20.000(50.000%)(1.071m),14.088(35.220%)(0.438m),359.000,4235.357,66.3,1.3337,"[1.483, 1.834, 1.692, 1.544, 2.094, 1.749]","[3.703, 3.815, 3.603, 3.630, 4.059, 3.603]","[-4.795, -0.943, -1.613, -4.645, -1.152, -1.328]"
814,1,2.4316,7.1630,0.172,269,738,13,23,0.196,65,4.18,29867,1011.85,0,0,25.000(31.250%)(0.536m),45.000(39.706%)(2.679m),64.000(56.471%)(4.714m),25.253(22.282%)(0.563m),12.399(15.499%)(0.000m),25.000(62.500%)(1.607m),9.798(24.496%)(0.000m),677.233,4677.886,63.5,1.3074,"[1.483, 2.063, 1.883, 1.423, 2.281, 1.909]","[3.660, 3.773, 3.396, 3.721, 4.065, 3.555]","[-5.284, -5.377, -4.982, -5.021, -5.602, -4.849]"
815,1,18.5707,7.4279,0.177,846,2453,172,124,0.196,100,4.29,29952,3231.34,1,1,22.000(27.500%)(0.214m),46.000(40.588%)(2.786m),61.000(53.824%)(4.393m),30.441(26.860%)(1.119m),13.940(17.425%)(0.000m),16.000(40.000%)(0.643m),9.750(24.376%)(0.000m),311.177,4014.155,67.1,1.3244,"[1.099, 1.685, 1.647, 1.140, 1.950, 1.714]","[3.509, 3.745, 3.559, 3.429, 4.060, 3.705]","[-5.215, -5.699, -4.078, -4.880, -5.748, -4.301]"
816,1,19.3272,7.7513,0.177,764,2277,147,105,0.196,100,4.41,30029,2909.04,2,1,20.000(25.000%)(0.000m),41.000(36.177%)(2.250m),55.000(48.530%)(3.750m),46.630(41.144%)(2.853m),22.473(28.091%)(0.265m),14.000(35.000%)(0.429m),15.860(39.649%)(0.628m),452.495,3635.125,69.0,1.3279,"[1.300, 1.589, 1.342, 1.336, 1.862, 1.449]","[3.402, 3.582, 3.339, 3.524, 3.814, 3.311]","[-4.629, -4.285, -5.501, -4.812, -5.216, -5.712]"
817,1,2.1163,7.7535,0.169,260,719,20,6,0.195,60,4.41,30055,1012.98,0,0,11.334(14.167%)(0.000m),20.543(18.127%)(0.058m),49.998(44.116%)(3.214m),51.000(45.000%)(3.321m),30.000(37.500%)(1.071m),10.025(25.063%)(0.003m),27.000(67.500%)(1.821m),618.445,5115.642,64.0,1.2794,"[2.032, 2.162, 1.512, 1.977, 2.333, 1.438]","[3.583, 3.667, 3.450, 3.589, 3.941, 3.498]","[-7.307, -5.869, -6.299, -6.996, -5.196, -6.609]"
818,1,21.1495,8.1379,0.171,782,2314,141,82,0.195,100,4.52,30134,3016.69,1,1,20.000(25.000%)(0.000m),39.000(34.412%)(2.036m),57.000(50.294%)(3.964m),40.077(35.362%)(2.151m),18.922(23.653%)(0.000m),18.000(45.000%)(0.857m),13.292(33.230%)(0.353m),474.788,3574.974,68.5,1.3290,"[1.366, 1.789, 1.553, 1.424, 2.086, 1.661]","[3.573, 3.690, 3.421, 3.600, 3.934, 3.457]","[-6.176, -2.557, -3.604, -6.033, -1.726, -3.255]"
819,1,1.1476,8.1137,0.155,454,1300,110,78,0.194,80,4.52,30180,1723.16,0,0,12.000(15.000%)(0.000m),20.000(17.647%)(0.000m),40.000(35.294%)(2.143m),35.000(30.882%)(1.607m),20.973(26.216%)(0.104m),23.000(57.500%)(1.393m),14.763(36.907%)(0.510m),273.177,3707.236,66.3,1.2875,"[0.911, 1.269, 1.161, 0.885, 1.429, 1.185]","[3.261, 3.744, 3.274, 3.232, 4.032, 3.374]","[-8.229, -5.721, -5.942, -7.222, -6.262, -5.805]"
820,1,6.9482,8.1794,0.167,818,2312,95,181,0.194,95,4.51,30262,3210.17,0,0,19.000(23.750%)(0.000m),39.000(34.412%)(2.036m),51.208(45.184%)(3.344m),21.041(18.565%)(0.112m),11.608(14.510%)(0.000m),13.000(32.500%)(0.321m),10.268(25.670%)(0.029m),443.360,4565.832,65.4,1.3783,"[1.432, 1.789, 1.639, 1.437, 2.041, 1.687]","[3.662, 3.921, 3.620, 3.625, 4.131, 3.618]","[-5.435, -5.278, -5.844, -5.320, -5.255, -6.050]"
821,1,3.0915,8.1764,0.149,305,844,61,9,0.194,65,4.51,30293,1219.28,0,0,30.000(37.500%)(1.071m),37.000(32.647%)(1.821m),60.000(52.941%)(4.286m),25.584(22.574%)(0.598m),12.375(15.468%)(0.000m),31.000(77.500%)(2.250m),9.655(24.137%)(0.000m),392.875,4521.837,64.1,1.4126,"[0.593, 1.946, 2.225, 0.558, 2.122, 2.253]","[3.245, 3.694, 3.371, 3.347, 3.987, 3.487]","[-5.503, -6.121, -4.897, -5.485, -5.880, -4.503]"
822,1,2.6438,8.1584,0.170,416,1197,182,13,0.193,80,4.50,30335,1584.28,0,0,34.000(42.500%)(1.500m),46.000(40.588%)(2.786m),31.000(27.353%)(1.179m),20.000(17.647%)(0.000m),18.346(22.932%)(0.000m),28.000(70.000%)(1.929m),12.886(32.215%)(0.309m),0.000,3307.297,66.6,1.2999,"[0.970, 1.583, 1.599, 0.880, 1.783, 1.541]","[3.216, 3.617, 3.510, 3.290, 3.942, 3.580]","[-6.090, -5.973, -10.523, -5.807, -5.460, -8.501]"
823,1,15.9477,8.4549,0.189,832,2426,259,91,0.193,100,4.62,30419,3218.92,1,1,20.000(25.000%)(0.000m),40.000(35.294%)(2.143m),44.000(38.824%)(2.571m),35.000(30.882%)(1.607m),17.384(21.730%)(0.000m),14.000(35.000%)(0.429m),12.190(30.475%)(0.235m),273.179,3937.604,67.5,1.3179,"[1.314, 1.777, 1.582, 1.270, 2.044, 1.631]","[3.478, 3.722, 3.484, 3.394, 3.925, 3.483]","[-5.122, -4.522, -4.976, -5.328, -3.908, -5.740]"
824,1,20.7371,8.5499,0.172,742,2228,186,63,0.193,100,4.73,30494,2911.21,2,1,25.000(31.250%)(0.536m),46.000(40.588%)(2.786m),59.000(52.059%)(4.179m),40.723(35.932%)(2.220m),19.229(24.037%)(0.000m),20.000(50.000%)(1.071m),13.545(33.863%)(0.380m),423.320,3286.317,69.5,1.3585,"[1.256, 1.927, 1.714, 1.292, 2.226, 1.803]","[3.214, 3.565, 3.269, 3.306, 3.890, 3.444]","[-4.906, -0.277, -2.038, -4.743, -0.316, -1.562]"
825,1,19.6479,8.5362,0.162,744,2233,158,127,0.192,100,4.85,30569,2841.48,3,1,20.000(25.000%)(0.000m),39.000(34.412%)(2.036m),56.000(49.412%)(3.857m),33.230(29.320%)(1.417m),15.341(19.177%)(0.000m),14.000(35.000%)(0.429m),10.744(26.860%)(0.080m),110.551,3051.879,69.5,1.3025,"[0.733, 1.607, 1.501, 0.776, 1.882, 1.642]","[3.399, 3.648, 3.325, 3.441, 3.934, 3.427]","[-5.373, -4.095, -4.339, -5.092, -4.233, -4.526]"
826,1,1.9073,8.6276,0.156,255,687,25,5,0.192,60,4.84,30595,1017.26,0,0,32.000(40.000%)(1.286m),44.000(38.824%)(2.571m),56.000(49.412%)(3.857m),28.771(25.386%)(0.940m),13.130(16.413%)(0.000m),40.000(100.000%)(3.214m),9.601(24.004%)(0.000m),650.225,4301.693,62.3,1.2901,"[1.210, 1.432, 1.723, 1.191, 1.567, 1.715]","[3.257, 3.586, 3.282, 3.360, 3.897, 3.413]","[-5.957, -7.279, -3.958, -5.893, -7.290, -3.541]"
827,1,5.5077,8.3834,0.175,677,1947,186,54,0.191,95,4.84,30663,2695.85,0,0,26.000(32.500%)(0.643m),49.000(43.235%)(3.107m),20.000(17.647%)(0.000m),20.000(17.647%)(0.000m),19.141(23.926%)(0.000m),20.000(50.000%)(1.071m),13.455(33.638%)(0.370m),0.000,3672.920,66.6,1.3559,"[1.162, 1.630, 1.479, 1.198, 1.750, 1.444]","[3.152, 3.507, 3.358, 3.249, 3.850, 3.489]","[-5.995, -9.950, -9.010, -4.628, -10.623, -9.353]"
828,1,22.6328,8.7178,0.176,783,2316,69,69,0.191,100,4.95,30742,3078.76,1,1,24.000(30.000%)(0.429m),41.000(36.177%)(2.250m),60.000(52.941%)(4.286m),33.380(29.453%)(1.434m),15.610(19.513%)(0.000m),23.000(57.500%)(1.393m),11.717(29.293%)(0.184m),357.621,3582.515,68.4,1.3690,"[1.513, 1.983, 1.749, 1.584, 2.265, 1.870]","[3.134, 3.680, 3.421, 3.276, 4.010, 3.536]","[-5.210, -3.620, -1.191, -4.978, -3.634, -0.827]"
829,1,0.0586,8.6466,0.180,275,719,0,18,0.191,60,4.95,30770,1090.54,0,0,14.000(17.500%)(0.000m),30.000(26.471%)(1.071m),64.000(56.471%)(4.714m),85.000(75.000%)(6.964m),42.775(53.468%)(2.440m),40.000(100.000%)(3.214m),30.805(77.012%)(2.229m),669.649,5641.237,60.5,1.3531,"[2.365, 2.116, 1.799, 2.350, 2.391, 1.854]","[3.527, 3.727, 3.626, 3.530, 3.969, 3.612]","[-2.492, -5.462, -7.398, -3.328, -4.655, -5.732]"
830,1,21.0214,8.7582,0.173,791,2336,51,64,0.190,100,5.06,30850,3162.66,1,1,24.000(30.000%)(0.429m),49.000(43.235%)(3.107m),53.000(46.765%)(3.536m),38.000(33.530%)(1.929m),19.482(24.353%)(0.000m),18.000(45.000%)(0.857m),13.706(34.266%)(0.397m),322.060,4218.068,68.3,1.3687,"[1.401, 1.970, 1.826, 1.434, 2.239, 1.859]","[3.399, 3.722, 3.413, 3.359, 4.019, 3.504]","[-4.741, -0.922, -3.213, -4.620, -1.509, -3.335]"
831,1,19.7748,8.7772,0.179,843,2450,158,70,0.190,100,5.17,30935,3311.76,2,1,22.000(27.500%)(0.214m),45.000(39.706%)(2.679m),60.000(52.941%)(4.286m),40.627(35.847%)(2.210m),19.347(24.184%)(0.000m),20.000(50.000%)(1.071m),13.607(34.018%)(0.386m),619.811,4518.365,67.3,1.3241,"[1.369, 1.875, 1.779, 1.428, 2.171, 1.857]","[3.638, 3.911, 3.791, 3.608, 4.081, 3.682]","[-5.194, -2.497, -2.793, -5.082, -2.799, -3.875]"
832,1,16.9677,9.0240,0.173,872,2509,206,196,0.189,100,5.29,31023,3409.12,3,1,19.000(23.750%)(0.000m),38.000(33.530%)(1.929m),49.000(43.235%)(3.107m),31.257(27.580%)(1.206m),14.419(18.024%)(0.000m),13.000(32.500%)(0.321m),10.096(25.240%)(0.010m),229.912,3977.778,66.6,1.2897,"[0.846, 1.467, 1.468, 0.839, 1.726, 1.525]","[3.387, 3.710, 3.477, 3.451, 4.035, 3.420]","[-5.485, -5.925, -4.594, -5.296, -5.679, -5.319]"
833,1,4.2026,9.0909,0.171,477,1358,89,32,0.189,80,5.28,31071,1820.85,0,0,10.000(12.500%)(0.000m),14.000(12.353%)(0.000m),22.000(19.412%)(0.214m),33.000(29.118%)(1.393m),21.134(26.417%)(0.121m),26.000(65.000%)(1.714m),14.877(37.193%)(0.523m),160.888,4231.225,65.9,1.2631,"[1.105, 1.663, 1.579, 1.099, 1.917, 1.641]","[3.288, 3.572, 3.304, 3.201, 3.895, 3.363]","[-8.221, -4.786, -5.283, -7.566, -5.762, -4.958]"
834,1,0.9577,9.0603,0.163,328,883,94,15,0.189,65,5.28,31104,1240.21,0,0,30.000(37.500%)(1.071m),38.000(33.530%)(1.929m),43.000(37.941%)(2.464m),27.246(24.041%)(0.776m),12.770(15.962%)(0.000m),23.000(57.500%)(1.393m),9.710(24.275%)(0.000m),706.919,5579.249,62.3,1.3167,"[0.241, 1.619, 1.922, 0.136, 1.794, 1.925]","[3.174, 3.493, 3.276, 3.268, 3.813, 3.404]","[-5.692, -5.338, -2.331, -5.375, -4.898, -2.722]"
835,1,5.7659,8.8183,0.163,677,1967,156,54,0.188,95,5.27,31172,2664.55,0,0,24.000(30.000%)(0.429m),41.000(36.177%)(2.250m),49.000(43.235%)(3.107m),29.483(26.015%)(1.016m),13.482(16.853%)(0.000m),22.000(55.000%)(1.286m),9.607(24.017%)(0.000m),352.482,3384.472,67.2,1.3485,"[1.012, 1.399, 1.434, 1.043, 1.628, 1.543]","[3.369, 3.682, 3.392, 3.422, 3.944, 3.418]","[-5.695, -6.781, -3.016, -5.527, -6.969, -2.527]"
836,1,20.1792,9.1787,0.173,754,2253,190,55,0.188,100,5.38,31248,2910.61,1,1,25.000(31.250%)(0.536m),40.000(35.294%)(2.143m),60.000(52.941%)(4.286m),38.525(33.993%)(1.985m),18.057(22.571%)(0.000m),22.000(55.000%)(1.286m),12.673(31.683%)(0.286m),698.626,3395.071,69.1,1.3470,"[1.324, 1.877, 1.661, 1.340, 2.176, 1.769]","[3.461, 3.715, 3.335, 3.485, 4.025, 3.475]","[-5.297, -0.908, -3.639, -4.915, -0.743, -3.312]"
837,1,6.8550,9.2998,0.173,860,2462,130,120,0.188,95,5.38,31334,3376.80,0,0,17.000(21.250%)(0.000m),39.000(34.412%)(2.036m),49.000(43.235%)(3.107m),25.676(22.655%)(0.608m),12.419(15.524%)(0.000m),12.000(30.000%)(0.214m),9.690(24.224%)(0.000m),466.173,4942.639,66.3,1.3801,"[1.264, 1.729, 1.618, 1.303, 1.983, 1.668]","[3.574, 3.510, 3.372, 3.633, 3.723, 3.315]","[-5.314, -6.761, -6.055, -5.352, -6.205, -5.802]"
838,1,16.2014,9.3301,0.172,855,2475,272,129,0.187,100,5.49,31420,3293.46,1,1,20.000(25.000%)(0.000m),41.000(36.177%)(2.250m),44.000(38.824%)(2.571m),35.173(31.035%)(1.626m),16.387(20.484%)(0.000m),14.000(35.000%)(0.429m),11.486(28.715%)(0.159m),346.514,4157.238,67.0,1.3454,"[1.475, 1.895, 1.670, 1.482, 2.137, 1.700]","[3.285, 3.726, 3.411, 3.383, 4.086, 3.550]","[-5.199, -4.250, -5.136, -5.133, -4.502, -5.645]"
839,1,0.9739,9.2965,0.176,281,802,52,0,0.187,65,5.48,31449,1145.69,0,0,34.000(42.500%)(1.500m),48.000(42.353%)(3.000m),60.000(52.941%)(4.286m),25.077(22.127%)(0.544m),12.313(15.391%)(0.000m),27.000(67.500%)(1.821m),9.730(24.325%)(0.000m),790.582,4200.721,66.1,1.3600,"[0.683, 2.018, 2.159, 0.576, 2.180, 2.155]","[3.352, 3.769, 3.581, 3.344, 4.057, 3.598]","[-5.590, -6.816, -6.220, -5.600, -6.436, -6.000]"
840,1,8.6479,9.4201,0.167,780,2309,205,123,0.186,95,5.48,31527,2969.98,0,0,24.000(30.000%)(0.429m),43.000(37.941%)(2.464m),58.000(51.177%)(4.071m),26.155(23.078%)(0.659m),12.651(15.813%)(0.000m),19.000(47.500%)(0.964m),9.870(24.676%)(0.000m),502.467,3476.400,68.5,1.3258,"[0.561, 1.600, 1.562, 0.621, 1.899, 1.670]","[3.294, 3.549, 3.099, 3.382, 3.941, 3.295]","[-5.781, -5.938, -5.081, -5.620, -5.429, -4.964]"
841,1,0.7483,9.3869,0.182,218,593,16,0,0.186,55,5.47,31549,869.60,0,0,34.000(42.500%)(1.500m),47.000(41.471%)(2.893m),33.678(29.716%)(1.465m),17.433(15.382%)(0.000m),10.641(13.301%)(0.000m),40.000(100.000%)(3.214m),10.641(26.602%)(0.069m),847.415,4450.233,63.0,1.2834,"[1.418, 1.916, 1.864, 1.352, 2.047, 1.876]","[3.306, 3.777, 3.320, 3.348, 4.060, 3.421]","[-5.547, -5.004, -5.370, -5.196, -5.597, -5.059]"
842,1,14.9877,9.5475,0.164,810,2378,270,94,0.186,100,5.58,31630,3118.67,1,1,21.000(26.250%)(0.107m),43.000(37.941%)(2.464m),55.000(48.530%)(3.750m),30.181(26.631%)(1.091m),13.803(17.253%)(0.000m),15.000(37.500%)(0.536m),9.649(24.122%)(0.000m),208.460,3690.063,67.9,1.3509,"[0.940, 1.555, 1.565, 0.987, 1.774, 1.631]","[3.142, 3.659, 3.501, 3.119, 3.911, 3.605]","[-5.830, -6.935, -3.707, -5.632, -7.090, -3.103]"
843,1,7.4356,9.6488,0.171,753,2212,140,84,0.185,95,5.58,31706,2984.27,0,0,21.000(26.250%)(0.107m),33.000(29.118%)(1.393m),58.000(51.177%)(4.071m),27.642(24.390%)(0.819m),12.811(16.013%)(0.000m),21.000(52.500%)(1.179m),9.616(24.040%)(0.000m),359.805,3685.710,68.0,1.3274,"[1.070, 1.625, 1.536, 1.146, 1.911, 1.663]","[3.340, 3.685, 3.472, 3.516, 4.052, 3.610]","[-5.429, -5.848, -5.432, -5.108, -5.518, -5.144]"
844,1,2.7364,9.6642,0.157,359,959,58,48,0.185,70,5.57,31742,1362.83,0,0,24.000(30.000%)(0.429m),31.000(27.353%)(1.179m),47.000(41.471%)(2.893m),21.634(19.089%)(0.175m),11.799(14.748%)(0.000m),26.000(65.000%)(1.714m),10.308(25.770%)(0.033m),554.349,5301.276,61.8,1.3038,"[1.690, 2.071, 2.050, 1.675, 2.351, 2.053]","[3.279, 3.765, 3.473, 3.393, 4.067, 3.561]","[-5.449, -5.666, -5.085, -5.208, -5.627, -4.962]"
845,1,4.5183,9.7044,0.174,670,1963,135,124,0.185,95,5.56,31809,2654.25,0,0,17.000(21.250%)(0.000m),32.000(28.235%)(1.286m),61.000(53.824%)(4.393m),25.539(22.535%)(0.593m),12.353(15.441%)(0.000m),12.000(30.000%)(0.214m),9.638(24.095%)(0.000m),186.540,3347.507,67.8,1.3224,"[0.930, 1.684, 1.604, 0.910, 1.927, 1.618]","[3.260, 3.694, 3.510, 3.332, 3.974, 3.609]","[-5.757, -6.892, -6.656, -5.637, -6.538, -6.973]"
846,1,3.4885,9.7406,0.166,319,925,117,0,0.184,70,5.56,31841,1252.83,0,0,35.000(43.750%)(1.607m),48.000(42.353%)(3.000m),72.000(63.530%)(5.571m),26.844(23.686%)(0.733m),12.785(15.981%)(0.000m),33.000(82.500%)(2.464m),9.847(24.619%)(0.000m),724.551,3975.278,67.1,1.3842,"[-0.682, 1.540, 2.089, -0.682, 1.665, 2.116]","[3.443, 3.699, 3.450, 3.532, 4.019, 3.583]","[-5.437, -6.389, -5.021, -5.471, -6.595, -4.990]"
847,1,0.8070,9.6004,0.182,259,746,122,0,0.184,65,5.55,31867,995.51,0,0,43.000(53.750%)(2.464m),91.000(80.294%)(7.607m),91.590(80.815%)(7.670m),26.245(23.157%)(0.669m),12.694(15.868%)(0.000m),30.000(75.000%)(2.143m),9.904(24.760%)(0.000m),2653.744,5826.369,66.7,1.3303,"[0.921, 1.962, 2.215, 0.910, 2.193, 2.243]","[3.536, 3.792, 3.586, 3.450, 4.026, 3.574]","[-5.688, -6.531, -6.990, -5.766, -6.157, -6.577]"
848,1,5.6727,9.6534,0.175,485,1377,26,30,0.183,85,5.54,31916,1914.23,0,0,20.569(25.712%)(0.061m),31.000(27.353%)(1.179m),21.000(18.529%)(0.107m),14.000(12.353%)(0.000m),9.000(11.250%)(0.000m),14.473(36.182%)(0.479m),26.000(65.000%)(1.714m),0.000,4516.189,65.7,1.3852,"[1.473, 1.445, 0.903, 1.557, 1.713, 1.021]","[3.621, 3.722, 3.396, 3.644, 4.008, 3.509]","[-6.581, -7.651, -10.598, -6.100, -7.640, -8.019]"
849,1,16.2490,9.8969,0.179,835,2429,171,194,0.183,100,5.65,32000,3224.12,1,1,19.000(23.750%)(0.000m),32.000(28.235%)(1.286m),41.000(36.177%)(2.250m),31.000(27.353%)(1.179m),16.505(20.632%)(0.000m),16.000(40.000%)(0.643m),11.567(28.916%)(0.168m),248.317,3395.525,67.3,1.3529,"[1.272, 1.668, 1.525, 1.312, 1.990, 1.565]","[3.534, 3.710, 3.299, 3.591, 4.001, 3.388]","[-5.299, -4.145, -3.872, -4.909, -5.237, -4.508]"
850,1,23.8811,9.9114,0.177,932,2639,202,53,0.183,100,5.76,32094,3725.97,2,1,27.000(33.750%)(0.750m),35.000(30.882%)(1.607m),49.000(43.235%)(3.107m),29.994(26.466%)(1.071m),13.957(17.446%)(0.000m),23.000(57.500%)(1.393m),9.783(24.459%)(0.000m),501.787,3603.093,65.5,1.3959,"[1.281, 1.653, 1.547, 1.335, 1.950, 1.646]","[3.246, 3.720, 3.408, 3.355, 3.975, 3.496]","[-5.484, -5.521, -3.865, -5.233, -5.836, -3.547]"
851,1,14.9567,10.1507,0.159,817,2394,199,130,0.182,100,5.88,32176,3169.42,3,1,21.000(26.250%)(0.107m),43.000(37.941%)(2.464m),47.000(41.471%)(2.893m),32.000(28.235%)(1.286m),17.754(22.193%)(0.000m),19.000(47.500%)(0.964m),12.471(31.177%)(0.265m),204.725,4629.022,67.8,1.3635,"[0.794, 1.416, 1.254, 0.801, 1.747, 1.325]","[3.390, 3.688, 3.496, 3.275, 3.987, 3.593]","[-5.394, -3.427, -3.570, -5.150, -3.211, -4.693]"
852,1,20.7585,10.5311,0.169,816,2390,238,54,0.182,100,5.99,32258,3192.21,4,1,26.000(32.500%)(0.643m),48.000(42.353%)(3.000m),60.000(52.941%)(4.286m),38.116(33.632%)(1.941m),18.250(22.813%)(0.000m),21.000(52.500%)(1.179m),12.849(32.122%)(0.305m),690.326,3981.380,67.8,1.3213,"[1.057, 1.811, 1.686, 1.095, 2.107, 1.782]","[3.482, 3.950, 3.644, 3.535, 4.204, 3.659]","[-5.431, -3.314, -3.072, -5.206, -3.470, -3.406]"
853,1,2.7323,10.1985,0.169,262,731,18,24,0.182,65,5.98,32285,1007.81,0,0,26.000(32.500%)(0.643m),48.000(42.353%)(3.000m),46.477(41.009%)(2.837m),20.230(17.850%)(0.025m),11.411(14.264%)(0.000m),24.000(60.000%)(1.500m),10.346(25.865%)(0.037m),804.054,4431.446,64.5,1.2526,"[1.716, 2.230, 2.184, 1.715, 2.454, 2.212]","[3.472, 3.791, 3.413, 3.533, 4.059, 3.517]","[-4.993, -5.025, -6.014, -5.155, -5.155, -5.785]"
854,1,1.8395,10.0710,0.164,445,1267,140,8,0.181,80,5.97,32330,1749.51,0,0,36.000(45.000%)(1.714m),25.000(22.059%)(0.536m),21.000(18.529%)(0.107m),39.733(35.059%)(2.114m),18.683(23.353%)(0.000m),30.000(75.000%)(2.143m),13.123(32.807%)(0.335m),530.437,4717.472,65.9,1.3189,"[0.811, 1.912, 1.845, 0.840, 2.137, 1.946]","[3.185, 3.725, 3.473, 3.255, 3.952, 3.582]","[-5.392, -6.024, -5.903, -5.185, -7.958, -5.769]"
855,1,1.5720,10.0068,0.160,248,690,19,26,0.181,60,5.96,32355,943.85,0,0,24.000(30.000%)(0.429m),34.000(30.000%)(1.500m),46.000(40.588%)(2.786m),24.342(21.479%)(0.465m),12.127(15.159%)(0.000m),26.000(65.000%)(1.714m),9.706(24.265%)(0.000m),247.835,4173.341,64.4,1.3225,"[1.132, 1.948, 1.959, 1.085, 2.075, 1.921]","[3.211, 3.827, 3.555, 3.320, 4.155, 3.681]","[-5.196, -5.512, -5.411, -5.275, -5.708, -5.398]"
856,1,8.4009,10.0246,0.165,793,2335,42,32,0.181,95,5.96,32435,3192.10,0,0,28.000(35.000%)(0.857m),48.000(42.353%)(3.000m),44.596(39.350%)(2.635m),19.926(17.582%)(0.000m),11.361(14.201%)(0.000m),21.000(52.500%)(1.179m),10.428(26.069%)(0.046m),551.018,4135.224,68.1,1.4312,"[1.336, 1.844, 1.754, 1.423, 2.131, 1.873]","[3.328, 3.728, 3.581, 3.344, 4.046, 3.649]","[-5.755, -6.276, -6.252, -5.794, -6.433, -6.272]"
857,1,8.4628,9.7493,0.160,826,2402,195,146,0.180,95,5.95,32518,3231.24,0,0,14.000(17.500%)(0.000m),30.000(26.471%)(1.071m),58.000(51.177%)(4.071m),29.171(25.739%)(0.983m),13.323(16.654%)(0.000m),10.000(25.000%)(0.000m),9.615(24.038%)(0.000m),320.652,3625.380,67.3,1.3182,"[1.342, 1.491, 1.295, 1.377, 1.850, 1.405]","[3.540, 3.716, 3.485, 3.644, 3.981, 3.494]","[-5.574, -5.992, -6.411, -5.504, -5.635, -5.625]"
858,1,0.9806,9.7319,0.164,307,818,15,16,0.180,65,5.94,32549,1162.31,0,0,28.000(35.000%)(0.857m),48.000(42.353%)(3.000m),36.667(32.353%)(1.786m),17.939(15.829%)(0.000m),10.648(13.310%)(0.000m),25.000(62.500%)(1.607m),10.265(25.662%)(0.028m),1032.568,5346.773,61.6,1.3415,"[1.714, 2.119, 2.098, 1.750, 2.373, 2.149]","[3.132, 3.647, 3.311, 3.250, 3.834, 3.362]","[-5.536, -5.939, -6.572, -5.631, -5.795, -6.675]"
859,1,1.7618,9.6927,0.171,257,679,18,2,0.179,60,5.94,32575,1024.39,0,0,33.000(41.250%)(1.393m),46.000(40.588%)(2.786m),27.455(24.225%)(0.799m),15.784(13.927%)(0.000m),10.217(12.771%)(0.000m),40.000(100.000%)(3.214m),11.131(27.829%)(0.121m),685.894,5099.391,61.2,1.4113,"[1.508, 2.065, 2.087, 1.511, 2.238, 2.102]","[3.357, 3.536, 3.346, 3.293, 3.787, 3.442]","[-5.512, -5.579, -6.567, -5.452, -5.894, -6.192]"
860,1,2.9351,9.3150,0.176,358,954,38,43,0.179,70,5.93,32611,1421.06,0,0,24.000(30.000%)(0.429m),31.000(27.353%)(1.179m),78.000(68.824%)(6.214m),29.480(26.012%)(1.016m),13.609(17.011%)(0.000m),26.000(65.000%)(1.714m),9.618(24.045%)(0.000m),316.587,6287.840,61.7,1.3317,"[1.499, 2.129, 2.140, 1.497, 2.436, 2.213]","[3.382, 3.637, 3.440, 3.354, 3.875, 3.451]","[-5.287, -5.543, -0.826, -5.123, -5.162, -1.002]"
861,1,0.7116,8.9580,0.164,473,1342,145,29,0.179,80,5.92,32659,1757.32,0,0,11.000(13.750%)(0.000m),16.000(14.118%)(0.000m),28.000(24.706%)(0.857m),33.000(29.118%)(1.393m),16.783(20.979%)(0.000m),32.000(80.000%)(2.357m),11.768(29.419%)(0.189m),197.415,4767.956,65.6,1.3061,"[-0.064, 1.355, 1.501, -0.049, 1.585, 1.547]","[3.210, 3.520, 3.501, 3.167, 3.786, 3.573]","[-5.145, -5.875, -5.815, -5.397, -5.882, -5.755]"
862,1,9.7628,9.1874,0.162,876,2524,168,169,0.178,100,6.03,32747,3405.43,1,1,22.000(27.500%)(0.214m),29.000(25.588%)(0.964m),41.000(36.177%)(2.250m),36.000(31.765%)(1.714m),18.732(23.415%)(0.000m),18.000(45.000%)(0.857m),13.162(32.906%)(0.339m),251.869,3346.607,66.7,1.3444,"[1.057, 1.373, 1.186, 0.973, 1.711, 1.304]","[3.274, 3.509, 3.256, 3.253, 3.821, 3.360]","[-5.427, -2.574, -2.306, -5.144, -2.791, -2.374]"
863,1,1.3848,8.8439,0.168,512,1448,93,60,0.178,85,6.03,32799,1998.82,0,0,13.000(16.250%)(0.000m),31.000(27.353%)(1.179m),46.000(40.588%)(2.786m),36.000(31.765%)(1.714m),21.842(27.302%)(0.197m),10.000(25.000%)(0.000m),15.384(38.461%)(0.577m),282.314,4246.820,65.5,1.3152,"[1.328, 1.716, 1.484, 1.405, 2.064, 1.600]","[3.446, 3.595, 3.401, 3.479, 3.848, 3.476]","[-5.051, -5.702, -5.773, -4.896, -4.699, -5.825]"
864,1,16.2210,9.1197,0.172,823,2408,188,57,0.178,100,6.13,32882,3318.99,1,1,21.421(26.776%)(0.152m),43.905(38.740%)(2.561m),53.000(46.765%)(3.536m),36.953(32.605%)(1.816m),17.385(21.731%)(0.000m),15.131(37.828%)(0.550m),13.049(32.624%)(0.327m),958.657,3845.312,67.7,1.3286,"[1.427, 1.766, 1.537, 1.516, 1.997, 1.619]","[3.192, 3.478, 3.325, 3.420, 3.819, 3.413]","[-5.020, -2.958, -4.568, -4.662, -4.053, -4.663]"
865,1,0.5135,8.7586,0.182,247,690,37,25,0.177,60,6.13,32907,928.17,0,0,28.000(35.000%)(0.857m),39.000(34.412%)(2.036m),69.000(60.883%)(5.250m),29.154(25.724%)(0.981m),13.541(16.927%)(0.000m),30.000(75.000%)(2.143m),9.665(24.162%)(0.000m),578.057,4672.327,64.6,1.3013,"[0.848, 1.931, 2.172, 0.831, 2.187, 2.153]","[3.074, 3.451, 3.163, 3.103, 3.765, 3.312]","[-5.215, -5.258, -2.316, -5.203, -4.547, -3.008]"
866,1,1.8009,8.4081,0.180,396,1161,125,45,0.177,80,6.12,32947,1536.86,0,0,26.000(32.500%)(0.643m),20.000(17.647%)(0.000m),34.000(30.000%)(1.500m),42.000(37.059%)(2.357m),22.087(27.609%)(0.224m),23.000(57.500%)(1.393m),15.560(38.899%)(0.596m),387.833,3671.939,67.8,1.3642,"[1.135, 1.558, 1.412, 1.064, 1.781, 1.416]","[3.228, 3.629, 3.294, 3.325, 3.847, 3.171]","[-4.982, -5.122, -4.682, -5.592, -4.940, -5.153]"
867,1,4.2560,8.4508,0.190,345,979,69,8,0.177,75,6.11,32982,1362.95,0,0,30.000(37.500%)(1.071m),44.000(38.824%)(2.571m),58.000(51.177%)(4.071m),26.050(22.985%)(0.648m),12.600(15.750%)(0.000m),25.000(62.500%)(1.607m),9.831(24.576%)(0.000m),504.392,4386.702,65.7,1.3701,"[0.826, 1.934, 1.897, 0.882, 2.171, 1.940]","[3.462, 3.552, 3.524, 3.475, 3.897, 3.588]","[-5.179, -5.800, -5.961, -5.034, -5.559, -5.345]"
868,1,15.1132,8.3301,0.159,798,2350,175,166,0.176,100,6.22,33062,3162.32,1,1,25.000(31.250%)(0.536m),48.000(42.353%)(3.000m),51.000(45.000%)(3.321m),34.181(30.160%)(1.519m),15.848(19.810%)(0.000m),15.000(37.500%)(0.536m),11.105(27.763%)(0.118m),320.916,3546.844,68.2,1.3655,"[0.947, 1.721, 1.536, 0.983, 1.985, 1.653]","[3.198, 3.646, 3.398, 3.201, 3.904, 3.414]","[-5.229, -3.681, -1.745, -4.996, -3.566, -0.963]"
869,1,23.3423,8.7740,0.168,856,2473,104,136,0.176,100,6.33,33148,3343.22,2,1,20.000(25.000%)(0.000m),35.000(30.882%)(1.607m),55.000(48.530%)(3.750m),36.000(31.765%)(1.714m),18.700(23.375%)(0.000m),16.000(40.000%)(0.643m),13.139(32.848%)(0.336m),269.146,3931.623,66.9,1.3407,"[1.254, 1.697, 1.685, 1.325, 2.022, 1.774]","[3.422, 3.843, 3.549, 3.514, 4.022, 3.528]","[-6.461, -4.612, -1.377, -6.298, -3.895, -1.039]"
870,1,21.0296,9.0556,0.171,773,2295,25,86,0.176,100,6.44,33226,3101.13,3,1,20.092(25.114%)(0.010m),42.572(37.564%)(2.418m),66.000(58.235%)(4.929m),50.575(44.625%)(3.276m),24.165(30.206%)(0.446m),14.130(35.326%)(0.443m),17.098(42.745%)(0.760m),991.176,3538.985,68.7,1.3527,"[1.434, 1.621, 1.462, 1.514, 1.904, 1.559]","[3.047, 3.623, 3.317, 3.185, 3.854, 3.400]","[-3.036, -1.533, -4.463, -3.071, -2.438, -4.302]"
871,1,20.5816,9.4054,0.175,734,2213,177,68,0.175,100,6.54,33300,2816.13,4,1,25.000(31.250%)(0.536m),39.000(34.412%)(2.036m),59.000(52.059%)(4.179m),42.562(37.554%)(2.417m),20.154(25.192%)(0.016m),18.000(45.000%)(0.857m),14.185(35.463%)(0.448m),623.562,3913.526,69.8,1.3765,"[1.089, 1.574, 1.400, 1.131, 1.878, 1.500]","[3.207, 3.652, 3.510, 3.283, 4.005, 3.531]","[-4.730, -3.385, -3.872, -4.574, -2.742, -3.837]"
872,1,16.1346,9.6753,0.169,851,2464,114,150,0.175,100,6.65,33386,3381.74,5,1,23.000(28.750%)(0.321m),32.000(28.235%)(1.286m),58.000(51.177%)(4.071m),37.610(33.185%)(1.887m),17.594(21.992%)(0.000m),16.430(41.075%)(0.689m),12.350(30.875%)(0.252m),207.872,4163.065,67.0,1.3592,"[1.024, 1.641, 1.583, 1.051, 1.918, 1.603]","[3.384, 3.551, 3.340, 3.389, 3.827, 3.348]","[-6.185, -4.342, -4.454, -7.017, -4.454, -4.412]"
873,1,20.8361,9.7730,0.168,716,2172,169,72,0.175,100,6.76,33458,2776.66,6,1,21.000(26.250%)(0.107m),35.000(30.882%)(1.607m),63.000(55.588%)(4.607m),39.221(34.607%)(2.059m),18.395(22.994%)(0.000m),19.000(47.500%)(0.964m),12.914(32.286%)(0.312m),572.800,3423.480,70.2,1.3467,"[1.402, 1.932, 1.684, 1.412, 2.233, 1.791]","[3.100, 3.700, 3.420, 3.255, 4.011, 3.633]","[-5.086, -3.350, -3.546, -4.842, -3.096, -3.253]"
874,1,25.9671,9.8776,0.163,803,2358,16,92,0.174,100,6.86,33539,3127.60,7,1,21.000(26.250%)(0.107m),35.000(30.882%)(1.607m),54.000(47.647%)(3.643m),46.000(40.588%)(2.786m),23.600(29.501%)(0.386m),18.000(45.000%)(0.857m),16.656(41.639%)(0.713m),314.785,3112.508,67.9,1.3271,"[1.742, 1.919, 1.694, 1.801, 2.257, 1.822]","[3.343, 3.744, 3.321, 3.428, 4.021, 3.441]","[-3.322, -0.210, -1.127, -3.599, -0.318, -0.689]"
875,1,1.0139,9.5049,0.174,549,1531,67,139,0.174,85,6.86,33594,2135.47,0,0,15.000(18.750%)(0.000m),31.000(27.353%)(1.179m),52.000(45.882%)(3.429m),32.000(28.235%)(1.286m),12.000(15.000%)(0.000m),11.000(27.500%)(0.107m),11.000(27.500%)(0.107m),155.103,4810.155,64.5,1.3358,"[1.150, 1.245, 1.030, 1.168, 1.550, 1.158]","[3.469, 3.865, 3.531, 3.383, 4.144, 3.679]","[-5.185, -4.550, -5.272, -5.504, -4.560, -5.271]"
876,1,5.0434,9.5677,0.169,473,1350,31,69,0.173,80,6.85,33642,1900.95,0,0,11.000(13.750%)(0.000m),19.000(16.765%)(0.000m),63.000(55.588%)(4.607m),37.000(32.647%)(1.821m),19.584(24.479%)(0.000m),10.000(25.000%)(0.000m),13.766(34.415%)(0.404m),303.223,3919.031,66.1,1.4006,"[1.446, 1.720, 1.525, 1.475, 2.023, 1.644]","[3.635, 3.772, 3.496, 3.684, 4.047, 3.582]","[-9.871, -5.688, -5.624, -11.147, -5.881, -5.863]"
877,1,-1.6899,9.4237,0.162,198,542,20,40,0.173,55,6.84,33662,779.87,0,0,44.887(56.108%)(2.666m),92.800(81.883%)(7.800m),43.000(37.941%)(2.464m),28.000(24.706%)(0.857m),24.000(30.000%)(0.429m),32.603(81.508%)(2.422m),40.000(100.000%)(3.214m),234.568,4797.822,63.3,1.4658,"[1.020, 1.464, 1.350, 0.806, 1.327, 1.333]","[3.193, 3.504, 3.309, 3.388, 3.785, 3.398]","[-2.532, -2.556, -3.585, -2.670, -3.211, -1.677]"
878,1,18.7773,9.3466,0.169,780,2309,196,134,0.173,100,6.95,33740,2971.44,1,1,22.000(27.500%)(0.214m),35.000(30.882%)(1.607m),61.000(53.824%)(4.393m),41.838(36.916%)(2.340m),19.720(24.650%)(0.000m),15.000(37.500%)(0.536m),13.864(34.660%)(0.414m),435.243,3246.914,68.5,1.2895,"[1.339, 1.768, 1.517, 1.375, 2.091, 1.621]","[2.984, 3.442, 3.233, 3.092, 3.718, 3.262]","[-5.035, -0.670, -1.405, -5.002, -0.265, -1.202]"
879,1,2.8670,9.4028,0.183,315,852,24,49,0.172,65,6.94,33772,1204.82,0,0,22.000(27.500%)(0.214m),35.000(30.882%)(1.607m),57.000(50.294%)(3.964m),28.789(25.402%)(0.942m),13.247(16.558%)(0.000m),20.000(50.000%)(1.071m),9.687(24.217%)(0.000m),457.590,4675.133,62.6,1.3518,"[1.790, 2.040, 1.985, 1.776, 2.317, 2.052]","[3.679, 3.748, 3.355, 3.599, 3.978, 3.407]","[-5.532, -6.047, -3.011, -5.578, -5.571, -3.330]"
880,1,6.1527,9.1054,0.177,772,2292,126,129,0.172,95,6.93,33850,3070.51,0,0,22.000(27.500%)(0.214m),31.000(27.353%)(1.179m),35.000(30.882%)(1.607m),27.356(24.137%)(0.788m),12.832(16.040%)(0.000m),16.000(40.000%)(0.643m),9.757(24.393%)(0.000m),122.551,3144.914,68.7,1.3585,"[0.459, 1.357, 1.377, 0.454, 1.630, 1.375]","[3.139, 3.706, 3.425, 3.237, 3.953, 3.490]","[-5.452, -6.299, -4.901, -5.245, -6.101, -5.543]"
881,1,0.7833,8.7256,0.171,366,1088,157,15,0.172,80,6.92,33887,1403.44,0,0,34.000(42.500%)(1.500m),59.000(52.059%)(4.179m),32.000(28.235%)(1.286m),24.000(21.177%)(0.429m),16.370(20.462%)(0.000m),29.000(72.500%)(2.036m),11.476(28.689%)(0.158m),0.000,3446.983,68.8,1.3932,"[-0.179, 1.372, 1.578, -0.311, 1.563, 1.548]","[3.088, 3.782, 3.610, 3.183, 4.075, 3.729]","[-5.292, -4.433, -6.515, -5.005, -4.608, -4.484]"
882,1,18.6582,8.7594,0.177,793,2340,243,7,0.171,100,7.03,33967,3089.61,1,1,32.000(40.000%)(1.286m),57.000(50.294%)(3.964m),58.000(51.177%)(4.071m),36.770(32.444%)(1.797m),17.202(21.502%)(0.000m),22.000(55.000%)(1.286m),12.066(30.164%)(0.221m),463.046,4032.816,68.3,1.3619,"[0.803, 2.016, 1.893, 0.808, 2.315, 1.984]","[3.267, 3.402, 3.155, 3.334, 3.785, 3.362]","[-5.406, -1.715, -0.842, -5.131, -1.182, -0.517]"
883,1,3.0082,8.7355,0.173,230,608,2,13,0.171,55,7.02,33990,865.34,0,0,26.000(32.500%)(0.643m),33.000(29.118%)(1.393m),59.000(52.059%)(4.179m),97.643(86.156%)(8.319m),47.229(59.036%)(2.917m),40.000(100.000%)(3.214m),34.284(85.709%)(2.602m),230.784,3905.394,61.2,1.1988,"[2.362, 2.208, 2.028, 2.311, 2.495, 2.014]","[3.274, 3.599, 3.248, 3.385, 3.914, 3.367]","[0.902, -4.644, -4.473, 0.285, -4.346, -3.889]"
884,1,1.7029,8.7504,0.159,378,1147,106,47,0.171,80,7.01,34028,1478.40,0,0,11.000(13.750%)(0.000m),18.000(15.882%)(0.000m),58.000(51.177%)(4.071m),30.121(26.577%)(1.084m),13.762(17.202%)(0.000m),11.000(27.500%)(0.107m),9.619(24.048%)(0.000m),331.889,3186.025,70.2,1.3626,"[0.194, 1.202, 1.457, 0.173, 1.511, 1.492]","[2.906, 3.493, 3.388, 3.002, 3.802, 3.532]","[-13.183, -5.770, -5.288, -13.382, -5.423, -5.121]"
885,1,5.2996,8.7411,0.173,384,1156,13,49,0.170,80,7.01,34067,1539.09,0,0,11.000(13.750%)(0.000m),16.000(14.118%)(0.000m),29.000(25.588%)(0.964m),35.000(30.882%)(1.607m),23.967(29.958%)(0.425m),26.000(65.000%)(1.714m),16.921(42.302%)(0.742m),198.491,3130.774,69.7,1.3630,"[1.354, 1.668, 1.507, 1.364, 1.917, 1.576]","[3.323, 3.585, 3.167, 3.365, 3.867, 3.380]","[-10.312, -6.362, -6.096, -8.972, -6.555, -5.688]"
886,1,19.2590,8.7227,0.174,811,2381,62,56,0.170,100,7.11,34149,3254.93,1,1,26.000(32.500%)(0.643m),44.000(38.824%)(2.571m),57.000(50.294%)(3.964m),35.632(31.440%)(1.675m),16.569(20.712%)(0.000m),21.000(52.500%)(1.179m),11.612(29.030%)(0.173m),557.099,3731.325,67.9,1.3656,"[1.558, 2.039, 1.844, 1.608, 2.285, 1.914]","[3.343, 3.808, 3.532, 3.376, 4.055, 3.562]","[-5.212, -1.236, -0.630, -4.840, -0.835, -0.609]"
887,1,5.5750,8.6971,0.186,417,1198,24,80,0.170,80,7.10,34191,1642.62,0,0,20.000(25.000%)(0.000m),33.000(29.118%)(1.393m),36.000(31.765%)(1.714m),26.000(22.941%)(0.643m),23.000(28.750%)(0.321m),18.000(45.000%)(0.857m),16.896(42.241%)(0.739m),0.000,3832.196,66.5,1.3596,"[1.449, 1.478, 1.491, 1.450, 1.769, 1.582]","[3.323, 3.793, 3.753, 3.237, 4.076, 3.744]","[-4.787, -5.659, -6.721, -4.793, -5.666, -4.862]"
888,1,0.3351,8.3797,0.152,259,747,39,85,0.169,65,7.09,34217,1018.41,0,0,16.000(20.000%)(0.000m),33.000(29.118%)(1.393m),76.000(67.059%)(6.000m),84.745(74.775%)(6.937m),40.990(51.238%)(2.249m),11.000(27.500%)(0.107m),29.401(73.503%)(2.079m),231.416,3925.235,66.7,1.3662,"[2.076, 1.762, 1.227, 2.093, 2.167, 1.415]","[3.722, 3.915, 3.652, 3.711, 4.206, 3.716]","[-1.201, -5.729, -6.575, -0.245, -4.905, -5.774]"
889,1,21.0352,8.7810,0.176,816,2388,159,75,0.169,100,7.20,34299,3224.53,1,1,23.000(28.750%)(0.321m),38.000(33.530%)(1.929m),43.000(37.941%)(2.464m),40.637(35.857%)(2.211m),19.179(23.974%)(0.000m),22.000(55.000%)(1.286m),13.858(34.645%)(0.413m),392.084,3419.696,67.7,1.3463,"[1.774, 2.121, 1.945, 1.816, 2.426, 2.054]","[3.551, 3.917, 3.611, 3.632, 4.207, 3.677]","[-4.603, -0.137, -1.613, -4.423, -0.109, -1.147]"
890,1,17.8157,8.9643,0.188,880,2528,164,49,0.169,100,7.30,34387,3437.37,2,1,26.000(32.500%)(0.643m),36.000(31.765%)(1.714m),41.000(36.177%)(2.250m),41.852(36.928%)(2.341m),19.775(24.718%)(0.000m),24.000(60.000%)(1.500m),13.910(34.774%)(0.419m),467.867,3462.490,66.5,1.3056,"[1.523, 1.961, 1.785, 1.497, 2.195, 1.825]","[3.568, 4.148, 3.808, 3.698, 4.393, 3.858]","[-4.878, -0.709, -1.745, -4.778, -1.093, -1.342]"
891,1,0.1594,8.9525,0.167,283,762,16,15,0.168,65,7.30,34416,1122.66,0,0,28.000(35.000%)(0.857m),38.000(33.530%)(1.929m),60.000(52.941%)(4.286m),27.597(24.350%)(0.814m),12.832(16.040%)(0.000m),27.000(67.500%)(1.821m),9.632(24.079%)(0.000m),497.742,4613.765,62.3,1.3324,"[1.532, 2.147, 2.229, 1.505, 2.377, 2.238]","[3.473, 3.810, 3.433, 3.428, 4.117, 3.579]","[-5.157, -6.242, -3.907, -5.381, -5.726, -4.242]"
892,1,4.5876,8.7445,0.183,370,1099,112,18,0.168,80,7.29,34453,1432.97,0,0,34.000(42.500%)(1.500m),49.000(43.235%)(3.107m),32.000(28.235%)(1.286m),25.000(22.059%)(0.536m),15.364(19.205%)(0.000m),27.000(67.500%)(1.821m),10.757(26.892%)(0.081m),0.000,3111.288,68.8,1.3192,"[0.830, 1.650, 1.766, 0.718, 1.856, 1.706]","[3.314, 3.736, 3.602, 3.339, 4.005, 3.724]","[-5.134, -5.567, -7.696, -5.314, -5.513, -5.496]"
893,1,2.2180,8.6402,0.186,295,814,15,57,0.168,65,7.28,34483,1075.32,0,0,23.000(28.750%)(0.321m),37.000(32.647%)(1.821m),59.000(52.059%)(4.179m),23.272(20.535%)(0.351m),12.080(15.099%)(0.000m),20.000(50.000%)(1.071m),10.040(25.101%)(0.004m),547.495,4185.219,63.9,1.2265,"[1.703, 2.087, 1.902, 1.756, 2.354, 1.986]","[3.376, 3.802, 3.556, 3.438, 4.101, 3.811]","[-5.102, -5.726, -5.392, -5.185, -5.616, -5.031]"
894,1,3.5133,8.6557,0.175,438,1271,86,43,0.167,80,7.27,34527,1698.16,0,0,12.000(15.000%)(0.000m),21.000(18.529%)(0.107m),63.000(55.588%)(4.607m),42.030(37.086%)(2.360m),19.865(24.831%)(0.000m),24.000(60.000%)(1.500m),13.974(34.936%)(0.426m),504.442,4334.653,67.1,1.4244,"[1.299, 1.724, 1.462, 1.249, 1.991, 1.570]","[3.379, 3.808, 3.579, 3.250, 4.019, 3.729]","[-9.099, -5.117, -5.772, -9.080, -4.689, -5.389]"
895,1,20.3032,8.9714,0.178,893,2553,130,82,0.167,100,7.37,34617,3570.78,1,1,27.000(33.750%)(0.750m),44.000(38.824%)(2.571m),51.000(45.000%)(3.321m),35.000(30.882%)(1.607m),17.036(21.295%)(0.000m),20.000(50.000%)(1.071m),11.951(29.876%)(0.209m),524.691,4187.300,66.2,1.3398,"[1.422, 2.038, 1.917, 1.457, 2.345, 2.017]","[3.639, 3.759, 3.516, 3.630, 4.060, 3.656]","[-4.961, -2.669, -3.143, -4.803, -2.534, -3.480]"
896,1,19.2043,9.2857,0.175,839,2437,189,138,0.167,100,7.48,34701,3272.18,2,1,21.000(26.250%)(0.107m),36.000(31.765%)(1.714m),68.000(60.000%)(5.143m),37.577(33.157%)(1.883m),18.024(22.530%)(0.000m),18.000(45.000%)(0.857m),12.693(31.732%)(0.288m),324.983,3627.497,67.2,1.3336,"[1.717, 2.060, 1.842, 1.800, 2.414, 1.983]","[3.846, 3.802, 3.694, 3.972, 4.070, 3.794]","[-5.816, -4.023, -1.174, -5.417, -3.175, -0.730]"
897,1,23.6263,9.7421,0.174,764,2275,199,47,0.166,100,7.58,34778,3006.83,3,1,25.000(31.250%)(0.536m),42.000(37.059%)(2.357m),59.000(52.059%)(4.179m),36.920(32.576%)(1.813m),17.243(21.554%)(0.000m),22.000(55.000%)(1.286m),12.091(30.227%)(0.224m),441.853,3340.469,68.9,1.3315,"[1.484, 2.218, 2.075, 1.534, 2.537, 2.173]","[3.708, 4.075, 3.712, 3.761, 4.339, 3.902]","[-5.135, -1.152, -0.568, -4.798, -0.781, -0.334]"
898,1,24.4669,10.1180,0.184,887,2543,58,106,0.166,100,7.68,34867,3393.30,4,1,19.000(23.750%)(0.000m),36.000(31.765%)(1.714m),50.000(44.118%)(3.214m),41.000(36.177%)(2.250m),23.251(29.064%)(0.348m),13.000(32.500%)(0.321m),16.465(41.162%)(0.693m),322.286,3882.216,66.4,1.3589,"[1.733, 1.852, 1.664, 1.804, 2.155, 1.809]","[3.679, 3.922, 3.756, 3.532, 4.078, 3.854]","[-2.807, -5.071, -4.903, -3.176, -4.759, -4.345]"
899,1,16.4415,10.1219,0.182,778,2309,178,83,0.166,100,7.79,34945,3139.34,5,1,26.000(32.500%)(0.643m),41.000(36.177%)(2.250m),53.000(46.765%)(3.536m),37.280(32.894%)(1.851m),17.412(21.765%)(0.000m),23.000(57.500%)(1.393m),12.218(30.546%)(0.238m),476.298,3526.768,68.7,1.4627,"[0.821, 1.813, 1.721, 0.839, 2.110, 1.806]","[3.308, 3.711, 3.345, 3.283, 3.830, 3.262]","[-5.299, -1.254, -0.326, -5.070, -0.932, -0.039]"
900,1,1.5194,9.6746,0.181,267,708,16,2,0.165,60,7.78,34972,1027.65,0,0,32.000(40.000%)(1.286m),50.000(44.118%)(3.214m),49.204(43.415%)(3.129m),20.217(17.839%)(0.023m),11.154(13.942%)(0.000m),40.000(100.000%)(3.214m),9.866(24.665%)(0.000m),981.141,6003.008,61.4,1.3265,"[1.725, 2.197, 2.317, 1.725, 2.335, 2.335]","[3.333, 3.802, 3.646, 3.417, 4.061, 3.641]","[-5.500, -5.825, -5.438, -5.285, -6.342, -5.264]"
901,1,22.7964,9.8314,0.166,759,2264,199,27,0.165,100,7.88,35048,2994.49,1,1,29.000(36.250%)(0.964m),45.000(39.706%)(2.679m),58.000(51.177%)(4.071m),39.493(34.847%)(2.089m),18.533(23.166%)(0.000m),26.000(65.000%)(1.714m),13.013(32.533%)(0.323m),637.783,3740.102,69.0,1.3968,"[1.341, 1.926, 1.770, 1.375, 2.219, 1.876]","[2.991, 3.601, 3.279, 3.127, 3.780, 3.321]","[-5.287, 0.031, -0.751, -5.033, 0.253, -0.815]"
902,1,18.5974,9.7882,0.169,721,2183,117,132,0.165,100,7.98,35121,2766.14,2,1,19.000(23.750%)(0.000m),30.000(26.471%)(1.071m),53.000(46.765%)(3.536m),34.972(30.858%)(1.604m),16.318(20.397%)(0.000m),19.000(47.500%)(0.964m),11.452(28.630%)(0.156m),192.760,3317.912,70.1,1.3419,"[1.196, 1.789, 1.530, 1.223, 2.162, 1.670]","[3.298, 3.512, 3.344, 3.370, 3.837, 3.445]","[-5.600, -3.737, -3.259, -5.319, -3.923, -3.183]"
903,1,0.6398,9.7464,0.183,256,709,18,15,0.164,60,7.97,35147,961.59,0,0,29.000(36.250%)(0.964m),48.000(42.353%)(3.000m),63.000(55.588%)(4.607m),28.881(25.484%)(0.952m),13.358(16.698%)(0.000m),25.000(62.500%)(1.607m),9.640(24.101%)(0.000m),900.170,4828.975,64.1,1.3073,"[1.571, 1.866, 2.049, 1.564, 2.110, 2.134]","[3.401, 3.646, 3.318, 3.439, 3.886, 3.458]","[-5.556, -5.866, -2.396, -5.702, -5.780, -2.520]"
904,1,8.9638,9.8888,0.177,736,2131,176,70,0.164,95,7.96,35221,2957.17,0,0,25.000(31.250%)(0.536m),43.000(37.941%)(2.464m),51.000(45.000%)(3.321m),21.263(18.761%)(0.135m),11.731(14.663%)(0.000m),21.000(52.500%)(1.179m),10.376(25.941%)(0.040m),538.015,4036.373,67.0,1.3470,"[1.278, 1.826, 1.783, 1.294, 2.145, 1.864]","[3.578, 3.593, 3.384, 3.689, 3.852, 3.431]","[-5.184, -5.561, -5.515, -5.108, -5.327, -5.003]"
905,1,2.1790,9.9010,0.171,326,908,97,25,0.164,70,7.96,35254,1284.57,0,0,13.438(16.797%)(0.000m),29.434(25.971%)(1.011m),46.000(40.588%)(2.786m),32.000(28.235%)(1.286m),26.000(32.500%)(0.643m),9.698(24.245%)(0.000m),28.000(70.000%)(1.929m),420.635,4124.283,64.4,1.3202,"[2.112, 2.016, 0.570, 2.195, 2.107, 0.494]","[3.454, 3.626, 3.374, 3.489, 3.871, 3.461]","[-1.988, -4.643, -5.146, -1.550, -3.705, -5.381]"
906,1,23.0833,10.1946,0.179,745,2235,135,59,0.163,100,8.06,35329,2927.91,1,1,22.000(27.500%)(0.214m),40.000(35.294%)(2.143m),57.000(50.294%)(3.964m),37.109(32.744%)(1.833m),17.393(21.742%)(0.000m),20.000(50.000%)(1.071m),12.206(30.515%)(0.236m),400.234,3708.734,69.4,1.3447,"[1.469, 1.916, 1.710, 1.516, 2.264, 1.848]","[3.634, 3.729, 3.626, 3.566, 3.993, 3.639]","[-5.459, -2.518, -3.438, -4.852, -2.614, -3.141]"
907,1,19.8021,10.4214,0.166,731,2205,187,117,0.163,100,8.16,35403,2848.54,2,1,22.000(27.500%)(0.214m),36.000(31.765%)(1.714m),65.000(57.353%)(4.821m),38.704(34.151%)(2.004m),18.181(22.727%)(0.000m),18.000(45.000%)(0.857m),12.768(31.919%)(0.297m),349.647,3187.827,69.8,1.3560,"[1.367, 1.923, 1.758, 1.427, 2.302, 1.873]","[3.342, 3.755, 3.593, 3.377, 4.004, 3.705]","[-5.206, -3.603, -4.267, -4.849, -3.518, -4.322]"
908,1,13.4814,10.6714,0.170,723,2193,287,109,0.163,100,8.26,35476,2772.10,3,1,15.000(18.750%)(0.000m),40.000(35.294%)(2.143m),56.000(49.412%)(3.857m),32.448(28.631%)(1.334m),14.942(18.678%)(0.000m),11.000(27.500%)(0.107m),10.457(26.142%)(0.049m),448.288,3661.993,70.2,1.3434,"[0.150, 1.236, 1.511, 0.247, 1.516, 1.687]","[3.255, 3.772, 3.657, 3.405, 4.118, 3.803]","[-5.563, -6.177, -5.214, -5.056, -6.410, -5.253]"
909,1,0.1530,10.6393,0.162,429,1232,122,53,0.162,80,8.25,35519,1631.48,0,0,24.000(30.000%)(0.429m),23.000(20.294%)(0.321m),21.000(18.529%)(0.107m),20.000(17.647%)(0.000m),15.773(19.716%)(0.000m),23.000(57.500%)(1.393m),11.064(27.659%)(0.114m),0.000,3800.625,66.5,1.3427,"[0.886, 1.296, 1.238, 0.699, 1.614, 1.341]","[3.170, 3.525, 3.228, 3.127, 3.796, 3.329]","[-5.746, -5.402, -5.352, -6.769, -4.793, -4.661]"
910,1,1.7739,10.6160,0.175,407,1177,119,16,0.162,80,8.24,35560,1601.55,0,0,32.000(40.000%)(1.286m),49.000(43.235%)(3.107m),20.000(17.647%)(0.000m),21.000(18.529%)(0.107m),19.003(23.753%)(0.000m),24.000(60.000%)(1.500m),13.351(33.378%)(0.359m),0.000,3678.960,66.9,1.3670,"[0.997, 1.550, 1.491, 0.971, 1.776, 1.459]","[3.094, 3.556, 3.330, 3.280, 3.818, 3.424]","[-5.326, -5.092, -6.205, -5.462, -5.224, -6.976]"
911,1,19.8867,10.9995,0.176,720,2181,186,67,0.162,100,8.34,35632,2824.48,1,1,24.000(30.000%)(0.429m),37.000(32.647%)(1.821m),60.000(52.941%)(4.286m),35.758(31.551%)(1.688m),16.686(20.858%)(0.000m),21.000(52.500%)(1.179m),11.698(29.245%)(0.182m),433.671,3071.462,70.1,1.3608,"[0.851, 1.710, 1.589, 0.894, 2.058, 1.737]","[3.080, 3.634, 3.358, 3.200, 3.915, 3.499]","[-5.067, -3.059, -1.835, -4.773, -2.593, -1.393]"
912,1,19.4207,11.1927,0.181,814,2383,27,132,0.161,100,8.44,35714,3142.18,2,1,23.000(28.750%)(0.321m),40.000(35.294%)(2.143m),51.000(45.000%)(3.321m),42.000(37.059%)(2.357m),23.881(29.851%)(0.416m),20.000(50.000%)(1.071m),16.859(42.147%)(0.735m),403.808,3532.508,67.7,1.3311,"[1.947, 2.110, 1.905, 2.051, 2.430, 2.022]","[3.499, 3.877, 3.484, 3.532, 4.164, 3.722]","[-3.300, -0.173, -1.755, -3.356, -0.273, -1.182]"
913,1,15.4368,11.4737,0.178,707,2154,75,118,0.161,100,8.54,35785,2753.47,3,1,17.000(21.250%)(0.000m),42.000(37.059%)(2.357m),54.000(47.647%)(3.643m),40.584(35.809%)(2.205m),19.085(23.856%)(0.000m),12.000(30.000%)(0.214m),13.421(33.552%)(0.367m),310.788,2996.019,70.5,1.3586,"[1.352, 1.814, 1.626, 1.464, 2.148, 1.774]","[3.329, 3.862, 3.563, 3.485, 4.111, 3.752]","[-4.957, -0.881, -2.664, -4.280, -0.612, -2.175]"
914,1,1.2535,11.1744,0.155,244,660,16,5,0.161,60,8.53,35810,932.02,0,0,32.000(40.000%)(1.286m),48.000(42.353%)(3.000m),62.000(54.706%)(4.500m),28.330(24.997%)(0.892m),13.026(16.282%)(0.000m),40.000(100.000%)(3.214m),9.651(24.127%)(0.000m),769.522,5387.662,62.6,1.3461,"[1.282, 1.696, 2.018, 1.304, 1.843, 2.058]","[3.421, 3.547, 3.514, 3.337, 3.898, 3.726]","[-6.025, -6.865, -4.149, -5.713, -7.015, -4.142]"
915,1,6.0214,11.2845,0.190,597,1774,111,62,0.160,95,8.52,35870,2316.30,0,0,22.000(27.500%)(0.214m),20.000(17.647%)(0.000m),20.000(17.647%)(0.000m),22.000(19.412%)(0.214m),22.241(27.802%)(0.240m),19.000(47.500%)(0.964m),15.673(39.182%)(0.608m),0.000,3200.067,68.8,1.3389,"[1.432, 1.401, 1.355, 1.445, 1.700, 1.380]","[3.586, 3.704, 3.387, 3.663, 3.974, 3.533]","[-4.709, -8.617, -5.241, -3.891, -6.915, -6.094]"
916,1,4.3703,11.3359,0.163,560,1697,130,76,0.160,95,8.52,35926,2233.55,0,0,21.000(26.250%)(0.107m),20.000(17.647%)(0.000m),20.000(17.647%)(0.000m),23.000(20.294%)(0.321m),20.520(25.650%)(0.056m),19.000(47.500%)(0.964m),14.456(36.140%)(0.477m),0.000,2823.408,70.1,1.3320,"[1.087, 1.240, 1.018, 1.117, 1.518, 1.054]","[3.278, 3.691, 3.294, 3.428, 3.968, 3.383]","[-4.680, -7.344, -4.929, -4.346, -6.780, -5.177]"
917,1,16.6376,11.5836,0.176,757,2262,218,103,0.160,100,8.62,36002,2949.42,1,1,24.000(30.000%)(0.429m),45.000(39.706%)(2.679m),59.000(52.059%)(4.179m),29.974(26.448%)(1.069m),13.829(17.286%)(0.000m),17.000(42.500%)(0.750m),9.683(24.208%)(0.000m),442.293,3250.028,69.2,1.3316,"[0.814, 1.577, 1.580, 0.884, 1.913, 1.681]","[3.098, 3.600, 3.372, 3.205, 3.927, 3.509]","[-5.629, -5.764, -4.175, -5.521, -5.684, -4.477]"
918,1,21.3223,11.7077,0.175,770,2290,134,108,0.159,100,8.71,36079,3014.48,2,1,22.000(27.500%)(0.214m),45.000(39.706%)(2.679m),51.000(45.000%)(3.321m),31.258(27.580%)(1.206m),14.485(18.106%)(0.000m),16.000(40.000%)(0.643m),10.149(25.372%)(0.016m),250.206,3545.243,68.8,1.2953,"[1.292, 1.797, 1.826, 1.303, 2.140, 1.938]","[3.195, 3.714, 3.558, 3.248, 3.956, 3.670]","[-5.607, -5.563, -3.766, -5.288, -5.306, -3.230]"
919,1,21.6135,11.6732,0.181,661,2054,96,112,0.159,100,8.81,36146,2538.72,3,1,23.000(28.750%)(0.321m),41.000(36.177%)(2.250m),56.000(49.412%)(3.857m),48.359(42.670%)(3.038m),23.012(28.764%)(0.323m),17.000(42.500%)(0.750m),16.229(40.573%)(0.667m),435.597,2897.211,71.9,1.3242,"[1.752, 2.005, 1.821, 1.776, 2.363, 1.929]","[3.259, 3.802, 3.675, 3.348, 4.056, 3.756]","[-4.411, -0.094, -0.827, -4.278, 0.432, -1.168]"
920,1,23.2965,11.7185,0.184,672,2077,79,34,0.159,100,8.91,36214,2618.93,4,1,26.000(32.500%)(0.643m),45.000(39.706%)(2.679m),57.000(50.294%)(3.964m),44.000(38.824%)(2.571m),22.148(27.685%)(0.230m),24.000(60.000%)(1.500m),15.606(39.015%)(0.601m),354.682,2823.567,71.5,1.4547,"[1.628, 2.157, 1.914, 1.667, 2.489, 2.062]","[3.464, 3.905, 3.582, 3.496, 4.158, 3.667]","[-4.535, 0.083, -0.201, -4.532, 0.317, -0.346]"
921,1,1.8990,11.3448,0.174,635,1874,176,95,0.159,95,8.90,36278,2438.53,0,0,20.000(25.000%)(0.000m),40.000(35.294%)(2.143m),46.000(40.588%)(2.786m),23.143(20.421%)(0.337m),12.013(15.016%)(0.000m),14.000(35.000%)(0.429m),9.985(24.962%)(0.000m),222.695,3309.302,68.3,1.3634,"[0.104, 1.516, 1.653, 0.102, 1.745, 1.717]","[3.263, 3.711, 3.398, 3.370, 3.942, 3.576]","[-5.304, -6.091, -5.554, -5.043, -6.393, -5.695]"
922,1,4.5642,11.1134,0.177,652,1944,127,91,0.158,95,8.89,36344,2571.05,0,0,23.000(28.750%)(0.321m),29.000(25.588%)(0.964m),45.000(39.706%)(2.679m),24.941(22.007%)(0.529m),12.425(15.532%)(0.000m),21.000(52.500%)(1.179m),9.945(24.861%)(0.000m),202.043,3103.354,69.0,1.3872,"[1.314, 1.549, 1.615, 1.343, 1.914, 1.723]","[3.415, 3.908, 3.734, 3.430, 4.152, 3.846]","[-5.858, -6.115, -7.336, -5.510, -5.855, -6.735]"
923,1,1.5097,10.7269,0.194,369,1130,96,43,0.158,80,8.88,36381,1459.00,0,0,10.000(12.500%)(0.000m),15.000(13.235%)(0.000m),24.000(21.177%)(0.429m),36.421(32.136%)(1.759m),16.973(21.216%)(0.000m),11.000(27.500%)(0.107m),11.898(29.745%)(0.203m),305.567,3144.979,70.9,1.3577,"[1.129, 1.708, 1.601, 1.223, 1.987, 1.746]","[3.256, 3.662, 3.596, 3.398, 4.076, 3.761]","[-13.571, -6.193, -5.972, -14.353, -7.477, -5.704]"
924,1,0.5151,10.2179,0.160,225,653,27,30,0.158,60,8.87,36404,855.03,0,0,23.000(28.750%)(0.321m),33.000(29.118%)(1.393m),51.000(45.000%)(3.321m),28.774(25.389%)(0.940m),13.161(16.451%)(0.000m),23.000(57.500%)(1.393m),9.624(24.060%)(0.000m),149.339,3846.190,67.2,1.3017,"[1.078, 1.596, 1.888, 0.958, 1.912, 1.879]","[3.120, 3.629, 3.389, 3.212, 3.906, 3.476]","[-5.131, -6.206, -3.391, -5.281, -5.822, -3.679]"
925,1,22.3327,10.6442,0.173,809,2372,94,83,0.157,100,8.97,36485,3136.39,1,1,27.000(33.750%)(0.750m),40.000(35.294%)(2.143m),57.000(50.294%)(3.964m),40.000(35.294%)(2.143m),20.855(26.069%)(0.092m),19.000(47.500%)(0.964m),14.708(36.771%)(0.504m),360.540,3559.013,67.9,1.3495,"[1.673, 2.144, 1.868, 1.767, 2.446, 1.995]","[3.564, 3.819, 3.571, 3.610, 4.071, 3.690]","[-4.798, -0.590, -2.225, -4.585, -0.607, -1.793]"
926,1,1.3101,10.5696,0.185,318,876,32,74,0.157,70,8.96,36517,1244.76,0,0,24.000(30.000%)(0.429m),41.000(36.177%)(2.250m),52.000(45.882%)(3.429m),61.045(53.863%)(4.398m),29.416(36.770%)(1.009m),11.000(27.500%)(0.107m),20.931(52.328%)(1.171m),565.606,4315.972,63.7,1.3608,"[1.948, 2.026, 1.773, 2.078, 2.306, 1.899]","[3.215, 3.623, 3.273, 3.262, 3.899, 3.316]","[-0.716, -1.403, -2.615, 0.037, -1.009, -2.107]"
927,1,6.1593,10.7266,0.179,595,1770,145,35,0.157,95,8.95,36577,2379.96,0,0,29.000(36.250%)(0.964m),20.000(17.647%)(0.000m),20.000(17.647%)(0.000m),21.000(18.529%)(0.107m),17.661(22.076%)(0.000m),27.000(67.500%)(1.821m),12.388(30.970%)(0.256m),0.000,3523.616,68.8,1.3461,"[0.768, 1.619, 1.557, 0.830, 1.876, 1.603]","[3.206, 3.730, 3.440, 3.354, 4.010, 3.640]","[-5.841, -9.858, -6.978, -4.927, -9.510, -7.258]"
928,1,17.7910,10.7068,0.189,761,2271,174,96,0.156,100,9.05,36654,3005.37,1,1,25.000(31.250%)(0.536m),39.000(34.412%)(2.036m),57.000(50.294%)(3.964m),34.513(30.453%)(1.555m),16.019(20.023%)(0.000m),17.000(42.500%)(0.750m),11.227(28.067%)(0.131m),213.952,3667.394,69.1,1.3876,"[1.156, 1.850, 1.800, 1.250, 2.205, 1.917]","[3.397, 3.747, 3.574, 3.336, 3.956, 3.550]","[-5.378, -5.571, -3.687, -5.104, -5.769, -3.204]"
929,1,20.6043,11.0616,0.180,956,2694,212,96,0.156,100,9.15,36750,3751.02,2,1,17.000(21.250%)(0.000m),35.000(30.882%)(1.607m),49.000(43.235%)(3.107m),31.314(27.630%)(1.212m),14.448(18.060%)(0.000m),15.000(37.500%)(0.536m),10.117(25.292%)(0.012m),268.013,5371.534,65.2,1.3787,"[1.464, 1.863, 1.837, 1.538, 2.184, 1.897]","[3.614, 3.892, 3.677, 3.664, 4.157, 3.799]","[-5.172, -5.687, -4.604, -5.026, -5.704, -5.268]"
930,1,0.9396,10.9573,0.171,193,528,8,18,0.156,55,9.14,36770,756.10,0,0,24.000(30.000%)(0.429m),28.000(24.706%)(0.857m),54.000(47.647%)(3.643m),91.762(80.966%)(7.689m),45.110(56.387%)(2.690m),40.000(100.000%)(3.214m),35.195(87.988%)(2.699m),112.507,3677.744,63.3,1.3862,"[2.371, 2.309, 2.155, 2.208, 2.424, 2.039]","[3.255, 3.915, 3.813, 3.354, 4.140, 3.857]","[-2.187, -3.863, -4.701, -2.353, -5.261, -4.758]"
931,1,21.7435,11.3765,0.185,684,2103,190,60,0.155,100,9.24,36839,2667.91,1,1,23.000(28.750%)(0.321m),44.000(38.824%)(2.571m),60.000(52.941%)(4.286m),35.682(31.484%)(1.680m),16.678(20.847%)(0.000m),20.000(50.000%)(1.071m),11.704(29.259%)(0.183m),449.429,3090.297,71.1,1.2765,"[1.356, 2.201, 1.988, 1.383, 2.533, 2.114]","[3.664, 3.843, 3.617, 3.659, 4.195, 3.794]","[-5.384, -0.667, -0.610, -5.050, -0.276, -0.672]"
932,1,1.6165,11.0357,0.188,641,1756,183,121,0.155,90,9.23,36904,2527.41,0,0,19.022(23.778%)(0.000m),36.000(31.765%)(1.714m),41.000(36.177%)(2.250m),43.000(37.941%)(2.464m),26.000(32.500%)(0.643m),13.388(33.471%)(0.363m),20.000(50.000%)(1.071m),909.888,4917.136,63.4,1.3907,"[1.711, 1.851, 1.462, 1.746, 2.044, 1.498]","[3.594, 3.852, 3.502, 3.645, 4.114, 3.649]","[-2.937, -1.553, -4.561, -3.758, -1.852, -4.336]"
933,1,1.2014,10.9996,0.171,346,1045,207,14,0.155,75,9.22,36939,1324.52,0,0,34.000(42.500%)(1.500m),30.000(26.471%)(1.071m),21.000(18.529%)(0.107m),20.000(17.647%)(0.000m),14.384(17.981%)(0.000m),28.000(70.000%)(1.929m),10.071(25.179%)(0.008m),0.000,2948.654,69.9,1.3241,"[0.404, 1.137, 1.219, 0.279, 1.317, 1.173]","[3.232, 3.782, 3.426, 3.315, 3.999, 3.429]","[-5.492, -6.718, -5.950, -5.727, -7.411, -6.246]"
934,1,0.7990,10.9815,0.178,173,485,0,9,0.154,50,9.21,36957,699.23,0,0,24.000(30.000%)(0.429m),26.000(22.941%)(0.643m),65.000(57.353%)(4.821m),92.598(81.705%)(7.778m),46.786(58.483%)(2.870m),40.000(100.000%)(3.214m),37.922(94.804%)(2.992m),0.000,3140.149,64.8,1.3028,"[1.996, 1.924, 1.628, 1.903, 2.081, 1.548]","[3.328, 3.681, 3.337, 3.409, 4.095, 3.579]","[-4.347, -5.171, -5.693, -5.076, -5.511, -5.173]"
935,1,8.5685,11.0469,0.171,600,1782,7,36,0.154,95,9.20,37017,2402.87,0,0,27.000(33.750%)(0.750m),21.000(18.529%)(0.107m),54.000(47.647%)(3.643m),31.000(27.353%)(1.179m),24.000(30.000%)(0.429m),24.000(60.000%)(1.500m),18.110(45.275%)(0.869m),0.000,3364.140,68.7,1.3549,"[1.458, 1.574, 1.488, 1.531, 1.908, 1.565]","[3.668, 3.677, 3.454, 3.584, 3.953, 3.663]","[-6.405, -8.093, -10.452, -4.562, -6.586, -7.445]"
936,1,4.3582,10.7488,0.171,360,1032,79,55,0.154,75,9.19,37053,1444.68,0,0,19.000(23.750%)(0.000m),33.000(29.118%)(1.393m),50.116(44.220%)(3.227m),20.592(18.169%)(0.063m),11.360(14.200%)(0.000m),17.000(42.500%)(0.750m),10.049(25.122%)(0.005m),171.785,3793.001,66.3,1.3130,"[1.682, 2.101, 1.961, 1.680, 2.497, 2.065]","[3.384, 3.805, 3.575, 3.371, 4.119, 3.710]","[-5.264, -6.011, -7.966, -5.550, -5.457, -7.398]"
937,1,25.3563,11.1445,0.173,793,2339,77,85,0.154,100,9.28,37133,3164.88,1,1,23.000(28.750%)(0.321m),40.000(35.294%)(2.143m),66.000(58.235%)(4.929m),45.659(40.288%)(2.749m),21.654(27.068%)(0.177m),17.000(42.500%)(0.750m),15.250(38.126%)(0.563m),457.629,3875.252,68.3,1.3673,"[2.000, 2.126, 1.843, 2.066, 2.488, 1.970]","[3.570, 3.785, 3.724, 3.576, 4.011, 3.694]","[-4.206, -3.213, -3.538, -4.150, -2.885, -4.042]"
938,1,16.0759,11.4593,0.179,796,2347,146,120,0.153,100,9.38,37213,3130.39,2,1,26.000(32.500%)(0.643m),38.000(33.530%)(1.929m),54.000(47.647%)(3.643m),35.072(30.946%)(1.615m),16.291(20.364%)(0.000m),22.000(55.000%)(1.286m),11.414(28.536%)(0.152m),439.095,4106.950,68.2,1.3479,"[0.787, 1.684, 1.827, 0.886, 1.940, 1.847]","[3.225, 3.807, 3.504, 3.260, 4.058, 3.588]","[-5.804, -5.919, -3.431, -5.284, -6.197, -4.003]"
939,1,25.1267,11.5411,0.165,699,2135,92,28,0.153,100,9.48,37283,2740.97,3,1,28.000(35.000%)(0.857m),45.000(39.706%)(2.679m),63.000(55.588%)(4.607m),47.354(41.783%)(2.931m),22.508(28.135%)(0.269m),23.000(57.500%)(1.393m),15.865(39.663%)(0.628m),506.391,3552.254,70.7,1.3584,"[1.883, 2.141, 1.858, 2.010, 2.515, 1.997]","[3.564, 3.564, 3.227, 3.582, 3.828, 3.378]","[-3.559, 0.007, -0.808, -3.691, 0.265, -0.494]"
940,1,2.5035,11.2349,0.191,296,818,22,8,0.153,65,9.47,37313,1119.54,0,0,30.000(37.500%)(1.071m),45.000(39.706%)(2.679m),57.000(50.294%)(3.964m),23.349(20.602%)(0.359m),11.959(14.949%)(0.000m),26.000(65.000%)(1.714m),9.816(24.541%)(0.000m),728.946,4426.927,64.0,1.3369,"[1.756, 2.114, 1.959, 1.821, 2.357, 2.077]","[3.324, 3.508, 3.235, 3.408, 3.790, 3.324]","[-5.268, -5.304, -5.122, -5.232, -5.152, -5.038]"
941,1,17.0974,11.5736,0.186,669,2072,165,84,0.152,100,9.56,37380,2612.85,1,1,21.403(26.754%)(0.150m),42.000(37.059%)(2.357m),60.000(52.941%)(4.286m),39.000(34.412%)(2.036m),18.000(22.500%)(0.000m),15.070(37.675%)(0.543m),13.000(32.500%)(0.321m),516.751,3103.127,71.7,1.3841,"[1.258, 1.684, 1.444, 1.286, 2.046, 1.586]","[3.351, 3.729, 3.428, 3.380, 4.028, 3.560]","[-8.396, -5.215, -4.493, -10.041, -5.560, -4.588]"
942,1,25.1324,11.9845,0.177,763,2274,99,32,0.152,100,9.66,37457,2989.71,2,1,28.000(35.000%)(0.857m),42.000(37.059%)(2.357m),58.000(51.177%)(4.071m),40.024(35.315%)(2.145m),18.801(23.502%)(0.000m),23.000(57.500%)(1.393m),13.206(33.014%)(0.343m),506.246,3612.251,69.0,1.3528,"[1.622, 2.187, 1.944, 1.684, 2.527, 2.102]","[3.523, 3.833, 3.621, 3.474, 4.139, 3.719]","[-5.271, -0.694, -4.888, -4.935, 0.023, -4.502]"
943,1,2.3820,11.9878,0.183,498,1405,122,88,0.152,85,9.65,37507,1937.64,0,0,18.040(22.550%)(0.000m),33.000(29.118%)(1.393m),26.000(22.941%)(0.643m),15.000(13.235%)(0.000m),10.000(12.500%)(0.000m),12.710(31.776%)(0.290m),11.000(27.500%)(0.107m),171.162,4662.630,65.3,1.3818,"[1.393, 1.438, 0.573, 1.391, 1.639, 0.683]","[3.307, 3.860, 3.493, 3.350, 4.100, 3.681]","[-6.260, -7.216, -13.997, -6.025, -7.222, -10.477]"
944,1,1.0651,11.9388,0.178,184,509,0,11,0.151,50,9.64,37526,737.21,0,0,23.000(28.750%)(0.321m),29.000(25.588%)(0.964m),66.000(58.235%)(4.929m),87.123(76.874%)(7.192m),44.625(55.782%)(2.638m),40.000(100.000%)(3.214m),36.629(91.573%)(2.853m),14.123,3860.545,64.1,1.3862,"[2.220, 2.214, 1.975, 2.169, 2.460, 1.886]","[3.426, 3.844, 3.496, 3.469, 4.136, 3.525]","[-1.238, -4.865, -4.961, -2.491, -5.035, -4.740]"
945,1,7.6596,11.6860,0.173,630,1848,97,95,0.151,95,9.63,37589,2467.52,0,0,21.000(26.250%)(0.107m),25.000(22.059%)(0.536m),33.000(29.118%)(1.393m),48.447(42.748%)(3.048m),23.056(28.820%)(0.327m),15.000(37.500%)(0.536m),16.262(40.655%)(0.671m),0.000,3498.963,67.9,1.3176,"[1.417, 1.638, 1.371, 1.307, 1.892, 1.452]","[3.317, 3.800, 3.687, 3.348, 4.072, 3.718]","[-4.311, -3.945, -5.146, -4.583, -4.178, -5.193]"
946,1,11.0383,11.5226,0.180,732,2207,77,179,0.151,100,9.73,37663,2857.58,1,1,21.000(26.250%)(0.107m),29.000(25.588%)(0.964m),40.000(35.294%)(2.143m),34.000(30.000%)(1.500m),16.000(20.000%)(0.000m),20.000(50.000%)(1.071m),11.000(27.500%)(0.107m),322.396,3655.246,69.8,1.3244,"[1.329, 1.507, 1.379, 1.418, 1.801, 1.479]","[3.258, 3.841, 3.632, 3.395, 4.190, 3.768]","[-4.848, -5.919, -5.975, -4.152, -6.612, -3.831]"
947,1,6.6016,11.1822,0.172,621,1839,75,32,0.150,95,9.71,37726,2490.58,0,0,29.000(36.250%)(0.964m),40.000(35.294%)(2.143m),49.000(43.235%)(3.107m),20.409(18.008%)(0.044m),11.259(14.074%)(0.000m),26.000(65.000%)(1.714m),9.960(24.899%)(0.000m),484.609,3861.035,68.5,1.3335,"[1.221, 1.519, 1.349, 1.284, 1.761, 1.403]","[3.297, 3.741, 3.541, 3.364, 4.067, 3.613]","[-6.263, -6.472, -5.632, -5.737, -7.104, -5.382]"
948,1,2.0253,10.7333,0.181,259,719,30,25,0.150,60,9.70,37752,1040.12,0,0,26.000(32.500%)(0.643m),37.000(32.647%)(1.821m),49.000(43.235%)(3.107m),25.000(22.059%)(0.536m),12.275(15.344%)(0.000m),24.000(60.000%)(1.500m),9.700(24.250%)(0.000m),320.613,4006.419,64.2,1.3585,"[1.286, 1.849, 1.868, 1.271, 2.058, 1.902]","[2.857, 3.519, 3.503, 2.903, 3.788, 3.541]","[-5.513, -5.272, -5.467, -5.139, -5.103, -5.159]"
949,1,18.3411,10.7713,0.178,746,2242,212,63,0.150,100,9.80,37827,2985.86,1,1,26.000(32.500%)(0.643m),43.000(37.941%)(2.464m),58.000(51.177%)(4.071m),31.940(28.183%)(1.279m),14.703(18.378%)(0.000m),19.000(47.500%)(0.964m),10.291(25.728%)(0.031m),350.942,3845.302,69.5,1.3241,"[0.818, 1.566, 1.676, 0.922, 1.864, 1.779]","[3.489, 3.769, 3.676, 3.469, 4.085, 3.694]","[-5.424, -6.570, -2.774, -5.149, -6.721, -2.353]"
950,1,6.4055,10.8690,0.185,740,2182,116,98,0.150,95,9.79,37901,2931.60,0,0,19.000(23.750%)(0.000m),29.000(25.588%)(0.964m),50.434(44.500%)(3.261m),20.723(18.285%)(0.077m),11.432(14.290%)(0.000m),20.000(50.000%)(1.071m),10.113(25.281%)(0.012m),140.797,3763.942,68.3,1.3832,"[1.200, 1.701, 1.533, 1.291, 2.073, 1.663]","[3.552, 3.739, 3.418, 3.496, 4.022, 3.394]","[-5.358, -5.806, -5.189, -5.261, -5.653, -4.964]"
951,1,20.3927,10.8210,0.174,693,2123,154,25,0.149,100,9.88,37971,2770.18,1,1,26.000(32.500%)(0.643m),48.000(42.353%)(3.000m),61.000(53.824%)(4.393m),44.988(39.695%)(2.677m),21.329(26.661%)(0.142m),22.000(55.000%)(1.286m),15.018(37.545%)(0.538m),553.711,3021.356,70.9,1.3655,"[1.433, 1.945, 1.682, 1.535, 2.258, 1.788]","[3.101, 3.726, 3.523, 3.173, 3.926, 3.583]","[-4.903, -0.011, -1.267, -4.747, 0.333, -0.813]"
952,1,19.0152,10.8293,0.170,650,2033,117,96,0.149,100,9.98,38036,2542.16,2,1,26.000(32.500%)(0.643m),38.000(33.530%)(1.929m),58.000(51.177%)(4.071m),43.137(38.062%)(2.479m),20.377(25.472%)(0.040m),21.000(52.500%)(1.179m),14.335(35.838%)(0.464m),274.282,3058.139,72.4,1.3113,"[1.068, 1.654, 1.499, 1.165, 2.008, 1.643]","[3.340, 3.614, 3.496, 3.443, 3.935, 3.668]","[-5.184, -1.786, -3.666, -4.760, -1.992, -3.681]"
953,1,1.3050,10.8426,0.170,268,720,41,24,0.149,60,9.97,38063,1074.39,0,0,25.000(31.250%)(0.536m),37.000(32.647%)(1.821m),50.000(44.118%)(3.214m),21.451(18.928%)(0.156m),11.561(14.451%)(0.000m),32.000(80.000%)(2.357m),9.976(24.940%)(0.000m),324.848,4349.189,62.1,1.3878,"[1.343, 1.869, 2.302, 1.278, 2.088, 2.261]","[3.423, 3.900, 3.576, 3.532, 4.191, 3.672]","[-5.180, -5.389, -5.253, -5.040, -5.119, -4.583]"
954,1,21.1039,11.0854,0.181,748,2241,113,109,0.148,100,10.06,38138,2915.95,1,1,22.000(27.500%)(0.214m),40.000(35.294%)(2.143m),54.000(47.647%)(3.643m),36.389(32.108%)(1.756m),17.055(21.318%)(0.000m),16.000(40.000%)(0.643m),12.968(32.421%)(0.318m),337.917,3719.259,69.3,1.3208,"[1.802, 2.206, 1.944, 1.946, 2.632, 2.114]","[3.705, 3.883, 3.784, 3.720, 4.217, 3.806]","[-5.162, -1.074, -2.132, -4.831, -1.478, -2.570]"
955,1,19.0102,11.4221,0.178,706,2153,79,105,0.148,100,10.16,38209,2794.25,2,1,16.000(20.000%)(0.000m),34.000(30.000%)(1.500m),49.000(43.235%)(3.107m),40.938(36.122%)(2.243m),19.264(24.080%)(0.000m),11.000(27.500%)(0.107m),13.537(33.843%)(0.379m),284.455,3247.831,70.6,1.3377,"[1.358, 1.766, 1.421, 1.426, 2.081, 1.544]","[3.636, 3.806, 3.492, 3.570, 4.010, 3.557]","[-5.012, -1.480, -3.609, -5.016, -1.745, -3.383]"
956,1,17.5017,11.3104,0.169,713,2167,131,48,0.148,100,10.25,38281,2787.11,3,1,28.000(35.000%)(0.857m),43.000(37.941%)(2.464m),59.000(52.059%)(4.179m),40.000(35.294%)(2.143m),20.707(25.883%)(0.076m),25.000(62.500%)(1.607m),14.571(36.428%)(0.490m),291.098,3116.262,70.3,1.3343,"[1.270, 1.877, 1.671, 1.359, 2.200, 1.761]","[3.132, 3.523, 3.207, 3.098, 3.793, 3.318]","[-5.809, -0.384, -1.786, -5.437, -0.061, -2.123]"
957,1,23.4467,11.3833,0.176,646,2019,20,38,0.148,100,10.34,38346,2499.11,4,1,26.000(32.500%)(0.643m),43.000(37.941%)(2.464m),67.000(59.118%)(5.036m),43.000(37.941%)(2.464m),21.117(26.396%)(0.120m),23.000(57.500%)(1.393m),14.865(37.163%)(0.521m),399.771,2946.922,72.3,1.3530,"[1.493, 1.999, 1.761, 1.605, 2.372, 1.892]","[3.292, 3.656, 3.402, 3.307, 3.945, 3.563]","[-5.464, -0.597, -1.801, -5.276, -0.645, -2.112]"
958,1,2.9357,11.1724,0.181,666,1928,139,133,0.147,95,10.33,38413,2596.71,0,0,18.000(22.500%)(0.000m),20.000(17.647%)(0.000m),20.000(17.647%)(0.000m),37.000(32.647%)(1.821m),22.224(27.780%)(0.238m),15.000(37.500%)(0.536m),15.660(39.150%)(0.606m),0.000,3868.438,67.0,1.3375,"[1.277, 1.180, 1.045, 1.196, 1.577, 1.149]","[3.090, 3.663, 3.276, 3.126, 3.855, 3.401]","[-3.864, -4.430, -8.503, -6.471, -3.796, -5.629]"
959,1,-0.3180,11.1630,0.182,196,539,14,0,0.147,55,10.32,38433,762.76,0,0,39.000(48.750%)(2.036m),52.000(45.882%)(3.429m),39.003(34.415%)(2.036m),18.689(16.490%)(0.000m),10.986(13.733%)(0.000m),40.000(100.000%)(3.214m),10.462(26.154%)(0.049m),1015.014,4284.209,63.6,1.3619,"[1.062, 1.502, 1.495, 1.119, 1.660, 1.559]","[3.202, 3.605, 3.181, 3.256, 3.908, 3.347]","[-5.539, -5.669, -6.063, -5.160, -5.848, -5.822]"
960,1,18.5371,11.4982,0.169,689,2114,36,28,0.147,100,10.42,38502,2630.78,1,1,29.000(36.250%)(0.964m),45.000(39.706%)(2.679m),56.000(49.412%)(3.857m),42.004(37.063%)(2.358m),20.317(25.396%)(0.034m),21.000(52.500%)(1.179m),15.324(38.311%)(0.570m),320.045,3737.925,71.0,1.3213,"[1.552, 2.007, 1.775, 1.650, 2.388, 1.901]","[3.089, 3.679, 3.341, 3.166, 3.946, 3.399]","[-4.730, -0.459, -2.066, -4.456, -1.196, -2.524]"
961,1,8.8042,11.2766,0.180,575,1765,97,59,0.146,95,10.41,38560,2243.38,0,0,22.000(27.500%)(0.214m),37.000(32.647%)(1.821m),57.000(50.294%)(3.964m),28.839(25.446%)(0.947m),13.198(16.497%)(0.000m),20.000(50.000%)(1.071m),9.651(24.127%)(0.000m),387.208,2907.270,71.0,1.3436,"[1.508, 1.770, 1.625, 1.567, 2.164, 1.780]","[3.182, 3.507, 3.164, 3.270, 3.763, 3.313]","[-5.495, -6.152, -4.970, -5.332, -5.607, -4.969]"
962,1,4.1279,10.9707,0.175,401,1201,110,34,0.146,80,10.40,38601,1543.03,0,0,13.000(16.250%)(0.000m),27.000(23.824%)(0.750m),57.000(50.294%)(3.964m),47.216(41.661%)(2.916m),22.803(28.504%)(0.300m),10.000(25.000%)(0.000m),16.079(40.197%)(0.651m),504.340,3568.040,69.3,1.3253,"[1.384, 1.543, 1.367, 1.369, 1.894, 1.460]","[3.118, 3.572, 3.205, 3.187, 3.751, 3.281]","[-5.033, -5.075, -6.280, -5.440, -4.245, -5.845]"
963,1,4.7060,10.7561,0.192,532,1636,138,36,0.146,90,10.38,38655,2128.57,0,0,24.000(30.000%)(0.429m),20.000(17.647%)(0.000m),31.000(27.353%)(1.179m),36.565(32.264%)(1.775m),17.047(21.308%)(0.000m),24.000(60.000%)(1.500m),11.950(29.874%)(0.209m),0.000,2677.305,71.2,1.3729,"[0.743, 1.190, 1.159, 0.764, 1.530, 1.310]","[3.237, 3.791, 3.359, 3.425, 4.058, 3.472]","[-6.679, -8.429, -6.199, -5.941, -5.724, -5.241]"
964,1,20.4710,11.1405,0.175,689,2114,108,166,0.145,100,10.48,38724,2685.06,1,1,21.000(26.250%)(0.107m),37.000(32.647%)(1.821m),44.000(38.824%)(2.571m),34.000(30.000%)(1.500m),17.343(21.678%)(0.000m),14.000(35.000%)(0.429m),12.166(30.415%)(0.232m),221.704,2766.070,71.0,1.3538,"[1.562, 1.872, 1.655, 1.663, 2.319, 1.802]","[3.167, 3.690, 3.518, 3.272, 4.029, 3.594]","[-5.254, -2.247, -4.026, -4.805, -2.509, -3.893]"
965,1,0.5640,11.0313,0.167,246,664,37,18,0.145,60,10.47,38749,963.73,0,0,28.000(35.000%)(0.857m),35.000(30.882%)(1.607m),44.000(38.824%)(2.571m),23.815(21.013%)(0.409m),12.198(15.248%)(0.000m),40.000(100.000%)(3.214m),10.012(25.031%)(0.001m),350.388,4326.481,62.4,1.2866,"[1.222, 1.843, 1.746, 1.178, 1.886, 1.700]","[3.363, 3.668, 3.371, 3.282, 3.919, 3.523]","[-5.356, -5.218, -5.102, -5.325, -5.501, -5.024]"
966,1,21.5195,11.3743,0.167,784,2317,138,123,0.145,100,10.56,38828,3049.20,1,1,22.000(27.500%)(0.214m),38.000(33.530%)(1.929m),52.000(45.882%)(3.429m),38.891(34.316%)(2.024m),18.276(22.845%)(0.000m),20.000(50.000%)(1.071m),12.835(32.088%)(0.304m),431.494,3697.424,68.4,1.3660,"[1.721, 2.165, 1.982, 1.840, 2.559, 2.113]","[3.575, 3.740, 3.550, 3.452, 4.121, 3.690]","[-5.182, -0.990, -1.003, -4.772, -0.133, -1.697]"
967,1,1.4613,11.0708,0.184,491,1372,218,13,0.145,80,10.55,38878,1975.31,0,0,22.000(27.500%)(0.214m),17.000(15.000%)(0.000m),32.000(28.235%)(1.286m),35.934(31.707%)(1.707m),16.805(21.007%)(0.000m),29.000(72.500%)(2.036m),11.793(29.482%)(0.192m),754.514,4127.444,64.7,1.3587,"[0.854, 1.725, 1.730, 0.799, 1.953, 1.752]","[3.531, 3.708, 3.347, 3.537, 3.951, 3.450]","[-6.793, -6.040, -5.131, -7.216, -5.724, -5.086]"
968,1,17.8559,11.0015,0.181,699,2137,119,116,0.144,100,10.64,38948,2785.75,1,1,24.000(30.000%)(0.429m),31.000(27.353%)(1.179m),40.000(35.294%)(2.143m),33.409(29.479%)(1.437m),15.519(19.399%)(0.000m),22.000(55.000%)(1.286m),10.877(27.193%)(0.094m),160.390,3138.172,70.7,1.3137,"[1.265, 1.761, 1.614, 1.337, 2.118, 1.769]","[3.328, 3.820, 3.577, 3.423, 4.043, 3.593]","[-5.662, -5.510, -2.665, -5.161, -5.188, -3.314]"
969,1,-0.9049,10.5511,0.206,177,501,16,0,0.144,50,10.63,38966,696.12,0,0,36.000(45.000%)(1.714m),48.000(42.353%)(3.000m),33.590(29.638%)(1.456m),17.387(15.342%)(0.000m),10.613(13.266%)(0.000m),40.000(100.000%)(3.214m),10.613(26.533%)(0.066m),601.428,4556.213,65.5,1.3269,"[0.989, 1.659, 1.855, 1.011, 1.781, 1.855]","[3.190, 3.697, 3.431, 3.344, 4.057, 3.624]","[-5.141, -5.100, -5.841, -5.084, -5.465, -5.601]"
970,1,26.6392,10.6179,0.183,670,2073,0,0,0.144,100,10.72,39033,2619.54,1,1,32.000(40.000%)(1.286m),49.000(43.235%)(3.107m),65.000(57.353%)(4.821m),47.960(42.318%)(2.996m),23.620(29.524%)(0.388m),23.000(57.500%)(1.393m),16.716(41.790%)(0.720m),559.799,3158.779,71.6,1.3536,"[1.736, 2.271, 1.970, 1.853, 2.665, 2.120]","[3.239, 3.760, 3.483, 3.384, 4.085, 3.838]","[-5.096, -0.036, -4.127, -5.020, 0.100, -3.913]"
971,1,26.4514,11.1090,0.185,779,2307,35,36,0.143,100,10.81,39111,3060.84,2,1,25.000(31.250%)(0.536m),41.000(36.177%)(2.250m),61.000(53.824%)(4.393m),43.261(38.172%)(2.492m),20.603(25.754%)(0.065m),22.000(55.000%)(1.286m),14.751(36.878%)(0.509m),416.775,3971.512,68.5,1.3368,"[2.090, 2.530, 2.304, 2.165, 2.910, 2.427]","[3.508, 3.866, 3.717, 3.537, 4.196, 3.966]","[-4.936, 0.388, 0.233, -4.534, 0.419, 0.066]"
972,1,8.7999,11.1937,0.169,561,1747,84,60,0.143,95,10.80,39168,2199.70,0,0,26.000(32.500%)(0.643m),36.000(31.765%)(1.714m),47.596(41.996%)(2.957m),20.147(17.777%)(0.016m),11.241(14.051%)(0.000m),23.000(57.500%)(1.393m),10.067(25.166%)(0.007m),314.457,2757.274,72.1,1.3250,"[1.452, 1.948, 1.724, 1.508, 2.325, 1.888]","[3.269, 3.561, 3.164, 3.379, 3.842, 3.591]","[-5.417, -5.274, -6.473, -5.243, -5.080, -6.131]"
973,1,4.4427,11.2524,0.188,553,1681,125,67,0.143,95,10.79,39224,2135.35,0,0,29.000(36.250%)(0.964m),21.000(18.529%)(0.107m),20.000(17.647%)(0.000m),40.444(35.686%)(2.190m),19.014(23.768%)(0.000m),15.000(37.500%)(0.536m),13.358(33.396%)(0.360m),0.000,2873.510,70.3,1.3218,"[1.248, 1.545, 1.265, 1.176, 1.908, 1.484]","[3.511, 3.668, 3.423, 3.575, 4.055, 3.529]","[-5.083, -4.915, -9.217, -6.711, -4.410, -4.493]"
974,1,17.1873,11.5858,0.174,669,2073,180,95,0.143,100,10.88,39291,2638.53,1,1,19.000(23.750%)(0.000m),40.000(35.294%)(2.143m),61.000(53.824%)(4.393m),37.584(33.162%)(1.884m),17.566(21.958%)(0.000m),14.000(35.000%)(0.429m),12.329(30.822%)(0.250m),440.037,3084.652,71.7,1.3757,"[1.071, 1.797, 1.611, 1.168, 2.134, 1.744]","[3.277, 3.885, 3.522, 3.419, 4.148, 3.601]","[-5.676, -4.586, -4.660, -5.313, -4.526, -3.851]"
975,1,-3.0489,11.0782,0.186,365,1099,13,9,0.142,80,10.87,39328,1450.32,0,0,26.287(32.859%)(0.674m),53.019(46.782%)(3.538m),28.000(24.706%)(0.857m),17.000(15.000%)(0.000m),27.000(33.750%)(0.750m),18.621(46.553%)(0.924m),25.000(62.500%)(1.607m),704.549,3723.812,69.7,1.3703,"[1.203, 1.232, 0.921, 1.313, 1.522, 1.051]","[3.328, 3.726, 3.483, 3.388, 4.059, 3.669]","[-7.108, -6.542, -11.392, -6.342, -6.791, -10.825]"
976,1,1.3894,11.0798,0.177,578,1755,174,87,0.142,95,10.86,39386,2199.21,0,0,14.000(17.500%)(0.000m),30.000(26.471%)(1.071m),62.000(54.706%)(4.500m),25.003(22.061%)(0.536m),12.456(15.570%)(0.000m),10.000(25.000%)(0.000m),9.969(24.923%)(0.000m),533.714,3319.748,70.3,1.3246,"[1.004, 1.314, 1.092, 1.014, 1.625, 1.235]","[3.514, 3.804, 3.556, 3.549, 4.079, 3.665]","[-5.560, -5.678, -6.527, -5.173, -5.724, -5.497]"
977,1,15.5269,11.2671,0.167,660,2053,200,94,0.142,100,10.95,39452,2611.78,1,1,16.000(20.000%)(0.000m),37.000(32.647%)(1.821m),64.000(56.471%)(4.714m),39.026(34.435%)(2.038m),18.325(22.906%)(0.000m),12.000(30.000%)(0.214m),12.877(32.191%)(0.308m),482.700,3270.224,72.0,1.3767,"[1.458, 2.040, 1.803, 1.511, 2.450, 1.998]","[3.241, 3.682, 3.455, 3.280, 3.981, 3.604]","[-5.402, -3.663, -5.173, -4.958, -2.919, -3.971]"
978,1,2.0440,10.9522,0.169,338,1028,176,35,0.141,75,10.94,39486,1238.99,0,0,26.000(32.500%)(0.643m),20.000(17.647%)(0.000m),20.000(17.647%)(0.000m),21.000(18.529%)(0.107m),17.085(21.357%)(0.000m),23.000(57.500%)(1.393m),11.982(29.955%)(0.212m),0.000,2865.965,70.4,1.3114,"[-0.208, 1.402, 1.610, -0.325, 1.707, 1.599]","[3.352, 3.732, 3.369, 3.389, 4.022, 3.632]","[-5.372, -7.426, -5.645, -5.778, -6.863, -7.003]"
979,1,17.7295,10.8947,0.171,696,2129,165,117,0.141,100,11.03,39556,2712.00,1,1,18.000(22.500%)(0.000m),37.000(32.647%)(1.821m),46.000(40.588%)(2.786m),43.000(37.941%)(2.464m),21.055(26.319%)(0.113m),13.000(32.500%)(0.321m),14.827(37.068%)(0.517m),383.296,3005.502,70.8,1.3348,"[1.654, 2.035, 1.839, 1.771, 2.405, 2.016]","[3.464, 3.840, 3.395, 3.507, 4.119, 3.613]","[-5.403, -2.037, -2.715, -5.024, -2.384, -2.510]"
980,1,3.5298,10.9465,0.179,653,1924,97,125,0.141,95,11.02,39622,2549.89,0,0,24.000(30.000%)(0.429m),42.000(37.059%)(2.357m),43.143(38.067%)(2.480m),19.277(17.009%)(0.000m),10.990(13.738%)(0.000m),15.000(37.500%)(0.536m),10.088(25.219%)(0.009m),114.853,3356.257,68.2,1.3121,"[1.316, 1.852, 1.859, 1.421, 2.186, 1.968]","[3.379, 3.616, 3.513, 3.474, 3.937, 3.618]","[-5.337, -6.376, -6.098, -5.392, -6.316, -5.817]"
981,1,0.5382,10.5224,0.180,195,575,11,22,0.141,55,11.01,39642,773.42,0,0,26.000(32.500%)(0.643m),49.000(43.235%)(3.107m),63.574(56.095%)(4.669m),22.926(20.229%)(0.313m),11.900(14.874%)(0.000m),23.000(57.500%)(1.393m),9.891(24.727%)(0.000m),660.952,3811.676,68.3,1.3443,"[1.484, 1.940, 2.049, 1.477, 2.219, 2.088]","[3.130, 3.675, 3.417, 3.159, 3.985, 3.531]","[-5.799, -5.372, -5.078, -5.589, -5.065, -5.210]"
982,1,12.1892,10.7338,0.176,678,2094,37,95,0.140,100,11.10,39710,2695.03,1,1,15.000(18.750%)(0.000m),32.000(28.235%)(1.286m),52.000(45.882%)(3.429m),38.000(33.530%)(1.929m),25.008(31.260%)(0.537m),11.000(27.500%)(0.107m),17.674(44.186%)(0.822m),236.258,3141.411,71.5,1.2914,"[1.312, 1.701, 1.537, 1.313, 2.106, 1.712]","[3.396, 3.792, 3.556, 3.497, 4.119, 3.632]","[-4.581, -4.702, -6.216, -4.820, -4.202, -5.190]"
983,1,17.2328,11.0545,0.181,690,2118,300,68,0.140,100,11.19,39779,2627.49,2,1,27.000(33.750%)(0.750m),45.000(39.706%)(2.679m),54.000(47.647%)(3.643m),36.983(32.632%)(1.820m),17.312(21.640%)(0.000m),18.000(45.000%)(0.857m),12.140(30.350%)(0.229m),308.202,3393.624,71.0,1.3134,"[1.080, 2.017, 2.122, 1.076, 2.363, 2.207]","[3.169, 3.732, 3.590, 3.283, 4.032, 3.748]","[-5.939, -5.095, -0.440, -5.585, -4.938, -0.131]"
984,1,21.3529,11.4655,0.172,735,2215,86,46,0.140,100,11.28,39853,2845.35,3,1,29.000(36.250%)(0.964m),46.000(40.588%)(2.786m),41.000(36.177%)(2.250m),34.000(30.000%)(1.500m),20.560(25.700%)(0.060m),21.000(52.500%)(1.179m),14.472(36.181%)(0.479m),304.299,3294.165,69.8,1.3378,"[1.632, 2.146, 1.872, 1.652, 2.483, 1.972]","[3.545, 3.937, 3.486, 3.556, 4.214, 3.736]","[-5.212, -2.051, -3.583, -4.927, -2.374, -3.538]"
985,1,24.2294,11.7787,0.176,643,2014,45,97,0.139,100,11.37,39918,2491.68,4,1,23.000(28.750%)(0.321m),36.000(31.765%)(1.714m),62.000(54.706%)(4.500m),43.023(37.962%)(2.467m),20.320(25.400%)(0.034m),16.000(40.000%)(0.643m),14.294(35.734%)(0.460m),204.289,3084.162,72.5,1.3335,"[1.510, 2.014, 1.725, 1.588, 2.425, 1.869]","[3.305, 3.868, 3.484, 3.430, 4.138, 3.629]","[-4.708, -0.907, -1.610, -4.403, -0.024, -2.200]"
986,1,14.6706,11.9850,0.177,647,2021,89,123,0.139,100,11.46,39983,2566.64,5,1,26.000(32.500%)(0.643m),38.000(33.530%)(1.929m),71.000(62.647%)(5.464m),48.606(42.888%)(3.065m),23.136(28.920%)(0.336m),23.000(57.500%)(1.393m),16.341(40.852%)(0.679m),377.439,2956.059,72.3,1.3344,"[1.523, 1.851, 1.723, 1.615, 2.277, 1.881]","[3.487, 3.799, 3.573, 3.519, 4.154, 3.751]","[-4.076, -1.819, -2.089, -4.996, -0.885, -2.508]"
987,1,16.3121,11.8041,0.173,689,2116,229,38,0.139,100,11.55,40052,2670.01,6,1,32.000(40.000%)(1.286m),48.000(42.353%)(3.000m),66.000(58.235%)(4.929m),29.957(26.433%)(1.067m),13.777(17.221%)(0.000m),24.000(60.000%)(1.500m),9.642(24.105%)(0.000m),419.575,3117.991,71.1,1.3550,"[0.996, 1.658, 1.835, 1.077, 2.003, 1.971]","[3.179, 3.744, 3.445, 3.203, 4.082, 3.648]","[-5.590, -6.045, -1.744, -5.227, -6.082, -1.801]"
988,1,3.5828,11.5543,0.165,333,970,16,6,0.139,75,11.54,40086,1317.27,0,0,30.000(37.500%)(1.071m),53.000(46.765%)(3.536m),43.598(38.469%)(2.528m),19.480(17.188%)(0.000m),11.106(13.883%)(0.000m),26.000(65.000%)(1.714m),10.194(25.486%)(0.021m),1157.590,3960.837,67.4,1.2852,"[1.947, 2.178, 1.905, 2.056, 2.572, 2.079]","[3.278, 3.632, 3.410, 3.331, 3.934, 3.441]","[-5.395, -6.663, -9.012, -5.584, -6.140, -8.957]"
989,1,2.8368,11.1085,0.175,653,1896,130,51,0.138,95,11.53,40152,2611.34,0,0,24.000(30.000%)(0.429m),20.000(17.647%)(0.000m),20.000(17.647%)(0.000m),33.000(29.118%)(1.393m),22.368(27.960%)(0.254m),23.000(57.500%)(1.393m),15.764(39.411%)(0.618m),0.000,3241.055,67.2,1.3589,"[1.562, 1.677, 1.339, 1.429, 2.027, 1.529]","[3.228, 3.715, 3.486, 3.283, 4.056, 3.613]","[-4.523, -3.216, -4.656, -4.310, -3.451, -5.321]"
990,1,18.9169,11.4367,0.174,650,2030,198,16,0.138,100,11.62,40217,2563.56,1,1,30.000(37.500%)(1.071m),48.000(42.353%)(3.000m),64.000(56.471%)(4.714m),44.805(39.534%)(2.658m),21.222(26.527%)(0.131m),22.000(55.000%)(1.286m),14.957(37.393%)(0.531m),541.123,3403.293,72.3,1.3883,"[1.664, 2.198, 1.909, 1.758, 2.616, 2.089]","[3.258, 3.904, 3.649, 3.439, 4.211, 3.744]","[-4.794, 0.092, -0.324, -4.789, 0.389, -0.339]"
991,1,22.8944,11.5527,0.163,692,2122,182,19,0.138,100,11.71,40287,2743.95,2,1,28.000(35.000%)(0.857m),47.000(41.471%)(2.893m),50.000(44.118%)(3.214m),34.707(30.624%)(1.576m),16.182(20.228%)(0.000m),24.000(60.000%)(1.500m),11.348(28.369%)(0.144m),570.379,3104.004,71.0,1.3324,"[1.381, 1.929, 1.686, 1.363, 2.278, 1.827]","[3.499, 3.829, 3.392, 3.576, 4.180, 3.594]","[-5.223, -4.892, -4.146, -5.239, -4.633, -4.159]"
992,1,0.8037,11.0661,0.195,239,706,0,50,0.138,65,11.69,40311,958.63,0,0,24.000(30.000%)(0.429m),49.000(43.235%)(3.107m),67.000(59.118%)(5.036m),51.859(45.758%)(3.413m),24.767(30.959%)(0.511m),19.000(47.500%)(0.964m),17.500(43.749%)(0.804m),586.762,3748.231,68.4,1.3844,"[1.935, 2.293, 2.020, 2.095, 2.616, 2.194]","[3.208, 3.724, 3.340, 3.366, 4.016, 3.523]","[-2.813, -1.491, -2.127, -3.004, -0.981, -1.675]"
993,1,18.2751,11.3840,0.178,686,2110,243,18,0.137,100,11.78,40380,2641.30,1,1,29.000(36.250%)(0.964m),41.000(36.177%)(2.250m),51.000(45.000%)(3.321m),34.074(30.065%)(1.508m),15.859(19.823%)(0.000m),23.000(57.500%)(1.393m),11.125(27.813%)(0.121m),423.589,2880.771,71.2,1.3210,"[0.580, 1.783, 1.725, 0.684, 2.089, 1.860]","[3.349, 3.898, 3.561, 3.430, 4.195, 3.630]","[-5.347, -4.622, -2.050, -5.013, -4.432, -2.040]"
994,1,4.8768,11.4602,0.182,391,1193,32,80,0.137,80,11.77,40420,1506.73,0,0,13.000(16.250%)(0.000m),31.000(27.353%)(1.179m),46.000(40.588%)(2.786m),32.000(28.235%)(1.286m),22.000(27.500%)(0.214m),10.000(25.000%)(0.000m),16.988(42.469%)(0.749m),82.221,3011.587,70.6,1.3084,"[1.154, 1.640, 1.442, 1.176, 1.955, 1.491]","[3.424, 3.757, 3.346, 3.456, 4.014, 3.468]","[-4.605, -3.798, -4.478, -4.544, -3.316, -4.093]"
995,1,-1.3143,11.2807,0.193,225,601,22,0,0.137,55,11.76,40443,903.28,0,0,37.000(46.250%)(1.821m),45.000(39.706%)(2.679m),28.652(25.281%)(0.927m),16.035(14.149%)(0.000m),10.216(12.769%)(0.000m),40.000(100.000%)(3.214m),10.860(27.150%)(0.092m),604.159,5011.577,61.8,1.3967,"[1.501, 1.820, 1.745, 1.518, 1.930, 1.800]","[3.673, 3.801, 3.583, 3.700, 4.145, 3.743]","[-5.828, -6.116, -6.084, -5.620, -7.117, -5.991]"
996,1,14.8559,11.3571,0.175,791,2342,53,147,0.136,100,11.85,40523,3147.22,1,1,23.000(28.750%)(0.321m),24.000(21.177%)(0.429m),27.000(23.824%)(0.750m),34.000(30.000%)(1.500m),16.000(20.000%)(0.000m),24.129(60.322%)(1.514m),16.000(40.000%)(0.643m),161.030,5111.552,68.5,1.3299,"[0.982, 1.307, 1.360, 0.988, 1.506, 1.440]","[3.183, 3.826, 3.617, 3.599, 4.139, 3.747]","[-5.166, -6.224, -6.208, -4.828, -7.963, -6.705]"
997,1,0.9291,11.2436,0.178,213,632,21,42,0.136,60,11.84,40545,837.29,0,0,23.000(28.750%)(0.321m),38.000(33.530%)(1.929m),54.000(47.647%)(3.643m),24.047(21.218%)(0.434m),12.150(15.187%)(0.000m),20.000(50.000%)(1.071m),9.848(24.620%)(0.000m),281.707,3596.223,68.7,1.3266,"[1.336, 1.715, 1.774, 1.481, 2.045, 1.891]","[3.512, 3.811, 3.432, 3.552, 4.199, 3.527]","[-5.596, -5.837, -6.107, -5.540, -5.351, -5.743]"
998,1,0.9102,11.2213,0.186,246,663,13,0,0.136,60,11.82,40570,992.60,0,0,37.000(46.250%)(1.821m),52.000(45.882%)(3.429m),64.000(56.471%)(4.714m),23.659(20.876%)(0.392m),12.119(15.148%)(0.000m),40.000(100.000%)(3.214m),9.947(24.868%)(0.000m),802.881,5618.980,62.4,1.3332,"[1.187, 2.295, 2.403, 1.197, 2.511, 2.444]","[3.599, 3.796, 3.631, 3.489, 4.140, 3.762]","[-5.769, -6.277, -5.118, -5.306, -6.392, -5.231]"
999,1,3.9471,10.9334,0.186,537,1622,111,94,0.136,90,11.81,40624,2045.53,0,0,26.000(32.500%)(0.643m),49.000(43.235%)(3.107m),36.564(32.263%)(1.775m),17.889(15.784%)(0.000m),10.619(13.273%)(0.000m),19.000(47.500%)(0.964m),10.236(25.590%)(0.025m),185.892,3357.906,69.9,1.3572,"[1.245, 1.819, 1.733, 1.259, 2.214, 1.847]","[3.472, 3.816, 3.645, 3.510, 4.104, 3.711]","[-5.356, -5.488, -6.381, -5.251, -5.900, -6.507]"
1000,1,16.0229,11.1258,0.176,664,2058,180,81,0.135,100,11.90,40691,2596.30,1,1,23.000(28.750%)(0.321m),38.000(33.530%)(1.929m),60.000(52.941%)(4.286m),41.000(36.177%)(2.250m),22.252(27.815%)(0.241m),22.000(55.000%)(1.286m),15.682(39.206%)(0.609m),310.945,2885.014,71.7,1.3369,"[1.535, 2.028, 1.808, 1.612, 2.456, 1.998]","[3.691, 4.002, 3.739, 3.768, 4.339, 3.846]","[-4.751, -0.801, -0.948, -4.738, 0.638, -0.890]"
1001,1,5.7246,10.8324,0.172,381,1155,4,34,0.135,80,11.89,40730,1489.04,0,0,12.000(15.000%)(0.000m),22.000(19.412%)(0.214m),62.000(54.706%)(4.500m),45.000(39.706%)(2.679m),23.884(29.855%)(0.416m),11.000(27.500%)(0.107m),16.865(42.163%)(0.736m),414.457,3273.639,70.2,1.3068,"[1.306, 1.706, 1.525, 1.340, 2.050, 1.705]","[3.226, 3.701, 3.359, 3.265, 3.930, 3.405]","[-9.583, -5.142, -6.138, -10.050, -6.074, -5.065]"
1002,1,21.3955,10.8800,0.173,699,2137,199,45,0.135,100,11.98,40800,2675.62,1,1,28.000(35.000%)(0.857m),41.000(36.177%)(2.250m),57.000(50.294%)(3.964m),30.623(27.020%)(1.138m),14.095(17.619%)(0.000m),22.000(55.000%)(1.286m),9.866(24.665%)(0.000m),354.959,3190.857,70.7,1.3366,"[1.370, 1.772, 1.679, 1.437, 2.153, 1.811]","[3.298, 3.741, 3.424, 3.368, 4.042, 3.575]","[-5.417, -6.289, -1.460, -5.013, -6.114, -1.485]"
1003,1,20.0094,11.2541,0.162,641,2010,111,73,0.135,100,12.06,40865,2563.69,2,1,29.000(36.250%)(0.964m),45.000(39.706%)(2.679m),65.000(57.353%)(4.821m),33.731(29.763%)(1.471m),15.773(19.717%)(0.000m),20.000(50.000%)(1.071m),11.066(27.665%)(0.114m),436.278,3273.763,72.6,1.3379,"[1.330, 1.920, 1.851, 1.496, 2.378, 2.071]","[3.425, 3.670, 3.297, 3.462, 3.946, 3.761]","[-5.153, -5.581, -1.569, -5.387, -5.255, -1.307]"
1004,1,1.4209,10.8604,0.166,283,850,123,0,0.134,70,12.05,40894,1114.58,0,0,34.000(42.500%)(1.500m),51.000(45.000%)(3.321m),65.000(57.353%)(4.821m),28.070(24.768%)(0.865m),13.018(16.273%)(0.000m),29.000(72.500%)(2.036m),9.772(24.429%)(0.000m),706.107,3599.421,69.5,1.3618,"[-0.822, 2.029, 2.251, -0.814, 2.355, 2.363]","[3.427, 3.763, 3.479, 3.372, 4.115, 3.672]","[-5.448, -6.273, -4.466, -5.188, -5.795, -4.307]"
1005,1,22.7903,10.9361,0.174,664,2062,12,32,0.134,100,12.14,40961,2600.64,1,1,29.000(36.250%)(0.964m),41.000(36.177%)(2.250m),54.000(47.647%)(3.643m),42.000(37.059%)(2.357m),24.142(30.178%)(0.444m),23.000(57.500%)(1.393m),17.052(42.631%)(0.756m),317.052,2890.051,71.9,1.3051,"[1.675, 2.042, 1.801, 1.727, 2.430, 1.972]","[3.236, 3.608, 3.358, 3.275, 3.892, 3.701]","[-3.535, -0.176, -1.557, -3.745, -0.150, -1.143]"
1006,1,16.8556,10.9231,0.178,642,2014,114,34,0.134,100,12.23,41026,2589.44,2,1,29.000(36.250%)(0.964m),45.000(39.706%)(2.679m),61.000(53.824%)(4.393m),32.708(28.860%)(1.362m),15.095(18.869%)(0.000m),21.000(52.500%)(1.179m),10.570(26.425%)(0.061m),436.278,3041.587,72.6,1.4234,"[1.243, 1.909, 1.862, 1.437, 2.349, 2.021]","[3.334, 3.688, 3.346, 3.436, 4.024, 3.554]","[-5.130, -5.009, -3.397, -4.705, -4.713, -3.387]"
1007,1,17.1960,10.7981,0.175,749,2246,272,112,0.133,100,12.31,41101,2871.72,3,1,24.000(30.000%)(0.429m),27.000(23.824%)(0.750m),38.000(33.530%)(1.929m),34.995(30.878%)(1.607m),16.420(20.526%)(0.000m),18.000(45.000%)(0.857m),11.529(28.823%)(0.164m),309.864,2959.018,69.4,1.3041,"[0.715, 1.892, 1.646, 0.684, 2.248, 1.749]","[3.368, 3.847, 3.419, 3.432, 4.150, 3.550]","[-5.378, -3.790, -4.760, -4.813, -2.912, -4.778]"
1008,1,22.0913,11.1812,0.177,640,2008,11,124,0.133,100,12.40,41165,2499.25,4,1,22.000(27.500%)(0.214m),49.000(43.235%)(3.107m),45.000(39.706%)(2.679m),32.000(28.235%)(1.286m),23.433(29.291%)(0.368m),17.000(42.500%)(0.750m),16.557(41.391%)(0.702m),169.433,2848.020,72.6,1.3682,"[1.623, 1.987, 1.727, 1.723, 2.421, 1.869]","[3.517, 3.843, 3.333, 3.643, 4.110, 3.457]","[-4.622, -3.041, -3.830, -4.905, -3.340, -3.507]"
1009,1,23.0024,11.6476,0.191,637,2001,135,69,0.133,100,12.49,41229,2446.32,5,1,28.000(35.000%)(0.857m),44.000(38.824%)(2.571m),60.000(52.941%)(4.286m),37.000(32.647%)(1.821m),19.060(23.825%)(0.000m),20.000(50.000%)(1.071m),13.403(33.508%)(0.365m),218.276,3182.307,72.7,1.3079,"[1.320, 2.192, 2.058, 1.413, 2.609, 2.224]","[3.380, 3.754, 3.409, 3.411, 4.023, 3.513]","[-5.270, -2.152, -0.095, -5.007, -2.078, -0.087]"
1010,1,3.4757,11.3464,0.192,554,1699,34,43,0.133,95,12.48,41285,2211.02,0,0,26.000(32.500%)(0.643m),46.000(40.588%)(2.786m),32.055(28.284%)(1.292m),16.593(14.641%)(0.000m),10.128(12.660%)(0.000m),21.000(52.500%)(1.179m),10.128(25.320%)(0.014m),488.423,3107.507,71.0,1.3692,"[1.245, 1.896, 1.704, 1.293, 2.258, 1.783]","[3.336, 3.867, 3.478, 3.430, 4.191, 3.603]","[-5.772, -4.983, -5.795, -5.648, -5.605, -5.893]"
1011,1,24.5051,11.6604,0.184,724,2188,1,50,0.132,100,12.56,41358,2825.06,1,1,22.000(27.500%)(0.214m),40.000(35.294%)(2.143m),60.000(52.941%)(4.286m),48.793(43.053%)(3.085m),23.229(29.037%)(0.346m),20.000(50.000%)(1.071m),16.394(40.986%)(0.685m),382.996,3671.583,70.0,1.3291,"[1.894, 2.381, 2.150, 2.010, 2.826, 2.320]","[3.719, 3.971, 3.696, 3.827, 4.380, 3.990]","[-4.664, -0.635, -2.028, -4.605, -0.730, -2.636]"
1012,1,20.8817,11.9955,0.166,644,2017,27,130,0.132,100,12.65,41423,2503.61,2,1,19.000(23.750%)(0.000m),40.000(35.294%)(2.143m),63.000(55.588%)(4.607m),40.000(35.294%)(2.143m),23.975(29.968%)(0.426m),14.000(35.000%)(0.429m),16.950(42.374%)(0.745m),327.772,2924.665,72.5,1.3504,"[1.957, 2.112, 1.734, 2.087, 2.560, 1.946]","[3.528, 3.969, 3.502, 3.648, 4.188, 3.625]","[-3.013, -3.882, -5.149, -3.285, -3.206, -4.577]"
1013,1,18.9111,12.2796,0.189,752,2251,123,97,0.132,100,12.73,41499,2927.75,3,1,25.000(31.250%)(0.536m),40.000(35.294%)(2.143m),55.000(48.530%)(3.750m),38.600(34.059%)(1.993m),18.152(22.690%)(0.000m),18.000(45.000%)(0.857m),12.746(31.866%)(0.294m),485.339,3761.049,69.3,1.3565,"[1.682, 2.318, 1.956, 1.844, 2.731, 2.110]","[3.373, 3.830, 3.555, 3.419, 4.139, 3.641]","[-5.580, -0.149, -3.788, -4.945, 0.128, -3.841]"
1014,1,11.7781,12.1057,0.179,512,1592,57,28,0.132,90,12.72,41551,2048.46,0,0,30.000(37.500%)(1.071m),20.000(17.647%)(0.000m),19.000(16.765%)(0.000m),21.000(18.529%)(0.107m),23.736(29.670%)(0.400m),23.000(57.500%)(1.393m),16.754(41.885%)(0.724m),0.000,2653.300,71.9,1.3890,"[1.294, 1.691, 1.522, 1.380, 2.036, 1.570]","[3.522, 4.076, 3.755, 3.512, 4.326, 3.755]","[-5.878, -8.630, -7.784, -5.366, -7.843, -6.488]"
1015,1,25.3804,12.6021,0.166,647,2025,45,45,0.131,100,12.81,41616,2487.28,1,1,28.000(35.000%)(0.857m),45.000(39.706%)(2.679m),49.000(43.235%)(3.107m),40.966(36.146%)(2.246m),19.294(24.118%)(0.000m),20.000(50.000%)(1.071m),13.566(33.915%)(0.382m),433.090,2854.770,72.4,1.3474,"[1.978, 2.347, 2.003, 2.016, 2.755, 2.189]","[3.623, 4.025, 3.739, 3.632, 4.359, 3.822]","[-4.238, -1.259, -3.257, -4.604, -1.481, -3.153]"
1016,1,20.9115,12.5899,0.191,630,1987,220,22,0.131,100,12.89,41679,2482.90,2,1,29.000(36.250%)(0.964m),45.000(39.706%)(2.679m),65.000(57.353%)(4.821m),40.953(36.135%)(2.245m),19.272(24.090%)(0.000m),23.000(57.500%)(1.393m),13.543(33.857%)(0.380m),436.278,2896.010,73.0,1.3790,"[1.416, 2.376, 2.205, 1.512, 2.798, 2.402]","[3.427, 3.946, 3.597, 3.531, 4.262, 3.759]","[-5.518, 0.275, -0.482, -5.270, 0.545, -0.112]"
1017,1,-0.3451,12.5538,0.168,219,615,21,22,0.131,60,12.88,41701,857.91,0,0,24.000(30.000%)(0.429m),34.000(30.000%)(1.500m),56.000(49.412%)(3.857m),25.255(22.284%)(0.563m),12.400(15.500%)(0.000m),40.000(100.000%)(3.214m),9.799(24.498%)(0.000m),246.927,4137.632,65.0,1.3287,"[1.499, 1.903, 1.836, 1.506, 2.128, 1.846]","[3.781, 4.002, 3.630, 3.764, 4.317, 3.765]","[-5.326, -5.014, -5.035, -5.239, -5.236, -5.148]"
1018,1,2.3248,12.2432,0.176,347,1068,93,21,0.131,80,12.87,41736,1327.26,0,0,12.000(15.000%)(0.000m),21.000(18.529%)(0.107m),65.000(57.353%)(4.821m),43.423(38.315%)(2.510m),20.522(25.653%)(0.056m),29.000(72.500%)(2.036m),14.439(36.098%)(0.476m),420.713,3236.007,71.2,1.3503,"[0.830, 1.720, 1.574, 0.849, 2.046, 1.721]","[3.506, 4.107, 3.908, 3.532, 4.400, 3.946]","[-8.017, -6.689, -6.667, -7.770, -6.426, -6.637]"
1019,1,20.8251,12.6778,0.180,728,2201,195,75,0.130,100,12.95,41809,2855.42,1,1,19.000(23.750%)(0.000m),40.000(35.294%)(2.143m),65.000(57.353%)(4.821m),35.645(31.451%)(1.676m),16.576(20.720%)(0.000m),14.000(35.000%)(0.429m),11.617(29.042%)(0.173m),496.128,4055.762,70.0,1.4154,"[1.558, 2.138, 2.009, 1.606, 2.538, 2.213]","[3.825, 4.000, 3.667, 3.791, 4.284, 3.733]","[-5.559, -4.086, -5.192, -5.195, -3.195, -5.020]"
1020,1,19.7845,12.5407,0.180,662,2056,123,59,0.130,100,13.04,41876,2558.69,2,1,22.000(27.500%)(0.214m),43.000(37.941%)(2.464m),61.000(53.824%)(4.393m),42.160(37.200%)(2.374m),20.034(25.043%)(0.004m),20.000(50.000%)(1.071m),14.104(35.259%)(0.440m),411.200,3047.433,71.9,1.3458,"[1.723, 2.208, 2.068, 1.836, 2.617, 2.256]","[3.464, 3.856, 3.605, 3.492, 4.196, 3.713]","[-5.159, -2.889, -0.231, -4.943, -3.117, -0.146]"
1021,1,0.4012,12.0197,0.188,205,604,30,26,0.130,60,13.03,41897,801.37,0,0,25.000(31.250%)(0.536m),36.000(31.765%)(1.714m),47.000(41.471%)(2.893m),20.780(18.335%)(0.084m),11.464(14.330%)(0.000m),24.000(60.000%)(1.500m),10.141(25.352%)(0.015m),282.759,3497.418,68.2,1.3416,"[1.297, 2.032, 2.018, 1.258, 2.285, 2.037]","[3.400, 3.776, 3.542, 3.503, 4.165, 3.962]","[-5.281, -5.460, -5.485, -5.288, -5.338, -5.244]"
1022,1,0.7446,11.8586,0.160,208,607,19,16,0.130,60,13.01,41918,830.22,0,0,28.000(35.000%)(0.857m),41.000(36.177%)(2.250m),56.000(49.412%)(3.857m),25.103(22.150%)(0.547m),12.506(15.633%)(0.000m),25.000(62.500%)(1.607m),10.009(25.023%)(0.001m),435.597,3591.536,67.5,1.2862,"[1.311, 2.060, 2.124, 1.304, 2.339, 2.163]","[3.383, 3.849, 3.569, 3.497, 4.088, 3.597]","[-5.266, -5.452, -5.100, -5.264, -5.260, -5.212]"
1023,1,11.8905,12.0075,0.182,520,1630,12,11,0.129,95,13.00,41970,1982.08,0,0,30.000(37.500%)(1.071m),45.000(39.706%)(2.679m),65.000(57.353%)(4.821m),26.142(23.067%)(0.658m),12.645(15.806%)(0.000m),26.000(65.000%)(1.714m),9.865(24.664%)(0.000m),436.278,2928.539,72.5,1.2897,"[1.537, 1.969, 1.773, 1.620, 2.346, 1.947]","[3.665, 3.895, 3.476, 3.756, 4.212, 3.588]","[-5.885, -5.764, -4.582, -5.819, -6.099, -4.719]"
1024,1,18.4224,12.0322,0.182,652,2036,158,79,0.129,100,13.09,42036,2552.15,1,1,23.000(28.750%)(0.321m),42.000(37.059%)(2.357m),60.000(52.941%)(4.286m),34.783(30.691%)(1.584m),16.221(20.277%)(0.000m),17.000(42.500%)(0.750m),11.377(28.442%)(0.148m),364.495,2893.240,72.3,1.3681,"[1.032, 2.026, 1.767, 1.127, 2.446, 1.946]","[3.310, 3.761, 3.372, 3.513, 4.076, 3.678]","[-5.441, -3.908, -4.752, -4.788, -3.566, -4.362]"
1025,1,18.2241,12.4577,0.175,657,2045,47,26,0.129,100,13.17,42102,2683.89,2,1,30.000(37.500%)(1.071m),49.000(43.235%)(3.107m),58.000(51.177%)(4.071m),41.000(36.177%)(2.250m),22.100(27.625%)(0.225m),25.000(62.500%)(1.607m),15.580(38.951%)(0.598m),337.235,2975.725,72.0,1.4731,"[1.736, 2.412, 2.232, 1.932, 2.856, 2.426]","[3.469, 3.967, 3.599, 3.632, 4.271, 3.685]","[-5.096, 0.146, -0.034, -4.880, -0.116, -0.155]"
1026,1,24.5629,12.9211,0.163,634,1996,100,27,0.128,100,13.26,42166,2438.51,3,1,25.000(31.250%)(0.536m),33.000(29.118%)(1.393m),54.000(47.647%)(3.643m),42.690(37.668%)(2.431m),20.151(25.189%)(0.016m),25.000(62.500%)(1.607m),14.173(35.432%)(0.447m),169.395,2804.239,72.8,1.3583,"[1.638, 2.257, 2.001, 1.750, 2.692, 2.181]","[3.513, 3.841, 3.521, 3.658, 4.235, 3.736]","[-5.077, -0.143, -1.491, -4.922, 0.098, -2.608]"
1027,1,18.5877,12.9824,0.171,656,2045,46,50,0.128,100,13.34,42232,2573.62,4,1,27.000(33.750%)(0.750m),37.000(32.647%)(1.821m),49.000(43.235%)(3.107m),46.158(40.728%)(2.803m),21.907(27.384%)(0.204m),24.000(60.000%)(1.500m),15.431(38.578%)(0.582m),225.560,3083.093,72.1,1.3575,"[1.520, 2.108, 1.927, 1.659, 2.540, 2.095]","[3.127, 3.809, 3.476, 3.185, 4.121, 3.670]","[-5.268, -2.045, -3.079, -5.092, -1.705, -3.609]"
1028,1,20.7741,13.3570,0.187,638,2004,160,12,0.128,100,13.42,42296,2507.06,5,1,29.000(36.250%)(0.964m),45.000(39.706%)(2.679m),65.000(57.353%)(4.821m),42.006(37.064%)(2.358m),19.987(24.984%)(0.000m),25.000(62.500%)(1.607m),14.071(35.177%)(0.436m),436.278,3117.028,72.7,1.3925,"[1.754, 2.453, 2.307, 1.872, 2.904, 2.486]","[3.366, 3.965, 3.711, 3.788, 4.310, 3.786]","[-4.815, -1.637, -0.330, -4.630, -1.707, -0.090]"
1029,1,26.3316,13.5290,0.180,673,2079,41,22,0.128,100,13.51,42364,2626.12,6,1,26.000(32.500%)(0.643m),37.000(32.647%)(1.821m),49.000(43.235%)(3.107m),43.236(38.149%)(2.490m),20.428(25.534%)(0.046m),25.000(62.500%)(1.607m),14.371(35.928%)(0.468m),303.663,3056.013,71.5,1.3566,"[2.020, 2.558, 2.290, 2.137, 2.942, 2.441]","[3.444, 3.874, 3.659, 3.635, 4.156, 3.820]","[-5.030, 0.699, -0.240, -4.703, 0.779, -0.351]"
1030,1,6.2751,13.5839,0.170,533,1638,167,75,0.127,90,13.50,42418,2126.85,0,0,23.000(28.750%)(0.321m),24.000(21.177%)(0.429m),40.000(35.294%)(2.143m),42.463(37.467%)(2.407m),20.371(25.463%)(0.040m),28.000(70.000%)(1.929m),14.355(35.887%)(0.467m),0.000,2739.384,71.1,1.3827,"[1.269, 1.688, 1.512, 1.205, 1.934, 1.594]","[3.432, 3.902, 3.533, 3.515, 4.233, 3.591]","[-5.569, -3.541, -5.102, -5.345, -3.319, -5.749]"
1031,1,20.2035,13.9772,0.185,636,1999,235,37,0.127,100,13.58,42482,2513.88,1,1,30.000(37.500%)(1.071m),51.000(45.000%)(3.321m),65.000(57.353%)(4.821m),36.497(32.203%)(1.767m),17.122(21.403%)(0.000m),21.000(52.500%)(1.179m),12.020(30.051%)(0.216m),352.876,3172.121,72.7,1.4218,"[0.872, 2.176, 2.039, 0.961, 2.638, 2.241]","[3.374, 3.800, 3.537, 3.372, 4.037, 3.571]","[-5.431, -1.198, -1.786, -4.760, -0.785, -1.418]"
1032,1,3.0359,13.7942,0.176,479,1471,118,60,0.127,90,13.57,42530,1857.39,0,0,23.000(28.750%)(0.321m),33.000(29.118%)(1.393m),46.000(40.588%)(2.786m),25.543(22.538%)(0.594m),12.542(15.677%)(0.000m),23.000(57.500%)(1.393m),9.911(24.777%)(0.000m),199.488,2999.058,71.1,1.3291,"[1.056, 1.634, 1.450, 1.082, 1.960, 1.568]","[3.416, 3.790, 3.427, 3.511, 4.141, 3.600]","[-5.213, -4.914, -5.177, -4.961, -5.014, -5.140]"
1033,1,-0.2493,13.4445,0.159,189,551,35,23,0.127,55,13.55,42549,719.52,0,0,26.000(32.500%)(0.643m),34.000(30.000%)(1.500m),42.000(37.059%)(2.357m),24.942(22.008%)(0.529m),12.247(15.308%)(0.000m),40.000(100.000%)(3.214m),9.678(24.194%)(0.000m),201.307,3456.809,67.4,1.2648,"[0.529, 1.162, 1.093, 0.453, 1.175, 0.988]","[3.291, 3.653, 3.303, 3.409, 3.983, 3.448]","[-4.986, -4.617, -5.779, -4.933, -4.683, -5.881]"
1034,1,16.9497,13.3564,0.190,724,2189,132,89,0.126,100,13.64,42622,2818.18,1,1,27.000(33.750%)(0.750m),37.000(32.647%)(1.821m),59.000(52.059%)(4.179m),33.534(29.589%)(1.450m),15.539(19.424%)(0.000m),24.000(60.000%)(1.500m),10.888(27.219%)(0.095m),314.448,3801.197,70.0,1.3517,"[1.221, 1.951, 2.110, 1.331, 2.345, 2.265]","[3.612, 3.827, 3.617, 3.546, 4.081, 3.665]","[-5.010, -5.904, -1.057, -5.129, -6.447, -1.048]"
1035,1,21.3750,13.2994,0.175,638,2003,105,64,0.126,100,13.72,42686,2469.26,2,1,26.000(32.500%)(0.643m),48.000(42.353%)(3.000m),63.000(55.588%)(4.607m),46.000(40.588%)(2.786m),21.990(27.488%)(0.213m),23.000(57.500%)(1.393m),15.510(38.774%)(0.590m),432.363,2888.631,72.7,1.3141,"[1.878, 2.347, 2.082, 1.966, 2.756, 2.241]","[3.617, 4.052, 3.661, 3.694, 4.371, 3.826]","[-4.493, 0.359, -0.322, -4.442, 0.378, -0.151]"
1036,1,1.2851,13.0317,0.185,189,566,13,12,0.126,55,13.71,42705,767.87,0,0,29.000(36.250%)(0.964m),45.000(39.706%)(2.679m),65.000(57.353%)(4.821m),24.950(22.015%)(0.530m),12.251(15.313%)(0.000m),25.000(62.500%)(1.607m),9.681(24.202%)(0.000m),436.278,3685.221,69.3,1.4204,"[1.428, 2.005, 2.064, 1.467, 2.325, 2.098]","[3.282, 3.812, 3.526, 3.374, 4.105, 3.621]","[-5.351, -5.608, -5.349, -5.334, -5.308, -5.399]"
1037,1,2.5479,12.7564,0.174,241,736,56,31,0.126,65,13.69,42730,936.57,0,0,23.000(28.750%)(0.321m),35.000(30.882%)(1.607m),54.158(47.786%)(3.660m),21.555(19.019%)(0.167m),11.755(14.694%)(0.000m),22.000(55.000%)(1.286m),10.270(25.675%)(0.029m),161.603,3250.009,70.6,1.3800,"[1.430, 2.111, 1.919, 1.437, 2.419, 2.023]","[3.252, 3.792, 3.570, 3.320, 4.121, 3.670]","[-5.394, -5.550, -4.864, -5.139, -5.248, -4.889]"
1038,1,9.1235,12.8672,0.152,652,2023,70,95,0.125,95,13.68,42796,2553.89,0,0,24.000(30.000%)(0.429m),32.000(28.235%)(1.286m),53.000(46.765%)(3.536m),21.139(18.653%)(0.122m),11.393(14.241%)(0.000m),19.000(47.500%)(0.964m),9.831(24.577%)(0.000m),231.573,2746.188,71.8,1.3327,"[1.566, 2.016, 1.799, 1.693, 2.411, 1.936]","[3.322, 3.729, 3.414, 3.434, 4.055, 3.728]","[-5.604, -6.217, -5.550, -5.571, -6.112, -5.440]"
1039,1,2.9469,12.8694,0.172,541,1663,150,73,0.125,90,13.67,42851,2099.46,0,0,29.000(36.250%)(0.964m),31.496(27.790%)(1.232m),16.584(14.633%)(0.000m),11.801(10.412%)(0.000m),8.929(11.161%)(0.000m),25.000(62.500%)(1.607m),11.780(29.451%)(0.191m),366.057,2909.846,71.1,1.3073,"[0.832, 1.647, 1.508, 0.871, 1.925, 1.649]","[3.485, 3.985, 3.746, 3.534, 4.321, 3.814]","[-6.371, -6.385, -7.871, -6.360, -7.545, -7.904]"
1040,1,4.1499,12.5740,0.188,348,1058,4,31,0.125,75,13.65,42886,1373.80,0,0,26.000(32.500%)(0.643m),18.000(15.882%)(0.000m),36.000(31.765%)(1.714m),51.822(45.726%)(3.410m),24.748(30.936%)(0.509m),24.000(60.000%)(1.500m),17.486(43.716%)(0.802m),445.921,3345.419,70.4,1.3330,"[1.684, 1.958, 1.900, 1.773, 2.353, 1.952]","[3.567, 4.068, 3.698, 3.626, 4.295, 3.946]","[-8.162, -7.181, -5.512, -8.781, -6.344, -6.265]"
1041,1,22.3937,12.5640,0.169,663,2057,167,80,0.125,100,13.74,42953,2556.06,1,1,23.000(28.750%)(0.321m),44.000(38.824%)(2.571m),63.000(55.588%)(4.607m),31.959(28.199%)(1.281m),14.712(18.390%)(0.000m),20.000(50.000%)(1.071m),10.298(25.745%)(0.032m),395.771,3604.229,71.8,1.3047,"[1.498, 2.310, 2.213, 1.658, 2.763, 2.458]","[3.727, 3.903, 3.597, 3.680, 4.208, 3.800]","[-5.251, -5.445, -0.006, -4.685, -5.141, 0.471]"
1042,1,8.1161,12.7103,0.173,510,1588,104,29,0.124,90,13.72,43004,2022.54,0,0,29.000(36.250%)(0.964m),22.000(19.412%)(0.214m),20.000(17.647%)(0.000m),40.953(36.135%)(2.245m),19.272(24.090%)(0.000m),25.000(62.500%)(1.607m),13.543(33.857%)(0.380m),0.000,2730.589,72.1,1.3878,"[1.299, 1.704, 1.501, 1.393, 2.023, 1.715]","[3.453, 3.861, 3.593, 3.501, 4.265, 3.773]","[-6.647, -8.168, -9.287, -7.952, -8.100, -5.377]"
1043,1,15.9509,12.6638,0.181,660,2055,124,120,0.124,100,13.81,43070,2575.97,1,1,20.000(25.000%)(0.000m),41.000(36.177%)(2.250m),64.000(56.471%)(4.714m),36.154(31.901%)(1.731m),16.857(21.071%)(0.000m),15.000(37.500%)(0.536m),11.820(29.551%)(0.195m),436.278,3202.829,72.1,1.3516,"[1.168, 1.854, 1.756, 1.317, 2.315, 1.913]","[3.540, 3.836, 3.763, 3.730, 4.128, 3.872]","[-5.300, -3.520, -4.894, -5.127, -2.500, -4.653]"
1044,1,18.4189,12.9346,0.179,759,2267,69,57,0.124,100,13.89,43146,2932.29,2,1,26.000(32.500%)(0.643m),53.000(46.765%)(3.536m),64.000(56.471%)(4.714m),37.000(32.647%)(1.821m),21.350(26.688%)(0.145m),18.000(45.000%)(0.857m),15.032(37.581%)(0.539m),233.853,4105.305,69.1,1.3365,"[1.714, 2.209, 1.926, 1.865, 2.625, 2.138]","[3.709, 3.916, 3.655, 3.637, 4.209, 3.766]","[-5.111, -1.873, -4.629, -5.166, -0.973, -4.700]"
1045,1,24.8920,13.4588,0.172,655,2040,36,25,0.124,100,13.97,43212,2581.04,3,1,29.000(36.250%)(0.964m),44.000(38.824%)(2.571m),61.000(53.824%)(4.393m),42.459(37.464%)(2.406m),20.082(25.103%)(0.009m),22.000(55.000%)(1.286m),14.130(35.324%)(0.442m),390.002,2946.367,72.1,1.3634,"[1.711, 2.195, 1.966, 1.793, 2.642, 2.149]","[3.253, 3.659, 3.333, 3.253, 3.954, 3.586]","[-4.888, 0.277, -1.126, -4.640, 0.364, -0.826]"
1046,1,24.4615,13.6509,0.183,641,2009,124,63,0.123,100,14.05,43277,2515.51,4,1,23.000(28.750%)(0.321m),35.000(30.882%)(1.607m),64.000(56.471%)(4.714m),41.563(36.673%)(2.310m),19.596(24.495%)(0.000m),19.000(47.500%)(0.964m),13.797(34.492%)(0.407m),174.642,3189.529,72.5,1.3291,"[1.554, 2.226, 1.982, 1.636, 2.704, 2.179]","[3.142, 3.715, 3.391, 3.180, 3.949, 3.583]","[-5.331, 0.193, -2.074, -4.913, 0.526, -1.827]"
1047,1,19.8923,14.0301,0.178,645,2020,187,63,0.123,100,14.14,43342,2552.59,5,1,24.000(30.000%)(0.429m),41.000(36.177%)(2.250m),61.000(53.824%)(4.393m),43.793(38.641%)(2.549m),20.920(26.150%)(0.099m),19.000(47.500%)(0.964m),14.724(36.810%)(0.506m),474.991,2850.791,72.5,1.4560,"[1.763, 2.266, 1.978, 1.884, 2.742, 2.185]","[3.226, 3.764, 3.418, 3.416, 4.008, 3.552]","[-4.700, 0.133, -2.468, -4.358, 0.251, -1.827]"
1048,1,10.1064,14.2141,0.190,530,1656,48,62,0.123,95,14.12,43395,2083.02,0,0,28.000(35.000%)(0.857m),44.000(38.824%)(2.571m),52.000(45.882%)(3.429m),26.107(23.036%)(0.654m),12.628(15.785%)(0.000m),20.000(50.000%)(1.071m),9.852(24.631%)(0.000m),248.920,2816.751,72.3,1.3058,"[1.389, 1.941, 1.744, 1.472, 2.342, 1.930]","[3.364, 3.804, 3.502, 3.490, 4.202, 3.884]","[-6.434, -5.964, -6.270, -5.800, -6.410, -6.455]"
1049,1,0.1800,14.1387,0.180,166,493,14,10,0.123,50,14.11,43412,640.22,0,0,29.000(36.250%)(0.964m),44.000(38.824%)(2.571m),38.135(33.648%)(1.943m),18.273(16.123%)(0.000m),10.741(13.427%)(0.000m),40.000(100.000%)(3.214m),10.229(25.572%)(0.024m),417.289,3738.456,68.7,1.3062,"[1.151, 1.646, 1.629, 1.243, 1.856, 1.625]","[3.448, 3.922, 3.560, 3.568, 4.137, 3.700]","[-6.779, -6.957, -6.492, -6.398, -7.354, -6.233]"
1050,1,23.6756,14.2918,0.175,638,2004,0,27,0.122,100,14.19,43476,2506.77,1,1,26.000(32.500%)(0.643m),49.000(43.235%)(3.107m),67.000(59.118%)(5.036m),50.000(44.118%)(3.214m),25.257(31.572%)(0.563m),23.000(57.500%)(1.393m),17.855(44.637%)(0.842m),542.043,2975.173,72.7,1.3240,"[1.978, 2.172, 1.971, 2.148, 2.691, 2.144]","[3.222, 3.725, 3.597, 3.293, 4.012, 3.630]","[-2.885, 0.245, -0.843, -2.991, 0.509, -0.564]"
1051,1,21.5938,14.6092,0.172,662,2056,0,50,0.122,100,14.27,43543,2613.28,2,1,29.000(36.250%)(0.964m),45.000(39.706%)(2.679m),60.000(52.941%)(4.286m),49.529(43.702%)(3.164m),23.598(29.498%)(0.386m),23.000(57.500%)(1.393m),16.654(41.636%)(0.713m),525.757,3027.625,71.9,1.3748,"[1.949, 2.253, 2.000, 2.078, 2.725, 2.212]","[3.281, 3.743, 3.558, 3.417, 4.061, 3.841]","[-3.339, -0.802, -1.811, -3.513, -0.223, -2.185]"
1052,1,8.5331,14.3519,0.159,612,1917,55,117,0.122,95,14.26,43605,2336.90,0,0,20.000(25.000%)(0.000m),51.000(45.000%)(3.321m),56.000(49.412%)(3.857m),27.204(24.004%)(0.772m),12.759(15.949%)(0.000m),13.000(32.500%)(0.321m),9.702(24.255%)(0.000m),296.318,2994.875,72.5,1.3033,"[1.658, 2.073, 1.907, 1.814, 2.512, 2.097]","[3.388, 3.747, 3.533, 3.438, 4.136, 3.851]","[-5.202, -5.748, -5.582, -4.975, -5.358, -5.450]"
1053,1,24.7817,14.4474,0.184,660,2051,25,91,0.122,100,14.34,43671,2521.19,1,1,21.000(26.250%)(0.107m),32.000(28.235%)(1.286m),60.000(52.941%)(4.286m),42.622(37.608%)(2.424m),20.117(25.146%)(0.013m),19.000(47.500%)(0.964m),14.148(35.371%)(0.444m),84.600,3257.386,71.9,1.3378,"[2.014, 2.527, 2.256, 2.136, 2.991, 2.450]","[3.477, 3.816, 3.738, 3.518, 4.234, 4.029]","[-4.712, -1.091, -3.484, -4.461, -0.503, -4.156]"
1054,1,19.7328,14.8136,0.183,695,2126,78,30,0.121,100,14.42,43741,2674.84,2,1,26.000(32.500%)(0.643m),40.000(35.294%)(2.143m),57.000(50.294%)(3.964m),33.006(29.123%)(1.394m),15.379(19.224%)(0.000m),23.000(57.500%)(1.393m),10.783(26.958%)(0.084m),302.971,3210.468,70.8,1.2891,"[1.549, 2.170, 2.035, 1.701, 2.597, 2.251]","[3.166, 3.709, 3.607, 3.226, 4.097, 3.924]","[-5.271, -4.598, -1.862, -5.130, -4.036, -2.716]"
1055,1,20.8758,14.7753,0.170,642,2015,128,31,0.121,100,14.50,43806,2508.39,3,1,29.000(36.250%)(0.964m),45.000(39.706%)(2.679m),63.000(55.588%)(4.607m),37.147(32.777%)(1.837m),17.543(21.929%)(0.000m),25.000(62.500%)(1.607m),12.322(30.805%)(0.249m),396.775,2925.917,72.6,1.3700,"[1.051, 2.314, 2.219, 1.130, 2.761, 2.448]","[3.443, 3.844, 3.552, 3.512, 4.179, 3.625]","[-5.383, -3.926, -0.122, -4.877, -4.088, 0.075]"
1056,1,-1.0617,14.4170,0.171,174,497,24,7,0.121,50,14.49,43824,676.81,0,0,31.000(38.750%)(1.179m),41.000(36.177%)(2.250m),38.272(33.769%)(1.958m),18.338(16.181%)(0.000m),10.780(13.475%)(0.000m),40.000(100.000%)(3.214m),10.265(25.663%)(0.028m),366.006,3901.105,66.1,1.2770,"[1.332, 1.611, 1.511, 1.305, 1.802, 1.534]","[3.490, 3.792, 3.422, 3.530, 4.141, 3.525]","[-5.713, -5.899, -5.486, -5.653, -6.500, -5.353]"
1057,1,24.2791,14.5586,0.175,630,1988,109,25,0.121,100,14.57,43887,2479.58,1,1,30.000(37.500%)(1.071m),40.000(35.294%)(2.143m),53.000(46.765%)(3.536m),33.858(29.874%)(1.485m),15.683(19.603%)(0.000m),23.000(57.500%)(1.393m),10.987(27.467%)(0.106m),314.024,2767.763,73.0,1.3178,"[1.527, 2.447, 2.258, 1.617, 2.856, 2.449]","[3.626, 3.957, 3.629, 3.692, 4.317, 3.912]","[-5.379, -5.142, -0.818, -5.260, -4.835, -0.896]"
1058,1,10.7177,14.3311,0.177,509,1595,14,17,0.120,95,14.56,43938,2035.54,0,0,30.000(37.500%)(1.071m),47.000(41.471%)(2.893m),25.618(22.605%)(0.602m),15.098(13.322%)(0.000m),9.925(12.406%)(0.000m),23.000(57.500%)(1.393m),11.083(27.707%)(0.116m),486.458,2916.462,72.5,1.4394,"[1.859, 2.331, 2.122, 2.034, 2.784, 2.325]","[3.583, 3.989, 3.673, 3.684, 4.385, 4.086]","[-6.313, -6.323, -6.625, -5.975, -6.664, -5.995]"
1059,1,5.5108,13.9813,0.168,368,1144,11,58,0.120,80,14.54,43975,1420.08,0,0,13.000(16.250%)(0.000m),47.000(41.471%)(2.893m),80.000(70.588%)(6.429m),43.000(37.941%)(2.464m),23.474(29.343%)(0.372m),10.000(25.000%)(0.000m),16.564(41.411%)(0.703m),396.076,3198.560,71.9,1.3801,"[1.967, 2.260, 1.812, 2.189, 2.709, 2.003]","[3.279, 3.749, 3.541, 3.356, 4.132, 3.756]","[-3.431, -2.917, -4.890, -3.650, -2.807, -5.044]"
1060,1,21.7239,14.3463,0.180,651,2032,117,45,0.120,100,14.62,44041,2590.17,1,1,25.000(31.250%)(0.536m),38.000(33.530%)(1.929m),54.000(47.647%)(3.643m),45.425(40.081%)(2.724m),21.536(26.920%)(0.165m),21.000(52.500%)(1.179m),15.183(37.958%)(0.555m),299.326,3044.489,72.3,1.3798,"[1.934, 2.391, 2.055, 2.086, 2.860, 2.278]","[3.485, 3.865, 3.643, 3.505, 4.278, 4.125]","[-4.637, -0.703, -4.932, -4.707, 0.189, -4.821]"
1061,1,18.1595,14.2194,0.182,642,2014,195,51,0.120,100,14.70,44106,2521.17,2,1,26.000(32.500%)(0.643m),49.000(43.235%)(3.107m),67.000(59.118%)(5.036m),36.386(32.106%)(1.756m),16.955(21.194%)(0.000m),18.000(45.000%)(0.857m),11.886(29.714%)(0.202m),518.398,3062.725,72.6,1.3859,"[1.024, 2.163, 2.039, 1.161, 2.601, 2.253]","[3.466, 3.892, 3.463, 3.513, 4.184, 3.621]","[-5.820, -2.244, -3.539, -5.288, -1.785, -3.723]"
1062,1,2.9128,13.8600,0.157,337,1026,17,25,0.120,75,14.69,44140,1332.10,0,0,27.000(33.750%)(0.750m),42.000(37.059%)(2.357m),34.000(30.000%)(1.500m),22.000(19.412%)(0.214m),23.000(28.750%)(0.321m),25.000(62.500%)(1.607m),17.265(43.162%)(0.778m),0.000,2748.539,70.4,1.3381,"[1.139, 1.790, 1.729, 1.192, 2.076, 1.788]","[3.406, 4.034, 3.789, 3.455, 4.367, 3.867]","[-6.415, -5.620, -9.747, -5.950, -5.814, -7.439]"
1063,1,22.6815,13.9354,0.176,631,1989,45,21,0.119,100,14.77,44204,2468.87,1,1,29.000(36.250%)(0.964m),38.000(33.530%)(1.929m),68.000(60.000%)(5.143m),35.232(31.087%)(1.632m),16.418(20.522%)(0.000m),22.000(55.000%)(1.286m),11.507(28.769%)(0.162m),270.732,2890.965,72.9,1.3147,"[1.649, 2.377, 2.245, 1.804, 2.827, 2.411]","[3.834, 4.212, 3.974, 3.852, 4.637, 4.146]","[-5.352, -3.215, -3.665, -4.999, -2.857, -3.388]"
1064,1,20.1823,14.1035,0.171,628,1983,77,79,0.119,100,14.85,44267,2447.10,2,1,29.000(36.250%)(0.964m),39.000(34.412%)(2.036m),65.000(57.353%)(4.821m),48.296(42.615%)(3.032m),23.017(28.772%)(0.323m),25.000(62.500%)(1.607m),16.234(40.585%)(0.668m),356.760,2889.633,73.1,1.3550,"[1.623, 2.173, 1.920, 1.748, 2.614, 2.088]","[3.540, 3.945, 3.529, 3.599, 4.274, 3.877]","[-4.844, -1.406, -4.406, -4.532, -0.644, -4.199]"
1065,1,22.6867,14.0496,0.177,643,2015,113,27,0.119,100,14.93,44332,2540.09,3,1,28.000(35.000%)(0.857m),43.000(37.941%)(2.464m),60.000(52.941%)(4.286m),35.394(31.230%)(1.649m),16.448(20.560%)(0.000m),23.000(57.500%)(1.393m),11.526(28.814%)(0.163m),392.441,2897.774,72.5,1.3481,"[1.614, 2.429, 2.275, 1.746, 2.870, 2.481]","[3.511, 3.966, 3.818, 3.551, 4.348, 3.922]","[-5.291, -2.480, -0.236, -4.876, -2.028, -0.062]"
1066,1,-0.1114,13.6291,0.171,151,438,14,16,0.119,50,14.92,44348,659.79,0,0,22.000(27.500%)(0.214m),28.000(24.706%)(0.857m),45.000(39.706%)(2.679m),76.352(67.369%)(6.038m),42.122(52.653%)(2.370m),40.000(100.000%)(3.214m),37.259(93.149%)(2.921m),30.221,3106.419,67.1,1.4683,"[2.049, 1.985, 1.536, 1.909, 2.063, 1.398]","[3.254, 3.748, 3.506, 3.435, 4.105, 3.656]","[-3.437, -2.945, -4.640, -4.848, -3.551, -5.069]"
1067,1,23.8116,14.1123,0.181,635,1998,107,17,0.118,100,15.00,44412,2516.04,1,1,31.000(38.750%)(1.179m),44.000(38.824%)(2.571m),63.000(55.588%)(4.607m),40.000(35.294%)(2.143m),18.970(23.712%)(0.000m),23.000(57.500%)(1.393m),13.326(33.315%)(0.356m),299.539,2833.602,72.8,1.3344,"[1.485, 2.247, 2.124, 1.608, 2.655, 2.307]","[3.390, 3.748, 3.511, 3.497, 4.141, 3.613]","[-5.165, -2.822, -0.435, -4.770, -3.070, 0.044]"
1068,1,21.5156,14.4961,0.174,658,2048,75,83,0.118,100,15.07,44478,2572.96,2,1,26.000(32.500%)(0.643m),39.000(34.412%)(2.036m),56.000(49.412%)(3.857m),44.357(39.138%)(2.610m),21.043(26.304%)(0.112m),23.000(57.500%)(1.393m),14.818(37.046%)(0.516m),326.332,2844.553,72.0,1.3676,"[1.871, 2.333, 1.956, 2.039, 2.765, 2.190]","[3.464, 3.910, 3.403, 3.586, 4.270, 3.873]","[-4.746, -1.062, -2.846, -4.598, -0.806, -3.408]"
1069,1,23.4354,14.5483,0.172,665,2061,4,62,0.118,100,15.15,44545,2589.30,3,1,22.000(27.500%)(0.214m),32.000(28.235%)(1.286m),57.000(50.294%)(3.964m),49.000(43.235%)(3.107m),24.024(30.030%)(0.431m),21.000(52.500%)(1.179m),16.962(42.405%)(0.746m),119.152,2969.482,71.7,1.3308,"[2.027, 2.409, 2.216, 2.171, 2.887, 2.401]","[3.323, 3.865, 3.688, 3.425, 4.105, 4.039]","[-3.165, -1.548, -2.792, -3.508, -0.787, -4.208]"
1070,1,21.6400,14.5854,0.185,630,1986,53,85,0.118,100,15.23,44608,2447.87,4,1,26.000(32.500%)(0.643m),44.000(38.824%)(2.571m),48.000(42.353%)(3.000m),34.000(30.000%)(1.500m),23.017(28.772%)(0.323m),18.000(45.000%)(0.857m),16.234(40.585%)(0.668m),209.163,2872.505,73.0,1.3379,"[1.959, 2.385, 2.133, 2.152, 2.843, 2.319]","[3.585, 3.972, 3.565, 3.592, 4.352, 3.841]","[-4.064, -1.992, -4.434, -4.075, -2.191, -4.123]"
1071,1,11.3329,14.8040,0.178,552,1699,13,26,0.117,95,15.22,44664,2135.34,0,0,26.000(32.500%)(0.643m),47.000(41.471%)(2.893m),66.000(58.235%)(4.929m),24.950(22.015%)(0.530m),12.430(15.537%)(0.000m),22.000(55.000%)(1.286m),9.948(24.870%)(0.000m),483.156,3409.342,71.2,1.3428,"[1.904, 2.295, 2.054, 2.058, 2.692, 2.296]","[3.759, 4.202, 3.884, 3.836, 4.598, 4.007]","[-5.824, -6.140, -6.801, -5.533, -6.886, -6.372]"
1072,1,21.6444,15.2220,0.168,645,2022,0,108,0.117,100,15.30,44729,2572.14,1,1,25.000(31.250%)(0.536m),46.000(40.588%)(2.786m),64.000(56.471%)(4.714m),50.000(44.118%)(3.214m),24.046(30.057%)(0.433m),19.000(47.500%)(0.964m),16.978(42.445%)(0.748m),430.312,3272.134,72.6,1.3329,"[2.004, 2.365, 2.170, 2.215, 2.874, 2.354]","[3.635, 4.082, 3.762, 3.701, 4.457, 3.906]","[-3.521, -0.197, -1.632, -3.831, 0.076, -1.099]"
1073,1,14.5109,15.2744,0.188,653,2038,104,111,0.117,100,15.38,44795,2503.32,2,1,17.000(21.250%)(0.000m),35.000(30.882%)(1.607m),58.000(51.177%)(4.071m),38.158(33.669%)(1.946m),17.857(22.321%)(0.000m),12.000(30.000%)(0.214m),12.538(31.345%)(0.272m),356.058,2953.414,72.2,1.3152,"[1.597, 2.231, 1.924, 1.755, 2.724, 2.168]","[3.536, 4.097, 3.793, 3.665, 4.368, 3.864]","[-4.980, -3.853, -5.655, -4.876, -2.618, -4.549]"
1074,1,22.8999,15.3640,0.165,673,2080,0,42,0.117,100,15.46,44863,2714.83,3,1,21.000(26.250%)(0.107m),39.000(34.412%)(2.036m),69.000(60.883%)(5.250m),42.000(37.059%)(2.357m),24.532(30.665%)(0.486m),22.000(55.000%)(1.286m),17.332(43.331%)(0.786m),262.625,3353.960,71.5,1.4021,"[2.135, 2.527, 2.206, 2.348, 3.001, 2.462]","[3.800, 4.129, 3.841, 3.828, 4.371, 3.852]","[-4.310, 0.758, -0.721, -4.533, 1.179, -0.108]"
1075,1,0.9762,15.0190,0.165,223,618,14,3,0.116,60,15.44,44886,907.23,0,0,32.000(40.000%)(1.286m),47.000(41.471%)(2.893m),60.000(52.941%)(4.286m),27.719(24.458%)(0.827m),12.833(16.042%)(0.000m),40.000(100.000%)(3.214m),9.633(24.082%)(0.000m),480.694,4765.081,64.2,1.2574,"[1.194, 1.770, 1.856, 1.251, 1.952, 1.873]","[3.716, 3.909, 3.599, 3.758, 4.197, 3.723]","[-5.924, -6.551, -5.171, -5.670, -6.617, -5.437]"
1076,1,25.8289,15.0444,0.165,662,2056,86,33,0.116,100,15.52,44953,2582.74,1,1,24.000(30.000%)(0.429m),36.000(31.765%)(1.714m),59.000(52.059%)(4.179m),42.073(37.124%)(2.365m),19.887(24.859%)(0.000m),22.000(55.000%)(1.286m),14.004(35.010%)(0.429m),182.411,3305.964,71.9,1.3118,"[1.638, 2.419, 2.265, 1.787, 2.889, 2.473]","[3.150, 3.754, 3.625, 3.306, 4.135, 3.892]","[-5.096, 0.144, -1.091, -4.840, 0.523, -1.046]"
1077,1,17.4274,15.0212,0.161,672,2079,37,123,0.116,100,15.60,45021,2702.60,2,1,22.000(27.500%)(0.214m),33.000(29.118%)(1.393m),37.000(32.647%)(1.821m),54.573(48.153%)(3.704m),26.153(32.692%)(0.659m),21.000(52.500%)(1.179m),18.522(46.306%)(0.913m),286.624,3070.597,71.6,1.3832,"[1.925, 2.223, 1.941, 2.091, 2.663, 2.097]","[3.401, 4.015, 3.626, 3.585, 4.273, 3.748]","[-4.260, -0.915, -1.156, -5.724, -1.851, -2.362]"
1078,1,21.5175,15.0360,0.164,639,2006,38,85,0.116,100,15.68,45085,2418.89,3,1,26.000(32.500%)(0.643m),47.000(41.471%)(2.893m),50.000(44.118%)(3.214m),36.000(31.765%)(1.714m),19.653(24.567%)(0.000m),20.000(50.000%)(1.071m),13.816(34.540%)(0.409m),200.917,2962.965,72.7,1.3570,"[1.959, 2.533, 2.274, 2.105, 3.003, 2.482]","[3.340, 3.747, 3.557, 3.596, 4.084, 3.787]","[-4.871, -1.317, -3.900, -4.322, -1.261, -3.671]"
1079,1,21.5263,14.9399,0.177,639,2006,46,119,0.116,100,15.76,45149,2519.44,4,1,21.000(26.250%)(0.107m),38.000(33.530%)(1.929m),67.000(59.118%)(5.036m),48.402(42.708%)(3.043m),23.033(28.792%)(0.325m),19.000(47.500%)(0.964m),16.246(40.614%)(0.669m),259.193,3014.529,72.7,1.3955,"[2.101, 2.430, 2.200, 2.224, 2.967, 2.385]","[3.387, 3.874, 3.788, 3.523, 4.207, 4.339]","[-3.896, -2.248, -3.881, -4.261, -1.250, -4.245]"
1080,1,-0.0113,14.8142,0.149,158,453,18,14,0.115,50,15.74,45165,641.85,0,0,21.000(26.250%)(0.107m),28.000(24.706%)(0.857m),39.000(34.412%)(2.036m),67.529(59.584%)(5.092m),40.467(50.584%)(2.193m),40.000(100.000%)(3.214m),39.490(98.725%)(3.160m),3.828,3252.374,66.4,1.2845,"[2.028, 1.984, 1.673, 1.933, 2.050, 1.548]","[3.438, 3.951, 3.746, 3.472, 4.280, 3.863]","[-2.374, -3.434, -5.056, -3.359, -3.463, -5.422]"
1081,1,25.1529,14.9132,0.184,656,2042,126,68,0.115,100,15.82,45231,2523.79,1,1,22.000(27.500%)(0.214m),44.000(38.824%)(2.571m),55.000(48.530%)(3.750m),44.000(38.824%)(2.571m),22.779(28.474%)(0.298m),20.000(50.000%)(1.071m),16.082(40.205%)(0.652m),392.602,2947.852,72.0,1.2774,"[2.026, 2.703, 2.584, 2.128, 3.141, 2.748]","[3.725, 4.062, 3.724, 4.119, 4.360, 3.914]","[-5.034, 0.495, 0.392, -4.852, 0.596, 0.340]"
1082,1,15.9775,15.1720,0.176,644,2018,262,84,0.115,100,15.90,45296,2494.36,2,1,24.000(30.000%)(0.429m),53.000(46.765%)(3.536m),54.000(47.647%)(3.643m),37.000(32.647%)(1.821m),18.268(22.835%)(0.000m),15.000(37.500%)(0.536m),12.833(32.084%)(0.304m),241.334,3654.229,72.5,1.3510,"[1.428, 2.448, 2.330, 1.525, 2.913, 2.544]","[3.511, 4.044, 3.911, 3.498, 4.407, 4.010]","[-5.247, -1.600, -3.951, -4.670, -1.379, -4.279]"
1083,1,4.7363,15.2717,0.188,512,1594,66,96,0.115,90,15.88,45348,2008.00,0,0,20.000(25.000%)(0.000m),37.000(32.647%)(1.821m),32.740(28.888%)(1.365m),16.947(14.954%)(0.000m),10.344(12.931%)(0.000m),18.000(45.000%)(0.857m),10.344(25.861%)(0.037m),223.647,2832.944,72.0,1.3295,"[1.446, 2.007, 1.922, 1.657, 2.461, 2.136]","[3.363, 3.997, 3.746, 3.522, 4.329, 4.281]","[-5.923, -5.252, -5.721, -5.536, -5.677, -5.096]"
1084,1,21.5183,15.3631,0.166,674,2081,43,79,0.114,100,15.96,45416,2666.62,1,1,22.000(27.500%)(0.214m),36.000(31.765%)(1.714m),46.000(40.588%)(2.786m),43.257(38.168%)(2.492m),20.438(25.548%)(0.047m),21.000(52.500%)(1.179m),14.379(35.947%)(0.469m),322.616,2936.312,71.4,1.3415,"[1.861, 2.318, 2.085, 1.990, 2.774, 2.258]","[3.692, 4.146, 3.727, 3.851, 4.483, 3.862]","[-4.865, -1.482, -1.705, -4.923, -0.715, -2.006]"
1085,1,1.2889,14.9614,0.179,220,660,25,56,0.114,60,15.94,45438,859.13,0,0,19.000(23.750%)(0.000m),35.000(30.882%)(1.607m),48.000(42.353%)(3.000m),25.801(22.766%)(0.622m),12.480(15.600%)(0.000m),17.000(42.500%)(0.750m),9.737(24.342%)(0.000m),142.661,3339.637,69.5,1.3957,"[1.562, 1.926, 1.777, 1.702, 2.298, 1.883]","[3.393, 3.956, 3.774, 3.494, 4.278, 4.212]","[-5.354, -6.083, -5.778, -5.220, -5.522, -5.602]"
1086,1,20.5122,15.3459,0.170,636,2000,109,17,0.114,100,16.02,45502,2536.06,1,1,31.000(38.750%)(1.179m),44.000(38.824%)(2.571m),63.000(55.588%)(4.607m),40.000(35.294%)(2.143m),18.970(23.712%)(0.000m),23.000(57.500%)(1.393m),13.326(33.315%)(0.356m),300.542,2854.026,72.8,1.3769,"[1.592, 2.354, 2.256, 1.761, 2.769, 2.451]","[3.568, 4.134, 3.832, 3.568, 4.484, 3.947]","[-5.336, -3.383, -0.787, -5.061, -3.527, -0.308]"
1087,1,24.3649,15.7823,0.169,632,1990,0,1,0.114,100,16.10,45566,2433.22,2,1,33.000(41.250%)(1.393m),51.000(45.000%)(3.321m),68.000(60.000%)(5.143m),52.000(45.882%)(3.429m),25.318(31.648%)(0.570m),26.000(65.000%)(1.714m),17.925(44.812%)(0.849m),576.275,3300.094,72.9,1.2882,"[1.984, 2.452, 2.262, 2.144, 2.943, 2.463]","[3.730, 3.900, 3.706, 3.724, 4.186, 3.787]","[-3.999, 0.170, -2.779, -4.127, 1.180, -2.536]"
1088,1,0.4532,15.6088,0.162,188,546,14,16,0.113,55,16.08,45585,756.07,0,0,26.000(32.500%)(0.643m),39.000(34.412%)(2.036m),49.499(43.676%)(3.161m),20.338(17.946%)(0.036m),11.221(14.026%)(0.000m),32.000(80.000%)(2.357m),9.925(24.813%)(0.000m),291.603,3751.331,67.2,1.4062,"[1.148, 1.745, 1.743, 1.238, 1.970, 1.736]","[3.216, 3.884, 3.658, 3.364, 4.200, 3.786]","[-6.112, -5.529, -5.516, -5.969, -6.022, -5.215]"
1089,1,0.4879,15.5597,0.182,427,1225,52,53,0.113,80,16.07,45628,1695.61,0,0,24.000(30.000%)(0.429m),20.000(17.647%)(0.000m),20.000(17.647%)(0.000m),50.289(44.372%)(3.245m),23.979(29.974%)(0.426m),21.000(52.500%)(1.179m),16.930(42.325%)(0.742m),0.000,3723.305,66.4,1.4014,"[1.751, 1.855, 1.475, 1.816, 1.974, 1.415]","[3.624, 4.023, 3.817, 3.527, 4.332, 3.877]","[-4.660, -6.782, -6.534, -4.893, -9.052, -6.491]"
1090,1,3.4453,15.5456,0.171,354,1075,42,22,0.113,80,16.06,45664,1369.26,0,0,28.000(35.000%)(0.857m),18.000(15.882%)(0.000m),29.000(25.588%)(0.964m),41.823(36.903%)(2.338m),19.727(24.658%)(0.000m),25.000(62.500%)(1.607m),13.870(34.675%)(0.415m),379.290,3207.565,70.3,1.3424,"[1.693, 2.259, 2.033, 1.793, 2.547, 2.188]","[3.539, 4.122, 3.830, 3.493, 4.470, 4.102]","[-6.624, -4.981, -6.399, -5.452, -7.147, -5.806]"
1091,1,25.1506,15.6007,0.182,688,2112,2,45,0.113,100,16.13,45733,2705.50,1,1,27.000(33.750%)(0.750m),42.000(37.059%)(2.357m),58.000(51.177%)(4.071m),46.000(40.588%)(2.786m),24.194(30.243%)(0.449m),22.000(55.000%)(1.286m),17.111(42.778%)(0.762m),394.361,3307.396,71.0,1.2901,"[2.353, 2.776, 2.476, 2.518, 3.203, 2.653]","[4.000, 4.178, 3.947, 3.928, 4.501, 4.216]","[-3.439, 0.424, -0.165, -3.854, 0.589, 0.198]"
1092,1,16.7573,15.7735,0.184,668,2068,121,136,0.113,100,16.21,45800,2682.45,2,1,21.000(26.250%)(0.107m),40.000(35.294%)(2.143m),61.000(53.824%)(4.393m),47.160(41.612%)(2.910m),22.764(28.455%)(0.296m),15.000(37.500%)(0.536m),16.051(40.126%)(0.648m),299.421,3505.554,71.7,1.2914,"[2.040, 2.340, 2.004, 2.172, 2.861, 2.224]","[3.686, 3.971, 3.691, 3.595, 4.294, 3.985]","[-4.890, -2.383, -5.135, -4.478, -1.949, -4.553]"
1093,1,1.1735,15.4780,0.159,224,637,16,15,0.112,60,16.19,45823,931.45,0,0,29.000(36.250%)(0.964m),46.000(40.588%)(2.786m),71.000(62.647%)(5.464m),28.384(25.045%)(0.898m),13.155(16.443%)(0.000m),26.000(65.000%)(1.714m),9.746(24.365%)(0.000m),462.272,4646.280,65.8,1.4552,"[1.769, 2.410, 2.612, 1.922, 2.756, 2.641]","[3.737, 4.196, 3.861, 3.789, 4.468, 3.976]","[-5.384, -6.021, -4.086, -5.399, -5.484, -4.571]"
1094,1,1.1623,15.1329,0.176,146,428,0,12,0.112,50,16.18,45838,571.52,0,0,23.000(28.750%)(0.321m),32.000(28.235%)(1.286m),65.000(57.353%)(4.821m),93.169(82.208%)(7.839m),45.065(56.331%)(2.686m),40.000(100.000%)(3.214m),35.160(87.899%)(2.696m),99.943,3261.404,67.8,1.3129,"[2.560, 2.557, 2.004, 2.538, 2.790, 1.806]","[3.543, 4.053, 3.915, 3.588, 4.375, 3.919]","[-0.596, -0.689, -2.888, -0.469, -0.161, -3.892]"
1095,1,25.0193,15.1354,0.165,646,2021,2,92,0.112,100,16.26,45903,2505.34,1,1,21.000(26.250%)(0.107m),39.000(34.412%)(2.036m),59.000(52.059%)(4.179m),43.000(37.941%)(2.464m),23.960(29.950%)(0.424m),19.000(47.500%)(0.964m),16.916(42.291%)(0.741m),287.443,2840.253,72.4,1.3146,"[1.984, 2.409, 2.035, 2.164, 2.873, 2.269]","[3.693, 4.130, 3.794, 3.794, 4.441, 3.959]","[-4.858, -1.046, -3.104, -4.682, -0.226, -2.554]"
1096,1,24.1024,15.1282,0.177,668,2069,96,39,0.112,100,16.33,45970,2598.74,2,1,27.000(33.750%)(0.750m),42.000(37.059%)(2.357m),43.000(37.941%)(2.464m),32.000(28.235%)(1.286m),20.352(25.440%)(0.038m),22.000(55.000%)(1.286m),14.332(35.830%)(0.464m),228.549,3047.017,71.7,1.3099,"[1.594, 2.232, 1.981, 1.622, 2.625, 2.178]","[3.478, 3.851, 3.468, 3.531, 4.247, 3.639]","[-5.198, -2.369, -3.668, -4.962, -2.657, -3.380]"
1097,1,20.1048,15.1325,0.179,632,1991,244,43,0.111,100,16.41,46034,2471.68,3,1,29.000(36.250%)(0.964m),44.000(38.824%)(2.571m),58.000(51.177%)(4.071m),33.546(29.599%)(1.451m),15.523(19.404%)(0.000m),23.000(57.500%)(1.393m),10.879(27.197%)(0.094m),339.971,3064.001,72.9,1.3339,"[1.295, 2.224, 2.193, 1.361, 2.628, 2.367]","[3.474, 3.899, 3.586, 3.595, 4.205, 3.720]","[-5.001, -4.792, 0.038, -4.999, -4.549, 0.165]"
1098,1,18.6016,15.3024,0.187,645,2023,41,30,0.111,100,16.48,46099,2560.55,4,1,27.000(33.750%)(0.750m),41.000(36.177%)(2.250m),53.000(46.765%)(3.536m),41.824(36.904%)(2.338m),19.761(24.701%)(0.000m),23.000(57.500%)(1.393m),13.899(34.748%)(0.418m),307.557,2784.114,72.6,1.3697,"[1.660, 2.189, 1.925, 1.781, 2.598, 2.110]","[3.610, 4.005, 3.608, 3.646, 4.353, 3.771]","[-4.861, -1.338, -4.150, -4.804, -1.359, -4.275]"
1099,1,5.8666,15.4161,0.185,356,1083,7,14,0.111,80,16.47,46135,1355.35,0,0,15.000(18.750%)(0.000m),17.000(15.000%)(0.000m),33.000(29.118%)(1.393m),48.000(42.353%)(3.000m),24.629(30.786%)(0.496m),26.000(65.000%)(1.714m),17.400(43.500%)(0.793m),488.520,3281.732,70.4,1.2960,"[1.675, 2.285, 2.005, 1.860, 2.633, 2.181]","[3.538, 3.845, 3.663, 3.655, 4.268, 3.948]","[-7.766, -4.534, -6.164, -7.054, -5.881, -6.064]"
1100,1,22.8679,15.4000,0.176,639,2007,108,48,0.111,100,16.55,46199,2438.72,1,1,24.000(30.000%)(0.429m),37.000(32.647%)(1.821m),47.000(41.471%)(2.893m),32.174(28.389%)(1.304m),14.888(18.610%)(0.000m),22.000(55.000%)(1.286m),10.429(26.072%)(0.046m),231.971,2816.702,72.7,1.3166,"[1.676, 2.180, 2.065, 1.868, 2.606, 2.280]","[3.281, 3.928, 3.601, 3.502, 4.211, 3.722]","[-5.188, -6.053, -3.603, -5.083, -5.984, -4.504]"
1101,1,26.7052,15.5022,0.166,672,2076,30,26,0.111,100,16.62,46267,2581.03,2,1,29.000(36.250%)(0.964m),44.000(38.824%)(2.571m),58.000(51.177%)(4.071m),41.308(36.448%)(2.283m),19.451(24.314%)(0.000m),23.000(57.500%)(1.393m),13.684(34.211%)(0.395m),382.693,3491.983,71.5,1.2789,"[1.895, 2.582, 2.301, 2.025, 3.038, 2.534]","[3.469, 3.800, 3.507, 3.477, 4.242, 3.724]","[-5.095, 0.633, -0.468, -4.592, 0.513, -0.619]"
1102,1,5.4162,15.4398,0.187,368,1132,11,74,0.110,80,16.61,46304,1457.26,0,0,13.000(16.250%)(0.000m),25.000(22.059%)(0.536m),58.000(51.177%)(4.071m),45.000(39.706%)(2.679m),24.050(30.063%)(0.434m),10.000(25.000%)(0.000m),16.981(42.453%)(0.748m),284.189,3046.619,71.2,1.3699,"[1.725, 1.891, 1.477, 1.913, 2.285, 1.766]","[3.565, 3.913, 3.597, 3.637, 4.241, 3.761]","[-5.578, -5.687, -5.867, -5.856, -5.550, -5.471]"
1103,1,24.1486,15.4272,0.180,640,2008,119,31,0.110,100,16.68,46368,2524.52,1,1,29.000(36.250%)(0.964m),44.000(38.824%)(2.571m),64.000(56.471%)(4.714m),32.239(28.446%)(1.311m),14.921(18.651%)(0.000m),25.000(62.500%)(1.607m),10.452(26.130%)(0.048m),383.156,2923.984,72.6,1.3661,"[1.893, 2.424, 2.352, 1.980, 2.852, 2.518]","[3.623, 4.064, 3.777, 3.673, 4.396, 3.843]","[-5.232, -5.507, -0.003, -4.923, -5.484, 0.021]"
1104,1,-0.3919,15.0247,0.184,181,532,20,4,0.110,55,16.67,46387,702.25,0,0,31.000(38.750%)(1.179m),45.000(39.706%)(2.679m),32.643(28.803%)(1.355m),16.898(14.910%)(0.000m),10.314(12.893%)(0.000m),30.000(75.000%)(2.143m),10.314(25.785%)(0.034m),440.224,3598.109,68.0,1.3307,"[0.986, 2.066, 2.106, 0.998, 2.278, 2.113]","[3.816, 4.157, 3.565, 3.836, 4.433, 3.640]","[-5.844, -5.599, -6.370, -5.662, -6.164, -6.320]"
1105,1,15.5964,14.9191,0.182,636,2002,136,136,0.110,100,16.74,46451,2462.58,1,1,26.000(32.500%)(0.643m),44.000(38.824%)(2.571m),45.000(39.706%)(2.679m),35.000(30.882%)(1.607m),18.853(23.566%)(0.000m),16.000(40.000%)(0.643m),13.243(33.107%)(0.347m),210.119,2935.376,72.9,1.3029,"[1.847, 2.427, 2.109, 2.018, 2.839, 2.324]","[3.592, 4.082, 3.860, 3.876, 4.409, 3.957]","[-4.803, -1.821, -3.137, -4.149, -1.919, -3.147]"
1106,1,8.1174,15.1027,0.161,508,1596,30,14,0.109,95,16.73,46502,2041.44,0,0,29.000(36.250%)(0.964m),44.000(38.824%)(2.571m),26.282(23.190%)(0.673m),15.301(13.501%)(0.000m),9.982(12.478%)(0.000m),23.000(57.500%)(1.393m),11.010(27.525%)(0.108m),417.289,2906.823,72.7,1.3326,"[1.653, 2.180, 1.873, 1.823, 2.595, 2.042]","[3.586, 3.929, 3.621, 3.900, 4.213, 3.919]","[-6.436, -6.060, -6.770, -6.173, -6.270, -6.225]"
1107,1,4.8798,14.7147,0.190,364,1118,39,38,0.109,80,16.71,46539,1414.54,0,0,10.000(12.500%)(0.000m),16.000(14.118%)(0.000m),29.000(25.588%)(0.964m),40.711(35.921%)(2.219m),19.149(23.936%)(0.000m),11.000(27.500%)(0.107m),13.455(33.637%)(0.370m),300.081,3177.205,71.1,1.3270,"[1.462, 2.130, 1.920, 1.514, 2.480, 2.052]","[3.328, 3.796, 3.589, 3.353, 4.194, 3.699]","[-13.882, -6.592, -4.921, -14.155, -5.489, -5.134]"
1108,1,1.5273,14.5309,0.168,385,1158,40,38,0.109,80,16.70,46578,1517.56,0,0,26.000(32.500%)(0.643m),45.000(39.706%)(2.679m),66.000(58.235%)(4.929m),20.000(17.647%)(0.000m),12.000(15.000%)(0.000m),24.000(60.000%)(1.500m),10.166(25.414%)(0.018m),409.403,4402.314,69.6,1.2719,"[0.973, 1.400, 1.412, 1.149, 1.737, 1.633]","[3.817, 3.848, 3.476, 3.834, 4.203, 3.637]","[-5.740, -6.614, -12.994, -5.304, -6.932, -9.506]"
1109,1,19.1056,14.8028,0.184,633,1995,195,53,0.109,100,16.77,46642,2485.86,1,1,29.000(36.250%)(0.964m),49.000(43.235%)(3.107m),65.000(57.353%)(4.821m),39.832(35.146%)(2.125m),18.704(23.380%)(0.000m),21.000(52.500%)(1.179m),13.147(32.868%)(0.337m),523.331,2990.339,73.0,1.3438,"[1.397, 2.412, 2.093, 1.563, 2.867, 2.291]","[3.402, 4.092, 3.863, 3.488, 4.378, 3.977]","[-5.269, -0.849, -3.838, -4.725, -0.537, -3.854]"
1110,1,22.4725,14.8178,0.172,633,1994,21,105,0.109,100,16.85,46706,2476.38,2,1,29.000(36.250%)(0.964m),44.000(38.824%)(2.571m),65.000(57.353%)(4.821m),43.119(38.046%)(2.477m),20.368(25.460%)(0.039m),21.000(52.500%)(1.179m),14.344(35.859%)(0.465m),417.289,3458.673,72.9,1.3400,"[1.857, 2.363, 2.141, 2.004, 2.850, 2.359]","[3.569, 4.121, 3.785, 3.552, 4.386, 3.842]","[-5.314, -1.572, 0.185, -7.173, 0.096, 0.311]"
1111,1,26.9515,14.9936,0.167,695,2127,24,56,0.108,100,16.92,46776,2706.94,3,1,23.000(28.750%)(0.321m),31.000(27.353%)(1.179m),39.000(34.412%)(2.036m),49.000(43.235%)(3.107m),25.436(31.796%)(0.582m),23.000(57.500%)(1.393m),18.011(45.027%)(0.858m),181.814,2962.270,70.8,1.3346,"[2.097, 2.427, 2.017, 2.215, 2.831, 2.240]","[3.773, 4.025, 3.650, 3.788, 4.437, 3.858]","[-4.298, -0.395, -2.350, -4.702, -1.641, -2.810]"
1112,1,3.7042,15.0094,0.189,280,784,19,45,0.108,65,16.91,46804,1075.24,0,0,21.000(26.250%)(0.107m),40.000(35.294%)(2.143m),57.000(50.294%)(3.964m),25.728(22.702%)(0.614m),12.445(15.556%)(0.000m),19.000(47.500%)(0.964m),9.709(24.273%)(0.000m),316.159,4424.505,64.8,1.3356,"[2.088, 2.392, 2.223, 2.145, 2.699, 2.323]","[3.793, 4.069, 3.707, 3.614, 4.352, 3.711]","[-5.119, -5.038, -5.579, -5.025, -4.891, -5.475]"
1113,1,16.9418,14.8946,0.172,628,1982,60,79,0.108,100,16.98,46867,2515.53,1,1,29.000(36.250%)(0.964m),44.000(38.824%)(2.571m),61.000(53.824%)(4.393m),47.454(41.871%)(2.941m),22.558(28.197%)(0.274m),22.000(55.000%)(1.286m),16.056(40.140%)(0.649m),417.289,2918.833,73.0,1.3546,"[1.765, 2.347, 2.040, 1.970, 2.841, 2.236]","[3.439, 3.982, 3.751, 3.786, 4.258, 3.781]","[-4.142, -0.637, -2.468, -4.616, 0.358, -2.180]"
1114,1,20.6470,14.9039,0.164,638,2003,46,95,0.108,100,17.06,46931,2440.00,2,1,21.000(26.250%)(0.107m),34.000(30.000%)(1.500m),69.000(60.883%)(5.250m),41.605(36.711%)(2.315m),19.602(24.503%)(0.000m),22.000(55.000%)(1.286m),12.000(30.000%)(0.214m),347.860,2966.194,72.6,1.3422,"[1.616, 2.177, 1.964, 1.727, 2.688, 2.177]","[3.567, 3.953, 3.654, 3.563, 4.272, 3.958]","[-5.184, -3.549, -3.870, -4.777, -4.005, -4.533]"
1115,1,18.6236,14.8227,0.175,625,1976,77,94,0.108,100,17.13,46994,2453.50,3,1,25.000(31.250%)(0.536m),44.000(38.824%)(2.571m),65.000(57.353%)(4.821m),41.000(36.177%)(2.250m),23.017(28.772%)(0.323m),17.000(42.500%)(0.750m),16.234(40.585%)(0.668m),275.268,2874.213,73.2,1.3257,"[1.936, 2.457, 2.292, 2.167, 2.942, 2.536]","[3.695, 4.082, 3.699, 3.793, 4.412, 3.859]","[-4.017, -1.380, 0.285, -4.219, -1.591, 0.438]"
1116,1,21.6901,15.2587,0.170,679,2092,100,59,0.107,100,17.20,47062,2666.98,4,1,29.000(36.250%)(0.964m),53.000(46.765%)(3.536m),61.000(53.824%)(4.393m),47.000(41.471%)(2.893m),22.676(28.345%)(0.287m),21.000(52.500%)(1.179m),15.987(39.968%)(0.641m),454.883,3320.661,71.3,1.3005,"[2.206, 2.652, 2.381, 2.382, 3.096, 2.590]","[3.694, 4.081, 3.867, 3.747, 4.355, 3.997]","[-4.011, 0.655, -1.626, -4.020, 0.688, -1.006]"
1117,1,24.3893,15.2703,0.163,654,2038,46,69,0.107,100,17.28,47128,2504.68,5,1,28.000(35.000%)(0.857m),42.000(37.059%)(2.357m),52.000(45.882%)(3.429m),42.443(37.450%)(2.405m),20.074(25.093%)(0.008m),19.000(47.500%)(0.964m),14.124(35.310%)(0.442m),354.275,2975.304,72.1,1.2639,"[2.000, 2.609, 2.306, 2.128, 3.011, 2.496]","[3.406, 3.963, 3.552, 3.661, 4.308, 3.862]","[-4.717, 0.359, -0.296, -4.422, 0.364, -0.484]"
1118,1,14.7642,15.1352,0.173,639,2005,112,63,0.107,100,17.35,47192,2338.63,6,1,23.000(28.750%)(0.321m),36.000(31.765%)(1.714m),47.000(41.471%)(2.893m),36.617(32.309%)(1.780m),17.073(21.341%)(0.000m),21.000(52.500%)(1.179m),11.970(29.924%)(0.211m),282.759,2829.876,72.6,1.2525,"[1.366, 2.349, 2.259, 1.567, 2.799, 2.422]","[3.620, 3.990, 3.745, 3.776, 4.359, 3.841]","[-6.561, -2.708, -0.567, -6.168, -2.218, -1.246]"
1119,1,20.3689,15.0739,0.175,648,2026,199,71,0.107,100,17.43,47257,2499.25,7,1,26.000(32.500%)(0.643m),41.000(36.177%)(2.250m),56.000(49.412%)(3.857m),39.808(35.125%)(2.122m),18.740(23.425%)(0.000m),20.000(50.000%)(1.071m),13.168(32.920%)(0.339m),374.700,2838.017,72.4,1.3516,"[1.634, 2.477, 2.251, 1.762, 2.916, 2.410]","[3.553, 3.906, 3.601, 3.646, 4.216, 3.761]","[-5.212, 0.681, -1.180, -4.953, 0.697, -0.794]"
1120,1,21.9585,15.0803,0.181,626,1980,128,24,0.106,100,17.50,47320,2480.75,8,1,30.000(37.500%)(1.071m),39.000(34.412%)(2.036m),56.000(49.412%)(3.857m),40.569(35.796%)(2.204m),19.077(23.847%)(0.000m),23.000(57.500%)(1.393m),13.403(33.509%)(0.365m),311.686,2784.190,73.2,1.3900,"[1.263, 2.437, 2.300, 1.366, 2.862, 2.536]","[3.496, 3.951, 3.579, 3.796, 4.333, 3.919]","[-5.433, -0.253, -0.568, -4.928, -0.334, -0.737]"
1121,1,2.5709,14.9050,0.159,242,719,23,13,0.106,65,17.48,47345,970.11,0,0,27.000(33.750%)(0.750m),37.000(32.647%)(1.821m),45.845(40.452%)(2.769m),19.955(17.607%)(0.000m),11.256(14.070%)(0.000m),27.000(67.500%)(1.821m),10.205(25.513%)(0.022m),225.421,3385.511,68.7,1.3797,"[1.263, 2.336, 2.279, 1.302, 2.621, 2.367]","[3.555, 4.057, 3.754, 3.555, 4.334, 3.798]","[-5.376, -6.060, -5.639, -5.224, -5.987, -5.453]"
1122,1,21.6796,14.9057,0.169,678,2091,70,131,0.106,100,17.56,47413,2689.72,1,1,20.717(25.897%)(0.077m),34.000(30.000%)(1.500m),51.000(45.000%)(3.321m),43.000(37.941%)(2.464m),23.823(29.779%)(0.410m),14.579(36.446%)(0.491m),16.840(42.099%)(0.733m),175.346,3106.671,71.4,1.4367,"[1.809, 2.157, 1.852, 1.941, 2.595, 1.940]","[3.547, 4.085, 3.709, 3.881, 4.390, 4.133]","[-4.842, -1.717, -4.095, -5.590, -1.136, -4.016]"
1123,1,24.0245,15.0960,0.173,685,2105,77,110,0.106,100,17.63,47482,2721.35,2,1,21.000(26.250%)(0.107m),38.000(33.530%)(1.929m),53.000(46.765%)(3.536m),47.000(41.471%)(2.893m),22.737(28.421%)(0.293m),19.000(47.500%)(0.964m),16.031(40.078%)(0.646m),307.087,3299.164,71.1,1.4064,"[2.168, 2.514, 2.187, 2.355, 2.967, 2.404]","[3.883, 4.126, 3.924, 3.809, 4.344, 3.909]","[-4.519, -1.576, -2.293, -4.663, -0.945, -3.097]"
1124,1,17.9122,14.9962,0.167,637,2002,131,56,0.106,100,17.70,47546,2491.51,3,1,22.000(27.500%)(0.214m),39.000(34.412%)(2.036m),54.000(47.647%)(3.643m),31.708(27.977%)(1.254m),14.584(18.229%)(0.000m),19.000(47.500%)(0.964m),10.207(25.517%)(0.022m),328.260,2875.327,72.7,1.2954,"[1.317, 2.142, 2.106, 1.508, 2.605, 2.309]","[3.534, 3.968, 3.724, 3.634, 4.279, 4.049]","[-5.759, -6.384, -3.008, -5.283, -6.071, -4.077]"
1125,1,27.2026,15.5208,0.181,633,1992,2,37,0.105,100,17.78,47610,2446.72,4,1,27.000(33.750%)(0.750m),42.000(37.059%)(2.357m),61.000(53.824%)(4.393m),47.000(41.471%)(2.893m),23.223(29.028%)(0.345m),23.000(57.500%)(1.393m),16.383(40.956%)(0.684m),333.156,2820.400,72.8,1.3426,"[2.005, 2.445, 2.155, 2.183, 2.884, 2.340]","[3.587, 4.080, 3.770, 3.619, 4.430, 3.862]","[-3.462, -0.568, -2.152, -3.684, -0.075, -2.497]"
1126,1,21.9873,15.4439,0.163,660,2053,202,34,0.105,100,17.85,47676,2603.47,5,1,29.000(36.250%)(0.964m),43.000(37.941%)(2.464m),63.000(55.588%)(4.607m),45.897(40.497%)(2.775m),21.775(27.218%)(0.190m),22.000(55.000%)(1.286m),15.337(38.342%)(0.572m),441.738,2940.118,72.0,1.3599,"[1.611, 2.334, 1.975, 1.774, 2.780, 2.188]","[3.556, 4.098, 3.858, 3.621, 4.468, 4.036]","[-5.173, -0.249, -3.838, -4.915, 0.399, -3.586]"
1127,1,24.9624,15.5946,0.171,666,2065,86,37,0.105,100,17.92,47743,2629.01,6,1,23.000(28.750%)(0.321m),27.000(23.824%)(0.750m),33.000(29.118%)(1.393m),47.937(42.297%)(2.993m),23.099(28.873%)(0.332m),27.000(67.500%)(1.821m),16.293(40.732%)(0.674m),117.414,2767.161,71.8,1.3435,"[1.497, 2.177, 1.835, 1.507, 2.555, 2.025]","[3.671, 4.093, 3.656, 3.771, 4.438, 3.772]","[-4.962, -1.311, -3.593, -4.971, -3.171, -3.025]"
1128,1,18.8196,15.5407,0.179,706,2150,96,24,0.105,100,18.00,47814,2811.87,7,1,27.000(33.750%)(0.750m),48.000(42.353%)(3.000m),59.000(52.059%)(4.179m),37.534(33.118%)(1.879m),17.589(21.986%)(0.000m),24.000(60.000%)(1.500m),12.342(30.856%)(0.251m),661.487,3625.152,70.5,1.3630,"[1.741, 2.522, 2.314, 1.962, 2.975, 2.550]","[3.651, 4.045, 3.660, 3.942, 4.375, 4.155]","[-5.166, -2.274, -0.518, -4.946, -1.704, -0.251]"
1129,1,19.0907,15.4920,0.194,640,2009,171,71,0.105,100,18.07,47878,2502.21,8,1,29.000(36.250%)(0.964m),44.000(38.824%)(2.571m),66.000(58.235%)(4.929m),40.353(35.606%)(2.181m),19.016(23.770%)(0.000m),27.000(67.500%)(1.821m),13.366(33.415%)(0.361m),399.786,2972.309,72.6,1.3391,"[1.587, 2.582, 2.358, 1.734, 3.052, 2.514]","[3.401, 3.839, 3.887, 3.670, 4.255, 4.098]","[-5.121, -0.490, -0.632, -5.183, 1.004, -0.603]"
1130,1,3.5254,15.5627,0.171,383,1176,118,74,0.104,80,18.05,47917,1526.89,0,0,13.000(16.250%)(0.000m),46.000(40.588%)(2.786m),50.000(44.118%)(3.214m),38.000(33.530%)(1.929m),22.088(27.610%)(0.224m),10.000(25.000%)(0.000m),15.562(38.904%)(0.596m),221.553,3411.456,71.1,1.3499,"[1.740, 2.029, 1.596, 1.861, 2.470, 1.809]","[3.880, 3.980, 3.610, 3.843, 4.314, 3.873]","[-4.134, -3.352, -5.646, -4.111, -3.144, -5.714]"
1131,1,23.4590,15.5288,0.165,622,1968,201,29,0.104,100,18.13,47980,2479.77,1,1,29.000(36.250%)(0.964m),44.000(38.824%)(2.571m),65.000(57.353%)(4.821m),47.679(42.070%)(2.966m),23.017(28.772%)(0.323m),25.000(62.500%)(1.607m),16.234(40.585%)(0.668m),417.289,2885.188,73.2,1.3116,"[1.888, 2.659, 2.463, 1.998, 3.080, 2.642]","[3.737, 4.004, 3.493, 3.722, 4.267, 3.859]","[-4.823, 0.966, 0.114, -4.817, 1.248, 0.113]"
1132,1,23.6150,15.6816,0.166,653,2039,127,52,0.104,100,18.20,48046,2648.70,2,1,27.000(33.750%)(0.750m),43.000(37.941%)(2.464m),55.000(48.530%)(3.750m),32.994(29.112%)(1.392m),15.241(19.051%)(0.000m),20.000(50.000%)(1.071m),10.673(26.684%)(0.072m),311.702,3091.558,72.3,1.4154,"[1.400, 2.156, 2.020, 1.551, 2.551, 2.205]","[3.860, 4.235, 3.879, 3.863, 4.485, 3.904]","[-5.771, -7.019, -3.927, -5.701, -7.410, -3.794]"
1133,1,22.7791,16.0424,0.184,624,1973,174,28,0.104,100,18.27,48109,2504.25,3,1,29.000(36.250%)(0.964m),44.000(38.824%)(2.571m),65.000(57.353%)(4.821m),47.000(41.471%)(2.893m),22.900(28.624%)(0.311m),23.000(57.500%)(1.393m),16.169(40.424%)(0.661m),408.524,2851.129,73.2,1.3139,"[2.081, 2.681, 2.404, 2.220, 3.141, 2.633]","[3.444, 4.059, 3.784, 3.783, 4.416, 4.278]","[-4.128, 0.734, -3.381, -4.483, 0.938, -3.280]"
1134,1,24.2227,16.0965,0.171,628,1983,113,2,0.103,100,18.34,48172,2458.98,4,1,32.000(40.000%)(1.286m),49.000(43.235%)(3.107m),65.000(57.353%)(4.821m),40.415(35.660%)(2.187m),19.047(23.809%)(0.000m),26.000(65.000%)(1.714m),13.388(33.470%)(0.363m),523.331,2934.895,73.1,1.3755,"[1.608, 2.768, 2.554, 1.813, 3.238, 2.783]","[3.956, 4.260, 3.838, 4.050, 4.690, 4.169]","[-5.319, -0.028, -0.183, -4.823, 0.401, -0.028]"
1135,1,24.9595,16.5699,0.176,687,2110,125,32,0.103,100,18.41,48241,2747.85,5,1,27.000(33.750%)(0.750m),40.000(35.294%)(2.143m),60.000(52.941%)(4.286m),36.289(32.020%)(1.745m),16.905(21.132%)(0.000m),24.000(60.000%)(1.500m),11.858(29.644%)(0.199m),328.490,3228.799,71.1,1.3817,"[1.465, 2.711, 2.537, 1.605, 3.139, 2.669]","[3.781, 4.177, 3.914, 4.097, 4.523, 3.987]","[-5.169, -2.452, 0.365, -4.603, -1.949, 0.381]"
1136,1,26.6726,16.6931,0.169,697,2132,3,80,0.103,100,18.49,48311,2748.26,6,1,22.000(27.500%)(0.214m),42.000(37.059%)(2.357m),66.000(58.235%)(4.929m),52.259(46.111%)(3.456m),24.968(31.210%)(0.532m),16.000(40.000%)(0.643m),17.670(44.176%)(0.822m),405.425,3368.629,70.8,1.3640,"[2.343, 2.562, 2.272, 2.568, 3.060, 2.443]","[4.154, 4.231, 3.963, 4.152, 4.568, 4.118]","[-4.456, -2.977, -4.567, -4.620, -2.501, -4.676]"
1137,1,21.3649,16.6331,0.181,663,2059,113,46,0.103,100,18.56,48378,2584.25,7,1,26.000(32.500%)(0.643m),51.000(45.000%)(3.321m),62.000(54.706%)(4.500m),38.360(33.847%)(1.967m),17.959(22.449%)(0.000m),18.000(45.000%)(0.857m),12.602(31.505%)(0.279m),492.414,3089.446,71.9,1.3415,"[1.966, 2.565, 2.279, 2.156, 3.025, 2.495]","[3.769, 4.317, 3.959, 3.754, 4.726, 4.162]","[-5.545, -0.134, -1.977, -4.995, -0.112, -1.307]"
1138,1,1.2505,16.6491,0.175,333,1026,20,23,0.103,75,18.54,48412,1320.96,0,0,29.000(36.250%)(0.964m),25.000(22.059%)(0.536m),21.000(18.529%)(0.107m),40.000(35.294%)(2.143m),23.170(28.963%)(0.340m),24.000(60.000%)(1.500m),16.347(40.867%)(0.680m),0.000,3173.222,71.3,1.4178,"[1.457, 1.946, 1.741, 1.549, 2.247, 1.942]","[3.486, 4.062, 3.636, 3.733, 4.290, 3.714]","[-5.938, -7.131, -9.390, -6.393, -9.463, -7.690]"
1139,1,3.3420,16.7062,0.163,375,1143,84,51,0.102,80,18.53,48450,1500.40,0,0,12.000(15.000%)(0.000m),22.000(19.412%)(0.214m),59.000(52.059%)(4.179m),38.000(33.530%)(1.929m),23.017(28.772%)(0.323m),11.000(27.500%)(0.107m),16.234(40.585%)(0.668m),297.289,3427.869,70.5,1.3646,"[1.607, 2.133, 1.919, 1.721, 2.568, 2.130]","[3.513, 4.128, 3.640, 3.566, 4.440, 4.091]","[-7.562, -7.246, -6.656, -8.488, -6.942, -5.840]"
1140,1,1.4677,16.6666,0.159,186,559,14,14,0.102,55,18.51,48469,725.12,0,0,29.000(36.250%)(0.964m),44.000(38.824%)(2.571m),50.770(44.797%)(3.297m),20.861(18.407%)(0.092m),11.509(14.386%)(0.000m),25.000(62.500%)(1.607m),10.180(25.450%)(0.019m),417.289,3681.240,69.5,1.4075,"[1.494, 2.374, 2.395, 1.590, 2.782, 2.479]","[3.498, 3.947, 3.558, 3.551, 4.260, 3.793]","[-5.045, -5.861, -5.308, -4.948, -5.440, -4.882]"
1141,1,-0.3911,16.1558,0.161,194,574,28,42,0.102,55,18.49,48489,730.47,0,0,19.000(23.750%)(0.000m),35.000(30.882%)(1.607m),47.000(41.471%)(2.893m),20.341(17.948%)(0.037m),11.222(14.027%)(0.000m),18.000(45.000%)(0.857m),9.926(24.816%)(0.000m),142.530,3434.274,68.5,1.3412,"[1.369, 1.603, 1.627, 1.512, 1.939, 1.568]","[3.551, 3.945, 3.694, 3.606, 4.342, 3.841]","[-7.418, -7.599, -4.936, -7.319, -6.678, -5.063]"
1142,1,23.4483,16.2896,0.162,654,2039,6,54,0.102,100,18.56,48555,2580.34,1,1,28.000(35.000%)(0.857m),48.000(42.353%)(3.000m),56.000(49.412%)(3.857m),42.000(37.059%)(2.357m),23.489(29.362%)(0.374m),20.000(50.000%)(1.071m),16.597(41.494%)(0.707m),528.427,2937.035,72.2,1.3463,"[1.778, 2.548, 2.431, 1.996, 3.028, 2.644]","[3.397, 3.970, 3.708, 3.710, 4.347, 3.982]","[-4.693, -0.188, -1.269, -4.657, -0.354, -0.668]"
1143,1,4.0177,16.3465,0.177,634,1868,161,169,0.102,95,18.55,48619,2482.74,0,0,18.000(22.500%)(0.000m),29.000(25.588%)(0.964m),38.000(33.530%)(1.929m),21.001(18.530%)(0.107m),11.586(14.483%)(0.000m),13.000(32.500%)(0.321m),10.248(25.621%)(0.027m),138.163,3685.791,68.2,1.3586,"[1.116, 1.490, 1.348, 1.131, 1.850, 1.368]","[3.581, 4.152, 4.102, 3.836, 4.549, 4.285]","[-5.688, -4.673, -4.926, -5.536, -5.500, -5.170]"
1144,1,22.3764,16.7708,0.188,623,1972,221,38,0.101,100,18.62,48682,2441.82,1,1,29.000(36.250%)(0.964m),44.000(38.824%)(2.571m),53.000(46.765%)(3.536m),40.000(35.294%)(2.143m),18.853(23.566%)(0.000m),25.000(62.500%)(1.607m),13.243(33.107%)(0.347m),183.355,2785.914,73.2,1.3498,"[2.032, 2.747, 2.504, 2.177, 3.185, 2.680]","[3.678, 4.153, 3.736, 3.735, 4.443, 4.118]","[-4.803, -1.098, 0.740, -4.443, -1.323, 0.169]"
1145,1,14.7422,16.5652,0.172,673,2081,43,108,0.101,100,18.69,48750,2611.99,2,1,18.462(23.077%)(0.000m),39.182(34.572%)(2.055m),73.000(64.412%)(5.679m),53.631(47.322%)(3.603m),24.000(30.000%)(0.429m),12.976(32.441%)(0.319m),18.170(45.424%)(0.875m),521.212,3500.117,71.6,1.3365,"[1.925, 2.293, 1.833, 2.097, 2.775, 2.023]","[3.640, 4.245, 3.948, 3.793, 4.565, 4.063]","[-4.233, -0.638, -5.103, -5.658, 0.290, -4.694]"
1146,1,21.3250,16.5097,0.176,640,2007,91,71,0.101,100,18.76,48814,2494.22,3,1,27.000(33.750%)(0.750m),45.000(39.706%)(2.679m),57.000(50.294%)(3.964m),41.706(36.799%)(2.326m),19.653(24.566%)(0.000m),20.000(50.000%)(1.071m),13.816(34.540%)(0.409m),280.168,3003.702,72.6,1.3421,"[1.914, 2.544, 2.418, 2.055, 3.049, 2.643]","[3.504, 4.146, 3.851, 3.561, 4.457, 4.019]","[-4.773, 0.380, -0.244, -4.751, 0.433, 0.424]"
1147,1,21.8965,16.5455,0.178,625,1976,155,14,0.101,100,18.83,48877,2409.80,4,1,29.000(36.250%)(0.964m),44.000(38.824%)(2.571m),65.000(57.353%)(4.821m),48.235(42.560%)(3.025m),21.914(27.393%)(0.205m),23.000(57.500%)(1.393m),16.025(40.062%)(0.646m),417.289,2891.278,73.2,1.3131,"[2.056, 2.718, 2.472, 2.261, 3.154, 2.677]","[3.541, 3.945, 3.779, 3.695, 4.320, 3.906]","[-4.266, 1.060, -3.397, -4.246, 1.268, -3.102]"
1148,1,18.2763,16.5390,0.171,633,1994,230,23,0.101,100,18.90,48941,2510.45,5,1,31.000(38.750%)(1.179m),44.000(38.824%)(2.571m),64.000(56.471%)(4.714m),32.111(28.334%)(1.298m),14.790(18.487%)(0.000m),23.000(57.500%)(1.393m),10.353(25.883%)(0.038m),304.319,2843.985,72.9,1.3710,"[1.055, 2.139, 2.248, 1.290, 2.591, 2.432]","[3.752, 4.029, 3.654, 3.886, 4.423, 3.847]","[-5.240, -5.594, -0.618, -4.961, -4.996, -0.318]"
1149,1,21.9879,16.8614,0.161,625,1976,187,30,0.100,100,18.97,49004,2403.28,6,1,29.000(36.250%)(0.964m),44.000(38.824%)(2.571m),60.000(52.941%)(4.286m),39.179(34.570%)(2.055m),18.374(22.967%)(0.000m),25.000(62.500%)(1.607m),12.899(32.248%)(0.311m),417.289,2817.094,73.2,1.3306,"[1.573, 2.527, 2.355, 1.692, 2.998, 2.558]","[3.885, 4.304, 3.887, 3.969, 4.646, 4.211]","[-5.146, 0.668, -0.421, -4.851, 0.714, -0.586]"
1150,1,21.1419,16.8269,0.172,645,2019,100,26,0.100,100,19.04,49069,2522.47,7,1,27.000(33.750%)(0.750m),40.000(35.294%)(2.143m),53.000(46.765%)(3.536m),38.485(33.958%)(1.981m),18.023(22.528%)(0.000m),24.000(60.000%)(1.500m),12.647(31.619%)(0.284m),323.300,2818.894,72.4,1.3297,"[1.560, 2.537, 2.269, 1.783, 2.972, 2.484]","[3.966, 4.186, 3.707, 4.024, 4.482, 3.844]","[-5.446, -0.663, -1.015, -5.281, -0.182, -1.905]"
1151,1,21.6016,16.7248,0.168,640,2009,117,69,0.100,100,19.11,49133,2492.18,8,1,26.000(32.500%)(0.643m),38.000(33.530%)(1.929m),53.000(46.765%)(3.536m),35.649(31.455%)(1.677m),16.578(20.723%)(0.000m),19.000(47.500%)(0.964m),11.618(29.046%)(0.173m),346.526,2859.890,72.6,1.3190,"[1.469, 2.538, 2.386, 1.615, 2.952, 2.572]","[3.762, 4.281, 3.950, 3.782, 4.570, 4.013]","[-5.243, -2.452, -1.277, -4.878, -1.960, -1.804]"
1152,1,20.2719,17.0220,0.164,623,1970,175,75,0.100,100,19.18,49196,2448.39,9,1,29.000(36.250%)(0.964m),44.000(38.824%)(2.571m),65.000(57.353%)(4.821m),47.641(42.036%)(2.961m),22.651(28.314%)(0.284m),25.000(62.500%)(1.607m),15.989(39.973%)(0.642m),417.289,3015.965,73.2,1.3319,"[2.007, 2.552, 2.319, 2.169, 3.033, 2.503]","[3.508, 4.115, 3.882, 3.507, 4.478, 4.095]","[-4.019, -0.975, -2.006, -4.159, 0.590, -1.982]"
1153,1,2.6630,16.5922,0.165,395,1187,31,86,0.100,80,19.17,49236,1519.99,0,0,14.000(17.500%)(0.000m),29.000(25.588%)(0.964m),40.000(35.294%)(2.143m),30.000(26.471%)(1.071m),23.765(29.706%)(0.403m),10.000(25.000%)(0.000m),16.775(41.937%)(0.726m),148.835,3368.526,69.5,1.3574,"[1.533, 1.638, 1.536, 1.499, 2.005, 1.610]","[3.764, 4.062, 3.612, 3.718, 4.359, 4.065]","[-4.428, -6.001, -5.727, -4.597, -5.998, -5.389]"
1154,1,25.6616,17.1133,0.171,641,2009,71,35,0.099,100,19.24,49301,2524.27,1,1,26.000(32.500%)(0.643m),47.000(41.471%)(2.893m),64.000(56.471%)(4.714m),43.938(38.769%)(2.565m),20.783(25.979%)(0.084m),22.000(55.000%)(1.286m),14.626(36.564%)(0.496m),473.347,3193.680,72.5,1.3380,"[2.044, 2.649, 2.315, 2.233, 3.123, 2.497]","[3.661, 4.097, 3.834, 3.673, 4.378, 3.877]","[-4.543, 0.337, -4.483, -4.440, 0.832, -4.275]"
1155,1,21.9918,17.2412,0.186,664,2060,18,34,0.099,100,19.31,49368,2646.50,2,1,25.000(31.250%)(0.536m),38.000(33.530%)(1.929m),49.000(43.235%)(3.107m),41.000(36.177%)(2.250m),24.863(31.078%)(0.521m),22.000(55.000%)(1.286m),17.569(43.923%)(0.811m),354.052,2824.589,71.8,1.3614,"[1.995, 2.458, 2.233, 2.195, 2.933, 2.402]","[3.433, 3.951, 3.686, 3.563, 4.274, 3.781]","[-4.460, 0.411, -1.500, -4.759, 0.574, -1.094]"
1156,1,3.8286,17.1554,0.175,369,1127,89,45,0.099,80,19.29,49405,1423.24,0,0,12.000(15.000%)(0.000m),21.000(18.529%)(0.107m),59.000(52.059%)(4.179m),44.000(38.824%)(2.571m),23.082(28.852%)(0.330m),11.000(27.500%)(0.107m),16.280(40.701%)(0.673m),283.381,3286.976,70.7,1.3922,"[1.612, 2.068, 1.755, 1.691, 2.484, 1.983]","[3.542, 3.947, 3.626, 3.503, 4.247, 3.797]","[-9.603, -5.756, -5.276, -10.041, -5.622, -4.783]"
1157,1,0.4505,17.0669,0.165,169,501,12,10,0.099,55,19.27,49422,669.19,0,0,29.000(36.250%)(0.964m),44.000(38.824%)(2.571m),65.000(57.353%)(4.821m),25.221(22.254%)(0.559m),12.384(15.479%)(0.000m),40.000(100.000%)(3.214m),9.786(24.465%)(0.000m),417.289,3770.709,68.6,1.3747,"[1.231, 1.643, 1.617, 1.335, 1.882, 1.639]","[3.491, 4.021, 3.636, 3.530, 4.368, 3.801]","[-5.914, -6.105, -5.526, -5.852, -6.503, -5.690]"
1158,1,9.2625,17.2216,0.184,527,1658,72,14,0.099,95,19.26,49475,2064.17,0,0,29.000(36.250%)(0.964m),44.000(38.824%)(2.571m),49.092(43.317%)(3.117m),20.171(17.798%)(0.018m),11.128(13.910%)(0.000m),23.000(57.500%)(1.393m),9.844(24.609%)(0.000m),417.289,2928.828,72.8,1.3100,"[1.755, 2.304, 1.993, 1.976, 2.753, 2.204]","[3.666, 4.079, 3.660, 4.276, 4.326, 4.228]","[-5.342, -5.822, -5.501, -5.194, -5.614, -4.781]"
1159,1,24.8251,17.3360,0.171,636,2000,28,67,0.098,100,19.33,49539,2454.29,1,1,27.000(33.750%)(0.750m),46.000(40.588%)(2.786m),55.000(48.530%)(3.750m),42.000(37.059%)(2.357m),20.379(25.474%)(0.041m),19.000(47.500%)(0.964m),14.337(35.841%)(0.465m),259.046,3002.714,72.8,1.3385,"[1.975, 2.642, 2.414, 2.142, 3.126, 2.592]","[3.479, 4.076, 3.880, 3.567, 4.417, 4.020]","[-4.501, -0.471, -0.547, -4.731, -0.701, -0.047]"
1160,1,23.5244,17.3570,0.158,623,1972,211,26,0.098,100,19.40,49602,2424.38,2,1,29.000(36.250%)(0.964m),44.000(38.824%)(2.571m),65.000(57.353%)(4.821m),47.646(42.040%)(2.962m),23.031(28.788%)(0.325m),26.000(65.000%)(1.714m),16.257(40.642%)(0.670m),417.289,2905.377,73.2,1.3152,"[1.877, 2.687, 2.447, 2.086, 3.170, 2.656]","[3.490, 3.950, 3.606, 3.639, 4.339, 3.858]","[-4.956, 1.140, 0.311, -5.003, 1.442, 0.385]"
1161,1,21.0577,17.2391,0.166,643,2018,139,63,0.098,100,19.47,49667,2516.43,3,1,20.000(25.000%)(0.000m),41.000(36.177%)(2.250m),65.000(57.353%)(4.821m),35.666(31.470%)(1.679m),16.602(20.753%)(0.000m),16.000(40.000%)(0.643m),11.635(29.088%)(0.175m),417.289,3090.144,72.6,1.3634,"[1.410, 1.926, 2.000, 1.584, 2.413, 2.155]","[3.716, 4.125, 4.216, 3.757, 4.438, 4.473]","[-5.612, -6.051, -4.100, -5.252, -5.779, -4.919]"
1162,1,0.9101,17.1832,0.157,148,431,0,15,0.098,50,19.45,49682,614.73,0,0,23.000(28.750%)(0.321m),30.000(26.471%)(1.071m),60.000(52.941%)(4.286m),82.794(73.054%)(6.728m),44.128(55.160%)(2.585m),40.000(100.000%)(3.214m),35.317(88.293%)(2.713m),87.370,3213.397,67.5,1.3009,"[2.523, 2.564, 2.212, 2.603, 2.776, 2.112]","[3.636, 4.052, 3.667, 3.721, 4.380, 3.802]","[-0.358, -0.022, -1.311, -0.900, -0.515, -2.648]"
1163,1,26.3338,17.3711,0.173,633,1992,0,89,0.098,100,19.52,49746,2478.83,1,1,20.000(25.000%)(0.000m),36.000(31.765%)(1.714m),63.000(55.588%)(4.607m),45.000(39.706%)(2.679m),24.368(30.460%)(0.468m),19.000(47.500%)(0.964m),17.211(43.028%)(0.773m),203.655,3007.911,72.8,1.3606,"[2.312, 2.615, 2.347, 2.524, 3.122, 2.523]","[3.730, 3.977, 3.740, 4.093, 4.393, 3.955]","[-4.703, 0.886, -1.646, -4.593, 1.026, -1.057]"
1164,1,25.4259,17.4667,0.169,626,1978,7,33,0.097,100,19.59,49809,2499.54,2,1,29.000(36.250%)(0.964m),44.000(38.824%)(2.571m),65.000(57.353%)(4.821m),48.371(42.680%)(3.040m),23.017(28.772%)(0.323m),21.000(52.500%)(1.179m),16.234(40.585%)(0.668m),417.289,3372.430,73.1,1.3308,"[2.195, 2.667, 2.343, 2.399, 3.137, 2.563]","[3.758, 4.116, 3.756, 3.808, 4.395, 3.916]","[-3.862, 1.001, 0.348, -4.055, 1.192, 0.215]"
1165,1,0.5431,17.1050,0.165,382,1141,122,18,0.097,80,19.57,49848,1513.48,0,0,12.000(15.000%)(0.000m),22.000(19.412%)(0.214m),64.000(56.471%)(4.714m),31.330(27.644%)(1.214m),14.456(18.071%)(0.000m),30.000(75.000%)(2.143m),10.123(25.306%)(0.013m),500.692,3741.399,69.1,1.3345,"[0.668, 1.647, 1.809, 0.724, 2.026, 1.919]","[3.683, 4.080, 3.719, 3.716, 4.375, 3.740]","[-5.415, -5.750, -5.612, -5.900, -5.303, -5.321]"
1166,1,4.9682,16.7706,0.165,540,1652,81,59,0.097,90,19.55,49902,2187.54,0,0,22.000(27.500%)(0.214m),20.000(17.647%)(0.000m),20.000(17.647%)(0.000m),24.000(21.177%)(0.429m),21.854(27.318%)(0.199m),24.000(60.000%)(1.500m),15.394(38.484%)(0.578m),0.000,2576.049,70.8,1.4300,"[1.517, 1.595, 1.299, 1.607, 1.901, 1.418]","[3.735, 4.091, 3.509, 3.795, 4.412, 3.802]","[-4.354, -6.675, -5.766, -4.383, -6.209, -5.711]"
1167,1,24.0260,16.7633,0.173,647,2023,41,59,0.097,100,19.62,49967,2542.58,1,1,20.000(25.000%)(0.000m),37.000(32.647%)(1.821m),52.000(45.882%)(3.429m),41.000(36.177%)(2.250m),20.061(25.077%)(0.007m),20.000(50.000%)(1.071m),14.108(35.271%)(0.440m),189.052,2752.946,72.4,1.3480,"[1.781, 2.521, 2.236, 2.008, 2.956, 2.462]","[3.447, 3.924, 3.558, 3.479, 4.216, 4.042]","[-4.580, -0.408, -0.805, -4.534, -0.672, -1.327]"
1168,1,21.8017,16.9041,0.164,624,1973,124,14,0.097,100,19.69,50000,2509.88,2,1,29.000(36.250%)(0.964m),44.000(38.824%)(2.571m),65.000(57.353%)(4.821m),40.091(35.374%)(2.153m),18.883(23.604%)(0.000m),23.000(57.500%)(1.393m),13.270(33.176%)(0.350m),417.289,2885.698,73.2,1.3490,"[2.094, 2.690, 2.340, 2.349, 3.207, 2.588]","[3.415, 3.822, 3.602, 3.802, 4.190, 3.957]","[-5.185, 0.749, -4.137, -4.641, 1.300, -3.957]"
1169,1,20.2943,16.9026,0.170,660,2053,175,41,0.096,100,19.76,50000,2612.33,3,1,25.000(31.250%)(0.536m),40.000(35.294%)(2.143m),52.000(45.882%)(3.429m),36.601(32.295%)(1.779m),17.091(21.364%)(0.000m),22.000(55.000%)(1.286m),11.983(29.956%)(0.212m),402.623,3065.846,72.0,1.3651,"[1.899, 2.529, 2.384, 2.109, 2.982, 2.615]","[3.914, 4.049, 3.601, 4.135, 4.450, 3.985]","[-5.429, -4.456, 0.045, -5.158, -3.734, -0.239]"
1170,1,23.1246,16.9259,0.183,654,2037,87,75,0.096,100,19.83,50000,2599.43,4,1,25.000(31.250%)(0.536m),45.000(39.706%)(2.679m),64.000(56.471%)(4.714m),40.000(35.294%)(2.143m),23.040(28.800%)(0.326m),21.000(52.500%)(1.179m),16.272(40.679%)(0.672m),300.181,2914.991,72.1,1.2922,"[2.380, 2.789, 2.465, 2.616, 3.244, 2.680]","[3.778, 4.096, 3.670, 3.838, 4.445, 4.080]","[-4.061, 1.055, -0.578, -3.832, 1.158, -0.015]"
1171,1,18.6836,17.2482,0.173,632,1991,93,73,0.096,100,19.90,50000,2477.81,5,1,25.000(31.250%)(0.536m),45.000(39.706%)(2.679m),50.000(44.118%)(3.214m),37.000(32.647%)(1.821m),19.047(23.809%)(0.000m),21.000(52.500%)(1.179m),13.388(33.470%)(0.363m),275.765,2791.225,72.9,1.3344,"[1.819, 2.635, 2.437, 2.085, 3.121, 2.675]","[3.681, 4.128, 3.718, 3.825, 4.531, 4.075]","[-5.201, -0.814, -0.871, -4.814, -0.905, -0.553]"
1172,1,0.3607,16.8218,0.183,166,494,12,10,0.096,55,19.88,50000,661.05,0,0,29.000(36.250%)(0.964m),44.000(38.824%)(2.571m),51.824(45.727%)(3.410m),21.294(18.789%)(0.139m),11.748(14.684%)(0.000m),40.000(100.000%)(3.214m),10.391(25.978%)(0.042m),387.679,3684.197,68.8,1.3126,"[1.379, 2.074, 1.914, 1.484, 2.341, 2.023]","[3.687, 4.250, 3.833, 3.858, 4.670, 4.034]","[-5.901, -4.738, -4.751, -5.738, -5.440, -4.820]"
1173,1,24.1787,16.8249,0.181,630,1987,0,17,0.096,100,19.95,50000,2476.57,1,1,30.000(37.500%)(1.071m),47.000(41.471%)(2.893m),64.000(56.471%)(4.714m),49.000(43.235%)(3.107m),23.604(29.505%)(0.386m),23.000(57.500%)(1.393m),16.658(41.645%)(0.713m),462.606,2886.815,73.0,1.3624,"[2.258, 2.609, 2.210, 2.493, 3.081, 2.441]","[3.675, 4.245, 4.028, 3.703, 4.483, 3.927]","[-3.595, 0.778, -0.776, -4.120, 0.826, -0.417]"
1174,1,23.9133,16.9449,0.177,631,1988,113,26,0.096,100,20.02,50000,2553.22,2,1,26.000(32.500%)(0.643m),38.000(33.530%)(1.929m),63.000(55.588%)(4.607m),40.168(35.443%)(2.161m),18.874(23.593%)(0.000m),23.000(57.500%)(1.393m),13.258(33.145%)(0.349m),276.491,2803.185,72.9,1.4028,"[1.702, 2.695, 2.511, 1.889, 3.167, 2.702]","[3.715, 3.967, 3.778, 3.964, 4.425, 4.219]","[-4.920, 0.915, 0.038, -4.661, 0.986, 0.276]"
1175,1,4.8899,16.4986,0.187,359,1076,85,17,0.095,80,20.00,50000,1400.44,0,0,32.000(40.000%)(1.286m),46.000(40.588%)(2.786m),31.000(27.353%)(1.179m),24.000(21.177%)(0.429m),16.541(20.677%)(0.000m),26.000(65.000%)(1.714m),11.597(28.991%)(0.171m),0.000,2948.856,69.3,1.4132,"[1.028, 1.937, 1.927, 1.002, 2.225, 1.945]","[3.677, 4.070, 3.648, 3.709, 4.409, 3.858]","[-6.408, -5.439, -9.001, -6.219, -5.724, -6.626]"
1176,1,0.3041,16.0650,0.184,147,430,27,11,0.095,50,19.98,50000,610.55,0,0,49.081(61.351%)(3.116m),88.964(78.498%)(7.389m),33.000(29.118%)(1.393m),21.000(18.529%)(0.107m),22.000(27.500%)(0.214m),40.000(100.000%)(3.214m),40.000(100.000%)(3.214m),0.000,3098.520,67.6,1.3404,"[1.351, 1.648, 1.113, 1.361, 1.798, 1.133]","[3.311, 3.962, 3.684, 3.384, 4.315, 3.877]","[-5.728, -4.539, -12.718, -4.897, -4.199, -7.057]"
1177,1,7.2061,15.7099,0.171,493,1546,110,12,0.095,90,19.97,50000,1917.09,0,0,32.000(40.000%)(1.286m),45.000(39.706%)(2.679m),43.424(38.315%)(2.510m),19.402(17.120%)(0.000m),11.062(13.828%)(0.000m),23.000(57.500%)(1.393m),10.154(25.384%)(0.016m),293.885,2865.620,72.6,1.3421,"[1.269, 2.277, 2.096, 1.465, 2.636, 2.285]","[3.807, 4.110, 3.913, 3.962, 4.366, 4.276]","[-6.236, -6.270, -5.518, -5.741, -6.584, -5.790]"
1178,1,21.4555,15.7626,0.179,627,1981,163,33,0.095,100,20.03,50000,2447.74,1,1,29.000(36.250%)(0.964m),44.000(38.824%)(2.571m),60.000(52.941%)(4.286m),39.758(35.081%)(2.117m),18.753(23.441%)(0.000m),22.000(55.000%)(1.286m),13.171(32.927%)(0.340m),382.797,2831.958,73.1,1.3451,"[1.619, 2.454, 2.235, 1.808, 2.920, 2.437]","[3.534, 4.072, 3.705, 3.646, 4.389, 3.878]","[-5.159, -3.258, -0.670, -4.788, -3.342, -0.165]"
1179,1,21.0060,15.8009,0.186,664,2060,87,79,0.095,100,20.10,50000,2632.09,2,1,26.000(32.500%)(0.643m),36.000(31.765%)(1.714m),64.000(56.471%)(4.714m),34.000(30.000%)(1.500m),22.988(28.735%)(0.320m),23.000(57.500%)(1.393m),16.213(40.532%)(0.666m),168.483,3022.445,71.8,1.4247,"[1.930, 2.444, 2.111, 2.158, 2.855, 2.370]","[3.674, 3.992, 3.727, 3.815, 4.395, 3.990]","[-4.006, -1.543, -2.600, -4.266, -1.761, -3.126]"
1180,1,19.4005,16.1184,0.185,624,1975,97,102,0.094,100,20.17,50000,2517.00,3,1,28.000(35.000%)(0.857m),44.000(38.824%)(2.571m),65.000(57.353%)(4.821m),48.167(42.501%)(3.018m),22.916(28.644%)(0.312m),22.000(55.000%)(1.286m),16.181(40.453%)(0.662m),417.289,2985.703,73.2,1.3732,"[1.971, 2.373, 2.056, 2.174, 2.897, 2.276]","[3.559, 4.101, 3.767, 3.613, 4.468, 4.260]","[-4.634, -1.317, -4.933, -4.521, -0.810, -4.934]"
1181,1,28.2810,16.2148,0.165,633,1992,0,57,0.094,100,20.24,50000,2573.32,4,1,20.000(25.000%)(0.000m),37.000(32.647%)(1.821m),61.000(53.824%)(4.393m),44.000(38.824%)(2.571m),23.627(29.534%)(0.389m),18.000(45.000%)(0.857m),16.675(41.689%)(0.715m),223.692,2805.707,72.8,1.3670,"[2.044, 2.712, 2.361, 2.286, 3.193, 2.614]","[3.507, 3.964, 3.616, 3.699, 4.363, 3.858]","[-4.119, 0.801, -0.363, -4.181, 0.816, -0.270]"
1182,1,20.2969,16.1485,0.171,640,2009,209,37,0.094,100,20.30,50000,2537.99,5,1,29.000(36.250%)(0.964m),44.000(38.824%)(2.571m),65.000(57.353%)(4.821m),41.407(36.536%)(2.294m),19.663(24.578%)(0.000m),21.000(52.500%)(1.179m),13.837(34.593%)(0.411m),417.289,2970.834,72.6,1.3951,"[1.741, 2.421, 2.126, 1.903, 2.845, 2.343]","[3.408, 4.040, 3.770, 3.760, 4.365, 4.087]","[-4.944, -2.082, -3.722, -4.837, -2.152, -3.712]"
1183,1,20.7840,16.1086,0.170,631,1989,99,11,0.094,100,20.37,50000,2498.36,6,1,29.000(36.250%)(0.964m),38.000(33.530%)(1.929m),65.000(57.353%)(4.821m),47.755(42.137%)(2.974m),23.091(28.864%)(0.331m),23.000(57.500%)(1.393m),16.287(40.718%)(0.674m),288.867,2840.475,73.0,1.3455,"[1.873, 2.359, 2.001, 2.109, 2.849, 2.220]","[3.682, 4.073, 3.549, 3.787, 4.416, 3.983]","[-5.166, -0.809, -4.123, -4.899, -0.617, -3.844]"
1184,1,21.3609,16.0513,0.166,670,2073,186,42,0.094,100,20.44,50000,2582.11,7,1,27.000(33.750%)(0.750m),39.000(34.412%)(2.036m),54.000(47.647%)(3.643m),46.746(41.247%)(2.866m),22.203(27.754%)(0.236m),23.000(57.500%)(1.393m),15.645(39.112%)(0.605m),357.567,2968.388,71.6,1.3245,"[1.867, 2.519, 2.237, 2.076, 2.959, 2.468]","[3.434, 4.012, 3.585, 3.484, 4.390, 3.942]","[-4.567, 0.024, -1.851, -4.631, 0.445, -2.187]"
1185,1,24.8259,16.0486,0.175,693,2124,89,8,0.093,100,20.51,50000,2717.07,8,1,31.000(38.750%)(1.179m),42.000(37.059%)(2.357m),61.000(53.824%)(4.393m),32.955(29.078%)(1.388m),15.221(19.027%)(0.000m),27.000(67.500%)(1.821m),10.659(26.649%)(0.071m),360.171,3411.720,70.9,1.3594,"[1.525, 2.521, 2.454, 1.732, 2.957, 2.688]","[3.669, 4.200, 3.844, 4.252, 4.586, 4.146]","[-5.274, -5.718, -1.708, -4.711, -5.268, -1.256]"
1186,1,24.7602,16.0104,0.171,634,1994,77,86,0.093,100,20.57,50000,2562.09,9,1,21.000(26.250%)(0.107m),37.000(32.647%)(1.821m),63.000(55.588%)(4.607m),48.308(42.625%)(3.033m),22.986(28.732%)(0.320m),18.000(45.000%)(0.857m),16.211(40.528%)(0.665m),276.082,2966.821,72.8,1.3460,"[2.294, 2.634, 2.278, 2.532, 3.119, 2.462]","[3.633, 4.101, 3.705, 3.749, 4.363, 4.003]","[-3.964, -1.270, -1.782, -3.810, -0.961, -3.260]"
1187,1,1.3184,15.6095,0.170,185,555,14,14,0.093,55,20.56,50000,767.35,0,0,29.000(36.250%)(0.964m),44.000(38.824%)(2.571m),41.407(36.535%)(2.294m),19.409(17.126%)(0.000m),11.296(14.120%)(0.000m),25.000(62.500%)(1.607m),10.626(26.565%)(0.067m),417.289,3683.464,69.5,1.4133,"[1.494, 2.417, 2.428, 1.617, 2.828, 2.572]","[3.640, 4.177, 3.797, 3.693, 4.528, 3.985]","[-5.375, -5.759, -6.660, -5.018, -5.416, -6.071]"
1188,1,24.7381,16.0792,0.168,632,1992,73,35,0.093,100,20.62,50000,2588.27,1,1,26.000(32.500%)(0.643m),40.000(35.294%)(2.143m),51.000(45.000%)(3.321m),43.443(38.332%)(2.512m),20.580(25.725%)(0.062m),22.000(55.000%)(1.286m),14.487(36.217%)(0.481m),297.493,2823.246,72.9,1.3887,"[2.215, 2.846, 2.399, 2.419, 3.299, 2.679]","[3.607, 4.063, 3.826, 3.801, 4.511, 4.172]","[-4.513, 0.409, -4.419, -4.409, -0.403, -4.361]"
1189,1,6.4547,16.1415,0.180,539,1649,32,40,0.093,90,20.61,50000,2079.80,0,0,22.000(27.500%)(0.214m),25.000(22.059%)(0.536m),34.000(30.000%)(1.500m),44.000(38.824%)(2.571m),27.496(34.369%)(0.803m),23.000(57.500%)(1.393m),19.487(48.718%)(1.016m),0.111,2731.910,70.8,1.3857,"[1.956, 2.281, 1.815, 2.083, 2.632, 2.017]","[3.830, 4.180, 3.776, 3.848, 4.466, 4.157]","[-4.401, -3.449, -6.028, -4.897, -4.831, -5.342]"
1190,1,21.0276,16.5327,0.171,677,2088,49,38,0.093,100,20.67,50000,2677.52,1,1,27.000(33.750%)(0.750m),37.000(32.647%)(1.821m),55.000(48.530%)(3.750m),47.000(41.471%)(2.893m),22.827(28.534%)(0.303m),25.000(62.500%)(1.607m),16.096(40.240%)(0.653m),359.644,2955.767,71.4,1.3574,"[2.138, 2.692, 2.358, 2.331, 3.109, 2.536]","[3.671, 4.168, 3.713, 3.723, 4.501, 4.090]","[-4.627, -0.626, -1.146, -4.747, -0.178, -2.035]"
1191,1,24.7020,17.0345,0.168,625,1975,55,25,0.092,100,20.74,50000,2472.28,2,1,29.000(36.250%)(0.964m),44.000(38.824%)(2.571m),65.000(57.353%)(4.821m),48.693(42.964%)(3.074m),23.179(28.974%)(0.341m),25.000(62.500%)(1.607m),16.351(40.877%)(0.680m),417.289,2936.891,73.1,1.3335,"[2.068, 2.700, 2.445, 2.279, 3.167, 2.650]","[3.542, 4.106, 3.672, 3.686, 4.309, 3.832]","[-4.149, 0.929, 0.304, -4.502, 1.340, 0.383]"
1192,1,16.9005,16.9036,0.174,631,1991,10,93,0.092,100,20.81,50000,2555.01,3,1,29.000(36.250%)(0.964m),44.000(38.824%)(2.571m),65.000(57.353%)(4.821m),48.371(42.680%)(3.040m),23.000(28.750%)(0.321m),21.000(52.500%)(1.179m),16.000(40.000%)(0.643m),417.289,3519.245,73.0,1.3501,"[1.858, 2.582, 2.421, 2.023, 3.067, 2.656]","[3.799, 4.034, 3.803, 4.216, 4.404, 3.981]","[-5.574, -0.561, -0.205, -7.453, -1.097, -0.140]"
1193,1,23.7525,17.2983,0.176,669,2069,107,35,0.092,100,20.87,50000,2694.60,4,1,27.000(33.750%)(0.750m),39.000(34.412%)(2.036m),65.000(57.353%)(4.821m),40.000(35.294%)(2.143m),21.559(26.948%)(0.167m),24.000(60.000%)(1.500m),15.208(38.019%)(0.558m),338.935,3176.207,71.6,1.3804,"[1.960, 2.704, 2.449, 2.167, 3.129, 2.652]","[3.840, 4.515, 4.158, 3.887, 4.738, 4.127]","[-4.632, -0.265, -0.581, -4.718, -0.007, -0.831]"
1194,1,22.9149,17.3090,0.165,630,1986,118,68,0.092,100,20.94,50000,2453.24,5,1,23.000(28.750%)(0.321m),44.000(38.824%)(2.571m),57.000(50.294%)(3.964m),40.984(36.162%)(2.248m),19.287(24.109%)(0.000m),20.000(50.000%)(1.071m),13.554(33.884%)(0.381m),286.339,2785.558,72.9,1.3310,"[2.014, 2.732, 2.479, 2.231, 3.182, 2.705]","[3.408, 3.948, 3.677, 3.838, 4.305, 4.125]","[-5.357, -0.720, -0.542, -4.747, -0.958, -0.819]"
1195,1,5.0726,17.1157,0.177,350,1073,5,25,0.092,80,20.92,50000,1381.27,0,0,11.000(13.750%)(0.000m),18.000(15.882%)(0.000m),34.000(30.000%)(1.500m),45.000(39.706%)(2.679m),23.308(29.135%)(0.354m),24.000(60.000%)(1.500m),16.443(41.108%)(0.690m),404.507,3178.051,71.0,1.3351,"[1.830, 2.416, 2.186, 1.976, 2.823, 2.339]","[3.763, 4.267, 3.985, 3.852, 4.640, 4.339]","[-6.953, -6.073, -6.733, -6.570, -5.211, -7.016]"
1196,1,27.2475,17.2341,0.167,627,1979,0,70,0.091,100,20.99,50000,2496.87,1,1,21.000(26.250%)(0.107m),36.000(31.765%)(1.714m),60.000(52.941%)(4.286m),41.000(36.177%)(2.250m),23.645(29.557%)(0.391m),22.000(55.000%)(1.286m),16.688(41.721%)(0.717m),208.197,2683.759,73.1,1.3429,"[2.223, 2.835, 2.461, 2.380, 3.278, 2.698]","[3.720, 4.323, 3.988, 4.073, 4.615, 4.088]","[-4.743, 1.262, -1.431, -4.870, 1.353, -2.011]"
1197,1,21.8086,17.2324,0.171,709,2158,116,39,0.091,100,21.05,50000,2828.15,2,1,24.000(30.000%)(0.429m),36.000(31.765%)(1.714m),51.000(45.000%)(3.321m),37.281(32.895%)(1.852m),17.412(21.765%)(0.000m),25.000(62.500%)(1.607m),12.219(30.547%)(0.238m),208.229,3134.593,70.4,1.3838,"[1.592, 2.639, 2.391, 1.711, 3.009, 2.561]","[3.953, 4.120, 3.896, 3.983, 4.454, 4.349]","[-4.845, -1.292, -0.712, -4.576, -0.880, -0.252]"
1198,1,25.2093,17.3710,0.184,625,1975,91,51,0.091,100,21.12,50000,2516.43,3,1,25.000(31.250%)(0.536m),44.000(38.824%)(2.571m),58.000(51.177%)(4.071m),45.000(39.706%)(2.679m),22.794(28.493%)(0.299m),23.000(57.500%)(1.393m),16.093(40.233%)(0.653m),384.251,2833.952,73.1,1.4002,"[2.138, 2.701, 2.463, 2.341, 3.177, 2.629]","[3.726, 4.285, 3.938, 3.825, 4.584, 4.155]","[-4.222, 0.639, -0.506, -4.259, 0.751, -0.225]"
1199,1,20.3292,17.3378,0.177,632,1991,207,25,0.091,100,21.18,50000,2470.53,4,1,29.000(36.250%)(0.964m),44.000(38.824%)(2.571m),49.000(43.235%)(3.107m),37.000(32.647%)(1.821m),18.130(22.663%)(0.000m),24.000(60.000%)(1.500m),12.741(31.852%)(0.294m),254.596,2778.059,72.9,1.3240,"[1.427, 2.654, 2.486, 1.475, 3.067, 2.666]","[3.670, 4.167, 3.851, 3.750, 4.480, 4.185]","[-5.053, -0.658, -1.793, -4.744, -0.683, -1.225]"
1200,1,17.3452,17.2619,0.156,632,1993,235,84,0.091,100,21.25,50000,2547.58,5,1,20.000(25.000%)(0.000m),43.000(37.941%)(2.464m),65.000(57.353%)(4.821m),40.000(35.294%)(2.143m),19.142(23.928%)(0.000m),15.000(37.500%)(0.536m),13.456(33.640%)(0.370m),309.910,2940.987,73.0,1.4004,"[1.689, 2.405, 2.172, 1.935, 2.907, 2.415]","[3.646, 4.093, 3.804, 3.764, 4.378, 4.039]","[-5.104, -3.370, -5.277, -4.529, -2.369, -4.213]"
1201,1,18.4017,17.1979,0.166,627,1981,113,84,0.091,100,21.32,50000,2471.63,6,1,28.000(35.000%)(0.857m),44.000(38.824%)(2.571m),52.000(45.882%)(3.429m),38.000(33.530%)(1.929m),18.853(23.566%)(0.000m),20.000(50.000%)(1.071m),13.243(33.107%)(0.347m),242.585,2872.765,73.1,1.3768,"[1.687, 2.356, 2.027, 1.901, 2.835, 2.275]","[3.619, 4.058, 3.594, 3.684, 4.419, 3.795]","[-5.221, -0.780, -5.138, -4.623, -0.779, -4.488]"
1202,1,8.3463,16.9594,0.165,537,1658,63,62,0.090,95,21.30,50000,2146.89,0,0,21.000(26.250%)(0.107m),37.000(32.647%)(1.821m),26.720(23.576%)(0.720m),15.361(13.554%)(0.000m),9.944(12.429%)(0.000m),20.000(50.000%)(1.071m),10.833(27.083%)(0.089m),345.983,2809.651,71.4,1.3780,"[1.626, 1.942, 1.677, 1.799, 2.308, 1.825]","[3.536, 4.089, 3.742, 3.668, 4.444, 4.062]","[-5.713, -6.423, -7.377, -5.709, -7.057, -7.319]"
1203,1,24.5195,17.3965,0.170,650,2029,75,52,0.090,100,21.36,50000,2562.42,1,1,24.000(30.000%)(0.429m),33.000(29.118%)(1.393m),66.000(58.235%)(4.929m),42.000(37.059%)(2.357m),20.183(25.229%)(0.020m),22.000(55.000%)(1.286m),14.196(35.489%)(0.450m),156.555,2794.956,72.2,1.3360,"[1.954, 2.543, 2.275, 2.262, 3.016, 2.525]","[3.630, 4.048, 3.617, 3.768, 4.450, 3.906]","[-4.993, -2.180, -3.328, -4.893, -2.217, -4.031]"
1204,1,17.8272,17.2398,0.170,649,2030,125,130,0.090,100,21.43,50000,2547.52,2,1,24.000(30.000%)(0.429m),31.000(27.353%)(1.179m),42.000(37.059%)(2.357m),46.192(40.758%)(2.806m),21.924(27.405%)(0.206m),22.000(55.000%)(1.286m),15.462(38.655%)(0.585m),225.982,2960.209,72.4,1.3847,"[1.879, 2.395, 2.030, 2.042, 2.776, 2.232]","[3.710, 4.226, 3.719, 3.866, 4.526, 3.893]","[-4.467, -0.989, -2.813, -4.491, -2.453, -3.231]"
1205,1,2.5930,16.8519,0.170,384,1156,83,31,0.090,80,21.41,50000,1504.35,0,0,11.000(13.750%)(0.000m),17.000(15.000%)(0.000m),30.000(26.471%)(1.071m),39.366(34.735%)(2.075m),18.516(23.145%)(0.000m),27.000(67.500%)(1.821m),13.007(32.519%)(0.322m),399.015,3658.200,69.6,1.3221,"[1.240, 2.313, 2.037, 1.342, 2.711, 2.167]","[3.894, 4.135, 3.782, 4.287, 4.485, 3.949]","[-9.129, -6.620, -6.081, -8.673, -6.591, -6.076]"
1206,1,21.9212,17.2137,0.176,628,1981,54,40,0.090,100,21.48,50000,2496.76,1,1,29.000(36.250%)(0.964m),44.000(38.824%)(2.571m),65.000(57.353%)(4.821m),40.931(36.115%)(2.243m),19.308(24.135%)(0.000m),21.000(52.500%)(1.179m),13.588(33.970%)(0.384m),417.289,3059.221,73.0,1.3729,"[1.879, 2.813, 2.590, 2.093, 3.287, 2.865]","[3.873, 4.212, 3.784, 4.201, 4.572, 4.191]","[-4.720, 0.938, 0.307, -4.757, 1.533, 0.892]"
1207,1,19.1135,17.5870,0.184,626,1976,111,114,0.089,100,21.54,50000,2517.33,2,1,21.050(26.313%)(0.113m),44.466(39.235%)(2.621m),71.000(62.647%)(5.464m),47.310(41.744%)(2.926m),22.485(28.107%)(0.266m),14.817(37.043%)(0.516m),15.869(39.672%)(0.629m),596.526,3436.795,73.1,1.3807,"[2.178, 2.526, 2.069, 2.356, 3.038, 2.310]","[3.946, 4.457, 4.048, 4.077, 4.833, 4.302]","[-4.130, -0.124, -3.401, -5.476, 0.868, -3.801]"
1208,1,21.6355,17.8344,0.168,648,2028,24,75,0.089,100,21.61,50000,2586.61,3,1,18.000(22.500%)(0.000m),43.000(37.941%)(2.464m),64.000(56.471%)(4.714m),41.000(36.177%)(2.250m),24.396(30.495%)(0.471m),13.000(32.500%)(0.321m),17.232(43.079%)(0.775m),322.433,2944.627,72.4,1.3627,"[2.115, 2.652, 2.328, 2.328, 3.115, 2.556]","[4.279, 4.354, 4.027, 4.294, 4.686, 4.118]","[-4.535, -0.719, -3.146, -5.072, -0.262, -2.796]"
1209,1,21.4866,17.7677,0.172,659,2050,200,30,0.089,100,21.67,50000,2561.79,4,1,26.000(32.500%)(0.643m),40.000(35.294%)(2.143m),61.000(53.824%)(4.393m),37.855(33.402%)(1.913m),17.703(22.129%)(0.000m),24.000(60.000%)(1.500m),12.428(31.069%)(0.260m),303.186,3272.169,72.0,1.3304,"[1.593, 2.713, 2.403, 1.690, 3.135, 2.598]","[4.058, 4.283, 3.983, 4.158, 4.634, 4.415]","[-5.804, -0.863, -1.727, -5.184, -0.493, -2.040]"
1210,1,8.9275,17.4757,0.180,528,1626,12,71,0.089,90,21.65,50000,2144.24,0,0,19.000(23.750%)(0.000m),24.000(21.177%)(0.429m),60.000(52.941%)(4.286m),46.000(40.588%)(2.786m),22.440(28.050%)(0.261m),17.000(42.500%)(0.750m),15.816(39.540%)(0.623m),0.000,3079.763,71.3,1.3916,"[2.357, 2.429, 1.825, 2.609, 2.803, 1.979]","[4.172, 4.344, 3.848, 4.145, 4.643, 4.169]","[-7.785, -7.753, -10.181, -8.621, -7.801, -10.291]"
1211,1,21.2219,17.4790,0.171,646,2021,186,61,0.089,100,21.72,50000,2572.06,1,1,24.000(30.000%)(0.429m),33.000(29.118%)(1.393m),45.000(39.706%)(2.679m),41.217(36.368%)(2.273m),19.453(24.316%)(0.000m),24.000(60.000%)(1.500m),13.692(34.230%)(0.396m),214.882,2728.194,72.4,1.3613,"[1.842, 2.541, 2.176, 1.910, 2.931, 2.317]","[3.620, 4.246, 3.974, 4.022, 4.610, 4.227]","[-4.830, -1.136, -3.285, -4.681, -2.392, -3.434]"
1212,1,20.3071,17.8669,0.178,659,2054,86,8,0.089,100,21.78,50000,2524.87,2,1,31.000(38.750%)(1.179m),54.000(47.647%)(3.643m),66.000(58.235%)(4.929m),41.949(37.014%)(2.352m),19.824(24.780%)(0.000m),22.000(55.000%)(1.286m),13.945(34.862%)(0.423m),451.600,3062.977,72.1,1.3577,"[1.889, 2.572, 2.301, 2.096, 3.015, 2.528]","[3.925, 4.292, 3.977, 3.984, 4.612, 4.121]","[-5.161, 0.751, -1.074, -4.914, 1.315, -0.409]"
1213,1,1.4677,17.3696,0.160,186,559,14,14,0.088,55,21.76,50000,759.92,0,0,29.000(36.250%)(0.964m),44.000(38.824%)(2.571m),50.770(44.797%)(3.297m),20.861(18.407%)(0.092m),11.509(14.386%)(0.000m),25.000(62.500%)(1.607m),10.180(25.450%)(0.019m),417.289,3681.240,69.5,1.3404,"[1.560, 2.387, 2.463, 1.638, 2.788, 2.605]","[3.599, 4.125, 3.875, 3.638, 4.422, 3.917]","[-5.362, -5.415, -5.300, -4.976, -5.093, -5.130]"
1214,1,21.9739,17.3006,0.170,640,2008,128,76,0.088,100,21.83,50000,2551.09,1,1,26.000(32.500%)(0.643m),41.000(36.177%)(2.250m),59.000(52.059%)(4.179m),40.319(35.576%)(2.177m),18.951(23.689%)(0.000m),24.000(60.000%)(1.500m),13.324(33.311%)(0.356m),283.381,3258.295,72.6,1.3719,"[1.683, 2.583, 2.295, 1.832, 3.042, 2.501]","[3.765, 4.342, 3.899, 3.881, 4.575, 4.064]","[-5.341, -0.808, -0.484, -6.956, 0.658, -0.643]"
1215,1,28.0607,17.8509,0.180,648,2025,0,18,0.088,100,21.89,50000,2553.11,2,1,29.000(36.250%)(0.964m),49.000(43.235%)(3.107m),61.000(53.824%)(4.393m),43.000(37.941%)(2.464m),23.926(29.907%)(0.421m),22.000(55.000%)(1.286m),16.914(42.285%)(0.741m),396.384,2982.255,72.3,1.3148,"[2.324, 2.889, 2.599, 2.520, 3.358, 2.830]","[3.719, 4.167, 3.824, 4.099, 4.459, 4.041]","[-4.459, 0.878, -0.751, -4.674, 1.015, -0.059]"
1216,1,23.1784,18.2151,0.170,622,1968,192,25,0.088,100,21.96,50000,2438.14,3,1,29.000(36.250%)(0.964m),44.000(38.824%)(2.571m),65.000(57.353%)(4.821m),41.000(36.177%)(2.250m),22.941(28.677%)(0.315m),25.000(62.500%)(1.607m),16.200(40.500%)(0.664m),315.143,2795.168,73.2,1.2992,"[1.899, 2.774, 2.532, 2.110, 3.182, 2.737]","[3.625, 4.183, 3.822, 3.904, 4.534, 4.331]","[-5.121, 1.157, -1.019, -5.139, 1.191, -0.626]"
1217,1,20.0476,18.1356,0.162,634,1996,165,67,0.088,100,22.02,50000,2476.87,4,1,23.000(28.750%)(0.321m),43.000(37.941%)(2.464m),50.000(44.118%)(3.214m),37.000(32.647%)(1.821m),18.965(23.707%)(0.000m),21.000(52.500%)(1.179m),13.329(33.323%)(0.357m),233.716,2741.054,72.8,1.3549,"[1.629, 2.376, 2.109, 1.800, 2.816, 2.308]","[3.651, 4.075, 3.737, 3.689, 4.425, 3.978]","[-5.468, -0.850, -1.456, -5.056, -0.769, -2.017]"
1218,1,19.6460,18.0925,0.171,627,1981,206,103,0.087,100,22.09,50000,2454.39,5,1,22.000(27.500%)(0.214m),44.000(38.824%)(2.571m),54.000(47.647%)(3.643m),40.126(35.405%)(2.156m),18.853(23.566%)(0.000m),17.000(42.500%)(0.750m),13.243(33.106%)(0.347m),277.618,2790.740,73.1,1.3157,"[1.772, 2.586, 2.295, 1.939, 3.012, 2.523]","[3.674, 4.171, 3.834, 3.822, 4.390, 4.256]","[-4.945, -1.611, -2.317, -5.051, -1.903, -3.259]"
1219,1,22.4875,18.1363,0.159,639,2007,41,54,0.087,100,22.15,50000,2525.01,6,1,25.000(31.250%)(0.536m),39.000(34.412%)(2.036m),52.000(45.882%)(3.429m),38.000(33.530%)(1.929m),19.282(24.102%)(0.000m),22.000(55.000%)(1.286m),13.550(33.875%)(0.380m),285.358,2723.049,72.7,1.3389,"[1.725, 2.500, 2.194, 1.978, 2.901, 2.354]","[3.609, 4.225, 3.943, 3.798, 4.557, 4.164]","[-4.655, -0.612, -3.683, -4.613, -1.223, -3.658]"
1220,1,23.6267,18.1464,0.160,636,2000,61,70,0.087,100,22.21,50000,2508.43,7,1,28.000(35.000%)(0.857m),44.000(38.824%)(2.571m),61.000(53.824%)(4.393m),40.555(35.784%)(2.202m),19.176(23.970%)(0.000m),20.000(50.000%)(1.071m),13.474(33.685%)(0.372m),383.156,2985.163,72.8,1.3299,"[1.938, 2.648, 2.489, 2.170, 3.090, 2.762]","[3.806, 4.220, 3.795, 3.807, 4.543, 3.953]","[-4.854, -2.271, -1.697, -4.418, -2.217, -0.837]"
1221,1,19.4230,18.1612,0.170,626,1980,96,77,0.087,100,22.28,50000,2485.87,8,1,29.000(36.250%)(0.964m),44.000(38.824%)(2.571m),65.000(57.353%)(4.821m),47.000(41.471%)(2.893m),22.986(28.732%)(0.320m),16.000(40.000%)(0.643m),16.211(40.528%)(0.665m),417.289,2885.658,73.2,1.4152,"[1.869, 2.455, 2.163, 2.018, 2.933, 2.457]","[3.858, 4.174, 3.776, 3.897, 4.511, 4.174]","[-4.440, -2.639, -4.267, -4.375, -2.278, -3.576]"
1222,1,19.6795,18.5475,0.156,662,2056,182,88,0.087,100,22.34,50000,2639.28,9,1,24.000(30.000%)(0.429m),46.000(40.588%)(2.786m),62.000(54.706%)(4.500m),37.000(32.647%)(1.821m),22.769(28.461%)(0.297m),20.000(50.000%)(1.071m),16.075(40.186%)(0.651m),261.392,3062.770,71.9,1.4462,"[1.950, 2.544, 2.316, 2.151, 3.007, 2.592]","[3.647, 4.170, 3.703, 3.853, 4.410, 3.782]","[-4.326, -1.473, -1.233, -4.489, -1.962, 0.551]"
1223,1,19.2177,18.4483,0.163,649,2029,130,30,0.087,100,22.40,50000,2609.16,10,1,21.811(27.263%)(0.194m),45.000(39.706%)(2.679m),64.000(56.471%)(4.714m),47.466(41.882%)(2.943m),22.564(28.205%)(0.275m),15.362(38.406%)(0.575m),15.926(39.814%)(0.635m),407.431,3221.844,72.4,1.3856,"[1.724, 2.318, 1.909, 1.927, 2.731, 2.088]","[3.665, 4.137, 3.805, 3.840, 4.472, 3.895]","[-5.001, 0.071, -5.204, -4.976, 0.213, -5.515]"
1224,1,29.2155,18.5543,0.171,657,2043,0,28,0.086,100,22.47,50000,2605.92,11,1,25.000(31.250%)(0.536m),51.000(45.000%)(3.321m),71.000(62.647%)(5.464m),49.890(44.021%)(3.203m),24.276(30.346%)(0.458m),22.000(55.000%)(1.286m),17.169(42.922%)(0.768m),564.480,3576.451,72.0,1.3516,"[2.098, 2.773, 2.458, 2.344, 3.242, 2.705]","[3.601, 4.232, 3.805, 3.722, 4.607, 4.053]","[-4.642, 0.645, -0.362, -4.802, 1.376, 0.190]"
1225,1,21.2757,18.8821,0.167,629,1984,154,31,0.086,100,22.53,50000,2547.32,12,1,29.000(36.250%)(0.964m),44.000(38.824%)(2.571m),65.000(57.353%)(4.821m),47.783(42.162%)(2.977m),23.150(28.938%)(0.338m),23.000(57.500%)(1.393m),16.340(40.851%)(0.679m),417.289,2970.002,73.0,1.4503,"[1.950, 2.701, 2.454, 2.176, 3.189, 2.724]","[3.670, 4.241, 3.697, 3.833, 4.540, 3.872]","[-4.699, 0.960, 0.029, -4.839, 1.356, 0.067]"
1226,1,20.5111,19.2862,0.160,650,2030,148,119,0.086,100,22.59,50000,2531.55,13,1,23.000(28.750%)(0.321m),46.000(40.588%)(2.786m),54.000(47.647%)(3.643m),42.266(37.294%)(2.386m),19.937(24.921%)(0.000m),20.000(50.000%)(1.071m),14.019(35.048%)(0.431m),313.426,3065.905,72.3,1.3973,"[1.948, 2.656, 2.433, 2.117, 3.121, 2.659]","[3.662, 4.025, 3.744, 3.950, 4.394, 4.016]","[-4.650, -0.357, -0.923, -4.512, -0.598, -0.417]"
1227,1,0.6248,19.1546,0.150,166,494,12,10,0.086,55,22.58,50000,661.66,0,0,29.000(36.250%)(0.964m),44.000(38.824%)(2.571m),51.243(45.215%)(3.347m),21.055(18.578%)(0.113m),11.616(14.520%)(0.000m),40.000(100.000%)(3.214m),10.275(25.687%)(0.029m),417.289,3705.447,68.9,1.3759,"[1.420, 1.975, 1.966, 1.472, 2.279, 2.038]","[3.687, 4.260, 4.005, 3.679, 4.566, 4.044]","[-5.869, -5.397, -5.046, -5.413, -5.792, -4.833]"
1228,1,21.7740,19.1609,0.167,625,1975,90,71,0.086,100,22.64,50000,2463.22,1,1,18.000(22.500%)(0.000m),41.000(36.177%)(2.250m),58.000(51.177%)(4.071m),48.371(42.680%)(3.040m),23.017(28.772%)(0.323m),16.000(40.000%)(0.643m),16.234(40.585%)(0.668m),339.058,2871.277,73.1,1.3525,"[2.412, 2.736, 2.236, 2.716, 3.219, 2.479]","[3.608, 4.208, 3.830, 3.952, 4.518, 3.942]","[-4.082, -1.149, -4.383, -4.134, -0.399, -4.544]"
1229,1,18.1709,19.1042,0.156,639,2007,153,133,0.086,100,22.70,50000,2519.48,2,1,18.000(22.500%)(0.000m),39.000(34.412%)(2.036m),65.000(57.353%)(4.821m),33.011(29.127%)(1.394m),15.316(19.144%)(0.000m),16.000(40.000%)(0.643m),10.732(26.831%)(0.078m),310.297,2940.510,72.7,1.3916,"[1.988, 2.378, 2.115, 2.248, 2.876, 2.369]","[3.795, 4.354, 3.993, 3.936, 4.668, 4.214]","[-5.683, -6.284, -5.664, -5.517, -6.102, -5.212]"
1230,1,20.7994,19.1322,0.156,634,1994,19,137,0.085,100,22.76,50000,2553.65,3,1,23.000(28.750%)(0.321m),40.000(35.294%)(2.143m),51.000(45.000%)(3.321m),43.000(37.941%)(2.464m),24.093(30.116%)(0.439m),16.000(40.000%)(0.643m),17.012(42.531%)(0.751m),297.493,2825.998,72.8,1.3627,"[2.276, 2.601, 2.192, 2.539, 3.056, 2.486]","[3.927, 4.206, 3.849, 3.906, 4.475, 3.867]","[-2.961, 0.457, -1.414, -3.352, -0.376, -1.398]"
1231,1,21.6387,18.9994,0.169,643,2016,210,33,0.085,100,22.83,50000,2507.48,4,1,24.000(30.000%)(0.429m),47.000(41.471%)(2.893m),67.000(59.118%)(5.036m),31.811(28.069%)(1.265m),14.617(18.271%)(0.000m),22.000(55.000%)(1.286m),10.226(25.565%)(0.024m),482.047,3188.549,72.5,1.4381,"[1.961, 2.464, 2.381, 2.178, 2.875, 2.691]","[3.864, 4.142, 3.821, 4.213, 4.468, 4.376]","[-5.683, -6.982, -0.729, -5.630, -7.335, 0.244]"
1232,1,20.3947,19.0013,0.168,636,1999,120,75,0.085,100,22.89,50000,2578.73,5,1,25.000(31.250%)(0.536m),36.000(31.765%)(1.714m),50.000(44.118%)(3.214m),43.492(38.375%)(2.517m),20.605(25.756%)(0.065m),21.000(52.500%)(1.179m),14.504(36.261%)(0.483m),262.873,2747.205,72.7,1.4040,"[2.009, 2.584, 2.211, 2.196, 2.967, 2.415]","[3.763, 4.098, 3.723, 3.939, 4.513, 4.210]","[-5.088, -0.364, -2.556, -4.712, -0.921, -3.555]"
1233,1,6.3086,18.7118,0.164,359,1116,6,58,0.085,80,22.87,50000,1394.44,0,0,11.000(13.750%)(0.000m),18.000(15.882%)(0.000m),62.000(54.706%)(4.500m),46.000(40.588%)(2.786m),23.312(29.140%)(0.355m),11.000(27.500%)(0.107m),16.447(41.118%)(0.691m),423.832,3210.723,72.0,1.3627,"[1.931, 2.363, 1.985, 2.172, 2.843, 2.261]","[3.720, 4.202, 3.733, 3.778, 4.529, 3.951]","[-11.829, -4.711, -4.946, -11.687, -4.868, -5.187]"
1234,1,20.7475,18.6996,0.186,624,1975,192,39,0.085,100,22.93,50000,2446.60,1,1,29.000(36.250%)(0.964m),44.000(38.824%)(2.571m),65.000(57.353%)(4.821m),40.189(35.461%)(2.163m),18.885(23.606%)(0.000m),23.000(57.500%)(1.393m),13.265(33.164%)(0.350m),417.289,2887.482,73.2,1.3421,"[1.739, 2.502, 2.209, 1.949, 2.952, 2.487]","[3.690, 4.227, 3.669, 3.929, 4.556, 4.199]","[-4.969, 1.010, -4.902, -4.495, 1.342, -4.409]"
1235,1,19.9553,18.6021,0.167,642,2014,152,80,0.085,100,23.00,50000,2567.19,2,1,19.000(23.750%)(0.000m),41.000(36.177%)(2.250m),67.000(59.118%)(5.036m),41.102(36.266%)(2.261m),19.466(24.332%)(0.000m),14.000(35.000%)(0.429m),13.695(34.237%)(0.396m),496.755,3003.095,72.6,1.3893,"[1.718, 2.491, 2.289, 1.897, 2.927, 2.545]","[3.480, 4.181, 3.815, 3.694, 4.455, 4.049]","[-4.692, -4.146, -5.459, -4.714, -3.214, -4.365]"
1236,1,0.2648,18.1122,0.157,193,575,30,23,0.084,55,22.98,50000,780.02,0,0,25.000(31.250%)(0.536m),34.000(30.000%)(1.500m),45.000(39.706%)(2.679m),20.959(18.493%)(0.103m),11.563(14.453%)(0.000m),26.000(65.000%)(1.714m),10.228(25.570%)(0.024m),218.076,3442.188,68.9,1.4151,"[0.879, 2.335, 2.190, 0.820, 2.544, 2.194]","[3.837, 4.414, 3.893, 3.918, 4.705, 4.001]","[-5.620, -5.368, -5.403, -5.441, -5.190, -5.390]"
1237,1,21.1405,18.5087,0.155,640,2009,207,34,0.084,100,23.04,50000,2562.86,1,1,29.000(36.250%)(0.964m),44.000(38.824%)(2.571m),63.000(55.588%)(4.607m),31.978(28.216%)(1.283m),14.857(18.572%)(0.000m),23.000(57.500%)(1.393m),10.413(26.033%)(0.044m),325.184,2808.801,72.6,1.3556,"[1.552, 2.377, 2.355, 1.776, 2.782, 2.517]","[3.586, 4.198, 3.882, 3.860, 4.537, 4.038]","[-5.567, -6.351, -0.086, -5.522, -6.137, 0.221]"
1238,1,1.3056,18.0400,0.173,212,642,47,0,0.084,60,23.02,50000,834.92,0,0,32.000(40.000%)(1.286m),45.000(39.706%)(2.679m),54.487(48.077%)(3.695m),20.956(18.491%)(0.102m),11.294(14.117%)(0.000m),27.000(67.500%)(1.821m),9.745(24.364%)(0.000m),443.792,3625.978,70.1,1.4097,"[1.018, 2.423, 2.612, 1.067, 2.763, 2.643]","[3.599, 3.932, 3.780, 3.561, 4.271, 4.017]","[-5.094, -5.770, -4.594, -4.936, -5.522, -4.738]"
1239,1,21.1507,18.3339,0.158,624,1973,224,45,0.084,100,23.08,50000,2437.60,1,1,28.000(35.000%)(0.857m),49.000(43.235%)(3.107m),60.000(52.941%)(4.286m),39.215(34.602%)(2.059m),18.392(22.990%)(0.000m),20.000(50.000%)(1.071m),12.923(32.307%)(0.313m),345.135,2989.922,73.2,1.3776,"[1.715, 2.672, 2.448, 1.881, 3.116, 2.641]","[3.649, 4.051, 3.713, 3.688, 4.347, 3.792]","[-5.256, -0.700, -0.388, -4.799, -0.327, 0.170]"
1240,1,20.1899,18.3172,0.151,644,2016,61,64,0.084,100,23.15,50000,2518.46,2,1,22.000(27.500%)(0.214m),41.000(36.177%)(2.250m),57.000(50.294%)(3.964m),42.000(37.059%)(2.357m),22.881(28.601%)(0.309m),19.000(47.500%)(0.964m),16.145(40.364%)(0.658m),298.471,2846.520,72.4,1.3154,"[2.112, 2.535, 2.142, 2.321, 2.977, 2.362]","[3.591, 3.949, 3.550, 3.612, 4.247, 3.639]","[-4.620, -0.062, -1.496, -4.712, -0.460, -2.515]"
1241,1,21.5708,18.2546,0.166,624,1973,112,20,0.084,100,23.21,50000,2496.66,3,1,29.000(36.250%)(0.964m),44.000(38.824%)(2.571m),65.000(57.353%)(4.821m),47.679(42.070%)(2.966m),22.486(28.108%)(0.266m),21.000(52.500%)(1.179m),16.228(40.570%)(0.667m),417.289,2936.223,73.2,1.3159,"[1.874, 2.611, 2.343, 2.151, 3.099, 2.577]","[3.563, 3.986, 3.631, 3.726, 4.370, 3.965]","[-4.744, 0.918, -3.817, -4.703, 1.324, -3.544]"
1242,1,24.2400,18.4014,0.156,652,2035,36,78,0.083,100,23.27,50000,2605.60,4,1,27.000(33.750%)(0.750m),41.000(36.177%)(2.250m),49.000(43.235%)(3.107m),38.000(33.530%)(1.929m),19.866(24.833%)(0.000m),19.000(47.500%)(0.964m),13.975(34.937%)(0.426m),159.481,2801.721,72.2,1.3788,"[1.823, 2.497, 2.287, 2.000, 2.965, 2.527]","[3.515, 4.103, 3.793, 3.595, 4.463, 4.032]","[-4.801, -0.901, -0.707, -4.713, -1.216, -0.714]"
1243,1,22.1028,18.3684,0.160,626,1978,188,14,0.083,100,23.33,50000,2465.20,5,1,29.000(36.250%)(0.964m),44.000(38.824%)(2.571m),65.000(57.353%)(4.821m),40.131(35.410%)(2.157m),18.856(23.570%)(0.000m),23.000(57.500%)(1.393m),13.244(33.111%)(0.348m),417.289,2917.017,73.1,1.3649,"[1.722, 2.685, 2.356, 1.960, 3.113, 2.616]","[3.680, 4.210, 3.906, 3.954, 4.491, 4.346]","[-5.030, 1.045, -4.783, -4.778, 1.531, -4.105]"
1244,1,22.5617,18.3613,0.159,624,1973,185,56,0.083,100,23.39,50000,2463.83,6,1,25.000(31.250%)(0.536m),44.000(38.824%)(2.571m),65.000(57.353%)(4.821m),39.760(35.082%)(2.117m),18.754(23.443%)(0.000m),22.000(55.000%)(1.286m),13.183(32.958%)(0.341m),417.289,2895.755,73.2,1.3598,"[1.672, 2.549, 2.360, 1.869, 3.025, 2.580]","[3.877, 4.181, 3.619, 3.885, 4.510, 3.941]","[-6.254, -3.107, 0.255, -5.722, -2.199, 0.185]"
1245,1,24.7499,18.7548,0.163,625,1975,87,75,0.083,100,23.45,50000,2494.17,7,1,22.000(27.500%)(0.214m),44.000(38.824%)(2.571m),64.000(56.471%)(4.714m),46.000(40.588%)(2.786m),23.017(28.772%)(0.323m),18.000(45.000%)(0.857m),16.234(40.585%)(0.668m),386.306,2805.802,73.1,1.3507,"[2.223, 2.763, 2.364, 2.477, 3.239, 2.668]","[3.559, 3.981, 3.731, 4.063, 4.386, 4.165]","[-4.195, 1.067, -0.281, -4.354, 1.411, 0.142]"
1246,1,24.7301,18.7045,0.159,625,1975,108,10,0.083,100,23.52,50000,2480.73,8,1,31.000(38.750%)(1.179m),50.000(44.118%)(3.214m),65.000(57.353%)(4.821m),33.299(29.382%)(1.425m),15.397(19.246%)(0.000m),26.000(65.000%)(1.714m),10.789(26.973%)(0.085m),576.759,2980.550,73.1,1.4045,"[1.558, 2.752, 2.587, 1.726, 3.214, 2.823]","[3.689, 4.138, 3.743, 3.811, 4.496, 4.073]","[-5.007, -4.778, 0.177, -4.864, -4.308, 0.592]"
1247,1,19.3584,18.6555,0.156,627,1981,166,98,0.083,100,23.58,50000,2457.26,9,1,25.000(31.250%)(0.536m),44.000(38.824%)(2.571m),54.000(47.647%)(3.643m),40.126(35.405%)(2.156m),18.853(23.566%)(0.000m),17.000(42.500%)(0.750m),13.243(33.106%)(0.347m),223.064,2744.331,73.1,1.3560,"[1.906, 2.546, 2.265, 2.111, 3.012, 2.489]","[3.797, 4.217, 3.787, 3.824, 4.526, 4.216]","[-5.228, -1.069, -1.008, -4.718, -1.298, -1.178]"
1248,1,21.9417,18.5901,0.167,624,1973,175,89,0.082,100,23.64,50000,2439.41,10,1,28.000(35.000%)(0.857m),44.000(38.824%)(2.571m),65.000(57.353%)(4.821m),46.000(40.588%)(2.786m),22.778(28.472%)(0.298m),20.000(50.000%)(1.071m),16.081(40.202%)(0.652m),410.336,2831.518,73.2,1.3391,"[2.121, 2.683, 2.281, 2.369, 3.189, 2.558]","[3.763, 4.161, 3.712, 3.846, 4.475, 4.014]","[-4.150, 0.529, -2.242, -4.365, 1.085, -1.384]"
1249,1,18.1128,18.5458,0.172,630,1988,66,47,0.082,100,23.70,50000,2468.18,11,1,27.000(33.750%)(0.750m),41.000(36.177%)(2.250m),62.000(54.706%)(4.500m),42.000(37.059%)(2.357m),21.912(27.390%)(0.205m),21.000(52.500%)(1.179m),15.445(38.613%)(0.583m),323.300,2794.009,73.0,1.3002,"[1.831, 2.639, 2.286, 2.052, 3.125, 2.545]","[3.881, 4.094, 3.793, 3.988, 4.474, 4.026]","[-4.843, 0.739, -1.924, -4.928, 0.879, -0.867]"
1250,1,2.6689,18.2523,0.171,330,1021,64,23,0.082,75,23.68,50000,1289.06,0,0,24.000(30.000%)(0.429m),18.000(15.882%)(0.000m),35.000(30.882%)(1.607m),48.371(42.680%)(3.040m),23.017(28.772%)(0.323m),25.000(62.500%)(1.607m),16.234(40.585%)(0.668m),417.289,3213.597,71.6,1.3039,"[1.647, 2.243, 2.024, 1.807, 2.623, 2.235]","[3.693, 4.139, 3.854, 3.798, 4.495, 4.088]","[-9.304, -11.008, -10.180, -9.911, -11.827, -10.460]"
1251,1,27.3590,18.4314,0.167,625,1976,34,15,0.082,100,23.74,50000,2455.70,1,1,32.000(40.000%)(1.286m),49.000(43.235%)(3.107m),55.000(48.530%)(3.750m),41.055(36.225%)(2.256m),19.323(24.154%)(0.000m),23.000(57.500%)(1.393m),13.580(33.949%)(0.384m),299.199,2870.732,73.2,1.3969,"[2.118, 2.968, 2.681, 2.314, 3.418, 2.928]","[4.065, 4.106, 4.049, 4.340, 4.442, 4.288]","[-4.630, -0.033, -0.445, -4.592, -0.193, 0.279]"
1252,1,1.0566,18.2856,0.165,369,1138,28,38,0.082,80,23.72,50000,1410.28,0,0,21.560(26.950%)(0.167m),41.000(36.177%)(2.250m),72.000(63.530%)(5.571m),31.000(27.353%)(1.179m),13.000(16.250%)(0.000m),15.183(37.957%)(0.555m),10.000(25.000%)(0.000m),358.774,3259.963,71.4,1.3028,"[1.714, 1.514, 1.253, 1.895, 1.918, 1.308]","[3.862, 4.214, 3.874, 3.823, 4.721, 4.195]","[-6.803, -9.457, -3.964, -7.352, -8.674, -4.668]"
1253,1,20.0007,18.1953,0.160,794,2341,273,127,0.082,100,23.78,50000,3133.33,1,1,18.558(23.198%)(0.000m),33.000(29.118%)(1.393m),38.000(33.530%)(1.929m),33.000(29.118%)(1.393m),22.667(28.334%)(0.286m),13.031(32.578%)(0.325m),16.001(40.002%)(0.643m),464.799,4325.748,68.2,1.3953,"[1.891, 2.217, 1.893, 1.911, 2.553, 1.979]","[3.979, 4.292, 3.886, 4.079, 4.577, 4.002]","[-4.777, -2.125, -4.432, -4.606, -1.971, -4.297]"
1254,1,18.0562,18.1998,0.161,632,1993,102,53,0.081,100,23.84,50000,2495.13,2,1,29.000(36.250%)(0.964m),44.000(38.824%)(2.571m),60.000(52.941%)(4.286m),40.126(35.405%)(2.156m),18.853(23.566%)(0.000m),23.000(57.500%)(1.393m),13.243(33.107%)(0.347m),401.752,2853.640,73.0,1.3010,"[1.619, 2.626, 2.328, 1.791, 3.038, 2.548]","[3.709, 4.132, 3.781, 4.163, 4.437, 4.232]","[-5.069, 0.280, -4.366, -5.023, 0.320, -3.602]"
1255,1,0.3955,18.1559,0.170,196,590,18,29,0.081,60,23.82,50000,791.47,0,0,23.000(28.750%)(0.321m),40.000(35.294%)(2.143m),49.146(43.364%)(3.123m),20.193(17.818%)(0.021m),11.141(13.926%)(0.000m),22.000(55.000%)(1.286m),9.854(24.636%)(0.000m),292.301,3565.010,69.6,1.3190,"[1.699, 2.352, 2.089, 1.890, 2.706, 2.258]","[4.020, 4.325, 3.745, 4.055, 4.698, 4.089]","[-5.297, -5.952, -5.687, -5.071, -5.717, -5.122]"
1256,1,20.2111,18.1217,0.162,627,1981,189,68,0.081,100,23.89,50000,2462.95,1,1,29.000(36.250%)(0.964m),44.000(38.824%)(2.571m),60.000(52.941%)(4.286m),39.046(34.452%)(2.041m),18.306(22.883%)(0.000m),20.000(50.000%)(1.071m),12.851(32.127%)(0.305m),417.289,2831.660,73.1,1.3713,"[2.010, 2.679, 2.401, 2.190, 3.120, 2.623]","[3.721, 4.262, 4.063, 4.003, 4.577, 4.106]","[-5.613, -1.199, -1.564, -5.076, -0.857, -0.555]"
1257,1,20.9262,18.1579,0.165,625,1976,136,80,0.081,100,23.95,50000,2472.37,2,1,25.000(31.250%)(0.536m),44.000(38.824%)(2.571m),65.000(57.353%)(4.821m),39.997(35.292%)(2.143m),18.880(23.600%)(0.000m),20.000(50.000%)(1.071m),13.274(33.184%)(0.351m),417.289,2890.735,73.2,1.3944,"[1.707, 2.531, 2.381, 1.923, 2.967, 2.623]","[3.709, 4.188, 3.908, 4.032, 4.509, 4.035]","[-5.079, -2.842, -1.718, -4.758, -2.881, -1.050]"
1258,1,19.1961,18.1092,0.167,645,2020,175,81,0.081,100,24.01,50000,2506.73,3,1,18.000(22.500%)(0.000m),39.000(34.412%)(2.036m),53.000(46.765%)(3.536m),45.920(40.517%)(2.777m),21.786(27.233%)(0.191m),16.000(40.000%)(0.643m),15.345(38.362%)(0.573m),334.365,3036.669,72.5,1.3065,"[1.998, 2.432, 1.992, 2.241, 2.869, 2.188]","[3.632, 4.146, 3.756, 3.779, 4.369, 4.022]","[-4.390, -1.433, -4.724, -4.425, -1.593, -4.815]"
1259,1,8.1487,17.8424,0.173,503,1572,116,42,0.081,90,23.99,50000,1971.76,0,0,22.000(27.500%)(0.214m),23.000(20.294%)(0.321m),29.000(25.588%)(0.964m),39.000(34.412%)(2.036m),23.017(28.772%)(0.323m),24.000(60.000%)(1.500m),16.234(40.585%)(0.668m),0.000,2658.012,72.3,1.3787,"[1.762, 2.186, 1.698, 1.821, 2.462, 1.908]","[3.664, 4.181, 3.674, 3.880, 4.528, 3.984]","[-4.533, -4.616, -7.623, -5.841, -6.438, -7.057]"
1260,1,22.1877,18.1076,0.162,624,1973,177,89,0.080,100,24.05,50000,2524.99,1,1,25.000(31.250%)(0.536m),44.000(38.824%)(2.571m),60.000(52.941%)(4.286m),46.000(40.588%)(2.786m),22.396(27.995%)(0.257m),20.000(50.000%)(1.071m),15.804(39.509%)(0.622m),417.289,2845.237,73.2,1.3631,"[2.041, 2.499, 2.252, 2.269, 2.974, 2.459]","[3.609, 3.967, 3.571, 3.617, 4.229, 3.863]","[-4.191, 0.565, -1.262, -4.075, 0.792, -0.423]"
1261,1,0.8500,17.7002,0.146,215,626,29,21,0.080,60,24.03,50000,840.80,0,0,26.000(32.500%)(0.643m),38.000(33.530%)(1.929m),49.079(43.305%)(3.116m),20.166(17.793%)(0.018m),11.125(13.907%)(0.000m),24.000(60.000%)(1.500m),9.841(24.602%)(0.000m),315.509,3483.334,67.4,1.3800,"[1.443, 2.268, 2.147, 1.507, 2.524, 2.208]","[3.766, 4.118, 3.598, 3.821, 4.443, 3.806]","[-5.265, -5.327, -5.281, -5.406, -5.314, -4.966]"
1262,1,21.9387,17.7328,0.155,626,1978,150,45,0.080,100,24.09,50000,2492.72,1,1,22.000(27.500%)(0.214m),38.000(33.530%)(1.929m),59.000(52.059%)(4.179m),39.275(34.654%)(2.065m),18.470(23.088%)(0.000m),22.000(55.000%)(1.286m),12.974(32.435%)(0.319m),264.009,2765.522,73.1,1.3800,"[1.845, 2.636, 2.289, 2.040, 3.072, 2.529]","[3.735, 4.057, 3.727, 3.728, 4.311, 3.955]","[-4.782, 0.610, -1.125, -4.394, 0.747, -1.428]"
1263,1,18.0777,18.0650,0.168,646,2020,13,95,0.080,100,24.15,50000,2525.41,2,1,24.000(30.000%)(0.429m),39.000(34.412%)(2.036m),65.000(57.353%)(4.821m),44.000(38.824%)(2.571m),22.277(27.847%)(0.244m),21.000(52.500%)(1.179m),15.699(39.246%)(0.611m),352.264,3038.154,72.4,1.3284,"[2.407, 2.573, 2.223, 2.660, 3.041, 2.424]","[3.888, 4.039, 3.696, 3.954, 4.443, 3.923]","[-3.629, 0.064, -1.408, -3.720, -0.017, -2.419]"
1264,1,0.4369,17.6343,0.166,166,494,14,10,0.080,55,24.13,50000,659.95,0,0,29.000(36.250%)(0.964m),44.000(38.824%)(2.571m),37.226(32.847%)(1.846m),17.837(15.739%)(0.000m),10.485(13.107%)(0.000m),40.000(100.000%)(3.214m),9.985(24.962%)(0.000m),417.289,3711.732,68.8,1.3330,"[1.322, 1.963, 1.822, 1.414, 2.189, 1.849]","[3.549, 4.043, 3.593, 3.556, 4.353, 3.761]","[-5.474, -5.433, -5.886, -5.382, -6.091, -5.807]"
1265,1,21.9098,17.5112,0.160,625,1976,175,62,0.080,100,24.19,50000,2456.91,1,1,28.000(35.000%)(0.857m),44.000(38.824%)(2.571m),65.000(57.353%)(4.821m),46.000(40.588%)(2.786m),22.841(28.551%)(0.304m),20.000(50.000%)(1.071m),16.106(40.265%)(0.654m),417.289,2894.765,73.2,1.3650,"[2.040, 2.768, 2.493, 2.257, 3.234, 2.726]","[3.679, 4.223, 3.925, 3.735, 4.512, 4.102]","[-4.627, 0.569, -2.474, -4.887, 1.550, -1.525]"
1266,1,21.7530,17.4827,0.162,632,1993,123,71,0.079,100,24.25,50000,2502.59,2,1,26.000(32.500%)(0.643m),44.000(38.824%)(2.571m),47.000(41.471%)(2.893m),37.000(32.647%)(1.821m),18.965(23.707%)(0.000m),18.000(45.000%)(0.857m),13.329(33.323%)(0.357m),256.121,2771.141,73.0,1.3609,"[1.796, 2.544, 2.271, 2.014, 3.002, 2.504]","[3.736, 4.144, 3.823, 3.766, 4.475, 4.059]","[-4.963, -1.145, -4.759, -4.620, -1.192, -4.773]"
1267,1,21.6077,17.5139,0.169,661,2054,91,14,0.079,100,24.31,50000,2620.12,3,1,32.000(40.000%)(1.286m),45.000(39.706%)(2.679m),64.000(56.471%)(4.714m),46.959(41.435%)(2.889m),22.647(28.308%)(0.284m),22.000(55.000%)(1.286m),15.966(39.914%)(0.639m),399.370,3250.743,71.9,1.3873,"[2.145, 2.831, 2.493, 2.380, 3.252, 2.738]","[4.128, 4.325, 3.984, 4.101, 4.665, 4.264]","[-4.929, -1.367, -0.298, -4.763, -1.149, 0.234]"
1268,1,19.1597,17.5042,0.175,693,2123,34,32,0.079,100,24.37,50000,2748.36,4,1,25.000(31.250%)(0.536m),46.000(40.588%)(2.786m),61.000(53.824%)(4.393m),45.723(40.344%)(2.756m),21.687(27.108%)(0.181m),22.000(55.000%)(1.286m),15.273(38.183%)(0.565m),490.983,3333.205,70.9,1.3437,"[2.354, 2.857, 2.577, 2.623, 3.311, 2.799]","[3.869, 4.356, 3.956, 4.013, 4.699, 4.230]","[-4.316, 0.469, 0.569, -4.391, 0.633, 0.640]"
1269,1,22.6873,17.5082,0.179,635,1997,93,91,0.079,100,24.43,50000,2502.76,5,1,24.000(30.000%)(0.429m),44.000(38.824%)(2.571m),65.000(57.353%)(4.821m),34.728(30.642%)(1.578m),16.160(20.199%)(0.000m),19.000(47.500%)(0.964m),11.324(28.311%)(0.142m),417.289,2915.841,72.8,1.3811,"[1.860, 2.725, 2.560, 2.076, 3.176, 2.786]","[3.719, 4.316, 3.976, 3.909, 4.660, 4.182]","[-5.365, -3.550, -1.677, -5.122, -2.940, -1.003]"
1270,1,21.7622,17.4709,0.159,626,1978,126,28,0.079,100,24.49,50000,2456.97,6,1,29.000(36.250%)(0.964m),44.000(38.824%)(2.571m),65.000(57.353%)(4.821m),46.000(40.588%)(2.786m),22.772(28.465%)(0.297m),23.000(57.500%)(1.393m),16.057(40.141%)(0.649m),417.289,2875.183,73.1,1.2955,"[1.960, 2.827, 2.554, 2.151, 3.253, 2.759]","[3.934, 4.347, 3.837, 4.053, 4.650, 4.034]","[-4.811, 1.527, -0.191, -5.080, 1.639, 0.144]"
1271,1,9.2198,17.2668,0.163,499,1564,125,39,0.079,90,24.47,50000,1935.70,0,0,23.000(28.750%)(0.321m),30.000(26.471%)(1.071m),49.000(43.235%)(3.107m),40.253(35.517%)(2.170m),18.965(23.707%)(0.000m),23.000(57.500%)(1.393m),13.329(33.323%)(0.357m),19.583,2677.118,72.5,1.3733,"[1.990, 2.448, 2.118, 2.120, 2.772, 2.226]","[3.669, 4.022, 3.642, 3.911, 4.334, 3.894]","[-4.805, -2.320, -4.809, -4.428, -3.764, -5.271]"
1272,1,24.2154,17.3576,0.155,652,2033,23,101,0.079,100,24.53,50000,2538.07,1,1,21.000(26.250%)(0.107m),40.000(35.294%)(2.143m),57.000(50.294%)(3.964m),41.000(36.177%)(2.250m),19.531(24.414%)(0.000m),18.000(45.000%)(0.857m),13.748(34.370%)(0.402m),264.643,2803.963,72.2,1.2998,"[2.247, 2.798, 2.487, 2.501, 3.212, 2.666]","[3.584, 4.158, 3.915, 3.884, 4.483, 4.063]","[-5.308, 0.913, -0.178, -5.081, 0.740, 0.214]"
1273,1,19.3657,17.3605,0.166,678,2090,142,78,0.078,100,24.59,50000,2667.80,2,1,25.000(31.250%)(0.536m),33.000(29.118%)(1.393m),40.000(35.294%)(2.143m),35.000(30.882%)(1.607m),18.869(23.586%)(0.000m),23.000(57.500%)(1.393m),13.261(33.153%)(0.349m),240.835,2646.420,71.3,1.3307,"[1.870, 2.464, 2.211, 2.012, 2.861, 2.374]","[3.666, 4.157, 3.712, 3.905, 4.403, 3.848]","[-5.407, -1.238, -1.708, -4.890, -1.500, -2.066]"
1274,1,22.7079,17.2304,0.167,650,2030,163,28,0.078,100,24.65,50000,2479.77,3,1,28.000(35.000%)(0.857m),53.000(46.765%)(3.536m),56.000(49.412%)(3.857m),35.409(31.243%)(1.651m),16.476(20.595%)(0.000m),25.000(62.500%)(1.607m),11.550(28.875%)(0.166m),309.332,2952.647,72.3,1.3748,"[1.701, 2.614, 2.496, 1.902, 3.042, 2.728]","[3.675, 4.140, 3.722, 3.767, 4.519, 3.938]","[-5.185, -3.661, 0.573, -4.978, -3.090, 0.805]"
1275,1,18.2628,17.1701,0.163,631,1988,63,134,0.078,100,24.71,50000,2499.78,4,1,23.000(28.750%)(0.321m),44.000(38.824%)(2.571m),65.000(57.353%)(4.821m),45.000(39.706%)(2.679m),23.017(28.772%)(0.323m),17.000(42.500%)(0.750m),16.234(40.585%)(0.668m),414.697,2849.789,72.9,1.3524,"[2.109, 2.630, 2.237, 2.438, 3.062, 2.467]","[3.737, 4.434, 3.959, 4.021, 4.634, 4.140]","[-4.121, -0.000, -1.547, -4.348, 0.358, -1.479]"
1276,1,19.1003,17.1419,0.164,632,1996,122,70,0.078,100,24.76,50000,2584.78,5,1,28.000(35.000%)(0.857m),44.000(38.824%)(2.571m),65.000(57.353%)(4.821m),32.655(28.814%)(1.356m),15.090(18.862%)(0.000m),20.000(50.000%)(1.071m),10.568(26.421%)(0.061m),417.281,2854.672,73.1,1.3906,"[1.538, 2.267, 2.188, 1.758, 2.732, 2.390]","[3.582, 3.983, 3.588, 3.803, 4.285, 3.873]","[-5.425, -6.026, -1.934, -5.033, -5.569, -1.386]"
1277,1,8.8052,17.3055,0.159,602,1829,67,70,0.078,95,24.75,50000,2348.84,0,0,24.000(30.000%)(0.429m),40.000(35.294%)(2.143m),49.000(43.235%)(3.107m),24.895(21.966%)(0.524m),12.403(15.503%)(0.000m),21.000(52.500%)(1.179m),9.926(24.816%)(0.000m),364.097,3528.412,70.3,1.3789,"[1.380, 2.101, 2.080, 1.548, 2.482, 2.171]","[3.753, 3.971, 3.995, 3.818, 4.246, 4.276]","[-5.254, -5.271, -5.482, -5.473, -4.841, -5.469]"
1278,1,22.9956,17.3299,0.170,623,1972,144,15,0.078,100,24.80,50000,2488.86,1,1,29.000(36.250%)(0.964m),44.000(38.824%)(2.571m),65.000(57.353%)(4.821m),47.000(41.471%)(2.893m),22.983(28.729%)(0.320m),23.000(57.500%)(1.393m),16.209(40.524%)(0.665m),417.289,2905.207,73.2,1.3627,"[1.962, 2.761, 2.427, 2.155, 3.180, 2.666]","[3.638, 4.129, 3.773, 4.020, 4.365, 3.973]","[-4.450, 1.168, -3.676, -4.432, 1.535, -3.366]"
1279,1,28.0930,17.5284,0.170,650,2029,0,68,0.077,100,24.86,50000,2589.80,2,1,22.000(27.500%)(0.214m),40.000(35.294%)(2.143m),62.000(54.706%)(4.500m),49.238(43.446%)(3.133m),23.453(29.316%)(0.370m),19.000(47.500%)(0.964m),16.549(41.372%)(0.702m),324.649,2874.952,72.2,1.3585,"[2.293, 2.814, 2.435, 2.530, 3.271, 2.649]","[3.761, 4.162, 3.854, 3.809, 4.483, 4.381]","[-4.429, -0.357, -0.865, -4.387, -0.512, -2.246]"
1280,1,25.0483,17.6134,0.173,627,1979,34,39,0.077,100,24.92,50000,2469.56,3,1,23.000(28.750%)(0.321m),40.000(35.294%)(2.143m),60.000(52.941%)(4.286m),40.643(35.861%)(2.212m),19.115(23.893%)(0.000m),22.000(55.000%)(1.286m),13.442(33.606%)(0.369m),304.652,2796.721,73.1,1.3509,"[2.206, 2.956, 2.608, 2.454, 3.372, 2.853]","[4.039, 4.486, 4.008, 4.230, 4.810, 4.223]","[-4.627, 0.945, -0.696, -4.148, 1.048, 0.069]"
1281,1,23.3008,17.6466,0.175,675,2083,96,81,0.077,100,24.98,50000,2636.83,4,1,25.000(31.250%)(0.536m),45.000(39.706%)(2.679m),70.000(61.765%)(5.357m),46.000(40.588%)(2.786m),23.206(29.008%)(0.344m),20.000(50.000%)(1.071m),16.392(40.980%)(0.685m),399.886,3504.270,71.4,1.3812,"[2.448, 2.950, 2.610, 2.718, 3.421, 2.843]","[4.110, 4.373, 4.231, 4.195, 4.722, 4.291]","[-3.681, 0.424, -2.579, -3.890, 0.987, -1.922]"
1282,1,26.2545,17.7638,0.166,641,2011,0,35,0.077,100,25.04,50000,2520.01,5,1,28.000(35.000%)(0.857m),44.000(38.824%)(2.571m),63.000(55.588%)(4.607m),45.000(39.706%)(2.679m),24.794(30.992%)(0.514m),22.000(55.000%)(1.286m),17.519(43.798%)(0.806m),349.263,2828.201,72.6,1.4776,"[2.327, 2.710, 2.242, 2.564, 3.197, 2.470]","[3.772, 4.359, 3.962, 3.857, 4.658, 4.048]","[-4.675, 0.467, -1.544, -4.672, 0.972, -0.779]"
1283,1,20.9247,18.0561,0.154,641,2010,179,54,0.077,100,25.10,50000,2511.62,6,1,25.000(31.250%)(0.536m),44.000(38.824%)(2.571m),65.000(57.353%)(4.821m),39.904(35.210%)(2.133m),18.741(23.426%)(0.000m),22.000(55.000%)(1.286m),13.162(32.905%)(0.339m),288.549,2838.969,72.6,1.3535,"[1.495, 2.670, 2.477, 1.709, 3.089, 2.723]","[3.727, 4.013, 3.623, 3.841, 4.342, 3.773]","[-5.348, 0.194, 0.346, -4.819, 0.394, 0.156]"
1284,1,1.2098,17.6654,0.128,178,533,13,0,0.077,55,25.08,50000,750.47,0,0,32.000(40.000%)(1.286m),45.000(39.706%)(2.679m),65.000(57.353%)(4.821m),24.424(21.551%)(0.474m),12.168(15.210%)(0.000m),29.000(72.500%)(2.036m),9.738(24.346%)(0.000m),443.792,3723.872,69.3,1.4598,"[0.847, 2.256, 2.284, 0.955, 2.498, 2.378]","[3.754, 4.113, 3.542, 3.825, 4.405, 3.802]","[-5.588, -5.738, -5.441, -5.340, -5.728, -4.846]"
1285,1,25.8707,17.7837,0.161,645,2017,0,82,0.076,100,25.14,50000,2543.06,1,1,22.000(27.500%)(0.214m),41.000(36.177%)(2.250m),62.000(54.706%)(4.500m),49.552(43.723%)(3.166m),23.610(29.513%)(0.387m),19.000(47.500%)(0.964m),16.663(41.657%)(0.714m),324.007,2935.867,72.4,1.3810,"[2.214, 2.684, 2.277, 2.444, 3.131, 2.544]","[3.707, 4.146, 3.691, 4.006, 4.423, 3.950]","[-3.964, 1.377, 0.387, -3.960, 1.807, 0.561]"
1286,1,3.0328,17.8390,0.168,368,1124,43,37,0.076,80,25.12,50000,1436.08,0,0,13.000(16.250%)(0.000m),25.000(22.059%)(0.536m),49.000(43.235%)(3.107m),36.000(31.765%)(1.714m),21.013(26.266%)(0.109m),10.000(25.000%)(0.000m),14.789(36.973%)(0.513m),177.947,3320.841,70.7,1.3633,"[1.357, 1.841, 1.611, 1.432, 2.288, 1.780]","[3.572, 3.938, 3.576, 3.731, 4.300, 3.784]","[-5.549, -5.279, -5.744, -5.276, -4.719, -5.012]"
1287,1,26.5184,17.9466,0.162,629,1983,14,61,0.076,100,25.17,50000,2471.77,1,1,25.000(31.250%)(0.536m),34.000(30.000%)(1.500m),45.000(39.706%)(2.679m),51.708(45.625%)(3.397m),24.691(30.864%)(0.503m),22.000(55.000%)(1.286m),17.445(43.612%)(0.798m),218.076,2833.677,73.0,1.3156,"[2.221, 2.723, 2.320, 2.489, 3.132, 2.477]","[3.634, 3.977, 3.668, 3.795, 4.308, 4.165]","[-4.310, -0.491, -3.849, -4.881, -1.904, -3.935]"
1288,1,5.4384,18.0292,0.144,355,1089,4,51,0.076,80,25.16,50000,1353.70,0,0,12.000(15.000%)(0.000m),20.000(17.647%)(0.000m),57.000(50.294%)(3.964m),42.000(37.059%)(2.357m),24.223(30.279%)(0.452m),22.000(55.000%)(1.286m),17.106(42.765%)(0.761m),213.771,2987.055,71.0,1.2767,"[1.658, 2.037, 1.761, 1.758, 2.453, 1.950]","[3.849, 4.081, 3.700, 3.820, 4.425, 3.966]","[-7.387, -6.465, -5.644, -7.316, -5.268, -5.375]"
1289,1,20.8844,18.0239,0.159,625,1976,159,74,0.076,100,25.21,50000,2409.06,1,1,29.000(36.250%)(0.964m),42.000(37.059%)(2.357m),58.000(51.177%)(4.071m),46.000(40.588%)(2.786m),22.472(28.090%)(0.265m),20.000(50.000%)(1.071m),15.859(39.647%)(0.628m),374.509,2809.576,73.2,1.3663,"[1.993, 2.656, 2.307, 2.236, 3.103, 2.518]","[3.652, 4.131, 3.731, 3.906, 4.519, 4.052]","[-4.757, 0.213, -2.012, -4.499, 0.543, -2.084]"
1290,1,23.3743,18.0876,0.160,643,2015,69,59,0.076,100,25.27,50000,2546.65,2,1,28.000(35.000%)(0.857m),44.000(38.824%)(2.571m),59.000(52.059%)(4.179m),40.602(35.826%)(2.207m),19.142(23.928%)(0.000m),20.000(50.000%)(1.071m),13.456(33.640%)(0.370m),381.832,3145.747,72.5,1.3260,"[1.842, 2.814, 2.557, 2.043, 3.207, 2.795]","[3.714, 4.218, 4.050, 3.744, 4.504, 4.365]","[-5.259, 0.113, -1.552, -4.809, 0.156, -1.276]"
1291,1,23.2379,18.1210,0.171,624,1973,164,14,0.076,100,25.33,50000,2451.47,3,1,29.000(36.250%)(0.964m),44.000(38.824%)(2.571m),65.000(57.353%)(4.821m),47.489(41.902%)(2.945m),22.945(28.681%)(0.316m),25.000(62.500%)(1.607m),16.202(40.506%)(0.665m),417.289,3097.709,73.2,1.4035,"[2.005, 2.819, 2.462, 2.197, 3.280, 2.732]","[3.680, 4.290, 3.914, 3.728, 4.667, 4.111]","[-4.339, 0.927, -0.803, -4.170, 1.731, -0.327]"
1292,1,22.0429,18.0770,0.165,626,1978,195,77,0.075,100,25.39,50000,2458.92,4,1,22.000(27.500%)(0.214m),42.000(37.059%)(2.357m),54.000(47.647%)(3.643m),40.126(35.405%)(2.156m),18.869(23.586%)(0.000m),19.000(47.500%)(0.964m),13.261(33.153%)(0.349m),223.292,2733.950,73.1,1.3436,"[2.294, 2.998, 2.683, 2.497, 3.431, 2.895]","[4.020, 4.609, 4.045, 4.412, 4.882, 4.375]","[-5.178, -1.340, -1.358, -4.504, -1.712, -2.179]"
1293,1,19.2750,18.0205,0.167,634,1995,214,71,0.075,100,25.44,50000,2506.37,5,1,26.000(32.500%)(0.643m),40.000(35.294%)(2.143m),57.000(50.294%)(3.964m),45.075(39.772%)(2.687m),21.404(26.756%)(0.150m),18.000(45.000%)(0.857m),15.071(37.678%)(0.543m),290.973,3258.195,72.8,1.3442,"[2.234, 2.776, 2.327, 2.481, 3.233, 2.622]","[4.278, 4.537, 4.147, 4.347, 4.853, 4.470]","[-4.886, -0.334, -4.633, -4.617, -0.277, -3.775]"
1294,1,19.4179,17.9576,0.170,634,1995,103,77,0.075,100,25.50,50000,2559.34,6,1,26.000(32.500%)(0.643m),37.000(32.647%)(1.821m),54.000(47.647%)(3.643m),44.000(38.824%)(2.571m),21.836(27.295%)(0.197m),21.000(52.500%)(1.179m),15.380(38.451%)(0.576m),359.031,2854.168,72.8,1.3754,"[2.209, 2.735, 2.269, 2.413, 3.172, 2.580]","[3.892, 4.396, 3.987, 4.012, 4.703, 4.159]","[-4.570, 0.207, -2.037, -4.769, -0.968, -2.405]"
1295,1,18.7486,17.8375,0.166,626,1980,190,70,0.075,100,25.56,50000,2426.38,7,1,29.000(36.250%)(0.964m),44.000(38.824%)(2.571m),65.000(57.353%)(4.821m),40.947(36.130%)(2.244m),19.269(24.086%)(0.000m),25.000(62.500%)(1.607m),13.553(33.882%)(0.381m),412.515,2847.502,73.2,1.3117,"[1.751, 2.662, 2.408, 1.967, 3.105, 2.656]","[3.676, 4.321, 3.881, 4.284, 4.663, 4.155]","[-5.004, 0.409, -0.040, -4.684, 0.965, -0.022]"
1296,1,1.4883,17.3727,0.176,188,563,12,12,0.075,55,25.54,50000,740.76,0,0,29.000(36.250%)(0.964m),45.000(39.706%)(2.679m),65.000(57.353%)(4.821m),25.054(22.106%)(0.541m),12.482(15.602%)(0.000m),25.000(62.500%)(1.607m),9.989(24.974%)(0.000m),436.278,3677.044,69.4,1.3303,"[1.509, 2.296, 2.327, 1.637, 2.655, 2.431]","[3.734, 4.176, 3.795, 3.777, 4.492, 3.922]","[-5.558, -5.296, -5.428, -5.226, -5.171, -4.982]"
1297,1,23.5340,17.4562,0.168,631,1989,99,42,0.075,100,25.60,50000,2505.14,1,1,29.000(36.250%)(0.964m),44.000(38.824%)(2.571m),49.000(43.235%)(3.107m),38.000(33.530%)(1.929m),23.017(28.772%)(0.323m),24.000(60.000%)(1.500m),16.234(40.585%)(0.668m),281.613,2748.878,73.0,1.4058,"[1.873, 2.646, 2.298, 2.124, 3.096, 2.538]","[3.528, 4.231, 3.826, 3.884, 4.568, 4.006]","[-4.457, -0.636, -1.806, -4.394, -0.605, -1.798]"
1298,1,20.6965,17.4313,0.160,647,2022,30,127,0.075,100,25.65,50000,2564.88,2,1,22.000(27.500%)(0.214m),41.000(36.177%)(2.250m),61.000(53.824%)(4.393m),47.723(42.109%)(2.970m),22.693(28.366%)(0.289m),19.000(47.500%)(0.964m),15.999(39.998%)(0.643m),318.321,3467.442,72.3,1.3470,"[2.375, 2.727, 2.338, 2.707, 3.208, 2.561]","[4.209, 4.292, 3.735, 4.176, 4.645, 4.309]","[-4.157, -0.020, -1.207, -5.242, 1.096, -1.497]"
1299,1,21.0771,17.4906,0.174,626,1978,133,77,0.074,100,25.71,50000,2493.80,3,1,27.000(33.750%)(0.750m),41.000(36.177%)(2.250m),62.000(54.706%)(4.500m),47.000(41.471%)(2.893m),22.898(28.622%)(0.310m),20.000(50.000%)(1.071m),16.147(40.368%)(0.659m),318.316,2808.415,73.1,1.3813,"[2.048, 2.800, 2.423, 2.311, 3.236, 2.664]","[3.809, 4.350, 3.913, 3.977, 4.606, 4.248]","[-4.611, 0.016, -1.929, -4.714, 0.380, -1.935]"
1300,1,22.5010,17.8873,0.162,627,1979,196,26,0.074,100,25.77,50000,2454.93,4,1,29.000(36.250%)(0.964m),44.000(38.824%)(2.571m),65.000(57.353%)(4.821m),47.000(41.471%)(2.893m),23.017(28.772%)(0.323m),23.000(57.500%)(1.393m),16.234(40.585%)(0.668m),417.289,2881.082,73.1,1.3372,"[2.120, 2.895, 2.649, 2.353, 3.381, 2.917]","[3.741, 4.154, 3.970, 4.106, 4.622, 4.263]","[-4.319, 1.321, 0.204, -4.279, 1.913, 0.524]"
1301,1,0.6066,17.3522,0.159,378,1124,77,39,0.074,80,25.75,50000,1438.98,0,0,29.000(36.250%)(0.964m),18.000(15.882%)(0.000m),26.000(22.941%)(0.643m),38.000(33.530%)(1.929m),23.015(28.769%)(0.323m),24.000(60.000%)(1.500m),16.232(40.580%)(0.668m),417.289,3730.556,68.8,1.3342,"[1.694, 2.203, 2.015, 1.840, 2.555, 2.275]","[3.691, 4.242, 3.673, 3.796, 4.581, 4.123]","[-4.954, -4.536, -4.747, -4.979, -4.141, -4.662]"
1302,1,1.9295,17.3697,0.186,250,725,13,11,0.074,65,25.73,50000,973.47,0,0,29.000(36.250%)(0.964m),43.000(37.941%)(2.464m),61.000(53.824%)(4.393m),26.291(23.198%)(0.674m),12.717(15.896%)(0.000m),23.000(57.500%)(1.393m),9.922(24.805%)(0.000m),412.317,3922.483,67.1,1.3139,"[1.945, 2.565, 2.414, 2.107, 2.890, 2.445]","[3.971, 4.258, 3.768, 3.947, 4.480, 3.859]","[-5.434, -5.460, -6.271, -5.236, -5.408, -6.140]"
1303,1,22.5848,17.4213,0.168,627,1979,139,14,0.074,100,25.79,50000,2512.02,1,1,29.000(36.250%)(0.964m),44.000(38.824%)(2.571m),65.000(57.353%)(4.821m),39.494(34.848%)(2.089m),18.581(23.227%)(0.000m),25.000(62.500%)(1.607m),13.054(32.635%)(0.327m),417.289,3254.234,73.1,1.3701,"[1.760, 2.730, 2.460, 2.002, 3.189, 2.742]","[3.632, 4.090, 3.740, 3.911, 4.424, 3.918]","[-5.057, 0.853, 0.635, -4.670, 1.013, 0.586]"
1304,1,-0.4940,17.0503,0.195,192,568,14,14,0.074,55,25.77,50000,775.53,0,0,29.000(36.250%)(0.964m),37.000(32.647%)(1.821m),62.000(54.706%)(4.500m),26.277(23.185%)(0.673m),12.710(15.887%)(0.000m),26.000(65.000%)(1.714m),9.916(24.791%)(0.000m),334.100,3626.274,68.5,1.3821,"[1.035, 2.062, 1.901, 1.137, 2.277, 1.921]","[3.705, 4.224, 3.844, 3.748, 4.542, 4.034]","[-5.840, -5.918, -4.930, -5.182, -5.323, -5.083]"
1305,1,26.6858,17.5762,0.155,638,2004,42,51,0.073,100,25.82,50000,2610.30,1,1,22.000(27.500%)(0.214m),42.000(37.059%)(2.357m),60.000(52.941%)(4.286m),41.569(36.679%)(2.311m),19.584(24.480%)(0.000m),22.000(55.000%)(1.286m),13.780(34.449%)(0.405m),332.848,2856.330,72.7,1.3385,"[2.025, 2.752, 2.406, 2.242, 3.163, 2.628]","[3.723, 4.214, 3.784, 4.098, 4.555, 4.018]","[-4.724, 0.673, -1.017, -4.505, 0.721, -1.074]"
1306,1,20.4710,17.5813,0.171,640,2008,183,46,0.073,100,25.88,50000,2555.77,2,1,24.000(30.000%)(0.429m),35.000(30.882%)(1.607m),48.000(42.353%)(3.000m),43.646(38.511%)(2.533m),20.635(25.794%)(0.068m),22.000(55.000%)(1.286m),14.535(36.338%)(0.486m),193.112,2928.525,72.6,1.3926,"[1.418, 2.521, 2.220, 1.661, 2.918, 2.463]","[3.684, 4.194, 3.909, 3.899, 4.487, 4.050]","[-5.052, 0.529, -0.880, -4.734, -0.735, -1.730]"
1307,1,21.2438,17.5877,0.171,640,2009,186,67,0.073,100,25.94,50000,2443.96,3,1,27.000(33.750%)(0.750m),44.000(38.824%)(2.571m),66.000(58.235%)(4.929m),39.105(34.505%)(2.047m),18.384(22.980%)(0.000m),20.000(50.000%)(1.071m),12.913(32.283%)(0.312m),389.305,2955.539,72.6,1.3207,"[1.901, 2.635, 2.281, 2.111, 3.077, 2.550]","[3.618, 4.148, 3.805, 3.719, 4.486, 4.253]","[-5.004, 1.094, -0.024, -4.577, 1.498, 0.304]"
1308,1,25.6598,17.7170,0.153,643,2014,93,45,0.073,100,25.99,50000,2594.20,4,1,20.000(25.000%)(0.000m),37.000(32.647%)(1.821m),52.000(45.882%)(3.429m),43.000(37.941%)(2.464m),23.146(28.932%)(0.337m),21.000(52.500%)(1.179m),16.327(40.817%)(0.678m),235.721,3060.122,72.5,1.3660,"[2.165, 2.770, 2.361, 2.384, 3.206, 2.581]","[3.749, 4.110, 3.668, 3.754, 4.445, 3.936]","[-4.591, -0.085, -0.947, -4.647, 0.049, -2.159]"
1309,1,23.1897,18.0178,0.179,624,1973,193,28,0.073,100,26.05,50000,2457.53,5,1,29.000(36.250%)(0.964m),44.000(38.824%)(2.571m),65.000(57.353%)(4.821m),48.371(42.680%)(3.040m),23.017(28.772%)(0.323m),25.000(62.500%)(1.607m),16.234(40.585%)(0.668m),417.289,2899.025,73.2,1.3256,"[1.955, 2.772, 2.424, 2.166, 3.240, 2.677]","[3.628, 3.890, 3.585, 3.808, 4.285, 3.919]","[-5.012, 1.026, 0.104, -4.884, 1.557, 0.184]"
1310,1,27.8912,18.1319,0.160,625,1976,5,11,0.073,100,26.11,50000,2461.17,6,1,33.000(41.250%)(1.393m),50.000(44.118%)(3.214m),55.000(48.530%)(3.750m),40.000(35.294%)(2.143m),23.655(29.569%)(0.392m),26.000(65.000%)(1.714m),16.695(41.739%)(0.717m),287.209,2875.177,73.2,1.3556,"[1.970, 3.022, 2.781, 2.196, 3.449, 2.966]","[3.677, 4.162, 3.924, 4.136, 4.500, 4.108]","[-4.894, 0.300, 0.340, -4.669, 0.316, 0.209]"
1311,1,23.4109,18.5831,0.160,623,1970,173,59,0.073,100,26.16,50000,2388.20,7,1,25.000(31.250%)(0.536m),44.000(38.824%)(2.571m),65.000(57.353%)(4.821m),48.146(42.482%)(3.016m),22.905(28.631%)(0.311m),22.000(55.000%)(1.286m),16.173(40.433%)(0.661m),417.289,2887.592,73.2,1.3103,"[2.407, 2.904, 2.663, 2.644, 3.417, 2.938]","[3.904, 4.220, 3.800, 3.956, 4.643, 4.220]","[-3.978, 0.323, 0.371, -3.818, 1.999, 0.208]"
1312,1,22.4510,18.5933,0.159,623,1972,183,66,0.072,100,26.22,50000,2490.70,8,1,28.000(35.000%)(0.857m),44.000(38.824%)(2.571m),65.000(57.353%)(4.821m),46.000(40.588%)(2.786m),22.983(28.729%)(0.320m),20.000(50.000%)(1.071m),16.230(40.576%)(0.668m),412.515,2856.997,73.2,1.3579,"[2.202, 2.869, 2.505, 2.432, 3.322, 2.813]","[3.652, 4.128, 4.089, 3.778, 4.492, 4.344]","[-3.944, 0.974, -1.906, -4.280, 2.014, -0.901]"
1313,1,20.9886,18.6515,0.159,650,2030,51,66,0.072,100,26.28,50000,2534.23,9,1,21.000(26.250%)(0.107m),39.000(34.412%)(2.036m),50.000(44.118%)(3.214m),41.035(36.207%)(2.254m),19.361(24.201%)(0.000m),23.000(57.500%)(1.393m),13.613(34.032%)(0.387m),363.132,2731.197,72.3,1.2898,"[2.084, 2.718, 2.322, 2.334, 3.177, 2.562]","[3.660, 4.099, 3.684, 3.945, 4.466, 3.966]","[-4.762, -0.334, -2.481, -4.532, -0.112, -3.078]"
1314,1,5.2008,18.7468,0.177,378,1141,18,42,0.072,80,26.26,50000,1543.98,0,0,13.000(16.250%)(0.000m),25.000(22.059%)(0.536m),49.000(43.235%)(3.107m),41.000(36.177%)(2.250m),25.205(31.506%)(0.558m),26.000(65.000%)(1.714m),17.821(44.553%)(0.838m),344.921,3123.599,69.8,1.3629,"[1.331, 1.884, 1.678, 1.444, 2.257, 1.836]","[3.692, 4.153, 3.765, 3.813, 4.552, 3.915]","[-5.513, -6.118, -5.710, -5.877, -5.126, -5.225]"
1315,1,20.4292,18.7172,0.169,624,1973,193,93,0.072,100,26.31,50000,2442.63,1,1,26.000(32.500%)(0.643m),44.000(38.824%)(2.571m),52.000(45.882%)(3.429m),36.000(31.765%)(1.714m),22.848(28.560%)(0.305m),17.000(42.500%)(0.750m),16.132(40.330%)(0.657m),161.573,2785.753,73.2,1.3463,"[1.882, 2.653, 2.388, 2.184, 3.106, 2.648]","[3.341, 3.951, 3.804, 3.722, 4.315, 4.173]","[-4.057, -0.813, -0.605, -3.813, -0.593, -0.329]"
1316,1,19.3143,18.6684,0.163,625,1975,169,130,0.072,100,26.37,50000,2488.95,2,1,22.000(27.500%)(0.214m),42.000(37.059%)(2.357m),59.000(52.059%)(4.179m),42.000(37.059%)(2.357m),22.234(27.793%)(0.239m),20.000(50.000%)(1.071m),15.668(39.169%)(0.607m),329.967,2768.882,73.1,1.3380,"[1.979, 2.611, 2.318, 2.184, 3.069, 2.581]","[3.676, 4.178, 3.830, 3.862, 4.509, 4.356]","[-4.322, -0.065, -1.598, -4.182, 0.224, -2.217]"
1317,1,22.6848,18.6900,0.146,629,1986,169,23,0.072,100,26.42,50000,2488.44,3,1,29.000(36.250%)(0.964m),44.000(38.824%)(2.571m),61.000(53.824%)(4.393m),32.506(28.682%)(1.340m),14.992(18.739%)(0.000m),26.000(65.000%)(1.714m),10.496(26.241%)(0.053m),339.356,2842.746,73.1,1.3837,"[1.481, 2.485, 2.537, 1.712, 2.898, 2.784]","[3.727, 4.256, 3.863, 3.924, 4.519, 3.971]","[-5.296, -6.728, 0.244, -4.995, -6.391, 0.405]"
1318,1,19.9475,18.7057,0.142,635,1998,167,81,0.072,100,26.48,50000,2492.29,4,1,26.000(32.500%)(0.643m),43.000(37.941%)(2.464m),60.000(52.941%)(4.286m),42.000(37.059%)(2.357m),22.736(28.420%)(0.293m),18.000(45.000%)(0.857m),16.030(40.076%)(0.646m),417.289,2798.452,72.8,1.3106,"[2.104, 2.698, 2.332, 2.323, 3.153, 2.586]","[3.903, 4.102, 3.684, 3.946, 4.489, 3.953]","[-4.122, -0.707, -1.894, -4.325, -0.271, -2.078]"
1319,1,25.3677,18.7593,0.158,708,2153,39,76,0.071,100,26.54,50000,2824.60,5,1,24.000(30.000%)(0.429m),39.000(34.412%)(2.036m),59.000(52.059%)(4.179m),41.000(36.177%)(2.250m),21.404(26.755%)(0.150m),21.000(52.500%)(1.179m),15.071(37.678%)(0.543m),303.312,3848.935,70.4,1.3053,"[2.160, 2.689, 2.429, 2.416, 3.151, 2.657]","[3.944, 4.040, 3.671, 3.961, 4.354, 3.751]","[-4.643, 0.761, -0.551, -4.373, 0.853, -0.577]"
1320,1,18.5066,18.6942,0.164,691,2123,247,56,0.071,100,26.59,50000,2675.25,6,1,28.000(35.000%)(0.857m),42.000(37.059%)(2.357m),48.000(42.353%)(3.000m),30.993(27.346%)(1.178m),14.473(18.091%)(0.000m),20.000(50.000%)(1.071m),10.145(25.363%)(0.016m),412.515,2768.303,71.1,1.3079,"[1.525, 2.218, 2.116, 1.671, 2.609, 2.355]","[3.634, 4.178, 3.699, 4.188, 4.459, 4.008]","[-5.579, -6.560, -1.972, -4.994, -6.851, -2.378]"
1321,1,20.2375,18.9146,0.163,644,2018,233,27,0.071,100,26.65,50000,2567.57,7,1,29.000(36.250%)(0.964m),42.000(37.059%)(2.357m),55.000(48.530%)(3.750m),31.944(28.186%)(1.280m),14.705(18.381%)(0.000m),24.000(60.000%)(1.500m),10.292(25.731%)(0.031m),377.535,2852.451,72.5,1.3471,"[1.465, 2.523, 2.469, 1.620, 2.930, 2.671]","[3.793, 4.097, 4.040, 4.081, 4.473, 4.308]","[-5.535, -6.611, -1.502, -5.507, -6.133, -2.702]"
1322,1,21.0169,18.8506,0.174,624,1973,192,116,0.071,100,26.70,50000,2531.33,8,1,21.000(26.250%)(0.107m),40.000(35.294%)(2.143m),54.000(47.647%)(3.643m),40.048(35.336%)(2.148m),18.814(23.517%)(0.000m),20.000(50.000%)(1.071m),13.214(33.036%)(0.344m),216.735,2712.652,73.2,1.3665,"[2.033, 2.711, 2.400, 2.205, 3.134, 2.611]","[3.852, 4.409, 3.959, 3.900, 4.705, 4.063]","[-4.538, -0.120, -0.509, -4.469, -0.305, -0.885]"
1323,1,20.9120,18.8815,0.157,629,1985,214,23,0.071,100,26.76,50000,2420.47,9,1,31.000(38.750%)(1.179m),45.000(39.706%)(2.679m),63.000(55.588%)(4.607m),32.728(28.878%)(1.364m),15.127(18.909%)(0.000m),23.000(57.500%)(1.393m),10.596(26.491%)(0.064m),236.830,2804.765,73.0,1.3193,"[0.861, 2.506, 2.486, 1.092, 2.879, 2.637]","[3.921, 4.336, 3.854, 3.968, 4.690, 4.013]","[-5.298, -5.929, -0.686, -5.133, -5.595, -0.793]"
1324,1,22.8810,18.8850,0.155,624,1973,175,27,0.071,100,26.81,50000,2510.47,10,1,29.000(36.250%)(0.964m),44.000(38.824%)(2.571m),65.000(57.353%)(4.821m),48.071(42.416%)(3.008m),22.867(28.584%)(0.307m),23.000(57.500%)(1.393m),16.146(40.365%)(0.659m),414.219,2863.115,73.2,1.3472,"[2.289, 2.951, 2.525, 2.488, 3.399, 2.780]","[3.772, 4.435, 3.992, 3.974, 4.748, 4.337]","[-4.168, 0.327, -4.118, -4.375, 0.777, -3.602]"
1325,1,26.8768,19.0573,0.164,658,2046,1,70,0.071,100,26.87,50000,2588.86,11,1,22.000(27.500%)(0.214m),40.000(35.294%)(2.143m),68.000(60.000%)(5.143m),42.000(37.059%)(2.357m),23.246(29.057%)(0.348m),20.000(50.000%)(1.071m),16.399(40.998%)(0.686m),349.425,3148.065,72.0,1.3258,"[2.376, 2.764, 2.327, 2.624, 3.228, 2.620]","[4.086, 4.290, 3.806, 4.104, 4.638, 4.176]","[-3.883, 0.997, -0.350, -3.899, 1.180, 0.471]"
1326,1,-0.5484,18.6643,0.160,170,504,18,16,0.070,55,26.85,50000,682.50,0,0,26.000(32.500%)(0.643m),41.000(36.177%)(2.250m),33.657(29.697%)(1.463m),17.422(15.373%)(0.000m),10.634(13.293%)(0.000m),32.000(80.000%)(2.357m),10.634(26.586%)(0.068m),308.047,3614.822,68.6,1.3603,"[1.405, 2.025, 1.825, 1.505, 2.324, 1.906]","[3.814, 4.105, 3.764, 3.800, 4.535, 3.992]","[-5.660, -5.287, -6.427, -5.374, -5.185, -5.937]"
1327,1,0.4505,18.4972,0.156,169,501,12,10,0.070,55,26.83,50000,678.10,0,0,29.000(36.250%)(0.964m),44.000(38.824%)(2.571m),65.000(57.353%)(4.821m),25.221(22.254%)(0.559m),12.384(15.479%)(0.000m),40.000(100.000%)(3.214m),9.786(24.465%)(0.000m),417.289,3770.709,68.6,1.3701,"[1.243, 1.848, 2.029, 1.439, 2.111, 2.025]","[3.778, 4.272, 3.848, 3.878, 4.620, 3.975]","[-5.621, -5.516, -4.484, -5.348, -5.912, -4.596]"
1328,1,10.6776,18.2509,0.153,560,1746,69,60,0.070,95,26.81,50000,2151.26,0,0,23.000(28.750%)(0.321m),41.000(36.177%)(2.250m),59.000(52.059%)(4.179m),25.623(22.608%)(0.602m),12.393(15.492%)(0.000m),23.000(57.500%)(1.393m),9.669(24.173%)(0.000m),311.930,2978.997,72.2,1.3024,"[1.719, 2.504, 2.364, 1.921, 2.933, 2.552]","[3.617, 4.238, 3.909, 3.909, 4.545, 4.160]","[-5.725, -5.191, -4.849, -5.655, -4.919, -4.442]"
1329,1,18.3502,18.0560,0.163,688,2113,259,108,0.070,100,26.86,50000,2649.46,1,1,25.000(31.250%)(0.536m),27.000(23.824%)(0.750m),30.000(26.471%)(1.071m),30.450(26.867%)(1.120m),14.006(17.508%)(0.000m),18.000(45.000%)(0.857m),9.803(24.507%)(0.000m),265.114,3061.327,71.1,1.3509,"[1.395, 2.302, 2.191, 1.450, 2.705, 2.391]","[3.839, 4.259, 3.801, 3.894, 4.581, 4.145]","[-5.183, -5.722, -3.836, -5.225, -5.263, -4.336]"
1330,1,26.3904,18.0829,0.163,624,1973,47,24,0.070,100,26.92,50000,2392.95,2,1,27.000(33.750%)(0.750m),47.000(41.471%)(2.893m),63.000(55.588%)(4.607m),34.133(30.118%)(1.514m),15.819(19.773%)(0.000m),24.000(60.000%)(1.500m),11.080(27.699%)(0.116m),332.213,2866.372,73.2,1.3112,"[1.965, 2.869, 2.641, 2.240, 3.311, 2.884]","[4.056, 4.530, 4.105, 4.158, 4.869, 4.437]","[-4.991, -4.513, -1.861, -4.590, -3.820, -1.591]"
1331,1,23.0520,18.0779,0.156,623,1972,224,14,0.070,100,26.97,50000,2373.89,3,1,32.000(40.000%)(1.286m),45.000(39.706%)(2.679m),57.000(50.294%)(3.964m),42.000(37.059%)(2.357m),23.017(28.772%)(0.323m),23.000(57.500%)(1.393m),16.255(40.637%)(0.670m),310.412,2829.895,73.2,1.2876,"[1.974, 2.878, 2.548, 2.208, 3.328, 2.776]","[3.958, 4.279, 3.717, 4.247, 4.548, 4.042]","[-4.917, 0.922, -0.213, -4.640, 0.914, 0.438]"
1332,1,20.4067,17.9609,0.164,626,1978,2,72,0.070,100,27.03,50000,2496.78,4,1,27.000(33.750%)(0.750m),41.000(36.177%)(2.250m),58.000(51.177%)(4.071m),46.000(40.588%)(2.786m),24.550(30.687%)(0.487m),22.000(55.000%)(1.286m),17.343(43.357%)(0.787m),337.796,2998.686,73.1,1.3635,"[2.340, 2.690, 2.171, 2.695, 3.153, 2.446]","[3.854, 4.208, 3.763, 3.981, 4.538, 3.927]","[-3.401, -0.795, -4.621, -3.558, -0.560, -4.133]"
1333,1,21.0888,17.9642,0.163,661,2056,188,101,0.069,100,27.08,50000,2568.86,5,1,23.000(28.750%)(0.321m),45.000(39.706%)(2.679m),61.000(53.824%)(4.393m),34.000(30.000%)(1.500m),18.453(23.066%)(0.000m),18.000(45.000%)(0.857m),12.973(32.432%)(0.318m),163.340,3129.589,72.0,1.3241,"[1.636, 2.494, 2.207, 1.855, 2.951, 2.468]","[4.033, 4.194, 3.791, 4.004, 4.482, 3.906]","[-5.129, -0.096, -4.513, -4.729, -0.211, -4.199]"
1334,1,2.6627,17.9933,0.154,353,1088,63,56,0.069,80,27.06,50000,1354.83,0,0,13.000(16.250%)(0.000m),28.000(24.706%)(0.857m),65.000(57.353%)(4.821m),40.684(35.898%)(2.216m),19.183(23.979%)(0.000m),22.000(55.000%)(1.286m),13.486(33.714%)(0.373m),317.580,3229.728,71.3,1.3348,"[1.277, 1.964, 1.674, 1.341, 2.330, 1.930]","[3.678, 4.173, 3.693, 3.762, 4.517, 3.993]","[-5.335, -4.766, -4.711, -5.107, -4.391, -4.361]"
1335,1,26.9406,18.0147,0.160,634,1995,7,63,0.069,100,27.12,50000,2446.77,1,1,21.000(26.250%)(0.107m),40.000(35.294%)(2.143m),54.000(47.647%)(3.643m),39.000(34.412%)(2.036m),23.516(29.395%)(0.377m),22.000(55.000%)(1.286m),16.617(41.542%)(0.709m),269.939,2773.897,72.8,1.2494,"[2.113, 2.795, 2.441, 2.395, 3.241, 2.670]","[3.689, 4.171, 3.776, 3.881, 4.566, 4.209]","[-4.587, 0.420, -1.122, -4.243, 0.374, -0.574]"
1336,1,22.5570,18.4051,0.172,627,1981,218,11,0.069,100,27.17,50000,2509.53,2,1,29.000(36.250%)(0.964m),44.000(38.824%)(2.571m),65.000(57.353%)(4.821m),46.924(41.404%)(2.885m),22.634(28.293%)(0.282m),24.000(60.000%)(1.500m),15.977(39.942%)(0.640m),417.289,2893.740,73.1,1.3626,"[2.014, 2.880, 2.560, 2.265, 3.340, 2.821]","[3.785, 4.225, 3.931, 4.264, 4.549, 4.467]","[-4.517, -0.871, -4.030, -4.394, -0.940, -3.387]"
1337,1,20.6317,18.2874,0.172,647,2023,183,42,0.069,100,27.23,50000,2458.21,3,1,30.000(37.500%)(1.071m),41.000(36.177%)(2.250m),55.000(48.530%)(3.750m),42.000(37.059%)(2.357m),21.461(26.827%)(0.157m),21.000(52.500%)(1.179m),15.112(37.780%)(0.548m),338.370,2860.619,72.4,1.2812,"[1.942, 2.823, 2.563, 2.227, 3.254, 2.760]","[3.683, 4.499, 3.970, 3.966, 4.757, 4.271]","[-5.194, -0.841, -2.340, -5.022, -0.700, -3.565]"
1338,1,22.2605,18.6239,0.159,622,1968,164,88,0.069,100,27.28,50000,2504.67,4,1,24.000(30.000%)(0.429m),44.000(38.824%)(2.571m),65.000(57.353%)(4.821m),40.126(35.405%)(2.156m),18.853(23.566%)(0.000m),20.000(50.000%)(1.071m),13.243(33.107%)(0.347m),417.281,2829.626,73.2,1.3159,"[2.131, 2.754, 2.379, 2.357, 3.246, 2.634]","[3.953, 4.354, 3.923, 3.996, 4.585, 4.236]","[-5.326, 0.678, -2.250, -4.930, 0.831, -1.475]"
1339,1,21.9479,18.6451,0.153,654,2037,157,69,0.069,100,27.33,50000,2631.86,5,1,22.000(27.500%)(0.214m),40.000(35.294%)(2.143m),58.000(51.177%)(4.071m),48.000(42.353%)(3.000m),22.899(28.624%)(0.311m),20.000(50.000%)(1.071m),16.148(40.371%)(0.659m),294.858,3068.632,72.1,1.3154,"[2.189, 2.775, 2.399, 2.455, 3.238, 2.596]","[3.668, 4.173, 3.784, 4.093, 4.468, 4.060]","[-4.712, -0.477, -1.590, -4.817, -0.267, -2.555]"
1340,1,28.6419,18.7505,0.157,651,2031,0,41,0.069,100,27.39,50000,2530.43,6,1,24.000(30.000%)(0.429m),48.000(42.353%)(3.000m),71.000(62.647%)(5.464m),45.000(39.706%)(2.679m),23.582(29.477%)(0.384m),21.000(52.500%)(1.179m),16.644(41.611%)(0.712m),407.453,3236.380,72.2,1.3221,"[2.293, 2.909, 2.641, 2.527, 3.378, 2.895]","[3.699, 4.206, 4.006, 3.766, 4.635, 4.373]","[-4.429, 1.273, 0.447, -4.364, 1.899, 1.100]"
1341,1,21.3930,18.7136,0.156,665,2064,126,89,0.068,100,27.44,50000,2594.77,7,1,23.000(28.750%)(0.321m),30.000(26.471%)(1.071m),36.000(31.765%)(1.714m),45.385(40.046%)(2.720m),21.544(26.930%)(0.165m),20.000(50.000%)(1.071m),15.174(37.934%)(0.554m),161.417,3090.743,71.8,1.3065,"[2.099, 2.547, 2.008, 2.269, 2.975, 2.223]","[3.836, 4.188, 3.828, 3.950, 4.510, 4.054]","[-4.744, -2.186, -5.731, -4.748, -2.847, -5.174]"
1342,1,25.0120,18.7730,0.153,657,2045,43,113,0.068,100,27.50,50000,2609.17,8,1,25.000(31.250%)(0.536m),38.000(33.530%)(1.929m),49.000(43.235%)(3.107m),43.000(37.941%)(2.464m),20.716(25.895%)(0.077m),19.000(47.500%)(0.964m),14.578(36.444%)(0.490m),309.400,2773.076,72.0,1.3453,"[2.100, 2.641, 2.295, 2.331, 3.095, 2.532]","[3.756, 4.338, 3.904, 3.871, 4.713, 4.132]","[-4.890, -0.032, -1.833, -4.947, -0.086, -1.072]"
1343,1,11.8071,18.6236,0.163,636,1922,97,99,0.068,95,27.48,50000,2508.06,0,0,22.000(27.500%)(0.214m),39.000(34.412%)(2.036m),50.276(44.361%)(3.244m),20.658(18.227%)(0.070m),11.397(14.246%)(0.000m),20.000(50.000%)(1.071m),10.081(25.202%)(0.009m),320.002,3369.038,69.9,1.3584,"[2.165, 2.651, 2.424, 2.371, 3.078, 2.578]","[3.952, 4.245, 3.857, 4.467, 4.449, 4.215]","[-5.990, -5.497, -5.096, -5.795, -5.325, -5.161]"
1344,1,21.5843,18.6669,0.159,643,2016,145,92,0.068,100,27.53,50000,2568.38,1,1,26.000(32.500%)(0.643m),41.000(36.177%)(2.250m),53.000(46.765%)(3.536m),33.000(29.118%)(1.393m),19.961(24.952%)(0.000m),19.000(47.500%)(0.964m),14.037(35.092%)(0.433m),211.160,2809.474,72.5,1.3708,"[1.887, 2.798, 2.516, 2.096, 3.236, 2.714]","[4.041, 4.173, 4.048, 3.993, 4.456, 4.370]","[-4.576, -0.587, -4.608, -4.393, -0.527, -3.954]"
1345,1,8.2799,18.4576,0.152,507,1597,126,56,0.068,95,27.51,50000,2026.44,0,0,28.000(35.000%)(0.857m),44.000(38.824%)(2.571m),53.000(46.765%)(3.536m),24.400(21.530%)(0.471m),12.328(15.411%)(0.000m),20.000(50.000%)(1.071m),9.993(24.982%)(0.000m),260.353,2795.576,72.9,1.4190,"[1.645, 2.364, 2.097, 1.851, 2.756, 2.295]","[4.069, 4.383, 4.019, 4.299, 4.742, 4.433]","[-5.929, -5.952, -5.426, -5.712, -6.762, -5.205]"
1346,1,23.4866,18.8975,0.154,644,2016,6,15,0.068,100,27.56,50000,2566.07,1,1,30.000(37.500%)(1.071m),50.000(44.118%)(3.214m),67.000(59.118%)(5.036m),42.713(37.688%)(2.434m),20.222(25.277%)(0.024m),23.000(57.500%)(1.393m),14.982(37.456%)(0.534m),404.240,3181.088,72.4,1.3593,"[2.255, 2.979, 2.683, 2.534, 3.457, 2.874]","[4.023, 4.522, 4.100, 4.096, 4.818, 4.184]","[-5.630, 1.352, 0.200, -5.181, 1.795, 0.107]"
1347,1,7.3284,18.5734,0.159,530,1669,100,105,0.068,95,27.54,50000,2113.18,0,0,26.000(32.500%)(0.643m),39.000(34.412%)(2.036m),31.857(28.109%)(1.270m),16.490(14.550%)(0.000m),10.065(12.582%)(0.000m),17.000(42.500%)(0.750m),10.065(25.164%)(0.007m),267.616,2775.468,72.9,1.2855,"[1.624, 2.320, 1.987, 1.836, 2.762, 2.206]","[3.553, 4.127, 3.919, 3.625, 4.492, 4.169]","[-5.247, -4.899, -6.061, -5.000, -4.840, -5.932]"
1348,1,28.9160,18.7378,0.141,645,2019,1,40,0.067,100,27.60,50000,2559.55,1,1,24.000(30.000%)(0.429m),41.000(36.177%)(2.250m),59.000(52.059%)(4.179m),45.000(39.706%)(2.679m),23.351(29.188%)(0.359m),22.000(55.000%)(1.286m),16.497(41.242%)(0.696m),324.007,2856.435,72.4,1.3057,"[2.179, 2.749, 2.349, 2.408, 3.173, 2.611]","[3.736, 4.144, 3.819, 4.108, 4.408, 3.850]","[-4.025, 0.793, -1.368, -4.401, 0.820, -0.285]"
1349,1,25.1910,18.8201,0.158,633,1992,0,65,0.067,100,27.65,50000,2530.85,2,1,26.000(32.500%)(0.643m),41.000(36.177%)(2.250m),65.000(57.353%)(4.821m),49.857(43.992%)(3.199m),23.763(29.704%)(0.403m),23.000(57.500%)(1.393m),16.796(41.990%)(0.728m),386.594,3118.670,72.8,1.3588,"[2.125, 2.712, 2.345, 2.385, 3.185, 2.566]","[3.719, 4.176, 3.720, 3.909, 4.433, 3.817]","[-4.791, -0.082, -1.407, -4.735, 1.173, -1.026]"
1350,1,25.2896,18.8758,0.168,630,1986,0,56,0.067,100,27.70,50000,2402.05,3,1,26.000(32.500%)(0.643m),41.000(36.177%)(2.250m),65.000(57.353%)(4.821m),49.000(43.235%)(3.107m),23.879(29.849%)(0.416m),21.000(52.500%)(1.179m),16.857(42.143%)(0.735m),386.594,2936.525,73.0,1.3491,"[2.041, 2.718, 2.341, 2.327, 3.159, 2.608]","[3.770, 4.159, 3.890, 4.158, 4.442, 3.986]","[-4.964, 1.284, -1.492, -4.801, 1.797, -0.401]"
1351,1,20.5097,19.2739,0.171,628,1983,170,84,0.067,100,27.76,50000,2441.22,4,1,21.000(26.250%)(0.107m),40.000(35.294%)(2.143m),58.000(51.177%)(4.071m),40.368(35.619%)(2.182m),19.024(23.780%)(0.000m),19.000(47.500%)(0.964m),13.383(33.458%)(0.362m),275.294,2764.323,73.1,1.3343,"[1.970, 2.561, 2.213, 2.187, 3.005, 2.423]","[3.780, 4.297, 3.839, 3.838, 4.686, 4.093]","[-4.661, 0.296, -0.461, -4.480, 0.361, -0.331]"
1352,1,23.5617,19.7066,0.162,647,2024,110,57,0.067,100,27.81,50000,2540.64,5,1,22.000(27.500%)(0.214m),40.000(35.294%)(2.143m),55.000(48.530%)(3.750m),46.000(40.588%)(2.786m),22.693(28.366%)(0.289m),21.000(52.500%)(1.179m),15.999(39.998%)(0.643m),333.616,2763.504,72.4,1.4080,"[2.120, 2.726, 2.270, 2.340, 3.162, 2.480]","[3.692, 4.309, 3.847, 3.946, 4.579, 4.243]","[-4.710, -0.541, -1.806, -4.418, -0.398, -2.603]"
1353,1,8.2715,19.4203,0.149,513,1609,64,27,0.067,95,27.79,50000,2105.29,0,0,29.000(36.250%)(0.964m),44.000(38.824%)(2.571m),57.491(50.728%)(4.017m),21.515(18.984%)(0.162m),11.455(14.319%)(0.000m),23.000(57.500%)(1.393m),9.762(24.406%)(0.000m),328.433,2831.371,72.6,1.3519,"[1.683, 2.454, 2.168, 1.944, 2.849, 2.345]","[3.681, 4.255, 3.843, 3.922, 4.532, 3.884]","[-6.177, -5.577, -5.012, -5.976, -6.498, -4.706]"
1354,1,10.1549,19.6333,0.162,569,1772,28,114,0.067,95,27.77,50000,2173.60,0,0,21.000(26.250%)(0.107m),38.000(33.530%)(1.929m),50.000(44.118%)(3.214m),25.484(22.486%)(0.588m),12.513(15.641%)(0.000m),18.000(45.000%)(0.857m),9.888(24.720%)(0.000m),258.578,2749.708,72.1,1.3073,"[2.162, 2.568, 2.237, 2.476, 3.010, 2.420]","[3.797, 4.274, 4.034, 4.149, 4.629, 4.461]","[-5.175, -5.278, -5.258, -4.861, -5.094, -4.684]"
1355,1,26.4897,19.6293,0.143,674,2082,22,83,0.066,100,27.82,50000,2646.78,1,1,25.000(31.250%)(0.536m),36.000(31.765%)(1.714m),60.000(52.941%)(4.286m),35.000(30.882%)(1.607m),20.588(25.735%)(0.063m),19.000(47.500%)(0.964m),14.486(36.216%)(0.481m),193.200,3015.262,71.5,1.3514,"[2.182, 2.872, 2.430, 2.413, 3.289, 2.630]","[3.815, 4.355, 3.890, 4.002, 4.583, 3.996]","[-4.596, -0.187, -4.876, -4.665, -0.069, -4.310]"
1356,1,23.9554,19.6990,0.159,622,1968,181,24,0.066,100,27.88,50000,2477.65,2,1,29.000(36.250%)(0.964m),44.000(38.824%)(2.571m),65.000(57.353%)(4.821m),46.000(40.588%)(2.786m),23.017(28.772%)(0.323m),25.000(62.500%)(1.607m),16.234(40.585%)(0.668m),412.515,2872.241,73.2,1.3330,"[2.226, 2.917, 2.540, 2.435, 3.391, 2.803]","[3.522, 3.969, 3.734, 4.164, 4.340, 4.059]","[-3.969, 1.478, 0.200, -4.294, 1.778, 0.434]"
1357,1,23.7373,19.7489,0.146,622,1968,182,14,0.066,100,27.93,50000,2477.24,3,1,29.000(36.250%)(0.964m),44.000(38.824%)(2.571m),65.000(57.353%)(4.821m),48.303(42.620%)(3.032m),22.983(28.729%)(0.320m),23.000(57.500%)(1.393m),16.230(40.576%)(0.668m),417.289,2902.904,73.2,1.4014,"[2.269, 2.932, 2.552, 2.494, 3.398, 2.816]","[3.745, 4.204, 3.940, 4.028, 4.502, 4.317]","[-4.303, 1.453, -3.855, -4.261, 1.945, -3.403]"
1358,1,25.9334,19.7544,0.151,640,2007,0,69,0.066,100,27.98,50000,2447.50,4,1,19.000(23.750%)(0.000m),32.000(28.235%)(1.286m),65.000(57.353%)(4.821m),44.000(38.824%)(2.571m),24.098(30.122%)(0.439m),18.000(45.000%)(0.857m),17.039(42.598%)(0.754m),367.089,3004.318,72.6,1.3612,"[2.380, 2.771, 2.392, 2.695, 3.246, 2.604]","[3.824, 4.308, 4.098, 4.149, 4.572, 4.419]","[-3.759, -4.771, -6.159, -3.682, -4.976, -6.239]"
1359,1,21.4962,19.7205,0.167,651,2033,38,116,0.066,100,28.04,50000,2587.72,5,1,25.000(31.250%)(0.536m),33.000(29.118%)(1.393m),40.000(35.294%)(2.143m),37.000(32.647%)(1.821m),23.193(28.991%)(0.342m),17.000(42.500%)(0.750m),16.361(40.902%)(0.682m),271.157,2736.509,72.3,1.3330,"[1.639, 2.384, 2.068, 1.868, 2.778, 2.286]","[3.858, 4.240, 3.743, 3.958, 4.527, 4.003]","[-5.150, -0.978, -2.574, -4.931, -0.987, -2.209]"
1360,1,27.2894,19.7085,0.153,631,1988,0,53,0.066,100,28.09,50000,2485.49,6,1,26.000(32.500%)(0.643m),41.000(36.177%)(2.250m),65.000(57.353%)(4.821m),44.000(38.824%)(2.571m),23.443(29.304%)(0.369m),23.000(57.500%)(1.393m),16.564(41.410%)(0.703m),386.594,2879.505,72.9,1.3755,"[2.364, 2.762, 2.408, 2.583, 3.281, 2.641]","[3.524, 4.108, 3.966, 4.032, 4.386, 4.299]","[-3.865, 1.358, -1.286, -3.972, 1.605, -0.521]"
1361,1,23.2038,19.7043,0.157,634,1995,171,55,0.066,100,28.14,50000,2568.64,7,1,25.000(31.250%)(0.536m),49.000(43.235%)(3.107m),62.000(54.706%)(4.500m),39.000(34.412%)(2.036m),23.091(28.863%)(0.331m),22.000(55.000%)(1.286m),16.308(40.770%)(0.676m),276.790,2882.585,72.8,1.3569,"[2.156, 2.762, 2.431, 2.374, 3.187, 2.645]","[3.614, 4.182, 3.822, 4.132, 4.476, 4.186]","[-3.909, 0.688, -0.462, -3.969, 0.830, -0.094]"
1362,1,20.6394,19.6681,0.157,644,2016,166,62,0.066,100,28.19,50000,2569.97,8,1,20.000(25.000%)(0.000m),45.000(39.706%)(2.679m),55.000(48.530%)(3.750m),39.000(34.412%)(2.036m),23.045(28.806%)(0.326m),19.000(47.500%)(0.964m),16.275(40.687%)(0.672m),274.893,3057.743,72.5,1.3331,"[2.161, 2.758, 2.374, 2.428, 3.214, 2.549]","[3.850, 4.223, 3.733, 4.104, 4.513, 4.033]","[-4.138, -0.671, -4.220, -4.111, -0.449, -4.178]"
1363,1,22.7564,19.7034,0.148,651,2033,110,81,0.065,100,28.25,50000,2548.57,9,1,21.000(26.250%)(0.107m),43.000(37.941%)(2.464m),63.000(55.588%)(4.607m),40.675(35.890%)(2.215m),19.179(23.974%)(0.000m),16.000(40.000%)(0.643m),13.495(33.737%)(0.374m),391.730,3210.487,72.3,1.3170,"[1.871, 2.590, 2.288, 2.018, 3.052, 2.476]","[3.969, 4.156, 4.373, 3.871, 4.444, 4.735]","[-4.711, -2.899, -5.066, -4.452, -2.168, -4.467]"
1364,1,18.8484,19.9764,0.159,641,2012,38,145,0.065,100,28.30,50000,2565.20,10,1,15.000(18.750%)(0.000m),33.000(29.118%)(1.393m),59.000(52.059%)(4.179m),40.000(35.294%)(2.143m),23.723(29.653%)(0.399m),11.000(27.500%)(0.107m),16.767(41.917%)(0.725m),177.728,2824.416,72.6,1.3602,"[2.120, 2.378, 1.916, 2.414, 2.833, 2.189]","[3.855, 4.224, 3.927, 3.989, 4.616, 4.334]","[-3.461, -5.330, -7.046, -3.688, -4.323, -6.889]"
1365,1,19.1033,19.9499,0.159,625,1976,193,118,0.065,100,28.35,50000,2410.68,11,1,16.000(20.000%)(0.000m),44.000(38.824%)(2.571m),65.000(57.353%)(4.821m),40.253(35.517%)(2.170m),18.965(23.707%)(0.000m),11.000(27.500%)(0.107m),13.329(33.324%)(0.357m),417.289,2879.224,73.2,1.2840,"[1.780, 2.489, 2.120, 2.047, 2.968, 2.381]","[3.729, 4.315, 4.058, 3.838, 4.720, 4.215]","[-5.096, -3.878, -6.960, -4.528, -3.367, -6.620]"
1366,1,26.8914,20.1014,0.158,641,2011,41,41,0.065,100,28.40,50000,2493.51,12,1,23.000(28.750%)(0.321m),44.000(38.824%)(2.571m),62.000(54.706%)(4.500m),34.380(30.336%)(1.541m),15.930(19.912%)(0.000m),20.000(50.000%)(1.071m),11.158(27.895%)(0.124m),401.505,3011.537,72.6,1.3159,"[1.974, 2.570, 2.562, 2.273, 2.994, 2.792]","[3.837, 4.256, 3.903, 4.226, 4.584, 4.194]","[-5.730, -6.809, -1.679, -5.647, -6.750, -0.837]"
1367,1,19.6000,20.0397,0.145,649,2029,191,77,0.065,100,28.46,50000,2520.32,13,1,24.000(30.000%)(0.429m),40.000(35.294%)(2.143m),53.000(46.765%)(3.536m),31.190(27.521%)(1.199m),14.385(17.981%)(0.000m),21.000(52.500%)(1.179m),10.072(25.179%)(0.008m),317.304,2951.645,72.4,1.3051,"[1.914, 2.624, 2.330, 2.120, 3.024, 2.540]","[4.212, 4.325, 3.875, 4.633, 4.588, 4.336]","[-5.016, -5.809, -4.478, -4.925, -5.243, -4.744]"
1368,1,20.0426,20.0416,0.157,628,1982,218,77,0.065,100,28.51,50000,2494.48,14,1,28.000(35.000%)(0.857m),44.000(38.824%)(2.571m),65.000(57.353%)(4.821m),41.950(37.015%)(2.352m),19.824(24.781%)(0.000m),20.000(50.000%)(1.071m),13.959(34.897%)(0.424m),417.289,3096.226,73.0,1.3728,"[2.121, 2.813, 2.517, 2.368, 3.258, 2.780]","[3.935, 4.207, 3.924, 4.030, 4.590, 4.154]","[-5.409, 0.758, -2.456, -5.045, 1.890, -1.370]"
1369,1,23.0488,19.9952,0.162,624,1973,160,58,0.065,100,28.56,50000,2473.71,15,1,21.000(26.250%)(0.107m),40.000(35.294%)(2.143m),57.000(50.294%)(3.964m),46.963(41.438%)(2.889m),22.312(27.890%)(0.248m),19.000(47.500%)(0.964m),15.743(39.357%)(0.615m),285.044,2825.742,73.2,1.3717,"[2.379, 2.869, 2.490, 2.588, 3.361, 2.765]","[4.329, 4.274, 3.869, 4.716, 4.597, 4.355]","[-4.224, 0.363, -2.741, -4.111, 0.283, -2.352]"
1370,1,11.6847,19.8588,0.152,582,1836,66,40,0.065,95,28.54,50000,2308.68,0,0,29.000(36.250%)(0.964m),44.000(38.824%)(2.571m),51.019(45.017%)(3.323m),20.963(18.497%)(0.103m),11.565(14.456%)(0.000m),25.000(62.500%)(1.607m),10.230(25.575%)(0.025m),417.289,2963.575,73.0,1.3847,"[1.764, 2.623, 2.474, 1.997, 3.087, 2.658]","[3.720, 4.303, 3.961, 4.006, 4.565, 4.190]","[-5.915, -6.925, -6.154, -5.812, -6.362, -5.459]"
1371,1,19.9553,19.8532,0.157,650,2031,161,90,0.064,100,28.59,50000,2483.10,1,1,24.000(30.000%)(0.429m),35.000(30.882%)(1.607m),42.000(37.059%)(2.357m),35.329(31.172%)(1.642m),16.426(20.532%)(0.000m),22.000(55.000%)(1.286m),11.510(28.775%)(0.162m),266.908,3105.821,72.3,1.3017,"[1.782, 2.540, 2.431, 2.009, 2.988, 2.646]","[3.811, 4.131, 3.925, 4.156, 4.420, 4.068]","[-5.798, -5.295, -2.022, -6.115, -4.759, -2.462]"
1372,1,1.2503,19.4578,0.152,188,563,13,16,0.064,55,28.57,50000,735.46,0,0,26.000(32.500%)(0.643m),41.000(36.177%)(2.250m),65.000(57.353%)(4.821m),24.864(21.939%)(0.521m),12.387(15.484%)(0.000m),25.000(62.500%)(1.607m),9.914(24.785%)(0.000m),377.326,3618.965,69.4,1.3203,"[1.507, 2.475, 2.559, 1.637, 2.850, 2.608]","[3.840, 4.258, 3.904, 3.938, 4.624, 4.079]","[-5.527, -5.345, -5.335, -5.420, -5.182, -4.901]"
1373,1,27.4983,19.5896,0.149,629,1983,0,53,0.064,100,28.62,50000,2379.20,1,1,26.000(32.500%)(0.643m),41.000(36.177%)(2.250m),65.000(57.353%)(4.821m),41.000(36.177%)(2.250m),24.115(30.144%)(0.441m),23.000(57.500%)(1.393m),17.028(42.571%)(0.753m),346.781,2852.299,73.0,1.2699,"[2.495, 3.102, 2.667, 2.802, 3.509, 2.870]","[3.870, 4.491, 4.066, 4.020, 4.691, 4.225]","[-3.111, 1.065, 0.330, -3.428, 0.973, 0.786]"
1374,1,21.4208,19.5604,0.151,624,1973,170,80,0.064,100,28.68,50000,2489.94,2,1,23.000(28.750%)(0.321m),35.000(30.882%)(1.607m),57.000(50.294%)(3.964m),39.188(34.578%)(2.056m),18.378(22.973%)(0.000m),20.000(50.000%)(1.071m),12.902(32.256%)(0.311m),152.296,2734.096,73.2,1.3548,"[1.827, 2.716, 2.398, 2.061, 3.121, 2.569]","[3.955, 4.269, 3.892, 4.045, 4.540, 4.271]","[-4.894, -1.977, -3.194, -4.694, -2.892, -4.297]"
1375,1,19.8565,19.4199,0.152,644,2018,176,44,0.064,100,28.73,50000,2526.15,3,1,25.000(31.250%)(0.536m),42.000(37.059%)(2.357m),60.000(52.941%)(4.286m),46.135(40.707%)(2.800m),21.895(27.369%)(0.203m),22.000(55.000%)(1.286m),15.423(38.557%)(0.581m),337.958,2955.974,72.5,1.2913,"[2.213, 2.704, 2.380, 2.441, 3.160, 2.589]","[3.850, 4.242, 3.936, 3.865, 4.556, 4.174]","[-4.532, 0.753, -0.588, -4.413, 0.805, -1.427]"
1376,1,27.3350,19.9776,0.160,626,1976,0,54,0.064,100,28.78,50000,2544.96,4,1,25.000(31.250%)(0.536m),41.000(36.177%)(2.250m),65.000(57.353%)(4.821m),41.000(36.177%)(2.250m),23.330(29.163%)(0.357m),22.000(55.000%)(1.286m),16.460(41.151%)(0.692m),377.326,2815.940,73.1,1.3245,"[2.351, 3.016, 2.603, 2.692, 3.505, 2.838]","[3.773, 4.267, 4.019, 4.394, 4.659, 4.406]","[-4.683, 1.120, -1.077, -4.454, 1.369, -0.267]"
1377,1,23.0853,20.4303,0.150,635,1999,5,75,0.064,100,28.83,50000,2437.60,5,1,24.000(30.000%)(0.429m),43.000(37.941%)(2.464m),55.000(48.530%)(3.750m),39.000(34.412%)(2.036m),23.456(29.320%)(0.370m),21.000(52.500%)(1.179m),16.555(41.386%)(0.702m),281.992,2872.462,72.8,1.3119,"[2.230, 2.978, 2.616, 2.487, 3.413, 2.847]","[4.007, 4.448, 4.103, 4.271, 4.817, 4.431]","[-4.389, 0.541, -0.606, -4.437, 0.449, 0.288]"
1378,1,0.2026,20.2208,0.188,150,442,14,0,0.063,50,28.81,50000,561.73,0,0,35.000(43.750%)(1.607m),45.000(39.706%)(2.679m),18.931(16.704%)(0.000m),12.447(10.982%)(0.000m),8.828(11.035%)(0.000m),40.000(100.000%)(3.214m),11.315(28.286%)(0.141m),443.792,3710.914,68.2,1.2845,"[1.737, 2.228, 1.915, 1.856, 2.400, 1.965]","[3.848, 4.369, 3.794, 3.907, 4.649, 3.906]","[-6.049, -7.255, -12.438, -5.667, -7.198, -11.538]"
1379,1,20.8088,20.2700,0.158,626,1978,93,70,0.063,100,28.86,50000,2523.70,1,1,28.000(35.000%)(0.857m),44.000(38.824%)(2.571m),65.000(57.353%)(4.821m),47.000(41.471%)(2.893m),23.017(28.772%)(0.323m),20.000(50.000%)(1.071m),16.234(40.585%)(0.668m),417.289,2862.445,73.1,1.3618,"[2.112, 2.824, 2.475, 2.364, 3.264, 2.710]","[3.573, 4.149, 3.896, 3.931, 4.445, 4.167]","[-4.291, 0.929, -2.596, -4.207, 1.759, -1.648]"
1380,1,21.0619,20.1634,0.146,627,1980,176,84,0.063,100,28.91,50000,2488.06,2,1,24.000(30.000%)(0.429m),44.000(38.824%)(2.571m),65.000(57.353%)(4.821m),47.000(41.471%)(2.893m),22.873(28.591%)(0.308m),17.000(42.500%)(0.750m),16.150(40.375%)(0.659m),417.289,2877.742,73.1,1.3692,"[2.106, 2.798, 2.413, 2.331, 3.247, 2.655]","[3.768, 4.223, 3.854, 3.793, 4.515, 4.082]","[-4.290, 0.347, -2.768, -4.369, 1.481, -1.882]"
1381,1,17.6451,20.0553,0.153,633,1992,140,96,0.063,100,28.96,50000,2507.39,3,1,28.000(35.000%)(0.857m),42.000(37.059%)(2.357m),63.000(55.588%)(4.607m),48.630(42.909%)(3.067m),20.000(25.000%)(0.000m),24.000(60.000%)(1.500m),14.000(35.000%)(0.429m),367.289,3592.608,72.8,1.3046,"[1.977, 2.612, 2.408, 2.228, 3.094, 2.614]","[3.795, 4.239, 3.940, 4.247, 4.563, 4.024]","[-9.669, -2.638, -2.452, -12.177, -1.666, -2.193]"
1382,1,27.2470,20.1921,0.150,653,2036,0,96,0.063,100,29.02,50000,2663.55,4,1,20.000(25.000%)(0.000m),42.000(37.059%)(2.357m),62.000(54.706%)(4.500m),46.000(40.588%)(2.786m),23.625(29.531%)(0.388m),18.000(45.000%)(0.857m),16.673(41.684%)(0.715m),436.925,3138.698,72.2,1.3904,"[2.154, 2.838, 2.503, 2.445, 3.284, 2.691]","[3.744, 4.185, 3.800, 3.767, 4.475, 4.052]","[-4.704, -1.987, -3.389, -4.419, -1.639, -3.167]"
1383,1,24.1392,20.2531,0.154,630,1988,30,82,0.063,100,29.07,50000,2534.19,5,1,23.000(28.750%)(0.321m),45.000(39.706%)(2.679m),62.000(54.706%)(4.500m),40.910(36.097%)(2.240m),19.250(24.062%)(0.000m),20.000(50.000%)(1.071m),13.527(33.818%)(0.378m),371.207,2914.951,73.0,1.2898,"[1.780, 2.687, 2.503, 2.026, 3.121, 2.729]","[3.767, 4.171, 3.839, 3.905, 4.466, 4.017]","[-5.175, -0.160, -1.346, -4.898, -0.047, -0.553]"
1384,1,25.9807,20.7194,0.150,629,1984,0,53,0.063,100,29.12,50000,2508.42,6,1,28.000(35.000%)(0.857m),45.000(39.706%)(2.679m),65.000(57.353%)(4.821m),49.000(43.235%)(3.107m),23.409(29.261%)(0.365m),20.000(50.000%)(1.071m),16.539(41.348%)(0.701m),451.507,2902.129,73.0,1.3493,"[2.248, 2.783, 2.409, 2.418, 3.214, 2.632]","[3.796, 4.216, 3.867, 3.915, 4.499, 3.998]","[-4.110, 0.967, -2.977, -4.189, 1.818, -2.071]"
1385,1,23.4772,20.6502,0.156,651,2031,132,59,0.063,100,29.17,50000,2556.54,7,1,24.000(30.000%)(0.429m),35.000(30.882%)(1.607m),42.000(37.059%)(2.357m),40.000(35.294%)(2.143m),21.339(26.674%)(0.143m),22.000(55.000%)(1.286m),15.048(37.619%)(0.541m),266.908,2806.349,72.2,1.3655,"[1.919, 2.665, 2.230, 2.124, 3.030, 2.417]","[3.662, 4.266, 3.860, 3.906, 4.518, 4.151]","[-4.987, -0.917, -3.192, -4.747, -1.598, -3.732]"
1386,1,25.6381,20.7118,0.148,630,1986,14,64,0.062,100,29.22,50000,2473.98,8,1,25.000(31.250%)(0.536m),39.000(34.412%)(2.036m),51.000(45.000%)(3.321m),40.000(35.294%)(2.143m),24.780(30.975%)(0.512m),22.000(55.000%)(1.286m),17.534(43.835%)(0.807m),249.110,2702.054,73.0,1.3744,"[2.191, 2.858, 2.492, 2.413, 3.300, 2.643]","[3.585, 4.086, 3.967, 3.946, 4.645, 4.357]","[-4.887, -0.591, -2.461, -4.639, -0.548, -3.703]"
1387,1,26.4803,20.8288,0.146,624,1973,77,26,0.062,100,29.27,50000,2468.45,9,1,29.000(36.250%)(0.964m),44.000(38.824%)(2.571m),65.000(57.353%)(4.821m),46.000(40.588%)(2.786m),23.017(28.772%)(0.323m),25.000(62.500%)(1.607m),16.234(40.585%)(0.668m),412.515,2828.796,73.2,1.3506,"[2.078, 2.887, 2.561, 2.295, 3.339, 2.802]","[3.873, 4.220, 4.235, 3.917, 4.579, 4.573]","[-4.424, 1.120, 0.719, -4.285, 1.770, 0.428]"
1388,1,23.6663,20.8569,0.135,623,1972,178,19,0.062,100,29.32,50000,2465.42,10,1,28.000(35.000%)(0.857m),47.000(41.471%)(2.893m),63.000(55.588%)(4.607m),48.626(42.906%)(3.067m),23.146(28.932%)(0.337m),23.000(57.500%)(1.393m),16.327(40.817%)(0.678m),476.398,2964.209,73.2,1.3288,"[2.271, 2.897, 2.513, 2.517, 3.380, 2.795]","[4.148, 4.412, 3.893, 4.197, 4.687, 4.150]","[-3.973, 1.057, -3.412, -4.013, 1.505, -2.719]"
1389,1,24.0592,20.8991,0.139,638,2003,0,41,0.062,100,29.37,50000,2588.91,11,1,25.000(31.250%)(0.536m),40.000(35.294%)(2.143m),63.000(55.588%)(4.607m),45.000(39.706%)(2.679m),24.115(30.144%)(0.441m),22.000(55.000%)(1.286m),17.028(42.571%)(0.753m),328.990,3071.839,72.7,1.3892,"[2.200, 2.921, 2.606, 2.537, 3.385, 2.855]","[3.662, 4.342, 4.043, 4.142, 4.620, 4.255]","[-4.449, 1.519, -0.974, -4.391, 2.012, 0.177]"
1390,1,23.0187,20.7867,0.139,644,2019,28,80,0.062,100,29.42,50000,2545.12,12,1,24.000(30.000%)(0.429m),46.000(40.588%)(2.786m),65.000(57.353%)(4.821m),41.000(36.177%)(2.250m),22.877(28.596%)(0.308m),20.000(50.000%)(1.071m),16.133(40.331%)(0.657m),425.586,3099.233,72.6,1.3531,"[2.118, 2.748, 2.462, 2.400, 3.221, 2.711]","[3.886, 4.385, 4.053, 3.943, 4.676, 4.129]","[-4.243, 0.852, -1.716, -4.173, 1.478, -0.724]"
1391,1,24.9670,20.8581,0.149,626,1978,107,42,0.062,100,29.48,50000,2511.55,13,1,24.000(30.000%)(0.429m),36.000(31.765%)(1.714m),53.000(46.765%)(3.536m),39.000(34.412%)(2.036m),19.380(24.225%)(0.000m),22.000(55.000%)(1.286m),13.621(34.053%)(0.388m),183.172,2718.690,73.1,1.3260,"[1.860, 2.619, 2.398, 2.078, 3.063, 2.603]","[3.758, 4.360, 3.963, 3.859, 4.677, 4.115]","[-5.027, -2.057, -1.062, -4.802, -1.912, -0.982]"
1392,1,2.9379,20.4166,0.155,360,1111,100,26,0.062,80,29.45,50000,1404.32,0,0,11.000(13.750%)(0.000m),18.000(15.882%)(0.000m),66.000(58.235%)(4.929m),42.000(37.059%)(2.357m),21.860(27.324%)(0.199m),11.000(27.500%)(0.107m),15.397(38.493%)(0.578m),361.156,3567.899,71.4,1.3355,"[1.644, 2.558, 2.227, 1.862, 2.935, 2.479]","[3.785, 4.154, 3.751, 3.864, 4.446, 4.063]","[-12.750, -5.344, -5.562, -11.287, -5.160, -5.258]"
1393,1,21.0687,20.6019,0.154,648,2025,170,86,0.062,100,29.50,50000,2537.33,1,1,21.000(26.250%)(0.107m),36.000(31.765%)(1.714m),51.000(45.000%)(3.321m),47.000(41.471%)(2.893m),22.360(27.950%)(0.253m),20.000(50.000%)(1.071m),15.778(39.444%)(0.619m),286.537,2771.417,72.3,1.3254,"[2.180, 2.670, 2.252, 2.375, 3.092, 2.434]","[3.554, 4.132, 3.913, 4.144, 4.462, 4.201]","[-4.160, -0.646, -5.342, -4.237, -1.146, -4.571]"
1394,1,17.6729,20.5237,0.154,676,2091,235,69,0.061,100,29.56,50000,2646.60,2,1,29.000(36.250%)(0.964m),41.000(36.177%)(2.250m),51.000(45.000%)(3.321m),38.489(33.961%)(1.981m),18.025(22.531%)(0.000m),21.000(52.500%)(1.179m),12.649(31.622%)(0.284m),227.137,3434.382,71.6,1.3829,"[1.465, 2.471, 2.140, 1.615, 2.875, 2.375]","[4.076, 4.374, 3.998, 4.051, 4.679, 4.007]","[-5.085, -1.580, -3.713, -4.758, -1.739, -2.891]"
1395,1,22.6352,20.8108,0.137,625,1976,223,12,0.061,100,29.61,50000,2475.59,3,1,32.000(40.000%)(1.286m),53.000(46.765%)(3.536m),58.000(51.177%)(4.071m),44.000(38.824%)(2.571m),23.126(28.908%)(0.335m),23.000(57.500%)(1.393m),16.326(40.814%)(0.678m),339.876,2922.475,73.2,1.3356,"[2.072, 2.830, 2.507, 2.246, 3.258, 2.705]","[3.836, 4.270, 3.776, 3.980, 4.539, 3.748]","[-3.792, 0.717, -1.358, -4.161, 0.714, -0.558]"
1396,1,21.2300,20.7656,0.135,628,1981,170,51,0.061,100,29.66,50000,2451.00,4,1,26.000(32.500%)(0.643m),44.000(38.824%)(2.571m),65.000(57.353%)(4.821m),47.000(41.471%)(2.893m),22.497(28.121%)(0.267m),20.000(50.000%)(1.071m),15.877(39.692%)(0.630m),417.289,2918.063,73.0,1.3290,"[2.185, 2.809, 2.485, 2.449, 3.273, 2.701]","[3.542, 3.941, 3.847, 4.162, 4.286, 4.136]","[-4.261, 1.598, -3.482, -4.248, 1.778, -3.266]"
1397,1,1.5518,20.6501,0.139,188,565,13,14,0.061,55,29.63,50000,744.81,0,0,29.000(36.250%)(0.964m),44.000(38.824%)(2.571m),65.000(57.353%)(4.821m),24.432(21.557%)(0.475m),12.172(15.215%)(0.000m),25.000(62.500%)(1.607m),9.741(24.354%)(0.000m),417.289,3684.759,69.5,1.4204,"[1.581, 2.374, 2.385, 1.701, 2.719, 2.464]","[3.815, 4.141, 3.775, 3.859, 4.413, 4.157]","[-5.695, -5.924, -5.618, -5.695, -5.729, -5.334]"
1398,1,22.7196,20.5262,0.139,639,2007,83,62,0.061,100,29.69,50000,2482.67,1,1,28.000(35.000%)(0.857m),44.000(38.824%)(2.571m),48.000(42.353%)(3.000m),35.000(30.882%)(1.607m),23.017(28.772%)(0.323m),20.000(50.000%)(1.071m),16.234(40.585%)(0.668m),325.276,2853.476,72.7,1.3298,"[1.925, 2.755, 2.389, 2.269, 3.188, 2.612]","[4.109, 4.071, 3.678, 4.331, 4.412, 4.141]","[-4.689, -1.590, -3.843, -4.484, -1.577, -3.601]"
1399,1,1.6017,20.0544,0.148,230,660,14,24,0.061,60,29.66,50000,908.38,0,0,26.000(32.500%)(0.643m),52.000(45.882%)(3.429m),72.000(63.530%)(5.571m),26.110(23.039%)(0.655m),12.629(15.787%)(0.000m),23.000(57.500%)(1.393m),9.853(24.634%)(0.000m),626.061,4626.446,66.4,1.3672,"[2.250, 2.700, 2.615, 2.420, 3.093, 2.728]","[4.106, 4.196, 3.882, 4.044, 4.617, 4.122]","[-5.783, -5.252, -5.719, -5.515, -4.906, -5.232]"
1400,1,21.7375,19.9833,0.143,640,2008,155,31,0.061,100,29.71,50000,2466.59,1,1,24.000(30.000%)(0.429m),41.000(36.177%)(2.250m),63.000(55.588%)(4.607m),42.223(37.255%)(2.381m),19.915(24.893%)(0.000m),22.000(55.000%)(1.286m),14.003(35.008%)(0.429m),423.408,2865.415,72.6,1.3356,"[2.089, 2.795, 2.531, 2.303, 3.230, 2.701]","[3.552, 4.325, 4.077, 3.924, 4.642, 4.198]","[-4.813, -0.960, -0.853, -4.546, -0.551, -0.676]"
1401,1,22.5430,20.0240,0.159,627,1981,223,28,0.061,100,29.76,50000,2493.74,2,1,29.000(36.250%)(0.964m),44.000(38.824%)(2.571m),57.000(50.294%)(3.964m),38.000(33.530%)(1.929m),22.404(28.005%)(0.258m),24.000(60.000%)(1.500m),15.810(39.524%)(0.622m),268.567,2803.546,73.1,1.3682,"[1.935, 2.808, 2.592, 2.192, 3.227, 2.778]","[3.801, 4.306, 3.910, 4.208, 4.600, 4.152]","[-4.584, -1.212, -0.130, -4.578, -1.195, 0.334]"
1402,1,6.0889,19.6745,0.136,349,1082,1,25,0.061,80,29.74,50000,1340.97,0,0,13.000(16.250%)(0.000m),26.000(22.941%)(0.643m),59.000(52.059%)(4.179m),40.000(35.294%)(2.143m),23.646(29.558%)(0.391m),10.000(25.000%)(0.000m),16.689(41.722%)(0.717m),293.859,3137.867,71.7,1.3374,"[1.429, 2.136, 1.858, 1.476, 2.511, 2.040]","[3.838, 4.367, 3.998, 3.824, 4.687, 4.094]","[-5.814, -5.981, -6.625, -6.295, -5.145, -6.016]"
1403,1,21.9335,19.9478,0.142,627,1981,193,43,0.060,100,29.79,50000,2514.86,1,1,29.000(36.250%)(0.964m),44.000(38.824%)(2.571m),65.000(57.353%)(4.821m),40.312(35.570%)(2.176m),18.995(23.744%)(0.000m),21.000(52.500%)(1.179m),13.351(33.378%)(0.359m),417.289,2907.941,73.1,1.3686,"[1.846, 2.731, 2.345, 2.071, 3.168, 2.591]","[3.944, 4.319, 3.979, 4.424, 4.591, 4.171]","[-4.898, -0.533, -5.502, -4.607, -0.342, -4.816]"
1404,1,21.2683,20.1701,0.152,685,2107,117,84,0.060,100,29.84,50000,2641.84,2,1,25.000(31.250%)(0.536m),36.000(31.765%)(1.714m),42.000(37.059%)(2.357m),40.611(35.833%)(2.208m),19.099(23.873%)(0.000m),20.000(50.000%)(1.071m),13.419(33.546%)(0.366m),183.172,2628.588,71.2,1.3529,"[1.868, 2.589, 2.358, 2.011, 2.988, 2.538]","[3.841, 4.262, 4.315, 4.027, 4.555, 4.706]","[-4.783, -2.171, -2.205, -4.307, -1.929, -2.388]"
1405,1,26.5042,20.1703,0.143,625,1975,0,15,0.060,100,29.89,50000,2505.68,3,1,28.000(35.000%)(0.857m),52.000(45.882%)(3.429m),74.000(65.294%)(5.786m),49.434(43.618%)(3.154m),23.551(29.438%)(0.380m),25.000(62.500%)(1.607m),16.620(41.550%)(0.709m),608.304,3137.589,73.1,1.3818,"[2.336, 2.957, 2.647, 2.575, 3.427, 2.818]","[3.568, 4.164, 3.878, 3.980, 4.493, 4.102]","[-3.760, 1.217, 0.447, -4.253, 2.083, 0.685]"
1406,1,20.9771,20.1108,0.137,627,1980,189,65,0.060,100,29.94,50000,2484.00,4,1,28.000(35.000%)(0.857m),44.000(38.824%)(2.571m),65.000(57.353%)(4.821m),32.115(28.337%)(1.298m),14.814(18.517%)(0.000m),20.000(50.000%)(1.071m),10.374(25.934%)(0.040m),310.391,2821.476,73.1,1.3917,"[1.502, 2.673, 2.541, 1.768, 3.157, 2.755]","[3.689, 4.125, 3.781, 3.989, 4.516, 4.087]","[-5.447, -4.427, -2.051, -5.008, -3.653, -0.985]"
1407,1,23.5831,20.1077,0.154,622,1968,182,38,0.060,100,29.99,50000,2458.90,5,1,28.000(35.000%)(0.857m),44.000(38.824%)(2.571m),65.000(57.353%)(4.821m),46.000(40.588%)(2.786m),22.921(28.651%)(0.313m),24.000(60.000%)(1.500m),16.185(40.462%)(0.663m),417.289,2874.722,73.2,1.3555,"[2.202, 2.884, 2.593, 2.460, 3.358, 2.804]","[3.729, 4.180, 3.853, 4.086, 4.522, 4.273]","[-4.566, 1.016, 0.799, -4.488, 1.859, 0.562]"
1408,1,25.4797,20.0986,0.154,624,1973,32,84,0.060,100,30.04,50000,2426.63,6,1,25.000(31.250%)(0.536m),49.000(43.235%)(3.107m),65.000(57.353%)(4.821m),40.714(35.924%)(2.219m),19.151(23.939%)(0.000m),20.000(50.000%)(1.071m),13.456(33.640%)(0.370m),469.507,2906.592,73.2,1.3070,"[2.129, 2.817, 2.431, 2.431, 3.323, 2.688]","[3.623, 4.082, 4.005, 4.014, 4.436, 4.376]","[-5.093, 0.630, -2.676, -4.665, 1.705, -1.494]"
1409,1,24.3696,20.1561,0.143,626,1978,84,77,0.060,100,30.09,50000,2455.40,7,1,26.000(32.500%)(0.643m),40.000(35.294%)(2.143m),53.000(46.765%)(3.536m),46.000(40.588%)(2.786m),23.017(28.772%)(0.323m),20.000(50.000%)(1.071m),16.234(40.585%)(0.668m),286.026,2797.617,73.1,1.3305,"[1.955, 2.786, 2.447, 2.183, 3.216, 2.621]","[3.903, 4.268, 3.875, 4.037, 4.550, 4.109]","[-4.821, -0.763, -3.996, -4.803, -0.582, -5.485]"
1410,1,20.5128,20.0206,0.157,625,1976,144,56,0.060,100,30.14,50000,2454.08,8,1,25.000(31.250%)(0.536m),36.000(31.765%)(1.714m),53.000(46.765%)(3.536m),40.000(35.294%)(2.143m),19.169(23.962%)(0.000m),27.000(67.500%)(1.821m),13.469(33.673%)(0.372m),183.172,2708.949,73.2,1.3513,"[1.482, 2.504, 2.486, 1.645, 2.911, 2.653]","[3.716, 4.155, 3.820, 3.959, 4.409, 3.973]","[-4.907, -2.891, -1.356, -5.066, -2.706, -2.010]"
1411,1,22.3179,20.0028,0.146,622,1968,162,98,0.059,100,30.19,50000,2436.93,9,1,24.000(30.000%)(0.429m),44.000(38.824%)(2.571m),65.000(57.353%)(4.821m),46.000(40.588%)(2.786m),22.918(28.647%)(0.313m),20.000(50.000%)(1.071m),16.183(40.457%)(0.662m),412.515,2827.257,73.2,1.3158,"[2.352, 2.935, 2.537, 2.605, 3.371, 2.742]","[3.616, 4.140, 3.868, 3.901, 4.539, 4.262]","[-4.050, 0.976, -2.544, -4.074, 1.910, -1.610]"
1412,1,3.4186,19.6584,0.127,353,1095,92,37,0.059,80,30.17,50000,1380.90,0,0,12.000(15.000%)(0.000m),21.000(18.529%)(0.107m),65.000(57.353%)(4.821m),46.000(40.588%)(2.786m),23.017(28.772%)(0.323m),11.000(27.500%)(0.107m),16.234(40.585%)(0.668m),417.289,3176.751,71.8,1.3254,"[1.919, 2.380, 1.989, 2.113, 2.803, 2.153]","[3.567, 4.299, 3.992, 3.733, 4.632, 4.079]","[-9.282, -5.387, -5.624, -8.776, -5.675, -6.457]"
1413,1,10.1190,19.4057,0.136,538,1693,89,79,0.059,95,30.15,50000,2097.99,0,0,25.000(31.250%)(0.536m),44.000(38.824%)(2.571m),65.000(57.353%)(4.821m),24.543(21.656%)(0.487m),12.227(15.284%)(0.000m),20.000(50.000%)(1.071m),9.786(24.465%)(0.000m),417.289,2855.073,72.8,1.2963,"[1.970, 2.469, 2.180, 2.236, 2.937, 2.420]","[3.876, 4.311, 3.800, 3.978, 4.554, 3.953]","[-6.046, -5.799, -6.413, -5.910, -5.491, -5.538]"
1414,1,22.5024,19.4788,0.143,635,1997,126,76,0.059,100,30.20,50000,2534.16,1,1,27.000(33.750%)(0.750m),42.000(37.059%)(2.357m),61.000(53.824%)(4.393m),40.554(35.783%)(2.202m),19.070(23.837%)(0.000m),20.000(50.000%)(1.071m),13.398(33.495%)(0.364m),333.156,2821.767,72.8,1.3563,"[1.885, 2.820, 2.580, 2.081, 3.265, 2.804]","[3.745, 4.229, 3.906, 4.158, 4.536, 4.215]","[-5.133, 1.045, -2.508, -4.918, 1.859, -1.388]"
1415,1,7.4960,19.2466,0.147,507,1582,42,82,0.059,90,30.18,50000,1957.43,0,0,28.000(35.000%)(0.857m),20.000(17.647%)(0.000m),19.000(16.765%)(0.000m),20.000(17.647%)(0.000m),23.265(29.081%)(0.350m),20.000(50.000%)(1.071m),16.413(41.033%)(0.687m),0.000,2658.541,72.2,1.3454,"[1.544, 1.988, 1.605, 1.636, 2.419, 1.864]","[4.108, 4.394, 4.113, 4.130, 4.656, 4.115]","[-6.086, -6.478, -8.425, -7.009, -6.142, -6.894]"
1416,1,26.3262,19.2353,0.138,629,1984,36,54,0.059,100,30.23,50000,2539.33,1,1,26.000(32.500%)(0.643m),44.000(38.824%)(2.571m),57.000(50.294%)(3.964m),40.536(35.767%)(2.200m),19.061(23.826%)(0.000m),23.000(57.500%)(1.393m),13.392(33.479%)(0.363m),292.766,2826.365,73.0,1.3533,"[2.114, 2.862, 2.620, 2.303, 3.319, 2.803]","[3.804, 4.218, 3.981, 3.866, 4.561, 4.277]","[-4.940, -0.107, 0.413, -4.715, -0.117, 0.229]"
1417,1,25.3680,19.3507,0.130,657,2044,21,96,0.059,100,30.28,50000,2564.38,2,1,22.000(27.500%)(0.214m),34.000(30.000%)(1.500m),42.000(37.059%)(2.357m),44.000(38.824%)(2.571m),25.229(31.537%)(0.560m),21.000(52.500%)(1.179m),17.862(44.656%)(0.842m),231.263,3002.214,72.0,1.3114,"[2.336, 2.837, 2.374, 2.570, 3.245, 2.574]","[3.891, 4.257, 3.908, 3.959, 4.560, 4.210]","[-4.488, -0.602, -2.689, -4.777, -0.888, -3.142]"
1418,1,23.7483,19.4248,0.143,654,2038,166,101,0.059,100,30.32,50000,2553.67,3,1,22.000(27.500%)(0.214m),40.000(35.294%)(2.143m),57.000(50.294%)(3.964m),43.000(37.941%)(2.464m),22.359(27.949%)(0.253m),19.000(47.500%)(0.964m),15.777(39.443%)(0.619m),290.862,2939.986,72.1,1.3299,"[2.265, 2.793, 2.404, 2.523, 3.224, 2.611]","[4.050, 4.245, 4.129, 4.018, 4.671, 4.280]","[-4.540, -0.560, -1.501, -4.538, -0.240, -2.279]"
1419,1,9.1433,19.1467,0.144,497,1558,95,14,0.058,90,30.30,50000,1961.07,0,0,29.000(36.250%)(0.964m),44.000(38.824%)(2.571m),26.298(23.204%)(0.675m),15.681(13.836%)(0.000m),10.386(12.982%)(0.000m),25.000(62.500%)(1.607m),11.741(29.353%)(0.187m),417.289,3001.091,72.5,1.2989,"[1.729, 2.514, 2.037, 1.992, 2.909, 2.252]","[3.728, 4.309, 3.799, 3.991, 4.605, 4.156]","[-6.199, -5.599, -7.155, -5.967, -6.896, -6.647]"
1420,1,22.6342,19.3657,0.157,626,1978,195,29,0.058,100,30.35,50000,2463.56,1,1,29.000(36.250%)(0.964m),44.000(38.824%)(2.571m),65.000(57.353%)(4.821m),40.362(35.614%)(2.182m),18.973(23.716%)(0.000m),23.000(57.500%)(1.393m),13.340(33.350%)(0.358m),308.532,2829.831,73.1,1.3534,"[1.855, 2.953, 2.733, 2.101, 3.351, 2.947]","[3.864, 4.442, 4.222, 4.121, 4.820, 4.507]","[-4.820, -0.860, -0.305, -4.432, -0.583, 0.432]"
1421,1,-0.2532,18.9615,0.140,171,504,14,10,0.058,55,30.33,50000,711.77,0,0,29.000(36.250%)(0.964m),44.000(38.824%)(2.571m),65.000(57.353%)(4.821m),26.104(23.033%)(0.654m),12.626(15.783%)(0.000m),40.000(100.000%)(3.214m),9.851(24.628%)(0.000m),417.289,3901.168,68.2,1.3231,"[1.190, 1.848, 1.928, 1.420, 2.094, 1.874]","[3.851, 4.376, 3.990, 3.949, 4.693, 4.014]","[-5.936, -5.570, -5.442, -5.447, -6.040, -5.302]"
1422,1,19.8924,19.3343,0.151,625,1976,130,75,0.058,100,30.38,50000,2414.32,1,1,28.000(35.000%)(0.857m),44.000(38.824%)(2.571m),55.000(48.530%)(3.750m),42.000(37.059%)(2.357m),22.860(28.575%)(0.306m),20.000(50.000%)(1.071m),16.120(40.300%)(0.656m),324.833,2864.617,73.2,1.3571,"[2.395, 2.878, 2.455, 2.669, 3.314, 2.631]","[3.936, 4.279, 3.860, 4.058, 4.532, 4.097]","[-4.093, 0.416, -2.644, -4.007, 0.357, -1.645]"
1423,1,26.5322,19.3150,0.149,655,2041,18,86,0.058,100,30.43,50000,2657.68,2,1,26.000(32.500%)(0.643m),38.000(33.530%)(1.929m),49.000(43.235%)(3.107m),44.000(38.824%)(2.571m),24.974(31.218%)(0.533m),19.000(47.500%)(0.964m),17.653(44.134%)(0.820m),411.477,2825.177,72.1,1.4268,"[2.327, 2.809, 2.403, 2.588, 3.272, 2.596]","[3.893, 4.179, 3.940, 4.004, 4.520, 4.201]","[-4.601, 0.385, -2.651, -4.756, 1.489, -1.597]"
1424,1,24.8695,19.3840,0.149,627,1979,59,53,0.058,100,30.48,50000,2549.40,3,1,25.000(31.250%)(0.536m),41.000(36.177%)(2.250m),65.000(57.353%)(4.821m),41.082(36.249%)(2.259m),19.486(24.358%)(0.000m),23.000(57.500%)(1.393m),13.698(34.244%)(0.396m),377.326,2871.221,73.1,1.3453,"[2.160, 2.816, 2.542, 2.485, 3.296, 2.762]","[3.809, 4.163, 3.839, 4.111, 4.582, 4.168]","[-6.332, -1.919, 0.903, -6.036, -0.981, 0.576]"
1425,1,24.6656,19.4802,0.144,653,2037,103,31,0.058,100,30.53,50000,2537.02,4,1,29.000(36.250%)(0.964m),47.000(41.471%)(2.893m),61.000(53.824%)(4.393m),35.593(31.405%)(1.671m),16.565(20.706%)(0.000m),22.000(55.000%)(1.286m),11.609(29.023%)(0.172m),353.573,2972.924,72.2,1.3405,"[2.020, 2.900, 2.692, 2.264, 3.357, 2.900]","[3.751, 4.357, 4.085, 4.163, 4.662, 4.317]","[-5.094, -3.312, -1.829, -4.920, -2.937, -1.070]"
1426,1,24.7081,19.4276,0.150,629,1985,102,22,0.058,100,30.58,50000,2482.08,5,1,28.000(35.000%)(0.857m),41.000(36.177%)(2.250m),52.000(45.882%)(3.429m),41.000(36.177%)(2.250m),23.177(28.972%)(0.340m),25.000(62.500%)(1.607m),16.350(40.874%)(0.680m),315.983,2823.162,73.0,1.3766,"[2.090, 2.963, 2.621, 2.306, 3.397, 2.817]","[3.686, 4.249, 3.996, 3.902, 4.792, 4.628]","[-4.756, -0.714, -1.255, -4.663, -0.561, -2.833]"
1427,1,22.1522,19.4090,0.140,624,1975,213,70,0.058,100,30.62,50000,2394.18,6,1,28.000(35.000%)(0.857m),44.000(38.824%)(2.571m),53.000(46.765%)(3.536m),40.000(35.294%)(2.143m),18.853(23.566%)(0.000m),20.000(50.000%)(1.071m),13.243(33.107%)(0.347m),260.353,2757.198,73.2,1.2928,"[1.948, 2.680, 2.358, 2.141, 3.165, 2.568]","[3.736, 4.102, 3.863, 3.848, 4.464, 4.157]","[-5.164, -1.091, -4.059, -4.788, -1.277, -3.538]"
1428,1,20.6971,19.8189,0.151,624,1973,193,67,0.057,100,30.67,50000,2411.23,7,1,28.000(35.000%)(0.857m),44.000(38.824%)(2.571m),65.000(57.353%)(4.821m),40.301(35.560%)(2.175m),18.971(23.713%)(0.000m),20.000(50.000%)(1.071m),14.055(35.138%)(0.434m),310.391,2821.964,73.2,1.3294,"[1.955, 2.956, 2.627, 2.191, 3.383, 2.843]","[3.583, 4.281, 3.958, 3.904, 4.575, 4.172]","[-4.756, 0.442, -2.184, -4.769, 0.739, -1.332]"
1429,1,0.5248,19.4132,0.160,162,461,3,13,0.057,50,30.65,50000,666.89,0,0,23.000(28.750%)(0.321m),25.000(22.059%)(0.536m),39.000(34.412%)(2.036m),81.814(72.189%)(6.623m),45.136(56.420%)(2.693m),40.000(100.000%)(3.214m),39.925(99.813%)(3.206m),0.000,3503.443,65.9,1.3161,"[1.972, 2.040, 1.326, 1.842, 2.024, 1.207]","[3.876, 4.265, 3.925, 3.834, 4.639, 4.049]","[-5.642, -7.395, -10.422, -6.587, -7.561, -9.209]"
1430,1,22.2809,19.4376,0.143,625,1976,197,39,0.057,100,30.70,50000,2447.97,1,1,29.000(36.250%)(0.964m),44.000(38.824%)(2.571m),65.000(57.353%)(4.821m),46.780(41.277%)(2.869m),22.555(28.194%)(0.274m),20.000(50.000%)(1.071m),15.919(39.799%)(0.634m),417.289,2873.244,73.2,1.2962,"[2.094, 2.817, 2.384, 2.290, 3.248, 2.600]","[4.011, 4.312, 3.857, 4.614, 4.636, 4.327]","[-4.727, -1.002, -3.598, -4.721, -0.509, -3.110]"
1431,1,-0.0253,19.0841,0.143,210,626,14,0,0.057,60,30.68,50000,838.39,0,0,32.000(40.000%)(1.286m),60.000(52.941%)(4.286m),72.551(64.016%)(5.630m),25.939(22.887%)(0.636m),12.546(15.683%)(0.000m),24.000(60.000%)(1.500m),9.789(24.472%)(0.000m),773.236,4116.586,69.0,1.3866,"[1.804, 2.522, 2.447, 2.011, 2.935, 2.590]","[3.593, 4.064, 3.610, 3.633, 4.384, 3.856]","[-5.798, -5.795, -5.152, -5.646, -5.414, -5.187]"
1432,1,23.1848,19.0029,0.142,641,2009,0,65,0.057,100,30.73,50000,2563.60,1,1,26.000(32.500%)(0.643m),46.000(40.588%)(2.786m),66.000(58.235%)(4.929m),48.944(43.186%)(3.101m),23.305(29.131%)(0.354m),23.000(57.500%)(1.393m),16.464(41.159%)(0.693m),490.920,3234.819,72.5,1.3707,"[2.311, 2.836, 2.500, 2.556, 3.313, 2.705]","[3.766, 4.165, 3.799, 4.192, 4.583, 4.139]","[-3.984, 0.435, 0.484, -5.375, 1.363, 0.714]"
1433,1,22.7658,18.9754,0.141,623,1972,192,61,0.057,100,30.77,50000,2440.11,2,1,28.000(35.000%)(0.857m),44.000(38.824%)(2.571m),64.000(56.471%)(4.714m),46.000(40.588%)(2.786m),23.017(28.772%)(0.323m),20.000(50.000%)(1.071m),16.234(40.585%)(0.668m),417.289,2829.776,73.2,1.3947,"[2.049, 2.865, 2.509, 2.286, 3.319, 2.706]","[3.588, 4.033, 3.800, 3.816, 4.268, 4.097]","[-4.678, 0.437, -3.189, -4.460, 1.510, -2.067]"
1434,1,27.2759,19.0013,0.131,624,1973,0,44,0.057,100,30.82,50000,2456.64,3,1,24.000(30.000%)(0.429m),43.000(37.941%)(2.464m),68.000(60.000%)(5.143m),48.827(43.083%)(3.089m),23.680(29.600%)(0.394m),21.000(52.500%)(1.179m),16.736(41.840%)(0.722m),371.946,2890.091,73.2,1.2936,"[2.418, 3.002, 2.543, 2.677, 3.473, 2.804]","[3.727, 4.172, 3.974, 4.046, 4.553, 4.464]","[-4.325, 0.579, -4.164, -4.279, 1.013, -4.203]"
1435,1,20.0294,18.9324,0.144,628,1983,107,39,0.057,100,30.87,50000,2541.35,4,1,29.000(36.250%)(0.964m),44.000(38.824%)(2.571m),60.000(52.941%)(4.286m),43.000(37.941%)(2.464m),22.544(28.180%)(0.273m),22.000(55.000%)(1.286m),15.892(39.729%)(0.631m),340.357,2839.771,73.1,1.3969,"[2.072, 2.995, 2.605, 2.343, 3.446, 2.795]","[3.725, 4.134, 4.140, 4.070, 4.532, 4.436]","[-4.646, 1.260, -0.922, -4.589, 1.401, -0.105]"
1436,1,27.6713,18.9730,0.144,659,2048,0,52,0.057,100,30.92,50000,2530.20,5,1,24.000(30.000%)(0.429m),41.000(36.177%)(2.250m),61.000(53.824%)(4.393m),39.000(34.412%)(2.036m),23.923(29.904%)(0.420m),22.000(55.000%)(1.286m),16.912(42.281%)(0.741m),300.575,3056.294,71.9,1.2721,"[2.291, 3.111, 2.743, 2.557, 3.565, 2.929]","[3.732, 4.266, 4.015, 4.331, 4.754, 4.283]","[-4.615, 0.544, 0.670, -4.508, 0.999, 0.853]"
1437,1,2.9022,18.5015,0.146,351,1089,68,55,0.056,80,30.90,50000,1402.09,0,0,11.000(13.750%)(0.000m),16.000(14.118%)(0.000m),26.000(22.941%)(0.643m),47.000(41.471%)(2.893m),23.064(28.830%)(0.328m),12.000(30.000%)(0.214m),16.270(40.675%)(0.672m),264.943,3104.247,71.8,1.3688,"[1.950, 2.580, 2.009, 2.270, 2.949, 2.298]","[3.795, 4.304, 3.854, 4.009, 4.625, 4.074]","[-10.431, -5.698, -6.644, -8.285, -5.814, -5.962]"
1438,1,28.0729,18.5896,0.154,631,1988,0,47,0.056,100,30.95,50000,2403.08,1,1,23.000(28.750%)(0.321m),46.000(40.588%)(2.786m),63.000(55.588%)(4.607m),46.000(40.588%)(2.786m),23.943(29.929%)(0.423m),21.000(52.500%)(1.179m),16.904(42.260%)(0.740m),427.237,2868.186,72.9,1.2919,"[2.286, 2.978, 2.604, 2.520, 3.397, 2.819]","[3.737, 4.213, 4.266, 4.215, 4.548, 4.584]","[-4.182, 1.437, -0.004, -4.378, 1.703, -0.106]"
1439,1,23.2598,18.5736,0.146,624,1973,116,87,0.056,100,30.99,50000,2439.24,2,1,28.000(35.000%)(0.857m),41.000(36.177%)(2.250m),55.000(48.530%)(3.750m),40.909(36.096%)(2.240m),19.250(24.062%)(0.000m),20.000(50.000%)(1.071m),13.527(33.817%)(0.378m),258.024,2734.581,73.2,1.3319,"[1.906, 2.861, 2.647, 2.094, 3.278, 2.808]","[3.954, 4.239, 3.823, 4.199, 4.571, 4.066]","[-4.991, -0.532, -1.101, -4.789, -0.363, -2.220]"
1440,1,21.0163,18.5336,0.148,632,1990,194,76,0.056,100,31.04,50000,2562.20,3,1,24.000(30.000%)(0.429m),42.000(37.059%)(2.357m),63.000(55.588%)(4.607m),39.277(34.656%)(2.065m),18.423(23.029%)(0.000m),20.000(50.000%)(1.071m),12.935(32.336%)(0.314m),367.289,3049.216,72.9,1.4115,"[1.995, 2.744, 2.563, 2.230, 3.214, 2.765]","[3.802, 4.233, 3.875, 3.950, 4.540, 4.123]","[-4.956, -1.955, -2.960, -4.540, -1.855, -1.783]"
1441,1,1.4455,18.0632,0.152,368,1133,9,45,0.056,80,31.02,50000,1421.54,0,0,11.000(13.750%)(0.000m),18.000(15.882%)(0.000m),59.000(52.059%)(4.179m),41.000(36.177%)(2.250m),26.160(32.701%)(0.660m),11.000(27.500%)(0.107m),18.519(46.299%)(0.913m),308.292,3319.039,71.2,1.3521,"[1.697, 2.326, 1.897, 1.932, 2.686, 2.051]","[4.077, 4.309, 3.977, 4.097, 4.632, 4.058]","[-11.499, -6.031, -7.430, -10.398, -5.456, -7.225]"
1442,1,23.7167,18.4787,0.140,627,1981,111,86,0.056,100,31.07,50000,2403.43,1,1,25.000(31.250%)(0.536m),39.000(34.412%)(2.036m),52.000(45.882%)(3.429m),43.000(37.941%)(2.464m),23.137(28.921%)(0.336m),20.000(50.000%)(1.071m),16.342(40.854%)(0.679m),302.644,2753.628,73.1,1.3074,"[1.879, 2.663, 2.211, 2.087, 3.056, 2.378]","[3.643, 4.195, 3.874, 4.094, 4.450, 4.024]","[-4.904, -0.924, -3.486, -4.746, -1.256, -4.650]"
1443,1,4.1034,18.1394,0.140,357,1106,43,51,0.056,80,31.05,50000,1396.89,0,0,11.000(13.750%)(0.000m),18.000(15.882%)(0.000m),52.000(45.882%)(3.429m),41.343(36.480%)(2.287m),19.469(24.337%)(0.000m),11.000(27.500%)(0.107m),13.684(34.211%)(0.395m),215.470,3019.032,71.7,1.3812,"[1.322, 2.326, 1.983, 1.423, 2.646, 2.084]","[3.653, 4.289, 3.891, 3.733, 4.626, 4.043]","[-11.477, -5.189, -5.313, -10.449, -5.387, -5.772]"
1444,1,23.4334,18.2546,0.141,627,1979,0,76,0.056,100,31.09,50000,2474.90,1,1,28.000(35.000%)(0.857m),44.000(38.824%)(2.571m),65.000(57.353%)(4.821m),36.000(31.765%)(1.714m),23.281(29.101%)(0.351m),20.000(50.000%)(1.071m),16.424(41.061%)(0.688m),268.657,2981.381,73.1,1.3096,"[2.355, 2.994, 2.630, 2.571, 3.473, 2.871]","[3.771, 4.318, 4.008, 3.944, 4.821, 4.110]","[-3.846, 0.588, -1.119, -4.015, 1.140, -0.333]"
1445,1,24.8870,18.2997,0.139,627,1979,51,49,0.056,100,31.14,50000,2483.80,2,1,23.000(28.750%)(0.321m),34.000(30.000%)(1.500m),56.000(49.412%)(3.857m),41.506(36.623%)(2.304m),19.599(24.499%)(0.000m),22.000(55.000%)(1.286m),13.784(34.460%)(0.405m),162.988,2804.888,73.1,1.3507,"[2.090, 2.796, 2.417, 2.317, 3.249, 2.624]","[3.852, 4.344, 4.062, 4.076, 4.711, 4.185]","[-4.861, 0.535, -2.228, -4.685, -0.477, -3.077]"
1446,1,1.8792,17.9127,0.134,198,596,13,30,0.055,60,31.12,50000,772.89,0,0,25.000(31.250%)(0.536m),44.000(38.824%)(2.571m),65.000(57.353%)(4.821m),24.784(21.869%)(0.513m),12.347(15.434%)(0.000m),22.000(55.000%)(1.286m),9.882(24.705%)(0.000m),417.289,3668.472,69.7,1.3569,"[1.653, 2.279, 2.200, 1.874, 2.652, 2.303]","[3.818, 4.162, 3.909, 3.846, 4.491, 4.218]","[-5.720, -5.798, -5.800, -5.521, -5.473, -5.371]"
1447,1,21.9778,18.3212,0.146,624,1973,164,45,0.055,100,31.17,50000,2376.88,1,1,25.000(31.250%)(0.536m),44.000(38.824%)(2.571m),65.000(57.353%)(4.821m),39.996(35.291%)(2.142m),18.879(23.599%)(0.000m),23.000(57.500%)(1.393m),13.262(33.154%)(0.349m),347.578,2825.302,73.2,1.2524,"[1.996, 2.647, 2.386, 2.263, 3.091, 2.597]","[3.670, 4.180, 3.751, 3.848, 4.456, 4.018]","[-4.915, -2.643, -0.893, -4.586, -2.328, -0.106]"
1448,1,26.2715,18.3922,0.136,664,2058,20,69,0.055,100,31.22,50000,2572.38,2,1,24.000(30.000%)(0.429m),30.000(26.471%)(1.071m),42.000(37.059%)(2.357m),51.000(45.000%)(3.321m),24.615(30.768%)(0.494m),23.000(57.500%)(1.393m),17.406(43.515%)(0.793m),178.300,2996.193,71.7,1.3184,"[2.432, 2.856, 2.297, 2.613, 3.250, 2.504]","[3.772, 4.095, 3.683, 4.161, 4.411, 3.741]","[-1.337, -2.647, -4.943, -2.664, -5.245, -5.422]"
1449,1,24.8957,18.8581,0.141,624,1973,29,22,0.055,100,31.26,50000,2446.55,3,1,28.000(35.000%)(0.857m),41.000(36.177%)(2.250m),65.000(57.353%)(4.821m),40.166(35.441%)(2.161m),18.970(23.712%)(0.000m),22.000(55.000%)(1.286m),13.326(33.315%)(0.356m),405.307,2868.754,73.2,1.3450,"[1.950, 2.673, 2.485, 2.223, 3.151, 2.767]","[3.577, 4.145, 3.877, 3.957, 4.469, 4.137]","[-4.844, -3.522, -2.871, -5.059, -3.259, -2.596]"
1450,1,26.3389,18.9501,0.156,626,1978,0,58,0.055,100,31.31,50000,2466.09,4,1,26.000(32.500%)(0.643m),48.000(42.353%)(3.000m),68.000(60.000%)(5.143m),42.000(37.059%)(2.357m),23.623(29.529%)(0.388m),20.000(50.000%)(1.071m),16.695(41.737%)(0.717m),365.429,2910.978,73.1,1.2830,"[2.209, 2.895, 2.516, 2.420, 3.369, 2.781]","[3.759, 4.292, 3.858, 4.151, 4.666, 4.058]","[-4.489, 0.417, -3.910, -4.576, 1.042, -2.338]"
1451,1,21.2484,18.9242,0.155,628,1983,190,74,0.055,100,31.36,50000,2359.39,5,1,25.000(31.250%)(0.536m),44.000(38.824%)(2.571m),65.000(57.353%)(4.821m),40.063(35.350%)(2.150m),18.821(23.527%)(0.000m),20.000(50.000%)(1.071m),13.220(33.050%)(0.345m),417.289,2883.948,73.1,1.2674,"[1.993, 2.768, 2.426, 2.180, 3.203, 2.682]","[3.918, 4.436, 3.988, 3.960, 4.752, 4.174]","[-5.123, 0.193, -2.542, -5.010, 0.302, -1.434]"
1452,1,22.8916,19.2603,0.145,622,1968,162,87,0.055,100,31.40,50000,2422.83,6,1,24.000(30.000%)(0.429m),44.000(38.824%)(2.571m),65.000(57.353%)(4.821m),41.000(36.177%)(2.250m),22.871(28.588%)(0.308m),20.000(50.000%)(1.071m),16.149(40.371%)(0.659m),310.391,2792.244,73.2,1.3280,"[2.150, 2.751, 2.350, 2.351, 3.173, 2.566]","[3.565, 4.176, 3.791, 3.825, 4.459, 3.958]","[-4.184, 0.719, -2.441, -4.443, 1.663, -1.645]"
1453,1,23.8583,19.2988,0.152,638,2004,83,88,0.055,100,31.45,50000,2518.28,7,1,26.000(32.500%)(0.643m),44.000(38.824%)(2.571m),48.000(42.353%)(3.000m),35.000(30.882%)(1.607m),23.017(28.772%)(0.323m),20.000(50.000%)(1.071m),16.234(40.585%)(0.668m),325.276,2839.517,72.7,1.3419,"[2.148, 2.685, 2.244, 2.416, 3.172, 2.432]","[3.773, 4.338, 4.038, 4.175, 4.543, 4.282]","[-4.266, -0.972, -5.379, -4.405, -0.848, -5.363]"
1454,1,21.8630,19.3107,0.129,631,1988,12,144,0.055,100,31.50,50000,2564.96,8,1,20.000(25.000%)(0.000m),37.000(32.647%)(1.821m),53.000(46.765%)(3.536m),43.000(37.941%)(2.464m),23.490(29.363%)(0.374m),18.000(45.000%)(0.857m),16.576(41.440%)(0.705m),179.470,2692.469,72.9,1.4331,"[2.256, 2.680, 2.232, 2.565, 3.121, 2.447]","[3.759, 4.076, 4.022, 3.958, 4.424, 4.268]","[-4.271, 0.308, -3.199, -4.356, 0.223, -3.785]"
1455,1,22.4054,19.2287,0.155,625,1976,198,14,0.054,100,31.55,50000,2474.23,9,1,29.000(36.250%)(0.964m),44.000(38.824%)(2.571m),65.000(57.353%)(4.821m),47.000(41.471%)(2.893m),22.393(27.991%)(0.256m),24.000(60.000%)(1.500m),15.802(39.504%)(0.622m),417.289,2894.926,73.2,1.3753,"[2.123, 2.863, 2.494, 2.289, 3.309, 2.738]","[3.699, 4.474, 4.054, 3.784, 4.737, 4.188]","[-4.397, 1.207, -2.823, -4.256, 1.538, -2.928]"
1456,1,23.7883,19.2849,0.142,627,1981,105,87,0.054,100,31.59,50000,2491.41,10,1,25.000(31.250%)(0.536m),38.000(33.530%)(1.929m),52.000(45.882%)(3.429m),39.000(34.412%)(2.036m),18.901(23.626%)(0.000m),20.000(50.000%)(1.071m),13.277(33.192%)(0.351m),248.917,2696.541,73.1,1.3282,"[1.860, 2.688, 2.317, 2.068, 3.089, 2.482]","[3.797, 4.314, 3.915, 4.070, 4.619, 4.202]","[-4.623, -1.773, -4.572, -4.734, -1.839, -4.447]"
1457,1,22.2105,19.2575,0.139,626,1978,179,76,0.054,100,31.64,50000,2471.81,11,1,29.000(36.250%)(0.964m),44.000(38.824%)(2.571m),65.000(57.353%)(4.821m),36.000(31.765%)(1.714m),22.382(27.978%)(0.255m),20.000(50.000%)(1.071m),15.794(39.485%)(0.621m),242.960,2755.723,73.1,1.3306,"[2.073, 2.916, 2.673, 2.300, 3.381, 2.911]","[3.802, 4.344, 3.895, 4.140, 4.683, 4.302]","[-4.508, -0.096, -0.201, -4.508, 0.484, 0.354]"
1458,1,22.2795,19.1935,0.144,623,1972,183,84,0.054,100,31.69,50000,2421.09,12,1,25.000(31.250%)(0.536m),44.000(38.824%)(2.571m),65.000(57.353%)(4.821m),46.000(40.588%)(2.786m),22.913(28.641%)(0.312m),20.000(50.000%)(1.071m),16.179(40.447%)(0.662m),417.289,2829.426,73.2,1.3081,"[2.328, 2.922, 2.552, 2.513, 3.400, 2.770]","[3.984, 4.477, 4.028, 4.008, 4.807, 4.185]","[-4.335, 0.560, -3.053, -4.458, 1.609, -1.851]"
1459,1,21.6464,19.1390,0.138,625,1976,195,55,0.054,100,31.73,50000,2423.91,13,1,28.000(35.000%)(0.857m),44.000(38.824%)(2.571m),65.000(57.353%)(4.821m),40.122(35.402%)(2.156m),18.899(23.624%)(0.000m),20.000(50.000%)(1.071m),13.282(33.204%)(0.352m),417.289,2859.205,73.2,1.3283,"[2.149, 2.958, 2.529, 2.322, 3.404, 2.789]","[3.895, 4.352, 3.969, 4.028, 4.748, 4.348]","[-4.626, 0.825, -2.874, -4.433, 1.685, -1.807]"
1460,1,12.9226,18.9872,0.139,579,1802,47,91,0.054,95,31.71,50000,2287.53,0,0,22.000(27.500%)(0.214m),40.000(35.294%)(2.143m),56.000(49.412%)(3.857m),25.459(22.463%)(0.585m),12.500(15.625%)(0.000m),19.000(47.500%)(0.964m),9.878(24.695%)(0.000m),259.659,2757.348,72.0,1.3061,"[1.885, 2.673, 2.386, 2.143, 3.064, 2.531]","[4.065, 4.535, 3.973, 4.284, 4.797, 4.342]","[-5.660, -5.438, -4.795, -5.090, -5.295, -4.387]"
1461,1,22.0765,18.9824,0.139,624,1973,153,84,0.054,100,31.76,50000,2501.09,1,1,28.000(35.000%)(0.857m),44.000(38.824%)(2.571m),65.000(57.353%)(4.821m),39.000(34.412%)(2.036m),22.906(28.632%)(0.311m),20.000(50.000%)(1.071m),16.174(40.434%)(0.661m),297.093,2814.329,73.2,1.3077,"[1.992, 2.778, 2.452, 2.188, 3.196, 2.691]","[4.010, 4.422, 4.004, 4.079, 4.795, 4.234]","[-4.395, -0.793, -1.812, -4.494, -0.828, -1.005]"
1462,1,23.0901,19.3758,0.139,625,1975,118,89,0.054,100,31.81,50000,2486.40,2,1,21.000(26.250%)(0.107m),41.000(36.177%)(2.250m),65.000(57.353%)(4.821m),40.442(35.684%)(2.190m),19.060(23.826%)(0.000m),19.000(47.500%)(0.964m),13.391(33.478%)(0.363m),319.967,2785.907,73.1,1.3348,"[1.908, 2.705, 2.420, 2.176, 3.173, 2.616]","[3.729, 4.244, 3.991, 3.902, 4.458, 4.149]","[-5.444, 1.133, -1.218, -4.973, 1.753, -0.333]"
1463,1,22.0978,19.6154,0.142,626,1978,147,40,0.054,100,31.85,50000,2490.04,3,1,29.000(36.250%)(0.964m),44.000(38.824%)(2.571m),65.000(57.353%)(4.821m),40.126(35.405%)(2.156m),18.853(23.566%)(0.000m),21.000(52.500%)(1.179m),13.243(33.107%)(0.347m),415.027,2834.535,73.1,1.2889,"[2.001, 2.901, 2.621, 2.258, 3.358, 2.821]","[3.749, 4.157, 3.783, 4.243, 4.538, 4.085]","[-5.287, 0.898, -0.302, -4.822, 1.349, 0.376]"
1464,1,24.9429,19.6642,0.131,627,1979,7,112,0.053,100,31.90,50000,2498.89,4,1,23.000(28.750%)(0.321m),35.000(30.882%)(1.607m),52.000(45.882%)(3.429m),44.000(38.824%)(2.571m),23.329(29.162%)(0.357m),18.000(45.000%)(0.857m),16.481(41.204%)(0.694m),170.432,2782.563,73.1,1.3238,"[2.203, 2.835, 2.411, 2.498, 3.236, 2.538]","[3.663, 4.139, 3.955, 3.919, 4.392, 4.245]","[-4.321, 0.503, -1.455, -4.334, -0.526, -2.109]"
1465,1,21.3834,19.9419,0.133,641,2009,229,16,0.053,100,31.95,50000,2499.26,5,1,32.000(40.000%)(1.286m),50.000(44.118%)(3.214m),60.000(52.941%)(4.286m),37.000(32.647%)(1.821m),18.163(22.704%)(0.000m),27.000(67.500%)(1.821m),12.748(31.871%)(0.294m),216.251,3216.144,72.5,1.3934,"[1.580, 2.772, 2.454, 1.778, 3.168, 2.657]","[3.987, 4.173, 3.826, 4.030, 4.540, 4.150]","[-5.166, 0.012, 0.292, -5.002, 0.318, 0.096]"
1466,1,20.5020,19.8254,0.133,629,1985,147,83,0.053,100,31.99,50000,2375.70,6,1,24.000(30.000%)(0.429m),44.000(38.824%)(2.571m),65.000(57.353%)(4.821m),46.000(40.588%)(2.786m),22.737(28.421%)(0.293m),17.000(42.500%)(0.750m),16.031(40.077%)(0.646m),412.515,2837.102,73.0,1.2973,"[2.145, 2.733, 2.332, 2.403, 3.198, 2.538]","[3.800, 4.245, 4.066, 3.803, 4.529, 4.238]","[-4.130, -1.890, -4.858, -4.468, -1.126, -3.865]"
1467,1,20.3312,19.7247,0.135,626,1978,114,136,0.053,100,32.04,50000,2451.25,7,1,16.000(20.000%)(0.000m),49.000(43.235%)(3.107m),68.000(60.000%)(5.143m),40.000(35.294%)(2.143m),23.168(28.960%)(0.339m),11.000(27.500%)(0.107m),16.364(40.910%)(0.682m),321.096,2849.507,73.1,1.3350,"[2.088, 2.660, 2.181, 2.412, 3.132, 2.434]","[3.495, 4.116, 4.195, 3.814, 4.475, 4.500]","[-4.096, -3.587, -6.633, -4.101, -3.220, -6.122]"
1468,1,22.1876,19.6935,0.147,632,1990,184,41,0.053,100,32.08,50000,2390.92,8,1,28.000(35.000%)(0.857m),44.000(38.824%)(2.571m),65.000(57.353%)(4.821m),32.214(28.424%)(1.309m),14.864(18.580%)(0.000m),24.000(60.000%)(1.500m),10.408(26.021%)(0.044m),412.515,2828.431,72.9,1.2719,"[1.450, 2.698, 2.536, 1.753, 3.182, 2.721]","[3.801, 4.140, 4.136, 3.793, 4.504, 4.456]","[-5.059, -4.860, -0.464, -4.447, -4.306, -0.310]"
1469,1,-0.5094,19.5004,0.132,198,569,35,31,0.053,55,32.06,50000,800.69,0,0,25.000(31.250%)(0.536m),37.000(32.647%)(1.821m),32.299(28.499%)(1.318m),16.719(14.752%)(0.000m),10.205(12.756%)(0.000m),29.000(72.500%)(2.036m),10.205(25.513%)(0.022m),375.094,3636.309,66.5,1.3518,"[1.849, 2.053, 1.771, 1.899, 2.191, 1.764]","[3.767, 4.087, 3.614, 3.809, 4.483, 3.929]","[-6.051, -6.814, -6.790, -5.910, -6.931, -6.044]"
1470,1,20.9629,19.4670,0.131,630,1988,161,19,0.053,100,32.11,50000,2457.70,1,1,30.000(37.500%)(1.071m),45.000(39.706%)(2.679m),64.000(56.471%)(4.714m),39.940(35.242%)(2.136m),18.807(23.509%)(0.000m),23.000(57.500%)(1.393m),13.216(33.039%)(0.345m),390.549,2851.314,73.0,1.3143,"[1.661, 2.809, 2.503, 1.890, 3.260, 2.717]","[3.711, 4.052, 3.908, 4.238, 4.413, 4.239]","[-5.209, 0.949, -0.429, -4.739, 1.451, -0.244]"
1471,1,23.2425,19.9369,0.132,626,1976,69,145,0.053,100,32.15,50000,2502.36,2,1,21.000(26.250%)(0.107m),38.000(33.530%)(1.929m),66.000(58.235%)(4.929m),35.000(30.882%)(1.607m),23.021(28.776%)(0.324m),19.000(47.500%)(0.964m),16.258(40.644%)(0.670m),249.693,2722.222,73.1,1.3543,"[2.355, 2.848, 2.506, 2.635, 3.293, 2.680]","[3.998, 4.292, 3.851, 4.221, 4.621, 4.149]","[-4.121, -0.652, -0.681, -4.107, 0.025, -0.395]"
1472,1,28.3389,20.1059,0.135,637,2001,0,62,0.053,100,32.20,50000,2535.09,3,1,22.000(27.500%)(0.214m),43.000(37.941%)(2.464m),62.000(54.706%)(4.500m),46.000(40.588%)(2.786m),24.016(30.019%)(0.430m),19.000(47.500%)(0.964m),16.958(42.395%)(0.746m),344.876,3091.944,72.7,1.2920,"[2.477, 3.037, 2.634, 2.751, 3.470, 2.834]","[3.812, 4.252, 4.049, 4.271, 4.562, 4.225]","[-3.671, 1.061, -1.734, -3.868, 1.814, -0.946]"
1473,1,21.5297,20.0058,0.139,624,1973,164,110,0.052,100,32.25,50000,2480.10,4,1,24.000(30.000%)(0.429m),44.000(38.824%)(2.571m),65.000(57.353%)(4.821m),40.060(35.347%)(2.149m),18.867(23.584%)(0.000m),17.000(42.500%)(0.750m),13.259(33.147%)(0.349m),412.515,2829.072,73.2,1.3580,"[2.124, 2.813, 2.454, 2.349, 3.273, 2.683]","[3.679, 4.274, 4.019, 4.189, 4.547, 4.256]","[-5.098, 0.766, -2.479, -4.719, 1.673, -1.801]"
1474,1,24.6193,20.0008,0.133,629,1983,81,83,0.052,100,32.29,50000,2463.31,5,1,22.000(27.500%)(0.214m),41.000(36.177%)(2.250m),65.000(57.353%)(4.821m),43.000(37.941%)(2.464m),23.105(28.881%)(0.333m),20.000(50.000%)(1.071m),16.318(40.796%)(0.677m),386.528,2857.255,73.0,1.3529,"[2.418, 2.941, 2.472, 2.688, 3.363, 2.678]","[3.797, 4.385, 3.993, 4.030, 4.735, 4.329]","[-4.066, 1.579, -1.196, -3.972, 1.855, -0.509]"
1475,1,21.8293,19.9441,0.130,625,1976,190,76,0.052,100,32.34,50000,2395.03,6,1,26.000(32.500%)(0.643m),39.000(34.412%)(2.036m),52.000(45.882%)(3.429m),38.000(33.530%)(1.929m),22.910(28.638%)(0.312m),20.000(50.000%)(1.071m),16.177(40.443%)(0.662m),273.337,2740.983,73.2,1.3252,"[1.756, 2.859, 2.473, 1.975, 3.251, 2.710]","[3.686, 4.368, 4.034, 4.110, 4.597, 4.202]","[-4.494, -0.604, -3.355, -4.416, -1.254, -3.773]"
1476,1,26.5059,19.9800,0.137,636,1999,2,36,0.052,100,32.38,50000,2470.26,7,1,26.000(32.500%)(0.643m),34.000(30.000%)(1.500m),58.000(51.177%)(4.071m),43.000(37.941%)(2.464m),23.445(29.306%)(0.369m),23.000(57.500%)(1.393m),16.558(41.396%)(0.703m),244.631,2788.086,72.8,1.3386,"[2.266, 2.940, 2.534, 2.483, 3.322, 2.628]","[3.825, 4.416, 3.924, 4.183, 4.682, 4.039]","[-4.856, -0.334, -2.314, -4.990, -2.192, -3.022]"
1477,1,21.4331,19.9657,0.128,625,1976,211,31,0.052,100,32.43,50000,2431.46,8,1,29.000(36.250%)(0.964m),44.000(38.824%)(2.571m),57.000(50.294%)(3.964m),42.000(37.059%)(2.357m),22.398(27.998%)(0.257m),24.000(60.000%)(1.500m),15.805(39.514%)(0.622m),355.053,2823.038,73.2,1.2675,"[1.988, 2.846, 2.552, 2.221, 3.305, 2.786]","[3.851, 4.280, 3.912, 4.170, 4.562, 4.308]","[-4.491, 0.655, -0.671, -4.491, 0.691, -0.236]"
1478,1,23.0886,20.0135,0.132,626,1978,187,35,0.052,100,32.48,50000,2470.96,9,1,29.000(36.250%)(0.964m),44.000(38.824%)(2.571m),60.000(52.941%)(4.286m),42.000(37.059%)(2.357m),22.737(28.422%)(0.293m),23.000(57.500%)(1.393m),16.052(40.129%)(0.648m),334.578,2785.459,73.1,1.3765,"[2.273, 3.021, 2.666, 2.429, 3.431, 2.817]","[3.874, 4.346, 4.205, 4.148, 4.625, 4.479]","[-4.241, 1.398, -0.349, -4.362, 1.381, -0.560]"
1479,1,21.6095,20.4352,0.135,624,1973,178,41,0.052,100,32.52,50000,2506.61,10,1,29.000(36.250%)(0.964m),44.000(38.824%)(2.571m),55.000(48.530%)(3.750m),39.000(34.412%)(2.036m),18.965(23.707%)(0.000m),23.000(57.500%)(1.393m),13.329(33.324%)(0.357m),281.583,2773.759,73.2,1.3825,"[2.144, 2.939, 2.518, 2.356, 3.410, 2.802]","[3.705, 4.221, 3.896, 3.929, 4.607, 4.293]","[-5.244, 0.767, -0.912, -4.714, 0.500, -1.032]"
1480,1,21.2168,20.4139,0.133,624,1975,173,61,0.052,100,32.57,50000,2474.20,11,1,24.000(30.000%)(0.429m),44.000(38.824%)(2.571m),65.000(57.353%)(4.821m),48.371(42.680%)(3.040m),23.017(28.772%)(0.323m),17.000(42.500%)(0.750m),16.234(40.585%)(0.668m),417.289,2946.350,73.2,1.3216,"[2.412, 3.112, 2.545, 2.658, 3.527, 2.830]","[3.837, 4.539, 4.119, 4.367, 4.867, 4.508]","[-3.858, 0.969, -1.621, -4.264, 1.960, -0.524]"
1481,1,27.3076,20.9606,0.138,631,1987,0,75,0.052,100,32.61,50000,2496.81,12,1,23.000(28.750%)(0.321m),45.000(39.706%)(2.679m),65.000(57.353%)(4.821m),40.000(35.294%)(2.143m),23.656(29.570%)(0.392m),20.000(50.000%)(1.071m),16.718(41.796%)(0.720m),314.410,3003.977,72.9,1.3522,"[2.499, 3.094, 2.730, 2.765, 3.563, 2.958]","[4.211, 4.288, 4.260, 4.393, 4.623, 4.447]","[-3.983, 1.671, -1.411, -3.975, 2.104, -1.092]"
1482,1,19.9947,20.8968,0.125,657,2047,122,81,0.052,100,32.66,50000,2617.73,13,1,29.000(36.250%)(0.964m),45.000(39.706%)(2.679m),65.000(57.353%)(4.821m),48.626(42.906%)(3.067m),23.146(28.932%)(0.337m),24.000(60.000%)(1.500m),16.327(40.817%)(0.678m),406.164,3834.677,72.1,1.3425,"[2.015, 2.933, 2.505, 2.220, 3.355, 2.736]","[4.137, 4.367, 4.181, 4.217, 4.723, 4.368]","[-5.492, -4.284, -1.762, -7.058, -4.567, -1.409]"
1483,1,22.3903,20.8892,0.143,624,1973,174,87,0.051,100,32.70,50000,2470.25,14,1,24.000(30.000%)(0.429m),44.000(38.824%)(2.571m),65.000(57.353%)(4.821m),46.000(40.588%)(2.786m),22.889(28.611%)(0.310m),20.000(50.000%)(1.071m),16.141(40.353%)(0.658m),417.289,2829.466,73.2,1.2747,"[2.321, 2.781, 2.424, 2.518, 3.241, 2.617]","[3.647, 4.278, 3.851, 3.776, 4.661, 4.057]","[-4.122, 0.679, -2.494, -4.033, 1.653, -1.384]"
1484,1,25.5443,20.8546,0.133,623,1970,78,83,0.051,100,32.75,50000,2491.69,15,1,20.000(25.000%)(0.000m),39.000(34.412%)(2.036m),55.000(48.530%)(3.750m),48.000(42.353%)(3.000m),23.206(29.007%)(0.343m),18.000(45.000%)(0.857m),16.392(40.979%)(0.685m),239.799,2754.403,73.2,1.3138,"[2.273, 2.852, 2.526, 2.529, 3.245, 2.689]","[3.777, 4.280, 4.122, 4.063, 4.519, 4.184]","[-4.340, 0.248, -1.917, -4.129, -0.671, -3.247]"
1485,1,21.3679,20.8814,0.127,624,1973,193,67,0.051,100,32.79,50000,2432.01,16,1,28.000(35.000%)(0.857m),44.000(38.824%)(2.571m),65.000(57.353%)(4.821m),41.000(36.177%)(2.250m),23.017(28.772%)(0.323m),20.000(50.000%)(1.071m),16.234(40.585%)(0.668m),310.391,2934.473,73.2,1.2768,"[2.291, 2.928, 2.543, 2.438, 3.401, 2.828]","[3.668, 4.284, 4.026, 4.061, 4.621, 4.283]","[-4.405, 1.206, -1.776, -4.628, 1.883, -1.153]"
1486,1,22.6422,20.7808,0.134,623,1972,183,61,0.051,100,32.84,50000,2503.97,17,1,28.000(35.000%)(0.857m),44.000(38.824%)(2.571m),64.000(56.471%)(4.714m),41.000(36.177%)(2.250m),23.015(28.769%)(0.323m),20.000(50.000%)(1.071m),16.234(40.585%)(0.668m),310.391,2792.554,73.2,1.3289,"[2.079, 2.992, 2.549, 2.301, 3.404, 2.785]","[3.958, 4.438, 4.002, 4.092, 4.700, 4.232]","[-4.617, 1.219, -3.063, -4.590, 1.806, -1.775]"
1487,1,22.9670,21.1821,0.122,643,2014,110,96,0.051,100,32.89,50000,2467.36,18,1,25.000(31.250%)(0.536m),32.000(28.235%)(1.286m),44.000(38.824%)(2.571m),44.000(38.824%)(2.571m),23.105(28.882%)(0.333m),19.000(47.500%)(0.964m),16.321(40.802%)(0.677m),225.464,2685.853,72.5,1.2900,"[2.000, 2.733, 2.210, 2.114, 3.080, 2.383]","[3.580, 4.128, 3.867, 3.898, 4.418, 4.241]","[-4.437, -1.763, -5.841, -4.996, -2.843, -6.667]"
1488,1,20.7299,21.0352,0.126,625,1976,216,97,0.051,100,32.93,50000,2459.22,19,1,25.000(31.250%)(0.536m),44.000(38.824%)(2.571m),53.000(46.765%)(3.536m),40.126(35.405%)(2.156m),18.853(23.566%)(0.000m),17.000(42.500%)(0.750m),13.243(33.107%)(0.347m),222.609,2742.343,73.2,1.3649,"[1.838, 2.695, 2.375, 1.981, 3.086, 2.539]","[3.801, 4.293, 3.913, 3.898, 4.629, 4.269]","[-4.840, -1.703, -1.639, -5.058, -1.811, -0.972]"
1489,1,21.1297,20.9926,0.132,623,1972,186,73,0.051,100,32.98,50000,2450.62,20,1,28.000(35.000%)(0.857m),44.000(38.824%)(2.571m),55.000(48.530%)(3.750m),37.000(32.647%)(1.821m),23.015(28.769%)(0.323m),20.000(50.000%)(1.071m),16.232(40.580%)(0.668m),167.260,2761.205,73.2,1.3315,"[1.976, 2.702, 2.353, 2.174, 3.116, 2.555]","[3.705, 4.117, 3.870, 3.781, 4.403, 4.030]","[-4.537, 0.295, -1.046, -4.613, 0.738, -0.055]"
1490,1,22.3090,21.0185,0.133,623,1970,144,119,0.051,100,33.02,50000,2407.48,21,1,21.000(26.250%)(0.107m),39.000(34.412%)(2.036m),56.000(49.412%)(3.857m),46.000(40.588%)(2.786m),23.075(28.844%)(0.329m),18.000(45.000%)(0.857m),16.276(40.689%)(0.672m),250.355,2823.880,73.2,1.3436,"[2.386, 2.783, 2.394, 2.622, 3.248, 2.684]","[3.614, 4.149, 3.880, 3.840, 4.460, 4.239]","[-4.070, 0.454, -2.246, -3.973, -0.051, -2.159]"
1491,1,9.5305,21.1802,0.131,525,1631,87,41,0.051,95,33.00,50000,2059.68,0,0,26.000(32.500%)(0.643m),42.000(37.059%)(2.357m),29.533(26.058%)(1.021m),16.528(14.584%)(0.000m),10.530(13.162%)(0.000m),23.000(57.500%)(1.393m),11.194(27.984%)(0.128m),316.238,3051.355,71.9,1.3459,"[1.793, 2.554, 2.227, 1.999, 2.947, 2.425]","[3.711, 3.995, 3.820, 3.918, 4.339, 4.053]","[-5.330, -5.637, -7.473, -5.653, -5.948, -6.455]"
1492,1,21.4984,21.1358,0.133,631,1989,217,30,0.051,100,33.04,50000,2516.62,1,1,29.000(36.250%)(0.964m),44.000(38.824%)(2.571m),65.000(57.353%)(4.821m),31.870(28.121%)(1.272m),14.733(18.416%)(0.000m),23.000(57.500%)(1.393m),10.319(25.796%)(0.034m),412.515,2898.859,73.0,1.3967,"[1.880, 2.487, 2.481, 2.090, 2.954, 2.680]","[3.682, 4.185, 3.904, 4.193, 4.523, 4.141]","[-5.628, -7.494, -1.779, -5.273, -7.164, -1.405]"
1493,1,18.6957,21.4277,0.127,630,1986,77,86,0.050,100,33.09,50000,2474.61,2,1,24.000(30.000%)(0.429m),44.000(38.824%)(2.571m),63.000(55.588%)(4.607m),36.000(31.765%)(1.714m),23.017(28.772%)(0.323m),21.000(52.500%)(1.179m),16.234(40.585%)(0.668m),292.981,2786.994,73.0,1.2886,"[2.263, 2.828, 2.506, 2.553, 3.278, 2.746]","[3.783, 4.208, 3.885, 3.862, 4.554, 4.316]","[-4.455, -0.005, -1.154, -4.457, 0.650, -0.241]"
1494,1,24.5778,21.4506,0.136,637,2001,101,22,0.050,100,33.13,50000,2496.43,3,1,29.000(36.250%)(0.964m),46.000(40.588%)(2.786m),66.000(58.235%)(4.929m),40.780(35.982%)(2.226m),19.291(24.114%)(0.000m),23.000(57.500%)(1.393m),13.563(33.908%)(0.382m),392.937,2925.098,72.7,1.3135,"[1.990, 2.902, 2.570, 2.198, 3.337, 2.834]","[3.848, 4.215, 4.003, 4.295, 4.649, 4.224]","[-5.135, -2.571, -1.358, -4.620, -2.165, -0.493]"
1495,1,21.4533,21.3819,0.122,623,1971,114,66,0.050,100,33.18,50000,2477.22,4,1,22.000(27.500%)(0.214m),40.000(35.294%)(2.143m),58.000(51.177%)(4.071m),45.000(39.706%)(2.679m),22.296(27.870%)(0.246m),22.000(55.000%)(1.286m),15.712(39.280%)(0.612m),292.301,2754.340,73.2,1.3392,"[2.195, 2.962, 2.589, 2.510, 3.398, 2.702]","[4.033, 4.292, 4.078, 4.692, 4.592, 4.287]","[-4.674, 1.191, 0.407, -4.351, 1.336, 0.038]"
1496,1,21.6128,21.7766,0.136,626,1978,197,62,0.050,100,33.22,50000,2482.52,5,1,28.000(35.000%)(0.857m),44.000(38.824%)(2.571m),65.000(57.353%)(4.821m),46.000(40.588%)(2.786m),22.844(28.555%)(0.305m),20.000(50.000%)(1.071m),16.139(40.349%)(0.658m),417.289,2865.786,73.1,1.3436,"[2.071, 2.970, 2.594, 2.264, 3.350, 2.804]","[3.713, 4.302, 4.053, 3.871, 4.659, 4.333]","[-4.280, 1.467, -1.735, -4.224, 1.838, -0.870]"
1497,1,22.2264,21.7815,0.144,640,2007,180,69,0.050,100,33.27,50000,2458.65,6,1,23.000(28.750%)(0.321m),33.000(29.118%)(1.393m),42.000(37.059%)(2.357m),41.000(36.177%)(2.250m),22.815(28.519%)(0.302m),21.000(52.500%)(1.179m),16.108(40.270%)(0.654m),248.961,2687.805,72.6,1.2763,"[2.029, 2.745, 2.364, 2.213, 3.095, 2.544]","[3.809, 4.192, 4.064, 4.096, 4.501, 4.696]","[-4.333, -0.668, -4.232, -4.022, -2.159, -3.663]"
1498,1,22.5391,21.7069,0.125,623,1972,192,36,0.050,100,33.31,50000,2437.50,7,1,28.000(35.000%)(0.857m),44.000(38.824%)(2.571m),65.000(57.353%)(4.821m),40.063(35.350%)(2.150m),18.821(23.527%)(0.000m),24.000(60.000%)(1.500m),13.220(33.050%)(0.345m),417.289,2835.774,73.2,1.2972,"[1.965, 2.834, 2.527, 2.176, 3.291, 2.721]","[3.698, 4.191, 3.795, 3.990, 4.548, 4.191]","[-4.837, 0.707, 0.518, -4.520, 1.186, 0.337]"
1499,1,18.8735,21.5864,0.131,628,1984,128,76,0.050,100,33.36,50000,2464.63,8,1,29.000(36.250%)(0.964m),53.000(46.765%)(3.536m),67.000(59.118%)(5.036m),37.000(32.647%)(1.821m),19.652(24.565%)(0.000m),12.000(30.000%)(0.214m),13.815(34.538%)(0.409m),143.720,2964.454,73.1,1.3687,"[1.882, 2.592, 2.406, 2.110, 3.046, 2.674]","[3.687, 4.266, 4.089, 3.813, 4.583, 4.497]","[-4.563, -2.957, -0.838, -4.674, -2.478, -0.496]"
1500,1,21.5191,21.4900,0.128,625,1976,163,110,0.050,100,33.40,50000,2448.85,9,1,22.000(27.500%)(0.214m),41.000(36.177%)(2.250m),59.000(52.059%)(4.179m),40.131(35.410%)(2.157m),18.856(23.570%)(0.000m),18.000(45.000%)(0.857m),13.245(33.111%)(0.348m),313.394,2783.013,73.2,1.3183,"[1.898, 2.626, 2.162, 2.091, 2.993, 2.373]","[3.817, 4.296, 3.937, 3.940, 4.598, 4.099]","[-4.904, -0.520, -5.134, -4.585, 0.224, -4.976]"
