episode,stage,reward,avg_reward,MSE,timeframe,steps,close distance,near_miss,epsilon,progress_pct,success_rate,Buffer,time_ms,streak,reached_finish,min_R2,min_R1,min_F,min_L1,min_L2,min_SR,min_SL,min_ttc,avg_ttc,avg_speed,avg_inference_time,Q_avg,Q_max,Q_min
1,1,-5.7339,-5.7339,0.000,144,352,20,0,1.000,65,0.00,15,531.95,0,0,77.786(97.233%)(6.191m),93.000(82.059%)(7.821m),59.832(52.793%)(4.268m),22.898(20.204%)(0.311m),12.039(15.049%)(0.000m),40.000(100.000%)(3.214m),10.133(25.333%)(0.014m),5210.349,7627.425,56.5,0.0000,"[-0.111, -0.043, 0.044, 0.062, -0.104, -0.082]","[-0.094, -0.027, 0.049, 0.070, -0.084, -0.076]","[-0.131, -0.051, 0.023, 0.058, -0.117, -0.097]"
2,1,-5.6699,-5.7019,0.000,200,500,20,0,0.998,75,0.00,35,418.48,0,0,10.196(12.744%)(0.000m),16.703(14.738%)(0.000m),32.269(28.472%)(1.314m),68.000(60.000%)(5.143m),61.752(77.191%)(4.473m),10.196(25.489%)(0.021m),40.000(100.000%)(3.214m),3086.795,4645.813,57.9,0.0000,"[-0.129, -0.050, 0.035, 0.055, -0.116, -0.083]","[-0.122, -0.041, 0.048, 0.062, -0.109, -0.075]","[-0.148, -0.054, -0.014, 0.037, -0.126, -0.105]"
3,1,-3.0533,-4.8191,0.000,188,471,15,0,0.996,75,0.00,54,391.28,0,0,66.137(82.671%)(4.943m),69.000(60.883%)(5.250m),49.174(43.389%)(3.126m),20.205(17.828%)(0.022m),11.147(13.934%)(0.000m),40.000(100.000%)(3.214m),9.860(24.650%)(0.000m),1527.341,2554.189,58.0,0.0000,"[-0.121, -0.048, 0.044, 0.059, -0.114, -0.080]","[-0.090, -0.036, 0.049, 0.067, -0.109, -0.075]","[-0.134, -0.052, 0.027, 0.056, -0.126, -0.097]"
4,1,-3.4389,-4.4740,0.000,168,411,19,0,0.994,70,0.00,71,346.15,0,0,68.942(86.178%)(5.244m),89.000(78.530%)(7.393m),25.676(22.656%)(0.608m),14.949(13.190%)(0.000m),9.752(12.190%)(0.000m),40.000(100.000%)(3.214m),10.757(26.891%)(0.081m),6225.870,7851.366,56.6,14.2172,"[-0.123, -0.048, 0.042, 0.058, -0.111, -0.082]","[-0.096, -0.026, 0.048, 0.068, -0.091, -0.075]","[-0.134, -0.055, 0.018, 0.056, -0.118, -0.099]"
5,1,-10.7243,-5.7241,0.000,311,779,66,0,0.992,85,0.00,103,648.14,0,0,11.264(14.080%)(0.000m),20.417(18.015%)(0.045m),39.000(34.412%)(2.036m),34.000(30.000%)(1.500m),31.693(39.616%)(1.253m),9.963(24.909%)(0.000m),22.696(56.739%)(1.360m),567.325,3127.008,58.0,0.0000,"[-0.127, -0.046, 0.034, 0.056, -0.111, -0.082]","[-0.100, -0.033, 0.053, 0.069, -0.101, -0.068]","[-0.162, -0.064, -0.018, 0.028, -0.124, -0.110]"
6,1,-6.2543,-5.8124,0.000,125,304,32,0,0.990,60,0.00,116,241.35,0,0,78.639(98.299%)(6.283m),113.333(100.000%)(10.000m),89.738(79.181%)(7.472m),29.916(26.396%)(1.062m),13.315(16.644%)(0.000m),40.000(100.000%)(3.214m),9.737(24.342%)(0.000m),3874.920,8991.430,56.2,0.0000,"[-0.109, -0.043, 0.044, 0.063, -0.100, -0.083]","[-0.090, -0.033, 0.048, 0.069, -0.087, -0.077]","[-0.131, -0.053, 0.037, 0.058, -0.114, -0.088]"
7,1,-6.8171,-5.9560,0.000,249,633,30,0,0.988,80,0.00,141,473.46,0,0,10.868(13.585%)(0.000m),17.647(15.571%)(0.000m),33.516(29.573%)(1.448m),43.000(37.941%)(2.464m),47.177(58.972%)(2.912m),11.002(27.504%)(0.107m),34.318(85.794%)(2.605m),1085.856,3944.554,58.8,0.0000,"[-0.128, -0.050, 0.039, 0.056, -0.115, -0.080]","[-0.116, -0.044, 0.050, 0.061, -0.106, -0.073]","[-0.155, -0.059, -0.018, 0.030, -0.131, -0.109]"
8,1,-7.6793,-6.1714,0.000,328,825,0,14,0.986,85,0.00,174,627.85,0,0,22.000(27.500%)(0.214m),28.000(24.706%)(0.857m),68.000(60.000%)(5.143m),101.000(89.118%)(8.679m),56.000(70.000%)(3.857m),28.677(71.692%)(2.001m),40.000(100.000%)(3.214m),815.511,7041.907,58.2,0.0000,"[-0.137, -0.048, 0.035, 0.055, -0.111, -0.077]","[-0.125, -0.042, 0.047, 0.058, -0.099, -0.070]","[-0.146, -0.057, 0.018, 0.045, -0.137, -0.084]"
9,1,-6.0751,-6.1607,0.000,115,280,17,0,0.984,60,0.00,186,220.73,0,0,78.639(98.299%)(6.283m),98.303(86.738%)(8.390m),25.050(22.103%)(0.541m),14.937(13.180%)(0.000m),9.893(12.366%)(0.000m),40.000(100.000%)(3.214m),11.184(27.961%)(0.127m),6020.467,7419.438,56.3,0.0000,"[-0.115, -0.046, 0.043, 0.060, -0.107, -0.082]","[-0.096, -0.032, 0.049, 0.066, -0.099, -0.076]","[-0.131, -0.050, 0.023, 0.058, -0.114, -0.097]"
10,1,-7.0199,-6.2466,0.000,251,655,0,15,0.982,85,0.00,212,498.88,0,0,24.000(30.000%)(0.429m),25.000(22.059%)(0.536m),71.000(62.647%)(5.464m),102.000(90.000%)(8.786m),58.000(72.500%)(4.071m),27.310(68.274%)(1.855m),40.000(100.000%)(3.214m),0.000,1531.556,60.4,1.1819,"[-0.137, -0.050, 0.037, 0.055, -0.116, -0.077]","[-0.128, -0.045, 0.047, 0.062, -0.105, -0.065]","[-0.143, -0.057, 0.013, 0.045, -0.133, -0.090]"
11,1,-4.2578,-6.0658,0.000,138,350,17,0,0.980,65,0.00,226,263.74,0,0,66.107(82.633%)(4.940m),48.418(42.722%)(3.045m),19.894(17.554%)(0.000m),13.080(11.541%)(0.000m),9.277(11.596%)(0.000m),40.000(100.000%)(3.214m),11.890(29.726%)(0.203m),3026.101,3798.518,58.6,1.3413,"[-0.122, -0.049, 0.043, 0.059, -0.116, -0.080]","[-0.094, -0.037, 0.052, 0.065, -0.108, -0.072]","[-0.135, -0.055, 0.013, 0.056, -0.126, -0.106]"
12,1,-5.6824,-6.0338,0.000,85,209,16,0,0.978,50,0.00,235,156.05,0,0,9.596(11.995%)(0.000m),13.123(11.579%)(0.000m),19.200(16.941%)(0.000m),40.960(36.142%)(2.246m),77.067(96.334%)(6.114m),13.123(32.806%)(0.335m),40.000(100.000%)(3.214m),5323.912,7761.173,56.8,0.0000,"[-0.136, -0.049, 0.032, 0.053, -0.112, -0.082]","[-0.131, -0.046, 0.047, 0.058, -0.108, -0.074]","[-0.149, -0.054, -0.018, 0.031, -0.118, -0.111]"
13,1,-6.6688,-6.0827,0.000,83,208,20,0,0.976,55,0.00,244,158.91,0,0,78.639(98.299%)(6.283m),106.000(93.530%)(9.214m),36.473(32.182%)(1.765m),17.844(15.745%)(0.000m),10.592(13.240%)(0.000m),40.000(100.000%)(3.214m),10.211(25.526%)(0.023m),4179.790,5421.492,58.1,0.0000,"[-0.111, -0.047, 0.041, 0.060, -0.110, -0.084]","[-0.094, -0.028, 0.048, 0.067, -0.093, -0.077]","[-0.131, -0.052, 0.024, 0.058, -0.115, -0.095]"
14,1,-5.9240,-6.0714,0.000,77,192,21,0,0.974,50,0.00,252,136.17,0,0,78.639(98.299%)(6.283m),112.000(98.824%)(9.857m),29.910(26.391%)(1.062m),16.258(14.345%)(0.000m),10.187(12.734%)(0.000m),40.000(100.000%)(3.214m),10.568(26.419%)(0.061m),5411.117,6791.017,57.7,1.3653,"[-0.112, -0.047, 0.041, 0.060, -0.111, -0.084]","[-0.095, -0.027, 0.048, 0.068, -0.092, -0.077]","[-0.131, -0.053, 0.025, 0.058, -0.117, -0.094]"
15,1,-5.5992,-6.0399,0.000,198,494,18,0,0.972,75,0.00,272,352.10,0,0,11.551(14.438%)(0.000m),20.477(18.068%)(0.051m),47.045(41.511%)(2.898m),68.000(60.000%)(5.143m),64.560(80.700%)(4.774m),10.472(26.181%)(0.051m),40.000(100.000%)(3.214m),2376.725,4288.009,57.7,1.4026,"[-0.134, -0.048, 0.036, 0.056, -0.111, -0.078]","[-0.122, -0.042, 0.048, 0.063, -0.103, -0.072]","[-0.153, -0.056, -0.013, 0.037, -0.122, -0.103]"
16,1,-6.8232,-6.0888,0.000,103,248,17,0,0.970,55,0.00,283,195.12,0,0,78.639(98.299%)(6.283m),110.000(97.059%)(9.643m),27.327(24.112%)(0.785m),15.710(13.862%)(0.000m),10.170(12.712%)(0.000m),40.000(100.000%)(3.214m),11.080(27.699%)(0.116m),6251.162,9221.979,55.8,1.3418,"[-0.114, -0.046, 0.043, 0.061, -0.106, -0.083]","[-0.096, -0.027, 0.049, 0.067, -0.093, -0.077]","[-0.131, -0.054, 0.026, 0.058, -0.114, -0.095]"
17,1,-4.0453,-5.9686,0.000,278,696,40,0,0.968,85,0.00,311,495.43,0,0,60.020(75.025%)(4.288m),38.000(33.530%)(1.929m),46.000(40.588%)(2.786m),20.912(18.452%)(0.098m),11.537(14.421%)(0.000m),40.000(100.000%)(3.214m),10.205(25.512%)(0.022m),816.098,1712.380,58.0,0.0000,"[-0.123, -0.047, 0.041, 0.058, -0.114, -0.081]","[-0.097, -0.036, 0.047, 0.062, -0.106, -0.074]","[-0.136, -0.052, 0.013, 0.054, -0.132, -0.103]"
18,1,-4.4638,-5.8850,0.000,118,311,16,0,0.967,65,0.00,323,211.01,0,0,11.257(14.071%)(0.000m),20.404(18.004%)(0.043m),49.659(43.817%)(3.178m),79.000(69.706%)(6.321m),67.589(84.486%)(5.099m),9.957(24.893%)(0.000m),40.000(100.000%)(3.214m),2590.988,3205.764,61.1,0.0000,"[-0.136, -0.051, 0.033, 0.055, -0.116, -0.079]","[-0.124, -0.047, 0.048, 0.063, -0.111, -0.073]","[-0.152, -0.055, -0.010, 0.040, -0.121, -0.100]"
19,1,9.3379,-5.0838,0.000,315,932,0,28,0.965,100,5.26,355,570.96,1,1,38.000(47.500%)(1.929m),100.919(89.047%)(8.670m),89.000(78.530%)(7.393m),37.000(32.647%)(1.821m),25.000(31.250%)(0.536m),24.000(60.000%)(1.500m),24.000(60.000%)(1.500m),964.186,1156.811,68.5,0.0000,"[-0.118, -0.051, 0.048, 0.066, -0.125, -0.070]","[-0.099, -0.032, 0.060, 0.080, -0.111, -0.046]","[-0.133, -0.056, 0.032, 0.058, -0.136, -0.084]"
20,2,-7.5017,-5.2047,0.000,112,270,17,0,0.963,35,5.00,367,295.98,0,0,9.489(11.861%)(0.000m),14.119(12.458%)(0.000m),23.157(20.433%)(0.338m),79.394(70.054%)(6.364m),77.067(96.334%)(6.114m),10.996(27.490%)(0.107m),40.000(100.000%)(3.214m),6115.309,18136.960,55.8,0.0000,"[-0.138, -0.048, 0.030, 0.053, -0.107, -0.081]","[-0.131, -0.045, 0.047, 0.058, -0.102, -0.071]","[-0.145, -0.052, -0.011, 0.040, -0.114, -0.100]"
21,2,-2.5016,-5.0760,0.000,312,788,28,17,0.961,60,4.76,399,795.68,0,0,55.000(68.750%)(3.750m),20.000(17.647%)(0.000m),20.000(17.647%)(0.000m),22.000(19.412%)(0.214m),25.854(32.318%)(0.627m),40.000(100.000%)(3.214m),22.310(55.774%)(1.319m),0.000,20190.215,58.4,1.0977,"[-0.126, -0.051, 0.041, 0.057, -0.116, -0.082]","[-0.098, -0.048, 0.049, 0.062, -0.109, -0.076]","[-0.134, -0.058, -0.005, 0.049, -0.148, -0.119]"
22,2,-5.3309,-5.0876,0.000,314,790,40,37,0.959,60,4.55,431,755.13,0,0,9.028(11.285%)(0.000m),12.420(10.958%)(0.000m),18.305(16.152%)(0.000m),24.000(21.177%)(0.429m),25.000(31.250%)(0.536m),12.185(30.463%)(0.234m),40.000(100.000%)(3.214m),461.642,16006.367,58.2,0.0000,"[-0.131, -0.051, 0.033, 0.054, -0.118, -0.085]","[-0.122, -0.043, 0.047, 0.059, -0.105, -0.073]","[-0.138, -0.062, -0.032, 0.034, -0.128, -0.123]"
23,2,-2.7017,-4.9838,0.000,275,678,27,0,0.957,55,4.35,459,704.30,0,0,65.066(81.332%)(4.828m),51.000(45.000%)(3.321m),55.000(48.530%)(3.750m),22.814(20.130%)(0.302m),11.842(14.802%)(0.000m),40.000(100.000%)(3.214m),9.843(24.607%)(0.000m),2087.815,16878.985,57.0,1.2415,"[-0.122, -0.047, 0.039, 0.057, -0.113, -0.083]","[-0.102, -0.032, 0.047, 0.063, -0.104, -0.074]","[-0.133, -0.053, 0.010, 0.053, -0.120, -0.107]"
24,2,-5.5055,-5.0056,0.000,108,260,19,0,0.955,35,4.17,470,292.06,0,0,77.786(97.233%)(6.191m),83.355(73.549%)(6.788m),24.313(21.453%)(0.462m),14.823(13.080%)(0.000m),9.962(12.453%)(0.000m),40.000(100.000%)(3.214m),11.545(28.862%)(0.166m),6037.163,23961.854,55.7,0.0000,"[-0.120, -0.049, 0.042, 0.059, -0.111, -0.083]","[-0.098, -0.034, 0.048, 0.062, -0.107, -0.077]","[-0.131, -0.056, 0.015, 0.057, -0.114, -0.103]"
25,2,-4.8357,-4.9988,0.000,100,249,18,0,0.953,35,4.00,480,253.93,0,0,11.224(14.030%)(0.000m),20.345(17.951%)(0.037m),49.515(43.689%)(3.162m),102.000(90.000%)(8.786m),77.067(96.334%)(6.114m),9.928(24.821%)(0.000m),40.000(100.000%)(3.214m),4733.188,15003.817,57.6,0.0000,"[-0.137, -0.049, 0.028, 0.053, -0.110, -0.082]","[-0.131, -0.046, 0.047, 0.058, -0.104, -0.074]","[-0.149, -0.052, -0.004, 0.043, -0.116, -0.095]"
26,2,-6.8322,-5.0693,0.000,77,183,17,0,0.951,25,3.85,488,178.36,0,0,9.537(11.921%)(0.000m),13.446(11.864%)(0.000m),20.451(18.045%)(0.048m),49.773(43.918%)(3.190m),77.067(96.334%)(6.114m),12.223(30.558%)(0.238m),40.000(100.000%)(3.214m),11553.156,24013.309,55.1,0.0000,"[-0.136, -0.048, 0.030, 0.052, -0.110, -0.084]","[-0.131, -0.046, 0.047, 0.058, -0.106, -0.075]","[-0.144, -0.051, -0.020, 0.035, -0.118, -0.111]"
27,2,-5.2980,-5.0778,0.000,138,348,17,0,0.949,40,3.70,502,359.07,0,0,77.786(97.233%)(6.191m),87.000(76.765%)(7.179m),25.781(22.748%)(0.619m),15.373(13.565%)(0.000m),10.182(12.727%)(0.000m),40.000(100.000%)(3.214m),11.511(28.777%)(0.162m),3538.821,16463.789,58.4,1.2989,"[-0.117, -0.047, 0.044, 0.060, -0.114, -0.080]","[-0.093, -0.033, 0.049, 0.066, -0.105, -0.074]","[-0.131, -0.051, 0.019, 0.056, -0.122, -0.101]"
28,2,-6.9382,-5.1442,1.410,110,268,21,0,0.947,35,3.57,513,457.39,0,0,78.639(98.299%)(6.283m),94.923(83.755%)(8.027m),24.189(21.343%)(0.449m),14.424(12.727%)(0.000m),9.553(11.941%)(0.000m),40.000(100.000%)(3.214m),10.800(26.999%)(0.086m),5154.533,23277.843,56.3,0.0000,"[-0.123, -0.053, 0.037, 0.057, -0.113, -0.086]","[-0.099, -0.041, 0.049, 0.063, -0.107, -0.075]","[-0.146, -0.087, -0.038, 0.034, -0.125, -0.137]"
29,2,-5.2316,-5.1472,1.359,69,178,15,0,0.945,25,3.45,520,218.60,0,0,78.639(98.299%)(6.283m),109.000(96.177%)(9.536m),25.998(22.939%)(0.643m),15.322(13.519%)(0.000m),10.072(12.590%)(0.000m),40.000(100.000%)(3.214m),11.247(28.117%)(0.134m),3531.923,15757.271,59.7,0.0000,"[-0.279, -0.260, -0.173, -0.006, -0.104, -0.171]","[-0.206, -0.134, -0.061, 0.030, -0.074, -0.119]","[-0.341, -0.375, -0.300, -0.066, -0.177, -0.261]"
30,2,-7.5121,-5.2261,0.858,377,942,0,37,0.944,65,3.33,558,1323.40,0,0,12.000(15.000%)(0.000m),23.000(20.294%)(0.321m),72.000(63.530%)(5.571m),89.000(78.530%)(7.393m),52.000(65.000%)(3.429m),29.810(74.526%)(2.123m),40.000(100.000%)(3.214m),2621.587,17713.363,57.8,0.0000,"[-0.396, -0.489, -0.395, 0.043, -0.020, -0.181]","[0.313, 0.251, 0.355, 0.528, 0.809, 0.605]","[-2.571, -2.703, -2.494, -1.653, -2.548, -2.491]"
31,2,-3.6183,-5.1742,0.318,237,625,5,19,0.942,55,3.23,582,853.81,0,0,50.000(62.500%)(3.214m),83.000(73.236%)(6.750m),33.000(29.118%)(1.393m),23.000(20.294%)(0.321m),34.000(42.500%)(1.500m),36.971(92.429%)(2.890m),39.216(98.039%)(3.130m),0.000,15807.882,61.0,0.0000,"[-0.162, -0.004, 0.125, 0.088, 0.454, 0.317]","[1.466, 1.433, 1.541, 1.420, 1.948, 1.657]","[-6.629, -5.578, -5.486, -5.790, -5.494, -4.895]"
32,2,-4.1578,-5.1424,0.256,167,441,17,0,0.940,45,3.12,599,602.39,0,0,11.701(14.626%)(0.000m),21.209(18.714%)(0.130m),51.618(45.545%)(3.388m),53.000(46.765%)(3.536m),76.230(95.288%)(6.025m),10.350(25.875%)(0.037m),40.000(100.000%)(3.214m),1427.392,8299.057,61.1,0.0000,"[-0.602, -0.991, -1.013, -0.232, -0.644, -1.125]","[1.930, 1.884, 1.970, 1.973, 2.476, 2.133]","[-4.969, -5.606, -5.615, -4.327, -5.559, -5.855]"
33,2,-7.1833,-5.2043,0.233,340,913,37,69,0.938,70,3.03,633,1226.93,0,0,23.838(29.798%)(0.411m),45.000(39.706%)(2.679m),60.000(52.941%)(4.286m),42.000(37.059%)(2.357m),16.000(20.000%)(0.000m),16.925(42.313%)(0.742m),10.000(25.000%)(0.000m),660.016,10817.587,62.2,1.4336,"[-0.177, -0.198, -0.275, 0.251, 0.208, -0.034]","[2.076, 2.530, 2.768, 2.560, 3.034, 3.119]","[-4.486, -3.354, -3.629, -3.937, -3.044, -3.472]"
34,2,-5.7635,-5.2207,0.332,96,232,23,0,0.936,30,2.94,643,358.40,0,0,10.391(12.989%)(0.000m),16.180(14.277%)(0.000m),28.517(25.162%)(0.913m),113.000(99.706%)(9.964m),67.647(84.559%)(5.105m),11.183(27.958%)(0.127m),40.000(100.000%)(3.214m),5213.006,22951.466,56.0,1.5458,"[0.470, 0.168, -0.185, 0.965, 0.648, 0.186]","[2.653, 2.760, 2.808, 2.957, 3.476, 3.192]","[-3.553, -4.578, -5.340, -2.814, -4.405, -4.858]"
35,2,-7.2348,-5.2783,0.305,97,233,22,0,0.934,30,2.86,653,349.04,0,0,78.639(98.299%)(6.283m),111.000(97.941%)(9.750m),43.358(38.257%)(2.503m),19.373(17.094%)(0.000m),11.045(13.807%)(0.000m),40.000(100.000%)(3.214m),10.138(25.345%)(0.015m),8235.550,19650.091,55.7,1.3642,"[-1.393, -0.407, 0.129, -1.076, 0.064, 0.559]","[2.616, 2.879, 2.809, 3.024, 3.550, 3.235]","[-6.380, -5.165, -4.341, -6.145, -4.857, -3.935]"
36,2,-7.5220,-5.3406,0.307,114,272,19,0,0.932,35,2.78,665,451.33,0,0,11.329(14.161%)(0.000m),20.535(18.119%)(0.057m),49.977(44.097%)(3.212m),109.000(96.177%)(9.536m),77.067(96.334%)(6.114m),10.021(25.052%)(0.002m),40.000(100.000%)(3.214m),6556.572,22253.667,55.2,0.0000,"[0.850, 0.227, -0.372, 1.281, 0.688, -0.029]","[2.868, 2.824, 2.757, 3.238, 3.414, 3.006]","[-2.512, -3.753, -4.536, -1.995, -3.540, -3.983]"
37,2,-7.1824,-5.3904,0.288,95,227,15,0,0.930,30,2.70,675,358.32,0,0,78.639(98.299%)(6.283m),68.689(60.608%)(5.217m),23.429(20.672%)(0.367m),14.728(12.995%)(0.000m),10.108(12.635%)(0.000m),40.000(100.000%)(3.214m),12.161(30.401%)(0.231m),7781.697,23150.365,55.3,0.0000,"[-0.886, 0.009, 0.608, -0.597, 0.518, 0.925]","[2.620, 2.921, 2.973, 2.937, 3.568, 3.298]","[-7.001, -6.054, -5.203, -6.735, -5.598, -4.964]"
38,2,-5.9196,-5.4043,0.292,268,652,27,0,0.929,55,2.63,702,978.18,0,0,11.515(14.394%)(0.000m),20.414(18.013%)(0.044m),46.900(41.383%)(2.882m),63.000(55.588%)(4.607m),64.690(80.862%)(4.788m),10.440(26.100%)(0.047m),40.000(100.000%)(3.214m),2917.426,22642.328,56.3,0.0000,"[1.701, 1.594, 1.259, 2.047, 2.039, 1.631]","[3.358, 3.356, 3.328, 3.526, 4.008, 3.671]","[-4.111, -4.973, -5.323, -3.670, -5.146, -4.718]"
39,2,-6.0513,-5.4209,0.314,76,188,25,0,0.927,30,2.56,710,272.48,0,0,10.141(12.676%)(0.000m),16.614(14.659%)(0.000m),32.096(28.320%)(1.296m),113.000(99.706%)(9.964m),77.067(96.334%)(6.114m),10.141(25.352%)(0.015m),40.000(100.000%)(3.214m),4400.598,18545.569,57.1,0.0000,"[0.788, 0.117, -0.710, 1.233, 0.430, -0.248]","[3.481, 3.487, 3.408, 3.802, 4.091, 3.729]","[-3.105, -4.443, -5.247, -2.509, -4.565, -4.647]"
40,2,-6.4237,-5.4460,0.302,202,497,16,0,0.925,50,2.50,731,741.73,0,0,9.708(12.136%)(0.000m),13.689(12.078%)(0.000m),20.820(18.370%)(0.088m),50.670(44.709%)(3.286m),76.230(95.288%)(6.025m),12.443(31.108%)(0.262m),40.000(100.000%)(3.214m),3610.013,21285.038,56.9,1.2836,"[2.148, 1.704, 1.057, 2.487, 2.151, 1.476]","[3.596, 3.555, 3.610, 3.850, 4.129, 3.938]","[-5.027, -6.029, -5.897, -4.761, -6.363, -5.438]"
41,2,-0.3571,-5.3218,0.302,327,819,13,19,0.923,65,2.44,764,1248.31,0,0,38.973(48.716%)(2.033m),22.000(19.412%)(0.214m),23.000(20.294%)(0.321m),58.000(51.177%)(4.071m),45.000(56.250%)(2.679m),34.474(86.184%)(2.622m),40.000(100.000%)(3.214m),0.000,19192.873,58.0,1.1540,"[1.729, 2.034, 2.027, 2.224, 2.574, 2.379]","[3.634, 3.663, 3.628, 3.942, 4.314, 3.957]","[-3.359, -4.176, -4.928, -2.461, -4.302, -4.543]"
42,2,-5.0437,-5.3152,0.341,147,359,20,0,0.921,40,2.38,779,515.54,0,0,12.054(15.068%)(0.000m),23.858(21.051%)(0.413m),64.078(56.540%)(4.723m),93.000(82.059%)(7.821m),77.067(96.334%)(6.114m),9.771(24.426%)(0.000m),40.000(100.000%)(3.214m),4959.235,13531.521,56.6,0.0000,"[1.379, 0.540, -0.628, 1.921, 0.929, 0.036]","[3.784, 3.916, 3.909, 4.178, 4.651, 4.363]","[-2.861, -3.976, -4.702, -2.699, -4.432, -4.047]"
43,2,-3.5018,-5.2730,0.379,197,538,16,13,0.919,55,2.33,799,719.71,0,0,33.460(41.825%)(1.442m),21.000(18.529%)(0.107m),20.000(17.647%)(0.000m),88.000(77.647%)(7.286m),66.000(82.500%)(4.929m),27.120(67.801%)(1.834m),40.000(100.000%)(3.214m),0.000,15751.113,63.2,1.4123,"[2.546, 2.634, 2.107, 3.631, 3.075, 2.743]","[4.505, 4.239, 4.111, 4.977, 4.962, 4.606]","[-3.195, -3.893, -4.897, -2.093, -4.561, -4.175]"
44,2,-5.0742,-5.2685,0.397,78,196,16,0,0.918,30,2.27,807,289.29,0,0,9.213(11.517%)(0.000m),12.991(11.462%)(0.000m),19.758(17.434%)(0.000m),48.087(42.430%)(3.009m),76.230(95.288%)(6.025m),11.809(29.522%)(0.194m),40.000(100.000%)(3.214m),3568.298,20082.115,58.1,0.0000,"[1.842, 1.290, 0.503, 2.280, 1.700, 1.121]","[4.233, 4.280, 4.234, 4.499, 4.960, 4.821]","[-5.112, -5.700, -5.559, -4.947, -7.017, -5.046]"
45,2,-5.2019,-5.2670,0.393,133,334,21,0,0.916,40,2.22,821,466.14,0,0,11.075(13.844%)(0.000m),19.425(17.140%)(0.000m),43.474(38.359%)(2.515m),87.000(76.765%)(7.179m),76.230(95.288%)(6.025m),10.165(25.413%)(0.018m),40.000(100.000%)(3.214m),3037.102,17884.268,58.1,1.3578,"[2.492, 1.883, 0.840, 3.033, 2.372, 1.473]","[4.387, 4.363, 4.413, 4.651, 5.237, 4.793]","[-3.229, -4.398, -4.965, -3.386, -5.201, -4.405]"
46,2,-7.5162,-5.3159,0.459,391,961,79,29,0.914,65,2.17,861,1441.89,0,0,31.349(39.186%)(1.216m),20.000(17.647%)(0.000m),20.000(17.647%)(0.000m),66.000(58.235%)(4.929m),40.473(50.592%)(2.194m),22.520(56.301%)(1.341m),29.321(73.302%)(2.070m),0.000,16375.751,56.9,1.3334,"[1.700, 1.636, 1.407, 2.068, 2.216, 1.851]","[4.611, 4.370, 4.382, 4.946, 5.124, 4.837]","[-2.616, -4.149, -4.881, -3.110, -4.657, -4.516]"
47,2,-6.7643,-5.3468,0.479,118,284,20,0,0.912,35,2.13,873,434.13,0,0,11.568(14.460%)(0.000m),20.968(18.501%)(0.104m),51.031(45.027%)(3.325m),106.000(93.530%)(9.214m),77.067(96.334%)(6.114m),10.232(25.581%)(0.025m),40.000(100.000%)(3.214m),6368.273,18304.671,55.6,0.0000,"[2.541, 1.577, 0.117, 3.122, 2.093, 0.905]","[4.909, 4.660, 4.539, 4.847, 5.406, 4.884]","[-1.795, -3.455, -4.370, -2.338, -3.944, -3.839]"
48,2,-4.1768,-5.3224,0.533,157,395,24,0,0.910,45,2.08,889,574.53,0,0,11.128(13.910%)(0.000m),19.518(17.222%)(0.000m),43.683(38.544%)(2.537m),82.000(72.353%)(6.643m),63.499(79.373%)(4.661m),10.214(25.535%)(0.023m),40.000(100.000%)(3.214m),2472.381,18598.615,58.2,1.5253,"[2.984, 2.793, 2.462, 3.333, 3.245, 2.945]","[5.161, 5.178, 5.035, 5.717, 5.833, 5.591]","[-3.576, -4.732, -4.934, -3.696, -5.736, -4.610]"
49,2,-5.6451,-5.3290,0.463,93,237,17,0,0.908,30,2.04,899,336.17,0,0,10.285(12.856%)(0.000m),16.414(14.483%)(0.000m),30.197(26.645%)(1.093m),100.000(88.236%)(8.571m),77.067(96.334%)(6.114m),10.669(26.673%)(0.072m),40.000(100.000%)(3.214m),4046.737,14943.430,58.9,1.3017,"[2.933, 2.214, 1.051, 3.675, 2.681, 1.788]","[4.967, 5.053, 4.999, 5.247, 5.755, 5.449]","[-3.627, -5.213, -5.366, -4.495, -6.191, -5.021]"
50,2,-6.2775,-5.3479,0.456,216,530,18,0,0.907,50,2.00,921,795.37,0,0,12.171(15.213%)(0.000m),23.761(20.966%)(0.403m),63.442(55.979%)(4.655m),70.000(61.765%)(5.357m),77.067(96.334%)(6.114m),9.990(24.975%)(0.000m),40.000(100.000%)(3.214m),2895.591,17156.811,56.8,1.4706,"[3.957, 3.254, 2.181, 4.291, 3.764, 2.729]","[5.172, 4.990, 4.795, 5.436, 5.668, 5.202]","[-3.131, -4.384, -4.628, -3.836, -5.164, -4.359]"
51,2,-5.8294,-5.3498,0.502,250,652,34,16,0.905,60,1.96,946,909.81,0,0,24.000(30.000%)(0.429m),20.000(17.647%)(0.000m),33.000(29.118%)(1.393m),113.333(100.000%)(10.000m),66.000(82.500%)(4.929m),22.804(57.011%)(1.372m),40.000(100.000%)(3.214m),0.000,12102.553,60.3,1.4886,"[4.089, 3.501, 2.281, 4.878, 3.996, 2.975]","[5.713, 5.401, 5.020, 6.778, 6.178, 5.568]","[-1.099, -2.406, -4.500, -0.165, -2.694, -4.002]"
52,2,-5.4013,-5.3445,0.579,186,454,17,0,0.903,45,1.92,965,693.84,0,0,9.867(12.334%)(0.000m),15.364(13.557%)(0.000m),27.079(23.894%)(0.758m),82.000(72.353%)(6.643m),67.688(84.610%)(5.109m),10.619(26.548%)(0.066m),40.000(100.000%)(3.214m),4178.533,16810.045,56.5,1.3374,"[4.075, 3.533, 2.575, 4.420, 4.005, 3.246]","[5.807, 5.051, 5.038, 6.339, 5.917, 5.569]","[-4.713, -5.306, -5.749, -5.675, -6.711, -5.576]"
53,2,-7.1946,-5.4273,0.562,121,291,26,0,0.901,35,1.89,978,424.87,0,0,78.639(98.299%)(6.283m),105.000(92.647%)(9.107m),52.155(46.019%)(3.445m),20.892(18.434%)(0.096m),11.394(14.242%)(0.000m),40.000(100.000%)(3.214m),9.954(24.886%)(0.000m),6275.947,19499.376,55.6,1.1611,"[0.246, 1.661, 3.015, 0.792, 2.372, 3.239]","[4.945, 5.044, 5.170, 5.112, 5.774, 5.545]","[-5.197, -5.386, -3.745, -6.538, -3.930, -3.992]"
54,2,-3.8136,-5.4348,0.583,209,536,22,0,0.899,50,1.85,999,793.37,0,0,10.418(13.023%)(0.000m),17.068(15.060%)(0.000m),32.973(29.094%)(1.390m),49.000(43.235%)(3.107m),67.647(84.559%)(5.105m),10.418(26.045%)(0.045m),40.000(100.000%)(3.214m),1459.662,16028.890,59.3,0.9146,"[3.915, 3.727, 3.006, 4.350, 4.109, 3.576]","[5.477, 5.416, 5.238, 6.515, 6.187, 5.721]","[-6.503, -6.026, -5.330, -7.852, -8.099, -5.292]"
55,2,-6.1707,-5.3437,0.603,264,671,53,5,0.898,60,1.82,1026,1045.37,0,0,10.920(13.650%)(0.000m),17.890(15.786%)(0.000m),34.562(30.496%)(1.560m),33.000(29.118%)(1.393m),36.000(45.000%)(1.714m),10.920(27.300%)(0.099m),40.000(100.000%)(3.214m),1142.784,12403.661,58.8,1.3875,"[3.747, 3.385, 2.688, 4.187, 3.819, 3.181]","[5.598, 5.578, 5.659, 6.619, 6.471, 6.277]","[-6.550, -6.136, -4.670, -8.081, -7.693, -5.041]"
56,2,-4.8209,-5.3151,0.580,276,711,0,14,0.896,60,1.79,1054,1016.37,0,0,28.000(35.000%)(0.857m),24.000(21.177%)(0.429m),85.000(75.000%)(6.964m),60.450(53.339%)(4.334m),31.746(39.682%)(1.258m),37.546(93.866%)(2.951m),22.762(56.906%)(1.367m),1834.268,14106.034,59.6,1.5536,"[2.435, 3.514, 3.771, 3.547, 3.974, 4.204]","[5.268, 5.466, 5.719, 6.071, 6.149, 6.211]","[-3.469, -3.744, -6.630, -1.927, -5.242, -6.442]"
57,2,-5.6230,-5.2912,0.572,125,309,17,0,0.894,40,1.75,1067,465.47,0,0,12.001(15.002%)(0.000m),23.122(20.402%)(0.334m),67.790(59.815%)(5.120m),96.000(84.706%)(8.143m),77.067(96.334%)(6.114m),9.976(24.939%)(0.000m),40.000(100.000%)(3.214m),3724.310,15921.277,57.2,0.0000,"[4.334, 3.530, 1.614, 5.096, 3.462, 2.241]","[6.306, 5.334, 5.152, 7.611, 6.012, 5.689]","[-2.869, -3.456, -5.713, -2.609, -5.057, -5.050]"
58,2,-2.7921,-5.1934,0.551,153,442,0,11,0.892,50,1.72,1083,607.88,0,0,27.000(33.750%)(0.750m),24.000(21.177%)(0.429m),113.333(100.000%)(10.000m),113.333(100.000%)(10.000m),60.000(75.000%)(4.286m),36.631(91.579%)(2.853m),40.000(100.000%)(3.214m),4405.927,11967.479,66.8,1.2942,"[4.240, 4.381, 3.374, 5.780, 4.708, 4.145]","[5.833, 6.198, 5.751, 7.597, 6.828, 6.651]","[-5.854, -5.204, -7.222, -3.300, -6.964, -6.776]"
59,2,-1.6039,-5.1040,0.554,240,631,35,14,0.890,55,1.69,1107,976.28,0,0,21.293(26.616%)(0.138m),24.000(21.177%)(0.429m),20.000(17.647%)(0.000m),20.000(17.647%)(0.000m),63.000(78.750%)(4.607m),21.293(53.232%)(1.210m),40.000(100.000%)(3.214m),0.000,15148.589,60.8,1.6227,"[3.753, 3.816, 3.297, 4.264, 4.204, 3.697]","[5.494, 5.710, 5.478, 6.178, 6.556, 6.087]","[-8.567, -6.660, -5.175, -9.751, -7.403, -5.310]"
60,2,-7.6756,-5.1171,0.513,223,540,25,0,0.889,50,1.67,1130,872.47,0,0,47.710(59.637%)(2.969m),80.000(70.588%)(6.429m),50.900(44.912%)(3.311m),20.914(18.454%)(0.098m),11.538(14.423%)(0.000m),34.816(87.041%)(2.659m),10.206(25.515%)(0.022m),5372.773,21058.022,56.0,1.5532,"[2.737, 3.107, 3.379, 2.902, 3.685, 3.590]","[5.399, 5.360, 5.248, 5.615, 6.077, 5.764]","[-4.423, -4.931, -3.926, -6.057, -3.941, -4.624]"
61,2,-6.1090,-5.1541,0.517,125,302,17,0,0.887,35,1.64,1143,466.76,0,0,78.639(98.299%)(6.283m),103.000(90.883%)(8.893m),29.567(26.089%)(1.025m),16.547(14.601%)(0.000m),10.542(13.177%)(0.000m),40.000(100.000%)(3.214m),11.207(28.017%)(0.129m),5468.737,21102.504,55.9,0.0000,"[1.599, 2.442, 3.351, 1.827, 3.075, 3.475]","[4.945, 5.145, 5.137, 5.046, 5.826, 5.604]","[-5.525, -6.366, -4.908, -7.826, -5.218, -5.722]"
62,2,-8.6419,-5.2133,0.489,275,668,25,0,0.885,55,1.61,1171,1041.00,0,0,10.446(13.057%)(0.000m),17.113(15.100%)(0.000m),33.060(29.171%)(1.399m),62.000(54.706%)(4.500m),52.927(66.158%)(3.528m),10.446(26.114%)(0.048m),38.579(96.448%)(3.062m),2927.362,23207.691,56.2,1.5384,"[3.388, 3.581, 3.551, 3.534, 3.966, 3.784]","[5.060, 4.926, 5.040, 5.347, 5.669, 5.492]","[-5.501, -5.268, -4.553, -6.824, -6.107, -4.929]"
63,2,-0.6787,-5.0935,0.457,301,762,0,30,0.883,60,1.59,1202,1104.77,0,0,46.000(57.500%)(2.786m),66.000(58.235%)(4.929m),63.000(55.588%)(4.607m),21.000(18.529%)(0.107m),26.000(32.500%)(0.643m),40.000(100.000%)(3.214m),31.520(78.800%)(2.306m),0.000,16908.000,58.6,1.4369,"[2.498, 3.092, 3.582, 2.802, 3.641, 3.867]","[5.188, 5.117, 5.221, 5.522, 5.714, 5.694]","[-5.620, -4.579, -3.319, -6.103, -3.940, -3.909]"
64,2,-5.0660,-5.0764,0.432,204,510,18,0,0.882,50,1.56,1223,762.03,0,0,9.910(12.388%)(0.000m),15.431(13.616%)(0.000m),27.197(23.997%)(0.771m),67.000(59.118%)(5.036m),61.752(77.189%)(4.473m),10.665(26.663%)(0.071m),40.000(100.000%)(3.214m),2541.422,18786.910,57.8,1.4628,"[3.811, 3.706, 3.129, 4.002, 3.890, 3.356]","[5.797, 5.098, 5.091, 6.204, 5.604, 5.467]","[-5.424, -5.381, -5.090, -6.680, -6.130, -4.809]"
65,2,-4.4545,-5.0535,0.409,217,561,49,0,0.880,55,1.54,1245,801.12,0,0,45.000(56.250%)(2.679m),42.000(37.059%)(2.357m),26.451(23.339%)(0.691m),15.206(13.417%)(0.000m),9.843(12.304%)(0.000m),40.000(100.000%)(3.214m),10.724(26.811%)(0.078m),1094.748,14302.977,59.8,1.4544,"[1.594, 2.159, 2.649, 1.855, 2.587, 2.803]","[4.830, 4.917, 4.863, 4.992, 5.493, 5.255]","[-6.824, -6.952, -4.997, -8.660, -5.754, -5.268]"
66,2,-1.4099,-4.9452,0.387,221,662,9,51,0.878,60,1.52,1268,834.14,0,0,39.000(48.750%)(2.036m),71.000(62.647%)(5.464m),99.000(87.353%)(8.464m),72.000(63.530%)(5.571m),27.000(33.750%)(0.750m),30.000(75.000%)(2.143m),14.000(35.000%)(0.429m),1364.090,8495.510,69.4,1.3645,"[3.063, 3.855, 3.634, 4.441, 4.324, 4.168]","[5.641, 5.857, 5.815, 6.439, 6.602, 6.849]","[-3.903, -1.713, -1.014, -0.997, -1.772, -1.325]"
67,2,-6.7317,-4.9989,0.405,172,449,23,0,0.876,50,1.49,1286,613.35,0,0,11.268(14.085%)(0.000m),19.976(17.626%)(0.000m),45.895(40.495%)(2.774m),57.000(50.294%)(3.964m),77.067(96.334%)(6.114m),10.216(25.541%)(0.023m),40.000(100.000%)(3.214m),2256.755,12032.070,60.4,1.3667,"[3.515, 3.156, 2.139, 3.874, 3.228, 2.406]","[5.785, 4.821, 4.559, 5.841, 5.182, 4.953]","[-4.964, -4.974, -4.919, -5.208, -5.497, -4.782]"
68,2,-6.0110,-5.0299,0.419,71,185,16,0,0.874,30,1.47,1294,255.77,0,0,78.639(98.299%)(6.283m),108.000(95.294%)(9.429m),26.888(23.724%)(0.738m),15.846(13.982%)(0.000m),10.417(13.021%)(0.000m),40.000(100.000%)(3.214m),11.632(29.079%)(0.175m),3524.192,13144.024,60.2,0.0000,"[-0.841, -0.044, 0.990, -0.842, 0.327, 1.001]","[4.126, 4.328, 4.340, 4.253, 4.730, 4.564]","[-6.625, -7.226, -5.755, -8.239, -6.060, -5.970]"
69,2,-10.0675,-5.4180,0.385,295,715,17,0,0.873,60,1.45,1324,1081.74,0,0,12.013(15.016%)(0.000m),23.145(20.422%)(0.337m),59.547(52.542%)(4.237m),61.083(53.897%)(4.402m),29.533(36.916%)(1.021m),9.985(24.963%)(0.000m),21.154(52.886%)(1.195m),3462.348,12948.607,56.1,1.3198,"[1.727, 2.284, 2.487, 1.833, 2.383, 2.519]","[4.558, 4.428, 4.396, 4.714, 4.792, 4.685]","[-3.964, -4.203, -5.028, -4.235, -5.064, -5.623]"
70,2,-4.6055,-5.3601,0.375,162,391,32,0,0.871,45,1.43,1341,590.68,0,0,12.377(15.471%)(0.000m),24.843(21.921%)(0.519m),75.600(66.706%)(5.957m),94.000(82.941%)(7.929m),76.230(95.288%)(6.025m),9.906(24.764%)(0.000m),40.000(100.000%)(3.214m),5745.924,19955.882,55.9,1.7402,"[3.262, 2.598, 0.891, 3.716, 2.132, 0.981]","[4.694, 4.374, 4.397, 5.635, 4.653, 4.665]","[-1.602, -2.844, -5.622, -0.570, -4.425, -5.422]"
71,2,-4.4006,-5.3980,0.359,136,353,18,0,0.869,40,1.41,1355,513.11,0,0,11.363(14.203%)(0.000m),19.722(17.402%)(0.000m),43.065(37.999%)(2.471m),75.000(66.177%)(5.893m),67.647(84.559%)(5.105m),10.558(26.395%)(0.060m),40.000(100.000%)(3.214m),3166.349,11758.188,60.2,1.6501,"[2.613, 2.290, 1.301, 3.030, 2.138, 1.394]","[4.935, 4.043, 4.053, 5.611, 4.404, 4.153]","[-5.394, -4.983, -5.033, -5.434, -5.329, -4.938]"
72,2,-5.6918,-5.4053,0.359,114,285,16,0,0.867,35,1.39,1367,432.50,0,0,9.535(11.919%)(0.000m),14.397(12.703%)(0.000m),24.144(21.304%)(0.444m),94.747(83.601%)(8.009m),67.688(84.610%)(5.109m),10.780(26.949%)(0.084m),40.000(100.000%)(3.214m),3783.355,20114.923,57.8,1.1911,"[2.652, 2.387, 1.443, 2.877, 2.264, 1.531]","[5.057, 3.980, 3.933, 5.680, 4.375, 4.224]","[-7.240, -6.369, -5.065, -7.667, -6.536, -5.219]"
73,2,-4.1925,-5.4351,0.335,376,951,3,61,0.866,65,1.37,1405,1362.97,0,0,40.000(50.000%)(2.143m),54.000(47.647%)(3.643m),113.333(100.000%)(10.000m),23.000(20.294%)(0.321m),12.000(15.000%)(0.000m),39.552(98.880%)(3.166m),11.000(27.500%)(0.107m),7305.252,17850.872,58.5,1.3984,"[1.637, 2.117, 2.330, 1.909, 2.453, 2.518]","[3.750, 3.844, 3.805, 3.861, 4.275, 3.961]","[-6.735, -6.269, -4.168, -7.083, -5.208, -3.961]"
74,2,-4.6701,-5.4184,0.343,205,512,16,0,0.864,50,1.35,1426,760.70,0,0,69.102(86.378%)(5.261m),40.631(35.851%)(2.210m),19.045(16.805%)(0.000m),13.017(11.486%)(0.000m),9.519(11.898%)(0.000m),40.000(100.000%)(3.214m),13.017(32.542%)(0.323m),5635.615,17993.815,57.7,1.3575,"[1.369, 1.709, 2.089, 1.352, 2.048, 2.074]","[3.727, 3.656, 3.547, 3.849, 4.041, 3.652]","[-5.843, -6.464, -5.017, -7.759, -5.183, -5.535]"
75,2,-6.9727,-5.4611,0.314,123,298,19,0,0.862,35,1.33,1439,449.55,0,0,10.548(13.185%)(0.000m),17.281(15.248%)(0.000m),33.384(29.456%)(1.434m),102.000(90.000%)(8.786m),77.067(96.334%)(6.114m),10.548(26.370%)(0.059m),40.000(100.000%)(3.214m),5479.436,20608.109,56.0,0.0000,"[2.662, 2.381, 1.439, 2.839, 2.384, 1.657]","[5.110, 3.863, 3.608, 5.855, 4.260, 3.806]","[-5.539, -5.213, -5.213, -5.665, -5.691, -5.058]"
76,2,-6.3733,-5.4519,0.349,188,455,20,0,0.861,45,1.32,1458,703.06,0,0,77.786(97.233%)(6.191m),86.000(75.883%)(7.071m),72.376(63.861%)(5.612m),26.154(23.077%)(0.659m),12.650(15.813%)(0.000m),40.000(100.000%)(3.214m),9.870(24.675%)(0.000m),5701.694,19596.602,56.0,1.3038,"[0.548, 1.342, 2.005, 0.554, 1.603, 1.933]","[3.537, 3.567, 3.431, 3.710, 4.128, 3.646]","[-4.476, -3.987, -2.817, -4.952, -3.535, -3.089]"
77,2,-5.3873,-5.4537,0.321,195,512,25,0,0.859,50,1.30,1478,701.72,0,0,74.506(93.132%)(5.840m),45.000(39.706%)(2.679m),29.133(25.706%)(0.979m),16.305(14.387%)(0.000m),10.387(12.984%)(0.000m),40.000(100.000%)(3.214m),11.042(27.606%)(0.112m),930.941,14980.034,60.7,1.5086,"[0.872, 1.328, 1.715, 1.025, 1.603, 1.807]","[3.141, 3.341, 3.325, 3.419, 3.735, 3.522]","[-6.469, -6.193, -4.815, -6.791, -5.263, -4.638]"
78,2,-5.4400,-5.4238,0.326,147,356,17,0,0.857,40,1.28,1493,515.29,0,0,11.701(14.626%)(0.000m),21.209(18.713%)(0.129m),51.617(45.544%)(3.387m),96.000(84.706%)(8.143m),67.688(84.610%)(5.109m),10.350(25.874%)(0.037m),40.000(100.000%)(3.214m),6230.024,19338.124,56.0,1.5284,"[3.212, 2.952, 1.819, 3.501, 2.949, 1.962]","[5.408, 4.741, 3.438, 6.086, 4.747, 3.602]","[-4.227, -4.432, -5.174, -4.247, -5.184, -5.038]"
79,2,-6.9448,-5.4580,0.320,219,554,17,0,0.855,50,1.27,1515,775.15,0,0,9.271(11.589%)(0.000m),13.072(11.534%)(0.000m),19.881(17.543%)(0.000m),48.387(42.694%)(3.041m),47.017(58.771%)(2.895m),11.883(29.707%)(0.202m),34.209(85.523%)(2.594m),2231.533,16176.478,58.6,1.4451,"[1.272, 1.642, 1.653, 1.342, 1.773, 1.673]","[3.613, 3.303, 3.490, 3.351, 3.722, 3.547]","[-8.402, -6.877, -5.205, -8.829, -6.595, -5.566]"
80,2,-4.9392,-5.4066,0.342,223,553,16,0,0.854,50,1.25,1538,832.49,0,0,11.377(14.222%)(0.000m),19.955(17.607%)(0.000m),44.661(39.407%)(2.642m),63.000(55.588%)(4.607m),58.142(72.677%)(4.087m),10.443(26.107%)(0.047m),40.000(100.000%)(3.214m),2323.139,17454.787,57.4,1.6389,"[2.627, 2.548, 1.914, 2.851, 2.632, 2.165]","[5.357, 4.070, 3.611, 6.101, 4.222, 3.867]","[-5.867, -5.494, -5.446, -5.858, -5.766, -5.067]"
81,2,-5.9636,-5.4535,0.306,131,321,19,0,0.852,40,1.23,1552,512.82,0,0,77.786(97.233%)(6.191m),96.000(84.706%)(8.143m),31.448(27.748%)(1.227m),16.558(14.610%)(0.000m),10.197(12.747%)(0.000m),40.000(100.000%)(3.214m),10.323(25.807%)(0.035m),3349.194,20386.862,56.7,1.2984,"[0.643, 1.336, 2.068, 0.655, 1.629, 1.994]","[3.576, 3.601, 3.717, 3.792, 4.071, 3.788]","[-5.716, -6.234, -5.203, -6.961, -5.281, -5.382]"
82,2,-4.1126,-5.4526,0.323,181,443,19,0,0.850,45,1.22,1571,672.04,0,0,69.061(86.327%)(5.257m),47.870(42.238%)(2.986m),19.669(17.355%)(0.000m),12.932(11.411%)(0.000m),9.172(11.465%)(0.000m),40.000(100.000%)(3.214m),11.756(29.389%)(0.188m),3920.587,22179.504,56.6,1.1670,"[1.684, 1.977, 2.400, 1.682, 2.354, 2.436]","[3.737, 3.895, 3.948, 4.009, 4.317, 4.112]","[-5.425, -6.145, -5.090, -7.150, -5.034, -5.691]"
83,2,-3.5344,-5.3796,0.301,178,468,17,0,0.849,50,1.20,1589,719.14,0,0,11.440(14.300%)(0.000m),21.228(18.730%)(0.132m),55.193(48.700%)(3.771m),50.000(44.118%)(3.214m),76.230(95.288%)(6.025m),9.872(24.679%)(0.000m),40.000(100.000%)(3.214m),792.032,14456.019,60.8,1.5374,"[2.610, 2.160, 1.106, 3.168, 2.071, 1.430]","[4.625, 3.719, 3.687, 4.834, 4.204, 3.853]","[-5.974, -5.557, -5.913, -4.253, -5.994, -4.837]"
84,2,-5.3950,-5.3722,0.296,90,219,15,0,0.847,30,1.19,1598,332.63,0,0,12.449(15.562%)(0.000m),25.738(22.710%)(0.615m),64.926(57.288%)(4.813m),113.000(99.706%)(9.964m),77.067(96.334%)(6.114m),9.713(24.283%)(0.000m),40.000(100.000%)(3.214m),6979.210,17765.216,56.3,1.3163,"[2.022, 1.281, -0.316, 2.322, 0.830, -0.200]","[4.768, 3.747, 3.641, 5.049, 4.130, 3.780]","[-1.523, -2.994, -5.448, -1.309, -4.189, -5.235]"
85,2,-6.4213,-5.3560,0.307,241,634,74,16,0.845,55,1.18,1623,882.94,0,0,67.000(83.750%)(5.036m),31.000(27.353%)(1.179m),20.000(17.647%)(0.000m),20.000(17.647%)(0.000m),23.000(28.750%)(0.321m),40.000(100.000%)(3.214m),17.370(43.424%)(0.790m),0.000,9243.877,60.9,1.2433,"[-1.036, -0.231, 0.599, -0.904, -0.048, 0.667]","[3.567, 3.708, 3.694, 3.842, 4.154, 3.953]","[-5.768, -6.310, -5.265, -7.263, -5.508, -5.749]"
86,2,-3.0064,-5.2656,0.314,201,547,20,18,0.844,55,1.16,1644,755.76,0,0,32.512(40.641%)(1.341m),22.000(19.412%)(0.214m),20.000(17.647%)(0.000m),89.000(78.530%)(7.393m),60.000(75.000%)(4.286m),28.759(71.897%)(2.010m),40.000(100.000%)(3.214m),0.000,11407.797,62.9,1.3403,"[2.280, 2.256, 1.601, 2.750, 2.364, 1.747]","[3.598, 3.863, 3.931, 4.259, 4.355, 4.231]","[-4.949, -4.580, -4.666, -5.833, -4.541, -4.854]"
87,2,-5.7629,-5.2372,0.346,425,1080,21,153,0.842,70,1.15,1687,1717.33,0,0,13.000(16.250%)(0.000m),31.000(27.353%)(1.179m),113.333(100.000%)(10.000m),111.465(98.352%)(9.800m),24.000(30.000%)(0.429m),11.000(27.500%)(0.107m),17.000(42.500%)(0.750m),5734.955,16868.216,58.8,2.3225,"[2.806, 3.111, 2.725, 3.439, 3.474, 2.993]","[5.997, 6.669, 6.563, 6.930, 8.395, 7.818]","[-3.882, -3.605, -4.882, -0.725, -4.801, -4.619]"
88,2,-4.7724,-5.2143,0.477,131,341,17,0,0.840,40,1.14,1701,501.60,0,0,10.950(13.687%)(0.000m),18.103(15.974%)(0.000m),35.604(31.415%)(1.672m),75.000(66.177%)(5.893m),76.230(95.288%)(6.025m),10.817(27.042%)(0.088m),40.000(100.000%)(3.214m),2525.097,13647.744,60.3,1.7555,"[2.775, 2.500, 1.823, 3.144, 2.929, 2.224]","[5.449, 4.411, 3.745, 6.331, 5.067, 4.212]","[-5.871, -5.788, -5.267, -6.277, -5.377, -4.848]"
89,2,-4.8687,-5.1907,0.493,122,317,16,0,0.838,40,1.12,1714,457.60,0,0,10.520(13.150%)(0.000m),17.555(15.490%)(0.000m),35.180(31.041%)(1.626m),81.000(71.471%)(6.536m),77.067(96.334%)(6.114m),10.266(25.665%)(0.028m),40.000(100.000%)(3.214m),2452.933,11267.002,60.1,1.6277,"[3.212, 2.741, 1.410, 3.694, 2.907, 1.914]","[5.908, 4.808, 4.032, 6.874, 5.730, 4.908]","[-5.819, -5.766, -5.416, -6.261, -5.451, -5.021]"
90,2,-3.1065,-5.1243,0.400,248,611,20,0,0.837,55,1.11,1739,949.95,0,0,12.528(15.660%)(0.000m),25.900(22.853%)(0.632m),64.000(56.471%)(4.714m),59.000(52.059%)(4.179m),70.909(88.637%)(5.455m),9.774(24.435%)(0.000m),40.000(100.000%)(3.214m),3293.963,16213.991,57.0,1.5372,"[3.418, 3.006, 2.065, 3.858, 3.176, 2.430]","[5.864, 5.099, 4.713, 6.216, 6.076, 5.735]","[-1.527, -3.422, -6.271, -0.910, -4.536, -5.612]"
91,2,-3.9898,-5.1970,0.441,170,413,17,0,0.835,45,1.10,1756,666.43,0,0,9.635(12.044%)(0.000m),13.585(11.987%)(0.000m),20.663(18.232%)(0.071m),50.289(44.373%)(3.245m),64.705(80.882%)(4.790m),12.350(30.874%)(0.252m),40.000(100.000%)(3.214m),5935.497,22624.818,56.2,1.5787,"[2.675, 2.649, 2.335, 2.955, 2.943, 2.572]","[5.339, 4.187, 4.076, 5.533, 4.673, 4.388]","[-7.755, -6.436, -5.373, -8.032, -5.926, -5.636]"
92,2,-3.9270,-5.1746,0.451,141,384,13,0,0.833,45,1.09,1771,553.06,0,0,12.613(15.767%)(0.000m),25.689(22.667%)(0.610m),73.534(64.883%)(5.736m),54.000(47.647%)(3.643m),77.067(96.334%)(6.114m),9.967(24.918%)(0.000m),40.000(100.000%)(3.214m),940.917,12225.626,63.1,1.3356,"[3.093, 2.582, 1.626, 3.756, 2.603, 2.053]","[4.517, 4.235, 4.136, 5.556, 4.530, 4.313]","[-1.424, -3.551, -6.044, 0.392, -4.468, -4.784]"
93,2,-5.1172,-5.2069,0.424,157,419,17,0,0.832,45,1.08,1787,583.79,0,0,10.089(12.612%)(0.000m),16.530(14.585%)(0.000m),31.933(28.176%)(1.279m),54.000(47.647%)(3.643m),77.067(96.334%)(6.114m),10.089(25.224%)(0.010m),40.000(100.000%)(3.214m),1189.304,11047.999,61.7,1.6284,"[3.257, 2.981, 2.309, 3.665, 3.252, 2.761]","[4.644, 4.856, 4.474, 5.957, 5.692, 5.159]","[-5.511, -5.461, -5.205, -5.104, -5.331, -4.676]"
94,2,-4.0533,-5.1865,0.416,120,331,15,0,0.830,40,1.06,1799,430.03,0,0,69.061(86.327%)(5.257m),63.000(55.588%)(4.607m),51.420(45.370%)(3.366m),21.128(18.642%)(0.121m),11.656(14.570%)(0.000m),40.000(100.000%)(3.214m),10.310(25.776%)(0.033m),1633.655,9896.321,63.8,0.0000,"[-0.057, 0.693, 1.299, 0.517, 0.888, 1.612]","[4.195, 4.129, 4.119, 4.500, 4.595, 4.438]","[-5.179, -5.497, -5.027, -5.515, -5.212, -5.319]"
95,2,-1.6881,-5.1162,0.415,237,638,2,17,0.828,60,1.05,1823,929.29,0,0,38.000(47.500%)(1.929m),56.000(49.412%)(3.857m),36.000(31.765%)(1.714m),18.000(15.882%)(0.000m),11.000(13.750%)(0.000m),40.000(100.000%)(3.214m),40.000(100.000%)(3.214m),4671.471,13750.392,62.3,1.4661,"[2.599, 3.045, 3.120, 3.253, 3.521, 3.503]","[3.834, 4.041, 4.106, 4.257, 4.535, 4.425]","[-6.671, -6.592, -5.451, -6.793, -5.655, -4.855]"
96,2,-5.9578,-5.0851,0.396,147,356,20,0,0.827,40,1.04,1838,600.91,0,0,11.710(14.637%)(0.000m),21.225(18.728%)(0.131m),51.657(45.580%)(3.392m),95.000(83.824%)(8.036m),77.067(96.334%)(6.114m),10.358(25.895%)(0.038m),40.000(100.000%)(3.214m),5343.936,19246.204,56.0,1.3993,"[3.753, 3.032, 1.695, 4.286, 3.399, 2.059]","[5.721, 4.417, 3.769, 6.630, 4.932, 4.153]","[-4.745, -5.687, -5.864, -4.194, -5.498, -4.975]"
97,2,-4.4302,-5.0384,0.398,163,395,15,0,0.825,45,1.03,1855,627.79,0,0,9.705(12.131%)(0.000m),14.338(12.651%)(0.000m),23.270(20.533%)(0.350m),75.338(66.475%)(5.929m),70.630(88.288%)(5.425m),11.387(28.468%)(0.149m),40.000(100.000%)(3.214m),3902.667,24719.424,56.0,0.0000,"[2.652, 2.359, 1.799, 2.853, 2.596, 2.053]","[4.609, 3.868, 3.900, 4.689, 4.271, 4.229]","[-7.206, -6.269, -5.873, -7.367, -5.706, -6.073]"
98,2,-3.9065,-5.0330,0.421,115,315,14,0,0.823,40,1.02,1867,453.55,0,0,77.786(97.233%)(6.191m),68.000(60.000%)(5.143m),34.078(30.069%)(1.508m),17.640(15.565%)(0.000m),10.767(13.459%)(0.000m),40.000(100.000%)(3.214m),10.767(26.918%)(0.082m),1199.845,11751.471,63.4,1.4353,"[0.337, 1.030, 1.527, 0.904, 1.206, 1.870]","[3.724, 3.849, 3.620, 4.135, 4.140, 3.805]","[-6.328, -5.805, -5.501, -5.571, -5.256, -5.216]"
99,2,-10.8912,-5.1379,0.395,304,771,162,38,0.822,60,1.01,1898,1231.55,0,0,19.824(24.781%)(0.000m),20.000(17.647%)(0.000m),20.000(17.647%)(0.000m),31.000(27.353%)(1.179m),57.981(72.476%)(4.069m),14.007(35.017%)(0.429m),40.000(100.000%)(3.214m),0.000,8972.267,58.7,1.5580,"[2.273, 1.653, 0.718, 2.374, 1.779, 1.357]","[4.249, 4.202, 3.614, 6.361, 4.861, 4.900]","[-5.440, -4.724, -4.762, -6.443, -4.598, -4.715]"
100,2,-6.7793,-5.1479,0.382,227,596,67,11,0.820,55,1.00,1921,934.26,0,0,30.000(37.500%)(1.071m),28.000(24.706%)(0.857m),26.597(23.468%)(0.707m),15.291(13.492%)(0.000m),9.898(12.373%)(0.000m),40.000(100.000%)(3.214m),10.784(26.959%)(0.084m),351.194,12108.013,60.7,1.4766,"[0.221, 0.856, 1.453, 0.305, 1.007, 1.573]","[3.409, 3.418, 3.402, 3.605, 3.838, 3.728]","[-7.437, -5.163, -4.745, -7.937, -4.513, -5.320]"
101,2,-6.6637,-5.1646,0.364,82,198,22,0,0.819,30,0.99,1930,307.89,0,0,78.639(98.299%)(6.283m),113.333(100.000%)(10.000m),36.926(32.582%)(1.813m),18.426(16.258%)(0.000m),11.042(13.802%)(0.000m),40.000(100.000%)(3.214m),10.775(26.938%)(0.083m),7988.746,20165.391,55.8,1.4518,"[-0.428, 0.240, 1.020, -0.743, 0.452, 0.967]","[3.387, 3.451, 3.566, 3.658, 3.929, 3.694]","[-4.974, -5.766, -4.858, -6.454, -5.428, -5.475]"
102,2,-5.5100,-5.1668,0.350,90,229,16,0,0.817,30,0.98,1939,371.16,0,0,78.639(98.299%)(6.283m),100.000(88.236%)(8.571m),49.611(43.775%)(3.173m),20.385(17.987%)(0.041m),11.246(14.057%)(0.000m),40.000(100.000%)(3.214m),9.948(24.869%)(0.000m),3297.761,15937.270,59.0,1.5672,"[-1.119, -0.224, 0.580, -1.186, -0.108, 0.451]","[3.259, 3.514, 3.503, 3.691, 3.884, 3.724]","[-5.043, -5.927, -5.189, -5.913, -5.583, -5.768]"
103,2,-6.6405,-5.1557,0.349,196,475,17,0,0.815,50,0.97,1959,882.21,0,0,10.083(12.604%)(0.000m),15.700(13.853%)(0.000m),27.671(24.416%)(0.822m),85.000(75.000%)(6.964m),61.752(77.189%)(4.473m),10.851(27.128%)(0.091m),40.000(100.000%)(3.214m),3613.621,22121.633,56.1,1.7150,"[2.460, 2.337, 2.043, 2.635, 2.658, 2.326]","[4.852, 3.812, 3.568, 5.120, 4.240, 3.860]","[-6.836, -6.139, -5.703, -7.160, -5.677, -5.039]"
104,2,-2.3801,-5.1271,0.307,158,454,0,10,0.814,50,0.96,1975,723.92,0,0,61.000(76.250%)(4.393m),107.000(94.412%)(9.321m),110.000(97.059%)(9.643m),28.000(24.706%)(0.857m),25.000(31.250%)(0.536m),40.000(100.000%)(3.214m),34.095(85.238%)(2.582m),0.000,10713.964,66.4,1.6978,"[0.883, 1.855, 2.295, 2.102, 2.155, 2.690]","[3.044, 3.225, 3.375, 3.521, 3.650, 3.648]","[-4.814, -3.087, -1.926, -1.237, -2.398, -0.285]"
105,2,-8.5023,-5.1737,0.343,233,567,19,0,0.812,50,0.95,1999,953.80,0,0,10.571(13.213%)(0.000m),16.871(14.886%)(0.000m),31.036(27.385%)(1.182m),65.946(58.187%)(4.923m),35.093(43.866%)(1.617m),10.966(27.414%)(0.103m),25.331(63.329%)(1.643m),4121.838,16110.925,56.3,1.6214,"[1.480, 1.537, 1.129, 1.763, 1.626, 1.187]","[4.007, 3.441, 3.302, 4.407, 3.867, 3.675]","[-7.108, -5.967, -5.928, -6.763, -5.811, -6.111]"
106,2,-2.6147,-5.1296,0.333,151,407,17,0,0.810,45,0.94,2015,588.34,0,0,10.042(12.553%)(0.000m),16.307(14.388%)(0.000m),30.970(27.326%)(1.175m),54.000(47.647%)(3.643m),76.230(95.288%)(6.025m),10.166(25.415%)(0.018m),40.000(100.000%)(3.214m),974.626,12557.467,62.5,1.4473,"[2.306, 1.941, 1.593, 2.755, 2.156, 1.925]","[3.853, 3.256, 3.266, 5.826, 3.580, 3.550]","[-4.068, -5.145, -5.060, -2.245, -4.910, -3.939]"
107,2,-4.1751,-5.1006,0.347,147,366,20,0,0.809,40,0.93,2030,550.60,0,0,10.133(12.666%)(0.000m),16.172(14.269%)(0.000m),29.751(26.251%)(1.045m),92.000(81.177%)(7.714m),64.559(80.699%)(4.774m),10.511(26.279%)(0.055m),40.000(100.000%)(3.214m),2958.087,20107.256,57.7,1.4242,"[1.777, 1.637, 1.294, 1.899, 1.845, 1.503]","[4.256, 3.223, 3.152, 4.062, 3.570, 3.462]","[-6.381, -5.901, -5.644, -6.724, -5.378, -5.706]"
108,2,-4.5843,-5.1364,0.311,390,1077,34,125,0.807,75,0.93,2069,1486.89,0,0,10.187(12.733%)(0.000m),15.380(13.571%)(0.000m),25.793(22.759%)(0.621m),41.000(36.177%)(2.250m),19.000(23.750%)(0.000m),11.516(28.790%)(0.162m),14.000(35.000%)(0.429m),2792.322,10039.827,63.9,1.3684,"[1.303, 1.879, 1.940, 1.941, 2.032, 2.080]","[3.404, 3.211, 3.160, 4.332, 3.622, 3.301]","[-6.372, -5.642, -5.011, -5.906, -5.235, -4.428]"
109,2,-7.8187,-5.2607,0.317,373,920,0,27,0.806,65,0.92,2107,1378.59,0,0,25.000(31.250%)(0.536m),28.000(24.706%)(0.857m),65.000(57.353%)(4.821m),52.000(45.882%)(3.429m),37.572(46.965%)(1.883m),36.353(90.881%)(2.823m),27.101(67.752%)(1.832m),1540.588,13504.741,57.1,1.3279,"[1.131, 1.545, 1.473, 1.312, 1.625, 1.430]","[3.158, 3.099, 3.102, 3.318, 3.523, 3.159]","[-3.227, -4.771, -6.572, -1.689, -5.804, -7.146]"
110,2,-5.7101,-5.2214,0.325,64,163,16,0,0.804,25,0.91,2114,236.12,0,0,9.226(11.532%)(0.000m),12.692(11.199%)(0.000m),18.706(16.506%)(0.000m),40.847(36.041%)(2.234m),77.067(96.334%)(6.114m),12.452(31.131%)(0.263m),40.000(100.000%)(3.214m),4349.818,14469.623,59.0,1.5492,"[0.793, 0.452, -0.199, 0.713, 0.430, -0.283]","[4.106, 3.602, 3.412, 4.131, 4.015, 3.428]","[-8.403, -6.101, -5.327, -8.281, -5.762, -5.673]"
111,2,-5.3652,-5.2066,0.285,129,342,17,0,0.802,40,0.90,2127,447.16,0,0,78.639(98.299%)(6.283m),70.000(61.765%)(5.357m),34.491(30.433%)(1.553m),17.538(15.474%)(0.000m),10.608(13.260%)(0.000m),40.000(100.000%)(3.214m),10.479(26.197%)(0.051m),2435.031,11325.838,61.3,1.4593,"[-0.234, 0.378, 1.009, -0.064, 0.563, 1.008]","[2.937, 3.121, 3.226, 3.170, 3.518, 3.366]","[-4.841, -5.574, -4.876, -5.362, -5.127, -5.442]"
112,2,-5.9083,-5.1519,0.355,219,586,58,10,0.801,55,0.89,2149,790.08,0,0,12.613(15.766%)(0.000m),26.077(23.009%)(0.651m),26.000(22.941%)(0.643m),21.000(18.529%)(0.107m),25.000(31.250%)(0.536m),9.841(24.602%)(0.000m),40.000(100.000%)(3.214m),13.567,9408.364,61.9,1.2143,"[3.446, 2.998, 2.667, 3.853, 3.544, 3.301]","[5.238, 5.070, 4.769, 6.358, 5.939, 5.416]","[-2.238, -2.957, -5.183, 2.547, -2.252, -3.832]"
113,2,-3.1268,-5.2008,0.344,140,378,16,0,0.799,45,0.88,2163,506.65,0,0,11.434(14.292%)(0.000m),20.725(18.287%)(0.078m),50.439(44.505%)(3.261m),59.000(52.059%)(4.179m),76.230(95.288%)(6.025m),10.114(25.284%)(0.012m),40.000(100.000%)(3.214m),1602.045,10984.085,62.5,1.4340,"[2.457, 1.673, 1.011, 3.044, 1.915, 1.224]","[4.241, 3.053, 3.024, 5.560, 3.357, 3.035]","[-4.381, -5.743, -5.419, -2.987, -5.180, -4.171]"
114,2,-6.6768,-5.2331,0.307,314,810,76,85,0.798,65,0.88,2195,1129.39,0,0,12.000(15.000%)(0.000m),20.000(17.647%)(0.000m),35.000(30.882%)(1.607m),32.000(28.235%)(1.286m),16.001(20.001%)(0.000m),40.000(100.000%)(3.214m),11.238(28.095%)(0.133m),618.542,11685.131,59.7,1.4613,"[-0.291, 0.121, 0.132, -0.124, 0.190, 0.039]","[3.561, 3.676, 3.385, 3.771, 4.120, 3.680]","[-12.431, -8.677, -6.489, -13.409, -8.813, -7.287]"
115,2,-4.0490,-5.2250,0.306,161,417,17,0,0.796,45,0.87,2212,620.81,0,0,10.767(13.459%)(0.000m),17.483(15.426%)(0.000m),33.203(29.297%)(1.415m),65.000(57.353%)(4.821m),67.688(84.610%)(5.109m),10.899(27.248%)(0.096m),40.000(100.000%)(3.214m),2040.094,14802.440,60.0,1.5450,"[2.120, 1.742, 1.248, 2.344, 1.898, 1.284]","[4.645, 3.073, 3.114, 5.165, 3.351, 3.184]","[-5.914, -5.290, -5.712, -5.087, -5.042, -4.856]"
116,2,-4.2314,-5.2814,0.343,200,507,19,0,0.794,50,0.86,2232,747.52,0,0,10.634(13.293%)(0.000m),17.422(15.373%)(0.000m),33.658(29.698%)(1.463m),62.000(54.706%)(4.500m),57.383(71.728%)(4.005m),10.634(26.586%)(0.068m),40.000(100.000%)(3.214m),2040.731,17685.995,58.7,1.4028,"[1.768, 1.655, 1.492, 2.019, 1.896, 1.563]","[3.881, 3.150, 3.173, 4.771, 3.467, 3.303]","[-6.279, -5.708, -5.838, -4.939, -5.286, -5.334]"
117,2,-4.6980,-5.2407,0.300,227,574,42,0,0.793,55,0.85,2255,863.97,0,0,13.041(16.301%)(0.000m),28.290(24.962%)(0.888m),53.000(46.765%)(3.536m),52.000(45.882%)(3.429m),57.981(72.476%)(4.069m),9.788(24.471%)(0.000m),40.000(100.000%)(3.214m),1268.262,17795.925,58.5,1.4027,"[2.535, 1.711, 0.955, 3.066, 2.194, 1.325]","[4.490, 3.158, 3.009, 5.437, 3.439, 3.283]","[1.030, -3.789, -6.140, 1.202, -2.501, -4.952]"
118,2,-4.4685,-5.2099,0.321,250,652,60,14,0.791,60,0.85,2280,942.70,0,0,24.109(30.136%)(0.440m),21.000(18.529%)(0.107m),20.000(17.647%)(0.000m),20.000(17.647%)(0.000m),64.746(80.933%)(4.794m),18.810(47.024%)(0.944m),40.000(100.000%)(3.214m),0.000,15443.573,60.4,1.2697,"[1.644, 1.581, 1.564, 1.835, 1.780, 1.715]","[2.822, 3.110, 3.001, 4.107, 3.330, 3.170]","[-5.543, -4.683, -4.445, -3.796, -4.591, -4.166]"
119,2,-6.7986,-5.1445,0.348,276,709,218,17,0.790,60,0.84,2308,960.89,0,0,13.970(17.462%)(0.000m),20.000(17.647%)(0.000m),20.000(17.647%)(0.000m),21.000(18.529%)(0.107m),76.230(95.288%)(6.025m),9.784(24.459%)(0.000m),40.000(100.000%)(3.214m),0.000,8861.801,59.5,1.3795,"[2.881, 1.566, 0.725, 3.309, 2.389, 1.501]","[5.128, 4.258, 3.396, 5.309, 5.453, 4.220]","[-4.612, -4.584, -6.364, -2.918, -4.393, -5.422]"
120,2,-11.1929,-5.2762,0.303,502,1223,143,141,0.788,70,0.83,2359,1878.11,0,0,17.581(21.976%)(0.000m),32.000(28.235%)(1.286m),37.000(32.647%)(1.821m),22.000(19.412%)(0.214m),12.000(15.000%)(0.000m),12.379(30.947%)(0.255m),39.135(97.838%)(3.122m),749.508,14236.960,56.4,1.3590,"[1.430, 1.303, 1.129, 1.492, 1.829, 1.546]","[3.560, 3.337, 3.373, 3.992, 4.112, 3.988]","[-6.389, -5.539, -4.244, -6.323, -4.317, -3.901]"
121,2,-5.2586,-5.2934,0.342,161,461,24,10,0.786,50,0.83,2376,632.25,0,0,32.293(40.366%)(1.317m),21.000(18.529%)(0.107m),19.000(16.765%)(0.000m),108.000(95.294%)(9.429m),64.000(80.000%)(4.714m),25.195(62.988%)(1.628m),40.000(100.000%)(3.214m),0.000,10128.465,66.2,1.2026,"[0.895, 0.969, 0.776, 1.135, 0.809, 0.506]","[2.830, 2.817, 2.984, 3.105, 3.182, 3.112]","[-4.948, -4.229, -3.457, -4.557, -4.791, -3.564]"
122,2,-3.3915,-5.2474,0.349,184,477,17,0,0.785,50,0.82,2395,719.23,0,0,59.000(73.750%)(4.179m),46.700(41.206%)(2.861m),19.188(16.931%)(0.000m),12.616(11.132%)(0.000m),8.948(11.185%)(0.000m),40.000(100.000%)(3.214m),11.468(28.671%)(0.157m),1681.618,15251.035,60.0,1.2442,"[1.089, 1.379, 1.692, 1.247, 1.670, 1.671]","[2.751, 2.834, 2.915, 3.104, 3.139, 3.161]","[-5.473, -5.467, -5.033, -5.460, -4.924, -6.342]"
123,2,-10.6709,-5.3769,0.322,364,896,140,7,0.783,65,0.81,2432,1397.39,0,0,19.992(24.990%)(0.000m),29.000(25.588%)(0.964m),30.000(26.471%)(1.071m),23.406(20.652%)(0.365m),11.989(14.986%)(0.000m),14.139(35.346%)(0.443m),9.840(24.601%)(0.000m),663.309,11826.184,57.0,1.6274,"[1.154, 1.214, 1.172, 1.244, 1.681, 1.149]","[4.482, 3.980, 3.732, 4.738, 5.007, 4.488]","[-5.709, -4.267, -4.512, -4.694, -3.775, -3.566]"
124,2,-5.4864,-5.3933,0.295,118,293,17,0,0.782,35,0.81,2444,450.55,0,0,10.686(13.358%)(0.000m),17.833(15.735%)(0.000m),35.737(31.533%)(1.686m),95.000(83.824%)(8.036m),77.067(96.334%)(6.114m),10.428(26.071%)(0.046m),40.000(100.000%)(3.214m),4288.611,16406.698,57.6,1.3306,"[2.299, 1.723, 0.701, 2.489, 2.007, 0.793]","[4.209, 3.528, 3.229, 4.171, 4.027, 3.115]","[-5.982, -5.676, -6.133, -5.967, -5.589, -5.316]"
125,2,-8.8818,-5.4315,0.312,185,461,20,0,0.780,45,0.80,2463,731.80,0,0,34.066(42.583%)(1.507m),65.141(57.477%)(4.836m),22.218(19.604%)(0.238m),13.967(12.324%)(0.000m),9.586(11.982%)(0.000m),24.552(61.380%)(1.559m),11.532(28.831%)(0.164m),3428.516,14476.577,57.7,1.2963,"[1.528, 1.794, 1.786, 1.609, 2.190, 1.745]","[3.287, 3.787, 3.442, 3.488, 4.529, 3.756]","[-5.354, -5.436, -4.752, -5.566, -4.934, -5.642]"
126,2,-5.1936,-5.4079,0.280,134,336,19,0,0.779,40,0.79,2477,577.20,0,0,10.016(12.521%)(0.000m),15.124(13.344%)(0.000m),25.363(22.379%)(0.575m),91.000(80.294%)(7.607m),76.230(95.288%)(6.025m),11.324(28.309%)(0.142m),40.000(100.000%)(3.214m),3808.802,18523.056,58.0,1.4895,"[1.251, 1.060, 0.752, 1.309, 1.173, 0.724]","[2.904, 2.687, 2.855, 2.791, 3.193, 3.049]","[-6.682, -5.764, -6.266, -7.381, -5.766, -6.240]"
127,2,-9.6208,-5.4925,0.268,287,737,65,28,0.777,60,0.79,2506,1067.89,0,0,23.000(28.750%)(0.321m),23.000(20.294%)(0.321m),25.000(22.059%)(0.536m),36.000(31.765%)(1.714m),55.000(68.750%)(3.750m),17.285(43.213%)(0.781m),40.000(100.000%)(3.214m),0.000,9320.268,59.4,1.4125,"[1.911, 1.527, 0.707, 2.014, 1.851, 0.803]","[4.060, 3.744, 3.256, 3.865, 4.689, 3.790]","[-2.279, -4.067, -5.108, -1.312, -4.284, -5.008]"
128,2,-2.6463,-5.4367,0.279,359,922,13,20,0.775,65,0.78,2542,1345.14,0,0,32.000(40.000%)(1.286m),85.000(75.000%)(6.964m),78.000(68.824%)(6.214m),26.000(22.941%)(0.643m),13.000(16.250%)(0.000m),26.000(65.000%)(1.714m),10.000(25.000%)(0.000m),1562.716,13876.489,59.4,1.3373,"[0.770, 1.435, 1.573, 1.090, 1.713, 1.668]","[2.314, 2.543, 2.686, 2.631, 2.878, 2.759]","[-5.706, -3.508, -0.500, -5.352, -2.588, -0.595]"
129,2,-5.3138,-5.4040,0.314,188,471,16,0,0.774,50,0.78,2561,689.29,0,0,77.786(97.233%)(6.191m),69.000(60.883%)(5.250m),33.782(29.808%)(1.477m),17.487(15.430%)(0.000m),10.674(13.342%)(0.000m),40.000(100.000%)(3.214m),10.674(26.685%)(0.072m),2071.032,17868.622,58.0,1.4105,"[0.880, 1.348, 1.738, 1.038, 1.612, 1.814]","[2.406, 2.649, 2.897, 2.616, 2.994, 2.693]","[-5.284, -5.125, -3.900, -4.987, -4.962, -4.671]"
130,2,-7.0402,-5.4461,0.282,350,879,43,16,0.772,65,0.77,2596,1325.63,0,0,18.458(23.073%)(0.000m),38.668(34.119%)(2.000m),33.000(29.118%)(1.393m),18.000(15.882%)(0.000m),26.000(32.500%)(0.643m),13.035(32.588%)(0.325m),40.000(100.000%)(3.214m),878.455,12187.909,58.1,1.5130,"[1.644, 1.626, 1.027, 1.809, 2.113, 1.247]","[3.265, 2.762, 2.590, 3.469, 3.596, 2.918]","[-5.401, -5.847, -5.511, -6.029, -5.068, -6.447]"
131,2,-5.4180,-5.4351,0.272,165,429,16,0,0.771,45,0.76,2613,607.86,0,0,77.786(97.233%)(6.191m),62.000(54.706%)(4.500m),39.696(35.026%)(2.110m),18.607(16.418%)(0.000m),10.830(13.537%)(0.000m),40.000(100.000%)(3.214m),10.187(25.468%)(0.020m),1909.207,14661.283,60.1,1.6460,"[0.343, 0.770, 1.277, 0.622, 1.108, 1.333]","[2.432, 2.390, 2.379, 2.661, 2.769, 2.652]","[-5.593, -5.518, -3.856, -5.451, -5.114, -4.521]"
132,2,-6.3033,-5.4790,0.268,181,435,19,0,0.769,45,0.76,2632,725.65,0,0,12.650(15.813%)(0.000m),26.442(23.331%)(0.690m),69.364(61.203%)(5.289m),91.000(80.294%)(7.607m),76.230(95.288%)(6.025m),9.744(24.360%)(0.000m),40.000(100.000%)(3.214m),6756.320,19597.433,55.6,1.3150,"[1.948, 1.380, 0.338, 2.089, 1.848, 0.629]","[3.624, 3.056, 2.529, 3.369, 4.006, 3.431]","[-3.279, -5.288, -6.611, -3.116, -5.166, -5.265]"
133,2,-2.5596,-5.4595,0.276,274,743,7,29,0.768,65,0.75,2660,1154.73,0,0,36.000(45.000%)(1.714m),113.333(100.000%)(10.000m),113.333(100.000%)(10.000m),19.000(16.765%)(0.000m),12.000(15.000%)(0.000m),28.000(70.000%)(1.929m),11.000(27.500%)(0.107m),6041.144,10956.623,62.7,1.4923,"[0.545, 1.376, 1.331, 1.124, 1.657, 1.464]","[2.397, 2.624, 2.640, 2.804, 3.061, 2.693]","[-6.109, -4.799, -2.636, -5.229, -4.505, -2.655]"
134,2,-7.5811,-5.5032,0.265,273,706,49,26,0.766,60,0.75,2688,1068.91,0,0,10.092(12.615%)(0.000m),15.590(13.756%)(0.000m),26.000(22.941%)(0.643m),23.000(20.294%)(0.321m),24.000(30.000%)(0.429m),10.995(27.488%)(0.107m),28.217(70.542%)(1.952m),198.498,9977.677,59.8,1.4412,"[0.517, 0.845, 0.878, 0.634, 1.045, 0.831]","[2.525, 2.664, 2.587, 2.715, 3.111, 2.737]","[-5.480, -4.608, -4.784, -5.785, -4.802, -5.225]"
135,2,-2.8493,-5.4317,0.263,183,519,0,12,0.765,55,0.74,2707,721.83,0,0,14.000(17.500%)(0.000m),22.000(19.412%)(0.214m),113.333(100.000%)(10.000m),64.000(56.471%)(4.714m),45.000(56.250%)(2.679m),39.413(98.533%)(3.151m),40.000(100.000%)(3.214m),4282.855,11696.009,65.7,1.3564,"[0.614, 1.028, 1.160, 1.207, 1.083, 1.182]","[2.549, 2.728, 2.349, 2.765, 3.080, 2.659]","[-11.859, -7.491, -3.620, -11.651, -9.450, -4.415]"
136,2,-6.3120,-5.4979,0.287,400,978,22,26,0.763,65,0.74,2747,1622.55,0,0,23.607(29.508%)(0.386m),21.000(18.529%)(0.107m),20.000(17.647%)(0.000m),108.000(95.294%)(9.429m),63.000(78.750%)(4.607m),16.797(41.991%)(0.728m),40.000(100.000%)(3.214m),0.000,9845.385,56.6,1.4754,"[2.063, 1.934, 1.337, 2.077, 2.311, 1.430]","[3.190, 3.166, 2.494, 3.114, 3.895, 3.176]","[-2.765, -5.200, -4.786, -3.000, -5.194, -5.307]"
137,2,-9.4901,-5.5724,0.283,288,729,64,8,0.762,60,0.73,2776,1144.99,0,0,10.645(13.306%)(0.000m),17.763(15.673%)(0.000m),35.000(30.882%)(1.607m),32.000(28.235%)(1.286m),35.000(43.750%)(1.607m),10.388(25.969%)(0.042m),28.407(71.018%)(1.972m),1373.840,11971.130,58.5,1.4432,"[0.497, 0.720, 0.784, 0.694, 0.882, 0.768]","[2.369, 2.644, 2.739, 2.722, 3.139, 2.956]","[-6.403, -5.454, -5.344, -7.164, -5.943, -5.430]"
138,2,-4.9339,-5.5756,0.271,127,322,18,0,0.760,40,0.72,2789,465.70,0,0,65.974(82.468%)(4.926m),90.000(79.412%)(7.500m),30.621(27.019%)(1.138m),16.645(14.687%)(0.000m),10.429(13.037%)(0.000m),40.000(100.000%)(3.214m),10.819(27.047%)(0.088m),4500.161,14714.031,58.7,1.1844,"[0.263, 0.663, 1.158, 0.411, 0.977, 1.186]","[2.782, 2.871, 2.783, 3.028, 3.276, 3.116]","[-5.463, -7.024, -5.554, -5.612, -6.340, -5.872]"
139,2,-3.4522,-5.5473,0.281,156,419,16,0,0.759,45,0.72,2805,596.36,0,0,68.350(85.438%)(5.180m),56.000(49.412%)(3.857m),29.688(26.195%)(1.038m),16.379(14.453%)(0.000m),10.349(12.937%)(0.000m),40.000(100.000%)(3.214m),10.868(27.171%)(0.093m),1347.188,14382.324,62.1,1.3451,"[0.695, 1.052, 1.389, 1.025, 1.460, 1.575]","[2.597, 2.753, 2.762, 2.774, 3.208, 3.011]","[-5.398, -5.034, -4.597, -5.389, -4.697, -5.083]"
140,2,-4.7174,-5.5795,0.254,107,264,17,0,0.757,35,0.71,2816,428.95,0,0,77.786(97.233%)(6.191m),102.000(90.000%)(8.786m),34.621(30.548%)(1.566m),17.921(15.813%)(0.000m),10.939(13.673%)(0.000m),40.000(100.000%)(3.214m),10.939(27.347%)(0.101m),4550.722,17860.299,57.2,1.4198,"[-0.305, 0.346, 1.015, -0.034, 0.638, 1.090]","[2.728, 3.023, 3.020, 3.030, 3.383, 3.224]","[-5.430, -6.826, -5.476, -5.347, -6.340, -5.821]"
141,2,-0.4470,-5.5087,0.273,290,814,6,93,0.756,65,0.71,2845,1121.54,0,0,46.000(57.500%)(2.786m),81.000(71.471%)(6.536m),113.333(100.000%)(10.000m),37.000(32.647%)(1.821m),18.000(22.500%)(0.000m),15.000(37.500%)(0.536m),16.000(40.000%)(0.643m),3464.383,11818.856,64.9,1.4340,"[1.525, 2.111, 1.984, 2.236, 2.444, 2.367]","[3.136, 3.408, 3.023, 3.736, 4.018, 3.347]","[-4.286, -2.378, -1.114, -2.707, -1.769, -0.342]"
142,2,0.9506,-5.4111,0.311,219,595,0,12,0.754,55,0.70,2867,869.86,0,0,48.000(60.000%)(3.000m),71.000(62.647%)(5.464m),113.333(100.000%)(10.000m),26.000(22.941%)(0.643m),13.000(16.250%)(0.000m),40.000(100.000%)(3.214m),37.354(93.385%)(2.931m),4251.656,15733.784,62.9,1.3521,"[2.021, 2.240, 2.130, 2.599, 2.647, 2.489]","[3.520, 3.422, 3.160, 3.711, 3.765, 3.397]","[-5.518, -4.042, -2.896, -3.072, -2.904, -1.111]"
143,2,-6.7284,-5.4433,0.322,139,349,18,0,0.753,40,0.70,2881,520.29,0,0,9.400(11.751%)(0.000m),13.254(11.695%)(0.000m),20.159(17.788%)(0.017m),49.063(43.291%)(3.114m),52.968(66.210%)(3.532m),12.049(30.122%)(0.220m),38.618(96.545%)(3.066m),4000.211,19757.178,58.1,1.2150,"[1.364, 1.168, 1.032, 1.418, 1.482, 1.091]","[3.410, 3.451, 3.184, 3.654, 3.927, 3.413]","[-6.486, -5.125, -5.159, -7.817, -5.635, -6.070]"
144,2,-6.1412,-5.4851,0.267,105,259,17,0,0.751,35,0.69,2892,382.72,0,0,78.639(98.299%)(6.283m),103.000(90.883%)(8.893m),59.727(52.701%)(4.257m),23.243(20.509%)(0.347m),12.064(15.081%)(0.000m),40.000(100.000%)(3.214m),10.028(25.070%)(0.003m),7179.814,15321.799,57.0,1.1887,"[-0.742, 0.119, 1.025, -0.332, 0.432, 1.192]","[3.017, 3.024, 2.914, 3.318, 3.567, 3.345]","[-5.784, -6.027, -4.434, -5.174, -5.706, -4.320]"
145,2,-3.8651,-5.5286,0.284,272,726,3,60,0.750,60,0.69,2920,1057.61,0,0,49.000(61.250%)(3.107m),88.000(77.647%)(7.286m),82.000(72.353%)(6.643m),22.000(19.412%)(0.214m),12.000(15.000%)(0.000m),39.000(97.500%)(3.107m),11.000(27.500%)(0.107m),1700.777,10615.295,61.8,1.4458,"[0.767, 1.564, 1.805, 1.309, 2.056, 2.212]","[2.937, 3.057, 2.990, 3.275, 3.642, 3.196]","[-6.818, -6.411, -4.977, -5.450, -5.877, -4.392]"
146,2,-4.5823,-5.5011,0.289,226,553,24,0,0.748,50,0.68,2943,840.26,0,0,11.284(14.105%)(0.000m),20.454(18.047%)(0.049m),49.779(43.923%)(3.191m),69.000(60.883%)(5.250m),61.696(77.120%)(4.467m),9.981(24.953%)(0.000m),40.000(100.000%)(3.214m),3723.618,18172.489,56.6,1.3999,"[1.982, 1.773, 1.350, 2.144, 2.178, 1.748]","[3.347, 3.120, 2.916, 3.574, 3.623, 3.308]","[-5.175, -5.378, -5.957, -5.820, -5.758, -5.051]"
147,2,-4.2759,-5.4980,0.282,194,559,1,24,0.747,55,0.68,2963,745.83,0,0,37.000(46.250%)(1.821m),60.000(52.941%)(4.286m),92.000(81.177%)(7.714m),24.000(21.177%)(0.429m),12.000(15.000%)(0.000m),40.000(100.000%)(3.214m),10.000(25.000%)(0.000m),4533.446,10511.255,66.7,1.3641,"[1.062, 1.606, 1.712, 1.969, 2.101, 2.392]","[2.947, 3.492, 3.307, 4.248, 4.250, 4.751]","[-7.571, -7.295, -5.590, -6.223, -6.299, -4.912]"
148,2,-0.0828,-5.4216,0.295,272,766,13,55,0.745,65,0.68,2991,1055.97,0,0,23.000(28.750%)(0.321m),33.000(29.118%)(1.393m),113.333(100.000%)(10.000m),79.638(70.269%)(6.390m),24.000(30.000%)(0.429m),25.000(62.500%)(1.607m),12.000(30.000%)(0.214m),2810.440,10544.103,65.2,1.3415,"[1.815, 2.120, 1.846, 2.590, 2.524, 2.017]","[3.210, 3.730, 3.151, 4.508, 4.691, 3.994]","[-5.598, -3.190, -2.235, -3.060, -3.693, -2.620]"
149,2,-2.3575,-5.2509,0.302,367,1078,16,7,0.744,75,0.67,3028,1369.04,0,0,33.000(41.250%)(1.393m),56.000(49.412%)(3.857m),25.624(22.610%)(0.603m),14.731(12.998%)(0.000m),9.536(11.920%)(0.000m),23.000(57.500%)(1.393m),10.389(25.973%)(0.042m),1423.468,8262.570,68.0,1.3547,"[1.590, 2.105, 2.099, 2.500, 2.564, 2.584]","[3.237, 3.766, 3.509, 4.448, 4.560, 4.029]","[-5.715, -7.612, -6.035, -5.734, -6.981, -6.306]"
150,2,-0.6660,-5.1286,0.284,559,1464,80,112,0.742,80,0.67,3084,2140.22,0,0,43.000(53.750%)(2.464m),74.000(65.294%)(5.786m),53.545(47.246%)(3.594m),21.311(18.804%)(0.140m),11.622(14.528%)(0.000m),20.000(50.000%)(1.071m),10.154(25.385%)(0.016m),3555.809,11664.992,60.6,1.3034,"[1.245, 1.865, 2.082, 1.781, 2.220, 2.367]","[3.293, 3.498, 3.329, 4.014, 4.162, 3.751]","[-6.732, -6.032, -4.708, -5.291, -5.686, -4.795]"
151,2,-4.0025,-5.0754,0.283,374,930,1,58,0.741,65,0.66,3122,1410.09,0,0,18.000(22.500%)(0.000m),20.000(17.647%)(0.000m),44.000(38.824%)(2.571m),58.000(51.177%)(4.071m),48.000(60.000%)(3.000m),39.084(97.711%)(3.116m),35.698(89.246%)(2.753m),10706.221,18663.201,57.5,1.4966,"[1.421, 1.788, 1.814, 1.773, 2.235, 1.851]","[3.134, 3.389, 3.037, 3.540, 3.851, 3.462]","[-8.903, -6.748, -5.415, -10.415, -7.610, -6.298]"
152,2,-5.7275,-5.0798,0.285,287,720,34,0,0.739,60,0.66,3151,1120.75,0,0,41.000(51.250%)(2.250m),34.162(30.143%)(1.517m),17.684(15.603%)(0.000m),12.504(11.033%)(0.000m),9.409(11.762%)(0.000m),38.966(97.414%)(3.103m),13.755(34.389%)(0.402m),1460.341,18354.379,58.1,1.3973,"[1.522, 1.618, 1.642, 1.676, 2.123, 1.779]","[3.351, 3.289, 3.151, 3.579, 3.806, 3.427]","[-4.910, -4.489, -5.053, -5.515, -3.652, -6.318]"
153,2,-4.7939,-5.0428,0.277,322,876,27,98,0.738,70,0.65,3184,1184.98,0,0,23.000(28.750%)(0.321m),41.000(36.177%)(2.250m),113.333(100.000%)(10.000m),75.000(66.177%)(5.893m),24.000(30.000%)(0.429m),25.000(62.500%)(1.607m),12.000(30.000%)(0.214m),4181.452,10917.891,63.0,1.4686,"[1.639, 2.036, 1.942, 2.259, 2.485, 2.073]","[3.080, 3.491, 3.441, 3.520, 3.943, 3.638]","[-0.366, -0.573, -2.405, 0.922, -0.514, -3.040]"
154,2,-5.6501,-5.1082,0.336,76,192,19,0,0.736,30,0.65,3192,297.78,0,0,9.408(11.760%)(0.000m),13.616(12.014%)(0.000m),21.454(18.930%)(0.156m),60.231(53.145%)(4.310m),76.230(95.288%)(6.025m),11.462(28.654%)(0.157m),40.000(100.000%)(3.214m),4253.664,16668.230,58.5,0.0000,"[1.082, 0.231, -0.440, 0.879, 0.437, -0.307]","[3.490, 3.440, 3.182, 3.769, 3.882, 3.562]","[-6.024, -5.353, -5.637, -7.338, -5.931, -5.846]"
155,2,-10.9006,-5.1562,0.317,364,907,97,72,0.735,65,0.65,3229,1351.83,0,0,37.000(46.250%)(1.821m),20.000(17.647%)(0.000m),29.000(25.588%)(0.964m),34.000(30.000%)(1.500m),24.544(30.680%)(0.487m),40.000(100.000%)(3.214m),17.476(43.690%)(0.801m),1311.800,12331.365,57.7,1.4545,"[0.701, 1.074, 1.230, 0.837, 1.376, 1.425]","[3.429, 3.363, 3.127, 3.580, 3.895, 3.592]","[-3.950, -4.705, -6.102, -4.934, -4.715, -6.556]"
156,2,-4.2544,-5.1890,0.286,309,820,13,32,0.733,65,0.64,3260,1184.67,0,0,13.000(16.250%)(0.000m),41.000(36.177%)(2.250m),70.000(61.765%)(5.357m),49.000(43.235%)(3.107m),37.000(46.250%)(1.821m),10.000(25.000%)(0.000m),32.310(80.774%)(2.390m),1224.459,13623.444,61.4,1.2567,"[1.880, 1.943, 1.853, 2.139, 2.418, 2.158]","[3.635, 3.441, 3.445, 3.758, 4.026, 3.871]","[-3.282, -5.723, -4.190, -4.999, -5.860, -4.647]"
157,2,-5.2030,-5.2095,0.333,133,354,15,0,0.732,40,0.64,3274,502.03,0,0,9.402(11.753%)(0.000m),13.517(11.927%)(0.000m),21.102(18.619%)(0.118m),56.927(50.230%)(3.956m),55.668(69.586%)(3.822m),11.600(29.000%)(0.171m),40.000(100.000%)(3.214m),1567.254,16016.976,61.6,1.2971,"[1.419, 1.134, 1.172, 1.508, 1.534, 1.248]","[3.352, 3.517, 3.278, 3.583, 4.012, 3.583]","[-6.076, -6.089, -5.676, -7.329, -6.302, -6.525]"
158,2,-4.5265,-5.2084,0.331,143,376,19,0,0.730,45,0.63,3289,539.89,0,0,11.292(14.115%)(0.000m),19.806(17.476%)(0.000m),44.326(39.111%)(2.606m),66.000(58.235%)(4.929m),77.067(96.334%)(6.114m),10.364(25.911%)(0.039m),40.000(100.000%)(3.214m),1737.678,13185.155,60.8,1.4148,"[2.487, 1.736, 0.728, 2.716, 2.221, 1.037]","[3.678, 3.482, 3.260, 3.829, 3.970, 3.476]","[-4.700, -5.470, -5.558, -5.416, -5.507, -5.557]"
159,2,-3.6864,-5.1257,0.323,254,718,11,57,0.729,65,0.63,3315,988.68,0,0,24.000(30.000%)(0.429m),37.000(32.647%)(1.821m),64.000(56.471%)(4.714m),73.890(65.197%)(5.774m),22.000(27.500%)(0.214m),28.000(70.000%)(1.929m),11.000(27.500%)(0.107m),698.728,10045.261,65.4,1.4647,"[1.807, 2.000, 2.065, 2.318, 2.426, 2.148]","[3.468, 3.651, 3.490, 3.803, 4.169, 3.735]","[-5.111, -2.849, -1.127, -4.768, -3.365, -2.380]"
160,2,-7.5834,-5.1632,0.310,262,689,30,16,0.727,60,0.62,3342,1033.42,0,0,20.996(26.245%)(0.107m),27.000(23.824%)(0.750m),21.000(18.529%)(0.107m),20.000(17.647%)(0.000m),21.000(26.250%)(0.107m),24.332(60.831%)(1.536m),17.608(44.020%)(0.815m),0.000,11326.091,60.9,1.4294,"[0.546, 1.090, 1.344, 0.595, 1.174, 1.272]","[3.446, 3.501, 3.523, 3.624, 3.871, 3.833]","[-6.805, -5.345, -4.474, -8.214, -5.860, -5.999]"
161,2,-5.1982,-5.1599,0.280,201,548,55,16,0.726,55,0.62,3363,791.76,0,0,11.248(14.060%)(0.000m),20.625(18.199%)(0.067m),30.000(26.471%)(1.071m),23.000(20.294%)(0.321m),27.000(33.750%)(0.750m),9.827(24.568%)(0.000m),40.000(100.000%)(3.214m),122.173,11468.670,63.1,1.3874,"[1.328, 1.194, 1.076, 1.519, 1.519, 1.150]","[3.476, 3.470, 3.312, 3.712, 3.874, 3.597]","[-4.750, -5.304, -4.932, -4.746, -5.479, -4.978]"
162,2,-5.2069,-5.1458,0.292,362,1080,49,109,0.724,80,0.62,3400,1367.39,0,0,44.000(55.000%)(2.571m),21.000(18.529%)(0.107m),20.000(17.647%)(0.000m),50.000(44.118%)(3.214m),25.000(31.250%)(0.536m),32.000(80.000%)(2.357m),17.000(42.500%)(0.750m),0.000,6445.236,69.1,1.3329,"[1.716, 2.088, 2.427, 2.342, 2.530, 2.666]","[3.116, 3.352, 3.732, 3.757, 3.848, 3.697]","[-1.706, 0.342, 1.199, -0.293, 0.017, 0.750]"
163,2,-9.2741,-5.2688,0.312,357,890,110,20,0.723,65,0.61,3436,1508.54,0,0,36.366(45.458%)(1.754m),23.000(20.294%)(0.321m),20.000(17.647%)(0.000m),34.014(30.013%)(1.502m),16.138(20.173%)(0.000m),35.057(87.642%)(2.685m),11.364(28.410%)(0.146m),0.000,13451.934,57.7,1.5679,"[0.281, 0.801, 1.195, 0.427, 1.030, 1.280]","[3.297, 3.398, 3.102, 3.506, 3.741, 3.418]","[-4.475, -4.335, -3.959, -4.574, -4.376, -4.635]"
164,2,1.3765,-5.1077,0.303,194,560,3,25,0.722,55,0.61,3456,819.31,0,0,38.000(47.500%)(1.929m),66.000(58.235%)(4.929m),113.333(100.000%)(10.000m),23.000(20.294%)(0.321m),12.000(15.000%)(0.000m),39.000(97.500%)(3.107m),10.000(25.000%)(0.000m),3916.970,11072.673,66.8,1.3682,"[1.560, 1.798, 2.370, 2.044, 2.463, 2.664]","[3.144, 3.320, 3.303, 3.620, 3.764, 3.590]","[-7.773, -7.224, -1.850, -8.113, -6.251, -2.354]"
165,2,-5.6061,-5.1389,0.308,214,533,13,0,0.720,50,0.61,3478,826.90,0,0,11.920(14.900%)(0.000m),22.670(20.003%)(0.286m),60.116(53.044%)(4.298m),62.000(54.706%)(4.500m),77.067(96.334%)(6.114m),10.032(25.081%)(0.003m),40.000(100.000%)(3.214m),1993.107,12101.998,57.7,1.5392,"[2.318, 1.850, 1.279, 2.486, 2.368, 1.746]","[3.833, 3.569, 3.264, 3.718, 4.033, 3.613]","[-3.895, -5.511, -5.586, -3.788, -5.518, -4.998]"
166,2,-5.4941,-5.1641,0.317,299,759,91,23,0.719,60,0.60,3508,1209.26,0,0,15.345(19.182%)(0.000m),27.000(23.824%)(0.750m),20.000(17.647%)(0.000m),20.000(17.647%)(0.000m),23.000(28.750%)(0.321m),13.407(33.517%)(0.365m),40.000(100.000%)(3.214m),0.000,14702.523,58.8,1.4396,"[1.707, 1.569, 1.297, 1.779, 1.818, 1.150]","[3.587, 3.676, 3.513, 3.814, 4.177, 3.765]","[-4.510, -4.190, -4.414, -4.855, -4.175, -5.152]"
167,2,-5.0192,-5.1705,0.344,240,648,0,18,0.717,60,0.60,3532,963.41,0,0,12.000(15.000%)(0.000m),22.000(19.412%)(0.214m),90.000(79.412%)(7.500m),68.000(60.000%)(5.143m),34.936(43.670%)(1.600m),40.000(100.000%)(3.214m),25.205(63.013%)(1.629m),1499.320,11102.131,62.5,1.3778,"[1.606, 2.044, 2.358, 1.962, 2.358, 2.376]","[3.285, 3.564, 3.679, 3.666, 4.066, 3.963]","[-6.913, -7.209, -3.911, -8.309, -7.121, -4.944]"
168,2,-6.7962,-5.2171,0.326,357,873,58,0,0.716,65,0.60,3568,1370.66,0,0,54.000(67.500%)(3.643m),34.000(30.000%)(1.500m),37.000(32.647%)(1.821m),20.796(18.349%)(0.085m),11.473(14.341%)(0.000m),40.000(100.000%)(3.214m),10.148(25.371%)(0.016m),1313.016,17668.895,56.6,1.5043,"[1.757, 2.114, 2.487, 1.860, 2.572, 2.658]","[4.088, 4.049, 4.043, 4.240, 4.446, 4.247]","[-4.637, -4.191, -1.974, -5.524, -3.436, -2.175]"
169,2,-10.7772,-5.2967,0.314,362,914,116,63,0.714,65,0.59,3605,1323.84,0,0,13.000(16.250%)(0.000m),18.000(15.882%)(0.000m),29.000(25.588%)(0.964m),27.000(23.824%)(0.750m),20.911(26.139%)(0.098m),40.000(100.000%)(3.214m),14.830(37.075%)(0.517m),410.174,6331.186,58.4,1.3731,"[-0.042, 0.925, 1.430, 0.296, 1.084, 1.486]","[3.754, 3.954, 3.769, 4.109, 4.483, 4.192]","[-9.477, -7.358, -5.537, -10.387, -7.532, -6.334]"
170,2,-9.2199,-5.2572,0.285,287,731,63,12,0.713,60,0.59,3634,1063.37,0,0,9.742(12.178%)(0.000m),15.050(13.279%)(0.000m),26.179(23.099%)(0.662m),28.000(24.706%)(0.857m),29.000(36.250%)(0.964m),10.614(26.535%)(0.066m),38.786(96.966%)(3.084m),355.665,17894.736,58.9,1.3015,"[1.978, 1.787, 1.416, 1.984, 2.007, 1.375]","[4.066, 4.126, 3.973, 4.220, 4.379, 4.134]","[-5.371, -4.734, -4.168, -6.354, -4.740, -5.503]"
171,2,-2.8690,-5.2094,0.286,285,799,8,70,0.712,65,0.58,3663,1100.11,0,0,20.000(25.000%)(0.000m),40.000(35.294%)(2.143m),70.000(61.765%)(5.357m),56.000(49.412%)(3.857m),35.000(43.750%)(1.607m),18.000(45.000%)(0.857m),13.000(32.500%)(0.321m),1400.870,9155.048,64.9,1.3007,"[1.845, 1.896, 1.942, 2.201, 2.336, 2.063]","[3.732, 3.875, 3.910, 4.055, 4.300, 4.158]","[-4.463, -2.087, -2.814, -3.586, -2.418, -3.703]"
172,2,-7.8260,-5.2981,0.281,288,737,46,26,0.710,60,0.58,3692,1128.16,0,0,53.000(66.250%)(3.536m),67.000(59.118%)(5.036m),22.000(19.412%)(0.214m),20.000(17.647%)(0.000m),25.000(31.250%)(0.536m),40.000(100.000%)(3.214m),25.697(64.242%)(1.682m),0.000,17396.597,59.3,1.6039,"[1.253, 1.468, 1.769, 1.437, 1.836, 1.901]","[3.807, 3.938, 3.885, 3.937, 4.240, 4.053]","[-5.531, -4.594, -3.266, -5.484, -3.831, -3.049]"
173,2,-1.2300,-5.1093,0.270,211,577,8,14,0.709,55,0.58,3714,837.56,0,0,37.000(46.250%)(1.821m),59.000(52.059%)(4.179m),24.000(21.177%)(0.429m),15.000(13.235%)(0.000m),24.000(30.000%)(0.429m),40.000(100.000%)(3.214m),40.000(100.000%)(3.214m),5777.904,13113.633,63.3,1.3882,"[2.238, 2.319, 2.337, 2.473, 2.767, 2.383]","[3.678, 3.972, 3.729, 3.858, 4.293, 3.921]","[-5.069, -6.761, -7.458, -6.134, -6.398, -9.112]"
174,2,-3.8188,-5.0759,0.300,199,517,13,0,0.707,50,0.57,3734,733.79,0,0,53.298(66.622%)(3.568m),50.000(44.118%)(3.214m),66.000(58.235%)(4.929m),25.620(22.606%)(0.602m),12.579(15.724%)(0.000m),39.198(97.995%)(3.128m),9.941(24.851%)(0.000m),1322.227,15161.138,60.1,1.2825,"[1.362, 1.474, 1.871, 1.419, 1.982, 1.853]","[4.030, 3.972, 3.803, 4.276, 4.303, 3.988]","[-5.706, -5.503, -1.893, -7.027, -4.637, -3.161]"
175,2,3.1122,-4.8361,0.303,247,703,4,16,0.706,60,0.57,3759,914.08,0,0,33.000(41.250%)(1.393m),63.236(55.796%)(4.632m),109.995(97.055%)(9.642m),67.000(59.118%)(5.036m),32.000(40.000%)(1.286m),12.000(30.000%)(0.214m),23.000(57.500%)(1.393m),4073.951,9040.150,65.9,1.2685,"[2.533, 2.517, 2.346, 2.940, 3.097, 2.547]","[3.486, 3.778, 3.458, 3.688, 4.125, 3.757]","[-0.084, 1.204, 0.820, 1.096, 1.469, 0.897]"
176,2,-5.6618,-4.8454,0.313,86,210,16,0,0.704,30,0.57,3768,312.28,0,0,11.079(13.848%)(0.000m),18.846(16.629%)(0.000m),39.332(34.705%)(2.071m),111.000(97.941%)(9.750m),77.067(96.334%)(6.114m),10.550(26.375%)(0.059m),40.000(100.000%)(3.214m),6199.966,18364.385,56.5,1.5690,"[0.671, -0.209, -1.086, 0.683, -0.066, -0.947]","[3.761, 3.965, 3.649, 3.923, 4.116, 3.805]","[-4.676, -5.715, -5.651, -5.228, -5.546, -5.489]"
177,2,1.1205,-4.6306,0.306,253,706,10,50,0.703,60,0.56,3794,1046.24,0,0,46.000(57.500%)(2.786m),93.000(82.059%)(7.821m),113.333(100.000%)(10.000m),53.000(46.765%)(3.536m),12.000(15.000%)(0.000m),34.000(85.000%)(2.571m),11.000(27.500%)(0.107m),3154.494,12014.126,64.6,1.4588,"[1.672, 2.291, 2.779, 1.979, 2.634, 2.692]","[3.303, 3.444, 4.012, 3.546, 3.948, 3.580]","[-5.619, -4.048, 0.607, -5.595, -3.966, -2.250]"
178,2,-12.9832,-4.8373,0.271,342,860,114,41,0.702,65,0.56,3829,1363.35,0,0,23.000(28.750%)(0.321m),21.000(18.529%)(0.107m),23.000(20.294%)(0.321m),17.634(15.559%)(0.000m),10.763(13.454%)(0.000m),24.973(62.433%)(1.604m),10.763(26.909%)(0.082m),54.240,11213.824,58.2,1.3378,"[0.809, 1.002, 0.928, 0.881, 1.233, 0.972]","[3.322, 3.551, 3.663, 3.581, 3.937, 3.770]","[-5.419, -4.317, -5.079, -7.224, -4.072, -6.078]"
179,2,-2.1598,-4.7742,0.271,252,665,5,17,0.700,60,0.56,3855,1061.49,0,0,43.000(53.750%)(2.464m),55.000(48.530%)(3.750m),33.000(29.118%)(1.393m),17.000(15.000%)(0.000m),21.000(26.250%)(0.107m),35.642(89.105%)(2.747m),40.000(100.000%)(3.214m),5954.476,14167.211,61.1,1.7172,"[1.917, 2.066, 1.932, 2.124, 2.474, 2.044]","[3.537, 3.729, 3.611, 3.900, 4.108, 3.817]","[-4.591, -5.873, -7.474, -5.880, -5.941, -9.416]"
180,2,-6.0664,-4.7548,0.312,112,274,21,0,0.699,35,0.56,3867,474.28,0,0,11.558(14.447%)(0.000m),21.446(18.923%)(0.155m),55.065(48.587%)(3.757m),103.000(90.883%)(8.893m),77.067(96.334%)(6.114m),9.973(24.933%)(0.000m),40.000(100.000%)(3.214m),4365.263,15694.059,56.6,1.6118,"[2.196, 1.230, -0.438, 2.449, 1.752, -0.106]","[3.488, 3.363, 3.149, 3.644, 3.729, 3.389]","[-4.096, -5.527, -5.525, -4.742, -5.176, -5.356]"
181,2,4.2446,-4.5615,0.266,417,1198,0,40,0.697,80,0.55,3909,1702.09,0,0,37.000(46.250%)(1.821m),74.000(65.294%)(5.786m),63.000(55.588%)(4.607m),23.000(20.294%)(0.321m),25.000(31.250%)(0.536m),26.000(65.000%)(1.714m),21.000(52.500%)(1.179m),0.000,9427.402,66.5,1.3946,"[2.340, 2.350, 2.642, 2.712, 2.948, 2.806]","[3.671, 3.847, 3.782, 3.904, 4.228, 3.972]","[-4.353, -4.119, -1.558, -4.329, -2.996, -1.991]"
182,2,-4.7714,-4.5309,0.282,359,924,22,63,0.696,65,0.55,3945,1626.77,0,0,40.000(50.000%)(2.143m),48.000(42.353%)(3.000m),113.333(100.000%)(10.000m),46.000(40.588%)(2.786m),13.000(16.250%)(0.000m),37.000(92.500%)(2.893m),10.000(25.000%)(0.000m),5923.207,15543.743,59.5,1.7347,"[1.876, 2.362, 2.209, 2.185, 2.678, 2.316]","[3.238, 3.477, 3.630, 3.362, 3.803, 3.657]","[-3.739, -0.554, 0.451, -2.874, -0.134, -0.015]"
183,2,-5.1107,-4.5819,0.293,279,718,120,19,0.695,60,0.55,3973,1099.17,0,0,16.757(20.946%)(0.000m),20.000(17.647%)(0.000m),33.000(29.118%)(1.393m),44.000(38.824%)(2.571m),62.000(77.500%)(4.500m),11.809(29.523%)(0.194m),40.000(100.000%)(3.214m),0.000,11743.733,59.5,1.2054,"[1.805, 1.180, 0.503, 1.890, 1.398, 0.697]","[3.474, 3.640, 3.542, 3.701, 3.983, 3.852]","[-3.382, -5.640, -5.006, -2.615, -5.241, -4.756]"
184,2,-5.8791,-4.5479,0.294,197,511,20,0,0.693,50,0.54,3993,833.64,0,0,11.362(14.202%)(0.000m),20.595(18.172%)(0.064m),50.122(44.226%)(3.227m),51.000(45.000%)(3.321m),48.043(60.053%)(3.005m),10.050(25.125%)(0.005m),34.989(87.473%)(2.677m),1243.929,12198.220,60.1,1.3937,"[1.638, 1.320, 0.804, 1.855, 1.597, 0.939]","[3.413, 3.774, 3.597, 3.651, 4.065, 3.806]","[-4.581, -5.006, -5.205, -4.956, -4.576, -5.232]"
185,2,-9.9876,-4.6906,0.282,328,837,162,69,0.692,65,0.54,4026,1359.05,0,0,26.000(32.500%)(0.643m),18.000(15.882%)(0.000m),25.000(22.059%)(0.536m),23.000(20.294%)(0.321m),15.294(19.117%)(0.000m),36.727(91.817%)(2.864m),10.748(26.870%)(0.080m),185.917,11719.554,59.1,1.5628,"[0.393, 0.574, 0.928, 0.585, 0.855, 0.853]","[3.721, 3.824, 3.606, 3.943, 4.283, 3.901]","[-6.102, -5.056, -6.527, -6.287, -5.137, -6.878]"
186,2,-3.0174,-4.6247,0.320,216,579,22,17,0.690,55,0.54,4048,926.93,0,0,63.071(78.839%)(4.615m),99.000(87.353%)(8.464m),31.000(27.353%)(1.179m),20.000(17.647%)(0.000m),25.000(31.250%)(0.536m),40.000(100.000%)(3.214m),27.212(68.031%)(1.844m),0.000,12424.579,62.1,1.5599,"[1.305, 1.842, 2.167, 1.528, 2.208, 2.274]","[3.961, 4.141, 3.914, 4.253, 4.534, 4.208]","[-4.983, -4.264, -2.861, -4.900, -3.539, -4.200]"
187,2,-2.3944,-4.4828,0.305,417,1249,50,120,0.689,80,0.53,4090,1713.10,0,0,31.154(38.942%)(1.195m),61.622(54.372%)(4.459m),62.000(54.706%)(4.500m),46.000(40.588%)(2.786m),12.000(15.000%)(0.000m),22.185(55.462%)(1.306m),10.000(25.000%)(0.000m),486.042,6753.367,69.3,1.4055,"[2.196, 2.142, 2.458, 2.747, 2.845, 2.512]","[4.003, 4.239, 4.380, 4.701, 4.913, 4.407]","[-3.975, -2.494, -1.036, -3.644, -1.527, -1.946]"
188,2,0.0679,-4.3828,0.312,225,625,1,33,0.688,60,0.53,4113,894.70,0,0,11.000(13.750%)(0.000m),16.000(14.118%)(0.000m),29.000(25.588%)(0.964m),59.000(52.059%)(4.179m),29.000(36.250%)(0.964m),40.000(100.000%)(3.214m),32.000(80.000%)(2.357m),5094.676,10553.531,64.3,1.3214,"[1.850, 2.293, 2.398, 2.335, 2.802, 2.545]","[3.644, 3.881, 4.384, 4.041, 4.229, 4.004]","[-11.295, -7.536, -5.396, -10.825, -7.221, -6.349]"
189,2,-2.4621,-4.3630,0.312,281,711,77,3,0.686,60,0.53,4142,1196.05,0,0,12.454(15.567%)(0.000m),25.364(22.380%)(0.575m),36.000(31.765%)(1.714m),31.000(27.353%)(1.179m),67.000(83.750%)(5.036m),9.841(24.604%)(0.000m),40.000(100.000%)(3.214m),390.535,15249.534,58.5,1.5802,"[2.225, 1.915, 1.424, 2.422, 2.248, 1.575]","[3.724, 3.833, 3.743, 3.951, 4.242, 3.970]","[-2.837, -6.004, -5.305, -3.569, -5.347, -5.836]"
190,2,-6.3622,-4.3959,0.294,341,869,0,40,0.685,65,0.53,4177,1465.79,0,0,12.000(15.000%)(0.000m),21.000(18.529%)(0.107m),64.000(56.471%)(4.714m),50.000(44.118%)(3.214m),40.174(50.217%)(2.161m),35.149(87.872%)(2.695m),29.043(72.606%)(2.040m),1493.600,16001.435,58.9,1.4273,"[1.886, 1.849, 1.468, 2.170, 2.163, 1.536]","[3.996, 4.026, 3.738, 4.158, 4.447, 4.104]","[-9.359, -6.884, -4.998, -8.950, -6.444, -4.661]"
191,2,-7.7671,-4.5423,0.326,329,824,103,39,0.684,65,0.52,4210,1408.35,0,0,67.000(83.750%)(5.036m),26.000(22.941%)(0.643m),20.000(17.647%)(0.000m),20.000(17.647%)(0.000m),23.000(28.750%)(0.321m),40.000(100.000%)(3.214m),17.499(43.748%)(0.803m),0.000,7367.946,58.0,1.6906,"[0.455, 1.025, 1.761, 0.628, 1.241, 1.913]","[3.400, 3.907, 3.934, 3.852, 4.414, 4.248]","[-5.822, -5.274, -4.377, -5.785, -4.912, -4.667]"
192,2,-6.4936,-4.6912,0.301,202,551,56,16,0.682,55,0.52,4231,878.71,0,0,58.116(72.645%)(4.084m),20.000(17.647%)(0.000m),20.000(17.647%)(0.000m),22.000(19.412%)(0.214m),22.556(28.195%)(0.274m),40.000(100.000%)(3.214m),19.952(49.880%)(1.066m),0.000,10989.352,63.2,1.7344,"[1.049, 1.390, 1.517, 1.123, 1.660, 1.530]","[3.988, 4.418, 3.927, 4.302, 4.684, 4.274]","[-4.987, -4.978, -5.089, -7.010, -4.865, -5.632]"
193,2,-4.2392,-4.6414,0.302,259,673,33,35,0.681,60,0.52,4257,1060.84,0,0,44.000(55.000%)(2.571m),68.000(60.000%)(5.143m),20.000(17.647%)(0.000m),22.000(19.412%)(0.214m),31.770(39.712%)(1.261m),40.000(100.000%)(3.214m),28.102(70.254%)(1.939m),0.000,14197.027,60.2,1.3795,"[1.715, 1.853, 1.906, 1.988, 2.393, 2.244]","[4.132, 4.185, 4.021, 4.438, 4.604, 4.267]","[-5.546, -5.067, -4.304, -5.241, -4.558, -4.775]"
194,2,-5.4023,-4.6266,0.316,200,521,50,0,0.680,50,0.52,4277,849.43,0,0,12.455(15.569%)(0.000m),25.751(22.721%)(0.616m),52.000(45.882%)(3.429m),45.000(39.706%)(2.679m),76.230(95.288%)(6.025m),9.718(24.294%)(0.000m),40.000(100.000%)(3.214m),1273.803,8964.841,60.3,1.7378,"[2.219, 1.474, 0.646, 2.344, 1.756, 0.944]","[4.043, 4.325, 3.983, 4.382, 4.675, 4.148]","[-3.065, -5.982, -5.421, -2.927, -5.509, -5.711]"
195,2,-5.4235,-4.6578,0.306,517,1368,17,69,0.678,80,0.51,4329,2212.00,0,0,11.396(14.246%)(0.000m),19.989(17.637%)(0.000m),44.736(39.473%)(2.650m),48.000(42.353%)(3.000m),24.000(30.000%)(0.429m),10.460(26.151%)(0.049m),19.000(47.500%)(0.964m),3617.844,10840.048,61.2,1.5006,"[2.092, 2.156, 1.929, 2.433, 2.685, 2.229]","[3.853, 4.360, 4.215, 4.549, 4.732, 4.417]","[-4.239, -5.488, -5.364, -4.954, -5.032, -5.577]"
196,2,-4.2621,-4.6514,0.313,263,685,23,10,0.677,60,0.51,4356,1016.14,0,0,53.000(66.250%)(3.536m),20.000(17.647%)(0.000m),21.000(18.529%)(0.107m),26.000(22.941%)(0.643m),21.771(27.213%)(0.190m),40.000(100.000%)(3.214m),25.545(63.863%)(1.666m),0.000,16935.131,60.2,1.3858,"[1.995, 2.156, 2.055, 2.085, 2.522, 2.181]","[4.044, 4.136, 4.023, 4.199, 4.450, 4.229]","[-5.560, -5.312, -6.287, -7.327, -5.463, -8.197]"
197,2,-5.7644,-4.6811,0.311,273,706,43,32,0.675,60,0.51,4384,1182.19,0,0,21.741(27.176%)(0.187m),23.000(20.294%)(0.321m),21.000(18.529%)(0.107m),20.000(17.647%)(0.000m),41.000(51.250%)(2.250m),22.553(56.383%)(1.345m),36.319(90.797%)(2.820m),0.000,12825.326,59.8,1.5476,"[1.470, 1.487, 1.377, 1.666, 1.937, 1.664]","[4.158, 4.143, 4.140, 4.584, 4.686, 4.441]","[-5.418, -4.710, -4.952, -5.617, -4.860, -5.345]"
198,2,2.8666,-4.6222,0.336,269,714,0,29,0.674,60,0.51,4411,1094.24,0,0,48.000(60.000%)(3.000m),78.000(68.824%)(6.214m),113.333(100.000%)(10.000m),22.000(19.412%)(0.214m),12.000(15.000%)(0.000m),40.000(100.000%)(3.214m),38.849(97.122%)(3.091m),3985.473,13912.723,61.4,1.5203,"[2.449, 3.006, 3.056, 2.710, 3.400, 3.304]","[4.267, 4.378, 4.561, 4.546, 4.783, 4.537]","[-4.201, -4.444, -3.300, -4.827, -2.979, -5.148]"
199,2,-1.4497,-4.6040,0.326,257,670,20,31,0.673,60,0.50,4437,1075.57,0,0,34.000(42.500%)(1.500m),44.000(38.824%)(2.571m),21.000(18.529%)(0.107m),24.000(21.177%)(0.429m),33.434(41.792%)(1.439m),40.000(100.000%)(3.214m),36.426(91.064%)(2.831m),0.000,14267.471,60.3,1.3068,"[2.566, 2.585, 2.308, 2.841, 3.088, 2.522]","[4.223, 4.269, 4.290, 4.506, 4.637, 4.416]","[-4.553, -5.262, -4.425, -4.167, -4.483, -5.343]"
200,2,-3.3350,-4.6574,0.338,198,540,9,17,0.671,55,0.50,4457,804.18,0,0,37.266(46.583%)(1.850m),23.000(20.294%)(0.321m),21.000(18.529%)(0.107m),106.000(93.530%)(9.214m),52.000(65.000%)(3.429m),36.366(90.915%)(2.825m),40.000(100.000%)(3.214m),0.000,11836.045,63.1,1.3664,"[2.525, 2.230, 1.847, 2.836, 2.711, 2.110]","[3.935, 4.394, 4.285, 4.289, 4.629, 4.373]","[-5.089, -5.816, -5.227, -5.564, -5.648, -5.789]"
201,2,0.3803,-4.5697,0.330,450,1227,14,64,0.670,75,0.50,4502,1796.99,0,0,45.000(56.250%)(2.679m),73.000(64.412%)(5.679m),34.047(30.041%)(1.505m),17.624(15.551%)(0.000m),10.757(13.447%)(0.000m),22.000(55.000%)(1.286m),10.757(26.894%)(0.081m),2399.905,13060.217,63.1,1.4274,"[2.256, 2.628, 2.904, 2.604, 3.221, 3.193]","[4.187, 4.308, 4.266, 4.534, 4.604, 4.582]","[-5.973, -6.514, -4.817, -6.990, -6.424, -7.029]"
202,2,-4.0886,-4.5369,0.316,248,710,13,42,0.669,65,0.50,4527,919.75,0,0,29.000(36.250%)(0.964m),37.000(32.647%)(1.821m),58.000(51.177%)(4.071m),69.236(61.090%)(5.275m),32.000(40.000%)(1.286m),20.724(51.811%)(1.149m),11.000(27.500%)(0.107m),322.647,6800.729,66.3,1.3281,"[2.435, 2.181, 1.870, 2.821, 2.882, 2.263]","[4.004, 4.295, 4.266, 4.334, 4.724, 4.575]","[-2.216, -1.460, -4.036, -1.690, -0.440, -3.870]"
203,2,-0.5343,-4.4517,0.316,458,1298,34,138,0.667,80,0.49,4573,1744.15,0,0,32.415(40.519%)(1.330m),67.030(59.144%)(5.039m),68.000(60.000%)(5.143m),22.000(19.412%)(0.214m),15.000(18.750%)(0.000m),23.242(58.106%)(1.419m),11.000(27.500%)(0.107m),1108.356,8859.078,65.6,1.4452,"[1.866, 2.169, 2.363, 2.284, 2.848, 2.703]","[4.428, 4.293, 4.116, 4.614, 4.793, 4.392]","[-5.664, -3.438, -1.873, -4.616, -3.002, -1.247]"
204,2,-1.4949,-4.3686,0.307,166,473,7,11,0.666,50,0.49,4590,595.59,0,0,32.000(40.000%)(1.286m),21.000(18.529%)(0.107m),34.000(30.000%)(1.500m),68.000(60.000%)(5.143m),45.000(56.250%)(2.679m),40.000(100.000%)(3.214m),40.000(100.000%)(3.214m),4963.860,10788.579,65.9,1.0764,"[2.645, 2.776, 2.622, 3.036, 3.367, 2.957]","[4.185, 4.609, 4.271, 4.449, 4.887, 4.417]","[-5.958, -5.915, -5.638, -6.561, -5.743, -6.419]"
205,2,-9.9936,-4.3505,0.320,496,1205,94,59,0.665,70,0.49,4640,1854.23,0,0,29.000(36.250%)(0.964m),33.000(29.118%)(1.393m),44.000(38.824%)(2.571m),23.000(20.294%)(0.321m),13.000(16.250%)(0.000m),36.611(91.526%)(2.851m),11.586(28.965%)(0.170m),1763.876,17231.352,56.2,1.3148,"[1.613, 2.132, 2.130, 1.777, 2.259, 2.177]","[4.303, 4.733, 4.617, 4.550, 5.033, 4.666]","[-5.030, -4.093, -3.287, -5.220, -2.821, -3.835]"
206,2,-2.6633,-4.3187,0.298,241,640,0,21,0.663,60,0.49,4665,946.65,0,0,53.000(66.250%)(3.536m),85.000(75.000%)(6.964m),113.333(100.000%)(10.000m),22.000(19.412%)(0.214m),19.000(23.750%)(0.000m),40.000(100.000%)(3.214m),39.123(97.808%)(3.120m),6357.772,13655.813,61.4,1.3009,"[2.161, 2.516, 2.503, 2.315, 2.960, 2.820]","[4.151, 4.354, 4.178, 4.581, 4.726, 4.404]","[-4.604, -4.361, -3.328, -4.087, -2.937, -3.136]"
207,2,-3.3543,-4.2817,0.309,285,734,1,15,0.662,60,0.48,4694,1085.75,0,0,47.000(58.750%)(2.893m),57.000(50.294%)(3.964m),50.000(44.118%)(3.214m),21.000(18.529%)(0.107m),24.000(30.000%)(0.429m),38.093(95.232%)(3.010m),38.844(97.111%)(3.090m),5972.934,17769.191,59.6,1.4059,"[2.189, 2.494, 2.457, 2.468, 2.963, 2.716]","[3.927, 4.176, 4.140, 4.235, 4.646, 4.439]","[-5.024, -6.091, -7.873, -6.119, -5.329, -8.782]"
208,2,-9.9288,-4.3898,0.299,309,785,88,36,0.661,60,0.48,4725,1111.29,0,0,22.000(27.500%)(0.214m),23.000(20.294%)(0.321m),26.000(22.941%)(0.643m),73.000(64.412%)(5.679m),37.162(46.452%)(1.839m),22.750(56.876%)(1.366m),26.753(66.884%)(1.795m),0.000,11286.349,58.8,1.4047,"[1.467, 1.329, 0.937, 1.492, 1.438, 0.972]","[3.660, 4.281, 4.150, 4.008, 4.508, 4.373]","[-4.793, -5.440, -4.740, -3.651, -5.215, -5.208]"
209,2,-2.9155,-4.3743,0.303,226,554,14,0,0.659,50,0.48,4748,914.71,0,0,63.141(78.926%)(4.622m),70.000(61.765%)(5.357m),63.886(56.370%)(4.702m),23.901(21.090%)(0.418m),12.243(15.303%)(0.000m),40.000(100.000%)(3.214m),10.049(25.122%)(0.005m),3473.700,19147.125,56.7,1.4280,"[1.613, 2.205, 2.464, 1.802, 2.481, 2.736]","[4.119, 3.988, 3.792, 4.468, 4.423, 4.022]","[-5.455, -4.880, -3.015, -5.589, -4.810, -2.584]"
210,2,-0.2570,-4.2278,0.279,195,535,29,11,0.658,55,0.48,4768,748.60,0,0,63.000(78.750%)(4.607m),19.000(16.765%)(0.000m),19.000(16.765%)(0.000m),21.000(18.529%)(0.107m),22.569(28.211%)(0.275m),40.000(100.000%)(3.214m),18.759(46.897%)(0.938m),0.000,12990.005,63.5,1.3416,"[1.750, 2.395, 2.409, 1.837, 2.662, 2.361]","[3.771, 4.141, 4.058, 4.011, 4.591, 4.240]","[-5.253, -4.832, -5.506, -7.687, -5.625, -8.285]"
211,2,-0.5867,-4.1356,0.310,214,581,0,15,0.657,55,0.47,4790,888.25,0,0,19.000(23.750%)(0.000m),24.000(21.177%)(0.429m),113.333(100.000%)(10.000m),68.000(60.000%)(5.143m),47.000(58.750%)(2.893m),38.882(97.205%)(3.095m),40.000(100.000%)(3.214m),5484.403,12742.623,62.9,1.4733,"[2.461, 2.232, 1.917, 2.833, 2.764, 2.145]","[3.981, 4.110, 4.123, 4.389, 4.623, 4.276]","[-6.061, -6.189, -4.961, -5.306, -5.361, -5.517]"
212,2,-4.5023,-4.1215,0.299,571,1536,68,173,0.655,85,0.47,4848,2268.12,0,0,23.000(28.750%)(0.321m),27.000(23.824%)(0.750m),32.000(28.235%)(1.286m),34.000(30.000%)(1.500m),16.000(20.000%)(0.000m),13.000(32.500%)(0.321m),13.000(32.500%)(0.321m),0.000,9213.240,62.2,1.5755,"[1.465, 1.697, 1.631, 1.688, 2.109, 1.988]","[3.779, 4.119, 4.200, 4.014, 4.450, 4.211]","[-4.193, -3.761, -4.085, -4.043, -4.170, -4.509]"
213,2,-1.8418,-3.9728,0.307,775,2229,24,263,0.654,95,0.47,4926,3090.71,0,0,22.000(27.500%)(0.214m),34.000(30.000%)(1.500m),45.000(39.706%)(2.679m),59.777(52.745%)(4.262m),28.792(35.990%)(0.942m),15.000(37.500%)(0.536m),20.460(51.151%)(1.121m),202.011,6422.184,66.6,1.4047,"[2.331, 2.257, 2.218, 2.770, 2.997, 2.632]","[4.364, 4.086, 3.989, 4.683, 4.795, 4.486]","[-2.968, -3.077, -4.386, -2.656, -2.666, -3.569]"
214,2,-0.5455,-4.0113,0.306,293,787,13,33,0.653,65,0.47,4956,1245.99,0,0,38.000(47.500%)(1.929m),70.000(61.765%)(5.357m),109.000(96.177%)(9.536m),73.000(64.412%)(5.679m),12.000(15.000%)(0.000m),35.000(87.500%)(2.679m),10.000(25.000%)(0.000m),3753.473,15300.066,62.2,1.4751,"[2.164, 2.529, 2.834, 2.520, 3.119, 3.056]","[3.662, 4.170, 4.157, 4.025, 4.422, 4.200]","[-6.421, -3.614, 0.173, -5.882, -3.459, -1.175]"
215,2,-7.9932,-4.0590,0.293,235,626,34,11,0.652,55,0.47,4980,998.40,0,0,16.591(20.739%)(0.000m),27.181(23.983%)(0.769m),21.000(18.529%)(0.107m),20.000(17.647%)(0.000m),22.000(27.500%)(0.214m),16.591(41.477%)(0.706m),24.938(62.346%)(1.601m),0.000,13250.971,61.6,1.5231,"[1.157, 1.441, 1.338, 1.278, 1.810, 1.491]","[3.499, 3.907, 3.933, 3.935, 4.248, 4.222]","[-5.863, -4.534, -5.795, -6.749, -5.090, -8.053]"
216,2,0.7725,-3.9337,0.313,322,864,3,82,0.650,65,0.46,5013,1341.42,0,0,39.964(49.955%)(2.139m),60.340(53.241%)(4.322m),101.192(89.287%)(8.699m),51.000(45.000%)(3.321m),25.000(31.250%)(0.536m),12.000(30.000%)(0.214m),18.000(45.000%)(0.857m),3806.779,13395.006,62.1,1.4586,"[2.701, 2.878, 2.727, 2.981, 3.415, 2.987]","[4.073, 4.189, 4.055, 4.411, 4.585, 4.268]","[-0.663, -0.201, -1.709, -0.778, 1.256, 0.379]"
217,2,0.5027,-3.8233,0.333,395,1169,22,55,0.649,80,0.46,5053,1646.53,0,0,11.831(14.789%)(0.000m),22.795(20.113%)(0.299m),66.830(58.968%)(5.018m),43.000(37.941%)(2.464m),21.000(26.250%)(0.107m),9.834(24.586%)(0.000m),20.000(50.000%)(1.071m),1361.335,7672.804,68.5,1.5821,"[2.249, 2.175, 2.328, 2.590, 3.003, 2.864]","[4.199, 4.213, 4.066, 4.995, 5.033, 4.759]","[-4.041, -6.488, -5.900, -3.782, -5.765, -5.262]"
218,2,-6.9787,-3.8269,0.311,182,509,53,15,0.648,50,0.46,5072,749.98,0,0,15.189(18.986%)(0.000m),27.531(24.293%)(0.807m),20.000(17.647%)(0.000m),20.000(17.647%)(0.000m),23.000(28.750%)(0.321m),13.435(33.588%)(0.368m),38.041(95.102%)(3.004m),0.000,10550.350,64.7,1.4107,"[1.454, 1.383, 1.104, 1.457, 1.788, 1.114]","[3.988, 4.461, 4.306, 4.449, 4.748, 4.365]","[-4.051, -3.809, -3.963, -5.315, -3.940, -5.818]"
219,2,-2.8375,-3.6681,0.325,505,1390,54,121,0.646,80,0.46,5123,2089.75,0,0,23.000(28.750%)(0.321m),20.000(17.647%)(0.000m),24.000(21.177%)(0.429m),46.000(40.588%)(2.786m),24.000(30.000%)(0.429m),17.000(42.500%)(0.750m),21.000(52.500%)(1.179m),0.000,9219.565,63.7,1.4529,"[2.450, 2.378, 2.040, 2.755, 2.843, 2.280]","[4.254, 4.627, 4.207, 5.188, 5.329, 4.770]","[-6.902, -5.184, -3.141, -5.085, -4.566, -4.331]"
220,2,-7.2419,-3.6286,0.353,718,2047,189,142,0.645,95,0.45,5195,2846.04,0,0,14.478(18.097%)(0.000m),31.371(27.681%)(1.218m),20.000(17.647%)(0.000m),20.000(17.647%)(0.000m),19.068(23.835%)(0.000m),10.138(25.344%)(0.015m),13.459(33.648%)(0.371m),0.000,7094.929,66.0,1.4208,"[1.557, 1.444, 1.528, 1.762, 1.940, 1.790]","[4.594, 4.459, 4.555, 5.311, 5.449, 4.920]","[-4.025, -7.536, -7.205, -4.249, -6.547, -6.596]"
221,2,-3.7563,-3.6463,0.359,404,1095,63,150,0.644,75,0.45,5236,1602.51,0,0,42.000(52.500%)(2.357m),97.095(85.672%)(8.260m),38.014(33.542%)(1.930m),18.215(16.072%)(0.000m),10.707(13.384%)(0.000m),12.000(30.000%)(0.214m),10.196(25.491%)(0.021m),421.174,9799.701,62.8,1.5173,"[2.163, 2.365, 2.511, 2.395, 3.064, 3.004]","[4.684, 4.500, 4.195, 4.902, 4.875, 4.636]","[-5.375, -5.494, -4.224, -5.607, -6.470, -5.683]"
222,2,-1.7615,-3.5250,0.407,198,541,4,9,0.642,55,0.45,5256,778.40,0,0,55.000(68.750%)(3.750m),77.000(67.941%)(6.107m),44.000(38.824%)(2.571m),22.000(19.412%)(0.214m),30.000(37.500%)(1.071m),40.000(100.000%)(3.214m),37.658(94.145%)(2.963m),0.000,14563.736,63.2,1.1830,"[2.645, 2.955, 2.961, 2.864, 3.423, 3.282]","[4.553, 4.823, 4.549, 4.826, 5.183, 4.908]","[-5.700, -6.070, -7.066, -6.885, -6.434, -9.150]"
223,2,-2.5298,-3.5510,0.375,282,728,1,14,0.641,60,0.45,5285,1070.54,0,0,41.000(51.250%)(2.250m),50.000(44.118%)(3.214m),45.000(39.706%)(2.679m),20.000(17.647%)(0.000m),25.000(31.250%)(0.536m),35.296(88.239%)(2.710m),39.164(97.911%)(3.125m),7173.598,15925.499,59.7,1.3415,"[2.727, 2.897, 2.714, 3.042, 3.360, 2.849]","[4.519, 4.603, 4.231, 4.740, 5.076, 4.447]","[-5.309, -5.653, -7.253, -5.794, -4.914, -7.830]"
224,2,-3.4834,-3.5443,0.368,178,486,60,5,0.640,50,0.45,5303,681.60,0,0,71.000(88.750%)(5.464m),32.000(28.235%)(1.286m),37.000(32.647%)(1.821m),19.820(17.488%)(0.000m),11.180(13.975%)(0.000m),40.000(100.000%)(3.214m),10.136(25.340%)(0.015m),651.182,9431.093,63.2,1.2877,"[1.623, 2.467, 2.619, 1.822, 2.666, 2.775]","[4.070, 4.682, 4.353, 4.424, 4.884, 4.610]","[-5.268, -5.306, -4.219, -6.338, -5.356, -3.782]"
225,2,-4.8467,-3.7035,0.363,154,415,15,0,0.639,45,0.44,5319,567.70,0,0,74.915(93.644%)(5.884m),56.000(49.412%)(3.857m),21.261(18.759%)(0.135m),13.234(11.677%)(0.000m),9.020(11.275%)(0.000m),40.000(100.000%)(3.214m),10.717(26.793%)(0.077m),1026.436,13159.386,62.3,1.4349,"[1.537, 2.238, 2.571, 1.710, 2.438, 2.602]","[4.433, 4.626, 4.511, 4.829, 4.908, 4.744]","[-5.267, -6.067, -6.414, -6.281, -7.098, -7.674]"
226,2,-1.1718,-3.6137,0.335,171,482,0,10,0.637,50,0.44,5337,667.66,0,0,68.000(85.000%)(5.143m),109.000(96.177%)(9.536m),69.000(60.883%)(5.250m),20.000(17.647%)(0.000m),24.000(30.000%)(0.429m),40.000(100.000%)(3.214m),30.624(76.560%)(2.210m),0.000,10698.727,65.3,1.4811,"[1.285, 1.890, 2.709, 1.387, 2.375, 2.682]","[4.363, 4.495, 4.222, 4.665, 4.865, 4.457]","[-6.088, -6.818, -2.745, -7.870, -5.364, -4.820]"
227,2,-0.6098,-3.6483,0.342,562,1515,19,94,0.636,85,0.44,5394,2168.21,0,0,10.749(13.437%)(0.000m),17.303(15.267%)(0.000m),32.331(28.528%)(1.321m),49.000(43.235%)(3.107m),32.000(40.000%)(1.286m),11.016(27.539%)(0.109m),21.000(52.500%)(1.179m),590.142,13513.234,62.4,1.4477,"[2.882, 2.633, 2.292, 3.098, 3.217, 2.494]","[4.103, 4.439, 4.187, 4.638, 4.862, 4.681]","[-4.958, -6.172, -5.580, -6.617, -5.582, -6.698]"
228,2,-3.9446,-3.4675,0.351,674,1764,27,57,0.635,85,0.44,5462,2644.50,0,0,10.986(13.733%)(0.000m),18.689(16.490%)(0.000m),39.004(34.415%)(2.036m),43.000(37.941%)(2.464m),34.000(42.500%)(1.500m),10.462(26.155%)(0.049m),24.000(60.000%)(1.500m),616.924,10426.592,60.6,1.3327,"[2.787, 2.663, 2.547, 3.032, 3.213, 2.756]","[4.523, 4.339, 4.322, 4.766, 4.946, 4.743]","[-4.589, -5.690, -5.123, -5.304, -5.059, -5.420]"
229,2,-4.6962,-3.5182,0.348,146,355,19,0,0.634,40,0.44,5477,553.81,0,0,77.786(97.233%)(6.191m),95.000(83.824%)(8.036m),63.499(56.028%)(4.661m),23.920(21.106%)(0.420m),12.252(15.315%)(0.000m),40.000(100.000%)(3.214m),10.057(25.142%)(0.006m),6423.970,17889.659,56.3,1.4559,"[0.583, 2.009, 2.753, 0.959, 2.148, 3.097]","[4.151, 4.452, 4.095, 4.529, 4.786, 4.311]","[-6.643, -6.674, -5.955, -6.591, -6.601, -4.475]"
230,2,-5.4101,-3.5051,0.359,144,362,16,0,0.632,40,0.43,5492,569.63,0,0,11.840(14.799%)(0.000m),22.518(19.869%)(0.270m),59.091(52.140%)(4.188m),85.000(75.000%)(6.964m),64.707(80.884%)(4.790m),9.965(24.912%)(0.000m),40.000(100.000%)(3.214m),4266.896,14655.872,58.1,1.5058,"[2.293, 1.708, 1.286, 2.596, 2.046, 1.404]","[4.043, 4.464, 4.591, 4.475, 4.776, 4.617]","[-5.113, -5.844, -5.828, -5.370, -5.508, -5.668]"
231,2,-1.9410,-3.6288,0.357,178,497,9,26,0.631,50,0.43,5510,667.66,0,0,64.000(80.000%)(4.714m),95.000(83.824%)(8.036m),47.000(41.471%)(2.893m),20.000(17.647%)(0.000m),24.000(30.000%)(0.429m),40.000(100.000%)(3.214m),29.691(74.227%)(2.110m),0.000,8192.302,64.6,1.3014,"[0.289, 1.483, 2.266, 0.705, 1.934, 2.540]","[4.014, 4.341, 4.299, 4.445, 4.910, 4.425]","[-6.615, -5.664, -3.202, -5.160, -4.163, -2.648]"
232,2,-3.4791,-3.6030,0.351,124,324,14,0,0.630,40,0.43,5523,469.74,0,0,69.003(86.254%)(5.250m),80.000(70.588%)(6.429m),42.806(37.770%)(2.444m),19.604(17.297%)(0.000m),11.294(14.118%)(0.000m),40.000(100.000%)(3.214m),10.495(26.236%)(0.053m),3838.474,12288.629,60.5,1.5804,"[0.710, 1.391, 1.896, 1.049, 1.773, 2.066]","[4.027, 4.306, 4.000, 4.494, 4.686, 4.306]","[-5.396, -5.985, -5.056, -5.301, -5.820, -5.049]"
233,2,-1.3236,-3.5272,0.338,240,631,12,20,0.628,55,0.43,5547,940.71,0,0,35.797(44.747%)(1.693m),23.000(20.294%)(0.321m),20.000(17.647%)(0.000m),70.000(61.765%)(5.357m),49.000(61.250%)(3.107m),35.797(89.494%)(2.764m),40.000(100.000%)(3.214m),0.000,14089.531,60.8,1.4525,"[2.527, 2.631, 2.329, 2.684, 3.019, 2.439]","[3.978, 4.499, 4.234, 4.285, 4.848, 4.358]","[-5.016, -6.013, -6.115, -5.539, -5.592, -6.658]"
234,2,-0.9599,-3.4289,0.381,173,485,7,16,0.627,50,0.43,5565,711.63,0,0,27.000(33.750%)(0.750m),21.000(18.529%)(0.107m),46.000(40.588%)(2.786m),98.000(86.471%)(8.357m),63.000(78.750%)(4.607m),32.094(80.235%)(2.367m),40.000(100.000%)(3.214m),0.000,11624.485,64.9,1.4166,"[2.861, 2.235, 1.496, 2.979, 2.661, 1.465]","[4.457, 4.437, 4.078, 4.668, 4.741, 4.387]","[-5.717, -5.363, -5.797, -5.328, -5.331, -6.865]"
235,2,-5.9044,-3.3472,0.321,98,235,13,0,0.626,30,0.43,5575,382.45,0,0,77.786(97.233%)(6.191m),113.333(100.000%)(10.000m),64.484(56.897%)(4.766m),25.040(22.094%)(0.540m),12.475(15.593%)(0.000m),40.000(100.000%)(3.214m),9.984(24.960%)(0.000m),6258.822,23343.958,55.4,1.3805,"[-0.347, 0.289, 1.182, -0.383, 0.621, 1.454]","[3.860, 4.624, 4.371, 4.327, 4.928, 4.482]","[-6.944, -6.500, -5.725, -7.023, -6.806, -5.050]"
236,2,-1.7251,-3.3213,0.362,329,856,5,80,0.625,65,0.42,5608,1317.39,0,0,20.000(25.000%)(0.000m),41.000(36.177%)(2.250m),111.000(97.941%)(9.750m),18.000(15.882%)(0.000m),11.000(13.750%)(0.000m),18.000(45.000%)(0.857m),11.000(27.500%)(0.107m),7546.777,13365.662,60.2,1.4160,"[2.343, 2.296, 1.804, 2.753, 2.943, 2.077]","[4.675, 4.579, 4.014, 4.786, 4.854, 4.139]","[-7.778, -7.750, -6.545, -6.850, -7.026, -5.485]"
237,2,-8.3399,-3.4403,0.365,250,659,35,21,0.623,60,0.42,5633,995.19,0,0,23.034(28.792%)(0.325m),22.000(19.412%)(0.214m),20.000(17.647%)(0.000m),20.000(17.647%)(0.000m),23.071(28.838%)(0.329m),20.375(50.937%)(1.112m),16.327(40.818%)(0.678m),0.000,9792.917,61.0,1.3346,"[0.880, 1.269, 1.317, 0.887, 1.506, 1.216]","[4.189, 4.395, 4.435, 4.363, 4.749, 4.627]","[-5.037, -4.328, -4.818, -6.462, -4.388, -6.740]"
238,2,-4.0333,-3.5223,0.397,291,768,0,21,0.622,65,0.42,5663,1197.31,0,0,11.000(13.750%)(0.000m),18.000(15.882%)(0.000m),35.000(30.882%)(1.607m),47.000(41.471%)(2.893m),33.000(41.250%)(1.393m),27.409(68.523%)(1.865m),40.000(100.000%)(3.214m),3360.038,12118.966,61.1,1.4816,"[2.644, 2.612, 2.437, 2.905, 3.092, 2.678]","[4.357, 4.449, 4.616, 5.118, 4.805, 4.681]","[-6.812, -6.579, -6.624, -5.601, -5.803, -6.096]"
239,2,-1.6099,-3.5052,0.337,391,971,0,33,0.621,65,0.42,5703,1478.25,0,0,32.000(40.000%)(1.286m),41.000(36.177%)(2.250m),113.333(100.000%)(10.000m),27.000(23.824%)(0.750m),13.000(16.250%)(0.000m),40.000(100.000%)(3.214m),37.299(93.247%)(2.925m),8220.014,18960.613,57.5,1.4010,"[2.770, 3.069, 2.989, 3.072, 3.531, 3.148]","[4.211, 4.849, 4.613, 4.614, 5.165, 4.747]","[-4.829, -4.378, -1.649, -2.628, -2.567, -1.242]"
240,2,-2.1920,-3.4218,0.347,173,486,21,13,0.620,50,0.42,5721,714.99,0,0,61.000(76.250%)(4.393m),102.000(90.000%)(8.786m),37.000(32.647%)(1.821m),22.000(19.412%)(0.214m),24.000(30.000%)(0.429m),40.000(100.000%)(3.214m),28.638(71.595%)(1.997m),0.000,11424.888,65.0,1.3548,"[1.458, 2.044, 2.245, 1.817, 2.445, 2.200]","[4.468, 4.599, 4.240, 4.761, 5.023, 4.503]","[-5.652, -5.070, -3.381, -5.579, -4.360, -5.091]"
241,2,3.0152,-3.2062,0.338,351,1065,21,47,0.618,80,0.41,5757,1446.98,0,0,9.792(12.239%)(0.000m),13.894(12.260%)(0.000m),21.311(18.804%)(0.141m),34.000(30.000%)(1.500m),27.000(33.750%)(0.750m),12.391(30.977%)(0.256m),19.000(47.500%)(0.964m),253.875,6235.277,70.2,1.5390,"[2.499, 2.720, 2.975, 2.953, 3.336, 3.121]","[4.866, 4.380, 4.291, 5.261, 5.259, 4.784]","[-5.999, -5.296, -5.520, -6.666, -5.279, -6.778]"
242,2,-1.2063,-3.1004,0.313,211,574,0,10,0.617,55,0.41,5779,906.36,0,0,20.000(25.000%)(0.000m),27.000(23.824%)(0.750m),108.000(95.294%)(9.429m),74.000(65.294%)(5.786m),51.000(63.750%)(3.321m),38.443(96.109%)(3.048m),40.000(100.000%)(3.214m),4489.651,14043.168,62.9,1.5365,"[2.779, 2.262, 1.978, 2.940, 2.836, 2.012]","[4.178, 4.402, 4.011, 4.524, 4.741, 4.232]","[-3.867, -6.484, -5.857, -4.076, -5.304, -6.212]"
243,2,-7.7176,-3.1700,0.320,397,999,70,72,0.616,70,0.41,5819,1650.30,0,0,13.000(16.250%)(0.000m),23.000(20.294%)(0.321m),41.000(36.177%)(2.250m),38.000(33.530%)(1.929m),25.276(31.595%)(0.565m),11.000(27.500%)(0.107m),18.014(45.036%)(0.859m),1239.450,11199.079,58.2,1.4814,"[1.952, 2.199, 1.737, 2.235, 2.349, 1.849]","[3.927, 4.135, 4.019, 5.160, 4.556, 4.136]","[-8.080, -7.663, -6.332, -7.337, -6.276, -5.822]"
244,2,-4.7998,-3.1580,0.343,358,937,30,85,0.615,70,0.41,5855,1454.47,0,0,21.000(26.250%)(0.107m),87.000(76.765%)(7.179m),113.333(100.000%)(10.000m),54.000(47.647%)(3.643m),11.000(13.750%)(0.000m),15.000(37.500%)(0.536m),11.000(27.500%)(0.107m),5591.894,13137.205,60.6,1.6445,"[2.874, 2.711, 2.490, 3.055, 3.493, 2.959]","[4.552, 4.391, 4.170, 4.671, 4.850, 4.296]","[-2.096, -0.231, -1.951, -1.400, 0.675, -0.987]"
245,2,-4.3964,-3.1374,0.297,88,229,23,0,0.614,30,0.41,5864,341.75,0,0,10.584(13.230%)(0.000m),17.340(15.300%)(0.000m),33.498(29.557%)(1.446m),97.000(85.588%)(8.250m),76.230(95.288%)(6.025m),10.584(26.460%)(0.063m),40.000(100.000%)(3.214m),3472.588,13374.467,60.3,1.2555,"[1.110, 0.379, -0.291, 1.162, 0.753, -0.026]","[3.994, 4.474, 4.168, 4.429, 4.847, 4.375]","[-5.515, -5.655, -6.287, -6.189, -5.328, -6.375]"
246,2,-0.7257,-3.0667,0.349,347,939,0,36,0.612,70,0.41,5899,1423.34,0,0,30.961(38.701%)(1.174m),56.000(49.412%)(3.857m),64.000(56.471%)(4.714m),71.000(62.647%)(5.464m),29.000(36.250%)(0.964m),17.000(42.500%)(0.750m),23.000(57.500%)(1.393m),1588.737,8382.109,62.6,1.2285,"[3.214, 2.972, 2.534, 3.496, 3.618, 2.957]","[4.652, 4.473, 4.188, 4.912, 5.028, 4.486]","[0.161, -1.018, -3.700, 0.599, -0.132, -3.716]"
247,2,-7.1261,-3.0939,0.372,182,446,17,0,0.611,45,0.40,5918,706.87,0,0,9.750(12.188%)(0.000m),14.721(12.990%)(0.000m),24.688(21.784%)(0.502m),85.000(75.000%)(6.964m),55.672(69.590%)(3.822m),11.023(27.557%)(0.110m),40.000(100.000%)(3.214m),5473.252,20837.671,56.7,1.2315,"[2.491, 2.262, 1.867, 2.650, 2.523, 2.066]","[4.352, 4.699, 4.576, 4.493, 4.886, 4.730]","[-5.847, -5.168, -5.793, -6.097, -5.321, -5.937]"
248,2,-5.0111,-3.2515,0.343,167,477,50,12,0.610,50,0.40,5935,641.57,0,0,11.781(14.726%)(0.000m),22.128(19.524%)(0.228m),24.000(21.177%)(0.429m),20.000(17.647%)(0.000m),23.000(28.750%)(0.321m),10.040(25.100%)(0.004m),40.000(100.000%)(3.214m),0.000,11350.814,66.1,1.4769,"[1.202, 1.375, 1.492, 1.187, 1.666, 1.154]","[4.027, 4.457, 4.429, 4.191, 4.726, 4.443]","[-5.451, -7.510, -5.161, -8.505, -5.069, -7.593]"
249,2,-3.4730,-3.2919,0.335,529,1441,45,58,0.609,80,0.40,5988,2056.72,0,0,10.521(13.152%)(0.000m),17.237(15.209%)(0.000m),33.299(29.382%)(1.425m),40.592(35.817%)(2.206m),19.829(24.786%)(0.000m),10.521(26.303%)(0.056m),14.021(35.053%)(0.431m),1039.385,10849.272,63.0,1.5142,"[2.245, 2.421, 2.236, 2.577, 2.911, 2.553]","[4.534, 4.671, 4.410, 4.721, 4.917, 4.740]","[-5.467, -5.642, -5.249, -5.984, -5.062, -5.861]"
250,2,-6.4850,-3.3549,0.339,277,712,99,32,0.607,60,0.40,6016,1026.77,0,0,21.594(26.993%)(0.171m),28.000(24.706%)(0.857m),35.000(30.882%)(1.607m),44.000(38.824%)(2.571m),54.000(67.500%)(3.643m),15.321(38.301%)(0.570m),40.000(100.000%)(3.214m),31.645,8799.846,59.5,1.3599,"[2.191, 1.796, 1.177, 2.339, 1.912, 1.204]","[4.140, 4.480, 4.300, 5.182, 4.855, 4.443]","[-3.234, -3.298, -3.984, -2.035, -3.657, -5.064]"
251,2,0.2300,-3.3579,0.351,286,754,0,17,0.606,60,0.40,6045,1115.65,0,0,11.000(13.750%)(0.000m),19.000(16.765%)(0.000m),113.333(100.000%)(10.000m),63.000(55.588%)(4.607m),33.000(41.250%)(1.393m),40.000(100.000%)(3.214m),40.000(100.000%)(3.214m),6260.384,15856.175,61.0,1.3383,"[3.073, 3.229, 2.786, 3.376, 3.649, 3.017]","[4.464, 4.534, 4.200, 4.678, 4.945, 4.407]","[-9.097, -5.172, -5.652, -7.746, -5.171, -5.331]"
252,2,-2.6415,-3.3290,0.390,157,417,16,0,0.605,45,0.40,6061,573.78,0,0,77.786(97.233%)(6.191m),56.000(49.412%)(3.857m),37.527(33.112%)(1.878m),18.360(16.200%)(0.000m),10.898(13.623%)(0.000m),40.000(100.000%)(3.214m),10.506(26.264%)(0.054m),1273.480,11322.117,61.4,1.2465,"[1.131, 2.217, 2.727, 1.295, 2.134, 2.657]","[3.968, 4.478, 4.387, 4.285, 4.812, 4.514]","[-5.273, -4.608, -4.915, -5.512, -5.525, -6.205]"
253,2,0.4648,-3.3090,0.325,441,1274,19,96,0.604,80,0.40,6106,1744.21,0,0,11.250(14.062%)(0.000m),20.628(18.201%)(0.067m),51.830(45.732%)(3.410m),45.000(39.706%)(2.679m),25.000(31.250%)(0.536m),9.829(24.571%)(0.000m),18.000(45.000%)(0.857m),478.369,8886.868,66.9,1.4261,"[2.657, 2.335, 2.070, 2.924, 2.822, 2.106]","[4.481, 4.616, 4.654, 4.715, 4.905, 4.847]","[-4.463, -6.296, -6.261, -5.087, -5.302, -5.860]"
254,2,-5.7244,-3.3936,0.333,250,660,59,13,0.603,60,0.39,6131,964.67,0,0,18.985(23.731%)(0.000m),39.746(35.070%)(2.116m),34.000(30.000%)(1.500m),22.000(19.412%)(0.214m),33.000(41.250%)(1.393m),13.422(33.555%)(0.367m),40.000(100.000%)(3.214m),1246.023,7279.356,61.1,1.3924,"[2.114, 1.695, 0.808, 2.115, 2.170, 1.231]","[4.474, 4.129, 3.832, 4.511, 4.429, 4.018]","[-4.754, -5.142, -6.220, -4.961, -5.165, -7.489]"
255,2,-4.3145,-3.2800,0.286,146,382,14,0,0.601,45,0.39,6146,546.69,0,0,12.238(15.297%)(0.000m),23.892(21.081%)(0.417m),63.581(56.101%)(4.669m),68.000(60.000%)(5.143m),73.638(92.047%)(5.747m),10.045(25.112%)(0.005m),40.000(100.000%)(3.214m),2613.691,12187.539,60.6,1.4674,"[2.282, 1.377, 0.576, 2.410, 1.645, 0.806]","[3.988, 4.471, 4.170, 4.370, 4.630, 4.293]","[-4.804, -6.103, -5.613, -5.342, -5.870, -5.718]"
256,2,0.3609,-3.2195,0.305,186,514,0,10,0.600,55,0.39,6165,722.70,0,0,61.000(76.250%)(4.393m),84.000(74.118%)(6.857m),63.000(55.588%)(4.607m),24.000(21.177%)(0.429m),24.000(30.000%)(0.429m),40.000(100.000%)(3.214m),32.648(81.621%)(2.427m),0.000,11967.655,63.9,1.4505,"[1.620, 2.127, 2.440, 1.819, 2.556, 2.497]","[3.761, 4.149, 3.860, 4.137, 4.448, 4.015]","[-5.872, -6.452, -2.632, -6.194, -4.669, -3.662]"
257,2,-4.9439,-3.2513,0.310,221,624,7,41,0.599,60,0.39,6188,857.73,0,0,13.000(16.250%)(0.000m),27.000(23.824%)(0.750m),112.000(98.824%)(9.857m),66.000(58.235%)(4.929m),40.000(50.000%)(2.143m),10.000(25.000%)(0.000m),30.867(77.168%)(2.236m),2314.328,9549.484,65.3,1.2708,"[2.091, 2.182, 2.119, 2.391, 2.713, 2.260]","[3.828, 4.239, 4.118, 4.138, 4.463, 4.212]","[-4.441, -8.973, -6.083, -3.570, -5.613, -5.827]"
258,2,-7.8153,-3.2091,0.336,562,1446,124,254,0.598,80,0.39,6245,2119.76,0,0,11.567(14.458%)(0.000m),21.462(18.937%)(0.157m),37.000(32.647%)(1.821m),63.000(55.588%)(4.607m),32.000(40.000%)(1.286m),9.981(24.952%)(0.000m),11.000(27.500%)(0.107m),153.926,10985.356,59.5,1.3833,"[1.810, 1.024, 0.159, 2.018, 1.636, 0.515]","[3.929, 4.352, 4.010, 4.718, 4.537, 4.161]","[-5.013, -6.310, -6.050, -5.299, -5.392, -5.452]"
259,2,-9.7144,-3.3450,0.302,329,824,209,40,0.597,65,0.39,6278,1256.57,0,0,57.263(71.579%)(3.992m),22.000(19.412%)(0.214m),20.000(17.647%)(0.000m),20.000(17.647%)(0.000m),17.111(21.389%)(0.000m),40.000(100.000%)(3.214m),12.066(30.165%)(0.221m),0.000,12580.365,58.0,1.5226,"[0.509, 1.182, 1.493, 0.660, 1.076, 1.253]","[3.657, 3.729, 3.528, 3.959, 4.035, 3.739]","[-4.434, -4.194, -3.980, -4.214, -4.208, -4.844]"
260,2,-4.3278,-3.4265,0.316,154,391,36,0,0.595,45,0.38,6294,598.75,0,0,69.102(86.378%)(5.261m),77.000(67.941%)(6.107m),79.000(69.706%)(6.321m),26.022(22.961%)(0.645m),12.587(15.734%)(0.000m),40.000(100.000%)(3.214m),9.820(24.551%)(0.000m),3209.986,14244.680,58.8,1.5061,"[-0.229, 1.240, 2.178, 0.281, 1.039, 2.405]","[3.819, 3.876, 3.716, 3.957, 4.153, 3.860]","[-5.415, -3.789, -1.803, -4.552, -4.047, -0.461]"
261,2,-1.0587,-3.4359,0.293,418,1203,40,127,0.594,80,0.38,6336,1625.19,0,0,25.000(31.250%)(0.536m),20.000(17.647%)(0.000m),19.000(16.765%)(0.000m),40.000(35.294%)(2.143m),27.000(33.750%)(0.750m),20.000(50.000%)(1.071m),19.000(47.500%)(0.964m),0.000,6380.621,66.6,1.3778,"[1.732, 2.049, 1.938, 1.976, 2.262, 2.018]","[3.763, 4.185, 3.631, 4.495, 4.445, 4.087]","[-4.976, -3.785, -4.636, -4.470, -5.338, -5.933]"
262,2,-7.5823,-3.4975,0.293,722,2094,62,231,0.593,95,0.38,6409,2851.80,0,0,21.000(26.250%)(0.107m),33.000(29.118%)(1.393m),76.000(67.059%)(6.000m),47.000(41.471%)(2.893m),11.000(13.750%)(0.000m),21.563(53.907%)(1.239m),11.000(27.500%)(0.107m),905.565,9298.553,67.1,1.4252,"[1.996, 1.630, 1.831, 2.125, 2.529, 2.117]","[3.685, 4.011, 4.106, 3.960, 4.243, 4.292]","[-3.571, -4.145, -3.031, -3.065, -3.090, -5.395]"
263,2,-7.2156,-3.6050,0.251,131,313,17,0,0.592,40,0.38,6423,502.09,0,0,10.656(13.319%)(0.000m),17.302(15.267%)(0.000m),32.860(28.995%)(1.378m),105.000(92.647%)(9.107m),64.707(80.884%)(4.790m),10.787(26.967%)(0.084m),40.000(100.000%)(3.214m),9206.849,22817.530,55.3,1.3603,"[2.136, 1.499, 0.891, 2.277, 1.760, 1.027]","[3.880, 4.017, 3.797, 4.161, 4.261, 3.961]","[-5.618, -5.383, -5.237, -6.130, -5.404, -5.737]"
264,2,-3.7350,-3.6688,0.288,231,642,4,28,0.591,60,0.38,6447,895.55,0,0,13.000(16.250%)(0.000m),27.000(23.824%)(0.750m),113.333(100.000%)(10.000m),42.000(37.059%)(2.357m),31.000(38.750%)(1.179m),10.000(25.000%)(0.000m),38.634(96.586%)(3.068m),4131.240,11636.576,64.3,1.4519,"[1.346, 1.542, 1.624, 1.540, 1.967, 1.849]","[3.902, 4.016, 3.781, 4.215, 4.345, 3.956]","[-5.202, -9.378, -6.087, -3.815, -6.181, -6.622]"
265,2,-3.7369,-3.5836,0.289,365,1082,40,94,0.589,75,0.38,6484,1427.66,0,0,23.000(28.750%)(0.321m),62.000(54.706%)(4.500m),63.173(55.741%)(4.626m),22.993(20.288%)(0.321m),11.935(14.918%)(0.000m),16.000(40.000%)(0.643m),9.920(24.800%)(0.000m),948.014,7618.348,68.6,1.4731,"[1.518, 1.488, 1.898, 1.778, 2.219, 1.951]","[3.600, 4.051, 4.129, 3.790, 4.321, 4.028]","[-5.815, -6.428, -4.022, -7.073, -5.878, -6.187]"
266,2,-2.4961,-3.6490,0.277,474,1363,62,155,0.588,85,0.38,6532,1957.69,0,0,12.000(15.000%)(0.000m),20.000(17.647%)(0.000m),91.000(80.294%)(7.607m),32.000(28.235%)(1.286m),15.000(18.750%)(0.000m),11.000(27.500%)(0.107m),11.000(27.500%)(0.107m),1263.802,6944.188,66.6,1.4124,"[1.457, 1.894, 2.133, 1.877, 2.452, 2.122]","[3.469, 3.874, 4.217, 3.794, 4.228, 4.019]","[-6.419, -8.935, -4.885, -7.077, -6.303, -5.877]"
267,2,-3.8972,-3.7370,0.294,269,696,0,16,0.587,60,0.37,6559,1164.30,0,0,26.000(32.500%)(0.643m),20.000(17.647%)(0.000m),84.000(74.118%)(6.857m),71.000(62.647%)(5.464m),38.980(48.725%)(2.034m),33.402(83.506%)(2.507m),28.106(70.264%)(1.940m),0.000,14705.363,59.9,1.5581,"[2.181, 1.970, 1.594, 2.161, 2.282, 1.651]","[3.792, 4.199, 3.675, 4.052, 4.382, 3.831]","[-5.881, -5.728, -5.256, -6.057, -5.589, -6.512]"
268,2,4.3022,-3.5114,0.311,465,1371,8,74,0.586,85,0.37,6606,1905.87,0,0,22.000(27.500%)(0.214m),53.000(46.765%)(3.536m),113.333(100.000%)(10.000m),49.629(43.791%)(3.175m),24.472(30.590%)(0.479m),14.000(35.000%)(0.429m),17.339(43.349%)(0.786m),1888.595,7244.896,68.2,1.4882,"[1.566, 2.011, 2.229, 1.805, 2.474, 1.997]","[3.724, 3.566, 3.551, 3.741, 3.994, 3.845]","[-6.341, -2.402, -0.753, -6.654, -2.497, -3.139]"
269,2,-2.9668,-3.5140,0.305,261,719,16,34,0.585,60,0.37,6633,1101.60,0,0,32.000(40.000%)(1.286m),45.000(39.706%)(2.679m),66.000(58.235%)(4.929m),46.000(40.588%)(2.786m),12.000(15.000%)(0.000m),31.820(79.549%)(2.338m),10.000(25.000%)(0.000m),818.295,12867.907,63.8,1.5894,"[2.087, 2.189, 2.142, 2.288, 2.523, 2.152]","[3.858, 3.978, 3.789, 4.070, 4.217, 3.881]","[-6.016, -3.001, -0.655, -5.922, -3.300, -2.072]"
270,2,-1.5857,-3.4008,0.256,191,525,12,17,0.584,55,0.37,6653,800.71,0,0,54.000(67.500%)(3.643m),93.000(82.059%)(7.821m),20.000(17.647%)(0.000m),23.000(20.294%)(0.321m),32.730(40.913%)(1.364m),40.000(100.000%)(3.214m),32.730(81.825%)(2.435m),0.000,13313.981,63.6,1.5355,"[1.158, 1.875, 2.126, 1.160, 2.145, 2.196]","[3.320, 3.887, 3.861, 3.657, 4.159, 3.850]","[-5.968, -5.661, -5.623, -5.770, -5.604, -6.495]"
271,2,-0.9688,-3.3451,0.273,519,1418,42,89,0.582,80,0.37,6705,1976.49,0,0,9.829(12.286%)(0.000m),13.947(12.306%)(0.000m),21.392(18.876%)(0.149m),50.000(44.118%)(3.214m),20.000(25.000%)(0.000m),12.438(31.094%)(0.261m),14.000(35.000%)(0.429m),644.025,11677.873,63.2,1.3789,"[1.960, 1.987, 1.982, 2.128, 2.396, 2.081]","[3.684, 3.872, 3.589, 3.921, 4.105, 3.653]","[-5.050, -5.342, -5.602, -5.716, -5.263, -6.510]"
272,2,-5.1063,-3.4120,0.264,173,449,22,0,0.581,45,0.37,6723,693.42,0,0,53.406(66.757%)(3.579m),63.000(55.588%)(4.607m),38.040(33.565%)(1.933m),18.611(16.421%)(0.000m),11.047(13.809%)(0.000m),38.833(97.082%)(3.089m),10.649(26.623%)(0.070m),2932.043,15047.214,60.1,1.3208,"[1.094, 1.266, 1.578, 1.227, 1.563, 1.607]","[3.689, 3.936, 3.578, 3.937, 4.136, 3.723]","[-5.205, -5.926, -5.358, -5.234, -5.952, -5.417]"
273,2,-1.9844,-3.4011,0.271,404,1110,14,109,0.580,75,0.37,6764,1582.64,0,0,10.696(13.370%)(0.000m),18.566(16.382%)(0.000m),40.541(35.771%)(2.201m),52.000(45.882%)(3.429m),27.000(33.750%)(0.750m),9.939(24.848%)(0.000m),19.000(47.500%)(0.964m),2568.123,13323.985,63.6,1.3612,"[2.135, 2.032, 1.681, 2.299, 2.530, 1.864]","[3.734, 3.861, 3.685, 4.015, 4.219, 3.781]","[-5.096, -6.015, -5.181, -5.122, -5.020, -5.604]"
274,2,-1.3650,-3.3587,0.280,222,596,2,13,0.579,55,0.36,6787,832.34,0,0,25.000(31.250%)(0.536m),21.000(18.529%)(0.107m),50.000(44.118%)(3.214m),66.000(58.235%)(4.929m),48.000(60.000%)(3.000m),39.967(99.918%)(3.211m),40.000(100.000%)(3.214m),5299.273,14147.339,62.1,1.2413,"[2.437, 2.260, 1.826, 2.538, 2.598, 1.848]","[3.673, 3.810, 3.474, 3.813, 4.098, 3.556]","[-6.844, -5.928, -7.343, -6.876, -6.097, -7.709]"
275,2,2.0528,-3.2207,0.245,402,1019,11,110,0.578,70,0.36,6828,1695.12,0,0,12.000(15.000%)(0.000m),22.000(19.412%)(0.214m),113.333(100.000%)(10.000m),31.000(27.353%)(1.179m),16.000(20.000%)(0.000m),10.000(25.000%)(0.000m),21.000(52.500%)(1.179m),7823.116,16617.663,58.7,1.3646,"[1.486, 1.893, 1.886, 1.941, 2.382, 1.934]","[3.592, 3.740, 3.676, 3.816, 4.010, 3.635]","[-6.151, -7.232, -5.722, -4.523, -6.614, -5.748]"
276,2,-9.6817,-3.3909,0.247,297,754,130,40,0.577,60,0.36,6858,1114.40,0,0,62.656(78.320%)(4.570m),27.000(23.824%)(0.750m),21.000(18.529%)(0.107m),20.000(17.647%)(0.000m),23.000(28.750%)(0.321m),40.000(100.000%)(3.214m),18.771(46.929%)(0.940m),0.000,8248.754,58.8,1.1752,"[0.857, 0.964, 1.314, 0.506, 1.010, 1.269]","[3.522, 3.838, 3.637, 3.688, 3.999, 3.630]","[-7.430, -6.276, -5.167, -4.778, -5.696, -4.553]"
277,2,2.7084,-3.3246,0.259,439,1293,15,105,0.575,85,0.36,6902,1712.63,0,0,30.921(38.651%)(1.170m),61.272(54.064%)(4.422m),94.000(82.941%)(7.929m),50.000(44.118%)(3.214m),12.000(15.000%)(0.000m),21.978(54.944%)(1.283m),11.000(27.500%)(0.107m),1414.871,7230.434,68.2,1.3663,"[2.153, 2.103, 2.137, 2.274, 2.662, 2.183]","[3.667, 4.040, 3.814, 3.820, 4.226, 3.842]","[-1.900, -1.773, -2.011, -2.353, -0.349, -1.816]"
278,2,-5.5911,-3.3575,0.235,94,230,16,0,0.574,30,0.36,6912,361.69,0,0,10.418(13.022%)(0.000m),16.221(14.313%)(0.000m),28.590(25.227%)(0.920m),109.000(96.177%)(9.536m),76.230(95.288%)(6.025m),11.212(28.029%)(0.130m),40.000(100.000%)(3.214m),7698.569,17631.258,56.7,1.2371,"[1.697, 1.050, -0.371, 1.763, 1.250, -0.205]","[3.657, 3.985, 3.506, 3.898, 4.280, 3.786]","[-5.021, -5.091, -5.870, -5.565, -5.022, -5.679]"
279,2,-3.7226,-3.3380,0.255,235,617,81,30,0.573,55,0.36,6936,887.80,0,0,27.000(33.750%)(0.750m),24.000(21.177%)(0.429m),26.000(22.941%)(0.643m),18.546(16.364%)(0.000m),10.794(13.493%)(0.000m),40.000(100.000%)(3.214m),10.154(25.385%)(0.016m),276.119,13774.319,60.8,1.3882,"[0.931, 1.534, 1.783, 0.900, 1.574, 1.727]","[3.809, 3.937, 3.996, 3.973, 4.220, 3.987]","[-6.968, -5.347, -7.415, -5.526, -6.726, -6.647]"
280,2,-0.6058,-3.2419,0.282,448,1278,31,114,0.572,80,0.36,6981,1787.26,0,0,12.621(15.776%)(0.000m),26.093(23.023%)(0.653m),85.273(75.241%)(6.994m),38.000(33.530%)(1.929m),18.000(22.500%)(0.000m),9.847(24.617%)(0.000m),13.000(32.500%)(0.321m),2854.808,9926.294,66.0,1.5252,"[1.841, 1.667, 1.798, 2.010, 2.456, 1.952]","[3.735, 4.124, 4.523, 3.928, 4.375, 4.018]","[-4.866, -8.507, -4.614, -5.447, -4.585, -5.114]"
281,2,-4.5025,-3.2932,0.263,162,429,46,0,0.571,45,0.36,6998,629.80,0,0,77.786(97.233%)(6.191m),54.000(47.647%)(3.643m),55.000(48.530%)(3.750m),24.853(21.929%)(0.520m),12.381(15.477%)(0.000m),40.000(100.000%)(3.214m),9.909(24.773%)(0.000m),1812.728,11003.631,61.3,1.4876,"[0.214, 1.303, 1.986, 0.434, 1.067, 1.968]","[3.600, 4.117, 3.936, 3.874, 4.456, 4.040]","[-5.741, -4.613, -3.431, -4.116, -4.491, -2.593]"
282,2,-2.0100,-3.2638,0.269,279,730,20,56,0.570,60,0.35,7026,1045.22,0,0,15.000(18.750%)(0.000m),18.000(15.882%)(0.000m),34.000(30.000%)(1.500m),28.000(24.706%)(0.857m),24.000(30.000%)(0.429m),40.000(100.000%)(3.214m),30.495(76.238%)(2.196m),254.744,10955.818,60.6,1.4326,"[0.819, 1.262, 1.521, 1.012, 1.540, 1.634]","[3.834, 4.005, 3.992, 4.055, 4.401, 4.102]","[-6.937, -5.147, -7.315, -5.418, -5.241, -6.633]"
283,2,1.0999,-3.2153,0.274,485,1348,37,111,0.569,80,0.35,7075,1929.67,0,0,24.000(30.000%)(0.429m),49.000(43.235%)(3.107m),30.000(26.471%)(1.071m),25.000(22.059%)(0.536m),22.000(27.500%)(0.214m),17.000(42.500%)(0.750m),18.000(45.000%)(0.857m),0.000,9791.376,64.3,1.4807,"[1.732, 1.831, 1.876, 1.781, 2.206, 2.016]","[4.027, 4.535, 4.284, 4.136, 4.890, 4.418]","[-4.552, -4.540, -2.637, -4.580, -3.190, -3.088]"
284,2,-2.5280,-3.2467,0.267,231,626,4,16,0.567,60,0.35,7099,955.14,0,0,11.000(13.750%)(0.000m),17.000(15.000%)(0.000m),32.000(28.235%)(1.286m),56.000(49.412%)(3.857m),42.000(52.500%)(2.357m),40.000(100.000%)(3.214m),37.464(93.660%)(2.943m),4401.245,14154.560,62.7,1.5040,"[1.749, 2.180, 2.050, 1.926, 2.446, 2.034]","[3.285, 3.933, 3.712, 3.574, 4.289, 3.847]","[-7.383, -5.156, -8.387, -6.324, -5.989, -8.158]"
285,2,0.4200,-3.1202,0.268,183,507,0,13,0.566,50,0.35,7118,750.41,0,0,27.000(33.750%)(0.750m),21.000(18.529%)(0.107m),113.333(100.000%)(10.000m),88.000(77.647%)(7.286m),59.000(73.750%)(4.179m),35.077(87.694%)(2.687m),40.000(100.000%)(3.214m),0.000,12558.488,64.2,1.3386,"[2.503, 2.071, 1.481, 2.521, 2.446, 1.268]","[3.504, 3.877, 3.658, 3.769, 4.059, 3.722]","[-4.321, -5.749, -5.916, -5.276, -5.484, -7.139]"
286,2,-5.6914,-3.1995,0.250,137,333,19,0,0.565,40,0.35,7132,578.24,0,0,11.363(14.204%)(0.000m),20.597(18.174%)(0.064m),50.128(44.231%)(3.228m),98.000(86.471%)(8.357m),67.671(84.588%)(5.108m),10.051(25.128%)(0.006m),40.000(100.000%)(3.214m),5279.155,19581.547,56.2,2.3281,"[1.872, 1.340, 0.526, 2.048, 1.700, 0.661]","[3.739, 3.964, 3.932, 3.838, 4.244, 3.986]","[-5.610, -5.188, -5.395, -5.954, -5.166, -5.485]"
287,2,-1.7260,-3.0672,0.260,410,1163,42,70,0.564,75,0.35,7173,1539.61,0,0,9.091(11.364%)(0.000m),12.818(11.310%)(0.000m),19.496(17.203%)(0.000m),47.450(41.868%)(2.941m),19.000(23.750%)(0.000m),11.652(29.131%)(0.177m),14.000(35.000%)(0.429m),1162.478,12409.313,65.6,1.3046,"[1.996, 2.159, 1.944, 2.339, 2.568, 1.984]","[3.806, 3.982, 3.756, 4.058, 4.278, 3.892]","[-5.972, -5.183, -6.024, -6.294, -5.513, -6.566]"
288,2,0.2852,-2.9809,0.260,344,936,18,80,0.563,70,0.35,7208,1324.74,0,0,21.000(26.250%)(0.107m),51.000(45.000%)(3.321m),107.623(94.962%)(9.388m),61.063(53.879%)(4.400m),37.000(46.250%)(1.821m),15.000(37.500%)(0.536m),22.000(55.000%)(1.286m),2931.614,13619.295,62.9,1.3953,"[2.659, 2.392, 2.306, 2.787, 3.050, 2.519]","[4.109, 4.105, 4.300, 4.070, 4.363, 4.351]","[-3.719, -3.570, -2.354, -3.555, -0.580, -3.055]"
289,2,-3.4463,-3.0176,0.261,193,548,3,23,0.562,55,0.35,7228,784.71,0,0,11.000(13.750%)(0.000m),19.000(16.765%)(0.000m),38.000(33.530%)(1.929m),46.000(40.588%)(2.786m),32.000(40.000%)(1.286m),40.000(100.000%)(3.214m),40.000(100.000%)(3.214m),5558.112,10037.829,65.7,1.4035,"[1.993, 2.001, 1.584, 2.067, 2.277, 1.658]","[3.924, 4.060, 3.808, 4.141, 4.354, 3.980]","[-6.323, -5.074, -7.771, -5.839, -5.305, -7.354]"
290,2,1.9020,-2.9357,0.271,430,1254,3,125,0.561,80,0.34,7271,1752.62,0,0,12.000(15.000%)(0.000m),21.000(18.529%)(0.107m),113.333(100.000%)(10.000m),39.000(34.412%)(2.036m),24.000(30.000%)(0.429m),10.000(25.000%)(0.000m),24.000(60.000%)(1.500m),1600.272,7867.253,67.5,1.4462,"[1.602, 1.865, 1.784, 1.917, 2.361, 1.690]","[3.636, 4.166, 4.029, 3.906, 4.472, 4.107]","[-8.702, -7.934, -4.858, -8.589, -6.383, -6.858]"
291,2,-3.8926,-3.0739,0.274,278,696,45,0,0.560,60,0.34,7299,1178.29,0,0,10.949(13.686%)(0.000m),17.937(15.827%)(0.000m),34.652(30.575%)(1.570m),40.000(35.294%)(2.143m),61.443(76.804%)(4.440m),10.949(27.371%)(0.102m),40.000(100.000%)(3.214m),1116.634,18948.320,58.0,1.5304,"[2.092, 2.255, 2.191, 2.152, 2.504, 2.271]","[4.016, 4.297, 4.044, 4.128, 4.582, 4.356]","[-6.032, -4.824, -4.661, -6.578, -4.996, -5.925]"
292,2,-3.6157,-3.1221,0.268,256,665,0,30,0.558,60,0.34,7325,1120.43,0,0,27.000(33.750%)(0.750m),27.000(23.824%)(0.750m),113.333(100.000%)(10.000m),77.000(67.941%)(6.107m),52.000(65.000%)(3.429m),38.577(96.441%)(3.062m),40.000(100.000%)(3.214m),7853.175,14862.343,60.2,1.5916,"[2.604, 2.199, 1.380, 2.836, 2.535, 1.436]","[3.761, 3.806, 3.884, 3.893, 4.163, 3.859]","[-2.500, -3.293, -4.639, -1.344, -3.003, -5.002]"
293,2,-1.3587,-2.9949,0.250,511,1399,84,91,0.557,80,0.34,7377,2046.14,0,0,10.243(12.803%)(0.000m),16.780(14.806%)(0.000m),32.417(28.604%)(1.330m),40.000(35.294%)(2.143m),17.000(21.250%)(0.000m),10.243(25.606%)(0.026m),12.000(30.000%)(0.214m),680.519,9491.154,63.4,1.3496,"[1.596, 1.968, 2.070, 1.731, 2.235, 2.165]","[3.586, 4.037, 3.901, 3.699, 4.313, 3.959]","[-6.053, -5.369, -5.586, -6.546, -5.393, -5.711]"
294,2,0.4023,-2.8908,0.259,471,1290,14,15,0.556,80,0.34,7425,1900.12,0,0,12.230(15.287%)(0.000m),24.908(21.978%)(0.526m),72.543(64.008%)(5.630m),81.000(71.471%)(6.536m),36.000(45.000%)(1.714m),9.664(24.161%)(0.000m),31.000(77.500%)(2.250m),1928.482,11810.398,63.4,1.3526,"[2.304, 2.034, 1.843, 2.405, 2.597, 1.946]","[3.774, 4.193, 3.835, 3.982, 4.361, 3.934]","[-5.762, -7.843, -4.572, -5.916, -5.631, -5.074]"
295,2,0.1711,-2.7995,0.282,420,1263,10,70,0.555,85,0.34,7467,1637.79,0,0,22.000(27.500%)(0.214m),47.000(41.471%)(2.893m),92.000(81.177%)(7.714m),49.941(44.066%)(3.208m),23.818(29.772%)(0.409m),10.000(25.000%)(0.000m),16.815(42.039%)(0.730m),1191.326,7125.397,69.6,1.4256,"[1.162, 1.687, 1.948, 1.535, 2.019, 1.718]","[4.035, 4.003, 3.632, 4.160, 4.391, 3.817]","[-8.175, -5.276, -1.095, -7.444, -5.550, -3.244]"
296,2,-1.7904,-2.8208,0.255,362,966,0,127,0.554,70,0.34,7504,1457.32,0,0,24.000(30.000%)(0.429m),81.000(71.471%)(6.536m),113.333(100.000%)(10.000m),45.000(39.706%)(2.679m),22.000(27.500%)(0.214m),17.000(42.500%)(0.750m),17.000(42.500%)(0.750m),6373.271,10610.934,61.8,1.4523,"[1.593, 1.903, 1.775, 1.690, 2.285, 1.973]","[3.705, 4.213, 3.828, 4.153, 4.461, 3.988]","[-2.737, -0.844, -1.344, -2.979, 0.132, -0.645]"
297,2,-3.6700,-2.7517,0.263,623,1649,50,126,0.553,85,0.34,7567,2372.75,0,0,31.000(38.750%)(1.179m),42.000(37.059%)(2.357m),23.000(20.294%)(0.321m),20.000(17.647%)(0.000m),23.000(28.750%)(0.321m),16.000(40.000%)(0.643m),18.000(45.000%)(0.857m),0.000,12147.794,61.3,1.3783,"[1.601, 1.598, 1.623, 1.671, 1.872, 1.662]","[3.696, 3.939, 3.773, 3.880, 4.111, 3.737]","[-5.408, -4.333, -5.471, -3.789, -4.299, -6.675]"
298,2,-4.0041,-2.7315,0.233,170,450,19,0,0.552,50,0.34,7584,639.39,0,0,12.571(15.713%)(0.000m),25.989(22.932%)(0.642m),79.000(69.706%)(6.321m),53.000(46.765%)(3.536m),64.636(80.795%)(4.782m),9.808(24.519%)(0.000m),40.000(100.000%)(3.214m),976.598,15274.652,61.3,1.3434,"[1.841, 1.064, 0.708, 2.058, 1.465, 0.892]","[3.395, 3.902, 3.735, 3.777, 4.174, 3.787]","[-1.290, -6.466, -5.420, -0.867, -4.999, -5.312]"
299,2,2.2329,-2.6174,0.242,213,576,0,9,0.551,55,0.33,7606,842.02,0,0,24.000(30.000%)(0.429m),22.000(19.412%)(0.214m),113.333(100.000%)(10.000m),83.000(73.236%)(6.750m),49.000(61.250%)(3.107m),39.440(98.600%)(3.154m),40.000(100.000%)(3.214m),4476.607,14353.800,62.6,1.2624,"[2.596, 2.516, 2.233, 2.632, 2.845, 2.247]","[3.754, 3.869, 3.663, 3.874, 4.094, 3.752]","[-4.216, -6.324, -5.546, -5.717, -5.445, -6.840]"
300,2,-1.3175,-2.5141,0.263,238,653,2,34,0.550,60,0.33,7630,913.79,0,0,39.000(48.750%)(2.036m),54.000(47.647%)(3.643m),72.000(63.530%)(5.571m),27.000(23.824%)(0.750m),13.000(16.250%)(0.000m),35.411(88.527%)(2.723m),10.000(25.000%)(0.000m),4747.248,11696.741,63.5,1.2786,"[1.687, 1.772, 1.787, 1.722, 2.173, 1.857]","[3.439, 3.622, 3.570, 3.434, 3.907, 3.644]","[-5.745, -3.645, -2.882, -5.306, -3.907, -3.112]"
301,2,-9.3263,-2.7052,0.284,432,1116,110,189,0.548,70,0.33,7674,1665.08,0,0,22.000(27.500%)(0.214m),43.000(37.941%)(2.464m),28.000(24.706%)(0.857m),25.000(22.059%)(0.536m),23.000(28.750%)(0.321m),16.000(40.000%)(0.643m),11.000(27.500%)(0.107m),68.267,10964.170,59.8,1.4671,"[1.133, 1.095, 0.912, 1.208, 1.289, 0.987]","[3.604, 3.824, 3.783, 4.558, 4.076, 3.842]","[-7.692, -5.640, -3.942, -5.102, -5.906, -3.909]"
302,2,-4.0524,-2.7334,0.277,280,755,36,86,0.547,65,0.33,7702,1058.35,0,0,13.000(16.250%)(0.000m),32.000(28.235%)(1.286m),69.000(60.883%)(5.250m),44.000(38.824%)(2.571m),25.000(31.250%)(0.536m),10.000(25.000%)(0.000m),34.298(85.745%)(2.603m),845.491,10758.190,62.4,1.3313,"[1.499, 1.562, 1.515, 1.532, 2.088, 1.751]","[3.408, 4.004, 3.727, 3.698, 4.247, 3.956]","[-1.437, -4.110, -4.892, -2.187, -3.379, -4.466]"
303,2,0.4965,-2.7328,0.268,254,706,6,29,0.546,60,0.33,7728,1007.02,0,0,30.000(37.500%)(1.071m),59.000(52.059%)(4.179m),113.333(100.000%)(10.000m),67.457(59.521%)(5.085m),11.000(13.750%)(0.000m),27.000(67.500%)(1.821m),11.000(27.500%)(0.107m),4006.650,12384.613,64.3,1.4953,"[2.266, 2.395, 2.317, 2.495, 2.852, 2.416]","[3.946, 3.956, 3.577, 4.156, 4.237, 3.783]","[-6.768, -3.810, -1.990, -6.678, -3.115, -3.187]"
304,2,2.5614,-2.5670,0.238,299,802,4,42,0.545,65,0.33,7758,1199.15,0,0,26.000(32.500%)(0.643m),53.000(46.765%)(3.536m),101.547(89.601%)(8.737m),16.000(14.118%)(0.000m),11.000(13.750%)(0.000m),23.000(57.500%)(1.393m),12.000(30.000%)(0.214m),4259.080,14000.595,62.1,1.4966,"[2.097, 2.269, 2.181, 2.282, 2.756, 2.257]","[3.442, 3.867, 3.435, 3.709, 4.125, 3.464]","[-6.728, -7.086, -4.305, -7.728, -5.571, -6.456]"
305,2,-3.2389,-2.5455,0.235,424,1228,32,89,0.544,80,0.33,7801,1712.19,0,0,8.457(10.572%)(0.000m),11.634(10.266%)(0.000m),17.148(15.130%)(0.000m),37.444(33.039%)(1.869m),30.000(37.500%)(1.071m),11.415(28.537%)(0.152m),22.000(55.000%)(1.286m),278.126,9081.474,67.0,1.4612,"[1.098, 1.206, 1.237, 1.247, 1.659, 1.299]","[3.178, 3.717, 3.623, 3.352, 4.042, 3.668]","[-5.839, -5.416, -5.746, -5.706, -5.626, -6.569]"
306,2,2.9126,-2.4945,0.244,613,1688,101,120,0.543,85,0.33,7863,2367.52,0,0,12.838(16.047%)(0.000m),27.509(24.273%)(0.805m),35.000(30.882%)(1.607m),28.000(24.706%)(0.857m),18.000(22.500%)(0.000m),9.636(24.090%)(0.000m),13.000(32.500%)(0.321m),95.070,9969.727,63.7,1.4279,"[0.662, 0.523, 0.394, 0.729, 0.927, 0.558]","[3.623, 3.943, 3.682, 3.801, 4.145, 3.797]","[-4.775, -7.094, -6.093, -5.047, -6.145, -5.712]"
307,2,-0.2745,-2.4011,0.248,291,770,1,26,0.542,65,0.33,7893,1175.38,0,0,29.000(36.250%)(0.964m),38.000(33.530%)(1.929m),73.000(64.412%)(5.679m),18.000(15.882%)(0.000m),11.000(13.750%)(0.000m),35.000(87.500%)(2.679m),11.000(27.500%)(0.107m),4202.478,14832.846,61.3,1.4325,"[2.014, 1.877, 1.615, 2.144, 2.373, 1.710]","[3.642, 3.814, 3.547, 3.792, 4.182, 3.702]","[-6.527, -7.027, -5.746, -8.523, -4.898, -7.182]"
308,2,-0.1311,-2.2474,0.248,300,874,45,77,0.541,70,0.32,7923,1150.10,0,0,10.339(12.924%)(0.000m),16.939(14.946%)(0.000m),32.723(28.873%)(1.363m),56.000(49.412%)(3.857m),20.000(25.000%)(0.000m),10.339(25.848%)(0.036m),14.000(35.000%)(0.429m),2732.946,8435.469,67.4,1.4233,"[1.263, 1.545, 1.550, 1.526, 1.954, 1.626]","[3.308, 3.759, 3.428, 3.553, 4.077, 3.684]","[-5.104, -4.844, -4.962, -5.293, -4.884, -5.317]"
309,2,1.4304,-2.0245,0.240,366,1056,17,11,0.540,75,0.32,7960,1438.23,0,0,13.417(16.771%)(0.000m),29.254(25.812%)(0.991m),78.432(69.205%)(6.261m),97.000(85.588%)(8.250m),32.000(40.000%)(1.286m),9.683(24.207%)(0.000m),23.000(57.500%)(1.393m),1796.665,10052.852,66.8,1.3154,"[1.945, 1.645, 1.243, 2.158, 2.147, 1.363]","[3.553, 3.753, 3.618, 3.793, 4.037, 3.637]","[-3.612, -7.149, -5.531, -3.799, -5.275, -5.824]"
310,2,0.3242,-1.9315,0.244,634,1903,59,86,0.539,95,0.32,8024,2557.76,0,0,12.000(15.000%)(0.000m),35.344(31.186%)(1.644m),84.000(74.118%)(6.857m),48.000(42.353%)(3.000m),25.000(31.250%)(0.536m),11.000(27.500%)(0.107m),21.000(52.500%)(1.179m),965.428,6502.860,69.5,1.4467,"[1.584, 1.257, 1.198, 1.713, 2.004, 1.385]","[3.543, 3.769, 3.478, 3.635, 3.993, 3.637]","[-2.177, -5.220, -5.809, -2.345, -3.137, -5.550]"
311,2,13.5817,-1.6387,0.251,690,2118,23,220,0.538,100,0.64,8093,2918.48,1,1,17.000(21.250%)(0.000m),35.000(30.882%)(1.607m),91.000(80.294%)(7.607m),57.773(50.977%)(4.047m),26.000(32.500%)(0.643m),14.000(35.000%)(0.429m),15.000(37.500%)(0.536m),928.473,6023.036,71.0,1.4530,"[1.032, 1.301, 1.447, 1.497, 1.845, 1.409]","[3.191, 3.562, 3.484, 3.474, 3.847, 3.555]","[-5.957, -4.915, -5.465, -5.661, -5.297, -6.335]"
312,3,0.5080,-1.4769,0.239,498,1370,17,25,0.537,75,0.64,8143,2332.90,0,0,10.437(13.046%)(0.000m),17.416(15.367%)(0.000m),34.902(30.796%)(1.597m),66.000(58.235%)(4.929m),29.000(36.250%)(0.964m),10.185(25.462%)(0.020m),20.000(50.000%)(1.071m),1368.888,8923.910,63.6,1.4820,"[1.539, 1.535, 1.342, 1.658, 1.867, 1.453]","[3.385, 3.822, 3.741, 3.515, 3.920, 3.705]","[-6.338, -5.839, -4.856, -6.525, -5.643, -5.051]"
313,3,-2.5575,-1.3837,0.232,199,542,14,20,0.535,45,0.64,8163,891.08,0,0,38.932(48.666%)(2.028m),21.000(18.529%)(0.107m),20.000(17.647%)(0.000m),83.000(73.236%)(6.750m),56.000(70.000%)(3.857m),30.766(76.914%)(2.225m),40.000(100.000%)(3.214m),0.000,11808.568,63.0,1.4012,"[2.013, 1.579, 0.908, 1.892, 1.875, 0.904]","[3.463, 3.746, 3.512, 3.512, 3.984, 3.672]","[-4.396, -5.220, -5.018, -5.477, -4.808, -5.848]"
314,3,-4.1797,-1.3926,0.240,159,421,23,0,0.534,40,0.64,8179,657.02,0,0,59.471(74.339%)(4.229m),60.000(52.941%)(4.286m),58.000(51.177%)(4.071m),29.511(26.040%)(1.019m),13.636(17.045%)(0.000m),40.000(100.000%)(3.214m),9.586(23.964%)(0.000m),1492.907,15374.407,61.3,1.4127,"[0.133, 0.669, 1.473, 0.148, 1.107, 1.072]","[3.565, 3.815, 3.662, 3.763, 4.110, 3.636]","[-5.931, -5.759, -2.365, -6.179, -4.460, -4.523]"
315,3,-0.1635,-1.3211,0.230,544,1478,70,52,0.533,75,0.63,8234,2483.65,0,0,31.000(38.750%)(1.179m),34.000(30.000%)(1.500m),24.000(21.177%)(0.429m),21.000(18.529%)(0.107m),19.583(24.479%)(0.000m),25.000(62.500%)(1.607m),13.850(34.625%)(0.412m),0.000,10348.933,62.9,1.4312,"[0.897, 1.511, 1.530, 1.191, 1.720, 1.735]","[3.549, 3.767, 3.590, 3.764, 3.950, 3.593]","[-4.870, -5.359, -5.759, -4.471, -4.029, -6.416]"
316,3,-2.2864,-1.3169,0.245,502,1442,6,114,0.532,75,0.63,8285,2274.65,0,0,24.000(30.000%)(0.429m),55.310(48.803%)(3.783m),89.000(78.530%)(7.393m),58.000(51.177%)(4.071m),19.000(23.750%)(0.000m),17.000(42.500%)(0.750m),11.000(27.500%)(0.107m),892.529,8602.904,66.5,1.3472,"[1.793, 1.438, 1.137, 1.942, 2.027, 1.317]","[3.316, 3.817, 3.580, 3.418, 3.988, 3.637]","[-1.385, -2.268, -3.740, -0.391, -1.435, -3.767]"
317,3,-3.1907,-1.3028,0.270,166,445,30,0,0.531,40,0.63,8302,740.41,0,0,69.102(86.378%)(5.261m),48.000(42.353%)(3.000m),33.832(29.852%)(1.482m),17.513(15.453%)(0.000m),10.690(13.362%)(0.000m),40.000(100.000%)(3.214m),10.690(26.724%)(0.074m),1688.716,11611.539,62.1,1.2735,"[0.865, 1.415, 1.770, 0.758, 1.521, 1.676]","[3.512, 3.701, 3.619, 3.770, 4.012, 3.727]","[-5.471, -5.225, -5.306, -6.091, -5.823, -5.714]"
318,3,-4.1316,-1.4715,0.252,388,1083,37,74,0.530,65,0.63,8341,1747.00,0,0,21.000(26.250%)(0.107m),72.000(63.530%)(5.571m),24.547(21.660%)(0.487m),14.966(13.206%)(0.000m),10.058(12.573%)(0.000m),15.000(37.500%)(0.536m),11.656(29.140%)(0.177m),2225.865,9543.094,64.6,1.3471,"[1.562, 1.277, 1.249, 1.625, 1.800, 1.396]","[3.643, 3.787, 3.487, 3.878, 3.996, 3.648]","[-4.881, -4.952, -5.610, -5.554, -5.199, -5.459]"
319,3,0.6990,-1.3982,0.246,219,600,0,18,0.529,50,0.63,8363,980.89,0,0,13.000(16.250%)(0.000m),27.000(23.824%)(0.750m),113.333(100.000%)(10.000m),94.000(82.941%)(7.929m),46.000(57.500%)(2.786m),38.579(96.448%)(3.062m),40.000(100.000%)(3.214m),4344.962,14868.276,63.4,1.3045,"[2.011, 1.956, 1.644, 2.112, 2.191, 1.686]","[3.502, 3.728, 3.551, 3.605, 3.975, 3.540]","[-5.195, -5.168, -6.169, -5.332, -5.443, -5.943]"
320,3,-0.4088,-1.3746,0.255,228,623,0,19,0.528,50,0.62,8386,1019.18,0,0,14.000(17.500%)(0.000m),30.000(26.471%)(1.071m),113.333(100.000%)(10.000m),82.000(72.353%)(6.643m),45.000(56.250%)(2.679m),37.483(93.707%)(2.945m),40.000(100.000%)(3.214m),4592.964,13669.923,63.2,1.4475,"[2.076, 1.941, 1.355, 2.184, 2.168, 1.527]","[3.702, 3.964, 3.555, 3.886, 4.176, 3.590]","[-3.272, -5.230, -5.691, -3.639, -5.177, -5.835]"
321,3,-9.2305,-1.5399,0.250,372,925,193,29,0.527,60,0.62,8424,1541.67,0,0,17.165(21.457%)(0.000m),26.000(22.941%)(0.643m),18.416(16.250%)(0.000m),12.305(10.858%)(0.000m),8.837(11.046%)(0.000m),12.094(30.234%)(0.224m),11.622(29.054%)(0.174m),424.389,10787.371,57.5,1.3120,"[1.110, 0.626, 0.086, 1.095, 0.759, 0.085]","[3.674, 3.865, 3.692, 3.909, 3.971, 3.622]","[-5.571, -5.372, -8.326, -4.938, -8.316, -7.412]"
322,3,-3.9588,-1.5169,0.297,136,356,15,0,0.526,35,0.62,8438,616.87,0,0,9.779(12.224%)(0.000m),14.152(12.487%)(0.000m),22.299(19.676%)(0.246m),62.606(55.240%)(4.565m),67.647(84.559%)(5.105m),11.914(29.784%)(0.205m),40.000(100.000%)(3.214m),2313.293,14216.920,60.5,1.2960,"[1.934, 1.408, 0.787, 1.973, 1.716, 0.923]","[3.651, 3.857, 3.818, 3.717, 4.224, 3.958]","[-5.405, -5.198, -5.694, -5.413, -5.469, -5.547]"
323,3,1.6747,-1.4437,0.264,327,888,4,64,0.525,60,0.62,8471,1438.83,0,0,27.000(33.750%)(0.750m),71.000(62.647%)(5.464m),113.333(100.000%)(10.000m),74.979(66.158%)(5.891m),39.000(48.750%)(2.036m),20.000(50.000%)(1.071m),14.000(35.000%)(0.429m),3510.312,13151.215,62.9,1.2616,"[2.279, 2.248, 2.140, 2.356, 2.768, 2.271]","[3.714, 4.130, 3.912, 3.815, 4.311, 3.953]","[-6.351, -3.698, -2.331, -6.868, -2.587, -2.951]"
324,3,-0.1024,-1.4185,0.257,163,464,7,12,0.524,40,0.62,8488,766.36,0,0,41.500(51.875%)(2.304m),23.000(20.294%)(0.321m),32.000(28.235%)(1.286m),81.000(71.471%)(6.536m),48.000(60.000%)(3.000m),40.000(100.000%)(3.214m),40.000(100.000%)(3.214m),5113.369,10858.075,65.9,1.2680,"[2.244, 2.318, 1.950, 2.350, 2.556, 1.952]","[3.387, 3.909, 3.919, 3.632, 4.249, 4.044]","[-5.086, -5.814, -5.496, -5.844, -5.569, -5.980]"
325,3,-6.1040,-1.5816,0.240,167,411,17,0,0.523,35,0.62,8505,747.24,0,0,9.598(11.998%)(0.000m),13.799(12.175%)(0.000m),21.542(19.008%)(0.165m),58.115(51.278%)(4.084m),55.330(69.163%)(3.785m),11.842(29.605%)(0.197m),40.000(100.000%)(3.214m),5271.061,20079.342,57.0,1.4935,"[1.583, 1.324, 0.876, 1.640, 1.647, 0.965]","[3.555, 3.915, 3.706, 3.558, 3.955, 3.749]","[-6.217, -5.527, -5.668, -6.447, -5.460, -5.379]"
326,3,-0.7466,-1.4029,0.248,254,710,6,45,0.522,55,0.61,8531,1137.08,0,0,25.000(31.250%)(0.536m),38.000(33.530%)(1.929m),113.333(100.000%)(10.000m),71.946(63.482%)(5.566m),11.000(13.750%)(0.000m),26.000(65.000%)(1.714m),11.000(27.500%)(0.107m),4242.534,10076.707,64.7,1.2642,"[1.956, 2.068, 1.770, 2.142, 2.538, 1.776]","[3.649, 4.023, 3.743, 3.703, 4.162, 3.733]","[-6.458, -3.591, -3.210, -6.275, -3.203, -3.487]"
327,3,1.8668,-1.4198,0.265,258,745,0,36,0.521,55,0.61,8557,1220.38,0,0,28.000(35.000%)(0.857m),53.000(46.765%)(3.536m),113.333(100.000%)(10.000m),69.753(61.547%)(5.331m),36.000(45.000%)(1.714m),22.000(55.000%)(1.286m),18.000(45.000%)(0.857m),2533.168,10590.564,66.8,1.4145,"[2.208, 2.223, 1.849, 2.451, 2.758, 1.950]","[3.624, 3.847, 3.653, 3.782, 4.087, 3.775]","[-4.772, -2.513, -1.673, -3.759, -1.447, -1.766]"
328,3,0.7619,-1.2927,0.284,397,1176,0,93,0.520,70,0.61,8597,1766.99,0,0,33.425(41.781%)(1.438m),56.000(49.412%)(3.857m),39.000(34.412%)(2.036m),19.000(16.765%)(0.000m),12.000(15.000%)(0.000m),23.844(59.609%)(1.483m),20.000(50.000%)(1.071m),1267.538,8083.963,68.6,1.3561,"[1.572, 1.777, 1.762, 1.611, 2.202, 1.889]","[3.100, 3.490, 3.828, 3.228, 3.735, 3.788]","[-4.873, -3.769, -3.079, -4.732, -2.739, -2.873]"
329,3,-5.5145,-1.3285,0.258,164,402,38,0,0.519,35,0.61,8614,685.23,0,0,77.786(97.233%)(6.191m),88.000(77.647%)(7.286m),91.000(80.294%)(7.607m),28.023(24.726%)(0.860m),13.144(16.430%)(0.000m),40.000(100.000%)(3.214m),9.738(24.346%)(0.000m),4222.135,14973.417,56.7,1.3023,"[-0.212, 1.585, 1.968, 0.167, 1.224, 2.190]","[3.386, 3.763, 3.603, 3.701, 4.076, 3.628]","[-6.248, -2.783, -1.487, -4.321, -4.562, 0.152]"
330,3,-4.5071,-1.4066,0.250,432,1243,14,64,0.518,70,0.61,8658,1945.76,0,0,12.187(15.233%)(0.000m),24.462(21.584%)(0.478m),65.000(57.353%)(4.821m),37.000(32.647%)(1.821m),22.000(27.500%)(0.214m),9.753(24.384%)(0.000m),20.000(50.000%)(1.071m),563.063,10426.227,66.6,1.4607,"[1.059, 1.166, 1.282, 1.143, 1.399, 1.397]","[3.732, 3.878, 3.626, 3.855, 4.203, 3.627]","[-6.517, -6.341, -5.495, -6.385, -6.031, -5.165]"
331,3,-0.5352,-1.3272,0.266,245,685,16,51,0.517,55,0.60,8683,1112.52,0,0,24.000(30.000%)(0.429m),34.000(30.000%)(1.500m),79.000(69.706%)(6.321m),54.000(47.647%)(3.643m),14.000(17.500%)(0.000m),33.000(82.500%)(2.464m),10.000(25.000%)(0.000m),4416.560,10328.616,64.7,1.4252,"[1.764, 1.894, 1.657, 2.008, 2.384, 1.765]","[3.413, 3.613, 3.541, 3.431, 3.924, 3.622]","[-4.915, -2.403, -3.908, -3.704, -1.386, -4.096]"
332,3,1.9764,-1.2475,0.279,565,1655,64,136,0.515,80,0.60,8740,2658.59,0,0,9.929(12.411%)(0.000m),14.467(12.765%)(0.000m),23.014(20.306%)(0.323m),38.045(33.569%)(1.933m),17.932(22.415%)(0.000m),11.945(29.863%)(0.208m),12.612(31.529%)(0.280m),1724.594,7880.198,67.8,1.4450,"[0.765, 1.179, 1.324, 1.122, 1.609, 1.391]","[3.832, 3.994, 3.813, 3.971, 4.338, 3.839]","[-8.149, -5.646, -5.692, -6.954, -5.745, -5.595]"
333,3,2.5693,-1.2181,0.265,318,837,32,70,0.514,60,0.60,8772,1495.08,0,0,12.000(15.000%)(0.000m),59.000(52.059%)(4.179m),113.333(100.000%)(10.000m),89.000(78.530%)(7.393m),37.000(46.250%)(1.821m),10.000(25.000%)(0.000m),37.000(92.500%)(2.893m),6371.395,12522.354,60.9,1.4073,"[2.383, 2.425, 1.969, 2.566, 2.852, 2.017]","[3.767, 4.137, 3.977, 3.907, 4.325, 4.069]","[-0.375, -1.462, -2.020, 0.313, -0.001, -2.183]"
334,3,-2.8378,-1.2243,0.271,277,716,31,16,0.513,50,0.60,8800,1376.25,0,0,23.000(28.750%)(0.321m),25.000(22.059%)(0.536m),17.545(15.481%)(0.000m),12.162(10.731%)(0.000m),8.998(11.247%)(0.000m),34.873(87.184%)(2.665m),12.634(31.586%)(0.282m),66.101,16433.180,59.8,1.5022,"[1.967, 2.027, 1.856, 2.018, 2.184, 1.923]","[3.903, 4.160, 4.168, 3.939, 4.435, 4.257]","[-4.867, -4.368, -8.395, -4.876, -7.276, -8.521]"
335,3,-3.9500,-1.3117,0.255,429,1186,50,96,0.512,70,0.60,8843,1948.36,0,0,10.193(12.741%)(0.000m),15.506(13.682%)(0.000m),26.310(23.215%)(0.676m),58.000(51.177%)(4.071m),38.000(47.500%)(1.929m),11.382(28.455%)(0.148m),35.000(87.500%)(2.679m),2516.710,9051.386,64.0,1.3886,"[1.970, 1.517, 0.843, 2.033, 1.843, 0.982]","[3.953, 4.022, 3.847, 4.068, 4.248, 3.930]","[-4.817, -5.091, -5.267, -5.257, -5.140, -5.237]"
336,3,-8.4278,-1.3664,0.257,443,1114,74,170,0.511,65,0.60,8888,2039.90,0,0,11.000(13.750%)(0.000m),16.000(14.118%)(0.000m),38.000(33.530%)(1.929m),51.000(45.000%)(3.321m),18.000(22.500%)(0.000m),12.000(30.000%)(0.214m),13.000(32.500%)(0.321m),386.741,12813.072,58.2,1.4087,"[0.766, 0.821, 0.678, 0.870, 1.081, 0.687]","[3.795, 4.022, 4.024, 4.022, 4.261, 3.992]","[-9.069, -8.064, -6.463, -9.415, -8.426, -6.694]"
337,3,1.8168,-1.2956,0.251,350,1016,13,26,0.510,65,0.59,8923,1573.77,0,0,12.396(15.495%)(0.000m),25.628(22.613%)(0.603m),70.567(62.265%)(5.418m),80.000(70.588%)(6.429m),31.000(38.750%)(1.179m),9.671(24.178%)(0.000m),22.000(55.000%)(1.286m),1943.312,9801.942,67.2,1.3180,"[1.718, 1.563, 1.164, 1.885, 1.891, 1.263]","[3.669, 3.864, 3.674, 3.978, 3.967, 3.697]","[-4.336, -6.280, -5.222, -4.610, -5.834, -4.726]"
338,3,-0.1382,-1.3040,0.250,641,1688,11,87,0.509,75,0.59,8988,2948.88,0,0,24.000(30.000%)(0.429m),26.000(22.941%)(0.643m),70.000(61.765%)(5.357m),44.000(38.824%)(2.571m),22.000(27.500%)(0.214m),19.064(47.661%)(0.971m),15.000(37.500%)(0.536m),0.000,9517.429,61.0,1.3630,"[1.756, 1.854, 1.669, 1.848, 2.120, 1.756]","[3.744, 4.015, 3.801, 3.784, 4.209, 3.863]","[-2.480, -4.341, -4.020, -3.080, -4.355, -4.595]"
339,3,-2.0484,-1.2761,0.274,405,1171,22,70,0.508,70,0.59,9029,1709.74,0,0,10.232(12.790%)(0.000m),16.062(14.172%)(0.000m),28.699(25.322%)(0.932m),57.000(50.294%)(3.964m),38.000(47.500%)(1.929m),10.878(27.194%)(0.094m),15.000(37.500%)(0.536m),1859.424,8764.570,66.9,1.3651,"[1.082, 1.234, 1.033, 1.272, 1.613, 1.148]","[3.461, 3.813, 3.509, 3.725, 4.104, 3.592]","[-5.751, -5.466, -5.301, -5.936, -5.452, -4.990]"
340,3,0.8503,-1.2971,0.254,301,793,3,19,0.507,55,0.59,9060,1359.52,0,0,11.000(13.750%)(0.000m),17.000(15.000%)(0.000m),113.333(100.000%)(10.000m),67.000(59.118%)(5.036m),34.000(42.500%)(1.500m),11.000(27.500%)(0.107m),36.000(90.000%)(2.786m),4517.816,15435.486,60.9,1.3820,"[2.300, 2.184, 2.016, 2.306, 2.561, 2.240]","[3.482, 3.584, 3.608, 3.484, 4.002, 3.859]","[-8.248, -7.064, -5.839, -8.424, -7.235, -5.959]"
341,3,1.3879,-1.1915,0.269,1187,3250,125,134,0.506,95,0.59,9179,5340.23,0,0,11.409(14.261%)(0.000m),20.680(18.247%)(0.073m),50.330(44.409%)(3.250m),32.406(28.594%)(1.329m),15.211(19.013%)(0.000m),10.092(25.230%)(0.010m),10.678(26.694%)(0.073m),582.942,8033.410,63.4,1.4437,"[1.096, 1.479, 1.474, 1.298, 1.682, 1.655]","[3.653, 3.714, 3.559, 3.874, 3.980, 3.590]","[-6.861, -6.416, -5.660, -6.909, -6.178, -5.269]"
342,3,-2.8059,-1.1753,0.244,277,758,15,53,0.505,55,0.58,9207,1190.79,0,0,24.000(30.000%)(0.429m),46.000(40.588%)(2.786m),86.000(75.883%)(7.071m),74.000(65.294%)(5.786m),12.000(15.000%)(0.000m),25.000(62.500%)(1.607m),10.000(25.000%)(0.000m),4247.378,11851.878,63.3,1.2705,"[1.929, 1.950, 1.494, 2.194, 2.413, 1.739]","[3.502, 3.706, 3.500, 3.740, 4.006, 3.646]","[-6.655, -3.871, -3.597, -5.578, -3.000, -3.088]"
343,3,-1.7432,-1.1830,0.272,320,844,14,29,0.504,60,0.58,9239,1410.14,0,0,34.000(42.500%)(1.500m),69.000(60.883%)(5.250m),78.000(68.824%)(6.214m),21.000(18.529%)(0.107m),12.000(15.000%)(0.000m),27.486(68.716%)(1.874m),11.000(27.500%)(0.107m),2522.021,13942.872,61.0,1.3200,"[2.047, 2.201, 2.253, 2.263, 2.661, 2.331]","[3.815, 3.837, 3.877, 4.090, 4.156, 3.994]","[-6.783, -4.123, -2.337, -6.109, -3.148, -2.983]"
344,3,-3.2765,-1.2566,0.284,571,1590,21,202,0.503,80,0.58,9297,2541.10,0,0,20.000(25.000%)(0.000m),35.000(30.882%)(1.607m),81.000(71.471%)(6.536m),62.088(54.784%)(4.509m),31.645(39.557%)(1.248m),10.000(25.000%)(0.000m),22.556(56.390%)(1.345m),1765.620,11390.910,64.4,1.3822,"[1.224, 1.374, 1.216, 1.624, 1.943, 1.321]","[3.832, 3.929, 3.803, 4.161, 4.356, 4.008]","[-5.495, -2.922, -5.318, -4.561, -3.637, -5.241]"
345,3,2.5539,-1.2089,0.265,482,1405,9,31,0.502,75,0.58,9346,2204.73,0,0,30.000(37.500%)(1.071m),57.000(50.294%)(3.964m),112.000(98.824%)(9.857m),61.176(53.979%)(4.412m),29.502(36.877%)(1.018m),12.000(30.000%)(0.214m),21.000(52.500%)(1.179m),1806.040,8217.203,67.5,1.4142,"[1.505, 2.002, 1.965, 1.770, 2.380, 2.115]","[3.856, 4.191, 4.030, 4.022, 4.442, 4.134]","[-4.641, -1.261, -0.531, -3.918, -1.000, -0.487]"
346,3,1.8727,-1.1356,0.226,241,670,14,31,0.501,50,0.58,9371,1137.02,0,0,13.000(16.250%)(0.000m),43.000(37.941%)(2.464m),113.333(100.000%)(10.000m),86.000(75.883%)(7.071m),38.000(47.500%)(1.929m),10.000(25.000%)(0.000m),38.000(95.000%)(3.000m),3855.929,13361.933,64.4,1.4274,"[2.322, 2.308, 2.055, 2.567, 2.735, 2.172]","[3.771, 3.841, 3.732, 4.029, 4.116, 3.888]","[-2.776, -5.230, -5.401, -2.413, -5.269, -5.686]"
347,3,-1.2146,-1.0865,0.264,586,1614,74,230,0.500,80,0.58,9430,2742.71,0,0,14.000(17.500%)(0.000m),30.000(26.471%)(1.071m),32.784(28.927%)(1.370m),16.970(14.974%)(0.000m),10.358(12.948%)(0.000m),10.000(25.000%)(0.000m),10.358(25.896%)(0.038m),506.207,7923.342,63.7,1.4031,"[1.024, 1.248, 0.806, 1.251, 1.420, 0.829]","[3.503, 3.696, 3.472, 3.698, 3.947, 3.650]","[-7.732, -7.016, -7.540, -9.199, -7.221, -8.255]"
348,3,-5.9631,-1.1257,0.274,351,925,15,39,0.499,60,0.57,9466,1701.19,0,0,28.000(35.000%)(0.857m),46.000(40.588%)(2.786m),93.000(82.059%)(7.821m),47.819(42.194%)(2.981m),13.000(16.250%)(0.000m),28.000(70.000%)(1.929m),10.000(25.000%)(0.000m),2812.223,12394.247,61.0,1.7204,"[1.051, 1.604, 1.496, 1.407, 1.927, 1.753]","[3.947, 3.846, 3.695, 4.104, 4.233, 3.762]","[-7.189, -4.495, -1.895, -5.161, -3.289, -2.417]"
349,3,1.3871,-1.1426,0.262,447,1257,15,40,0.498,70,0.57,9511,2028.84,0,0,10.335(12.919%)(0.000m),17.411(15.363%)(0.000m),35.588(31.401%)(1.670m),65.000(57.353%)(4.821m),35.000(43.750%)(1.607m),9.963(24.907%)(0.000m),25.000(62.500%)(1.607m),1027.640,12185.265,65.1,1.4101,"[2.157, 2.106, 1.677, 2.361, 2.479, 1.855]","[3.703, 3.994, 3.870, 3.888, 4.300, 3.842]","[-5.648, -5.355, -5.580, -5.949, -5.398, -5.534]"
350,3,1.5595,-1.0851,0.261,606,1609,17,75,0.497,75,0.57,9572,2737.18,0,0,23.838(29.797%)(0.411m),47.286(41.723%)(2.923m),37.000(32.647%)(1.821m),22.000(19.412%)(0.214m),32.000(40.000%)(1.286m),16.961(42.402%)(0.746m),19.000(47.500%)(0.964m),1208.644,10107.037,61.5,1.3761,"[1.909, 2.012, 1.830, 1.860, 2.333, 2.059]","[3.555, 3.832, 3.745, 3.534, 4.047, 3.778]","[-6.224, -4.114, -5.563, -6.290, -2.911, -6.775]"
351,3,2.7098,-0.8444,0.244,234,634,0,17,0.496,50,0.57,9596,1083.60,0,0,13.000(16.250%)(0.000m),26.000(22.941%)(0.643m),113.333(100.000%)(10.000m),103.000(90.883%)(8.893m),45.000(56.250%)(2.679m),38.486(96.216%)(3.052m),40.000(100.000%)(3.214m),4203.510,16752.208,62.7,1.3552,"[2.724, 2.623, 2.013, 2.993, 2.941, 2.203]","[4.039, 4.199, 4.013, 4.254, 4.350, 4.099]","[-5.346, -6.204, -5.963, -5.068, -5.611, -5.923]"
352,3,3.3775,-0.6958,0.294,479,1298,19,34,0.495,70,0.57,9644,2134.46,0,0,30.000(37.500%)(1.071m),49.000(43.235%)(3.107m),48.558(42.846%)(3.060m),20.555(18.137%)(0.059m),11.468(14.335%)(0.000m),29.000(72.500%)(2.036m),10.270(25.675%)(0.029m),2018.748,12862.521,62.7,1.3471,"[1.922, 2.257, 2.231, 2.020, 2.591, 2.417]","[3.991, 4.043, 3.920, 4.180, 4.314, 4.017]","[-4.928, -4.810, -4.946, -6.229, -6.332, -6.020]"
353,3,-2.9690,-0.7651,0.279,247,725,0,79,0.494,55,0.57,9669,1077.01,0,0,28.000(35.000%)(0.857m),99.000(87.353%)(8.464m),89.000(78.530%)(7.393m),45.000(39.706%)(2.679m),27.000(33.750%)(0.750m),20.000(50.000%)(1.071m),20.000(50.000%)(1.071m),3449.732,8246.049,67.9,1.3425,"[1.547, 1.833, 1.810, 1.693, 2.177, 1.968]","[3.783, 4.535, 4.404, 3.940, 4.681, 4.323]","[-2.079, -1.346, -2.046, -2.115, -1.155, -1.606]"
354,3,-1.8400,-0.8531,0.263,324,873,13,73,0.493,60,0.56,9702,1459.91,0,0,22.000(27.500%)(0.214m),66.000(58.235%)(4.929m),113.333(100.000%)(10.000m),42.000(37.059%)(2.357m),21.000(26.250%)(0.107m),10.000(25.000%)(0.000m),23.000(57.500%)(1.393m),3178.143,14627.770,62.4,1.3812,"[1.655, 2.026, 2.251, 1.723, 2.441, 2.360]","[3.409, 3.927, 3.892, 3.516, 4.123, 3.817]","[-3.240, -2.459, -3.575, -3.746, -0.968, -2.703]"
355,3,-3.0135,-0.8486,0.250,520,1440,0,63,0.492,75,0.56,9754,2238.70,0,0,12.000(15.000%)(0.000m),21.000(18.529%)(0.107m),68.000(60.000%)(5.143m),52.075(45.948%)(3.437m),25.070(31.337%)(0.543m),18.000(45.000%)(0.857m),17.808(44.519%)(0.837m),1846.567,9941.438,64.1,1.4021,"[1.740, 1.905, 1.642, 1.959, 2.193, 1.769]","[3.804, 4.081, 3.834, 4.030, 4.325, 3.989]","[-5.654, -4.481, -5.689, -5.622, -4.963, -5.921]"
356,3,-1.5765,-0.9384,0.240,244,687,14,51,0.491,55,0.56,9779,1073.11,0,0,12.000(15.000%)(0.000m),53.000(46.765%)(3.536m),92.000(81.177%)(7.714m),37.000(32.647%)(1.821m),25.000(31.250%)(0.536m),10.000(25.000%)(0.000m),33.000(82.500%)(2.464m),4006.208,13044.312,65.1,1.4827,"[1.370, 1.516, 1.469, 1.603, 1.934, 1.649]","[3.645, 3.753, 3.576, 3.827, 4.046, 3.648]","[-3.323, -3.511, -3.719, -2.681, -2.326, -3.248]"
357,3,1.5478,-0.9019,0.251,597,1580,31,42,0.490,75,0.56,9839,2701.61,0,0,10.148(12.685%)(0.000m),15.676(13.832%)(0.000m),27.268(24.060%)(0.779m),36.000(31.765%)(1.714m),34.000(42.500%)(1.500m),11.056(27.639%)(0.113m),20.000(50.000%)(1.071m),995.625,10156.899,61.3,1.3441,"[1.755, 1.825, 1.737, 1.787, 2.113, 1.875]","[3.660, 3.662, 3.514, 3.699, 3.897, 3.526]","[-5.375, -5.259, -5.072, -5.791, -5.360, -4.794]"
358,3,-3.6463,-0.9722,0.275,150,384,21,0,0.489,35,0.56,9854,700.84,0,0,77.786(97.233%)(6.191m),75.000(66.177%)(5.893m),33.093(29.200%)(1.403m),17.130(15.115%)(0.000m),10.456(13.070%)(0.000m),40.000(100.000%)(3.214m),10.456(26.140%)(0.049m),3538.556,14109.128,59.3,1.3890,"[1.149, 1.711, 2.030, 1.127, 1.864, 2.039]","[3.419, 3.769, 3.516, 3.582, 4.015, 3.613]","[-5.333, -4.920, -5.188, -6.270, -5.559, -5.608]"
359,3,0.0006,-1.0008,0.254,397,1141,46,82,0.488,70,0.56,9894,1754.99,0,0,29.000(36.250%)(0.964m),51.000(45.000%)(3.321m),66.360(58.553%)(4.967m),24.481(21.601%)(0.480m),12.369(15.461%)(0.000m),28.000(70.000%)(1.929m),10.026(25.064%)(0.003m),1734.757,7217.947,66.5,1.3980,"[1.320, 1.947, 2.070, 1.526, 2.148, 2.146]","[3.368, 3.958, 4.098, 3.645, 4.320, 4.027]","[-6.451, -5.933, -4.614, -6.720, -6.856, -4.211]"
360,3,0.2269,-1.0028,0.283,403,1191,40,55,0.487,70,0.56,9935,1818.18,0,0,13.562(16.953%)(0.000m),29.456(25.991%)(1.013m),90.442(79.802%)(7.547m),61.000(53.824%)(4.393m),31.000(38.750%)(1.179m),9.659(24.147%)(0.000m),21.000(52.500%)(1.179m),1172.378,8070.114,68.4,1.4169,"[1.550, 1.218, 0.514, 1.560, 1.545, 0.879]","[3.984, 4.000, 3.852, 4.188, 4.420, 3.851]","[-4.090, -3.726, -5.257, -4.673, -3.746, -4.581]"
361,3,1.5687,-1.2430,0.257,424,1235,22,90,0.486,70,0.55,9978,1907.90,0,0,9.492(11.865%)(0.000m),14.332(12.646%)(0.000m),24.035(21.207%)(0.432m),31.000(27.353%)(1.179m),24.000(30.000%)(0.429m),10.731(26.827%)(0.078m),20.000(50.000%)(1.071m),137.124,9440.832,67.4,1.3233,"[1.261, 1.230, 0.903, 1.389, 1.466, 1.050]","[3.514, 3.817, 3.766, 3.687, 4.155, 3.739]","[-5.693, -5.227, -6.471, -5.564, -5.672, -5.795]"
362,3,1.8170,-1.2169,0.234,458,1294,85,94,0.485,75,0.55,10024,2061.22,0,0,18.758(23.447%)(0.000m),39.804(35.121%)(2.122m),52.000(45.882%)(3.429m),22.000(19.412%)(0.214m),23.000(28.750%)(0.321m),13.180(32.949%)(0.341m),28.000(70.000%)(1.929m),2517.300,10018.577,65.4,1.5685,"[1.249, 1.273, 0.146, 1.208, 1.528, 0.406]","[3.585, 3.825, 3.482, 3.736, 3.999, 3.679]","[-5.900, -4.732, -7.872, -5.736, -3.624, -9.185]"
363,3,4.0293,-1.0851,0.246,298,818,30,48,0.484,60,0.55,10054,1353.42,0,0,34.000(42.500%)(1.500m),67.000(59.118%)(5.036m),113.333(100.000%)(10.000m),74.000(65.294%)(5.786m),19.000(23.750%)(0.000m),31.000(77.500%)(2.250m),10.000(25.000%)(0.000m),2865.669,14058.154,63.5,1.3950,"[1.914, 2.300, 2.331, 2.163, 2.771, 2.497]","[3.629, 3.643, 3.666, 3.726, 4.098, 3.713]","[-5.718, -3.140, -0.401, -5.097, -2.018, -1.201]"
364,3,1.9424,-0.9627,0.246,194,533,3,13,0.483,45,0.55,10074,934.67,0,0,28.000(35.000%)(0.857m),20.000(17.647%)(0.000m),42.000(37.059%)(2.357m),76.000(67.059%)(6.000m),47.000(58.750%)(2.893m),40.000(100.000%)(3.214m),40.000(100.000%)(3.214m),5974.839,11551.992,63.6,1.4997,"[2.240, 2.294, 1.934, 2.174, 2.534, 2.040]","[3.311, 3.752, 3.447, 3.388, 3.991, 3.571]","[-5.826, -6.726, -6.490, -5.855, -5.564, -6.697]"
365,3,-2.1770,-1.0030,0.258,265,699,0,22,0.483,50,0.55,10101,1221.34,0,0,12.000(15.000%)(0.000m),21.000(18.529%)(0.107m),90.000(79.412%)(7.500m),68.000(60.000%)(5.143m),42.000(52.500%)(2.357m),27.403(68.507%)(1.865m),40.000(100.000%)(3.214m),2451.093,10964.510,61.0,1.5336,"[1.930, 1.711, 1.369, 2.048, 2.012, 1.480]","[3.608, 3.797, 3.412, 3.794, 4.114, 3.515]","[-5.567, -4.470, -5.896, -5.347, -4.246, -5.661]"
366,3,-5.8495,-1.0742,0.258,555,1628,45,145,0.482,80,0.55,10157,2680.64,0,0,10.100(12.625%)(0.000m),14.717(12.986%)(0.000m),23.411(20.657%)(0.365m),62.146(54.834%)(4.516m),29.903(37.378%)(1.061m),12.152(30.379%)(0.231m),21.240(53.100%)(1.204m),1359.950,6995.120,67.9,1.5514,"[0.935, 0.977, 0.855, 1.323, 1.410, 0.968]","[3.673, 3.795, 3.496, 3.712, 4.060, 3.534]","[-4.989, -5.585, -5.236, -4.846, -5.056, -5.159]"
367,3,-1.0536,-1.0315,0.252,509,1415,1,120,0.481,75,0.54,10208,2190.41,0,0,27.058(33.823%)(0.756m),56.051(49.456%)(3.863m),36.000(31.765%)(1.714m),18.000(15.882%)(0.000m),11.000(13.750%)(0.000m),19.306(48.264%)(0.997m),27.000(67.500%)(1.821m),2400.941,11813.864,64.3,1.3326,"[1.226, 1.335, 1.085, 1.156, 1.748, 1.204]","[3.611, 3.870, 3.665, 3.787, 4.183, 3.698]","[-6.559, -5.124, -9.668, -6.114, -4.381, -10.055]"
368,3,-2.8794,-1.0064,0.278,244,680,12,29,0.480,55,0.54,10233,1066.01,0,0,12.000(15.000%)(0.000m),22.000(19.412%)(0.214m),113.333(100.000%)(10.000m),53.000(46.765%)(3.536m),32.000(40.000%)(1.286m),10.000(25.000%)(0.000m),35.000(87.500%)(2.679m),3687.682,13106.945,64.5,1.3144,"[2.097, 2.160, 2.087, 2.129, 2.539, 2.190]","[4.090, 4.291, 4.292, 4.159, 4.525, 4.465]","[-7.821, -7.134, -6.555, -7.852, -7.056, -6.765]"
369,3,2.3781,-0.9729,0.275,625,1726,0,93,0.479,80,0.54,10296,2775.46,0,0,23.000(28.750%)(0.321m),58.000(51.177%)(4.071m),82.000(72.353%)(6.643m),53.584(47.280%)(3.598m),26.670(33.338%)(0.715m),17.000(42.500%)(0.750m),18.932(47.330%)(0.957m),813.652,10808.165,63.9,1.3810,"[0.976, 1.724, 1.827, 1.289, 1.966, 1.899]","[3.967, 4.250, 3.981, 4.032, 4.258, 3.968]","[-6.314, -1.366, -2.052, -5.838, -1.933, -1.867]"
370,3,-1.3520,-0.9917,0.272,160,458,27,12,0.478,40,0.54,10312,712.68,0,0,26.000(32.500%)(0.643m),21.000(18.529%)(0.107m),30.000(26.471%)(1.071m),93.000(82.059%)(7.821m),69.000(86.250%)(5.250m),28.241(70.603%)(1.954m),40.000(100.000%)(3.214m),0.000,9441.837,66.2,1.3522,"[1.599, 1.351, 0.951, 1.441, 1.396, 0.805]","[3.571, 4.077, 3.907, 3.780, 4.332, 3.983]","[-6.565, -6.791, -5.508, -7.182, -6.432, -5.755]"
371,3,1.1899,-0.7833,0.293,204,600,3,57,0.477,50,0.54,10333,925.86,0,0,10.000(12.500%)(0.000m),14.000(12.353%)(0.000m),90.679(80.011%)(7.573m),43.000(37.941%)(2.464m),21.000(26.250%)(0.107m),11.000(27.500%)(0.107m),19.000(47.500%)(0.964m),3626.603,8854.523,68.1,1.3158,"[1.649, 2.030, 2.346, 1.700, 2.485, 2.395]","[3.639, 4.133, 4.026, 3.845, 4.440, 4.037]","[-11.531, -8.368, -6.382, -10.993, -8.375, -5.966]"
372,3,-6.5238,-0.8346,0.291,325,818,54,41,0.476,55,0.54,10366,1363.34,0,0,23.119(28.899%)(0.334m),20.000(17.647%)(0.000m),20.000(17.647%)(0.000m),21.000(18.529%)(0.107m),50.000(62.500%)(3.214m),16.430(41.076%)(0.689m),40.000(100.000%)(3.214m),0.000,16979.337,58.2,1.4325,"[1.710, 1.627, 1.479, 1.758, 1.816, 1.394]","[4.091, 4.404, 4.198, 4.195, 4.547, 4.139]","[-4.685, -4.313, -4.176, -4.278, -5.136, -5.939]"
373,3,4.8603,-0.7709,0.268,420,1217,14,13,0.475,70,0.54,10408,1923.32,0,0,9.582(11.977%)(0.000m),14.467(12.765%)(0.000m),24.262(21.408%)(0.457m),50.000(44.118%)(3.214m),29.000(36.250%)(0.964m),10.832(27.081%)(0.089m),21.000(52.500%)(1.179m),755.005,8104.991,67.1,1.4847,"[1.987, 2.169, 1.978, 2.054, 2.432, 2.149]","[4.141, 4.161, 4.257, 4.219, 4.587, 4.261]","[-5.621, -5.332, -6.208, -5.582, -5.622, -5.392]"
374,3,0.6376,-0.7561,0.282,743,1942,36,173,0.474,80,0.53,10483,3279.34,0,0,29.000(36.250%)(0.964m),61.475(54.243%)(4.444m),97.000(85.588%)(8.250m),34.000(30.000%)(1.500m),13.000(16.250%)(0.000m),21.000(52.500%)(1.179m),10.000(25.000%)(0.000m),1497.773,10260.473,60.5,1.3675,"[1.750, 1.883, 1.789, 1.764, 2.294, 1.908]","[4.030, 4.279, 4.284, 4.131, 4.586, 4.249]","[-6.488, -3.548, -2.564, -5.761, -3.891, -1.679]"
375,3,0.4573,-0.6249,0.292,454,1277,15,32,0.473,70,0.53,10529,2032.16,0,0,43.000(53.750%)(2.464m),59.000(52.059%)(4.179m),28.855(25.461%)(0.949m),15.920(14.047%)(0.000m),10.059(12.574%)(0.000m),21.000(52.500%)(1.179m),10.564(26.409%)(0.060m),893.153,9768.809,65.1,1.4874,"[2.333, 2.371, 2.348, 2.362, 2.695, 2.333]","[4.211, 4.391, 4.205, 4.346, 4.627, 4.148]","[-4.100, -5.121, -6.074, -5.603, -5.523, -8.342]"
376,3,4.9189,-0.5116,0.277,463,1348,13,97,0.472,75,0.53,10576,2176.18,0,0,29.000(36.250%)(0.964m),67.000(59.118%)(5.036m),108.000(95.294%)(9.429m),48.000(42.353%)(3.000m),12.000(15.000%)(0.000m),20.000(50.000%)(1.071m),10.000(25.000%)(0.000m),683.413,9004.664,67.4,1.4538,"[2.225, 2.383, 2.132, 2.434, 2.738, 2.249]","[4.463, 4.586, 4.230, 4.599, 4.753, 4.300]","[-4.802, -1.934, -1.628, -2.601, -0.891, -1.551]"
377,3,-5.4596,-0.6581,0.286,190,463,16,0,0.471,40,0.53,10595,822.92,0,0,12.561(15.701%)(0.000m),25.952(22.899%)(0.638m),68.692(60.611%)(5.217m),85.000(75.000%)(6.964m),55.803(69.753%)(3.836m),9.800(24.500%)(0.000m),40.000(100.000%)(3.214m),4774.052,20035.694,56.3,1.2697,"[2.069, 1.253, 0.863, 2.153, 1.597, 0.896]","[4.300, 4.389, 3.993, 4.447, 4.533, 3.988]","[-3.679, -5.995, -5.416, -4.119, -5.719, -5.332]"
378,3,4.2881,-0.5876,0.275,618,1783,23,111,0.470,85,0.53,10657,2816.86,0,0,29.848(37.310%)(1.055m),62.051(54.751%)(4.505m),37.035(32.678%)(1.825m),18.480(16.306%)(0.000m),11.075(13.843%)(0.000m),21.193(52.982%)(1.199m),10.807(27.018%)(0.086m),1080.564,9599.187,66.8,1.4055,"[1.719, 1.846, 1.701, 1.747, 2.102, 1.773]","[4.267, 4.184, 4.310, 4.447, 4.555, 4.265]","[-5.222, -5.206, -5.866, -5.670, -5.943, -7.265]"
379,3,-11.7181,-0.7116,0.271,904,2316,167,295,0.469,85,0.53,10748,4137.21,0,0,17.776(22.220%)(0.000m),36.715(32.396%)(1.791m),44.000(38.824%)(2.571m),38.691(34.139%)(2.003m),10.000(12.500%)(0.000m),12.549(31.373%)(0.273m),11.000(27.500%)(0.107m),652.635,11808.856,59.3,1.4480,"[0.837, 1.135, 1.243, 0.933, 1.350, 1.385]","[3.656, 4.094, 3.994, 3.731, 4.300, 3.984]","[-5.180, -3.119, -5.265, -4.835, -2.885, -5.095]"
380,3,3.2145,-0.5572,0.275,540,1473,17,30,0.468,75,0.53,10802,2687.41,0,0,10.184(12.730%)(0.000m),16.685(14.722%)(0.000m),32.233(28.441%)(1.311m),43.000(37.941%)(2.464m),32.000(40.000%)(1.286m),10.184(25.461%)(0.020m),23.000(57.500%)(1.393m),867.189,9407.156,63.1,1.4953,"[2.125, 2.145, 1.954, 2.168, 2.321, 2.075]","[4.065, 4.157, 4.100, 4.191, 4.334, 4.093]","[-6.139, -5.530, -6.185, -6.236, -5.860, -5.952]"
381,3,-3.7561,-0.6216,0.293,175,441,16,0,0.467,40,0.52,10820,792.13,0,0,75.000(93.750%)(5.893m),40.052(35.340%)(2.148m),18.774(16.565%)(0.000m),12.832(11.322%)(0.000m),9.383(11.729%)(0.000m),40.000(100.000%)(3.214m),12.832(32.079%)(0.303m),2705.408,18690.000,58.3,1.5776,"[1.624, 2.221, 2.553, 1.554, 2.434, 2.596]","[3.677, 4.254, 4.123, 3.879, 4.509, 4.194]","[-4.937, -5.618, -6.071, -6.288, -5.736, -5.360]"
382,3,-1.0784,-0.6827,0.268,164,467,20,10,0.466,45,0.52,10837,764.97,0,0,30.617(38.272%)(1.138m),21.000(18.529%)(0.107m),20.000(17.647%)(0.000m),20.000(17.647%)(0.000m),67.000(83.750%)(5.036m),25.770(64.424%)(1.690m),40.000(100.000%)(3.214m),0.000,11712.016,66.0,1.3855,"[1.857, 1.800, 1.224, 1.943, 1.903, 1.287]","[3.916, 4.158, 3.918, 4.066, 4.312, 3.925]","[-5.050, -4.975, -6.756, -4.661, -6.369, -7.813]"
383,3,2.8407,-0.6773,0.283,507,1453,32,60,0.465,75,0.52,10888,2292.04,0,0,12.387(15.483%)(0.000m),25.609(22.596%)(0.601m),60.000(52.941%)(4.286m),31.000(27.353%)(1.179m),21.000(26.250%)(0.107m),9.664(24.160%)(0.000m),21.000(52.500%)(1.179m),134.329,8922.164,66.3,1.4210,"[1.672, 1.784, 1.572, 1.729, 1.985, 1.752]","[3.763, 4.250, 4.075, 4.057, 4.550, 4.079]","[-4.076, -6.525, -5.531, -3.992, -5.883, -4.992]"
384,3,-1.5011,-0.6505,0.277,205,537,41,0,0.465,45,0.52,10909,899.43,0,0,76.000(95.000%)(6.000m),40.000(35.294%)(2.143m),34.455(30.402%)(1.549m),17.835(15.737%)(0.000m),10.886(13.608%)(0.000m),40.000(100.000%)(3.214m),10.886(27.216%)(0.095m),1080.084,13246.743,60.7,1.2714,"[1.880, 2.469, 2.524, 1.798, 2.379, 2.541]","[3.806, 4.122, 3.788, 3.983, 4.468, 3.949]","[-5.588, -5.470, -5.596, -6.132, -6.039, -5.782]"
385,3,-0.9452,-0.5905,0.293,613,1826,51,176,0.464,85,0.52,10971,2721.78,0,0,23.819(29.774%)(0.409m),27.000(23.824%)(0.750m),26.000(22.941%)(0.643m),21.000(18.529%)(0.107m),33.045(41.306%)(1.398m),16.841(42.102%)(0.733m),23.547(58.867%)(1.451m),330.827,6089.958,68.9,1.3947,"[1.356, 1.594, 1.392, 1.445, 1.773, 1.459]","[3.865, 4.121, 3.921, 3.972, 4.380, 3.995]","[-5.700, -4.948, -6.109, -5.531, -4.463, -5.942]"
386,3,-2.4497,-0.4709,0.295,587,1611,62,169,0.463,80,0.52,11030,2612.76,0,0,18.152(22.690%)(0.000m),38.009(33.538%)(1.930m),88.000(77.647%)(7.286m),37.000(32.647%)(1.821m),14.000(17.500%)(0.000m),12.826(32.064%)(0.303m),10.000(25.000%)(0.000m),1688.096,10760.673,63.5,1.3515,"[1.604, 1.642, 1.157, 1.607, 1.972, 1.188]","[4.006, 4.315, 4.105, 4.036, 4.483, 4.103]","[-4.766, -3.310, -4.425, -3.403, -2.020, -4.419]"
387,3,2.7525,-0.4522,0.281,325,886,16,96,0.462,60,0.52,11063,1484.36,0,0,22.000(27.500%)(0.214m),74.000(65.294%)(5.786m),113.333(100.000%)(10.000m),66.000(58.235%)(4.929m),38.000(47.500%)(1.929m),16.000(40.000%)(0.643m),18.000(45.000%)(0.857m),4679.647,10980.671,63.1,1.4206,"[2.315, 2.423, 2.229, 2.417, 2.874, 2.308]","[3.762, 3.967, 3.932, 3.917, 4.171, 3.969]","[-0.254, -2.172, -2.292, -0.290, -0.811, -2.490]"
388,3,0.0061,-0.4493,0.302,172,494,0,14,0.461,45,0.52,11081,795.81,0,0,13.000(16.250%)(0.000m),28.000(24.706%)(0.857m),113.333(100.000%)(10.000m),93.000(82.059%)(7.821m),56.000(70.000%)(3.857m),38.153(95.382%)(3.016m),40.000(100.000%)(3.214m),4022.037,11490.979,66.5,1.3930,"[2.150, 1.886, 1.428, 2.327, 2.177, 1.475]","[3.856, 4.043, 3.927, 3.954, 4.187, 3.797]","[-5.548, -5.868, -5.386, -5.018, -5.450, -5.522]"
389,3,-4.1366,-0.4911,0.257,162,463,18,12,0.460,40,0.51,11098,709.71,0,0,63.000(78.750%)(4.607m),20.000(17.647%)(0.000m),20.000(17.647%)(0.000m),23.000(20.294%)(0.321m),25.852(32.315%)(0.627m),40.000(100.000%)(3.214m),25.227(63.068%)(1.632m),0.000,10956.398,66.1,1.3659,"[0.450, 1.113, 1.575, 0.389, 1.108, 1.553]","[3.340, 3.852, 3.865, 3.591, 4.191, 3.933]","[-5.308, -5.367, -6.283, -5.506, -5.879, -7.305]"
390,3,0.4717,-0.4986,0.256,611,1807,63,195,0.459,85,0.51,11160,2800.97,0,0,19.000(23.750%)(0.000m),20.000(17.647%)(0.000m),49.000(43.235%)(3.107m),77.888(68.725%)(6.202m),21.000(26.250%)(0.107m),14.000(35.000%)(0.429m),14.000(35.000%)(0.429m),0.000,7775.374,68.4,1.3802,"[1.530, 1.597, 1.347, 1.821, 2.048, 1.579]","[3.767, 3.959, 3.802, 3.921, 4.244, 3.781]","[-6.509, -5.961, -6.091, -5.871, -5.807, -5.876]"
391,3,5.3644,-0.4191,0.270,406,1173,12,53,0.458,70,0.51,11201,1831.07,0,0,39.000(48.750%)(2.036m),55.000(48.530%)(3.750m),22.467(19.824%)(0.264m),14.259(12.581%)(0.000m),9.852(12.315%)(0.000m),30.000(75.000%)(2.143m),12.003(30.007%)(0.215m),696.438,9275.296,66.9,1.3510,"[2.071, 2.281, 2.193, 2.239, 2.635, 2.313]","[3.760, 3.979, 3.690, 3.882, 4.159, 3.782]","[-4.451, -5.091, -5.857, -5.569, -6.113, -8.023]"
392,3,0.8203,-0.3466,0.260,241,674,6,18,0.457,55,0.51,11226,1087.61,0,0,11.000(13.750%)(0.000m),17.000(15.000%)(0.000m),111.000(97.941%)(9.750m),62.000(54.706%)(4.500m),39.000(48.750%)(2.036m),11.000(27.500%)(0.107m),31.000(77.500%)(2.250m),3592.666,10649.118,64.8,1.2486,"[2.366, 2.311, 2.060, 2.494, 2.717, 2.230]","[3.537, 3.793, 3.616, 3.697, 4.013, 3.742]","[-9.115, -7.734, -4.995, -8.687, -7.764, -4.723]"
393,3,4.0053,-0.2316,0.269,379,1103,12,0,0.456,70,0.51,11264,1716.91,0,0,33.000(41.250%)(1.393m),69.000(60.883%)(5.250m),70.523(62.227%)(5.413m),25.070(22.121%)(0.543m),12.309(15.387%)(0.000m),24.000(60.000%)(1.500m),9.727(24.318%)(0.000m),1417.799,8575.673,67.4,1.3802,"[1.694, 1.860, 1.834, 1.815, 2.280, 1.957]","[3.403, 3.781, 3.677, 3.562, 4.141, 3.709]","[-6.506, -6.624, -4.271, -8.002, -4.910, -5.672]"
394,3,4.4109,-0.0779,0.275,334,1026,15,45,0.455,70,0.51,11298,1531.21,0,0,12.413(15.516%)(0.000m),25.663(22.644%)(0.607m),79.747(70.365%)(6.401m),72.000(63.530%)(5.571m),41.000(51.250%)(2.250m),9.685(24.212%)(0.000m),18.000(45.000%)(0.857m),1142.213,6574.678,71.1,1.3684,"[1.890, 1.796, 1.127, 1.959, 2.092, 1.452]","[3.951, 3.942, 3.694, 4.011, 4.215, 3.839]","[-4.534, -4.573, -5.936, -5.650, -5.204, -4.897]"
395,3,-3.1762,-0.1925,0.258,169,479,0,10,0.454,45,0.51,11315,791.20,0,0,25.000(31.250%)(0.536m),27.000(23.824%)(0.750m),81.000(71.471%)(6.536m),93.000(82.059%)(7.821m),54.458(68.072%)(3.692m),34.991(87.476%)(2.678m),39.897(99.744%)(3.203m),0.000,11240.372,65.5,1.5241,"[1.681, 1.523, 0.920, 1.902, 1.841, 1.098]","[3.479, 3.928, 3.770, 3.727, 4.277, 3.929]","[-2.525, -5.720, -5.557, -3.133, -5.208, -4.973]"
396,3,4.3352,-0.1432,0.289,492,1420,14,104,0.453,75,0.51,11365,2229.85,0,0,11.016(13.770%)(0.000m),18.382(16.220%)(0.000m),36.838(32.504%)(1.804m),52.000(45.882%)(3.429m),27.000(33.750%)(0.750m),10.750(26.874%)(0.080m),19.000(47.500%)(0.964m),1002.904,8061.599,66.8,1.4210,"[2.341, 2.364, 2.003, 2.436, 2.650, 2.182]","[4.033, 4.102, 3.761, 4.172, 4.433, 3.779]","[-3.731, -4.678, -5.331, -3.947, -4.834, -5.460]"
397,3,1.8392,-0.0821,0.269,450,1305,17,30,0.453,75,0.50,11410,2147.46,0,0,12.555(15.694%)(0.000m),25.957(22.903%)(0.638m),69.454(61.283%)(5.299m),59.000(52.059%)(4.179m),32.000(40.000%)(1.286m),9.796(24.489%)(0.000m),26.000(65.000%)(1.714m),660.967,8765.857,67.1,1.5806,"[2.410, 2.188, 1.573, 2.471, 2.442, 1.780]","[4.246, 4.264, 4.090, 4.431, 4.543, 4.149]","[-2.179, -5.411, -5.652, -2.480, -4.968, -5.811]"
398,3,-0.6498,0.0241,0.306,359,1074,26,84,0.452,70,0.50,11446,1674.59,0,0,10.128(12.660%)(0.000m),15.407(13.595%)(0.000m),26.143(23.068%)(0.658m),62.000(54.706%)(4.500m),40.679(50.849%)(2.216m),11.310(28.274%)(0.140m),20.000(50.000%)(1.071m),767.111,7888.727,69.2,1.4115,"[1.479, 1.471, 1.163, 1.743, 1.757, 1.437]","[3.833, 4.261, 3.959, 4.071, 4.530, 4.035]","[-6.116, -5.254, -5.533, -6.324, -5.649, -5.352]"
399,3,-0.5710,-0.0150,0.270,640,1872,75,119,0.451,85,0.50,11510,2912.15,0,0,19.461(24.326%)(0.000m),41.092(36.258%)(2.260m),28.000(24.706%)(0.857m),20.000(17.647%)(0.000m),23.000(28.750%)(0.321m),13.678(34.196%)(0.394m),18.000(45.000%)(0.857m),0.000,8118.565,67.7,1.3940,"[1.529, 1.541, 1.307, 1.562, 1.710, 1.445]","[3.918, 4.117, 4.211, 4.090, 4.316, 4.217]","[-6.645, -5.174, -5.307, -5.125, -5.250, -4.683]"
400,3,0.2043,-0.0421,0.308,446,1194,42,120,0.450,70,0.50,11555,2009.91,0,0,19.000(23.750%)(0.000m),61.648(54.395%)(4.462m),21.958(19.375%)(0.210m),13.936(12.296%)(0.000m),9.629(12.037%)(0.000m),14.000(35.000%)(0.429m),11.731(29.328%)(0.185m),2963.800,11703.432,62.0,1.4070,"[1.476, 1.690, 1.841, 1.419, 2.138, 2.014]","[3.447, 3.905, 3.669, 3.582, 4.123, 3.766]","[-5.220, -4.797, -5.419, -5.991, -5.833, -7.305]"
401,3,-5.1035,-0.1984,0.271,336,842,41,34,0.449,55,0.50,11589,1441.25,0,0,29.000(36.250%)(0.964m),21.000(18.529%)(0.107m),39.000(34.412%)(2.036m),42.408(37.418%)(2.401m),21.016(26.270%)(0.109m),34.503(86.257%)(2.625m),14.903(37.258%)(0.525m),0.000,13860.197,58.0,1.3477,"[2.028, 2.022, 1.847, 1.902, 2.175, 1.970]","[4.180, 4.194, 4.089, 4.339, 4.533, 4.202]","[-4.369, -7.297, -6.517, -6.356, -6.200, -6.726]"
402,3,2.6868,-0.2122,0.260,582,1609,57,88,0.448,80,0.50,11648,2646.09,0,0,15.248(19.060%)(0.000m),32.621(28.783%)(1.352m),85.007(75.006%)(6.965m),44.000(38.824%)(2.571m),22.000(27.500%)(0.214m),10.695(26.737%)(0.074m),11.000(27.500%)(0.107m),2271.318,8960.589,64.0,1.4370,"[1.644, 1.607, 1.269, 1.659, 1.926, 1.395]","[3.644, 3.962, 3.801, 3.678, 4.288, 3.826]","[-2.670, -4.440, -5.093, -3.915, -4.248, -4.485]"
403,3,2.9184,-0.0945,0.279,561,1743,52,179,0.447,85,0.50,11705,2582.46,0,0,12.000(15.000%)(0.000m),47.000(41.471%)(2.893m),79.000(69.706%)(6.321m),49.000(43.235%)(3.107m),16.000(20.000%)(0.000m),11.000(27.500%)(0.107m),11.000(27.500%)(0.107m),1092.746,5885.923,71.9,1.3901,"[1.376, 1.291, 0.812, 1.512, 1.595, 1.087]","[3.545, 4.151, 3.910, 3.790, 4.397, 3.996]","[-4.487, -5.066, -5.341, -3.488, -5.060, -5.141]"
404,3,3.2049,0.0064,0.278,616,1683,58,71,0.446,80,0.50,11767,2886.64,0,0,15.008(18.760%)(0.000m),32.409(28.596%)(1.329m),75.000(66.177%)(5.893m),63.000(55.588%)(4.607m),11.000(13.750%)(0.000m),10.513(26.282%)(0.055m),11.000(27.500%)(0.107m),1267.400,11564.089,63.2,1.4629,"[1.795, 1.851, 1.416, 1.939, 2.192, 1.681]","[3.952, 4.054, 4.076, 4.102, 4.260, 4.042]","[-7.142, -5.064, -5.651, -5.205, -4.033, -5.328]"
405,3,4.5994,0.1587,0.279,444,1268,30,21,0.445,70,0.49,11812,2085.71,0,0,18.704(23.380%)(0.000m),39.516(34.868%)(2.091m),97.000(85.588%)(8.250m),23.000(20.294%)(0.321m),15.000(18.750%)(0.000m),13.150(32.876%)(0.338m),23.000(57.500%)(1.393m),2396.634,7456.294,66.1,1.4299,"[2.188, 2.274, 1.715, 2.198, 2.553, 1.880]","[3.781, 4.017, 3.712, 3.839, 4.269, 3.835]","[-5.250, -5.251, -5.062, -5.046, -2.668, -4.467]"
406,3,1.2684,0.2156,0.282,242,688,8,40,0.444,55,0.49,11837,1122.48,0,0,26.000(32.500%)(0.643m),51.000(45.000%)(3.321m),113.333(100.000%)(10.000m),79.257(69.933%)(6.349m),14.000(17.500%)(0.000m),23.000(57.500%)(1.393m),10.000(25.000%)(0.000m),3343.762,11724.600,65.8,1.4777,"[2.126, 2.498, 2.219, 2.407, 2.823, 2.407]","[4.243, 4.299, 4.045, 4.249, 4.504, 4.210]","[-7.675, -5.095, -3.405, -6.655, -4.156, -3.139]"
407,3,5.7855,0.3003,0.276,586,1580,0,62,0.444,75,0.49,11896,2845.64,0,0,13.000(16.250%)(0.000m),27.000(23.824%)(0.750m),99.000(87.353%)(8.464m),56.564(49.910%)(3.918m),27.286(34.107%)(0.781m),28.000(70.000%)(1.929m),19.432(48.579%)(1.011m),2552.482,11216.056,62.4,1.5089,"[2.229, 2.534, 2.242, 2.304, 2.771, 2.392]","[4.058, 4.262, 4.024, 4.206, 4.421, 4.009]","[-3.183, -5.975, -5.179, -4.219, -5.520, -5.351]"
408,3,5.4824,0.4829,0.260,394,1172,0,51,0.443,70,0.49,11936,1914.80,0,0,14.000(17.500%)(0.000m),29.000(25.588%)(0.964m),105.000(92.647%)(9.107m),58.000(51.177%)(4.071m),28.000(35.000%)(0.857m),10.000(25.000%)(0.000m),24.000(60.000%)(1.500m),1193.581,8843.286,68.9,1.5639,"[1.633, 1.987, 1.798, 1.912, 2.172, 1.973]","[3.906, 3.882, 3.785, 4.113, 4.194, 4.006]","[-3.207, -5.594, -4.974, -2.861, -5.619, -4.972]"
409,3,2.2937,0.5288,0.273,386,1131,4,61,0.442,70,0.49,11975,1815.74,0,0,29.000(36.250%)(0.964m),22.000(19.412%)(0.214m),30.000(26.471%)(1.071m),55.000(48.530%)(3.750m),26.000(32.500%)(0.643m),24.000(60.000%)(1.500m),17.000(42.500%)(0.750m),0.000,7758.038,67.8,1.4582,"[2.019, 2.216, 2.111, 2.155, 2.543, 2.222]","[3.937, 3.926, 3.714, 4.164, 4.269, 3.818]","[-6.553, -5.430, -6.620, -6.221, -5.716, -6.443]"
410,3,5.0283,0.6248,0.285,435,1314,16,107,0.441,75,0.49,12019,1999.02,0,0,10.813(13.516%)(0.000m),18.578(16.392%)(0.000m),39.634(34.971%)(2.104m),58.000(51.177%)(4.071m),28.000(35.000%)(0.857m),10.171(25.428%)(0.018m),19.000(47.500%)(0.964m),1011.725,7251.760,69.9,1.4082,"[1.870, 1.928, 1.481, 2.157, 2.319, 1.781]","[3.620, 3.804, 3.328, 3.831, 4.089, 3.474]","[-5.510, -5.344, -5.215, -5.218, -5.138, -4.973]"
411,3,5.7148,0.7077,0.281,327,973,16,1,0.440,65,0.49,12052,1534.95,0,0,11.585(14.481%)(0.000m),21.759(19.199%)(0.188m),58.700(51.795%)(4.146m),93.000(82.059%)(7.821m),42.000(52.500%)(2.357m),9.873(24.682%)(0.000m),23.000(57.500%)(1.393m),2207.669,7062.680,68.9,1.4328,"[2.072, 2.013, 1.464, 2.227, 2.313, 1.615]","[3.180, 3.740, 3.675, 3.361, 3.982, 3.731]","[-5.794, -4.651, -6.432, -6.058, -4.887, -5.656]"
412,3,-0.7951,0.6555,0.275,503,1441,50,105,0.439,75,0.49,12103,2376.00,0,0,15.000(18.750%)(0.000m),55.000(48.530%)(3.750m),102.812(90.716%)(8.873m),40.606(35.829%)(2.208m),19.298(24.123%)(0.000m),11.000(27.500%)(0.107m),13.568(33.919%)(0.382m),1373.771,9991.069,66.3,1.3795,"[1.459, 1.867, 1.960, 1.815, 2.289, 2.140]","[3.964, 3.973, 3.764, 4.186, 4.291, 3.872]","[-6.203, -3.892, -1.776, -4.097, -3.370, -1.219]"
413,3,-5.7659,0.4596,0.272,665,1931,57,146,0.438,85,0.48,12170,2997.54,0,0,22.000(27.500%)(0.214m),23.000(20.294%)(0.321m),25.000(22.059%)(0.536m),33.000(29.118%)(1.393m),29.000(36.250%)(0.964m),17.000(42.500%)(0.750m),20.000(50.000%)(1.071m),52.005,6159.983,67.2,1.4105,"[1.373, 1.472, 1.295, 1.639, 1.722, 1.428]","[3.591, 3.944, 3.702, 3.697, 4.262, 3.815]","[-4.378, -3.762, -4.208, -3.920, -4.293, -4.917]"
414,3,5.0873,0.5225,0.279,398,1161,11,3,0.437,70,0.48,12210,1819.01,0,0,12.256(15.321%)(0.000m),24.602(21.708%)(0.493m),70.000(61.765%)(5.357m),56.000(49.412%)(3.857m),38.000(47.500%)(1.929m),9.809(24.523%)(0.000m),25.000(62.500%)(1.607m),858.849,8759.992,67.5,1.3022,"[1.945, 2.084, 1.908, 2.080, 2.386, 2.142]","[3.711, 4.138, 4.041, 3.914, 4.400, 4.080]","[-4.370, -5.388, -5.466, -4.842, -5.353, -4.831]"
415,3,-2.7334,0.5113,0.282,485,1392,13,72,0.437,75,0.48,12259,2173.81,0,0,25.000(31.250%)(0.536m),40.000(35.294%)(2.143m),65.144(57.480%)(4.837m),23.472(20.710%)(0.372m),12.183(15.229%)(0.000m),26.000(65.000%)(1.714m),10.126(25.316%)(0.014m),1036.637,10079.989,66.4,1.4659,"[1.513, 1.728, 1.673, 1.696, 2.134, 1.848]","[3.887, 4.155, 3.817, 3.981, 4.405, 3.887]","[-6.626, -7.347, -5.850, -8.032, -5.456, -8.540]"
416,3,1.0688,0.6497,0.289,405,1197,43,81,0.436,70,0.48,12300,1751.13,0,0,18.860(23.575%)(0.000m),39.909(35.214%)(2.133m),101.865(89.881%)(8.771m),27.000(23.824%)(0.750m),13.000(16.250%)(0.000m),13.249(33.122%)(0.348m),16.000(40.000%)(0.643m),2293.392,8710.459,68.4,1.4119,"[1.934, 1.832, 1.109, 2.017, 2.197, 1.372]","[4.224, 4.278, 3.865, 4.314, 4.573, 3.847]","[-3.707, -3.809, -5.588, -2.831, -2.836, -5.366]"
417,3,-1.1346,0.6481,0.264,331,846,2,21,0.435,55,0.48,12334,1555.02,0,0,33.000(41.250%)(1.393m),50.000(44.118%)(3.214m),32.000(28.235%)(1.286m),17.000(15.000%)(0.000m),11.000(13.750%)(0.000m),36.656(91.639%)(2.856m),40.000(100.000%)(3.214m),5313.753,16454.864,59.2,1.4408,"[2.413, 2.579, 2.364, 2.524, 2.961, 2.553]","[4.232, 4.325, 4.263, 4.250, 4.395, 4.340]","[-4.804, -5.824, -10.088, -4.325, -5.899, -9.568]"
418,3,4.8513,0.8027,0.280,388,1152,38,0,0.434,70,0.48,12373,1756.71,0,0,11.431(14.288%)(0.000m),21.210(18.714%)(0.130m),55.146(48.659%)(3.766m),65.000(57.353%)(4.821m),33.000(41.250%)(1.393m),9.863(24.659%)(0.000m),23.000(57.500%)(1.393m),1945.774,7594.956,68.7,1.4669,"[1.984, 2.055, 1.210, 2.051, 2.231, 1.319]","[3.966, 4.255, 4.022, 4.005, 4.382, 3.996]","[-5.370, -5.845, -6.238, -5.369, -5.312, -5.553]"
419,3,1.1742,0.7786,0.290,677,1998,52,94,0.433,90,0.48,12441,3063.83,0,0,11.000(13.750%)(0.000m),33.479(29.540%)(1.444m),89.113(78.630%)(7.405m),56.000(49.412%)(3.857m),26.000(32.500%)(0.643m),10.831(27.077%)(0.089m),18.000(45.000%)(0.857m),937.075,9069.129,68.3,1.4433,"[1.956, 1.844, 1.526, 2.132, 2.257, 1.800]","[4.120, 4.161, 3.789, 4.274, 4.476, 3.992]","[-1.919, -4.583, -5.816, -1.884, -3.964, -4.543]"
420,3,2.3843,0.8534,0.281,797,2461,40,183,0.432,95,0.48,12521,3742.22,0,0,18.142(22.677%)(0.000m),38.605(34.064%)(1.993m),71.000(62.647%)(5.464m),32.000(28.235%)(1.286m),23.000(28.750%)(0.321m),12.733(31.832%)(0.293m),12.000(30.000%)(0.214m),149.135,4456.421,71.5,1.4115,"[1.605, 1.662, 1.458, 1.726, 2.002, 1.656]","[3.703, 4.188, 4.133, 3.967, 4.603, 4.145]","[-3.995, -4.412, -5.527, -3.688, -3.428, -4.545]"
421,3,2.4682,0.8789,0.361,358,1071,8,52,0.431,70,0.48,12557,1626.98,0,0,30.000(37.500%)(1.071m),21.000(18.529%)(0.107m),33.000(29.118%)(1.393m),77.176(68.097%)(6.126m),37.328(46.660%)(1.857m),23.000(57.500%)(1.393m),17.000(42.500%)(0.750m),0.000,6882.763,69.3,1.4121,"[2.232, 2.348, 2.205, 2.374, 2.679, 2.297]","[3.676, 4.013, 3.855, 3.825, 4.234, 3.930]","[-5.950, -5.489, -6.682, -5.682, -6.839, -6.792]"
422,3,5.6060,1.1215,0.278,828,2460,13,181,0.430,95,0.47,12640,3787.63,0,0,24.968(31.210%)(0.532m),29.000(25.588%)(0.964m),74.000(65.294%)(5.786m),27.000(23.824%)(0.750m),25.000(31.250%)(0.536m),17.646(44.114%)(0.819m),13.000(32.500%)(0.321m),0.000,6761.717,68.8,1.3887,"[1.736, 1.917, 1.786, 1.890, 2.271, 1.998]","[3.801, 4.402, 4.113, 3.920, 4.632, 4.177]","[-3.906, -3.294, -2.793, -5.664, -4.146, -2.158]"
423,3,-5.8448,0.9074,0.271,221,548,17,0,0.430,45,0.47,12663,1002.09,0,0,10.359(12.949%)(0.000m),16.821(14.842%)(0.000m),31.947(28.188%)(1.280m),64.000(56.471%)(4.714m),58.015(72.519%)(4.073m),10.487(26.217%)(0.052m),40.000(100.000%)(3.214m),2803.643,17592.812,57.4,1.2862,"[2.411, 2.073, 1.776, 2.527, 2.382, 1.763]","[3.878, 3.979, 4.032, 3.870, 4.240, 4.171]","[-5.175, -5.341, -4.820, -5.208, -5.171, -5.541]"
424,3,-0.5084,0.8845,0.288,266,752,15,80,0.429,55,0.47,12690,1193.25,0,0,38.000(47.500%)(1.929m),74.000(65.294%)(5.786m),113.333(100.000%)(10.000m),65.000(57.353%)(4.821m),25.000(31.250%)(0.536m),11.000(27.500%)(0.107m),18.000(45.000%)(0.857m),3662.656,9259.844,65.5,1.2573,"[2.247, 2.437, 2.248, 2.409, 2.901, 2.446]","[3.606, 3.995, 3.670, 3.815, 4.254, 3.817]","[-1.516, -2.615, -3.921, -0.260, -0.596, -2.996]"
425,3,3.9795,0.9549,0.266,463,1361,7,86,0.428,75,0.47,12737,2168.31,0,0,25.951(32.439%)(0.638m),52.539(46.358%)(3.486m),59.000(52.059%)(4.179m),40.000(35.294%)(2.143m),23.000(28.750%)(0.321m),18.367(45.919%)(0.897m),11.000(27.500%)(0.107m),414.337,7347.468,68.0,1.3770,"[2.158, 2.215, 1.937, 2.275, 2.521, 2.065]","[3.756, 4.003, 3.713, 3.938, 4.383, 3.836]","[-1.658, -0.872, -1.875, -2.761, -1.039, -2.049]"
426,3,6.1818,0.9802,0.284,1073,3058,94,212,0.427,95,0.47,12845,4951.27,0,0,17.779(22.224%)(0.000m),37.265(32.881%)(1.850m),63.000(55.588%)(4.607m),38.000(33.530%)(1.929m),15.000(18.750%)(0.000m),12.556(31.389%)(0.274m),11.000(27.500%)(0.107m),467.016,7303.158,66.0,1.3977,"[1.510, 1.627, 1.314, 1.606, 1.907, 1.378]","[3.895, 4.367, 4.078, 3.996, 4.588, 4.096]","[-5.465, -4.666, -3.799, -3.886, -3.132, -3.089]"
427,3,3.2622,1.1546,0.290,488,1334,16,10,0.426,70,0.47,12894,2176.27,0,0,39.000(48.750%)(2.036m),67.000(59.118%)(5.036m),34.468(30.413%)(1.550m),17.842(15.743%)(0.000m),10.890(13.613%)(0.000m),28.000(70.000%)(1.929m),10.890(27.226%)(0.095m),1479.498,9949.020,63.3,1.3420,"[2.130, 2.570, 2.648, 2.142, 2.834, 2.747]","[3.886, 4.169, 4.018, 3.924, 4.432, 4.132]","[-5.308, -5.004, -5.346, -6.180, -5.682, -6.899]"
428,3,0.4231,1.0773,0.299,424,1186,18,67,0.425,70,0.47,12937,1930.90,0,0,30.000(37.500%)(1.071m),37.036(32.679%)(1.825m),17.746(15.658%)(0.000m),12.216(10.779%)(0.000m),8.986(11.232%)(0.000m),17.000(42.500%)(0.750m),12.451(31.127%)(0.263m),2107.021,8113.677,64.7,1.3133,"[2.435, 2.444, 2.309, 2.467, 2.791, 2.411]","[4.072, 4.406, 4.248, 4.279, 4.667, 4.332]","[-4.903, -5.798, -5.762, -5.866, -5.443, -5.291]"
429,3,2.4608,1.3609,0.287,210,611,6,18,0.424,50,0.47,12958,960.40,0,0,11.000(13.750%)(0.000m),66.000(58.235%)(4.929m),113.333(100.000%)(10.000m),74.000(65.294%)(5.786m),38.000(47.500%)(1.929m),11.000(27.500%)(0.107m),30.000(75.000%)(2.143m),3731.864,10747.228,67.3,1.3140,"[3.014, 2.921, 2.787, 3.174, 3.414, 2.885]","[4.359, 4.526, 4.323, 4.379, 4.779, 4.392]","[-1.297, -4.440, -3.768, -1.889, -2.360, -3.097]"
430,3,-2.1200,1.2542,0.267,252,698,9,23,0.424,55,0.47,12984,1136.12,0,0,12.000(15.000%)(0.000m),81.520(71.929%)(6.591m),113.333(100.000%)(10.000m),59.000(52.059%)(4.179m),37.000(46.250%)(1.821m),10.000(25.000%)(0.000m),33.000(82.500%)(2.464m),3462.849,12698.866,64.1,1.3802,"[2.530, 2.635, 2.647, 2.643, 3.096, 2.828]","[4.167, 4.483, 4.280, 4.306, 4.651, 4.262]","[-1.453, -5.121, -4.212, -2.252, -3.166, -4.208]"
431,3,8.1544,1.4924,0.272,409,1247,7,33,0.423,75,0.46,13025,1838.20,0,0,26.128(32.660%)(0.657m),54.573(48.152%)(3.704m),69.000(60.883%)(5.250m),55.000(48.530%)(3.750m),30.000(37.500%)(1.071m),18.484(46.211%)(0.909m),11.000(27.500%)(0.107m),581.222,6783.039,70.5,1.3764,"[2.266, 2.416, 2.052, 2.420, 2.676, 2.192]","[3.907, 4.135, 4.202, 3.985, 4.397, 4.232]","[-0.848, -0.587, -2.426, -0.671, -0.319, -2.501]"
432,3,4.5926,1.6058,0.316,615,1879,37,118,0.422,90,0.46,13087,2835.58,0,0,29.979(37.474%)(1.069m),52.000(45.882%)(3.429m),83.000(73.236%)(6.750m),52.000(45.882%)(3.429m),14.000(17.500%)(0.000m),11.000(27.500%)(0.107m),10.000(25.000%)(0.000m),898.234,5977.495,70.7,1.4166,"[1.768, 1.867, 1.639, 1.993, 2.283, 1.872]","[3.990, 4.297, 4.042, 4.106, 4.561, 4.121]","[-6.085, -2.786, -3.555, -3.257, -1.521, -2.386]"
433,3,8.0054,1.7091,0.263,1144,3221,45,312,0.421,95,0.46,13202,5140.98,0,0,19.273(24.092%)(0.000m),40.512(35.746%)(2.198m),75.000(66.177%)(5.893m),64.000(56.471%)(4.714m),29.000(36.250%)(0.964m),13.562(33.905%)(0.382m),16.000(40.000%)(0.643m),1524.254,7951.880,65.2,1.3427,"[1.901, 1.867, 1.429, 1.984, 2.192, 1.611]","[4.094, 4.109, 3.841, 4.223, 4.363, 3.955]","[-1.212, -2.745, -5.570, -1.093, -2.544, -5.010]"
434,3,-2.3483,1.6922,0.277,686,1973,118,152,0.420,85,0.46,13271,3092.65,0,0,15.167(18.958%)(0.000m),32.423(28.609%)(1.331m),20.000(17.647%)(0.000m),20.000(17.647%)(0.000m),22.921(28.651%)(0.313m),10.633(26.583%)(0.068m),16.185(40.463%)(0.663m),0.000,6201.407,66.6,1.3477,"[1.460, 1.412, 1.268, 1.577, 1.678, 1.359]","[3.680, 4.193, 3.975, 3.789, 4.462, 3.950]","[-4.098, -6.091, -4.833, -4.651, -5.455, -5.399]"
435,3,5.9495,1.8301,0.254,324,996,30,14,0.419,65,0.46,13304,1510.19,0,0,32.000(40.000%)(1.286m),86.004(75.886%)(7.072m),29.000(25.588%)(0.964m),20.000(17.647%)(0.000m),22.000(27.500%)(0.214m),24.000(60.000%)(1.500m),26.000(65.000%)(1.714m),0.000,5923.983,71.2,1.4018,"[1.715, 1.936, 1.916, 1.651, 2.025, 2.022]","[3.497, 3.845, 3.622, 3.731, 4.167, 3.612]","[-5.429, -6.230, -3.399, -6.697, -5.584, -3.574]"
436,3,5.5035,1.9892,0.267,371,1089,12,0,0.419,70,0.46,13342,1641.11,0,0,10.215(12.769%)(0.000m),15.310(13.509%)(0.000m),25.387(22.400%)(0.577m),60.000(52.941%)(4.286m),38.000(47.500%)(1.929m),11.692(29.230%)(0.181m),24.000(60.000%)(1.500m),1133.520,7763.850,67.9,1.3890,"[2.163, 2.298, 1.957, 2.311, 2.637, 2.219]","[3.580, 3.999, 3.915, 3.799, 4.386, 3.986]","[-5.905, -5.363, -5.855, -6.039, -4.688, -5.362]"
437,3,-0.5550,1.9230,0.269,571,1608,106,115,0.418,80,0.46,13400,2651.33,0,0,24.000(30.000%)(0.429m),48.000(42.353%)(3.000m),87.653(77.341%)(7.249m),34.440(30.389%)(1.547m),16.398(20.497%)(0.000m),14.000(35.000%)(0.429m),11.532(28.830%)(0.164m),2708.145,9659.179,65.2,1.4235,"[0.908, 1.509, 1.626, 1.064, 1.764, 1.716]","[4.002, 4.233, 3.939, 4.160, 4.471, 3.938]","[-5.694, -3.308, -4.226, -6.897, -3.780, -3.138]"
438,3,-1.6888,1.8891,0.284,359,992,54,109,0.417,65,0.46,13436,1711.01,0,0,9.310(11.638%)(0.000m),14.057(12.403%)(0.000m),23.574(20.801%)(0.383m),80.000(70.588%)(6.429m),16.000(20.000%)(0.000m),10.525(26.313%)(0.056m),11.000(27.500%)(0.107m),4045.788,11903.122,63.9,1.5200,"[1.720, 2.003, 1.818, 2.003, 2.347, 1.928]","[4.057, 4.025, 3.882, 4.309, 4.383, 4.037]","[-6.178, -5.437, -5.245, -5.261, -5.097, -5.504]"
439,3,2.6937,2.0257,0.278,418,1279,18,94,0.416,75,0.46,13478,1973.18,0,0,12.440(15.550%)(0.000m),24.971(22.033%)(0.533m),71.617(63.191%)(5.530m),64.000(56.471%)(4.714m),25.000(31.250%)(0.536m),9.956(24.891%)(0.000m),15.000(37.500%)(0.536m),1071.646,7130.942,70.8,1.3813,"[1.642, 1.744, 1.329, 1.925, 2.138, 1.616]","[3.938, 3.936, 3.491, 4.154, 4.244, 3.633]","[-4.237, -4.981, -4.830, -3.888, -4.288, -4.210]"
440,3,1.1091,2.0385,0.260,233,670,5,18,0.415,55,0.45,13502,1057.12,0,0,38.000(47.500%)(1.929m),60.000(52.941%)(4.286m),113.333(100.000%)(10.000m),64.910(57.274%)(4.812m),31.000(38.750%)(1.179m),26.000(65.000%)(1.714m),12.000(30.000%)(0.214m),3479.479,10341.154,66.6,1.4207,"[2.046, 2.500, 2.422, 2.164, 2.764, 2.482]","[3.363, 3.788, 3.735, 3.659, 4.074, 3.815]","[-6.230, -5.484, -3.194, -7.777, -4.959, -3.934]"
441,3,1.9417,1.9700,0.253,1085,3068,63,346,0.414,95,0.45,13611,4831.34,0,0,15.873(19.842%)(0.000m),33.355(29.431%)(1.431m),67.000(59.118%)(5.036m),35.000(30.882%)(1.607m),13.000(16.250%)(0.000m),11.172(27.929%)(0.126m),11.000(27.500%)(0.107m),1104.731,5965.842,65.4,1.3946,"[1.042, 1.266, 1.010, 1.185, 1.589, 1.103]","[3.858, 3.800, 3.546, 3.944, 4.089, 3.678]","[-6.956, -5.934, -5.584, -5.631, -5.056, -5.166]"
442,3,-1.2807,1.9280,0.260,609,1673,60,117,0.414,80,0.45,13672,2806.87,0,0,20.000(25.000%)(0.000m),45.863(40.468%)(2.771m),73.000(64.412%)(5.679m),58.000(51.177%)(4.071m),27.000(33.750%)(0.750m),14.000(35.000%)(0.429m),11.000(27.500%)(0.107m),3273.265,8968.647,63.6,1.4135,"[1.930, 1.972, 1.568, 2.060, 2.266, 1.684]","[4.017, 4.202, 3.926, 4.191, 4.331, 3.970]","[-2.365, -2.564, -3.067, -2.096, -1.869, -2.796]"
443,3,-2.9873,1.7881,0.240,161,408,16,0,0.413,35,0.45,13689,746.56,0,0,69.362(86.703%)(5.289m),34.632(30.558%)(1.568m),17.609(15.538%)(0.000m),12.371(10.916%)(0.000m),9.258(11.572%)(0.000m),40.000(100.000%)(3.214m),13.352(33.379%)(0.359m),2582.297,17546.411,58.7,1.5184,"[1.754, 2.172, 2.182, 1.704, 2.368, 2.147]","[3.947, 4.155, 3.886, 4.044, 4.413, 3.893]","[-4.394, -5.565, -6.536, -5.319, -5.382, -5.892]"
444,3,-0.6908,1.6861,0.235,543,1532,51,134,0.412,80,0.45,13744,2578.00,0,0,10.962(13.703%)(0.000m),19.227(16.965%)(0.000m),43.031(37.969%)(2.468m),50.000(44.118%)(3.214m),23.000(28.750%)(0.321m),10.062(25.154%)(0.007m),18.000(45.000%)(0.857m),1147.785,8359.055,65.3,1.3525,"[1.445, 1.293, 1.049, 1.555, 1.699, 1.158]","[3.352, 3.747, 3.589, 3.576, 4.087, 3.747]","[-4.296, -6.167, -5.931, -3.988, -5.337, -5.538]"
445,3,3.7307,1.8242,0.271,587,1562,62,150,0.411,75,0.45,13803,2746.56,0,0,27.000(33.750%)(0.750m),67.000(59.118%)(5.036m),83.000(73.236%)(6.750m),29.097(25.674%)(0.975m),13.512(16.890%)(0.000m),13.000(32.500%)(0.321m),9.644(24.109%)(0.000m),1896.374,11121.288,61.6,1.3829,"[1.769, 2.220, 1.995, 1.927, 2.443, 2.138]","[3.954, 3.941, 3.817, 4.146, 4.254, 3.793]","[-6.247, -1.364, -2.499, -3.890, -3.137, -1.948]"
446,3,4.9785,1.8371,0.275,494,1431,9,32,0.410,75,0.45,13853,2334.59,0,0,24.160(30.200%)(0.446m),50.376(44.450%)(3.255m),94.000(82.941%)(7.929m),74.000(65.294%)(5.786m),33.000(41.250%)(1.393m),17.121(42.803%)(0.763m),11.000(27.500%)(0.107m),1050.876,8327.486,67.1,1.4233,"[1.983, 1.998, 1.482, 2.046, 2.394, 1.649]","[3.296, 3.815, 3.617, 3.468, 4.111, 3.621]","[-3.087, -2.936, -3.769, -2.839, -2.145, -3.085]"
447,3,-2.2932,1.7545,0.277,375,979,37,109,0.409,60,0.45,13891,1720.78,0,0,32.000(40.000%)(1.286m),59.000(52.059%)(4.179m),111.000(97.941%)(9.750m),30.000(26.471%)(1.071m),14.000(17.500%)(0.000m),11.000(27.500%)(0.107m),10.000(25.000%)(0.000m),6434.672,12929.123,60.4,1.3823,"[1.568, 1.822, 1.735, 1.841, 2.282, 1.942]","[3.450, 3.681, 3.730, 3.593, 4.083, 3.815]","[-4.827, -3.875, -4.742, -3.591, -3.100, -3.818]"
448,3,3.7453,1.8424,0.287,418,1215,13,58,0.409,70,0.45,13933,1908.27,0,0,12.278(15.348%)(0.000m),24.646(21.746%)(0.498m),59.000(52.059%)(4.179m),39.000(34.412%)(2.036m),31.000(38.750%)(1.179m),9.827(24.567%)(0.000m),18.000(45.000%)(0.857m),475.306,7422.869,67.3,1.3790,"[1.863, 2.003, 1.880, 1.972, 2.258, 1.982]","[3.848, 4.008, 3.971, 3.954, 4.185, 3.810]","[-4.709, -5.448, -5.908, -4.662, -5.173, -5.816]"
449,3,0.2991,1.8598,0.266,298,802,11,44,0.408,55,0.45,13963,1386.45,0,0,24.000(30.000%)(0.429m),41.000(36.177%)(2.250m),74.000(65.294%)(5.786m),74.000(65.294%)(5.786m),13.000(16.250%)(0.000m),30.000(75.000%)(2.143m),10.000(25.000%)(0.000m),3435.131,13428.189,62.3,1.3782,"[2.103, 2.208, 1.686, 2.373, 2.535, 1.897]","[3.560, 3.968, 3.810, 3.713, 4.080, 3.820]","[-8.631, -5.004, -3.415, -5.859, -4.299, -3.073]"
450,3,4.1245,1.9382,0.249,374,1126,0,100,0.407,70,0.44,14001,1777.58,0,0,11.000(13.750%)(0.000m),19.000(16.765%)(0.000m),95.000(83.824%)(8.036m),58.000(51.177%)(4.071m),30.000(37.500%)(1.071m),20.000(50.000%)(1.071m),25.265(63.163%)(1.636m),1009.322,7795.292,69.6,1.4342,"[1.589, 1.914, 1.744, 1.811, 2.166, 1.833]","[3.579, 3.913, 3.905, 3.705, 4.159, 3.901]","[-7.907, -7.458, -7.184, -8.077, -7.069, -7.496]"
451,3,-4.8240,1.9438,0.273,327,843,48,34,0.406,55,0.44,14034,1512.00,0,0,11.000(13.750%)(0.000m),18.000(15.882%)(0.000m),35.000(30.882%)(1.607m),35.000(30.882%)(1.607m),23.422(29.277%)(0.367m),40.000(100.000%)(3.214m),16.661(41.653%)(0.714m),660.504,8004.591,59.6,1.5837,"[1.531, 1.721, 1.889, 1.338, 1.849, 1.925]","[3.855, 3.879, 3.659, 4.082, 4.262, 3.823]","[-6.247, -5.016, -7.181, -5.666, -4.908, -5.774]"
452,3,3.3580,1.9572,0.275,252,722,9,24,0.405,55,0.44,14060,1154.19,0,0,34.000(42.500%)(1.500m),66.000(58.235%)(4.929m),113.333(100.000%)(10.000m),83.000(73.236%)(6.750m),42.000(52.500%)(2.357m),13.000(32.500%)(0.321m),29.000(72.500%)(2.036m),3011.728,11112.777,66.3,1.3698,"[2.303, 2.601, 2.387, 2.448, 2.947, 2.514]","[3.919, 4.085, 3.780, 4.006, 4.383, 3.926]","[-1.654, -3.884, -4.652, -1.582, -2.081, -3.667]"
453,3,-3.3036,1.8327,0.256,927,2500,201,161,0.405,90,0.44,14153,4330.08,0,0,15.829(19.786%)(0.000m),22.756(20.079%)(0.295m),23.000(20.294%)(0.321m),20.000(17.647%)(0.000m),14.327(17.909%)(0.000m),12.005(30.012%)(0.215m),10.066(25.166%)(0.007m),0.000,8295.302,62.4,1.5097,"[0.968, 1.317, 0.841, 1.304, 1.516, 1.094]","[4.138, 4.155, 4.060, 4.352, 4.439, 4.025]","[-6.830, -4.887, -6.569, -6.212, -6.238, -6.802]"
454,3,-4.7784,1.6731,0.266,258,658,37,0,0.404,50,0.44,14179,1179.46,0,0,10.593(13.242%)(0.000m),17.677(15.598%)(0.000m),35.425(31.257%)(1.653m),35.000(30.882%)(1.607m),38.000(47.500%)(1.929m),10.337(25.843%)(0.036m),40.000(100.000%)(3.214m),433.416,17014.003,59.0,1.5067,"[2.129, 1.925, 1.683, 2.222, 2.121, 1.749]","[4.166, 4.286, 3.911, 4.279, 4.534, 4.002]","[-5.534, -5.741, -5.771, -5.207, -6.117, -6.241]"
455,3,6.4167,1.7094,0.258,479,1371,63,16,0.403,75,0.44,14227,2097.29,0,0,11.273(14.092%)(0.000m),20.672(18.240%)(0.072m),51.939(45.828%)(3.422m),62.000(54.706%)(4.500m),34.000(42.500%)(1.500m),9.849(24.623%)(0.000m),23.000(57.500%)(1.393m),1760.714,7620.518,66.2,1.3998,"[2.317, 2.333, 1.511, 2.396, 2.575, 1.615]","[3.917, 4.005, 3.684, 4.178, 4.236, 3.749]","[-5.361, -5.986, -6.089, -5.323, -5.582, -5.822]"
456,3,2.5200,1.7344,0.285,620,1690,57,171,0.402,80,0.44,14289,2856.10,0,0,32.088(40.110%)(1.295m),66.370(58.562%)(4.968m),38.000(33.530%)(1.929m),29.000(25.588%)(0.964m),19.000(23.750%)(0.000m),22.989(57.472%)(1.392m),11.000(27.500%)(0.107m),110.103,9060.496,63.1,1.4615,"[1.552, 1.667, 1.685, 1.528, 1.989, 1.783]","[4.087, 4.099, 3.992, 4.343, 4.471, 3.982]","[-3.880, -4.067, -3.930, -4.246, -2.946, -3.754]"
457,3,8.4590,1.7879,0.282,929,2678,21,129,0.401,95,0.44,14382,4309.98,0,0,13.660(17.075%)(0.000m),29.538(26.063%)(1.022m),62.000(54.706%)(4.500m),46.000(40.588%)(2.786m),28.000(35.000%)(0.857m),9.598(23.995%)(0.000m),18.000(45.000%)(0.857m),647.644,8017.346,66.7,1.4094,"[1.963, 1.982, 1.649, 2.101, 2.317, 1.817]","[3.884, 3.907, 3.828, 3.885, 4.224, 3.826]","[-1.167, -4.151, -5.166, -0.818, -3.637, -4.789]"
458,3,5.9650,1.7976,0.283,768,2318,19,103,0.401,95,0.44,14459,3519.68,0,0,10.311(12.888%)(0.000m),15.805(13.945%)(0.000m),27.146(23.952%)(0.766m),47.000(41.471%)(2.893m),29.000(36.250%)(0.964m),11.372(28.430%)(0.147m),19.000(47.500%)(0.964m),1878.496,5276.254,69.9,1.4624,"[1.830, 2.004, 1.751, 1.913, 2.249, 1.910]","[3.799, 4.168, 3.923, 3.929, 4.462, 3.989]","[-6.196, -5.456, -5.135, -6.523, -5.792, -5.206]"
459,3,3.0512,1.8127,0.271,292,795,13,45,0.400,55,0.44,14489,1361.77,0,0,15.000(18.750%)(0.000m),75.000(66.177%)(5.893m),113.333(100.000%)(10.000m),66.000(58.235%)(4.929m),29.000(36.250%)(0.964m),10.000(25.000%)(0.000m),24.000(60.000%)(1.500m),3926.289,12960.870,63.0,1.3640,"[2.851, 2.895, 2.777, 3.007, 3.369, 2.896]","[4.144, 4.198, 4.258, 4.276, 4.467, 4.257]","[-1.026, -4.653, -4.093, -1.343, -2.677, -3.594]"
460,3,-6.6739,1.5787,0.271,89,215,21,0,0.399,25,0.43,14498,401.33,0,0,78.639(98.299%)(6.283m),113.000(99.706%)(9.964m),32.129(28.349%)(1.300m),16.917(14.927%)(0.000m),10.418(13.023%)(0.000m),40.000(100.000%)(3.214m),10.546(26.366%)(0.059m),6266.830,20963.009,55.9,1.3377,"[-0.357, 0.705, 1.348, -0.454, 0.927, 1.410]","[3.804, 4.079, 4.090, 4.006, 4.483, 4.171]","[-5.979, -5.062, -5.536, -6.449, -5.761, -5.554]"
461,3,4.2010,1.5484,0.276,966,2832,22,190,0.398,95,0.43,14595,4248.57,0,0,11.991(14.988%)(0.000m),23.410(20.656%)(0.365m),52.000(45.882%)(3.429m),40.000(35.294%)(2.143m),24.000(30.000%)(0.429m),9.842(24.606%)(0.000m),17.000(42.500%)(0.750m),258.808,7196.364,67.8,1.3943,"[1.707, 1.783, 1.415, 1.794, 2.084, 1.525]","[3.744, 4.332, 3.943, 3.896, 4.522, 4.182]","[-5.241, -5.603, -5.501, -4.998, -5.049, -5.331]"
462,3,6.1084,1.6865,0.267,940,2725,51,118,0.397,95,0.43,14689,4286.92,0,0,11.244(14.055%)(0.000m),20.381(17.984%)(0.041m),49.603(43.768%)(3.172m),44.605(39.357%)(2.636m),21.485(26.856%)(0.159m),9.946(24.865%)(0.000m),15.152(37.881%)(0.552m),1098.236,5783.118,67.1,1.3825,"[1.584, 1.893, 1.792, 1.665, 2.127, 1.812]","[4.005, 4.226, 3.911, 4.229, 4.572, 3.957]","[-5.011, -5.327, -5.626, -5.228, -4.975, -5.409]"
463,3,4.3178,1.8881,0.270,372,1087,15,37,0.397,70,0.43,14727,1802.76,0,0,9.800(12.250%)(0.000m),15.022(13.255%)(0.000m),25.802(22.767%)(0.622m),65.000(57.353%)(4.821m),38.000(47.500%)(1.929m),10.809(27.023%)(0.087m),24.000(60.000%)(1.500m),1214.524,8473.722,67.6,1.5165,"[2.298, 2.277, 1.764, 2.341, 2.600, 1.931]","[3.956, 4.123, 3.879, 3.937, 4.454, 4.084]","[-5.428, -5.473, -5.368, -5.821, -5.221, -5.112]"
464,3,3.2828,1.8521,0.267,503,1462,20,50,0.396,80,0.43,14778,2514.07,0,0,22.612(28.265%)(0.280m),47.155(41.607%)(2.909m),113.333(100.000%)(10.000m),50.000(44.118%)(3.214m),27.000(33.750%)(0.750m),16.009(40.024%)(0.644m),20.000(50.000%)(1.071m),1873.206,8170.249,67.3,1.5294,"[1.593, 1.539, 1.093, 1.749, 1.979, 1.283]","[3.673, 4.010, 3.860, 3.844, 4.273, 3.960]","[-2.755, -3.568, -4.919, -2.655, -2.820, -4.628]"
465,3,-0.5104,1.8965,0.260,419,1192,38,75,0.395,70,0.43,14820,2016.37,0,0,17.000(21.250%)(0.000m),65.000(57.353%)(4.821m),69.344(61.186%)(5.287m),25.483(22.485%)(0.587m),12.512(15.640%)(0.000m),11.000(27.500%)(0.107m),9.888(24.719%)(0.000m),1129.747,7805.256,65.9,1.4486,"[1.435, 1.704, 1.815, 1.345, 1.939, 1.914]","[3.739, 4.089, 3.974, 3.880, 4.397, 3.960]","[-6.510, -6.142, -5.756, -7.123, -6.265, -5.731]"
466,3,3.6899,1.9489,0.270,723,1938,160,128,0.394,80,0.43,14893,3260.53,0,0,22.000(27.500%)(0.214m),44.000(38.824%)(2.571m),69.000(60.883%)(5.250m),33.499(29.558%)(1.446m),15.741(19.676%)(0.000m),15.000(37.500%)(0.536m),11.054(27.635%)(0.113m),1386.308,8957.408,62.0,1.4145,"[1.505, 2.127, 2.031, 1.531, 2.325, 2.029]","[4.016, 4.149, 3.967, 4.063, 4.429, 4.022]","[-3.967, -4.087, -3.842, -5.808, -3.791, -3.972]"
467,3,1.4098,1.9998,0.280,459,1272,39,59,0.393,70,0.43,14939,2080.26,0,0,35.000(43.750%)(1.607m),60.000(52.941%)(4.286m),23.879(21.070%)(0.416m),14.239(12.564%)(0.000m),9.431(11.788%)(0.000m),27.000(67.500%)(1.821m),10.662(26.654%)(0.071m),1297.900,11296.426,64.1,1.4300,"[2.227, 2.415, 2.220, 2.320, 2.717, 2.323]","[4.286, 4.402, 4.222, 4.474, 4.674, 4.341]","[-5.332, -4.567, -5.703, -6.261, -5.555, -6.385]"
468,3,1.1547,1.9259,0.285,340,924,0,34,0.393,60,0.43,14973,1561.75,0,0,37.000(46.250%)(1.821m),64.000(56.471%)(4.714m),98.000(86.471%)(8.357m),76.000(67.059%)(6.000m),30.000(37.500%)(1.071m),17.000(42.500%)(0.750m),22.000(55.000%)(1.286m),2526.891,14003.680,62.9,1.4811,"[2.690, 2.745, 2.476, 2.782, 3.114, 2.656]","[4.239, 4.409, 4.120, 4.444, 4.638, 4.098]","[-0.244, -1.056, -1.853, -0.409, -0.462, -1.245]"
469,3,1.2694,1.9278,0.272,242,703,9,43,0.392,55,0.43,14998,1116.88,0,0,29.000(36.250%)(0.964m),61.000(53.824%)(4.393m),113.333(100.000%)(10.000m),80.000(70.588%)(6.429m),35.000(43.750%)(1.607m),13.000(32.500%)(0.321m),29.000(72.500%)(2.036m),3083.913,9307.950,67.2,1.5004,"[2.605, 2.598, 2.113, 2.673, 2.842, 2.186]","[4.000, 4.421, 4.131, 4.128, 4.702, 4.234]","[-1.750, -2.997, -3.792, -2.177, -2.199, -3.062]"
470,3,0.2085,1.8843,0.279,493,1389,20,84,0.391,75,0.43,15048,2218.06,0,0,11.635(14.543%)(0.000m),21.089(18.608%)(0.117m),51.326(45.287%)(3.356m),49.000(43.235%)(3.107m),29.000(36.250%)(0.964m),10.291(25.728%)(0.031m),23.000(57.500%)(1.393m),1458.794,8817.173,65.2,1.4226,"[1.792, 1.860, 1.566, 1.748, 2.092, 1.629]","[4.006, 4.223, 4.053, 4.235, 4.446, 4.028]","[-5.630, -5.514, -5.757, -5.730, -5.176, -5.699]"
471,3,-2.1097,1.7927,0.275,536,1532,28,67,0.390,80,0.42,15102,2318.18,0,0,32.000(40.000%)(1.286m),55.000(48.530%)(3.750m),65.000(57.353%)(4.821m),45.410(40.068%)(2.722m),21.771(27.214%)(0.190m),16.000(40.000%)(0.643m),15.412(38.529%)(0.580m),776.694,6583.001,66.2,1.3863,"[1.266, 1.738, 1.581, 1.291, 1.900, 1.589]","[4.131, 4.345, 4.137, 4.334, 4.518, 4.188]","[-2.849, -1.903, -1.960, -4.039, -0.707, -2.042]"
472,3,-5.3564,1.5735,0.292,251,690,6,45,0.389,55,0.42,15128,1195.45,0,0,22.000(27.500%)(0.214m),30.000(26.471%)(1.071m),76.000(67.059%)(6.000m),18.000(15.882%)(0.000m),11.000(13.750%)(0.000m),33.000(82.500%)(2.464m),11.000(27.500%)(0.107m),217.750,12327.377,63.6,1.4747,"[1.914, 1.935, 1.518, 1.929, 2.179, 1.597]","[3.968, 4.411, 4.499, 3.971, 4.815, 4.460]","[-4.705, -5.372, -5.330, -5.848, -4.447, -4.893]"
473,3,8.1850,1.8541,0.282,761,2281,24,129,0.389,95,0.42,15205,3492.44,0,0,9.821(12.277%)(0.000m),14.829(13.084%)(0.000m),24.868(21.943%)(0.522m),50.000(44.118%)(3.214m),25.000(31.250%)(0.536m),11.103(27.758%)(0.118m),16.000(40.000%)(0.643m),634.007,6800.369,69.4,1.3986,"[2.033, 2.120, 1.674, 2.076, 2.386, 1.792]","[4.185, 4.296, 4.146, 4.160, 4.646, 4.262]","[-6.395, -5.832, -5.640, -6.920, -5.794, -5.604]"
474,3,0.1651,1.8675,0.301,216,612,4,26,0.388,50,0.42,15227,977.72,0,0,28.000(35.000%)(0.857m),48.000(42.353%)(3.000m),94.000(82.941%)(7.929m),19.000(16.765%)(0.000m),11.000(13.750%)(0.000m),33.000(82.500%)(2.464m),10.000(25.000%)(0.000m),3684.639,10574.377,65.6,1.3785,"[1.939, 2.145, 2.089, 2.007, 2.495, 2.003]","[3.849, 4.271, 4.131, 4.090, 4.550, 4.196]","[-6.765, -7.597, -4.755, -8.039, -6.006, -7.125]"
475,3,4.1476,1.8709,0.280,319,947,12,53,0.387,65,0.42,15259,1440.05,0,0,29.000(36.250%)(0.964m),67.000(59.118%)(5.036m),71.618(63.193%)(5.530m),25.575(22.567%)(0.597m),12.558(15.697%)(0.000m),20.000(50.000%)(1.071m),9.923(24.808%)(0.000m),2262.206,9522.759,68.7,1.2954,"[1.730, 2.024, 2.100, 1.831, 2.418, 2.121]","[4.244, 4.480, 4.218, 4.363, 4.756, 4.411]","[-6.669, -6.590, -3.566, -7.261, -4.693, -5.360]"
476,3,0.2025,1.7513,0.274,231,611,0,11,0.386,50,0.42,15283,1015.35,0,0,25.000(31.250%)(0.536m),23.000(20.294%)(0.321m),65.000(57.353%)(4.821m),93.000(82.059%)(7.821m),57.000(71.250%)(3.964m),34.238(85.596%)(2.597m),40.000(100.000%)(3.214m),0.000,15894.882,61.2,1.2200,"[2.757, 2.641, 2.074, 2.812, 2.875, 2.104]","[4.404, 4.558, 4.168, 4.656, 4.800, 4.281]","[-4.911, -5.388, -5.672, -7.002, -4.802, -5.740]"
477,3,3.3861,1.7538,0.273,724,1941,98,14,0.386,80,0.42,15356,3217.00,0,0,15.919(19.899%)(0.000m),33.862(29.879%)(1.485m),76.000(67.059%)(6.000m),49.000(43.235%)(3.107m),32.000(40.000%)(1.286m),11.171(27.927%)(0.125m),24.000(60.000%)(1.500m),1476.179,10714.303,62.0,1.3330,"[1.894, 1.865, 1.305, 1.896, 2.174, 1.431]","[4.149, 4.185, 3.996, 4.201, 4.629, 4.135]","[-2.553, -4.038, -5.556, -2.339, -3.835, -5.206]"
478,3,3.6839,1.8190,0.300,237,629,8,14,0.385,50,0.42,15380,1094.55,0,0,42.000(52.500%)(2.357m),85.000(75.000%)(6.964m),26.000(22.941%)(0.643m),17.000(15.000%)(0.000m),27.000(33.750%)(0.750m),40.000(100.000%)(3.214m),40.000(100.000%)(3.214m),5032.020,15623.737,61.4,1.3932,"[2.659, 3.026, 2.739, 2.686, 3.273, 2.811]","[3.762, 4.244, 4.147, 3.921, 4.571, 4.199]","[-4.427, -4.954, -9.082, -5.229, -5.322, -8.588]"
479,3,7.0188,1.9102,0.260,718,2084,7,67,0.384,90,0.42,15452,3479.18,0,0,32.000(40.000%)(1.286m),65.000(57.353%)(4.821m),89.000(78.530%)(7.393m),56.065(49.469%)(3.864m),12.000(15.000%)(0.000m),18.000(45.000%)(0.857m),10.000(25.000%)(0.000m),1884.494,8031.921,67.2,1.4489,"[1.838, 2.261, 2.108, 1.987, 2.536, 2.250]","[4.042, 4.294, 4.155, 4.065, 4.528, 4.114]","[-8.129, -5.662, -4.378, -7.216, -4.944, -4.797]"
480,3,2.2051,1.9967,0.278,300,809,7,43,0.383,55,0.42,15482,1408.60,0,0,28.000(35.000%)(0.857m),52.000(45.882%)(3.429m),113.333(100.000%)(10.000m),67.085(59.193%)(5.045m),11.000(13.750%)(0.000m),28.000(70.000%)(1.929m),11.000(27.500%)(0.107m),4166.625,12102.694,62.4,1.3973,"[2.327, 2.531, 2.389, 2.474, 2.955, 2.546]","[3.816, 4.304, 4.164, 3.956, 4.603, 4.184]","[-6.461, -5.007, -3.856, -6.366, -4.257, -4.439]"
481,3,-5.3794,1.7260,0.305,87,210,13,0,0.383,25,0.42,15491,360.80,0,0,77.786(97.233%)(6.191m),113.333(100.000%)(10.000m),61.593(54.347%)(4.456m),23.809(21.008%)(0.408m),12.029(15.037%)(0.000m),40.000(100.000%)(3.214m),9.750(24.376%)(0.000m),6373.433,20745.348,56.0,1.3634,"[-1.030, -0.249, 0.946, -1.124, 0.012, 0.959]","[3.830, 4.373, 4.393, 4.111, 4.781, 4.470]","[-5.461, -4.759, -4.261, -6.408, -5.571, -3.806]"
482,3,2.5330,1.6848,0.273,361,1062,13,2,0.382,70,0.41,15528,1683.81,0,0,32.000(40.000%)(1.286m),63.000(55.588%)(4.607m),25.313(22.335%)(0.569m),15.266(13.470%)(0.000m),10.185(12.732%)(0.000m),26.000(65.000%)(1.714m),11.658(29.145%)(0.178m),979.010,7881.582,68.1,1.4644,"[1.806, 2.230, 2.185, 1.808, 2.384, 2.225]","[4.250, 4.429, 4.156, 4.232, 4.721, 4.178]","[-6.455, -5.308, -5.453, -6.774, -5.676, -6.840]"
483,3,3.1464,1.5876,0.293,504,1447,10,53,0.381,75,0.41,15579,2341.79,0,0,26.000(32.500%)(0.643m),55.000(48.530%)(3.750m),81.000(71.471%)(6.536m),49.635(43.796%)(3.175m),23.778(29.723%)(0.405m),11.000(27.500%)(0.107m),16.834(42.086%)(0.732m),730.274,9600.164,66.4,1.4059,"[1.708, 2.116, 1.982, 1.844, 2.449, 2.071]","[3.982, 4.330, 4.251, 4.194, 4.515, 4.275]","[-4.209, -4.726, -5.211, -5.628, -3.420, -4.832]"
484,3,4.1343,1.7173,0.287,445,1288,16,59,0.380,75,0.41,15624,2035.38,0,0,12.484(15.605%)(0.000m),25.810(22.774%)(0.623m),79.661(70.289%)(6.392m),59.000(52.059%)(4.179m),26.000(32.500%)(0.643m),9.740(24.351%)(0.000m),19.000(47.500%)(0.964m),954.834,9461.566,67.0,1.4327,"[2.252, 2.204, 1.668, 2.315, 2.441, 1.777]","[4.069, 4.184, 3.875, 4.236, 4.446, 3.920]","[-3.429, -5.493, -5.425, -3.414, -5.175, -4.729]"
485,3,5.8667,1.7156,0.283,517,1485,69,62,0.379,80,0.41,15676,2370.56,0,0,13.728(17.159%)(0.000m),29.904(26.386%)(1.061m),81.927(72.289%)(6.635m),58.000(51.177%)(4.071m),33.000(41.250%)(1.393m),9.605(24.013%)(0.000m),13.000(32.500%)(0.321m),866.471,8183.793,66.5,1.3840,"[1.842, 1.565, 0.950, 1.938, 1.909, 1.141]","[4.094, 4.372, 3.797, 4.322, 4.654, 3.837]","[-5.076, -5.557, -5.538, -4.567, -5.540, -4.808]"
486,3,4.5242,1.6960,0.258,219,662,1,23,0.379,55,0.41,15698,1008.64,0,0,32.000(40.000%)(1.286m),66.000(58.235%)(4.929m),113.333(100.000%)(10.000m),74.000(65.294%)(5.786m),37.000(46.250%)(1.821m),23.000(57.500%)(1.393m),16.000(40.000%)(0.643m),2495.033,8053.094,70.0,1.3792,"[2.233, 2.772, 2.651, 2.558, 3.118, 2.778]","[3.607, 4.007, 3.704, 3.709, 4.343, 3.790]","[-5.896, -3.178, -1.236, -4.094, -2.664, -0.452]"
487,3,7.0648,1.8484,0.269,499,1484,71,34,0.378,80,0.41,15748,2259.82,0,0,13.663(17.079%)(0.000m),29.924(26.403%)(1.063m),97.000(85.588%)(8.250m),74.000(65.294%)(5.786m),31.000(38.750%)(1.179m),9.580(23.950%)(0.000m),20.000(50.000%)(1.071m),1372.918,9323.739,68.8,1.4117,"[2.221, 2.240, 1.374, 2.390, 2.548, 1.699]","[4.174, 4.145, 4.144, 4.312, 4.503, 4.241]","[-2.077, -4.896, -5.730, -2.025, -4.454, -4.649]"
488,3,1.5237,1.9127,0.292,189,521,10,10,0.377,45,0.41,15767,879.29,0,0,39.718(49.647%)(2.113m),22.000(19.412%)(0.214m),26.000(22.941%)(0.643m),81.000(71.471%)(6.536m),48.000(60.000%)(3.000m),39.718(99.294%)(3.184m),40.000(100.000%)(3.214m),0.000,12785.013,63.9,1.4061,"[2.475, 2.810, 2.652, 2.602, 3.113, 2.687]","[4.002, 4.179, 4.144, 4.195, 4.409, 4.261]","[-5.136, -5.862, -5.625, -5.391, -5.528, -5.558]"
489,3,2.1313,1.9014,0.308,232,673,12,37,0.376,55,0.41,15791,1093.29,0,0,36.000(45.000%)(1.714m),73.000(64.412%)(5.679m),113.333(100.000%)(10.000m),66.000(58.235%)(4.929m),23.000(28.750%)(0.321m),28.000(70.000%)(1.929m),10.000(25.000%)(0.000m),2872.845,8951.653,67.2,1.4044,"[1.918, 2.663, 2.804, 2.315, 3.041, 2.964]","[3.694, 4.177, 3.995, 3.846, 4.476, 4.093]","[-6.870, -4.436, -2.247, -5.522, -3.784, -1.782]"
490,3,0.7477,1.8942,0.303,207,560,0,12,0.376,45,0.41,15812,941.19,0,0,54.000(67.500%)(3.643m),71.000(62.647%)(5.464m),113.333(100.000%)(10.000m),27.000(23.824%)(0.750m),26.000(32.500%)(0.643m),40.000(100.000%)(3.214m),35.353(88.383%)(2.716m),0.000,14731.958,62.6,1.3735,"[2.210, 2.644, 2.778, 2.129, 2.831, 2.750]","[4.247, 4.361, 4.244, 4.285, 4.543, 4.346]","[-5.581, -5.082, -5.368, -6.820, -5.009, -6.598]"
491,3,1.6943,1.8893,0.278,222,639,5,32,0.375,50,0.41,15835,972.24,0,0,11.000(13.750%)(0.000m),69.972(61.740%)(5.354m),113.333(100.000%)(10.000m),59.000(52.059%)(4.179m),30.000(37.500%)(1.071m),11.000(27.500%)(0.107m),25.000(62.500%)(1.607m),3245.810,10894.378,66.6,1.3275,"[2.436, 2.909, 2.898, 2.521, 3.166, 3.054]","[3.862, 4.291, 4.070, 4.063, 4.552, 4.136]","[-1.744, -4.861, -4.425, -2.091, -3.294, -2.808]"
492,3,3.8542,1.9920,0.275,513,1504,97,51,0.374,80,0.41,15887,2276.44,0,0,24.000(30.000%)(0.429m),42.000(37.059%)(2.357m),108.468(95.708%)(9.479m),27.641(24.389%)(0.819m),12.968(16.211%)(0.000m),22.000(55.000%)(1.286m),9.734(24.336%)(0.000m),642.564,5750.452,67.8,1.3506,"[0.884, 1.773, 1.736, 0.898, 1.874, 1.685]","[3.719, 4.282, 4.048, 3.892, 4.507, 4.159]","[-6.489, -2.227, -2.213, -5.534, -3.894, -2.450]"
493,3,4.5627,2.1430,0.275,389,1143,15,21,0.373,70,0.41,15926,1746.59,0,0,36.000(45.000%)(1.714m),53.000(46.765%)(3.536m),34.075(30.066%)(1.508m),17.638(15.563%)(0.000m),10.766(13.458%)(0.000m),22.000(55.000%)(1.286m),10.766(26.916%)(0.082m),881.808,7343.467,68.0,1.3437,"[2.041, 2.290, 2.048, 2.036, 2.516, 2.136]","[4.065, 4.201, 3.951, 4.214, 4.521, 4.154]","[-6.893, -5.765, -4.889, -6.632, -5.501, -6.529]"
494,3,6.3239,2.2833,0.281,754,2117,141,74,0.373,85,0.40,16002,3406.73,0,0,15.906(19.883%)(0.000m),34.274(30.242%)(1.529m),21.000(18.529%)(0.107m),24.000(21.177%)(0.429m),30.000(37.500%)(1.071m),11.142(27.855%)(0.122m),22.000(55.000%)(1.286m),0.000,7166.137,65.0,1.4495,"[1.776, 1.853, 1.074, 1.756, 2.093, 1.287]","[3.858, 4.087, 3.659, 4.083, 4.409, 3.727]","[-5.026, -4.922, -6.927, -5.277, -5.131, -7.244]"
495,3,3.1440,2.2715,0.278,541,1600,84,42,0.372,80,0.40,16057,2523.23,0,0,25.000(31.250%)(0.536m),53.000(46.765%)(3.536m),71.000(62.647%)(5.464m),26.288(23.196%)(0.674m),12.715(15.894%)(0.000m),18.000(45.000%)(0.857m),9.921(24.801%)(0.000m),660.471,5592.441,68.5,1.4928,"[0.948, 1.577, 1.689, 0.961, 1.689, 1.690]","[3.751, 4.230, 4.041, 3.958, 4.395, 4.073]","[-5.638, -4.673, -4.405, -5.408, -5.557, -3.360]"
496,3,-7.7003,2.0179,0.293,325,824,150,49,0.371,55,0.40,16090,1496.77,0,0,17.028(21.285%)(0.000m),29.000(25.588%)(0.964m),21.000(18.529%)(0.107m),24.000(21.177%)(0.429m),35.775(44.719%)(1.690m),12.009(30.023%)(0.215m),38.031(95.078%)(3.003m),0.000,10712.314,58.6,1.3859,"[1.333, 0.949, 0.331, 1.198, 0.980, 0.129]","[4.021, 4.331, 4.194, 3.986, 4.629, 4.293]","[-5.007, -5.839, -6.865, -5.640, -5.337, -6.501]"
497,3,-6.4404,1.9350,0.267,231,613,84,42,0.370,50,0.40,16114,1034.42,0,0,22.000(27.500%)(0.214m),22.000(19.412%)(0.214m),24.000(21.177%)(0.429m),31.000(27.353%)(1.179m),52.000(65.000%)(3.429m),16.003(40.006%)(0.643m),40.000(100.000%)(3.214m),0.000,8738.701,61.4,1.4689,"[1.350, 0.882, 0.451, 0.988, 0.761, 0.134]","[3.838, 4.167, 4.158, 3.827, 4.498, 4.237]","[-2.918, -3.648, -4.700, -3.317, -4.435, -5.241]"
498,3,4.9151,1.9584,0.293,329,1007,40,45,0.370,65,0.40,16147,1520.05,0,0,28.000(35.000%)(0.857m),20.000(17.647%)(0.000m),19.000(16.765%)(0.000m),21.000(18.529%)(0.107m),35.000(43.750%)(1.607m),20.000(50.000%)(1.071m),25.000(62.500%)(1.607m),0.000,5896.783,70.8,1.5193,"[1.525, 1.815, 1.921, 1.375, 1.900, 1.874]","[3.508, 4.094, 3.951, 3.808, 4.471, 3.988]","[-3.917, -6.170, -4.898, -6.044, -5.271, -6.856]"
499,3,1.6812,1.9860,0.292,718,2111,14,171,0.369,90,0.40,16219,3263.04,0,0,23.000(28.750%)(0.321m),47.000(41.471%)(2.893m),90.000(79.412%)(7.500m),54.913(48.453%)(3.741m),26.000(32.500%)(0.643m),14.000(35.000%)(0.429m),18.700(46.750%)(0.932m),946.016,7100.029,68.0,1.3619,"[1.523, 1.833, 1.620, 1.609, 2.070, 1.753]","[3.943, 4.107, 3.996, 4.156, 4.390, 4.030]","[-4.195, -4.089, -4.789, -3.679, -2.914, -3.571]"
500,3,4.9885,2.0033,0.274,857,2597,66,248,0.368,95,0.40,16305,3884.50,0,0,11.901(14.877%)(0.000m),22.354(19.724%)(0.252m),60.305(53.210%)(4.318m),40.000(35.294%)(2.143m),25.000(31.250%)(0.536m),10.143(25.357%)(0.015m),16.000(40.000%)(0.643m),986.363,5960.250,70.1,1.3475,"[1.550, 1.604, 1.158, 1.583, 1.871, 1.339]","[4.186, 4.306, 4.140, 4.160, 4.496, 4.304]","[-5.235, -5.393, -5.430, -4.932, -5.056, -5.119]"
501,3,2.5800,2.1514,0.283,553,1492,32,34,0.368,75,0.40,16361,2532.49,0,0,36.000(45.000%)(1.714m),58.000(51.177%)(4.071m),70.000(61.765%)(5.357m),27.626(24.376%)(0.817m),12.935(16.169%)(0.000m),24.000(60.000%)(1.500m),9.709(24.273%)(0.000m),1592.855,9699.158,62.4,1.4642,"[2.171, 2.802, 2.659, 2.372, 3.001, 2.854]","[4.127, 4.380, 4.359, 4.312, 4.593, 4.291]","[-7.288, -1.750, -3.271, -4.594, -3.617, 0.716]"
502,3,5.9620,2.2035,0.312,497,1351,13,0,0.367,75,0.40,16411,2264.08,0,0,12.352(15.440%)(0.000m),24.448(21.571%)(0.477m),62.435(55.090%)(4.547m),52.000(45.882%)(3.429m),39.000(48.750%)(2.036m),10.012(25.030%)(0.001m),27.000(67.500%)(1.821m),1720.361,12976.111,62.9,1.3692,"[2.624, 2.631, 2.353, 2.728, 2.953, 2.557]","[3.983, 4.312, 4.031, 4.042, 4.564, 4.160]","[-3.790, -6.092, -5.725, -4.085, -5.938, -5.624]"
503,3,2.5201,2.3200,0.263,426,1208,18,47,0.366,70,0.40,16454,1977.22,0,0,27.000(33.750%)(0.750m),54.000(47.647%)(3.643m),77.129(68.056%)(6.121m),25.825(22.787%)(0.624m),12.492(15.614%)(0.000m),19.000(47.500%)(0.964m),9.746(24.365%)(0.000m),1376.221,10182.514,65.6,1.5254,"[1.749, 2.221, 2.130, 1.775, 2.419, 2.305]","[3.872, 4.097, 4.101, 4.151, 4.351, 4.252]","[-8.163, -5.298, -4.792, -6.323, -5.872, -2.600]"
504,3,1.0603,2.4367,0.258,592,1696,40,186,0.365,80,0.40,16514,2624.49,0,0,12.749(15.936%)(0.000m),27.202(24.002%)(0.772m),69.000(60.883%)(5.250m),41.000(36.177%)(2.250m),22.000(27.500%)(0.214m),9.694(24.235%)(0.000m),15.000(37.500%)(0.536m),726.502,9845.057,66.3,1.3139,"[1.618, 1.782, 1.538, 1.823, 2.137, 1.807]","[4.320, 4.323, 4.185, 4.452, 4.607, 4.186]","[-3.737, -5.133, -4.863, -3.809, -4.319, -4.040]"
505,3,7.3419,2.4552,0.290,526,1436,18,59,0.365,75,0.40,16567,2385.43,0,0,13.335(16.669%)(0.000m),28.879(25.482%)(0.951m),64.000(56.471%)(4.714m),50.000(44.118%)(3.214m),39.000(48.750%)(2.036m),9.624(24.059%)(0.000m),31.000(77.500%)(2.250m),2030.903,8993.942,63.2,1.4056,"[2.542, 2.383, 1.823, 2.532, 2.663, 2.080]","[4.259, 4.375, 4.054, 4.274, 4.630, 4.096]","[-2.919, -5.331, -6.873, -3.893, -5.717, -5.989]"
506,3,6.3832,2.5325,0.278,429,1223,26,36,0.364,70,0.40,16610,1913.82,0,0,11.473(14.342%)(0.000m),21.038(18.563%)(0.111m),52.860(46.641%)(3.521m),49.000(43.235%)(3.107m),32.000(40.000%)(1.286m),10.024(25.060%)(0.003m),24.000(60.000%)(1.500m),1491.715,9558.442,66.0,1.3030,"[2.307, 2.235, 1.753, 2.360, 2.466, 1.944]","[4.006, 4.267, 4.257, 4.249, 4.680, 4.257]","[-6.422, -5.713, -6.898, -7.207, -5.825, -6.921]"
507,3,2.9688,2.4227,0.293,594,1649,40,40,0.363,80,0.39,16670,2647.72,0,0,22.998(28.747%)(0.321m),48.077(42.421%)(3.008m),57.000(50.294%)(3.964m),42.000(37.059%)(2.357m),31.000(38.750%)(1.179m),16.271(40.677%)(0.672m),12.000(30.000%)(0.214m),912.277,7946.705,64.2,1.3839,"[2.257, 2.250, 1.824, 2.320, 2.572, 2.012]","[4.244, 4.551, 4.220, 4.323, 4.827, 4.267]","[-3.825, -3.804, -3.761, -3.405, -3.086, -3.401]"
508,3,1.9820,2.3430,0.295,732,1891,109,94,0.362,80,0.39,16744,3524.84,0,0,11.780(14.725%)(0.000m),21.858(19.286%)(0.199m),55.611(49.069%)(3.815m),49.000(43.235%)(3.107m),17.000(21.250%)(0.000m),10.165(25.412%)(0.018m),12.000(30.000%)(0.214m),2663.196,10976.529,59.8,1.5622,"[2.085, 2.337, 1.925, 2.194, 2.611, 2.154]","[4.235, 4.337, 4.596, 4.346, 4.717, 4.608]","[-5.208, -6.158, -5.689, -5.082, -6.383, -5.702]"
509,3,7.4383,2.4308,0.275,493,1349,17,12,0.362,75,0.39,16794,2277.12,0,0,10.596(13.244%)(0.000m),16.910(14.921%)(0.000m),31.109(27.449%)(1.190m),50.000(44.118%)(3.214m),32.000(40.000%)(1.286m),10.991(27.478%)(0.106m),23.000(57.500%)(1.393m),1541.845,6855.568,63.3,1.4848,"[2.451, 2.733, 2.575, 2.500, 2.951, 2.627]","[4.207, 4.412, 4.091, 4.174, 4.676, 4.144]","[-6.124, -6.165, -6.127, -6.427, -6.213, -5.613]"
510,3,1.0823,2.5859,0.286,447,1269,4,21,0.361,70,0.39,16839,2036.93,0,0,31.000(38.750%)(1.179m),21.000(18.529%)(0.107m),39.000(34.412%)(2.036m),51.000(45.000%)(3.321m),32.513(40.641%)(1.341m),28.000(70.000%)(1.929m),21.000(52.500%)(1.179m),1038.760,6912.082,65.7,1.3943,"[1.982, 2.357, 2.316, 1.941, 2.499, 2.368]","[3.945, 4.344, 4.146, 4.081, 4.614, 4.149]","[-4.623, -5.107, -5.158, -4.215, -4.354, -5.979]"
511,3,7.4067,2.6500,0.290,777,2040,49,27,0.360,80,0.39,16917,3525.99,0,0,13.484(16.855%)(0.000m),28.936(25.532%)(0.957m),67.000(59.118%)(5.036m),53.000(46.765%)(3.536m),30.000(37.500%)(1.071m),9.624(24.060%)(0.000m),27.000(67.500%)(1.821m),1980.999,9592.859,60.7,1.3751,"[2.555, 2.505, 2.060, 2.556, 2.838, 2.214]","[4.327, 4.287, 4.273, 4.390, 4.619, 4.182]","[-2.197, -4.855, -5.358, -2.160, -4.274, -5.361]"
512,3,4.4605,2.6170,0.272,434,1232,16,0,0.360,70,0.39,16961,2018.31,0,0,12.078(15.097%)(0.000m),23.580(20.806%)(0.384m),60.000(52.941%)(4.286m),47.000(41.471%)(2.893m),36.000(45.000%)(1.714m),9.914(24.785%)(0.000m),25.000(62.500%)(1.607m),1578.878,7315.094,65.7,1.4563,"[2.240, 2.234, 1.885, 2.287, 2.453, 1.994]","[3.893, 4.204, 4.059, 3.927, 4.465, 4.290]","[-3.972, -5.461, -6.236, -5.084, -5.880, -6.002]"
513,3,2.1299,2.5733,0.266,247,678,7,25,0.359,50,0.39,16986,1140.48,0,0,36.000(45.000%)(1.714m),87.000(76.765%)(7.179m),113.333(100.000%)(10.000m),25.000(22.059%)(0.536m),13.000(16.250%)(0.000m),37.000(92.500%)(2.893m),11.000(27.500%)(0.107m),4290.268,14710.572,63.5,1.3275,"[2.413, 2.775, 2.843, 2.455, 3.129, 2.877]","[4.034, 4.286, 4.241, 4.252, 4.496, 4.411]","[-5.491, -5.147, -2.328, -5.620, -4.174, -3.569]"
514,3,-0.5277,2.4971,0.296,537,1535,92,123,0.358,80,0.39,17040,2497.86,0,0,16.838(21.048%)(0.000m),35.116(30.985%)(1.620m),33.000(29.118%)(1.393m),28.000(24.706%)(0.857m),25.000(31.250%)(0.536m),11.863(29.658%)(0.200m),12.000(30.000%)(0.214m),248.522,7865.960,66.2,1.4087,"[0.889, 0.892, 0.501, 0.895, 1.072, 0.610]","[3.942, 4.283, 3.983, 4.043, 4.616, 4.025]","[-6.782, -5.785, -6.218, -6.779, -4.832, -5.842]"
515,3,2.8321,2.5639,0.267,553,1497,82,57,0.357,75,0.39,17096,2767.87,0,0,33.000(41.250%)(1.393m),53.000(46.765%)(3.536m),68.000(60.000%)(5.143m),23.913(21.100%)(0.419m),12.082(15.103%)(0.000m),21.000(52.500%)(1.179m),9.793(24.483%)(0.000m),2307.436,9300.534,62.6,1.6695,"[1.501, 2.103, 2.063, 1.760, 2.266, 2.120]","[3.779, 3.903, 3.801, 3.725, 4.162, 3.936]","[-7.444, -5.727, -4.905, -6.176, -6.489, -3.299]"
516,3,3.4248,2.5586,0.263,439,1231,17,27,0.357,70,0.39,17140,1989.24,0,0,36.000(45.000%)(1.714m),59.000(52.059%)(4.179m),35.838(31.622%)(1.697m),18.222(16.079%)(0.000m),11.022(13.777%)(0.000m),19.000(47.500%)(0.964m),10.888(27.220%)(0.095m),2228.828,7752.972,64.9,1.3440,"[1.886, 2.160, 2.014, 1.843, 2.411, 2.166]","[3.589, 3.973, 3.852, 3.725, 4.198, 3.862]","[-6.306, -5.679, -5.507, -6.982, -6.191, -5.714]"
517,3,14.0774,2.8120,0.285,1053,3098,176,93,0.356,100,0.58,17246,4742.76,1,1,18.415(23.019%)(0.000m),39.261(34.643%)(2.064m),49.000(43.235%)(3.107m),30.000(26.471%)(1.071m),14.000(17.500%)(0.000m),12.929(32.322%)(0.314m),10.000(25.000%)(0.000m),353.198,5812.328,68.1,1.3754,"[1.394, 1.603, 1.190, 1.507, 1.944, 1.419]","[3.931, 4.134, 4.174, 3.983, 4.355, 4.227]","[-5.627, -3.286, -5.068, -5.294, -3.900, -4.360]"
518,3,1.4380,2.8176,0.297,520,1498,145,100,0.355,80,0.58,17298,2301.05,0,0,17.640(22.050%)(0.000m),37.135(32.766%)(1.836m),45.000(39.706%)(2.679m),38.000(33.530%)(1.929m),31.000(38.750%)(1.179m),12.426(31.065%)(0.260m),18.000(45.000%)(0.857m),601.713,6251.740,66.7,1.3972,"[1.584, 1.337, 0.779, 1.663, 1.679, 0.928]","[3.870, 4.075, 3.596, 4.122, 4.414, 3.834]","[-3.006, -5.309, -5.401, -3.913, -4.530, -5.465]"
519,3,8.1926,2.9561,0.279,400,1193,59,22,0.355,70,0.58,17338,1876.80,0,0,11.409(14.262%)(0.000m),20.681(18.248%)(0.073m),36.000(31.765%)(1.714m),29.000(25.588%)(0.964m),26.000(32.500%)(0.643m),10.092(25.231%)(0.010m),26.000(65.000%)(1.714m),254.748,6453.288,69.0,1.3619,"[1.697, 1.737, 1.338, 1.653, 1.854, 1.387]","[3.566, 4.230, 3.953, 3.695, 4.466, 4.093]","[-5.097, -5.589, -6.428, -5.094, -5.601, -6.854]"
520,3,-2.2568,2.9068,0.260,655,1904,130,161,0.354,85,0.58,17404,3088.16,0,0,21.000(26.250%)(0.107m),20.000(17.647%)(0.000m),19.000(16.765%)(0.000m),37.079(32.717%)(1.830m),17.560(21.950%)(0.000m),15.000(37.500%)(0.536m),12.366(30.916%)(0.254m),0.000,5962.331,67.3,1.4562,"[1.071, 1.351, 1.010, 0.817, 1.489, 0.950]","[3.885, 3.976, 3.752, 3.993, 4.201, 3.821]","[-5.446, -5.634, -5.226, -7.850, -5.855, -6.613]"
521,3,6.6812,3.0826,0.287,573,1727,103,17,0.353,85,0.58,17462,2663.01,0,0,15.214(19.017%)(0.000m),27.000(23.824%)(0.750m),20.000(17.647%)(0.000m),23.000(20.294%)(0.321m),30.000(37.500%)(1.071m),10.658(26.644%)(0.070m),24.000(60.000%)(1.500m),0.000,5611.929,69.8,1.4380,"[1.586, 1.654, 0.882, 1.541, 1.852, 1.084]","[3.705, 4.277, 3.974, 3.862, 4.671, 4.043]","[-5.825, -6.345, -8.402, -5.732, -6.837, -7.783]"
522,3,4.0526,3.2708,0.270,265,729,6,15,0.352,55,0.57,17489,1240.33,0,0,11.000(13.750%)(0.000m),68.496(60.438%)(5.196m),113.333(100.000%)(10.000m),69.000(60.883%)(5.250m),35.000(43.750%)(1.607m),11.000(27.500%)(0.107m),27.000(67.500%)(1.821m),3397.507,12282.609,63.7,1.3754,"[2.718, 2.802, 2.611, 2.877, 3.258, 2.817]","[4.064, 4.172, 4.039, 4.300, 4.357, 4.022]","[-1.218, -4.207, -4.019, -0.848, -2.445, -2.511]"
523,3,2.8676,3.1645,0.291,756,2312,34,163,0.352,95,0.57,17565,3466.50,0,0,12.234(15.292%)(0.000m),23.884(21.074%)(0.416m),67.341(59.418%)(5.072m),55.000(48.530%)(3.750m),28.000(35.000%)(0.857m),10.042(25.104%)(0.004m),14.000(35.000%)(0.429m),1116.491,6083.672,70.8,1.4068,"[1.747, 1.764, 1.264, 1.930, 2.133, 1.512]","[3.554, 4.193, 3.986, 3.737, 4.397, 3.934]","[-5.555, -6.279, -5.463, -6.839, -6.250, -6.296]"
524,3,7.6018,3.3132,0.297,873,2563,46,130,0.351,95,0.57,17653,3977.74,0,0,12.932(16.165%)(0.000m),27.426(24.199%)(0.796m),32.000(28.235%)(1.286m),27.000(23.824%)(0.750m),24.000(30.000%)(0.429m),9.707(24.268%)(0.000m),20.836(52.089%)(1.161m),200.471,5653.125,67.9,1.3721,"[1.759, 1.848, 1.734, 1.854, 2.112, 1.886]","[3.920, 4.315, 4.236, 4.175, 4.690, 4.301]","[-5.159, -6.070, -6.796, -5.800, -6.589, -6.584]"
525,3,0.3010,3.2363,0.284,558,1546,30,104,0.350,75,0.57,17709,2527.73,0,0,12.279(15.349%)(0.000m),24.648(21.748%)(0.498m),63.000(55.588%)(4.607m),40.000(35.294%)(2.143m),22.000(27.500%)(0.214m),9.827(24.569%)(0.000m),21.000(52.500%)(1.179m),2255.606,6880.354,64.1,1.4536,"[1.731, 1.853, 1.644, 1.748, 2.048, 1.823]","[4.265, 4.582, 4.177, 4.227, 4.864, 4.253]","[-5.736, -5.632, -5.394, -5.622, -5.365, -5.291]"
526,3,10.6980,3.4462,0.279,891,2616,50,55,0.350,95,0.57,17799,4080.20,0,0,12.387(15.483%)(0.000m),25.227(22.259%)(0.560m),74.599(65.823%)(5.850m),39.000(34.412%)(2.036m),23.000(28.750%)(0.321m),9.788(24.471%)(0.000m),20.000(50.000%)(1.071m),342.329,7945.015,67.9,1.3968,"[2.036, 2.116, 1.639, 2.105, 2.378, 1.852]","[4.023, 4.217, 3.906, 4.241, 4.504, 4.047]","[-5.010, -6.168, -5.657, -5.021, -6.417, -5.748]"
527,3,6.5130,3.5087,0.291,429,1234,23,19,0.349,70,0.57,17842,2007.20,0,0,13.631(17.039%)(0.000m),28.949(25.543%)(0.959m),65.000(57.353%)(4.821m),53.000(46.765%)(3.536m),36.000(45.000%)(1.714m),9.605(24.013%)(0.000m),25.000(62.500%)(1.607m),1025.255,7833.967,66.6,1.4383,"[2.213, 2.304, 1.666, 2.215, 2.479, 1.832]","[4.095, 4.185, 3.949, 4.029, 4.484, 3.970]","[-2.441, -4.918, -4.756, -2.550, -5.499, -4.591]"
528,3,0.5973,3.4470,0.300,453,1259,17,35,0.348,70,0.57,17888,2009.87,0,0,12.486(15.607%)(0.000m),25.813(22.777%)(0.623m),62.000(54.706%)(4.500m),56.000(49.412%)(3.857m),39.000(48.750%)(2.036m),9.741(24.353%)(0.000m),28.000(70.000%)(1.929m),2328.690,8172.458,64.3,1.3348,"[2.023, 1.878, 1.547, 2.053, 2.097, 1.665]","[3.722, 4.059, 3.866, 3.862, 4.369, 3.998]","[-5.160, -6.564, -5.862, -5.643, -6.574, -5.355]"
529,3,5.4134,3.4149,0.288,336,1015,13,0,0.347,65,0.57,17922,1582.10,0,0,33.000(41.250%)(1.393m),64.000(56.471%)(4.714m),51.680(45.600%)(3.394m),21.234(18.736%)(0.132m),11.715(14.644%)(0.000m),24.000(60.000%)(1.500m),10.362(25.906%)(0.039m),1222.762,7039.600,69.9,1.4499,"[2.035, 2.366, 2.122, 2.040, 2.599, 2.199]","[3.787, 4.190, 3.989, 3.884, 4.458, 4.109]","[-6.717, -5.952, -6.765, -6.952, -5.556, -7.898]"
530,3,3.7717,3.4462,0.295,347,1061,11,27,0.347,70,0.57,17957,1555.94,0,0,11.977(14.971%)(0.000m),23.704(20.915%)(0.397m),66.930(59.056%)(5.028m),52.000(45.882%)(3.429m),28.000(35.000%)(0.857m),9.708(24.269%)(0.000m),22.000(55.000%)(1.286m),538.838,6144.961,70.8,1.3795,"[1.887, 2.044, 1.764, 1.858, 2.230, 1.809]","[4.197, 4.450, 4.231, 4.284, 4.859, 4.315]","[-5.620, -6.241, -5.692, -7.351, -6.459, -6.910]"
531,3,-3.2446,3.4889,0.297,195,536,17,10,0.346,45,0.56,17977,860.56,0,0,38.138(47.673%)(1.943m),21.000(18.529%)(0.107m),19.000(16.765%)(0.000m),75.000(66.177%)(5.893m),52.000(65.000%)(3.429m),33.735(84.339%)(2.543m),40.000(100.000%)(3.214m),0.000,13174.911,63.6,1.2809,"[2.322, 2.402, 2.023, 2.434, 2.584, 2.091]","[4.439, 4.647, 4.271, 4.605, 4.846, 4.378]","[-6.287, -5.807, -6.243, -6.682, -5.982, -6.634]"
532,3,6.0301,3.5588,0.307,436,1238,34,53,0.345,70,0.56,18021,2164.20,0,0,38.000(47.500%)(1.929m),75.000(66.177%)(5.893m),32.000(28.235%)(1.286m),24.000(21.177%)(0.429m),22.000(27.500%)(0.214m),27.000(67.500%)(1.821m),19.000(47.500%)(0.964m),0.000,8871.504,65.7,1.5107,"[2.471, 2.826, 2.679, 2.500, 2.932, 2.702]","[4.243, 4.495, 4.528, 4.309, 4.799, 4.537]","[-5.182, -3.895, -4.286, -5.269, -5.756, -3.708]"
533,3,14.9783,3.7955,0.308,776,2358,11,0,0.345,95,0.56,18099,3684.21,0,0,12.099(15.124%)(0.000m),23.621(20.842%)(0.388m),65.974(58.212%)(4.926m),58.000(51.177%)(4.071m),32.000(40.000%)(1.286m),9.931(24.828%)(0.000m),23.000(57.500%)(1.393m),808.242,6539.452,70.3,1.4481,"[2.408, 2.487, 2.052, 2.462, 2.771, 2.266]","[4.454, 4.672, 4.734, 4.409, 5.022, 4.770]","[-5.375, -5.972, -6.053, -6.897, -6.105, -6.725]"
534,3,1.0151,3.7331,0.290,670,1938,114,117,0.344,85,0.56,18166,3073.87,0,0,26.000(32.500%)(0.643m),22.000(19.412%)(0.214m),20.000(17.647%)(0.000m),39.095(34.496%)(2.046m),18.542(23.177%)(0.000m),15.000(37.500%)(0.536m),13.062(32.654%)(0.328m),0.000,6254.522,66.9,1.4213,"[1.192, 1.636, 1.502, 1.070, 1.886, 1.364]","[3.805, 4.390, 4.152, 3.938, 4.651, 4.119]","[-4.866, -4.623, -4.969, -5.480, -4.927, -5.631]"
535,3,2.9288,3.6743,0.282,426,1219,27,45,0.343,70,0.56,18209,1993.03,0,0,29.000(36.250%)(0.964m),61.000(53.824%)(4.393m),38.000(33.530%)(1.929m),28.000(24.706%)(0.857m),22.000(27.500%)(0.214m),21.000(52.500%)(1.179m),28.000(70.000%)(1.929m),39.778,8357.479,66.2,1.4781,"[2.187, 2.383, 2.213, 2.189, 2.551, 2.289]","[4.087, 4.525, 4.339, 4.317, 4.733, 4.365]","[-4.637, -2.533, -3.693, -4.895, -3.296, -4.184]"
536,3,-0.3487,3.5769,0.295,649,1891,100,165,0.343,85,0.56,18274,2963.19,0,0,18.343(22.928%)(0.000m),20.000(17.647%)(0.000m),24.000(21.177%)(0.429m),32.000(28.235%)(1.286m),30.737(38.421%)(1.150m),12.909(32.272%)(0.312m),21.853(54.634%)(1.270m),0.000,5975.997,67.4,1.3395,"[1.631, 1.649, 1.267, 1.682, 1.776, 1.262]","[4.387, 4.460, 4.170, 4.428, 4.723, 4.196]","[-5.558, -4.158, -5.397, -5.270, -5.007, -5.573]"
537,3,4.1077,3.5177,0.308,809,2157,129,93,0.342,85,0.56,18355,3565.21,0,0,29.000(36.250%)(0.964m),64.000(56.471%)(4.714m),70.289(62.020%)(5.388m),25.653(22.635%)(0.606m),12.595(15.744%)(0.000m),17.000(42.500%)(0.750m),9.953(24.883%)(0.000m),2805.387,9597.648,61.7,1.3520,"[2.027, 2.408, 2.361, 1.983, 2.737, 2.472]","[4.144, 4.400, 4.072, 4.153, 4.694, 4.185]","[-5.446, -4.845, -4.625, -5.606, -4.913, -6.057]"
538,3,7.0745,3.6287,0.322,907,2724,109,20,0.341,95,0.56,18446,4070.18,0,0,12.853(16.067%)(0.000m),27.884(24.604%)(0.845m),74.000(65.294%)(5.786m),46.177(40.745%)(2.805m),21.929(27.412%)(0.207m),9.648(24.120%)(0.000m),15.456(38.641%)(0.585m),1113.338,7034.072,69.5,1.3794,"[2.131, 2.316, 1.699, 2.226, 2.621, 1.794]","[4.312, 4.390, 4.401, 4.273, 4.880, 4.571]","[-3.672, -5.586, -6.287, -3.075, -5.461, -5.854]"
539,3,16.6531,3.9192,0.307,1238,3491,147,135,0.341,100,0.74,18570,5543.62,1,1,14.331(17.914%)(0.000m),30.445(26.863%)(1.119m),67.000(59.118%)(5.036m),55.000(48.530%)(3.750m),33.000(41.250%)(1.393m),10.069(25.172%)(0.007m),16.000(40.000%)(0.643m),1283.278,6516.331,65.3,1.3665,"[2.011, 2.110, 1.641, 2.087, 2.355, 1.770]","[4.353, 4.361, 4.188, 4.402, 4.682, 4.244]","[-2.690, -5.130, -6.021, -2.395, -4.972, -5.108]"
540,3,5.2478,4.0092,0.308,385,1177,32,23,0.340,75,0.74,18609,1797.04,0,0,36.000(45.000%)(1.714m),63.000(55.588%)(4.607m),92.000(81.177%)(7.714m),26.203(23.120%)(0.665m),12.674(15.843%)(0.000m),21.000(52.500%)(1.179m),9.888(24.721%)(0.000m),1217.830,6052.038,70.7,1.4009,"[1.934, 2.421, 2.443, 1.983, 2.760, 2.465]","[3.846, 4.157, 3.936, 3.950, 4.442, 4.033]","[-3.788, -3.569, -3.132, -5.919, -1.450, -4.655]"
541,3,-2.6208,3.9229,0.299,459,1314,36,83,0.339,75,0.74,18655,2204.88,0,0,12.399(15.498%)(0.000m),25.252(22.281%)(0.563m),67.000(59.118%)(5.036m),39.000(34.412%)(2.036m),29.000(36.250%)(0.964m),9.798(24.494%)(0.000m),31.377(78.444%)(2.290m),379.246,6097.822,66.3,1.4443,"[1.881, 1.928, 1.531, 1.858, 2.129, 1.683]","[3.988, 4.418, 4.359, 4.000, 4.609, 4.036]","[-4.880, -5.236, -5.485, -4.369, -5.148, -4.993]"
542,3,7.8806,4.0034,0.276,417,1247,33,14,0.339,75,0.74,18697,2030.42,0,0,29.000(36.250%)(0.964m),53.000(46.765%)(3.536m),82.000(72.353%)(6.643m),29.314(25.866%)(0.998m),13.514(16.892%)(0.000m),23.000(57.500%)(1.393m),9.639(24.097%)(0.000m),722.912,6730.337,69.2,1.4199,"[1.944, 2.248, 2.260, 1.847, 2.603, 2.191]","[4.016, 4.314, 3.988, 3.957, 4.621, 4.074]","[-5.328, -5.121, -2.722, -6.012, -3.521, -3.895]"
543,3,24.6057,4.4043,0.296,970,2910,35,73,0.338,100,0.92,18794,4547.54,1,1,18.246(22.808%)(0.000m),38.339(33.829%)(1.965m),68.000(60.000%)(5.143m),55.000(48.530%)(3.750m),28.000(35.000%)(0.857m),12.840(32.100%)(0.304m),20.000(50.000%)(1.071m),702.635,6068.959,69.4,1.3875,"[1.978, 2.058, 1.639, 2.026, 2.347, 1.810]","[4.062, 4.182, 3.920, 4.306, 4.480, 4.093]","[-2.110, -2.958, -5.087, -2.507, -3.253, -4.476]"
544,3,1.4672,4.3071,0.315,436,1243,12,41,0.337,70,0.92,18838,2003.26,0,0,9.790(12.237%)(0.000m),14.168(12.502%)(0.000m),22.325(19.698%)(0.249m),51.000(45.000%)(3.321m),25.000(31.250%)(0.536m),11.927(29.818%)(0.206m),20.000(50.000%)(1.071m),584.418,11429.461,66.0,1.3805,"[2.243, 2.510, 2.359, 2.224, 2.742, 2.486]","[3.986, 4.405, 4.277, 4.139, 4.635, 4.272]","[-6.374, -6.244, -6.080, -6.808, -6.146, -5.933]"
545,3,4.7671,4.3396,0.301,658,1909,26,110,0.337,85,0.92,18904,2952.19,0,0,29.000(36.250%)(0.964m),22.000(19.412%)(0.214m),41.000(36.177%)(2.250m),45.402(40.060%)(2.722m),21.719(27.149%)(0.184m),16.000(40.000%)(0.643m),15.355(38.388%)(0.574m),0.000,8492.726,67.1,1.5055,"[2.185, 2.395, 2.155, 2.298, 2.699, 2.298]","[4.523, 4.713, 4.582, 4.722, 5.021, 4.541]","[-5.554, -5.406, -5.020, -4.958, -4.975, -5.130]"
546,3,1.1001,4.5156,0.291,226,600,0,12,0.336,50,0.92,18927,1007.62,0,0,28.000(35.000%)(0.857m),23.000(20.294%)(0.321m),113.333(100.000%)(10.000m),109.000(96.177%)(9.536m),50.000(62.500%)(3.214m),39.470(98.676%)(3.158m),40.000(100.000%)(3.214m),5035.924,14906.865,61.5,1.3705,"[3.391, 2.959, 2.121, 3.443, 3.237, 2.251]","[4.304, 4.534, 4.151, 4.526, 4.832, 4.386]","[-3.997, -6.013, -5.614, -5.525, -5.505, -5.755]"
547,3,3.6968,4.7183,0.297,417,1226,12,41,0.335,70,0.91,18969,1936.49,0,0,11.993(14.992%)(0.000m),23.737(20.945%)(0.400m),67.451(59.516%)(5.084m),51.000(45.000%)(3.321m),26.000(32.500%)(0.643m),9.721(24.303%)(0.000m),20.000(50.000%)(1.071m),828.254,7886.609,68.0,1.3364,"[2.348, 2.447, 2.154, 2.363, 2.654, 2.207]","[4.220, 4.325, 4.219, 4.350, 4.516, 4.226]","[-5.013, -5.852, -5.334, -4.906, -5.524, -4.944]"
548,3,6.7955,4.7560,0.306,682,1965,151,20,0.335,85,0.91,19038,3019.54,0,0,16.720(20.900%)(0.000m),20.000(17.647%)(0.000m),21.000(18.529%)(0.107m),25.000(22.059%)(0.536m),22.233(27.791%)(0.239m),11.717(29.294%)(0.184m),24.522(61.306%)(1.556m),0.000,7262.072,66.7,1.3841,"[2.122, 2.234, 1.360, 2.154, 2.514, 1.568]","[4.064, 4.347, 4.319, 4.012, 4.616, 4.337]","[-6.392, -5.313, -5.734, -5.494, -4.750, -5.307]"
549,3,-1.1954,4.6984,0.286,632,1826,46,115,0.334,85,0.91,19102,2825.70,0,0,9.291(11.614%)(0.000m),13.100(11.559%)(0.000m),19.925(17.581%)(0.000m),48.493(42.788%)(3.053m),21.000(26.250%)(0.107m),11.909(29.772%)(0.204m),15.000(37.500%)(0.536m),1085.157,6259.675,66.9,1.3405,"[1.452, 1.818, 1.844, 1.570, 2.134, 2.075]","[3.784, 4.144, 3.983, 4.232, 4.658, 4.199]","[-5.212, -5.493, -5.512, -5.115, -6.452, -5.511]"
550,3,-0.9393,4.5799,0.310,810,2480,38,296,0.333,95,0.91,19183,3721.89,0,0,11.184(13.980%)(0.000m),20.272(17.887%)(0.029m),49.337(43.533%)(3.143m),44.000(38.824%)(2.571m),21.000(26.250%)(0.107m),9.893(24.732%)(0.000m),15.000(37.500%)(0.536m),350.403,5263.049,70.9,1.4101,"[1.568, 1.805, 1.647, 1.671, 1.992, 1.727]","[3.982, 4.311, 4.105, 4.279, 4.604, 4.201]","[-6.581, -6.331, -6.397, -5.641, -6.479, -6.667]"
551,3,14.4831,4.8179,0.311,868,2690,143,77,0.333,100,1.09,19270,4057.16,1,1,15.344(19.180%)(0.000m),33.132(29.235%)(1.407m),63.000(55.588%)(4.607m),34.064(30.057%)(1.507m),16.001(20.001%)(0.000m),10.743(26.858%)(0.080m),11.226(28.065%)(0.131m),563.685,4657.852,71.7,1.4377,"[1.533, 1.934, 1.475, 1.721, 2.194, 1.726]","[4.405, 4.680, 4.411, 4.534, 4.938, 4.475]","[-6.727, -5.224, -4.479, -6.447, -5.481, -4.154]"
552,3,6.0478,4.8196,0.311,797,2394,134,128,0.332,95,1.09,19350,3799.17,0,0,17.126(21.408%)(0.000m),21.000(18.529%)(0.107m),20.000(17.647%)(0.000m),21.000(18.529%)(0.107m),24.213(30.266%)(0.451m),12.005(30.012%)(0.215m),17.145(42.863%)(0.766m),0.000,5960.480,69.5,1.4903,"[1.928, 2.311, 1.566, 2.020, 2.496, 1.749]","[4.356, 4.689, 4.527, 4.445, 5.111, 4.645]","[-8.973, -5.490, -7.812, -8.423, -7.035, -8.109]"
553,3,4.6237,4.8617,0.314,806,2528,84,154,0.331,95,1.08,19431,3929.52,0,0,13.409(16.762%)(0.000m),29.239(25.799%)(0.990m),71.000(62.647%)(5.464m),49.000(43.235%)(3.107m),23.728(29.659%)(0.399m),9.677(24.193%)(0.000m),16.759(41.897%)(0.724m),508.310,5146.462,72.6,1.5326,"[1.954, 2.301, 1.561, 2.164, 2.557, 1.678]","[4.264, 4.757, 4.577, 4.379, 5.003, 4.540]","[-4.799, -4.969, -5.389, -3.093, -4.686, -4.838]"
554,3,4.9466,4.9394,0.311,414,1269,0,43,0.331,75,1.08,19473,1862.74,0,0,27.000(33.750%)(0.750m),65.000(57.353%)(4.821m),88.000(77.647%)(7.286m),56.757(50.080%)(3.938m),27.252(34.065%)(0.777m),18.000(45.000%)(0.857m),19.317(48.293%)(0.998m),997.018,5985.108,71.0,1.3696,"[2.275, 2.676, 2.595, 2.430, 3.016, 2.591]","[3.988, 4.437, 4.309, 4.063, 4.706, 4.266]","[-0.944, -1.381, -1.323, -0.748, -0.524, -0.941]"
555,3,1.9089,4.8308,0.298,350,1057,18,29,0.330,70,1.08,19508,1545.61,0,0,38.000(47.500%)(1.929m),61.000(53.824%)(4.393m),50.396(44.467%)(3.257m),20.707(18.271%)(0.076m),11.424(14.280%)(0.000m),25.000(62.500%)(1.607m),10.105(25.263%)(0.011m),896.008,6771.409,69.9,1.4631,"[1.811, 2.373, 2.541, 1.817, 2.651, 2.582]","[3.994, 4.435, 4.210, 4.143, 4.828, 4.216]","[-6.292, -5.856, -5.044, -6.776, -4.770, -6.873]"
556,3,5.7098,4.8173,0.322,443,1316,27,76,0.329,75,1.08,19553,2042.93,0,0,18.000(22.500%)(0.000m),53.000(46.765%)(3.536m),85.000(75.000%)(6.964m),54.553(48.135%)(3.702m),26.990(33.737%)(0.749m),10.000(25.000%)(0.000m),19.114(47.785%)(0.977m),639.687,8469.475,68.8,1.4106,"[2.754, 2.829, 2.471, 2.817, 3.152, 2.651]","[4.339, 4.619, 4.572, 4.519, 4.954, 4.734]","[-1.779, -3.127, -4.009, -3.174, -2.340, -3.269]"
557,3,17.8482,5.1149,0.300,1172,3347,228,140,0.329,100,1.26,19671,5336.33,1,1,15.121(18.901%)(0.000m),32.000(28.235%)(1.286m),58.000(51.177%)(4.071m),48.000(42.353%)(3.000m),30.000(37.500%)(1.071m),10.597(26.491%)(0.064m),20.000(50.000%)(1.071m),686.339,6737.907,66.1,1.3799,"[1.969, 2.124, 1.636, 2.094, 2.416, 1.691]","[4.182, 4.579, 4.468, 4.111, 4.837, 4.406]","[-2.517, -4.389, -6.637, -2.118, -4.111, -6.095]"
558,3,3.5612,5.1465,0.293,572,1580,21,96,0.328,80,1.25,19729,2580.55,0,0,22.000(27.500%)(0.214m),44.000(38.824%)(2.571m),51.204(45.180%)(3.343m),21.039(18.564%)(0.111m),11.607(14.509%)(0.000m),17.000(42.500%)(0.750m),10.267(25.667%)(0.029m),1587.281,7103.794,63.9,1.4289,"[1.913, 2.188, 1.933, 1.865, 2.426, 1.967]","[4.047, 4.459, 4.005, 4.137, 4.719, 4.145]","[-6.425, -5.880, -8.955, -7.666, -6.882, -9.194]"
559,3,2.1701,5.0411,0.288,203,585,11,30,0.327,50,1.25,19750,930.26,0,0,38.000(47.500%)(1.929m),84.000(74.118%)(6.857m),113.333(100.000%)(10.000m),28.000(24.706%)(0.857m),13.000(16.250%)(0.000m),37.000(92.500%)(2.893m),10.000(25.000%)(0.000m),4431.066,9649.930,66.7,1.3713,"[2.191, 2.664, 2.529, 2.357, 3.018, 2.612]","[3.983, 4.406, 4.211, 3.960, 4.731, 4.218]","[-6.599, -4.476, -3.687, -4.741, -3.653, -3.575]"
560,3,-6.2237,4.8950,0.279,312,803,34,57,0.327,55,1.25,19782,1413.06,0,0,25.512(31.890%)(0.591m),40.000(35.294%)(2.143m),45.000(39.706%)(2.679m),21.000(18.529%)(0.107m),12.000(15.000%)(0.000m),18.133(45.333%)(0.871m),39.662(99.156%)(3.178m),985.508,11844.876,59.5,1.4630,"[1.700, 2.274, 2.077, 1.801, 2.446, 1.934]","[4.164, 4.400, 4.039, 4.247, 4.645, 4.079]","[-6.341, -5.401, -2.981, -3.223, -1.994, -4.254]"
561,3,17.5530,5.0979,0.281,1165,3336,114,240,0.326,100,1.43,19899,5302.32,1,1,16.245(20.307%)(0.000m),34.637(30.562%)(1.568m),48.000(42.353%)(3.000m),31.000(27.353%)(1.179m),25.000(31.250%)(0.536m),11.394(28.486%)(0.149m),10.000(25.000%)(0.000m),324.987,5827.040,66.3,1.4286,"[1.737, 1.848, 1.518, 1.770, 2.046, 1.624]","[4.119, 4.327, 4.170, 4.107, 4.400, 4.245]","[-5.381, -4.518, -6.075, -4.520, -5.712, -5.946]"
562,3,13.6712,5.2821,0.279,1115,3231,164,236,0.325,100,1.60,20011,5146.84,2,1,19.456(24.321%)(0.000m),26.000(22.941%)(0.643m),55.000(48.530%)(3.750m),31.474(27.771%)(1.229m),14.879(18.599%)(0.000m),13.000(32.500%)(0.321m),10.451(26.127%)(0.048m),259.469,5928.355,67.1,1.4595,"[1.465, 1.619, 1.138, 1.551, 1.759, 1.289]","[4.266, 4.454, 4.358, 4.165, 4.637, 4.250]","[-6.147, -4.396, -5.036, -5.568, -4.388, -4.557]"
563,3,1.1628,5.2628,0.297,474,1302,46,91,0.325,70,1.60,20059,2262.69,0,0,16.000(20.000%)(0.000m),35.000(30.882%)(1.607m),59.174(52.212%)(4.197m),22.831(20.145%)(0.303m),12.004(15.005%)(0.000m),12.000(30.000%)(0.214m),10.103(25.258%)(0.011m),2389.984,7633.265,63.6,1.4965,"[1.976, 2.029, 1.934, 2.024, 2.238, 1.950]","[4.259, 4.463, 4.201, 4.451, 4.779, 4.338]","[-6.997, -6.183, -5.634, -8.409, -7.380, -5.862]"
564,3,10.8945,5.4912,0.284,1088,3170,213,110,0.324,100,1.77,20168,4831.04,1,1,14.666(18.332%)(0.000m),31.676(27.949%)(1.251m),60.000(52.941%)(4.286m),46.000(40.588%)(2.786m),23.000(28.750%)(0.321m),10.270(25.674%)(0.029m),17.000(42.500%)(0.750m),1311.086,5326.088,67.4,1.3700,"[1.751, 1.983, 1.480, 1.751, 2.232, 1.598]","[3.974, 4.457, 4.081, 4.168, 4.807, 4.203]","[-3.841, -4.367, -4.693, -2.641, -4.170, -4.326]"
565,3,1.2704,5.4600,0.298,494,1421,37,65,0.323,75,1.77,20218,2214.54,0,0,20.126(25.157%)(0.013m),42.153(37.194%)(2.374m),55.000(48.530%)(3.750m),42.000(37.059%)(2.357m),13.000(16.250%)(0.000m),14.169(35.423%)(0.447m),11.000(27.500%)(0.107m),403.475,9068.566,66.6,1.3525,"[1.884, 1.870, 1.476, 1.934, 2.148, 1.655]","[4.068, 4.153, 4.070, 4.037, 4.603, 4.328]","[-10.372, -7.514, -5.910, -8.057, -6.536, -5.534]"
566,3,0.8115,5.4077,0.267,379,1142,23,94,0.323,70,1.77,20256,1658.09,0,0,12.000(15.000%)(0.000m),21.000(18.529%)(0.107m),97.000(85.588%)(8.250m),68.765(60.675%)(5.225m),35.000(43.750%)(1.607m),10.000(25.000%)(0.000m),25.326(63.314%)(1.642m),1400.267,6881.920,69.7,1.4085,"[2.023, 2.100, 1.685, 2.193, 2.388, 1.863]","[4.021, 4.339, 4.140, 4.054, 4.612, 4.315]","[-7.234, -6.166, -5.958, -7.926, -5.765, -5.979]"
567,3,5.2175,5.2305,0.290,469,1301,20,44,0.322,70,1.76,20303,2124.96,0,0,33.000(41.250%)(1.393m),57.000(50.294%)(3.964m),49.227(43.436%)(3.131m),20.838(18.386%)(0.090m),11.626(14.533%)(0.000m),23.000(57.500%)(1.393m),10.412(26.029%)(0.044m),1903.015,7363.477,64.2,1.3801,"[2.486, 2.736, 2.643, 2.420, 2.935, 2.659]","[4.108, 4.417, 4.309, 4.286, 4.753, 4.221]","[-5.855, -5.982, -5.418, -6.269, -6.960, -6.952]"
568,3,2.5237,5.2523,0.306,474,1395,0,52,0.321,75,1.76,20351,2221.33,0,0,31.000(38.750%)(1.179m),61.000(53.824%)(4.393m),113.333(100.000%)(10.000m),49.112(43.334%)(3.119m),23.448(29.310%)(0.369m),17.000(42.500%)(0.750m),16.562(41.404%)(0.703m),2600.611,8464.403,68.1,1.4136,"[1.676, 2.311, 2.427, 2.009, 2.695, 2.491]","[4.216, 4.429, 4.351, 4.266, 4.644, 4.337]","[-2.758, -2.001, -2.062, -2.141, -1.196, -1.555]"
569,3,1.2740,5.1139,0.290,303,838,7,34,0.321,60,1.76,20382,1475.67,0,0,36.000(45.000%)(1.714m),57.000(50.294%)(3.964m),113.333(100.000%)(10.000m),87.000(76.765%)(7.179m),31.000(38.750%)(1.179m),14.000(35.000%)(0.429m),22.000(55.000%)(1.286m),3197.189,12913.426,64.0,1.4191,"[2.943, 2.896, 2.351, 3.120, 3.274, 2.505]","[4.186, 4.360, 4.266, 4.206, 4.655, 4.213]","[-1.769, -4.066, -5.280, -1.678, -2.851, -4.486]"
570,3,1.9332,5.1977,0.296,299,792,9,28,0.320,55,1.75,20412,1358.19,0,0,37.000(46.250%)(1.821m),58.000(51.177%)(4.071m),113.333(100.000%)(10.000m),22.000(19.412%)(0.214m),12.000(15.000%)(0.000m),38.000(95.000%)(3.000m),11.000(27.500%)(0.107m),4209.249,16073.016,61.3,1.3610,"[2.687, 3.070, 2.963, 2.932, 3.485, 3.111]","[4.358, 4.493, 4.374, 4.392, 4.817, 4.397]","[-8.138, -5.646, -4.174, -5.995, -3.926, -4.616]"
571,3,-0.0492,5.0631,0.303,675,1933,53,49,0.319,85,1.75,20480,3064.59,0,0,25.550(31.938%)(0.595m),39.000(34.412%)(2.036m),40.502(35.737%)(2.197m),18.985(16.752%)(0.000m),11.050(13.812%)(0.000m),18.092(45.229%)(0.867m),10.394(25.985%)(0.042m),213.310,5197.932,66.3,1.3871,"[1.426, 1.790, 1.999, 1.377, 1.946, 1.978]","[3.747, 4.159, 3.956, 3.901, 4.379, 3.960]","[-5.729, -5.780, -6.962, -5.654, -6.439, -6.416]"
572,3,3.1957,5.0459,0.298,856,2209,69,140,0.319,85,1.75,20566,3914.78,0,0,20.642(25.803%)(0.069m),42.219(37.252%)(2.381m),52.000(45.882%)(3.429m),43.000(37.941%)(2.464m),25.000(31.250%)(0.536m),14.599(36.498%)(0.493m),11.000(27.500%)(0.107m),1353.796,11833.955,59.7,1.4446,"[2.436, 2.288, 1.946, 2.479, 2.668, 2.056]","[4.243, 4.465, 4.299, 4.191, 4.548, 4.264]","[-6.263, -6.505, -6.398, -5.853, -5.620, -6.128]"
573,3,4.4054,5.0767,0.294,526,1456,10,38,0.318,75,1.75,20619,2383.38,0,0,12.000(15.000%)(0.000m),23.000(20.294%)(0.321m),66.000(58.235%)(4.929m),45.794(40.406%)(2.764m),22.729(28.411%)(0.292m),25.000(62.500%)(1.607m),16.102(40.255%)(0.654m),2909.170,8390.543,64.1,1.3987,"[2.268, 2.561, 2.383, 2.396, 2.816, 2.480]","[4.145, 4.412, 4.110, 4.289, 4.598, 4.216]","[-5.713, -5.725, -5.460, -5.948, -5.408, -5.406]"
574,3,2.3450,4.9716,0.296,406,1157,49,82,0.318,70,1.74,20660,1940.66,0,0,10.809(13.511%)(0.000m),17.708(15.625%)(0.000m),34.210(30.185%)(1.523m),66.000(58.235%)(4.929m),33.000(41.250%)(1.393m),10.809(27.022%)(0.087m),30.000(75.000%)(2.143m),1735.455,8251.070,65.9,1.4676,"[2.524, 2.533, 1.901, 2.584, 2.773, 1.988]","[4.095, 4.498, 4.125, 4.119, 4.743, 4.220]","[-6.293, -5.586, -5.627, -6.792, -6.110, -5.988]"
575,3,6.7444,5.1004,0.296,461,1352,14,3,0.317,75,1.74,20707,2183.60,0,0,12.562(15.703%)(0.000m),26.378(23.274%)(0.683m),75.000(66.177%)(5.893m),67.000(59.118%)(5.036m),31.000(38.750%)(1.179m),9.676(24.191%)(0.000m),23.000(57.500%)(1.393m),1357.460,6780.612,67.9,1.3598,"[2.470, 2.555, 2.156, 2.590, 2.863, 2.331]","[4.272, 4.575, 4.249, 4.442, 4.885, 4.142]","[-3.599, -6.804, -5.656, -2.302, -6.002, -5.427]"
576,3,3.1142,4.9488,0.286,242,685,13,41,0.316,55,1.74,20732,1131.61,0,0,14.000(17.500%)(0.000m),92.403(81.532%)(7.757m),113.333(100.000%)(10.000m),93.000(82.059%)(7.821m),38.000(47.500%)(1.929m),10.000(25.000%)(0.000m),32.000(80.000%)(2.357m),3618.061,10823.334,65.5,1.4138,"[3.007, 3.041, 2.549, 3.131, 3.425, 2.790]","[4.185, 4.438, 4.256, 4.296, 4.743, 4.327]","[-2.436, -5.954, -6.731, -2.335, -4.772, -4.861]"
577,3,4.5094,4.9087,0.302,546,1477,45,14,0.316,75,1.73,20787,2481.39,0,0,31.000(38.750%)(1.179m),60.000(52.941%)(4.286m),20.000(17.647%)(0.000m),20.000(17.647%)(0.000m),23.000(28.750%)(0.321m),23.000(57.500%)(1.393m),23.000(57.500%)(1.393m),0.000,11920.922,62.6,1.3427,"[2.311, 2.289, 2.030, 2.253, 2.529, 2.179]","[4.178, 4.385, 4.057, 4.264, 4.684, 4.094]","[-5.085, -3.322, -7.371, -5.737, -4.315, -6.974]"
578,3,6.2984,5.0227,0.271,528,1593,16,0,0.315,80,1.73,20840,2406.93,0,0,24.534(30.667%)(0.486m),51.076(45.067%)(3.330m),34.957(30.845%)(1.603m),17.444(15.392%)(0.000m),10.453(13.067%)(0.000m),17.398(43.495%)(0.793m),10.201(25.502%)(0.022m),1509.104,6474.668,69.8,1.3972,"[1.674, 2.032, 1.621, 1.751, 2.305, 1.721]","[3.678, 4.222, 4.068, 3.864, 4.493, 4.145]","[-6.540, -5.579, -6.007, -5.782, -5.933, -6.473]"
579,3,16.8627,5.2517,0.291,1157,3312,144,234,0.314,100,1.90,20956,5312.87,1,1,16.813(21.016%)(0.000m),34.000(30.000%)(1.500m),56.000(49.412%)(3.857m),40.000(35.294%)(2.143m),20.000(25.000%)(0.000m),11.786(29.465%)(0.191m),14.000(35.000%)(0.429m),501.173,5145.162,66.3,1.4417,"[1.829, 2.044, 1.603, 1.900, 2.390, 1.796]","[4.429, 4.231, 3.891, 5.029, 4.421, 3.938]","[-4.651, -3.552, -5.703, -4.617, -3.102, -5.591]"
580,3,2.0337,5.2169,0.284,384,1136,14,7,0.314,70,1.90,20995,1792.74,0,0,30.000(37.500%)(1.071m),51.000(45.000%)(3.321m),49.961(44.083%)(3.210m),20.528(18.113%)(0.057m),11.325(14.156%)(0.000m),23.000(57.500%)(1.393m),10.018(25.044%)(0.002m),675.603,7954.573,68.5,1.4593,"[1.971, 2.286, 2.165, 1.964, 2.520, 2.229]","[3.967, 4.186, 3.977, 4.185, 4.548, 4.023]","[-5.799, -5.334, -5.893, -6.043, -6.305, -6.933]"
581,3,2.2602,5.3270,0.282,394,1166,53,105,0.313,70,1.89,21035,1877.85,0,0,27.000(33.750%)(0.750m),38.000(33.530%)(1.929m),30.022(26.491%)(1.074m),16.564(14.616%)(0.000m),10.466(13.083%)(0.000m),32.000(80.000%)(2.357m),10.991(27.477%)(0.106m),343.224,7268.488,68.5,1.4660,"[1.361, 1.897, 2.181, 1.370, 2.132, 2.121]","[4.091, 4.269, 4.011, 4.138, 4.735, 4.204]","[-5.477, -6.113, -4.833, -6.435, -5.932, -6.518]"
582,3,-3.8797,5.1288,0.273,195,538,28,14,0.312,45,1.89,21055,879.38,0,0,21.000(26.250%)(0.107m),20.000(17.647%)(0.000m),23.000(20.294%)(0.321m),21.601(19.059%)(0.171m),14.306(17.883%)(0.000m),40.000(100.000%)(3.214m),16.173(40.434%)(0.661m),0.000,11640.230,63.9,1.3410,"[1.507, 1.985, 1.846, 1.642, 2.116, 1.911]","[4.287, 4.374, 4.303, 4.330, 4.695, 4.542]","[-11.301, -6.619, -9.534, -8.700, -7.281, -9.308]"
583,3,7.1481,4.9722,0.294,529,1506,40,0,0.312,80,1.89,21108,2435.80,0,0,11.206(14.008%)(0.000m),20.548(18.131%)(0.059m),51.000(45.000%)(3.321m),44.000(38.824%)(2.571m),32.000(40.000%)(1.286m),9.790(24.476%)(0.000m),23.000(57.500%)(1.393m),1368.236,6054.939,65.9,1.4434,"[2.463, 2.600, 2.190, 2.510, 2.909, 2.319]","[3.879, 4.501, 4.361, 4.066, 4.761, 4.297]","[-6.134, -6.607, -6.270, -5.808, -6.031, -5.977]"
584,3,17.0401,5.2927,0.306,860,2673,89,145,0.311,100,2.05,21194,3883.45,1,1,17.000(21.250%)(0.000m),36.000(31.765%)(1.714m),69.000(60.883%)(5.250m),51.000(45.000%)(3.321m),27.000(33.750%)(0.750m),12.000(30.000%)(0.214m),15.000(37.500%)(0.536m),592.743,4847.353,71.9,1.3644,"[2.092, 2.181, 1.613, 2.225, 2.456, 1.817]","[4.044, 4.459, 4.248, 4.427, 4.833, 4.370]","[-2.583, -4.641, -5.294, -2.277, -4.304, -5.062]"
585,3,5.4863,5.3439,0.296,435,1241,17,0,0.311,70,2.05,21238,1970.03,0,0,13.238(16.547%)(0.000m),28.541(25.183%)(0.915m),65.000(57.353%)(4.821m),50.000(44.118%)(3.214m),32.000(40.000%)(1.286m),9.680(24.200%)(0.000m),29.000(72.500%)(2.036m),1107.742,6774.228,66.0,1.3794,"[2.357, 2.372, 2.180, 2.347, 2.634, 2.315]","[3.936, 4.475, 4.245, 4.155, 4.764, 4.356]","[-3.718, -5.430, -6.420, -4.499, -5.902, -5.703]"
586,3,2.7022,5.4049,0.277,916,2656,182,145,0.310,95,2.05,21330,4343.61,0,0,9.780(12.225%)(0.000m),14.767(13.029%)(0.000m),24.764(21.851%)(0.510m),48.000(42.353%)(3.000m),24.000(30.000%)(0.429m),9.906(24.766%)(0.000m),17.000(42.500%)(0.750m),404.470,5213.870,67.1,1.5364,"[2.082, 2.176, 1.711, 2.076, 2.386, 1.885]","[4.389, 4.496, 4.273, 4.468, 4.625, 4.333]","[-5.654, -6.283, -5.445, -5.652, -5.983, -5.243]"
587,3,14.4925,5.6126,0.296,1029,3041,80,265,0.309,100,2.21,21433,4826.01,1,1,16.843(21.054%)(0.000m),36.009(31.773%)(1.715m),60.000(52.941%)(4.286m),43.000(37.941%)(2.464m),26.000(32.500%)(0.643m),11.820(29.550%)(0.195m),16.000(40.000%)(0.643m),484.120,6438.594,68.4,1.4207,"[2.024, 2.213, 1.811, 2.162, 2.533, 1.999]","[4.271, 4.372, 4.171, 4.427, 4.864, 4.224]","[-2.107, -2.225, -4.673, -2.901, -2.597, -4.320]"
588,3,8.2329,5.6358,0.290,539,1571,36,90,0.309,80,2.21,21487,2488.69,0,0,13.661(17.077%)(0.000m),29.882(26.367%)(1.059m),80.000(70.588%)(6.429m),67.000(59.118%)(5.036m),28.000(35.000%)(0.857m),9.584(23.960%)(0.000m),19.000(47.500%)(0.964m),1165.579,7792.272,67.5,1.4342,"[2.703, 2.988, 2.270, 2.872, 3.233, 2.443]","[4.459, 4.497, 4.324, 4.674, 4.811, 4.460]","[-2.462, -4.538, -5.397, -2.762, -4.236, -5.070]"
589,3,2.5336,5.3534,0.296,527,1421,18,2,0.308,75,2.21,21540,2471.18,0,0,38.000(47.500%)(1.929m),61.000(53.824%)(4.393m),33.596(29.644%)(1.457m),17.391(15.345%)(0.000m),10.615(13.269%)(0.000m),26.000(65.000%)(1.714m),10.615(26.538%)(0.066m),3283.293,10975.161,62.4,1.4133,"[2.894, 3.008, 2.844, 2.929, 3.315, 2.959]","[4.465, 4.518, 4.388, 4.575, 4.890, 4.506]","[-5.923, -5.505, -5.385, -7.077, -6.779, -5.550]"
590,3,3.4491,5.3174,0.291,539,1656,134,24,0.308,85,2.20,21594,2380.69,0,0,18.941(23.676%)(0.000m),20.000(17.647%)(0.000m),21.000(18.529%)(0.107m),23.000(20.294%)(0.321m),24.774(30.968%)(0.512m),13.308(33.270%)(0.354m),25.079(62.697%)(1.616m),0.000,5361.804,71.1,1.3858,"[2.048, 2.229, 1.564, 2.194, 2.412, 1.785]","[4.124, 4.513, 4.187, 4.616, 4.760, 4.296]","[-5.747, -5.912, -5.216, -5.641, -5.782, -5.687]"
591,3,24.6631,5.8631,0.301,1046,3075,137,53,0.307,100,2.37,21699,4647.48,1,1,17.953(22.441%)(0.000m),38.100(33.618%)(1.939m),71.000(62.647%)(5.464m),51.000(45.000%)(3.321m),35.000(43.750%)(1.607m),12.612(31.529%)(0.280m),26.000(65.000%)(1.714m),853.546,5943.128,68.0,1.3358,"[2.298, 2.402, 1.902, 2.361, 2.757, 2.120]","[4.218, 4.219, 4.063, 4.478, 4.517, 4.203]","[-0.640, -2.782, -5.839, -1.870, -2.885, -4.829]"
592,3,4.6230,5.7979,0.283,397,1163,12,34,0.306,70,2.36,21739,1723.83,0,0,12.193(15.241%)(0.000m),24.132(21.293%)(0.443m),63.000(55.588%)(4.607m),53.000(46.765%)(3.536m),36.000(45.000%)(1.714m),9.883(24.707%)(0.000m),26.000(65.000%)(1.714m),905.211,7291.947,67.8,1.2991,"[2.435, 2.488, 1.969, 2.461, 2.727, 2.183]","[4.207, 4.420, 4.117, 4.398, 4.789, 4.378]","[-4.839, -5.506, -6.276, -5.524, -5.825, -6.623]"
593,3,3.0784,5.3674,0.280,411,1198,14,44,0.306,70,2.36,21781,1891.42,0,0,12.597(15.746%)(0.000m),26.450(23.338%)(0.691m),73.948(65.249%)(5.780m),52.000(45.882%)(3.429m),28.000(35.000%)(0.857m),9.703(24.257%)(0.000m),24.000(60.000%)(1.500m),626.286,9013.501,67.5,1.3349,"[2.641, 2.547, 2.087, 2.582, 2.789, 2.270]","[4.309, 4.405, 4.204, 4.453, 4.683, 4.437]","[-4.681, -5.403, -5.759, -6.247, -5.739, -5.606]"
594,3,20.3064,5.7442,0.289,953,2870,0,145,0.305,100,2.53,21877,4394.73,1,1,26.610(33.263%)(0.708m),53.799(47.469%)(3.621m),71.000(62.647%)(5.464m),37.000(32.647%)(1.821m),26.000(32.500%)(0.643m),18.849(47.123%)(0.948m),22.000(55.000%)(1.286m),363.960,4799.789,69.7,1.4624,"[2.343, 2.713, 2.474, 2.342, 2.974, 2.565]","[4.567, 4.504, 4.287, 4.676, 4.899, 4.392]","[-3.568, -0.843, -4.336, -5.385, -1.577, -4.077]"
595,3,15.9460,5.9677,0.270,982,2936,83,220,0.304,100,2.69,21976,4561.52,2,1,20.198(25.248%)(0.021m),42.727(37.701%)(2.435m),66.000(58.235%)(4.929m),45.417(40.074%)(2.723m),18.000(22.500%)(0.000m),14.209(35.523%)(0.451m),13.000(32.500%)(0.321m),692.079,6291.591,69.2,1.4099,"[1.887, 2.284, 2.047, 2.062, 2.602, 2.128]","[4.468, 4.612, 4.385, 4.539, 4.891, 4.376]","[-4.818, -2.618, -4.464, -4.576, -2.055, -4.453]"
596,3,14.1628,6.2290,0.284,1057,3095,81,167,0.304,100,2.85,22082,4918.76,3,1,18.000(22.500%)(0.000m),38.000(33.530%)(1.929m),94.249(83.161%)(7.955m),48.000(42.353%)(3.000m),29.126(36.407%)(0.978m),13.000(32.500%)(0.321m),20.690(51.726%)(1.145m),709.323,6143.644,67.8,1.4029,"[2.129, 2.341, 1.911, 2.254, 2.636, 2.007]","[4.039, 4.408, 4.191, 4.222, 4.844, 4.363]","[-1.413, -3.585, -5.533, -1.378, -3.646, -5.867]"
597,3,4.5278,6.2456,0.293,341,1028,14,0,0.303,70,2.85,22117,1596.79,0,0,37.000(46.250%)(1.821m),65.000(57.353%)(4.821m),71.561(63.142%)(5.524m),25.768(22.737%)(0.618m),12.464(15.580%)(0.000m),26.000(65.000%)(1.714m),9.724(24.311%)(0.000m),1085.881,6486.726,69.8,1.4613,"[1.813, 2.442, 2.478, 1.767, 2.620, 2.486]","[3.807, 4.313, 4.055, 4.011, 4.650, 4.134]","[-6.523, -5.798, -4.076, -7.201, -5.358, -5.416]"
598,3,4.7673,6.2051,0.287,369,1085,18,59,0.303,70,2.84,22154,1640.44,0,0,28.000(35.000%)(0.857m),58.000(51.177%)(4.071m),31.692(27.964%)(1.253m),16.687(14.724%)(0.000m),10.277(12.846%)(0.000m),20.000(50.000%)(1.071m),10.403(26.008%)(0.043m),844.227,8765.395,68.1,1.4049,"[2.419, 2.609, 2.212, 2.468, 2.871, 2.259]","[4.176, 4.469, 4.311, 4.166, 4.781, 4.433]","[-6.313, -5.112, -5.800, -6.198, -5.878, -6.893]"
599,3,-5.4169,6.1206,0.291,337,859,0,43,0.302,55,2.84,22188,1506.00,0,0,23.184(28.979%)(0.341m),31.000(27.353%)(1.179m),65.000(57.353%)(4.821m),25.000(22.059%)(0.536m),13.000(16.250%)(0.000m),16.448(41.120%)(0.691m),37.849(94.622%)(2.984m),511.866,11006.579,59.0,1.4278,"[1.891, 2.049, 1.716, 2.069, 2.480, 1.730]","[4.027, 4.165, 4.047, 4.208, 4.507, 4.171]","[-7.178, -6.742, -4.732, -5.283, -2.819, -5.222]"
600,3,25.4722,6.6489,0.282,931,2824,104,99,0.301,100,3.00,22282,4142.97,1,1,18.737(23.422%)(0.000m),39.897(35.204%)(2.132m),65.000(57.353%)(4.821m),41.000(36.177%)(2.250m),25.000(31.250%)(0.536m),13.171(32.927%)(0.340m),20.000(50.000%)(1.071m),430.954,5884.872,70.2,1.3158,"[2.166, 2.386, 1.726, 2.328, 2.702, 1.942]","[4.266, 4.394, 4.133, 4.353, 4.670, 4.216]","[-2.936, -0.519, -5.022, -4.637, -1.357, -4.523]"
601,3,11.3841,6.5869,0.285,734,2261,117,66,0.301,95,3.00,22356,3357.03,0,0,11.188(13.986%)(0.000m),19.420(17.136%)(0.000m),42.405(37.417%)(2.401m),50.000(44.118%)(3.214m),25.000(31.250%)(0.536m),10.396(25.991%)(0.042m),19.000(47.500%)(0.964m),516.320,5066.887,71.3,1.3929,"[1.938, 2.247, 1.630, 1.984, 2.479, 1.781]","[4.011, 4.462, 4.194, 4.180, 4.830, 4.304]","[-5.925, -5.866, -5.528, -6.624, -5.948, -5.736]"
602,3,7.0887,6.6077,0.276,583,1775,2,43,0.300,85,2.99,22415,2699.62,0,0,12.000(15.000%)(0.000m),21.000(18.529%)(0.107m),66.000(58.235%)(4.929m),35.000(30.882%)(1.607m),24.000(30.000%)(0.429m),10.000(25.000%)(0.000m),23.000(57.500%)(1.393m),391.112,6662.894,70.5,1.3753,"[1.738, 2.174, 1.957, 1.796, 2.405, 2.054]","[3.871, 4.309, 4.020, 4.039, 4.621, 4.253]","[-6.210, -5.838, -5.917, -6.227, -4.791, -4.623]"
603,3,19.6633,6.9085,0.292,888,2731,85,74,0.300,100,3.15,22504,3993.07,1,1,16.686(20.858%)(0.000m),35.699(31.499%)(1.682m),65.000(57.353%)(4.821m),41.000(36.177%)(2.250m),23.000(28.750%)(0.321m),11.709(29.273%)(0.183m),22.000(55.000%)(1.286m),634.393,4489.882,71.2,1.3571,"[2.143, 2.444, 1.857, 2.233, 2.811, 2.025]","[3.857, 4.089, 3.868, 4.225, 4.550, 4.168]","[-4.187, -1.688, -4.375, -5.172, -1.543, -4.380]"
604,3,0.3419,6.8164,0.264,213,586,4,16,0.299,50,3.15,22526,1000.79,0,0,41.000(51.250%)(2.250m),75.000(66.177%)(5.893m),33.000(29.118%)(1.393m),17.000(15.000%)(0.000m),11.000(13.750%)(0.000m),40.000(100.000%)(3.214m),40.000(100.000%)(3.214m),4582.652,13184.754,63.7,1.6168,"[2.620, 2.963, 2.846, 2.730, 3.277, 3.012]","[4.252, 4.238, 4.040, 4.279, 4.625, 4.160]","[-7.357, -5.951, -11.135, -7.304, -6.502, -9.098]"
605,3,3.1711,6.8416,0.275,568,1759,42,113,0.298,85,3.14,22583,2484.64,0,0,12.000(15.000%)(0.000m),57.000(50.294%)(3.964m),85.000(75.000%)(6.964m),40.834(36.030%)(2.232m),19.298(24.123%)(0.000m),10.000(25.000%)(0.000m),13.575(33.938%)(0.383m),819.411,5365.537,71.7,1.3225,"[1.774, 2.233, 2.093, 1.961, 2.578, 2.274]","[3.689, 4.241, 3.949, 4.035, 4.528, 4.022]","[-4.220, -6.676, -7.329, -4.309, -5.518, -5.158]"
606,3,8.0790,6.8890,0.279,429,1261,29,39,0.298,75,3.14,22626,1973.33,0,0,11.827(14.783%)(0.000m),21.686(19.135%)(0.181m),54.487(48.077%)(3.695m),62.000(54.706%)(4.500m),33.000(41.250%)(1.393m),10.333(25.831%)(0.036m),28.000(70.000%)(1.929m),883.915,9547.098,68.0,1.4473,"[2.795, 2.754, 2.034, 2.933, 3.057, 2.274]","[4.403, 4.575, 4.293, 4.650, 4.888, 4.516]","[-5.502, -6.625, -5.784, -4.880, -5.830, -5.680]"
607,3,25.7897,7.0478,0.283,955,2875,111,35,0.297,100,3.29,22722,4453.25,1,1,19.029(23.787%)(0.000m),40.446(35.688%)(2.191m),58.000(51.177%)(4.071m),44.000(38.824%)(2.571m),29.000(36.250%)(0.964m),13.370(33.426%)(0.361m),21.000(52.500%)(1.179m),459.831,5410.326,69.7,1.3439,"[2.492, 2.740, 1.984, 2.654, 3.102, 2.213]","[4.395, 4.681, 4.332, 4.547, 4.968, 4.472]","[-2.164, -0.629, -5.030, -3.745, -1.029, -4.924]"
608,3,8.0570,7.1378,0.281,472,1419,47,8,0.297,80,3.29,22770,2116.99,0,0,11.832(14.790%)(0.000m),21.954(19.371%)(0.209m),57.020(50.312%)(3.966m),58.000(51.177%)(4.071m),31.000(38.750%)(1.179m),10.210(25.524%)(0.022m),22.000(55.000%)(1.286m),1115.115,6642.088,69.6,1.4249,"[2.422, 2.531, 1.817, 2.600, 2.847, 2.062]","[4.153, 4.321, 4.112, 4.208, 4.596, 4.188]","[-4.516, -5.214, -5.759, -4.522, -4.878, -5.079]"
609,3,11.2268,7.3189,0.270,492,1501,112,14,0.296,80,3.28,22820,2338.11,0,0,12.421(15.526%)(0.000m),24.933(21.999%)(0.528m),79.000(69.706%)(6.321m),51.000(45.000%)(3.321m),28.000(35.000%)(0.857m),9.941(24.853%)(0.000m),26.000(65.000%)(1.714m),596.273,6915.654,70.6,1.4448,"[2.552, 2.665, 1.394, 2.797, 2.978, 1.599]","[4.280, 4.333, 4.268, 4.433, 4.710, 4.376]","[-1.884, -5.229, -5.146, -2.286, -5.011, -4.669]"
610,3,7.3047,7.5895,0.265,529,1562,73,56,0.295,80,3.28,22873,2496.35,0,0,11.419(14.274%)(0.000m),20.939(18.476%)(0.101m),52.611(46.422%)(3.494m),52.000(45.882%)(3.429m),30.000(37.500%)(1.071m),9.977(24.942%)(0.000m),26.000(65.000%)(1.714m),649.335,7827.337,68.3,1.4392,"[2.457, 2.774, 2.264, 2.619, 3.129, 2.449]","[4.094, 4.428, 4.371, 4.244, 4.863, 4.533]","[-5.517, -5.671, -4.951, -5.513, -5.153, -5.337]"
611,3,2.9440,7.2973,0.285,345,1043,38,79,0.295,70,3.27,22908,1669.18,0,0,24.000(30.000%)(0.429m),21.000(18.529%)(0.107m),20.000(17.647%)(0.000m),20.000(17.647%)(0.000m),39.000(48.750%)(2.036m),17.000(42.500%)(0.750m),24.000(60.000%)(1.500m),0.000,5562.889,70.0,1.5621,"[2.052, 2.363, 2.222, 1.899, 2.526, 2.250]","[4.102, 4.570, 4.355, 4.222, 4.772, 4.404]","[-5.349, -6.390, -4.608, -7.887, -6.539, -6.050]"
612,3,9.5601,7.2151,0.289,513,1535,32,63,0.294,80,3.27,22960,2432.49,0,0,12.225(15.282%)(0.000m),24.196(21.350%)(0.450m),78.337(69.121%)(6.250m),49.000(43.235%)(3.107m),28.000(35.000%)(0.857m),9.909(24.773%)(0.000m),20.000(50.000%)(1.071m),604.524,7540.108,69.3,1.5201,"[2.828, 3.096, 2.638, 2.990, 3.473, 2.873]","[4.431, 4.823, 4.491, 4.693, 5.101, 4.501]","[-4.096, -5.352, -5.361, -4.219, -5.041, -5.010]"
613,3,5.4379,7.3006,0.297,604,1810,77,118,0.294,85,3.26,23021,2835.65,0,0,12.000(15.000%)(0.000m),20.000(17.647%)(0.000m),43.000(37.941%)(2.464m),36.924(32.580%)(1.813m),17.544(21.931%)(0.000m),20.000(50.000%)(1.071m),12.344(30.860%)(0.251m),1107.794,5163.026,69.3,1.3857,"[2.070, 2.508, 2.518, 2.269, 2.750, 2.515]","[4.222, 4.801, 4.550, 4.527, 5.136, 4.741]","[-7.147, -5.867, -6.898, -7.370, -6.206, -6.371]"
614,3,5.5440,7.1936,0.291,717,2060,164,48,0.293,85,3.26,23093,3263.76,0,0,16.772(20.965%)(0.000m),35.714(31.513%)(1.684m),60.000(52.941%)(4.286m),19.000(16.765%)(0.000m),11.000(13.750%)(0.000m),11.783(29.458%)(0.191m),23.000(57.500%)(1.393m),901.204,8098.114,66.5,1.3911,"[2.470, 2.664, 2.163, 2.587, 2.962, 2.263]","[4.650, 4.630, 4.730, 4.814, 5.036, 4.668]","[-5.408, -7.553, -6.651, -7.478, -6.490, -6.064]"
615,3,1.1067,7.1903,0.279,265,718,16,59,0.293,55,3.25,23120,1190.37,0,0,45.000(56.250%)(2.679m),93.000(82.059%)(7.821m),113.333(100.000%)(10.000m),24.000(21.177%)(0.429m),13.000(16.250%)(0.000m),38.000(95.000%)(3.000m),10.000(25.000%)(0.000m),5330.397,13051.728,62.7,1.2630,"[2.367, 3.206, 3.296, 2.440, 3.595, 3.536]","[4.477, 4.704, 4.611, 4.697, 5.108, 4.818]","[-6.186, -3.746, -3.956, -4.710, -4.976, -3.286]"
616,3,25.5486,7.6850,0.283,1119,3228,16,96,0.292,100,3.41,23232,5205.15,1,1,22.939(28.673%)(0.315m),46.741(41.242%)(2.865m),56.000(49.412%)(3.857m),47.000(41.471%)(2.893m),27.000(33.750%)(0.750m),16.232(40.580%)(0.668m),19.000(47.500%)(0.964m),923.602,6321.517,66.8,1.3395,"[2.625, 2.902, 2.632, 2.701, 3.264, 2.777]","[4.532, 4.787, 4.563, 4.550, 5.103, 4.576]","[-1.321, -2.015, -4.342, -1.458, -0.541, -4.324]"
617,3,1.7322,7.6153,0.330,186,540,2,14,0.291,45,3.40,23251,859.21,0,0,36.000(45.000%)(1.714m),61.000(53.824%)(4.393m),27.000(23.824%)(0.750m),16.000(14.118%)(0.000m),10.000(12.500%)(0.000m),37.000(92.500%)(2.893m),40.000(100.000%)(3.214m),4021.348,9836.268,67.2,1.4208,"[2.935, 3.286, 3.084, 3.092, 3.612, 3.087]","[4.418, 4.875, 4.682, 4.551, 5.164, 4.733]","[-7.141, -7.916, -12.131, -6.990, -6.652, -10.316]"
618,3,0.4039,7.5729,0.279,518,1560,17,111,0.291,80,3.40,23303,2457.69,0,0,24.000(30.000%)(0.429m),49.000(43.235%)(3.107m),35.227(31.083%)(1.631m),17.579(15.511%)(0.000m),10.534(13.168%)(0.000m),18.000(45.000%)(0.857m),10.280(25.699%)(0.030m),1005.152,5478.470,69.7,1.4633,"[1.845, 2.236, 2.032, 1.801, 2.386, 2.182]","[4.036, 4.542, 4.513, 4.177, 4.755, 4.580]","[-5.424, -5.020, -6.476, -5.275, -5.366, -6.749]"
619,3,1.7167,7.5818,0.281,691,1992,139,56,0.290,85,3.39,23373,3171.07,0,0,23.469(29.336%)(0.372m),35.000(30.882%)(1.607m),32.000(28.235%)(1.286m),17.000(15.000%)(0.000m),21.703(27.129%)(0.183m),16.667(41.668%)(0.714m),15.329(38.321%)(0.571m),788.861,5747.180,66.7,1.4478,"[1.886, 2.208, 1.780, 1.852, 2.293, 1.735]","[4.217, 4.849, 4.424, 4.490, 5.281, 4.449]","[-5.983, -5.721, -8.225, -5.936, -5.386, -7.521]"
620,3,-3.5508,7.4721,0.311,149,376,16,0,0.290,35,3.39,23388,649.24,0,0,78.639(98.299%)(6.283m),80.000(70.588%)(6.429m),34.680(30.600%)(1.573m),17.634(15.559%)(0.000m),10.666(13.332%)(0.000m),40.000(100.000%)(3.214m),10.536(26.341%)(0.057m),2490.692,16286.862,58.4,1.4078,"[1.488, 2.553, 2.954, 1.448, 2.675, 2.899]","[4.249, 4.797, 4.601, 4.478, 5.146, 4.698]","[-5.546, -5.204, -5.142, -5.359, -5.493, -5.911]"
621,3,15.3767,7.7806,0.279,1048,3083,114,36,0.289,100,3.54,23493,4822.82,1,1,22.849(28.561%)(0.305m),47.314(41.748%)(2.927m),65.000(57.353%)(4.821m),41.855(36.931%)(2.342m),20.071(25.088%)(0.008m),16.112(40.280%)(0.655m),14.209(35.522%)(0.451m),737.082,5588.920,68.1,1.4076,"[2.044, 2.561, 2.251, 2.221, 2.811, 2.358]","[4.351, 4.827, 4.687, 4.489, 5.152, 4.725]","[-3.295, -1.053, -5.098, -3.824, -0.819, -4.379]"
622,3,15.8003,8.0327,0.286,897,2752,14,121,0.288,100,3.70,23583,4104.54,2,1,22.200(27.750%)(0.236m),40.000(35.294%)(2.143m),74.000(65.294%)(5.786m),53.000(46.765%)(3.536m),25.628(32.035%)(0.603m),15.645(39.112%)(0.605m),18.138(45.344%)(0.872m),673.901,6166.385,71.0,1.4003,"[2.103, 2.526, 2.104, 2.154, 2.796, 2.170]","[4.120, 4.605, 4.602, 4.222, 4.980, 4.615]","[-2.154, -1.036, -4.961, -1.940, -2.224, -4.612]"
623,3,5.5005,8.0546,0.280,414,1178,18,53,0.288,70,3.69,23625,1879.48,0,0,9.819(12.274%)(0.000m),14.406(12.711%)(0.000m),23.143(20.420%)(0.337m),54.000(47.647%)(3.643m),33.000(41.250%)(1.393m),11.666(29.165%)(0.179m),23.000(57.500%)(1.393m),1224.126,6506.696,65.9,1.3440,"[2.306, 2.476, 2.122, 2.346, 2.729, 2.238]","[3.986, 4.638, 4.394, 4.174, 4.938, 4.476]","[-5.976, -6.520, -7.698, -6.393, -6.151, -6.848]"
624,3,5.2450,8.1126,0.264,413,1257,53,43,0.287,75,3.69,23667,1846.90,0,0,12.902(16.128%)(0.000m),27.797(24.526%)(0.835m),66.000(58.235%)(4.929m),46.000(40.588%)(2.786m),34.000(42.500%)(1.500m),9.684(24.211%)(0.000m),24.000(60.000%)(1.500m),504.016,6772.235,70.4,1.3496,"[2.255, 2.347, 1.593, 2.406, 2.640, 1.720]","[4.002, 4.469, 4.196, 4.228, 4.835, 4.220]","[-4.044, -6.026, -5.852, -3.760, -4.946, -5.906]"
625,3,1.7184,8.0121,0.262,332,878,6,16,0.287,60,3.68,23701,1522.76,0,0,11.000(13.750%)(0.000m),65.000(57.353%)(4.821m),112.000(98.824%)(9.857m),76.000(67.059%)(6.000m),39.000(48.750%)(2.036m),11.000(27.500%)(0.107m),28.000(70.000%)(1.929m),3173.904,16634.731,61.2,1.4052,"[2.775, 2.908, 2.796, 3.005, 3.409, 3.044]","[3.876, 4.268, 4.005, 4.031, 4.607, 4.267]","[-2.062, -4.804, -5.538, -1.827, -4.089, -4.448]"
626,3,13.6516,8.2228,0.258,753,2317,77,10,0.286,95,3.67,23777,3469.65,0,0,12.863(16.079%)(0.000m),27.780(24.512%)(0.834m),78.349(69.131%)(6.252m),53.000(46.765%)(3.536m),29.000(36.250%)(0.964m),9.655(24.138%)(0.000m),23.000(57.500%)(1.393m),648.020,5831.195,71.2,1.3718,"[2.440, 2.579, 1.886, 2.642, 2.942, 2.139]","[4.439, 4.479, 4.184, 4.571, 4.818, 4.412]","[-3.398, -5.474, -5.566, -3.627, -5.455, -4.918]"
627,3,8.5250,8.3031,0.269,1188,3291,136,226,0.286,95,3.67,23896,5429.08,0,0,12.388(15.485%)(0.000m),24.865(21.940%)(0.521m),69.000(60.883%)(5.250m),31.164(27.498%)(1.196m),14.656(18.320%)(0.000m),9.914(24.786%)(0.000m),10.295(25.736%)(0.032m),370.282,7647.341,64.1,1.3756,"[1.911, 2.311, 2.059, 2.043, 2.638, 2.214]","[4.309, 4.257, 4.173, 4.319, 4.942, 4.398]","[-5.224, -7.471, -6.004, -5.070, -6.381, -5.904]"
628,3,13.5317,8.4478,0.282,713,2214,93,45,0.285,95,3.66,23968,3388.90,0,0,21.453(26.816%)(0.156m),44.775(39.507%)(2.654m),20.000(17.647%)(0.000m),20.000(17.647%)(0.000m),25.000(31.250%)(0.536m),15.106(37.765%)(0.547m),25.000(62.500%)(1.607m),0.000,4796.658,71.9,1.3811,"[2.285, 2.584, 2.039, 2.418, 2.785, 2.135]","[4.240, 4.749, 4.447, 4.384, 5.104, 4.417]","[-6.036, -4.347, -5.485, -5.432, -5.482, -4.863]"
629,3,13.7356,8.3853,0.278,961,2674,92,151,0.284,95,3.66,24065,4389.87,0,0,12.610(15.763%)(0.000m),26.423(23.314%)(0.688m),55.000(48.530%)(3.750m),36.000(31.765%)(1.714m),27.000(33.750%)(0.750m),9.713(24.283%)(0.000m),22.000(55.000%)(1.286m),723.515,8639.147,64.4,1.4082,"[2.318, 2.478, 2.040, 2.444, 2.820, 2.120]","[4.497, 4.638, 4.553, 4.595, 5.028, 4.684]","[-4.807, -6.162, -5.708, -4.990, -5.353, -6.348]"
630,3,18.7557,8.7197,0.273,961,2890,32,144,0.284,100,3.81,24162,4451.86,1,1,22.471(28.089%)(0.265m),47.282(41.719%)(2.923m),75.000(66.177%)(5.893m),47.000(41.471%)(2.893m),24.000(30.000%)(0.429m),15.838(39.594%)(0.625m),17.000(42.500%)(0.750m),740.270,6770.266,69.6,1.3475,"[2.306, 2.619, 2.248, 2.401, 2.948, 2.421]","[4.398, 4.698, 4.520, 4.311, 5.008, 4.585]","[-1.626, -1.102, -4.140, -2.087, 0.556, -3.924]"
631,3,16.1283,8.9971,0.271,1082,3151,161,189,0.283,100,3.96,24271,4956.69,2,1,16.657(20.821%)(0.000m),35.774(31.565%)(1.690m),57.000(50.294%)(3.964m),42.000(37.059%)(2.357m),25.000(31.250%)(0.536m),11.675(29.187%)(0.179m),23.000(57.500%)(1.393m),359.563,6154.784,67.4,1.4087,"[2.263, 2.407, 1.809, 2.329, 2.689, 1.855]","[4.333, 4.648, 4.254, 4.413, 5.020, 4.438]","[-3.713, -1.552, -5.985, -5.052, -2.751, -5.916]"
632,3,-0.1357,9.0720,0.263,224,655,14,35,0.283,50,3.96,24294,1033.51,0,0,17.000(21.250%)(0.000m),77.000(67.941%)(6.107m),110.000(97.059%)(9.643m),61.000(53.824%)(4.393m),32.000(40.000%)(1.286m),10.000(25.000%)(0.000m),27.000(67.500%)(1.821m),3246.697,9261.088,67.7,1.4959,"[2.314, 2.454, 2.197, 2.355, 2.713, 2.350]","[3.903, 4.383, 4.037, 3.993, 4.631, 4.085]","[-2.113, -5.113, -5.982, -2.225, -4.527, -4.649]"
633,3,6.5657,9.0603,0.265,483,1358,21,12,0.282,75,3.95,24343,2219.11,0,0,12.169(15.212%)(0.000m),24.086(21.252%)(0.438m),58.000(51.177%)(4.071m),40.000(35.294%)(2.143m),31.000(38.750%)(1.179m),9.864(24.659%)(0.000m),27.000(67.500%)(1.821m),839.098,6739.876,65.1,1.3054,"[2.448, 2.519, 2.110, 2.393, 2.747, 2.186]","[4.043, 4.443, 4.177, 4.022, 4.690, 4.253]","[-3.741, -6.105, -6.119, -3.913, -5.434, -6.062]"
634,3,5.5857,8.8312,0.261,413,1216,26,15,0.282,70,3.94,24385,1882.11,0,0,10.718(13.397%)(0.000m),18.056(15.932%)(0.000m),36.907(32.565%)(1.811m),40.000(35.294%)(2.143m),30.000(37.500%)(1.071m),10.332(25.830%)(0.036m),23.000(57.500%)(1.393m),416.826,6235.049,68.1,1.3507,"[2.411, 2.705, 2.348, 2.411, 2.864, 2.430]","[4.055, 4.584, 4.273, 4.207, 4.857, 4.454]","[-4.606, -5.197, -5.390, -4.702, -4.920, -4.972]"
635,3,9.8346,8.9182,0.287,399,1187,16,0,0.281,70,3.94,24425,1829.17,0,0,11.773(14.717%)(0.000m),21.588(19.049%)(0.170m),54.242(47.861%)(3.669m),53.000(46.765%)(3.536m),31.000(38.750%)(1.179m),10.286(25.715%)(0.031m),22.000(55.000%)(1.286m),634.322,8732.919,68.8,1.3799,"[3.000, 3.107, 2.494, 3.055, 3.407, 2.642]","[4.352, 4.522, 4.359, 4.462, 4.866, 4.422]","[-5.791, -5.838, -5.693, -5.387, -5.187, -5.554]"
636,3,7.1148,9.0064,0.275,543,1656,107,12,0.280,85,3.93,24480,2400.13,0,0,17.229(21.537%)(0.000m),20.000(17.647%)(0.000m),19.000(16.765%)(0.000m),59.000(52.059%)(4.179m),35.000(43.750%)(1.607m),12.089(30.223%)(0.224m),26.000(65.000%)(1.714m),0.000,6675.150,70.6,1.3861,"[2.689, 2.848, 1.767, 2.863, 3.094, 1.807]","[4.455, 4.705, 4.297, 4.563, 5.031, 4.433]","[-4.704, -5.002, -5.156, -5.843, -5.490, -6.613]"
637,3,7.8542,8.8737,0.277,530,1562,81,43,0.280,80,3.92,24533,2374.60,0,0,11.145(13.931%)(0.000m),20.202(17.825%)(0.022m),49.166(43.382%)(3.125m),61.000(53.824%)(4.393m),29.000(36.250%)(0.964m),9.858(24.646%)(0.000m),22.000(55.000%)(1.286m),888.082,9668.034,68.2,1.3674,"[2.861, 3.149, 2.567, 3.024, 3.441, 2.680]","[4.631, 4.742, 4.630, 4.727, 5.093, 4.785]","[-5.195, -5.455, -5.231, -5.045, -5.101, -5.475]"
638,3,1.3557,8.7361,0.269,443,1343,92,80,0.279,75,3.92,24578,2054.40,0,0,13.533(16.916%)(0.000m),30.372(26.799%)(1.111m),61.000(53.824%)(4.393m),38.000(33.530%)(1.929m),17.000(21.250%)(0.000m),9.638(24.094%)(0.000m),12.000(30.000%)(0.214m),269.087,5961.496,70.2,1.4475,"[2.139, 2.361, 1.655, 2.397, 2.619, 1.778]","[4.306, 4.772, 4.463, 4.498, 5.187, 4.703]","[-5.629, -4.192, -5.633, -4.356, -3.468, -5.479]"
639,3,9.5884,8.8772,0.270,952,2729,38,70,0.279,95,3.91,24674,4545.02,0,0,8.894(11.117%)(0.000m),12.702(11.208%)(0.000m),19.653(17.341%)(0.000m),43.049(37.985%)(2.470m),20.388(25.485%)(0.042m),11.112(27.781%)(0.119m),14.357(35.892%)(0.467m),674.791,6448.963,66.3,1.4417,"[2.480, 2.831, 2.676, 2.502, 3.069, 2.777]","[4.464, 4.799, 4.619, 4.589, 5.201, 4.723]","[-5.913, -6.831, -5.568, -5.850, -6.223, -7.461]"
640,3,6.8162,8.9446,0.286,385,1176,30,12,0.278,75,3.91,24713,1768.60,0,0,12.503(15.629%)(0.000m),25.849(22.808%)(0.627m),94.000(82.941%)(7.929m),47.000(41.471%)(2.893m),28.000(35.000%)(0.857m),9.755(24.387%)(0.000m),24.000(60.000%)(1.500m),485.848,6375.006,70.7,1.3591,"[2.952, 2.918, 2.244, 2.964, 3.194, 2.288]","[4.295, 4.810, 4.546, 4.483, 5.193, 4.580]","[-6.345, -6.283, -5.869, -5.532, -4.867, -5.329]"
641,3,8.8809,8.6289,0.279,430,1225,0,19,0.278,70,3.90,24756,1948.84,0,0,36.000(45.000%)(1.714m),81.000(71.471%)(6.536m),66.000(58.235%)(4.929m),23.000(20.294%)(0.321m),25.000(31.250%)(0.536m),24.000(60.000%)(1.500m),23.000(57.500%)(1.393m),0.000,7131.285,65.9,1.3006,"[3.003, 3.375, 3.220, 3.037, 3.631, 3.266]","[4.586, 4.815, 4.760, 4.734, 5.131, 4.755]","[-8.402, -6.943, -7.996, -7.570, -6.211, -7.209]"
642,3,19.1469,8.9194,0.282,850,2632,69,66,0.277,95,3.89,24841,3903.23,0,0,11.610(14.513%)(0.000m),21.045(18.569%)(0.112m),51.219(45.194%)(3.345m),50.000(44.118%)(3.214m),28.000(35.000%)(0.857m),10.270(25.675%)(0.029m),19.000(47.500%)(0.964m),716.283,5344.110,71.7,1.4100,"[2.373, 2.624, 2.055, 2.525, 2.935, 2.109]","[4.354, 4.878, 4.741, 4.540, 5.107, 4.719]","[-5.433, -5.242, -5.659, -5.427, -4.818, -5.836]"
643,3,13.4497,9.1268,0.286,772,2335,14,11,0.277,95,3.89,24919,3486.46,0,0,8.828(11.034%)(0.000m),12.607(11.124%)(0.000m),19.507(17.212%)(0.000m),50.553(44.606%)(3.274m),24.112(30.140%)(0.441m),11.030(27.574%)(0.110m),17.026(42.565%)(0.753m),651.103,5253.949,70.0,1.3567,"[2.644, 2.862, 2.608, 2.697, 3.122, 2.590]","[4.508, 4.779, 4.382, 4.623, 5.140, 4.512]","[-5.978, -6.863, -6.377, -6.230, -6.788, -7.721]"
644,3,11.1489,8.9437,0.284,943,2816,111,133,0.276,95,3.88,25014,4296.40,0,0,12.479(15.599%)(0.000m),25.800(22.765%)(0.621m),63.000(55.588%)(4.607m),50.000(44.118%)(3.214m),29.000(36.250%)(0.964m),9.736(24.341%)(0.000m),18.000(45.000%)(0.857m),654.064,7843.567,69.1,1.3595,"[2.302, 2.619, 2.116, 2.425, 2.916, 2.247]","[4.911, 5.065, 4.829, 4.976, 5.266, 4.789]","[-6.686, -5.244, -5.383, -6.546, -4.274, -5.367]"
645,3,1.6167,8.6571,0.266,490,1384,24,119,0.275,75,3.88,25063,2242.22,0,0,12.000(15.000%)(0.000m),21.000(18.529%)(0.107m),68.000(60.000%)(5.143m),37.000(32.647%)(1.821m),18.000(22.500%)(0.000m),23.000(57.500%)(1.393m),13.000(32.500%)(0.321m),1738.713,6926.393,65.3,1.3394,"[1.970, 2.366, 2.044, 2.109, 2.641, 2.059]","[3.984, 4.464, 4.087, 4.088, 4.780, 4.209]","[-5.184, -4.190, -5.517, -6.994, -5.401, -5.995]"
646,3,25.6409,8.8866,0.267,850,2648,39,106,0.275,100,4.02,25148,3972.71,1,1,24.859(31.074%)(0.521m),52.043(45.920%)(3.433m),44.000(38.824%)(2.571m),33.000(29.118%)(1.393m),20.000(25.000%)(0.000m),17.566(43.916%)(0.811m),14.000(35.000%)(0.429m),95.060,5440.242,72.1,1.4250,"[2.121, 2.474, 2.263, 2.263, 2.808, 2.417]","[4.426, 4.628, 4.440, 4.369, 4.950, 4.418]","[-5.453, -3.689, -3.684, -6.024, -4.786, -4.169]"
647,3,5.9566,8.9152,0.273,851,2499,56,91,0.274,95,4.02,25234,3917.89,0,0,25.221(31.526%)(0.559m),33.000(29.118%)(1.393m),24.715(21.807%)(0.505m),14.566(12.852%)(0.000m),9.575(11.969%)(0.000m),17.828(44.570%)(0.839m),10.692(26.729%)(0.074m),890.378,5030.321,68.0,1.3777,"[1.843, 2.266, 2.223, 1.849, 2.540, 2.287]","[4.359, 4.632, 4.359, 4.406, 5.034, 4.484]","[-6.959, -6.234, -8.161, -7.774, -6.561, -8.056]"
648,3,3.1903,8.8837,0.276,563,1732,70,142,0.274,85,4.01,25291,2638.77,0,0,17.268(21.586%)(0.000m),36.901(32.560%)(1.811m),74.000(65.294%)(5.786m),22.000(19.412%)(0.214m),12.000(15.000%)(0.000m),12.112(30.279%)(0.226m),10.000(25.000%)(0.000m),291.948,5435.560,71.2,1.3727,"[2.663, 2.817, 2.097, 2.873, 3.153, 2.212]","[4.484, 4.687, 4.529, 4.747, 5.058, 4.785]","[-5.950, -7.573, -5.419, -6.845, -5.440, -6.015]"
649,3,9.1736,9.1755,0.277,504,1528,105,4,0.273,80,4.01,25342,2307.36,0,0,13.009(16.262%)(0.000m),28.160(24.847%)(0.874m),71.000(62.647%)(5.464m),65.000(57.353%)(4.821m),36.000(45.000%)(1.714m),9.639(24.096%)(0.000m),26.000(65.000%)(1.714m),943.843,5849.833,70.2,1.3719,"[2.755, 3.087, 2.311, 2.914, 3.320, 2.341]","[4.176, 4.639, 4.394, 4.325, 4.977, 4.500]","[-1.164, -5.807, -4.609, -1.754, -5.430, -4.669]"
650,3,9.1508,8.8491,0.291,804,2456,167,71,0.273,95,4.00,25423,3655.45,0,0,13.110(16.387%)(0.000m),28.478(25.127%)(0.908m),52.000(45.882%)(3.429m),45.000(39.706%)(2.679m),24.000(30.000%)(0.429m),9.713(24.283%)(0.000m),18.000(45.000%)(0.857m),397.740,4566.881,70.7,1.3405,"[2.200, 2.361, 1.646, 2.272, 2.589, 1.788]","[3.988, 4.546, 4.374, 4.338, 5.060, 4.471]","[-2.904, -5.209, -6.323, -4.333, -4.550, -5.388]"
651,3,-0.3495,8.6144,0.255,324,932,15,64,0.272,65,3.99,25456,1510.65,0,0,10.075(12.593%)(0.000m),15.687(13.841%)(0.000m),27.648(24.395%)(0.819m),80.000(70.588%)(6.429m),41.000(51.250%)(2.250m),10.842(27.105%)(0.090m),20.000(50.000%)(1.071m),3442.613,9411.975,66.5,1.4057,"[2.693, 2.748, 2.393, 2.821, 3.049, 2.457]","[4.101, 4.506, 4.313, 4.377, 4.855, 4.470]","[-5.131, -5.143, -5.982, -5.151, -5.173, -6.367]"
652,3,3.5460,8.5435,0.284,222,643,13,26,0.272,50,3.99,25479,1073.95,0,0,34.000(42.500%)(1.500m),84.000(74.118%)(6.857m),113.333(100.000%)(10.000m),76.344(67.363%)(6.037m),13.000(16.250%)(0.000m),29.000(72.500%)(2.036m),10.000(25.000%)(0.000m),3131.289,9619.363,67.0,1.3989,"[2.656, 3.260, 3.212, 2.846, 3.665, 3.253]","[4.313, 4.628, 4.218, 4.479, 5.098, 4.383]","[-7.060, -5.136, -3.640, -6.638, -4.339, -5.720]"
653,3,10.5123,8.3605,0.253,582,1795,10,26,0.271,85,3.98,25538,2681.89,0,0,16.000(20.000%)(0.000m),49.279(43.481%)(3.137m),80.000(70.588%)(6.429m),57.000(50.294%)(3.964m),34.000(42.500%)(1.500m),10.000(25.000%)(0.000m),24.000(60.000%)(1.500m),810.771,5985.631,71.4,1.4014,"[2.524, 2.702, 2.162, 2.724, 3.048, 2.311]","[4.092, 4.390, 4.254, 4.364, 4.714, 4.404]","[-4.914, -6.653, -8.126, -4.817, -5.743, -6.817]"
654,3,14.8797,8.6513,0.265,773,2420,9,122,0.271,95,3.98,25616,3635.07,0,0,24.531(30.664%)(0.485m),51.388(45.343%)(3.363m),83.000(73.236%)(6.750m),59.000(52.059%)(4.179m),28.000(35.000%)(0.857m),17.328(43.319%)(0.785m),14.000(35.000%)(0.429m),805.987,5072.592,72.4,1.3740,"[2.339, 2.683, 2.211, 2.504, 3.081, 2.390]","[3.884, 4.470, 4.333, 4.041, 4.821, 4.462]","[-2.101, -0.543, -3.515, -1.526, 0.684, -3.281]"
655,3,5.9844,8.7075,0.256,423,1287,0,46,0.270,75,3.97,25659,1907.85,0,0,28.277(35.347%)(0.887m),58.742(51.831%)(4.151m),85.000(75.000%)(6.964m),57.000(50.294%)(3.964m),27.000(33.750%)(0.750m),20.088(50.220%)(1.081m),17.000(42.500%)(0.750m),741.391,6125.002,70.4,1.4198,"[2.363, 2.858, 2.687, 2.531, 3.243, 2.794]","[4.252, 4.401, 4.253, 4.557, 4.735, 4.323]","[-5.206, -4.550, -3.947, -4.976, -3.413, -3.993]"
656,3,-4.2074,8.4618,0.247,254,668,0,9,0.269,50,3.96,25685,1168.17,0,0,21.000(26.250%)(0.107m),29.000(25.588%)(0.964m),85.000(75.000%)(6.964m),73.000(64.412%)(5.679m),47.785(59.731%)(2.977m),37.966(94.916%)(2.996m),34.721(86.804%)(2.649m),4462.753,15977.860,60.8,1.3922,"[2.545, 2.385, 1.995, 2.775, 2.780, 2.145]","[4.342, 4.477, 4.262, 4.502, 4.755, 4.401]","[-4.217, -6.017, -6.728, -4.691, -5.759, -6.329]"
657,3,4.2206,8.0304,0.292,396,1173,15,8,0.269,70,3.96,25725,1836.98,0,0,11.294(14.118%)(0.000m),19.604(17.298%)(0.000m),42.807(37.771%)(2.444m),52.000(45.882%)(3.429m),30.000(37.500%)(1.071m),10.495(26.237%)(0.053m),26.000(65.000%)(1.714m),1158.521,9116.694,68.5,1.4519,"[2.676, 2.874, 2.456, 2.851, 3.169, 2.553]","[4.539, 4.396, 4.054, 4.587, 4.713, 4.233]","[-5.132, -5.793, -7.717, -4.767, -5.690, -6.492]"
658,3,13.7800,8.1449,0.273,839,2591,16,65,0.268,95,3.95,25809,3837.76,0,0,12.581(15.726%)(0.000m),25.623(22.609%)(0.602m),71.979(63.511%)(5.569m),51.000(45.000%)(3.321m),28.000(35.000%)(0.857m),9.942(24.855%)(0.000m),20.000(50.000%)(1.071m),577.084,6382.265,71.5,1.4223,"[2.487, 2.717, 2.305, 2.682, 3.079, 2.449]","[4.230, 4.608, 4.118, 4.594, 4.959, 4.266]","[-4.632, -5.566, -4.725, -4.291, -5.101, -4.660]"
659,3,6.2747,8.0458,0.255,359,1076,14,0,0.268,70,3.95,25845,1654.19,0,0,9.426(11.783%)(0.000m),14.339(12.652%)(0.000m),24.331(21.469%)(0.464m),60.000(52.941%)(4.286m),38.000(47.500%)(1.929m),10.526(26.314%)(0.056m),26.000(65.000%)(1.714m),823.962,7494.036,69.4,1.3739,"[2.694, 2.960, 2.570, 2.846, 3.264, 2.709]","[4.381, 4.473, 4.272, 4.381, 4.976, 4.327]","[-6.004, -6.038, -6.558, -6.426, -5.940, -6.079]"
660,3,8.0309,8.0604,0.272,562,1716,0,39,0.267,85,3.94,25902,2646.59,0,0,23.971(29.964%)(0.426m),50.273(44.358%)(3.244m),61.000(53.824%)(4.393m),23.000(20.294%)(0.321m),12.000(15.000%)(0.000m),16.924(42.311%)(0.742m),23.000(57.500%)(1.393m),416.259,5050.419,70.7,1.4031,"[2.303, 2.606, 2.376, 2.461, 2.907, 2.495]","[4.377, 4.654, 4.319, 4.629, 5.023, 4.578]","[-4.753, -6.081, -4.705, -5.673, -4.513, -5.724]"
661,3,7.9801,8.1611,0.279,425,1309,55,28,0.267,75,3.93,25945,2081.30,0,0,13.139(16.424%)(0.000m),28.513(25.159%)(0.912m),69.000(60.883%)(5.250m),48.000(42.353%)(3.000m),29.000(36.250%)(0.964m),9.608(24.020%)(0.000m),23.000(57.500%)(1.393m),495.052,5554.205,71.3,1.5386,"[2.727, 2.890, 1.880, 2.894, 3.140, 1.959]","[3.893, 4.433, 4.163, 4.367, 4.767, 4.265]","[-2.626, -5.978, -5.219, -2.565, -5.184, -5.349]"
662,3,7.5740,8.1214,0.266,365,1128,16,8,0.266,70,3.93,25982,1712.45,0,0,13.193(16.492%)(0.000m),28.859(25.464%)(0.949m),78.000(68.824%)(6.214m),57.000(50.294%)(3.964m),29.000(36.250%)(0.964m),9.648(24.119%)(0.000m),26.000(65.000%)(1.714m),720.337,6007.538,71.5,1.3832,"[2.390, 2.596, 2.037, 2.609, 2.891, 2.156]","[3.865, 4.438, 4.036, 4.185, 4.778, 4.172]","[-4.968, -6.350, -5.504, -4.318, -5.610, -5.367]"
663,3,20.3280,8.4192,0.266,1023,3024,159,106,0.266,100,4.07,26085,4627.03,1,1,15.239(19.048%)(0.000m),32.926(29.052%)(1.385m),58.000(51.177%)(4.071m),45.000(39.706%)(2.679m),25.000(31.250%)(0.536m),10.671(26.677%)(0.072m),21.000(52.500%)(1.179m),407.701,4804.478,68.4,1.3288,"[2.474, 2.617, 2.033, 2.565, 2.843, 2.106]","[4.662, 4.651, 4.373, 4.772, 4.968, 4.553]","[-3.356, -5.183, -6.627, -4.707, -5.481, -5.663]"
664,3,0.4552,8.3174,0.288,656,1845,160,75,0.265,85,4.07,26151,2979.22,0,0,13.181(16.476%)(0.000m),29.090(25.667%)(0.974m),75.000(66.177%)(5.893m),63.000(55.588%)(4.607m),29.000(36.250%)(0.964m),9.766(24.414%)(0.000m),21.000(52.500%)(1.179m),1185.723,6931.756,65.1,1.3685,"[2.612, 2.345, 1.474, 2.644, 2.595, 1.553]","[4.364, 4.690, 4.413, 4.578, 5.055, 4.544]","[0.136, -4.736, -6.547, -0.606, -4.815, -5.827]"
665,3,25.7623,8.8105,0.269,838,2619,126,39,0.265,100,4.21,26235,3698.36,1,1,17.436(21.795%)(0.000m),37.327(32.936%)(1.857m),78.000(68.824%)(6.214m),57.000(50.294%)(3.964m),28.000(35.000%)(0.857m),12.236(30.589%)(0.240m),20.000(50.000%)(1.071m),760.714,5165.250,72.3,1.3182,"[2.636, 2.985, 2.178, 2.848, 3.297, 2.312]","[4.118, 4.683, 4.260, 4.470, 4.944, 4.458]","[-0.375, -0.824, -4.756, -0.568, -0.643, -5.187]"
666,3,-1.3257,8.2730,0.241,194,581,8,43,0.264,50,4.20,26255,900.76,0,0,13.000(16.250%)(0.000m),86.460(76.288%)(7.121m),101.000(89.118%)(8.679m),47.000(41.471%)(2.893m),22.000(27.500%)(0.214m),11.000(27.500%)(0.107m),23.000(57.500%)(1.393m),3249.684,8743.915,69.3,1.3945,"[1.610, 2.012, 2.120, 1.522, 2.188, 2.283]","[4.513, 4.708, 4.400, 4.462, 5.050, 4.544]","[-3.687, -5.502, -6.310, -4.071, -4.647, -4.842]"
667,3,13.0027,8.4984,0.271,757,2344,118,51,0.264,95,4.20,26331,3501.65,0,0,11.791(14.739%)(0.000m),22.147(19.542%)(0.230m),59.747(52.718%)(4.259m),56.000(49.412%)(3.857m),30.000(37.500%)(1.071m),10.049(25.122%)(0.005m),23.000(57.500%)(1.393m),485.941,4460.212,71.7,1.3739,"[2.506, 2.624, 1.815, 2.705, 2.918, 1.935]","[4.188, 4.649, 4.305, 4.330, 4.996, 4.439]","[-5.831, -6.807, -5.458, -4.937, -5.806, -5.646]"
668,3,-7.6399,8.3376,0.272,286,792,43,38,0.263,55,4.19,26360,1312.19,0,0,28.000(35.000%)(0.857m),40.000(35.294%)(2.143m),57.000(50.294%)(3.964m),39.976(35.273%)(2.140m),13.000(16.250%)(0.000m),28.000(70.000%)(1.929m),10.000(25.000%)(0.000m),440.400,9437.140,64.1,1.3920,"[0.614, 1.539, 1.738, 0.902, 1.663, 1.917]","[4.467, 4.784, 4.408, 4.511, 5.073, 4.559]","[-6.859, -5.445, -4.276, -5.865, -4.674, -5.043]"
669,3,8.2791,8.4688,0.294,663,1920,22,35,0.263,85,4.19,26427,2995.66,0,0,26.000(32.500%)(0.643m),23.000(20.294%)(0.321m),75.000(66.177%)(5.893m),43.791(38.640%)(2.549m),20.709(25.886%)(0.076m),23.000(57.500%)(1.393m),14.573(36.431%)(0.490m),1154.390,5999.225,67.0,1.3676,"[2.400, 2.767, 2.498, 2.548, 3.059, 2.547]","[4.344, 4.847, 4.502, 4.485, 5.183, 4.684]","[-4.353, -5.420, -5.586, -7.134, -6.024, -5.846]"
670,3,4.7640,8.6351,0.282,359,1068,15,31,0.262,70,4.18,26463,1617.91,0,0,9.681(12.101%)(0.000m),14.617(12.897%)(0.000m),24.513(21.629%)(0.484m),54.000(47.647%)(3.643m),28.000(35.000%)(0.857m),10.944(27.361%)(0.101m),20.000(50.000%)(1.071m),791.343,6681.092,68.8,1.3634,"[2.508, 2.880, 2.629, 2.608, 3.167, 2.758]","[4.455, 4.697, 4.375, 4.434, 5.089, 4.483]","[-5.895, -6.884, -6.187, -5.909, -6.302, -5.472]"
671,3,-5.7399,8.2128,0.259,579,1565,82,171,0.261,75,4.17,26521,2622.17,0,0,10.860(13.574%)(0.000m),17.954(15.842%)(0.000m),35.310(31.156%)(1.640m),32.000(28.235%)(1.286m),21.000(26.250%)(0.107m),10.728(26.819%)(0.078m),20.000(50.000%)(1.071m),937.144,8297.278,62.5,1.3632,"[1.931, 1.960, 1.666, 1.773, 2.227, 1.850]","[4.311, 4.725, 4.463, 4.487, 5.159, 4.615]","[-5.655, -6.030, -5.924, -5.620, -5.771, -5.519]"
672,3,21.8311,8.3334,0.256,849,2647,117,97,0.261,100,4.32,26606,3972.14,1,1,17.198(21.498%)(0.000m),36.833(32.500%)(1.804m),48.000(42.353%)(3.000m),33.000(29.118%)(1.393m),25.000(31.250%)(0.536m),12.059(30.148%)(0.221m),18.000(45.000%)(0.857m),141.223,4468.941,72.2,1.3951,"[1.908, 2.343, 1.764, 2.065, 2.592, 1.899]","[3.953, 4.528, 4.170, 4.091, 4.802, 4.241]","[-4.482, -3.332, -5.212, -4.795, -4.422, -5.271]"
673,3,16.5791,8.5550,0.270,959,2883,13,198,0.260,100,4.46,26702,4371.78,2,1,21.000(26.250%)(0.107m),44.000(38.824%)(2.571m),62.000(54.706%)(4.500m),46.000(40.588%)(2.786m),30.000(37.500%)(1.071m),15.000(37.500%)(0.536m),18.000(45.000%)(0.857m),449.130,7595.838,69.6,1.4012,"[2.135, 2.505, 2.257, 2.343, 2.886, 2.375]","[4.010, 4.592, 4.402, 4.130, 4.833, 4.541]","[-2.299, -2.263, -4.515, -3.071, -2.094, -3.894]"
674,3,-5.5051,8.3400,0.269,212,542,15,0,0.260,45,4.45,26724,939.97,0,0,77.786(97.233%)(6.191m),51.000(45.000%)(3.321m),63.000(55.588%)(4.607m),24.471(21.593%)(0.479m),12.191(15.239%)(0.000m),40.000(100.000%)(3.214m),9.757(24.393%)(0.000m),1072.739,11089.627,59.1,1.3307,"[1.100, 1.584, 2.034, 1.195, 1.781, 2.020]","[3.773, 4.352, 4.254, 3.982, 4.659, 4.272]","[-5.580, -6.719, -6.585, -4.858, -6.294, -6.304]"
675,3,5.5041,8.4157,0.263,612,1836,13,111,0.259,85,4.44,26786,2695.78,0,0,10.000(12.500%)(0.000m),16.000(14.118%)(0.000m),30.000(26.471%)(1.071m),43.000(37.941%)(2.464m),33.000(41.250%)(1.393m),11.000(27.500%)(0.107m),22.000(55.000%)(1.286m),495.024,6470.610,69.4,1.3688,"[2.308, 2.514, 2.258, 2.511, 2.750, 2.412]","[4.188, 4.507, 4.119, 4.367, 4.721, 4.206]","[-6.509, -5.573, -4.385, -6.537, -4.824, -4.564]"
676,3,5.6660,8.2560,0.261,571,1728,110,17,0.259,85,4.44,26844,2523.37,0,0,22.381(27.977%)(0.255m),33.000(29.118%)(1.393m),19.000(16.765%)(0.000m),23.000(20.294%)(0.321m),32.000(40.000%)(1.286m),15.774(39.435%)(0.619m),26.000(65.000%)(1.714m),411.361,6625.129,70.0,1.3070,"[2.292, 2.340, 1.655, 2.490, 2.697, 1.822]","[4.123, 4.317, 4.192, 4.330, 4.678, 4.315]","[-6.785, -6.212, -6.534, -8.862, -6.834, -6.586]"
677,3,12.5470,8.3364,0.272,966,2865,139,133,0.258,95,4.43,26941,4419.41,0,0,10.625(13.281%)(0.000m),18.074(15.948%)(0.000m),37.721(33.283%)(1.899m),45.000(39.706%)(2.679m),26.000(32.500%)(0.643m),10.118(25.294%)(0.013m),22.000(55.000%)(1.286m),432.620,6710.494,68.6,1.3829,"[2.283, 2.395, 1.770, 2.403, 2.685, 1.778]","[4.297, 4.444, 4.182, 4.351, 4.718, 4.273]","[-5.482, -5.061, -5.166, -5.784, -5.086, -5.379]"
678,3,6.5309,8.1964,0.264,346,1047,10,0,0.258,70,4.42,26976,1581.71,0,0,12.076(15.094%)(0.000m),23.575(20.802%)(0.383m),66.614(58.777%)(4.994m),58.000(51.177%)(4.071m),31.000(38.750%)(1.179m),9.912(24.780%)(0.000m),22.000(55.000%)(1.286m),783.212,7623.443,70.1,1.3409,"[2.570, 2.640, 2.202, 2.683, 2.925, 2.312]","[4.307, 4.317, 4.182, 4.454, 4.732, 4.282]","[-4.361, -6.396, -6.010, -5.250, -5.897, -6.501]"
679,3,-1.8182,7.8853,0.266,224,597,1,10,0.257,50,4.42,26999,980.06,0,0,28.000(35.000%)(0.857m),21.000(18.529%)(0.107m),48.000(42.353%)(3.000m),80.000(70.588%)(6.429m),55.000(68.750%)(3.750m),35.672(89.179%)(2.751m),40.000(100.000%)(3.214m),0.000,17340.538,61.7,1.3177,"[2.756, 2.654, 2.043, 2.915, 2.984, 2.136]","[4.433, 4.485, 4.255, 4.436, 4.844, 4.286]","[-5.902, -5.700, -5.611, -6.716, -5.878, -5.537]"
680,3,11.1340,7.7329,0.274,550,1684,82,8,0.257,85,4.41,27054,2472.00,0,0,18.307(22.884%)(0.000m),39.019(34.429%)(2.038m),50.000(44.118%)(3.214m),21.000(18.529%)(0.107m),18.000(22.500%)(0.000m),12.853(32.131%)(0.306m),25.000(62.500%)(1.607m),732.393,6672.245,70.9,1.2870,"[2.265, 2.549, 2.002, 2.445, 2.864, 2.117]","[4.120, 4.491, 4.130, 4.210, 4.845, 4.162]","[-6.256, -7.970, -7.527, -7.477, -7.271, -7.877]"
681,3,1.0817,7.4319,0.255,224,598,0,17,0.256,50,4.41,27077,999.53,0,0,49.000(61.250%)(3.107m),87.000(76.765%)(7.179m),113.333(100.000%)(10.000m),29.000(25.588%)(0.964m),23.000(28.750%)(0.321m),40.000(100.000%)(3.214m),36.858(92.145%)(2.878m),6237.198,15782.506,61.8,1.4215,"[2.312, 2.954, 3.050, 2.259, 3.211, 3.148]","[4.490, 4.378, 4.085, 4.622, 4.709, 4.125]","[-5.574, -2.876, -0.959, -5.829, -2.263, -0.555]"
682,3,6.3956,7.5626,0.250,550,1615,16,70,0.256,80,4.40,27132,2508.88,0,0,29.000(36.250%)(0.964m),61.000(53.824%)(4.393m),70.720(62.400%)(5.434m),26.281(23.190%)(0.673m),12.712(15.890%)(0.000m),20.000(50.000%)(1.071m),9.918(24.795%)(0.000m),2025.865,5659.576,67.9,1.4240,"[2.291, 2.704, 2.522, 2.333, 2.967, 2.603]","[4.041, 4.378, 4.085, 4.205, 4.784, 4.166]","[-5.495, -5.500, -3.990, -5.946, -5.608, -4.586]"
683,3,4.6207,7.5237,0.279,344,1036,15,50,0.255,70,4.39,27167,1618.09,0,0,9.945(12.431%)(0.000m),15.485(13.663%)(0.000m),27.292(24.081%)(0.781m),54.000(47.647%)(3.643m),39.000(48.750%)(2.036m),10.702(26.756%)(0.075m),25.000(62.500%)(1.607m),722.054,7109.512,69.7,1.4170,"[2.501, 2.705, 2.322, 2.687, 3.047, 2.403]","[3.928, 4.360, 4.162, 4.206, 4.637, 4.118]","[-5.477, -6.078, -5.673, -5.845, -5.696, -5.466]"
684,3,5.9953,7.5319,0.283,364,1113,24,0,0.255,70,4.39,27204,1675.52,0,0,13.317(16.646%)(0.000m),30.478(26.893%)(1.123m),67.000(59.118%)(5.036m),55.000(48.530%)(3.750m),32.000(40.000%)(1.286m),9.611(24.027%)(0.000m),23.000(57.500%)(1.393m),606.006,5966.436,70.8,1.4133,"[2.790, 2.607, 2.164, 2.826, 2.860, 2.271]","[4.094, 4.509, 4.339, 4.280, 4.893, 4.526]","[-0.322, -5.096, -5.513, -1.028, -4.904, -5.113]"
685,3,17.4410,7.6840,0.275,859,2667,153,119,0.254,100,4.53,27290,4034.67,1,1,18.022(22.528%)(0.000m),38.390(33.873%)(1.970m),86.000(75.883%)(7.071m),40.000(35.294%)(2.143m),19.000(23.750%)(0.000m),12.653(31.634%)(0.284m),14.000(35.000%)(0.429m),792.473,5714.159,71.9,1.4888,"[2.053, 2.525, 1.989, 2.352, 2.958, 2.184]","[3.990, 4.384, 4.427, 4.323, 4.952, 4.489]","[-5.133, -3.311, -5.738, -5.245, -2.470, -5.892]"
686,3,7.9800,7.7013,0.270,387,1200,31,30,0.254,75,4.52,27329,1766.57,0,0,20.767(25.958%)(0.082m),43.510(38.391%)(2.519m),82.000(72.353%)(6.643m),58.000(51.177%)(4.071m),27.000(33.750%)(0.750m),14.614(36.535%)(0.494m),12.000(30.000%)(0.214m),760.109,5838.212,71.7,1.3990,"[2.321, 2.654, 1.947, 2.527, 3.040, 2.031]","[3.983, 4.439, 4.047, 4.159, 4.873, 4.131]","[-7.125, -6.237, -6.462, -6.696, -5.334, -6.212]"
687,3,15.2700,7.8496,0.266,861,2648,81,18,0.253,95,4.51,27416,3865.99,0,0,12.666(15.832%)(0.000m),26.185(23.105%)(0.663m),65.000(57.353%)(4.821m),48.000(42.353%)(3.000m),30.000(37.500%)(1.071m),9.882(24.704%)(0.000m),21.000(52.500%)(1.179m),489.884,5383.997,71.2,1.3769,"[2.428, 2.665, 2.108, 2.588, 2.992, 2.188]","[4.180, 4.349, 4.086, 4.332, 4.560, 4.316]","[-5.584, -5.850, -5.462, -5.350, -4.585, -5.617]"
688,3,26.1022,8.3445,0.249,827,2598,117,24,0.253,100,4.65,27499,3747.28,1,1,21.350(26.688%)(0.145m),45.002(39.708%)(2.679m),80.000(70.588%)(6.429m),58.000(51.177%)(4.071m),28.000(35.000%)(0.857m),15.035(37.586%)(0.539m),22.000(55.000%)(1.286m),778.149,4724.136,72.7,1.3609,"[2.446, 2.737, 2.110, 2.649, 3.093, 2.285]","[4.058, 4.440, 4.115, 4.266, 4.886, 4.387]","[0.256, 1.288, -4.531, 0.757, 1.536, -4.464]"
689,3,5.6515,8.2658,0.256,407,1137,19,0,0.252,70,4.64,27540,1800.50,0,0,36.000(45.000%)(1.714m),65.000(57.353%)(4.821m),58.333(51.471%)(4.107m),21.623(19.079%)(0.174m),11.512(14.390%)(0.000m),23.000(57.500%)(1.393m),9.811(24.528%)(0.000m),2862.306,10669.493,64.6,1.2915,"[2.343, 2.828, 2.950, 2.315, 3.047, 3.040]","[4.357, 4.528, 4.279, 4.397, 4.835, 4.533]","[-5.474, -4.685, -5.560, -6.877, -5.805, -5.351]"
690,3,24.1841,8.6132,0.258,831,2608,220,49,0.252,100,4.78,27624,3650.21,1,1,16.214(20.267%)(0.000m),34.854(30.754%)(1.592m),87.000(76.765%)(7.179m),51.000(45.000%)(3.321m),25.000(31.250%)(0.536m),11.373(28.433%)(0.147m),18.000(45.000%)(0.857m),625.428,4768.189,72.6,1.3403,"[2.457, 2.551, 0.667, 2.695, 2.948, 0.826]","[4.476, 4.496, 4.139, 4.570, 4.867, 4.407]","[-2.279, -2.156, -5.182, -2.656, -1.512, -5.412]"
691,3,4.0724,8.5170,0.261,583,1762,56,74,0.251,85,4.78,27683,2627.98,0,0,17.735(22.169%)(0.000m),37.918(33.457%)(1.920m),68.000(60.000%)(5.143m),28.000(24.706%)(0.857m),13.000(16.250%)(0.000m),12.441(31.104%)(0.262m),19.000(47.500%)(0.964m),725.638,5353.137,69.9,1.4172,"[2.040, 2.200, 1.684, 2.133, 2.512, 1.803]","[4.204, 4.475, 4.178, 4.259, 4.929, 4.283]","[-6.119, -6.266, -5.333, -6.255, -4.957, -5.191]"
692,3,14.6187,8.4264,0.265,783,2362,68,71,0.251,95,4.77,27762,3535.97,0,0,12.874(16.092%)(0.000m),27.751(24.486%)(0.830m),76.977(67.921%)(6.105m),37.000(32.647%)(1.821m),18.000(22.500%)(0.000m),9.663(24.158%)(0.000m),14.000(35.000%)(0.429m),852.968,5015.604,69.8,1.3478,"[2.359, 2.579, 2.134, 2.511, 2.883, 2.249]","[4.236, 4.759, 4.525, 4.326, 5.051, 4.594]","[-5.176, -5.556, -5.762, -5.161, -5.116, -5.414]"
693,3,17.7957,8.5133,0.253,907,2774,115,143,0.250,100,4.91,27853,4081.83,1,1,17.676(22.095%)(0.000m),37.706(33.270%)(1.897m),75.000(66.177%)(5.893m),36.089(31.843%)(1.724m),16.950(21.188%)(0.000m),12.405(31.013%)(0.258m),11.892(29.730%)(0.203m),728.045,4873.111,70.8,1.3830,"[2.141, 2.467, 2.018, 2.265, 2.810, 2.171]","[4.257, 4.601, 4.306, 4.355, 4.987, 4.557]","[-8.059, -5.121, -5.076, -7.641, -4.455, -5.272]"
694,3,6.8979,8.4283,0.249,338,1026,19,34,0.250,70,4.90,27887,1646.44,0,0,36.000(45.000%)(1.714m),81.431(71.851%)(6.582m),41.000(36.177%)(2.250m),27.000(23.824%)(0.750m),23.000(28.750%)(0.321m),23.000(57.500%)(1.393m),22.000(55.000%)(1.286m),0.000,6010.759,70.3,1.4689,"[2.462, 2.894, 2.634, 2.477, 3.092, 2.728]","[4.022, 4.538, 4.076, 4.121, 4.899, 4.254]","[-4.910, -2.247, -3.035, -4.497, -3.206, -2.219]"
695,3,12.8657,8.6533,0.280,715,2248,75,61,0.249,95,4.89,27959,3345.52,0,0,11.706(14.633%)(0.000m),22.554(19.900%)(0.274m),63.463(55.997%)(4.657m),46.000(40.588%)(2.786m),28.000(35.000%)(0.857m),9.730(24.326%)(0.000m),20.000(50.000%)(1.071m),297.773,4440.850,72.7,1.3980,"[2.508, 2.671, 2.073, 2.697, 2.998, 2.187]","[4.103, 4.530, 4.185, 4.605, 4.904, 4.379]","[-5.215, -6.205, -4.824, -4.643, -5.500, -5.248]"
696,3,24.8519,8.6375,0.263,1063,3106,118,70,0.249,100,5.03,28066,4950.46,1,1,19.859(24.824%)(0.000m),42.000(37.059%)(2.357m),53.000(46.765%)(3.536m),42.000(37.059%)(2.357m),28.000(35.000%)(0.857m),13.977(34.943%)(0.426m),20.000(50.000%)(1.071m),847.476,6753.189,67.6,1.3694,"[2.689, 2.930, 2.337, 2.802, 3.226, 2.451]","[4.772, 4.992, 4.788, 4.839, 5.348, 4.948]","[-0.711, -0.689, -5.221, -1.425, -0.715, -4.983]"
697,3,4.5106,8.6086,0.283,376,1130,17,32,0.248,70,5.02,28104,1756.79,0,0,13.422(16.778%)(0.000m),29.403(25.944%)(1.007m),71.000(62.647%)(5.464m),52.000(45.882%)(3.429m),27.000(33.750%)(0.750m),9.687(24.216%)(0.000m),20.000(50.000%)(1.071m),628.079,6780.873,69.6,1.4679,"[2.613, 2.400, 1.959, 2.556, 2.651, 2.109]","[4.425, 4.765, 4.500, 4.449, 5.020, 4.687]","[-1.760, -6.095, -6.264, -1.891, -5.862, -5.061]"
698,3,22.3979,8.9928,0.262,970,2907,177,121,0.248,100,5.16,28201,4408.28,1,1,19.588(24.485%)(0.000m),32.000(28.235%)(1.286m),41.000(36.177%)(2.250m),32.000(28.235%)(1.286m),15.000(18.750%)(0.000m),13.771(34.427%)(0.404m),11.000(27.500%)(0.107m),292.322,5119.729,69.4,1.3942,"[2.226, 2.479, 1.970, 2.390, 2.779, 2.086]","[4.247, 4.607, 4.372, 4.345, 4.946, 4.460]","[-5.104, -3.669, -4.852, -5.024, -3.113, -4.957]"
699,3,9.6591,9.0025,0.260,777,2347,12,147,0.247,95,5.15,28279,3488.41,0,0,26.000(32.500%)(0.643m),39.000(34.412%)(2.036m),34.000(30.000%)(1.500m),20.000(17.647%)(0.000m),25.000(31.250%)(0.536m),23.546(58.865%)(1.451m),20.000(50.000%)(1.071m),0.000,4403.751,69.9,1.3889,"[1.776, 2.368, 2.158, 1.703, 2.611, 2.247]","[4.230, 4.664, 4.304, 4.234, 5.039, 4.423]","[-7.177, -3.178, -3.924, -8.667, -4.363, -3.330]"
700,3,4.8670,8.9168,0.252,325,1003,28,58,0.247,65,5.14,28312,1453.44,0,0,13.133(16.417%)(0.000m),28.660(25.288%)(0.928m),89.928(79.348%)(7.492m),69.000(60.883%)(5.250m),44.000(55.000%)(2.571m),9.604(24.009%)(0.000m),26.000(65.000%)(1.714m),1068.754,6488.119,71.4,1.3730,"[2.530, 2.042, 1.221, 2.630, 2.241, 1.392]","[3.808, 4.326, 4.027, 4.051, 4.803, 4.212]","[-1.388, -4.695, -6.941, -2.709, -5.051, -6.027]"
701,3,2.1895,8.9676,0.286,183,543,11,26,0.246,45,5.14,28331,835.62,0,0,12.000(15.000%)(0.000m),21.000(18.529%)(0.107m),113.333(100.000%)(10.000m),66.000(58.235%)(4.929m),36.000(45.000%)(1.714m),11.000(27.500%)(0.107m),36.000(90.000%)(2.786m),4038.602,9132.823,68.7,1.3403,"[2.615, 2.837, 2.496, 2.903, 3.280, 2.601]","[4.249, 4.674, 4.285, 4.325, 5.082, 4.313]","[-9.293, -5.922, -6.604, -9.881, -4.915, -5.702]"
702,3,2.8087,8.9528,0.247,860,2391,152,148,0.246,90,5.13,28417,3834.01,0,0,17.944(22.430%)(0.000m),33.000(29.118%)(1.393m),35.000(30.882%)(1.607m),34.000(30.000%)(1.500m),13.000(16.250%)(0.000m),12.663(31.657%)(0.285m),10.000(25.000%)(0.000m),1267.245,6731.854,64.4,1.3479,"[1.858, 2.085, 1.820, 1.772, 2.325, 1.849]","[4.208, 4.713, 4.348, 4.328, 5.028, 4.535]","[-5.465, -4.943, -4.663, -4.854, -4.531, -4.836]"
703,3,5.5659,8.8539,0.258,518,1619,122,111,0.245,85,5.12,28469,2359.53,0,0,20.329(25.411%)(0.035m),42.000(37.059%)(2.357m),24.000(21.177%)(0.429m),14.000(12.353%)(0.000m),19.000(23.750%)(0.000m),14.299(35.748%)(0.461m),23.000(57.500%)(1.393m),352.500,4818.636,72.3,1.3773,"[1.679, 2.080, 1.507, 1.835, 2.357, 1.591]","[3.857, 4.479, 4.271, 3.966, 4.749, 4.352]","[-7.262, -6.076, -8.565, -6.082, -6.073, -7.593]"
704,3,21.8480,8.9933,0.261,881,2715,257,62,0.245,100,5.26,28558,3973.64,1,1,17.967(22.459%)(0.000m),38.348(33.836%)(1.966m),68.000(60.000%)(5.143m),35.000(30.882%)(1.607m),15.000(18.750%)(0.000m),12.609(31.522%)(0.280m),10.000(25.000%)(0.000m),525.010,5339.584,71.3,1.3482,"[2.335, 2.531, 1.853, 2.561, 2.892, 1.929]","[4.403, 4.551, 4.344, 4.394, 4.865, 4.444]","[-6.626, -7.592, -4.256, -6.248, -5.989, -4.517]"
705,3,-0.3276,8.8670,0.258,266,753,20,83,0.244,55,5.25,28585,1277.31,0,0,42.000(52.500%)(2.357m),81.000(71.471%)(6.536m),112.000(98.824%)(9.857m),45.000(39.706%)(2.679m),22.000(27.500%)(0.214m),11.000(27.500%)(0.107m),16.000(40.000%)(0.643m),3821.959,9999.081,65.5,1.3423,"[2.010, 2.488, 2.471, 2.129, 2.875, 2.601]","[4.011, 4.276, 4.007, 4.386, 4.706, 4.367]","[-4.982, -6.920, -8.408, -4.717, -5.526, -6.973]"
706,3,15.9584,9.2703,0.252,1293,3608,137,172,0.244,100,5.38,28715,5872.19,1,1,23.551(29.438%)(0.380m),37.000(32.647%)(1.821m),63.000(55.588%)(4.607m),37.932(33.469%)(1.921m),18.261(22.826%)(0.000m),16.622(41.555%)(0.709m),12.865(32.163%)(0.307m),1009.519,7825.368,64.6,1.3957,"[2.082, 2.487, 2.132, 2.223, 2.802, 2.357]","[4.472, 4.594, 4.147, 4.589, 4.875, 4.462]","[-5.907, -1.570, -3.784, -6.356, -1.429, -3.581]"
707,3,8.4891,9.3557,0.276,375,1163,14,14,0.243,75,5.37,28753,1738.06,0,0,11.832(14.789%)(0.000m),22.795(20.113%)(0.299m),63.550(56.074%)(4.666m),48.000(42.353%)(3.000m),29.000(36.250%)(0.964m),9.834(24.586%)(0.000m),25.000(62.500%)(1.607m),492.930,5858.983,71.7,1.3437,"[2.482, 2.638, 2.174, 2.643, 3.034, 2.283]","[4.131, 4.350, 4.328, 4.543, 4.719, 4.422]","[-5.342, -7.073, -5.541, -5.296, -5.951, -5.741]"
708,3,11.1302,9.3027,0.260,934,2786,67,97,0.243,95,5.37,28847,4116.01,0,0,11.404(14.256%)(0.000m),20.672(18.240%)(0.072m),38.000(33.530%)(1.929m),51.000(45.000%)(3.321m),29.000(36.250%)(0.964m),10.088(25.220%)(0.009m),20.000(50.000%)(1.071m),580.040,7050.695,69.0,1.3549,"[2.257, 2.476, 1.977, 2.439, 2.848, 2.165]","[4.435, 4.515, 4.156, 4.654, 4.943, 4.294]","[-4.846, -5.200, -5.449, -5.103, -4.705, -5.492]"
709,3,10.4401,9.3860,0.255,721,2230,39,106,0.242,95,5.36,28920,3339.13,0,0,23.000(28.750%)(0.321m),22.000(19.412%)(0.214m),29.000(25.588%)(0.964m),26.000(22.941%)(0.643m),27.000(33.750%)(0.750m),17.151(42.878%)(0.766m),24.000(60.000%)(1.500m),0.000,4091.032,71.6,1.3828,"[1.947, 2.301, 1.814, 1.947, 2.457, 1.863]","[4.125, 4.447, 4.227, 4.250, 4.867, 4.305]","[-6.909, -3.995, -9.176, -9.168, -5.038, -10.564]"
710,3,8.2761,9.3909,0.263,375,1150,13,10,0.242,70,5.35,28958,1740.25,0,0,12.027(15.034%)(0.000m),23.171(20.445%)(0.340m),64.666(57.058%)(4.786m),60.000(52.941%)(4.286m),29.000(36.250%)(0.964m),9.997(24.992%)(0.000m),25.000(62.500%)(1.607m),834.882,7216.196,71.0,1.3418,"[2.671, 2.873, 2.044, 2.864, 3.170, 2.169]","[4.648, 4.628, 4.231, 4.751, 4.932, 4.325]","[-5.754, -7.035, -5.545, -5.218, -5.950, -5.701]"
711,3,11.8875,9.4691,0.237,448,1386,81,6,0.241,80,5.34,29003,2015.50,0,0,11.289(14.111%)(0.000m),20.946(18.482%)(0.101m),54.461(48.054%)(3.692m),59.000(52.059%)(4.179m),30.000(37.500%)(1.071m),9.741(24.352%)(0.000m),26.000(65.000%)(1.714m),814.270,5719.764,71.6,1.3060,"[2.384, 2.801, 2.109, 2.601, 3.143, 2.208]","[4.284, 4.719, 4.420, 4.357, 5.043, 4.559]","[-6.863, -6.285, -5.445, -6.749, -5.814, -6.304]"
712,3,10.2504,9.5226,0.275,645,1934,30,53,0.241,90,5.34,29068,2910.61,0,0,21.358(26.698%)(0.146m),44.979(39.688%)(2.676m),70.000(61.765%)(5.357m),45.000(39.706%)(2.679m),21.000(26.250%)(0.107m),15.044(37.610%)(0.540m),10.000(25.000%)(0.000m),426.877,5549.839,69.4,1.3607,"[2.485, 2.930, 2.507, 2.640, 3.279, 2.591]","[4.360, 4.779, 4.437, 4.377, 5.102, 4.533]","[-5.832, -5.478, -4.473, -7.003, -4.623, -5.649]"
713,3,13.1921,9.3799,0.264,699,2204,76,64,0.240,95,5.33,29138,3136.30,0,0,10.804(13.506%)(0.000m),17.863(15.761%)(0.000m),35.131(30.998%)(1.621m),57.000(50.294%)(3.964m),27.000(33.750%)(0.750m),10.673(26.683%)(0.072m),18.000(45.000%)(0.857m),603.787,4568.998,73.0,1.3886,"[2.375, 2.611, 1.993, 2.595, 3.012, 2.121]","[4.370, 4.779, 4.484, 4.421, 5.071, 4.499]","[-4.336, -4.770, -5.378, -4.621, -4.565, -5.248]"
714,3,6.4004,9.4988,0.263,603,1825,107,56,0.240,85,5.32,29199,2782.91,0,0,20.811(26.014%)(0.087m),42.000(37.059%)(2.357m),55.000(48.530%)(3.750m),28.000(24.706%)(0.857m),13.000(16.250%)(0.000m),14.646(36.615%)(0.498m),10.000(25.000%)(0.000m),376.726,7816.743,70.0,1.3586,"[2.278, 2.752, 2.231, 2.435, 3.073, 2.430]","[4.886, 4.894, 4.712, 4.872, 5.215, 4.766]","[-7.777, -5.582, -4.596, -7.031, -5.315, -4.463]"
715,3,10.2405,9.1883,0.273,707,2202,96,104,0.239,95,5.31,29270,3342.71,0,0,20.333(25.417%)(0.036m),40.000(35.294%)(2.143m),23.000(20.294%)(0.321m),20.000(17.647%)(0.000m),21.000(26.250%)(0.107m),14.304(35.759%)(0.461m),16.000(40.000%)(0.643m),0.000,4240.808,72.1,1.4684,"[1.814, 2.321, 1.944, 1.861, 2.581, 2.128]","[4.059, 4.541, 4.350, 4.424, 4.889, 4.398]","[-8.307, -5.923, -6.440, -9.350, -6.927, -5.485]"
716,3,21.8319,9.6515,0.253,1193,3389,230,148,0.239,100,5.45,29390,5443.08,1,1,14.586(18.233%)(0.000m),31.584(27.869%)(1.241m),52.000(45.882%)(3.429m),42.000(37.059%)(2.357m),24.000(30.000%)(0.429m),10.215(25.537%)(0.023m),20.000(50.000%)(1.071m),596.433,7479.019,65.7,1.3561,"[2.779, 2.840, 2.116, 2.875, 3.181, 2.247]","[4.927, 4.910, 4.714, 5.109, 5.238, 5.533]","[-0.634, -5.335, -6.126, -1.335, -4.498, -6.055]"
717,3,20.2834,9.7971,0.274,883,2723,87,170,0.238,100,5.58,29479,4030.42,2,1,16.996(21.245%)(0.000m),36.364(32.086%)(1.753m),60.000(52.941%)(4.286m),36.000(31.765%)(1.714m),17.000(21.250%)(0.000m),11.918(29.795%)(0.205m),12.000(30.000%)(0.214m),358.721,4593.816,71.4,1.3995,"[2.134, 2.526, 2.230, 2.320, 2.890, 2.333]","[4.323, 4.877, 4.555, 4.518, 5.228, 4.755]","[-4.982, -4.793, -4.700, -4.945, -3.353, -4.842]"
718,3,5.7073,10.0641,0.263,556,1724,101,107,0.238,85,5.57,29535,2483.10,0,0,19.276(24.095%)(0.000m),40.714(35.925%)(2.219m),69.000(60.883%)(5.250m),32.000(28.235%)(1.286m),13.000(16.250%)(0.000m),13.554(33.886%)(0.381m),10.000(25.000%)(0.000m),473.219,4893.314,71.8,1.3953,"[1.840, 2.219, 1.975, 1.973, 2.562, 2.066]","[4.409, 4.829, 4.578, 4.509, 5.159, 4.679]","[-8.034, -5.426, -4.490, -7.009, -4.397, -4.265]"
719,3,7.1679,10.0418,0.253,551,1688,84,54,0.238,85,5.56,29591,2586.50,0,0,20.398(25.498%)(0.043m),43.150(38.073%)(2.480m),34.000(30.000%)(1.500m),17.000(15.000%)(0.000m),16.000(20.000%)(0.000m),14.351(35.878%)(0.466m),25.000(62.500%)(1.607m),616.289,6217.380,70.9,1.3693,"[2.401, 2.736, 2.172, 2.561, 3.015, 2.314]","[4.626, 4.898, 4.658, 4.741, 5.131, 4.731]","[-7.125, -6.582, -7.603, -7.173, -6.789, -6.719]"
720,3,2.1274,9.9891,0.265,183,547,5,16,0.237,50,5.56,29610,839.51,0,0,33.000(41.250%)(1.393m),58.000(51.177%)(4.071m),113.333(100.000%)(10.000m),19.000(16.765%)(0.000m),11.000(13.750%)(0.000m),29.000(72.500%)(2.036m),11.000(27.500%)(0.107m),3569.989,9016.382,69.2,1.3444,"[2.848, 3.296, 2.853, 3.019, 3.589, 2.944]","[4.208, 4.731, 4.443, 4.358, 5.076, 4.567]","[-5.212, -6.795, -4.854, -6.822, -5.369, -5.376]"
721,3,6.9680,10.2433,0.246,412,1265,3,99,0.237,75,5.55,29652,1854.08,0,0,29.000(36.250%)(0.964m),60.000(52.941%)(4.286m),89.000(78.530%)(7.393m),62.000(54.706%)(4.500m),28.000(35.000%)(0.857m),23.000(57.500%)(1.393m),16.000(40.000%)(0.643m),868.884,6471.884,71.0,1.2636,"[2.552, 2.956, 2.622, 2.758, 3.372, 2.746]","[4.372, 4.627, 4.252, 4.390, 4.881, 4.343]","[-2.346, -0.222, -2.706, -1.733, 0.384, -2.328]"
722,3,21.9001,10.2446,0.252,850,2647,0,118,0.236,100,5.68,29737,3873.56,1,1,24.000(30.000%)(0.429m),48.000(42.353%)(3.000m),63.000(55.588%)(4.607m),43.000(37.941%)(2.464m),24.560(30.700%)(0.489m),17.000(42.500%)(0.750m),17.350(43.375%)(0.788m),444.656,4748.693,72.1,1.3869,"[2.260, 2.567, 2.110, 2.407, 2.852, 2.238]","[4.017, 4.561, 4.422, 4.491, 5.003, 4.639]","[-1.423, -5.390, -5.348, -2.422, -4.565, -4.872]"
723,3,22.4933,10.3629,0.243,873,2700,38,122,0.236,100,5.81,29825,4000.34,2,1,19.522(24.403%)(0.000m),41.448(36.572%)(2.298m),54.000(47.647%)(3.643m),36.000(31.765%)(1.714m),17.000(21.250%)(0.000m),13.722(34.306%)(0.399m),16.000(40.000%)(0.643m),286.466,4807.209,71.6,1.3773,"[2.102, 2.470, 2.078, 2.262, 2.808, 2.202]","[4.547, 4.624, 4.514, 4.648, 5.051, 4.628]","[-5.965, -4.807, -4.654, -6.152, -4.805, -4.344]"
724,3,23.8799,10.9506,0.263,852,2650,37,35,0.235,100,5.94,29911,4045.45,3,1,23.001(28.751%)(0.322m),48.338(42.651%)(3.036m),69.000(60.883%)(5.250m),49.000(43.235%)(3.107m),28.000(35.000%)(0.857m),16.222(40.555%)(0.667m),22.000(55.000%)(1.286m),545.205,4816.231,72.0,1.4434,"[2.618, 2.948, 2.531, 2.817, 3.318, 2.633]","[4.343, 4.618, 4.303, 4.425, 4.953, 4.331]","[0.161, 1.338, -2.899, 0.146, 1.075, -2.567]"
725,3,12.6873,11.0943,0.269,712,2210,38,110,0.235,95,5.93,29983,3261.73,0,0,20.742(25.928%)(0.080m),36.000(31.765%)(1.714m),20.000(17.647%)(0.000m),22.000(19.412%)(0.214m),28.000(35.000%)(0.857m),14.596(36.491%)(0.492m),20.000(50.000%)(1.071m),0.000,4342.918,71.8,1.4310,"[2.316, 2.561, 2.061, 2.395, 2.813, 2.161]","[4.449, 4.773, 4.441, 4.593, 5.164, 4.604]","[-7.896, -6.141, -6.031, -7.692, -6.957, -6.903]"
726,3,18.8604,11.3582,0.267,867,2692,61,111,0.234,100,6.06,30070,3913.08,1,1,20.841(26.051%)(0.090m),43.647(38.512%)(2.534m),51.000(45.000%)(3.321m),32.000(28.235%)(1.286m),22.000(27.500%)(0.214m),14.667(36.668%)(0.500m),16.000(40.000%)(0.643m),125.342,4558.334,71.9,1.3541,"[2.138, 2.548, 2.193, 2.247, 2.866, 2.286]","[4.358, 4.816, 4.563, 4.471, 5.136, 4.584]","[-5.000, -3.532, -5.585, -6.364, -3.328, -4.769]"
727,3,7.4571,11.2564,0.260,424,1302,33,65,0.234,75,6.05,30113,1926.09,0,0,17.000(21.250%)(0.000m),36.000(31.765%)(1.714m),60.121(53.048%)(4.299m),22.001(19.413%)(0.214m),11.568(14.460%)(0.000m),12.000(30.000%)(0.214m),9.736(24.341%)(0.000m),521.320,5888.081,71.1,1.3601,"[2.374, 2.557, 2.172, 2.368, 2.871, 2.283]","[4.616, 4.834, 4.486, 4.685, 5.260, 4.618]","[-5.195, -4.669, -5.498, -5.528, -4.532, -5.440]"
728,3,11.2397,11.3506,0.278,535,1662,43,41,0.233,85,6.04,30167,2383.42,0,0,20.508(25.635%)(0.054m),36.000(31.765%)(1.714m),51.000(45.000%)(3.321m),20.000(17.647%)(0.000m),12.000(15.000%)(0.000m),14.428(36.069%)(0.474m),23.000(57.500%)(1.393m),463.478,4870.002,71.9,1.3029,"[2.342, 2.709, 2.340, 2.580, 3.140, 2.526]","[4.357, 4.745, 4.587, 4.462, 5.060, 4.651]","[-6.300, -7.764, -7.072, -7.590, -6.797, -7.109]"
729,3,18.3989,11.7549,0.260,1092,3171,146,112,0.233,100,6.17,30277,4888.42,1,1,18.224(22.780%)(0.000m),38.414(33.895%)(1.973m),57.000(50.294%)(3.964m),31.648(27.925%)(1.248m),14.789(18.486%)(0.000m),12.857(32.144%)(0.306m),10.366(25.915%)(0.039m),515.839,5278.056,67.2,1.3357,"[2.317, 2.675, 2.137, 2.310, 2.967, 2.211]","[4.273, 4.513, 4.327, 4.014, 4.878, 4.428]","[-3.884, -2.660, -5.151, -6.370, -3.191, -5.225]"
730,3,21.4088,11.9604,0.267,851,2649,56,139,0.232,100,6.30,30363,3850.63,2,1,15.068(18.835%)(0.000m),32.665(28.822%)(1.357m),55.000(48.530%)(3.750m),40.000(35.294%)(2.143m),26.000(32.500%)(0.643m),10.547(26.367%)(0.059m),18.000(45.000%)(0.857m),304.987,4900.352,72.0,1.3519,"[2.428, 2.705, 2.180, 2.661, 3.031, 2.303]","[4.461, 4.551, 4.299, 4.579, 4.917, 4.516]","[-4.160, -4.944, -4.895, -5.271, -4.076, -5.081]"
731,3,21.2248,12.3633,0.262,850,2648,60,113,0.232,100,6.43,30448,3854.17,3,1,16.633(20.792%)(0.000m),35.655(31.460%)(1.677m),78.000(68.824%)(6.214m),55.000(48.530%)(3.750m),28.000(35.000%)(0.857m),11.668(29.169%)(0.179m),20.000(50.000%)(1.071m),761.418,5670.813,72.1,1.3466,"[2.387, 2.671, 2.023, 2.554, 3.046, 2.158]","[4.612, 4.702, 4.455, 4.622, 5.081, 4.589]","[-1.628, -3.839, -4.873, -2.523, -3.671, -5.014]"
732,3,10.8564,12.4525,0.264,462,1444,33,18,0.231,80,6.42,30495,2113.43,0,0,12.269(15.336%)(0.000m),24.627(21.730%)(0.496m),63.000(55.588%)(4.607m),49.000(43.235%)(3.107m),29.000(36.250%)(0.964m),9.819(24.548%)(0.000m),23.000(57.500%)(1.393m),429.791,5002.310,72.3,1.5258,"[2.536, 2.729, 1.971, 2.689, 2.967, 2.045]","[4.129, 4.621, 4.338, 4.238, 4.981, 4.436]","[-5.058, -6.517, -5.906, -5.435, -5.901, -6.167]"
733,3,14.2694,12.6454,0.248,832,2540,115,33,0.231,95,6.41,30579,3932.43,0,0,20.596(25.745%)(0.064m),43.569(38.443%)(2.525m),84.000(74.118%)(6.857m),54.000(47.647%)(3.643m),31.000(38.750%)(1.179m),14.492(36.230%)(0.481m),14.000(35.000%)(0.429m),669.255,6009.679,70.7,1.4378,"[2.510, 2.755, 2.159, 2.705, 3.158, 2.274]","[4.381, 4.471, 4.293, 4.383, 4.750, 4.361]","[-6.713, -5.483, -5.406, -6.381, -4.530, -5.217]"
734,3,4.2730,12.6110,0.266,525,1485,110,86,0.231,75,6.40,30632,2414.93,0,0,11.889(14.862%)(0.000m),22.906(20.211%)(0.311m),62.980(55.571%)(4.605m),41.000(36.177%)(2.250m),20.000(25.000%)(0.000m),9.882(24.706%)(0.000m),14.000(35.000%)(0.429m),3454.720,8291.835,65.4,1.3649,"[2.242, 2.399, 1.666, 2.324, 2.745, 1.682]","[4.218, 4.696, 4.357, 4.350, 4.956, 4.408]","[-5.611, -5.936, -6.049, -5.581, -5.454, -6.187]"
735,3,24.7731,12.7576,0.263,891,2736,0,79,0.230,100,6.53,30722,4152.20,1,1,23.422(29.277%)(0.367m),40.000(35.294%)(2.143m),64.000(56.471%)(4.714m),51.000(45.000%)(3.321m),26.000(32.500%)(0.643m),16.526(41.316%)(0.699m),19.000(47.500%)(0.964m),351.929,5991.255,71.1,1.3389,"[2.546, 2.965, 2.626, 2.736, 3.361, 2.703]","[4.542, 4.575, 4.400, 4.670, 4.954, 4.507]","[-1.150, 0.488, -4.640, -0.426, 0.902, -4.653]"
736,3,4.0626,12.6793,0.249,361,1082,13,75,0.230,70,6.52,30759,1657.74,0,0,10.285(12.856%)(0.000m),16.700(14.736%)(0.000m),31.717(27.986%)(1.255m),58.000(51.177%)(4.071m),29.000(36.250%)(0.964m),10.411(26.029%)(0.044m),26.000(65.000%)(1.714m),740.651,8622.106,69.4,1.4163,"[2.562, 2.548, 2.027, 2.667, 2.891, 2.206]","[4.411, 4.593, 4.416, 4.446, 5.000, 4.497]","[-5.698, -6.123, -6.641, -5.934, -5.783, -5.560]"
737,3,15.6863,12.6876,0.255,974,2921,124,163,0.229,100,6.65,30857,4378.63,1,1,15.908(19.885%)(0.000m),34.300(30.264%)(1.532m),73.000(64.412%)(5.679m),40.000(35.294%)(2.143m),22.000(27.500%)(0.214m),11.143(27.858%)(0.122m),15.000(37.500%)(0.536m),426.881,5526.967,69.4,1.3449,"[2.205, 2.473, 1.750, 2.309, 2.849, 1.844]","[4.537, 4.629, 4.430, 4.515, 4.984, 4.427]","[-3.432, -4.598, -6.272, -3.878, -4.978, -5.366]"
738,3,25.2227,12.6700,0.249,846,2638,69,52,0.229,100,6.78,30942,3880.74,2,1,23.089(28.862%)(0.331m),47.000(41.471%)(2.893m),57.000(50.294%)(3.964m),36.000(31.765%)(1.714m),25.000(31.250%)(0.536m),16.285(40.712%)(0.673m),22.000(55.000%)(1.286m),251.766,5250.843,72.2,1.3901,"[2.202, 2.533, 2.127, 2.385, 2.855, 2.291]","[4.183, 4.584, 4.416, 4.317, 4.940, 4.609]","[-3.853, -1.038, -4.078, -4.733, -1.736, -3.621]"
739,3,10.4105,12.7652,0.256,429,1335,71,0,0.228,80,6.77,30985,1959.19,0,0,11.288(14.110%)(0.000m),20.698(18.263%)(0.075m),52.005(45.887%)(3.429m),52.000(45.882%)(3.429m),33.000(41.250%)(1.393m),9.862(24.655%)(0.000m),26.000(65.000%)(1.714m),611.539,5496.515,72.0,1.4330,"[2.607, 2.839, 1.941, 2.910, 3.217, 2.066]","[4.098, 4.635, 4.302, 4.379, 4.892, 4.431]","[-6.069, -6.054, -5.054, -5.721, -5.457, -5.992]"
740,3,5.7292,12.3961,0.246,427,1319,88,58,0.228,75,6.76,31028,1913.86,0,0,13.473(16.841%)(0.000m),29.403(25.944%)(1.007m),78.000(68.824%)(6.214m),52.000(45.882%)(3.429m),32.000(40.000%)(1.286m),9.605(24.012%)(0.000m),26.000(65.000%)(1.714m),664.207,6199.444,71.5,1.3213,"[2.702, 2.523, 1.127, 2.889, 2.946, 1.326]","[4.258, 4.694, 4.505, 4.388, 5.101, 4.615]","[-2.678, -5.733, -5.536, -2.800, -4.878, -5.405]"
741,3,11.0478,12.5356,0.252,755,2302,22,138,0.227,95,6.75,31104,3516.81,0,0,20.684(25.855%)(0.073m),40.000(35.294%)(2.143m),63.000(55.588%)(4.607m),20.000(17.647%)(0.000m),21.000(26.250%)(0.107m),14.555(36.388%)(0.488m),20.000(50.000%)(1.071m),0.000,4217.705,70.5,1.4229,"[1.904, 2.276, 1.989, 1.904, 2.556, 2.091]","[4.327, 4.771, 4.444, 4.511, 5.110, 4.618]","[-8.379, -4.598, -5.502, -9.045, -4.001, -5.666]"
742,3,7.3373,12.3900,0.232,346,1044,22,14,0.227,70,6.74,31139,1536.27,0,0,37.000(46.250%)(1.821m),73.000(64.412%)(5.679m),37.000(32.647%)(1.821m),27.000(23.824%)(0.750m),23.000(28.750%)(0.321m),26.000(65.000%)(1.714m),23.000(57.500%)(1.393m),0.000,6605.727,69.8,1.3624,"[2.101, 2.664, 2.519, 2.187, 2.842, 2.653]","[4.012, 4.545, 4.206, 4.157, 4.846, 4.344]","[-5.295, -4.755, -3.777, -5.333, -5.565, -3.829]"
743,3,13.8779,12.3116,0.251,741,2270,51,39,0.226,95,6.73,31214,3512.96,0,0,22.155(27.693%)(0.231m),20.000(17.647%)(0.000m),20.000(17.647%)(0.000m),22.000(19.412%)(0.214m),26.679(33.349%)(0.716m),15.610(39.025%)(0.601m),23.599(58.997%)(1.457m),0.000,5729.533,70.9,1.3687,"[2.235, 2.545, 2.199, 2.355, 2.886, 2.317]","[4.210, 4.759, 4.615, 4.327, 5.091, 4.808]","[-8.085, -5.910, -6.107, -7.031, -6.960, -7.479]"
744,3,16.2494,12.4987,0.253,837,2524,111,11,0.226,95,6.72,31298,3951.35,0,0,12.101(15.127%)(0.000m),23.951(21.133%)(0.423m),62.000(54.706%)(4.500m),46.000(40.588%)(2.786m),30.000(37.500%)(1.071m),9.809(24.522%)(0.000m),23.000(57.500%)(1.393m),423.098,5791.178,69.8,1.4110,"[2.681, 2.828, 1.909, 2.804, 3.152, 1.992]","[4.639, 4.721, 4.667, 4.638, 5.146, 4.883]","[-6.518, -6.816, -5.741, -6.880, -5.790, -5.855]"
745,3,8.2579,12.4065,0.240,503,1425,19,25,0.225,75,6.71,31349,2281.61,0,0,11.725(14.657%)(0.000m),22.023(19.432%)(0.217m),58.870(51.944%)(4.165m),43.000(37.941%)(2.464m),29.000(36.250%)(0.964m),9.993(24.982%)(0.000m),23.000(57.500%)(1.393m),1024.609,6267.625,65.6,1.3685,"[2.810, 3.003, 2.631, 2.851, 3.277, 2.695]","[4.203, 4.674, 4.434, 4.335, 5.008, 4.496]","[-5.332, -6.431, -5.761, -5.467, -5.504, -5.911]"
746,3,12.1273,12.1520,0.246,536,1672,5,44,0.225,85,6.70,31403,2426.14,0,0,24.463(30.579%)(0.478m),45.000(39.706%)(2.679m),58.000(51.177%)(4.071m),24.000(21.177%)(0.429m),12.000(15.000%)(0.000m),17.280(43.200%)(0.780m),10.000(25.000%)(0.000m),559.405,5476.313,72.2,1.3352,"[2.300, 2.572, 2.280, 2.467, 2.977, 2.419]","[4.187, 4.633, 4.398, 4.278, 4.860, 4.351]","[-5.766, -6.536, -5.212, -6.480, -5.176, -5.522]"
747,3,4.2997,12.1478,0.239,354,1085,36,74,0.225,70,6.69,31439,1555.96,0,0,11.980(14.975%)(0.000m),22.785(20.105%)(0.298m),61.000(53.824%)(4.393m),42.000(37.059%)(2.357m),20.000(25.000%)(0.000m),10.083(25.208%)(0.009m),14.000(35.000%)(0.429m),342.768,6089.190,70.9,1.2885,"[1.975, 2.318, 1.980, 2.151, 2.648, 2.104]","[3.991, 4.500, 4.233, 4.204, 4.911, 4.398]","[-5.720, -7.050, -6.631, -5.764, -6.636, -6.008]"
748,3,22.6798,12.1534,0.253,977,2923,119,80,0.224,100,6.82,31537,4377.67,1,1,15.702(19.628%)(0.000m),33.332(29.411%)(1.428m),85.000(75.000%)(6.964m),54.000(47.647%)(3.643m),28.226(35.282%)(0.881m),11.042(27.605%)(0.112m),20.011(50.028%)(1.073m),511.446,5234.515,69.2,1.3758,"[2.448, 2.702, 2.146, 2.575, 3.104, 2.267]","[4.292, 4.470, 4.191, 4.297, 4.756, 4.305]","[-1.751, -2.832, -5.031, -1.308, -2.493, -5.130]"
749,3,5.3883,12.0680,0.252,650,1887,71,84,0.224,85,6.81,31602,2919.44,0,0,18.292(22.865%)(0.000m),38.755(34.196%)(2.009m),20.000(17.647%)(0.000m),20.000(17.647%)(0.000m),29.000(36.250%)(0.964m),12.883(32.208%)(0.309m),19.000(47.500%)(0.964m),0.000,6616.427,67.2,1.3289,"[2.254, 2.561, 2.276, 2.309, 2.792, 2.221]","[4.411, 4.665, 4.551, 4.467, 5.037, 4.529]","[-4.493, -3.526, -5.328, -5.524, -4.025, -6.561]"
750,3,9.3481,12.1576,0.238,337,1024,0,10,0.223,70,6.80,31636,1562.69,0,0,34.000(42.500%)(1.500m),84.000(74.118%)(6.857m),89.000(78.530%)(7.393m),22.000(19.412%)(0.214m),24.000(30.000%)(0.429m),24.000(60.000%)(1.500m),28.000(70.000%)(1.929m),0.000,6621.303,70.3,1.3689,"[2.565, 2.873, 2.471, 2.676, 3.194, 2.606]","[4.324, 4.524, 4.318, 4.261, 4.856, 4.408]","[-9.053, -5.729, -5.959, -7.834, -5.035, -4.997]"
751,3,8.8983,12.2918,0.242,581,1750,85,19,0.223,85,6.79,31695,2595.40,0,0,17.289(21.611%)(0.000m),37.009(32.655%)(1.822m),33.000(29.118%)(1.393m),18.000(15.882%)(0.000m),26.000(32.500%)(0.643m),12.123(30.308%)(0.227m),25.000(62.500%)(1.607m),522.736,7260.239,69.7,1.3833,"[2.368, 2.602, 1.867, 2.521, 2.937, 1.984]","[4.360, 4.553, 4.574, 4.396, 4.882, 4.535]","[-5.939, -5.718, -6.406, -6.449, -5.455, -7.162]"
752,3,16.6194,12.5680,0.257,807,2415,79,35,0.222,95,6.78,31776,3623.06,0,0,23.025(28.781%)(0.324m),42.000(37.059%)(2.357m),46.000(40.588%)(2.786m),30.000(26.471%)(1.071m),23.000(28.750%)(0.321m),16.239(40.599%)(0.669m),21.000(52.500%)(1.179m),71.176,5881.559,69.3,1.4136,"[2.542, 2.887, 2.529, 2.639, 3.182, 2.684]","[4.506, 4.701, 4.587, 4.589, 5.037, 4.703]","[-4.893, -3.299, -4.934, -4.945, -4.654, -4.935]"
753,3,19.8375,12.8535,0.259,883,2718,41,173,0.222,100,6.91,31865,4022.22,1,1,18.817(23.521%)(0.000m),39.849(35.161%)(2.127m),82.000(72.353%)(6.643m),44.000(38.824%)(2.571m),27.000(33.750%)(0.750m),14.000(35.000%)(0.429m),19.000(47.500%)(0.964m),661.579,5686.240,71.2,1.3765,"[2.378, 2.705, 2.407, 2.494, 3.080, 2.580]","[4.079, 4.665, 4.501, 4.443, 5.012, 4.707]","[-2.869, -4.861, -4.946, -3.549, -4.337, -4.867]"
754,3,16.9450,12.7554,0.261,848,2643,45,102,0.221,100,7.03,31950,3998.83,2,1,21.568(26.960%)(0.168m),45.460(40.112%)(2.728m),82.000(72.353%)(6.643m),56.000(49.412%)(3.857m),29.000(36.250%)(0.964m),15.000(37.500%)(0.536m),23.000(57.500%)(1.393m),768.114,5187.608,72.1,1.5199,"[2.591, 2.909, 2.556, 2.790, 3.379, 2.761]","[4.642, 4.991, 4.724, 4.797, 5.440, 4.842]","[-0.866, -0.548, -5.425, -1.671, 0.470, -5.400]"
755,3,15.0542,13.0630,0.259,701,2195,41,0,0.221,95,7.02,32021,3234.75,0,0,12.438(15.547%)(0.000m),25.715(22.690%)(0.612m),66.000(58.235%)(4.929m),48.005(42.357%)(3.000m),22.895(28.619%)(0.310m),9.704(24.260%)(0.000m),16.174(40.435%)(0.662m),608.665,4806.994,72.5,1.4043,"[2.401, 2.721, 2.400, 2.515, 3.071, 2.577]","[4.331, 4.885, 4.688, 4.663, 5.239, 4.929]","[-5.802, -7.130, -5.502, -6.256, -6.438, -5.225]"
756,3,6.1211,12.8663,0.233,543,1691,102,86,0.221,85,7.01,32076,2446.29,0,0,17.680(22.101%)(0.000m),37.715(33.278%)(1.898m),70.000(61.765%)(5.357m),22.000(19.412%)(0.214m),12.000(15.000%)(0.000m),12.409(31.022%)(0.258m),10.000(25.000%)(0.000m),574.811,5504.451,72.1,1.4562,"[2.465, 2.662, 2.031, 2.705, 3.108, 2.225]","[4.686, 4.577, 4.260, 4.917, 5.005, 4.311]","[-5.756, -5.255, -5.090, -5.539, -4.735, -5.032]"
757,3,11.5715,12.9279,0.255,734,2258,115,101,0.220,95,7.00,32150,3370.09,0,0,15.981(19.976%)(0.000m),34.398(30.352%)(1.543m),32.000(28.235%)(1.286m),21.000(18.529%)(0.107m),23.000(28.750%)(0.321m),11.201(28.001%)(0.129m),18.000(45.000%)(0.857m),0.000,4828.130,71.2,1.4227,"[1.814, 2.175, 1.685, 1.824, 2.483, 1.838]","[4.421, 4.862, 4.570, 4.511, 5.294, 4.778]","[-6.431, -5.358, -6.472, -7.461, -6.481, -6.912]"
758,3,23.1002,13.1673,0.256,893,2739,53,123,0.220,100,7.12,32240,4032.56,1,1,19.480(24.350%)(0.000m),41.364(36.498%)(2.289m),47.000(41.471%)(2.893m),35.000(30.882%)(1.607m),26.000(32.500%)(0.643m),13.692(34.229%)(0.396m),18.000(45.000%)(0.857m),266.049,5464.213,71.0,1.4043,"[2.540, 2.921, 2.517, 2.655, 3.211, 2.666]","[4.608, 4.843, 4.550, 4.654, 5.142, 4.658]","[-4.280, -1.779, -5.329, -5.468, -2.982, -5.350]"
759,3,7.6527,13.1116,0.254,374,1104,3,12,0.219,70,7.11,32278,1795.91,0,0,35.000(43.750%)(1.607m),73.000(64.412%)(5.679m),44.000(38.824%)(2.571m),28.000(24.706%)(0.857m),23.000(28.750%)(0.321m),25.000(62.500%)(1.607m),24.000(60.000%)(1.500m),21.941,8619.973,68.3,1.4273,"[2.513, 2.986, 2.898, 2.622, 3.319, 3.098]","[4.320, 4.631, 4.425, 4.470, 4.955, 4.370]","[-5.834, -4.644, -3.482, -5.292, -4.442, -2.020]"
760,3,2.7897,13.0019,0.250,567,1726,11,138,0.219,85,7.11,32335,2555.86,0,0,12.000(15.000%)(0.000m),16.000(14.118%)(0.000m),27.000(23.824%)(0.750m),55.000(48.530%)(3.750m),30.059(37.573%)(1.078m),16.000(40.000%)(0.643m),21.347(53.367%)(1.216m),718.947,5700.524,70.4,1.4053,"[2.024, 2.282, 2.027, 2.239, 2.648, 2.145]","[4.127, 4.562, 4.317, 4.356, 4.896, 4.357]","[-6.749, -6.242, -4.245, -5.476, -5.385, -4.149]"
761,3,4.7932,12.8600,0.254,680,1980,85,177,0.218,85,7.10,32403,3098.02,0,0,18.001(22.501%)(0.000m),29.000(25.588%)(0.964m),51.000(45.000%)(3.321m),22.000(19.412%)(0.214m),12.000(15.000%)(0.000m),12.642(31.605%)(0.283m),13.000(32.500%)(0.321m),154.167,7217.907,67.4,1.3125,"[2.077, 2.222, 1.864, 2.097, 2.582, 1.984]","[4.412, 4.498, 4.298, 4.591, 4.836, 4.465]","[-5.243, -5.270, -5.946, -5.536, -3.429, -5.456]"
762,3,4.9574,12.7541,0.254,799,2457,122,218,0.218,95,7.09,32483,3669.23,0,0,13.647(17.059%)(0.000m),29.318(25.869%)(0.998m),70.000(61.765%)(5.357m),45.000(39.706%)(2.679m),16.000(20.000%)(0.000m),9.605(24.013%)(0.000m),10.000(25.000%)(0.000m),561.786,4493.183,71.2,1.3860,"[2.067, 2.145, 1.568, 2.195, 2.546, 1.774]","[4.115, 4.611, 4.331, 4.511, 4.963, 4.405]","[-5.877, -5.342, -6.093, -5.192, -4.008, -5.641]"
763,3,5.4394,12.5991,0.244,530,1639,132,10,0.218,85,7.08,32536,2392.75,0,0,17.407(21.759%)(0.000m),20.000(17.647%)(0.000m),21.000(18.529%)(0.107m),29.813(26.306%)(1.051m),19.746(24.682%)(0.000m),12.217(30.541%)(0.237m),22.323(55.807%)(1.320m),0.000,5087.050,71.6,1.3794,"[2.249, 2.454, 1.687, 2.423, 2.767, 1.826]","[4.377, 4.528, 4.369, 4.461, 4.775, 4.421]","[-7.198, -6.326, -5.442, -7.064, -7.254, -6.113]"
764,3,30.8570,13.0882,0.250,849,2644,62,42,0.217,100,7.20,32621,3862.98,1,1,20.632(25.790%)(0.068m),43.639(38.505%)(2.533m),71.000(62.647%)(5.464m),38.000(33.530%)(1.929m),27.000(33.750%)(0.750m),14.517(36.293%)(0.484m),21.000(52.500%)(1.179m),319.153,4550.081,72.1,1.3434,"[2.601, 2.959, 2.460, 2.765, 3.334, 2.593]","[3.955, 4.491, 4.199, 4.134, 4.902, 4.320]","[-3.083, 0.433, -4.408, -3.694, 0.342, -4.227]"
765,3,33.4975,13.5533,0.253,813,2566,0,45,0.217,100,7.32,32703,3730.15,2,1,23.561(29.452%)(0.382m),49.455(43.637%)(3.156m),69.000(60.883%)(5.250m),54.000(47.647%)(3.643m),31.000(38.750%)(1.179m),16.628(41.569%)(0.710m),17.000(42.500%)(0.750m),568.538,4926.717,73.0,1.3401,"[2.502, 2.884, 2.468, 2.713, 3.332, 2.606]","[3.952, 4.523, 4.254, 4.306, 5.007, 4.457]","[-1.442, 0.352, -3.350, -0.997, 1.129, -3.396]"
766,3,27.3100,13.6629,0.242,891,2737,207,34,0.216,100,7.44,32793,4004.60,3,1,14.964(18.705%)(0.000m),32.388(28.578%)(1.327m),68.000(60.000%)(5.143m),46.000(40.588%)(2.786m),28.000(35.000%)(0.857m),10.475(26.189%)(0.051m),21.000(52.500%)(1.179m),466.925,5467.779,71.1,1.3137,"[2.780, 2.987, 2.328, 2.995, 3.404, 2.463]","[4.179, 4.571, 4.447, 4.406, 5.001, 4.675]","[-1.983, -5.457, -5.372, -3.124, -4.587, -5.288]"
767,3,19.0266,13.6378,0.235,721,2246,18,5,0.216,95,7.43,32866,3328.80,0,0,12.578(15.722%)(0.000m),25.616(22.602%)(0.602m),74.000(65.294%)(5.786m),49.992(44.110%)(3.213m),23.872(29.840%)(0.415m),9.939(24.848%)(0.000m),16.863(42.157%)(0.735m),622.872,5295.651,72.1,1.3427,"[2.533, 2.731, 2.438, 2.646, 3.024, 2.583]","[4.158, 4.704, 4.393, 4.757, 5.039, 4.588]","[-4.778, -5.991, -6.503, -4.486, -6.075, -5.130]"
768,3,23.4884,13.9934,0.262,869,2689,91,122,0.215,100,7.55,32953,3908.62,1,1,16.028(20.035%)(0.000m),34.543(30.479%)(1.558m),52.000(45.882%)(3.429m),43.000(37.941%)(2.464m),24.000(30.000%)(0.429m),11.227(28.067%)(0.131m),17.000(42.500%)(0.750m),398.990,4415.861,71.6,1.3594,"[2.308, 2.567, 2.002, 2.512, 2.948, 2.166]","[4.122, 4.539, 4.332, 4.432, 5.023, 4.399]","[-4.967, -2.659, -5.056, -5.104, -2.406, -5.059]"
769,3,8.8538,14.0271,0.276,406,1228,13,32,0.215,75,7.54,32994,1884.21,0,0,12.170(15.213%)(0.000m),23.761(20.965%)(0.403m),60.000(52.941%)(4.286m),41.000(36.177%)(2.250m),25.000(31.250%)(0.536m),9.990(24.974%)(0.000m),23.000(57.500%)(1.393m),351.328,6767.541,70.0,1.3493,"[2.797, 3.022, 2.595, 2.975, 3.417, 2.724]","[4.461, 4.767, 4.487, 4.606, 5.174, 4.726]","[-5.518, -6.733, -5.540, -5.033, -5.788, -5.664]"
770,3,29.3351,14.5713,0.248,822,2586,58,153,0.214,100,7.66,33077,3681.06,1,1,20.188(25.235%)(0.020m),40.000(35.294%)(2.143m),57.000(50.294%)(3.964m),36.000(31.765%)(1.714m),19.000(23.750%)(0.000m),14.199(35.499%)(0.450m),18.000(45.000%)(0.857m),300.001,4693.174,72.8,1.3525,"[2.474, 2.915, 2.613, 2.678, 3.361, 2.812]","[4.487, 4.926, 4.544, 4.561, 5.250, 4.560]","[-4.900, -2.929, -5.238, -5.621, -2.295, -5.301]"
771,3,25.2235,14.9364,0.263,901,2756,49,62,0.214,100,7.78,33168,4113.92,2,1,22.869(28.587%)(0.307m),43.000(37.941%)(2.464m),74.000(65.294%)(5.786m),50.000(44.118%)(3.214m),27.000(33.750%)(0.750m),16.127(40.317%)(0.656m),21.000(52.500%)(1.179m),548.433,6372.508,70.8,1.3489,"[2.846, 3.155, 2.766, 3.026, 3.539, 2.965]","[4.776, 4.896, 4.612, 4.870, 5.225, 4.783]","[-1.325, 1.190, -2.961, -1.927, 1.177, -3.043]"
772,3,9.8944,14.6963,0.272,540,1599,21,0,0.214,80,7.77,33222,2474.13,0,0,24.866(31.082%)(0.521m),52.056(45.932%)(3.435m),25.131(22.175%)(0.550m),14.986(13.223%)(0.000m),9.925(12.406%)(0.000m),17.571(43.928%)(0.811m),11.221(28.051%)(0.131m),630.929,8156.413,68.5,1.3874,"[2.666, 2.998, 2.590, 2.772, 3.352, 2.774]","[4.911, 5.011, 4.813, 4.980, 5.336, 4.853]","[-5.304, -5.047, -5.915, -5.707, -5.803, -5.848]"
773,3,22.1577,14.6895,0.254,863,2677,180,131,0.213,100,7.89,33309,3834.53,1,1,18.656(23.320%)(0.000m),39.641(34.978%)(2.104m),50.000(44.118%)(3.214m),33.000(29.118%)(1.393m),22.481(28.101%)(0.266m),13.107(32.769%)(0.333m),15.846(39.615%)(0.626m),148.142,5924.553,71.8,1.3636,"[2.163, 2.599, 1.880, 2.349, 2.939, 2.026]","[4.723, 5.032, 4.731, 4.815, 5.365, 4.921]","[-4.930, -2.496, -4.916, -5.151, -3.447, -4.478]"
774,3,8.7172,14.3863,0.265,500,1528,56,42,0.213,80,7.88,33359,2268.65,0,0,11.619(14.524%)(0.000m),21.061(18.584%)(0.114m),51.258(45.228%)(3.349m),55.000(48.530%)(3.750m),33.000(41.250%)(1.393m),10.278(25.695%)(0.030m),19.000(47.500%)(0.964m),917.662,6233.290,70.7,1.4283,"[2.891, 2.966, 2.175, 3.116, 3.328, 2.362]","[4.524, 4.720, 4.433, 4.649, 5.051, 4.587]","[-6.015, -6.172, -5.981, -5.820, -5.978, -6.705]"
775,3,2.4387,14.1813,0.258,405,1244,49,117,0.212,75,7.87,33400,1850.47,0,0,11.890(14.863%)(0.000m),22.908(20.213%)(0.312m),63.249(55.808%)(4.634m),47.000(41.471%)(2.893m),15.000(18.750%)(0.000m),9.883(24.708%)(0.000m),11.000(27.500%)(0.107m),1214.510,6731.717,71.1,1.3353,"[2.064, 2.572, 2.355, 2.291, 3.025, 2.515]","[4.743, 4.711, 4.420, 4.818, 5.111, 4.651]","[-6.490, -5.813, -5.157, -5.201, -5.112, -5.109]"
776,3,5.3906,13.9119,0.255,489,1498,18,30,0.212,80,7.86,33449,2228.55,0,0,29.000(36.250%)(0.964m),55.000(48.530%)(3.750m),48.183(42.514%)(3.020m),20.396(17.996%)(0.042m),11.379(14.224%)(0.000m),20.000(50.000%)(1.071m),10.191(25.477%)(0.020m),968.621,5577.623,70.9,1.4269,"[2.171, 2.699, 2.464, 2.256, 3.029, 2.449]","[4.461, 4.662, 4.273, 4.483, 4.934, 4.375]","[-5.481, -4.567, -5.265, -4.536, -4.943, -6.417]"
777,3,29.0781,14.3443,0.249,855,2656,126,26,0.211,100,7.98,33535,3821.91,1,1,16.235(20.294%)(0.000m),34.954(30.842%)(1.602m),64.000(56.471%)(4.714m),39.000(34.412%)(2.036m),26.000(32.500%)(0.643m),11.453(28.632%)(0.156m),23.000(57.500%)(1.393m),294.481,5384.009,71.9,1.4147,"[2.819, 2.976, 2.163, 3.024, 3.398, 2.399]","[4.483, 4.802, 4.610, 4.561, 5.136, 4.696]","[-1.662, -3.244, -5.894, -2.401, -2.556, -4.848]"
778,3,9.2549,14.3046,0.228,756,2313,113,124,0.211,95,7.97,33611,3388.88,0,0,11.480(14.350%)(0.000m),20.808(18.360%)(0.087m),50.642(44.685%)(3.283m),40.000(35.294%)(2.143m),26.000(32.500%)(0.643m),10.154(25.386%)(0.017m),18.000(45.000%)(0.857m),412.918,5295.491,70.8,1.3430,"[2.458, 2.602, 1.972, 2.632, 2.984, 2.123]","[4.441, 4.691, 4.547, 4.590, 5.037, 4.663]","[-5.814, -6.044, -6.062, -5.691, -5.616, -5.137]"
779,3,8.9321,14.1153,0.246,417,1277,16,11,0.211,75,7.96,33653,1859.41,0,0,10.632(13.290%)(0.000m),17.911(15.804%)(0.000m),36.611(32.303%)(1.780m),56.000(49.412%)(3.857m),29.000(36.250%)(0.964m),10.249(25.623%)(0.027m),24.000(60.000%)(1.500m),712.792,6705.106,70.8,1.3249,"[2.836, 3.161, 2.809, 3.033, 3.542, 3.019]","[4.383, 4.880, 4.568, 4.482, 5.204, 4.736]","[-5.445, -5.540, -5.151, -5.427, -5.058, -5.329]"
780,3,26.3060,14.2132,0.237,816,2571,0,86,0.210,100,8.08,33735,3744.38,1,1,24.732(30.915%)(0.507m),42.000(37.059%)(2.357m),73.000(64.412%)(5.679m),50.000(44.118%)(3.214m),23.000(28.750%)(0.321m),17.479(43.697%)(0.801m),22.000(55.000%)(1.286m),479.510,4576.761,72.9,1.3949,"[2.598, 2.957, 2.628, 2.760, 3.313, 2.761]","[4.199, 4.696, 4.407, 4.327, 5.030, 4.445]","[0.302, 0.486, -4.249, -0.388, 1.160, -4.039]"
781,3,6.8956,13.9267,0.252,346,1045,17,26,0.210,70,8.07,33770,1568.74,0,0,13.379(16.724%)(0.000m),29.317(25.868%)(0.998m),79.083(69.779%)(6.330m),69.000(60.883%)(5.250m),42.000(52.500%)(2.357m),9.656(24.139%)(0.000m),29.000(72.500%)(2.036m),1103.138,7064.155,69.9,1.3137,"[2.953, 2.803, 2.222, 3.086, 3.149, 2.419]","[4.305, 4.849, 4.593, 4.380, 5.196, 4.669]","[-2.428, -6.173, -6.622, -3.319, -5.954, -4.975]"
782,3,8.3580,13.8767,0.245,650,1920,9,99,0.209,85,8.06,33835,2956.54,0,0,23.545(29.431%)(0.380m),37.000(32.647%)(1.821m),56.000(49.412%)(3.857m),27.000(23.824%)(0.750m),13.000(16.250%)(0.000m),16.616(41.540%)(0.709m),10.000(25.000%)(0.000m),273.433,7487.603,68.3,1.3270,"[2.202, 2.495, 2.274, 2.295, 2.883, 2.333]","[4.373, 4.493, 4.487, 4.391, 4.821, 4.410]","[-6.341, -6.599, -4.490, -6.053, -4.795, -4.351]"
783,3,10.5775,13.8029,0.229,410,1230,13,17,0.209,75,8.05,33876,1983.08,0,0,12.474(15.592%)(0.000m),25.789(22.755%)(0.620m),74.284(65.545%)(5.816m),53.000(46.765%)(3.536m),28.000(35.000%)(0.857m),9.732(24.330%)(0.000m),25.000(62.500%)(1.607m),673.171,8711.228,69.4,1.3752,"[2.467, 2.904, 2.675, 2.699, 3.298, 2.802]","[4.363, 4.559, 4.406, 4.692, 4.958, 4.587]","[-8.082, -7.400, -6.125, -6.934, -6.268, -6.369]"
784,3,26.9765,14.2569,0.224,867,2685,162,87,0.209,100,8.16,33963,3912.72,1,1,15.849(19.811%)(0.000m),34.223(30.197%)(1.524m),61.000(53.824%)(4.393m),38.000(33.530%)(1.929m),18.000(22.500%)(0.000m),11.307(28.268%)(0.140m),13.000(32.500%)(0.321m),570.964,5207.772,71.7,1.3866,"[2.227, 2.557, 1.934, 2.431, 2.999, 2.088]","[4.417, 4.571, 4.236, 4.480, 4.963, 4.417]","[-4.760, -5.230, -5.310, -4.774, -4.476, -5.381]"
785,3,1.0977,13.7834,0.242,785,2382,133,150,0.208,95,8.15,34042,3598.76,0,0,12.189(15.236%)(0.000m),23.483(20.721%)(0.373m),59.000(52.059%)(4.179m),31.000(27.353%)(1.179m),16.317(20.396%)(0.000m),10.131(25.328%)(0.014m),11.474(28.684%)(0.158m),218.445,5268.784,70.2,1.3873,"[1.256, 1.696, 1.446, 1.243, 1.926, 1.535]","[3.873, 4.412, 4.125, 4.032, 4.790, 4.292]","[-6.182, -6.997, -6.034, -6.336, -6.209, -6.059]"
786,3,31.3566,14.3293,0.235,806,2550,37,84,0.208,100,8.27,34123,3576.09,1,1,20.315(25.394%)(0.034m),43.014(37.954%)(2.466m),67.000(59.118%)(5.036m),52.000(45.882%)(3.429m),28.000(35.000%)(0.857m),14.305(35.764%)(0.461m),20.000(50.000%)(1.071m),519.350,4721.229,73.2,1.3244,"[2.664, 2.968, 2.383, 2.941, 3.414, 2.667]","[4.180, 4.559, 4.349, 4.240, 4.971, 4.506]","[0.129, 0.598, -4.961, -0.145, 0.691, -5.027]"
787,3,6.3638,14.1429,0.244,543,1668,188,30,0.207,85,8.26,34178,2465.36,0,0,16.008(20.009%)(0.000m),31.000(27.353%)(1.179m),24.000(21.177%)(0.429m),20.000(17.647%)(0.000m),32.000(40.000%)(1.286m),11.216(28.041%)(0.130m),24.000(60.000%)(1.500m),372.991,4890.147,71.1,1.3263,"[2.190, 2.271, 1.435, 2.354, 2.605, 1.489]","[4.172, 4.473, 4.148, 4.265, 4.931, 4.249]","[-6.472, -6.093, -6.176, -6.272, -6.459, -7.585]"
788,3,3.8231,13.7149,0.247,353,1059,14,0,0.207,70,8.25,34214,1656.08,0,0,12.653(15.817%)(0.000m),26.160(23.082%)(0.660m),77.794(68.642%)(6.192m),68.000(60.000%)(5.143m),37.000(46.250%)(1.821m),9.872(24.680%)(0.000m),27.000(67.500%)(1.821m),1142.704,7728.471,69.4,1.3924,"[2.387, 2.588, 2.260, 2.557, 2.925, 2.382]","[4.291, 4.745, 4.466, 4.489, 5.217, 4.747]","[-6.937, -6.614, -5.893, -7.524, -5.815, -5.297]"
789,3,20.1401,13.9095,0.238,990,2957,125,164,0.206,100,8.37,34313,4486.96,1,1,17.550(21.938%)(0.000m),37.552(33.135%)(1.881m),60.000(52.941%)(4.286m),36.000(31.765%)(1.714m),17.000(21.250%)(0.000m),12.309(30.772%)(0.247m),12.000(30.000%)(0.214m),435.470,5769.112,69.1,1.3672,"[2.329, 2.559, 2.087, 2.485, 3.013, 2.227]","[4.577, 4.490, 4.421, 4.625, 4.913, 4.543]","[-4.985, -4.229, -5.254, -5.332, -3.454, -6.123]"
790,3,21.9543,14.2340,0.239,829,2603,202,104,0.206,100,8.48,34396,3737.46,2,1,19.458(24.323%)(0.000m),41.322(36.460%)(2.284m),59.000(52.059%)(4.179m),51.000(45.000%)(3.321m),23.000(28.750%)(0.321m),13.689(34.223%)(0.395m),15.000(37.500%)(0.536m),598.999,4442.789,72.7,1.3426,"[2.297, 2.704, 2.124, 2.498, 3.118, 2.231]","[4.099, 4.544, 4.308, 4.589, 5.033, 4.494]","[-3.936, 0.252, -4.811, -2.920, 0.633, -5.027]"
791,3,15.5584,14.3242,0.239,847,2501,153,51,0.206,95,8.47,34481,3837.03,0,0,20.195(25.244%)(0.021m),20.000(17.647%)(0.000m),19.000(16.765%)(0.000m),20.000(17.647%)(0.000m),34.000(42.500%)(1.500m),14.204(35.511%)(0.450m),24.000(60.000%)(1.500m),0.000,5356.152,68.3,1.3166,"[2.542, 2.756, 2.192, 2.694, 2.972, 2.328]","[4.072, 4.705, 4.610, 4.238, 5.076, 4.723]","[-6.310, -5.157, -6.498, -6.942, -7.004, -6.836]"
792,3,8.2015,14.3414,0.260,847,2506,37,102,0.205,95,8.46,34566,3918.04,0,0,20.000(25.000%)(0.000m),21.000(18.529%)(0.107m),23.000(20.294%)(0.321m),34.000(30.000%)(1.500m),20.214(25.268%)(0.023m),18.000(45.000%)(0.857m),14.225(35.563%)(0.453m),0.000,6009.797,68.5,1.3675,"[2.309, 2.598, 2.237, 2.288, 2.821, 2.285]","[5.038, 5.104, 4.733, 5.134, 5.466, 4.834]","[-5.401, -5.025, -5.677, -7.813, -4.736, -7.332]"
793,3,9.0948,14.2458,0.251,348,1078,23,21,0.205,70,8.45,34601,1588.10,0,0,10.317(12.897%)(0.000m),17.217(15.191%)(0.000m),34.503(30.444%)(1.554m),34.000(30.000%)(1.500m),24.000(30.000%)(0.429m),10.068(25.171%)(0.007m),26.000(65.000%)(1.714m),163.581,5814.648,71.7,1.4419,"[2.518, 2.868, 2.437, 2.699, 3.099, 2.552]","[4.502, 4.767, 4.332, 4.719, 5.200, 4.480]","[-5.209, -6.709, -6.238, -5.302, -6.263, -6.070]"
794,3,10.0819,14.1224,0.258,523,1633,53,25,0.204,85,8.44,34654,2296.88,0,0,16.464(20.581%)(0.000m),35.324(31.168%)(1.642m),73.000(64.412%)(5.679m),21.000(18.529%)(0.107m),12.000(15.000%)(0.000m),11.541(28.852%)(0.165m),26.000(65.000%)(1.714m),449.450,4894.638,72.3,1.2975,"[2.410, 2.568, 1.847, 2.517, 2.931, 2.015]","[4.442, 4.975, 4.676, 4.733, 5.267, 4.729]","[-5.864, -7.346, -6.291, -7.643, -6.546, -6.059]"
795,3,14.4259,14.2458,0.251,732,2307,39,12,0.204,95,8.43,34728,3299.01,0,0,12.623(15.779%)(0.000m),26.097(23.027%)(0.653m),69.000(60.883%)(5.250m),52.000(45.882%)(3.429m),31.000(38.750%)(1.179m),9.849(24.621%)(0.000m),24.000(60.000%)(1.500m),495.424,4572.360,72.9,1.3779,"[2.365, 2.473, 1.825, 2.545, 2.856, 1.962]","[4.232, 4.672, 4.631, 4.361, 5.095, 4.743]","[-7.166, -6.300, -5.977, -6.647, -5.253, -5.950]"
796,3,24.1591,14.4864,0.232,889,2731,103,33,0.204,100,8.54,34817,4046.39,1,1,15.156(18.945%)(0.000m),32.866(29.000%)(1.379m),66.000(58.235%)(4.929m),48.000(42.353%)(3.000m),28.000(35.000%)(0.857m),10.609(26.522%)(0.065m),22.000(55.000%)(1.286m),432.572,6519.912,71.1,1.3716,"[2.694, 2.792, 2.355, 2.872, 3.156, 2.504]","[5.042, 5.046, 4.621, 5.090, 5.388, 4.733]","[-0.345, -5.892, -5.105, -0.917, -5.183, -5.064]"
797,3,12.5389,14.6512,0.237,521,1636,44,33,0.203,85,8.53,34870,2417.09,0,0,20.515(25.644%)(0.055m),43.408(38.302%)(2.508m),59.000(52.059%)(4.179m),27.000(23.824%)(0.750m),13.000(16.250%)(0.000m),14.434(36.084%)(0.475m),25.000(62.500%)(1.607m),360.952,4797.091,72.7,1.4402,"[2.310, 2.678, 2.311, 2.487, 3.110, 2.479]","[4.514, 4.953, 4.687, 4.526, 5.281, 4.768]","[-5.287, -7.046, -5.142, -5.948, -6.237, -4.764]"
798,3,24.3040,14.6837,0.258,853,2654,122,117,0.203,100,8.65,34956,3890.26,1,1,19.672(24.590%)(0.000m),40.000(35.294%)(2.143m),66.000(58.235%)(4.929m),42.000(37.059%)(2.357m),20.000(25.000%)(0.000m),13.843(34.608%)(0.412m),14.000(35.000%)(0.429m),339.879,4268.054,72.0,1.3516,"[2.547, 2.956, 2.320, 2.788, 3.354, 2.530]","[4.167, 4.665, 4.494, 4.571, 5.009, 4.669]","[-5.421, -3.996, -5.160, -5.612, -3.731, -5.193]"
799,3,17.4059,14.9241,0.250,944,2857,168,70,0.202,100,8.76,35051,4324.13,2,1,19.250(24.063%)(0.000m),40.910(36.097%)(2.240m),71.000(62.647%)(5.464m),31.000(27.353%)(1.179m),14.000(17.500%)(0.000m),13.527(33.817%)(0.378m),10.000(25.000%)(0.000m),499.183,5754.135,70.1,1.4261,"[2.057, 2.555, 2.246, 2.209, 2.888, 2.380]","[4.277, 4.722, 4.675, 4.595, 5.057, 4.786]","[-6.042, -6.069, -5.028, -5.881, -4.773, -4.990]"
800,3,7.2730,14.8826,0.254,666,1943,18,64,0.202,85,8.75,35118,3052.19,0,0,11.000(13.750%)(0.000m),14.000(12.353%)(0.000m),22.000(19.412%)(0.214m),43.000(37.941%)(2.464m),29.000(36.250%)(0.964m),15.955(39.887%)(0.638m),21.000(52.500%)(1.179m),672.204,6841.979,67.5,1.3515,"[2.499, 2.787, 2.476, 2.563, 3.102, 2.573]","[4.686, 4.905, 4.851, 4.687, 5.328, 4.948]","[-6.495, -5.552, -5.076, -5.287, -4.977, -5.185]"
801,3,-0.5633,14.6933,0.222,517,1495,79,113,0.202,80,8.74,35170,2317.93,0,0,22.000(27.500%)(0.214m),45.000(39.706%)(2.679m),83.000(73.236%)(6.750m),39.001(34.413%)(2.036m),18.521(23.152%)(0.000m),15.000(37.500%)(0.536m),13.028(32.571%)(0.324m),686.693,9028.531,66.9,1.3944,"[1.751, 2.245, 2.221, 1.704, 2.456, 2.254]","[4.578, 4.621, 4.596, 4.622, 4.976, 4.627]","[-4.886, -5.823, -4.352, -5.384, -5.252, -5.244]"
802,3,9.1216,14.5434,0.252,466,1445,51,57,0.201,80,8.73,35217,2271.38,0,0,11.937(14.921%)(0.000m),23.305(20.564%)(0.354m),65.806(58.064%)(4.908m),46.000(40.588%)(2.786m),21.000(26.250%)(0.107m),9.798(24.496%)(0.000m),18.000(45.000%)(0.857m),487.013,5228.722,71.7,1.5689,"[2.644, 2.939, 2.436, 2.835, 3.336, 2.621]","[4.202, 4.689, 4.445, 4.399, 5.085, 4.521]","[-6.661, -5.769, -6.158, -6.242, -5.584, -6.605]"
803,3,24.1630,14.6299,0.230,841,2628,68,101,0.201,100,8.84,35302,3747.68,1,1,21.570(26.963%)(0.168m),45.363(40.026%)(2.717m),66.000(58.235%)(4.929m),45.000(39.706%)(2.679m),21.000(26.250%)(0.107m),15.234(38.085%)(0.561m),15.000(37.500%)(0.536m),420.883,5062.246,72.3,1.3274,"[2.423, 2.874, 2.338, 2.673, 3.282, 2.580]","[4.183, 4.608, 4.424, 4.456, 5.029, 4.550]","[-4.798, -0.952, -5.184, -3.712, -0.254, -5.265]"
804,3,1.9705,14.3304,0.242,754,2315,189,151,0.200,95,8.83,35378,3391.21,0,0,10.712(13.390%)(0.000m),16.953(14.958%)(0.000m),30.727(27.112%)(1.149m),40.000(35.294%)(2.143m),15.000(18.750%)(0.000m),11.249(28.122%)(0.134m),11.000(27.500%)(0.107m),469.895,4442.830,71.1,1.3825,"[1.801, 1.989, 1.299, 1.987, 2.357, 1.436]","[3.975, 4.412, 4.096, 4.190, 4.854, 4.242]","[-6.157, -6.731, -6.441, -6.185, -6.128, -6.152]"
805,3,10.3382,14.2361,0.235,469,1400,72,7,0.200,80,8.82,35425,2124.23,0,0,12.596(15.745%)(0.000m),26.041(22.977%)(0.647m),84.000(74.118%)(6.857m),57.000(50.294%)(3.964m),31.000(38.750%)(1.179m),9.827(24.568%)(0.000m),25.000(62.500%)(1.607m),734.706,7889.201,69.1,1.3562,"[2.916, 2.932, 2.149, 3.099, 3.343, 2.338]","[4.441, 4.435, 4.170, 4.489, 4.799, 4.271]","[-5.104, -6.196, -6.841, -4.857, -5.062, -5.607]"
806,3,6.3157,14.2400,0.234,357,1105,16,0,0.200,70,8.81,35461,1613.68,0,0,32.000(40.000%)(1.286m),61.000(53.824%)(4.393m),49.714(43.865%)(3.184m),20.427(18.024%)(0.046m),11.269(14.087%)(0.000m),23.000(57.500%)(1.393m),9.968(24.920%)(0.000m),1176.903,6272.198,71.6,1.3442,"[2.416, 2.980, 2.731, 2.549, 3.333, 2.845]","[4.199, 4.557, 4.081, 4.368, 4.944, 4.244]","[-5.384, -4.428, -5.819, -7.150, -4.494, -7.769]"
807,3,23.5699,14.4799,0.238,840,2627,52,96,0.199,100,8.92,35545,3825.44,1,1,14.864(18.580%)(0.000m),32.296(28.497%)(1.317m),65.000(57.353%)(4.821m),49.000(43.235%)(3.107m),29.000(36.250%)(0.964m),10.402(26.004%)(0.043m),23.000(57.500%)(1.393m),464.283,5151.022,72.4,1.3575,"[2.652, 2.849, 2.427, 2.819, 3.233, 2.612]","[4.244, 4.463, 4.227, 4.450, 4.822, 4.429]","[-0.988, -5.996, -5.170, -1.499, -5.141, -5.304]"
808,3,28.5799,14.5895,0.244,810,2561,147,0,0.199,100,9.03,35626,3759.31,2,1,16.778(20.972%)(0.000m),35.870(31.650%)(1.700m),69.000(60.883%)(5.250m),53.000(46.765%)(3.536m),31.000(38.750%)(1.179m),11.764(29.409%)(0.189m),23.000(57.500%)(1.393m),614.847,4453.805,73.2,1.3614,"[2.859, 2.874, 1.737, 3.038, 3.284, 1.937]","[4.508, 4.791, 4.484, 4.653, 5.145, 4.704]","[-0.701, -6.014, -6.740, -0.090, -6.124, -5.453]"
809,3,11.1917,14.6603,0.242,480,1488,13,34,0.198,80,9.02,35674,2148.13,0,0,12.408(15.510%)(0.000m),25.652(22.634%)(0.606m),69.000(60.883%)(5.250m),51.000(45.000%)(3.321m),26.000(32.500%)(0.643m),9.681(24.201%)(0.000m),21.000(52.500%)(1.179m),608.172,5499.166,71.7,1.3786,"[2.648, 3.049, 2.843, 2.862, 3.407, 2.954]","[4.334, 4.827, 4.819, 4.550, 5.116, 4.836]","[-6.643, -6.056, -6.315, -6.397, -5.950, -6.883]"
810,3,11.4450,14.8334,0.244,549,1711,41,63,0.198,85,9.01,35729,2423.78,0,0,20.472(25.590%)(0.051m),41.000(36.177%)(2.250m),66.000(58.235%)(4.929m),43.000(37.941%)(2.464m),12.000(15.000%)(0.000m),14.403(36.007%)(0.472m),11.000(27.500%)(0.107m),414.520,4866.750,72.1,1.3116,"[2.287, 2.816, 2.424, 2.496, 3.239, 2.569]","[4.427, 4.827, 4.710, 4.549, 5.236, 4.745]","[-8.500, -6.370, -5.587, -7.185, -5.438, -5.715]"
811,3,8.0811,14.8992,0.237,549,1704,49,52,0.198,85,9.00,35784,2370.36,0,0,13.000(16.250%)(0.000m),33.000(29.118%)(1.393m),69.000(60.883%)(5.250m),50.000(44.118%)(3.214m),33.000(41.250%)(1.393m),10.000(25.000%)(0.000m),23.000(57.500%)(1.393m),538.701,4984.312,71.8,1.3058,"[2.462, 2.314, 1.615, 2.649, 2.633, 1.735]","[4.535, 4.944, 4.596, 4.586, 5.343, 4.647]","[-3.621, -5.583, -7.070, -2.890, -5.725, -6.189]"
812,3,11.6433,15.0329,0.237,443,1330,15,59,0.197,75,8.99,35829,2055.85,0,0,12.905(16.131%)(0.000m),27.866(24.588%)(0.843m),68.000(60.000%)(5.143m),47.000(41.471%)(2.893m),29.000(36.250%)(0.964m),9.687(24.217%)(0.000m),20.000(50.000%)(1.071m),479.485,7079.356,69.5,1.4262,"[2.846, 3.143, 2.742, 3.010, 3.584, 2.924]","[4.529, 4.891, 4.597, 4.524, 5.296, 4.757]","[-4.714, -6.863, -5.367, -4.285, -5.761, -5.176]"
813,3,8.2246,15.0886,0.241,885,2617,107,46,0.197,95,8.98,35918,4004.16,0,0,11.684(14.605%)(0.000m),22.510(19.862%)(0.269m),51.000(45.000%)(3.321m),38.000(33.530%)(1.929m),26.000(32.500%)(0.643m),9.712(24.279%)(0.000m),21.000(52.500%)(1.179m),240.811,6677.418,68.4,1.4237,"[2.332, 2.417, 1.852, 2.465, 2.744, 2.029]","[4.613, 5.014, 4.794, 4.626, 5.334, 4.853]","[-7.611, -6.563, -5.357, -6.512, -5.404, -5.428]"
814,3,31.0713,15.0929,0.242,843,2631,44,57,0.196,100,9.09,36003,3827.92,1,1,20.259(25.324%)(0.028m),42.848(37.807%)(2.448m),69.000(60.883%)(5.250m),49.000(43.235%)(3.107m),28.000(35.000%)(0.857m),14.268(35.669%)(0.457m),20.000(50.000%)(1.071m),520.477,4442.439,72.2,1.3827,"[2.624, 2.958, 2.258, 2.804, 3.362, 2.485]","[4.301, 4.741, 4.346, 4.321, 5.055, 4.492]","[-0.719, -1.184, -6.279, 0.090, -1.306, -6.190]"
815,3,2.6271,14.4755,0.250,221,624,11,25,0.196,50,9.08,36026,993.97,0,0,38.000(47.500%)(1.929m),60.000(52.941%)(4.286m),113.333(100.000%)(10.000m),22.000(19.412%)(0.214m),12.000(15.000%)(0.000m),37.000(92.500%)(2.893m),11.000(27.500%)(0.107m),3913.173,11085.612,65.4,1.2537,"[2.868, 3.354, 3.340, 2.988, 3.763, 3.364]","[4.544, 4.730, 4.399, 4.576, 5.077, 4.497]","[-7.745, -4.969, -4.110, -6.608, -4.171, -3.913]"
816,3,5.7846,14.0450,0.245,353,1090,15,0,0.196,70,9.07,36062,1534.81,0,0,31.000(38.750%)(1.179m),74.000(65.294%)(5.786m),49.360(43.553%)(3.146m),20.281(17.895%)(0.030m),11.189(13.986%)(0.000m),23.000(57.500%)(1.393m),9.897(24.743%)(0.000m),1823.171,6659.681,71.5,1.3524,"[2.264, 2.912, 2.679, 2.289, 3.179, 2.731]","[4.080, 4.791, 4.557, 4.216, 5.214, 4.604]","[-5.029, -4.415, -6.228, -7.250, -6.075, -7.282]"
817,3,31.0219,14.2849,0.240,853,2655,133,59,0.195,100,9.18,36148,3838.15,1,1,21.383(26.729%)(0.148m),42.000(37.059%)(2.357m),54.000(47.647%)(3.643m),49.000(43.235%)(3.107m),24.000(30.000%)(0.429m),15.056(37.640%)(0.542m),17.000(42.500%)(0.750m),366.220,4547.273,72.0,1.3908,"[2.336, 2.766, 2.365, 2.530, 3.167, 2.501]","[4.449, 4.837, 4.584, 4.493, 5.241, 4.581]","[-4.703, -1.932, -4.160, -4.886, -1.992, -4.346]"
818,3,22.4782,14.2647,0.238,1147,3292,215,107,0.195,100,9.29,36263,5123.54,2,1,16.087(20.109%)(0.000m),34.688(30.608%)(1.574m),56.000(49.412%)(3.857m),44.000(38.824%)(2.571m),29.000(36.250%)(0.964m),11.275(28.188%)(0.137m),17.000(42.500%)(0.750m),352.999,8076.491,66.4,1.3686,"[2.608, 2.728, 1.855, 2.751, 3.115, 2.012]","[4.436, 4.592, 4.657, 4.448, 4.995, 5.301]","[-2.335, -4.059, -5.622, -1.388, -3.276, -5.554]"
819,3,10.9607,14.3068,0.219,824,2493,128,69,0.194,95,9.28,36346,3692.49,0,0,11.205(14.006%)(0.000m),19.449(17.161%)(0.000m),42.468(37.472%)(2.407m),40.000(35.294%)(2.143m),19.000(23.750%)(0.000m),10.412(26.029%)(0.044m),16.000(40.000%)(0.643m),467.827,6109.963,70.0,1.3926,"[2.358, 2.560, 1.890, 2.464, 2.932, 2.002]","[4.633, 4.821, 4.503, 4.635, 5.191, 4.742]","[-5.523, -6.895, -5.774, -6.039, -5.901, -6.171]"
820,3,24.4115,14.2083,0.235,846,2641,139,74,0.194,100,9.39,36431,3893.43,1,1,13.719(17.148%)(0.000m),30.034(26.501%)(1.075m),58.000(51.177%)(4.071m),43.000(37.941%)(2.464m),22.000(27.500%)(0.214m),9.589(23.971%)(0.000m),16.000(40.000%)(0.643m),432.476,4262.008,72.2,1.3942,"[2.209, 2.607, 1.888, 2.452, 2.990, 2.053]","[3.968, 4.361, 3.954, 4.323, 4.807, 4.157]","[-4.722, -5.787, -5.638, -4.915, -5.139, -5.529]"
821,3,13.7140,13.9781,0.223,509,1587,9,34,0.194,85,9.38,36482,2271.39,0,0,24.426(30.533%)(0.474m),50.157(44.256%)(3.231m),48.000(42.353%)(3.000m),21.000(18.529%)(0.107m),25.000(31.250%)(0.536m),17.253(43.133%)(0.777m),25.000(62.500%)(1.607m),445.125,5098.433,72.2,1.3678,"[2.386, 2.833, 2.509, 2.562, 3.261, 2.669]","[3.965, 4.356, 4.197, 4.137, 4.830, 4.438]","[-6.171, -5.547, -5.411, -7.107, -6.787, -6.313]"
822,3,8.9610,13.9595,0.244,973,2782,67,118,0.193,95,9.37,36580,4525.03,0,0,12.411(15.514%)(0.000m),25.660(22.641%)(0.606m),75.107(66.271%)(5.904m),47.040(41.506%)(2.897m),22.554(28.193%)(0.274m),9.683(24.209%)(0.000m),15.978(39.944%)(0.640m),681.107,7499.779,66.2,1.4025,"[2.471, 2.673, 2.399, 2.601, 2.980, 2.510]","[4.738, 4.713, 4.490, 4.738, 5.065, 4.679]","[-6.340, -6.840, -6.685, -6.859, -6.092, -5.901]"
823,3,10.5730,13.7278,0.239,414,1296,73,12,0.193,75,9.36,36622,1930.89,0,0,13.070(16.337%)(0.000m),28.476(25.126%)(0.908m),69.000(60.883%)(5.250m),41.000(36.177%)(2.250m),28.000(35.000%)(0.857m),9.683(24.208%)(0.000m),26.000(65.000%)(1.714m),387.516,5382.560,72.4,1.3645,"[2.843, 3.033, 2.069, 3.102, 3.408, 2.209]","[4.734, 4.788, 4.579, 4.779, 5.146, 4.694]","[-3.234, -5.989, -5.810, -2.631, -5.185, -5.649]"
824,3,8.6867,13.7272,0.243,377,1119,17,0,0.193,70,9.34,36660,1730.29,0,0,11.016(13.770%)(0.000m),19.321(17.048%)(0.000m),43.242(38.155%)(2.490m),51.000(45.000%)(3.321m),38.000(47.500%)(1.929m),10.111(25.277%)(0.012m),28.000(70.000%)(1.929m),601.608,8314.765,68.7,1.3976,"[3.229, 3.231, 2.574, 3.360, 3.567, 2.762]","[4.866, 5.040, 4.751, 4.958, 5.481, 4.828]","[-4.793, -5.915, -6.494, -5.199, -5.807, -5.436]"
825,3,9.8863,13.8761,0.231,554,1688,63,21,0.192,85,9.33,36716,2528.32,0,0,20.989(26.236%)(0.106m),20.000(17.647%)(0.000m),21.000(18.529%)(0.107m),25.000(22.059%)(0.536m),28.399(35.499%)(0.900m),14.774(36.936%)(0.512m),23.000(57.500%)(1.393m),0.000,6448.556,70.5,1.3463,"[2.643, 3.034, 2.425, 2.768, 3.376, 2.534]","[5.120, 5.209, 4.948, 5.163, 5.540, 4.960]","[-6.423, -5.232, -5.577, -6.519, -6.341, -6.248]"
826,3,27.4945,14.3182,0.236,820,2582,91,113,0.192,100,9.44,36798,3669.08,1,1,20.743(25.929%)(0.080m),43.765(38.616%)(2.546m),65.000(57.353%)(4.821m),42.000(37.059%)(2.357m),20.000(25.000%)(0.000m),14.604(36.509%)(0.493m),14.000(35.000%)(0.429m),400.443,4361.104,72.9,1.3433,"[2.315, 2.813, 2.307, 2.452, 3.176, 2.487]","[4.459, 4.869, 4.643, 4.537, 5.318, 4.817]","[-5.463, -3.973, -4.540, -5.592, -3.391, -4.149]"
827,3,8.4526,13.9057,0.267,397,1153,20,10,0.191,70,9.43,36838,1844.65,0,0,34.000(42.500%)(1.500m),58.000(51.177%)(4.071m),32.000(28.235%)(1.286m),21.000(18.529%)(0.107m),23.000(28.750%)(0.321m),26.000(65.000%)(1.714m),23.000(57.500%)(1.393m),0.000,9267.518,67.2,1.3479,"[2.859, 3.332, 3.154, 2.935, 3.585, 3.290]","[5.018, 5.037, 4.865, 5.089, 5.320, 4.872]","[-8.158, -5.331, -6.539, -7.768, -4.640, -5.928]"
828,3,10.9817,13.9402,0.239,522,1551,82,11,0.191,80,9.42,36891,2387.35,0,0,12.551(15.689%)(0.000m),25.949(22.896%)(0.637m),71.000(62.647%)(5.464m),49.000(43.235%)(3.107m),30.000(37.500%)(1.071m),9.793(24.481%)(0.000m),26.000(65.000%)(1.714m),543.247,7227.227,68.8,1.3068,"[3.003, 3.233, 2.757, 3.191, 3.698, 2.889]","[4.645, 4.985, 4.575, 4.887, 5.308, 4.775]","[-5.437, -5.955, -5.114, -5.165, -5.041, -5.022]"
829,3,5.5099,13.8718,0.263,322,991,12,0,0.191,65,9.41,36924,1456.83,0,0,9.966(12.457%)(0.000m),14.233(12.559%)(0.000m),22.022(19.431%)(0.217m),51.000(45.000%)(3.321m),34.000(42.500%)(1.500m),12.452(31.130%)(0.263m),23.000(57.500%)(1.393m),567.109,6241.977,71.2,1.3544,"[2.519, 2.887, 2.721, 2.676, 3.270, 2.880]","[4.498, 4.802, 4.415, 4.611, 5.147, 4.593]","[-5.994, -7.612, -5.617, -5.572, -6.584, -7.165]"
830,3,9.2568,13.5308,0.236,363,1127,33,1,0.190,70,9.40,36961,1711.52,0,0,12.885(16.106%)(0.000m),27.795(24.525%)(0.835m),76.000(67.059%)(6.000m),46.000(40.588%)(2.786m),33.000(41.250%)(1.393m),9.672(24.179%)(0.000m),26.000(65.000%)(1.714m),448.912,5877.479,71.8,1.3665,"[3.094, 2.880, 1.917, 3.293, 3.252, 2.162]","[4.524, 4.903, 4.573, 4.611, 5.235, 4.712]","[-5.349, -6.236, -6.346, -4.559, -5.222, -6.084]"
831,3,27.4533,13.9419,0.230,831,2607,184,78,0.190,100,9.51,37045,3923.59,1,1,17.356(21.695%)(0.000m),37.025(32.669%)(1.824m),61.000(53.824%)(4.393m),46.000(40.588%)(2.786m),26.000(32.500%)(0.643m),12.182(30.455%)(0.234m),20.000(50.000%)(1.071m),445.681,4864.752,72.6,1.3678,"[2.696, 2.934, 2.098, 2.861, 3.332, 2.311]","[4.808, 5.004, 4.595, 4.792, 5.368, 4.801]","[-1.862, -4.176, -5.096, -2.899, -3.674, -4.731]"
832,3,10.6238,13.9873,0.240,803,2445,14,108,0.189,95,9.50,37126,3609.59,0,0,12.043(15.054%)(0.000m),23.836(21.032%)(0.411m),68.000(60.000%)(5.143m),49.000(43.235%)(3.107m),24.000(30.000%)(0.429m),9.762(24.404%)(0.000m),17.000(42.500%)(0.750m),605.377,6274.730,70.5,1.3525,"[2.385, 2.670, 2.295, 2.565, 3.049, 2.463]","[4.759, 4.896, 4.499, 4.888, 5.215, 4.651]","[-7.690, -6.792, -5.928, -6.635, -5.852, -6.031]"
833,3,25.8359,14.2924,0.232,833,2609,162,33,0.189,100,9.60,37210,3827.58,1,1,17.351(21.689%)(0.000m),36.000(31.765%)(1.714m),47.000(41.471%)(2.893m),50.000(44.118%)(3.214m),30.000(37.500%)(1.071m),12.173(30.433%)(0.233m),21.000(52.500%)(1.179m),413.830,4404.582,72.5,1.3932,"[2.745, 2.932, 2.254, 2.953, 3.341, 2.435]","[4.351, 4.843, 4.669, 4.700, 5.145, 4.776]","[0.052, -3.261, -5.802, 0.287, -3.466, -5.736]"
834,3,5.7605,13.8681,0.218,364,1123,16,60,0.189,70,9.59,37247,1638.20,0,0,13.038(16.297%)(0.000m),28.394(25.054%)(0.899m),71.000(62.647%)(5.464m),52.000(45.882%)(3.429m),30.000(37.500%)(1.071m),9.660(24.149%)(0.000m),27.000(67.500%)(1.821m),634.252,5947.504,71.4,1.3459,"[2.909, 2.925, 2.264, 3.116, 3.315, 2.377]","[4.254, 4.691, 4.279, 4.455, 5.178, 4.435]","[-4.160, -6.725, -5.578, -3.032, -6.246, -5.595]"
835,3,28.3970,14.4141,0.241,885,2724,55,38,0.188,100,9.70,37336,4095.12,1,1,16.079(20.099%)(0.000m),34.672(30.593%)(1.572m),59.000(52.059%)(4.179m),42.000(37.059%)(2.357m),24.000(30.000%)(0.429m),11.264(28.160%)(0.135m),23.000(57.500%)(1.393m),322.726,4876.255,71.2,1.3380,"[2.716, 3.002, 2.464, 2.865, 3.364, 2.566]","[4.150, 4.755, 4.616, 4.853, 5.081, 4.719]","[-1.369, -4.660, -5.061, -1.912, -4.134, -5.170]"
836,3,26.9072,14.3251,0.231,825,2593,127,60,0.188,100,9.81,37419,3777.13,2,1,16.217(20.271%)(0.000m),34.825(30.728%)(1.588m),48.000(42.353%)(3.000m),31.000(27.353%)(1.179m),23.000(28.750%)(0.321m),11.859(29.647%)(0.199m),23.000(57.500%)(1.393m),91.331,4928.148,72.8,1.3729,"[2.538, 2.798, 2.003, 2.709, 3.187, 2.181]","[4.683, 4.770, 4.477, 4.682, 5.183, 4.682]","[-4.780, -3.331, -4.958, -4.437, -2.939, -4.854]"
837,3,30.8867,14.8156,0.230,804,2545,47,0,0.188,100,9.92,37500,3679.81,3,1,21.051(26.314%)(0.113m),44.468(39.236%)(2.622m),78.000(68.824%)(6.214m),48.639(42.917%)(3.069m),23.152(28.940%)(0.338m),14.818(37.045%)(0.516m),16.332(40.829%)(0.678m),604.558,4815.129,73.3,1.3821,"[2.567, 3.041, 2.444, 2.784, 3.461, 2.606]","[4.374, 4.774, 4.396, 4.482, 5.159, 4.523]","[-2.218, 0.122, -4.842, -1.884, 0.865, -4.969]"
838,3,10.3587,14.9463,0.214,504,1571,26,25,0.187,85,9.90,37551,2249.60,0,0,23.000(28.750%)(0.321m),24.000(21.177%)(0.429m),33.000(29.118%)(1.393m),47.000(41.471%)(2.893m),30.000(37.500%)(1.071m),16.620(41.549%)(0.709m),25.000(62.500%)(1.607m),0.000,4680.740,72.1,1.2961,"[2.302, 2.618, 2.073, 2.434, 3.005, 2.165]","[3.980, 4.590, 4.457, 4.173, 4.806, 4.515]","[-5.630, -5.269, -6.508, -7.774, -5.317, -7.655]"
839,3,10.1756,14.7470,0.254,501,1566,24,23,0.187,85,9.89,37602,2300.49,0,0,24.695(30.869%)(0.503m),20.000(17.647%)(0.000m),19.000(16.765%)(0.000m),42.000(37.059%)(2.357m),28.000(35.000%)(0.857m),17.448(43.619%)(0.798m),23.000(57.500%)(1.393m),0.000,4691.497,72.3,1.4395,"[2.465, 2.830, 2.206, 2.621, 3.243, 2.358]","[4.179, 4.521, 4.344, 4.634, 4.910, 4.464]","[-5.537, -5.154, -6.233, -5.775, -5.202, -7.080]"
840,3,7.6571,14.4610,0.270,520,1631,142,27,0.186,85,9.88,37654,2382.10,0,0,17.465(21.831%)(0.000m),37.384(32.986%)(1.863m),34.000(30.000%)(1.500m),18.000(15.882%)(0.000m),11.000(13.750%)(0.000m),12.248(30.619%)(0.241m),25.000(62.500%)(1.607m),355.391,5176.286,72.6,1.3917,"[2.546, 2.668, 1.877, 2.807, 3.070, 2.027]","[4.128, 4.510, 4.462, 4.448, 4.954, 4.636]","[-5.805, -5.823, -6.753, -6.471, -5.297, -6.415]"
841,3,7.4812,14.2995,0.230,372,1101,34,16,0.186,70,9.87,37692,1644.06,0,0,32.000(40.000%)(1.286m),68.000(60.000%)(5.143m),29.000(25.588%)(0.964m),20.000(17.647%)(0.000m),23.000(28.750%)(0.321m),23.000(57.500%)(1.393m),28.000(70.000%)(1.929m),0.000,7430.901,68.5,1.2736,"[2.215, 2.631, 2.303, 2.225, 2.826, 2.466]","[4.632, 4.564, 4.436, 4.689, 5.070, 4.667]","[-6.210, -3.207, -4.587, -5.471, -3.893, -3.942]"
842,3,27.0682,14.6768,0.219,873,2698,11,95,0.186,100,9.98,37780,3999.97,1,1,23.846(29.808%)(0.412m),50.024(44.139%)(3.217m),50.000(44.118%)(3.214m),35.000(30.882%)(1.607m),22.000(27.500%)(0.214m),16.834(42.085%)(0.732m),16.000(40.000%)(0.643m),120.345,4606.717,71.5,1.3720,"[2.268, 2.756, 2.461, 2.418, 3.080, 2.592]","[4.245, 4.713, 4.481, 4.299, 5.017, 4.574]","[-4.352, -2.375, -5.052, -4.219, -2.211, -5.367]"
843,3,15.2287,14.7995,0.223,795,2498,103,61,0.185,95,9.96,37860,3671.20,0,0,13.253(16.566%)(0.000m),29.020(25.606%)(0.966m),66.000(58.235%)(4.929m),50.000(44.118%)(3.214m),32.000(40.000%)(1.286m),9.691(24.229%)(0.000m),23.000(57.500%)(1.393m),448.112,4583.369,72.7,1.4195,"[2.580, 2.802, 1.941, 2.770, 3.190, 2.099]","[4.124, 4.626, 4.316, 4.209, 5.046, 4.456]","[-4.434, -4.945, -5.187, -3.869, -4.381, -4.999]"
844,3,24.1307,15.0805,0.247,808,2557,78,105,0.185,100,10.07,37941,3819.33,1,1,16.475(20.594%)(0.000m),35.345(31.187%)(1.644m),70.000(61.765%)(5.357m),50.000(44.118%)(3.214m),28.000(35.000%)(0.857m),11.548(28.870%)(0.166m),21.000(52.500%)(1.179m),521.514,4435.354,73.2,1.4293,"[2.708, 2.782, 2.027, 2.935, 3.216, 2.254]","[4.236, 4.784, 4.572, 4.397, 5.187, 4.813]","[0.240, -2.852, -5.907, 0.372, -2.571, -5.005]"
845,3,27.4183,15.3403,0.234,850,2645,124,76,0.185,100,10.18,38026,3781.50,2,1,22.722(28.402%)(0.292m),40.000(35.294%)(2.143m),65.000(57.353%)(4.821m),50.000(44.118%)(3.214m),24.000(30.000%)(0.429m),16.042(40.106%)(0.647m),17.000(42.500%)(0.750m),299.113,5122.596,72.0,1.3535,"[2.665, 3.034, 2.554, 2.896, 3.467, 2.698]","[4.801, 4.864, 4.529, 4.849, 5.146, 4.683]","[-3.153, 0.133, -5.392, -3.356, 0.801, -5.686]"
846,3,0.1603,14.8604,0.222,199,590,5,48,0.184,50,10.17,38046,886.38,0,0,11.000(13.750%)(0.000m),69.580(61.394%)(5.312m),113.333(100.000%)(10.000m),35.000(30.882%)(1.607m),19.000(23.750%)(0.000m),11.000(27.500%)(0.107m),20.000(50.000%)(1.071m),3414.510,8917.561,68.6,1.3142,"[1.193, 2.072, 2.351, 1.161, 2.333, 2.489]","[4.057, 4.625, 4.389, 4.123, 5.026, 4.507]","[-5.731, -5.451, -6.412, -6.741, -5.343, -6.053]"
847,3,15.3006,14.9156,0.219,681,2139,67,75,0.184,95,10.15,38115,3142.71,0,0,20.620(25.775%)(0.066m),43.522(38.402%)(2.520m),27.000(23.824%)(0.750m),20.000(17.647%)(0.000m),23.000(28.750%)(0.321m),14.515(36.288%)(0.484m),21.000(52.500%)(1.179m),0.000,4745.348,72.7,1.3593,"[2.391, 2.809, 2.446, 2.556, 3.146, 2.693]","[4.421, 4.677, 4.313, 4.562, 5.029, 4.367]","[-8.596, -5.622, -5.740, -9.517, -5.509, -6.127]"
848,3,8.2887,14.5953,0.240,343,1056,17,16,0.183,70,10.14,38150,1549.76,0,0,10.908(13.635%)(0.000m),18.377(16.215%)(0.000m),37.562(33.143%)(1.882m),44.000(38.824%)(2.571m),26.000(32.500%)(0.643m),10.516(26.289%)(0.055m),26.000(65.000%)(1.714m),408.950,6113.069,71.2,1.3365,"[2.774, 3.104, 2.720, 2.982, 3.459, 2.861]","[4.238, 4.843, 4.608, 4.352, 5.236, 4.701]","[-5.112, -6.157, -6.060, -5.198, -5.955, -5.747]"
849,3,11.1823,14.4708,0.250,538,1675,0,32,0.183,85,10.13,38204,2500.04,0,0,24.287(30.358%)(0.459m),47.000(41.471%)(2.893m),71.000(62.647%)(5.464m),21.000(18.529%)(0.107m),12.000(15.000%)(0.000m),17.152(42.880%)(0.766m),11.000(27.500%)(0.107m),496.945,5116.289,72.0,1.4164,"[2.476, 2.958, 2.649, 2.632, 3.367, 2.808]","[4.550, 4.854, 4.668, 4.512, 5.262, 4.820]","[-5.766, -7.244, -6.777, -6.705, -6.084, -6.273]"
850,3,25.6073,14.8375,0.243,893,2738,114,93,0.183,100,10.24,38294,4115.51,1,1,23.000(28.750%)(0.321m),47.000(41.471%)(2.893m),66.000(58.235%)(4.929m),54.000(47.647%)(3.643m),25.982(32.477%)(0.641m),16.369(40.923%)(0.682m),18.389(45.973%)(0.899m),1067.772,5758.707,71.0,1.3391,"[2.683, 2.976, 2.566, 2.837, 3.370, 2.687]","[4.812, 5.016, 4.828, 4.836, 5.403, 4.883]","[-1.298, 0.030, -3.506, -1.907, 0.277, -3.442]"
851,3,8.5869,15.0205,0.223,610,1819,116,115,0.182,85,10.22,38355,2778.51,0,0,14.597(18.247%)(0.000m),27.000(23.824%)(0.750m),24.000(21.177%)(0.429m),15.000(13.235%)(0.000m),13.000(16.250%)(0.000m),10.215(25.538%)(0.023m),13.000(32.500%)(0.321m),229.575,6571.568,69.0,1.3791,"[2.296, 2.341, 1.998, 2.320, 2.677, 2.127]","[4.862, 4.900, 4.583, 4.916, 5.148, 4.803]","[-6.289, -5.924, -6.642, -5.088, -5.605, -7.540]"
852,3,8.4766,15.0076,0.229,402,1228,14,13,0.182,75,10.21,38396,1841.35,0,0,12.428(15.536%)(0.000m),25.695(22.672%)(0.610m),76.766(67.734%)(6.082m),48.000(42.353%)(3.000m),30.000(37.500%)(1.071m),9.697(24.242%)(0.000m),23.000(57.500%)(1.393m),491.938,6473.619,70.7,1.3793,"[2.739, 3.086, 2.675, 2.956, 3.479, 2.742]","[4.755, 5.004, 4.831, 4.789, 5.365, 4.742]","[-6.781, -7.267, -5.573, -6.053, -6.251, -5.400]"
853,3,21.6496,14.9573,0.235,946,2859,84,75,0.182,100,10.32,38491,4339.52,1,1,15.148(18.935%)(0.000m),32.821(28.960%)(1.374m),72.000(63.530%)(5.571m),49.000(43.235%)(3.107m),25.142(31.427%)(0.551m),10.603(26.508%)(0.065m),17.817(44.541%)(0.837m),524.899,6019.357,69.9,1.3594,"[2.390, 2.437, 1.800, 2.471, 2.756, 1.898]","[4.767, 5.037, 4.662, 4.890, 5.388, 4.712]","[-3.993, -5.414, -6.011, -4.903, -4.958, -6.042]"
854,3,6.7769,15.0535,0.243,531,1666,91,19,0.181,85,10.30,38545,2530.16,0,0,17.513(21.891%)(0.000m),37.478(33.069%)(1.873m),68.000(60.000%)(5.143m),22.000(19.412%)(0.214m),12.000(15.000%)(0.000m),12.282(30.705%)(0.244m),11.000(27.500%)(0.107m),569.287,4927.101,72.6,1.4489,"[2.474, 2.632, 1.874, 2.644, 3.063, 1.957]","[4.697, 4.897, 4.581, 4.770, 5.232, 4.737]","[-6.070, -7.247, -5.058, -6.173, -5.106, -6.596]"
855,3,10.2999,15.0527,0.255,484,1388,16,11,0.181,75,10.29,38594,2143.81,0,0,13.013(16.266%)(0.000m),28.343(25.009%)(0.894m),78.788(69.519%)(6.299m),61.000(53.824%)(4.393m),29.000(36.250%)(0.964m),9.641(24.102%)(0.000m),23.000(57.500%)(1.393m),1152.184,7499.354,66.4,1.2887,"[3.298, 3.357, 2.987, 3.396, 3.685, 3.041]","[4.559, 4.798, 4.692, 4.602, 5.177, 4.695]","[-4.984, -6.473, -4.934, -3.800, -5.723, -4.795]"
856,3,12.4672,15.1757,0.237,743,2302,90,109,0.181,95,10.28,38669,3431.85,0,0,13.049(16.312%)(0.000m),28.164(24.850%)(0.875m),78.443(69.215%)(6.262m),44.000(38.824%)(2.571m),22.000(27.500%)(0.214m),9.795(24.487%)(0.000m),15.000(37.500%)(0.536m),548.575,4555.213,71.7,1.4088,"[2.606, 2.853, 2.336, 2.736, 3.236, 2.487]","[4.448, 4.982, 4.591, 4.578, 5.417, 4.646]","[-4.547, -5.474, -5.437, -4.491, -5.588, -4.803]"
857,3,14.5917,14.9962,0.240,710,2221,103,80,0.180,95,10.27,38740,3169.74,0,0,11.499(14.373%)(0.000m),20.842(18.390%)(0.090m),50.726(44.758%)(3.292m),40.000(35.294%)(2.143m),29.000(36.250%)(0.964m),10.171(25.428%)(0.018m),20.000(50.000%)(1.071m),304.817,4920.136,72.4,1.3725,"[2.595, 2.601, 2.013, 2.758, 2.995, 2.285]","[4.120, 4.646, 4.544, 4.394, 5.002, 4.737]","[-6.008, -6.465, -6.034, -6.242, -6.291, -5.453]"
858,3,7.9740,14.5841,0.245,395,1211,14,34,0.180,75,10.26,38780,1847.37,0,0,11.939(14.923%)(0.000m),23.001(20.295%)(0.322m),64.004(56.474%)(4.715m),52.000(45.882%)(3.429m),28.000(35.000%)(0.857m),9.923(24.808%)(0.000m),21.000(52.500%)(1.179m),531.352,6865.121,70.9,1.4206,"[3.105, 3.127, 2.458, 3.251, 3.455, 2.596]","[5.317, 5.142, 4.735, 5.364, 5.549, 4.871]","[-4.831, -7.030, -5.308, -4.658, -6.327, -5.445]"
859,3,28.4644,14.9295,0.231,815,2574,0,31,0.179,100,10.36,38862,3807.97,1,1,24.616(30.770%)(0.495m),51.558(45.493%)(3.381m),64.000(56.471%)(4.714m),49.000(43.235%)(3.107m),30.000(37.500%)(1.071m),17.391(43.477%)(0.792m),23.000(57.500%)(1.393m),477.204,4520.274,73.1,1.4455,"[2.571, 2.923, 2.321, 2.733, 3.296, 2.509]","[4.384, 4.951, 4.624, 4.536, 5.191, 4.719]","[-1.034, 0.637, -4.624, -1.561, -0.982, -4.934]"
860,3,24.2959,15.1865,0.234,843,2633,105,155,0.179,100,10.47,38947,3914.96,2,1,16.581(20.726%)(0.000m),35.626(31.435%)(1.674m),54.000(47.647%)(3.643m),38.000(33.530%)(1.929m),26.000(32.500%)(0.643m),11.620(29.051%)(0.174m),20.000(50.000%)(1.071m),274.365,4645.856,72.3,1.4411,"[2.402, 2.682, 2.310, 2.553, 3.073, 2.492]","[4.684, 4.764, 4.341, 4.681, 5.083, 4.474]","[-2.804, -4.068, -4.414, -4.160, -3.536, -4.632]"
861,3,29.7222,15.6193,0.236,849,2646,103,29,0.179,100,10.57,39032,3861.29,3,1,18.739(23.423%)(0.000m),39.805(35.122%)(2.122m),76.000(67.059%)(6.000m),56.000(49.412%)(3.857m),28.000(35.000%)(0.857m),13.178(32.945%)(0.341m),23.000(57.500%)(1.393m),686.524,5327.567,72.1,1.3346,"[2.740, 3.068, 2.536, 2.922, 3.489, 2.751]","[4.409, 4.760, 4.484, 4.608, 5.145, 4.663]","[1.065, -0.534, -4.739, 1.169, 0.578, -4.966]"
862,3,27.3566,15.9336,0.227,840,2626,119,112,0.178,100,10.67,39116,3759.34,4,1,15.566(19.458%)(0.000m),32.182(28.396%)(1.305m),65.000(57.353%)(4.821m),41.000(36.177%)(2.250m),20.000(25.000%)(0.000m),12.145(30.362%)(0.230m),14.000(35.000%)(0.429m),445.675,4617.766,72.4,1.3053,"[2.669, 3.043, 2.558, 2.861, 3.466, 2.685]","[4.424, 4.815, 4.672, 4.630, 5.221, 4.696]","[-3.856, -4.675, -4.987, -3.992, -4.323, -5.228]"
863,3,0.1255,15.7716,0.245,166,470,0,10,0.178,45,10.66,39133,788.04,0,0,58.000(72.500%)(4.071m),103.000(90.883%)(8.893m),77.000(67.941%)(6.107m),30.000(26.471%)(1.071m),24.000(30.000%)(0.429m),40.000(100.000%)(3.214m),35.001(87.503%)(2.679m),4274.461,11660.702,65.6,1.4513,"[2.009, 3.048, 3.276, 2.113, 3.232, 3.509]","[4.684, 5.158, 4.871, 4.847, 5.580, 5.008]","[-6.920, -3.973, -4.582, -6.198, -4.756, -3.627]"
864,3,10.6680,15.3636,0.237,584,1825,96,87,0.178,90,10.65,39192,2810.59,0,0,21.825(27.282%)(0.196m),45.997(40.586%)(2.785m),67.000(59.118%)(5.036m),58.000(51.177%)(4.071m),27.000(33.750%)(0.750m),15.373(38.432%)(0.576m),19.000(47.500%)(0.964m),487.266,5559.276,72.3,1.4812,"[3.072, 3.226, 2.638, 3.267, 3.678, 2.837]","[5.139, 5.132, 4.941, 5.218, 5.528, 5.035]","[-3.137, -5.061, -5.699, -3.293, -4.070, -5.312]"
865,3,27.6263,15.8635,0.227,860,2671,163,33,0.177,100,10.75,39278,3846.02,1,1,16.731(20.914%)(0.000m),35.918(31.692%)(1.705m),60.000(52.941%)(4.286m),45.000(39.706%)(2.679m),28.000(35.000%)(0.857m),11.734(29.335%)(0.186m),20.000(50.000%)(1.071m),468.521,5730.708,71.9,1.3755,"[2.873, 3.103, 1.831, 3.016, 3.479, 1.964]","[5.128, 5.100, 4.799, 5.301, 5.511, 4.963]","[-1.541, -2.899, -5.415, -2.239, -2.890, -5.652]"
866,3,23.5993,16.2198,0.234,893,2743,200,58,0.177,100,10.85,39368,3975.99,2,1,17.755(22.194%)(0.000m),37.957(33.492%)(1.924m),63.000(55.588%)(4.607m),43.000(37.941%)(2.464m),26.000(32.500%)(0.643m),12.456(31.139%)(0.263m),19.000(47.500%)(0.964m),404.100,5526.309,71.1,1.3615,"[2.519, 2.821, 2.101, 2.656, 3.195, 2.243]","[4.817, 5.000, 4.706, 4.888, 5.379, 4.883]","[-1.313, -2.612, -6.299, -1.886, -2.498, -6.464]"
867,3,32.9287,16.2580,0.236,944,2849,133,55,0.177,100,10.96,39463,4255.74,3,1,21.263(26.579%)(0.135m),44.756(39.491%)(2.652m),65.000(57.353%)(4.821m),51.000(45.000%)(3.321m),28.000(35.000%)(0.857m),14.998(37.495%)(0.536m),20.000(50.000%)(1.071m),494.081,4856.183,69.9,1.3223,"[2.859, 3.212, 2.699, 3.018, 3.601, 2.812]","[4.816, 4.927, 4.578, 4.848, 5.270, 4.690]","[-0.455, 1.323, -5.102, -0.124, 1.509, -5.647]"
868,3,10.8633,16.0257,0.226,580,1814,0,55,0.176,90,10.94,39521,2614.61,0,0,23.270(29.087%)(0.350m),44.000(38.824%)(2.571m),77.000(67.941%)(6.107m),50.000(44.118%)(3.214m),29.000(36.250%)(0.964m),16.417(41.041%)(0.687m),21.000(52.500%)(1.179m),426.576,5227.341,72.4,1.3491,"[2.584, 2.984, 2.636, 2.837, 3.450, 2.821]","[4.079, 4.514, 4.413, 4.192, 4.928, 4.533]","[-1.721, -2.253, -3.503, -1.627, -1.411, -3.505]"
869,3,14.7435,16.1013,0.214,725,2253,75,23,0.176,95,10.93,39594,3337.07,0,0,11.178(13.972%)(0.000m),19.205(16.946%)(0.000m),40.972(36.151%)(2.247m),38.000(33.530%)(1.929m),28.000(35.000%)(0.857m),10.515(26.286%)(0.055m),22.000(55.000%)(1.286m),237.176,5391.618,71.9,1.3332,"[2.614, 2.799, 2.016, 2.751, 3.146, 2.169]","[4.904, 4.959, 4.547, 5.018, 5.240, 4.663]","[-5.353, -6.718, -6.328, -5.264, -6.089, -5.722]"
870,3,29.7469,16.2080,0.234,806,2554,1,93,0.176,100,11.03,39675,3659.72,1,1,23.237(29.047%)(0.347m),42.000(37.059%)(2.357m),62.000(54.706%)(4.500m),47.000(41.471%)(2.893m),25.000(31.250%)(0.536m),16.393(40.983%)(0.685m),18.000(45.000%)(0.857m),353.584,4284.109,73.3,1.3434,"[2.428, 2.871, 2.503, 2.612, 3.270, 2.666]","[4.227, 4.702, 4.368, 4.453, 5.050, 4.550]","[-2.919, 0.828, -3.577, -2.754, 0.892, -3.590]"
871,3,13.7539,16.2088,0.227,727,2253,73,50,0.175,95,11.02,39748,3337.48,0,0,12.383(15.478%)(0.000m),24.507(21.624%)(0.483m),53.000(46.765%)(3.536m),38.000(33.530%)(1.929m),25.000(31.250%)(0.536m),10.036(25.091%)(0.004m),19.000(47.500%)(0.964m),241.785,5303.682,71.7,1.4114,"[2.643, 2.805, 2.219, 2.808, 3.123, 2.410]","[4.860, 4.827, 4.766, 4.855, 5.252, 4.865]","[-5.921, -6.176, -5.830, -5.108, -6.064, -5.492]"
872,3,23.8714,16.5070,0.221,820,2583,183,58,0.175,100,11.12,39830,3752.41,1,1,16.308(20.384%)(0.000m),35.090(30.962%)(1.617m),65.000(57.353%)(4.821m),45.000(39.706%)(2.679m),28.000(35.000%)(0.857m),11.427(28.567%)(0.153m),21.000(52.500%)(1.179m),479.323,4361.819,72.9,1.3976,"[2.302, 2.543, 1.137, 2.477, 2.939, 1.299]","[4.295, 4.640, 4.250, 4.383, 5.026, 4.351]","[-1.172, -3.240, -5.306, -1.866, -2.854, -5.205]"
873,3,26.0685,16.8170,0.218,838,2625,78,80,0.175,100,11.23,39914,3912.08,2,1,20.081(25.101%)(0.009m),42.551(37.545%)(2.416m),75.000(66.177%)(5.893m),35.000(30.882%)(1.607m),17.000(21.250%)(0.000m),14.137(35.342%)(0.443m),14.000(35.000%)(0.429m),507.701,4853.772,72.5,1.3878,"[2.325, 2.778, 2.126, 2.533, 3.176, 2.293]","[4.475, 4.644, 4.411, 4.767, 4.960, 4.462]","[-6.695, -3.963, -5.207, -6.123, -3.904, -5.570]"
874,3,2.6575,16.6964,0.233,765,2328,108,126,0.174,95,11.21,39991,3467.64,0,0,22.064(27.580%)(0.221m),22.000(19.412%)(0.214m),20.000(17.647%)(0.000m),20.000(17.647%)(0.000m),27.000(33.750%)(0.750m),15.546(38.866%)(0.594m),19.000(47.500%)(0.964m),0.000,4967.941,70.4,1.3805,"[1.896, 2.122, 1.814, 1.956, 2.442, 1.951]","[4.423, 4.718, 4.370, 4.536, 5.078, 4.466]","[-4.540, -4.543, -5.551, -5.245, -4.790, -5.336]"
875,3,29.1907,17.0825,0.238,889,2732,139,98,0.174,100,11.31,40080,4112.11,1,1,17.226(21.532%)(0.000m),36.857(32.521%)(1.806m),64.000(56.471%)(4.714m),44.000(38.824%)(2.571m),25.000(31.250%)(0.536m),12.078(30.195%)(0.223m),20.000(50.000%)(1.071m),383.802,5160.538,71.1,1.3584,"[2.856, 3.055, 2.228, 3.045, 3.421, 2.329]","[4.972, 5.072, 4.759, 5.103, 5.463, 4.781]","[-0.551, -3.411, -4.799, -0.294, -3.024, -4.755]"
876,3,12.5301,16.7832,0.226,748,2286,43,149,0.173,95,11.30,40155,3469.26,0,0,22.000(27.500%)(0.214m),53.000(46.765%)(3.536m),38.000(33.530%)(1.929m),29.000(25.588%)(0.964m),22.000(27.500%)(0.214m),15.000(37.500%)(0.536m),21.982(54.954%)(1.284m),0.000,5308.421,70.7,1.3079,"[2.524, 2.718, 2.335, 2.611, 3.059, 2.581]","[4.559, 4.812, 4.612, 4.995, 5.294, 4.784]","[-5.415, -3.981, -3.670, -4.634, -5.134, -2.909]"
877,3,29.8379,17.2109,0.233,809,2559,110,14,0.173,100,11.40,40236,3628.66,1,1,16.052(20.065%)(0.000m),34.619(30.546%)(1.566m),60.000(52.941%)(4.286m),42.000(37.059%)(2.357m),31.000(38.750%)(1.179m),11.245(28.112%)(0.133m),23.000(57.500%)(1.393m),328.744,4249.375,73.2,1.3253,"[2.817, 3.053, 2.106, 3.016, 3.467, 2.310]","[4.356, 4.861, 4.567, 4.515, 5.273, 4.660]","[-1.423, -3.816, -4.898, -2.314, -3.703, -5.168]"
878,3,9.5054,17.1813,0.236,334,1034,15,1,0.173,70,11.39,40270,1580.29,0,0,10.316(12.895%)(0.000m),16.326(14.406%)(0.000m),29.591(26.110%)(1.028m),44.000(38.824%)(2.571m),33.000(41.250%)(1.393m),10.833(27.083%)(0.089m),26.000(65.000%)(1.714m),402.976,5998.645,71.7,1.3740,"[2.729, 2.892, 2.427, 2.839, 3.151, 2.617]","[4.374, 4.988, 4.722, 4.470, 5.413, 4.905]","[-5.335, -6.725, -6.941, -4.952, -6.661, -5.833]"
879,3,8.7542,17.2462,0.247,356,1047,15,0,0.172,65,11.38,40306,1579.47,0,0,37.000(46.250%)(1.821m),71.000(62.647%)(5.464m),28.208(24.889%)(0.879m),16.004(14.122%)(0.000m),10.279(12.848%)(0.000m),25.000(62.500%)(1.607m),11.062(27.654%)(0.114m),1071.720,10407.238,68.0,1.3594,"[2.721, 3.168, 3.054, 2.833, 3.492, 3.157]","[4.819, 4.964, 4.711, 4.982, 5.308, 4.845]","[-5.579, -5.373, -6.013, -5.431, -5.726, -7.591]"
880,3,14.2134,17.3454,0.236,822,2573,140,53,0.172,95,11.36,40389,3758.93,0,0,12.134(15.167%)(0.000m),24.355(21.490%)(0.467m),54.000(47.647%)(3.643m),39.000(34.412%)(2.036m),28.000(35.000%)(0.857m),9.711(24.278%)(0.000m),20.000(50.000%)(1.071m),310.732,5418.942,72.4,1.3658,"[2.487, 2.642, 1.424, 2.688, 3.010, 1.576]","[4.933, 5.124, 5.125, 5.044, 5.440, 5.094]","[-5.980, -5.452, -5.562, -5.149, -5.006, -5.466]"
881,3,5.5447,16.9072,0.235,583,1763,173,88,0.172,85,11.35,40448,2606.13,0,0,18.167(22.709%)(0.000m),36.000(31.765%)(1.714m),35.000(30.882%)(1.607m),18.000(15.882%)(0.000m),11.000(13.750%)(0.000m),12.758(31.895%)(0.295m),26.000(65.000%)(1.714m),441.896,4861.161,70.0,1.3883,"[2.176, 2.398, 1.805, 2.272, 2.842, 1.922]","[4.388, 4.777, 4.445, 4.505, 5.155, 4.566]","[-4.941, -5.058, -6.723, -5.973, -5.456, -7.706]"
882,3,9.4968,16.8847,0.233,603,1816,35,52,0.171,85,11.34,40509,2876.89,0,0,20.693(25.866%)(0.074m),43.759(38.611%)(2.546m),73.000(64.412%)(5.679m),22.000(19.412%)(0.214m),12.000(15.000%)(0.000m),14.560(36.400%)(0.489m),10.000(25.000%)(0.000m),570.052,5331.461,69.7,1.4286,"[2.499, 2.749, 2.478, 2.664, 3.158, 2.581]","[4.575, 4.956, 4.634, 4.699, 5.307, 4.687]","[-6.018, -6.717, -5.291, -5.904, -6.023, -4.904]"
883,3,28.6618,16.9412,0.237,900,2754,138,105,0.171,100,11.44,40599,4052.95,1,1,14.975(18.718%)(0.000m),32.512(28.687%)(1.341m),60.000(52.941%)(4.286m),44.000(38.824%)(2.571m),22.000(27.500%)(0.214m),10.480(26.200%)(0.051m),22.000(55.000%)(1.286m),414.768,4548.439,70.8,1.3556,"[2.595, 2.757, 2.158, 2.732, 3.139, 2.258]","[4.539, 5.012, 4.752, 4.700, 5.421, 4.890]","[-1.775, -5.192, -6.433, -2.918, -5.093, -6.008]"
884,3,11.6149,17.0583,0.241,880,2651,157,120,0.171,95,11.43,40687,4069.17,0,0,11.346(14.182%)(0.000m),20.566(18.146%)(0.061m),45.000(39.706%)(2.679m),45.000(39.706%)(2.679m),22.000(27.500%)(0.214m),10.036(25.090%)(0.004m),16.000(40.000%)(0.643m),515.368,4580.820,69.7,1.3594,"[2.683, 2.926, 2.072, 2.765, 3.223, 2.141]","[4.660, 5.023, 4.739, 5.282, 5.327, 4.801]","[-4.824, -5.369, -5.192, -4.831, -5.118, -5.460]"
885,3,24.6462,16.9832,0.256,855,2658,123,92,0.170,100,11.53,40773,3911.25,1,1,21.374(26.717%)(0.147m),45.074(39.771%)(2.686m),50.000(44.118%)(3.214m),36.000(31.765%)(1.714m),26.000(32.500%)(0.643m),15.075(37.687%)(0.544m),24.000(60.000%)(1.500m),196.158,5458.958,71.9,1.3817,"[2.718, 2.994, 2.380, 2.861, 3.350, 2.534]","[4.926, 4.979, 4.668, 4.923, 5.350, 4.773]","[-3.738, -0.329, -4.760, -3.825, -2.554, -4.432]"
886,3,31.3913,17.0729,0.232,813,2565,0,3,0.170,100,11.63,40855,3697.18,2,1,24.439(30.548%)(0.476m),50.179(44.276%)(3.233m),79.000(69.706%)(6.321m),57.000(50.294%)(3.964m),31.000(38.750%)(1.179m),17.262(43.156%)(0.778m),23.000(57.500%)(1.393m),701.656,4707.489,73.0,1.3724,"[2.864, 3.261, 2.662, 3.086, 3.669, 2.855]","[4.462, 4.960, 4.855, 4.608, 5.328, 4.908]","[1.003, 0.827, -5.204, 1.172, 0.870, -4.805]"
887,3,13.1588,16.7184,0.241,697,2180,16,16,0.170,95,11.61,40925,3157.48,0,0,9.413(11.766%)(0.000m),14.212(12.540%)(0.000m),23.834(21.030%)(0.411m),48.000(42.353%)(3.000m),30.000(37.500%)(1.071m),10.641(26.603%)(0.069m),22.000(55.000%)(1.286m),326.259,4716.693,72.4,1.3457,"[2.715, 2.965, 2.494, 2.863, 3.328, 2.640]","[5.016, 5.039, 4.808, 5.020, 5.447, 4.851]","[-6.357, -6.875, -6.085, -5.891, -6.516, -6.221]"
888,3,10.3075,16.7173,0.230,553,1677,109,70,0.169,85,11.60,40981,2532.82,0,0,17.633(22.041%)(0.000m),20.000(17.647%)(0.000m),20.000(17.647%)(0.000m),44.000(38.824%)(2.571m),21.000(26.250%)(0.107m),12.374(30.936%)(0.254m),17.000(42.500%)(0.750m),0.000,7145.525,70.2,1.3663,"[2.599, 2.707, 2.064, 2.677, 3.024, 2.179]","[4.864, 4.930, 4.759, 4.947, 5.354, 4.919]","[-6.022, -5.635, -6.209, -7.582, -6.064, -7.235]"
889,3,9.5854,16.7055,0.222,381,1122,14,0,0.169,70,11.59,41020,1728.14,0,0,8.856(11.071%)(0.000m),12.567(11.089%)(0.000m),19.276(17.008%)(0.000m),47.000(41.471%)(2.893m),32.000(40.000%)(1.286m),11.207(28.019%)(0.129m),24.000(60.000%)(1.500m),529.436,9431.420,68.2,1.2928,"[2.848, 3.118, 2.825, 2.976, 3.455, 2.949]","[4.705, 4.779, 4.617, 4.795, 5.107, 4.646]","[-6.209, -7.807, -5.720, -6.267, -6.729, -7.563]"
890,3,10.7258,16.7669,0.208,373,1162,18,0,0.169,75,11.57,41058,1751.00,0,0,11.712(14.639%)(0.000m),21.997(19.410%)(0.214m),59.105(52.152%)(4.190m),64.000(56.471%)(4.714m),38.000(47.500%)(1.929m),9.981(24.952%)(0.000m),23.000(57.500%)(1.393m),954.583,5991.132,72.1,1.3588,"[2.688, 2.993, 2.233, 2.929, 3.413, 2.432]","[4.138, 4.488, 4.231, 4.146, 4.904, 4.315]","[-4.684, -5.394, -4.984, -4.085, -4.865, -4.805]"
891,3,12.7202,16.8717,0.215,540,1650,84,25,0.168,85,11.56,41112,2389.33,0,0,16.985(21.231%)(0.000m),23.000(20.294%)(0.321m),28.000(24.706%)(0.857m),42.000(37.059%)(2.357m),31.000(38.750%)(1.179m),11.911(29.777%)(0.205m),26.000(65.000%)(1.714m),0.000,5952.096,70.7,1.3427,"[2.438, 2.619, 1.850, 2.535, 2.948, 1.941]","[4.475, 4.660, 4.464, 4.506, 5.110, 4.658]","[-6.939, -4.861, -6.124, -7.130, -5.448, -6.760]"
892,3,26.8466,16.8673,0.232,812,2563,120,31,0.168,100,11.66,41194,3836.34,1,1,17.474(21.842%)(0.000m),37.401(33.001%)(1.864m),63.000(55.588%)(4.607m),41.000(36.177%)(2.250m),25.000(31.250%)(0.536m),12.254(30.635%)(0.241m),22.000(55.000%)(1.286m),463.171,4964.233,73.0,1.3779,"[2.892, 3.156, 2.318, 3.115, 3.597, 2.527]","[4.345, 4.727, 4.487, 4.461, 5.191, 4.592]","[-0.547, -1.028, -5.207, -1.290, -0.875, -5.217]"
893,3,19.7397,16.9575,0.227,688,2170,11,15,0.168,95,11.65,41263,3033.60,0,0,12.462(15.578%)(0.000m),25.015(22.072%)(0.537m),71.290(62.903%)(5.495m),50.000(44.118%)(3.214m),28.000(35.000%)(0.857m),9.974(24.935%)(0.000m),25.000(62.500%)(1.607m),576.784,4610.447,73.0,1.3269,"[2.698, 2.913, 2.407, 2.909, 3.368, 2.629]","[4.267, 4.588, 4.360, 4.450, 5.141, 4.579]","[-5.852, -6.352, -6.271, -5.450, -5.910, -5.190]"
894,3,25.7331,16.9895,0.227,821,2586,232,50,0.167,100,11.74,41346,3702.95,1,1,15.181(18.976%)(0.000m),32.916(29.044%)(1.384m),52.000(45.882%)(3.429m),40.000(35.294%)(2.143m),27.000(33.750%)(0.750m),10.627(26.567%)(0.067m),23.000(57.500%)(1.393m),295.101,4172.255,72.9,1.3983,"[2.556, 2.610, 1.917, 2.758, 2.957, 2.068]","[4.203, 4.651, 4.455, 4.551, 5.185, 4.777]","[-3.809, -6.315, -6.451, -5.283, -6.418, -5.715]"
895,3,29.0522,17.0222,0.241,824,2590,57,79,0.167,100,11.84,41429,3697.06,2,1,15.638(19.547%)(0.000m),33.809(29.832%)(1.480m),67.000(59.118%)(5.036m),45.000(39.706%)(2.679m),26.000(32.500%)(0.643m),10.951(27.377%)(0.102m),19.000(47.500%)(0.964m),435.851,4805.699,72.7,1.3136,"[2.697, 3.068, 2.498, 2.872, 3.488, 2.648]","[4.458, 4.981, 4.694, 4.642, 5.475, 4.759]","[-2.857, -4.255, -6.110, -4.210, -4.087, -5.893]"
896,3,-2.9629,16.9597,0.236,221,625,4,48,0.167,50,11.83,41452,996.21,0,0,11.000(13.750%)(0.000m),17.000(15.000%)(0.000m),62.000(54.706%)(4.500m),32.000(28.235%)(1.286m),20.000(25.000%)(0.000m),11.000(27.500%)(0.107m),27.000(67.500%)(1.821m),343.765,9107.317,65.5,1.3540,"[0.833, 1.738, 2.166, 0.730, 1.941, 2.215]","[4.929, 4.989, 4.733, 4.965, 5.332, 4.790]","[-13.093, -8.647, -8.799, -11.899, -8.369, -9.479]"
897,3,27.8464,17.2107,0.235,827,2596,39,118,0.166,100,11.93,41535,3767.86,1,1,22.850(28.563%)(0.305m),41.000(36.177%)(2.250m),72.000(63.530%)(5.571m),45.000(39.706%)(2.679m),25.000(31.250%)(0.536m),16.113(40.282%)(0.655m),21.000(52.500%)(1.179m),441.611,4662.613,72.7,1.4100,"[2.684, 3.042, 2.463, 2.873, 3.486, 2.612]","[4.423, 4.943, 4.689, 4.884, 5.287, 4.813]","[-1.406, -0.034, -3.987, -2.144, 0.620, -4.054]"
898,3,31.2153,17.6692,0.231,811,2561,115,21,0.166,100,12.03,41617,3708.98,2,1,18.856(23.570%)(0.000m),39.999(35.293%)(2.143m),67.000(59.118%)(5.036m),47.000(41.471%)(2.893m),28.000(35.000%)(0.857m),13.255(33.138%)(0.349m),25.000(62.500%)(1.607m),484.707,4430.001,73.1,1.3494,"[2.767, 3.059, 2.481, 2.953, 3.538, 2.634]","[4.098, 4.618, 4.468, 4.659, 4.959, 4.536]","[0.753, -0.395, -4.924, 0.275, -0.469, -4.646]"
899,3,8.9742,17.6250,0.225,429,1337,92,0,0.166,80,12.01,41660,1943.63,0,0,11.219(14.024%)(0.000m),20.572(18.152%)(0.061m),51.689(45.608%)(3.395m),51.000(45.000%)(3.321m),33.000(41.250%)(1.393m),9.802(24.505%)(0.000m),26.000(65.000%)(1.714m),605.339,5406.624,72.1,1.3296,"[2.762, 3.053, 2.292, 3.042, 3.547, 2.457]","[4.382, 4.844, 4.410, 4.462, 5.262, 4.607]","[-6.213, -5.974, -5.035, -5.630, -5.766, -5.369]"
900,3,20.4210,17.5213,0.217,835,2616,194,159,0.165,100,12.11,41744,3711.17,1,1,20.000(25.000%)(0.000m),41.000(36.177%)(2.250m),66.000(58.235%)(4.929m),33.138(29.240%)(1.408m),15.382(19.227%)(0.000m),14.000(35.000%)(0.429m),10.779(26.948%)(0.084m),369.646,4879.691,72.5,1.3354,"[1.901, 2.145, 1.852, 2.019, 2.504, 2.047]","[4.294, 4.646, 4.407, 4.422, 5.130, 4.606]","[-7.148, -5.685, -6.047, -7.605, -4.537, -5.621]"
901,3,0.9244,17.3681,0.238,242,684,13,46,0.165,55,12.10,41769,1123.88,0,0,27.000(33.750%)(0.750m),49.000(43.235%)(3.107m),113.333(100.000%)(10.000m),83.000(73.236%)(6.750m),13.000(16.250%)(0.000m),31.000(77.500%)(2.250m),10.000(25.000%)(0.000m),3740.028,10843.200,65.5,1.4931,"[2.426, 2.911, 2.599, 2.698, 3.270, 2.657]","[4.606, 4.677, 4.409, 4.697, 5.061, 4.471]","[-8.630, -6.186, -4.587, -7.068, -5.292, -5.268]"
902,3,7.6917,17.3524,0.222,529,1624,163,45,0.165,85,12.08,41822,2390.47,0,0,19.344(24.181%)(0.000m),39.994(35.289%)(2.142m),20.000(17.647%)(0.000m),20.000(17.647%)(0.000m),39.000(48.750%)(2.036m),15.093(37.732%)(0.546m),28.000(70.000%)(1.929m),0.000,6010.873,71.1,1.3235,"[2.739, 2.861, 2.164, 2.955, 3.297, 2.280]","[4.470, 4.702, 4.354, 4.609, 5.014, 4.472]","[-5.638, -5.587, -6.393, -6.760, -6.371, -7.217]"
903,3,35.6798,17.6330,0.230,801,2540,0,45,0.164,100,12.18,41903,3798.12,1,1,24.326(30.407%)(0.463m),50.980(44.982%)(3.319m),75.000(66.177%)(5.893m),48.000(42.353%)(3.000m),28.000(35.000%)(0.857m),17.181(42.952%)(0.769m),20.000(50.000%)(1.071m),499.993,4369.562,73.4,1.4326,"[2.696, 3.216, 2.557, 2.960, 3.672, 2.763]","[4.082, 4.724, 4.491, 4.333, 5.110, 4.651]","[-2.016, 0.876, -4.269, -2.466, 1.175, -4.499]"
904,3,7.1652,17.6407,0.228,581,1802,154,102,0.164,90,12.17,41962,2650.38,0,0,21.515(26.893%)(0.162m),42.000(37.059%)(2.357m),54.000(47.647%)(3.643m),43.000(37.941%)(2.464m),17.000(21.250%)(0.000m),15.149(37.873%)(0.552m),10.000(25.000%)(0.000m),356.733,5066.120,71.8,1.3209,"[2.383, 2.794, 2.421, 2.663, 3.245, 2.512]","[4.375, 4.514, 4.339, 4.547, 4.959, 4.406]","[-4.403, -3.858, -4.029, -4.364, -3.611, -4.346]"
905,3,25.7910,17.9505,0.222,841,2630,57,115,0.164,100,12.27,42047,3863.74,1,1,17.654(22.067%)(0.000m),37.662(33.231%)(1.892m),69.000(60.883%)(5.250m),43.000(37.941%)(2.464m),20.000(25.000%)(0.000m),12.389(30.973%)(0.256m),16.000(40.000%)(0.643m),376.721,5151.558,72.4,1.3554,"[2.479, 2.902, 2.384, 2.663, 3.346, 2.578]","[4.432, 4.580, 4.301, 4.626, 5.038, 4.530]","[-2.817, -1.645, -4.769, -3.722, -1.605, -4.931]"
906,3,16.4072,18.0294,0.226,703,2205,14,29,0.163,95,12.25,42118,3199.44,0,0,10.598(13.247%)(0.000m),17.362(15.320%)(0.000m),33.541(29.595%)(1.451m),43.000(37.941%)(2.464m),29.000(36.250%)(0.964m),10.598(26.494%)(0.064m),21.000(52.500%)(1.179m),400.278,4816.409,72.6,1.3364,"[2.665, 3.016, 2.501, 2.838, 3.404, 2.684]","[4.245, 4.509, 4.431, 4.428, 4.983, 4.696]","[-5.763, -6.552, -6.517, -5.449, -6.403, -5.661]"
907,3,34.5730,18.4290,0.228,816,2572,22,20,0.163,100,12.35,42200,3679.25,1,1,20.712(25.890%)(0.076m),43.408(38.302%)(2.508m),67.000(59.118%)(5.036m),42.000(37.059%)(2.357m),27.000(33.750%)(0.750m),14.575(36.437%)(0.490m),25.000(62.500%)(1.607m),339.406,4677.365,72.9,1.3379,"[2.847, 3.240, 2.785, 3.041, 3.675, 3.011]","[4.345, 4.799, 4.561, 4.906, 5.167, 4.736]","[-1.198, -3.059, -5.519, -2.395, -2.818, -5.281]"
908,3,5.4182,18.3779,0.246,328,1005,0,70,0.163,65,12.33,42233,1534.17,0,0,24.000(30.000%)(0.429m),66.000(58.235%)(4.929m),60.000(52.941%)(4.286m),27.000(23.824%)(0.750m),24.000(30.000%)(0.429m),17.000(42.500%)(0.750m),27.000(67.500%)(1.821m),42.647,5891.870,70.9,1.3253,"[2.703, 3.138, 2.998, 2.779, 3.536, 3.259]","[4.613, 5.103, 4.782, 4.610, 5.432, 4.865]","[-5.818, -3.610, -2.688, -5.436, -3.391, -2.023]"
909,3,33.9038,18.4866,0.237,849,2644,1,80,0.162,100,12.43,42318,3822.14,1,1,23.597(29.496%)(0.385m),40.000(35.294%)(2.143m),59.000(52.059%)(4.179m),51.000(45.000%)(3.321m),29.000(36.250%)(0.964m),16.653(41.633%)(0.713m),18.000(45.000%)(0.857m),316.789,5542.040,72.1,1.3581,"[2.924, 3.373, 3.036, 3.101, 3.831, 3.166]","[4.734, 5.180, 4.930, 4.820, 5.587, 5.074]","[0.227, 0.922, -3.246, -0.156, 1.022, -3.362]"
910,3,4.2595,18.0859,0.214,382,1169,30,89,0.162,70,12.42,42357,1755.19,0,0,12.372(15.465%)(0.000m),25.578(22.569%)(0.598m),75.466(66.588%)(5.943m),42.000(37.059%)(2.357m),20.000(25.000%)(0.000m),9.653(24.132%)(0.000m),14.000(35.000%)(0.429m),1488.024,6551.951,70.8,1.3166,"[2.229, 2.705, 2.439, 2.338, 3.105, 2.598]","[4.080, 4.666, 4.449, 4.189, 5.104, 4.636]","[-7.938, -5.850, -5.748, -7.516, -5.225, -5.977]"
911,3,28.6358,18.0642,0.230,813,2567,124,112,0.162,100,12.51,42439,3658.87,1,1,20.919(26.149%)(0.098m),40.000(35.294%)(2.143m),59.000(52.059%)(4.179m),38.000(33.530%)(1.929m),24.000(30.000%)(0.429m),14.746(36.864%)(0.508m),17.000(42.500%)(0.750m),297.049,4610.689,73.1,1.3741,"[2.620, 2.995, 2.471, 2.837, 3.438, 2.658]","[4.540, 4.713, 4.493, 4.619, 5.079, 4.531]","[-2.469, 0.977, -4.925, -2.951, 0.971, -5.274]"
912,3,13.3133,17.7833,0.227,523,1641,42,28,0.161,85,12.50,42492,2419.13,0,0,20.509(25.636%)(0.055m),38.000(33.530%)(1.929m),51.000(45.000%)(3.321m),22.000(19.412%)(0.214m),12.000(15.000%)(0.000m),14.436(36.090%)(0.475m),26.000(65.000%)(1.714m),233.614,4783.246,72.6,1.3837,"[2.615, 2.857, 2.140, 2.797, 3.339, 2.270]","[4.627, 4.901, 4.621, 4.712, 5.379, 4.773]","[-5.883, -6.265, -5.641, -6.267, -4.518, -6.616]"
913,3,30.8560,18.3979,0.240,842,2630,108,78,0.161,100,12.60,42577,3823.99,1,1,18.642(23.303%)(0.000m),39.614(34.954%)(2.102m),58.000(51.177%)(4.071m),40.000(35.294%)(2.143m),26.000(32.500%)(0.643m),13.109(32.772%)(0.333m),21.000(52.500%)(1.179m),304.046,4942.797,72.3,1.3384,"[2.805, 3.141, 2.410, 2.991, 3.542, 2.528]","[4.481, 5.025, 4.682, 4.903, 5.371, 4.803]","[-1.237, -0.414, -5.438, -1.899, -1.356, -5.353]"
914,3,17.0915,18.5264,0.234,713,2242,14,21,0.161,95,12.58,42649,3157.69,0,0,12.382(15.477%)(0.000m),25.599(22.587%)(0.600m),67.000(59.118%)(5.036m),39.000(34.412%)(2.036m),27.000(33.750%)(0.750m),9.660(24.151%)(0.000m),23.000(57.500%)(1.393m),322.761,4679.377,72.8,1.3634,"[2.556, 2.916, 2.731, 2.759, 3.325, 2.885]","[4.665, 5.064, 4.735, 4.728, 5.514, 4.884]","[-6.631, -7.529, -5.546, -5.541, -6.697, -5.385]"
915,3,22.2181,18.4182,0.239,804,2548,146,189,0.160,100,12.68,42730,3646.69,1,1,21.265(26.581%)(0.135m),41.000(36.177%)(2.250m),60.000(52.941%)(4.286m),48.000(42.353%)(3.000m),19.000(23.750%)(0.000m),14.971(37.427%)(0.533m),14.000(35.000%)(0.429m),329.342,4414.174,73.3,1.3921,"[2.575, 2.926, 2.369, 2.749, 3.355, 2.560]","[5.076, 5.272, 4.835, 5.245, 5.597, 4.822]","[-5.700, -2.394, -6.256, -5.088, -2.217, -5.968]"
916,3,33.0640,18.6075,0.230,816,2572,0,28,0.160,100,12.77,42812,3661.84,2,1,24.008(30.010%)(0.429m),50.346(44.423%)(3.251m),71.000(62.647%)(5.464m),42.000(37.059%)(2.357m),28.000(35.000%)(0.857m),16.951(42.377%)(0.745m),23.000(57.500%)(1.393m),341.217,4889.168,73.0,1.3423,"[3.022, 3.378, 2.850, 3.265, 3.844, 3.060]","[4.951, 5.003, 4.692, 4.996, 5.540, 4.767]","[0.552, 1.607, -3.953, -0.124, 1.740, -3.833]"
917,3,33.4475,18.6179,0.239,834,2616,0,25,0.160,100,12.87,42896,3775.11,3,1,24.751(30.938%)(0.509m),51.826(45.729%)(3.410m),68.000(60.000%)(5.143m),53.000(46.765%)(3.536m),30.000(37.500%)(1.071m),17.488(43.720%)(0.802m),24.000(60.000%)(1.500m),505.369,4951.204,72.6,1.3075,"[2.891, 3.320, 2.852, 3.107, 3.762, 3.037]","[4.488, 4.688, 4.327, 4.602, 5.171, 4.589]","[-1.833, 0.400, -3.599, -0.890, 0.226, -3.888]"
918,3,27.7812,18.9563,0.228,884,2722,143,54,0.159,100,12.96,42985,3982.86,4,1,16.802(21.002%)(0.000m),35.941(31.713%)(1.708m),46.000(40.588%)(2.786m),45.000(39.706%)(2.679m),29.000(36.250%)(0.964m),11.790(29.474%)(0.192m),21.000(52.500%)(1.179m),207.224,4338.237,71.3,1.3196,"[2.681, 2.950, 1.862, 2.850, 3.303, 1.937]","[4.556, 5.148, 4.846, 4.715, 5.487, 4.972]","[-0.722, -2.459, -5.511, -1.735, -2.177, -5.699]"
919,3,9.7540,18.8565,0.225,801,2504,162,87,0.159,95,12.95,43066,3676.91,0,0,11.354(14.193%)(0.000m),20.819(18.370%)(0.088m),52.310(46.156%)(3.462m),55.000(48.530%)(3.750m),32.000(40.000%)(1.286m),9.920(24.799%)(0.000m),22.000(55.000%)(1.286m),758.435,5226.696,72.3,1.3812,"[2.564, 2.761, 1.955, 2.773, 3.166, 2.114]","[4.398, 4.859, 4.581, 4.426, 5.188, 4.682]","[-4.884, -4.962, -5.888, -4.514, -4.910, -5.396]"
920,3,8.4780,18.4311,0.243,415,1286,17,75,0.159,75,12.93,43108,1936.79,0,0,12.034(15.043%)(0.000m),23.185(20.458%)(0.341m),56.000(49.412%)(3.857m),42.000(37.059%)(2.357m),20.000(25.000%)(0.000m),10.003(25.007%)(0.000m),17.000(42.500%)(0.750m),384.877,5412.539,71.7,1.4247,"[2.772, 3.175, 2.787, 2.955, 3.560, 2.953]","[4.281, 4.872, 4.733, 4.277, 5.256, 4.870]","[-5.019, -5.610, -5.198, -4.462, -5.366, -5.633]"
921,3,16.6855,18.4897,0.223,704,2191,59,67,0.159,95,12.92,43179,3351.26,0,0,9.045(11.306%)(0.000m),13.090(11.550%)(0.000m),20.626(18.199%)(0.067m),47.000(41.471%)(2.893m),26.000(32.500%)(0.643m),11.019(27.548%)(0.109m),19.000(47.500%)(0.964m),152.931,5024.519,72.0,1.3915,"[2.491, 2.850, 2.383, 2.686, 3.213, 2.508]","[4.381, 4.881, 4.591, 4.637, 5.238, 4.716]","[-6.142, -8.541, -5.625, -6.251, -7.420, -7.264]"
922,3,1.0920,18.0342,0.222,244,676,5,15,0.158,50,12.91,43204,1113.94,0,0,37.000(46.250%)(1.821m),72.000(63.530%)(5.571m),113.333(100.000%)(10.000m),18.000(15.882%)(0.000m),11.000(13.750%)(0.000m),31.000(77.500%)(2.250m),11.000(27.500%)(0.107m),3742.986,12418.390,64.1,1.3849,"[3.122, 3.479, 3.250, 3.294, 3.846, 3.420]","[4.757, 4.956, 4.622, 5.019, 5.333, 4.679]","[-6.192, -6.086, -5.475, -6.760, -5.059, -5.526]"
923,3,31.3788,18.1404,0.240,838,2620,43,62,0.158,100,13.00,43288,3785.64,1,1,21.437(26.796%)(0.154m),44.988(39.696%)(2.677m),70.000(61.765%)(5.357m),45.000(39.706%)(2.679m),27.000(33.750%)(0.750m),15.189(37.973%)(0.556m),19.000(47.500%)(0.964m),418.148,4958.188,72.4,1.3760,"[3.024, 3.352, 2.652, 3.220, 3.795, 2.840]","[4.851, 4.880, 4.656, 4.794, 5.254, 4.765]","[-0.374, -0.100, -5.475, -0.481, 0.054, -5.200]"
924,3,9.8007,18.2832,0.244,367,1120,33,9,0.158,70,12.99,43325,1680.48,0,0,11.451(14.314%)(0.000m),21.508(18.978%)(0.162m),46.000(40.588%)(2.786m),37.000(32.647%)(1.821m),30.000(37.500%)(1.071m),9.759(24.397%)(0.000m),25.000(62.500%)(1.607m),264.729,6500.271,70.6,1.2813,"[2.774, 2.519, 2.207, 2.946, 2.791, 2.402]","[4.726, 5.038, 4.860, 4.870, 5.344, 4.891]","[-4.772, -6.933, -6.734, -4.283, -6.673, -6.050]"
925,3,28.5969,18.2713,0.237,869,2688,66,0,0.157,100,13.08,43412,3886.86,1,1,16.221(20.276%)(0.000m),34.920(30.812%)(1.599m),58.000(51.177%)(4.071m),51.000(45.000%)(3.321m),32.000(40.000%)(1.286m),11.365(28.413%)(0.146m),23.000(57.500%)(1.393m),548.212,6171.570,71.6,1.3148,"[2.897, 3.089, 2.386, 3.058, 3.476, 2.574]","[5.100, 5.078, 4.841, 5.169, 5.366, 4.867]","[-0.891, -4.001, -5.838, -1.876, -3.885, -5.352]"
926,3,22.9352,18.4794,0.238,817,2576,139,124,0.157,100,13.17,43494,3727.13,2,1,20.812(26.015%)(0.087m),43.944(38.774%)(2.565m),67.000(59.118%)(5.036m),48.000(42.353%)(3.000m),24.000(30.000%)(0.429m),14.647(36.616%)(0.498m),17.000(42.500%)(0.750m),572.386,4417.336,73.0,1.3516,"[2.349, 2.801, 2.273, 2.527, 3.255, 2.417]","[4.366, 4.828, 4.488, 4.373, 5.230, 4.656]","[-4.880, -1.437, -5.020, -4.960, -1.652, -5.342]"
927,3,17.0230,18.2231,0.214,782,2472,18,40,0.157,95,13.16,43573,3525.65,0,0,12.685(15.856%)(0.000m),26.225(23.140%)(0.667m),56.000(49.412%)(3.857m),40.000(35.294%)(2.143m),26.000(32.500%)(0.643m),9.897(24.742%)(0.000m),23.000(57.500%)(1.393m),288.359,4194.622,73.2,1.3012,"[2.507, 2.835, 2.318, 2.713, 3.238, 2.454]","[4.317, 4.814, 4.521, 4.505, 5.288, 4.704]","[-6.348, -5.280, -5.319, -5.590, -4.749, -5.795]"
928,3,31.0827,18.6547,0.238,831,2607,28,78,0.156,100,13.25,43657,3810.39,1,1,21.039(26.299%)(0.111m),41.000(36.177%)(2.250m),52.000(45.882%)(3.429m),45.000(39.706%)(2.679m),25.000(31.250%)(0.536m),14.815(37.039%)(0.516m),18.000(45.000%)(0.857m),319.913,4780.850,72.6,1.3876,"[2.826, 3.247, 2.528, 2.989, 3.641, 2.712]","[4.690, 5.044, 4.629, 4.777, 5.379, 4.734]","[-1.942, 0.547, -5.125, -2.572, -0.969, -4.931]"
929,3,16.0333,18.8003,0.237,734,2301,170,24,0.156,95,13.24,43731,3340.33,0,0,13.322(16.653%)(0.000m),30.489(26.902%)(1.124m),44.000(38.824%)(2.571m),32.000(28.235%)(1.286m),25.000(31.250%)(0.536m),9.614(24.036%)(0.000m),22.000(55.000%)(1.286m),130.094,4538.088,72.5,1.3043,"[2.624, 2.401, 1.396, 2.800, 2.692, 1.467]","[5.017, 5.257, 4.938, 5.075, 5.668, 5.100]","[-4.382, -7.860, -7.260, -4.817, -7.766, -6.915]"
930,3,33.3339,19.1827,0.233,816,2572,0,83,0.156,100,13.33,43813,3893.33,1,1,24.643(30.804%)(0.497m),47.000(41.471%)(2.893m),68.000(60.000%)(5.143m),43.000(37.941%)(2.464m),27.000(33.750%)(0.750m),17.410(43.525%)(0.794m),20.000(50.000%)(1.071m),377.898,4725.797,72.9,1.4361,"[3.047, 3.463, 3.030, 3.280, 3.948, 3.219]","[4.781, 5.227, 4.850, 4.898, 5.645, 4.891]","[-0.251, 1.885, -2.750, 0.171, 1.897, -2.660]"
931,3,31.3280,19.6984,0.237,846,2638,0,76,0.155,100,13.43,43898,3856.86,2,1,23.576(29.470%)(0.383m),49.484(43.662%)(3.159m),71.000(62.647%)(5.464m),50.000(44.118%)(3.214m),30.000(37.500%)(1.071m),16.660(41.651%)(0.714m),21.000(52.500%)(1.179m),550.326,4730.380,72.2,1.3233,"[3.056, 3.331, 2.789, 3.259, 3.814, 2.987]","[4.682, 4.742, 4.553, 4.800, 5.262, 4.738]","[-0.189, 0.130, -3.842, -0.663, 0.532, -4.211]"
932,3,2.4448,19.5573,0.236,403,1185,13,0,0.155,70,13.41,43939,1761.01,0,0,11.951(14.938%)(0.000m),22.446(19.806%)(0.262m),59.862(52.819%)(4.271m),50.000(44.118%)(3.214m),35.000(43.750%)(1.607m),10.185(25.462%)(0.020m),27.000(67.500%)(1.821m),559.345,7780.182,68.0,1.2721,"[2.619, 2.426, 2.287, 2.797, 2.792, 2.415]","[4.559, 4.952, 4.775, 4.670, 5.361, 4.868]","[-4.716, -6.916, -6.187, -4.389, -7.061, -5.638]"
933,3,8.8657,19.1614,0.232,380,1131,21,10,0.155,70,13.40,43977,1728.47,0,0,9.723(12.154%)(0.000m),13.709(12.097%)(0.000m),20.851(18.398%)(0.091m),36.000(31.765%)(1.714m),28.000(35.000%)(0.857m),12.462(31.156%)(0.264m),26.000(65.000%)(1.714m),231.796,8527.298,68.9,1.3483,"[2.872, 3.259, 2.987, 3.024, 3.574, 3.166]","[4.753, 4.912, 4.856, 4.738, 5.273, 4.957]","[-6.277, -8.623, -6.431, -6.314, -7.891, -7.544]"
934,3,21.7379,19.3639,0.234,846,2641,38,84,0.154,100,13.49,44062,3922.74,1,1,21.942(27.427%)(0.208m),45.657(40.286%)(2.749m),50.000(44.118%)(3.214m),36.000(31.765%)(1.714m),23.000(28.750%)(0.321m),15.456(38.641%)(0.585m),16.000(40.000%)(0.643m),197.658,5111.151,72.2,1.3779,"[2.643, 2.944, 2.427, 2.804, 3.340, 2.647]","[4.715, 4.855, 4.584, 4.799, 5.255, 4.822]","[-4.252, -2.758, -5.866, -4.066, -2.855, -6.038]"
935,3,30.9516,19.4900,0.238,826,2596,98,63,0.154,100,13.58,44145,3639.76,2,1,20.513(25.642%)(0.055m),43.311(38.216%)(2.498m),64.000(56.471%)(4.714m),49.000(43.235%)(3.107m),24.000(30.000%)(0.429m),14.454(36.136%)(0.477m),17.000(42.500%)(0.750m),421.015,5578.053,72.7,1.2546,"[2.831, 3.264, 2.731, 3.111, 3.746, 2.888]","[4.312, 4.964, 4.602, 4.632, 5.436, 4.682]","[-5.021, -1.927, -4.723, -5.063, -2.076, -5.379]"
936,3,4.5678,18.9535,0.227,212,639,9,28,0.154,50,13.57,44167,1009.78,0,0,38.000(47.500%)(1.929m),79.655(70.284%)(6.392m),113.333(100.000%)(10.000m),93.000(82.059%)(7.821m),38.000(47.500%)(1.929m),14.000(35.000%)(0.429m),26.000(65.000%)(1.714m),2856.633,8215.999,69.7,1.3734,"[3.576, 3.743, 3.147, 3.764, 4.199, 3.349]","[4.499, 5.004, 4.559, 4.706, 5.344, 4.762]","[-3.441, -6.002, -7.265, -3.536, -4.820, -6.397]"
937,3,32.1676,19.3337,0.225,812,2564,7,87,0.154,100,13.66,44249,3718.06,1,1,19.553(24.442%)(0.000m),41.115(36.278%)(2.262m),66.000(58.235%)(4.929m),44.000(38.824%)(2.571m),24.000(30.000%)(0.429m),14.868(37.171%)(0.522m),21.000(52.500%)(1.179m),375.326,4433.534,73.1,1.3402,"[3.038, 3.411, 2.731, 3.294, 3.841, 2.896]","[4.407, 4.931, 4.482, 4.804, 5.270, 4.740]","[-0.324, 0.757, -4.806, -0.873, 1.207, -4.994]"
938,3,27.1443,19.6704,0.214,838,2622,15,116,0.153,100,13.75,44333,3765.57,2,1,24.435(30.543%)(0.475m),44.000(38.824%)(2.571m),39.000(34.412%)(2.036m),29.000(25.588%)(0.964m),22.000(27.500%)(0.214m),17.259(43.148%)(0.778m),17.000(42.500%)(0.750m),95.082,4435.378,72.4,1.3572,"[2.606, 3.135, 2.708, 2.783, 3.464, 2.855]","[4.684, 5.172, 4.944, 4.673, 5.603, 5.043]","[-5.200, -1.283, -3.038, -5.304, -1.496, -3.311]"
939,3,21.9629,19.9180,0.214,842,2628,177,88,0.153,100,13.84,44418,3726.36,3,1,18.618(23.273%)(0.000m),39.662(34.996%)(2.107m),66.000(58.235%)(4.929m),46.000(40.588%)(2.786m),27.000(33.750%)(0.750m),13.085(32.713%)(0.331m),22.000(55.000%)(1.286m),509.319,5042.662,72.2,1.2955,"[2.826, 2.997, 2.330, 3.004, 3.420, 2.443]","[4.324, 4.768, 4.535, 4.602, 5.162, 4.673]","[0.252, 1.152, -4.832, -0.357, 0.772, -5.159]"
940,3,32.6219,20.3559,0.231,877,2706,24,98,0.153,100,13.94,44506,4173.76,4,1,24.891(31.113%)(0.524m),50.959(44.964%)(3.317m),42.000(37.059%)(2.357m),30.000(26.471%)(1.071m),20.000(25.000%)(0.000m),17.615(44.036%)(0.816m),15.000(37.500%)(0.536m),63.812,5539.615,71.4,1.3726,"[2.619, 3.027, 2.549, 2.787, 3.414, 2.754]","[4.187, 4.672, 4.358, 4.330, 4.983, 4.613]","[-4.028, -4.048, -5.034, -4.014, -4.123, -4.904]"
941,3,26.6299,20.6341,0.221,834,2613,137,117,0.152,100,14.03,44590,3877.77,5,1,16.666(20.833%)(0.000m),35.623(31.432%)(1.674m),66.000(58.235%)(4.929m),44.000(38.824%)(2.571m),23.000(28.750%)(0.321m),12.348(30.870%)(0.252m),15.000(37.500%)(0.536m),393.053,4855.181,72.5,1.3360,"[2.864, 3.116, 2.569, 3.090, 3.560, 2.767]","[4.649, 4.916, 4.642, 4.786, 5.306, 4.740]","[-5.036, -3.898, -5.677, -3.819, -3.907, -5.744]"
942,3,9.1453,20.2800,0.231,365,1104,10,5,0.152,70,14.01,44627,1730.62,0,0,12.200(15.250%)(0.000m),23.505(20.740%)(0.376m),64.319(56.752%)(4.748m),44.000(38.824%)(2.571m),31.000(38.750%)(1.179m),10.141(25.352%)(0.015m),26.000(65.000%)(1.714m),381.474,6665.606,70.0,1.3598,"[2.842, 3.157, 2.687, 3.026, 3.568, 2.788]","[4.580, 4.992, 4.723, 4.711, 5.415, 4.829]","[-5.391, -6.368, -5.903, -4.993, -5.821, -5.852]"
943,3,16.0582,20.2064,0.227,894,2747,252,180,0.152,100,14.10,44717,3913.44,1,1,16.000(20.000%)(0.000m),36.550(32.250%)(1.773m),70.000(61.765%)(5.357m),41.000(36.177%)(2.250m),16.000(20.000%)(0.000m),11.953(29.882%)(0.209m),11.000(27.500%)(0.107m),496.408,6151.933,71.1,1.3290,"[2.251, 2.462, 1.947, 2.436, 2.867, 2.116]","[4.992, 5.040, 5.028, 5.170, 5.414, 5.097]","[-5.365, -5.223, -7.211, -4.624, -4.396, -6.407]"
944,3,26.6069,20.2239,0.218,814,2570,114,64,0.151,100,14.19,44799,3865.53,2,1,20.835(26.044%)(0.089m),43.603(38.473%)(2.529m),57.000(50.294%)(3.964m),42.000(37.059%)(2.357m),28.000(35.000%)(0.857m),14.671(36.679%)(0.501m),23.000(57.500%)(1.393m),336.033,4254.026,73.1,1.3927,"[2.652, 2.950, 2.248, 2.820, 3.345, 2.425]","[4.167, 4.744, 4.591, 4.281, 5.136, 4.685]","[-2.613, 0.192, -6.090, -3.740, -1.503, -6.013]"
945,3,32.4871,20.2926,0.241,800,2539,128,2,0.151,100,14.29,44879,3639.41,3,1,21.154(26.442%)(0.124m),44.219(39.017%)(2.595m),65.000(57.353%)(4.821m),45.000(39.706%)(2.679m),31.000(38.750%)(1.179m),14.891(37.229%)(0.524m),22.000(55.000%)(1.286m),444.044,4345.176,73.4,1.3548,"[2.830, 3.106, 2.388, 3.014, 3.522, 2.580]","[4.575, 5.119, 4.792, 4.697, 5.469, 4.840]","[-0.799, -2.847, -6.008, -1.411, -2.895, -6.353]"
946,3,11.8240,20.5883,0.224,516,1597,56,42,0.151,85,14.27,44931,2344.91,0,0,19.473(24.341%)(0.000m),21.000(18.529%)(0.107m),41.000(36.177%)(2.250m),43.000(37.941%)(2.464m),26.000(32.500%)(0.643m),13.693(34.232%)(0.396m),24.000(60.000%)(1.500m),0.000,4707.379,71.6,1.3261,"[2.722, 2.918, 2.214, 2.856, 3.195, 2.276]","[4.433, 4.943, 4.752, 4.468, 5.423, 4.842]","[-5.509, -4.305, -4.711, -7.376, -5.029, -4.967]"
947,3,29.4115,20.6196,0.215,817,2577,104,82,0.150,100,14.36,45013,3734.79,1,1,19.010(23.763%)(0.000m),40.437(35.679%)(2.190m),57.000(50.294%)(3.964m),35.000(30.882%)(1.607m),26.000(32.500%)(0.643m),13.367(33.418%)(0.361m),21.000(52.500%)(1.179m),205.237,4323.863,73.0,1.3779,"[2.644, 3.050, 2.348, 2.844, 3.450, 2.480]","[4.424, 4.809, 4.408, 4.561, 5.129, 4.582]","[-3.277, -0.448, -5.480, -4.379, -1.706, -5.711]"
948,3,4.7314,20.0900,0.221,512,1590,169,68,0.150,85,14.35,45065,2189.33,0,0,16.866(21.083%)(0.000m),23.000(20.294%)(0.321m),31.000(27.353%)(1.179m),45.000(39.706%)(2.679m),31.000(38.750%)(1.179m),11.826(29.565%)(0.196m),25.000(62.500%)(1.607m),0.000,4770.379,71.8,1.3585,"[2.379, 2.564, 1.777, 2.546, 2.888, 1.818]","[4.267, 4.919, 4.374, 4.330, 5.253, 4.473]","[-8.306, -5.962, -5.821, -9.603, -6.102, -7.425]"
949,3,21.9290,20.3490,0.211,847,2642,102,83,0.150,100,14.44,45150,3994.91,1,1,22.247(27.809%)(0.241m),46.834(41.324%)(2.875m),68.000(60.000%)(5.143m),41.000(36.177%)(2.250m),20.000(25.000%)(0.000m),15.677(39.192%)(0.608m),14.000(35.000%)(0.429m),505.755,5170.444,72.2,1.4229,"[2.533, 2.869, 2.378, 2.762, 3.327, 2.556]","[4.560, 4.739, 4.356, 4.606, 5.223, 4.491]","[-4.694, -1.472, -4.455, -4.774, -1.406, -4.336]"
950,3,23.8561,20.4178,0.228,861,2671,171,61,0.150,100,14.53,45237,3937.49,2,1,17.900(22.375%)(0.000m),38.149(33.661%)(1.945m),55.000(48.530%)(3.750m),40.000(35.294%)(2.143m),27.000(33.750%)(0.750m),12.566(31.415%)(0.275m),19.000(47.500%)(0.964m),337.210,6045.504,71.8,1.4362,"[2.728, 3.067, 2.235, 2.931, 3.474, 2.354]","[4.550, 4.772, 4.580, 4.607, 5.193, 4.669]","[-2.507, -0.481, -5.346, -3.695, -2.200, -5.211]"
951,3,9.0344,20.5800,0.207,569,1745,5,38,0.149,85,14.51,45294,2559.47,0,0,25.634(32.043%)(0.604m),43.000(37.941%)(2.464m),60.000(52.941%)(4.286m),26.000(22.941%)(0.643m),13.000(16.250%)(0.000m),18.127(45.318%)(0.871m),10.000(25.000%)(0.000m),400.674,6574.803,71.0,1.3255,"[2.704, 3.033, 2.641, 2.869, 3.476, 2.788]","[4.652, 5.095, 4.736, 4.807, 5.577, 4.934]","[-5.375, -4.891, -3.970, -6.139, -4.480, -4.279]"
952,3,15.3580,20.7333,0.228,705,2204,27,66,0.149,95,14.50,45365,3170.42,0,0,13.317(16.647%)(0.000m),29.003(25.591%)(0.965m),54.000(47.647%)(3.643m),39.000(34.412%)(2.036m),28.000(35.000%)(0.857m),9.738(24.346%)(0.000m),20.000(50.000%)(1.071m),199.933,4655.913,72.4,1.3344,"[2.571, 2.819, 2.181, 2.725, 3.118, 2.328]","[4.886, 5.024, 4.601, 4.933, 5.522, 4.744]","[-3.258, -6.455, -5.547, -3.629, -6.097, -5.575]"
953,3,31.1859,20.6434,0.217,840,2625,56,86,0.149,100,14.59,45449,3745.10,1,1,20.423(25.529%)(0.045m),42.000(37.059%)(2.357m),66.000(58.235%)(4.929m),42.000(37.059%)(2.357m),20.000(25.000%)(0.000m),14.368(35.920%)(0.468m),14.000(35.000%)(0.429m),375.639,5430.575,72.3,1.3484,"[2.989, 3.346, 2.755, 3.271, 3.857, 2.970]","[4.646, 4.751, 4.430, 4.881, 5.186, 4.746]","[-4.573, -3.279, -4.712, -4.575, -3.178, -4.976]"
954,3,24.0330,20.9808,0.237,835,2616,152,116,0.148,100,14.68,45533,3800.08,2,1,16.495(20.619%)(0.000m),35.268(31.119%)(1.636m),63.000(55.588%)(4.607m),49.000(43.235%)(3.107m),20.000(25.000%)(0.000m),11.571(28.927%)(0.168m),14.000(35.000%)(0.429m),399.187,5656.195,72.5,1.3088,"[2.584, 2.953, 2.554, 2.856, 3.386, 2.733]","[4.815, 4.866, 4.519, 4.931, 5.313, 4.882]","[-5.293, -5.419, -5.271, -5.220, -5.818, -4.950]"
955,3,30.6008,21.0770,0.229,824,2589,122,78,0.148,100,14.76,45616,3750.56,3,1,20.977(26.221%)(0.105m),44.289(39.079%)(2.602m),59.000(52.059%)(4.179m),43.000(37.941%)(2.464m),28.000(35.000%)(0.857m),14.773(36.932%)(0.511m),20.000(50.000%)(1.071m),377.744,5089.200,72.7,1.3484,"[2.854, 3.220, 2.571, 3.082, 3.630, 2.772]","[4.683, 5.073, 4.893, 4.649, 5.538, 5.000]","[-1.625, 0.049, -5.045, -2.427, -1.572, -5.616]"
956,3,13.6776,21.0224,0.232,570,1746,38,67,0.148,85,14.75,45673,2627.26,0,0,20.301(25.376%)(0.032m),41.000(36.177%)(2.250m),53.000(46.765%)(3.536m),26.000(22.941%)(0.643m),13.000(16.250%)(0.000m),14.286(35.716%)(0.459m),10.000(25.000%)(0.000m),301.233,5648.924,70.9,1.4040,"[2.429, 3.147, 2.645, 2.601, 3.488, 2.777]","[4.516, 4.922, 4.754, 4.605, 5.296, 4.821]","[-4.635, -3.483, -4.306, -5.388, -4.135, -4.603]"
957,3,10.1818,20.5345,0.226,499,1562,56,69,0.148,85,14.73,45723,2289.31,0,0,23.000(28.750%)(0.321m),35.000(30.882%)(1.607m),20.000(17.647%)(0.000m),20.000(17.647%)(0.000m),23.000(28.750%)(0.321m),14.000(35.000%)(0.429m),16.583(41.457%)(0.705m),0.000,5035.785,72.4,1.3040,"[1.786, 2.737, 2.444, 1.987, 3.284, 2.305]","[4.642, 5.023, 4.572, 4.783, 5.471, 4.804]","[-4.782, -4.305, -4.363, -5.485, -4.459, -6.216]"
958,3,24.4118,20.9144,0.238,845,2639,104,75,0.147,100,14.82,45808,3994.64,1,1,21.537(26.922%)(0.165m),42.000(37.059%)(2.357m),57.000(50.294%)(3.964m),42.000(37.059%)(2.357m),19.000(23.750%)(0.000m),15.173(37.933%)(0.554m),13.000(32.500%)(0.321m),356.535,5826.022,72.3,1.4497,"[2.735, 3.032, 2.413, 2.966, 3.509, 2.571]","[4.945, 4.997, 4.720, 4.872, 5.301, 4.840]","[-5.701, -2.328, -4.946, -5.133, -2.577, -5.321]"
959,3,11.4841,20.4660,0.254,444,1355,62,13,0.147,75,14.81,45853,2035.53,0,0,13.171(16.464%)(0.000m),28.683(25.309%)(0.930m),66.000(58.235%)(4.929m),47.000(41.471%)(2.893m),27.000(33.750%)(0.750m),9.758(24.396%)(0.000m),25.000(62.500%)(1.607m),483.715,7161.081,70.6,1.3256,"[3.253, 3.517, 2.385, 3.488, 3.890, 2.536]","[5.062, 5.164, 4.731, 5.057, 5.559, 4.818]","[-4.481, -5.242, -5.410, -3.705, -5.010, -5.349]"
960,3,25.3604,20.8880,0.244,817,2577,196,68,0.147,100,14.90,45935,3670.25,1,1,18.858(23.572%)(0.000m),30.000(26.471%)(1.071m),39.000(34.412%)(2.036m),50.000(44.118%)(3.214m),26.000(32.500%)(0.643m),13.257(33.142%)(0.349m),18.000(45.000%)(0.857m),100.014,4291.044,73.0,1.3633,"[2.831, 3.052, 2.250, 3.028, 3.449, 2.410]","[4.391, 5.105, 4.896, 4.542, 5.474, 5.006]","[-1.293, -2.909, -5.178, -1.332, -3.183, -5.180]"
961,3,16.8692,20.6527,0.217,744,2352,79,68,0.146,95,14.88,46010,3452.70,0,0,10.597(13.247%)(0.000m),18.394(16.230%)(0.000m),40.165(35.440%)(2.161m),43.000(37.941%)(2.464m),28.000(35.000%)(0.857m),9.847(24.618%)(0.000m),20.000(50.000%)(1.071m),384.546,4284.741,73.2,1.3507,"[2.584, 2.885, 2.199, 2.794, 3.270, 2.359]","[4.325, 4.860, 4.791, 4.472, 5.307, 4.837]","[-5.324, -5.093, -5.898, -5.422, -4.956, -6.015]"
962,3,14.5776,20.6780,0.211,651,2038,17,77,0.146,90,14.86,46076,2904.88,0,0,10.752(13.440%)(0.000m),17.459(15.405%)(0.000m),33.157(29.257%)(1.410m),48.000(42.353%)(3.000m),25.000(31.250%)(0.536m),10.884(27.210%)(0.095m),20.000(50.000%)(1.071m),401.190,4557.199,72.4,1.3313,"[2.601, 2.933, 2.591, 2.829, 3.358, 2.733]","[4.264, 4.672, 4.419, 4.664, 5.134, 4.531]","[-5.710, -5.476, -5.157, -5.310, -5.267, -5.528]"
963,3,25.4263,20.5694,0.222,839,2624,157,63,0.146,100,14.95,46160,3746.54,1,1,18.562(23.202%)(0.000m),39.456(34.814%)(2.085m),64.000(56.471%)(4.714m),55.000(48.530%)(3.750m),27.000(33.750%)(0.750m),13.051(32.628%)(0.327m),21.000(52.500%)(1.179m),428.111,5760.158,72.4,1.2946,"[2.766, 3.122, 2.535, 2.953, 3.563, 2.730]","[4.401, 4.784, 4.589, 4.575, 5.176, 4.832]","[-0.595, 0.552, -4.559, -1.193, 0.463, -4.750]"
964,3,12.9821,20.4872,0.235,529,1663,38,35,0.145,85,14.94,46213,2352.98,0,0,20.721(25.901%)(0.077m),43.815(38.660%)(2.552m),59.000(52.059%)(4.179m),26.000(22.941%)(0.643m),13.000(16.250%)(0.000m),14.581(36.453%)(0.491m),10.000(25.000%)(0.000m),432.960,4811.024,72.7,1.2990,"[2.539, 3.029, 2.542, 2.748, 3.469, 2.672]","[4.508, 4.970, 4.687, 4.703, 5.393, 4.807]","[-6.127, -6.289, -5.162, -7.382, -5.715, -4.686]"
965,3,12.7736,20.2983,0.232,702,2197,22,48,0.145,95,14.92,46284,3213.32,0,0,8.576(10.720%)(0.000m),11.942(10.537%)(0.000m),17.873(15.770%)(0.000m),38.000(33.530%)(1.929m),30.000(37.500%)(1.071m),11.279(28.197%)(0.137m),20.000(50.000%)(1.071m),267.182,4783.266,72.4,1.3346,"[2.844, 3.057, 2.443, 3.029, 3.427, 2.632]","[5.054, 5.139, 5.005, 5.073, 5.594, 5.150]","[-7.378, -9.080, -6.784, -7.432, -8.084, -7.148]"
966,3,4.4129,19.7253,0.222,225,646,4,25,0.145,50,14.91,46307,1051.37,0,0,29.000(36.250%)(0.964m),60.000(52.941%)(4.286m),113.333(100.000%)(10.000m),67.973(59.976%)(5.140m),11.000(13.750%)(0.000m),26.000(65.000%)(1.714m),11.000(27.500%)(0.107m),3166.861,11606.387,66.5,1.4351,"[3.552, 3.765, 3.310, 3.699, 4.183, 3.433]","[5.023, 4.957, 4.680, 5.062, 5.361, 4.764]","[-6.298, -4.997, -3.752, -5.659, -3.745, -4.636]"
967,3,26.7661,19.5917,0.233,848,2642,55,33,0.145,100,14.99,46392,3924.64,1,1,21.798(27.248%)(0.193m),45.864(40.468%)(2.771m),59.000(52.059%)(4.179m),39.000(34.412%)(2.036m),28.000(35.000%)(0.857m),15.353(38.383%)(0.574m),22.000(55.000%)(1.286m),372.380,5209.305,72.1,1.3775,"[2.821, 3.210, 2.599, 3.011, 3.659, 2.790]","[4.803, 4.909, 4.667, 4.909, 5.289, 4.811]","[-2.324, 0.287, -4.769, -3.425, -1.378, -5.072]"
968,3,25.5325,19.5467,0.218,823,2588,154,84,0.144,100,15.08,46475,3800.04,2,1,16.631(20.789%)(0.000m),35.651(31.456%)(1.677m),49.000(43.235%)(3.107m),42.000(37.059%)(2.357m),28.000(35.000%)(0.857m),11.666(29.165%)(0.179m),20.000(50.000%)(1.071m),242.484,4403.195,72.8,1.4024,"[2.811, 3.048, 1.979, 3.005, 3.406, 2.077]","[4.555, 4.944, 4.580, 4.645, 5.285, 4.609]","[-0.493, -2.987, -4.952, -1.080, -3.288, -5.193]"
969,3,16.5221,19.6821,0.226,703,2227,48,112,0.144,95,15.07,46546,3237.64,0,0,11.263(14.079%)(0.000m),19.755(17.431%)(0.000m),44.213(39.011%)(2.594m),35.000(30.882%)(1.607m),24.000(30.000%)(0.429m),10.338(25.845%)(0.036m),20.000(50.000%)(1.071m),216.724,4191.431,73.3,1.3804,"[2.553, 2.894, 2.190, 2.789, 3.243, 2.353]","[4.378, 4.732, 4.268, 4.565, 5.195, 4.485]","[-5.708, -6.003, -5.273, -5.013, -5.539, -5.134]"
970,3,5.5877,19.6242,0.223,390,1182,13,58,0.144,70,15.05,46585,1726.05,0,0,12.675(15.843%)(0.000m),26.204(23.122%)(0.665m),72.000(63.530%)(5.571m),36.000(31.765%)(1.714m),21.000(26.250%)(0.107m),9.889(24.722%)(0.000m),18.000(45.000%)(0.857m),536.375,6405.831,70.1,1.3913,"[2.272, 2.720, 2.497, 2.315, 3.073, 2.621]","[4.599, 5.073, 4.636, 4.742, 5.459, 4.709]","[-6.328, -6.596, -5.558, -5.812, -6.363, -5.654]"
971,3,25.6705,19.8039,0.226,827,2599,185,74,0.143,100,15.14,46668,3865.59,1,1,17.332(21.665%)(0.000m),37.027(32.671%)(1.824m),60.000(52.941%)(4.286m),44.000(38.824%)(2.571m),27.000(33.750%)(0.750m),12.167(30.417%)(0.232m),19.000(47.500%)(0.964m),348.753,4984.071,72.7,1.3904,"[2.889, 3.129, 2.245, 3.081, 3.540, 2.410]","[5.120, 5.109, 4.698, 5.272, 5.543, 4.854]","[-2.528, -2.291, -4.516, -3.643, -2.217, -4.754]"
972,3,26.9208,20.3205,0.252,857,2663,50,155,0.143,100,15.23,46754,3771.60,2,1,20.056(25.070%)(0.006m),42.408(37.419%)(2.401m),50.000(44.118%)(3.214m),34.000(30.000%)(1.500m),17.000(21.250%)(0.000m),14.126(35.314%)(0.442m),21.000(52.500%)(1.179m),310.109,4448.599,71.9,1.3393,"[2.139, 2.792, 2.357, 2.237, 3.092, 2.439]","[4.509, 5.143, 4.721, 4.580, 5.451, 4.842]","[-5.520, -4.671, -4.880, -6.091, -4.707, -5.244]"
973,3,11.1082,19.9151,0.224,722,2235,143,108,0.143,95,15.21,46827,3291.03,0,0,8.797(10.996%)(0.000m),12.564(11.086%)(0.000m),19.440(17.153%)(0.000m),33.000(29.118%)(1.393m),16.000(20.000%)(0.000m),10.992(27.479%)(0.106m),11.000(27.500%)(0.107m),385.251,4689.736,71.6,1.3438,"[1.925, 2.403, 2.013, 2.072, 2.759, 2.175]","[4.673, 5.250, 5.150, 4.741, 5.673, 5.201]","[-6.830, -8.492, -6.616, -6.885, -7.609, -7.467]"
974,3,20.2563,20.1242,0.233,835,2615,115,111,0.143,100,15.30,46911,3736.98,1,1,22.153(27.692%)(0.231m),46.647(41.159%)(2.855m),45.000(39.706%)(2.679m),30.000(26.471%)(1.071m),22.000(27.500%)(0.214m),15.628(39.069%)(0.603m),19.000(47.500%)(0.964m),67.852,5234.229,72.5,1.3442,"[2.387, 2.777, 2.147, 2.543, 3.115, 2.330]","[4.588, 5.024, 4.861, 4.701, 5.462, 4.911]","[-4.316, -2.446, -5.552, -4.091, -3.849, -5.783]"
975,3,31.0174,20.1726,0.222,863,2674,65,79,0.142,100,15.38,46998,3885.71,2,1,20.889(26.111%)(0.095m),44.562(39.320%)(2.632m),45.000(39.706%)(2.679m),36.000(31.765%)(1.714m),29.000(36.250%)(0.964m),14.876(37.191%)(0.522m),21.000(52.500%)(1.179m),421.045,4243.182,71.7,1.3133,"[2.449, 2.919, 2.404, 2.597, 3.302, 2.524]","[4.603, 5.008, 4.665, 4.733, 5.498, 4.903]","[-2.239, -0.682, -4.780, -3.646, -1.028, -5.054]"
976,3,23.1752,20.1774,0.206,834,2614,195,190,0.142,100,15.47,47082,3818.60,3,1,17.136(21.419%)(0.000m),36.645(32.334%)(1.783m),56.000(49.412%)(3.857m),33.000(29.118%)(1.393m),15.000(18.750%)(0.000m),12.014(30.036%)(0.216m),11.000(27.500%)(0.107m),320.793,5075.847,72.5,1.4204,"[2.361, 2.594, 1.868, 2.518, 2.955, 2.002]","[4.591, 5.065, 4.705, 4.759, 5.483, 4.801]","[-7.231, -4.601, -5.657, -6.900, -4.656, -5.475]"
977,3,29.4835,20.4266,0.216,810,2561,84,24,0.142,100,15.56,47163,3724.30,4,1,16.195(20.244%)(0.000m),34.899(30.794%)(1.596m),62.000(54.706%)(4.500m),47.000(41.471%)(2.893m),29.000(36.250%)(0.964m),11.346(28.366%)(0.144m),23.000(57.500%)(1.393m),421.504,4529.535,73.2,1.3640,"[2.788, 3.057, 2.229, 3.025, 3.478, 2.394]","[4.511, 5.046, 4.793, 4.571, 5.345, 4.733]","[-1.523, -4.080, -5.248, -1.561, -4.016, -5.719]"
978,3,28.3829,20.3726,0.222,886,2724,142,39,0.141,100,15.64,47252,3996.46,5,1,13.831(17.289%)(0.000m),30.260(26.700%)(1.099m),54.000(47.647%)(3.643m),32.000(28.235%)(1.286m),22.000(27.500%)(0.214m),9.668(24.171%)(0.000m),24.000(60.000%)(1.500m),120.540,6919.697,71.1,1.3253,"[2.837, 3.022, 2.229, 3.052, 3.448, 2.461]","[4.835, 4.817, 4.593, 4.830, 5.233, 4.787]","[-4.515, -5.261, -5.796, -4.240, -5.244, -5.454]"
979,3,20.4912,20.4618,0.210,702,2214,16,22,0.141,95,15.63,47323,3156.25,0,0,12.249(15.311%)(0.000m),24.587(21.694%)(0.491m),58.000(51.177%)(4.071m),43.000(37.941%)(2.464m),30.000(37.500%)(1.071m),9.803(24.508%)(0.000m),23.000(57.500%)(1.393m),377.734,4405.963,73.0,1.2898,"[2.860, 3.115, 2.614, 3.068, 3.524, 2.767]","[4.384, 4.613, 4.458, 4.881, 5.097, 4.608]","[-6.048, -6.218, -5.479, -5.401, -5.975, -5.030]"
980,3,26.1785,20.3187,0.221,844,2634,29,85,0.141,100,15.71,47408,3773.02,1,1,23.787(29.733%)(0.406m),47.000(41.471%)(2.893m),70.000(61.765%)(5.357m),37.000(32.647%)(1.821m),17.000(21.250%)(0.000m),16.789(41.971%)(0.727m),12.000(30.000%)(0.214m),503.017,5502.714,72.2,1.3990,"[2.632, 3.132, 2.910, 2.925, 3.589, 3.100]","[4.542, 4.829, 4.625, 5.165, 5.312, 4.805]","[-5.127, -3.591, -2.979, -5.061, -3.645, -2.615]"
981,3,27.7583,20.2473,0.223,830,2603,142,116,0.141,100,15.80,47491,3668.43,2,1,19.426(24.282%)(0.000m),33.000(29.118%)(1.393m),63.000(55.588%)(4.607m),47.000(41.471%)(2.893m),23.000(28.750%)(0.321m),13.653(34.133%)(0.391m),17.000(42.500%)(0.750m),248.615,4584.235,72.6,1.3734,"[2.700, 2.980, 2.141, 2.905, 3.328, 2.325]","[4.335, 4.812, 4.752, 4.624, 5.118, 4.869]","[-2.401, -0.673, -4.957, -1.408, -2.068, -4.948]"
982,3,4.7346,20.2931,0.219,350,1071,19,2,0.140,70,15.78,47526,1581.78,0,0,11.546(14.432%)(0.000m),20.928(18.466%)(0.099m),50.933(44.941%)(3.314m),49.000(43.235%)(3.107m),31.000(38.750%)(1.179m),10.213(25.532%)(0.023m),22.000(55.000%)(1.286m),518.487,6406.848,70.8,1.4075,"[2.706, 2.812, 2.098, 2.821, 3.168, 2.245]","[4.593, 4.986, 4.681, 4.583, 5.292, 4.734]","[-4.626, -6.504, -5.376, -4.267, -6.528, -5.169]"
983,3,23.2102,20.5800,0.219,851,2656,123,79,0.140,100,15.87,47612,3792.74,1,1,20.000(25.000%)(0.000m),42.000(37.059%)(2.357m),67.000(59.118%)(5.036m),46.000(40.588%)(2.786m),23.553(29.441%)(0.381m),14.000(35.000%)(0.429m),16.621(41.553%)(0.709m),514.846,4720.353,72.2,1.3568,"[2.242, 2.641, 2.159, 2.450, 3.098, 2.283]","[4.478, 4.994, 4.794, 4.696, 5.423, 4.920]","[-3.394, -4.998, -5.371, -3.052, -4.852, -5.195]"
984,3,8.2207,20.3096,0.229,344,1064,15,5,0.140,70,15.85,47647,1608.44,0,0,13.184(16.480%)(0.000m),28.579(25.217%)(0.919m),65.000(57.353%)(4.821m),50.000(44.118%)(3.214m),31.000(38.750%)(1.179m),9.768(24.419%)(0.000m),26.000(65.000%)(1.714m),445.825,5994.221,71.6,1.5933,"[3.050, 2.995, 2.656, 3.169, 3.361, 2.847]","[4.550, 5.177, 4.895, 4.640, 5.471, 5.005]","[-0.523, -7.036, -6.015, -0.444, -6.942, -5.827]"
985,3,30.3284,20.2972,0.231,805,2551,46,66,0.139,100,15.94,47728,3654.85,1,1,16.909(21.137%)(0.000m),36.215(31.954%)(1.737m),51.000(45.000%)(3.321m),50.000(44.118%)(3.214m),27.000(33.750%)(0.750m),11.858(29.644%)(0.199m),20.000(50.000%)(1.071m),273.135,4272.518,73.3,1.3859,"[2.801, 2.984, 2.370, 3.025, 3.363, 2.590]","[4.615, 5.041, 4.588, 4.755, 5.449, 4.779]","[-1.153, -5.760, -6.054, -1.897, -5.915, -5.767]"
986,3,7.7547,20.3609,0.236,492,1424,18,38,0.139,75,15.92,47778,2361.44,0,0,11.839(14.798%)(0.000m),21.967(19.383%)(0.211m),57.115(50.396%)(3.977m),44.000(38.824%)(2.571m),26.000(32.500%)(0.643m),10.216(25.539%)(0.023m),23.000(57.500%)(1.393m),919.445,5932.348,67.0,1.4595,"[2.941, 3.222, 2.867, 3.087, 3.614, 3.040]","[4.566, 4.877, 4.682, 4.598, 5.288, 4.838]","[-5.971, -6.263, -5.474, -5.255, -6.122, -5.595]"
987,3,10.7361,19.9323,0.226,695,2188,17,149,0.139,95,15.91,47848,3193.21,0,0,13.196(16.495%)(0.000m),28.574(25.213%)(0.919m),66.000(58.235%)(4.929m),47.000(41.471%)(2.893m),25.000(31.250%)(0.536m),9.650(24.125%)(0.000m),17.000(42.500%)(0.750m),433.757,4457.253,72.8,1.3298,"[2.334, 2.617, 2.120, 2.492, 3.043, 2.276]","[4.395, 4.842, 4.592, 4.714, 5.267, 4.577]","[-5.614, -6.353, -4.932, -5.840, -6.404, -5.468]"
988,3,17.5614,19.7406,0.209,684,2165,90,29,0.139,95,15.89,47917,3061.02,0,0,10.991(13.738%)(0.000m),18.697(16.497%)(0.000m),39.020(34.430%)(2.038m),43.000(37.941%)(2.464m),28.000(35.000%)(0.857m),10.466(26.165%)(0.050m),23.000(57.500%)(1.393m),362.187,4232.997,73.3,1.3539,"[2.792, 3.031, 2.224, 3.011, 3.412, 2.345]","[4.489, 5.014, 4.748, 4.671, 5.417, 4.855]","[-5.598, -6.475, -5.628, -5.185, -6.461, -5.653]"
989,3,31.3251,19.9279,0.222,803,2544,5,74,0.138,100,15.98,47998,3618.97,1,1,18.842(23.552%)(0.000m),37.291(32.904%)(1.853m),65.000(57.353%)(4.821m),47.000(41.471%)(2.893m),24.000(30.000%)(0.429m),15.272(38.180%)(0.565m),17.000(42.500%)(0.750m),412.290,4427.542,73.3,1.3116,"[2.747, 3.163, 2.576, 2.931, 3.585, 2.777]","[4.274, 4.834, 4.585, 4.441, 5.349, 4.698]","[-4.930, -3.227, -4.790, -4.916, -3.312, -5.124]"
990,3,5.3441,19.3823,0.217,462,1352,32,20,0.138,75,15.96,48045,2163.58,0,0,13.704(17.130%)(0.000m),30.205(26.652%)(1.093m),50.000(44.118%)(3.214m),36.000(31.765%)(1.714m),27.000(33.750%)(0.750m),9.630(24.075%)(0.000m),24.000(60.000%)(1.500m),221.930,9921.954,67.7,1.4017,"[2.885, 3.018, 2.629, 2.995, 3.357, 2.774]","[4.872, 4.966, 4.780, 5.044, 5.357, 4.848]","[-1.597, -5.400, -4.702, -2.342, -5.499, -4.504]"
991,3,27.9464,19.4086,0.214,818,2578,104,110,0.138,100,16.04,48127,3689.69,1,1,18.309(22.886%)(0.000m),38.956(34.373%)(2.031m),60.000(52.941%)(4.286m),36.000(31.765%)(1.714m),24.000(30.000%)(0.429m),12.869(32.173%)(0.307m),19.000(47.500%)(0.964m),201.233,4292.487,72.9,1.3157,"[2.611, 3.081, 2.361, 2.809, 3.465, 2.546]","[4.517, 5.105, 4.782, 4.958, 5.486, 4.900]","[-2.295, -0.805, -5.118, -2.915, -1.075, -5.058]"
992,3,17.7251,19.5802,0.213,708,2222,33,12,0.138,95,16.03,48198,3249.06,0,0,13.632(17.040%)(0.000m),29.717(26.221%)(1.041m),65.000(57.353%)(4.821m),44.000(38.824%)(2.571m),29.000(36.250%)(0.964m),9.630(24.075%)(0.000m),25.000(62.500%)(1.607m),422.790,4888.471,72.6,1.3938,"[2.707, 2.796, 2.181, 2.879, 3.195, 2.395]","[4.765, 4.804, 4.440, 4.964, 5.219, 4.610]","[-2.653, -6.814, -6.003, -2.891, -6.146, -5.660]"
993,3,-3.1185,19.1967,0.241,193,530,49,39,0.137,45,16.01,48218,866.11,0,0,29.721(37.151%)(1.041m),22.000(19.412%)(0.214m),20.000(17.647%)(0.000m),20.000(17.647%)(0.000m),63.000(78.750%)(4.607m),27.280(68.199%)(1.851m),40.000(100.000%)(3.214m),0.000,7653.500,63.5,1.3213,"[1.866, 1.565, 1.319, 1.535, 1.475, 0.793]","[4.729, 5.082, 4.600, 4.897, 5.491, 4.703]","[-3.719, -4.354, -5.201, -4.124, -4.790, -4.960]"
994,3,37.2500,19.4096,0.219,816,2571,0,16,0.137,100,16.10,48300,3695.62,1,1,24.437(30.546%)(0.475m),51.201(45.177%)(3.343m),74.000(65.294%)(5.786m),46.000(40.588%)(2.786m),28.000(35.000%)(0.857m),17.261(43.153%)(0.778m),25.000(62.500%)(1.607m),461.260,4909.540,72.9,1.3425,"[3.040, 3.464, 2.894, 3.293, 3.958, 3.129]","[4.509, 4.927, 4.404, 4.725, 5.379, 4.676]","[-2.016, 0.423, -4.760, -2.548, 0.732, -4.913]"
995,3,26.6084,19.2920,0.211,860,2670,123,14,0.137,100,16.18,48386,3873.69,2,1,22.103(27.629%)(0.225m),44.000(38.824%)(2.571m),58.000(51.177%)(4.071m),48.000(42.353%)(3.000m),31.000(38.750%)(1.179m),15.573(38.932%)(0.597m),22.000(55.000%)(1.286m),383.608,5801.431,71.8,1.3369,"[2.904, 3.199, 2.506, 3.132, 3.605, 2.700]","[4.929, 5.054, 4.878, 4.951, 5.470, 4.905]","[-1.179, 0.892, -4.687, -1.572, -0.437, -5.021]"
996,3,12.3714,19.3029,0.203,702,2190,17,125,0.136,95,16.16,48457,3330.59,0,0,24.489(30.611%)(0.481m),37.000(32.647%)(1.821m),20.000(17.647%)(0.000m),22.000(19.412%)(0.214m),22.000(27.500%)(0.214m),17.299(43.247%)(0.782m),21.000(52.500%)(1.179m),0.000,4349.753,72.2,1.4569,"[2.061, 2.638, 2.124, 2.148, 2.923, 2.257]","[4.581, 4.918, 4.520, 4.698, 5.352, 4.687]","[-9.047, -5.074, -6.362, -9.399, -6.657, -7.377]"
997,3,27.4616,19.2639,0.228,804,2549,172,79,0.136,100,16.25,48538,3676.28,1,1,20.631(25.788%)(0.068m),43.000(37.941%)(2.464m),64.000(56.471%)(4.714m),46.000(40.588%)(2.786m),19.000(23.750%)(0.000m),14.532(36.330%)(0.486m),14.000(35.000%)(0.429m),406.594,4405.826,73.4,1.4028,"[2.423, 2.875, 2.299, 2.684, 3.298, 2.470]","[4.637, 5.159, 4.870, 4.706, 5.586, 4.968]","[-5.742, -1.863, -4.644, -4.669, -2.009, -4.470]"
998,3,18.0012,19.5293,0.226,753,2379,71,106,0.136,95,16.23,48614,3400.45,0,0,12.890(16.113%)(0.000m),27.806(24.535%)(0.836m),69.000(60.883%)(5.250m),47.000(41.471%)(2.893m),27.000(33.750%)(0.750m),9.676(24.189%)(0.000m),23.000(57.500%)(1.393m),479.393,4431.620,73.1,1.3217,"[2.778, 2.954, 2.196, 3.027, 3.409, 2.409]","[4.418, 4.527, 4.188, 5.012, 4.923, 4.341]","[-3.776, -5.880, -5.588, -3.496, -5.474, -5.500]"
999,3,28.6477,19.6637,0.209,810,2563,94,67,0.136,100,16.32,48695,3618.93,1,1,20.527(25.659%)(0.057m),43.363(38.262%)(2.503m),61.000(53.824%)(4.393m),48.000(42.353%)(3.000m),24.000(30.000%)(0.429m),14.453(36.134%)(0.477m),20.000(50.000%)(1.071m),387.226,4236.717,73.2,1.3536,"[2.770, 3.124, 2.299, 2.940, 3.549, 2.529]","[4.418, 4.748, 4.512, 4.564, 5.223, 4.642]","[-0.921, 0.761, -5.401, -1.600, -0.870, -5.254]"
1000,3,8.6586,19.3598,0.226,355,1072,14,1,0.135,70,16.30,48731,1678.10,0,0,9.999(12.498%)(0.000m),15.096(13.320%)(0.000m),25.317(22.339%)(0.570m),48.000(42.353%)(3.000m),33.000(41.250%)(1.393m),11.303(28.259%)(0.140m),29.000(72.500%)(2.036m),505.325,6800.913,69.9,1.3052,"[2.939, 3.132, 2.687, 3.159, 3.555, 2.849]","[4.373, 4.765, 4.427, 4.498, 5.135, 4.605]","[-5.716, -7.104, -5.762, -5.712, -6.491, -6.120]"
1001,3,23.2789,19.6447,0.220,826,2597,128,123,0.135,100,16.38,48814,3725.78,1,1,21.697(27.122%)(0.182m),42.000(37.059%)(2.357m),61.000(53.824%)(4.393m),34.000(30.000%)(1.500m),16.000(20.000%)(0.000m),15.281(38.203%)(0.566m),12.000(30.000%)(0.214m),379.163,4433.253,72.8,1.3762,"[2.457, 2.909, 2.386, 2.667, 3.331, 2.589]","[4.506, 4.852, 4.472, 4.560, 5.267, 4.616]","[-5.515, -5.552, -4.963, -5.382, -5.362, -4.785]"
1002,3,30.0095,19.9377,0.225,814,2569,72,117,0.135,100,16.47,48896,3766.95,2,1,16.595(20.744%)(0.000m),35.580(31.394%)(1.669m),65.000(57.353%)(4.821m),47.000(41.471%)(2.893m),21.000(26.250%)(0.107m),11.634(29.084%)(0.175m),14.000(35.000%)(0.429m),437.167,4478.867,73.0,1.3592,"[2.844, 3.184, 2.403, 3.084, 3.609, 2.643]","[4.245, 4.735, 4.403, 4.812, 5.191, 4.597]","[-0.229, -4.316, -5.346, -0.429, -4.470, -4.853]"
1003,3,5.4516,19.4230,0.221,323,995,71,82,0.135,65,16.45,48929,1445.08,0,0,16.000(20.000%)(0.000m),93.000(82.059%)(7.821m),19.000(16.765%)(0.000m),20.000(17.647%)(0.000m),38.000(47.500%)(1.929m),11.000(27.500%)(0.107m),32.000(80.000%)(2.357m),0.000,5778.960,71.3,1.3238,"[2.054, 2.293, 1.777, 2.087, 2.531, 1.970]","[4.394, 4.945, 4.570, 4.530, 5.337, 4.768]","[-6.117, -5.966, -6.791, -6.787, -6.944, -6.699]"
1004,3,31.5788,19.5739,0.218,798,2534,0,18,0.134,100,16.53,49009,3568.85,1,1,23.804(29.755%)(0.408m),49.939(44.064%)(3.208m),64.000(56.471%)(4.714m),47.000(41.471%)(2.893m),28.000(35.000%)(0.857m),16.803(42.008%)(0.729m),23.000(57.500%)(1.393m),490.076,4380.120,73.5,1.3033,"[2.983, 3.290, 2.640, 3.214, 3.761, 2.872]","[4.401, 4.802, 4.651, 4.632, 5.230, 4.623]","[-1.042, 0.891, -5.775, -1.497, -0.519, -6.067]"
1005,3,33.3183,19.6283,0.218,804,2548,46,15,0.134,100,16.62,49090,3734.08,2,1,15.741(19.676%)(0.000m),33.980(29.983%)(1.498m),55.000(48.530%)(3.750m),44.000(38.824%)(2.571m),30.000(37.500%)(1.071m),11.024(27.561%)(0.110m),24.000(60.000%)(1.500m),344.497,4376.736,73.3,1.4271,"[2.876, 3.061, 2.418, 3.089, 3.500, 2.585]","[4.410, 4.821, 4.724, 4.618, 5.372, 4.790]","[-1.831, -5.497, -5.475, -3.415, -5.634, -4.858]"
1006,3,30.8348,19.9714,0.217,842,2630,87,78,0.134,100,16.70,49175,3812.21,3,1,19.907(24.884%)(0.000m),41.000(36.177%)(2.250m),60.000(52.941%)(4.286m),43.000(37.941%)(2.464m),30.000(37.500%)(1.071m),13.999(34.998%)(0.428m),24.000(60.000%)(1.500m),349.912,5345.677,72.3,1.4298,"[2.885, 3.058, 2.224, 3.064, 3.494, 2.415]","[5.168, 5.049, 4.792, 5.245, 5.397, 4.991]","[-0.931, -2.407, -5.612, -1.597, -2.493, -5.692]"
1007,3,27.8236,20.3242,0.214,804,2548,56,136,0.133,100,16.78,49256,3596.67,4,1,15.857(19.821%)(0.000m),34.136(30.120%)(1.515m),62.000(54.706%)(4.500m),43.000(37.941%)(2.464m),24.000(30.000%)(0.429m),11.109(27.774%)(0.119m),17.000(42.500%)(0.750m),377.984,4448.561,73.4,1.3372,"[2.577, 2.946, 2.181, 2.799, 3.382, 2.396]","[4.630, 5.071, 4.863, 4.739, 5.473, 5.079]","[-5.333, -4.110, -5.298, -5.553, -4.155, -5.193]"
1008,3,14.5580,20.1272,0.223,718,2221,34,62,0.133,95,16.77,49328,3302.04,0,0,24.642(30.802%)(0.497m),21.000(18.529%)(0.107m),20.000(17.647%)(0.000m),21.000(18.529%)(0.107m),27.900(34.874%)(0.846m),17.420(43.549%)(0.795m),20.028(50.071%)(1.074m),0.000,5242.575,71.6,1.3738,"[2.400, 2.745, 2.462, 2.578, 3.076, 2.617]","[4.536, 4.823, 4.838, 4.642, 5.291, 4.966]","[-6.181, -5.423, -6.606, -6.700, -5.825, -7.389]"
1009,3,15.9678,20.2168,0.224,562,1755,12,70,0.133,85,16.75,49385,2530.44,0,0,23.399(29.249%)(0.364m),36.000(31.765%)(1.714m),64.000(56.471%)(4.714m),41.000(36.177%)(2.250m),17.000(21.250%)(0.000m),16.510(41.276%)(0.698m),10.000(25.000%)(0.000m),290.458,5450.918,72.3,1.4105,"[2.633, 3.115, 2.473, 2.868, 3.525, 2.587]","[4.784, 5.294, 5.087, 4.902, 5.715, 5.165]","[-8.747, -6.499, -5.203, -7.238, -5.917, -4.846]"
1010,3,1.7891,19.7454,0.218,188,520,0,9,0.133,45,16.73,49404,873.31,0,0,25.000(31.250%)(0.536m),25.000(22.059%)(0.536m),113.333(100.000%)(10.000m),73.000(64.412%)(5.679m),54.000(67.500%)(3.643m),38.744(96.860%)(3.080m),40.000(100.000%)(3.214m),4228.262,13496.868,64.1,1.3422,"[3.217, 3.616, 2.971, 3.339, 3.820, 3.059]","[4.573, 5.179, 5.160, 4.718, 5.571, 5.218]","[-7.224, -6.881, -8.475, -6.436, -8.721, -7.472]"
1011,3,33.7325,20.0827,0.213,814,2568,30,6,0.132,100,16.82,49486,3648.74,1,1,21.079(26.349%)(0.116m),44.429(39.202%)(2.617m),78.000(68.824%)(6.214m),52.000(45.882%)(3.429m),30.000(37.500%)(1.071m),14.845(37.112%)(0.519m),23.000(57.500%)(1.393m),584.214,4793.547,73.0,1.3604,"[2.880, 3.310, 2.746, 3.088, 3.742, 2.881]","[4.675, 5.220, 4.945, 4.774, 5.560, 5.070]","[0.262, 1.784, -4.772, -0.157, 2.030, -4.894]"
1012,3,24.3347,20.2778,0.219,845,2637,122,141,0.132,100,16.90,49571,3896.30,2,1,22.373(27.966%)(0.254m),35.000(30.882%)(1.607m),48.000(42.353%)(3.000m),44.000(38.824%)(2.571m),22.000(27.500%)(0.214m),15.767(39.419%)(0.618m),16.000(40.000%)(0.643m),191.426,5376.686,72.2,1.3919,"[2.570, 2.855, 2.283, 2.697, 3.190, 2.376]","[5.199, 5.244, 4.899, 5.166, 5.603, 4.874]","[-5.324, -3.463, -4.524, -5.351, -3.958, -4.865]"
1013,3,15.1361,20.0720,0.211,690,2161,31,107,0.132,95,16.88,49640,3128.89,0,0,23.930(29.912%)(0.421m),42.000(37.059%)(2.357m),19.000(16.765%)(0.000m),20.000(17.647%)(0.000m),28.000(35.000%)(0.857m),16.894(42.236%)(0.739m),20.000(50.000%)(1.071m),0.000,4457.597,72.5,1.3540,"[2.408, 2.765, 2.338, 2.515, 3.106, 2.460]","[4.585, 4.899, 4.639, 4.637, 5.307, 4.812]","[-4.594, -3.719, -4.523, -4.516, -4.843, -6.302]"
1014,3,26.3891,20.3402,0.210,829,2600,43,69,0.132,100,16.96,49723,3835.52,1,1,21.567(26.959%)(0.168m),45.487(40.136%)(2.731m),48.000(42.353%)(3.000m),33.000(29.118%)(1.393m),22.000(27.500%)(0.214m),15.188(37.969%)(0.556m),19.000(47.500%)(0.964m),119.231,4449.889,72.6,1.3802,"[2.711, 3.042, 2.564, 2.866, 3.395, 2.696]","[4.766, 5.359, 4.940, 4.975, 5.725, 5.051]","[-3.444, -1.536, -4.146, -4.666, -2.057, -3.959]"
1015,3,16.5106,20.4149,0.216,714,2223,36,79,0.131,95,16.95,49795,3394.92,0,0,12.615(15.769%)(0.000m),26.080(23.012%)(0.651m),58.000(51.177%)(4.071m),43.000(37.941%)(2.464m),22.000(27.500%)(0.214m),9.842(24.605%)(0.000m),20.000(50.000%)(1.071m),373.469,5225.674,72.1,1.3763,"[2.737, 3.080, 2.590, 2.899, 3.449, 2.736]","[4.524, 5.073, 4.753, 4.596, 5.453, 4.824]","[-5.553, -5.459, -5.316, -5.614, -5.583, -5.461]"
1016,3,21.1358,20.7494,0.206,814,2570,203,119,0.131,100,17.03,49877,3782.87,1,1,17.054(21.317%)(0.000m),36.550(32.250%)(1.773m),72.000(63.530%)(5.571m),40.000(35.294%)(2.143m),19.000(23.750%)(0.000m),11.964(29.910%)(0.210m),14.000(35.000%)(0.429m),496.002,4834.406,73.1,1.5062,"[2.526, 2.875, 1.642, 2.772, 3.275, 1.739]","[5.074, 4.987, 4.642, 5.100, 5.459, 4.806]","[-4.964, -3.905, -5.097, -5.079, -4.468, -4.879]"
1017,3,3.1656,20.2773,0.214,169,502,1,20,0.131,45,17.01,49894,829.94,0,0,13.000(16.250%)(0.000m),26.000(22.941%)(0.643m),113.333(100.000%)(10.000m),93.000(82.059%)(7.821m),39.000(48.750%)(2.036m),10.000(25.000%)(0.000m),40.000(100.000%)(3.214m),3710.824,9481.369,68.7,1.5648,"[3.206, 3.473, 2.926, 3.656, 3.843, 3.076]","[4.364, 4.958, 4.841, 4.507, 5.370, 4.995]","[-7.301, -5.350, -5.377, -6.173, -4.783, -4.562]"
1018,3,31.3976,20.3946,0.210,823,2588,0,90,0.131,100,17.09,49977,3892.52,1,1,24.524(30.655%)(0.485m),45.000(39.706%)(2.679m),64.000(56.471%)(4.714m),49.000(43.235%)(3.107m),22.000(27.500%)(0.214m),17.348(43.371%)(0.787m),20.000(50.000%)(1.071m),435.897,4686.206,72.8,1.4031,"[2.783, 3.240, 2.785, 2.994, 3.637, 2.962]","[4.654, 5.132, 4.758, 4.812, 5.528, 4.951]","[-0.923, 0.486, -2.902, -1.059, -0.845, -3.379]"
1019,3,9.3263,20.2507,0.216,707,2199,132,129,0.130,95,17.08,50000,3405.87,0,0,16.313(20.391%)(0.000m),21.000(18.529%)(0.107m),20.000(17.647%)(0.000m),21.000(18.529%)(0.107m),20.000(25.000%)(0.000m),11.431(28.578%)(0.153m),14.000(35.000%)(0.429m),0.000,4508.818,72.0,1.4640,"[2.053, 2.399, 2.067, 2.186, 2.685, 2.240]","[4.568, 5.131, 4.791, 4.809, 5.457, 4.901]","[-6.200, -5.731, -5.347, -7.496, -7.358, -5.468]"
1020,3,8.4577,20.3081,0.236,550,1702,93,86,0.130,85,17.06,50000,2542.14,0,0,17.095(21.369%)(0.000m),36.660(32.347%)(1.785m),57.000(50.294%)(3.964m),27.000(23.824%)(0.750m),13.000(16.250%)(0.000m),11.985(29.963%)(0.213m),10.000(25.000%)(0.000m),341.302,5378.906,71.6,1.4538,"[2.685, 2.991, 2.182, 2.880, 3.394, 2.284]","[4.598, 4.895, 4.566, 4.785, 5.289, 4.622]","[-6.213, -6.008, -5.243, -6.675, -5.173, -6.184]"
1021,3,11.0855,20.0164,0.203,371,1149,14,21,0.130,70,17.04,50000,1741.52,0,0,12.401(15.501%)(0.000m),25.638(22.622%)(0.604m),75.610(66.715%)(5.958m),51.000(45.000%)(3.321m),27.000(33.750%)(0.750m),9.675(24.188%)(0.000m),24.000(60.000%)(1.500m),595.125,6041.243,71.7,1.4208,"[2.888, 3.300, 2.875, 3.143, 3.774, 3.084]","[4.329, 4.802, 4.447, 4.566, 5.224, 4.642]","[-8.192, -6.491, -6.062, -7.219, -5.925, -5.895]"
1022,3,32.9902,20.1378,0.209,801,2542,25,76,0.130,100,17.12,50000,3842.34,1,1,24.271(30.339%)(0.458m),36.000(31.765%)(1.714m),61.000(53.824%)(4.393m),52.000(45.882%)(3.429m),20.000(25.000%)(0.000m),17.165(42.913%)(0.768m),14.000(35.000%)(0.429m),271.342,4294.798,73.4,1.4117,"[2.619, 3.129, 2.399, 2.884, 3.610, 2.585]","[4.092, 4.718, 4.540, 4.245, 5.136, 4.607]","[-6.212, -1.009, -5.068, -5.096, -1.547, -5.108]"
1023,3,31.3084,20.5418,0.230,810,2559,76,10,0.129,100,17.20,50000,3765.23,2,1,21.869(27.336%)(0.200m),45.532(40.176%)(2.736m),67.000(59.118%)(5.036m),52.000(45.882%)(3.429m),32.000(40.000%)(1.286m),15.404(38.509%)(0.579m),25.000(62.500%)(1.607m),541.758,4850.430,73.1,1.3649,"[3.069, 3.327, 2.737, 3.230, 3.755, 2.921]","[4.731, 4.809, 4.581, 4.792, 5.218, 4.711]","[-0.408, 0.565, -4.802, -0.896, -0.495, -4.548]"
1024,3,20.3253,20.5432,0.215,817,2576,221,97,0.129,100,17.29,50000,3847.62,3,1,17.853(22.316%)(0.000m),38.055(33.578%)(1.934m),61.000(53.824%)(4.393m),44.000(38.824%)(2.571m),23.000(28.750%)(0.321m),12.532(31.330%)(0.271m),17.000(42.500%)(0.750m),370.197,5001.289,73.0,1.4102,"[2.847, 3.073, 2.175, 3.074, 3.478, 2.380]","[4.952, 4.939, 4.661, 5.193, 5.414, 4.786]","[-5.050, -1.796, -4.843, -5.347, -2.182, -5.150]"
1025,3,10.7429,20.1377,0.226,781,2381,154,89,0.129,95,17.27,50000,3723.31,0,0,12.663(15.829%)(0.000m),26.589(23.461%)(0.706m),39.000(34.412%)(2.036m),33.000(29.118%)(1.393m),28.000(35.000%)(0.857m),9.754(24.384%)(0.000m),22.000(55.000%)(1.286m),298.460,4952.394,70.6,1.4331,"[2.394, 2.411, 1.986, 2.463, 2.694, 2.112]","[4.755, 4.968, 4.778, 4.780, 5.440, 4.824]","[-4.268, -7.636, -6.827, -5.804, -6.821, -6.765]"
1026,3,32.7815,20.3298,0.227,799,2536,43,100,0.128,100,17.35,50000,3719.44,1,1,15.968(19.961%)(0.000m),34.456(30.403%)(1.549m),57.000(50.294%)(3.964m),43.000(37.941%)(2.464m),28.000(35.000%)(0.857m),11.191(27.976%)(0.128m),20.000(50.000%)(1.071m),351.128,4230.974,73.4,1.4078,"[2.784, 3.163, 2.414, 3.005, 3.555, 2.600]","[4.504, 5.088, 4.715, 4.578, 5.418, 4.914]","[-1.345, -4.701, -4.219, -0.851, -4.390, -4.205]"
1027,3,33.8420,20.4170,0.206,813,2566,0,91,0.128,100,17.43,50000,3908.91,2,1,25.200(31.500%)(0.557m),46.000(40.588%)(2.786m),63.000(55.588%)(4.607m),47.000(41.471%)(2.893m),26.000(32.500%)(0.643m),17.813(44.532%)(0.837m),20.000(50.000%)(1.071m),452.063,4519.129,73.1,1.4097,"[3.054, 3.379, 2.783, 3.273, 3.826, 2.930]","[4.600, 4.918, 4.615, 4.728, 5.325, 4.739]","[-0.457, 0.800, -4.133, -0.583, -0.763, -4.169]"
1028,3,28.6408,20.4222,0.222,817,2574,66,90,0.128,100,17.51,50000,3729.73,3,1,19.782(24.727%)(0.000m),31.000(27.353%)(1.179m),80.000(70.588%)(6.429m),47.000(41.471%)(2.893m),26.000(32.500%)(0.643m),13.914(34.785%)(0.419m),21.000(52.500%)(1.179m),149.611,4530.289,72.9,1.3609,"[2.825, 3.066, 2.331, 3.009, 3.509, 2.550]","[4.736, 5.071, 4.856, 4.868, 5.542, 5.024]","[-0.085, -2.998, -4.704, 0.053, -2.767, -4.705]"
1029,3,18.9794,20.3919,0.242,671,2125,15,55,0.128,95,17.49,50000,3194.50,0,0,12.545(15.681%)(0.000m),25.936(22.884%)(0.636m),58.000(51.177%)(4.071m),49.000(43.235%)(3.107m),28.000(35.000%)(0.857m),9.788(24.469%)(0.000m),20.000(50.000%)(1.071m),382.834,4395.297,73.3,1.4864,"[2.673, 2.955, 2.448, 2.896, 3.388, 2.607]","[4.512, 4.977, 4.659, 4.637, 5.413, 4.878]","[-5.748, -6.772, -6.342, -5.544, -6.304, -6.000]"
1030,3,31.5194,20.4987,0.225,802,2542,32,30,0.127,100,17.57,50000,3742.19,1,1,20.405(25.507%)(0.043m),37.000(32.647%)(1.821m),51.000(45.000%)(3.321m),49.000(43.235%)(3.107m),28.000(35.000%)(0.857m),14.361(35.902%)(0.467m),23.000(57.500%)(1.393m),242.959,4402.376,73.4,1.3885,"[3.023, 3.420, 2.568, 3.251, 3.894, 2.839]","[4.447, 5.066, 4.684, 4.625, 5.463, 4.786]","[0.472, 0.090, -4.767, -0.401, -0.076, -4.895]"
1031,3,27.0575,20.4847,0.219,837,2620,101,63,0.127,100,17.65,50000,3932.46,2,1,21.001(26.251%)(0.107m),38.000(33.530%)(1.929m),51.000(45.000%)(3.321m),46.000(40.588%)(2.786m),28.000(35.000%)(0.857m),14.787(36.968%)(0.513m),20.000(50.000%)(1.071m),235.119,5005.172,72.4,1.4420,"[2.857, 3.283, 2.656, 3.069, 3.720, 2.874]","[4.850, 5.169, 4.931, 4.951, 5.624, 5.075]","[-0.934, 0.532, -4.753, -1.803, 0.139, -4.905]"
1032,3,10.4829,20.5997,0.226,551,1702,55,80,0.127,85,17.64,50000,2537.79,0,0,16.241(20.302%)(0.000m),34.990(30.874%)(1.606m),58.000(51.177%)(4.071m),27.000(23.824%)(0.750m),13.000(16.250%)(0.000m),11.379(28.448%)(0.148m),10.000(25.000%)(0.000m),374.294,6166.398,71.5,1.3956,"[2.750, 2.900, 2.340, 3.003, 3.321, 2.482]","[4.597, 4.926, 4.831, 4.871, 5.374, 4.895]","[-6.781, -7.582, -4.829, -5.649, -7.568, -5.073]"
1033,3,9.0568,20.3166,0.233,340,1051,14,15,0.127,70,17.62,50000,1631.07,0,0,9.631(12.039%)(0.000m),14.542(12.831%)(0.000m),24.387(21.518%)(0.470m),41.000(36.177%)(2.250m),27.000(33.750%)(0.750m),10.888(27.221%)(0.095m),26.000(65.000%)(1.714m),341.367,5981.294,71.5,1.4420,"[2.913, 3.366, 2.824, 3.103, 3.720, 3.012]","[4.321, 5.066, 4.629, 4.457, 5.592, 4.803]","[-5.694, -6.612, -6.420, -5.305, -6.414, -6.121]"
1034,3,30.1466,20.7551,0.219,803,2544,101,80,0.126,100,17.70,50000,3697.50,1,1,20.803(26.004%)(0.086m),43.978(38.804%)(2.569m),72.000(63.530%)(5.571m),47.000(41.471%)(2.893m),27.000(33.750%)(0.750m),14.640(36.601%)(0.497m),20.000(50.000%)(1.071m),473.296,4554.799,73.3,1.3869,"[2.812, 3.209, 2.538, 2.985, 3.608, 2.718]","[4.485, 5.051, 4.831, 4.597, 5.527, 4.991]","[-0.600, 1.455, -4.326, -1.266, 1.210, -4.425]"
1035,3,8.9733,20.3280,0.200,506,1576,195,16,0.126,85,17.68,50000,2279.34,0,0,17.052(21.315%)(0.000m),26.000(22.941%)(0.643m),34.000(30.000%)(1.500m),69.000(60.883%)(5.250m),42.000(52.500%)(2.357m),11.956(29.891%)(0.210m),29.000(72.500%)(2.036m),0.000,5194.746,72.1,1.3682,"[2.863, 2.750, 1.644, 3.044, 3.060, 1.752]","[4.400, 4.938, 4.546, 4.596, 5.357, 4.582]","[-4.095, -3.961, -5.119, -5.127, -5.560, -5.638]"
1036,3,20.0351,20.5737,0.218,893,2743,186,69,0.126,100,17.76,50000,4158.37,1,1,18.463(23.078%)(0.000m),39.260(34.641%)(2.064m),63.000(55.588%)(4.607m),34.562(30.496%)(1.560m),16.208(20.260%)(0.000m),12.969(32.422%)(0.318m),11.383(28.457%)(0.148m),449.957,5722.443,71.1,1.4118,"[2.068, 2.663, 2.130, 2.120, 2.954, 2.295]","[4.082, 4.634, 4.376, 4.357, 4.994, 4.519]","[-5.023, -4.526, -4.477, -5.772, -3.678, -4.864]"
1037,3,32.7199,21.0133,0.208,822,2585,102,56,0.126,100,17.84,50000,3803.28,2,1,20.758(25.947%)(0.081m),43.860(38.700%)(2.556m),70.000(61.765%)(5.357m),47.000(41.471%)(2.893m),28.000(35.000%)(0.857m),14.625(36.562%)(0.496m),20.000(50.000%)(1.071m),482.968,4810.366,72.8,1.3969,"[3.049, 3.398, 2.804, 3.257, 3.891, 2.964]","[4.556, 5.063, 4.788, 4.612, 5.519, 4.823]","[0.143, 1.893, -4.801, 0.427, 2.088, -4.874]"
1038,3,32.1650,21.3054,0.221,800,2538,30,83,0.125,100,17.92,50000,3706.87,3,1,20.768(25.960%)(0.082m),41.000(36.177%)(2.250m),71.000(62.647%)(5.464m),44.000(38.824%)(2.571m),24.000(30.000%)(0.429m),14.615(36.537%)(0.494m),20.000(50.000%)(1.071m),431.070,4307.130,73.4,1.3932,"[2.939, 3.302, 2.584, 3.162, 3.773, 2.769]","[4.335, 4.932, 4.583, 4.611, 5.404, 4.707]","[-1.446, 1.349, -4.697, -2.411, 1.868, -4.636]"
1039,3,27.1093,21.2211,0.227,813,2568,268,65,0.125,100,18.00,50000,3790.67,4,1,21.480(26.850%)(0.159m),43.000(37.941%)(2.464m),62.000(54.706%)(4.500m),45.000(39.706%)(2.679m),19.000(23.750%)(0.000m),15.143(37.856%)(0.551m),13.000(32.500%)(0.321m),382.113,4682.990,73.1,1.3517,"[2.591, 2.915, 2.349, 2.803, 3.349, 2.550]","[4.360, 4.911, 4.565, 4.585, 5.267, 4.640]","[-5.864, -2.414, -6.680, -5.425, -2.338, -6.932]"
1040,3,34.7426,21.8090,0.206,818,2579,40,40,0.125,100,18.08,50000,4029.38,5,1,20.916(26.145%)(0.098m),44.200(39.000%)(2.593m),64.000(56.471%)(4.714m),40.000(35.294%)(2.143m),23.000(28.750%)(0.321m),14.721(36.802%)(0.506m),20.000(50.000%)(1.071m),299.971,4572.840,73.0,1.4440,"[2.947, 3.215, 2.608, 3.128, 3.667, 2.812]","[4.575, 4.877, 4.560, 4.713, 5.384, 4.650]","[-0.347, -3.196, -5.622, -1.697, -3.415, -5.365]"
1041,3,30.8798,21.8677,0.214,801,2540,0,17,0.125,100,18.16,50000,4005.37,6,1,24.717(30.897%)(0.505m),50.676(44.714%)(3.287m),61.000(53.824%)(4.393m),44.000(38.824%)(2.571m),29.000(36.250%)(0.964m),17.464(43.660%)(0.800m),23.000(57.500%)(1.393m),390.674,4416.516,73.4,1.4432,"[2.809, 3.176, 2.489, 3.016, 3.599, 2.709]","[4.544, 4.942, 4.482, 4.568, 5.246, 4.570]","[-1.474, 0.592, -5.325, -2.409, -0.918, -5.365]"
1042,3,32.7562,22.1683,0.220,800,2537,70,80,0.124,100,18.23,50000,3675.26,7,1,20.756(25.946%)(0.081m),43.000(37.941%)(2.464m),61.000(53.824%)(4.393m),47.000(41.471%)(2.893m),21.000(26.250%)(0.107m),14.629(36.573%)(0.496m),19.000(47.500%)(0.964m),381.289,4319.283,73.4,1.3285,"[2.963, 3.238, 2.730, 3.130, 3.675, 2.922]","[4.577, 4.819, 4.482, 4.618, 5.216, 4.594]","[-0.688, 1.378, -5.081, -1.125, 1.370, -4.973]"
1043,3,29.7766,22.8262,0.214,833,2614,10,58,0.124,100,18.31,50000,3743.54,8,1,24.400(30.500%)(0.471m),49.000(43.235%)(3.107m),53.000(46.765%)(3.536m),44.000(38.824%)(2.571m),24.000(30.000%)(0.429m),17.234(43.086%)(0.775m),21.000(52.500%)(1.179m),404.184,4210.560,72.6,1.3146,"[2.701, 3.146, 2.846, 2.864, 3.526, 3.019]","[4.417, 5.043, 4.819, 4.577, 5.420, 4.876]","[-1.261, 0.532, -3.979, -3.066, -0.298, -3.842]"
1044,3,30.8309,22.6979,0.199,823,2589,53,131,0.124,100,18.39,50000,3757.83,9,1,20.123(25.154%)(0.013m),41.000(36.177%)(2.250m),54.000(47.647%)(3.643m),45.000(39.706%)(2.679m),21.000(26.250%)(0.107m),14.153(35.382%)(0.445m),15.000(37.500%)(0.536m),310.738,4593.770,72.8,1.3395,"[2.799, 3.202, 2.730, 2.995, 3.650, 2.865]","[4.779, 4.903, 4.639, 4.801, 5.402, 4.751]","[-4.431, -2.523, -4.431, -4.851, -2.863, -4.311]"
1045,3,9.4834,22.3554,0.217,360,1108,13,6,0.124,70,18.37,50000,1655.57,0,0,12.709(15.887%)(0.000m),26.276(23.185%)(0.672m),73.000(64.412%)(5.679m),47.000(41.471%)(2.893m),31.000(38.750%)(1.179m),9.916(24.790%)(0.000m),23.000(57.500%)(1.393m),467.532,6162.374,71.3,1.3434,"[3.012, 3.161, 2.513, 3.223, 3.592, 2.675]","[4.787, 5.231, 4.869, 4.919, 5.625, 5.061]","[-7.239, -6.766, -5.888, -6.391, -6.135, -5.702]"
1046,3,23.1011,22.5700,0.217,815,2574,43,34,0.123,100,18.45,50000,3640.64,1,1,26.046(32.557%)(0.648m),43.000(37.941%)(2.464m),89.000(78.530%)(7.393m),46.865(41.352%)(2.878m),22.274(27.843%)(0.244m),18.464(46.161%)(0.907m),15.708(39.269%)(0.612m),1053.125,5478.389,73.1,1.3116,"[2.627, 2.998, 2.440, 2.811, 3.420, 2.545]","[5.005, 5.077, 4.761, 5.090, 5.440, 4.919]","[-3.450, -1.466, -5.936, -4.267, -2.148, -5.686]"
1047,3,11.9193,22.2591,0.228,819,2538,124,107,0.123,95,18.43,50000,3753.07,0,0,10.862(13.578%)(0.000m),17.959(15.846%)(0.000m),35.320(31.164%)(1.641m),43.000(37.941%)(2.464m),27.000(33.750%)(0.750m),10.731(26.826%)(0.078m),18.000(45.000%)(0.857m),396.393,4260.911,71.7,1.3567,"[2.797, 2.832, 1.810, 2.897, 3.172, 1.904]","[4.593, 5.277, 5.069, 4.693, 5.711, 5.218]","[-5.366, -5.355, -6.116, -5.244, -5.363, -6.216]"
1048,3,7.4534,22.0482,0.210,333,1032,14,40,0.123,70,18.42,50000,1601.56,0,0,11.810(14.763%)(0.000m),22.183(19.573%)(0.234m),59.553(52.547%)(4.238m),50.000(44.118%)(3.214m),33.000(41.250%)(1.393m),10.065(25.163%)(0.007m),29.000(72.500%)(2.036m),581.496,6123.161,71.7,1.3356,"[2.768, 2.903, 2.255, 2.903, 3.254, 2.399]","[4.346, 4.887, 4.501, 4.545, 5.189, 4.572]","[-5.364, -6.335, -6.075, -4.891, -5.952, -5.798]"
1049,3,16.4590,21.8044,0.215,728,2266,16,27,0.123,95,18.40,50000,3509.57,0,0,12.478(15.597%)(0.000m),25.046(22.100%)(0.541m),54.000(47.647%)(3.643m),39.000(34.412%)(2.036m),28.000(35.000%)(0.857m),9.986(24.966%)(0.000m),25.000(62.500%)(1.607m),289.727,4914.411,72.0,1.4982,"[2.528, 2.864, 2.319, 2.732, 3.258, 2.489]","[4.425, 4.817, 4.580, 4.437, 5.109, 4.724]","[-5.924, -5.714, -5.382, -5.440, -5.632, -5.595]"
1050,3,28.6695,22.2046,0.214,865,2681,8,83,0.122,100,18.48,50000,3958.15,1,1,23.685(29.606%)(0.395m),44.000(38.824%)(2.571m),51.000(45.000%)(3.321m),37.000(32.647%)(1.821m),24.223(30.279%)(0.453m),16.739(41.848%)(0.722m),17.136(42.840%)(0.765m),217.689,6257.553,71.7,1.3685,"[2.414, 2.895, 2.463, 2.589, 3.275, 2.665]","[4.557, 4.688, 4.659, 4.738, 5.121, 4.766]","[-3.944, -1.573, -4.730, -5.025, -3.643, -5.108]"
1051,3,30.2067,22.3432,0.217,807,2553,152,55,0.122,100,18.55,50000,3786.22,2,1,20.740(25.925%)(0.079m),39.000(34.412%)(2.036m),71.000(62.647%)(5.464m),48.000(42.353%)(3.000m),30.000(37.500%)(1.071m),14.595(36.488%)(0.492m),21.000(52.500%)(1.179m),334.488,4321.701,73.2,1.3489,"[2.895, 3.182, 2.423, 3.061, 3.682, 2.607]","[4.291, 4.780, 4.474, 4.338, 5.126, 4.591]","[-0.600, 1.138, -4.817, -1.662, 1.176, -5.097]"
1052,3,31.2672,22.3683,0.207,910,2777,30,85,0.122,100,18.63,50000,4112.61,3,1,21.059(26.324%)(0.114m),44.484(39.251%)(2.623m),64.000(56.471%)(4.714m),45.000(39.706%)(2.679m),27.000(33.750%)(0.750m),14.824(37.059%)(0.517m),20.000(50.000%)(1.071m),434.267,5609.761,70.6,1.3422,"[2.928, 3.266, 2.630, 3.128, 3.663, 2.758]","[4.626, 4.891, 4.762, 4.713, 5.268, 4.797]","[-1.157, 0.567, -4.712, -0.725, -0.724, -4.681]"
1053,3,31.8628,22.8965,0.228,803,2545,29,98,0.122,100,18.71,50000,3569.04,4,1,24.251(30.314%)(0.455m),42.000(37.059%)(2.357m),68.000(60.000%)(5.143m),38.000(33.530%)(1.929m),20.000(25.000%)(0.000m),17.150(42.876%)(0.766m),14.000(35.000%)(0.429m),321.454,4333.260,73.4,1.3088,"[2.637, 3.325, 2.854, 2.862, 3.782, 3.014]","[4.935, 5.325, 4.895, 5.029, 5.804, 4.992]","[-5.547, -1.798, -4.796, -4.984, -1.965, -5.002]"
1054,3,11.1210,22.4874,0.208,710,2222,53,104,0.121,95,18.69,50000,3155.69,0,0,12.629(15.787%)(0.000m),26.111(23.039%)(0.655m),46.000(40.588%)(2.786m),32.000(28.235%)(1.286m),21.000(26.250%)(0.107m),9.854(24.634%)(0.000m),15.000(37.500%)(0.536m),131.307,4271.371,72.4,1.3665,"[2.311, 2.681, 2.068, 2.401, 3.030, 2.231]","[4.629, 5.136, 4.787, 4.614, 5.484, 4.933]","[-5.366, -5.698, -5.431, -5.946, -6.096, -5.535]"
1055,3,29.9515,22.4200,0.211,817,2576,90,0,0.121,100,18.77,50000,3797.74,1,1,16.885(21.106%)(0.000m),36.146(31.894%)(1.730m),67.000(59.118%)(5.036m),45.000(39.706%)(2.679m),32.000(40.000%)(1.286m),11.839(29.598%)(0.197m),23.000(57.500%)(1.393m),459.494,4536.327,73.0,1.3809,"[2.903, 3.137, 2.231, 3.148, 3.575, 2.469]","[4.568, 4.885, 4.472, 4.670, 5.429, 4.675]","[-0.568, -3.334, -6.402, -1.807, -3.307, -6.575]"
1056,3,27.1847,22.3470,0.217,841,2628,89,43,0.121,100,18.84,50000,3986.17,2,1,16.562(20.702%)(0.000m),34.683(30.602%)(1.573m),74.000(65.294%)(5.786m),41.754(36.842%)(2.331m),19.725(24.657%)(0.000m),12.757(31.893%)(0.295m),13.874(34.684%)(0.415m),903.288,4843.590,72.3,1.4118,"[2.695, 3.138, 2.721, 2.764, 3.554, 2.867]","[4.415, 4.837, 4.695, 4.563, 5.369, 4.868]","[-2.778, -3.280, -4.645, -4.067, -3.255, -4.886]"
1057,3,33.1869,22.4543,0.225,800,2537,0,26,0.121,100,18.92,50000,3691.25,3,1,24.446(30.558%)(0.476m),50.283(44.368%)(3.245m),66.000(58.235%)(4.929m),44.000(38.824%)(2.571m),26.000(32.500%)(0.643m),17.268(43.170%)(0.779m),23.000(57.500%)(1.393m),410.811,4529.940,73.4,1.3960,"[2.936, 3.367, 2.830, 3.146, 3.869, 3.053]","[4.433, 4.973, 4.591, 4.779, 5.413, 4.835]","[-1.098, 0.712, -4.721, -1.799, -0.397, -4.614]"
1058,3,15.2417,22.4680,0.219,686,2164,35,116,0.120,95,18.90,50000,3324.80,0,0,10.678(13.348%)(0.000m),18.535(16.354%)(0.000m),40.472(35.710%)(2.193m),51.000(45.000%)(3.321m),27.000(33.750%)(0.750m),9.922(24.806%)(0.000m),19.000(47.500%)(0.964m),484.345,4374.317,73.0,1.4653,"[2.745, 2.911, 2.365, 2.926, 3.312, 2.524]","[4.515, 4.992, 4.767, 4.671, 5.446, 4.867]","[-5.410, -6.445, -5.280, -5.015, -6.215, -5.373]"
1059,3,31.1911,22.7724,0.203,836,2615,70,36,0.120,100,18.98,50000,3886.14,1,1,19.635(24.543%)(0.000m),41.670(36.768%)(2.322m),66.000(58.235%)(4.929m),47.000(41.471%)(2.893m),28.000(35.000%)(0.857m),13.803(34.507%)(0.407m),24.000(60.000%)(1.500m),412.551,5685.354,72.4,1.4555,"[3.025, 3.383, 2.818, 3.218, 3.829, 2.990]","[4.604, 5.350, 4.924, 4.673, 5.678, 4.977]","[-0.052, 0.984, -4.770, 0.454, -0.065, -4.758]"
1060,3,10.5197,22.9471,0.212,463,1437,82,44,0.120,80,18.96,50000,2108.47,0,0,12.171(15.213%)(0.000m),24.088(21.254%)(0.438m),70.000(61.765%)(5.357m),47.000(41.471%)(2.893m),21.000(26.250%)(0.107m),9.865(24.662%)(0.000m),19.000(47.500%)(0.964m),488.791,5558.821,71.8,1.3575,"[2.995, 3.136, 2.456, 3.207, 3.566, 2.656]","[4.715, 4.804, 4.543, 4.739, 5.216, 4.810]","[-7.934, -6.055, -5.454, -7.550, -5.334, -5.706]"
1061,3,11.9096,22.5106,0.214,561,1719,0,32,0.120,85,18.94,50000,2619.49,0,0,24.948(31.185%)(0.530m),36.000(31.765%)(1.714m),68.000(60.000%)(5.143m),21.000(18.529%)(0.107m),12.000(15.000%)(0.000m),17.631(44.076%)(0.818m),23.000(57.500%)(1.393m),587.074,5018.850,70.9,1.3736,"[2.711, 3.141, 2.680, 2.895, 3.534, 2.796]","[4.369, 4.793, 4.421, 4.861, 5.229, 4.635]","[-4.404, -5.161, -5.884, -5.522, -4.488, -5.947]"
1062,3,29.1907,22.6077,0.216,805,2548,94,41,0.120,100,19.02,50000,3575.68,1,1,17.412(21.766%)(0.000m),37.280(32.894%)(1.851m),59.000(52.059%)(4.179m),47.000(41.471%)(2.893m),26.000(32.500%)(0.643m),12.733(31.832%)(0.293m),22.000(55.000%)(1.286m),403.221,4730.634,73.3,1.2686,"[2.764, 3.067, 2.381, 2.981, 3.467, 2.621]","[4.868, 4.933, 4.667, 4.933, 5.307, 4.822]","[-0.991, -2.710, -4.746, -1.222, -2.502, -4.467]"
1063,3,30.6526,22.9180,0.202,816,2571,0,68,0.119,100,19.10,50000,3752.74,2,1,22.000(27.500%)(0.214m),32.000(28.235%)(1.286m),66.000(58.235%)(4.929m),47.000(41.471%)(2.893m),29.000(36.250%)(0.964m),16.426(41.065%)(0.689m),21.000(52.500%)(1.179m),150.658,4545.981,72.9,1.4009,"[3.045, 3.254, 2.487, 3.231, 3.706, 2.658]","[4.610, 5.147, 4.828, 4.633, 5.515, 4.931]","[-0.294, -1.904, -5.332, -0.041, -2.282, -5.427]"
1064,3,26.6081,22.9224,0.198,802,2544,103,73,0.119,100,19.17,50000,3632.34,3,1,17.702(22.127%)(0.000m),35.000(30.882%)(1.607m),51.000(45.000%)(3.321m),38.000(33.530%)(1.929m),27.000(33.750%)(0.750m),12.417(31.043%)(0.259m),19.000(47.500%)(0.964m),242.370,4156.129,73.4,1.3259,"[2.655, 2.704, 1.561, 2.820, 3.083, 1.765]","[4.671, 4.895, 4.525, 4.866, 5.331, 4.729]","[-2.231, -5.599, -7.156, -2.108, -5.513, -6.971]"
1065,3,32.8927,23.2501,0.203,838,2619,39,34,0.119,100,19.25,50000,3920.25,4,1,19.265(24.081%)(0.000m),40.844(36.039%)(2.233m),55.000(48.530%)(3.750m),42.000(37.059%)(2.357m),27.000(33.750%)(0.750m),13.544(33.859%)(0.380m),24.000(60.000%)(1.500m),456.912,4669.745,72.3,1.4354,"[2.889, 3.130, 2.485, 3.062, 3.577, 2.639]","[4.417, 4.756, 4.405, 4.624, 5.188, 4.612]","[-0.182, 0.103, -4.658, -0.930, -0.070, -4.509]"
1066,3,11.0302,23.0480,0.203,508,1594,118,14,0.119,85,19.23,50000,2358.28,0,0,21.095(26.369%)(0.117m),44.112(38.922%)(2.583m),47.000(41.471%)(2.893m),21.000(18.529%)(0.107m),18.000(22.500%)(0.000m),14.850(37.124%)(0.520m),26.000(65.000%)(1.714m),414.586,4956.032,72.6,1.4142,"[2.528, 2.798, 2.302, 2.710, 3.185, 2.409]","[4.257, 4.748, 4.423, 4.393, 5.147, 4.621]","[-7.597, -6.282, -6.124, -7.951, -5.974, -6.624]"
1067,3,16.4183,23.3130,0.201,539,1698,23,52,0.118,85,19.21,50000,2519.97,0,0,24.509(30.636%)(0.483m),36.000(31.765%)(1.714m),47.000(41.471%)(2.893m),44.000(38.824%)(2.571m),13.000(16.250%)(0.000m),17.324(43.311%)(0.785m),10.000(25.000%)(0.000m),185.139,4682.240,72.9,1.4437,"[2.509, 2.947, 2.352, 2.748, 3.352, 2.550]","[4.289, 4.681, 4.400, 4.374, 5.115, 4.632]","[-8.069, -6.983, -4.661, -7.242, -6.471, -5.411]"
1068,3,29.5361,23.2758,0.206,813,2568,71,122,0.118,100,19.29,50000,3849.46,1,1,19.144(23.931%)(0.000m),40.607(35.830%)(2.208m),54.000(47.647%)(3.643m),46.000(40.588%)(2.786m),25.000(31.250%)(0.536m),13.458(33.645%)(0.370m),18.000(45.000%)(0.857m),349.807,4281.165,73.1,1.4584,"[2.710, 3.200, 2.425, 2.865, 3.599, 2.593]","[4.346, 4.866, 4.519, 4.633, 5.286, 4.651]","[-3.417, 0.425, -4.874, -4.312, -0.230, -4.462]"
1069,3,28.3554,23.6564,0.219,797,2531,219,27,0.118,100,19.36,50000,3637.39,2,1,17.255(21.569%)(0.000m),36.914(32.571%)(1.812m),62.000(54.706%)(4.500m),44.000(38.824%)(2.571m),26.000(32.500%)(0.643m),12.099(30.247%)(0.225m),22.000(55.000%)(1.286m),394.887,4425.665,73.5,1.3286,"[3.083, 3.098, 2.353, 3.310, 3.511, 2.578]","[5.024, 5.258, 4.739, 5.063, 5.623, 4.887]","[-0.706, -4.799, -5.499, 0.022, -5.196, -4.966]"
1070,3,9.9160,23.6855,0.212,390,1192,28,27,0.118,75,19.35,50000,1835.38,0,0,12.424(15.530%)(0.000m),25.686(22.664%)(0.609m),44.000(38.824%)(2.571m),31.000(27.353%)(1.179m),23.000(28.750%)(0.321m),9.693(24.233%)(0.000m),23.000(57.500%)(1.393m),78.070,6974.443,70.7,1.3893,"[2.702, 3.055, 2.405, 2.869, 3.395, 2.621]","[4.630, 5.138, 4.819, 4.917, 5.511, 5.018]","[-7.591, -6.401, -6.429, -6.910, -6.263, -6.102]"
1071,3,27.4221,24.0123,0.194,828,2599,33,144,0.117,100,19.42,50000,3866.45,1,1,24.943(31.178%)(0.530m),40.000(35.294%)(2.143m),54.000(47.647%)(3.643m),40.000(35.294%)(2.143m),19.000(23.750%)(0.000m),17.652(44.130%)(0.820m),14.000(35.000%)(0.429m),342.453,4318.423,72.6,1.4367,"[2.727, 3.146, 2.710, 2.873, 3.611, 2.890]","[4.381, 4.965, 4.527, 4.599, 5.413, 4.845]","[-5.473, -3.903, -4.236, -5.743, -4.359, -4.448]"
1072,3,6.1178,23.4748,0.211,335,1034,14,42,0.117,70,19.40,50000,1549.59,0,0,9.674(12.092%)(0.000m),14.095(12.437%)(0.000m),22.422(19.785%)(0.260m),41.000(36.177%)(2.250m),29.000(36.250%)(0.964m),11.638(29.096%)(0.176m),26.000(65.000%)(1.714m),359.744,6000.948,71.4,1.3623,"[2.673, 3.046, 2.674, 2.850, 3.486, 2.893]","[4.478, 4.949, 4.447, 4.640, 5.383, 5.016]","[-5.615, -6.814, -5.854, -5.679, -6.114, -6.015]"
1073,3,34.7866,23.5444,0.199,817,2574,28,34,0.117,100,19.48,50000,3593.95,1,1,20.817(26.021%)(0.087m),43.973(38.800%)(2.569m),71.000(62.647%)(5.464m),63.000(55.588%)(4.607m),32.000(40.000%)(1.286m),14.657(36.643%)(0.499m),23.000(57.500%)(1.393m),645.107,5482.939,72.9,1.3225,"[3.068, 3.399, 2.725, 3.309, 3.907, 2.888]","[4.586, 5.069, 4.726, 4.706, 5.482, 4.851]","[0.357, -3.210, -4.806, -0.647, -1.149, -4.940]"
1074,3,25.4292,23.6465,0.197,878,2710,82,144,0.117,100,19.55,50000,4071.69,2,1,22.000(27.500%)(0.214m),50.000(44.118%)(3.214m),64.000(56.471%)(4.714m),43.607(38.477%)(2.529m),20.631(25.789%)(0.068m),17.997(44.993%)(0.857m),14.525(36.313%)(0.485m),485.668,5519.717,71.4,1.3564,"[2.668, 3.102, 2.564, 2.685, 3.515, 2.680]","[4.525, 4.596, 4.287, 4.710, 4.977, 4.560]","[-1.439, 0.202, -4.462, -2.721, -0.498, -4.754]"
1075,3,24.3778,23.9191,0.208,833,2612,49,98,0.116,100,19.63,50000,3953.32,3,1,20.747(25.934%)(0.080m),43.470(38.356%)(2.515m),69.000(60.883%)(5.250m),48.000(42.353%)(3.000m),19.000(23.750%)(0.000m),14.600(36.501%)(0.493m),14.000(35.000%)(0.429m),506.716,4573.159,72.6,1.4003,"[2.383, 2.959, 2.518, 2.583, 3.350, 2.678]","[4.439, 4.899, 4.679, 4.887, 5.237, 4.729]","[-6.249, -2.475, -5.940, -5.414, -2.447, -5.351]"
1076,3,30.2427,23.8684,0.199,830,2603,66,52,0.116,100,19.70,50000,3894.59,4,1,19.887(24.858%)(0.000m),42.073(37.123%)(2.365m),51.000(45.000%)(3.321m),30.000(26.471%)(1.071m),21.000(26.250%)(0.107m),13.990(34.974%)(0.427m),21.000(52.500%)(1.179m),102.099,5292.726,72.6,1.4187,"[2.576, 3.092, 2.585, 2.748, 3.503, 2.818]","[4.380, 4.918, 4.859, 4.575, 5.378, 4.903]","[-4.765, -1.689, -6.411, -5.269, -2.190, -6.432]"
1077,3,20.7170,23.6059,0.212,726,2237,3,34,0.116,95,19.68,50000,3452.24,0,0,24.504(30.630%)(0.483m),51.335(45.296%)(3.357m),46.000(40.588%)(2.786m),30.000(26.471%)(1.071m),22.000(27.500%)(0.214m),17.310(43.274%)(0.783m),24.000(60.000%)(1.500m),32.841,5715.204,71.3,1.4253,"[2.919, 3.389, 2.989, 3.107, 3.810, 3.213]","[4.698, 5.104, 4.703, 4.792, 5.479, 4.845]","[-4.847, -3.078, -3.780, -4.999, -3.537, -3.768]"
1078,3,28.9430,23.6119,0.205,807,2553,63,100,0.116,100,19.76,50000,3689.07,1,1,20.617(25.771%)(0.066m),40.000(35.294%)(2.143m),53.000(46.765%)(3.536m),40.000(35.294%)(2.143m),24.000(30.000%)(0.429m),14.513(36.283%)(0.484m),17.000(42.500%)(0.750m),295.771,4347.977,73.2,1.3628,"[2.749, 3.219, 2.752, 3.030, 3.694, 2.952]","[4.485, 4.921, 4.538, 4.607, 5.322, 4.596]","[-3.610, 0.274, -4.408, -3.267, -1.005, -4.349]"
1079,3,7.0223,23.3728,0.197,559,1698,108,33,0.116,85,19.74,50000,2516.50,0,0,19.594(24.493%)(0.000m),20.000(17.647%)(0.000m),20.000(17.647%)(0.000m),23.000(20.294%)(0.321m),18.241(22.801%)(0.000m),13.780(34.449%)(0.405m),16.135(40.338%)(0.657m),0.000,5311.568,70.3,1.3809,"[2.217, 2.594, 2.053, 2.237, 2.842, 2.097]","[4.476, 4.959, 4.732, 4.894, 5.443, 5.011]","[-5.420, -4.920, -5.456, -6.372, -5.659, -5.640]"
1080,3,33.4586,23.4116,0.200,803,2546,26,132,0.115,100,19.81,50000,3638.56,1,1,23.633(29.541%)(0.389m),36.000(31.765%)(1.714m),53.000(46.765%)(3.536m),40.000(35.294%)(2.143m),21.000(26.250%)(0.107m),16.702(41.755%)(0.718m),15.000(37.500%)(0.536m),240.107,4185.264,73.4,1.3517,"[2.642, 3.136, 2.560, 2.799, 3.567, 2.745]","[4.584, 5.075, 4.737, 4.694, 5.523, 4.909]","[-4.939, -0.990, -4.493, -5.903, -1.842, -5.072]"
1081,3,29.8336,23.4671,0.196,838,2620,0,44,0.115,100,19.89,50000,3826.96,2,1,23.583(29.479%)(0.384m),49.499(43.676%)(3.161m),66.000(58.235%)(4.929m),42.000(37.059%)(2.357m),24.000(30.000%)(0.429m),16.644(41.609%)(0.712m),21.000(52.500%)(1.179m),335.826,5024.434,72.4,1.3661,"[2.846, 3.284, 2.966, 2.966, 3.760, 3.148]","[4.597, 5.068, 4.656, 4.672, 5.452, 4.870]","[-0.030, 0.648, -3.902, -0.619, -0.227, -4.213]"
1082,3,28.4834,23.8271,0.209,801,2540,92,169,0.115,100,19.96,50000,3779.49,3,1,20.578(25.723%)(0.062m),42.000(37.059%)(2.357m),63.000(55.588%)(4.607m),47.000(41.471%)(2.893m),21.000(26.250%)(0.107m),14.501(36.253%)(0.482m),17.000(42.500%)(0.750m),373.237,4411.850,73.4,1.3890,"[2.627, 2.936, 2.392, 2.802, 3.327, 2.595]","[4.298, 4.786, 4.628, 4.598, 5.112, 4.734]","[-1.543, 0.798, -5.196, -1.968, 0.535, -4.927]"
1083,3,32.9146,24.3042,0.195,841,2628,229,5,0.115,100,20.04,50000,3893.84,4,1,21.133(26.416%)(0.121m),44.181(38.983%)(2.591m),68.000(60.000%)(5.143m),46.000(40.588%)(2.786m),31.000(38.750%)(1.179m),14.876(37.191%)(0.522m),22.000(55.000%)(1.286m),453.807,5830.966,72.3,1.3879,"[2.916, 3.021, 2.423, 3.120, 3.439, 2.599]","[4.644, 4.637, 4.365, 4.937, 5.147, 4.498]","[-0.803, -3.544, -6.933, -1.113, -3.609, -7.035]"
1084,3,27.3751,24.2488,0.196,817,2575,88,71,0.114,100,20.11,50000,3855.33,5,1,21.481(26.851%)(0.159m),45.316(39.985%)(2.712m),68.000(60.000%)(5.143m),47.000(41.471%)(2.893m),26.000(32.500%)(0.643m),15.126(37.814%)(0.549m),23.000(57.500%)(1.393m),473.281,5034.159,72.9,1.4293,"[2.640, 2.978, 2.508, 2.832, 3.418, 2.663]","[4.869, 4.960, 4.639, 5.105, 5.357, 4.699]","[-1.622, 0.562, -4.248, -2.294, -0.132, -4.314]"
1085,3,17.8922,24.4272,0.192,726,2286,43,47,0.114,95,20.09,50000,3430.62,0,0,13.349(16.686%)(0.000m),29.293(25.847%)(0.996m),66.000(58.235%)(4.929m),44.000(38.824%)(2.571m),24.000(30.000%)(0.429m),9.634(24.085%)(0.000m),21.000(52.500%)(1.179m),385.991,4517.464,72.9,1.3645,"[2.654, 2.945, 2.379, 2.839, 3.341, 2.559]","[4.690, 5.264, 4.749, 4.758, 5.491, 4.841]","[-2.699, -6.567, -6.449, -3.312, -6.554, -6.540]"
1086,3,11.5124,24.2567,0.213,442,1380,32,6,0.114,80,20.07,50000,2087.27,0,0,12.232(15.290%)(0.000m),24.553(21.664%)(0.488m),75.000(66.177%)(5.893m),47.000(41.471%)(2.893m),31.000(38.750%)(1.179m),9.790(24.474%)(0.000m),23.000(57.500%)(1.393m),460.973,5191.904,72.3,1.4105,"[3.038, 3.419, 2.520, 3.311, 3.881, 2.745]","[4.632, 5.044, 4.745, 4.611, 5.540, 4.866]","[-8.548, -5.502, -5.707, -8.141, -4.805, -4.893]"
1087,3,31.0136,24.2226,0.207,904,2761,139,44,0.114,100,20.15,50000,4076.06,1,1,18.860(23.575%)(0.000m),39.853(35.164%)(2.127m),68.000(60.000%)(5.143m),46.000(40.588%)(2.786m),21.000(26.250%)(0.107m),13.272(33.181%)(0.351m),19.000(47.500%)(0.964m),520.299,4793.233,70.7,1.3894,"[3.048, 3.316, 2.740, 3.261, 3.792, 2.929]","[4.562, 4.907, 4.489, 4.596, 5.359, 4.706]","[-0.219, 0.694, -5.045, -1.026, -0.165, -5.155]"
1088,3,11.8913,23.8171,0.198,517,1622,7,34,0.113,85,20.13,50000,2375.65,0,0,24.415(30.519%)(0.473m),43.000(37.941%)(2.464m),25.000(22.059%)(0.536m),15.000(13.235%)(0.000m),10.000(12.500%)(0.000m),17.245(43.113%)(0.776m),23.000(57.500%)(1.393m),423.725,4875.657,72.6,1.4157,"[2.671, 3.065, 2.643, 2.905, 3.506, 2.900]","[4.440, 4.865, 4.574, 4.606, 5.283, 4.607]","[-9.109, -6.201, -6.405, -6.130, -6.981, -6.821]"
1089,3,25.7869,23.7907,0.199,851,2649,0,93,0.113,100,20.20,50000,3855.59,1,1,25.462(31.828%)(0.585m),44.000(38.824%)(2.571m),66.000(58.235%)(4.929m),48.000(42.353%)(3.000m),24.000(30.000%)(0.429m),18.003(45.007%)(0.857m),17.000(42.500%)(0.750m),436.064,5282.062,72.0,1.3213,"[2.693, 3.216, 2.748, 2.868, 3.631, 2.934]","[4.540, 5.028, 4.462, 4.592, 5.430, 4.651]","[-4.955, -2.531, -5.315, -5.600, -3.062, -5.391]"
1090,3,31.1600,23.7190,0.204,872,2694,2,132,0.113,100,20.28,50000,4043.95,2,1,23.854(29.818%)(0.413m),47.000(41.471%)(2.893m),58.000(51.177%)(4.071m),45.000(39.706%)(2.679m),23.000(28.750%)(0.321m),16.862(42.156%)(0.735m),20.000(50.000%)(1.071m),341.095,6096.129,71.5,1.3424,"[2.957, 3.279, 2.818, 3.204, 3.767, 3.051]","[4.722, 4.851, 4.526, 4.701, 5.319, 4.733]","[-1.194, 0.151, -4.040, -0.480, -1.165, -3.975]"
1091,3,35.8801,23.8190,0.215,823,2588,8,69,0.113,100,20.35,50000,3840.28,3,1,24.302(30.378%)(0.461m),47.000(41.471%)(2.893m),52.000(45.882%)(3.429m),38.000(33.530%)(1.929m),27.000(33.750%)(0.750m),17.190(42.974%)(0.770m),20.000(50.000%)(1.071m),246.863,5383.914,72.8,1.3117,"[2.847, 3.321, 2.804, 3.032, 3.777, 3.034]","[4.868, 5.289, 5.052, 4.950, 5.757, 5.215]","[-2.782, -0.485, -3.899, -4.020, -2.398, -3.828]"
1092,3,27.6557,23.7170,0.210,813,2568,149,127,0.113,100,20.42,50000,3853.26,4,1,16.579(20.724%)(0.000m),35.651(31.457%)(1.677m),63.000(55.588%)(4.607m),48.000(42.353%)(3.000m),19.000(23.750%)(0.000m),11.626(29.064%)(0.174m),14.000(35.000%)(0.429m),384.510,5269.479,73.1,1.5048,"[2.747, 3.218, 2.458, 3.016, 3.671, 2.693]","[5.273, 5.504, 5.080, 5.390, 5.949, 5.095]","[-6.539, -2.792, -4.577, -5.462, -2.707, -4.355]"
1093,3,29.5022,23.7116,0.209,815,2573,130,93,0.112,100,20.49,50000,3845.07,5,1,15.975(19.969%)(0.000m),34.470(30.414%)(1.550m),64.000(56.471%)(4.714m),50.000(44.118%)(3.214m),24.000(30.000%)(0.429m),11.190(27.976%)(0.128m),17.000(42.500%)(0.750m),372.696,4757.986,73.1,1.4414,"[2.838, 2.997, 2.256, 3.078, 3.446, 2.500]","[4.699, 5.281, 5.035, 5.056, 5.720, 5.138]","[-2.727, -4.120, -5.197, -2.848, -3.974, -5.240]"
1094,3,32.6451,23.7478,0.209,825,2592,0,30,0.112,100,20.57,50000,3834.95,6,1,23.641(29.551%)(0.390m),49.614(43.777%)(3.173m),75.000(66.177%)(5.893m),44.000(38.824%)(2.571m),29.000(36.250%)(0.964m),16.708(41.769%)(0.719m),24.000(60.000%)(1.500m),380.392,4773.919,72.7,1.3733,"[2.863, 3.251, 2.669, 3.063, 3.705, 2.854]","[4.694, 5.299, 4.843, 4.813, 5.613, 4.886]","[-2.122, -0.039, -5.674, -3.165, -0.153, -5.522]"
1095,3,28.0147,24.1185,0.197,815,2571,195,75,0.112,100,20.64,50000,3799.24,7,1,22.997(28.746%)(0.321m),46.000(40.588%)(2.786m),62.000(54.706%)(4.500m),33.000(29.118%)(1.393m),25.000(31.250%)(0.536m),16.231(40.578%)(0.668m),18.000(45.000%)(0.857m),281.194,4312.504,73.0,1.3709,"[2.658, 3.133, 2.598, 2.804, 3.570, 2.738]","[4.459, 4.986, 4.702, 4.565, 5.378, 4.790]","[-3.982, -0.121, -4.333, -5.273, -0.900, -4.463]"
1096,3,31.7448,24.2913,0.194,803,2545,117,50,0.112,100,20.71,50000,3768.37,8,1,16.951(21.189%)(0.000m),36.277(32.009%)(1.744m),68.000(60.000%)(5.143m),46.000(40.588%)(2.786m),28.000(35.000%)(0.857m),11.887(29.717%)(0.202m),20.000(50.000%)(1.071m),397.988,4449.586,73.4,1.3968,"[2.789, 2.999, 2.050, 3.002, 3.426, 2.219]","[4.531, 5.212, 4.792, 4.615, 5.503, 4.967]","[-1.144, -3.447, -6.766, -1.594, -3.532, -7.025]"
1097,3,10.9921,24.2728,0.190,491,1504,42,64,0.111,80,20.69,50000,2161.95,0,0,12.641(15.801%)(0.000m),26.135(23.060%)(0.657m),66.000(58.235%)(4.929m),38.000(33.530%)(1.929m),24.000(30.000%)(0.429m),9.863(24.657%)(0.000m),24.000(60.000%)(1.500m),213.141,6583.790,70.9,1.3311,"[2.662, 3.069, 2.432, 2.766, 3.470, 2.606]","[4.677, 5.177, 5.063, 4.787, 5.551, 5.089]","[-5.744, -5.772, -6.731, -5.796, -5.170, -5.552]"
1098,3,32.5452,24.7746,0.214,807,2553,0,13,0.111,100,20.77,50000,3706.82,1,1,23.685(29.606%)(0.395m),45.000(39.706%)(2.679m),63.000(55.588%)(4.607m),44.000(38.824%)(2.571m),29.000(36.250%)(0.964m),16.739(41.848%)(0.722m),23.000(57.500%)(1.393m),382.552,4349.735,73.2,1.3805,"[2.773, 3.202, 2.505, 3.004, 3.652, 2.710]","[4.545, 5.247, 4.860, 4.571, 5.614, 5.066]","[-0.342, 0.504, -6.100, 0.001, -0.308, -6.057]"
1099,3,24.3237,24.9319,0.197,818,2581,120,78,0.111,100,20.84,50000,3646.89,2,1,13.932(17.415%)(0.000m),30.461(26.878%)(1.121m),66.000(58.235%)(4.929m),42.000(37.059%)(2.357m),28.000(35.000%)(0.857m),9.740(24.349%)(0.000m),22.000(55.000%)(1.286m),358.259,4516.014,73.0,1.3240,"[2.361, 2.597, 2.094, 2.592, 3.032, 2.314]","[4.659, 5.162, 4.543, 4.694, 5.538, 4.643]","[-2.170, -6.462, -6.116, -3.015, -6.336, -5.930]"
1100,3,14.2119,24.6428,0.186,588,1816,26,70,0.111,90,20.82,50000,2677.56,0,0,25.160(31.450%)(0.553m),43.000(37.941%)(2.464m),64.000(56.471%)(4.714m),55.000(48.530%)(3.750m),16.000(20.000%)(0.000m),17.784(44.460%)(0.834m),10.000(25.000%)(0.000m),380.987,6331.671,71.5,1.3724,"[2.546, 3.091, 2.771, 2.758, 3.532, 2.909]","[4.730, 4.915, 4.660, 4.946, 5.229, 4.737]","[-7.690, -4.023, -4.856, -6.801, -3.101, -4.788]"
1101,3,19.0610,24.4199,0.203,709,2236,13,6,0.111,95,20.80,50000,3265.44,0,0,12.575(15.718%)(0.000m),25.610(22.597%)(0.601m),64.000(56.471%)(4.714m),49.000(43.235%)(3.107m),32.000(40.000%)(1.286m),9.937(24.842%)(0.000m),23.000(57.500%)(1.393m),371.231,4406.316,73.0,1.3432,"[2.952, 3.199, 2.563, 3.137, 3.625, 2.758]","[4.567, 4.906, 4.593, 4.713, 5.349, 4.667]","[-7.770, -6.067, -6.351, -7.052, -5.984, -6.411]"
1102,3,10.6340,24.0072,0.198,905,2642,128,204,0.110,95,20.78,50000,4183.54,0,0,11.160(13.950%)(0.000m),20.229(17.850%)(0.025m),42.000(37.059%)(2.357m),43.000(37.941%)(2.464m),16.000(20.000%)(0.000m),9.872(24.680%)(0.000m),11.000(27.500%)(0.107m),77.596,4807.573,67.6,1.3845,"[2.583, 2.795, 2.363, 2.662, 3.101, 2.446]","[5.038, 5.232, 4.934, 5.116, 5.582, 5.065]","[-7.430, -5.956, -5.423, -6.845, -5.390, -5.697]"
1103,3,12.1818,23.6136,0.198,442,1382,42,46,0.110,80,20.76,50000,1981.55,0,0,12.125(15.156%)(0.000m),24.337(21.474%)(0.465m),73.000(64.412%)(5.679m),43.000(37.941%)(2.464m),21.000(26.250%)(0.107m),9.704(24.259%)(0.000m),19.000(47.500%)(0.964m),432.876,5174.325,72.4,1.3442,"[3.197, 3.516, 2.738, 3.410, 3.918, 3.001]","[4.525, 5.141, 4.679, 4.629, 5.566, 4.738]","[-7.089, -5.324, -5.108, -6.785, -4.587, -4.674]"
1104,3,26.4535,23.9202,0.201,861,2669,81,86,0.110,100,20.83,50000,3881.76,1,1,22.050(27.563%)(0.220m),38.000(33.530%)(1.929m),40.000(35.294%)(2.143m),29.000(25.588%)(0.964m),24.000(30.000%)(0.429m),15.580(38.951%)(0.598m),22.000(55.000%)(1.286m),309.242,4382.163,71.7,1.3169,"[2.535, 2.908, 2.507, 2.691, 3.312, 2.707]","[4.293, 4.732, 4.339, 4.643, 5.113, 4.509]","[-3.493, -0.609, -3.959, -4.531, -1.147, -3.614]"
1105,3,10.8430,23.5381,0.196,386,1130,9,11,0.110,70,20.81,50000,1864.25,0,0,35.000(43.750%)(1.607m),85.000(75.000%)(6.964m),41.000(36.177%)(2.250m),22.000(19.412%)(0.214m),23.000(28.750%)(0.321m),24.000(60.000%)(1.500m),25.000(62.500%)(1.607m),0.000,10093.230,67.7,1.4397,"[2.976, 3.458, 3.191, 3.151, 3.835, 3.336]","[4.946, 5.073, 4.933, 4.964, 5.516, 4.946]","[-7.366, -7.583, -6.585, -6.154, -5.248, -6.364]"
1106,3,11.9286,23.2329,0.187,475,1488,106,21,0.109,80,20.80,50000,2197.79,0,0,13.262(16.577%)(0.000m),28.920(25.517%)(0.956m),48.000(42.353%)(3.000m),40.000(35.294%)(2.143m),26.000(32.500%)(0.643m),9.698(24.244%)(0.000m),24.000(60.000%)(1.500m),273.584,4805.207,72.5,1.4614,"[2.975, 2.988, 2.136, 3.062, 3.325, 2.245]","[5.291, 5.266, 4.926, 5.334, 5.634, 4.984]","[-5.065, -8.081, -5.926, -5.421, -7.309, -5.660]"
1107,3,34.2234,23.2537,0.209,795,2526,0,72,0.109,100,20.87,50000,3660.39,1,1,24.280(30.351%)(0.459m),40.000(35.294%)(2.143m),60.000(52.941%)(4.286m),49.000(43.235%)(3.107m),28.000(35.000%)(0.857m),17.148(42.870%)(0.766m),20.000(50.000%)(1.071m),291.470,4436.640,73.5,1.3875,"[2.859, 3.377, 2.858, 3.088, 3.795, 3.014]","[4.766, 5.367, 4.966, 4.959, 5.729, 5.001]","[-1.509, 0.850, -4.215, -2.027, 0.629, -4.587]"
1108,3,10.6979,23.1628,0.200,529,1649,16,52,0.109,85,20.85,50000,2371.65,0,0,21.934(27.418%)(0.207m),46.000(40.588%)(2.786m),59.000(52.059%)(4.179m),26.000(22.941%)(0.643m),13.000(16.250%)(0.000m),15.451(38.627%)(0.584m),21.000(52.500%)(1.179m),344.103,4878.707,72.1,1.3496,"[2.442, 2.957, 2.735, 2.634, 3.350, 2.848]","[4.577, 5.121, 4.770, 4.693, 5.522, 4.888]","[-5.008, -5.282, -5.321, -5.125, -5.112, -5.717]"
1109,3,9.2281,22.7235,0.195,691,2164,53,129,0.109,95,20.83,50000,3149.04,0,0,25.719(32.148%)(0.613m),42.000(37.059%)(2.357m),20.000(17.647%)(0.000m),21.000(18.529%)(0.107m),19.000(23.750%)(0.000m),18.188(45.471%)(0.877m),13.000(32.500%)(0.321m),0.000,4163.138,72.5,1.4079,"[2.222, 2.690, 2.403, 2.333, 3.060, 2.611]","[4.640, 4.962, 4.818, 4.741, 5.337, 4.918]","[-10.370, -5.860, -8.018, -10.848, -6.077, -8.953]"
1110,3,31.8379,23.1499,0.203,806,2552,108,69,0.109,100,20.90,50000,3588.56,1,1,16.460(20.575%)(0.000m),35.417(31.251%)(1.652m),64.000(56.471%)(4.714m),45.000(39.706%)(2.679m),27.000(33.750%)(0.750m),11.534(28.836%)(0.164m),20.000(50.000%)(1.071m),384.320,4524.874,73.3,1.3131,"[2.974, 3.314, 2.617, 3.162, 3.768, 2.841]","[4.865, 5.273, 4.720, 4.962, 5.645, 4.840]","[-2.825, -3.984, -5.678, -4.795, -3.802, -5.544]"
1111,3,33.9738,23.5912,0.199,802,2544,0,88,0.108,100,20.97,50000,3666.03,2,1,24.275(30.343%)(0.458m),43.000(37.941%)(2.464m),62.000(54.706%)(4.500m),46.000(40.588%)(2.786m),28.000(35.000%)(0.857m),17.171(42.928%)(0.768m),20.000(50.000%)(1.071m),403.566,4281.248,73.4,1.3261,"[2.880, 3.355, 2.699, 3.070, 3.803, 2.903]","[4.686, 5.315, 5.037, 4.782, 5.703, 5.165]","[-1.196, 0.698, -4.378, -1.665, -0.138, -4.177]"
1112,3,9.4703,23.1968,0.195,535,1663,73,23,0.108,85,20.95,50000,2413.65,0,0,20.277(25.346%)(0.030m),42.603(37.591%)(2.422m),22.000(19.412%)(0.214m),14.000(12.353%)(0.000m),10.000(12.500%)(0.000m),14.263(35.658%)(0.457m),24.000(60.000%)(1.500m),471.074,5128.422,72.0,1.3255,"[2.603, 2.801, 2.275, 2.863, 3.190, 2.412]","[4.662, 5.220, 4.711, 4.756, 5.494, 4.848]","[-9.013, -4.558, -8.395, -4.900, -5.120, -9.962]"
1113,3,28.3530,23.1508,0.184,814,2567,135,14,0.108,100,21.02,50000,3674.34,1,1,18.788(23.485%)(0.000m),39.903(35.208%)(2.132m),101.000(89.118%)(8.679m),56.000(49.412%)(3.857m),30.000(37.500%)(1.071m),13.202(33.005%)(0.343m),22.000(55.000%)(1.286m),747.859,4674.576,73.0,1.3601,"[2.862, 3.230, 2.570, 3.068, 3.707, 2.791]","[4.654, 5.033, 4.588, 4.724, 5.402, 4.694]","[0.702, -0.225, -5.065, 0.465, -0.266, -4.849]"
1114,3,32.7034,23.2727,0.192,810,2561,0,138,0.108,100,21.10,50000,3674.35,2,1,24.496(30.620%)(0.482m),41.000(36.177%)(2.250m),62.000(54.706%)(4.500m),47.000(41.471%)(2.893m),21.000(26.250%)(0.107m),17.304(43.259%)(0.783m),19.000(47.500%)(0.964m),351.791,4422.059,73.2,1.3505,"[2.871, 3.275, 2.683, 3.055, 3.743, 2.868]","[4.494, 4.944, 4.466, 4.799, 5.346, 4.651]","[-1.778, 0.708, -4.961, -2.435, 0.903, -5.036]"
1115,3,31.2002,23.2388,0.207,810,2560,8,114,0.108,100,21.17,50000,3845.81,3,1,24.513(30.641%)(0.484m),33.000(29.118%)(1.393m),57.000(50.294%)(3.964m),33.000(29.118%)(1.393m),23.000(28.750%)(0.321m),17.316(43.290%)(0.784m),19.000(47.500%)(0.964m),170.036,4159.269,73.2,1.4550,"[2.600, 3.104, 2.599, 2.708, 3.459, 2.747]","[4.477, 5.124, 4.663, 4.651, 5.538, 4.747]","[-4.141, -1.548, -4.204, -5.238, -2.058, -4.843]"
1116,3,29.2138,23.6025,0.198,817,2576,31,117,0.107,100,21.24,50000,3755.56,4,1,21.018(26.273%)(0.109m),43.974(38.800%)(2.569m),49.000(43.235%)(3.107m),35.000(30.882%)(1.607m),26.000(32.500%)(0.643m),14.795(36.986%)(0.514m),18.000(45.000%)(0.857m),198.200,4694.262,73.0,1.3837,"[2.554, 3.044, 2.346, 2.749, 3.497, 2.545]","[4.287, 4.877, 4.515, 4.358, 5.296, 4.601]","[-3.487, -2.303, -5.770, -4.686, -2.149, -5.340]"
1117,3,22.6004,23.7261,0.205,723,2292,18,57,0.107,95,21.22,50000,3391.11,0,0,11.872(14.840%)(0.000m),22.299(19.675%)(0.246m),59.524(52.522%)(4.235m),46.000(40.588%)(2.786m),25.000(31.250%)(0.536m),10.118(25.294%)(0.013m),22.000(55.000%)(1.286m),422.165,4282.178,73.4,1.4072,"[2.939, 3.309, 2.684, 3.191, 3.721, 2.878]","[4.691, 5.186, 4.679, 4.836, 5.536, 4.919]","[-5.240, -6.033, -5.311, -5.191, -5.903, -5.306]"
1118,3,20.7303,23.5500,0.182,831,2574,14,6,0.107,95,21.20,50000,3868.65,0,0,12.567(15.709%)(0.000m),26.387(23.283%)(0.684m),64.000(56.471%)(4.714m),48.000(42.353%)(3.000m),31.000(38.750%)(1.179m),9.680(24.199%)(0.000m),23.000(57.500%)(1.393m),440.645,4393.929,71.7,1.3795,"[2.919, 3.226, 2.577, 3.116, 3.605, 2.696]","[4.642, 5.274, 4.905, 4.899, 5.718, 5.000]","[-4.710, -5.897, -5.006, -4.258, -5.809, -5.005]"
1119,3,30.6558,23.5960,0.195,814,2571,27,53,0.107,100,21.27,50000,3713.66,1,1,20.285(25.357%)(0.031m),42.000(37.059%)(2.357m),57.000(50.294%)(3.964m),50.000(44.118%)(3.214m),25.000(31.250%)(0.536m),14.269(35.673%)(0.457m),17.000(42.500%)(0.750m),355.979,4475.630,73.1,1.3806,"[2.805, 3.116, 2.584, 3.001, 3.544, 2.752]","[4.509, 4.949, 4.768, 4.935, 5.357, 4.900]","[-2.018, -4.180, -5.733, -1.701, -4.136, -5.814]"
1120,3,18.6017,23.7698,0.199,713,2243,15,19,0.106,95,21.25,50000,3282.78,0,0,11.613(14.516%)(0.000m),21.812(19.246%)(0.194m),58.359(51.494%)(4.110m),50.000(44.118%)(3.214m),27.000(33.750%)(0.750m),9.897(24.742%)(0.000m),23.000(57.500%)(1.393m),551.024,4910.891,72.8,1.3472,"[2.865, 3.182, 2.626, 3.062, 3.586, 2.835]","[4.753, 5.064, 4.720, 4.908, 5.417, 4.757]","[-5.238, -6.320, -5.678, -5.223, -6.375, -5.314]"
1121,3,29.7158,23.8156,0.188,803,2547,103,81,0.106,100,21.32,50000,3689.95,1,1,20.000(25.000%)(0.000m),41.000(36.177%)(2.250m),56.000(49.412%)(3.857m),49.000(43.235%)(3.107m),29.000(36.250%)(0.964m),14.000(35.000%)(0.429m),23.000(57.500%)(1.393m),323.746,4289.799,73.4,1.3685,"[2.666, 2.911, 2.219, 2.898, 3.345, 2.416]","[4.258, 4.797, 4.543, 4.341, 5.205, 4.690]","[-0.218, -3.819, -5.923, -1.108, -3.733, -5.949]"
1122,3,9.9384,23.8920,0.200,572,1745,1,59,0.106,85,21.30,50000,2579.04,0,0,25.003(31.253%)(0.536m),52.000(45.882%)(3.429m),77.000(67.941%)(6.107m),26.000(22.941%)(0.643m),13.000(16.250%)(0.000m),17.681(44.202%)(0.823m),10.000(25.000%)(0.000m),753.997,5338.392,70.6,1.2726,"[2.406, 3.054, 2.804, 2.576, 3.503, 2.978]","[4.493, 4.915, 4.560, 4.580, 5.349, 4.584]","[-5.876, -5.705, -5.193, -5.555, -5.568, -5.320]"
1123,3,9.0215,23.3767,0.176,352,1071,16,2,0.106,70,21.28,50000,1646.56,0,0,10.560(13.200%)(0.000m),17.300(15.265%)(0.000m),33.421(29.489%)(1.438m),45.000(39.706%)(2.679m),32.000(40.000%)(1.286m),10.560(26.399%)(0.060m),25.000(62.500%)(1.607m),442.650,7219.511,70.4,1.3482,"[3.005, 3.324, 2.620, 3.198, 3.688, 2.799]","[5.251, 5.285, 4.863, 5.293, 5.798, 5.109]","[-5.780, -6.722, -6.313, -5.586, -6.196, -6.228]"
1124,3,32.2229,23.5126,0.201,833,2610,121,53,0.106,100,21.35,50000,3783.58,1,1,21.504(26.881%)(0.161m),38.000(33.530%)(1.929m),62.000(54.706%)(4.500m),48.000(42.353%)(3.000m),28.000(35.000%)(0.857m),15.160(37.901%)(0.553m),20.000(50.000%)(1.071m),278.834,4888.151,72.5,1.3530,"[2.959, 3.181, 2.551, 3.185, 3.614, 2.718]","[4.657, 5.058, 4.609, 4.620, 5.337, 4.735]","[-0.936, -2.384, -6.048, -1.103, -2.753, -6.361]"
1125,3,23.1175,23.4874,0.175,829,2605,47,139,0.105,100,21.42,50000,3765.07,2,1,16.044(20.055%)(0.000m),34.600(30.529%)(1.564m),66.000(58.235%)(4.929m),45.000(39.706%)(2.679m),24.000(30.000%)(0.429m),11.239(28.098%)(0.133m),20.000(50.000%)(1.071m),441.759,4649.416,72.7,1.3734,"[2.407, 2.749, 2.292, 2.518, 3.166, 2.525]","[4.310, 4.828, 4.538, 4.543, 5.288, 4.679]","[-3.181, -5.619, -5.365, -4.523, -5.814, -5.686]"
1126,3,8.7657,23.0579,0.188,335,1033,10,1,0.105,70,21.40,50000,1566.63,0,0,12.158(15.197%)(0.000m),23.423(20.668%)(0.367m),64.617(57.015%)(4.780m),47.000(41.471%)(2.893m),33.000(41.250%)(1.393m),10.106(25.264%)(0.011m),27.000(67.500%)(1.821m),455.457,6093.124,71.4,1.3579,"[2.554, 2.892, 2.643, 2.788, 3.309, 2.824]","[4.148, 4.735, 4.555, 4.378, 5.170, 4.726]","[-6.163, -6.547, -5.915, -5.212, -5.731, -6.217]"
1127,3,31.8554,23.2806,0.208,813,2565,109,45,0.105,100,21.47,50000,3661.11,1,1,16.422(20.528%)(0.000m),35.314(31.160%)(1.641m),71.000(62.647%)(5.464m),58.000(51.177%)(4.071m),28.000(35.000%)(0.857m),11.508(28.770%)(0.162m),20.000(50.000%)(1.071m),435.135,4844.500,73.0,1.3176,"[2.906, 3.241, 2.596, 3.155, 3.749, 2.824]","[4.437, 5.012, 4.678, 4.552, 5.465, 4.658]","[-0.600, -3.645, -4.926, -0.999, -3.364, -4.568]"
1128,3,14.0825,22.9834,0.193,597,1812,47,79,0.105,85,21.45,50000,2719.89,0,0,20.989(26.237%)(0.106m),30.000(26.471%)(1.071m),39.000(34.412%)(2.036m),18.000(15.882%)(0.000m),11.000(13.750%)(0.000m),14.774(36.934%)(0.511m),11.000(27.500%)(0.107m),111.965,6682.803,70.2,1.3197,"[2.816, 3.109, 2.571, 2.986, 3.458, 2.690]","[4.937, 5.130, 4.887, 5.084, 5.578, 4.930]","[-6.475, -6.756, -5.672, -6.396, -6.564, -6.330]"
1129,3,26.7181,23.3773,0.184,820,2582,113,108,0.105,100,21.52,50000,3667.84,1,1,20.855(26.069%)(0.092m),42.000(37.059%)(2.357m),62.000(54.706%)(4.500m),41.000(36.177%)(2.250m),20.000(25.000%)(0.000m),14.695(36.736%)(0.503m),14.000(35.000%)(0.429m),401.385,4707.658,72.9,1.3031,"[2.709, 3.011, 2.538, 2.894, 3.449, 2.758]","[4.699, 4.875, 4.574, 4.970, 5.324, 4.691]","[-5.298, -2.941, -5.056, -6.356, -3.635, -4.901]"
1130,3,26.9587,23.2473,0.193,829,2604,74,108,0.104,100,21.59,50000,3782.91,2,1,22.813(28.516%)(0.301m),39.000(34.412%)(2.036m),53.000(46.765%)(3.536m),46.000(40.588%)(2.786m),27.000(33.750%)(0.750m),16.086(40.216%)(0.652m),19.000(47.500%)(0.964m),294.751,4629.290,72.7,1.3639,"[2.678, 3.102, 2.405, 2.888, 3.570, 2.566]","[4.402, 4.955, 4.579, 4.944, 5.444, 4.792]","[-0.983, 0.751, -4.310, -2.299, 0.018, -4.695]"
1131,3,33.6530,23.3237,0.192,808,2556,41,84,0.104,100,21.66,50000,3763.91,3,1,19.741(24.676%)(0.000m),41.000(36.177%)(2.250m),60.000(52.941%)(4.286m),44.000(38.824%)(2.571m),25.000(31.250%)(0.536m),13.892(34.731%)(0.417m),17.000(42.500%)(0.750m),426.366,4528.194,73.2,1.3709,"[2.865, 3.358, 2.630, 3.103, 3.799, 2.814]","[4.591, 4.998, 4.808, 4.679, 5.495, 4.942]","[-2.588, 0.374, -5.086, -2.605, -1.141, -4.870]"
1132,3,34.3036,23.4401,0.193,816,2571,0,50,0.104,100,21.73,50000,3711.40,4,1,24.630(30.787%)(0.496m),51.586(45.517%)(3.384m),73.000(64.412%)(5.679m),48.000(42.353%)(3.000m),28.000(35.000%)(0.857m),17.400(43.501%)(0.793m),23.000(57.500%)(1.393m),537.144,4925.183,72.9,1.3038,"[3.087, 3.514, 2.985, 3.292, 4.002, 3.190]","[4.837, 5.196, 4.854, 4.944, 5.619, 5.002]","[0.377, 1.144, -3.014, -0.597, 1.767, -3.140]"
1133,3,31.4947,23.4117,0.184,813,2564,113,76,0.104,100,21.80,50000,3805.75,5,1,16.214(20.267%)(0.000m),35.617(31.427%)(1.673m),61.000(53.824%)(4.393m),36.000(31.765%)(1.714m),25.000(31.250%)(0.536m),11.547(28.867%)(0.166m),20.000(50.000%)(1.071m),264.846,4697.779,73.0,1.4155,"[2.997, 3.290, 2.271, 3.177, 3.679, 2.499]","[4.995, 5.087, 4.835, 5.168, 5.536, 4.955]","[-2.976, -3.302, -5.036, -4.284, -3.023, -4.480]"
1134,3,23.7502,23.3392,0.191,844,2635,240,111,0.103,100,21.87,50000,3838.34,6,1,22.042(27.553%)(0.219m),36.000(31.765%)(1.714m),42.000(37.059%)(2.357m),34.000(30.000%)(1.500m),25.000(31.250%)(0.536m),15.558(38.894%)(0.595m),16.000(40.000%)(0.643m),216.518,4283.588,72.2,1.3311,"[2.579, 2.935, 2.217, 2.688, 3.314, 2.324]","[4.667, 5.069, 4.677, 4.847, 5.501, 4.643]","[-1.950, -0.620, -4.476, -3.508, -0.582, -4.559]"
1135,3,34.3277,23.6679,0.188,811,2562,0,96,0.103,100,21.94,50000,3694.96,7,1,24.633(30.791%)(0.496m),42.000(37.059%)(2.357m),62.000(54.706%)(4.500m),38.000(33.530%)(1.929m),25.000(31.250%)(0.536m),17.403(43.507%)(0.793m),20.000(50.000%)(1.071m),262.647,4422.084,73.1,1.3453,"[2.823, 3.244, 2.522, 3.079, 3.703, 2.696]","[4.662, 5.116, 4.811, 4.507, 5.431, 4.782]","[-1.601, 0.379, -6.116, -2.191, -0.594, -6.210]"
1136,3,33.8224,24.1141,0.190,798,2534,23,42,0.103,100,22.01,50000,3593.55,8,1,20.431(25.539%)(0.046m),42.891(37.845%)(2.453m),66.000(58.235%)(4.929m),50.000(44.118%)(3.214m),28.000(35.000%)(0.857m),14.374(35.934%)(0.469m),20.000(50.000%)(1.071m),518.274,4517.215,73.5,1.3568,"[2.899, 3.333, 2.546, 3.145, 3.784, 2.754]","[4.568, 5.032, 4.766, 4.625, 5.381, 4.852]","[-0.490, -1.714, -5.852, 0.045, -1.552, -5.413]"
1137,3,9.6827,23.6875,0.193,347,1067,12,4,0.103,70,21.99,50000,1542.99,0,0,12.001(15.002%)(0.000m),23.753(20.959%)(0.402m),66.000(58.235%)(4.929m),46.000(40.588%)(2.786m),32.000(40.000%)(1.286m),9.728(24.319%)(0.000m),28.000(70.000%)(1.929m),433.802,6817.774,71.2,1.2996,"[3.374, 3.208, 2.655, 3.520, 3.565, 2.755]","[5.324, 5.341, 5.040, 5.429, 5.759, 5.207]","[-5.413, -5.962, -5.917, -5.175, -6.275, -6.063]"
1138,3,9.9814,23.6493,0.209,373,1156,17,0,0.103,75,21.97,50000,1700.27,0,0,11.382(14.228%)(0.000m),19.964(17.615%)(0.000m),44.680(39.424%)(2.644m),52.000(45.882%)(3.429m),34.000(42.500%)(1.500m),10.447(26.118%)(0.048m),26.000(65.000%)(1.714m),617.674,5896.496,71.7,1.3443,"[3.268, 3.726, 2.845, 3.484, 4.131, 3.013]","[4.916, 5.623, 5.278, 4.993, 6.057, 5.235]","[-6.145, -6.287, -5.615, -6.551, -6.570, -5.965]"
1139,3,26.8781,23.6712,0.187,833,2611,35,30,0.102,100,22.04,50000,3907.75,1,1,21.880(27.351%)(0.201m),42.000(37.059%)(2.357m),57.000(50.294%)(3.964m),41.000(36.177%)(2.250m),27.000(33.750%)(0.750m),15.412(38.531%)(0.580m),22.000(55.000%)(1.286m),342.090,4719.074,72.6,1.4042,"[2.680, 3.112, 2.601, 2.868, 3.576, 2.804]","[4.728, 5.117, 4.938, 4.834, 5.601, 5.031]","[-1.818, 0.469, -4.904, -3.201, -0.939, -5.049]"
1140,3,9.5837,23.2396,0.170,361,1106,13,15,0.102,70,22.02,50000,1668.00,0,0,12.695(15.868%)(0.000m),26.246(23.158%)(0.669m),62.000(54.706%)(4.500m),37.000(32.647%)(1.821m),26.000(32.500%)(0.643m),9.905(24.761%)(0.000m),28.000(70.000%)(1.929m),296.155,6379.147,70.9,1.3798,"[2.515, 2.780, 2.423, 2.662, 3.187, 2.578]","[4.321, 4.894, 4.448, 4.243, 5.172, 4.678]","[-6.342, -6.270, -5.518, -5.730, -5.749, -5.492]"
1141,3,15.9331,22.8407,0.210,493,1548,0,31,0.102,85,22.00,50000,2210.75,0,0,22.000(27.500%)(0.214m),30.000(26.471%)(1.071m),60.000(52.941%)(4.286m),50.000(44.118%)(3.214m),28.000(35.000%)(0.857m),17.338(43.344%)(0.786m),25.000(62.500%)(1.607m),83.539,4760.126,72.7,1.3106,"[2.986, 3.319, 2.695, 3.207, 3.695, 2.795]","[4.319, 5.003, 4.491, 4.544, 5.369, 4.484]","[-0.181, -2.851, -4.161, -0.645, -3.381, -4.684]"
1142,3,29.6365,22.8803,0.183,842,2631,71,41,0.102,100,22.07,50000,3828.01,1,1,21.735(27.168%)(0.186m),45.790(40.403%)(2.763m),53.000(46.765%)(3.536m),38.000(33.530%)(1.929m),28.000(35.000%)(0.857m),15.309(38.273%)(0.569m),23.000(57.500%)(1.393m),288.789,4695.555,72.3,1.3384,"[2.756, 3.069, 2.286, 2.874, 3.498, 2.496]","[4.826, 5.289, 4.866, 4.952, 5.714, 5.024]","[-3.533, -0.637, -5.496, -5.105, -1.968, -5.156]"
1143,3,25.2698,22.7957,0.205,816,2572,27,92,0.102,100,22.13,50000,3917.38,2,1,22.969(28.711%)(0.318m),41.000(36.177%)(2.250m),69.000(60.883%)(5.250m),56.000(49.412%)(3.857m),28.000(35.000%)(0.857m),16.199(40.497%)(0.664m),21.000(52.500%)(1.179m),429.299,4473.290,72.9,1.4201,"[2.780, 3.100, 2.581, 2.966, 3.581, 2.780]","[4.831, 5.362, 5.046, 4.892, 5.742, 5.036]","[-0.152, -0.040, -4.331, -0.259, 1.065, -4.262]"
1144,3,35.2119,22.8470,0.196,798,2534,73,41,0.101,100,22.20,50000,3608.65,3,1,16.251(20.313%)(0.000m),35.008(30.889%)(1.608m),66.000(58.235%)(4.929m),44.000(38.824%)(2.571m),28.000(35.000%)(0.857m),11.386(28.464%)(0.148m),23.000(57.500%)(1.393m),410.811,4261.035,73.5,1.3713,"[2.950, 3.341, 2.527, 3.149, 3.780, 2.730]","[4.660, 5.069, 4.755, 4.707, 5.477, 4.889]","[-1.379, -2.950, -4.497, -1.704, -2.808, -3.949]"
1145,3,28.2766,22.8522,0.193,840,2626,49,86,0.101,100,22.27,50000,3845.69,4,1,20.031(25.039%)(0.003m),42.359(37.375%)(2.396m),65.000(57.353%)(4.821m),45.000(39.706%)(2.679m),29.000(36.250%)(0.964m),14.093(35.233%)(0.439m),21.000(52.500%)(1.179m),420.648,5312.434,72.3,1.3830,"[2.766, 3.136, 2.349, 2.997, 3.615, 2.539]","[4.873, 5.354, 4.878, 4.854, 5.629, 4.896]","[-1.066, -0.924, -5.335, -2.292, 0.372, -5.837]"
1146,3,30.3432,22.8242,0.202,876,2703,17,20,0.101,100,22.34,50000,3924.90,5,1,21.656(27.071%)(0.177m),45.143(39.832%)(2.694m),61.000(53.824%)(4.393m),43.000(37.941%)(2.464m),30.000(37.500%)(1.071m),15.252(38.129%)(0.563m),22.000(55.000%)(1.286m),362.508,7153.052,71.4,1.3453,"[2.939, 3.231, 2.553, 3.126, 3.645, 2.799]","[4.979, 5.013, 4.857, 4.927, 5.297, 4.817]","[-0.470, -3.448, -6.101, -0.168, -3.258, -6.297]"
1147,3,18.1046,22.9665,0.185,791,2432,48,107,0.101,95,22.32,50000,3611.44,0,0,12.464(15.580%)(0.000m),25.385(22.398%)(0.577m),69.000(60.883%)(5.250m),50.000(44.118%)(3.214m),14.000(17.500%)(0.000m),9.849(24.623%)(0.000m),10.000(25.000%)(0.000m),439.250,4661.021,71.2,1.3406,"[2.433, 3.042, 2.763, 2.656, 3.478, 2.901]","[4.521, 5.298, 4.943, 4.590, 5.531, 4.951]","[-8.305, -6.783, -6.045, -7.154, -6.428, -5.963]"
1148,3,33.5709,22.9870,0.191,800,2539,12,34,0.101,100,22.39,50000,3689.49,1,1,19.888(24.860%)(0.000m),42.170(37.209%)(2.375m),60.000(52.941%)(4.286m),41.000(36.177%)(2.250m),27.000(33.750%)(0.750m),13.998(34.995%)(0.428m),23.000(57.500%)(1.393m),331.169,4217.249,73.4,1.3467,"[2.891, 3.328, 2.450, 3.086, 3.790, 2.676]","[4.409, 5.034, 4.817, 4.601, 5.521, 4.935]","[-2.358, 0.363, -5.436, -3.742, 0.299, -5.013]"
1149,3,8.5781,22.6721,0.182,381,1187,28,31,0.100,75,22.37,50000,1743.45,0,0,12.441(15.552%)(0.000m),25.339(22.358%)(0.572m),63.000(55.588%)(4.607m),46.000(40.588%)(2.786m),25.000(31.250%)(0.536m),9.831(24.579%)(0.000m),22.000(55.000%)(1.286m),447.948,5689.272,72.1,1.3469,"[3.124, 3.226, 2.522, 3.342, 3.668, 2.789]","[4.696, 5.105, 4.756, 4.877, 5.472, 4.851]","[-7.209, -6.457, -6.001, -7.147, -5.626, -5.260]"
1150,3,34.2385,23.0726,0.190,799,2536,0,141,0.100,100,22.43,50000,3732.51,1,1,24.316(30.395%)(0.462m),41.000(36.177%)(2.250m),62.000(54.706%)(4.500m),46.000(40.588%)(2.786m),25.000(31.250%)(0.536m),17.209(43.022%)(0.772m),20.000(50.000%)(1.071m),339.943,4246.448,73.4,1.4356,"[2.878, 3.356, 2.790, 3.114, 3.799, 2.999]","[4.608, 5.184, 4.799, 4.687, 5.580, 4.820]","[-1.765, 0.767, -3.952, -2.587, 0.395, -3.624]"
1151,3,32.7271,23.3459,0.180,803,2547,70,42,0.100,100,22.50,50000,3784.55,2,1,20.372(25.465%)(0.040m),43.031(37.969%)(2.468m),64.000(56.471%)(4.714m),32.914(29.041%)(1.384m),15.232(19.040%)(0.000m),14.352(35.881%)(0.466m),10.666(26.665%)(0.071m),503.659,4634.298,73.4,1.3919,"[2.730, 3.127, 2.568, 2.796, 3.491, 2.803]","[4.613, 5.096, 4.896, 4.716, 5.496, 4.989]","[-2.462, -2.117, -3.997, -4.190, -3.226, -4.218]"
1152,3,9.5806,23.3248,0.191,349,1074,20,10,0.100,70,22.48,50000,1586.13,0,0,11.173(13.967%)(0.000m),20.026(17.670%)(0.003m),47.310(41.744%)(2.926m),44.000(38.824%)(2.571m),30.000(37.500%)(1.071m),10.006(25.015%)(0.001m),29.000(72.500%)(2.036m),391.914,6200.176,71.2,1.3327,"[3.056, 3.288, 2.536, 3.187, 3.573, 2.634]","[4.985, 5.298, 4.923, 4.966, 5.682, 5.151]","[-5.593, -6.331, -5.630, -5.132, -6.193, -5.416]"
1153,3,36.3680,23.8086,0.180,800,2537,0,50,0.100,100,22.55,50000,3696.80,1,1,24.783(30.979%)(0.512m),48.000(42.353%)(3.000m),63.000(55.588%)(4.607m),46.000(40.588%)(2.786m),25.000(31.250%)(0.536m),17.536(43.841%)(0.807m),23.000(57.500%)(1.393m),426.688,4287.302,73.4,1.3771,"[2.915, 3.366, 2.840, 3.169, 3.883, 2.996]","[4.541, 5.111, 4.848, 4.640, 5.607, 4.997]","[-0.205, 1.100, -4.073, -0.192, 1.055, -4.190]"
1154,3,12.5570,23.5306,0.197,514,1592,127,42,0.099,85,22.53,50000,2480.55,0,0,16.480(20.600%)(0.000m),20.000(17.647%)(0.000m),20.000(17.647%)(0.000m),36.000(31.765%)(1.714m),26.000(32.500%)(0.643m),11.548(28.871%)(0.166m),23.000(57.500%)(1.393m),0.000,4706.947,71.7,1.5217,"[2.557, 2.856, 2.039, 2.718, 3.153, 2.044]","[4.677, 5.255, 4.782, 4.789, 5.718, 4.923]","[-4.812, -4.512, -5.042, -4.891, -4.951, -5.494]"
1155,3,25.9971,23.8337,0.183,819,2583,164,79,0.099,100,22.60,50000,3782.74,1,1,16.145(20.181%)(0.000m),34.655(30.578%)(1.570m),50.000(44.118%)(3.214m),45.000(39.706%)(2.679m),21.000(26.250%)(0.107m),11.315(28.289%)(0.141m),15.000(37.500%)(0.536m),287.111,4281.350,73.0,1.4561,"[2.542, 2.831, 2.110, 2.715, 3.216, 2.288]","[4.623, 4.959, 4.928, 4.682, 5.311, 5.011]","[-4.462, -4.728, -5.952, -4.482, -4.329, -5.780]"
1156,3,32.3919,24.2430,0.179,805,2550,109,63,0.099,100,22.66,50000,3717.70,2,1,16.682(20.852%)(0.000m),35.851(31.634%)(1.698m),59.000(52.059%)(4.179m),41.000(36.177%)(2.250m),27.000(33.750%)(0.750m),11.692(29.229%)(0.181m),20.000(50.000%)(1.071m),323.980,4318.775,73.3,1.4135,"[2.866, 3.169, 2.385, 3.084, 3.621, 2.635]","[4.732, 5.193, 4.784, 4.834, 5.695, 4.885]","[-1.642, -3.397, -5.633, -2.293, -3.236, -5.122]"
1157,3,36.7541,24.2936,0.192,801,2540,0,17,0.099,100,22.73,50000,3687.87,3,1,24.300(30.375%)(0.461m),50.283(44.368%)(3.245m),62.000(54.706%)(4.500m),44.000(38.824%)(2.571m),29.000(36.250%)(0.964m),17.186(42.965%)(0.770m),26.000(65.000%)(1.714m),414.637,4463.284,73.4,1.4073,"[2.987, 3.411, 2.567, 3.235, 3.897, 2.797]","[4.463, 4.886, 4.617, 4.685, 5.375, 4.729]","[-0.976, 0.615, -4.944, -1.881, 0.115, -4.761]"
1158,3,26.8423,24.6165,0.176,817,2576,204,52,0.099,100,22.80,50000,3836.00,4,1,15.934(19.918%)(0.000m),34.351(30.309%)(1.538m),70.000(61.765%)(5.357m),50.000(44.118%)(3.214m),28.000(35.000%)(0.857m),11.162(27.905%)(0.124m),20.000(50.000%)(1.071m),324.193,4383.122,73.0,1.4339,"[2.915, 3.061, 1.825, 3.143, 3.465, 2.091]","[4.428, 5.027, 4.652, 4.738, 5.253, 4.742]","[-0.868, -5.479, -5.292, -1.866, -5.568, -4.716]"
1159,3,35.4227,25.1404,0.186,947,2856,1,82,0.098,100,22.86,50000,4408.95,5,1,24.206(30.258%)(0.451m),47.000(41.471%)(2.893m),59.000(52.059%)(4.179m),45.000(39.706%)(2.679m),26.000(32.500%)(0.643m),17.094(42.735%)(0.760m),23.000(57.500%)(1.393m),477.038,5403.290,69.8,1.3656,"[3.138, 3.538, 2.982, 3.319, 3.949, 3.121]","[4.885, 5.068, 4.605, 4.911, 5.353, 4.704]","[0.274, 1.146, -4.989, -0.296, 0.896, -4.936]"
1160,3,34.4437,25.1925,0.186,833,2609,40,13,0.098,100,22.93,50000,3947.94,6,1,19.515(24.394%)(0.000m),41.434(36.559%)(2.296m),64.000(56.471%)(4.714m),51.000(45.000%)(3.321m),31.000(38.750%)(1.179m),13.717(34.293%)(0.398m),24.000(60.000%)(1.500m),373.601,5296.907,72.5,1.4907,"[3.134, 3.582, 2.863, 3.372, 4.050, 3.087]","[4.582, 5.117, 4.978, 4.945, 5.550, 5.025]","[0.180, 1.607, -4.921, -0.768, 1.619, -4.893]"
1161,3,32.8807,25.1706,0.185,819,2580,55,58,0.098,100,23.00,50000,3738.31,7,1,22.120(27.650%)(0.227m),46.580(41.101%)(2.848m),66.000(58.235%)(4.929m),44.000(38.824%)(2.571m),27.000(33.750%)(0.750m),15.585(38.961%)(0.598m),21.000(52.500%)(1.179m),410.811,4528.284,72.9,1.3760,"[3.181, 3.709, 2.946, 3.352, 4.138, 3.162]","[4.790, 5.110, 4.731, 5.204, 5.699, 4.915]","[-0.645, 1.130, -4.316, -2.480, 0.330, -4.236]"
1162,3,29.9399,25.5800,0.184,818,2578,91,55,0.098,100,23.06,50000,3816.67,8,1,16.128(20.160%)(0.000m),34.769(30.679%)(1.582m),58.000(51.177%)(4.071m),44.000(38.824%)(2.571m),29.000(36.250%)(0.964m),11.299(28.247%)(0.139m),21.000(52.500%)(1.179m),330.313,4624.400,72.9,1.4374,"[3.035, 3.481, 2.537, 3.300, 3.906, 2.797]","[4.458, 5.145, 4.650, 4.772, 5.533, 4.750]","[-0.288, -4.321, -5.357, -0.540, -3.869, -4.617]"
1163,3,36.9684,25.7523,0.178,798,2532,0,41,0.098,100,23.13,50000,3654.71,9,1,24.376(30.470%)(0.469m),42.000(37.059%)(2.357m),72.000(63.530%)(5.571m),49.000(43.235%)(3.107m),28.000(35.000%)(0.857m),17.241(43.103%)(0.776m),23.000(57.500%)(1.393m),456.932,4356.839,73.4,1.3653,"[3.111, 3.578, 2.992, 3.377, 4.083, 3.200]","[4.405, 5.014, 4.776, 4.726, 5.457, 4.903]","[0.947, 1.934, -3.872, 1.173, 1.844, -4.070]"
1164,3,9.6692,25.2916,0.184,525,1642,136,33,0.097,85,23.11,50000,2349.25,0,0,16.276(20.345%)(0.000m),35.028(30.907%)(1.610m),28.000(24.706%)(0.857m),16.000(14.118%)(0.000m),10.000(12.500%)(0.000m),11.404(28.511%)(0.150m),26.000(65.000%)(1.714m),252.635,4811.476,72.4,1.3759,"[2.663, 2.843, 1.963, 2.900, 3.180, 2.092]","[4.717, 5.165, 4.726, 4.908, 5.643, 4.847]","[-9.796, -5.788, -7.984, -5.405, -6.003, -9.073]"
1165,3,7.8415,24.8245,0.195,363,1126,14,48,0.097,70,23.09,50000,1640.62,0,0,33.000(41.250%)(1.393m),66.000(58.235%)(4.929m),108.000(95.294%)(9.429m),61.000(53.824%)(4.393m),12.000(15.000%)(0.000m),23.000(57.500%)(1.393m),10.000(25.000%)(0.000m),1210.284,6242.649,71.8,1.3427,"[2.889, 3.529, 3.242, 3.159, 4.010, 3.506]","[4.897, 5.309, 5.005, 4.986, 5.743, 5.077]","[-11.362, -7.088, -4.381, -10.271, -5.128, -2.288]"
1166,3,10.1287,24.4428,0.180,711,2216,19,91,0.097,95,23.07,50000,3264.54,0,0,8.815(11.019%)(0.000m),12.429(10.967%)(0.000m),18.904(16.680%)(0.000m),42.000(37.059%)(2.357m),21.000(26.250%)(0.107m),11.298(28.246%)(0.139m),22.000(55.000%)(1.286m),354.626,4408.406,72.1,1.3891,"[2.425, 2.920, 2.506, 2.517, 3.293, 2.664]","[4.820, 5.439, 5.049, 4.873, 5.857, 5.058]","[-6.523, -8.060, -5.817, -5.822, -6.933, -6.608]"
1167,3,32.5996,24.6427,0.191,825,2594,70,33,0.097,100,23.14,50000,3709.99,1,1,17.797(22.246%)(0.000m),38.039(33.564%)(1.933m),56.000(49.412%)(3.857m),48.000(42.353%)(3.000m),28.000(35.000%)(0.857m),12.485(31.213%)(0.266m),23.000(57.500%)(1.393m),366.826,4572.732,72.8,1.3547,"[2.948, 3.454, 2.655, 3.133, 3.835, 2.791]","[4.736, 5.526, 4.979, 4.732, 5.722, 5.044]","[-0.735, -1.447, -4.774, -2.166, -1.266, -4.648]"
1168,3,6.9847,24.3678,0.176,332,1013,38,16,0.097,70,23.12,50000,1536.78,0,0,32.000(40.000%)(1.286m),91.384(80.633%)(7.648m),26.000(22.941%)(0.643m),21.000(18.529%)(0.107m),23.000(28.750%)(0.321m),23.000(57.500%)(1.393m),29.000(72.500%)(2.036m),0.000,5664.594,70.6,1.3761,"[2.450, 3.102, 2.771, 2.438, 3.297, 2.838]","[4.635, 5.334, 4.923, 4.789, 5.632, 4.955]","[-5.515, -3.627, -3.787, -5.272, -3.825, -4.364]"
1169,3,30.1350,24.3574,0.188,799,2535,48,41,0.096,100,23.18,50000,3823.86,1,1,21.535(26.919%)(0.164m),45.423(40.079%)(2.724m),63.000(55.588%)(4.607m),40.000(35.294%)(2.143m),24.000(30.000%)(0.429m),15.165(37.912%)(0.553m),21.000(52.500%)(1.179m),356.741,4290.109,73.4,1.4172,"[2.915, 3.330, 2.735, 3.134, 3.766, 2.923]","[4.832, 5.222, 4.878, 4.913, 5.669, 5.095]","[-1.444, 0.454, -5.795, -1.789, -0.875, -6.230]"
1170,3,34.8960,24.6833,0.193,799,2536,0,19,0.096,100,23.25,50000,3801.88,2,1,24.032(30.040%)(0.432m),50.371(44.445%)(3.254m),74.000(65.294%)(5.786m),44.000(38.824%)(2.571m),28.000(35.000%)(0.857m),17.003(42.507%)(0.750m),24.000(60.000%)(1.500m),409.892,4440.224,73.4,1.4198,"[3.052, 3.524, 2.854, 3.294, 3.966, 3.081]","[4.952, 5.459, 5.143, 4.914, 5.825, 5.140]","[-1.919, -0.315, -5.630, -2.304, 0.822, -5.497]"
1171,3,13.4433,24.3579,0.190,514,1613,31,16,0.096,85,23.23,50000,2305.86,0,0,20.431(25.539%)(0.046m),42.891(37.845%)(2.453m),23.000(20.294%)(0.321m),14.000(12.353%)(0.000m),11.000(13.750%)(0.000m),14.374(35.934%)(0.469m),23.000(57.500%)(1.393m),433.066,4886.429,72.6,1.3638,"[2.650, 3.146, 2.415, 2.868, 3.543, 2.596]","[4.682, 5.093, 4.735, 4.937, 5.652, 4.859]","[-9.750, -5.434, -6.734, -7.080, -6.686, -7.078]"
1172,3,31.9752,24.7986,0.189,822,2586,62,62,0.096,100,23.29,50000,3778.00,1,1,19.561(24.451%)(0.000m),41.429(36.555%)(2.296m),57.000(50.294%)(3.964m),42.000(37.059%)(2.357m),28.000(35.000%)(0.857m),13.756(34.391%)(0.402m),21.000(52.500%)(1.179m),366.009,4880.035,72.8,1.4235,"[3.008, 3.395, 2.656, 3.218, 3.865, 2.910]","[4.486, 4.975, 5.053, 4.852, 5.418, 5.078]","[-2.119, 0.283, -5.481, -3.816, -1.265, -4.825]"
1173,3,35.0964,25.3201,0.185,798,2534,0,81,0.096,100,23.36,50000,3640.03,2,1,24.296(30.370%)(0.460m),45.000(39.706%)(2.679m),60.000(52.941%)(4.286m),50.000(44.118%)(3.214m),24.000(30.000%)(0.429m),17.194(42.986%)(0.771m),17.000(42.500%)(0.750m),422.774,4495.453,73.5,1.3839,"[2.949, 3.408, 2.939, 3.180, 3.934, 3.152]","[4.745, 5.110, 4.671, 4.907, 5.506, 4.771]","[-1.966, 0.908, -3.044, -2.199, 1.414, -3.035]"
1174,3,36.1182,25.3980,0.179,797,2531,0,49,0.096,100,23.42,50000,3636.31,3,1,23.699(29.624%)(0.396m),47.000(41.471%)(2.893m),60.000(52.941%)(4.286m),50.000(44.118%)(3.214m),25.000(31.250%)(0.536m),16.750(41.875%)(0.723m),22.000(55.000%)(1.286m),449.030,4330.943,73.5,1.3829,"[2.912, 3.405, 2.882, 3.208, 3.924, 3.098]","[4.277, 4.939, 4.507, 4.789, 5.328, 4.637]","[0.436, 1.582, -3.427, 0.659, 1.648, -3.296]"
1175,3,8.7048,25.1097,0.168,402,1191,14,8,0.095,70,23.40,50000,1916.11,0,0,12.937(16.171%)(0.000m),27.598(24.351%)(0.814m),75.000(66.177%)(5.893m),51.000(45.000%)(3.321m),32.000(40.000%)(1.286m),9.837(24.593%)(0.000m),23.000(57.500%)(1.393m),579.075,7763.264,68.5,1.4593,"[3.105, 3.131, 2.404, 3.337, 3.555, 2.536]","[4.790, 4.877, 4.567, 4.874, 5.327, 4.642]","[-4.916, -5.535, -5.824, -4.228, -5.699, -5.222]"
1176,3,8.2976,25.1004,0.169,383,1145,16,3,0.095,70,23.38,50000,1722.30,0,0,11.413(14.267%)(0.000m),21.437(18.915%)(0.154m),57.698(50.911%)(4.039m),43.000(37.941%)(2.464m),31.000(38.750%)(1.179m),9.727(24.317%)(0.000m),26.000(65.000%)(1.714m),397.708,9312.759,69.2,1.4302,"[2.988, 3.319, 2.739, 3.219, 3.744, 2.918]","[4.660, 4.952, 4.690, 4.843, 5.433, 4.796]","[-4.877, -5.775, -6.474, -4.311, -5.434, -6.490]"
1177,3,34.2283,25.1478,0.176,803,2545,0,36,0.095,100,23.45,50000,3652.58,1,1,24.494(30.617%)(0.481m),42.000(37.059%)(2.357m),61.000(53.824%)(4.393m),50.000(44.118%)(3.214m),25.000(31.250%)(0.536m),17.326(43.316%)(0.785m),22.000(55.000%)(1.286m),376.890,4350.731,73.4,1.3005,"[2.946, 3.438, 2.937, 3.233, 3.967, 3.157]","[4.439, 4.820, 4.603, 4.523, 5.309, 4.751]","[0.809, 1.134, -4.274, -0.325, 1.148, -4.234]"
1178,3,30.3689,25.4736,0.172,823,2587,17,47,0.095,100,23.51,50000,3799.75,2,1,19.768(24.711%)(0.000m),41.787(36.871%)(2.334m),60.000(52.941%)(4.286m),45.000(39.706%)(2.679m),25.000(31.250%)(0.536m),13.917(34.792%)(0.420m),22.000(55.000%)(1.286m),445.102,4379.134,72.7,1.3907,"[3.022, 3.386, 2.683, 3.207, 3.834, 2.872]","[4.722, 5.186, 4.665, 4.925, 5.555, 4.826]","[-1.840, -0.150, -4.860, -2.274, -1.336, -5.111]"
1179,3,30.4554,25.5483,0.176,854,2656,130,104,0.095,100,23.58,50000,3994.45,3,1,22.911(28.639%)(0.312m),47.000(41.471%)(2.893m),66.000(58.235%)(4.929m),44.000(38.824%)(2.571m),16.000(20.000%)(0.000m),16.178(40.445%)(0.662m),11.000(27.500%)(0.107m),410.811,4384.359,72.0,1.4057,"[2.861, 3.351, 2.817, 3.071, 3.825, 2.935]","[4.656, 5.207, 4.876, 4.786, 5.597, 5.008]","[-6.542, -2.932, -5.254, -6.344, -2.167, -4.813]"
1180,3,10.7934,25.2250,0.171,416,1232,12,18,0.094,75,23.56,50000,1965.53,0,0,11.933(14.916%)(0.000m),23.297(20.556%)(0.353m),64.791(57.169%)(4.799m),49.000(43.235%)(3.107m),28.000(35.000%)(0.857m),9.795(24.487%)(0.000m),25.000(62.500%)(1.607m),535.019,8833.463,68.6,1.3883,"[3.382, 3.507, 2.934, 3.618, 3.915, 3.107]","[5.170, 5.198, 4.874, 5.176, 5.637, 5.001]","[-5.682, -6.536, -5.935, -5.846, -6.761, -6.253]"
1181,3,29.7712,25.1474,0.175,804,2550,55,90,0.094,100,23.62,50000,3700.86,1,1,16.111(20.138%)(0.000m),34.704(30.622%)(1.575m),56.000(49.412%)(3.857m),42.000(37.059%)(2.357m),25.000(31.250%)(0.536m),11.287(28.217%)(0.138m),18.000(45.000%)(0.857m),258.476,4197.700,73.4,1.3989,"[2.691, 3.173, 2.347, 2.885, 3.597, 2.514]","[4.752, 5.308, 4.931, 4.819, 5.649, 4.991]","[-4.694, -4.018, -4.635, -5.557, -3.775, -4.429]"
1182,3,10.0250,24.6618,0.177,382,1163,14,7,0.094,70,23.60,50000,1736.71,0,0,12.774(15.967%)(0.000m),27.255(24.049%)(0.777m),77.351(68.251%)(6.145m),54.000(47.647%)(3.643m),30.000(37.500%)(1.071m),9.713(24.283%)(0.000m),23.000(57.500%)(1.393m),921.206,6970.193,70.4,1.3820,"[3.300, 3.575, 3.162, 3.500, 4.039, 3.323]","[5.139, 5.424, 4.992, 5.201, 5.991, 5.130]","[-5.033, -6.839, -6.329, -3.870, -6.787, -6.541]"
1183,3,15.7525,24.3470,0.167,684,2150,28,96,0.094,95,23.58,50000,3195.18,0,0,24.000(30.000%)(0.429m),43.000(37.941%)(2.464m),22.000(19.412%)(0.214m),21.000(18.529%)(0.107m),20.000(25.000%)(0.000m),17.195(42.988%)(0.771m),14.000(35.000%)(0.429m),0.000,4357.120,72.7,1.4625,"[2.046, 2.757, 2.337, 2.194, 3.139, 2.511]","[4.676, 5.333, 5.094, 4.713, 5.717, 5.203]","[-11.227, -7.076, -10.435, -10.612, -6.456, -11.020]"
1184,3,37.3778,24.6195,0.182,805,2549,0,8,0.094,100,23.65,50000,3753.71,1,1,24.159(30.199%)(0.446m),49.468(43.649%)(3.157m),64.000(56.471%)(4.714m),45.000(39.706%)(2.679m),30.000(37.500%)(1.071m),17.094(42.735%)(0.760m),23.000(57.500%)(1.393m),485.556,4512.402,73.3,1.3912,"[2.938, 3.548, 2.756, 3.230, 4.027, 2.936]","[4.587, 5.077, 4.815, 4.604, 5.465, 4.882]","[-0.459, 0.607, -4.884, 0.192, 0.038, -4.795]"
1185,3,34.4333,24.6216,0.177,799,2534,0,57,0.093,100,23.71,50000,3544.06,2,1,24.366(30.458%)(0.468m),41.000(36.177%)(2.250m),62.000(54.706%)(4.500m),44.000(38.824%)(2.571m),28.000(35.000%)(0.857m),17.221(43.053%)(0.774m),25.000(62.500%)(1.607m),340.918,4485.308,73.4,1.3429,"[2.985, 3.413, 2.773, 3.233, 3.874, 2.933]","[4.618, 5.021, 4.768, 4.657, 5.473, 4.936]","[-0.734, 0.401, -3.222, -0.129, 0.039, -3.354]"
1186,3,13.3290,24.2117,0.168,813,2555,185,143,0.093,95,23.69,50000,3814.02,0,0,12.931(16.164%)(0.000m),27.932(24.646%)(0.850m),50.000(44.118%)(3.214m),35.000(30.882%)(1.607m),17.000(21.250%)(0.000m),9.706(24.265%)(0.000m),12.000(30.000%)(0.214m),227.236,4342.915,72.7,1.3970,"[2.444, 2.616, 1.407, 2.671, 2.992, 1.545]","[4.385, 5.141, 4.671, 4.443, 5.476, 4.767]","[-4.402, -5.860, -6.709, -4.495, -5.543, -6.348]"
1187,3,2.3392,24.0649,0.178,169,490,3,15,0.093,45,23.67,50000,801.85,0,0,42.000(52.500%)(2.357m),84.000(74.118%)(6.857m),36.000(31.765%)(1.714m),19.000(16.765%)(0.000m),12.000(15.000%)(0.000m),40.000(100.000%)(3.214m),40.000(100.000%)(3.214m),4013.851,10396.270,67.0,1.5401,"[3.052, 3.459, 3.104, 3.008, 3.724, 3.148]","[4.769, 4.930, 4.498, 4.744, 5.185, 4.594]","[-5.450, -5.189, -6.463, -5.200, -5.552, -6.582]"
1188,3,11.9868,24.1050,0.194,502,1567,57,68,0.093,85,23.65,50000,2248.04,0,0,13.952(17.440%)(0.000m),25.888(22.842%)(0.631m),21.000(18.529%)(0.107m),20.000(17.647%)(0.000m),23.000(28.750%)(0.321m),12.039(30.097%)(0.218m),26.000(65.000%)(1.714m),0.000,4595.300,72.2,1.3890,"[2.508, 2.660, 1.837, 2.700, 3.082, 1.911]","[4.294, 4.929, 4.462, 4.679, 5.351, 4.582]","[-5.010, -6.766, -9.689, -6.098, -6.663, -12.494]"
1189,3,8.7832,23.7431,0.169,359,1097,18,11,0.093,70,23.63,50000,1710.15,0,0,11.286(14.108%)(0.000m),20.229(17.849%)(0.025m),47.789(42.167%)(2.977m),47.000(41.471%)(2.893m),28.000(35.000%)(0.857m),10.107(25.269%)(0.012m),23.000(57.500%)(1.393m),371.283,7145.120,70.7,1.4497,"[2.955, 3.223, 2.674, 3.070, 3.609, 2.828]","[4.427, 5.152, 4.624, 4.516, 5.494, 4.711]","[-4.832, -5.958, -6.080, -4.604, -5.751, -5.762]"
1190,3,35.2023,24.2555,0.163,803,2546,0,36,0.093,100,23.70,50000,3841.04,1,1,24.327(30.409%)(0.464m),50.000(44.118%)(3.214m),63.000(55.588%)(4.607m),40.000(35.294%)(2.143m),29.000(36.250%)(0.964m),17.184(42.959%)(0.770m),20.000(50.000%)(1.071m),314.860,4343.372,73.4,1.4164,"[2.850, 3.423, 2.798, 3.082, 3.869, 2.943]","[4.480, 5.158, 4.977, 4.693, 5.582, 5.076]","[-1.017, 0.460, -5.901, -1.143, -0.134, -5.926]"
1191,3,30.7615,24.5520,0.179,880,2712,107,100,0.092,100,23.76,50000,4080.19,2,1,22.183(27.729%)(0.234m),43.000(37.941%)(2.464m),59.000(52.059%)(4.179m),45.000(39.706%)(2.679m),22.000(27.500%)(0.214m),15.650(39.124%)(0.605m),20.000(50.000%)(1.071m),390.220,4550.990,71.3,1.4155,"[2.849, 3.178, 2.559, 2.964, 3.527, 2.724]","[4.395, 5.087, 4.754, 4.426, 5.425, 4.806]","[-0.868, 0.512, -4.760, -1.298, 0.131, -4.525]"
1192,3,36.9198,24.6977,0.173,797,2531,0,45,0.092,100,23.83,50000,3601.90,3,1,24.198(30.248%)(0.450m),49.000(43.235%)(3.107m),71.000(62.647%)(5.464m),50.000(44.118%)(3.214m),28.000(35.000%)(0.857m),17.112(42.780%)(0.762m),23.000(57.500%)(1.393m),536.794,4335.574,73.5,1.3735,"[2.978, 3.436, 2.872, 3.206, 3.960, 3.025]","[4.492, 5.020, 4.611, 4.679, 5.493, 4.780]","[0.785, 1.848, -3.908, -0.002, 2.156, -4.030]"
1193,3,18.7818,24.5679,0.170,731,2316,73,76,0.092,95,23.81,50000,3347.80,0,0,12.195(15.243%)(0.000m),24.836(21.914%)(0.518m),60.000(52.941%)(4.286m),43.000(37.941%)(2.464m),20.000(25.000%)(0.000m),9.637(24.091%)(0.000m),14.000(35.000%)(0.429m),433.537,4420.661,73.3,1.3576,"[2.596, 2.848, 2.190, 2.829, 3.307, 2.410]","[4.733, 5.223, 4.717, 4.846, 5.684, 4.856]","[-7.324, -5.940, -5.242, -5.938, -5.057, -4.513]"
1194,3,34.1280,24.5463,0.165,798,2534,51,43,0.092,100,23.87,50000,3658.09,1,1,20.777(25.971%)(0.083m),43.832(38.675%)(2.553m),70.000(61.765%)(5.357m),50.000(44.118%)(3.214m),28.000(35.000%)(0.857m),14.628(36.570%)(0.496m),20.000(50.000%)(1.071m),510.991,4403.242,73.5,1.3459,"[3.069, 3.526, 2.848, 3.266, 4.044, 3.022]","[4.589, 4.984, 4.696, 4.853, 5.468, 4.824]","[-0.923, 1.726, -5.037, -1.088, 1.874, -4.705]"
1195,3,30.1506,24.5837,0.166,825,2591,0,21,0.092,100,23.93,50000,3698.14,2,1,25.550(31.937%)(0.595m),53.420(47.136%)(3.581m),63.000(55.588%)(4.607m),43.000(37.941%)(2.464m),28.000(35.000%)(0.857m),18.066(45.165%)(0.864m),23.000(57.500%)(1.393m),362.394,5648.984,72.7,1.3486,"[3.062, 3.529, 2.996, 3.241, 3.976, 3.207]","[5.064, 5.186, 4.765, 5.090, 5.582, 4.926]","[-0.775, 0.569, -4.627, -0.011, -0.447, -4.318]"
1196,3,33.8022,24.6529,0.168,795,2526,0,147,0.091,100,24.00,50000,3604.57,3,1,24.330(30.413%)(0.464m),42.000(37.059%)(2.357m),70.000(61.765%)(5.357m),43.000(37.941%)(2.464m),24.000(30.000%)(0.429m),17.208(43.019%)(0.772m),20.000(50.000%)(1.071m),365.901,4287.905,73.5,1.4251,"[2.886, 3.334, 2.725, 3.113, 3.836, 2.940]","[4.429, 4.939, 4.542, 4.598, 5.384, 4.725]","[-1.507, 1.082, -4.165, -2.148, 1.795, -4.145]"
1197,3,22.6887,24.7446,0.163,807,2555,23,127,0.091,100,24.06,50000,3681.57,4,1,21.633(27.041%)(0.175m),45.616(40.250%)(2.745m),56.000(49.412%)(3.857m),41.000(36.177%)(2.250m),27.000(33.750%)(0.750m),15.235(38.087%)(0.561m),19.000(47.500%)(0.964m),343.537,4205.937,73.3,1.3740,"[2.792, 3.231, 2.515, 3.004, 3.662, 2.729]","[4.535, 5.131, 4.804, 4.566, 5.486, 4.935]","[-2.493, -0.078, -5.846, -4.127, -0.915, -6.056]"
1198,3,13.3977,24.3411,0.193,683,2148,112,61,0.091,95,24.04,50000,3174.13,0,0,16.156(20.195%)(0.000m),21.000(18.529%)(0.107m),20.000(17.647%)(0.000m),20.000(17.647%)(0.000m),28.000(35.000%)(0.857m),11.319(28.296%)(0.141m),20.000(50.000%)(1.071m),0.000,4176.157,72.8,1.3906,"[2.443, 2.502, 1.997, 2.595, 2.830, 2.217]","[4.462, 4.995, 4.736, 4.585, 5.405, 4.805]","[-7.176, -6.706, -5.472, -7.262, -6.816, -6.619]"
1199,3,35.7608,24.8848,0.164,802,2542,1,22,0.091,100,24.10,50000,3693.71,1,1,23.872(29.840%)(0.415m),43.000(37.941%)(2.464m),59.000(52.059%)(4.179m),41.000(36.177%)(2.250m),27.000(33.750%)(0.750m),16.877(42.193%)(0.737m),23.000(57.500%)(1.393m),321.966,4322.291,73.3,1.3451,"[3.058, 3.527, 2.895, 3.286, 3.987, 3.084]","[4.776, 5.183, 4.840, 4.831, 5.575, 5.018]","[-0.999, 0.358, -4.112, -0.332, -0.307, -3.904]"
1200,3,14.3642,24.4873,0.177,538,1695,11,57,0.091,85,24.08,50000,2578.28,0,0,23.000(28.750%)(0.321m),35.000(30.882%)(1.607m),59.000(52.059%)(4.179m),41.000(36.177%)(2.250m),13.000(16.250%)(0.000m),17.367(43.417%)(0.789m),10.000(25.000%)(0.000m),197.202,4649.603,72.9,1.4059,"[2.682, 3.065, 2.446, 2.863, 3.510, 2.613]","[4.419, 5.187, 4.732, 4.600, 5.529, 4.789]","[-8.161, -8.599, -6.042, -7.795, -8.222, -5.837]"
1201,3,35.7963,24.5487,0.171,799,2536,0,57,0.091,100,24.15,50000,3649.88,1,1,23.622(29.528%)(0.388m),49.493(43.670%)(3.160m),66.000(58.235%)(4.929m),47.000(41.471%)(2.893m),28.000(35.000%)(0.857m),16.704(41.761%)(0.718m),21.000(52.500%)(1.179m),480.644,4349.506,73.4,1.3506,"[3.144, 3.634, 2.934, 3.415, 4.136, 3.137]","[4.551, 5.077, 4.767, 5.060, 5.526, 4.880]","[-0.936, 1.046, -3.644, -0.772, 0.656, -3.382]"
1202,3,26.0677,24.8784,0.168,857,2663,141,123,0.090,100,24.21,50000,4021.57,2,1,21.975(27.468%)(0.212m),44.000(38.824%)(2.571m),65.000(57.353%)(4.821m),34.000(30.000%)(1.500m),16.000(20.000%)(0.000m),15.500(38.751%)(0.589m),11.000(27.500%)(0.107m),398.824,4357.887,71.9,1.4061,"[2.825, 3.177, 2.702, 2.973, 3.587, 2.877]","[4.801, 4.967, 4.631, 4.773, 5.396, 4.803]","[-4.272, -0.898, -3.870, -4.396, -1.076, -3.700]"
1203,3,27.5980,24.7030,0.164,841,2631,151,97,0.090,100,24.27,50000,3814.98,3,1,19.000(23.750%)(0.000m),39.000(34.412%)(2.036m),39.000(34.412%)(2.036m),29.000(25.588%)(0.964m),15.014(18.768%)(0.000m),13.000(32.500%)(0.321m),10.511(26.278%)(0.055m),240.992,4346.193,72.4,1.3131,"[2.307, 2.734, 2.392, 2.440, 3.113, 2.466]","[4.621, 5.196, 4.821, 5.033, 5.599, 4.853]","[-3.156, -4.571, -5.097, -5.391, -3.694, -5.548]"
1204,3,34.9428,25.1507,0.171,810,2560,41,73,0.090,100,24.34,50000,3644.48,4,1,19.611(24.514%)(0.000m),41.000(36.177%)(2.250m),48.000(42.353%)(3.000m),39.000(34.412%)(2.036m),28.000(35.000%)(0.857m),13.786(34.465%)(0.406m),21.000(52.500%)(1.179m),335.414,4223.288,73.1,1.3501,"[2.945, 3.402, 2.574, 3.162, 3.869, 2.732]","[4.507, 5.058, 4.692, 4.724, 5.431, 4.780]","[-1.715, 0.073, -4.769, -2.268, -0.917, -4.463]"
1205,3,35.0810,25.3324,0.168,815,2570,48,76,0.090,100,24.40,50000,3802.70,5,1,21.382(26.727%)(0.148m),42.000(37.059%)(2.357m),56.000(49.412%)(3.857m),46.000(40.588%)(2.786m),26.000(32.500%)(0.643m),15.079(37.697%)(0.544m),19.000(47.500%)(0.964m),350.541,4871.347,73.0,1.3767,"[2.878, 3.301, 2.634, 3.120, 3.756, 2.842]","[4.826, 4.896, 4.527, 4.949, 5.363, 4.622]","[-2.599, 0.185, -4.334, -3.928, -0.099, -4.092]"
1206,3,12.1169,24.9269,0.172,571,1783,27,77,0.090,90,24.38,50000,2612.84,0,0,24.429(30.536%)(0.475m),43.000(37.941%)(2.464m),65.000(57.353%)(4.821m),48.000(42.353%)(3.000m),17.000(21.250%)(0.000m),17.255(43.138%)(0.777m),11.000(27.500%)(0.107m),383.413,5087.012,72.3,1.3643,"[2.607, 3.193, 2.860, 2.828, 3.677, 3.077]","[4.334, 5.073, 4.646, 4.747, 5.478, 4.835]","[-8.224, -6.561, -3.987, -7.528, -6.312, -5.262]"
1207,3,28.4616,24.7611,0.173,809,2557,115,11,0.089,100,24.44,50000,3805.93,1,1,17.420(21.775%)(0.000m),37.228(32.848%)(1.846m),68.000(60.000%)(5.143m),46.000(40.588%)(2.786m),30.000(37.500%)(1.071m),12.216(30.539%)(0.237m),25.000(62.500%)(1.607m),455.586,4993.649,73.2,1.3944,"[3.058, 3.260, 2.398, 3.250, 3.692, 2.625]","[4.931, 5.008, 4.593, 5.054, 5.539, 4.676]","[-0.547, -4.396, -5.876, -0.493, -4.759, -5.309]"
1208,3,31.6201,24.8566,0.167,806,2553,145,80,0.089,100,24.50,50000,3759.08,2,1,20.307(25.384%)(0.033m),35.000(30.882%)(1.607m),44.000(38.824%)(2.571m),37.000(32.647%)(1.821m),26.000(32.500%)(0.643m),14.285(35.712%)(0.459m),19.000(47.500%)(0.964m),234.344,4143.683,73.3,1.3953,"[2.701, 3.116, 2.268, 2.883, 3.517, 2.428]","[4.704, 5.424, 5.006, 4.926, 5.801, 4.969]","[-2.241, -3.047, -5.179, -3.369, -3.346, -5.231]"
1209,3,34.6607,24.8414,0.169,798,2534,1,92,0.089,100,24.57,50000,3656.90,3,1,23.434(29.292%)(0.368m),45.000(39.706%)(2.679m),59.000(52.059%)(4.179m),46.000(40.588%)(2.786m),25.000(31.250%)(0.536m),16.557(41.393%)(0.703m),18.000(45.000%)(0.857m),392.965,4304.278,73.5,1.3764,"[2.870, 3.363, 2.738, 3.101, 3.851, 2.991]","[4.523, 5.004, 4.608, 4.555, 5.382, 4.783]","[-1.729, 0.311, -4.110, -2.139, -0.621, -4.093]"
1210,3,1.4399,24.1813,0.175,182,512,0,15,0.089,45,24.55,50000,866.73,0,0,20.000(25.000%)(0.000m),21.000(18.529%)(0.107m),47.000(41.471%)(2.893m),85.000(75.000%)(6.964m),49.000(61.250%)(3.107m),40.000(100.000%)(3.214m),40.000(100.000%)(3.214m),5129.138,12297.827,65.1,1.3466,"[3.216, 3.565, 2.806, 3.139, 3.876, 2.873]","[4.532, 4.966, 4.564, 4.611, 5.385, 4.811]","[-4.590, -5.995, -4.829, -8.888, -5.893, -5.240]"
1211,3,30.8190,24.1401,0.159,824,2591,18,81,0.089,100,24.61,50000,3795.37,1,1,24.000(30.000%)(0.429m),32.000(28.235%)(1.286m),46.000(40.588%)(2.786m),42.000(37.059%)(2.357m),24.000(30.000%)(0.429m),17.118(42.796%)(0.763m),17.000(42.500%)(0.750m),134.006,4315.961,72.8,1.3603,"[2.730, 3.189, 2.540, 2.937, 3.643, 2.710]","[4.337, 4.871, 4.451, 4.837, 5.304, 4.533]","[-3.199, -3.410, -5.802, -3.426, -2.868, -5.436]"
1212,3,12.7618,23.7965,0.159,522,1643,7,40,0.089,85,24.59,50000,2411.98,0,0,24.544(30.680%)(0.487m),47.000(41.471%)(2.893m),57.000(50.294%)(3.964m),22.000(19.412%)(0.214m),12.000(15.000%)(0.000m),17.339(43.346%)(0.786m),11.000(27.500%)(0.107m),362.187,4825.522,72.9,1.3651,"[2.601, 3.032, 2.347, 2.808, 3.452, 2.560]","[4.460, 5.048, 4.610, 4.648, 5.445, 4.718]","[-5.579, -6.043, -5.573, -6.984, -5.422, -5.621]"
1213,3,20.2695,23.4625,0.163,720,2245,14,75,0.088,95,24.57,50000,3329.03,0,0,10.870(13.587%)(0.000m),17.808(15.713%)(0.000m),34.402(30.355%)(1.543m),43.000(37.941%)(2.464m),24.000(30.000%)(0.429m),10.870(27.174%)(0.093m),20.000(50.000%)(1.071m),351.797,5113.953,72.2,1.3193,"[2.654, 3.074, 2.652, 2.867, 3.522, 2.856]","[5.074, 4.998, 4.644, 5.014, 5.446, 4.761]","[-5.264, -6.704, -5.206, -5.367, -5.834, -5.441]"
1214,3,37.1067,24.0113,0.163,842,2629,21,31,0.088,100,24.63,50000,3964.45,1,1,20.929(26.161%)(0.099m),42.000(37.059%)(2.357m),62.000(54.706%)(4.500m),42.000(37.059%)(2.357m),25.000(31.250%)(0.536m),14.750(36.874%)(0.509m),23.000(57.500%)(1.393m),367.073,5560.542,72.3,1.3878,"[2.916, 3.358, 2.671, 3.143, 3.837, 2.915]","[4.846, 4.925, 4.777, 4.812, 5.325, 4.900]","[-0.599, 0.493, -4.746, -1.683, 0.291, -4.476]"
1215,3,28.3226,24.4209,0.167,820,2581,1,121,0.088,100,24.69,50000,3759.02,2,1,23.734(29.668%)(0.400m),39.000(34.412%)(2.036m),59.000(52.059%)(4.179m),59.000(52.059%)(4.179m),29.000(36.250%)(0.964m),16.753(41.881%)(0.723m),21.000(52.500%)(1.179m),275.504,5063.310,72.8,1.3747,"[2.911, 3.329, 2.870, 3.106, 3.766, 3.074]","[4.768, 5.185, 4.935, 4.820, 5.563, 5.022]","[-0.686, 0.947, -3.879, -0.894, 1.470, -4.027]"
1216,3,32.5166,24.8687,0.176,808,2558,22,76,0.088,100,24.75,50000,3846.73,3,1,23.288(29.109%)(0.352m),39.000(34.412%)(2.036m),53.000(46.765%)(3.536m),44.000(38.824%)(2.571m),21.000(26.250%)(0.107m),16.451(41.128%)(0.691m),15.000(37.500%)(0.536m),302.257,4337.445,73.3,1.4305,"[2.592, 3.126, 2.441, 2.794, 3.549, 2.614]","[4.533, 4.940, 4.731, 4.881, 5.317, 4.817]","[-5.142, -1.759, -5.349, -5.084, -2.282, -5.050]"
1217,3,13.4648,24.4860,0.156,533,1677,48,82,0.088,85,24.73,50000,2410.20,0,0,20.130(25.163%)(0.014m),34.000(30.000%)(1.500m),46.000(40.588%)(2.786m),23.000(20.294%)(0.321m),12.000(15.000%)(0.000m),14.158(35.395%)(0.446m),10.000(25.000%)(0.000m),146.433,4719.253,72.8,1.3771,"[2.422, 2.812, 2.340, 2.635, 3.215, 2.502]","[4.641, 5.093, 4.674, 4.747, 5.550, 4.780]","[-8.235, -7.636, -5.820, -7.643, -6.760, -5.233]"
1218,3,34.8571,25.0434,0.165,799,2536,0,75,0.087,100,24.79,50000,3589.63,1,1,23.814(29.767%)(0.409m),46.000(40.588%)(2.786m),60.000(52.941%)(4.286m),43.000(37.941%)(2.464m),28.000(35.000%)(0.857m),16.833(42.082%)(0.732m),21.000(52.500%)(1.179m),376.235,4264.568,73.4,1.3514,"[2.847, 3.430, 2.747, 3.093, 3.882, 2.936]","[4.525, 5.133, 4.713, 4.750, 5.546, 4.855]","[-1.147, 0.326, -4.206, -1.396, -0.924, -4.090]"
1219,3,10.6803,24.6543,0.175,434,1276,15,24,0.087,75,24.77,50000,1997.09,0,0,11.819(14.773%)(0.000m),22.478(19.834%)(0.266m),61.194(53.995%)(4.414m),40.000(35.294%)(2.143m),26.000(32.500%)(0.643m),9.947(24.868%)(0.000m),25.000(62.500%)(1.607m),286.151,8782.291,68.1,1.3336,"[3.143, 3.453, 2.901, 3.314, 3.858, 3.060]","[5.214, 5.229, 5.012, 5.218, 5.676, 5.025]","[-4.883, -5.605, -5.678, -5.085, -6.022, -5.661]"
1220,3,25.3534,24.4635,0.175,811,2565,32,185,0.087,100,24.84,50000,3699.88,1,1,16.000(20.000%)(0.000m),33.000(29.118%)(1.393m),90.000(79.412%)(7.500m),47.000(41.471%)(2.893m),23.580(29.474%)(0.384m),11.000(27.500%)(0.107m),16.652(41.630%)(0.713m),679.636,4955.679,73.2,1.3619,"[2.104, 2.801, 2.236, 2.393, 3.345, 2.464]","[4.543, 5.065, 4.817, 4.746, 5.539, 4.937]","[-4.406, -5.857, -5.158, -4.827, -5.609, -5.347]"
1221,3,35.5344,24.9053,0.161,810,2560,2,93,0.087,100,24.90,50000,3594.82,2,1,23.270(29.087%)(0.350m),47.000(41.471%)(2.893m),58.000(51.177%)(4.071m),43.000(37.941%)(2.464m),26.000(32.500%)(0.643m),16.438(41.095%)(0.690m),20.000(50.000%)(1.071m),511.867,4261.979,73.1,1.3500,"[2.741, 3.267, 2.741, 2.923, 3.722, 2.928]","[4.357, 4.960, 4.519, 4.542, 5.367, 4.512]","[-1.693, 0.175, -4.343, -2.406, -1.360, -4.119]"
1222,3,32.9628,24.9250,0.177,810,2560,29,64,0.087,100,24.96,50000,3735.18,3,1,19.613(24.517%)(0.000m),37.000(32.647%)(1.821m),61.000(53.824%)(4.393m),45.000(39.706%)(2.679m),29.000(36.250%)(0.964m),13.794(34.484%)(0.406m),21.000(52.500%)(1.179m),310.196,4269.653,73.1,1.3701,"[2.929, 3.406, 2.584, 3.151, 3.844, 2.753]","[4.668, 5.144, 4.776, 4.821, 5.636, 4.812]","[-1.786, 0.478, -4.792, -2.409, -0.594, -4.371]"
1223,3,29.4475,24.8121,0.167,813,2568,185,62,0.087,100,25.02,50000,3739.02,4,1,16.323(20.404%)(0.000m),35.150(31.014%)(1.623m),57.000(50.294%)(3.964m),46.000(40.588%)(2.786m),28.000(35.000%)(0.857m),11.437(28.593%)(0.154m),20.000(50.000%)(1.071m),248.831,4462.506,73.1,1.3936,"[3.024, 3.219, 2.019, 3.239, 3.622, 2.241]","[4.473, 4.922, 4.535, 4.793, 5.268, 4.671]","[-0.967, -3.942, -5.360, -1.385, -3.463, -5.232]"
1224,3,21.0889,24.5115,0.165,834,2614,211,132,0.086,100,25.08,50000,3818.93,5,1,18.205(22.757%)(0.000m),38.847(34.276%)(2.019m),53.000(46.765%)(3.536m),39.000(34.412%)(2.036m),18.000(22.500%)(0.000m),12.778(31.946%)(0.298m),13.000(32.500%)(0.321m),292.568,4698.195,72.5,1.3427,"[2.711, 3.063, 2.248, 2.966, 3.509, 2.476]","[4.759, 5.302, 5.006, 5.063, 5.759, 5.108]","[-5.158, -4.757, -4.677, -5.143, -5.100, -4.211]"
1225,3,36.7926,25.0732,0.160,796,2529,0,64,0.086,100,25.14,50000,3782.48,6,1,24.750(30.938%)(0.509m),45.000(39.706%)(2.679m),60.000(52.941%)(4.286m),42.000(37.059%)(2.357m),28.000(35.000%)(0.857m),17.513(43.781%)(0.805m),20.000(50.000%)(1.071m),388.980,4265.047,73.5,1.4685,"[3.029, 3.593, 2.965, 3.239, 4.099, 3.194]","[4.709, 5.114, 4.808, 4.819, 5.567, 4.893]","[-1.991, 0.488, -4.618, -2.939, 1.286, -4.722]"
1226,3,27.3539,25.4544,0.162,949,2859,162,119,0.086,100,25.20,50000,4363.49,7,1,23.000(28.750%)(0.321m),49.090(43.315%)(3.117m),52.000(45.882%)(3.429m),37.000(32.647%)(1.821m),19.758(24.698%)(0.000m),16.517(41.292%)(0.698m),13.893(34.733%)(0.417m),297.223,5490.868,69.7,1.3538,"[2.636, 3.413, 2.889, 2.751, 3.778, 3.031]","[4.693, 5.344, 4.889, 4.886, 5.710, 4.990]","[-2.567, -0.022, -4.654, -4.272, -0.954, -4.657]"
1227,3,9.4469,24.9587,0.161,498,1560,33,72,0.086,85,25.18,50000,2323.23,0,0,22.000(27.500%)(0.214m),28.000(24.706%)(0.857m),42.000(37.059%)(2.357m),44.000(38.824%)(2.571m),24.000(30.000%)(0.429m),17.853(44.632%)(0.841m),14.000(35.000%)(0.429m),20.109,4675.917,72.5,1.3874,"[2.884, 3.132, 2.406, 3.104, 3.530, 2.516]","[4.792, 5.297, 5.001, 4.848, 5.685, 5.048]","[-4.727, -4.475, -4.944, -4.404, -5.082, -5.012]"
1228,3,13.9858,24.6311,0.156,533,1670,9,40,0.086,85,25.16,50000,2419.85,0,0,24.370(30.462%)(0.468m),42.000(37.059%)(2.357m),62.000(54.706%)(4.500m),29.000(25.588%)(0.964m),14.000(17.500%)(0.000m),17.213(43.031%)(0.773m),10.000(25.000%)(0.000m),392.133,4873.003,72.5,1.3329,"[2.855, 3.362, 2.954, 3.069, 3.776, 3.080]","[4.875, 5.419, 4.989, 5.004, 5.750, 5.021]","[-7.575, -4.478, -2.932, -6.704, -4.769, -2.863]"
1229,3,14.5624,24.3132,0.164,533,1672,11,63,0.086,85,25.14,50000,2470.09,0,0,24.434(30.543%)(0.475m),45.000(39.706%)(2.679m),60.000(52.941%)(4.286m),29.000(25.588%)(0.964m),13.000(16.250%)(0.000m),17.259(43.148%)(0.778m),10.000(25.000%)(0.000m),410.811,4825.370,72.6,1.4052,"[2.806, 3.242, 2.811, 3.003, 3.688, 3.007]","[4.615, 5.069, 4.747, 4.868, 5.482, 4.787]","[-9.448, -7.513, -5.660, -8.863, -6.309, -5.289]"
1230,3,36.9218,24.8358,0.160,800,2538,24,17,0.085,100,25.20,50000,3563.77,1,1,20.312(25.390%)(0.033m),43.008(37.949%)(2.465m),59.000(52.059%)(4.179m),43.000(37.941%)(2.464m),28.000(35.000%)(0.857m),14.288(35.721%)(0.459m),23.000(57.500%)(1.393m),372.027,4322.691,73.4,1.3464,"[3.021, 3.484, 2.568, 3.294, 3.941, 2.777]","[4.622, 5.141, 4.662, 4.832, 5.438, 4.710]","[-0.428, 0.483, -5.510, 0.113, -0.277, -5.270]"
1231,3,25.5703,24.7518,0.160,840,2626,147,76,0.085,100,25.26,50000,3837.23,2,1,22.635(28.294%)(0.282m),46.000(40.588%)(2.786m),55.000(48.530%)(3.750m),44.000(38.824%)(2.571m),26.000(32.500%)(0.643m),15.960(39.900%)(0.639m),18.000(45.000%)(0.857m),371.854,5074.512,72.4,1.3746,"[2.838, 3.123, 2.468, 3.003, 3.522, 2.625]","[4.712, 4.986, 4.755, 4.849, 5.386, 4.869]","[-2.194, -2.543, -6.001, -1.878, -2.216, -6.221]"
1232,3,31.5870,25.1830,0.159,802,2544,23,103,0.085,100,25.32,50000,3597.92,3,1,20.400(25.500%)(0.043m),42.000(37.059%)(2.357m),61.000(53.824%)(4.393m),42.000(37.059%)(2.357m),27.000(33.750%)(0.750m),14.357(35.893%)(0.467m),20.000(50.000%)(1.071m),337.256,4212.497,73.4,1.4017,"[2.832, 3.268, 2.279, 3.030, 3.677, 2.490]","[4.631, 5.010, 4.645, 4.805, 5.435, 4.760]","[-1.780, 0.119, -5.572, -2.111, -0.466, -5.269]"
1233,3,33.1370,25.5307,0.168,804,2547,85,65,0.085,100,25.39,50000,3725.16,4,1,16.561(20.701%)(0.000m),35.548(31.366%)(1.666m),73.000(64.412%)(5.679m),46.000(40.588%)(2.786m),27.000(33.750%)(0.750m),11.607(29.017%)(0.172m),20.000(50.000%)(1.071m),476.956,4397.613,73.3,1.3775,"[3.011, 3.367, 2.660, 3.247, 3.814, 2.893]","[4.879, 5.399, 5.197, 5.007, 5.872, 5.214]","[-2.425, -4.498, -5.490, -3.031, -4.911, -5.321]"
1234,3,28.8325,25.3598,0.170,852,2652,35,129,0.085,100,25.45,50000,3992.31,5,1,23.327(29.159%)(0.356m),42.000(37.059%)(2.357m),62.000(54.706%)(4.500m),36.000(31.765%)(1.714m),15.000(18.750%)(0.000m),16.480(41.199%)(0.694m),11.000(27.500%)(0.107m),376.434,5775.777,72.0,1.4304,"[2.867, 3.423, 2.881, 3.124, 3.908, 3.028]","[5.295, 5.510, 5.039, 5.350, 5.891, 5.123]","[-7.866, -6.057, -3.545, -7.331, -5.858, -3.639]"
1235,3,35.0604,25.3723,0.167,827,2596,23,80,0.085,100,25.51,50000,3740.17,6,1,20.477(25.597%)(0.051m),40.000(35.294%)(2.143m),60.000(52.941%)(4.286m),50.000(44.118%)(3.214m),28.000(35.000%)(0.857m),14.413(36.032%)(0.473m),20.000(50.000%)(1.071m),346.223,4929.633,72.6,1.3352,"[3.108, 3.630, 2.862, 3.344, 4.080, 3.060]","[4.867, 5.497, 5.065, 4.793, 5.721, 5.066]","[-0.911, 0.872, -4.861, -1.476, 0.401, -4.464]"
1236,3,13.7705,25.3812,0.152,537,1677,27,45,0.084,85,25.49,50000,2550.43,0,0,20.673(25.842%)(0.072m),43.270(38.180%)(2.493m),60.000(52.941%)(4.286m),19.000(16.765%)(0.000m),11.000(13.750%)(0.000m),14.548(36.371%)(0.487m),11.000(27.500%)(0.107m),400.811,5359.252,72.3,1.4110,"[2.926, 3.317, 2.648, 3.091, 3.691, 2.862]","[4.746, 5.436, 5.111, 4.783, 5.777, 5.181]","[-4.958, -5.776, -6.184, -6.221, -5.639, -5.877]"
1237,3,29.5230,25.9248,0.157,821,2585,92,108,0.084,100,25.55,50000,3620.30,1,1,17.230(21.538%)(0.000m),34.000(30.000%)(1.500m),63.000(55.588%)(4.607m),41.000(36.177%)(2.250m),23.000(28.750%)(0.321m),12.089(30.222%)(0.224m),17.000(42.500%)(0.750m),213.001,4273.398,72.9,1.3482,"[2.792, 3.168, 2.047, 2.987, 3.559, 2.215]","[4.487, 5.172, 4.768, 4.644, 5.514, 4.916]","[-3.592, -2.059, -5.270, -4.196, -2.029, -5.189]"
1238,3,30.7563,26.3002,0.164,810,2560,27,126,0.084,100,25.61,50000,3638.37,2,1,20.803(26.004%)(0.086m),37.000(32.647%)(1.821m),54.000(47.647%)(3.643m),39.000(34.412%)(2.036m),28.000(35.000%)(0.857m),14.648(36.619%)(0.498m),20.000(50.000%)(1.071m),314.813,4166.296,73.1,1.3591,"[2.865, 3.338, 2.396, 3.086, 3.781, 2.606]","[4.724, 5.337, 4.807, 5.002, 5.831, 4.891]","[-2.635, -0.808, -5.526, -4.520, -0.859, -5.696]"
1239,3,13.8987,26.4025,0.160,769,2423,78,97,0.084,95,25.59,50000,3455.69,0,0,12.459(15.574%)(0.000m),25.375(22.390%)(0.576m),63.000(55.588%)(4.607m),42.000(37.059%)(2.357m),21.000(26.250%)(0.107m),9.846(24.614%)(0.000m),15.000(37.500%)(0.536m),285.367,4489.177,72.9,1.3672,"[2.681, 3.076, 2.238, 2.855, 3.451, 2.404]","[4.501, 5.241, 4.661, 4.550, 5.493, 4.707]","[-6.744, -5.389, -6.197, -5.693, -5.700, -5.905]"
1240,3,29.7425,26.2933,0.163,822,2587,71,49,0.084,100,25.65,50000,3804.38,1,1,16.360(20.450%)(0.000m),35.222(31.078%)(1.631m),64.000(56.471%)(4.714m),43.000(37.941%)(2.464m),28.000(35.000%)(0.857m),11.463(28.658%)(0.157m),21.000(52.500%)(1.179m),370.811,4945.065,72.8,1.3802,"[2.980, 3.359, 2.469, 3.193, 3.771, 2.694]","[4.560, 5.164, 4.971, 4.736, 5.577, 5.003]","[-0.897, -4.159, -4.973, -1.299, -3.899, -4.547]"
1241,3,7.0216,25.8185,0.160,339,1050,18,26,0.084,70,25.62,50000,1536.63,0,0,11.332(14.165%)(0.000m),20.311(17.922%)(0.033m),47.983(42.338%)(2.998m),51.000(45.000%)(3.321m),30.000(37.500%)(1.071m),10.148(25.371%)(0.016m),26.000(65.000%)(1.714m),455.349,6011.390,71.7,1.3532,"[3.093, 3.251, 2.593, 3.328, 3.621, 2.717]","[4.589, 5.150, 4.781, 4.729, 5.506, 4.912]","[-4.861, -6.348, -5.060, -4.643, -6.049, -5.183]"
1242,3,7.5424,25.2310,0.147,363,1123,19,59,0.083,70,25.60,50000,1609.18,0,0,13.025(16.282%)(0.000m),28.127(24.818%)(0.871m),95.250(84.044%)(8.062m),58.000(51.177%)(4.071m),30.000(37.500%)(1.071m),9.777(24.443%)(0.000m),30.000(75.000%)(2.143m),860.110,6083.020,71.6,1.3539,"[3.053, 3.024, 2.478, 3.314, 3.478, 2.699]","[4.610, 5.209, 4.663, 4.651, 5.566, 4.727]","[-5.084, -6.341, -6.125, -3.731, -5.603, -5.480]"
1243,3,34.6235,25.5478,0.154,822,2586,52,57,0.083,100,25.66,50000,4059.03,1,1,16.280(20.350%)(0.000m),35.026(30.906%)(1.610m),58.000(51.177%)(4.071m),43.000(37.941%)(2.464m),28.000(35.000%)(0.857m),11.411(28.527%)(0.151m),21.000(52.500%)(1.179m),301.008,4890.899,72.8,1.5156,"[3.014, 3.407, 2.578, 3.285, 3.845, 2.773]","[4.641, 5.144, 4.757, 4.741, 5.564, 4.882]","[-0.058, -4.051, -5.164, -0.327, -3.848, -5.096]"
1244,3,37.3556,25.6124,0.157,842,2628,0,60,0.083,100,25.72,50000,3874.01,2,1,24.234(30.292%)(0.454m),50.796(44.820%)(3.300m),71.000(62.647%)(5.464m),49.000(43.235%)(3.107m),26.000(32.500%)(0.643m),17.138(42.845%)(0.765m),23.000(57.500%)(1.393m),514.291,6017.112,72.2,1.4110,"[3.181, 3.675, 3.147, 3.436, 4.165, 3.365]","[5.321, 5.335, 4.864, 5.410, 5.633, 4.931]","[0.073, 1.973, -2.836, 0.191, 2.401, -2.870]"
1245,3,33.0480,25.6703,0.166,804,2547,0,87,0.083,100,25.78,50000,3645.36,3,1,24.118(30.147%)(0.441m),49.000(43.235%)(3.107m),60.000(52.941%)(4.286m),39.000(34.412%)(2.036m),28.000(35.000%)(0.857m),17.054(42.634%)(0.756m),20.000(50.000%)(1.071m),271.147,4242.798,73.3,1.3716,"[3.057, 3.630, 2.722, 3.296, 4.093, 2.914]","[4.682, 5.564, 4.937, 5.045, 5.891, 4.965]","[-1.530, 0.546, -5.904, -2.540, -0.815, -5.708]"
1246,3,26.4666,25.5236,0.153,850,2650,61,87,0.083,100,25.84,50000,3843.38,4,1,19.740(24.675%)(0.000m),41.784(36.868%)(2.334m),63.000(55.588%)(4.607m),39.000(34.412%)(2.036m),18.000(22.500%)(0.000m),13.885(34.711%)(0.416m),13.000(32.500%)(0.321m),374.076,5775.952,72.2,1.3108,"[2.892, 3.416, 2.935, 3.157, 3.851, 3.129]","[4.827, 5.226, 5.138, 4.993, 5.670, 5.169]","[-5.196, -3.484, -4.190, -5.165, -4.543, -3.801]"
1247,3,7.5768,25.2214,0.162,416,1216,11,38,0.083,70,25.82,50000,1951.81,0,0,11.832(14.791%)(0.000m),23.101(20.383%)(0.332m),61.000(53.824%)(4.393m),41.000(36.177%)(2.250m),29.000(36.250%)(0.964m),9.712(24.281%)(0.000m),29.000(72.500%)(2.036m),297.188,6039.046,67.7,1.3758,"[3.072, 3.237, 2.811, 3.164, 3.525, 2.873]","[4.931, 5.183, 5.008, 5.035, 5.658, 4.997]","[-5.285, -5.957, -5.533, -4.830, -5.167, -5.621]"
1248,3,32.8874,25.6112,0.146,814,2569,58,85,0.082,100,25.88,50000,3683.11,1,1,16.535(20.668%)(0.000m),35.564(31.380%)(1.668m),61.000(53.824%)(4.393m),47.000(41.471%)(2.893m),24.000(30.000%)(0.429m),11.587(28.969%)(0.170m),17.000(42.500%)(0.750m),315.085,5122.943,73.1,1.3251,"[2.949, 3.391, 2.777, 3.164, 3.856, 2.994]","[5.068, 5.123, 4.633, 5.282, 5.603, 4.821]","[-2.518, -3.537, -5.071, -2.855, -3.593, -4.781]"
1249,3,36.0679,25.6173,0.138,811,2563,25,31,0.082,100,25.94,50000,3758.08,2,1,21.096(26.370%)(0.117m),42.000(37.059%)(2.357m),55.000(48.530%)(3.750m),40.000(35.294%)(2.143m),27.000(33.750%)(0.750m),14.850(37.125%)(0.520m),23.000(57.500%)(1.393m),294.855,4493.827,73.1,1.3840,"[2.945, 3.415, 2.661, 3.160, 3.887, 2.881]","[4.749, 4.969, 4.534, 4.872, 5.288, 4.743]","[-2.052, 0.340, -5.638, -3.427, -1.129, -5.426]"
1250,3,32.1275,25.9726,0.155,803,2545,24,84,0.082,100,26.00,50000,3657.22,3,1,20.326(25.408%)(0.035m),41.000(36.177%)(2.250m),62.000(54.706%)(4.500m),40.000(35.294%)(2.143m),26.000(32.500%)(0.643m),14.305(35.762%)(0.461m),20.000(50.000%)(1.071m),325.655,4210.866,73.4,1.3833,"[2.860, 3.345, 2.570, 3.057, 3.762, 2.774]","[4.563, 5.061, 4.753, 4.903, 5.467, 4.846]","[-1.769, 0.498, -5.031, -2.003, -0.569, -4.756]"
1251,3,15.2235,25.5611,0.165,578,1789,25,71,0.082,85,25.98,50000,2759.56,0,0,24.595(30.743%)(0.492m),41.000(36.177%)(2.250m),62.000(54.706%)(4.500m),47.000(41.471%)(2.893m),16.000(20.000%)(0.000m),17.375(43.438%)(0.790m),10.000(25.000%)(0.000m),333.646,5835.697,71.6,1.3868,"[2.630, 3.364, 3.041, 2.867, 3.791, 3.215]","[4.988, 5.302, 5.121, 5.059, 5.712, 5.168]","[-8.785, -4.324, -2.896, -7.906, -4.300, -3.151]"
1252,3,33.2568,25.7049,0.151,800,2539,22,82,0.082,100,26.04,50000,3775.72,1,1,20.673(25.842%)(0.072m),42.000(37.059%)(2.357m),63.000(55.588%)(4.607m),44.000(38.824%)(2.571m),28.000(35.000%)(0.857m),14.548(36.371%)(0.487m),20.000(50.000%)(1.071m),374.882,4254.878,73.4,1.4094,"[2.950, 3.401, 2.736, 3.156, 3.829, 2.959]","[4.455, 5.015, 4.709, 4.671, 5.409, 4.770]","[-2.021, -2.085, -4.983, -2.322, -2.299, -4.801]"
1253,3,9.4258,25.3415,0.146,339,1051,21,10,0.082,70,26.02,50000,1606.83,0,0,11.367(14.208%)(0.000m),20.373(17.976%)(0.040m),48.129(42.467%)(3.014m),43.000(37.941%)(2.464m),29.000(36.250%)(0.964m),10.179(25.448%)(0.019m),26.000(65.000%)(1.714m),362.187,5973.162,71.7,1.4769,"[2.963, 3.336, 2.731, 3.129, 3.775, 2.921]","[4.313, 4.989, 4.801, 4.441, 5.417, 4.826]","[-5.794, -5.626, -5.602, -5.959, -5.246, -5.731]"
1254,3,32.0591,25.2838,0.146,803,2547,0,89,0.081,100,26.08,50000,3602.61,1,1,23.592(29.489%)(0.385m),44.000(38.824%)(2.571m),66.000(58.235%)(4.929m),46.000(40.588%)(2.786m),29.000(36.250%)(0.964m),16.672(41.679%)(0.715m),21.000(52.500%)(1.179m),402.861,4326.191,73.4,1.2810,"[2.889, 3.290, 2.576, 3.083, 3.720, 2.775]","[4.600, 5.072, 4.795, 4.738, 5.462, 4.894]","[-0.424, -1.896, -6.197, -1.568, -1.649, -6.338]"
1255,3,35.8228,25.2986,0.152,797,2533,1,72,0.081,100,26.14,50000,3609.96,2,1,24.454(30.567%)(0.477m),44.000(38.824%)(2.571m),58.000(51.177%)(4.071m),50.000(44.118%)(3.214m),28.000(35.000%)(0.857m),17.276(43.189%)(0.780m),20.000(50.000%)(1.071m),394.163,4309.656,73.5,1.3139,"[2.839, 3.394, 2.805, 3.065, 3.854, 2.992]","[4.816, 5.250, 4.941, 4.886, 5.596, 4.895]","[-0.771, 0.663, -3.739, -1.591, 0.089, -3.871]"
1256,3,35.7815,25.7719,0.151,833,2609,51,28,0.081,100,26.19,50000,3802.05,3,1,16.906(21.132%)(0.000m),36.187(31.930%)(1.734m),62.000(54.706%)(4.500m),47.000(41.471%)(2.893m),26.000(32.500%)(0.643m),11.854(29.635%)(0.199m),23.000(57.500%)(1.393m),442.042,5587.070,72.5,1.3375,"[3.080, 3.414, 2.638, 3.305, 3.871, 2.810]","[5.092, 5.026, 4.658, 5.222, 5.425, 4.709]","[-0.423, -3.265, -5.156, -0.413, -2.466, -4.984]"
1257,3,28.6223,25.7751,0.165,806,2550,9,64,0.081,100,26.25,50000,3630.41,4,1,19.845(24.807%)(0.000m),38.000(33.530%)(1.929m),68.000(60.000%)(5.143m),69.000(60.883%)(5.250m),24.000(30.000%)(0.429m),14.339(35.846%)(0.465m),17.000(42.500%)(0.750m),364.796,4604.498,73.2,1.3789,"[3.007, 3.455, 2.636, 3.258, 3.882, 2.864]","[4.411, 5.006, 4.498, 4.712, 5.369, 4.588]","[-3.440, 0.357, -4.299, -3.523, 0.270, -4.000]"
1258,3,29.0140,25.7230,0.157,822,2586,39,52,0.081,100,26.31,50000,3749.45,5,1,17.547(21.934%)(0.000m),37.546(33.129%)(1.880m),54.000(47.647%)(3.643m),39.000(34.412%)(2.036m),26.000(32.500%)(0.643m),12.315(30.788%)(0.248m),22.000(55.000%)(1.286m),249.456,4987.232,72.8,1.3396,"[2.889, 3.325, 2.502, 3.067, 3.703, 2.732]","[5.000, 5.050, 4.690, 5.164, 5.411, 4.721]","[-1.829, -1.188, -4.708, -3.658, -1.272, -4.422]"
1259,3,26.9886,25.5696,0.151,875,2701,45,144,0.081,100,26.37,50000,4030.30,6,1,19.205(24.006%)(0.000m),40.820(36.018%)(2.231m),63.000(55.588%)(4.607m),47.000(41.471%)(2.893m),25.000(31.250%)(0.536m),13.495(33.736%)(0.374m),16.000(40.000%)(0.643m),433.471,4967.291,71.4,1.3729,"[2.863, 3.378, 2.846, 3.061, 3.791, 2.999]","[4.572, 5.154, 4.933, 4.859, 5.600, 5.001]","[-2.919, 0.489, -4.057, -3.052, 0.360, -4.087]"
1260,3,34.9582,26.2399,0.159,799,2536,1,88,0.080,100,26.43,50000,3738.00,7,1,24.935(31.168%)(0.529m),42.000(37.059%)(2.357m),59.000(52.059%)(4.179m),38.000(33.530%)(1.929m),24.000(30.000%)(0.429m),17.621(44.053%)(0.817m),17.000(42.500%)(0.750m),264.345,4334.892,73.4,1.4079,"[2.831, 3.394, 2.768, 3.077, 3.851, 3.004]","[4.460, 4.895, 4.550, 4.613, 5.317, 4.698]","[-2.153, 0.327, -4.533, -2.293, -1.177, -4.358]"
1261,3,29.4032,26.2116,0.147,808,2556,59,47,0.080,100,26.49,50000,3814.01,8,1,16.494(20.617%)(0.000m),35.419(31.252%)(1.652m),72.000(63.530%)(5.571m),46.000(40.588%)(2.786m),30.000(37.500%)(1.071m),11.559(28.897%)(0.167m),26.000(65.000%)(1.714m),433.031,4612.351,73.2,1.4287,"[2.990, 3.205, 2.345, 3.219, 3.651, 2.559]","[4.407, 4.998, 4.665, 4.922, 5.417, 4.804]","[-0.552, -5.742, -5.364, -1.128, -5.622, -5.914]"
1262,3,34.5634,26.6477,0.144,806,2550,10,23,0.080,100,26.55,50000,3773.07,9,1,21.167(26.459%)(0.125m),44.602(39.355%)(2.636m),55.000(48.530%)(3.750m),43.000(37.941%)(2.464m),28.000(35.000%)(0.857m),15.305(38.261%)(0.568m),25.000(62.500%)(1.607m),423.236,4524.552,73.2,1.3403,"[2.996, 3.459, 2.766, 3.230, 3.931, 2.984]","[4.488, 5.048, 4.805, 4.688, 5.503, 4.870]","[-1.431, 0.616, -4.852, -3.572, -0.727, -4.889]"
1263,3,9.8472,26.4392,0.156,414,1282,18,65,0.080,75,26.52,50000,1930.79,0,0,11.110(13.887%)(0.000m),20.138(17.769%)(0.015m),49.011(43.245%)(3.108m),51.000(45.000%)(3.321m),28.000(35.000%)(0.857m),9.827(24.568%)(0.000m),25.000(62.500%)(1.607m),577.137,5894.931,71.7,1.3586,"[3.193, 3.437, 2.690, 3.436, 3.874, 2.828]","[4.907, 5.120, 4.682, 5.075, 5.468, 4.749]","[-5.302, -5.668, -6.458, -5.483, -5.945, -6.126]"
1264,3,34.8688,26.3944,0.161,808,2554,0,72,0.080,100,26.58,50000,3642.30,1,1,24.086(30.108%)(0.438m),40.000(35.294%)(2.143m),60.000(52.941%)(4.286m),46.000(40.588%)(2.786m),29.000(36.250%)(0.964m),17.031(42.577%)(0.753m),21.000(52.500%)(1.179m),351.430,4333.009,73.2,1.3619,"[3.175, 3.555, 2.740, 3.388, 4.027, 2.970]","[4.712, 5.182, 4.965, 4.901, 5.556, 5.074]","[-0.459, 1.508, -4.314, -0.522, 1.636, -4.304]"
1265,3,15.0418,26.1288,0.179,533,1664,1,40,0.080,85,26.56,50000,2529.53,0,0,23.928(29.910%)(0.421m),40.000(35.294%)(2.143m),60.000(52.941%)(4.286m),25.000(22.059%)(0.536m),13.000(16.250%)(0.000m),16.893(42.231%)(0.738m),11.000(27.500%)(0.107m),333.942,5122.568,72.2,1.4233,"[2.565, 3.171, 2.707, 2.715, 3.542, 2.882]","[4.614, 5.308, 4.933, 4.884, 5.691, 5.029]","[-5.264, -5.372, -5.560, -6.521, -5.589, -4.959]"
1266,3,32.3466,26.1254,0.146,804,2547,100,86,0.079,100,26.62,50000,3648.02,1,1,22.365(27.957%)(0.253m),40.000(35.294%)(2.143m),60.000(52.941%)(4.286m),45.000(39.706%)(2.679m),26.000(32.500%)(0.643m),15.782(39.454%)(0.619m),19.000(47.500%)(0.964m),347.838,4267.811,73.3,1.3382,"[3.017, 3.505, 2.733, 3.230, 3.934, 2.934]","[4.613, 4.937, 4.651, 4.951, 5.319, 4.712]","[-1.180, 0.988, -4.109, -2.273, 0.734, -4.004]"
1267,3,9.2118,26.0404,0.145,569,1735,166,64,0.079,85,26.60,50000,2627.02,0,0,18.143(22.679%)(0.000m),26.000(22.941%)(0.643m),31.000(27.353%)(1.179m),18.000(15.882%)(0.000m),11.000(13.750%)(0.000m),12.734(31.834%)(0.293m),26.000(65.000%)(1.714m),146.784,5528.819,70.6,1.3666,"[2.564, 2.646, 1.688, 2.749, 2.932, 1.705]","[4.865, 4.869, 4.637, 5.012, 5.207, 4.638]","[-7.538, -6.328, -7.796, -5.085, -4.986, -9.288]"
1268,3,32.4186,25.9916,0.158,812,2563,16,118,0.079,100,26.66,50000,3855.64,1,1,25.190(31.487%)(0.556m),52.702(46.502%)(3.504m),43.000(37.941%)(2.464m),31.000(27.353%)(1.179m),21.000(26.250%)(0.107m),17.832(44.579%)(0.839m),19.000(47.500%)(0.964m),92.297,4922.266,73.0,1.3876,"[2.764, 3.256, 2.773, 2.999, 3.676, 2.947]","[5.136, 4.973, 4.750, 5.362, 5.378, 4.837]","[-3.550, -1.165, -5.219, -5.377, -3.194, -5.081]"
1269,3,26.8090,26.3142,0.162,817,2575,38,163,0.079,100,26.71,50000,3895.45,2,1,23.940(29.926%)(0.422m),48.000(42.353%)(3.000m),68.000(60.000%)(5.143m),42.000(37.059%)(2.357m),16.000(20.000%)(0.000m),16.925(42.312%)(0.742m),12.000(30.000%)(0.214m),346.942,4817.348,72.9,1.3807,"[2.717, 3.338, 2.989, 2.956, 3.858, 3.206]","[4.855, 5.250, 4.792, 5.062, 5.651, 4.860]","[-5.662, -2.200, -3.686, -5.414, -1.834, -3.791]"
1270,3,36.1695,26.5305,0.152,804,2547,0,76,0.079,100,26.77,50000,3750.73,3,1,24.830(31.037%)(0.517m),41.000(36.177%)(2.250m),61.000(53.824%)(4.393m),47.000(41.471%)(2.893m),27.000(33.750%)(0.750m),17.570(43.926%)(0.811m),20.000(50.000%)(1.071m),330.417,4261.087,73.3,1.4276,"[3.037, 3.612, 2.964, 3.279, 4.077, 3.147]","[4.546, 5.207, 4.727, 4.721, 5.717, 4.873]","[-1.391, 1.012, -3.828, -1.885, 0.718, -3.792]"
1271,3,34.9855,26.5195,0.163,799,2534,0,69,0.079,100,26.83,50000,3665.12,4,1,24.466(30.582%)(0.478m),50.227(44.318%)(3.239m),71.000(62.647%)(5.464m),44.000(38.824%)(2.571m),28.000(35.000%)(0.857m),17.282(43.204%)(0.780m),18.000(45.000%)(0.857m),405.125,4752.263,73.4,1.3664,"[2.969, 3.479, 2.840, 3.198, 3.941, 3.062]","[4.717, 5.104, 4.799, 4.829, 5.601, 4.969]","[-1.728, 1.312, -4.456, -0.588, 1.666, -4.421]"
1272,3,32.4581,26.5094,0.158,802,2542,0,114,0.079,100,26.89,50000,3700.88,5,1,24.599(30.748%)(0.493m),51.524(45.462%)(3.378m),63.000(55.588%)(4.607m),43.000(37.941%)(2.464m),24.000(30.000%)(0.429m),17.378(43.445%)(0.790m),17.000(42.500%)(0.750m),397.826,4461.020,73.3,1.3731,"[2.624, 3.179, 2.761, 2.805, 3.633, 2.980]","[4.314, 5.130, 4.520, 4.424, 5.395, 4.650]","[-2.865, -0.389, -4.065, -4.067, -0.041, -4.235]"
1273,3,25.3390,26.4273,0.157,814,2569,106,119,0.078,100,26.94,50000,3714.93,6,1,21.991(27.489%)(0.213m),45.000(39.706%)(2.679m),55.000(48.530%)(3.750m),41.000(36.177%)(2.250m),27.000(33.750%)(0.750m),15.510(38.776%)(0.590m),19.000(47.500%)(0.964m),317.361,4302.570,73.1,1.3995,"[2.697, 3.130, 2.479, 2.864, 3.548, 2.709]","[4.608, 5.018, 4.670, 4.697, 5.456, 4.785]","[-2.054, 0.271, -4.879, -3.716, -0.919, -4.748]"
1274,3,35.2295,26.7101,0.153,798,2532,0,68,0.078,100,27.00,50000,3711.47,7,1,24.228(30.285%)(0.453m),50.785(44.811%)(3.298m),60.000(52.941%)(4.286m),42.000(37.059%)(2.357m),24.000(30.000%)(0.429m),17.134(42.835%)(0.764m),21.000(52.500%)(1.179m),331.396,4429.494,73.4,1.3518,"[3.064, 3.623, 3.089, 3.278, 4.105, 3.327]","[4.632, 5.210, 4.885, 4.838, 5.535, 4.884]","[-0.675, 0.970, -3.561, -1.100, -0.102, -3.401]"
1275,3,33.4798,26.6438,0.155,799,2537,0,123,0.078,100,27.06,50000,3690.56,8,1,24.313(30.392%)(0.462m),35.000(30.882%)(1.607m),61.000(53.824%)(4.393m),42.000(37.059%)(2.357m),21.000(26.250%)(0.107m),17.172(42.929%)(0.768m),17.000(42.500%)(0.750m),225.360,4173.812,73.5,1.3894,"[2.802, 3.366, 2.753, 2.985, 3.805, 2.984]","[4.912, 5.380, 5.094, 5.107, 5.655, 5.084]","[-3.783, -0.916, -4.210, -4.227, -0.366, -4.179]"
1276,3,28.5552,26.6678,0.134,843,2633,71,119,0.078,100,27.12,50000,3885.96,9,1,19.369(24.211%)(0.000m),41.000(36.177%)(2.250m),53.000(46.765%)(3.536m),41.000(36.177%)(2.250m),17.000(21.250%)(0.000m),13.618(34.046%)(0.388m),12.000(30.000%)(0.214m),296.927,5359.164,72.3,1.3783,"[2.660, 3.255, 2.694, 2.805, 3.666, 2.876]","[4.830, 5.204, 5.120, 4.860, 5.483, 5.063]","[-4.424, -0.346, -4.631, -4.304, -0.292, -4.314]"
1277,3,33.4135,27.1472,0.153,802,2544,118,37,0.078,100,27.17,50000,3695.12,10,1,17.129(21.411%)(0.000m),36.672(32.358%)(1.786m),60.000(52.941%)(4.286m),42.000(37.059%)(2.357m),28.000(35.000%)(0.857m),12.009(30.023%)(0.215m),23.000(57.500%)(1.393m),347.280,4246.977,73.4,1.3754,"[3.141, 3.357, 2.698, 3.367, 3.781, 2.942]","[4.916, 5.082, 5.002, 5.179, 5.445, 5.015]","[-3.000, -5.033, -5.483, -4.491, -4.581, -5.213]"
1278,3,34.3412,27.5543,0.148,815,2571,30,72,0.078,100,27.23,50000,3833.25,11,1,19.610(24.512%)(0.000m),41.526(36.641%)(2.306m),58.000(51.177%)(4.071m),44.000(38.824%)(2.571m),28.000(35.000%)(0.857m),13.791(34.478%)(0.406m),21.000(52.500%)(1.179m),397.012,4719.095,73.0,1.3922,"[2.957, 3.457, 2.644, 3.157, 3.919, 2.879]","[4.691, 5.130, 4.868, 4.749, 5.449, 4.918]","[-1.063, 0.846, -5.060, -1.848, 0.452, -4.850]"
1279,3,27.2548,27.8081,0.154,824,2591,134,107,0.077,100,27.29,50000,3718.54,12,1,22.390(27.987%)(0.256m),47.119(41.576%)(2.906m),66.000(58.235%)(4.929m),39.000(34.412%)(2.036m),19.000(23.750%)(0.000m),15.799(39.499%)(0.621m),14.000(35.000%)(0.429m),360.670,4690.499,72.8,1.4229,"[2.641, 3.219, 2.882, 2.864, 3.631, 3.089]","[4.691, 5.175, 4.898, 5.011, 5.641, 4.989]","[-5.581, -2.903, -4.261, -6.647, -3.097, -4.157]"
1280,3,36.1453,27.7926,0.151,800,2538,0,43,0.077,100,27.34,50000,3653.01,13,1,24.694(30.868%)(0.503m),51.714(45.630%)(3.398m),66.000(58.235%)(4.929m),44.000(38.824%)(2.571m),26.000(32.500%)(0.643m),17.472(43.680%)(0.801m),22.000(55.000%)(1.286m),410.811,4347.268,73.4,1.3063,"[3.047, 3.615, 3.065, 3.306, 4.107, 3.272]","[4.866, 5.399, 4.852, 5.022, 5.781, 4.983]","[0.268, 1.041, -3.781, 0.237, 0.461, -3.528]"
1281,3,34.3477,27.9681,0.161,923,2805,74,129,0.077,100,27.40,50000,4239.28,14,1,16.147(20.184%)(0.000m),31.000(27.353%)(1.179m),43.000(37.941%)(2.464m),42.000(37.059%)(2.357m),26.000(32.500%)(0.643m),11.332(28.329%)(0.143m),20.000(50.000%)(1.071m),339.495,5197.535,70.3,1.3881,"[2.943, 3.435, 2.707, 3.070, 3.823, 2.890]","[5.200, 5.115, 4.966, 5.283, 5.567, 5.081]","[-2.403, -3.942, -5.556, -3.090, -3.751, -5.165]"
1282,3,9.6273,27.5290,0.126,337,1044,28,16,0.077,70,27.38,50000,1520.41,0,0,9.047(11.309%)(0.000m),13.007(11.476%)(0.000m),20.306(17.917%)(0.033m),33.000(29.118%)(1.393m),25.000(31.250%)(0.536m),11.162(27.906%)(0.125m),26.000(65.000%)(1.714m),152.063,5850.973,71.7,1.2984,"[2.802, 3.270, 2.973, 2.942, 3.673, 3.116]","[4.615, 5.277, 4.780, 4.692, 5.693, 4.890]","[-5.974, -6.894, -5.982, -5.851, -5.888, -6.294]"
1283,3,35.0068,27.5663,0.145,796,2529,0,129,0.077,100,27.44,50000,3637.19,1,1,23.937(29.921%)(0.422m),43.000(37.941%)(2.464m),66.000(58.235%)(4.929m),44.000(38.824%)(2.571m),24.000(30.000%)(0.429m),16.922(42.306%)(0.742m),17.000(42.500%)(0.750m),410.811,4228.926,73.5,1.3729,"[2.986, 3.542, 3.002, 3.212, 4.053, 3.230]","[4.774, 5.399, 4.919, 4.972, 5.794, 5.034]","[-2.240, 1.000, -3.873, -2.564, 0.420, -3.776]"
1284,3,32.2726,27.6352,0.131,803,2545,6,82,0.077,100,27.49,50000,3612.41,2,1,25.304(31.630%)(0.568m),51.000(45.000%)(3.321m),65.000(57.353%)(4.821m),44.000(38.824%)(2.571m),23.000(28.750%)(0.321m),17.915(44.787%)(0.848m),16.000(40.000%)(0.643m),405.675,4455.572,73.4,1.3436,"[2.862, 3.494, 3.130, 3.073, 3.980, 3.329]","[4.528, 5.207, 4.897, 4.724, 5.605, 4.959]","[-4.514, -1.493, -1.789, -4.079, -2.655, -1.911]"
1285,3,32.8602,27.5911,0.135,835,2615,32,62,0.076,100,27.55,50000,3843.30,3,1,23.042(28.803%)(0.326m),44.000(38.824%)(2.571m),58.000(51.177%)(4.071m),44.000(38.824%)(2.571m),27.000(33.750%)(0.750m),16.252(40.630%)(0.670m),23.000(57.500%)(1.393m),410.811,4536.142,72.5,1.3519,"[2.958, 3.473, 2.727, 3.143, 3.910, 2.888]","[4.538, 5.155, 4.636, 4.900, 5.454, 4.727]","[-1.765, 0.791, -4.494, -3.038, 0.547, -4.183]"
1286,3,37.7013,28.0698,0.136,795,2526,0,52,0.076,100,27.60,50000,3690.77,4,1,24.376(30.470%)(0.469m),40.000(35.294%)(2.143m),67.000(59.118%)(5.036m),47.000(41.471%)(2.893m),27.000(33.750%)(0.750m),17.241(43.103%)(0.776m),23.000(57.500%)(1.393m),398.693,4280.996,73.5,1.3652,"[3.091, 3.581, 2.981, 3.315, 4.022, 3.161]","[4.937, 5.373, 4.863, 5.047, 5.801, 4.810]","[-0.232, 1.025, -4.166, -0.295, 0.512, -4.065]"
1287,3,32.5159,28.1296,0.141,826,2595,32,82,0.076,100,27.66,50000,3912.38,5,1,19.564(24.455%)(0.000m),41.502(36.619%)(2.304m),58.000(51.177%)(4.071m),38.000(33.530%)(1.929m),26.000(32.500%)(0.643m),13.753(34.383%)(0.402m),20.000(50.000%)(1.071m),382.840,4259.181,72.7,1.4109,"[2.798, 3.350, 2.593, 3.043, 3.754, 2.761]","[4.350, 4.919, 4.521, 4.586, 5.283, 4.605]","[-2.023, -0.494, -4.783, -4.531, -0.661, -4.722]"
1288,3,31.7610,28.1497,0.141,803,2543,26,87,0.076,100,27.72,50000,3641.95,6,1,20.006(25.008%)(0.001m),42.403(37.415%)(2.400m),69.000(60.883%)(5.250m),42.000(37.059%)(2.357m),27.000(33.750%)(0.750m),14.069(35.173%)(0.436m),20.000(50.000%)(1.071m),344.491,4847.167,73.3,1.3643,"[2.857, 3.427, 2.792, 3.075, 3.859, 3.014]","[4.679, 5.053, 4.754, 4.829, 5.469, 4.712]","[-2.157, 0.720, -3.765, -3.248, 1.339, -3.812]"
1289,3,32.4999,28.5217,0.146,820,2581,116,86,0.076,100,27.77,50000,3716.69,7,1,17.178(21.472%)(0.000m),36.726(32.405%)(1.792m),61.000(53.824%)(4.393m),45.000(39.706%)(2.679m),24.000(30.000%)(0.429m),12.044(30.111%)(0.219m),20.000(50.000%)(1.071m),328.885,4649.230,72.9,1.3509,"[3.038, 3.237, 2.231, 3.313, 3.692, 2.448]","[4.830, 5.118, 4.788, 4.843, 5.514, 4.907]","[-1.308, -5.047, -5.157, -1.271, -5.289, -5.027]"
1290,3,30.7611,28.5421,0.145,813,2566,0,60,0.076,100,27.83,50000,3772.24,8,1,25.319(31.649%)(0.570m),46.000(40.588%)(2.786m),64.000(56.471%)(4.714m),43.000(37.941%)(2.464m),27.000(33.750%)(0.750m),17.925(44.813%)(0.849m),19.000(47.500%)(0.964m),393.603,4371.476,73.1,1.4044,"[2.780, 3.350, 2.861, 2.997, 3.818, 3.091]","[4.264, 4.938, 4.670, 4.768, 5.540, 4.892]","[-0.631, 1.291, -3.939, -0.558, 1.315, -3.763]"
1291,3,10.4253,28.6102,0.138,341,1060,13,9,0.076,70,27.81,50000,1551.11,0,0,12.578(15.722%)(0.000m),26.003(22.944%)(0.643m),66.000(58.235%)(4.929m),44.000(38.824%)(2.571m),29.000(36.250%)(0.964m),9.813(24.533%)(0.000m),26.000(65.000%)(1.714m),410.811,5952.957,71.9,1.3568,"[2.830, 3.201, 2.785, 3.001, 3.645, 2.910]","[4.417, 5.030, 4.727, 4.572, 5.494, 4.828]","[-6.744, -6.475, -5.401, -5.762, -5.590, -5.253]"
1292,3,32.9332,29.1180,0.135,798,2534,22,103,0.075,100,27.86,50000,3649.62,1,1,19.779(24.723%)(0.000m),35.000(30.882%)(1.607m),59.000(52.059%)(4.179m),36.000(31.765%)(1.714m),24.000(30.000%)(0.429m),13.906(34.765%)(0.418m),17.000(42.500%)(0.750m),191.968,4157.710,73.5,1.3669,"[2.691, 3.235, 2.337, 2.923, 3.675, 2.554]","[4.721, 5.277, 4.846, 4.877, 5.661, 4.906]","[-3.226, -1.664, -5.443, -4.276, -1.540, -5.152]"
1293,3,14.9052,28.7236,0.139,532,1677,22,42,0.075,85,27.84,50000,2376.68,0,0,24.405(30.507%)(0.472m),36.000(31.765%)(1.714m),49.000(43.235%)(3.107m),44.000(38.824%)(2.571m),12.000(15.000%)(0.000m),17.238(43.095%)(0.776m),11.000(27.500%)(0.107m),203.043,4860.271,72.9,1.3101,"[2.597, 3.189, 2.823, 2.840, 3.649, 2.939]","[4.648, 5.171, 4.802, 4.794, 5.586, 4.835]","[-7.908, -8.123, -5.229, -7.651, -7.356, -5.314]"
1294,3,10.5004,28.1865,0.153,353,1098,17,2,0.075,70,27.82,50000,1581.44,0,0,11.153(13.941%)(0.000m),19.561(17.260%)(0.000m),43.779(38.629%)(2.548m),50.000(44.118%)(3.214m),32.000(40.000%)(1.286m),10.237(25.592%)(0.025m),26.000(65.000%)(1.714m),518.274,5930.598,72.0,1.3639,"[3.372, 3.721, 2.724, 3.508, 4.087, 2.875]","[4.757, 5.347, 5.001, 4.752, 5.765, 5.038]","[-4.926, -6.123, -5.750, -5.429, -6.239, -4.853]"
1295,3,31.9290,28.1642,0.137,807,2553,103,57,0.075,100,27.88,50000,3636.19,1,1,16.306(20.383%)(0.000m),35.117(30.986%)(1.620m),46.000(40.588%)(2.786m),34.000(30.000%)(1.500m),24.000(30.000%)(0.429m),11.636(29.090%)(0.175m),22.000(55.000%)(1.286m),155.721,4151.670,73.2,1.2961,"[2.834, 3.281, 2.459, 3.021, 3.689, 2.675]","[4.875, 5.510, 4.976, 4.963, 5.828, 4.962]","[-2.701, -3.845, -5.194, -3.617, -3.615, -4.836]"
1296,3,31.4251,28.2633,0.139,808,2558,67,81,0.075,100,27.93,50000,3801.29,2,1,15.413(19.266%)(0.000m),33.370(29.444%)(1.432m),57.000(50.294%)(3.964m),36.000(31.765%)(1.714m),21.000(26.250%)(0.107m),10.791(26.978%)(0.085m),15.000(37.500%)(0.536m),203.428,4879.557,73.3,1.3602,"[2.677, 3.026, 2.640, 2.917, 3.486, 2.861]","[4.780, 5.324, 5.123, 4.931, 5.646, 5.177]","[-4.357, -6.566, -6.247, -4.525, -6.182, -5.630]"
1297,3,28.8779,28.6893,0.143,808,2556,117,91,0.075,100,27.99,50000,3731.83,3,1,21.559(26.949%)(0.167m),45.379(40.040%)(2.719m),70.000(61.765%)(5.357m),44.000(38.824%)(2.571m),16.000(20.000%)(0.000m),15.189(37.973%)(0.556m),11.000(27.500%)(0.107m),405.125,4519.073,73.2,1.3777,"[2.790, 3.356, 2.692, 3.042, 3.849, 2.913]","[4.526, 5.031, 4.645, 4.945, 5.340, 4.754]","[-6.395, -3.159, -5.177, -6.334, -2.097, -4.933]"
1298,3,35.8529,28.7487,0.134,823,2587,0,54,0.075,100,28.04,50000,3745.58,4,1,23.258(29.073%)(0.349m),37.000(32.647%)(1.821m),67.000(59.118%)(5.036m),43.000(37.941%)(2.464m),28.000(35.000%)(0.857m),16.430(41.074%)(0.689m),24.000(60.000%)(1.500m),295.394,4552.287,72.8,1.3566,"[3.143, 3.591, 2.865, 3.319, 4.004, 3.075]","[4.786, 5.239, 4.920, 5.201, 5.639, 5.001]","[-0.914, 0.157, -4.334, -2.253, 0.474, -4.510]"
1299,3,31.8168,28.6636,0.141,815,2570,50,58,0.074,100,28.10,50000,3706.74,5,1,16.504(20.630%)(0.000m),35.478(31.304%)(1.658m),59.000(52.059%)(4.179m),42.000(37.059%)(2.357m),23.000(28.750%)(0.321m),11.565(28.914%)(0.168m),23.000(57.500%)(1.393m),337.060,4734.650,73.0,1.3704,"[2.905, 3.179, 2.359, 3.147, 3.612, 2.552]","[4.885, 5.283, 5.020, 4.956, 5.732, 5.130]","[-1.542, -5.171, -5.897, -2.635, -5.241, -5.892]"
1300,3,33.2557,28.6862,0.150,805,2551,12,111,0.074,100,28.15,50000,3627.32,6,1,23.965(29.956%)(0.425m),45.000(39.706%)(2.679m),60.000(52.941%)(4.286m),43.000(37.941%)(2.464m),21.000(26.250%)(0.107m),16.943(42.356%)(0.744m),15.000(37.500%)(0.536m),414.637,4287.504,73.3,1.2884,"[2.480, 3.156, 2.772, 2.709, 3.625, 2.917]","[4.586, 5.068, 4.799, 4.859, 5.434, 4.829]","[-5.581, -4.301, -4.337, -6.457, -4.642, -4.139]"
1301,3,36.5584,29.1129,0.145,805,2549,2,47,0.074,100,28.21,50000,3662.28,7,1,23.843(29.804%)(0.412m),44.000(38.824%)(2.571m),58.000(51.177%)(4.071m),44.000(38.824%)(2.571m),28.000(35.000%)(0.857m),16.854(42.136%)(0.734m),23.000(57.500%)(1.393m),382.551,4378.552,73.3,1.3682,"[2.899, 3.478, 2.875, 3.148, 3.958, 3.061]","[4.699, 5.131, 4.809, 4.887, 5.589, 4.888]","[-2.125, 0.667, -3.986, -2.999, 1.270, -3.773]"
1302,3,33.7689,29.1231,0.142,811,2562,37,75,0.074,100,28.26,50000,3663.56,8,1,19.775(24.718%)(0.000m),41.000(36.177%)(2.250m),62.000(54.706%)(4.500m),47.000(41.471%)(2.893m),27.000(33.750%)(0.750m),13.903(34.758%)(0.418m),20.000(50.000%)(1.071m),350.176,4508.132,73.1,1.3850,"[2.887, 3.423, 2.683, 3.112, 3.855, 2.825]","[4.774, 5.117, 4.930, 4.969, 5.443, 4.900]","[-1.213, 1.273, -4.886, -1.703, 1.365, -4.614]"
1303,3,35.0246,29.6351,0.137,803,2544,2,83,0.074,100,28.32,50000,3708.62,9,1,24.920(31.151%)(0.527m),50.000(44.118%)(3.214m),58.000(51.177%)(4.071m),38.000(33.530%)(1.929m),22.000(27.500%)(0.214m),17.611(44.027%)(0.815m),19.000(47.500%)(0.964m),303.196,4238.121,73.3,1.3907,"[2.753, 3.336, 2.865, 2.890, 3.771, 3.057]","[4.628, 5.229, 4.825, 4.851, 5.617, 4.792]","[-3.934, 0.013, -4.346, -4.487, -0.763, -4.046]"
1304,3,33.3697,29.6613,0.147,800,2537,1,66,0.074,100,28.37,50000,3708.60,10,1,20.887(26.109%)(0.095m),40.000(35.294%)(2.143m),60.000(52.941%)(4.286m),45.000(39.706%)(2.679m),28.000(35.000%)(0.857m),16.296(40.741%)(0.675m),23.000(57.500%)(1.393m),305.628,4255.077,73.4,1.4461,"[2.938, 3.398, 2.666, 3.176, 3.832, 2.847]","[4.555, 5.124, 4.650, 4.708, 5.561, 4.893]","[0.367, 0.949, -4.480, 0.415, 0.172, -4.571]"
1305,3,34.4737,29.6343,0.125,796,2529,1,93,0.073,100,28.43,50000,3641.64,11,1,24.533(30.666%)(0.486m),41.000(36.177%)(2.250m),59.000(52.059%)(4.179m),44.000(38.824%)(2.571m),24.000(30.000%)(0.429m),17.331(43.327%)(0.785m),20.000(50.000%)(1.071m),306.551,4218.523,73.5,1.3301,"[2.943, 3.392, 2.685, 3.195, 3.831, 2.837]","[4.583, 5.150, 4.818, 4.808, 5.570, 4.903]","[-1.134, 0.808, -4.063, -1.686, -0.553, -3.902]"
1306,3,35.8734,29.6362,0.148,795,2528,2,107,0.073,100,28.48,50000,3596.30,12,1,24.214(30.268%)(0.452m),44.000(38.824%)(2.571m),58.000(51.177%)(4.071m),44.000(38.824%)(2.571m),26.000(32.500%)(0.643m),17.124(42.809%)(0.763m),20.000(50.000%)(1.071m),384.755,4220.297,73.6,1.3451,"[2.809, 3.401, 2.848, 3.082, 3.871, 3.035]","[4.773, 5.146, 4.765, 4.929, 5.512, 4.819]","[-0.981, 0.940, -4.131, -1.854, 0.111, -3.942]"
1307,3,35.0244,29.7642,0.139,796,2529,0,92,0.073,100,28.54,50000,3611.38,13,1,24.145(30.181%)(0.444m),42.000(37.059%)(2.357m),61.000(53.824%)(4.393m),44.000(38.824%)(2.571m),24.000(30.000%)(0.429m),17.073(42.684%)(0.758m),20.000(50.000%)(1.071m),398.218,4251.054,73.5,1.3453,"[3.019, 3.555, 3.020, 3.222, 4.007, 3.235]","[4.776, 5.280, 4.848, 5.085, 5.534, 5.062]","[-0.730, 1.216, -4.264, -1.263, 0.372, -4.214]"
1308,3,33.0510,29.8450,0.147,809,2557,107,23,0.073,100,28.59,50000,3702.03,14,1,22.647(28.309%)(0.284m),47.549(41.955%)(2.952m),57.000(50.294%)(3.964m),43.000(37.941%)(2.464m),28.000(35.000%)(0.857m),15.997(39.992%)(0.643m),25.000(62.500%)(1.607m),362.187,4610.046,73.1,1.3868,"[3.103, 3.573, 2.820, 3.363, 4.007, 3.025]","[4.573, 5.236, 4.825, 4.858, 5.725, 4.928]","[-0.498, 0.882, -4.545, -0.889, -0.524, -4.478]"
1309,3,30.9479,29.9241,0.138,880,2709,65,41,0.073,100,28.65,50000,3959.10,15,1,16.915(21.144%)(0.000m),36.035(31.796%)(1.718m),66.000(58.235%)(4.929m),38.000(33.530%)(1.929m),27.000(33.750%)(0.750m),11.882(29.704%)(0.202m),22.000(55.000%)(1.286m),339.819,4505.527,71.2,1.3209,"[2.870, 3.313, 2.617, 3.083, 3.714, 2.803]","[4.350, 4.820, 4.598, 4.660, 5.334, 4.707]","[-0.399, -3.098, -5.221, -1.965, -3.373, -4.957]"
1310,3,31.1680,29.8483,0.141,805,2551,77,66,0.073,100,28.70,50000,3730.01,16,1,16.921(21.152%)(0.000m),36.320(32.047%)(1.749m),60.000(52.941%)(4.286m),47.000(41.471%)(2.893m),27.000(33.750%)(0.750m),11.862(29.655%)(0.199m),20.000(50.000%)(1.071m),330.872,4298.454,73.3,1.4339,"[3.086, 3.476, 2.554, 3.315, 3.887, 2.765]","[4.765, 5.089, 4.880, 4.965, 5.545, 5.046]","[-0.714, -2.159, -5.084, -1.879, -2.237, -4.580]"
1311,3,36.5303,29.9909,0.134,818,2577,0,70,0.073,100,28.76,50000,3804.40,17,1,24.853(31.066%)(0.520m),41.000(36.177%)(2.250m),61.000(53.824%)(4.393m),46.000(40.588%)(2.786m),28.000(35.000%)(0.857m),17.562(43.905%)(0.810m),20.000(50.000%)(1.071m),333.569,5388.599,72.9,1.3781,"[3.095, 3.565, 2.869, 3.357, 4.073, 3.069]","[5.122, 5.110, 4.866, 5.332, 5.552, 4.912]","[-1.807, 0.947, -4.881, -2.145, 1.028, -4.402]"
1312,3,8.5698,29.4710,0.136,341,1040,29,4,0.072,70,28.73,50000,1683.95,0,0,9.361(11.702%)(0.000m),14.134(12.471%)(0.000m),23.704(20.915%)(0.397m),39.000(34.412%)(2.036m),33.000(41.250%)(1.393m),10.583(26.458%)(0.062m),26.000(65.000%)(1.714m),407.625,5998.812,70.6,1.4270,"[2.821, 3.143, 2.894, 2.960, 3.563, 3.045]","[4.833, 5.173, 4.796, 5.010, 5.605, 4.968]","[-5.553, -8.125, -5.666, -5.544, -7.090, -5.848]"
1313,3,31.1786,29.8976,0.135,802,2542,158,80,0.072,100,28.79,50000,3680.09,1,1,17.987(22.484%)(0.000m),38.415(33.896%)(1.973m),60.000(52.941%)(4.286m),46.000(40.588%)(2.786m),26.000(32.500%)(0.643m),12.622(31.555%)(0.281m),20.000(50.000%)(1.071m),319.550,4499.593,73.4,1.3510,"[3.173, 3.533, 2.605, 3.433, 3.955, 2.760]","[4.746, 5.230, 4.966, 4.989, 5.682, 5.049]","[-1.715, -1.680, -4.716, -2.098, -1.371, -4.133]"
1314,3,29.6545,29.7934,0.131,886,2723,182,40,0.072,100,28.84,50000,4072.93,2,1,16.355(20.443%)(0.000m),35.109(30.979%)(1.619m),58.000(51.177%)(4.071m),41.000(36.177%)(2.250m),24.000(30.000%)(0.429m),11.459(28.647%)(0.156m),22.000(55.000%)(1.286m),324.253,4457.067,71.1,1.3794,"[3.040, 3.418, 2.497, 3.252, 3.787, 2.674]","[4.657, 5.408, 5.068, 4.894, 5.765, 5.118]","[-1.077, -3.099, -4.849, -2.666, -3.253, -4.706]"
1315,3,32.6540,30.1456,0.133,804,2547,0,80,0.072,100,28.90,50000,3710.18,3,1,24.059(30.074%)(0.435m),39.000(34.412%)(2.036m),60.000(52.941%)(4.286m),42.000(37.059%)(2.357m),28.000(35.000%)(0.857m),16.988(42.469%)(0.749m),21.000(52.500%)(1.179m),341.534,4231.054,73.3,1.3343,"[3.041, 3.489, 2.752, 3.223, 3.910, 2.914]","[4.853, 5.486, 4.918, 5.058, 5.742, 4.999]","[-0.745, 0.874, -4.506, -2.389, 1.186, -4.427]"
1316,3,10.6653,29.7120,0.140,361,1123,14,16,0.072,70,28.88,50000,1660.07,0,0,12.427(15.533%)(0.000m),25.309(22.332%)(0.569m),59.000(52.059%)(4.179m),41.000(36.177%)(2.250m),27.000(33.750%)(0.750m),9.820(24.550%)(0.000m),25.000(62.500%)(1.607m),321.966,5800.957,72.0,1.3950,"[3.172, 3.339, 2.519, 3.401, 3.742, 2.711]","[4.763, 5.131, 4.828, 4.919, 5.579, 4.940]","[-6.663, -6.736, -6.244, -5.435, -7.110, -6.070]"
1317,3,34.3551,30.2148,0.131,797,2531,0,87,0.072,100,28.93,50000,3621.97,1,1,24.441(30.551%)(0.476m),40.000(35.294%)(2.143m),60.000(52.941%)(4.286m),45.000(39.706%)(2.679m),28.000(35.000%)(0.857m),17.264(43.159%)(0.778m),20.000(50.000%)(1.071m),290.535,4256.565,73.5,1.3799,"[3.026, 3.498, 2.726, 3.238, 3.954, 2.917]","[4.826, 5.226, 4.990, 4.985, 5.627, 4.972]","[-0.484, 0.611, -5.435, -0.830, 0.507, -5.165]"
1318,3,33.2868,30.2322,0.133,797,2531,0,98,0.072,100,28.98,50000,3629.40,2,1,24.379(30.473%)(0.469m),48.000(42.353%)(3.000m),67.000(59.118%)(5.036m),34.000(30.000%)(1.500m),24.000(30.000%)(0.429m),17.234(43.086%)(0.775m),20.000(50.000%)(1.071m),181.402,4264.749,73.5,1.3458,"[2.893, 3.409, 2.851, 3.047, 3.914, 3.052]","[4.608, 5.089, 4.635, 4.795, 5.504, 4.725]","[-2.596, -0.587, -3.989, -4.155, 0.019, -4.019]"
1319,3,19.1795,30.0796,0.136,698,2202,18,70,0.071,95,28.96,50000,3123.15,0,0,10.847(13.559%)(0.000m),19.230(16.968%)(0.000m),44.179(38.982%)(2.591m),45.000(39.706%)(2.679m),29.000(36.250%)(0.964m),9.835(24.586%)(0.000m),20.000(50.000%)(1.071m),300.145,4370.267,73.0,1.2932,"[2.898, 3.248, 2.467, 3.065, 3.653, 2.630]","[4.706, 5.124, 4.765, 4.935, 5.537, 5.029]","[-5.358, -6.458, -5.936, -5.478, -5.735, -5.949]"
1320,3,34.7766,30.0518,0.128,816,2573,1,132,0.071,100,29.02,50000,3719.65,1,1,24.549(30.687%)(0.487m),44.000(38.824%)(2.571m),58.000(51.177%)(4.071m),39.000(34.412%)(2.036m),25.000(31.250%)(0.536m),17.342(43.356%)(0.787m),20.000(50.000%)(1.071m),308.161,4812.579,73.0,1.3507,"[2.948, 3.434, 2.919, 3.129, 3.919, 3.145]","[4.902, 5.213, 4.922, 5.022, 5.570, 4.950]","[-2.199, 0.235, -3.211, -4.281, 0.376, -3.091]"
1321,3,35.2292,30.0566,0.133,796,2529,2,88,0.071,100,29.07,50000,3692.56,2,1,24.466(30.582%)(0.478m),44.000(38.824%)(2.571m),58.000(51.177%)(4.071m),44.000(38.824%)(2.571m),24.000(30.000%)(0.429m),17.282(43.204%)(0.780m),20.000(50.000%)(1.071m),393.287,4224.342,73.5,1.3967,"[2.916, 3.425, 2.931, 3.086, 3.899, 3.142]","[4.379, 4.973, 4.357, 4.688, 5.345, 4.555]","[-0.932, 1.302, -4.145, -1.776, 1.005, -3.905]"
1322,3,37.3108,30.1537,0.131,804,2545,0,26,0.071,100,29.12,50000,3663.72,3,1,24.458(30.572%)(0.478m),50.213(44.306%)(3.237m),66.000(58.235%)(4.929m),44.000(38.824%)(2.571m),24.000(30.000%)(0.429m),17.276(43.190%)(0.780m),23.000(57.500%)(1.393m),400.811,4713.783,73.3,1.3443,"[3.140, 3.621, 3.019, 3.398, 4.100, 3.226]","[4.833, 5.206, 4.929, 5.027, 5.674, 4.962]","[0.817, 0.919, -4.702, 1.137, 0.842, -4.496]"
1323,3,13.1352,29.9096,0.124,431,1347,31,8,0.071,80,29.10,50000,2000.09,0,0,12.595(15.744%)(0.000m),25.652(22.634%)(0.606m),75.000(66.177%)(5.893m),46.000(40.588%)(2.786m),30.000(37.500%)(1.071m),9.953(24.882%)(0.000m),26.000(65.000%)(1.714m),448.826,5273.997,72.4,1.3200,"[3.242, 3.399, 2.338, 3.506, 3.846, 2.517]","[4.537, 4.964, 4.799, 4.833, 5.360, 4.854]","[-5.616, -5.721, -6.129, -5.306, -5.922, -5.152]"
1324,3,35.3336,29.9117,0.140,801,2539,0,63,0.071,100,29.15,50000,3701.87,1,1,25.113(31.391%)(0.548m),52.550(46.367%)(3.487m),63.000(55.588%)(4.607m),41.000(36.177%)(2.250m),27.000(33.750%)(0.750m),17.750(44.376%)(0.830m),23.000(57.500%)(1.393m),323.477,4637.726,73.4,1.3738,"[3.055, 3.481, 2.885, 3.293, 3.964, 3.093]","[4.491, 5.000, 4.685, 4.695, 5.358, 4.753]","[0.244, 1.264, -4.311, 0.217, 1.213, -4.249]"
1325,3,7.2824,29.3877,0.115,370,1115,16,7,0.071,70,29.13,50000,1672.92,0,0,30.000(37.500%)(1.071m),48.000(42.353%)(3.000m),31.595(27.878%)(1.242m),16.355(14.431%)(0.000m),9.983(12.478%)(0.000m),27.000(67.500%)(1.821m),9.983(24.956%)(0.000m),840.519,7089.862,69.8,1.3183,"[2.912, 3.331, 3.143, 3.016, 3.746, 3.241]","[5.203, 5.266, 4.845, 5.351, 5.613, 4.881]","[-5.222, -5.844, -5.990, -5.576, -4.754, -7.318]"
1326,3,30.3294,29.4232,0.124,802,2542,32,91,0.070,100,29.19,50000,3679.72,1,1,20.611(25.764%)(0.065m),43.598(38.469%)(2.528m),70.000(61.765%)(5.357m),44.000(38.824%)(2.571m),28.000(35.000%)(0.857m),14.501(36.253%)(0.482m),17.000(42.500%)(0.750m),408.009,4345.612,73.3,1.3748,"[2.959, 3.387, 2.561, 3.188, 3.821, 2.755]","[4.543, 5.018, 4.640, 4.812, 5.478, 4.794]","[-0.639, 1.155, -4.574, -0.304, 1.451, -4.313]"
1327,3,37.6828,29.5086,0.136,797,2531,0,44,0.070,100,29.24,50000,3701.40,2,1,24.596(30.745%)(0.492m),45.000(39.706%)(2.679m),60.000(52.941%)(4.286m),54.000(47.647%)(3.643m),28.000(35.000%)(0.857m),17.376(43.440%)(0.790m),23.000(57.500%)(1.393m),416.355,4365.478,73.5,1.3737,"[3.075, 3.615, 3.178, 3.326, 4.078, 3.384]","[4.844, 5.516, 4.936, 4.999, 5.823, 4.879]","[1.247, 1.724, -2.407, 1.492, 1.634, -2.291]"
1328,3,34.6788,29.5154,0.134,830,2603,35,89,0.070,100,29.29,50000,3643.37,3,1,20.398(25.497%)(0.043m),39.000(34.412%)(2.036m),59.000(52.059%)(4.179m),44.000(38.824%)(2.571m),24.000(30.000%)(0.429m),14.349(35.871%)(0.466m),20.000(50.000%)(1.071m),274.219,5406.915,72.6,1.3015,"[3.078, 3.493, 2.762, 3.330, 3.924, 2.953]","[4.903, 5.171, 5.192, 5.113, 5.625, 5.191]","[-0.697, -0.939, -5.886, -1.165, -0.751, -5.316]"
1329,3,36.8562,29.7074,0.130,797,2533,1,89,0.070,100,29.35,50000,3654.58,4,1,24.298(30.373%)(0.461m),44.000(38.824%)(2.571m),59.000(52.059%)(4.179m),44.000(38.824%)(2.571m),25.000(31.250%)(0.536m),17.184(42.961%)(0.770m),20.000(50.000%)(1.071m),395.148,4239.827,73.5,1.3584,"[2.955, 3.487, 2.866, 3.189, 3.981, 3.061]","[4.683, 5.170, 4.618, 5.013, 5.444, 4.602]","[-1.118, 1.327, -5.173, -1.891, 1.301, -4.820]"
1330,3,35.1788,29.6881,0.129,805,2548,2,54,0.070,100,29.40,50000,3887.71,5,1,24.429(30.537%)(0.475m),51.186(45.164%)(3.341m),58.000(51.177%)(4.071m),44.000(38.824%)(2.571m),26.000(32.500%)(0.643m),17.256(43.139%)(0.777m),21.000(52.500%)(1.179m),352.980,4729.938,73.3,1.4187,"[3.004, 3.543, 3.008, 3.262, 4.016, 3.216]","[4.469, 5.080, 4.647, 4.607, 5.433, 4.704]","[-0.786, 1.173, -4.864, -0.239, 0.114, -4.554]"
1331,3,37.9913,29.7609,0.121,795,2526,0,28,0.070,100,29.45,50000,3721.06,6,1,24.259(30.323%)(0.456m),45.000(39.706%)(2.679m),60.000(52.941%)(4.286m),46.000(40.588%)(2.786m),29.000(36.250%)(0.964m),17.156(42.889%)(0.767m),23.000(57.500%)(1.393m),427.851,4385.238,73.5,1.3983,"[3.150, 3.561, 2.970, 3.351, 4.059, 3.179]","[4.773, 5.178, 4.862, 4.972, 5.606, 4.866]","[0.871, 1.311, -2.770, 1.519, 1.111, -2.932]"
1332,3,29.2620,30.1536,0.136,815,2569,96,51,0.070,100,29.50,50000,3771.91,7,1,20.561(25.701%)(0.060m),43.499(38.382%)(2.518m),75.000(66.177%)(5.893m),48.000(42.353%)(3.000m),25.000(31.250%)(0.536m),14.467(36.166%)(0.479m),21.000(52.500%)(1.179m),501.679,4668.044,72.9,1.4314,"[3.090, 3.484, 2.856, 3.295, 3.922, 3.054]","[4.858, 5.346, 5.138, 5.044, 5.755, 5.210]","[-0.616, 1.591, -4.400, -1.771, 2.191, -4.044]"
1333,3,30.5378,30.0642,0.128,814,2569,16,80,0.069,100,29.56,50000,3753.16,8,1,24.975(31.218%)(0.533m),43.000(37.941%)(2.464m),50.000(44.118%)(3.214m),38.000(33.530%)(1.929m),27.000(33.750%)(0.750m),17.676(44.189%)(0.822m),19.000(47.500%)(0.964m),300.295,4128.706,73.1,1.3728,"[2.898, 3.276, 2.530, 3.079, 3.681, 2.715]","[4.609, 4.818, 4.472, 4.869, 5.193, 4.536]","[-2.949, 0.500, -5.443, -3.364, -1.178, -5.145]"
1334,3,29.4802,30.0084,0.126,811,2563,143,89,0.069,100,29.61,50000,3797.77,9,1,17.918(22.397%)(0.000m),35.000(30.882%)(1.607m),48.000(42.353%)(3.000m),44.000(38.824%)(2.571m),24.000(30.000%)(0.429m),12.572(31.430%)(0.276m),17.000(42.500%)(0.750m),236.057,4267.538,73.1,1.4223,"[2.876, 3.269, 2.403, 3.101, 3.691, 2.588]","[4.788, 5.238, 4.918, 4.896, 5.691, 5.011]","[-4.363, -2.657, -5.099, -4.798, -1.920, -5.070]"
1335,3,35.2436,30.0561,0.133,796,2529,40,82,0.069,100,29.66,50000,3763.02,10,1,20.203(25.254%)(0.022m),42.793(37.759%)(2.442m),58.000(51.177%)(4.071m),49.000(43.235%)(3.107m),28.000(35.000%)(0.857m),14.225(35.562%)(0.453m),20.000(50.000%)(1.071m),383.776,4316.809,73.5,1.4294,"[2.989, 3.495, 2.857, 3.233, 3.949, 3.095]","[4.576, 5.104, 4.743, 4.749, 5.530, 4.884]","[-1.743, 1.101, -4.807, -2.807, 1.668, -4.109]"
1336,3,32.7996,29.9580,0.127,798,2534,0,110,0.069,100,29.72,50000,3819.84,11,1,24.437(30.546%)(0.475m),43.000(37.941%)(2.464m),75.000(66.177%)(5.893m),50.000(44.118%)(3.214m),28.000(35.000%)(0.857m),17.261(43.152%)(0.778m),20.000(50.000%)(1.071m),418.248,4345.627,73.5,1.4531,"[2.908, 3.451, 2.956, 3.121, 3.923, 3.146]","[4.760, 5.098, 4.760, 4.939, 5.443, 4.848]","[-1.284, 1.099, -2.910, -2.414, 1.597, -3.124]"
1337,3,27.9824,29.8674,0.124,825,2594,57,12,0.069,100,29.77,50000,3781.20,12,1,21.810(27.262%)(0.194m),44.000(38.824%)(2.571m),54.000(47.647%)(3.643m),41.000(36.177%)(2.250m),30.000(37.500%)(1.071m),15.365(38.412%)(0.575m),22.000(55.000%)(1.286m),335.803,4230.364,72.8,1.4209,"[2.883, 3.198, 2.347, 3.046, 3.599, 2.556]","[4.756, 5.117, 4.677, 4.924, 5.393, 4.795]","[-2.191, -0.327, -5.307, -3.659, -0.495, -5.395]"
1338,3,19.3314,29.6188,0.123,710,2242,36,66,0.069,95,29.75,50000,3369.52,0,0,12.723(15.904%)(0.000m),26.305(23.210%)(0.676m),66.000(58.235%)(4.929m),43.000(37.941%)(2.464m),28.000(35.000%)(0.857m),9.927(24.817%)(0.000m),20.000(50.000%)(1.071m),352.776,4239.971,73.1,1.3825,"[2.953, 3.204, 2.251, 3.120, 3.624, 2.433]","[4.739, 5.226, 4.668, 4.802, 5.566, 4.720]","[-7.014, -6.065, -6.396, -5.926, -6.939, -6.604]"
1339,3,34.7513,29.6638,0.127,800,2539,0,92,0.069,100,29.80,50000,3715.97,1,1,24.413(30.517%)(0.473m),35.000(30.882%)(1.607m),60.000(52.941%)(4.286m),42.000(37.059%)(2.357m),24.000(30.000%)(0.429m),17.268(43.170%)(0.779m),17.000(42.500%)(0.750m),215.792,4172.020,73.4,1.4139,"[2.814, 3.378, 2.738, 2.987, 3.817, 2.924]","[4.785, 5.232, 4.908, 4.988, 5.590, 4.985]","[-4.480, -1.431, -4.164, -5.064, -1.184, -5.299]"
1340,3,12.2056,29.2927,0.126,498,1558,68,31,0.069,85,29.78,50000,2425.37,0,0,20.606(25.758%)(0.065m),20.000(17.647%)(0.000m),25.000(22.059%)(0.536m),44.000(38.824%)(2.571m),28.000(35.000%)(0.857m),14.509(36.274%)(0.483m),23.000(57.500%)(1.393m),0.000,4676.240,72.4,1.4997,"[2.873, 3.078, 2.323, 2.979, 3.425, 2.399]","[4.702, 5.150, 4.871, 4.881, 5.542, 4.976]","[-4.392, -6.082, -5.743, -9.581, -6.424, -7.870]"
1341,3,36.5218,29.8146,0.132,797,2533,0,59,0.068,100,29.83,50000,3685.02,1,1,24.361(30.452%)(0.467m),50.000(44.118%)(3.214m),65.000(57.353%)(4.821m),45.000(39.706%)(2.679m),28.000(35.000%)(0.857m),17.230(43.076%)(0.775m),20.000(50.000%)(1.071m),423.833,4296.428,73.5,1.4366,"[3.084, 3.547, 2.852, 3.290, 4.021, 3.061]","[4.851, 5.185, 4.926, 4.925, 5.575, 4.998]","[-0.138, 0.975, -4.745, -1.294, 0.544, -4.532]"
1342,3,36.0982,29.8779,0.122,796,2529,17,94,0.068,100,29.88,50000,3688.73,2,1,20.217(25.271%)(0.023m),40.000(35.294%)(2.143m),60.000(52.941%)(4.286m),44.000(38.824%)(2.571m),25.000(31.250%)(0.536m),14.220(35.551%)(0.452m),20.000(50.000%)(1.071m),291.479,4222.437,73.5,1.4031,"[3.036, 3.446, 2.642, 3.267, 3.917, 2.863]","[4.537, 5.129, 4.848, 4.732, 5.400, 4.899]","[-0.428, 0.862, -4.916, -1.003, 0.996, -4.860]"
1343,3,37.5561,30.3309,0.122,794,2525,2,79,0.068,100,29.93,50000,3700.67,3,1,24.227(30.284%)(0.453m),43.000(37.941%)(2.464m),58.000(51.177%)(4.071m),43.000(37.941%)(2.464m),24.000(30.000%)(0.429m),17.133(42.833%)(0.764m),21.000(52.500%)(1.179m),367.689,4215.156,73.6,1.3663,"[2.933, 3.441, 2.789, 3.158, 3.957, 3.038]","[4.594, 5.176, 4.629, 4.833, 5.559, 4.764]","[-1.146, 1.287, -4.768, -2.323, 1.509, -4.497]"
1344,3,16.3045,30.4470,0.124,532,1677,9,68,0.068,85,29.91,50000,2445.31,0,0,24.434(30.543%)(0.475m),38.000(33.530%)(1.929m),58.000(51.177%)(4.071m),44.000(38.824%)(2.571m),12.000(15.000%)(0.000m),17.259(43.148%)(0.778m),11.000(27.500%)(0.107m),251.479,4705.478,73.0,1.4145,"[2.842, 3.359, 2.938, 3.087, 3.788, 3.114]","[4.854, 5.307, 4.998, 4.960, 5.715, 5.135]","[-7.772, -7.039, -5.054, -7.936, -6.858, -5.177]"
1345,3,28.6981,30.3824,0.131,812,2566,119,75,0.068,100,29.96,50000,3792.57,1,1,16.952(21.190%)(0.000m),36.380(32.100%)(1.755m),59.000(52.059%)(4.179m),38.000(33.530%)(1.929m),27.000(33.750%)(0.750m),11.884(29.709%)(0.202m),20.000(50.000%)(1.071m),293.160,4372.365,73.1,1.4201,"[3.102, 3.401, 2.486, 3.303, 3.833, 2.702]","[4.909, 5.249, 4.773, 5.008, 5.669, 4.852]","[-0.811, -2.884, -4.979, -1.641, -2.694, -4.524]"
1346,3,29.9348,30.3526,0.120,807,2552,117,98,0.068,100,30.01,50000,3789.69,2,1,22.580(28.224%)(0.276m),46.824(41.316%)(2.874m),57.000(50.294%)(3.964m),40.000(35.294%)(2.143m),19.000(23.750%)(0.000m),15.937(39.843%)(0.636m),16.000(40.000%)(0.643m),327.032,4344.304,73.2,1.3688,"[3.257, 3.550, 3.001, 3.400, 4.016, 3.221]","[4.728, 5.096, 4.843, 4.969, 5.539, 4.918]","[0.221, -0.071, -5.309, 0.122, -0.067, -5.019]"
1347,3,33.9359,30.4538,0.126,797,2531,26,108,0.068,100,30.07,50000,3845.29,3,1,20.202(25.253%)(0.022m),39.000(34.412%)(2.036m),59.000(52.059%)(4.179m),44.000(38.824%)(2.571m),24.000(30.000%)(0.429m),14.216(35.539%)(0.452m),20.000(50.000%)(1.071m),280.107,4413.857,73.5,1.4320,"[3.031, 3.509, 2.848, 3.242, 3.949, 3.031]","[4.668, 5.188, 4.807, 4.853, 5.513, 4.945]","[-1.530, 0.643, -4.651, -2.615, 0.609, -4.196]"
1348,3,35.5218,30.4471,0.130,805,2550,5,114,0.067,100,30.12,50000,3755.40,4,1,23.292(29.114%)(0.353m),38.000(33.530%)(1.929m),57.000(50.294%)(3.964m),42.000(37.059%)(2.357m),24.000(30.000%)(0.429m),16.454(41.135%)(0.691m),18.000(45.000%)(0.857m),251.479,4234.112,73.3,1.3840,"[2.937, 3.393, 2.591, 3.128, 3.813, 2.768]","[4.713, 5.024, 4.720, 4.939, 5.496, 4.779]","[-2.822, 0.277, -5.259, -3.488, -0.245, -4.946]"
1349,3,19.5349,30.2015,0.125,698,2200,18,97,0.067,95,30.10,50000,3170.22,0,0,11.511(14.389%)(0.000m),20.407(18.006%)(0.044m),46.884(41.368%)(2.880m),40.000(35.294%)(2.143m),24.000(30.000%)(0.429m),10.436(26.091%)(0.047m),20.000(50.000%)(1.071m),277.998,4293.087,73.0,1.3726,"[2.864, 3.210, 2.503, 3.097, 3.625, 2.755]","[4.765, 4.922, 4.680, 4.864, 5.290, 4.715]","[-5.149, -5.841, -5.845, -4.984, -5.604, -5.432]"
1350,3,35.9554,30.2555,0.125,797,2533,1,65,0.067,100,30.15,50000,3792.22,1,1,24.225(30.281%)(0.453m),44.000(38.824%)(2.571m),59.000(52.059%)(4.179m),44.000(38.824%)(2.571m),28.000(35.000%)(0.857m),17.107(42.769%)(0.762m),20.000(50.000%)(1.071m),395.148,4253.424,73.5,1.4297,"[2.999, 3.507, 2.879, 3.208, 3.992, 3.018]","[4.894, 5.201, 4.912, 5.154, 5.630, 4.944]","[-0.995, 1.181, -4.993, -1.752, 0.710, -4.639]"
1351,3,35.1136,30.2266,0.130,818,2577,1,90,0.067,100,30.20,50000,3797.01,2,1,23.951(29.939%)(0.423m),40.000(35.294%)(2.143m),59.000(52.059%)(4.179m),43.000(37.941%)(2.464m),29.000(36.250%)(0.964m),16.909(42.274%)(0.740m),20.000(50.000%)(1.071m),309.718,4613.683,72.9,1.4384,"[3.054, 3.614, 2.946, 3.271, 4.043, 3.136]","[4.863, 5.451, 5.231, 5.230, 5.836, 5.284]","[-1.551, 0.576, -3.825, -2.360, -0.917, -4.219]"
1352,3,27.4084,30.0994,0.121,803,2544,17,85,0.067,100,30.25,50000,3716.92,3,1,21.737(27.172%)(0.186m),44.000(38.824%)(2.571m),66.000(58.235%)(4.929m),46.000(40.588%)(2.786m),24.000(30.000%)(0.429m),15.310(38.275%)(0.569m),20.000(50.000%)(1.071m),419.389,4296.081,73.3,1.4078,"[3.013, 3.459, 2.999, 3.229, 3.888, 3.262]","[4.442, 4.975, 4.737, 4.636, 5.421, 4.852]","[0.381, 1.352, -4.621, 0.671, 1.265, -3.950]"
1353,3,34.5213,30.0893,0.128,802,2544,55,29,0.067,100,30.30,50000,3633.69,4,1,20.501(25.627%)(0.054m),42.000(37.059%)(2.357m),61.000(53.824%)(4.393m),38.000(33.530%)(1.929m),28.000(35.000%)(0.857m),14.424(36.060%)(0.474m),23.000(57.500%)(1.393m),263.481,4186.898,73.4,1.3432,"[3.012, 3.504, 2.731, 3.265, 3.977, 2.943]","[4.524, 5.105, 4.631, 4.875, 5.406, 4.700]","[-2.066, 0.550, -4.862, -3.259, 1.022, -4.744]"
1354,3,35.2894,30.1277,0.139,797,2533,25,75,0.067,100,30.35,50000,3656.50,5,1,20.347(25.433%)(0.037m),43.076(38.009%)(2.472m),59.000(52.059%)(4.179m),44.000(38.824%)(2.571m),28.000(35.000%)(0.857m),14.313(35.783%)(0.462m),20.000(50.000%)(1.071m),398.973,4255.530,73.5,1.3919,"[2.980, 3.514, 2.771, 3.173, 3.949, 3.025]","[4.709, 5.288, 4.670, 4.857, 5.591, 4.818]","[-1.223, 1.148, -4.588, -2.317, 1.355, -4.085]"
1355,3,32.3936,30.0861,0.117,867,2682,0,100,0.066,100,30.41,50000,4249.73,6,1,24.111(30.139%)(0.440m),41.000(36.177%)(2.250m),62.000(54.706%)(4.500m),46.000(40.588%)(2.786m),21.000(26.250%)(0.107m),17.049(42.622%)(0.755m),19.000(47.500%)(0.964m),333.298,6043.479,71.6,1.4662,"[3.219, 3.560, 2.998, 3.407, 4.024, 3.201]","[4.968, 5.226, 5.101, 5.130, 5.672, 5.303]","[-0.142, 1.881, -4.311, -0.662, 1.949, -4.150]"
1356,3,32.0608,30.0099,0.127,806,2551,118,66,0.066,100,30.46,50000,3709.56,7,1,20.347(25.433%)(0.037m),37.000(32.647%)(1.821m),59.000(52.059%)(4.179m),44.000(38.824%)(2.571m),26.000(32.500%)(0.643m),14.313(35.783%)(0.462m),22.000(55.000%)(1.286m),283.623,4219.197,73.2,1.3770,"[3.133, 3.391, 2.501, 3.365, 3.827, 2.661]","[4.623, 5.220, 4.890, 4.856, 5.652, 4.904]","[-1.104, -0.967, -4.997, -1.932, -0.618, -4.593]"
1357,3,32.0686,29.9507,0.125,798,2534,5,127,0.066,100,30.51,50000,3770.68,8,1,24.463(30.579%)(0.478m),38.000(33.530%)(1.929m),57.000(50.294%)(3.964m),40.000(35.294%)(2.143m),26.000(32.500%)(0.643m),17.280(43.200%)(0.780m),17.000(42.500%)(0.750m),256.224,4154.918,73.5,1.4379,"[2.845, 3.304, 2.535, 3.071, 3.731, 2.693]","[4.634, 5.243, 4.872, 4.985, 5.779, 4.927]","[-1.608, 0.861, -4.697, -2.164, 0.593, -4.578]"
1358,3,36.3466,30.0166,0.129,797,2531,0,73,0.066,100,30.56,50000,3681.12,9,1,24.386(30.482%)(0.470m),40.000(35.294%)(2.143m),60.000(52.941%)(4.286m),40.000(35.294%)(2.143m),27.000(33.750%)(0.750m),17.248(43.120%)(0.777m),20.000(50.000%)(1.071m),296.246,4224.708,73.5,1.3750,"[2.912, 3.482, 2.678, 3.122, 3.982, 2.855]","[4.735, 5.268, 4.786, 4.886, 5.726, 4.964]","[-1.423, 0.773, -4.930, -2.764, 0.689, -4.590]"
1359,3,35.1955,30.1016,0.114,797,2533,24,79,0.066,100,30.61,50000,3719.81,10,1,20.567(25.708%)(0.061m),43.511(38.392%)(2.519m),58.000(51.177%)(4.071m),37.000(32.647%)(1.821m),27.000(33.750%)(0.750m),14.471(36.177%)(0.479m),20.000(50.000%)(1.071m),222.568,4223.377,73.5,1.3271,"[2.965, 3.507, 2.804, 3.183, 3.967, 3.041]","[4.725, 5.161, 4.690, 4.920, 5.520, 4.815]","[-2.236, 0.880, -4.711, -2.835, 0.738, -4.387]"
1360,3,9.1001,29.6602,0.122,354,1094,21,10,0.066,70,30.59,50000,1749.31,0,0,11.743(14.679%)(0.000m),22.335(19.708%)(0.250m),53.000(46.765%)(3.536m),38.000(33.530%)(1.929m),29.000(36.250%)(0.964m),9.884(24.710%)(0.000m),26.000(65.000%)(1.714m),259.390,5957.187,71.5,1.4851,"[3.215, 3.087, 2.480, 3.412, 3.411, 2.672]","[4.776, 5.063, 4.828, 4.856, 5.382, 4.926]","[-5.132, -5.789, -5.625, -5.164, -6.594, -5.339]"
1361,3,34.8441,29.6265,0.123,797,2533,65,39,0.066,100,30.64,50000,3759.96,1,1,16.160(20.200%)(0.000m),34.832(30.734%)(1.589m),50.000(44.118%)(3.214m),44.000(38.824%)(2.571m),29.000(36.250%)(0.964m),11.322(28.304%)(0.142m),23.000(57.500%)(1.393m),229.621,4188.989,73.5,1.4703,"[2.980, 3.439, 2.426, 3.236, 3.871, 2.639]","[4.563, 5.194, 4.716, 4.825, 5.559, 4.956]","[-0.778, -4.350, -5.512, -1.756, -4.322, -5.484]"
1362,3,36.1635,30.1784,0.119,798,2534,0,78,0.066,100,30.69,50000,3776.68,2,1,24.684(30.856%)(0.502m),40.000(35.294%)(2.143m),60.000(52.941%)(4.286m),44.000(38.824%)(2.571m),28.000(35.000%)(0.857m),17.461(43.652%)(0.799m),20.000(50.000%)(1.071m),324.652,4239.239,73.5,1.4339,"[2.959, 3.415, 2.680, 3.180, 3.878, 2.872]","[4.827, 5.212, 4.899, 4.972, 5.648, 4.937]","[-1.669, 0.772, -5.194, -1.759, 0.837, -4.953]"
1363,3,37.0269,30.2954,0.127,794,2525,2,123,0.065,100,30.74,50000,3713.80,3,1,24.306(30.382%)(0.461m),38.000(33.530%)(1.929m),58.000(51.177%)(4.071m),43.000(37.941%)(2.464m),24.000(30.000%)(0.429m),17.190(42.975%)(0.770m),20.000(50.000%)(1.071m),251.479,4179.384,73.6,1.4031,"[2.989, 3.464, 2.929, 3.199, 3.922, 3.159]","[4.796, 5.192, 4.752, 5.041, 5.709, 4.828]","[-0.638, 0.196, -3.900, -1.937, -0.011, -4.153]"
1364,3,32.9219,30.3607,0.120,795,2528,6,88,0.065,100,30.79,50000,3720.61,4,1,24.000(30.000%)(0.429m),33.000(29.118%)(1.393m),54.000(47.647%)(3.643m),44.000(38.824%)(2.571m),24.000(30.000%)(0.429m),17.089(42.721%)(0.759m),17.000(42.500%)(0.750m),147.277,4325.828,73.6,1.3818,"[3.035, 3.483, 2.839, 3.261, 3.918, 3.053]","[4.977, 5.265, 5.015, 5.217, 5.694, 5.084]","[-2.454, -2.371, -4.795, -3.162, -2.250, -5.020]"
1365,3,34.7849,30.4033,0.124,822,2585,2,61,0.065,100,30.84,50000,3884.09,5,1,25.058(31.323%)(0.542m),38.000(33.530%)(1.929m),58.000(51.177%)(4.071m),39.000(34.412%)(2.036m),26.000(32.500%)(0.643m),17.736(44.340%)(0.829m),23.000(57.500%)(1.393m),273.228,4804.429,72.8,1.4553,"[3.118, 3.524, 2.985, 3.289, 3.926, 3.171]","[5.618, 5.423, 5.161, 5.785, 5.854, 5.197]","[-0.069, 1.603, -4.799, -0.983, 1.566, -4.453]"
1366,3,31.9588,30.8292,0.119,806,2553,89,121,0.065,100,30.89,50000,3788.94,6,1,16.096(20.120%)(0.000m),34.706(30.623%)(1.576m),51.000(45.000%)(3.321m),39.000(34.412%)(2.036m),21.000(26.250%)(0.107m),11.276(28.191%)(0.137m),15.000(37.500%)(0.536m),280.554,4138.159,73.3,1.4423,"[2.703, 3.232, 2.472, 2.884, 3.625, 2.707]","[4.694, 5.249, 5.142, 4.843, 5.638, 5.147]","[-5.585, -3.888, -4.941, -5.108, -3.996, -4.726]"
1367,3,37.0805,30.8837,0.125,800,2537,0,36,0.065,100,30.94,50000,3729.55,7,1,25.105(31.381%)(0.547m),50.000(44.118%)(3.214m),62.000(54.706%)(4.500m),39.000(34.412%)(2.036m),25.000(31.250%)(0.536m),17.745(44.361%)(0.830m),25.000(62.500%)(1.607m),265.873,4303.954,73.4,1.4065,"[3.051, 3.566, 2.837, 3.286, 4.039, 3.090]","[4.398, 5.073, 4.590, 4.725, 5.381, 4.709]","[-0.198, 1.457, -4.986, -1.198, 1.308, -4.544]"
1368,3,33.5648,30.8893,0.116,812,2565,22,85,0.065,100,30.99,50000,3708.06,8,1,23.803(29.753%)(0.407m),29.000(25.588%)(0.964m),38.000(33.530%)(1.929m),44.000(38.824%)(2.571m),25.000(31.250%)(0.536m),16.825(42.062%)(0.731m),17.000(42.500%)(0.750m),146.031,4342.781,73.1,1.3706,"[2.884, 3.274, 2.512, 3.064, 3.699, 2.706]","[4.734, 5.227, 4.757, 4.879, 5.532, 4.971]","[-3.146, -3.462, -5.059, -4.232, -4.477, -5.165]"
1369,3,37.5987,31.2576,0.114,796,2529,0,58,0.065,100,31.04,50000,3761.95,9,1,24.316(30.395%)(0.462m),40.000(35.294%)(2.143m),60.000(52.941%)(4.286m),42.000(37.059%)(2.357m),25.000(31.250%)(0.536m),17.198(42.994%)(0.771m),22.000(55.000%)(1.286m),301.932,4220.150,73.5,1.3749,"[3.112, 3.580, 3.016, 3.305, 4.057, 3.236]","[4.670, 5.089, 4.553, 4.861, 5.406, 4.776]","[-0.923, 1.263, -4.053, -1.938, 1.304, -4.236]"
1370,3,31.5908,31.1939,0.117,809,2557,17,54,0.065,100,31.09,50000,3724.10,10,1,19.452(24.315%)(0.000m),41.309(36.449%)(2.283m),69.000(60.883%)(5.250m),50.000(44.118%)(3.214m),28.000(35.000%)(0.857m),13.729(34.322%)(0.400m),16.000(40.000%)(0.643m),571.925,4393.837,73.1,1.4165,"[3.085, 3.508, 2.785, 3.292, 3.965, 3.019]","[4.613, 5.214, 4.725, 4.812, 5.502, 4.876]","[-2.196, 0.872, -4.898, -1.291, 1.610, -4.722]"
1371,3,14.7832,30.7850,0.112,510,1599,7,34,0.064,85,31.07,50000,2389.68,0,0,24.466(30.582%)(0.478m),43.000(37.941%)(2.464m),27.000(23.824%)(0.750m),16.000(14.118%)(0.000m),19.000(23.750%)(0.000m),17.282(43.204%)(0.780m),25.000(62.500%)(1.607m),410.811,4886.343,72.5,1.4008,"[2.782, 3.343, 2.780, 3.022, 3.821, 2.974]","[4.795, 5.261, 4.880, 4.956, 5.687, 5.049]","[-7.196, -5.783, -5.581, -7.098, -5.557, -6.648]"
1372,3,30.7920,30.6546,0.121,835,2613,39,64,0.064,100,31.12,50000,4022.10,1,1,22.752(28.440%)(0.295m),42.000(37.059%)(2.357m),62.000(54.706%)(4.500m),47.000(41.471%)(2.893m),28.000(35.000%)(0.857m),16.042(40.105%)(0.647m),20.000(50.000%)(1.071m),334.740,4363.339,72.4,1.4739,"[3.264, 3.567, 2.892, 3.418, 3.993, 3.023]","[4.755, 5.175, 4.849, 5.041, 5.594, 4.994]","[0.125, 1.913, -4.895, -0.475, 2.162, -4.731]"
1373,3,16.3193,30.7183,0.119,896,2598,142,61,0.064,95,31.10,50000,4091.66,0,0,23.527(29.408%)(0.378m),26.373(23.270%)(0.683m),14.963(13.203%)(0.000m),10.966(9.676%)(0.000m),8.522(10.653%)(0.000m),16.614(41.535%)(0.709m),13.542(33.854%)(0.379m),352.224,4747.098,67.1,1.3508,"[2.767, 2.946, 2.570, 2.494, 3.207, 2.626]","[4.997, 5.304, 5.124, 5.143, 5.783, 5.215]","[-5.418, -7.536, -6.790, -8.211, -6.454, -7.992]"
1374,3,37.1323,30.7543,0.122,796,2529,1,86,0.064,100,31.15,50000,3724.84,1,1,24.404(30.505%)(0.472m),39.000(34.412%)(2.036m),59.000(52.059%)(4.179m),44.000(38.824%)(2.571m),25.000(31.250%)(0.536m),17.273(43.181%)(0.779m),20.000(50.000%)(1.071m),262.852,4185.752,73.5,1.4310,"[3.013, 3.565, 2.766, 3.252, 3.999, 2.900]","[4.792, 5.254, 4.863, 4.939, 5.651, 5.074]","[-1.141, 0.981, -4.922, -2.328, 0.726, -4.801]"
1375,3,37.0036,31.3487,0.121,829,2600,0,87,0.064,100,31.20,50000,3814.91,2,1,23.957(29.946%)(0.424m),40.000(35.294%)(2.143m),60.000(52.941%)(4.286m),44.000(38.824%)(2.571m),25.000(31.250%)(0.536m),16.937(42.342%)(0.743m),20.000(50.000%)(1.071m),344.823,5020.108,72.6,1.3822,"[3.093, 3.536, 2.896, 3.292, 4.011, 3.070]","[5.315, 5.278, 5.003, 5.436, 5.717, 5.073]","[-0.859, 0.319, -4.789, -1.690, 0.446, -4.667]"
1376,3,34.7304,31.4367,0.124,801,2542,0,82,0.064,100,31.25,50000,3803.11,3,1,24.171(30.214%)(0.447m),35.000(30.882%)(1.607m),60.000(52.941%)(4.286m),46.000(40.588%)(2.786m),25.000(31.250%)(0.536m),17.092(42.730%)(0.760m),17.000(42.500%)(0.750m),216.749,4214.520,73.4,1.4562,"[2.902, 3.480, 2.755, 3.111, 3.961, 2.924]","[4.693, 5.350, 5.122, 4.947, 5.786, 5.204]","[-4.182, -2.137, -4.232, -4.758, -1.976, -5.316]"
1377,3,35.8036,31.3992,0.116,800,2537,0,92,0.064,100,31.30,50000,3719.50,4,1,24.419(30.524%)(0.474m),41.000(36.177%)(2.250m),62.000(54.706%)(4.500m),46.000(40.588%)(2.786m),25.000(31.250%)(0.536m),17.259(43.148%)(0.778m),20.000(50.000%)(1.071m),331.479,4286.281,73.4,1.4191,"[3.096, 3.635, 3.096, 3.339, 4.113, 3.281]","[4.516, 5.095, 4.763, 4.764, 5.507, 4.946]","[-0.795, 1.774, -3.710, -1.545, 1.774, -3.690]"
1378,3,14.7277,31.0001,0.124,518,1626,11,59,0.063,85,31.28,50000,2356.21,0,0,24.518(30.647%)(0.484m),38.000(33.530%)(1.929m),35.000(30.882%)(1.607m),18.000(15.882%)(0.000m),11.000(13.750%)(0.000m),17.320(43.299%)(0.784m),21.000(52.500%)(1.179m),258.798,4780.011,72.6,1.3733,"[2.694, 3.163, 2.621, 2.860, 3.627, 2.737]","[4.424, 4.977, 4.630, 4.522, 5.328, 4.768]","[-5.472, -5.119, -7.027, -8.211, -4.930, -7.448]"
1379,3,31.1348,30.8857,0.116,812,2562,2,49,0.063,100,31.33,50000,3777.01,1,1,24.965(31.206%)(0.532m),52.253(46.106%)(3.456m),58.000(51.177%)(4.071m),36.000(31.765%)(1.714m),25.000(31.250%)(0.536m),17.643(44.107%)(0.819m),23.000(57.500%)(1.393m),307.744,4519.515,73.0,1.3705,"[3.276, 3.719, 3.245, 3.425, 4.172, 3.434]","[4.980, 5.249, 4.859, 5.024, 5.554, 5.058]","[-0.711, 0.575, -3.027, -2.594, 0.706, -3.095]"
1380,3,29.6543,30.7752,0.117,815,2571,32,94,0.063,100,31.38,50000,3948.47,2,1,20.144(25.180%)(0.015m),42.580(37.571%)(2.419m),55.000(48.530%)(3.750m),45.000(39.706%)(2.679m),22.000(27.500%)(0.214m),14.174(35.434%)(0.447m),20.000(50.000%)(1.071m),359.539,4269.226,73.0,1.4918,"[3.067, 3.548, 2.970, 3.198, 3.912, 3.134]","[4.712, 5.510, 5.089, 5.061, 5.861, 5.272]","[-0.909, 0.800, -4.914, -1.174, 0.569, -4.745]"
1381,3,31.7614,30.6506,0.114,833,2610,2,108,0.063,100,31.43,50000,3908.57,3,1,24.416(30.520%)(0.473m),44.000(38.824%)(2.571m),58.000(51.177%)(4.071m),44.000(38.824%)(2.571m),24.000(30.000%)(0.429m),17.246(43.115%)(0.776m),20.000(50.000%)(1.071m),391.420,4272.118,72.5,1.3959,"[3.112, 3.564, 3.113, 3.227, 3.951, 3.305]","[4.809, 5.245, 4.890, 5.012, 5.744, 5.000]","[-1.005, 0.755, -4.479, -1.758, 1.380, -4.199]"
1382,3,10.7560,30.2805,0.123,614,1851,105,62,0.063,85,31.40,50000,2786.47,0,0,14.000(17.500%)(0.000m),31.000(27.353%)(1.179m),57.000(50.294%)(3.964m),31.000(27.353%)(1.179m),22.837(28.547%)(0.304m),10.000(25.000%)(0.000m),16.104(40.259%)(0.654m),198.178,5542.963,69.8,1.4493,"[2.911, 3.190, 3.044, 2.817, 3.524, 3.123]","[5.044, 5.072, 5.168, 5.024, 5.566, 5.179]","[-2.659, -6.362, -7.300, -3.482, -6.178, -5.938]"
1383,3,34.1363,30.3525,0.119,824,2590,0,81,0.063,100,31.45,50000,3767.01,1,1,23.633(29.541%)(0.389m),37.000(32.647%)(1.821m),66.000(58.235%)(4.929m),48.000(42.353%)(3.000m),30.000(37.500%)(1.071m),16.702(41.754%)(0.718m),23.000(57.500%)(1.393m),333.899,4266.861,72.7,1.3584,"[3.225, 3.693, 2.955, 3.478, 4.192, 3.160]","[4.796, 5.261, 4.826, 5.153, 5.736, 5.003]","[1.229, 0.518, -4.156, 1.045, 0.677, -4.134]"
1384,3,33.7550,30.4380,0.123,798,2534,46,101,0.063,100,31.50,50000,3657.08,2,1,20.283(25.354%)(0.030m),39.000(34.412%)(2.036m),66.000(58.235%)(4.929m),44.000(38.824%)(2.571m),24.000(30.000%)(0.429m),14.268(35.669%)(0.457m),20.000(50.000%)(1.071m),296.158,4226.513,73.5,1.3288,"[3.156, 3.636, 2.886, 3.349, 4.052, 3.107]","[4.720, 5.296, 4.857, 4.897, 5.767, 5.079]","[-1.096, 1.357, -4.859, -1.744, 1.316, -4.425]"
1385,3,21.9744,30.1726,0.120,710,2231,13,20,0.063,95,31.48,50000,3265.00,0,0,12.420(15.526%)(0.000m),25.679(22.658%)(0.608m),66.000(58.235%)(4.929m),42.000(37.059%)(2.357m),27.000(33.750%)(0.750m),9.691(24.226%)(0.000m),24.000(60.000%)(1.500m),339.266,4903.007,72.7,1.3646,"[2.745, 3.140, 2.602, 2.935, 3.573, 2.844]","[4.295, 5.001, 4.790, 4.740, 5.320, 4.884]","[-4.424, -7.160, -5.651, -4.200, -6.303, -5.456]"
1386,3,32.3675,30.1639,0.114,804,2547,21,96,0.062,100,31.53,50000,3691.52,1,1,20.804(26.005%)(0.086m),36.000(31.765%)(1.714m),67.000(59.118%)(5.036m),48.000(42.353%)(3.000m),27.000(33.750%)(0.750m),14.641(36.602%)(0.497m),20.000(50.000%)(1.071m),271.446,4373.100,73.3,1.4124,"[3.035, 3.411, 2.637, 3.289, 3.860, 2.865]","[4.957, 4.981, 4.838, 5.055, 5.492, 4.953]","[-0.991, -0.317, -4.680, -2.338, -0.198, -4.086]"
1387,3,14.2679,29.8896,0.121,517,1602,53,22,0.062,85,31.51,50000,2404.46,0,0,19.158(23.947%)(0.000m),26.000(22.941%)(0.643m),43.000(37.941%)(2.464m),35.000(30.882%)(1.607m),30.000(37.500%)(1.071m),13.471(33.677%)(0.372m),26.000(65.000%)(1.714m),20.642,4658.856,71.7,1.3742,"[2.902, 2.814, 2.404, 2.992, 3.125, 2.424]","[4.869, 5.325, 5.154, 4.849, 5.656, 5.168]","[-2.170, -6.081, -6.144, -6.258, -6.171, -7.996]"
1388,3,11.2616,29.7282,0.120,361,1125,14,19,0.062,70,31.48,50000,1701.73,0,0,12.461(15.577%)(0.000m),25.763(22.732%)(0.617m),66.000(58.235%)(4.929m),44.000(38.824%)(2.571m),28.000(35.000%)(0.857m),9.722(24.306%)(0.000m),25.000(62.500%)(1.607m),410.811,5811.093,72.1,1.3925,"[3.267, 3.578, 2.830, 3.394, 3.930, 3.033]","[4.943, 5.385, 5.059, 4.949, 5.762, 5.282]","[-7.420, -6.637, -6.847, -6.489, -7.009, -6.587]"
1389,3,15.8093,29.3494,0.111,532,1673,7,42,0.062,85,31.46,50000,2492.75,0,0,24.466(30.582%)(0.478m),41.000(36.177%)(2.250m),62.000(54.706%)(4.500m),20.000(17.647%)(0.000m),12.000(15.000%)(0.000m),17.282(43.204%)(0.780m),11.000(27.500%)(0.107m),347.166,4829.011,72.8,1.3367,"[2.994, 3.395, 2.840, 3.140, 3.827, 2.966]","[4.507, 5.018, 4.759, 4.767, 5.449, 4.893]","[-5.576, -6.364, -5.428, -5.997, -6.566, -6.220]"
1390,3,10.0673,29.3066,0.108,340,1057,12,9,0.062,70,31.44,50000,1694.68,0,0,12.657(15.821%)(0.000m),26.168(23.089%)(0.661m),66.000(58.235%)(4.929m),45.000(39.706%)(2.679m),29.000(36.250%)(0.964m),9.875(24.688%)(0.000m),26.000(65.000%)(1.714m),414.484,5962.231,71.9,1.5088,"[2.765, 3.120, 2.745, 2.934, 3.523, 2.918]","[4.476, 5.042, 4.809, 4.652, 5.471, 4.957]","[-4.931, -6.346, -5.262, -4.331, -5.769, -5.290]"
1391,3,34.9808,29.2758,0.119,801,2541,83,35,0.062,100,31.49,50000,3657.32,1,1,23.059(28.824%)(0.328m),48.454(42.753%)(3.049m),70.000(61.765%)(5.357m),46.000(40.588%)(2.786m),24.000(30.000%)(0.429m),16.285(40.713%)(0.673m),21.000(52.500%)(1.179m),432.393,4365.590,73.4,1.3502,"[3.086, 3.492, 2.819, 3.300, 3.986, 3.080]","[4.776, 5.116, 4.830, 5.062, 5.592, 4.989]","[-0.108, -2.067, -5.044, -0.445, -1.844, -4.883]"
1392,3,28.9066,29.1320,0.127,822,2588,1,95,0.062,100,31.54,50000,3837.52,2,1,24.000(30.000%)(0.429m),40.000(35.294%)(2.143m),59.000(52.059%)(4.179m),42.000(37.059%)(2.357m),29.000(36.250%)(0.964m),17.000(42.500%)(0.750m),20.000(50.000%)(1.071m),312.501,4229.075,72.9,1.4193,"[2.895, 3.274, 2.556, 3.090, 3.714, 2.755]","[4.829, 5.172, 4.746, 4.906, 5.582, 4.909]","[-1.515, -1.153, -5.298, -2.410, -0.935, -5.613]"
1393,3,33.4070,29.0490,0.120,799,2537,101,52,0.062,100,31.59,50000,3634.99,3,1,20.770(25.963%)(0.083m),43.512(38.393%)(2.519m),59.000(52.059%)(4.179m),44.000(38.824%)(2.571m),28.000(35.000%)(0.857m),14.617(36.541%)(0.495m),20.000(50.000%)(1.071m),390.434,4223.884,73.5,1.3540,"[3.056, 3.239, 2.416, 3.204, 3.679, 2.659]","[4.759, 5.145, 4.814, 4.925, 5.603, 4.952]","[-1.039, -4.273, -5.570, -2.173, -3.897, -5.571]"
1394,3,13.8346,28.9996,0.114,512,1605,14,28,0.061,85,31.56,50000,2393.48,0,0,25.089(31.362%)(0.545m),42.000(37.059%)(2.357m),21.000(18.529%)(0.107m),14.000(12.353%)(0.000m),21.000(26.250%)(0.107m),17.733(44.333%)(0.829m),25.000(62.500%)(1.607m),286.520,4744.710,72.6,1.3896,"[2.864, 3.271, 2.654, 3.037, 3.694, 2.794]","[4.630, 5.118, 4.801, 4.809, 5.527, 4.920]","[-5.930, -6.344, -7.044, -5.010, -5.843, -6.620]"
1395,3,35.4562,29.1348,0.122,797,2533,35,50,0.061,100,31.61,50000,3729.78,1,1,20.345(25.431%)(0.037m),42.978(37.922%)(2.462m),59.000(52.059%)(4.179m),44.000(38.824%)(2.571m),28.000(35.000%)(0.857m),14.318(35.796%)(0.463m),21.000(52.500%)(1.179m),379.127,4220.234,73.5,1.4385,"[3.058, 3.492, 2.585, 3.251, 3.971, 2.840]","[4.701, 5.239, 4.964, 5.114, 5.701, 5.051]","[-1.437, 0.655, -5.498, -2.945, 0.849, -5.240]"
1396,3,35.4797,29.2457,0.111,801,2540,22,47,0.061,100,31.66,50000,3714.82,2,1,20.623(25.778%)(0.067m),43.527(38.406%)(2.521m),60.000(52.941%)(4.286m),37.000(32.647%)(1.821m),24.000(30.000%)(0.429m),14.517(36.292%)(0.484m),23.000(57.500%)(1.393m),210.123,4203.450,73.4,1.4043,"[3.123, 3.539, 2.682, 3.344, 4.018, 2.947]","[4.714, 5.124, 4.781, 5.112, 5.573, 4.924]","[-1.207, 0.735, -4.841, -2.623, 1.307, -4.638]"
1397,3,36.9525,29.3060,0.113,796,2529,2,107,0.061,100,31.71,50000,3742.63,3,1,24.172(30.215%)(0.447m),38.000(33.530%)(1.929m),58.000(51.177%)(4.071m),44.000(38.824%)(2.571m),24.000(30.000%)(0.429m),17.093(42.732%)(0.760m),20.000(50.000%)(1.071m),257.166,4200.028,73.5,1.3745,"[3.101, 3.587, 2.951, 3.305, 4.061, 3.148]","[4.679, 5.171, 4.846, 4.813, 5.507, 5.008]","[-0.199, 0.930, -3.848, -1.544, 0.904, -4.216]"
1398,3,24.5061,29.0857,0.103,804,2538,16,54,0.061,95,31.69,50000,3758.91,0,0,11.652(14.566%)(0.000m),22.162(19.555%)(0.232m),59.000(52.059%)(4.179m),43.000(37.941%)(2.464m),28.000(35.000%)(0.857m),9.807(24.519%)(0.000m),20.000(50.000%)(1.071m),379.314,4748.205,73.0,1.3864,"[3.181, 3.537, 2.744, 3.418, 4.005, 2.990]","[4.824, 5.209, 4.830, 5.084, 5.627, 4.940]","[-5.553, -6.319, -5.475, -4.831, -6.519, -5.881]"
1399,3,28.1505,29.2580,0.133,810,2563,45,88,0.061,100,31.74,50000,3920.20,1,1,16.273(20.342%)(0.000m),34.822(30.725%)(1.588m),62.000(54.706%)(4.500m),50.000(44.118%)(3.214m),28.000(35.000%)(0.857m),11.411(28.528%)(0.151m),20.000(50.000%)(1.071m),353.269,4323.446,73.2,1.4838,"[2.930, 3.348, 2.354, 3.152, 3.773, 2.612]","[4.772, 5.276, 4.809, 4.981, 5.653, 4.921]","[-0.928, -4.055, -5.544, -1.233, -3.971, -5.328]"
1400,3,18.5863,28.9106,0.130,665,2106,5,96,0.061,95,31.71,50000,3100.02,0,0,24.463(30.579%)(0.478m),45.000(39.706%)(2.679m),42.000(37.059%)(2.357m),28.000(24.706%)(0.857m),23.000(28.750%)(0.321m),17.280(43.200%)(0.780m),20.000(50.000%)(1.071m),16.292,4154.902,73.3,1.3581,"[2.660, 3.219, 2.792, 2.771, 3.666, 3.033]","[4.587, 5.050, 4.819, 4.885, 5.518, 5.010]","[-7.565, -6.401, -6.783, -7.573, -6.087, -6.436]"
1401,3,11.2616,28.4336,0.117,361,1125,14,19,0.061,70,31.69,50000,1702.38,0,0,12.461(15.577%)(0.000m),25.763(22.732%)(0.617m),66.000(58.235%)(4.929m),44.000(38.824%)(2.571m),28.000(35.000%)(0.857m),9.722(24.306%)(0.000m),25.000(62.500%)(1.607m),410.811,5811.093,72.1,1.4122,"[3.161, 3.432, 2.777, 3.286, 3.810, 2.920]","[4.650, 4.908, 4.531, 4.733, 5.314, 4.665]","[-7.796, -6.767, -6.459, -7.239, -6.977, -6.345]"
1402,3,35.6766,28.5989,0.113,796,2529,23,112,0.061,100,31.74,50000,3694.68,1,1,20.251(25.314%)(0.027m),36.000(31.765%)(1.714m),67.000(59.118%)(5.036m),37.000(32.647%)(1.821m),24.000(30.000%)(0.429m),14.245(35.612%)(0.455m),20.000(50.000%)(1.071m),234.298,4148.146,73.5,1.3929,"[2.819, 3.395, 2.632, 2.997, 3.854, 2.901]","[4.435, 4.823, 4.533, 4.596, 5.252, 4.757]","[-1.920, 0.000, -5.074, -4.221, -0.011, -4.823]"
1403,3,37.1006,28.6505,0.123,804,2545,16,65,0.060,100,31.79,50000,3779.43,2,1,19.984(24.980%)(0.000m),42.359(37.376%)(2.396m),66.000(58.235%)(4.929m),41.000(36.177%)(2.250m),24.000(30.000%)(0.429m),14.053(35.132%)(0.434m),21.000(52.500%)(1.179m),320.109,4333.716,73.3,1.4187,"[3.030, 3.471, 2.718, 3.248, 3.919, 2.944]","[4.888, 5.130, 4.841, 5.072, 5.574, 4.967]","[-1.095, 1.491, -4.556, -2.521, 1.612, -3.971]"
1404,3,35.6967,28.6587,0.113,794,2525,3,104,0.060,100,31.84,50000,3786.82,3,1,24.287(30.359%)(0.459m),39.000(34.412%)(2.036m),58.000(51.177%)(4.071m),40.000(35.294%)(2.143m),26.000(32.500%)(0.643m),17.177(42.941%)(0.769m),20.000(50.000%)(1.071m),265.758,4349.009,73.6,1.4613,"[3.003, 3.555, 2.741, 3.257, 4.063, 2.982]","[4.734, 5.151, 4.585, 5.088, 5.632, 4.830]","[-0.365, 0.669, -5.065, -1.364, 0.549, -4.560]"
1405,3,32.8473,28.6677,0.111,804,2547,51,120,0.060,100,31.89,50000,3693.35,4,1,20.368(25.460%)(0.039m),42.000(37.059%)(2.357m),55.000(48.530%)(3.750m),48.000(42.353%)(3.000m),24.000(30.000%)(0.429m),14.328(35.821%)(0.464m),20.000(50.000%)(1.071m),281.788,4256.239,73.3,1.3726,"[3.003, 3.483, 2.777, 3.189, 3.940, 2.982]","[4.823, 5.243, 4.829, 4.972, 5.710, 5.017]","[0.002, 1.183, -5.499, -1.616, 1.014, -4.845]"
1406,3,35.1359,28.7293,0.108,800,2537,23,55,0.060,100,31.93,50000,3653.22,5,1,20.494(25.618%)(0.053m),43.273(38.182%)(2.494m),66.000(58.235%)(4.929m),44.000(38.824%)(2.571m),24.000(30.000%)(0.429m),14.425(36.062%)(0.474m),18.000(45.000%)(0.857m),410.811,4326.846,73.4,1.3341,"[3.244, 3.685, 2.907, 3.480, 4.151, 3.096]","[4.705, 5.395, 4.795, 5.097, 5.738, 4.858]","[0.600, 1.695, -4.332, 1.121, 1.980, -4.076]"
1407,3,34.2974,28.7738,0.111,806,2552,0,84,0.060,100,31.98,50000,3915.61,6,1,24.118(30.148%)(0.441m),41.000(36.177%)(2.250m),62.000(54.706%)(4.500m),46.000(40.588%)(2.786m),27.000(33.750%)(0.750m),17.030(42.576%)(0.753m),20.000(50.000%)(1.071m),351.326,4286.420,73.3,1.4442,"[3.066, 3.527, 2.825, 3.295, 3.994, 3.038]","[4.622, 5.135, 4.844, 4.862, 5.515, 4.945]","[-0.371, 0.774, -5.394, -0.686, 0.884, -5.110]"
1408,3,8.1208,28.2093,0.108,384,1152,13,15,0.060,70,31.96,50000,1839.00,0,0,27.000(33.750%)(0.750m),43.000(37.941%)(2.464m),42.598(37.586%)(2.421m),19.508(17.213%)(0.000m),11.239(14.049%)(0.000m),24.000(60.000%)(1.500m),10.443(26.109%)(0.048m),510.381,5865.981,69.4,1.4394,"[3.173, 3.588, 3.268, 3.181, 3.882, 3.377]","[4.731, 5.217, 4.966, 4.953, 5.732, 5.090]","[-4.284, -4.912, -6.691, -5.974, -5.029, -6.586]"
1409,3,35.4844,28.2151,0.124,802,2542,0,122,0.060,100,32.01,50000,3698.75,1,1,24.230(30.288%)(0.453m),40.000(35.294%)(2.143m),64.000(56.471%)(4.714m),41.000(36.177%)(2.250m),25.000(31.250%)(0.536m),17.135(42.838%)(0.764m),20.000(50.000%)(1.071m),285.793,4228.559,73.4,1.3843,"[3.045, 3.542, 2.791, 3.206, 4.007, 2.989]","[4.679, 5.082, 4.729, 4.964, 5.519, 4.888]","[-0.458, 0.555, -4.139, -2.068, 0.724, -4.443]"
1410,3,32.8674,28.6904,0.120,804,2547,21,112,0.060,100,32.06,50000,3760.67,2,1,20.847(26.059%)(0.091m),44.000(38.824%)(2.571m),66.000(58.235%)(4.929m),44.000(38.824%)(2.571m),24.000(30.000%)(0.429m),14.672(36.679%)(0.501m),20.000(50.000%)(1.071m),380.511,4426.441,73.3,1.4238,"[2.963, 3.520, 3.021, 3.148, 3.932, 3.247]","[5.087, 5.226, 4.751, 5.149, 5.660, 5.008]","[-2.578, 0.989, -5.388, -3.445, 1.530, -4.913]"
1411,3,28.6139,28.5658,0.109,862,2673,52,147,0.059,100,32.10,50000,3947.89,3,1,20.545(25.681%)(0.058m),43.000(37.941%)(2.464m),63.000(55.588%)(4.607m),44.000(38.824%)(2.571m),25.000(31.250%)(0.536m),14.455(36.138%)(0.477m),20.000(50.000%)(1.071m),391.102,4909.460,71.8,1.3479,"[3.114, 3.503, 2.905, 3.211, 3.874, 3.092]","[5.167, 5.419, 5.002, 5.209, 5.721, 5.074]","[-0.409, 1.435, -4.596, -0.686, 1.964, -4.327]"
1412,3,34.7194,28.5369,0.116,805,2550,4,101,0.059,100,32.15,50000,3758.38,4,1,23.438(29.297%)(0.368m),42.000(37.059%)(2.357m),56.000(49.412%)(3.857m),45.000(39.706%)(2.679m),25.000(31.250%)(0.536m),16.538(41.345%)(0.701m),21.000(52.500%)(1.179m),341.201,4680.687,73.3,1.3829,"[3.008, 3.424, 2.729, 3.198, 3.871, 2.926]","[4.760, 5.190, 5.140, 4.920, 5.639, 5.200]","[-2.372, 0.413, -5.179, -2.986, 0.668, -4.915]"
1413,3,35.7749,28.5119,0.106,799,2535,0,10,0.059,100,32.20,50000,3684.25,5,1,24.115(30.143%)(0.441m),50.283(44.368%)(3.245m),66.000(58.235%)(4.929m),44.000(38.824%)(2.571m),29.000(36.250%)(0.964m),17.051(42.628%)(0.755m),23.000(57.500%)(1.393m),410.811,4391.301,73.4,1.4584,"[3.278, 3.704, 2.803, 3.452, 4.192, 3.029]","[4.844, 5.396, 4.802, 4.847, 5.677, 4.921]","[0.948, 1.458, -5.448, 1.284, 1.800, -5.133]"
1414,3,38.3808,28.6211,0.112,796,2529,0,39,0.059,100,32.25,50000,3841.07,6,1,24.783(30.979%)(0.512m),46.000(40.588%)(2.786m),60.000(52.941%)(4.286m),44.000(38.824%)(2.571m),28.000(35.000%)(0.857m),17.536(43.841%)(0.807m),23.000(57.500%)(1.393m),390.855,4245.824,73.5,1.4881,"[3.085, 3.560, 2.873, 3.265, 4.008, 3.076]","[4.974, 5.372, 4.953, 5.096, 5.830, 5.103]","[-0.290, 0.754, -4.848, -0.786, 1.217, -4.408]"
1415,3,32.4728,28.5748,0.116,806,2552,62,55,0.059,100,32.30,50000,3716.31,7,1,16.332(20.415%)(0.000m),35.110(30.979%)(1.619m),66.000(58.235%)(4.929m),46.000(40.588%)(2.786m),28.000(35.000%)(0.857m),11.444(28.610%)(0.155m),20.000(50.000%)(1.071m),401.847,4364.390,73.3,1.3852,"[3.067, 3.393, 2.533, 3.263, 3.830, 2.765]","[5.030, 5.524, 5.099, 5.196, 6.026, 5.217]","[-1.980, -6.160, -4.934, -2.591, -6.754, -4.911]"
1416,3,34.0491,28.6166,0.106,801,2540,0,110,0.059,100,32.34,50000,3788.85,8,1,24.474(30.592%)(0.479m),43.000(37.941%)(2.464m),60.000(52.941%)(4.286m),37.000(32.647%)(1.821m),24.000(30.000%)(0.429m),17.312(43.280%)(0.783m),20.000(50.000%)(1.071m),203.656,4226.861,73.4,1.4426,"[2.895, 3.437, 2.668, 3.095, 3.888, 2.876]","[4.600, 5.007, 4.825, 4.887, 5.467, 4.953]","[-1.999, 1.000, -5.215, -3.520, 1.361, -4.820]"
1417,3,31.6296,28.5076,0.124,802,2545,24,90,0.059,100,32.39,50000,3724.01,9,1,20.114(25.143%)(0.012m),41.000(36.177%)(2.250m),62.000(54.706%)(4.500m),51.000(45.000%)(3.321m),28.000(35.000%)(0.857m),14.147(35.367%)(0.444m),20.000(50.000%)(1.071m),332.245,4298.336,73.4,1.3808,"[2.915, 3.324, 2.491, 3.093, 3.764, 2.688]","[4.564, 5.050, 4.636, 5.085, 5.483, 4.677]","[0.368, -2.596, -5.484, -1.015, -2.630, -5.134]"
1418,3,31.0835,28.4580,0.108,802,2544,61,71,0.059,100,32.44,50000,3805.54,10,1,21.203(26.503%)(0.129m),44.000(38.824%)(2.571m),56.000(49.412%)(3.857m),38.000(33.530%)(1.929m),25.000(31.250%)(0.536m),14.927(37.317%)(0.528m),19.000(47.500%)(0.964m),257.758,4203.102,73.4,1.3921,"[2.944, 3.294, 2.505, 3.090, 3.742, 2.736]","[4.986, 5.005, 4.639, 5.170, 5.464, 4.753]","[-2.558, 0.870, -4.809, -3.349, 1.369, -4.400]"
1419,3,32.0002,28.3460,0.114,822,2586,31,98,0.058,100,32.49,50000,3782.49,11,1,21.630(27.038%)(0.175m),40.000(35.294%)(2.143m),58.000(51.177%)(4.071m),42.000(37.059%)(2.357m),27.000(33.750%)(0.750m),15.233(38.082%)(0.561m),19.000(47.500%)(0.964m),322.447,4242.976,72.8,1.3439,"[3.032, 3.355, 2.732, 3.139, 3.786, 2.912]","[4.687, 5.078, 4.758, 4.788, 5.478, 4.777]","[-1.655, 1.640, -4.552, -1.855, 1.545, -4.564]"
1420,3,32.1678,28.3576,0.123,796,2531,46,116,0.058,100,32.54,50000,3640.28,12,1,15.181(18.976%)(0.000m),32.916(29.043%)(1.384m),65.000(57.353%)(4.821m),42.000(37.059%)(2.357m),25.000(31.250%)(0.536m),10.627(26.566%)(0.067m),21.000(52.500%)(1.179m),332.064,4246.595,73.6,1.4158,"[2.846, 3.196, 2.536, 3.051, 3.627, 2.808]","[4.738, 5.079, 5.131, 4.945, 5.462, 5.229]","[-0.704, -6.220, -6.382, -0.938, -6.728, -6.638]"
1421,3,29.1027,28.6440,0.114,860,2670,94,133,0.058,100,32.58,50000,3959.40,13,1,17.967(22.459%)(0.000m),38.225(33.728%)(1.953m),57.000(50.294%)(3.964m),47.000(41.471%)(2.893m),23.000(28.750%)(0.321m),12.609(31.522%)(0.280m),19.000(47.500%)(0.964m),381.367,4311.759,71.8,1.3889,"[2.868, 3.163, 2.496, 3.053, 3.593, 2.677]","[4.551, 5.054, 4.866, 4.686, 5.437, 4.907]","[-2.076, -2.780, -5.351, -3.038, -2.895, -6.103]"
1422,3,36.8451,28.7650,0.118,797,2531,22,16,0.058,100,32.63,50000,3693.77,14,1,20.631(25.788%)(0.068m),43.637(38.503%)(2.533m),66.000(58.235%)(4.929m),38.000(33.530%)(1.929m),27.000(33.750%)(0.750m),14.517(36.291%)(0.484m),25.000(62.500%)(1.607m),339.819,4305.761,73.5,1.4176,"[3.190, 3.690, 2.827, 3.435, 4.130, 3.040]","[4.804, 5.098, 4.748, 4.867, 5.485, 4.695]","[0.249, 1.619, -4.656, -1.734, 1.659, -4.380]"
1423,3,35.0618,29.1399,0.116,803,2544,96,60,0.058,100,32.68,50000,3819.10,15,1,16.094(20.117%)(0.000m),34.695(30.613%)(1.574m),66.000(58.235%)(4.929m),47.000(41.471%)(2.893m),27.000(33.750%)(0.750m),11.274(28.186%)(0.137m),23.000(57.500%)(1.393m),457.647,4415.506,73.3,1.4045,"[3.122, 3.491, 2.353, 3.371, 3.924, 2.631]","[4.887, 5.317, 4.882, 5.213, 5.799, 5.024]","[0.777, -5.369, -6.350, 0.509, -5.606, -6.848]"
1424,3,36.3559,29.1243,0.106,798,2534,0,71,0.058,100,32.72,50000,3848.91,16,1,24.511(30.639%)(0.483m),42.000(37.059%)(2.357m),64.000(56.471%)(4.714m),47.000(41.471%)(2.893m),28.000(35.000%)(0.857m),17.339(43.348%)(0.786m),20.000(50.000%)(1.071m),357.997,4266.175,73.5,1.4486,"[3.038, 3.580, 2.808, 3.265, 4.022, 3.046]","[4.919, 5.300, 4.978, 5.037, 5.663, 5.094]","[-0.345, 0.204, -5.065, -1.251, 0.468, -4.717]"
1425,3,33.9010,29.0623,0.122,796,2531,30,84,0.058,100,32.77,50000,3586.29,17,1,20.246(25.308%)(0.026m),42.878(37.833%)(2.451m),66.000(58.235%)(4.929m),44.000(38.824%)(2.571m),24.000(30.000%)(0.429m),14.313(35.783%)(0.462m),17.000(42.500%)(0.750m),391.528,4223.625,73.6,1.3392,"[2.978, 3.558, 2.592, 3.190, 3.980, 2.829]","[4.761, 5.215, 4.766, 4.941, 5.679, 4.986]","[-3.886, 0.197, -4.883, -4.413, 0.343, -4.522]"
1426,3,23.2408,28.8325,0.106,806,2551,44,30,0.058,100,32.82,50000,3741.23,18,1,21.788(27.235%)(0.192m),43.000(37.941%)(2.464m),59.000(52.059%)(4.179m),41.000(36.177%)(2.250m),27.000(33.750%)(0.750m),15.346(38.365%)(0.573m),22.000(55.000%)(1.286m),315.454,4589.067,73.2,1.4148,"[2.982, 3.436, 2.806, 3.153, 3.866, 2.980]","[5.246, 5.369, 4.888, 5.401, 5.794, 5.076]","[-1.036, 1.207, -4.546, -2.735, 0.420, -4.088]"
1427,3,33.5695,28.7878,0.114,805,2550,49,96,0.058,100,32.87,50000,3646.54,19,1,20.315(25.394%)(0.034m),43.013(37.953%)(2.466m),64.000(56.471%)(4.714m),43.000(37.941%)(2.464m),20.000(25.000%)(0.000m),14.290(35.726%)(0.460m),14.000(35.000%)(0.429m),360.811,4740.282,73.3,1.3841,"[2.953, 3.551, 2.808, 3.147, 3.966, 3.010]","[4.949, 5.146, 4.858, 5.104, 5.510, 5.037]","[-4.306, -0.312, -4.456, -5.002, -0.394, -4.124]"
1428,3,34.1616,29.1765,0.102,800,2539,1,90,0.057,100,32.91,50000,3706.56,20,1,24.251(30.314%)(0.455m),44.000(38.824%)(2.571m),59.000(52.059%)(4.179m),44.000(38.824%)(2.571m),28.000(35.000%)(0.857m),17.150(42.876%)(0.766m),20.000(50.000%)(1.071m),392.117,4332.176,73.4,1.4382,"[2.944, 3.479, 2.769, 3.098, 3.947, 2.947]","[4.730, 5.065, 4.807, 4.887, 5.470, 4.949]","[-2.866, 1.156, -5.166, -3.665, 1.613, -4.521]"
1429,3,36.5979,29.2858,0.104,821,2585,20,59,0.057,100,32.96,50000,3830.44,21,1,21.056(26.320%)(0.113m),40.000(35.294%)(2.143m),60.000(52.941%)(4.286m),47.000(41.471%)(2.893m),27.000(33.750%)(0.750m),14.822(37.054%)(0.517m),20.000(50.000%)(1.071m),310.736,4517.899,72.9,1.3604,"[3.058, 3.450, 2.673, 3.279, 3.891, 2.805]","[5.107, 5.257, 4.786, 5.230, 5.594, 4.790]","[-2.438, -0.981, -5.087, -3.000, -0.880, -4.852]"
1430,3,34.3775,29.3802,0.105,813,2568,82,72,0.057,100,33.01,50000,3754.81,22,1,16.126(20.157%)(0.000m),34.764(30.674%)(1.582m),58.000(51.177%)(4.071m),40.000(35.294%)(2.143m),26.000(32.500%)(0.643m),11.297(28.243%)(0.139m),20.000(50.000%)(1.071m),283.740,4857.522,73.1,1.4292,"[3.073, 3.427, 2.393, 3.280, 3.844, 2.629]","[4.439, 4.991, 4.496, 4.934, 5.352, 4.632]","[-1.755, -3.742, -4.714, -2.163, -4.134, -4.471]"
1431,3,29.9923,29.3448,0.112,811,2563,49,66,0.057,100,33.05,50000,3884.16,23,1,16.308(20.385%)(0.000m),35.018(30.898%)(1.609m),54.000(47.647%)(3.643m),32.000(28.235%)(1.286m),22.000(27.500%)(0.214m),11.430(28.574%)(0.153m),22.000(55.000%)(1.286m),127.394,4087.653,73.1,1.4569,"[2.961, 3.336, 2.446, 3.044, 3.729, 2.678]","[4.877, 5.546, 4.926, 4.971, 5.856, 5.061]","[-2.296, -3.908, -4.776, -3.758, -3.993, -4.529]"
1432,3,34.8245,29.8262,0.114,833,2610,48,90,0.057,100,33.10,50000,4090.81,24,1,19.548(24.435%)(0.000m),41.000(36.177%)(2.250m),48.000(42.353%)(3.000m),34.000(30.000%)(1.500m),28.000(35.000%)(0.857m),13.741(34.352%)(0.401m),21.000(52.500%)(1.179m),344.769,4197.280,72.5,1.5615,"[3.057, 3.441, 2.549, 3.159, 3.861, 2.721]","[4.987, 5.280, 4.984, 5.177, 5.725, 5.089]","[-0.468, -0.140, -5.073, -2.271, -0.059, -4.850]"
1433,3,32.4939,29.7934,0.103,804,2547,102,123,0.057,100,33.15,50000,3736.16,25,1,21.425(26.782%)(0.153m),39.000(34.412%)(2.036m),60.000(52.941%)(4.286m),35.000(30.882%)(1.607m),22.000(27.500%)(0.214m),15.104(37.759%)(0.547m),20.000(50.000%)(1.071m),151.247,4092.480,73.3,1.4144,"[2.914, 3.252, 2.556, 2.966, 3.650, 2.742]","[4.816, 5.229, 4.929, 5.042, 5.722, 5.187]","[-2.330, -2.094, -5.494, -3.578, -1.890, -5.217]"
1434,3,33.0364,29.7790,0.113,801,2541,60,68,0.057,100,33.19,50000,3676.12,26,1,22.084(27.605%)(0.223m),38.000(33.530%)(1.929m),58.000(51.177%)(4.071m),44.000(38.824%)(2.571m),28.000(35.000%)(0.857m),15.578(38.944%)(0.598m),20.000(50.000%)(1.071m),257.166,4228.832,73.4,1.3595,"[3.067, 3.420, 2.677, 3.250, 3.852, 2.853]","[4.801, 5.172, 4.848, 4.925, 5.547, 4.978]","[-1.102, 0.377, -4.773, -2.643, 0.604, -4.604]"
1435,3,36.1351,30.0622,0.116,828,2599,0,71,0.057,100,33.24,50000,3823.36,27,1,23.850(29.813%)(0.413m),41.000(36.177%)(2.250m),60.000(52.941%)(4.286m),44.000(38.824%)(2.571m),29.000(36.250%)(0.964m),16.859(42.148%)(0.735m),20.000(50.000%)(1.071m),357.762,5001.791,72.6,1.3773,"[3.113, 3.584, 2.741, 3.314, 4.021, 2.944]","[4.503, 5.308, 4.855, 4.857, 5.673, 4.978]","[-1.158, 0.494, -5.277, -2.244, 0.820, -5.142]"
1436,3,35.0210,30.1153,0.112,799,2537,48,23,0.057,100,33.29,50000,3665.63,28,1,20.509(25.636%)(0.055m),41.000(36.177%)(2.250m),57.000(50.294%)(3.964m),43.000(37.941%)(2.464m),29.000(36.250%)(0.964m),14.429(36.073%)(0.475m),23.000(57.500%)(1.393m),340.521,4226.497,73.5,1.3616,"[2.921, 3.464, 2.441, 3.143, 3.914, 2.745]","[5.036, 5.313, 4.889, 4.977, 5.730, 5.002]","[-3.288, 0.715, -4.905, -3.798, 0.950, -4.375]"
1437,3,34.5598,30.5211,0.113,806,2550,28,31,0.056,100,33.33,50000,3783.45,29,1,19.781(24.726%)(0.000m),41.959(37.023%)(2.353m),71.000(62.647%)(5.464m),46.000(40.588%)(2.786m),25.000(31.250%)(0.536m),13.908(34.769%)(0.419m),22.000(55.000%)(1.286m),429.422,4740.289,73.2,1.4446,"[3.022, 3.552, 2.825, 3.287, 4.040, 3.106]","[4.932, 5.191, 4.672, 5.297, 5.508, 4.811]","[-1.544, 1.251, -5.222, -1.936, 1.816, -4.614]"
1438,3,35.4015,31.0039,0.111,803,2544,1,83,0.056,100,33.38,50000,3772.27,30,1,24.306(30.383%)(0.461m),41.000(36.177%)(2.250m),59.000(52.059%)(4.179m),37.000(32.647%)(1.821m),25.000(31.250%)(0.536m),17.191(42.976%)(0.770m),23.000(57.500%)(1.393m),228.489,4207.590,73.3,1.4631,"[2.980, 3.536, 2.610, 3.296, 4.026, 2.844]","[4.691, 5.323, 4.873, 4.993, 5.732, 5.053]","[-1.339, 1.617, -4.851, -2.890, 1.792, -4.401]"
1439,3,35.4034,31.3958,0.101,798,2534,0,71,0.056,100,33.43,50000,3613.66,31,1,24.321(30.401%)(0.463m),40.000(35.294%)(2.143m),60.000(52.941%)(4.286m),44.000(38.824%)(2.571m),28.000(35.000%)(0.857m),17.201(43.002%)(0.772m),20.000(50.000%)(1.071m),302.852,4215.724,73.5,1.3688,"[3.191, 3.610, 2.727, 3.403, 4.075, 2.955]","[4.909, 5.376, 4.961, 5.254, 5.643, 5.023]","[-0.815, 0.507, -5.359, -1.926, 0.804, -4.926]"
1440,3,37.4160,31.9428,0.109,809,2556,0,84,0.056,100,33.47,50000,3712.42,32,1,24.306(30.382%)(0.461m),43.000(37.941%)(2.464m),65.000(57.353%)(4.821m),48.000(42.353%)(3.000m),26.000(32.500%)(0.643m),17.190(42.975%)(0.770m),20.000(50.000%)(1.071m),385.793,4728.028,73.1,1.3332,"[3.172, 3.705, 3.040, 3.425, 4.182, 3.234]","[4.801, 5.074, 4.837, 5.144, 5.473, 5.005]","[-0.252, 1.764, -4.065, -0.283, 2.179, -4.249]"
1441,3,27.1923,31.7870,0.111,813,2568,168,56,0.056,100,33.52,50000,3721.44,33,1,18.785(23.481%)(0.000m),39.991(35.286%)(2.142m),54.000(47.647%)(3.643m),42.000(37.059%)(2.357m),28.000(35.000%)(0.857m),13.194(32.984%)(0.342m),21.000(52.500%)(1.179m),308.244,4900.463,73.1,1.3529,"[3.009, 3.347, 2.389, 3.225, 3.798, 2.636]","[4.860, 5.008, 5.035, 5.238, 5.396, 5.112]","[-1.907, 0.542, -5.020, -2.101, 0.652, -4.422]"
1442,3,36.2236,31.9333,0.096,797,2533,25,65,0.056,100,33.56,50000,3751.64,34,1,20.556(25.695%)(0.060m),43.489(38.373%)(2.517m),57.000(50.294%)(3.964m),40.000(35.294%)(2.143m),26.000(32.500%)(0.643m),14.463(36.157%)(0.478m),20.000(50.000%)(1.071m),282.968,4224.132,73.5,1.4888,"[3.009, 3.511, 2.775, 3.193, 3.954, 2.996]","[4.523, 4.901, 4.601, 4.771, 5.371, 4.692]","[-4.239, -0.207, -4.708, -4.445, 0.517, -4.389]"
1443,3,37.1995,32.0092,0.108,796,2529,0,78,0.056,100,33.61,50000,3699.89,35,1,24.400(30.500%)(0.471m),40.000(35.294%)(2.143m),60.000(52.941%)(4.286m),46.000(40.588%)(2.786m),28.000(35.000%)(0.857m),17.258(43.146%)(0.778m),20.000(50.000%)(1.071m),302.852,4256.703,73.5,1.4134,"[3.180, 3.609, 2.876, 3.394, 4.049, 3.062]","[4.694, 5.096, 4.768, 4.968, 5.573, 4.924]","[-0.727, 0.958, -4.868, -2.296, 1.190, -4.495]"
1444,3,29.9593,32.3317,0.102,804,2550,36,96,0.056,100,33.66,50000,3724.25,36,1,20.229(25.286%)(0.024m),37.000(32.647%)(1.821m),48.000(42.353%)(3.000m),42.000(37.059%)(2.357m),27.000(33.750%)(0.750m),14.234(35.586%)(0.454m),20.000(50.000%)(1.071m),208.131,4141.753,73.4,1.4005,"[2.970, 3.349, 2.468, 3.092, 3.763, 2.667]","[4.713, 5.144, 4.852, 5.005, 5.602, 5.089]","[-2.721, 0.612, -4.898, -3.270, 0.903, -4.465]"
1445,3,36.4733,32.3520,0.113,798,2534,0,63,0.056,100,33.70,50000,3716.92,37,1,23.970(29.963%)(0.425m),47.000(41.471%)(2.893m),66.000(58.235%)(4.929m),44.000(38.824%)(2.571m),28.000(35.000%)(0.857m),16.923(42.308%)(0.742m),20.000(50.000%)(1.071m),410.811,4280.685,73.5,1.3704,"[3.073, 3.584, 2.781, 3.293, 4.053, 3.015]","[4.797, 5.161, 4.780, 4.961, 5.645, 4.922]","[-1.019, 0.788, -5.352, -1.354, 1.172, -4.885]"
1446,3,38.6504,32.4154,0.107,831,2606,30,25,0.055,100,33.75,50000,3879.12,38,1,19.369(24.211%)(0.000m),40.000(35.294%)(2.143m),59.000(52.059%)(4.179m),40.000(35.294%)(2.143m),26.000(32.500%)(0.643m),13.612(34.031%)(0.387m),24.000(60.000%)(1.500m),282.377,5373.768,72.6,1.3943,"[3.043, 3.594, 2.782, 3.251, 4.060, 3.030]","[4.838, 5.223, 5.128, 4.951, 5.540, 5.154]","[-2.389, -0.215, -4.899, -2.728, -0.190, -4.501]"
1447,3,34.4018,32.3644,0.103,804,2547,22,77,0.055,100,33.79,50000,3808.21,39,1,20.602(25.752%)(0.064m),41.000(36.177%)(2.250m),64.000(56.471%)(4.714m),41.000(36.177%)(2.250m),27.000(33.750%)(0.750m),14.496(36.240%)(0.482m),20.000(50.000%)(1.071m),314.795,4304.823,73.3,1.4117,"[3.015, 3.628, 2.819, 3.271, 4.065, 3.060]","[4.788, 5.324, 4.842, 5.288, 5.594, 5.019]","[-2.839, 1.181, -5.200, -2.937, 1.543, -4.862]"
1448,3,35.9346,32.5930,0.096,812,2565,42,25,0.055,100,33.84,50000,3901.47,40,1,15.973(19.967%)(0.000m),34.465(30.410%)(1.550m),60.000(52.941%)(4.286m),44.000(38.824%)(2.571m),30.000(37.500%)(1.071m),11.189(27.972%)(0.127m),23.000(57.500%)(1.393m),301.932,4478.910,73.1,1.4203,"[3.115, 3.372, 2.660, 3.342, 3.835, 2.864]","[4.748, 5.333, 4.903, 4.935, 5.664, 5.028]","[-0.247, -5.860, -5.400, -1.382, -6.347, -5.130]"
1449,3,38.8029,32.8061,0.094,795,2528,1,35,0.055,100,33.89,50000,3610.68,41,1,24.382(30.477%)(0.469m),40.000(35.294%)(2.143m),59.000(52.059%)(4.179m),44.000(38.824%)(2.571m),28.000(35.000%)(0.857m),17.245(43.113%)(0.776m),23.000(57.500%)(1.393m),314.148,4199.570,73.6,1.3774,"[3.250, 3.670, 2.727, 3.484, 4.149, 2.948]","[4.774, 5.233, 4.983, 5.227, 5.638, 5.143]","[-0.400, 1.190, -5.406, -1.900, 1.562, -5.098]"
1450,3,30.0507,33.0353,0.105,849,2644,231,66,0.055,100,33.93,50000,3981.05,42,1,22.767(28.459%)(0.297m),40.000(35.294%)(2.143m),42.000(37.059%)(2.357m),35.000(30.882%)(1.607m),29.000(36.250%)(0.964m),16.073(40.184%)(0.651m),21.000(52.500%)(1.179m),327.757,4259.579,72.1,1.3474,"[3.161, 3.478, 2.662, 3.293, 3.889, 2.829]","[4.836, 5.176, 4.873, 5.023, 5.655, 5.077]","[-0.259, -0.427, -4.256, -2.096, -1.178, -4.163]"
1451,3,34.2684,33.4955,0.095,801,2543,4,77,0.055,100,33.98,50000,3856.95,43,1,24.479(30.598%)(0.480m),39.000(34.412%)(2.036m),57.000(50.294%)(3.964m),40.000(35.294%)(2.143m),28.000(35.000%)(0.857m),17.291(43.227%)(0.781m),20.000(50.000%)(1.071m),266.612,4154.665,73.5,1.4697,"[3.042, 3.448, 2.609, 3.241, 3.880, 2.789]","[5.060, 5.533, 5.266, 5.168, 5.961, 5.327]","[-1.223, -0.804, -5.283, -2.851, -0.448, -5.191]"
1452,3,32.3231,33.4284,0.098,805,2548,0,86,0.055,100,34.02,50000,3758.97,44,1,24.746(30.933%)(0.509m),36.000(31.765%)(1.714m),60.000(52.941%)(4.286m),42.000(37.059%)(2.357m),25.000(31.250%)(0.536m),17.510(43.775%)(0.805m),23.000(57.500%)(1.393m),309.478,4240.708,73.3,1.4254,"[3.067, 3.512, 2.962, 3.282, 3.985, 3.164]","[4.941, 5.363, 5.018, 5.050, 5.743, 5.222]","[0.127, 0.577, -4.632, -0.162, 0.297, -4.339]"
1453,3,34.4819,33.3760,0.113,800,2539,50,28,0.055,100,34.07,50000,3726.35,45,1,16.541(20.676%)(0.000m),35.416(31.250%)(1.652m),59.000(52.059%)(4.179m),41.000(36.177%)(2.250m),28.000(35.000%)(0.857m),11.595(28.988%)(0.171m),23.000(57.500%)(1.393m),321.966,4302.170,73.4,1.3797,"[2.923, 3.120, 2.505, 3.198, 3.555, 2.729]","[4.559, 5.096, 4.648, 4.697, 5.428, 4.786]","[-0.308, -6.091, -5.454, -0.006, -5.911, -5.387]"
1454,3,21.9347,33.1008,0.100,712,2253,15,33,0.055,95,34.04,50000,3234.35,0,0,12.514(15.643%)(0.000m),25.873(22.829%)(0.629m),60.000(52.941%)(4.286m),46.000(40.588%)(2.786m),29.000(36.250%)(0.964m),9.764(24.409%)(0.000m),23.000(57.500%)(1.393m),433.537,4274.737,73.2,1.4202,"[2.857, 3.233, 2.467, 3.106, 3.646, 2.659]","[4.667, 4.999, 4.601, 4.975, 5.428, 4.797]","[-6.213, -6.474, -5.849, -5.660, -7.470, -6.460]"
1455,3,33.5754,33.1154,0.104,814,2569,33,83,0.054,100,34.09,50000,3868.49,1,1,15.332(19.164%)(0.000m),33.045(29.157%)(1.398m),56.000(49.412%)(3.857m),43.000(37.941%)(2.464m),28.000(35.000%)(0.857m),11.359(28.398%)(0.146m),21.000(52.500%)(1.179m),365.649,4878.452,73.0,1.4052,"[3.040, 3.414, 2.574, 3.213, 3.837, 2.833]","[4.832, 5.016, 5.126, 5.077, 5.488, 5.120]","[-2.171, -5.111, -5.249, -2.520, -5.833, -4.723]"
1456,3,34.4032,33.1007,0.105,854,2656,23,128,0.054,100,34.13,50000,4021.33,2,1,24.215(30.269%)(0.452m),38.000(33.530%)(1.929m),58.000(51.177%)(4.071m),44.000(38.824%)(2.571m),18.000(22.500%)(0.000m),17.124(42.810%)(0.763m),11.000(27.500%)(0.107m),251.479,4349.533,72.0,1.4080,"[2.887, 3.479, 2.961, 3.054, 3.937, 3.117]","[4.862, 5.451, 5.058, 5.038, 5.831, 5.088]","[-7.578, -1.889, -4.075, -7.732, -1.560, -4.418]"
1457,3,32.2946,33.0606,0.097,802,2542,9,52,0.054,100,34.18,50000,3848.86,3,1,24.497(30.621%)(0.482m),39.000(34.412%)(2.036m),52.000(45.882%)(3.429m),40.000(35.294%)(2.143m),29.000(36.250%)(0.964m),17.305(43.261%)(0.783m),23.000(57.500%)(1.393m),262.852,4149.488,73.4,1.4203,"[3.029, 3.390, 2.633, 3.167, 3.832, 2.853]","[4.457, 4.903, 4.655, 4.622, 5.279, 4.827]","[-1.677, 0.472, -5.109, -2.474, -0.376, -4.620]"
1458,3,12.8422,33.1551,0.097,528,1662,23,113,0.054,85,34.16,50000,2412.81,0,0,21.171(26.464%)(0.125m),40.000(35.294%)(2.143m),60.000(52.941%)(4.286m),17.000(15.000%)(0.000m),11.000(13.750%)(0.000m),14.904(37.260%)(0.525m),12.000(30.000%)(0.214m),293.998,4743.425,72.9,1.4021,"[2.958, 3.216, 2.646, 3.104, 3.620, 2.832]","[5.092, 5.058, 4.640, 5.357, 5.486, 4.876]","[-6.720, -5.953, -6.429, -7.441, -5.875, -7.417]"
1459,3,33.2438,33.1103,0.105,798,2534,80,78,0.054,100,34.20,50000,3550.10,1,1,16.176(20.221%)(0.000m),34.761(30.671%)(1.581m),59.000(52.059%)(4.179m),43.000(37.941%)(2.464m),28.000(35.000%)(0.857m),11.342(28.355%)(0.144m),20.000(50.000%)(1.071m),306.613,4216.960,73.5,1.3347,"[3.060, 3.364, 1.979, 3.198, 3.761, 2.251]","[4.890, 5.459, 5.031, 4.925, 5.851, 5.058]","[-0.878, -4.363, -5.307, -2.247, -4.668, -5.472]"
1460,3,33.2019,33.1170,0.097,798,2536,109,29,0.054,100,34.25,50000,3676.31,2,1,17.156(21.445%)(0.000m),36.780(32.453%)(1.798m),54.000(47.647%)(3.643m),43.000(37.941%)(2.464m),28.000(35.000%)(0.857m),12.029(30.071%)(0.217m),22.000(55.000%)(1.286m),301.033,4199.238,73.5,1.3426,"[3.023, 3.282, 2.086, 3.255, 3.723, 2.369]","[5.112, 5.091, 4.850, 5.333, 5.574, 5.025]","[-3.567, -2.510, -5.401, -3.778, -2.934, -4.885]"
1461,3,28.1154,33.1070,0.100,805,2550,173,89,0.054,100,34.29,50000,3757.98,3,1,17.715(22.143%)(0.000m),37.877(33.421%)(1.915m),54.000(47.647%)(3.643m),38.000(33.530%)(1.929m),25.000(31.250%)(0.536m),12.436(31.089%)(0.261m),19.000(47.500%)(0.964m),263.907,4121.557,73.3,1.4066,"[3.055, 3.322, 2.017, 3.204, 3.726, 2.280]","[4.548, 5.060, 4.669, 4.786, 5.522, 4.930]","[-1.549, -1.523, -5.238, -3.208, -1.558, -4.845]"
1462,3,30.8603,33.0298,0.109,805,2549,119,35,0.054,100,34.34,50000,3804.04,4,1,23.031(28.788%)(0.325m),41.000(36.177%)(2.250m),51.000(45.000%)(3.321m),42.000(37.059%)(2.357m),30.000(37.500%)(1.071m),16.265(40.661%)(0.671m),21.000(52.500%)(1.179m),356.493,4267.084,73.3,1.3884,"[3.042, 3.480, 2.762, 3.253, 3.951, 2.955]","[4.777, 5.312, 5.003, 4.966, 5.708, 5.142]","[-1.434, -0.561, -5.507, -1.458, -0.076, -5.010]"
1463,3,34.3361,33.0010,0.106,800,2541,61,67,0.054,100,34.38,50000,3606.78,5,1,16.951(21.189%)(0.000m),36.277(32.009%)(1.744m),57.000(50.294%)(3.964m),44.000(38.824%)(2.571m),27.000(33.750%)(0.750m),11.886(29.716%)(0.202m),20.000(50.000%)(1.071m),277.840,4219.385,73.5,1.4157,"[2.935, 3.292, 2.437, 3.167, 3.664, 2.679]","[4.706, 5.170, 4.844, 4.774, 5.566, 4.925]","[-2.469, -3.685, -5.220, -2.638, -3.537, -4.893]"
1464,3,33.9781,32.9130,0.100,801,2540,0,70,0.053,100,34.43,50000,3779.22,6,1,24.693(30.866%)(0.503m),42.000(37.059%)(2.357m),62.000(54.706%)(4.500m),44.000(38.824%)(2.571m),26.000(32.500%)(0.643m),17.448(43.621%)(0.798m),20.000(50.000%)(1.071m),336.038,4247.175,73.4,1.3980,"[3.001, 3.412, 2.710, 3.225, 3.864, 2.974]","[4.556, 4.975, 4.834, 4.614, 5.347, 4.960]","[-0.412, 0.836, -4.939, -1.582, 1.346, -4.655]"
1465,3,35.7361,32.9782,0.103,836,2616,111,25,0.053,100,34.47,50000,3878.82,7,1,22.508(28.135%)(0.269m),46.694(41.200%)(2.860m),60.000(52.941%)(4.286m),40.000(35.294%)(2.143m),26.000(32.500%)(0.643m),15.885(39.712%)(0.631m),24.000(60.000%)(1.500m),269.912,5435.367,72.4,1.4080,"[3.166, 3.534, 2.832, 3.362, 3.993, 3.059]","[5.069, 5.137, 4.992, 5.341, 5.614, 5.063]","[0.180, -0.085, -4.792, -0.608, 0.008, -4.343]"
1466,3,35.2340,33.0019,0.106,933,2826,152,84,0.053,100,34.52,50000,4359.95,8,1,16.311(20.389%)(0.000m),32.000(28.235%)(1.286m),51.000(45.000%)(3.321m),43.000(37.941%)(2.464m),24.000(30.000%)(0.429m),11.439(28.597%)(0.154m),22.000(55.000%)(1.286m),379.605,5035.214,70.1,1.4417,"[3.037, 3.283, 2.511, 3.126, 3.611, 2.653]","[4.861, 5.329, 5.406, 4.870, 5.713, 5.120]","[-0.144, -4.537, -5.026, -2.763, -6.864, -4.937]"
1467,3,33.3127,33.0356,0.101,808,2556,27,94,0.053,100,34.56,50000,3730.65,9,1,19.668(24.585%)(0.000m),41.483(36.602%)(2.302m),62.000(54.706%)(4.500m),39.000(34.412%)(2.036m),26.000(32.500%)(0.643m),13.827(34.567%)(0.410m),21.000(52.500%)(1.179m),260.985,4362.631,73.2,1.3828,"[2.893, 3.334, 2.642, 3.066, 3.755, 2.917]","[4.923, 5.382, 5.080, 5.022, 5.727, 5.126]","[-1.101, -4.638, -5.752, -2.320, -4.646, -5.519]"
1468,3,34.3929,33.1018,0.099,812,2565,27,90,0.053,100,34.60,50000,3663.39,10,1,19.965(24.957%)(0.000m),42.000(37.059%)(2.357m),63.000(55.588%)(4.607m),46.000(40.588%)(2.786m),29.000(36.250%)(0.964m),14.046(35.115%)(0.433m),21.000(52.500%)(1.179m),342.969,4583.159,73.1,1.3435,"[3.161, 3.542, 2.679, 3.323, 4.000, 2.917]","[4.673, 5.112, 4.775, 5.114, 5.447, 4.804]","[-0.389, 0.905, -5.306, -1.545, 1.026, -4.710]"
1469,3,34.1959,33.1457,0.105,815,2571,29,83,0.053,100,34.65,50000,3788.65,11,1,20.105(25.132%)(0.011m),42.000(37.059%)(2.357m),56.000(49.412%)(3.857m),44.000(38.824%)(2.571m),24.000(30.000%)(0.429m),14.146(35.365%)(0.444m),20.000(50.000%)(1.071m),349.557,4985.120,73.0,1.3702,"[3.132, 3.589, 2.776, 3.335, 4.042, 2.977]","[4.884, 5.335, 5.157, 5.075, 5.814, 5.161]","[-2.701, 1.085, -4.153, -3.015, 1.639, -4.028]"
1470,3,36.0431,33.2232,0.103,795,2526,0,133,0.053,100,34.69,50000,3680.51,12,1,24.404(30.505%)(0.472m),40.000(35.294%)(2.143m),60.000(52.941%)(4.286m),44.000(38.824%)(2.571m),24.000(30.000%)(0.429m),17.261(43.153%)(0.778m),18.000(45.000%)(0.857m),290.491,4208.764,73.5,1.3952,"[3.194, 3.633, 3.065, 3.349, 4.087, 3.279]","[4.995, 5.474, 5.029, 5.255, 5.915, 5.238]","[-1.114, 0.995, -3.353, -2.583, 0.673, -3.933]"
1471,3,35.1239,33.3436,0.107,801,2540,0,71,0.053,100,34.74,50000,3774.44,13,1,24.407(30.508%)(0.472m),43.000(37.941%)(2.464m),64.000(56.471%)(4.714m),40.000(35.294%)(2.143m),26.000(32.500%)(0.643m),17.263(43.158%)(0.778m),20.000(50.000%)(1.071m),284.123,4263.019,73.4,1.4313,"[3.203, 3.616, 2.674, 3.382, 4.069, 2.932]","[4.965, 5.354, 4.802, 5.070, 5.738, 4.947]","[-1.163, 1.322, -5.272, -2.228, 1.551, -4.863]"
1472,3,35.9634,33.3260,0.099,799,2536,0,74,0.053,100,34.78,50000,3745.28,14,1,24.304(30.380%)(0.461m),49.000(43.235%)(3.107m),60.000(52.941%)(4.286m),37.000(32.647%)(1.821m),24.000(30.000%)(0.429m),17.189(42.971%)(0.770m),20.000(50.000%)(1.071m),198.886,4246.503,73.4,1.4294,"[3.021, 3.576, 2.825, 3.264, 4.050, 3.091]","[4.719, 5.374, 5.062, 4.910, 5.840, 5.259]","[-1.719, 0.859, -4.893, -3.582, 1.092, -4.452]"
1473,3,35.0916,33.3266,0.107,808,2556,0,69,0.052,100,34.83,50000,3736.68,15,1,24.515(30.644%)(0.484m),46.000(40.588%)(2.786m),61.000(53.824%)(4.393m),39.000(34.412%)(2.036m),25.000(31.250%)(0.536m),17.342(43.356%)(0.787m),20.000(50.000%)(1.071m),287.557,4364.569,73.2,1.4073,"[2.922, 3.459, 2.839, 3.080, 3.920, 3.070]","[4.766, 5.011, 4.847, 4.786, 5.473, 4.969]","[-3.588, 0.077, -5.056, -4.237, 0.818, -4.428]"
1474,3,36.2833,33.3251,0.103,794,2525,2,109,0.052,100,34.87,50000,3628.74,16,1,24.329(30.412%)(0.464m),39.000(34.412%)(2.036m),58.000(51.177%)(4.071m),43.000(37.941%)(2.464m),24.000(30.000%)(0.429m),17.207(43.018%)(0.772m),20.000(50.000%)(1.071m),260.057,4185.283,73.6,1.3967,"[2.978, 3.471, 2.758, 3.162, 3.925, 2.987]","[4.685, 5.280, 4.845, 4.770, 5.691, 5.012]","[-1.313, 0.907, -4.799, -2.843, 0.671, -4.107]"
1475,3,9.5093,32.8373,0.099,324,996,8,16,0.052,65,34.85,50000,1569.28,0,0,38.000(47.500%)(1.929m),81.181(71.630%)(6.555m),35.000(30.882%)(1.607m),25.000(22.059%)(0.536m),23.000(28.750%)(0.321m),26.000(65.000%)(1.714m),26.000(65.000%)(1.714m),0.000,5752.059,71.1,1.4774,"[2.765, 3.387, 3.090, 2.877, 3.731, 3.254]","[4.600, 5.132, 4.802, 4.733, 5.533, 4.941]","[-6.333, -4.062, -4.850, -6.169, -4.296, -4.450]"
1476,3,36.7392,33.1073,0.099,798,2534,0,81,0.052,100,34.89,50000,3709.91,1,1,24.400(30.500%)(0.471m),40.000(35.294%)(2.143m),60.000(52.941%)(4.286m),44.000(38.824%)(2.571m),28.000(35.000%)(0.857m),17.258(43.146%)(0.778m),20.000(50.000%)(1.071m),302.852,4209.373,73.5,1.3975,"[3.088, 3.515, 2.740, 3.252, 4.008, 2.985]","[4.655, 5.113, 4.854, 4.721, 5.541, 5.021]","[-1.243, 1.043, -4.630, -3.007, 0.831, -4.351]"
1477,3,33.5056,33.1060,0.099,803,2545,131,46,0.052,100,34.94,50000,3755.70,2,1,17.171(21.464%)(0.000m),36.709(32.390%)(1.790m),54.000(47.647%)(3.643m),41.000(36.177%)(2.250m),25.000(31.250%)(0.536m),12.043(30.108%)(0.219m),22.000(55.000%)(1.286m),298.120,4193.489,73.4,1.4663,"[3.101, 3.315, 2.505, 3.247, 3.702, 2.701]","[5.293, 5.218, 4.961, 5.441, 5.700, 5.037]","[-1.870, -2.807, -5.354, -2.123, -3.179, -4.819]"
1478,3,27.9656,32.9821,0.099,849,2646,53,170,0.052,100,34.98,50000,3925.87,3,1,18.000(22.500%)(0.000m),35.000(30.882%)(1.607m),74.000(65.294%)(5.786m),48.000(42.353%)(3.000m),24.334(30.418%)(0.464m),13.637(34.091%)(0.390m),17.253(43.132%)(0.777m),186.681,4648.775,72.1,1.3594,"[3.029, 3.143, 2.165, 3.212, 3.600, 2.273]","[4.947, 5.290, 4.807, 4.916, 5.623, 5.021]","[0.363, -3.576, -5.061, -0.106, -3.914, -7.995]"
1479,3,37.4457,32.9990,0.095,796,2529,2,76,0.052,100,35.02,50000,3638.00,4,1,24.235(30.294%)(0.454m),38.000(33.530%)(1.929m),58.000(51.177%)(4.071m),44.000(38.824%)(2.571m),28.000(35.000%)(0.857m),17.139(42.846%)(0.765m),20.000(50.000%)(1.071m),257.166,4199.853,73.5,1.3566,"[3.137, 3.628, 2.686, 3.360, 4.072, 2.854]","[4.796, 5.298, 4.866, 4.960, 5.678, 4.985]","[-0.153, 0.692, -5.699, -1.871, 1.050, -5.496]"
1480,3,9.0481,32.4924,0.100,374,1158,16,21,0.052,70,35.00,50000,1709.79,0,0,11.962(14.953%)(0.000m),22.752(20.075%)(0.295m),59.000(52.059%)(4.179m),45.000(39.706%)(2.679m),33.000(41.250%)(1.393m),10.068(25.171%)(0.007m),26.000(65.000%)(1.714m),401.464,5776.909,71.7,1.3732,"[3.375, 3.354, 2.356, 3.543, 3.707, 2.460]","[4.749, 5.162, 4.705, 4.841, 5.510, 4.961]","[-4.582, -6.384, -5.904, -4.761, -6.873, -6.161]"
1481,3,22.2249,32.3371,0.098,702,2224,14,22,0.052,95,34.98,50000,3409.60,0,0,12.093(15.116%)(0.000m),24.274(21.418%)(0.458m),60.000(52.941%)(4.286m),44.000(38.824%)(2.571m),29.000(36.250%)(0.964m),9.679(24.196%)(0.000m),23.000(57.500%)(1.393m),402.864,4273.956,73.3,1.4813,"[2.963, 3.194, 2.353, 3.188, 3.656, 2.541]","[4.561, 5.020, 4.664, 4.754, 5.481, 4.873]","[-8.333, -5.727, -5.732, -6.836, -6.808, -5.777]"
1482,3,34.8555,32.3377,0.100,795,2528,48,75,0.052,100,35.02,50000,3731.60,1,1,20.347(25.433%)(0.037m),43.076(38.009%)(2.472m),59.000(52.059%)(4.179m),44.000(38.824%)(2.571m),28.000(35.000%)(0.857m),14.313(35.783%)(0.462m),20.000(50.000%)(1.071m),403.740,4285.407,73.6,1.4200,"[3.061, 3.561, 2.653, 3.220, 3.980, 2.907]","[4.812, 5.277, 4.900, 5.054, 5.776, 5.107]","[-2.557, 1.092, -5.225, -3.089, 1.450, -4.963]"
1483,3,32.4400,32.3366,0.091,801,2541,12,81,0.051,100,35.06,50000,3632.02,2,1,24.497(30.621%)(0.482m),39.000(34.412%)(2.036m),50.000(44.118%)(3.214m),39.000(34.412%)(2.036m),28.000(35.000%)(0.857m),17.305(43.261%)(0.783m),20.000(50.000%)(1.071m),262.852,4141.440,73.4,1.3252,"[3.015, 3.445, 2.683, 3.096, 3.854, 2.880]","[4.892, 5.225, 4.882, 5.019, 5.585, 4.936]","[-2.806, -0.235, -4.876, -4.145, -1.376, -4.568]"
1484,3,35.7965,32.3918,0.100,802,2543,22,41,0.051,100,35.11,50000,3609.39,3,1,20.713(25.891%)(0.076m),42.000(37.059%)(2.357m),62.000(54.706%)(4.500m),43.000(37.941%)(2.464m),25.000(31.250%)(0.536m),14.582(36.454%)(0.491m),22.000(55.000%)(1.286m),352.283,4239.748,73.4,1.3477,"[3.053, 3.545, 2.881, 3.264, 4.032, 3.114]","[4.711, 5.326, 4.878, 4.975, 5.748, 5.050]","[-3.494, 0.517, -4.183, -4.348, 0.986, -4.100]"
1485,3,31.1633,32.2924,0.101,825,2594,115,90,0.051,100,35.15,50000,3782.23,4,1,20.741(25.927%)(0.079m),34.000(30.000%)(1.500m),44.000(38.824%)(2.571m),37.000(32.647%)(1.821m),26.000(32.500%)(0.643m),14.614(36.535%)(0.494m),18.000(45.000%)(0.857m),245.480,4116.006,72.8,1.3835,"[2.899, 3.371, 2.410, 3.071, 3.772, 2.622]","[4.752, 5.197, 4.652, 5.074, 5.518, 4.847]","[-3.373, -0.837, -5.882, -4.034, -0.980, -5.379]"
1486,3,33.9982,32.2719,0.097,809,2558,106,68,0.051,100,35.20,50000,3729.21,5,1,22.978(28.722%)(0.319m),39.000(34.412%)(2.036m),58.000(51.177%)(4.071m),44.000(38.824%)(2.571m),28.000(35.000%)(0.857m),16.226(40.566%)(0.667m),20.000(50.000%)(1.071m),262.852,4162.642,73.2,1.4093,"[3.196, 3.623, 2.729, 3.379, 4.068, 2.884]","[4.820, 5.252, 4.868, 5.319, 5.695, 5.073]","[-0.590, 0.968, -5.129, -2.065, 0.678, -4.858]"
1487,3,35.9193,32.2991,0.101,836,2616,32,62,0.051,100,35.24,50000,3867.44,6,1,19.460(24.325%)(0.000m),41.000(36.177%)(2.250m),60.000(52.941%)(4.286m),45.000(39.706%)(2.679m),29.000(36.250%)(0.964m),13.696(34.239%)(0.396m),21.000(52.500%)(1.179m),347.078,5528.618,72.4,1.3700,"[3.196, 3.645, 2.972, 3.377, 4.131, 3.149]","[4.793, 5.151, 5.079, 5.049, 5.681, 5.153]","[-0.647, 1.705, -4.506, -2.235, 1.762, -4.059]"
1488,3,36.4156,32.3194,0.099,798,2534,0,79,0.051,100,35.28,50000,3707.83,7,1,24.771(30.964%)(0.511m),41.000(36.177%)(2.250m),60.000(52.941%)(4.286m),40.000(35.294%)(2.143m),28.000(35.000%)(0.857m),17.528(43.820%)(0.807m),20.000(50.000%)(1.071m),329.332,4208.117,73.5,1.3792,"[3.096, 3.565, 2.912, 3.284, 4.013, 3.119]","[4.674, 5.137, 4.851, 5.050, 5.591, 4.978]","[-1.613, -0.591, -5.563, -2.837, -0.249, -4.858]"
1489,3,6.6342,31.7440,0.092,361,1075,66,28,0.051,70,35.26,50000,1691.73,0,0,31.000(38.750%)(1.179m),21.000(18.529%)(0.107m),20.000(17.647%)(0.000m),84.000(74.118%)(6.857m),34.000(42.500%)(1.500m),22.000(55.000%)(1.286m),29.000(72.500%)(2.036m),0.000,6191.209,68.9,1.4400,"[2.218, 2.904, 2.640, 1.980, 3.093, 2.666]","[4.565, 5.141, 5.070, 4.666, 5.565, 5.075]","[-3.138, -1.727, -3.960, -4.669, -2.763, -4.614]"
1490,3,36.6657,31.7290,0.101,796,2529,0,21,0.051,100,35.30,50000,3701.88,1,1,24.239(30.299%)(0.454m),46.000(40.588%)(2.786m),60.000(52.941%)(4.286m),44.000(38.824%)(2.571m),29.000(36.250%)(0.964m),17.142(42.855%)(0.765m),23.000(57.500%)(1.393m),410.811,4275.624,73.5,1.4025,"[3.197, 3.598, 2.741, 3.415, 4.085, 2.964]","[4.625, 5.069, 4.735, 5.020, 5.490, 4.948]","[0.741, 1.607, -4.703, -0.250, 1.976, -4.307]"
1491,3,30.9550,31.8043,0.100,810,2560,194,21,0.051,100,35.35,50000,3759.12,2,1,22.843(28.554%)(0.305m),39.000(34.412%)(2.036m),57.000(50.294%)(3.964m),38.000(33.530%)(1.929m),29.000(36.250%)(0.964m),16.108(40.269%)(0.654m),23.000(57.500%)(1.393m),312.778,4221.036,73.1,1.4656,"[3.056, 3.439, 2.675, 3.230, 3.885, 2.882]","[4.538, 5.143, 4.749, 4.693, 5.570, 4.981]","[-3.123, 0.011, -5.476, -3.034, -0.057, -5.254]"
1492,3,36.2266,31.8043,0.100,797,2533,1,100,0.051,100,35.39,50000,3715.00,3,1,24.264(30.330%)(0.457m),34.000(30.000%)(1.500m),59.000(52.059%)(4.179m),41.000(36.177%)(2.250m),24.000(30.000%)(0.429m),17.160(42.899%)(0.767m),17.000(42.500%)(0.750m),192.970,4174.114,73.5,1.4130,"[2.858, 3.424, 2.714, 2.998, 3.869, 2.909]","[4.780, 5.246, 4.927, 4.833, 5.620, 5.024]","[-4.340, -0.659, -4.516, -4.931, -0.476, -5.314]"
1493,3,36.4476,31.7893,0.091,816,2572,3,107,0.050,100,35.43,50000,3823.93,4,1,24.881(31.101%)(0.523m),40.000(35.294%)(2.143m),57.000(50.294%)(3.964m),43.000(37.941%)(2.464m),24.000(30.000%)(0.429m),17.607(44.019%)(0.815m),20.000(50.000%)(1.071m),324.506,4687.705,73.0,1.3840,"[2.992, 3.473, 2.843, 3.180, 3.914, 3.049]","[4.738, 5.059, 4.809, 4.850, 5.534, 4.940]","[-1.178, 1.500, -3.204, -2.421, 1.577, -3.444]"
1494,3,9.8129,31.3864,0.101,340,1055,15,15,0.050,70,35.41,50000,1494.35,0,0,10.781(13.476%)(0.000m),17.662(15.584%)(0.000m),34.121(30.107%)(1.513m),40.000(35.294%)(2.143m),27.000(33.750%)(0.750m),10.781(26.952%)(0.084m),26.000(65.000%)(1.714m),321.985,5918.779,71.8,1.2962,"[3.114, 3.492, 2.908, 3.316, 3.946, 3.152]","[4.566, 5.066, 4.754, 4.715, 5.541, 4.943]","[-6.156, -6.136, -5.617, -5.953, -5.616, -5.335]"
1495,3,36.1685,31.3803,0.094,819,2579,34,50,0.050,100,35.45,50000,3733.91,1,1,20.857(26.072%)(0.092m),44.000(38.824%)(2.571m),57.000(50.294%)(3.964m),44.000(38.824%)(2.571m),27.000(33.750%)(0.750m),14.679(36.697%)(0.501m),25.000(62.500%)(1.607m),321.301,4556.182,72.9,1.3279,"[3.160, 3.554, 2.738, 3.360, 4.024, 2.929]","[4.804, 5.266, 4.868, 4.913, 5.685, 5.045]","[-0.086, 1.431, -4.798, -0.726, 1.431, -4.450]"
1496,3,9.8695,30.8047,0.097,351,1089,13,12,0.050,70,35.43,50000,1568.54,0,0,12.270(15.338%)(0.000m),24.990(22.050%)(0.535m),67.000(59.118%)(5.036m),43.000(37.941%)(2.464m),28.000(35.000%)(0.857m),9.696(24.240%)(0.000m),23.000(57.500%)(1.393m),373.360,5898.250,71.8,1.4163,"[2.929, 3.213, 2.651, 3.109, 3.575, 2.903]","[4.817, 5.161, 4.672, 5.016, 5.543, 4.872]","[-6.630, -5.189, -5.641, -5.543, -5.480, -5.373]"
1497,3,33.6606,30.7898,0.107,800,2539,24,49,0.050,100,35.47,50000,3760.56,1,1,20.347(25.433%)(0.037m),43.076(38.009%)(2.472m),60.000(52.941%)(4.286m),44.000(38.824%)(2.571m),28.000(35.000%)(0.857m),14.313(35.783%)(0.462m),20.000(50.000%)(1.071m),438.973,4265.226,73.4,1.4523,"[2.988, 3.442, 2.618, 3.196, 3.880, 2.853]","[4.603, 5.141, 4.746, 4.829, 5.568, 4.939]","[-2.737, 1.132, -4.978, -3.032, 1.381, -4.674]"
1498,3,33.9941,30.7510,0.094,804,2549,32,109,0.050,100,35.51,50000,3692.64,2,1,23.880(29.849%)(0.416m),44.000(38.824%)(2.571m),58.000(51.177%)(4.071m),35.000(30.882%)(1.607m),17.000(21.250%)(0.000m),16.881(42.202%)(0.737m),12.000(30.000%)(0.214m),238.908,4209.984,73.4,1.3875,"[2.667, 3.323, 2.707, 2.772, 3.749, 2.926]","[4.826, 5.346, 4.821, 5.072, 5.804, 5.014]","[-5.092, -3.344, -4.688, -5.884, -4.447, -4.213]"
1499,3,36.9445,30.7139,0.098,808,2555,24,38,0.050,100,35.56,50000,3882.88,3,1,20.455(25.568%)(0.049m),43.142(38.067%)(2.480m),63.000(55.588%)(4.607m),40.000(35.294%)(2.143m),26.000(32.500%)(0.643m),14.408(36.021%)(0.472m),23.000(57.500%)(1.393m),293.421,4253.480,73.2,1.3993,"[3.090, 3.601, 2.895, 3.233, 4.057, 3.129]","[4.890, 5.195, 4.891, 4.953, 5.579, 5.140]","[-1.132, 1.613, -4.989, -1.539, 1.953, -4.698]"
1500,3,30.4396,30.7216,0.088,799,2537,124,97,0.050,100,35.60,50000,3539.95,4,1,16.248(20.311%)(0.000m),34.990(30.874%)(1.606m),57.000(50.294%)(3.964m),40.000(35.294%)(2.143m),24.000(30.000%)(0.429m),11.384(28.461%)(0.148m),20.000(50.000%)(1.071m),282.794,4163.528,73.5,1.3416,"[3.040, 3.177, 2.031, 3.205, 3.570, 2.336]","[4.630, 5.154, 4.891, 4.903, 5.476, 4.995]","[-1.172, -5.766, -5.371, -2.533, -6.354, -5.432]"
