episode,stage,reward,avg_reward,MSE,timeframe,steps,close distance,near_miss,epsilon,progress_pct,success_rate,Buffer,time_ms,streak,reached_finish,min_R2,min_R1,min_F,min_L1,min_L2,min_SR,min_SL,min_ttc,avg_ttc,avg_speed,avg_inference_time,Q_avg,Q_max,Q_min
1,1,-3.6651,-3.6651,0.000,136,346,18,0,1.000,35,0.00,14,454.74,0,0,10.371(12.964%)(0.000m),16.149(14.249%)(0.000m),28.463(25.114%)(0.907m),84.000(74.118%)(6.857m),67.000(83.750%)(5.036m),11.162(27.904%)(0.124m),40.000(100.000%)(3.214m),1978.165,4899.612,58.8,0.0000,"[-0.068, -0.068, -0.168, -0.079, 0.090, -0.106]","[-0.048, -0.059, -0.142, -0.052, 0.094, -0.098]","[-0.075, -0.102, -0.175, -0.084, 0.085, -0.111]"
2,1,-5.7714,-4.7182,0.000,141,346,23,0,0.998,35,0.00,29,384.21,0,0,11.667(14.584%)(0.000m),21.148(18.660%)(0.123m),51.469(45.414%)(3.372m),83.000(73.236%)(6.750m),74.000(92.500%)(5.786m),10.320(25.800%)(0.034m),40.000(100.000%)(3.214m),2596.081,6954.231,56.7,4.7258,"[-0.068, -0.069, -0.167, -0.077, 0.090, -0.105]","[-0.051, -0.059, -0.141, -0.049, 0.094, -0.097]","[-0.074, -0.095, -0.175, -0.084, 0.087, -0.109]"
3,1,-7.0116,-5.4827,0.000,184,450,16,0,0.996,40,0.00,48,443.51,0,0,53.000(66.250%)(3.536m),64.000(56.471%)(4.714m),34.521(30.460%)(1.556m),17.869(15.767%)(0.000m),10.907(13.634%)(0.000m),40.000(100.000%)(3.214m),10.907(27.268%)(0.097m),2297.224,7696.206,56.6,0.0000,"[-0.070, -0.069, -0.160, -0.079, 0.084, -0.114]","[-0.057, -0.060, -0.144, -0.060, 0.109, -0.109]","[-0.074, -0.099, -0.174, -0.085, 0.074, -0.117]"
4,1,-5.3182,-5.4416,1.485,168,442,9,14,0.994,40,0.00,65,482.68,0,0,28.100(35.125%)(0.868m),58.295(51.437%)(4.103m),35.000(30.882%)(1.607m),22.000(19.412%)(0.214m),30.000(37.500%)(1.071m),19.983(49.958%)(1.070m),40.000(100.000%)(3.214m),0.000,6202.848,60.9,0.0000,"[-0.068, -0.071, -0.161, -0.074, 0.092, -0.104]","[-0.056, -0.059, -0.139, -0.050, 0.114, -0.093]","[-0.074, -0.133, -0.175, -0.084, 0.088, -0.109]"
5,1,-8.0506,-5.9634,1.249,194,491,27,18,0.992,45,0.00,85,610.04,0,0,25.000(31.250%)(0.536m),29.000(25.588%)(0.964m),39.000(34.412%)(2.036m),90.316(79.691%)(7.534m),49.150(61.438%)(3.123m),40.000(100.000%)(3.214m),37.169(92.923%)(2.911m),0.000,2987.829,58.6,0.7656,"[-0.077, -0.498, -0.060, 0.105, 0.149, -0.104]","[-0.046, -0.147, 0.002, 0.187, 0.256, -0.056]","[-0.134, -0.803, -0.134, -0.026, 0.032, -0.237]"
6,1,-7.2235,-6.1734,1.282,153,378,17,0,0.990,35,0.00,101,448.19,0,0,55.895(69.868%)(3.846m),78.000(68.824%)(6.214m),27.012(23.834%)(0.751m),15.529(13.702%)(0.000m),10.052(12.566%)(0.000m),40.000(100.000%)(3.214m),10.952(27.380%)(0.102m),2164.329,6368.302,57.1,0.0000,"[-0.006, -1.020, -0.099, 0.350, 0.379, 0.119]","[0.198, -0.751, 0.023, 0.537, 0.735, 0.445]","[-0.104, -1.803, -0.211, 0.249, 0.158, -0.113]"
7,1,-5.7782,-6.1170,1.146,175,427,14,0,0.988,40,0.00,119,496.99,0,0,59.000(73.750%)(4.179m),70.000(61.765%)(5.357m),61.599(54.352%)(4.457m),22.977(20.274%)(0.319m),11.926(14.908%)(0.000m),40.000(100.000%)(3.214m),9.913(24.782%)(0.000m),3167.968,8402.140,56.5,0.6036,"[0.248, -0.810, -0.034, 0.610, 0.650, 0.360]","[0.589, -0.474, 0.183, 0.867, 0.947, 0.545]","[0.098, -1.658, -0.199, 0.460, 0.457, 0.153]"
8,1,-4.4774,-5.9120,0.904,264,680,63,0,0.986,55,0.00,146,699.13,0,0,12.269(15.336%)(0.000m),23.953(21.135%)(0.423m),73.626(64.965%)(5.746m),67.000(59.118%)(5.036m),38.000(47.500%)(1.929m),10.070(25.176%)(0.008m),29.000(72.500%)(2.036m),3140.528,8429.941,59.6,0.0000,"[0.053, 0.271, -0.367, 0.117, -0.236, -0.752]","[0.327, 0.598, 0.208, 0.800, 0.752, 0.497]","[-0.298, -0.180, -1.388, -0.768, -2.075, -2.990]"
9,1,-4.4676,-5.7515,0.601,189,467,17,0,0.984,40,0.00,165,460.62,0,0,50.000(62.500%)(3.214m),62.000(54.706%)(4.500m),34.162(30.143%)(1.517m),17.684(15.603%)(0.000m),10.794(13.492%)(0.000m),40.000(100.000%)(3.214m),10.794(26.985%)(0.085m),2218.984,5825.256,57.2,0.6623,"[0.995, 0.210, 0.775, 1.156, 1.343, 0.860]","[1.120, 0.989, 0.962, 1.407, 1.731, 1.496]","[0.582, -4.770, 0.176, 0.269, -0.244, -3.350]"
10,1,-5.6107,-5.7374,0.482,131,328,14,0,0.982,35,0.00,179,421.84,0,0,72.000(90.000%)(5.571m),95.000(83.824%)(8.036m),54.414(48.013%)(3.687m),21.672(19.122%)(0.179m),11.819(14.774%)(0.000m),40.000(100.000%)(3.214m),10.326(25.815%)(0.035m),3447.920,6779.866,58.0,0.0000,"[1.067, 0.092, 1.106, 1.270, 1.419, 0.503]","[1.421, 1.560, 1.492, 1.827, 2.190, 1.950]","[-0.217, -5.035, -0.210, -0.474, -1.194, -4.660]"
11,1,-5.8459,-5.7473,0.506,104,255,16,0,0.980,30,0.00,190,271.78,0,0,69.057(86.321%)(5.256m),73.675(65.007%)(5.751m),23.968(21.149%)(0.425m),14.919(13.164%)(0.000m),10.169(12.711%)(0.000m),40.000(100.000%)(3.214m),12.082(30.205%)(0.223m),2952.187,7446.505,56.8,0.0000,"[1.145, 0.137, 1.015, 1.182, 1.268, 0.390]","[1.695, 1.944, 1.580, 1.863, 2.271, 2.188]","[-0.658, -5.944, -0.792, -0.916, -1.820, -5.574]"
12,1,-6.8787,-5.8416,0.552,184,448,18,0,0.978,40,0.00,209,570.20,0,0,9.754(12.192%)(0.000m),14.727(12.994%)(0.000m),24.697(21.792%)(0.503m),65.000(57.353%)(4.821m),55.000(68.750%)(3.750m),11.027(27.567%)(0.110m),40.000(100.000%)(3.214m),2239.251,6391.644,56.3,0.0000,"[1.389, 1.347, 0.945, 1.399, 1.589, 1.326]","[1.873, 2.037, 2.011, 2.031, 2.456, 2.382]","[-0.689, -1.937, -3.310, -1.155, -3.023, -4.156]"
13,1,-5.7043,-5.8310,0.494,91,224,16,0,0.976,25,0.00,219,258.14,0,0,9.416(11.770%)(0.000m),13.277(11.715%)(0.000m),20.193(17.818%)(0.021m),49.145(43.364%)(3.123m),77.067(96.334%)(6.114m),12.069(30.172%)(0.222m),40.000(100.000%)(3.214m),4006.289,7058.438,57.0,0.6661,"[1.368, 1.064, 0.166, 1.195, 1.069, 0.710]","[2.120, 2.133, 1.899, 2.089, 2.653, 2.485]","[-1.683, -3.282, -4.391, -2.076, -3.895, -5.543]"
14,1,-7.3841,-5.9420,0.433,196,496,57,14,0.974,45,0.00,239,587.73,0,0,23.000(28.750%)(0.321m),20.000(17.647%)(0.000m),20.000(17.647%)(0.000m),45.000(39.706%)(2.679m),58.444(73.055%)(4.119m),37.272(93.181%)(2.922m),40.000(100.000%)(3.214m),0.000,2828.692,58.5,0.0000,"[0.293, -0.053, 0.174, 0.266, 0.303, -0.138]","[2.126, 2.625, 2.397, 2.206, 2.564, 2.635]","[-3.244, -5.091, -5.706, -3.065, -5.193, -6.330]"
15,1,-5.7900,-5.9318,0.352,132,319,18,0,0.972,35,0.00,253,439.40,0,0,66.165(82.707%)(4.946m),97.000(85.588%)(8.250m),35.385(31.222%)(1.648m),17.657(15.580%)(0.000m),10.581(13.227%)(0.000m),40.000(100.000%)(3.214m),10.326(25.814%)(0.035m),3718.331,7442.954,55.9,0.0000,"[0.172, 0.266, 0.672, 0.114, 0.521, 0.343]","[2.201, 2.513, 2.273, 1.927, 2.394, 2.394]","[-5.917, -6.917, -4.832, -5.585, -5.443, -6.064]"
16,1,-4.7628,-5.8588,0.340,151,374,16,0,0.970,35,0.00,269,444.89,0,0,65.000(81.250%)(4.821m),51.590(45.521%)(3.385m),20.533(18.117%)(0.057m),13.386(11.812%)(0.000m),9.434(11.792%)(0.000m),40.000(100.000%)(3.214m),11.938(29.845%)(0.208m),1893.087,5126.191,57.4,0.6362,"[0.409, 0.533, 0.762, 0.040, 0.581, 0.536]","[2.099, 2.498, 2.340, 1.889, 2.405, 2.243]","[-5.687, -6.191, -4.462, -6.174, -5.703, -5.123]"
17,1,-7.5863,-5.9604,0.318,166,401,18,0,0.968,40,0.00,286,525.96,0,0,51.156(63.945%)(3.338m),84.000(74.118%)(6.857m),30.239(26.681%)(1.097m),16.684(14.721%)(0.000m),10.542(13.177%)(0.000m),37.274(93.184%)(2.922m),11.070(27.675%)(0.115m),2476.287,6342.371,55.9,0.5499,"[0.198, 0.391, 0.687, 0.140, 0.471, 0.671]","[2.032, 2.126, 2.413, 1.962, 2.425, 2.271]","[-6.004, -6.405, -4.646, -6.246, -6.063, -4.805]"
18,1,-5.9062,-5.9574,0.330,84,205,25,0,0.967,25,0.00,295,252.88,0,0,10.845(13.556%)(0.000m),18.449(16.278%)(0.000m),38.502(33.973%)(1.982m),109.000(96.177%)(9.536m),77.067(96.334%)(6.114m),10.327(25.818%)(0.035m),40.000(100.000%)(3.214m),4073.307,8658.164,56.5,0.0000,"[0.843, 0.326, -0.193, 0.395, 0.192, 0.230]","[1.617, 1.899, 1.737, 1.369, 1.781, 1.704]","[-1.037, -3.741, -3.956, -2.119, -4.383, -3.791]"
19,1,-8.5673,-6.0947,0.332,200,486,18,0,0.965,40,0.00,315,625.44,0,0,10.723(13.404%)(0.000m),17.568(15.501%)(0.000m),33.939(29.946%)(1.493m),69.000(60.883%)(5.250m),43.850(54.812%)(2.555m),10.723(26.808%)(0.077m),31.836(79.590%)(2.340m),2290.368,7579.362,56.3,0.0000,"[0.617, 0.623, 0.475, 0.445, 0.658, 0.643]","[1.701, 2.173, 2.098, 1.596, 2.157, 1.924]","[-1.397, -4.353, -4.292, -2.638, -5.058, -4.537]"
20,1,-6.9990,-6.1400,0.324,202,508,7,22,0.963,45,0.00,336,614.28,0,0,48.358(60.447%)(3.038m),84.963(74.968%)(6.960m),53.000(46.765%)(3.536m),25.000(22.059%)(0.536m),24.000(30.000%)(0.429m),35.360(88.401%)(2.717m),40.000(100.000%)(3.214m),0.000,2992.336,58.2,0.5231,"[-0.202, 0.002, 0.244, -0.408, -0.072, 0.118]","[2.106, 2.324, 2.361, 1.823, 2.281, 2.228]","[-4.106, -3.912, -3.277, -4.076, -4.187, -3.551]"
21,1,-6.5294,-6.1585,0.323,132,318,16,0,0.961,35,0.00,350,395.22,0,0,12.638(15.797%)(0.000m),26.128(23.054%)(0.657m),67.070(59.180%)(5.043m),95.000(83.824%)(8.036m),64.664(80.830%)(4.785m),9.860(24.650%)(0.000m),40.000(100.000%)(3.214m),3296.370,8184.971,55.7,0.0000,"[0.966, 0.478, 0.254, 0.605, 0.604, 0.510]","[2.012, 2.033, 2.181, 1.814, 2.350, 2.143]","[-0.355, -2.324, -2.813, -1.164, -2.557, -2.482]"
22,1,-6.6706,-6.1818,0.311,101,245,16,0,0.959,30,0.00,361,320.28,0,0,12.399(15.499%)(0.000m),25.253(22.282%)(0.563m),66.161(58.377%)(4.946m),109.000(96.177%)(9.536m),77.067(96.334%)(6.114m),9.798(24.496%)(0.000m),40.000(100.000%)(3.214m),3822.268,9888.198,56.0,0.6625,"[0.890, 0.320, -0.262, 0.467, 0.383, 0.215]","[1.699, 2.036, 1.804, 1.364, 1.954, 1.840]","[-0.526, -2.685, -3.045, -1.281, -2.716, -2.750]"
23,1,-3.3785,-6.0599,0.358,150,407,0,13,0.957,40,0.00,376,453.28,0,0,44.328(55.410%)(2.607m),91.646(80.865%)(7.676m),86.000(75.883%)(7.071m),27.000(23.824%)(0.750m),26.000(32.500%)(0.643m),31.989(79.973%)(2.356m),40.000(100.000%)(3.214m),806.293,3658.219,62.8,0.0000,"[-0.684, -0.621, -0.526, -0.858, -0.622, -0.457]","[1.531, 1.802, 2.026, 1.382, 2.059, 1.917]","[-4.324, -4.450, -3.669, -4.446, -4.310, -3.778]"
24,1,-6.4837,-6.0776,0.285,164,394,18,0,0.955,35,0.00,393,457.83,0,0,10.026(12.533%)(0.000m),15.868(14.001%)(0.000m),28.760(25.377%)(0.939m),88.000(77.647%)(7.286m),67.642(84.553%)(5.105m),10.529(26.322%)(0.057m),40.000(100.000%)(3.214m),3280.094,8239.485,55.5,0.0000,"[0.775, 0.559, 0.198, 0.693, 0.662, 0.563]","[1.610, 1.925, 1.844, 1.555, 2.004, 1.897]","[-1.802, -5.323, -5.368, -2.633, -5.776, -5.668]"
25,1,-6.3909,-6.0901,0.325,212,518,18,0,0.953,45,0.00,415,612.65,0,0,44.000(55.000%)(2.571m),54.000(47.647%)(3.643m),36.243(31.979%)(1.740m),18.085(15.958%)(0.000m),10.838(13.547%)(0.000m),40.000(100.000%)(3.214m),10.576(26.440%)(0.062m),2004.917,5862.774,56.6,0.6833,"[-0.823, -0.520, -0.494, -0.986, -0.552, -0.491]","[1.408, 1.558, 1.560, 1.275, 1.774, 1.557]","[-5.780, -5.685, -4.833, -5.828, -5.296, -4.747]"
26,1,-5.3527,-6.0617,0.273,135,335,18,0,0.951,35,0.00,429,443.38,0,0,13.240(16.550%)(0.000m),28.469(25.120%)(0.907m),75.441(66.566%)(5.940m),97.000(85.588%)(8.250m),76.230(95.288%)(6.025m),9.682(24.205%)(0.000m),40.000(100.000%)(3.214m),3693.189,8362.690,57.4,0.0000,"[0.501, 0.037, -0.561, 0.347, 0.141, 0.012]","[1.401, 1.513, 1.455, 1.208, 1.817, 1.616]","[-1.514, -3.786, -4.327, -2.110, -4.640, -4.318]"
27,1,-5.9619,-6.0580,0.289,163,399,20,0,0.949,40,0.00,446,504.13,0,0,10.935(13.668%)(0.000m),18.422(16.254%)(0.000m),37.653(33.224%)(1.891m),71.000(62.647%)(5.464m),63.000(78.750%)(4.607m),10.541(26.353%)(0.058m),40.000(100.000%)(3.214m),2838.742,7369.551,56.6,0.0000,"[0.394, 0.148, -0.104, 0.197, 0.221, 0.111]","[1.265, 1.682, 1.589, 1.245, 1.603, 1.514]","[-2.100, -5.294, -5.217, -3.471, -6.040, -5.707]"
28,1,-7.0990,-6.0952,0.332,80,192,17,0,0.947,25,0.00,454,245.87,0,0,78.639(98.299%)(6.283m),47.712(42.099%)(2.969m),19.604(17.298%)(0.000m),12.889(11.373%)(0.000m),9.142(11.427%)(0.000m),40.000(100.000%)(3.214m),11.717(29.292%)(0.184m),5164.863,10193.944,55.4,0.0000,"[-2.033, -1.817, -1.315, -2.277, -1.450, -1.432]","[1.014, 1.190, 1.140, 0.903, 1.485, 1.250]","[-5.469, -5.572, -5.128, -5.801, -5.210, -4.881]"
29,1,-6.7792,-6.1188,0.293,93,224,16,0,0.945,25,0.00,464,280.72,0,0,78.639(98.299%)(6.283m),100.927(89.054%)(8.671m),25.719(22.693%)(0.613m),15.336(13.532%)(0.000m),10.157(12.696%)(0.000m),40.000(100.000%)(3.214m),11.483(28.707%)(0.159m),4285.707,9242.945,55.7,0.8436,"[-2.052, -1.674, -1.248, -2.104, -1.416, -1.357]","[0.742, 1.191, 1.101, 0.710, 1.236, 1.111]","[-5.757, -5.605, -4.847, -5.718, -5.027, -4.730]"
30,1,-8.8074,-6.2084,0.242,229,560,60,13,0.944,45,0.00,487,689.16,0,0,9.256(11.570%)(0.000m),11.730(10.350%)(0.000m),15.747(13.895%)(0.000m),26.720(23.577%)(0.720m),31.000(38.750%)(1.179m),15.360(38.399%)(0.574m),38.389(95.972%)(3.042m),605.142,3811.241,56.6,0.7478,"[-0.728, -0.669, -0.768, -0.817, -0.725, -0.682]","[0.976, 1.240, 1.063, 1.078, 1.385, 1.237]","[-3.780, -5.351, -5.223, -4.197, -5.925, -5.429]"
31,1,-4.2275,-6.1445,0.282,194,491,0,21,0.942,45,0.00,507,652.05,0,0,42.452(53.065%)(2.406m),78.741(69.478%)(6.294m),105.000(92.647%)(9.107m),21.000(18.529%)(0.107m),27.000(33.750%)(0.750m),30.848(77.119%)(2.234m),40.000(100.000%)(3.214m),0.000,5754.174,58.6,0.0000,"[-0.693, -0.615, -0.404, -0.800, -0.350, -0.435]","[1.018, 1.356, 1.229, 0.916, 1.506, 1.212]","[-4.635, -4.528, -3.774, -4.620, -4.001, -3.843]"
32,1,-8.8235,-6.2282,0.256,229,563,51,19,0.940,45,0.00,530,680.78,0,0,45.826(57.283%)(2.767m),47.000(41.471%)(2.893m),28.000(24.706%)(0.857m),22.000(19.412%)(0.214m),22.000(27.500%)(0.214m),40.000(100.000%)(3.214m),23.139(57.848%)(1.408m),0.000,7006.735,56.9,0.5560,"[-1.687, -1.331, -1.316, -1.767, -1.387, -1.292]","[1.194, 1.480, 1.462, 1.096, 1.585, 1.449]","[-4.828, -4.583, -4.537, -4.857, -4.383, -4.130]"
33,1,-8.2865,-6.2906,0.256,226,554,35,0,0.938,45,0.00,553,695.70,0,0,9.707(12.133%)(0.000m),14.048(12.395%)(0.000m),22.135(19.531%)(0.229m),45.000(39.706%)(2.679m),38.000(47.500%)(1.929m),11.826(29.564%)(0.196m),34.087(85.217%)(2.581m),738.781,5472.526,56.7,0.6596,"[-0.816, -0.614, -0.744, -0.952, -0.748, -0.743]","[1.288, 1.562, 1.512, 1.153, 1.606, 1.522]","[-3.791, -5.317, -6.150, -4.514, -6.305, -6.198]"
34,1,-7.2300,-6.3182,0.243,226,549,21,0,0.936,45,0.00,576,658.40,0,0,10.828(13.535%)(0.000m),18.420(16.253%)(0.000m),38.443(33.921%)(1.976m),56.000(49.412%)(3.857m),44.000(55.000%)(2.571m),10.311(25.779%)(0.033m),40.000(100.000%)(3.214m),4478.256,9949.958,56.3,0.7617,"[-0.167, -0.422, -0.996, -0.098, -0.248, -0.551]","[0.967, 1.082, 0.925, 0.862, 1.315, 0.978]","[-3.609, -4.824, -5.504, -3.680, -5.712, -5.705]"
35,1,-8.2453,-6.3733,0.190,223,549,33,18,0.934,45,0.00,599,671.64,0,0,22.000(27.500%)(0.214m),20.000(17.647%)(0.000m),20.000(17.647%)(0.000m),27.000(23.824%)(0.750m),55.335(69.169%)(3.786m),40.000(100.000%)(3.214m),40.000(100.000%)(3.214m),0.000,3191.610,57.0,0.9199,"[-1.452, -1.199, -0.858, -1.472, -1.095, -1.031]","[0.887, 1.219, 1.107, 0.838, 1.013, 1.012]","[-4.618, -4.967, -4.572, -4.722, -4.745, -4.528]"
36,1,-6.1843,-6.3680,0.198,201,504,17,16,0.932,45,0.00,620,624.07,0,0,53.319(66.648%)(3.570m),97.219(85.781%)(8.273m),30.000(26.471%)(1.071m),21.000(18.529%)(0.107m),26.000(32.500%)(0.643m),39.194(97.985%)(3.128m),40.000(100.000%)(3.214m),0.000,2536.726,58.0,0.9566,"[-1.180, -1.057, -0.977, -1.260, -0.901, -0.912]","[0.709, 0.994, 0.784, 0.449, 1.047, 0.863]","[-5.111, -4.917, -4.509, -5.060, -4.341, -4.157]"
37,1,-7.2097,-6.3908,0.231,119,285,17,0,0.930,30,0.00,632,372.78,0,0,78.639(98.299%)(6.283m),100.000(88.236%)(8.571m),35.319(31.164%)(1.641m),17.958(15.846%)(0.000m),10.862(13.578%)(0.000m),40.000(100.000%)(3.214m),10.730(26.826%)(0.078m),4334.543,10452.789,55.4,0.0000,"[-2.306, -1.968, -1.406, -2.424, -1.569, -1.489]","[0.795, 1.089, 0.925, 0.600, 1.254, 1.093]","[-5.629, -5.461, -4.900, -5.661, -4.952, -4.673]"
38,1,-3.7295,-6.3208,0.247,227,555,2,14,0.929,45,0.00,655,726.49,0,0,25.000(31.250%)(0.536m),21.000(18.529%)(0.107m),56.000(49.412%)(3.857m),100.939(89.064%)(8.672m),50.100(62.625%)(3.225m),40.000(100.000%)(3.214m),36.497(91.241%)(2.839m),0.000,2903.195,56.6,0.6992,"[-0.536, -0.234, -0.554, -0.660, -0.355, -0.403]","[0.956, 1.251, 1.392, 0.788, 1.298, 1.251]","[-2.396, -2.872, -4.297, -2.628, -3.247, -3.568]"
39,1,-6.7408,-6.3315,0.280,303,773,61,137,0.927,55,0.00,686,949.10,0,0,18.000(22.500%)(0.000m),36.000(31.765%)(1.714m),49.772(43.917%)(3.190m),20.451(18.045%)(0.048m),11.283(14.103%)(0.000m),13.000(32.500%)(0.321m),9.980(24.950%)(0.000m),454.988,5205.435,59.0,1.2156,"[-1.140, -1.020, -1.170, -1.197, -0.994, -0.992]","[1.385, 1.385, 1.210, 1.355, 1.533, 1.339]","[-5.125, -5.100, -4.694, -5.384, -4.708, -4.420]"
40,1,-3.6484,-6.2645,0.274,164,413,24,0,0.925,40,0.00,703,491.33,0,0,53.000(66.250%)(3.536m),60.000(52.941%)(4.286m),38.541(34.007%)(1.987m),18.467(16.295%)(0.000m),10.856(13.570%)(0.000m),40.000(100.000%)(3.214m),10.338(25.844%)(0.036m),1576.488,5044.333,58.3,1.1828,"[-1.025, -0.646, -0.634, -1.083, -0.470, -0.476]","[1.304, 1.535, 1.288, 1.120, 1.670, 1.538]","[-5.406, -5.110, -4.905, -5.280, -4.605, -4.511]"
41,1,-5.9142,-6.2559,0.256,175,427,16,0,0.923,40,0.00,721,537.82,0,0,10.204(12.755%)(0.000m),15.407(13.594%)(0.000m),25.838(22.798%)(0.625m),73.000(64.412%)(5.679m),58.656(73.319%)(4.142m),11.536(28.840%)(0.165m),40.000(100.000%)(3.214m),2547.434,5444.379,56.5,0.8878,"[0.013, 0.094, -0.195, -0.014, 0.014, -0.120]","[1.544, 1.669, 1.420, 1.580, 1.760, 1.606]","[-3.608, -5.187, -5.502, -4.766, -6.447, -6.808]"
42,1,-7.1459,-6.2771,0.240,266,658,51,29,0.921,50,0.00,748,829.63,0,0,14.000(17.500%)(0.000m),29.000(25.588%)(0.964m),111.000(97.941%)(9.750m),37.832(33.381%)(1.911m),18.022(22.528%)(0.000m),10.000(25.000%)(0.000m),12.724(31.811%)(0.292m),2100.527,7881.809,57.3,0.7729,"[-1.962, -1.656, -1.596, -1.957, -1.455, -1.399]","[1.402, 1.713, 1.548, 1.342, 1.815, 1.725]","[-4.434, -4.024, -4.109, -4.330, -3.523, -3.406]"
43,1,-7.1586,-6.2976,0.232,388,1059,70,12,0.919,70,0.00,787,1140.10,0,0,17.619(22.023%)(0.000m),26.000(22.941%)(0.643m),21.000(18.529%)(0.107m),20.000(17.647%)(0.000m),35.000(43.750%)(1.607m),12.367(30.917%)(0.254m),27.000(67.500%)(1.821m),0.000,5757.478,63.2,0.8522,"[-0.489, -0.752, -1.578, -0.604, -0.705, -1.166]","[1.204, 1.559, 1.375, 1.281, 1.460, 1.570]","[-4.216, -4.723, -5.312, -4.799, -5.667, -5.914]"
44,1,-4.9509,-6.2670,0.246,83,217,19,0,0.918,25,0.00,796,233.88,0,0,69.057(86.321%)(5.256m),99.079(87.423%)(8.473m),25.248(22.278%)(0.562m),15.055(13.284%)(0.000m),9.971(12.464%)(0.000m),40.000(100.000%)(3.214m),11.273(28.181%)(0.136m),2692.837,5132.952,60.5,0.5539,"[-1.811, -1.344, -1.207, -1.871, -1.259, -1.166]","[1.319, 1.475, 1.410, 1.184, 1.643, 1.549]","[-6.173, -5.693, -5.981, -6.133, -5.647, -5.658]"
45,1,-5.8773,-6.2583,0.234,89,216,19,0,0.916,25,0.00,805,266.89,0,0,9.045(11.306%)(0.000m),12.753(11.252%)(0.000m),19.396(17.114%)(0.000m),47.206(41.652%)(2.915m),76.230(95.288%)(6.025m),11.593(28.982%)(0.171m),40.000(100.000%)(3.214m),4186.479,8004.335,56.0,1.3953,"[-0.428, -0.867, -1.432, -0.544, -0.749, -1.133]","[1.199, 1.162, 0.941, 1.061, 1.390, 1.282]","[-4.591, -5.029, -5.579, -5.084, -6.200, -6.216]"
46,1,-4.3893,-6.2177,0.209,139,351,15,0,0.914,35,0.00,819,384.68,0,0,65.000(81.250%)(4.821m),80.000(70.588%)(6.429m),24.972(22.035%)(0.533m),14.717(12.986%)(0.000m),9.675(12.093%)(0.000m),40.000(100.000%)(3.214m),10.803(27.008%)(0.086m),2389.153,5488.983,58.5,0.6464,"[-1.251, -0.796, -0.775, -1.284, -0.688, -0.682]","[1.427, 1.450, 1.065, 1.277, 1.527, 1.286]","[-6.315, -5.646, -5.702, -6.230, -5.430, -5.402]"
47,1,-8.4161,-6.2645,0.227,220,549,49,0,0.912,45,0.00,841,696.16,0,0,21.548(26.935%)(0.166m),43.535(38.414%)(2.522m),19.549(17.249%)(0.000m),12.853(11.341%)(0.000m),9.116(11.395%)(0.000m),15.274(38.185%)(0.565m),11.684(29.210%)(0.180m),633.057,8207.218,57.8,0.6663,"[-1.014, -1.269, -1.716, -1.005, -0.964, -1.373]","[0.917, 0.887, 0.804, 0.997, 1.267, 1.004]","[-6.011, -5.632, -5.181, -5.783, -5.340, -5.157]"
48,1,-5.6619,-6.2519,0.235,158,399,16,0,0.910,40,0.00,857,499.52,0,0,57.155(71.444%)(3.981m),81.000(71.471%)(6.536m),32.837(28.974%)(1.375m),16.998(14.998%)(0.000m),10.375(12.969%)(0.000m),40.000(100.000%)(3.214m),10.375(25.938%)(0.040m),2458.569,5100.881,58.4,0.7897,"[-1.143, -0.804, -0.804, -1.031, -0.580, -0.631]","[0.923, 1.195, 1.041, 1.062, 1.332, 1.154]","[-6.179, -5.617, -5.406, -6.053, -5.529, -5.116]"
49,1,-3.2053,-6.1897,0.204,166,419,16,0,0.908,40,0.00,874,418.03,0,0,53.000(66.250%)(3.536m),63.000(55.588%)(4.607m),28.866(25.470%)(0.950m),16.378(14.451%)(0.000m),10.518(13.148%)(0.000m),40.000(100.000%)(3.214m),11.320(28.300%)(0.141m),1782.460,4754.734,58.4,0.9851,"[-1.050, -0.690, -0.498, -1.050, -0.609, -0.467]","[1.119, 1.433, 1.214, 1.113, 1.577, 1.491]","[-6.111, -5.639, -5.462, -5.870, -5.298, -5.029]"
50,1,-2.9965,-6.1259,0.228,230,575,0,23,0.907,50,0.00,897,715.63,0,0,23.425(29.282%)(0.367m),46.453(40.988%)(2.834m),104.000(91.765%)(9.000m),21.000(18.529%)(0.107m),13.000(16.250%)(0.000m),16.654(41.634%)(0.713m),40.000(100.000%)(3.214m),2804.744,7913.006,57.9,1.4127,"[-0.129, -0.362, -0.856, -0.065, 0.173, -0.449]","[1.375, 1.646, 1.445, 1.351, 1.835, 1.650]","[-5.400, -4.809, -4.211, -5.291, -4.041, -3.877]"
51,1,-4.9073,-6.1507,0.271,139,377,17,0,0.905,40,0.00,911,353.45,0,0,11.737(14.671%)(0.000m),21.521(18.989%)(0.163m),54.074(47.712%)(3.651m),73.000(64.412%)(5.679m),49.000(61.250%)(3.107m),10.254(25.635%)(0.027m),40.000(100.000%)(3.214m),3916.092,6363.111,62.8,0.9642,"[0.344, 0.160, -0.883, 0.486, 0.404, -0.369]","[1.348, 1.627, 1.351, 1.456, 1.878, 1.633]","[-2.758, -3.315, -4.088, -3.017, -4.016, -4.442]"
52,1,-10.5397,-6.2461,0.266,502,1277,46,102,0.903,70,0.00,962,1469.64,0,0,10.783(13.478%)(0.000m),17.665(15.587%)(0.000m),34.127(30.112%)(1.514m),29.000(25.588%)(0.964m),25.670(32.087%)(0.607m),10.783(26.957%)(0.084m),18.271(45.678%)(0.886m),473.304,5752.636,58.9,0.8892,"[-1.149, -0.782, -0.701, -1.154, -0.722, -0.599]","[1.369, 1.757, 1.599, 1.344, 1.756, 1.812]","[-4.029, -4.494, -4.525, -4.307, -5.146, -4.917]"
53,1,-6.8019,-6.2419,0.286,241,596,57,34,0.901,50,0.00,987,737.32,0,0,13.000(16.250%)(0.000m),22.000(19.412%)(0.214m),95.209(84.008%)(8.058m),35.394(31.230%)(1.649m),16.813(21.017%)(0.000m),40.000(100.000%)(3.214m),11.844(29.610%)(0.198m),4320.785,9180.211,57.2,0.9851,"[-1.757, -1.272, -1.087, -1.769, -0.977, -0.796]","[1.458, 1.814, 1.438, 1.451, 1.929, 1.682]","[-3.943, -3.925, -5.558, -4.081, -3.915, -4.819]"
54,1,-6.3834,-6.2632,0.293,158,385,24,0,0.899,35,0.00,1003,500.40,0,0,67.000(83.750%)(5.036m),74.000(65.294%)(5.786m),34.315(30.278%)(1.534m),17.763(15.673%)(0.000m),10.842(13.553%)(0.000m),40.000(100.000%)(3.214m),10.842(27.106%)(0.090m),2469.606,6057.622,56.5,1.0067,"[-0.648, -0.177, -0.053, -0.632, -0.085, 0.134]","[1.776, 1.907, 1.625, 1.841, 2.104, 1.850]","[-5.843, -5.135, -4.854, -5.807, -5.365, -4.477]"
55,1,-6.8484,-6.2392,0.289,104,252,19,0,0.898,30,0.00,1014,305.43,0,0,10.599(13.249%)(0.000m),18.031(15.910%)(0.000m),37.631(33.204%)(1.889m),104.000(91.765%)(9.000m),77.067(96.334%)(6.114m),10.093(25.234%)(0.010m),40.000(100.000%)(3.214m),3858.152,8983.949,56.1,0.0000,"[-0.167, -0.530, -1.607, -0.127, -0.482, -1.048]","[1.753, 1.856, 1.535, 1.759, 2.003, 1.822]","[-4.909, -5.575, -6.323, -5.276, -6.549, -6.424]"
56,1,-5.8575,-6.2118,0.308,77,187,13,0,0.896,25,0.00,1022,235.22,0,0,78.639(98.299%)(6.283m),113.333(100.000%)(10.000m),62.385(55.046%)(4.541m),24.219(21.369%)(0.452m),12.237(15.296%)(0.000m),40.000(100.000%)(3.214m),9.918(24.795%)(0.000m),4196.329,10062.556,56.3,1.1205,"[-2.269, -1.693, -1.138, -2.293, -1.458, -1.029]","[1.857, 1.984, 1.706, 1.785, 2.136, 1.834]","[-4.863, -4.239, -3.460, -4.824, -4.022, -3.327]"
57,1,-6.7402,-6.2311,0.288,239,579,69,19,0.894,45,0.00,1046,645.94,0,0,22.000(27.500%)(0.214m),22.000(19.412%)(0.214m),26.000(22.941%)(0.643m),65.000(57.353%)(4.821m),46.239(57.798%)(2.811m),40.000(100.000%)(3.214m),40.000(100.000%)(3.214m),0.000,3039.019,56.1,0.6933,"[-0.122, -0.269, -0.308, -0.135, -0.188, -0.428]","[1.916, 1.984, 1.868, 1.879, 2.166, 1.851]","[-3.854, -4.316, -5.160, -4.014, -4.541, -4.462]"
58,1,-6.2321,-6.2662,0.270,184,450,21,0,0.892,40,0.00,1065,530.75,0,0,55.000(68.750%)(3.750m),60.000(52.941%)(4.286m),27.116(23.926%)(0.762m),15.385(13.575%)(0.000m),9.881(12.351%)(0.000m),40.000(100.000%)(3.214m),10.633(26.583%)(0.068m),2195.212,5157.024,56.5,1.0068,"[-0.462, -0.249, -0.100, -0.392, -0.193, -0.146]","[1.509, 1.577, 1.608, 1.667, 1.852, 1.791]","[-6.161, -5.769, -5.130, -6.258, -6.046, -5.389]"
59,1,-3.5902,-6.2486,0.261,139,363,15,0,0.890,35,0.00,1079,454.87,0,0,9.515(11.894%)(0.000m),14.474(12.772%)(0.000m),24.560(21.671%)(0.489m),78.000(68.824%)(6.214m),56.000(70.000%)(3.857m),10.625(26.562%)(0.067m),40.000(100.000%)(3.214m),1366.963,4718.473,60.5,0.8104,"[-0.121, -0.184, -0.639, -0.151, -0.218, -0.581]","[1.302, 1.490, 1.280, 1.350, 1.660, 1.451]","[-4.975, -5.469, -5.961, -5.737, -6.808, -6.689]"
60,1,-5.9494,-6.2554,0.323,115,287,16,0,0.889,30,0.00,1091,346.90,0,0,9.418(11.773%)(0.000m),13.723(12.109%)(0.000m),21.830(19.262%)(0.196m),64.004(56.474%)(4.715m),77.067(96.334%)(6.114m),11.331(28.328%)(0.143m),40.000(100.000%)(3.214m),2820.804,8240.810,57.8,0.8355,"[-0.209, -0.356, -1.151, -0.147, -0.369, -0.937]","[1.419, 1.894, 1.462, 1.566, 1.910, 1.731]","[-4.878, -5.462, -6.118, -5.436, -6.533, -6.654]"
61,1,-5.8415,-6.2553,0.307,75,184,18,0,0.887,25,0.00,1099,192.89,0,0,78.639(98.299%)(6.283m),66.952(59.076%)(5.031m),22.836(20.150%)(0.304m),14.355(12.667%)(0.000m),9.852(12.315%)(0.000m),40.000(100.000%)(3.214m),11.853(29.633%)(0.199m),4022.215,8358.135,56.7,0.8530,"[-2.148, -1.364, -1.023, -2.021, -1.405, -0.922]","[1.291, 1.597, 1.263, 1.355, 1.855, 1.519]","[-6.185, -5.209, -4.672, -5.925, -5.873, -4.761]"
62,1,-4.7302,-6.2123,0.250,190,472,17,0,0.885,40,0.00,1118,534.83,0,0,11.468(14.335%)(0.000m),20.787(18.342%)(0.084m),50.591(44.639%)(3.278m),58.000(51.177%)(4.071m),48.000(60.000%)(3.000m),10.144(25.360%)(0.015m),40.000(100.000%)(3.214m),2624.091,7734.153,57.5,0.8849,"[-0.084, -0.262, -0.803, -0.124, 0.015, -0.644]","[1.120, 1.412, 1.431, 1.250, 1.663, 1.428]","[-4.001, -4.699, -5.479, -4.577, -5.210, -5.598]"
63,1,-5.0699,-6.1996,0.272,252,627,0,38,0.883,50,0.00,1144,749.06,0,0,12.000(15.000%)(0.000m),21.000(18.529%)(0.107m),102.000(90.000%)(8.786m),58.523(51.638%)(4.127m),28.290(35.363%)(0.888m),40.000(100.000%)(3.214m),20.238(50.594%)(1.097m),2219.647,6658.362,57.5,0.0000,"[-0.513, -0.182, -0.301, -0.549, 0.054, -0.145]","[1.270, 1.649, 1.186, 1.311, 1.859, 1.575]","[-2.734, -3.767, -5.329, -3.306, -3.678, -4.922]"
64,1,-7.2173,-6.1963,0.279,218,540,35,26,0.882,45,0.00,1166,675.47,0,0,41.958(52.447%)(2.353m),56.000(49.412%)(3.857m),40.000(35.294%)(2.143m),27.000(23.824%)(0.750m),23.000(28.750%)(0.321m),37.114(92.785%)(2.905m),35.857(89.643%)(2.770m),46.193,2671.055,57.3,0.6887,"[-0.750, -0.628, -0.303, -0.702, -0.407, -0.436]","[1.654, 1.789, 1.430, 1.617, 1.947, 1.525]","[-4.231, -3.889, -2.835, -4.138, -3.611, -3.083]"
65,1,-6.1322,-6.2032,0.288,222,558,0,30,0.880,45,0.00,1189,718.11,0,0,31.556(39.445%)(1.238m),65.240(57.565%)(4.847m),113.333(100.000%)(10.000m),27.000(23.824%)(0.750m),13.000(16.250%)(0.000m),22.667(56.667%)(1.357m),40.000(100.000%)(3.214m),2923.548,7645.964,58.2,0.9546,"[-0.018, 0.185, -0.132, 0.073, 0.301, 0.114]","[1.720, 1.823, 1.500, 1.912, 2.070, 1.752]","[-4.633, -3.627, -3.027, -4.536, -3.448, -2.529]"
66,1,-5.1420,-6.2107,0.310,151,369,19,0,0.878,35,0.00,1205,438.83,0,0,65.960(82.450%)(4.924m),82.000(72.353%)(6.643m),34.438(30.387%)(1.547m),17.826(15.729%)(0.000m),10.881(13.601%)(0.000m),40.000(100.000%)(3.214m),10.881(27.203%)(0.094m),2940.299,6417.379,56.5,0.8095,"[-0.192, 0.160, 0.346, -0.212, 0.452, 0.448]","[2.027, 2.078, 1.886, 2.011, 2.356, 1.973]","[-5.988, -5.373, -4.880, -5.857, -5.464, -4.711]"
67,1,-5.9815,-6.1786,0.343,133,332,24,0,0.876,35,0.00,1219,422.59,0,0,10.455(13.068%)(0.000m),17.128(15.113%)(0.000m),33.089(29.196%)(1.402m),79.000(69.706%)(6.321m),61.343(76.679%)(4.430m),10.455(26.137%)(0.049m),40.000(100.000%)(3.214m),2386.171,6249.490,57.8,1.0885,"[0.355, 0.247, -0.110, 0.241, 0.143, -0.198]","[2.480, 2.662, 2.333, 2.378, 3.043, 2.545]","[-4.761, -5.418, -5.931, -5.206, -6.732, -6.615]"
68,1,-5.6407,-6.1733,0.263,154,376,27,0,0.874,35,0.00,1235,501.40,0,0,69.000(86.250%)(5.250m),88.000(77.647%)(7.286m),71.836(63.385%)(5.554m),23.370(20.621%)(0.361m),11.970(14.963%)(0.000m),40.000(100.000%)(3.214m),9.825(24.564%)(0.000m),3861.159,8620.285,56.4,0.0000,"[-0.660, 0.335, 0.868, -0.698, 0.409, 1.003]","[2.028, 2.429, 2.204, 1.986, 2.372, 2.200]","[-4.597, -3.392, -2.204, -4.604, -3.448, -2.206]"
69,1,-7.0956,-6.1439,0.308,216,534,89,25,0.873,45,0.00,1257,533.03,0,0,52.710(65.888%)(3.505m),20.000(17.647%)(0.000m),20.000(17.647%)(0.000m),21.000(18.529%)(0.107m),75.744(94.680%)(5.973m),38.623(96.557%)(3.067m),40.000(100.000%)(3.214m),0.000,2507.135,57.2,0.8524,"[-0.337, -0.468, 0.050, -0.315, -0.400, -0.293]","[2.190, 2.453, 2.159, 2.103, 2.583, 2.377]","[-4.322, -4.501, -3.249, -4.157, -4.451, -3.876]"
70,1,-6.1533,-6.1270,0.320,90,222,22,0,0.871,25,0.00,1266,290.92,0,0,11.739(14.674%)(0.000m),21.279(18.776%)(0.137m),51.574(45.506%)(3.383m),113.333(100.000%)(10.000m),77.067(96.334%)(6.114m),10.384(25.960%)(0.041m),40.000(100.000%)(3.214m),3549.458,8925.844,57.1,0.8787,"[0.516, -0.206, -1.149, 0.450, -0.006, -1.071]","[2.093, 2.237, 2.057, 2.070, 2.455, 2.111]","[-3.586, -5.190, -5.656, -4.353, -5.396, -6.112]"
71,1,-6.0931,-6.1183,0.308,140,339,22,0,0.869,35,0.00,1280,402.13,0,0,69.098(86.372%)(5.260m),90.000(79.412%)(7.500m),49.602(43.767%)(3.172m),20.394(17.995%)(0.042m),11.251(14.064%)(0.000m),40.000(100.000%)(3.214m),9.952(24.881%)(0.000m),3145.932,7380.427,56.0,0.7131,"[-0.541, 0.157, 0.390, -0.354, 0.406, 0.537]","[2.135, 2.524, 2.170, 2.250, 2.898, 2.417]","[-5.882, -4.993, -4.200, -5.616, -5.199, -4.260]"
72,1,-5.0643,-6.0861,0.323,325,875,30,32,0.867,60,0.00,1313,998.46,0,0,27.000(33.750%)(0.750m),55.000(48.530%)(3.750m),68.682(60.602%)(5.216m),23.426(20.670%)(0.367m),12.159(15.199%)(0.000m),21.000(52.500%)(1.179m),10.107(25.267%)(0.011m),1270.127,4115.976,62.3,0.7802,"[-0.498, 0.301, 0.549, -0.596, 0.276, 0.606]","[2.135, 2.640, 2.397, 2.085, 2.780, 2.603]","[-5.279, -4.350, -3.687, -5.237, -4.705, -3.743]"
73,1,-6.6744,-6.1521,0.298,217,536,80,22,0.866,45,0.00,1335,697.78,0,0,50.098(62.622%)(3.225m),44.000(38.824%)(2.571m),24.000(21.177%)(0.429m),20.000(17.647%)(0.000m),23.000(28.750%)(0.321m),36.363(90.909%)(2.825m),40.000(100.000%)(3.214m),0.000,2444.107,57.2,0.7329,"[-0.658, -0.842, -0.542, -0.690, -0.663, -0.693]","[2.050, 1.978, 1.632, 2.052, 2.386, 1.820]","[-5.289, -4.526, -3.860, -5.288, -4.405, -3.753]"
74,1,-4.9348,-6.1211,0.325,174,452,5,10,0.864,40,0.00,1353,556.30,0,0,47.777(59.721%)(2.976m),93.276(82.302%)(7.851m),46.000(40.588%)(2.786m),25.000(22.059%)(0.536m),23.000(28.750%)(0.321m),34.756(86.889%)(2.652m),40.000(100.000%)(3.214m),0.000,3296.285,60.1,0.6670,"[-0.345, -0.334, -0.217, -0.144, -0.138, -0.194]","[1.820, 1.899, 1.530, 1.907, 1.958, 1.552]","[-5.748, -4.951, -4.206, -5.419, -4.891, -4.072]"
75,1,-6.0744,-6.1147,0.356,96,236,16,0,0.862,25,0.00,1363,262.04,0,0,11.666(14.582%)(0.000m),21.145(18.658%)(0.123m),51.462(45.408%)(3.371m),105.000(92.647%)(9.107m),77.067(96.334%)(6.114m),10.319(25.797%)(0.034m),40.000(100.000%)(3.214m),4196.329,9259.430,56.8,0.0000,"[-0.393, -0.706, -1.645, -0.268, -0.696, -1.318]","[1.210, 1.629, 1.283, 1.485, 1.738, 1.534]","[-4.078, -4.931, -5.683, -4.618, -5.475, -5.476]"
76,1,-5.3319,-6.1143,0.292,231,566,33,27,0.861,45,0.00,1387,711.90,0,0,24.000(30.000%)(0.429m),20.000(17.647%)(0.000m),33.000(29.118%)(1.393m),45.000(39.706%)(2.679m),56.666(70.833%)(3.929m),32.408(81.020%)(2.401m),40.000(100.000%)(3.214m),0.000,4763.400,56.7,0.9833,"[-0.362, -0.340, -0.434, -0.296, -0.187, -0.334]","[1.516, 1.751, 1.671, 1.406, 1.957, 1.681]","[-3.295, -4.236, -5.667, -3.523, -4.418, -4.976]"
77,1,-5.4249,-6.1036,0.286,214,534,20,0,0.859,45,0.00,1409,621.10,0,0,11.204(14.005%)(0.000m),19.448(17.160%)(0.000m),42.466(37.470%)(2.407m),67.000(59.118%)(5.036m),42.000(52.500%)(2.357m),10.411(26.028%)(0.044m),40.000(100.000%)(3.214m),3265.864,8223.829,57.7,0.5901,"[0.601, 0.325, -0.445, 0.727, 0.664, -0.075]","[1.635, 1.572, 1.619, 1.819, 2.032, 1.578]","[-4.118, -4.891, -5.605, -4.818, -5.539, -5.458]"
78,1,-6.4762,-6.0911,0.358,104,254,16,0,0.857,30,0.00,1420,315.60,0,0,78.639(98.299%)(6.283m),70.891(62.551%)(5.453m),23.063(20.350%)(0.328m),14.356(12.667%)(0.000m),9.785(12.231%)(0.000m),40.000(100.000%)(3.214m),11.626(29.064%)(0.174m),3897.178,9391.129,56.6,0.0000,"[-1.111, 0.062, 0.256, -1.000, 0.376, 0.702]","[1.522, 1.750, 1.534, 1.536, 2.082, 2.002]","[-6.453, -5.732, -5.556, -6.462, -5.584, -4.885]"
79,1,-6.0323,-6.0762,0.319,169,434,19,0,0.855,40,0.00,1437,494.42,0,0,10.604(13.255%)(0.000m),17.532(15.469%)(0.000m),34.480(30.424%)(1.551m),64.000(56.471%)(4.714m),46.000(57.500%)(2.786m),10.475(26.189%)(0.051m),40.000(100.000%)(3.214m),1413.367,5175.628,59.5,0.5976,"[-0.017, -0.153, -0.624, -0.106, -0.031, -0.513]","[2.146, 2.531, 2.114, 2.242, 2.706, 2.251]","[-5.151, -6.120, -6.220, -6.187, -6.809, -6.219]"
80,1,-6.9957,-6.0400,0.303,282,682,58,33,0.854,50,0.00,1466,839.82,0,0,12.609(15.761%)(0.000m),26.068(23.002%)(0.650m),39.000(34.412%)(2.036m),29.000(25.588%)(0.964m),25.000(31.250%)(0.536m),9.838(24.594%)(0.000m),40.000(100.000%)(3.214m),261.625,4313.481,55.9,0.8201,"[-0.581, -0.670, -0.578, -0.565, -0.489, -0.618]","[2.088, 2.369, 2.163, 2.112, 2.546, 2.168]","[-4.817, -4.281, -5.235, -4.540, -4.568, -4.994]"
81,1,-5.3341,-6.0621,0.332,122,296,20,0,0.852,30,0.00,1479,407.55,0,0,69.080(86.350%)(5.259m),99.000(87.353%)(8.464m),30.646(27.041%)(1.141m),16.401(14.472%)(0.000m),10.189(12.736%)(0.000m),40.000(100.000%)(3.214m),10.441(26.103%)(0.047m),3682.756,7502.253,56.2,0.6421,"[-1.051, -0.378, -0.243, -0.691, -0.131, 0.030]","[1.495, 1.779, 1.484, 1.769, 1.952, 1.629]","[-6.571, -6.129, -5.866, -6.289, -5.911, -5.449]"
82,1,-6.2084,-6.0098,0.303,186,457,16,0,0.850,40,0.00,1498,542.57,0,0,53.882(67.353%)(3.630m),27.577(24.333%)(0.812m),15.647(13.806%)(0.000m),11.467(10.118%)(0.000m),8.911(11.139%)(0.000m),39.270(98.175%)(3.136m),14.160(35.400%)(0.446m),1529.428,4236.001,56.8,0.9051,"[-0.215, -0.254, -0.254, -0.255, -0.005, -0.194]","[1.452, 1.584, 1.176, 1.521, 1.837, 1.414]","[-6.472, -5.962, -5.113, -6.397, -5.937, -5.060]"
83,1,-4.5678,-5.9354,0.334,147,400,0,9,0.849,40,0.00,1513,395.04,0,0,26.000(32.500%)(0.643m),20.000(17.647%)(0.000m),113.333(100.000%)(10.000m),79.439(70.093%)(6.368m),42.727(53.409%)(2.435m),40.000(100.000%)(3.214m),30.929(77.323%)(2.242m),0.000,5089.674,63.0,0.7001,"[-0.174, 0.204, 0.268, -0.120, 0.226, 0.084]","[1.787, 1.921, 1.719, 1.791, 1.962, 1.706]","[-3.337, -4.345, -5.288, -3.943, -4.766, -5.617]"
84,1,-5.6532,-5.9039,0.254,138,337,16,0,0.847,35,0.00,1527,373.70,0,0,11.436(14.296%)(0.000m),20.730(18.291%)(0.078m),50.452(44.516%)(3.263m),90.000(79.412%)(7.500m),61.484(76.856%)(4.445m),10.116(25.290%)(0.012m),40.000(100.000%)(3.214m),3231.225,6484.644,56.5,0.7635,"[-0.121, -0.432, -0.692, -0.145, -0.308, -0.715]","[1.676, 1.735, 1.453, 1.836, 1.864, 1.537]","[-4.116, -5.012, -5.441, -4.592, -5.427, -5.679]"
85,1,-5.2136,-5.8432,0.306,397,1180,16,156,0.845,75,0.00,1567,1106.28,0,0,9.345(11.681%)(0.000m),13.434(11.853%)(0.000m),20.972(18.505%)(0.104m),40.000(35.294%)(2.143m),24.671(30.839%)(0.500m),11.529(28.822%)(0.164m),17.433(43.583%)(0.796m),342.032,2777.295,68.8,0.9065,"[-0.599, 0.040, 0.108, -0.699, 0.032, 0.037]","[1.776, 2.836, 2.628, 1.783, 2.719, 2.849]","[-4.672, -5.369, -5.188, -4.820, -6.149, -5.876]"
86,1,-5.5641,-5.8308,0.344,114,282,22,0,0.844,30,0.00,1579,360.05,0,0,10.177(12.721%)(0.000m),15.846(13.982%)(0.000m),27.928(24.643%)(0.849m),92.000(81.177%)(7.714m),64.546(80.683%)(4.773m),10.952(27.380%)(0.102m),40.000(100.000%)(3.214m),3269.582,6136.907,57.2,0.9237,"[-0.312, -0.575, -0.650, -0.194, -0.504, -0.719]","[1.552, 1.909, 1.662, 1.692, 2.064, 1.858]","[-5.137, -6.167, -5.712, -5.083, -6.849, -6.193]"
87,1,-5.4306,-5.7953,0.308,239,579,0,19,0.842,45,0.00,1603,732.86,0,0,42.198(52.748%)(2.378m),87.242(76.979%)(7.205m),110.000(97.059%)(9.643m),20.000(17.647%)(0.000m),26.000(32.500%)(0.643m),30.598(76.495%)(2.207m),40.000(100.000%)(3.214m),0.000,7190.137,56.0,0.0000,"[-0.207, -0.062, -0.032, -0.118, 0.104, 0.155]","[1.732, 1.801, 1.348, 1.793, 1.908, 1.519]","[-5.711, -5.301, -4.260, -5.493, -5.033, -3.850]"
88,1,-1.9416,-5.7595,0.365,671,1789,147,78,0.840,85,0.00,1671,1954.55,0,0,29.000(36.250%)(0.964m),58.000(51.177%)(4.071m),72.663(64.114%)(5.642m),25.398(22.410%)(0.578m),12.470(15.588%)(0.000m),21.000(52.500%)(1.179m),9.854(24.636%)(0.000m),1350.227,5892.004,61.7,0.7537,"[-0.300, 0.894, 1.103, -0.292, 0.955, 1.254]","[2.734, 3.119, 2.969, 2.681, 3.252, 3.320]","[-4.801, -3.573, -2.609, -4.586, -3.488, -2.704]"
89,1,-5.3642,-5.7320,0.357,100,246,20,0,0.838,25,0.00,1681,313.83,0,0,9.456(11.820%)(0.000m),13.333(11.765%)(0.000m),20.279(17.893%)(0.030m),49.355(43.548%)(3.145m),64.546(80.683%)(4.773m),12.120(30.301%)(0.227m),40.000(100.000%)(3.214m),3503.809,6581.015,56.9,0.0000,"[-0.231, -0.531, -0.959, -0.214, -0.426, -0.793]","[1.827, 1.758, 1.492, 1.965, 2.010, 1.655]","[-5.089, -5.508, -5.737, -5.283, -6.021, -5.718]"
90,1,-6.6294,-5.7916,0.421,90,215,21,0,0.837,25,0.00,1690,272.25,0,0,9.964(12.455%)(0.000m),15.044(13.274%)(0.000m),25.230(22.261%)(0.560m),98.293(86.729%)(8.389m),76.230(95.288%)(6.025m),11.264(28.161%)(0.135m),40.000(100.000%)(3.214m),4556.735,8777.209,55.3,0.6503,"[-0.155, -0.473, -1.342, -0.131, -0.378, -0.948]","[1.995, 2.064, 1.406, 2.045, 2.292, 1.889]","[-5.602, -5.848, -5.637, -5.882, -6.642, -5.829]"
91,1,-4.3275,-5.7599,0.399,164,402,23,0,0.835,40,0.00,1707,545.69,0,0,62.000(77.500%)(4.500m),85.000(75.000%)(6.964m),49.751(43.898%)(3.188m),20.442(18.037%)(0.047m),11.278(14.097%)(0.000m),40.000(100.000%)(3.214m),9.976(24.939%)(0.000m),2618.495,6745.521,56.7,0.9269,"[-0.465, 0.297, 0.730, -0.281, 0.697, 0.830]","[1.654, 1.715, 1.525, 1.658, 1.914, 1.971]","[-5.645, -5.459, -4.518, -5.450, -5.020, -4.736]"
92,1,-5.4399,-5.7257,0.352,113,274,22,0,0.833,30,0.00,1719,350.73,0,0,71.989(89.987%)(5.570m),73.279(64.658%)(5.708m),22.634(19.971%)(0.282m),13.946(12.305%)(0.000m),9.439(11.799%)(0.000m),40.000(100.000%)(3.214m),11.076(27.690%)(0.115m),3292.702,6967.816,56.0,0.0000,"[-0.829, -0.655, -0.350, -0.658, -0.304, -0.291]","[1.610, 1.673, 1.438, 1.787, 2.008, 1.586]","[-6.737, -6.945, -5.729, -6.844, -6.458, -5.946]"
93,1,-8.1462,-5.7455,0.387,337,839,19,92,0.832,60,0.00,1753,1040.53,0,0,11.147(13.934%)(0.000m),19.551(17.251%)(0.000m),43.757(38.609%)(2.545m),42.000(37.059%)(2.357m),25.000(31.250%)(0.536m),10.231(25.579%)(0.025m),20.000(50.000%)(1.071m),2579.697,7597.547,57.6,0.7403,"[0.416, 0.496, -0.141, 0.601, 0.703, 0.242]","[3.000, 2.912, 1.557, 3.308, 3.190, 2.096]","[-5.181, -5.702, -5.390, -5.280, -6.305, -5.797]"
94,1,-2.1201,-5.6889,0.377,207,516,10,14,0.830,45,0.00,1774,588.10,0,0,27.000(33.750%)(0.750m),21.000(18.529%)(0.107m),28.000(24.706%)(0.857m),95.113(83.923%)(8.048m),51.925(64.906%)(3.421m),40.000(100.000%)(3.214m),37.969(94.922%)(2.997m),0.000,2982.370,57.7,0.6705,"[0.228, 0.042, -0.150, 0.185, 0.231, -0.126]","[1.851, 1.770, 1.631, 1.813, 2.158, 1.729]","[-6.349, -6.708, -6.232, -6.928, -7.825, -6.384]"
95,1,-5.0049,-5.6714,0.354,192,477,18,0,0.828,45,0.00,1794,605.57,0,0,47.000(58.750%)(2.893m),67.000(59.118%)(5.036m),34.974(30.859%)(1.604m),17.452(15.399%)(0.000m),10.458(13.073%)(0.000m),40.000(100.000%)(3.214m),10.206(25.514%)(0.022m),2248.379,6095.374,57.5,0.9832,"[0.020, 0.437, 0.635, 0.085, 0.743, 0.664]","[1.743, 1.951, 2.420, 1.749, 2.228, 2.624]","[-5.768, -5.900, -4.955, -5.536, -5.474, -5.242]"
96,1,-4.7770,-5.6792,0.425,228,603,11,36,0.827,50,0.00,1817,689.28,0,0,30.064(37.580%)(1.078m),58.956(52.021%)(4.174m),71.000(62.647%)(5.464m),53.000(46.765%)(3.536m),12.000(15.000%)(0.000m),21.410(53.525%)(1.222m),10.000(25.000%)(0.000m),1177.954,3888.220,61.2,0.7343,"[0.821, 0.866, 0.549, 0.968, 1.063, 0.617]","[2.039, 2.715, 2.256, 2.077, 2.816, 2.193]","[-0.229, -0.378, -1.228, -0.110, -0.038, -0.783]"
97,1,-4.0281,-5.5914,0.389,168,460,28,0,0.825,45,0.00,1834,527.23,0,0,12.775(15.969%)(0.000m),27.259(24.052%)(0.778m),83.461(73.642%)(6.799m),79.000(69.706%)(6.321m),41.000(51.250%)(2.250m),9.714(24.286%)(0.000m),40.000(100.000%)(3.214m),2710.781,5616.092,63.3,0.7905,"[0.761, 0.484, -0.781, 0.762, 0.571, -0.642]","[1.576, 1.655, 1.300, 1.802, 1.804, 1.297]","[-1.712, -2.928, -5.422, -1.974, -3.161, -4.743]"
98,1,-8.4786,-5.6477,0.420,189,454,19,0,0.823,40,0.00,1853,560.31,0,0,10.149(12.687%)(0.000m),15.212(13.422%)(0.000m),25.224(22.256%)(0.560m),67.000(59.118%)(5.036m),50.099(62.624%)(3.225m),11.617(29.042%)(0.173m),36.478(91.194%)(2.837m),2095.170,5441.628,55.6,0.7495,"[0.144, 0.020, -0.131, 0.188, 0.157, 0.052]","[1.679, 1.794, 1.579, 1.755, 2.033, 1.741]","[-5.142, -5.739, -5.586, -5.432, -6.521, -5.623]"
99,1,-3.1624,-5.6469,0.418,267,649,51,16,0.822,50,0.00,1880,788.44,0,0,12.692(15.865%)(0.000m),26.240(23.153%)(0.669m),46.000(40.588%)(2.786m),32.000(28.235%)(1.286m),28.000(35.000%)(0.857m),9.902(24.756%)(0.000m),40.000(100.000%)(3.214m),290.384,4396.654,56.2,0.8218,"[-0.188, -0.371, -0.473, -0.125, -0.346, -0.435]","[1.581, 1.772, 1.391, 1.731, 1.869, 1.598]","[-4.101, -3.802, -5.509, -4.163, -3.828, -4.430]"
100,1,-5.3382,-5.6937,0.389,181,446,16,0,0.820,40,0.00,1899,604.53,0,0,9.707(12.134%)(0.000m),14.767(13.030%)(0.000m),25.057(22.109%)(0.542m),61.000(53.824%)(4.393m),53.000(66.250%)(3.536m),10.840(27.099%)(0.090m),40.000(100.000%)(3.214m),1715.282,5412.234,57.1,1.0405,"[0.305, 0.120, -0.409, 0.356, 0.280, -0.247]","[1.539, 1.555, 1.253, 1.605, 1.884, 1.473]","[-5.538, -5.710, -5.454, -5.989, -6.573, -5.668]"
101,1,-6.5362,-5.7263,0.263,95,230,17,0,0.819,25,0.00,1909,300.03,0,0,77.786(97.233%)(6.191m),113.333(100.000%)(10.000m),39.251(34.634%)(2.063m),18.399(16.234%)(0.000m),10.708(13.386%)(0.000m),40.000(100.000%)(3.214m),10.073(25.183%)(0.008m),4581.570,9350.395,56.0,1.7132,"[-1.347, -0.548, 0.103, -1.549, -0.330, 0.141]","[1.473, 1.500, 1.535, 1.418, 1.609, 1.661]","[-5.702, -5.545, -4.994, -5.946, -5.483, -5.130]"
102,1,-5.7891,-5.6313,0.433,124,304,17,0,0.817,30,0.00,1922,408.76,0,0,77.786(97.233%)(6.191m),94.000(82.941%)(7.929m),42.340(37.359%)(2.394m),19.390(17.109%)(0.000m),11.171(13.964%)(0.000m),40.000(100.000%)(3.214m),10.380(25.951%)(0.041m),3274.478,8290.898,56.7,0.8868,"[-0.901, -0.087, 0.182, -0.790, 0.141, 0.395]","[1.486, 1.605, 1.474, 1.664, 1.747, 1.916]","[-5.986, -5.604, -5.149, -5.948, -5.510, -5.149]"
103,1,-3.4594,-5.5644,0.391,199,490,31,0,0.815,45,0.00,1942,568.83,0,0,13.618(17.023%)(0.000m),29.145(25.716%)(0.980m),101.000(89.118%)(8.679m),75.000(66.177%)(5.893m),50.000(62.500%)(3.214m),9.593(23.983%)(0.000m),40.000(100.000%)(3.214m),2698.250,7324.389,57.0,0.7408,"[1.100, 0.712, -0.523, 1.268, 0.904, -0.112]","[2.026, 1.813, 1.542, 2.323, 1.944, 1.671]","[-0.749, -2.151, -4.732, -0.672, -2.239, -4.130]"
104,1,-4.8517,-5.5338,0.359,181,466,11,16,0.814,45,0.00,1961,530.01,0,0,23.000(28.750%)(0.321m),23.000(20.294%)(0.321m),53.000(46.765%)(3.536m),84.605(74.652%)(6.922m),46.494(58.118%)(2.839m),40.000(100.000%)(3.214m),40.000(100.000%)(3.214m),0.000,2385.262,59.6,0.7538,"[0.389, -0.049, -0.281, 0.479, 0.207, -0.314]","[1.678, 1.741, 1.663, 1.687, 1.916, 1.834]","[-3.176, -4.468, -5.415, -3.154, -4.249, -5.355]"
105,1,-7.7481,-5.5518,0.451,290,750,16,71,0.812,55,0.00,1990,810.30,0,0,26.000(32.500%)(0.643m),39.000(34.412%)(2.036m),63.000(55.588%)(4.607m),48.983(43.221%)(3.105m),24.890(31.112%)(0.524m),13.000(32.500%)(0.321m),17.726(44.316%)(0.828m),513.343,7674.901,59.9,0.8298,"[0.482, 1.145, 0.993, 0.516, 1.252, 1.165]","[2.556, 2.771, 2.631, 2.833, 3.132, 3.074]","[-3.089, -1.311, -2.332, -3.111, -1.213, -2.300]"
106,1,-3.7470,-5.5096,0.419,123,342,14,0,0.810,35,0.00,2003,388.11,0,0,11.134(13.918%)(0.000m),18.758(16.551%)(0.000m),38.341(33.830%)(1.965m),73.000(64.412%)(5.679m),50.000(62.500%)(3.214m),10.733(26.833%)(0.079m),40.000(100.000%)(3.214m),1463.508,4214.238,64.3,1.2759,"[0.213, -0.126, -0.594, 0.248, 0.104, -0.615]","[1.556, 1.443, 1.283, 1.605, 1.823, 1.380]","[-4.184, -4.588, -4.602, -4.245, -5.154, -5.048]"
107,1,-4.5902,-5.4666,0.457,166,441,15,0,0.809,40,0.00,2020,442.40,0,0,10.505(13.132%)(0.000m),17.871(15.769%)(0.000m),37.297(32.909%)(1.853m),54.000(47.647%)(3.643m),41.000(51.250%)(2.250m),10.004(25.010%)(0.000m),40.000(100.000%)(3.214m),2074.484,5038.486,61.5,1.0450,"[-0.095, -0.247, -0.543, -0.051, -0.190, -0.500]","[1.269, 1.214, 1.053, 1.231, 1.384, 1.202]","[-4.574, -5.210, -5.210, -4.427, -5.593, -5.717]"
108,1,-5.7641,-5.4572,0.469,209,524,17,0,0.807,45,0.00,2041,569.67,0,0,10.523(13.154%)(0.000m),17.240(15.212%)(0.000m),33.304(29.386%)(1.425m),57.000(50.294%)(3.964m),38.000(47.500%)(1.929m),10.523(26.307%)(0.056m),40.000(100.000%)(3.214m),1482.793,5652.242,58.0,1.1018,"[0.541, 0.451, 0.008, 0.551, 0.666, 0.209]","[1.806, 1.735, 1.215, 1.945, 2.073, 1.463]","[-4.692, -5.517, -5.058, -4.818, -5.703, -5.567]"
109,1,-4.8263,-5.4820,0.437,268,662,24,0,0.806,50,0.00,2068,777.59,0,0,31.000(38.750%)(1.179m),49.000(43.235%)(3.107m),57.359(50.611%)(4.003m),22.061(19.465%)(0.221m),11.889(14.862%)(0.000m),40.000(100.000%)(3.214m),10.259(25.648%)(0.028m),2025.254,6266.250,57.2,0.7868,"[0.012, 0.592, 0.685, -0.037, 0.788, 0.847]","[1.647, 1.575, 1.509, 1.526, 1.853, 1.983]","[-6.027, -4.911, -4.052, -5.920, -4.726, -3.884]"
110,1,-9.0047,-5.5431,0.428,165,398,18,0,0.804,35,0.00,2085,447.41,0,0,8.739(10.923%)(0.000m),11.950(10.545%)(0.000m),17.485(15.428%)(0.000m),37.302(32.913%)(1.854m),38.154(47.693%)(1.945m),11.950(29.876%)(0.209m),27.630(69.075%)(1.889m),2501.163,9121.489,55.8,0.8831,"[-0.431, -0.115, -0.221, -0.376, -0.061, -0.107]","[1.427, 1.645, 1.616, 1.664, 1.648, 1.928]","[-4.990, -5.341, -5.454, -4.937, -5.870, -5.615]"
111,1,-4.3471,-5.5132,0.479,110,291,21,0,0.802,30,0.00,2096,354.54,0,0,68.000(85.000%)(5.143m),91.000(80.294%)(7.607m),49.580(43.747%)(3.169m),20.372(17.975%)(0.040m),11.239(14.048%)(0.000m),40.000(100.000%)(3.214m),9.941(24.853%)(0.000m),2171.154,5225.341,61.2,0.9405,"[-1.243, -0.507, -0.010, -1.285, -0.277, 0.002]","[1.039, 1.117, 1.141, 1.056, 1.370, 1.356]","[-5.552, -5.054, -4.338, -5.346, -5.091, -4.414]"
112,1,-2.5992,-5.4706,0.385,226,580,17,0,0.801,50,0.00,2119,683.50,0,0,12.175(15.219%)(0.000m),23.769(20.973%)(0.404m),64.711(57.098%)(4.790m),69.000(60.883%)(5.250m),37.000(46.250%)(1.821m),9.993(24.983%)(0.000m),40.000(100.000%)(3.214m),1827.240,5724.388,59.4,0.7769,"[0.643, 0.468, -0.362, 0.760, 0.749, -0.054]","[1.932, 1.781, 0.995, 2.156, 2.370, 1.263]","[-4.288, -5.087, -5.908, -4.278, -5.448, -5.897]"
113,1,-6.9014,-5.5072,0.352,206,514,76,26,0.799,45,0.00,2140,605.15,0,0,50.759(63.448%)(3.296m),104.941(92.595%)(9.101m),20.000(17.647%)(0.000m),21.000(18.529%)(0.107m),74.371(92.964%)(5.826m),36.892(92.229%)(2.881m),40.000(100.000%)(3.214m),0.000,2592.200,57.8,0.7402,"[-0.567, -0.753, -0.393, -0.568, -0.546, -0.514]","[1.430, 1.374, 1.078, 1.349, 1.699, 1.292]","[-3.923, -4.350, -2.901, -3.637, -3.901, -3.255]"
114,1,-2.8491,-5.4198,0.345,583,1567,65,163,0.798,80,0.00,2199,1799.57,0,0,24.491(30.614%)(0.481m),48.307(42.624%)(3.033m),43.000(37.941%)(2.464m),19.771(17.445%)(0.000m),11.272(14.091%)(0.000m),17.445(43.612%)(0.798m),10.347(25.867%)(0.037m),320.307,4891.166,62.2,0.7947,"[0.145, 0.209, -0.134, 0.207, 0.338, -0.046]","[2.014, 2.357, 1.260, 2.192, 2.542, 1.823]","[-5.404, -5.323, -3.979, -5.259, -5.195, -4.495]"
115,1,-3.4335,-5.3658,0.401,210,519,34,0,0.796,45,0.00,2220,606.65,0,0,10.165(12.706%)(0.000m),16.653(14.694%)(0.000m),32.170(28.386%)(1.304m),46.000(40.588%)(2.786m),42.000(52.500%)(2.357m),10.165(25.411%)(0.018m),40.000(100.000%)(3.214m),1187.400,4277.207,57.2,1.0622,"[0.009, -0.176, -0.198, 0.016, -0.098, -0.319]","[1.478, 1.707, 1.444, 1.558, 1.930, 1.643]","[-5.393, -5.674, -4.960, -5.343, -6.530, -5.539]"
116,1,-4.4402,-5.3518,0.411,167,420,13,0,0.794,40,0.00,2237,539.00,0,0,12.400(15.500%)(0.000m),24.542(21.655%)(0.487m),63.502(56.031%)(4.661m),64.000(56.471%)(4.714m),55.000(68.750%)(3.750m),10.051(25.127%)(0.005m),40.000(100.000%)(3.214m),1801.581,5564.650,58.2,0.8288,"[0.235, -0.045, -0.463, 0.320, 0.133, -0.385]","[1.657, 1.631, 1.348, 1.807, 1.974, 1.686]","[-3.833, -4.974, -4.969, -3.738, -5.086, -5.210]"
117,1,-6.1139,-5.3545,0.338,210,526,53,13,0.793,45,0.00,2258,624.83,0,0,26.000(32.500%)(0.643m),20.000(17.647%)(0.000m),44.000(38.824%)(2.571m),44.516(39.279%)(2.627m),22.240(27.800%)(0.240m),40.000(100.000%)(3.214m),15.789(39.472%)(0.620m),0.000,8215.665,57.9,0.7637,"[-0.367, 0.506, 0.541, -0.318, 0.728, 0.677]","[1.698, 2.760, 2.294, 1.897, 2.988, 2.858]","[-3.417, -4.481, -5.778, -3.351, -4.262, -5.699]"
118,1,-4.1858,-5.3254,0.324,142,387,16,0,0.791,40,0.00,2273,448.70,0,0,42.000(52.500%)(2.357m),62.000(54.706%)(4.500m),25.470(22.473%)(0.586m),14.829(13.084%)(0.000m),9.674(12.092%)(0.000m),40.000(100.000%)(3.214m),10.670(26.675%)(0.072m),1164.673,3945.720,63.0,1.2096,"[-0.082, 0.245, 0.297, -0.049, 0.333, 0.221]","[1.582, 1.771, 1.862, 1.764, 1.983, 1.880]","[-6.282, -6.369, -6.134, -5.930, -6.694, -6.495]"
119,1,-4.6541,-5.2765,0.419,131,340,20,0,0.790,35,0.00,2287,385.14,0,0,10.166(12.707%)(0.000m),16.507(14.565%)(0.000m),31.349(27.661%)(1.216m),68.000(60.000%)(5.143m),61.000(76.250%)(4.393m),10.291(25.727%)(0.031m),40.000(100.000%)(3.214m),1841.892,5213.813,60.1,0.8253,"[-0.316, -0.509, -0.925, -0.207, -0.470, -0.862]","[1.558, 1.596, 1.306, 1.643, 1.828, 1.482]","[-5.743, -5.905, -5.438, -5.600, -6.746, -5.539]"
120,1,-4.5119,-5.2437,0.338,305,777,88,29,0.788,55,0.00,2318,921.90,0,0,14.685(18.356%)(0.000m),31.228(27.554%)(1.203m),107.000(94.412%)(9.321m),66.000(58.235%)(4.929m),38.000(47.500%)(1.929m),10.314(25.784%)(0.034m),13.000(32.500%)(0.321m),2202.851,6648.615,59.0,0.7873,"[0.979, 0.518, -0.838, 1.168, 0.948, -0.328]","[2.512, 2.266, 1.665, 2.675, 3.149, 2.108]","[-2.433, -4.311, -6.040, -2.235, -4.023, -5.532]"
121,1,-3.0045,-5.1819,0.417,181,489,14,0,0.786,45,0.00,2337,545.68,0,0,10.519(13.149%)(0.000m),17.234(15.206%)(0.000m),33.293(29.376%)(1.424m),54.000(47.647%)(3.643m),34.000(42.500%)(1.500m),10.519(26.298%)(0.056m),40.000(100.000%)(3.214m),1184.756,3736.792,62.6,1.0091,"[0.605, 0.565, 0.118, 0.518, 0.653, 0.126]","[2.066, 1.664, 1.448, 2.016, 1.849, 1.611]","[-5.162, -5.411, -5.065, -5.344, -6.285, -5.743]"
122,1,-4.5753,-5.1721,0.324,155,423,0,10,0.785,40,0.00,2353,436.40,0,0,20.000(25.000%)(0.000m),26.000(22.941%)(0.643m),112.879(99.599%)(9.951m),55.411(48.892%)(3.794m),28.258(35.322%)(0.885m),40.000(100.000%)(3.214m),20.149(50.372%)(1.087m),2814.040,5723.420,63.1,0.9920,"[0.174, 0.650, 0.594, 0.001, 0.849, 0.611]","[1.872, 2.319, 2.281, 1.981, 2.525, 2.478]","[-3.182, -3.634, -5.046, -3.352, -3.714, -5.085]"
123,1,-6.2706,-5.1641,0.421,264,651,19,46,0.783,50,0.00,2380,837.06,0,0,25.000(31.250%)(0.536m),46.000(40.588%)(2.786m),37.977(33.509%)(1.926m),18.197(16.056%)(0.000m),10.697(13.371%)(0.000m),40.000(100.000%)(3.214m),10.186(25.466%)(0.020m),1100.967,6176.910,57.0,0.9654,"[0.456, 0.457, 0.441, 0.495, 0.683, 0.453]","[1.737, 1.859, 1.644, 1.682, 2.074, 1.877]","[-5.681, -6.123, -4.987, -5.115, -5.833, -5.451]"
124,1,-4.8239,-5.1619,0.354,137,365,15,0,0.782,35,0.00,2394,409.43,0,0,10.879(13.599%)(0.000m),18.328(16.171%)(0.000m),37.461(33.054%)(1.871m),86.000(75.883%)(7.071m),52.000(65.000%)(3.429m),10.487(26.218%)(0.052m),40.000(100.000%)(3.214m),3134.848,5912.737,61.7,0.8838,"[0.881, 0.776, -0.326, 1.015, 0.920, -0.160]","[2.274, 2.104, 1.879, 2.425, 2.363, 2.091]","[-4.683, -5.039, -4.953, -4.480, -5.756, -5.226]"
125,1,-4.9015,-5.1384,0.387,101,250,18,0,0.780,30,0.00,2405,295.68,0,0,9.458(11.823%)(0.000m),14.281(12.601%)(0.000m),23.949(21.132%)(0.423m),93.982(82.926%)(7.927m),76.230(95.288%)(6.025m),10.693(26.732%)(0.074m),40.000(100.000%)(3.214m),3276.394,7137.985,57.4,0.8930,"[-0.023, -0.279, -0.867, 0.220, -0.243, -0.701]","[2.033, 1.974, 1.733, 2.088, 2.218, 1.917]","[-6.350, -6.063, -5.354, -5.740, -7.084, -5.411]"
126,1,-4.3151,-5.1181,0.504,210,566,47,26,0.779,50,0.00,2426,668.43,0,0,18.022(22.527%)(0.000m),37.850(33.397%)(1.912m),91.000(80.294%)(7.607m),49.000(43.235%)(3.107m),13.000(16.250%)(0.000m),12.674(31.685%)(0.286m),10.000(25.000%)(0.000m),2499.802,4877.293,62.3,1.0119,"[1.072, 0.904, -0.177, 1.292, 0.973, 0.073]","[2.980, 3.021, 1.500, 3.069, 3.315, 1.847]","[-3.650, -1.741, -4.518, -3.489, -1.632, -4.079]"
127,1,-4.1330,-5.0922,0.465,106,272,15,0,0.777,30,0.00,2437,349.22,0,0,77.786(97.233%)(6.191m),100.000(88.236%)(8.571m),28.392(25.052%)(0.899m),16.109(14.214%)(0.000m),10.346(12.932%)(0.000m),40.000(100.000%)(3.214m),11.134(27.834%)(0.121m),3234.021,5788.115,59.5,1.1312,"[-0.644, 0.167, 0.507, -0.668, 0.275, 0.645]","[1.717, 1.921, 1.725, 1.741, 1.999, 2.020]","[-6.133, -6.511, -5.715, -5.736, -6.769, -6.270]"
128,1,-3.9708,-5.0421,0.389,227,605,49,16,0.775,50,0.00,2460,738.05,0,0,14.016(17.520%)(0.000m),30.182(26.631%)(1.091m),74.733(65.941%)(5.864m),58.000(51.177%)(4.071m),10.000(12.500%)(0.000m),9.818(24.545%)(0.000m),11.000(27.500%)(0.107m),1443.442,4449.192,61.7,0.8784,"[1.022, 0.702, -0.064, 1.031, 0.909, 0.096]","[3.053, 3.139, 1.547, 3.104, 3.707, 2.029]","[-1.676, -3.323, -4.879, -1.625, -3.329, -4.802]"
129,1,-4.5176,-5.0118,0.443,162,430,15,0,0.774,40,0.00,2477,524.30,0,0,41.000(51.250%)(2.250m),73.000(64.412%)(5.679m),35.839(31.623%)(1.697m),17.884(15.780%)(0.000m),10.717(13.396%)(0.000m),40.000(100.000%)(3.214m),10.458(26.145%)(0.049m),2513.829,6274.111,61.5,1.0265,"[0.709, 0.989, 1.022, 0.641, 1.197, 0.984]","[1.923, 2.065, 2.058, 2.038, 2.216, 2.140]","[-5.652, -6.282, -5.639, -5.301, -6.383, -6.108]"
130,1,-1.2496,-4.8969,0.445,200,503,34,22,0.772,45,0.00,2497,648.59,0,0,42.415(53.019%)(2.402m),76.882(67.837%)(6.095m),41.000(36.177%)(2.250m),27.000(23.824%)(0.750m),23.000(28.750%)(0.321m),37.518(93.796%)(2.948m),40.000(100.000%)(3.214m),26.232,2627.246,58.2,0.9403,"[0.112, 0.223, 0.636, 0.067, 0.353, 0.603]","[2.031, 2.170, 1.911, 2.127, 2.476, 2.262]","[-5.599, -4.635, -3.236, -5.173, -4.221, -2.870]"
131,1,-5.9688,-4.9096,0.358,190,467,16,0,0.771,40,0.00,2516,566.70,0,0,51.000(63.750%)(3.321m),49.497(43.674%)(3.160m),20.338(17.945%)(0.036m),13.372(11.799%)(0.000m),9.484(11.855%)(0.000m),39.358(98.394%)(3.145m),12.155(30.388%)(0.231m),1401.485,4730.781,56.9,0.7428,"[0.678, 0.743, 0.661, 0.631, 0.886, 0.807]","[2.388, 2.504, 2.286, 2.358, 2.642, 2.528]","[-5.936, -6.057, -6.167, -5.431, -6.338, -5.963]"
132,1,-5.7749,-4.9009,0.459,229,566,43,2,0.769,45,0.00,2539,657.87,0,0,10.567(13.209%)(0.000m),17.312(15.276%)(0.000m),33.445(29.510%)(1.441m),43.000(37.941%)(2.464m),33.000(41.250%)(1.393m),10.567(26.418%)(0.061m),40.000(100.000%)(3.214m),752.612,4091.191,57.2,0.8057,"[0.580, 0.433, 0.261, 0.546, 0.483, 0.239]","[2.199, 2.160, 1.937, 2.393, 2.307, 2.175]","[-5.568, -5.717, -5.383, -5.104, -6.667, -5.352]"
133,1,-7.6168,-4.9619,0.339,302,750,41,29,0.768,55,0.00,2570,984.47,0,0,21.341(26.677%)(0.144m),43.175(38.096%)(2.483m),70.000(61.765%)(5.357m),49.000(43.235%)(3.107m),12.000(15.000%)(0.000m),15.126(37.815%)(0.549m),11.000(27.500%)(0.107m),1515.011,5379.360,57.5,0.9984,"[1.410, 1.323, 0.578, 1.497, 1.654, 0.809]","[3.417, 3.143, 1.863, 3.601, 4.117, 2.304]","[0.020, -1.166, -4.084, -0.096, -0.590, -3.605]"
134,1,-5.4488,-4.9578,0.347,229,582,0,29,0.766,50,0.00,2593,728.74,0,0,13.000(16.250%)(0.000m),26.000(22.941%)(0.643m),113.333(100.000%)(10.000m),64.920(57.283%)(4.813m),31.401(39.252%)(1.222m),40.000(100.000%)(3.214m),22.516(56.290%)(1.341m),3845.482,9126.618,58.8,0.8666,"[0.987, 1.022, 0.625, 0.916, 1.222, 0.627]","[1.967, 2.222, 2.109, 2.031, 2.373, 2.217]","[-1.356, -3.700, -5.556, -1.425, -3.657, -5.625]"
135,1,-6.6155,-4.9858,0.515,177,434,19,0,0.765,40,0.00,2611,517.45,0,0,12.289(15.361%)(0.000m),24.322(21.461%)(0.463m),64.976(57.332%)(4.819m),75.000(66.177%)(5.893m),57.000(71.250%)(3.964m),9.961(24.901%)(0.000m),40.000(100.000%)(3.214m),3446.078,10417.102,56.8,0.9875,"[1.593, 1.369, 0.189, 1.711, 1.619, 0.458]","[2.972, 3.050, 2.060, 3.031, 3.251, 2.397]","[-3.380, -5.013, -5.768, -3.331, -5.459, -5.584]"
136,1,-5.7640,-4.9898,0.368,171,450,3,14,0.763,40,0.00,2629,529.82,0,0,26.000(32.500%)(0.643m),20.000(17.647%)(0.000m),48.000(42.353%)(3.000m),66.898(59.028%)(5.025m),32.328(40.410%)(1.321m),40.000(100.000%)(3.214m),23.098(57.746%)(1.403m),2333.267,5465.397,60.8,0.8436,"[1.103, 1.033, 0.705, 1.060, 1.061, 0.765]","[2.018, 2.188, 1.926, 2.070, 2.276, 2.216]","[-6.760, -6.536, -5.867, -6.882, -8.324, -5.992]"
137,1,-5.4416,-4.9901,0.554,99,244,21,0,0.762,30,0.00,2639,278.02,0,0,10.360(12.949%)(0.000m),16.821(14.843%)(0.000m),31.947(28.189%)(1.280m),108.000(95.294%)(9.429m),76.230(95.288%)(6.025m),10.487(26.217%)(0.052m),40.000(100.000%)(3.214m),2988.445,7985.989,57.0,1.0454,"[0.429, 0.246, -0.483, 0.531, 0.212, -0.496]","[2.439, 2.025, 2.136, 2.658, 2.284, 2.160]","[-6.276, -6.350, -5.575, -6.128, -7.699, -5.605]"
138,1,-5.0125,-5.0515,0.458,93,243,18,0,0.760,30,0.00,2649,267.93,0,0,77.786(97.233%)(6.191m),100.000(88.236%)(8.571m),36.086(31.840%)(1.723m),17.655(15.578%)(0.000m),10.480(13.099%)(0.000m),40.000(100.000%)(3.214m),10.102(25.255%)(0.011m),2678.993,5539.993,60.4,0.7361,"[-0.837, -0.494, 0.192, -0.852, -0.131, 0.242]","[2.133, 2.230, 2.377, 2.177, 2.784, 2.450]","[-5.756, -5.882, -5.249, -5.729, -6.307, -5.288]"
139,1,-7.2214,-5.0886,0.463,442,1152,72,20,0.759,70,0.00,2694,1342.19,0,0,17.150(21.438%)(0.000m),36.445(32.157%)(1.762m),20.944(18.480%)(0.101m),13.770(12.150%)(0.000m),9.766(12.208%)(0.000m),12.049(30.122%)(0.219m),12.518(31.294%)(0.270m),670.857,6444.558,60.3,0.8753,"[1.139, 1.298, 0.751, 1.124, 1.410, 0.854]","[3.070, 3.485, 2.352, 3.092, 3.474, 2.408]","[-5.019, -5.222, -5.109, -5.075, -6.342, -5.317]"
140,1,-6.4514,-5.0851,0.367,163,401,43,0,0.757,40,0.00,2711,540.72,0,0,64.000(80.000%)(4.714m),91.000(80.294%)(7.607m),84.081(74.190%)(6.866m),27.491(24.257%)(0.803m),12.865(16.081%)(0.000m),40.000(100.000%)(3.214m),9.657(24.141%)(0.000m),4747.523,10559.090,56.9,1.0583,"[-0.617, 1.107, 1.716, -0.965, 1.196, 1.677]","[2.020, 2.267, 2.584, 1.979, 2.371, 2.573]","[-4.859, -1.937, 0.041, -5.005, -1.899, -0.013]"
141,1,-7.8165,-5.1549,0.453,215,538,83,18,0.756,45,0.00,2733,628.36,0,0,15.387(19.234%)(0.000m),20.000(17.647%)(0.000m),21.000(18.529%)(0.107m),29.000(25.588%)(0.964m),59.225(74.031%)(4.203m),10.826(27.065%)(0.089m),40.000(100.000%)(3.214m),0.000,7232.165,57.9,0.9978,"[0.803, 0.562, -0.331, 0.944, 0.681, -0.156]","[3.034, 3.229, 2.134, 3.364, 3.526, 2.522]","[-4.041, -3.793, -5.212, -3.872, -4.997, -4.871]"
142,1,-4.3908,-5.1339,0.423,97,243,16,0,0.754,25,0.00,2743,312.33,0,0,9.445(11.807%)(0.000m),12.767(11.265%)(0.000m),18.418(16.251%)(0.000m),37.645(33.216%)(1.891m),76.230(95.288%)(6.025m),13.263(33.157%)(0.350m),40.000(100.000%)(3.214m),3008.263,6567.443,57.9,0.0000,"[0.237, 0.159, -0.180, 0.433, 0.103, -0.048]","[1.719, 2.041, 1.840, 1.844, 2.263, 2.086]","[-5.275, -5.497, -4.792, -4.674, -6.903, -4.846]"
143,1,-9.0029,-5.1510,0.435,251,611,135,21,0.753,50,0.00,2769,714.73,0,0,54.500(68.124%)(3.696m),76.000(67.059%)(6.000m),22.000(19.412%)(0.214m),20.000(17.647%)(0.000m),13.870(17.338%)(0.000m),40.000(100.000%)(3.214m),9.737(24.343%)(0.000m),0.000,7601.821,56.3,0.8988,"[-1.068, -0.534, 0.349, -1.122, -0.289, 0.152]","[1.783, 2.034, 2.031, 1.909, 2.335, 2.117]","[-5.673, -7.632, -7.396, -5.032, -8.213, -7.833]"
144,1,-4.8259,-5.2051,0.425,150,379,14,0,0.751,35,0.00,2784,462.86,0,0,9.743(12.179%)(0.000m),13.737(12.121%)(0.000m),20.894(18.436%)(0.096m),50.851(44.868%)(3.305m),60.000(75.000%)(4.286m),12.488(31.219%)(0.267m),40.000(100.000%)(3.214m),2164.975,4573.295,58.4,1.1014,"[0.797, 0.692, 0.440, 0.828, 0.884, 0.433]","[1.922, 2.061, 2.205, 2.201, 2.280, 2.153]","[-5.314, -5.573, -5.246, -5.055, -6.702, -5.156]"
145,1,-4.8940,-5.2029,0.483,126,340,37,0,0.750,35,0.00,2797,330.51,0,0,13.090(16.362%)(0.000m),28.889(25.490%)(0.952m),80.780(71.276%)(6.512m),97.000(85.588%)(8.250m),52.000(65.000%)(3.429m),9.698(24.245%)(0.000m),40.000(100.000%)(3.214m),2334.088,5616.060,62.5,0.6585,"[1.424, 0.614, -1.150, 1.659, 0.918, -1.023]","[3.021, 2.080, 2.026, 3.701, 2.386, 2.257]","[-0.373, -2.300, -4.742, 0.086, -2.307, -4.495]"
146,1,-4.0883,-5.1891,0.466,176,431,23,0,0.748,40,0.00,2815,539.84,0,0,11.642(14.552%)(0.000m),22.142(19.537%)(0.229m),62.163(54.850%)(4.517m),79.000(69.706%)(6.321m),58.000(72.500%)(4.071m),9.798(24.496%)(0.000m),40.000(100.000%)(3.214m),3072.754,6533.255,56.7,0.8398,"[1.351, 0.967, 0.096, 1.586, 1.288, 0.164]","[2.529, 2.064, 1.886, 3.093, 2.318, 2.088]","[-2.607, -4.627, -5.229, -2.129, -4.304, -5.028]"
147,1,-6.3816,-5.2362,0.383,292,757,6,38,0.747,55,0.00,2845,893.44,0,0,27.324(34.155%)(0.785m),56.683(50.014%)(3.930m),88.000(77.647%)(7.286m),61.000(53.824%)(4.393m),30.000(37.500%)(1.071m),19.442(48.604%)(1.012m),15.000(37.500%)(0.536m),1633.784,5573.099,60.0,0.8337,"[1.184, 1.577, 0.976, 1.214, 1.817, 1.160]","[2.868, 3.189, 1.835, 3.091, 3.883, 2.468]","[-2.067, -0.227, -1.324, -2.066, 0.226, -1.451]"
148,1,-6.3231,-5.1931,0.473,95,231,20,0,0.745,25,0.00,2855,312.81,0,0,78.639(98.299%)(6.283m),104.000(91.765%)(9.000m),29.426(25.965%)(1.010m),16.469(14.531%)(0.000m),10.492(13.115%)(0.000m),40.000(100.000%)(3.214m),11.154(27.884%)(0.124m),4701.091,7882.509,56.2,0.9392,"[-0.912, -0.395, -0.066, -0.836, -0.424, 0.004]","[1.552, 1.909, 1.895, 1.672, 1.989, 2.079]","[-5.598, -5.730, -5.221, -5.245, -6.440, -5.552]"
149,1,-4.8199,-5.2262,0.402,129,325,18,0,0.744,35,0.00,2868,414.28,0,0,70.000(87.500%)(5.357m),88.000(77.647%)(7.286m),49.374(43.565%)(3.147m),20.900(18.441%)(0.096m),11.661(14.576%)(0.000m),40.000(100.000%)(3.214m),10.443(26.107%)(0.047m),4082.812,7130.196,58.2,1.0422,"[-0.347, 0.251, 0.523, -0.340, 0.427, 0.628]","[1.653, 2.046, 1.854, 1.794, 2.126, 2.054]","[-5.179, -5.153, -4.341, -4.971, -5.642, -4.719]"
150,1,-6.2694,-5.2449,0.571,111,277,17,0,0.742,30,0.00,2880,340.85,0,0,10.798(13.498%)(0.000m),17.691(15.610%)(0.000m),34.177(30.156%)(1.519m),101.000(89.118%)(8.679m),77.067(96.334%)(6.114m),10.798(26.996%)(0.086m),40.000(100.000%)(3.214m),3174.583,8283.650,57.9,1.0042,"[1.301, 1.087, 0.015, 1.597, 1.356, 0.171]","[3.266, 2.648, 2.267, 3.853, 3.357, 2.412]","[-5.730, -6.114, -5.749, -4.958, -7.577, -5.400]"
151,1,-4.8155,-5.2105,0.485,229,559,72,21,0.741,45,0.00,2903,550.31,0,0,24.000(30.000%)(0.429m),20.000(17.647%)(0.000m),25.000(22.059%)(0.536m),83.000(73.236%)(6.750m),57.904(72.380%)(4.061m),40.000(100.000%)(3.214m),40.000(100.000%)(3.214m),0.000,2827.896,56.5,0.7661,"[0.272, 0.198, 0.281, 0.310, 0.152, 0.160]","[1.727, 2.049, 2.023, 1.742, 2.183, 2.073]","[-3.822, -5.441, -6.896, -3.463, -5.643, -6.287]"
152,1,-6.2985,-5.2206,0.592,153,375,17,0,0.739,35,0.00,2919,440.18,0,0,9.578(11.973%)(0.000m),13.770(12.150%)(0.000m),21.497(18.968%)(0.160m),57.993(51.170%)(4.071m),61.322(76.653%)(4.427m),11.817(29.543%)(0.195m),40.000(100.000%)(3.214m),2905.506,5611.557,56.7,0.7932,"[0.949, 0.780, 0.572, 1.107, 0.769, 0.503]","[2.607, 2.424, 2.067, 3.054, 2.457, 2.127]","[-4.924, -5.409, -4.901, -4.243, -6.748, -4.832]"
153,1,-4.6977,-5.2454,0.381,223,582,13,13,0.738,50,0.00,2942,676.74,0,0,11.984(14.980%)(0.000m),22.509(19.861%)(0.269m),59.682(52.661%)(4.252m),48.000(42.353%)(3.000m),29.000(36.250%)(0.964m),10.213(25.533%)(0.023m),28.000(70.000%)(1.929m),1966.131,4539.203,60.4,0.9583,"[0.934, 1.047, 0.955, 0.885, 1.247, 0.944]","[2.844, 3.169, 2.196, 3.136, 3.427, 2.185]","[-3.369, -4.569, -4.674, -3.164, -5.721, -4.738]"
154,1,-3.7888,-5.2241,0.379,123,331,16,0,0.736,35,0.00,2955,381.33,0,0,54.000(67.500%)(3.643m),80.000(70.588%)(6.429m),71.695(63.261%)(5.539m),27.816(24.543%)(0.837m),12.974(16.218%)(0.000m),40.000(100.000%)(3.214m),9.739(24.346%)(0.000m),1843.505,4788.742,62.3,0.7719,"[-0.978, 0.001, 0.494, -1.088, 0.196, 0.619]","[1.466, 1.824, 1.856, 1.523, 2.067, 2.030]","[-4.894, -4.370, -2.917, -5.055, -4.405, -3.001]"
155,1,-3.7964,-5.1451,0.406,177,491,67,0,0.735,45,0.00,2973,558.82,0,0,13.069(16.337%)(0.000m),28.352(25.017%)(0.895m),83.556(73.726%)(6.810m),89.000(78.530%)(7.393m),42.000(52.500%)(2.357m),9.810(24.525%)(0.000m),33.000(82.500%)(2.464m),2047.061,4840.578,64.1,0.6555,"[1.585, 0.995, -0.393, 1.650, 1.202, -0.431]","[2.641, 2.920, 2.033, 3.059, 3.075, 2.064]","[0.185, -2.388, -4.513, 0.257, -2.402, -4.556]"
156,1,-6.1442,-5.1931,0.413,157,396,19,0,0.733,40,0.00,2989,398.74,0,0,55.000(68.750%)(3.750m),63.000(55.588%)(4.607m),44.833(39.559%)(2.661m),20.032(17.675%)(0.003m),11.421(14.276%)(0.000m),40.000(100.000%)(3.214m),10.483(26.208%)(0.052m),2528.994,7968.052,58.4,0.8218,"[0.056, 0.348, 0.480, -0.056, 0.547, 0.519]","[1.701, 1.851, 1.848, 1.714, 2.072, 1.940]","[-4.493, -4.922, -4.311, -4.730, -5.119, -4.687]"
157,1,-6.2687,-5.2266,0.336,112,273,21,0,0.732,30,0.00,3001,355.08,0,0,11.406(14.258%)(0.000m),20.675(18.243%)(0.072m),50.318(44.398%)(3.248m),106.000(93.530%)(9.214m),77.067(96.334%)(6.114m),10.089(25.223%)(0.010m),40.000(100.000%)(3.214m),3649.671,9145.574,56.4,1.1214,"[1.120, 0.635, -0.432, 1.299, 0.799, -0.326]","[2.557, 2.644, 1.879, 3.092, 3.067, 2.018]","[-4.017, -5.432, -5.354, -4.072, -6.309, -4.927]"
158,1,-4.6161,-5.2037,0.468,337,971,12,123,0.730,65,0.00,3035,1046.82,0,0,13.000(16.250%)(0.000m),18.000(15.882%)(0.000m),35.000(30.882%)(1.607m),60.638(53.504%)(4.354m),31.087(38.859%)(1.188m),16.000(40.000%)(0.643m),22.158(55.395%)(1.303m),1150.805,4294.199,66.7,0.8435,"[0.357, 0.453, 0.210, 0.128, 0.517, 0.293]","[1.598, 1.874, 1.911, 1.736, 2.191, 2.055]","[-7.705, -7.352, -6.418, -8.677, -9.717, -5.862]"
159,1,-3.5740,-5.1786,0.326,151,432,15,0,0.729,40,0.00,3051,478.12,0,0,35.000(43.750%)(1.607m),68.000(60.000%)(5.143m),47.786(42.165%)(2.977m),20.228(17.848%)(0.024m),11.286(14.107%)(0.000m),40.000(100.000%)(3.214m),10.107(25.267%)(0.011m),1304.199,3902.626,66.2,0.8283,"[-0.104, 0.304, 0.470, -0.304, 0.555, 0.432]","[1.348, 1.440, 1.618, 1.383, 1.775, 1.679]","[-4.850, -4.811, -4.276, -5.259, -5.191, -4.635]"
160,1,-6.0521,-5.1196,0.438,72,178,18,0,0.727,20,0.00,3059,226.77,0,0,77.786(97.233%)(6.191m),30.977(27.333%)(1.176m),16.035(14.148%)(0.000m),11.338(10.004%)(0.000m),8.532(10.665%)(0.000m),40.000(100.000%)(3.214m),12.473(31.182%)(0.265m),3299.866,8113.056,57.1,0.0000,"[-1.448, -1.050, -0.629, -1.377, -0.965, -0.576]","[1.625, 2.017, 2.102, 1.850, 2.243, 2.170]","[-5.538, -6.076, -5.803, -5.405, -6.435, -5.910]"
161,1,-3.3701,-5.1000,0.414,162,448,20,2,0.726,40,0.00,3076,524.99,0,0,11.479(14.349%)(0.000m),21.300(18.794%)(0.139m),55.254(48.754%)(3.777m),48.000(42.353%)(3.000m),32.000(40.000%)(1.286m),9.905(24.764%)(0.000m),40.000(100.000%)(3.214m),728.478,3344.368,63.9,0.8817,"[0.477, 0.667, 0.357, 0.489, 0.699, 0.493]","[2.607, 2.288, 2.037, 2.651, 2.684, 2.215]","[-3.126, -4.441, -5.141, -3.151, -5.159, -4.906]"
162,1,-4.0476,-5.1290,0.318,377,993,132,0,0.724,65,0.00,3114,1064.88,0,0,12.303(15.379%)(0.000m),24.351(21.486%)(0.466m),67.589(59.637%)(5.099m),60.000(52.941%)(4.286m),33.000(41.250%)(1.393m),9.972(24.931%)(0.000m),28.000(70.000%)(1.929m),1077.712,5367.585,60.9,0.8434,"[1.753, 1.953, 0.871, 1.795, 2.169, 0.958]","[3.257, 3.542, 2.739, 3.234, 3.706, 3.060]","[-0.741, -1.534, -4.315, -1.159, -2.141, -4.326]"
163,1,-6.4806,-5.1206,0.404,453,1218,75,58,0.723,70,0.00,3160,1362.29,0,0,12.000(15.000%)(0.000m),21.000(18.529%)(0.107m),38.000(33.530%)(1.929m),42.083(37.132%)(2.366m),20.487(25.609%)(0.052m),11.000(27.500%)(0.107m),14.463(36.157%)(0.478m),140.771,3696.494,62.2,0.6441,"[-0.024, 0.088, 0.218, 0.014, 0.289, 0.217]","[1.526, 1.708, 1.802, 1.887, 2.031, 1.891]","[-4.033, -6.619, -7.531, -4.318, -6.535, -7.081]"
164,1,-5.3555,-5.1707,0.420,108,262,25,0,0.722,30,0.00,3171,312.75,0,0,77.786(97.233%)(6.191m),100.000(88.236%)(8.571m),34.632(30.557%)(1.568m),17.927(15.818%)(0.000m),10.942(13.678%)(0.000m),40.000(100.000%)(3.214m),10.942(27.356%)(0.101m),3452.448,7603.878,56.2,1.0907,"[-0.818, -0.438, 0.054, -0.718, -0.090, 0.125]","[1.521, 1.875, 1.862, 1.581, 2.152, 2.069]","[-5.324, -5.821, -5.202, -5.195, -5.837, -5.584]"
165,1,-1.2026,-5.1261,0.391,186,541,11,51,0.720,50,0.00,3190,621.25,0,0,28.000(35.000%)(0.857m),48.000(42.353%)(3.000m),66.572(58.740%)(4.990m),23.503(20.738%)(0.375m),12.038(15.048%)(0.000m),19.000(47.500%)(0.964m),9.881(24.703%)(0.000m),483.755,2937.926,67.3,0.8402,"[-0.176, 0.224, 0.401, -0.256, 0.338, 0.246]","[1.671, 1.908, 1.797, 1.722, 2.117, 1.848]","[-4.936, -4.318, -2.611, -5.007, -4.439, -3.339]"
166,1,-3.4531,-5.1063,0.439,296,761,49,50,0.719,55,0.00,3220,922.57,0,0,10.762(13.453%)(0.000m),18.308(16.154%)(0.000m),38.209(33.714%)(1.951m),66.000(58.235%)(4.929m),27.000(33.750%)(0.750m),10.249(25.622%)(0.027m),20.000(50.000%)(1.071m),2046.465,6043.337,59.5,0.7828,"[1.432, 1.664, 0.793, 1.394, 1.842, 0.926]","[3.386, 3.525, 2.244, 3.323, 3.946, 2.660]","[-4.403, -5.054, -5.108, -4.301, -6.402, -5.022]"
167,1,-4.9276,-5.0826,0.298,118,306,18,0,0.717,30,0.00,3232,341.97,0,0,11.053(13.816%)(0.000m),19.594(17.289%)(0.000m),45.016(39.720%)(2.680m),99.000(87.353%)(8.464m),67.684(84.605%)(5.109m),10.021(25.052%)(0.002m),40.000(100.000%)(3.214m),2089.342,5943.702,60.0,0.8249,"[1.417, 1.171, 0.356, 1.354, 1.224, 0.464]","[3.235, 2.884, 2.111, 3.252, 3.246, 2.351]","[-3.538, -4.384, -4.780, -3.788, -5.653, -4.530]"
168,1,-2.3301,-5.0455,0.308,179,456,16,0,0.716,40,0.00,3250,590.42,0,0,47.000(58.750%)(2.893m),60.000(52.941%)(4.286m),51.395(45.348%)(3.364m),21.117(18.633%)(0.120m),11.650(14.563%)(0.000m),40.000(100.000%)(3.214m),10.305(25.763%)(0.033m),1594.262,4340.554,59.0,1.0341,"[-0.076, 0.453, 0.737, -0.148, 0.518, 0.760]","[1.769, 2.248, 2.133, 1.768, 2.441, 2.421]","[-4.903, -4.752, -4.118, -5.281, -5.352, -4.185]"
169,1,-2.1068,-4.9946,0.365,184,471,17,0,0.714,45,0.00,3269,578.32,0,0,40.000(50.000%)(2.143m),54.000(47.647%)(3.643m),30.167(26.618%)(1.089m),16.644(14.686%)(0.000m),10.517(13.146%)(0.000m),40.000(100.000%)(3.214m),11.044(27.610%)(0.112m),1742.168,4638.290,59.2,0.7295,"[0.435, 0.716, 0.810, 0.441, 0.934, 0.773]","[1.740, 2.229, 2.328, 1.818, 2.403, 2.305]","[-5.205, -5.705, -5.237, -5.448, -6.202, -5.536]"
170,1,-3.6296,-4.9769,0.425,192,500,18,3,0.713,45,0.00,3289,498.64,0,0,32.000(40.000%)(1.286m),57.000(50.294%)(3.964m),49.367(43.559%)(3.146m),20.284(17.898%)(0.030m),11.191(13.988%)(0.000m),40.000(100.000%)(3.214m),9.899(24.747%)(0.000m),1276.165,5122.357,60.3,0.6115,"[0.465, 0.760, 0.957, 0.376, 0.943, 0.865]","[2.314, 2.514, 2.755, 2.272, 2.955, 2.732]","[-4.975, -4.745, -3.884, -5.068, -5.048, -4.284]"
171,1,-7.1758,-5.0603,0.442,221,585,18,19,0.712,50,0.00,3312,654.39,0,0,22.641(28.301%)(0.283m),45.478(40.128%)(2.730m),69.000(60.883%)(5.250m),22.000(19.412%)(0.214m),12.000(15.000%)(0.000m),16.060(40.150%)(0.649m),11.000(27.500%)(0.107m),714.720,6227.728,61.3,0.7887,"[1.370, 1.756, 1.373, 1.353, 2.067, 1.457]","[3.631, 3.830, 3.082, 3.879, 4.384, 3.315]","[-5.592, -5.196, -3.256, -5.009, -4.411, -2.930]"
172,1,-1.8688,-5.0062,0.339,123,348,13,0,0.710,35,0.00,3325,374.69,0,0,46.000(57.500%)(2.786m),64.000(56.471%)(4.714m),23.200(20.470%)(0.343m),14.295(12.613%)(0.000m),9.675(12.094%)(0.000m),40.000(100.000%)(3.214m),11.353(28.382%)(0.145m),890.127,3170.489,65.5,0.8472,"[0.212, 0.627, 0.835, 0.134, 0.745, 0.922]","[2.777, 3.112, 2.865, 2.837, 3.428, 3.157]","[-5.277, -6.327, -6.009, -5.496, -6.838, -6.400]"
173,1,-6.3579,-5.0080,0.527,176,457,0,26,0.709,40,0.00,3343,481.03,0,0,33.403(41.754%)(1.436m),64.046(56.511%)(4.719m),74.000(65.294%)(5.786m),27.000(23.824%)(0.750m),27.000(33.750%)(0.750m),23.910(59.774%)(1.490m),40.000(100.000%)(3.214m),906.417,6345.373,60.1,0.7457,"[0.386, 0.832, 1.091, 0.411, 1.063, 1.211]","[4.104, 4.095, 3.409, 4.173, 4.246, 3.770]","[-5.615, -5.131, -3.003, -5.201, -4.312, -2.573]"
174,1,-5.8579,-5.0286,0.528,112,276,17,0,0.707,30,0.00,3355,337.43,0,0,78.639(98.299%)(6.283m),77.667(68.530%)(6.179m),22.654(19.989%)(0.284m),13.812(12.187%)(0.000m),9.282(11.603%)(0.000m),40.000(100.000%)(3.214m),10.757(26.892%)(0.081m),3640.443,7417.678,57.0,0.8596,"[0.039, 0.646, 0.781, -0.031, 0.763, 0.878]","[2.938, 3.279, 3.240, 2.885, 3.494, 3.364]","[-5.325, -6.000, -6.324, -5.516, -6.550, -6.397]"
175,1,-5.4931,-5.0405,0.483,89,219,21,0,0.706,25,0.00,3364,211.81,0,0,77.786(97.233%)(6.191m),105.000(92.647%)(9.107m),31.745(28.011%)(1.258m),16.715(14.749%)(0.000m),10.294(12.868%)(0.000m),40.000(100.000%)(3.214m),10.421(26.051%)(0.045m),3426.713,8299.035,56.9,1.0168,"[-1.248, -0.521, -0.062, -1.203, -0.353, 0.159]","[2.507, 2.933, 2.788, 2.531, 3.085, 2.920]","[-5.419, -5.895, -5.948, -5.489, -6.225, -5.846]"
176,1,-6.6946,-5.0881,0.557,211,532,17,0,0.704,45,0.00,3386,667.21,0,0,10.614(13.268%)(0.000m),17.549(15.484%)(0.000m),34.513(30.452%)(1.555m),56.000(49.412%)(3.857m),37.000(46.250%)(1.821m),10.485(26.214%)(0.052m),40.000(100.000%)(3.214m),2280.048,6974.236,58.3,0.8261,"[2.349, 2.531, 2.030, 2.330, 2.794, 2.073]","[4.987, 4.794, 4.054, 4.888, 5.179, 4.124]","[-4.887, -5.855, -5.646, -5.684, -7.323, -5.344]"
177,1,-7.0468,-5.1463,0.338,97,237,19,0,0.703,25,0.00,3396,315.98,0,0,10.910(13.638%)(0.000m),19.136(16.885%)(0.000m),42.827(37.789%)(2.446m),113.000(99.706%)(9.964m),77.067(96.334%)(6.114m),10.014(25.035%)(0.001m),40.000(100.000%)(3.214m),5271.818,8811.054,56.5,0.8529,"[2.298, 1.662, 0.579, 2.175, 1.801, 0.593]","[4.550, 3.798, 3.578, 4.379, 4.319, 3.487]","[-4.531, -5.353, -4.968, -5.455, -6.926, -4.570]"
178,1,-6.5721,-5.1984,0.524,124,299,16,0,0.702,30,0.00,3409,310.71,0,0,10.373(12.966%)(0.000m),15.662(13.820%)(0.000m),26.266(23.176%)(0.671m),92.000(81.177%)(7.714m),67.684(84.605%)(5.109m),11.727(29.318%)(0.185m),40.000(100.000%)(3.214m),4009.557,8588.951,55.8,0.7179,"[2.112, 2.088, 1.397, 1.930, 2.059, 1.478]","[4.426, 4.316, 3.599, 4.344, 4.514, 3.671]","[-6.144, -6.251, -5.344, -7.347, -8.248, -4.846]"
179,1,-5.3159,-5.2143,0.435,84,206,21,0,0.700,25,0.00,3418,225.54,0,0,77.786(97.233%)(6.191m),58.910(51.980%)(4.169m),20.983(18.515%)(0.105m),13.317(11.750%)(0.000m),9.202(11.502%)(0.000m),40.000(100.000%)(3.214m),11.210(28.026%)(0.130m),4052.262,7585.072,56.7,1.1827,"[-0.549, -0.183, 0.406, -0.585, 0.055, 0.405]","[2.634, 2.846, 3.022, 2.584, 3.121, 2.971]","[-5.372, -5.903, -5.181, -5.388, -5.939, -5.172]"
180,1,-2.4742,-5.2388,0.448,231,563,48,26,0.699,45,0.00,3442,693.06,0,0,23.000(28.750%)(0.321m),23.000(20.294%)(0.321m),33.000(29.118%)(1.393m),85.698(75.616%)(7.039m),47.111(58.889%)(2.905m),40.000(100.000%)(3.214m),40.000(100.000%)(3.214m),0.000,3020.992,56.4,0.8907,"[1.315, 1.004, 0.984, 1.280, 1.115, 0.955]","[2.568, 2.872, 3.172, 2.630, 3.206, 3.311]","[-1.911, -4.499, -6.509, -2.394, -4.401, -6.108]"
181,1,-4.0828,-5.2011,0.437,140,357,16,0,0.697,35,0.00,3456,436.88,0,0,12.722(15.902%)(0.000m),26.301(23.207%)(0.675m),70.817(62.485%)(5.445m),99.000(87.353%)(8.464m),61.000(76.250%)(4.393m),9.926(24.814%)(0.000m),40.000(100.000%)(3.214m),3299.671,7089.941,59.1,0.8595,"[2.630, 2.472, 1.246, 2.702, 2.757, 1.470]","[3.925, 4.517, 3.617, 4.009, 4.776, 3.972]","[-0.967, -3.894, -5.853, -1.436, -3.752, -5.485]"
182,1,-5.6736,-5.1991,0.560,192,471,18,0,0.696,40,0.00,3476,526.98,0,0,53.000(66.250%)(3.536m),84.000(74.118%)(6.857m),71.583(63.162%)(5.527m),27.096(23.908%)(0.760m),12.800(16.001%)(0.000m),40.000(100.000%)(3.214m),9.733(24.334%)(0.000m),3461.444,9483.459,56.8,1.0645,"[-0.130, 0.818, 1.037, -0.325, 1.078, 1.259]","[2.521, 2.944, 2.886, 2.520, 3.180, 3.198]","[-5.372, -3.693, -2.170, -5.552, -3.427, -2.193]"
183,1,-3.9748,-5.1262,0.568,168,444,17,0,0.695,40,0.00,3493,491.22,0,0,10.625(13.281%)(0.000m),17.730(15.644%)(0.000m),35.531(31.351%)(1.664m),86.000(75.883%)(7.071m),41.000(51.250%)(2.250m),10.368(25.921%)(0.039m),40.000(100.000%)(3.214m),2593.591,5838.733,61.1,1.1396,"[2.651, 2.793, 1.935, 2.549, 2.929, 2.004]","[3.962, 4.547, 4.004, 3.919, 4.605, 4.030]","[-5.463, -5.813, -5.735, -6.247, -7.050, -5.412]"
184,1,-9.2854,-5.2030,0.391,208,498,18,0,0.693,45,0.00,3514,671.37,0,0,10.537(13.172%)(0.000m),17.584(15.515%)(0.000m),35.238(31.092%)(1.633m),65.000(57.353%)(4.821m),55.852(69.815%)(3.841m),10.283(25.707%)(0.030m),40.000(100.000%)(3.214m),2452.998,6093.033,55.4,0.9391,"[1.665, 1.500, 1.122, 1.680, 1.749, 1.261]","[3.633, 3.350, 3.576, 3.959, 3.660, 3.580]","[-4.807, -5.661, -5.429, -5.568, -6.589, -5.094]"
185,1,-1.7699,-5.1060,0.400,225,578,42,23,0.692,50,0.00,3537,736.46,0,0,24.000(30.000%)(0.429m),32.000(28.235%)(1.286m),29.727(26.229%)(1.042m),16.637(14.680%)(0.000m),10.599(13.249%)(0.000m),31.000(77.500%)(2.250m),11.267(28.168%)(0.136m),152.491,3192.250,59.5,1.0558,"[0.603, 0.721, 0.797, 0.563, 0.726, 0.787]","[2.728, 3.187, 3.294, 2.899, 3.489, 3.476]","[-5.299, -5.823, -6.259, -6.013, -6.242, -6.287]"
186,1,-4.1543,-5.0739,0.386,265,696,13,34,0.690,55,0.00,3564,831.88,0,0,12.029(15.037%)(0.000m),23.176(20.449%)(0.340m),62.325(54.993%)(4.535m),69.000(60.883%)(5.250m),27.000(33.750%)(0.750m),9.999(24.997%)(0.000m),20.000(50.000%)(1.071m),2451.859,5726.541,60.8,0.9342,"[1.794, 2.154, 1.558, 1.727, 2.187, 1.684]","[3.434, 3.896, 3.568, 3.398, 4.076, 3.673]","[-3.252, -3.832, -4.256, -3.889, -5.138, -4.011]"
187,1,-3.8986,-5.0430,0.360,168,420,17,0,0.689,40,0.00,3581,552.59,0,0,10.701(13.377%)(0.000m),17.858(15.757%)(0.000m),35.787(31.577%)(1.691m),70.000(61.765%)(5.357m),55.000(68.750%)(3.750m),10.443(26.108%)(0.047m),40.000(100.000%)(3.214m),2572.566,6523.340,57.8,1.1154,"[2.087, 1.981, 1.098, 2.136, 2.108, 1.085]","[4.692, 4.278, 3.503, 4.602, 4.587, 3.542]","[-4.929, -5.385, -5.784, -5.832, -7.189, -5.636]"
188,1,-4.5398,-5.0335,0.340,111,304,14,0,0.688,30,0.00,3593,335.19,0,0,9.643(12.054%)(0.000m),14.453(12.753%)(0.000m),23.965(21.146%)(0.425m),81.000(71.471%)(6.536m),62.000(77.500%)(4.500m),11.037(27.593%)(0.111m),40.000(100.000%)(3.214m),1447.209,3797.505,63.4,0.9222,"[0.764, 0.680, 0.290, 0.489, 0.489, 0.277]","[2.291, 2.934, 3.006, 2.318, 3.180, 3.093]","[-5.671, -5.640, -5.423, -6.609, -7.597, -5.407]"
189,1,-5.2028,-4.9932,0.557,127,310,21,0,0.686,30,0.00,3606,343.82,0,0,11.415(14.269%)(0.000m),20.022(17.667%)(0.002m),44.811(39.539%)(2.658m),94.000(82.941%)(7.929m),67.642(84.553%)(5.105m),10.478(26.195%)(0.051m),40.000(100.000%)(3.214m),3207.902,7424.389,56.5,0.8243,"[1.746, 1.152, 0.429, 1.640, 1.332, 0.516]","[4.027, 3.098, 2.678, 4.029, 3.428, 2.807]","[-4.143, -4.775, -4.936, -4.433, -5.810, -4.875]"
190,1,-4.5422,-4.9550,0.403,188,463,57,0,0.685,40,0.00,3625,555.59,0,0,52.000(65.000%)(3.429m),90.000(79.412%)(7.500m),56.340(49.712%)(3.894m),21.669(19.119%)(0.179m),11.678(14.597%)(0.000m),40.000(100.000%)(3.214m),10.077(25.192%)(0.008m),3291.715,7743.257,56.9,0.8013,"[-0.539, 0.412, 0.648, -0.539, 0.617, 0.767]","[2.152, 2.741, 2.623, 2.096, 2.954, 2.802]","[-5.185, -4.473, -3.338, -4.907, -4.466, -3.599]"
191,1,-4.5444,-4.8895,0.510,171,439,35,0,0.684,40,0.00,3643,494.56,0,0,12.493(15.617%)(0.000m),25.445(22.451%)(0.583m),92.972(82.034%)(7.818m),68.000(60.000%)(5.143m),47.000(58.750%)(2.893m),9.873(24.682%)(0.000m),40.000(100.000%)(3.214m),1941.252,6157.782,59.4,0.8492,"[2.064, 1.376, -0.010, 2.240, 1.647, 0.018]","[3.640, 3.339, 2.961, 4.121, 3.770, 3.026]","[-0.231, -3.726, -6.211, -0.150, -3.646, -6.067]"
192,1,-6.4200,-4.9301,0.419,75,183,25,0,0.682,25,0.00,3651,208.09,0,0,78.639(98.299%)(6.283m),113.333(100.000%)(10.000m),33.890(29.903%)(1.488m),17.543(15.479%)(0.000m),10.708(13.385%)(0.000m),40.000(100.000%)(3.214m),10.708(26.769%)(0.076m),4033.908,9280.472,56.4,0.8177,"[-1.880, -1.363, -0.550, -1.720, -1.039, -0.702]","[2.285, 2.536, 2.744, 2.202, 2.876, 2.654]","[-5.384, -5.602, -5.034, -5.105, -5.586, -5.531]"
193,1,-6.3276,-4.8766,0.316,74,181,18,0,0.681,25,0.00,3659,227.15,0,0,9.808(12.259%)(0.000m),15.271(13.475%)(0.000m),26.915(23.749%)(0.741m),113.333(100.000%)(10.000m),77.067(96.334%)(6.114m),10.555(26.387%)(0.059m),40.000(100.000%)(3.214m),4044.175,9144.267,56.6,0.0000,"[0.210, -0.303, -0.784, 0.288, -0.349, -0.806]","[2.951, 2.756, 2.925, 3.341, 2.965, 2.883]","[-7.130, -6.767, -4.860, -7.318, -7.865, -4.734]"
194,1,-4.1227,-4.8626,0.485,190,499,16,20,0.680,45,0.00,3678,531.37,0,0,24.000(30.000%)(0.429m),32.000(28.235%)(1.286m),18.938(16.710%)(0.000m),12.451(10.986%)(0.000m),8.831(11.038%)(0.000m),40.000(100.000%)(3.214m),11.318(28.296%)(0.141m),206.172,3376.066,60.8,0.8873,"[0.188, 0.348, 0.172, 0.232, 0.347, 0.192]","[2.224, 2.667, 2.861, 2.184, 2.959, 2.931]","[-5.227, -5.648, -5.817, -5.055, -5.993, -6.237]"
195,1,-6.6026,-4.8967,0.367,428,1141,94,53,0.678,70,0.00,3721,1259.98,0,0,15.741(19.676%)(0.000m),25.338(22.357%)(0.572m),22.000(19.412%)(0.214m),19.000(16.765%)(0.000m),14.911(18.638%)(0.000m),16.131(40.327%)(0.657m),10.457(26.143%)(0.049m),0.000,5114.024,61.7,0.7947,"[-0.545, 0.022, -0.215, -0.569, 0.039, -0.148]","[2.304, 2.740, 2.876, 2.354, 3.204, 3.097]","[-5.327, -5.567, -6.986, -5.554, -6.026, -6.943]"
196,1,-5.8769,-4.9325,0.446,213,529,63,19,0.677,45,0.00,3743,591.29,0,0,59.150(73.937%)(4.195m),102.000(90.000%)(8.786m),20.000(17.647%)(0.000m),21.000(18.529%)(0.107m),60.790(75.987%)(4.370m),40.000(100.000%)(3.214m),40.000(100.000%)(3.214m),0.000,2557.746,57.4,0.8454,"[0.046, 0.052, 0.483, 0.050, 0.202, 0.390]","[2.292, 2.629, 2.759, 2.185, 2.894, 2.757]","[-3.743, -4.951, -4.653, -3.290, -4.710, -4.818]"
197,1,-3.9880,-4.8846,0.342,155,399,15,0,0.675,40,0.00,3759,499.09,0,0,9.791(12.239%)(0.000m),15.369(13.561%)(0.000m),27.461(24.231%)(0.799m),78.000(68.824%)(6.214m),52.000(65.000%)(3.429m),10.409(26.022%)(0.044m),40.000(100.000%)(3.214m),2809.124,5576.634,59.6,0.8233,"[1.541, 1.707, 1.248, 1.532, 1.906, 1.315]","[2.741, 3.435, 2.984, 3.247, 3.562, 3.019]","[-6.049, -5.597, -5.542, -6.246, -6.753, -5.275]"
198,1,-7.2925,-4.9040,0.309,217,527,19,0,0.674,45,0.00,3781,708.02,0,0,11.021(13.776%)(0.000m),19.330(17.056%)(0.000m),43.262(38.173%)(2.492m),63.000(55.588%)(4.607m),44.000(55.000%)(2.571m),10.116(25.289%)(0.012m),40.000(100.000%)(3.214m),2623.340,8411.777,56.2,0.8530,"[1.347, 1.479, 1.377, 1.413, 1.758, 1.393]","[2.788, 3.083, 3.292, 3.226, 3.492, 3.238]","[-5.803, -5.283, -5.045, -5.687, -6.335, -4.788]"
199,1,-6.8711,-4.9450,0.283,188,457,18,0,0.673,40,0.00,3800,585.90,0,0,9.343(11.679%)(0.000m),13.344(11.774%)(0.000m),20.646(18.218%)(0.069m),53.682(47.366%)(3.609m),56.000(70.000%)(3.857m),11.674(29.185%)(0.179m),40.000(100.000%)(3.214m),1729.919,5096.704,56.3,0.7111,"[0.415, 0.288, 0.149, 0.509, 0.504, 0.231]","[2.603, 2.052, 2.221, 2.991, 2.355, 2.222]","[-5.762, -5.546, -5.259, -5.949, -6.535, -4.841]"
200,1,-3.7761,-4.8952,0.365,167,439,17,0,0.671,40,0.00,3817,480.67,0,0,10.844(13.555%)(0.000m),18.268(16.119%)(0.000m),37.339(32.947%)(1.858m),71.000(62.647%)(5.464m),42.000(52.500%)(2.357m),10.453(26.133%)(0.049m),40.000(100.000%)(3.214m),1467.458,5232.794,60.8,0.8740,"[1.443, 1.531, 0.752, 1.388, 1.739, 0.777]","[2.824, 2.850, 2.147, 2.970, 3.174, 2.332]","[-5.017, -4.863, -4.760, -5.397, -5.911, -4.744]"
201,1,-5.3076,-4.9050,0.374,149,364,16,0,0.670,35,0.00,3832,408.84,0,0,61.949(77.437%)(4.495m),51.752(45.663%)(3.402m),20.597(18.174%)(0.064m),13.428(11.849%)(0.000m),9.463(11.829%)(0.000m),40.000(100.000%)(3.214m),11.975(29.939%)(0.212m),2445.939,5870.165,56.6,0.8166,"[-0.130, 0.089, 0.614, -0.043, 0.489, 0.631]","[1.918, 2.106, 2.267, 1.970, 2.452, 2.314]","[-5.011, -5.525, -5.214, -5.091, -5.366, -5.512]"
202,1,-0.8356,-4.7958,0.342,510,1371,30,67,0.669,75,0.00,3883,1543.78,0,0,23.331(29.164%)(0.357m),48.556(42.843%)(3.060m),62.000(54.706%)(4.500m),43.000(37.941%)(2.464m),18.000(22.500%)(0.000m),16.565(41.412%)(0.703m),11.000(27.500%)(0.107m),899.237,4340.471,62.2,0.8123,"[0.765, 1.118, 0.795, 0.763, 1.255, 0.805]","[2.644, 2.827, 2.706, 2.793, 2.987, 2.815]","[-1.683, -1.183, -2.655, -1.863, -1.176, -2.714]"
203,1,-3.3042,-4.7679,0.407,185,465,26,0,0.667,40,0.00,3902,583.14,0,0,48.000(60.000%)(3.000m),73.000(64.412%)(5.679m),68.447(60.395%)(5.191m),23.346(20.600%)(0.359m),12.118(15.147%)(0.000m),40.000(100.000%)(3.214m),10.072(25.181%)(0.008m),2275.536,6518.227,58.1,0.8698,"[-0.129, 0.728, 1.039, -0.266, 0.961, 1.052]","[1.883, 2.293, 2.427, 1.903, 2.524, 2.431]","[-4.988, -3.814, -2.125, -5.346, -3.724, -2.361]"
204,1,-5.4913,-4.8019,0.302,105,259,24,0,0.666,30,0.00,3913,292.97,0,0,11.306(14.132%)(0.000m),19.425(17.140%)(0.000m),41.441(36.566%)(2.297m),100.000(88.236%)(8.571m),76.230(95.288%)(6.025m),10.635(26.587%)(0.068m),40.000(100.000%)(3.214m),2983.551,7080.110,57.2,0.6708,"[0.986, 0.494, -0.105, 1.110, 0.703, -0.176]","[3.099, 2.036, 2.198, 3.405, 2.408, 2.208]","[-4.429, -5.063, -5.038, -4.431, -5.738, -5.096]"
205,1,-6.6677,-4.8594,0.398,456,1224,50,52,0.665,75,0.00,3959,1421.23,0,0,12.000(15.000%)(0.000m),24.000(21.177%)(0.429m),64.000(56.471%)(4.714m),30.279(26.717%)(1.101m),13.958(17.447%)(0.000m),10.000(25.000%)(0.000m),9.772(24.430%)(0.000m),209.942,3990.788,62.1,0.8611,"[-0.386, -0.093, -0.196, -0.561, -0.025, -0.135]","[1.565, 2.271, 2.259, 1.653, 2.459, 2.410]","[-4.993, -6.596, -7.723, -5.670, -7.315, -6.964]"
206,1,-3.9577,-4.8156,0.428,440,1162,26,14,0.663,70,0.00,4003,1348.98,0,0,20.548(25.685%)(0.059m),26.000(22.941%)(0.643m),74.000(65.294%)(5.786m),67.000(59.118%)(5.036m),30.000(37.500%)(1.071m),14.557(36.393%)(0.488m),22.000(55.000%)(1.286m),1512.180,5413.146,61.1,0.8005,"[1.019, 1.228, 0.603, 1.054, 1.318, 0.639]","[2.978, 3.201, 2.809, 3.285, 3.447, 2.794]","[-2.621, -5.104, -6.513, -3.740, -5.552, -6.036]"
207,1,-5.1576,-4.7934,0.366,161,396,25,0,0.662,40,0.00,4020,499.89,0,0,11.229(14.036%)(0.000m),20.354(17.959%)(0.038m),49.536(43.708%)(3.165m),87.000(76.765%)(7.179m),62.000(77.500%)(4.500m),9.932(24.831%)(0.000m),40.000(100.000%)(3.214m),4125.453,8850.777,56.9,0.7069,"[1.461, 1.241, 0.377, 1.688, 1.480, 0.352]","[2.722, 2.815, 2.564, 3.134, 3.000, 2.544]","[-4.033, -5.252, -5.534, -4.376, -5.884, -5.148]"
208,1,-3.6524,-4.7741,0.253,195,494,27,0,0.661,45,0.00,4040,574.68,0,0,45.000(56.250%)(2.679m),70.000(61.765%)(5.357m),102.756(90.668%)(8.867m),26.185(23.104%)(0.663m),12.665(15.832%)(0.000m),40.000(100.000%)(3.214m),9.882(24.704%)(0.000m),2518.376,6740.447,58.7,0.9578,"[-0.477, 0.255, 0.458, -0.638, 0.465, 0.515]","[1.354, 1.777, 1.858, 1.358, 2.002, 1.935]","[-4.489, -2.321, -0.906, -4.917, -2.506, -0.966]"
209,1,-5.1362,-4.8054,0.241,363,972,223,0,0.659,65,0.00,4077,1084.00,0,0,11.324(14.155%)(0.000m),20.526(18.111%)(0.056m),49.955(44.078%)(3.209m),55.000(48.530%)(3.750m),39.000(48.750%)(2.036m),10.017(25.041%)(0.002m),28.000(70.000%)(1.929m),1498.739,3763.603,62.0,0.8622,"[1.066, 0.834, -0.178, 1.201, 0.946, -0.224]","[2.511, 2.806, 2.424, 2.759, 3.016, 2.493]","[-2.167, -3.050, -5.573, -1.626, -3.366, -5.581]"
210,1,-5.8631,-4.8016,0.342,101,258,21,0,0.658,30,0.00,4088,291.13,0,0,77.786(97.233%)(6.191m),107.000(94.412%)(9.321m),78.740(69.477%)(6.294m),26.725(23.581%)(0.721m),12.770(15.963%)(0.000m),40.000(100.000%)(3.214m),9.836(24.591%)(0.000m),3102.208,7135.171,59.2,0.9242,"[-1.716, -0.444, 0.365, -1.893, -0.301, 0.388]","[1.798, 2.333, 2.358, 1.785, 2.596, 2.478]","[-5.034, -3.808, -1.937, -5.252, -3.816, -2.067]"
211,1,-6.2243,-4.8587,0.312,98,240,16,0,0.657,25,0.00,4098,290.17,0,0,10.001(12.501%)(0.000m),15.330(13.526%)(0.000m),26.331(23.233%)(0.678m),109.000(96.177%)(9.536m),77.067(96.334%)(6.114m),11.031(27.577%)(0.110m),40.000(100.000%)(3.214m),4587.540,8710.527,56.8,0.9001,"[1.584, 1.188, -0.170, 1.705, 1.449, -0.094]","[3.790, 2.897, 2.274, 3.794, 3.600, 2.447]","[-5.917, -5.765, -5.880, -6.278, -7.203, -5.281]"
212,1,-5.6715,-4.8912,0.233,106,268,16,0,0.655,30,0.00,4109,378.81,0,0,10.982(13.728%)(0.000m),17.992(15.875%)(0.000m),34.758(30.669%)(1.581m),103.000(90.883%)(8.893m),67.684(84.605%)(5.109m),10.982(27.455%)(0.105m),40.000(100.000%)(3.214m),2696.144,7238.193,58.4,0.8562,"[1.240, 0.916, -0.093, 1.302, 1.037, -0.076]","[3.404, 2.841, 2.426, 3.332, 3.437, 2.649]","[-5.308, -5.284, -5.562, -5.628, -6.752, -4.938]"
213,1,-3.1207,-4.8240,0.331,261,682,110,0,0.654,55,0.00,4136,802.90,0,0,11.119(13.898%)(0.000m),20.154(17.783%)(0.016m),49.050(43.279%)(3.112m),80.000(70.588%)(6.429m),36.000(45.000%)(1.714m),9.835(24.588%)(0.000m),26.000(65.000%)(1.714m),1813.407,5623.396,60.5,0.8374,"[1.586, 1.266, 0.163, 1.668, 1.471, 0.163]","[2.879, 3.105, 2.690, 2.905, 3.396, 2.876]","[-4.535, -4.331, -5.290, -4.360, -5.479, -5.000]"
214,1,-5.5097,-4.8270,0.371,372,1032,52,52,0.653,70,0.00,4174,1005.40,0,0,15.836(19.794%)(0.000m),33.932(29.940%)(1.493m),33.000(29.118%)(1.393m),21.000(18.529%)(0.107m),28.000(35.000%)(0.857m),11.102(27.755%)(0.118m),18.000(45.000%)(0.857m),0.000,3964.167,64.2,0.7523,"[0.390, 0.477, 0.203, 0.429, 0.700, 0.194]","[2.480, 2.554, 2.562, 2.853, 2.704, 2.585]","[-5.720, -6.493, -7.533, -5.316, -6.398, -7.301]"
215,1,-5.7283,-4.9176,0.332,340,1018,35,63,0.652,70,0.00,4208,1095.94,0,0,16.000(20.000%)(0.000m),40.000(35.294%)(2.143m),104.000(91.765%)(9.000m),54.116(47.750%)(3.655m),25.906(32.383%)(0.633m),10.000(25.000%)(0.000m),18.334(45.834%)(0.893m),728.647,3328.273,69.3,0.9487,"[0.004, 0.221, 0.090, -0.184, 0.233, 0.079]","[2.061, 2.470, 2.462, 2.010, 2.651, 2.702]","[-2.308, -4.012, -5.948, -3.128, -5.067, -5.983]"
216,1,-3.7127,-4.9228,0.323,144,393,15,0,0.650,40,0.00,4223,462.96,0,0,45.000(56.250%)(2.679m),72.000(63.530%)(5.571m),61.999(54.705%)(4.500m),22.820(20.136%)(0.302m),11.998(14.998%)(0.000m),40.000(100.000%)(3.214m),10.099(25.247%)(0.011m),3048.853,5539.533,63.1,0.9646,"[-0.767, -0.105, 0.352, -0.780, 0.092, 0.311]","[1.766, 2.068, 2.175, 1.935, 2.397, 2.094]","[-5.296, -5.108, -4.021, -5.464, -5.342, -4.305]"
217,1,-2.5349,-4.8749,0.493,146,397,23,17,0.649,40,0.00,4238,487.38,0,0,23.000(28.750%)(0.321m),23.000(20.294%)(0.321m),40.000(35.294%)(2.143m),91.897(81.085%)(7.703m),48.317(60.397%)(3.034m),40.000(100.000%)(3.214m),40.000(100.000%)(3.214m),0.000,2059.223,63.0,0.9656,"[0.523, 0.338, 0.084, 0.394, 0.230, 0.215]","[2.079, 2.440, 2.559, 2.075, 2.855, 2.900]","[-1.801, -4.565, -6.352, -2.620, -4.987, -5.668]"
218,1,-4.3346,-4.9150,0.443,166,440,15,0,0.648,40,0.00,4255,556.10,0,0,9.163(11.453%)(0.000m),13.260(11.700%)(0.000m),20.894(18.436%)(0.096m),52.000(45.882%)(3.429m),38.000(47.500%)(1.929m),11.163(27.907%)(0.125m),40.000(100.000%)(3.214m),777.428,3774.703,61.4,1.0577,"[0.701, 0.883, 0.486, 0.642, 0.894, 0.758]","[2.310, 2.742, 2.351, 2.319, 2.878, 2.755]","[-6.141, -6.067, -5.889, -6.587, -7.037, -5.769]"
219,1,-4.3292,-4.9594,0.358,175,438,23,0,0.646,40,0.00,4273,586.55,0,0,13.165(16.456%)(0.000m),28.340(25.006%)(0.894m),88.609(78.185%)(7.351m),73.000(64.412%)(5.679m),52.000(65.000%)(3.429m),9.627(24.067%)(0.000m),40.000(100.000%)(3.214m),4016.287,8339.900,57.9,0.7564,"[2.082, 1.646, 1.045, 2.043, 2.047, 1.016]","[3.157, 3.180, 3.225, 3.238, 3.603, 3.095]","[0.611, -3.261, -5.510, 0.640, -2.651, -5.172]"
220,1,-4.2140,-4.9711,0.357,175,440,14,0,0.645,40,0.00,4291,571.53,0,0,10.239(12.799%)(0.000m),16.073(14.182%)(0.000m),28.718(25.340%)(0.934m),74.000(65.294%)(5.786m),51.000(63.750%)(3.321m),10.885(27.213%)(0.095m),40.000(100.000%)(3.214m),2358.878,5132.212,58.2,0.8848,"[1.261, 1.439, 1.291, 1.309, 1.608, 1.206]","[2.651, 2.589, 2.793, 2.809, 2.856, 2.709]","[-5.916, -5.481, -5.249, -5.959, -6.496, -5.101]"
221,1,-4.0936,-4.9095,0.428,158,409,15,0,0.644,40,0.00,4307,461.17,0,0,10.407(13.009%)(0.000m),15.953(14.076%)(0.000m),27.400(24.177%)(0.793m),64.000(56.471%)(4.714m),47.000(58.750%)(2.893m),11.479(28.697%)(0.158m),40.000(100.000%)(3.214m),1930.640,4869.651,59.9,0.6915,"[1.239, 1.169, 0.801, 1.265, 1.437, 0.894]","[2.827, 2.720, 2.518, 3.036, 3.066, 2.690]","[-6.229, -5.797, -5.518, -6.595, -6.776, -5.204]"
222,1,-4.5911,-4.9639,0.243,198,484,19,0,0.642,45,0.00,4327,567.75,0,0,12.229(15.287%)(0.000m),24.548(21.660%)(0.487m),65.901(58.148%)(4.918m),95.000(83.824%)(8.036m),52.000(65.000%)(3.429m),9.788(24.469%)(0.000m),40.000(100.000%)(3.214m),3527.677,8120.655,56.6,1.1546,"[1.677, 1.449, 0.254, 1.729, 1.647, 0.252]","[3.141, 2.974, 2.966, 3.151, 3.247, 2.910]","[-2.135, -4.305, -5.299, -2.400, -4.487, -5.016]"
223,1,-4.5670,-4.9281,0.363,102,270,22,0,0.641,30,0.00,4338,307.05,0,0,11.606(14.507%)(0.000m),21.535(19.002%)(0.164m),55.490(48.962%)(3.802m),94.000(82.941%)(7.929m),75.000(93.750%)(5.893m),10.015(25.037%)(0.002m),40.000(100.000%)(3.214m),2182.915,5294.813,61.2,1.0695,"[0.396, 0.209, -0.351, 0.528, 0.129, -0.353]","[2.190, 2.119, 2.256, 2.343, 2.448, 2.396]","[-4.045, -4.561, -4.888, -4.152, -5.608, -4.717]"
224,1,-7.4167,-4.9593,0.326,257,624,44,5,0.640,50,0.00,4364,804.59,0,0,11.094(13.867%)(0.000m),19.458(17.169%)(0.000m),43.549(38.425%)(2.523m),43.000(37.941%)(2.464m),33.000(41.250%)(1.393m),10.183(25.457%)(0.020m),38.455(96.137%)(3.049m),838.077,4400.277,56.2,0.8738,"[0.256, 0.212, -0.134, 0.372, 0.331, -0.057]","[1.972, 2.033, 2.050, 2.297, 2.434, 2.226]","[-5.229, -5.337, -5.267, -5.325, -6.245, -5.017]"
225,1,-4.2403,-4.9342,0.461,331,946,16,54,0.639,65,0.00,4398,1110.58,0,0,29.000(36.250%)(0.964m),58.000(51.177%)(4.071m),40.000(35.294%)(2.143m),25.000(22.059%)(0.536m),22.000(27.500%)(0.214m),17.000(42.500%)(0.750m),18.109(45.271%)(0.869m),0.000,3738.681,66.1,0.9972,"[-0.624, -0.211, -0.121, -0.773, -0.011, 0.029]","[1.798, 2.340, 2.288, 1.830, 2.654, 2.450]","[-5.907, -5.589, -4.512, -5.699, -4.792, -4.927]"
226,1,-2.1648,-4.8436,0.303,166,420,17,0,0.637,40,0.00,4415,615.50,0,0,11.785(14.732%)(0.000m),22.415(19.778%)(0.259m),62.930(55.527%)(4.600m),77.000(67.941%)(6.107m),54.000(67.500%)(3.643m),9.919(24.798%)(0.000m),40.000(100.000%)(3.214m),2088.420,4905.192,58.5,1.1960,"[1.515, 1.018, 0.021, 1.438, 1.210, 0.006]","[2.835, 2.417, 2.413, 2.909, 2.746, 2.499]","[-2.645, -4.553, -5.956, -3.124, -4.573, -5.800]"
227,1,-3.2926,-4.7686,0.329,156,396,19,0,0.636,40,0.00,4431,574.41,0,0,10.844(13.555%)(0.000m),18.823(16.608%)(0.000m),41.101(36.266%)(2.261m),81.000(71.471%)(6.536m),55.000(68.750%)(3.750m),10.077(25.191%)(0.008m),40.000(100.000%)(3.214m),1980.780,5169.908,58.8,0.9368,"[1.442, 1.332, 0.588, 1.346, 1.494, 0.597]","[2.982, 2.510, 2.386, 3.080, 2.660, 2.405]","[-4.846, -4.820, -5.219, -4.990, -5.485, -4.973]"
228,1,-5.2658,-4.7424,0.348,218,563,0,50,0.635,50,0.00,4453,760.85,0,0,13.000(16.250%)(0.000m),28.000(24.706%)(0.857m),107.000(94.412%)(9.321m),55.234(48.736%)(3.775m),26.636(33.295%)(0.711m),40.000(100.000%)(3.214m),18.977(47.442%)(0.962m),1863.572,6913.060,59.8,1.1206,"[0.116, 0.173, -0.357, -0.068, 0.213, -0.294]","[1.859, 2.021, 2.090, 1.786, 2.417, 2.205]","[-2.325, -3.739, -5.579, -2.583, -4.110, -5.031]"
229,1,-5.3297,-4.7427,0.401,247,648,17,0,0.634,50,0.00,4478,838.66,0,0,10.605(13.256%)(0.000m),17.866(15.764%)(0.000m),36.517(32.221%)(1.770m),82.000(72.353%)(6.643m),36.000(45.000%)(1.714m),10.223(25.557%)(0.024m),24.000(60.000%)(1.500m),3397.663,7052.315,60.7,0.8234,"[1.055, 1.498, 1.185, 1.144, 1.706, 1.298]","[2.946, 2.901, 2.650, 3.187, 3.217, 2.786]","[-5.683, -5.705, -5.166, -6.286, -6.490, -4.863]"
230,1,-4.8884,-4.7910,0.392,236,624,12,51,0.632,50,0.00,4502,813.79,0,0,11.000(13.750%)(0.000m),65.000(57.353%)(4.821m),104.000(91.765%)(9.000m),54.775(48.331%)(3.726m),26.369(32.961%)(0.682m),11.000(27.500%)(0.107m),18.740(46.850%)(0.936m),1250.959,5366.644,61.1,0.9042,"[-0.029, 0.283, 0.368, -0.108, 0.412, 0.405]","[1.692, 2.075, 2.038, 1.682, 2.413, 2.124]","[-1.507, -0.672, -0.768, -1.824, -0.732, -0.744]"
231,1,-4.8713,-4.8068,0.295,199,499,16,0,0.631,45,0.00,4522,667.05,0,0,12.355(15.444%)(0.000m),25.163(22.202%)(0.553m),68.772(60.682%)(5.226m),66.000(58.235%)(4.929m),44.000(55.000%)(2.571m),9.763(24.408%)(0.000m),40.000(100.000%)(3.214m),3053.141,8443.324,58.0,0.8824,"[1.599, 1.762, 1.101, 1.727, 2.101, 1.024]","[3.035, 3.247, 3.112, 3.239, 3.717, 2.999]","[-2.965, -4.077, -5.457, -3.075, -4.688, -5.044]"
232,1,-8.3614,-4.8605,0.376,181,469,35,12,0.630,45,0.00,4541,644.57,0,0,66.673(83.342%)(5.001m),22.000(19.412%)(0.214m),20.000(17.647%)(0.000m),20.000(17.647%)(0.000m),26.109(32.636%)(0.655m),40.000(100.000%)(3.214m),18.595(46.488%)(0.921m),0.000,7031.581,60.0,1.0935,"[-0.520, 0.015, -0.036, -0.574, 0.032, -0.052]","[1.815, 2.154, 2.235, 2.031, 2.538, 2.221]","[-4.916, -4.404, -4.940, -5.157, -4.735, -4.780]"
233,1,-3.4467,-4.8499,0.357,376,945,138,8,0.628,60,0.00,4579,1301.05,0,0,12.558(15.697%)(0.000m),25.962(22.908%)(0.639m),78.022(68.843%)(6.217m),62.000(54.706%)(4.500m),30.000(37.500%)(1.071m),9.798(24.494%)(0.000m),27.000(67.500%)(1.821m),1787.279,6553.040,58.1,1.0422,"[1.534, 1.498, 0.368, 1.554, 1.765, 0.424]","[2.830, 2.880, 2.467, 2.937, 3.293, 2.501]","[-1.917, -3.161, -5.348, -2.013, -3.665, -5.586]"
234,1,-5.0856,-4.7660,0.334,270,676,13,41,0.627,50,0.00,4606,931.40,0,0,13.000(16.250%)(0.000m),45.000(39.706%)(2.679m),101.000(89.118%)(8.679m),53.534(47.236%)(3.593m),25.830(32.287%)(0.625m),10.000(25.000%)(0.000m),18.396(45.989%)(0.900m),1243.470,6386.702,58.0,0.9670,"[0.432, 0.742, 0.602, 0.535, 0.889, 0.698]","[1.689, 2.221, 2.247, 1.875, 2.428, 2.373]","[-0.933, -0.206, -2.074, -1.157, -0.387, -2.215]"
235,1,-6.0599,-4.8518,0.283,251,676,73,68,0.626,55,0.00,4632,837.64,0,0,19.350(24.188%)(0.000m),40.651(35.869%)(2.213m),94.631(83.498%)(7.996m),54.000(47.647%)(3.643m),27.000(33.750%)(0.750m),13.646(34.116%)(0.391m),15.000(37.500%)(0.536m),3228.830,6420.436,62.3,0.8518,"[1.503, 1.481, 0.684, 1.582, 1.724, 0.722]","[3.382, 3.211, 2.990, 3.422, 3.527, 2.976]","[-3.793, -1.948, -4.539, -3.306, -1.276, -4.871]"
236,1,-5.8724,-4.8861,0.390,191,479,20,0,0.625,45,0.00,4652,656.56,0,0,11.445(14.306%)(0.000m),20.745(18.305%)(0.080m),50.489(44.549%)(3.267m),63.000(55.588%)(4.607m),49.000(61.250%)(3.107m),10.124(25.309%)(0.013m),38.603(96.508%)(3.065m),1625.520,5268.193,58.1,1.0115,"[1.200, 0.643, -0.008, 1.262, 1.025, 0.113]","[2.917, 2.592, 2.536, 2.844, 2.931, 2.688]","[-4.614, -5.418, -5.735, -4.941, -5.223, -5.324]"
237,1,-2.9252,-4.8666,0.421,189,489,15,0,0.623,45,0.00,4671,709.48,0,0,12.510(15.637%)(0.000m),25.478(22.481%)(0.587m),70.582(62.278%)(5.419m),71.000(62.647%)(5.464m),41.000(51.250%)(2.250m),9.886(24.714%)(0.000m),40.000(100.000%)(3.214m),2179.258,5734.728,59.9,0.8537,"[1.853, 1.950, 1.202, 1.736, 2.049, 1.182]","[3.221, 3.310, 3.006, 3.026, 3.528, 2.985]","[-2.086, -3.910, -5.069, -2.751, -4.184, -4.979]"
238,1,-3.6083,-4.8480,0.382,197,560,17,64,0.622,50,0.00,4691,682.35,0,0,20.000(25.000%)(0.000m),46.000(40.588%)(2.786m),62.000(54.706%)(4.500m),75.550(66.662%)(5.952m),36.526(45.658%)(1.771m),10.000(25.000%)(0.000m),26.147(65.368%)(1.730m),610.750,3012.373,65.8,0.9056,"[0.699, 0.979, 0.927, 0.732, 1.125, 0.954]","[2.424, 2.906, 2.922, 2.530, 3.073, 2.955]","[-0.427, -0.327, -0.736, -0.603, -0.576, -0.967]"
239,1,-1.9540,-4.7830,0.298,185,468,19,0,0.621,40,0.00,4710,640.47,0,0,13.219(16.524%)(0.000m),28.329(24.996%)(0.892m),74.865(66.057%)(5.878m),70.000(61.765%)(5.357m),48.000(60.000%)(3.000m),9.667(24.166%)(0.000m),40.000(100.000%)(3.214m),2170.989,5174.209,58.6,0.9393,"[2.099, 1.633, 0.339, 2.053, 1.808, 0.258]","[3.485, 2.919, 2.854, 3.408, 3.290, 3.029]","[-1.399, -3.896, -5.669, -1.942, -4.022, -5.522]"
240,1,-5.2188,-4.7966,0.422,253,644,90,39,0.620,50,0.00,4736,893.03,0,0,14.000(17.500%)(0.000m),30.000(26.471%)(1.071m),105.350(92.956%)(9.145m),42.828(37.790%)(2.446m),21.184(26.481%)(0.127m),10.000(25.000%)(0.000m),15.007(37.517%)(0.536m),3289.759,7628.997,59.0,0.8903,"[0.072, 0.661, 0.493, -0.036, 0.840, 0.625]","[2.459, 2.842, 3.003, 2.433, 3.275, 3.062]","[-3.644, -3.189, -5.075, -3.819, -4.095, -4.834]"
241,1,-5.2904,-4.8115,0.363,164,420,16,0,0.618,40,0.00,4753,531.83,0,0,11.216(14.021%)(0.000m),19.081(16.836%)(0.000m),39.821(35.136%)(2.124m),85.000(75.000%)(6.964m),50.000(62.500%)(3.214m),10.681(26.702%)(0.073m),40.000(100.000%)(3.214m),1995.194,5586.174,59.2,0.8408,"[1.607, 1.728, 1.240, 1.457, 1.809, 1.082]","[3.030, 3.008, 3.082, 2.875, 3.226, 2.982]","[-5.243, -4.785, -5.075, -5.591, -5.571, -5.167]"
242,1,-4.1691,-4.7665,0.387,215,531,86,21,0.617,45,0.00,4775,745.09,0,0,62.675(78.343%)(4.572m),113.333(100.000%)(10.000m),20.000(17.647%)(0.000m),21.000(18.529%)(0.107m),67.642(84.553%)(5.105m),40.000(100.000%)(3.214m),40.000(100.000%)(3.214m),0.000,2577.173,57.1,0.9607,"[0.304, 0.324, 0.725, 0.392, 0.370, 0.545]","[2.747, 2.987, 2.978, 2.724, 3.262, 2.994]","[-3.580, -4.703, -4.473, -3.083, -4.473, -4.848]"
243,1,-1.5985,-4.6719,0.316,194,499,16,0,0.616,45,0.00,4795,665.23,0,0,12.295(15.368%)(0.000m),24.003(21.179%)(0.429m),68.000(60.000%)(5.143m),61.000(53.824%)(4.393m),42.000(52.500%)(2.357m),10.092(25.229%)(0.010m),40.000(100.000%)(3.214m),1476.294,4118.743,59.5,0.9221,"[1.664, 1.305, 0.406, 1.704, 1.447, 0.319]","[2.881, 2.996, 2.849, 3.001, 3.262, 2.996]","[-2.528, -4.079, -5.526, -2.999, -4.569, -5.359]"
244,1,-5.5263,-4.7000,0.415,148,366,15,0,0.615,35,0.00,4810,508.88,0,0,12.450(15.562%)(0.000m),24.990(22.050%)(0.535m),66.656(58.814%)(4.999m),81.000(71.471%)(6.536m),69.000(86.250%)(5.250m),9.964(24.910%)(0.000m),40.000(100.000%)(3.214m),2949.719,6748.839,57.3,0.7533,"[1.470, 1.109, -0.034, 1.543, 1.002, -0.165]","[2.699, 3.007, 2.773, 2.946, 3.142, 2.777]","[-3.339, -4.260, -5.477, -3.501, -4.838, -5.122]"
245,1,-5.9575,-4.6871,0.340,190,467,19,0,0.614,40,0.00,4829,627.45,0,0,10.836(13.545%)(0.000m),17.752(15.664%)(0.000m),34.294(30.260%)(1.532m),59.000(52.059%)(4.179m),50.000(62.500%)(3.214m),10.836(27.089%)(0.090m),40.000(100.000%)(3.214m),2106.290,5613.389,56.9,0.8583,"[1.383, 1.281, 0.760, 1.387, 1.378, 0.691]","[2.825, 3.094, 3.091, 2.900, 3.474, 3.137]","[-4.820, -4.534, -5.132, -4.768, -5.473, -5.002]"
246,1,-5.3993,-4.6775,0.328,175,439,16,0,0.612,40,0.00,4847,591.03,0,0,10.325(12.906%)(0.000m),15.589(13.755%)(0.000m),26.144(23.068%)(0.658m),57.000(50.294%)(3.964m),49.000(61.250%)(3.107m),11.673(29.181%)(0.179m),40.000(100.000%)(3.214m),1278.771,4482.263,58.0,0.8924,"[0.958, 0.726, 0.414, 0.925, 0.734, 0.475]","[2.226, 2.749, 2.599, 2.251, 2.878, 2.722]","[-5.805, -5.453, -5.687, -6.014, -6.465, -5.176]"
247,1,-3.8071,-4.6739,0.409,119,322,18,0,0.611,35,0.00,4859,429.67,0,0,11.652(14.565%)(0.000m),20.885(18.428%)(0.095m),49.338(43.533%)(3.143m),79.000(69.706%)(6.321m),59.000(73.750%)(4.179m),10.435(26.087%)(0.047m),40.000(100.000%)(3.214m),1585.742,4272.849,62.7,1.0582,"[0.941, 0.572, -0.053, 0.726, 0.619, -0.048]","[2.930, 2.237, 2.256, 2.532, 2.582, 2.408]","[-4.833, -5.450, -5.506, -5.813, -6.171, -5.093]"
248,1,-5.1222,-4.6305,0.358,202,536,1,18,0.610,45,0.00,4880,700.83,0,0,11.000(13.750%)(0.000m),19.000(16.765%)(0.000m),79.000(69.706%)(6.321m),57.360(50.612%)(4.003m),27.637(34.546%)(0.818m),11.000(27.500%)(0.107m),19.660(49.149%)(1.035m),1184.521,4321.409,61.4,0.9723,"[0.765, 0.890, 0.753, 0.637, 1.035, 0.871]","[2.026, 2.504, 2.302, 2.000, 2.751, 2.439]","[-3.846, -5.894, -6.166, -5.726, -6.911, -5.382]"
249,1,-5.0408,-4.5939,0.462,94,244,15,0,0.609,30,0.00,4890,311.66,0,0,11.384(14.230%)(0.000m),19.760(17.435%)(0.000m),43.147(38.071%)(2.480m),105.000(92.647%)(9.107m),77.067(96.334%)(6.114m),10.578(26.446%)(0.062m),40.000(100.000%)(3.214m),3259.387,6524.451,60.1,0.7904,"[0.826, 0.297, -0.540, 0.849, 0.288, -0.600]","[2.459, 2.594, 2.480, 2.312, 2.905, 2.581]","[-5.676, -5.651, -5.251, -5.584, -5.861, -4.826]"
250,1,-2.4597,-4.5676,0.389,276,785,19,46,0.607,60,0.00,4918,934.49,0,0,35.000(43.750%)(1.607m),61.000(53.824%)(4.393m),76.954(67.900%)(6.102m),29.023(25.609%)(0.967m),13.415(16.768%)(0.000m),17.000(42.500%)(0.750m),9.681(24.202%)(0.000m),847.934,3158.634,65.8,0.9235,"[-0.088, 0.498, 0.638, -0.207, 0.725, 0.687]","[2.323, 2.714, 2.416, 2.341, 2.984, 2.438]","[-4.587, -2.843, -0.837, -4.752, -2.530, -0.727]"
251,1,-2.9008,-4.5194,0.527,132,364,18,0,0.606,35,0.00,4932,498.12,0,0,52.000(65.000%)(3.429m),66.000(58.235%)(4.929m),50.121(44.225%)(3.227m),20.594(18.171%)(0.064m),11.362(14.202%)(0.000m),40.000(100.000%)(3.214m),10.050(25.125%)(0.005m),899.357,3677.794,63.8,1.1629,"[0.046, 0.331, 0.556, 0.062, 0.427, 0.628]","[2.572, 3.053, 2.827, 2.670, 3.200, 2.978]","[-5.345, -5.197, -4.444, -5.559, -5.283, -4.367]"
252,1,-3.3914,-4.5705,0.435,161,401,16,0,0.605,40,0.00,4949,604.98,0,0,9.893(12.366%)(0.000m),14.828(13.083%)(0.000m),24.587(21.694%)(0.491m),67.000(59.118%)(5.036m),60.000(75.000%)(4.286m),11.323(28.309%)(0.142m),40.000(100.000%)(3.214m),2153.110,4836.011,57.6,0.9394,"[1.246, 1.074, 0.625, 1.223, 1.039, 0.621]","[2.890, 3.263, 2.866, 2.783, 3.455, 3.146]","[-6.378, -5.969, -5.695, -6.411, -6.980, -5.655]"
253,1,-6.1681,-4.6278,0.316,105,255,17,0,0.604,30,0.00,4960,353.81,0,0,77.786(97.233%)(6.191m),64.962(57.319%)(4.817m),22.157(19.551%)(0.231m),13.929(12.290%)(0.000m),9.559(11.949%)(0.000m),40.000(100.000%)(3.214m),11.501(28.752%)(0.161m),3838.376,8576.612,56.1,0.7854,"[-0.074, 0.628, 1.018, -0.067, 0.969, 1.108]","[2.629, 3.027, 3.137, 2.641, 3.306, 3.040]","[-5.139, -5.750, -6.199, -5.301, -5.895, -6.200]"
254,1,-4.3070,-4.6041,0.374,279,708,34,66,0.603,55,0.00,4988,903.15,0,0,11.000(13.750%)(0.000m),53.000(46.765%)(3.536m),74.000(65.294%)(5.786m),42.095(37.143%)(2.367m),20.544(25.680%)(0.058m),11.000(27.500%)(0.107m),14.509(36.273%)(0.483m),1255.829,5470.798,58.7,0.9463,"[0.469, 0.864, 0.889, 0.385, 1.081, 1.123]","[2.649, 3.060, 3.061, 2.683, 3.337, 3.089]","[-4.596, -3.278, -1.279, -4.542, -2.816, -0.864]"
255,1,-5.6092,-4.5830,0.406,71,176,16,0,0.601,20,0.00,4996,204.86,0,0,77.786(97.233%)(6.191m),31.308(27.625%)(1.212m),16.485(14.546%)(0.000m),11.730(10.350%)(0.000m),8.876(11.095%)(0.000m),40.000(100.000%)(3.214m),13.154(32.884%)(0.338m),3849.503,7087.691,57.3,0.0000,"[-0.679, -0.044, 0.179, -0.644, 0.247, 0.409]","[2.773, 3.312, 2.914, 2.776, 3.564, 3.121]","[-5.339, -5.726, -5.554, -5.400, -5.512, -5.490]"
256,1,-1.8847,-4.5415,0.415,183,487,45,0,0.600,45,0.00,5015,605.25,0,0,12.722(15.902%)(0.000m),26.302(23.208%)(0.675m),77.000(67.941%)(6.107m),65.000(57.353%)(4.821m),43.000(53.750%)(2.464m),9.926(24.814%)(0.000m),40.000(100.000%)(3.214m),1425.473,4504.186,61.6,1.0235,"[1.514, 0.833, -0.512, 1.481, 0.813, -0.687]","[2.421, 2.907, 2.673, 2.424, 3.029, 2.825]","[-2.147, -4.222, -5.526, -2.305, -4.681, -5.597]"
257,1,-1.8879,-4.4761,0.356,242,636,44,43,0.599,50,0.00,5040,764.19,0,0,23.000(28.750%)(0.321m),39.000(34.412%)(2.036m),54.713(48.276%)(3.719m),21.289(18.784%)(0.138m),11.473(14.342%)(0.000m),26.000(65.000%)(1.714m),9.900(24.751%)(0.000m),449.990,4683.060,60.8,0.7768,"[0.156, 0.866, 0.659, 0.031, 0.934, 0.699]","[2.654, 3.035, 2.769, 2.639, 3.311, 2.836]","[-5.403, -5.117, -4.386, -5.377, -5.089, -4.469]"
258,1,-4.0875,-4.4848,0.395,121,334,14,0,0.598,35,0.00,5053,406.63,0,0,12.794(15.992%)(0.000m),26.851(23.692%)(0.734m),73.472(64.829%)(5.729m),77.000(67.941%)(6.107m),55.000(68.750%)(3.750m),9.855(24.637%)(0.000m),40.000(100.000%)(3.214m),1422.500,4201.389,64.0,0.9544,"[1.479, 0.736, -0.208, 1.428, 0.693, -0.494]","[2.641, 3.191, 3.053, 2.775, 3.419, 3.018]","[-1.624, -3.669, -5.110, -2.006, -3.966, -5.133]"
259,1,-8.1582,-4.5452,0.407,214,525,36,0,0.597,45,0.00,5075,693.47,0,0,44.000(55.000%)(2.571m),47.000(41.471%)(2.893m),23.253(20.517%)(0.349m),14.474(12.771%)(0.000m),9.865(12.332%)(0.000m),37.327(93.317%)(2.928m),11.721(29.303%)(0.184m),1222.892,4114.752,56.8,0.9618,"[0.585, 0.318, 0.591, 0.544, 0.552, 0.637]","[2.542, 3.000, 2.851, 2.639, 3.263, 2.992]","[-4.910, -6.096, -5.406, -5.374, -5.445, -5.499]"
260,1,-7.3054,-4.5741,0.351,347,979,38,18,0.595,65,0.00,5110,1190.62,0,0,25.536(31.921%)(0.593m),24.000(21.177%)(0.429m),32.000(28.235%)(1.286m),17.467(15.412%)(0.000m),10.368(12.960%)(0.000m),18.059(45.148%)(0.864m),9.995(24.987%)(0.000m),84.771,4859.561,65.3,0.8990,"[0.524, 0.691, 0.642, 0.441, 0.733, 0.621]","[2.784, 3.142, 2.800, 2.808, 3.426, 3.060]","[-4.820, -4.554, -3.529, -5.288, -4.553, -3.748]"
261,1,-3.2452,-4.5145,0.378,261,681,57,0,0.594,55,0.00,5137,818.11,0,0,11.325(14.156%)(0.000m),20.298(17.910%)(0.032m),47.951(42.310%)(2.995m),61.000(53.824%)(4.393m),36.000(45.000%)(1.714m),10.142(25.354%)(0.015m),27.000(67.500%)(1.821m),1582.993,5358.894,60.4,0.8794,"[1.289, 1.470, 0.924, 1.263, 1.605, 0.871]","[2.424, 2.796, 2.607, 2.528, 3.014, 2.633]","[-4.702, -4.572, -4.665, -4.049, -5.003, -4.499]"
262,1,-3.5470,-4.4720,0.306,162,412,20,0,0.593,40,0.00,5154,482.39,0,0,11.543(14.428%)(0.000m),21.418(18.898%)(0.152m),55.395(48.878%)(3.792m),85.000(75.000%)(6.964m),53.000(66.250%)(3.536m),9.960(24.900%)(0.000m),40.000(100.000%)(3.214m),2973.009,5825.596,58.8,0.8783,"[1.530, 1.320, 0.452, 1.729, 1.451, 0.291]","[2.398, 2.687, 2.488, 2.821, 2.974, 2.508]","[-5.345, -5.265, -5.588, -5.034, -5.990, -5.634]"
263,1,-3.0075,-4.4698,0.317,316,806,0,35,0.592,60,0.00,5186,1085.49,0,0,23.828(29.785%)(0.410m),49.608(43.772%)(3.172m),76.000(67.059%)(6.000m),63.000(55.588%)(4.607m),30.000(37.500%)(1.071m),16.894(42.235%)(0.739m),17.000(42.500%)(0.750m),2132.903,5132.215,59.1,0.9113,"[0.948, 1.369, 1.190, 1.003, 1.485, 1.195]","[1.999, 2.627, 2.464, 2.214, 2.836, 2.474]","[-1.262, -1.361, -1.272, -1.305, -1.466, -1.056]"
264,1,-8.1191,-4.5219,0.297,258,627,67,23,0.591,50,0.00,5212,764.77,0,0,8.860(11.075%)(0.000m),12.654(11.165%)(0.000m),19.578(17.275%)(0.000m),31.000(27.353%)(1.179m),27.000(33.750%)(0.750m),11.070(27.675%)(0.115m),40.000(100.000%)(3.214m),398.719,4700.434,56.2,0.8021,"[0.208, 0.299, 0.522, 0.210, 0.438, 0.523]","[1.890, 2.397, 2.315, 1.927, 2.655, 2.371]","[-6.270, -5.797, -5.458, -6.128, -6.413, -5.031]"
265,1,-4.7275,-4.5019,0.320,102,267,15,0,0.589,30,0.00,5223,278.20,0,0,75.000(93.750%)(5.893m),97.000(85.588%)(8.250m),31.778(28.039%)(1.262m),17.007(15.006%)(0.000m),10.565(13.207%)(0.000m),40.000(100.000%)(3.214m),10.827(27.067%)(0.089m),2534.989,5760.927,60.6,0.7211,"[-0.809, -0.141, 0.340, -0.898, 0.109, 0.411]","[2.189, 2.664, 2.428, 2.170, 2.959, 2.406]","[-5.476, -5.916, -6.017, -5.790, -5.943, -6.073]"
266,1,-4.7154,-4.5220,0.343,133,349,16,0,0.588,35,0.00,5237,387.02,0,0,12.523(15.654%)(0.000m),25.891(22.845%)(0.631m),75.710(66.803%)(5.969m),82.000(72.353%)(6.643m),56.000(70.000%)(3.857m),9.771(24.426%)(0.000m),40.000(100.000%)(3.214m),2638.679,5277.466,60.6,0.7156,"[1.329, 0.636, -0.088, 1.342, 0.683, -0.171]","[2.484, 2.963, 2.871, 2.500, 3.307, 2.941]","[-2.215, -4.068, -5.650, -2.510, -4.558, -5.365]"
267,1,-3.9067,-4.5494,0.331,171,446,47,19,0.587,40,0.00,5255,529.11,0,0,44.716(55.895%)(2.648m),73.928(65.231%)(5.778m),27.000(23.824%)(0.750m),23.000(20.294%)(0.321m),22.000(27.500%)(0.214m),40.000(100.000%)(3.214m),40.000(100.000%)(3.214m),0.000,2459.784,60.4,0.8636,"[-0.035, -0.051, 0.353, -0.224, 0.088, 0.308]","[2.589, 2.969, 2.838, 2.643, 3.415, 3.075]","[-5.237, -5.628, -4.074, -5.059, -4.443, -4.282]"
268,1,-6.0570,-4.5839,0.329,126,305,21,0,0.586,30,0.00,5268,375.19,0,0,77.786(97.233%)(6.191m),91.000(80.294%)(7.607m),41.706(36.800%)(2.326m),19.100(16.853%)(0.000m),11.004(13.755%)(0.000m),40.000(100.000%)(3.214m),10.225(25.562%)(0.024m),4287.830,9445.032,56.0,0.6854,"[-0.374, 0.106, 0.398, -0.406, 0.448, 0.573]","[2.274, 2.798, 2.417, 2.110, 2.966, 2.574]","[-5.033, -5.264, -4.911, -5.291, -5.129, -4.965]"
269,1,-5.9115,-4.6155,0.290,215,532,59,22,0.585,45,0.00,5290,576.35,0,0,53.918(67.397%)(3.634m),20.000(17.647%)(0.000m),20.000(17.647%)(0.000m),21.000(18.529%)(0.107m),64.381(80.476%)(4.755m),39.317(98.292%)(3.141m),40.000(100.000%)(3.214m),0.000,2484.170,57.2,0.8884,"[0.189, 0.304, 0.805, 0.283, 0.602, 0.787]","[2.063, 2.571, 2.508, 2.307, 3.010, 2.649]","[-4.495, -4.894, -4.366, -4.738, -5.103, -4.383]"
270,1,-2.0888,-4.5730,0.316,289,769,163,0,0.584,55,0.00,5319,872.12,0,0,12.581(15.726%)(0.000m),26.010(22.950%)(0.644m),96.658(85.287%)(8.213m),92.000(81.177%)(7.714m),38.000(47.500%)(1.929m),9.816(24.539%)(0.000m),27.000(67.500%)(1.821m),2123.000,6069.710,61.6,0.7766,"[1.364, 1.225, -0.058, 1.450, 1.152, -0.141]","[2.400, 2.890, 2.812, 2.576, 3.207, 2.733]","[-0.201, -2.813, -5.094, -0.234, -4.025, -5.117]"
271,1,-4.3192,-4.5775,0.320,93,251,13,0,0.582,30,0.00,5329,295.50,0,0,75.000(93.750%)(5.893m),76.883(67.838%)(6.095m),23.747(20.954%)(0.401m),14.632(12.911%)(0.000m),9.904(12.379%)(0.000m),40.000(100.000%)(3.214m),11.621(29.052%)(0.174m),2042.885,4717.450,62.5,1.0468,"[-0.765, -0.166, 0.183, -0.737, 0.115, 0.352]","[2.068, 2.402, 2.047, 2.205, 2.685, 2.313]","[-5.580, -5.648, -6.057, -5.982, -5.790, -6.133]"
272,1,-4.2730,-4.5712,0.291,119,304,21,0,0.581,30,0.00,5341,311.45,0,0,11.379(14.224%)(0.000m),20.396(17.996%)(0.042m),48.183(42.514%)(3.020m),83.000(73.236%)(6.750m),73.000(91.250%)(5.679m),10.191(25.477%)(0.020m),40.000(100.000%)(3.214m),2287.950,6236.741,59.1,0.6599,"[0.749, 0.464, -0.210, 1.016, 0.460, -0.283]","[2.099, 2.741, 2.468, 2.507, 3.047, 2.595]","[-5.221, -5.035, -5.060, -4.898, -5.747, -5.122]"
273,1,-3.5129,-4.5501,0.355,178,461,19,0,0.580,40,0.00,5359,570.45,0,0,44.000(55.000%)(2.571m),57.000(50.294%)(3.964m),56.179(49.570%)(3.876m),21.607(19.065%)(0.172m),11.645(14.556%)(0.000m),40.000(100.000%)(3.214m),10.048(25.120%)(0.005m),1342.431,4539.292,59.9,1.0776,"[-0.197, 0.281, 0.722, -0.112, 0.563, 0.802]","[2.403, 2.940, 2.687, 2.627, 3.327, 2.907]","[-5.347, -4.867, -3.653, -5.262, -4.445, -3.687]"
274,1,-5.6858,-4.5155,0.348,173,430,17,0,0.579,40,0.00,5377,479.44,0,0,12.162(15.203%)(0.000m),24.072(21.240%)(0.436m),72.725(64.170%)(5.649m),67.000(59.118%)(5.036m),54.000(67.500%)(3.643m),9.858(24.645%)(0.000m),40.000(100.000%)(3.214m),3283.325,9144.420,57.6,0.6504,"[1.323, 1.174, 0.705, 1.318, 1.405, 0.723]","[2.533, 2.919, 2.755, 2.911, 3.206, 2.865]","[-2.927, -5.739, -5.702, -3.105, -5.245, -5.282]"
275,1,-4.8770,-4.5282,0.319,172,424,17,0,0.578,40,0.00,5395,551.50,0,0,9.284(11.604%)(0.000m),13.089(11.550%)(0.000m),19.909(17.566%)(0.000m),48.453(42.752%)(3.049m),56.000(70.000%)(3.857m),11.899(29.747%)(0.203m),40.000(100.000%)(3.214m),1774.047,4982.761,57.1,0.8315,"[1.062, 0.823, 0.591, 1.033, 1.024, 0.615]","[2.654, 2.875, 2.616, 2.667, 3.328, 2.714]","[-5.837, -6.051, -5.466, -5.651, -5.980, -5.320]"
276,1,-4.6785,-4.5785,0.510,113,292,16,0,0.577,30,0.00,5407,374.85,0,0,72.000(90.000%)(5.571m),91.000(80.294%)(7.607m),30.311(26.745%)(1.105m),16.476(14.538%)(0.000m),10.324(12.905%)(0.000m),40.000(100.000%)(3.214m),10.709(26.774%)(0.076m),2252.184,5538.098,59.8,0.9467,"[-0.821, -0.027, 0.429, -0.894, 0.139, 0.612]","[2.213, 2.799, 2.469, 2.253, 2.921, 2.716]","[-5.222, -5.596, -5.764, -5.613, -5.435, -5.887]"
277,1,-3.7920,-4.5885,0.312,165,434,0,11,0.575,40,0.00,5424,497.39,0,0,27.000(33.750%)(0.750m),27.000(23.824%)(0.750m),113.333(100.000%)(10.000m),76.103(67.150%)(6.011m),36.810(46.013%)(1.801m),40.000(100.000%)(3.214m),26.493(66.233%)(1.767m),4056.312,6639.781,60.9,0.7867,"[0.454, 0.471, 0.164, 0.314, 0.636, 0.306]","[2.118, 2.690, 2.338, 2.144, 3.002, 2.701]","[-1.457, -3.710, -4.789, -2.765, -4.543, -4.488]"
278,1,-6.8631,-4.6204,0.289,145,351,18,0,0.574,35,0.00,5439,433.55,0,0,75.000(93.750%)(5.893m),88.000(77.647%)(7.286m),40.208(35.478%)(2.165m),18.847(16.630%)(0.000m),10.970(13.712%)(0.000m),40.000(100.000%)(3.214m),10.319(25.797%)(0.034m),4009.433,7288.341,56.0,0.7150,"[-0.245, 0.347, 0.819, -0.247, 0.651, 0.924]","[2.226, 2.534, 2.437, 2.202, 2.855, 2.624]","[-5.135, -5.323, -5.290, -5.395, -5.315, -5.441]"
279,1,-6.2786,-4.6394,0.345,256,641,58,0,0.573,50,0.00,5465,823.60,0,0,11.771(14.713%)(0.000m),22.387(19.754%)(0.256m),60.000(52.941%)(4.286m),50.000(44.118%)(3.214m),39.000(48.750%)(2.036m),9.907(24.768%)(0.000m),32.000(80.000%)(2.357m),1450.312,6092.824,58.0,0.7490,"[1.112, 0.723, -0.503, 1.427, 0.998, -0.481]","[2.160, 2.533, 2.440, 2.711, 2.809, 2.553]","[-4.969, -5.424, -5.457, -4.769, -5.444, -4.872]"
280,1,-5.1940,-4.6455,0.331,142,354,28,0,0.572,35,0.00,5480,451.25,0,0,11.786(14.733%)(0.000m),21.870(19.297%)(0.200m),55.017(48.545%)(3.752m),74.000(65.294%)(5.786m),68.000(85.000%)(5.143m),10.170(25.426%)(0.018m),40.000(100.000%)(3.214m),2349.367,6130.228,57.6,0.8117,"[0.689, 0.413, 0.104, 0.843, 0.504, 0.127]","[2.160, 2.530, 2.299, 2.334, 2.714, 2.410]","[-4.763, -5.287, -5.317, -4.453, -5.215, -4.939]"
281,1,-1.0632,-4.5693,0.250,168,440,39,25,0.571,40,0.00,5497,441.77,0,0,49.900(62.376%)(3.204m),92.591(81.699%)(7.778m),35.000(30.882%)(1.607m),21.000(18.529%)(0.107m),23.000(28.750%)(0.321m),40.000(100.000%)(3.214m),40.000(100.000%)(3.214m),0.000,1984.562,60.6,0.7500,"[-0.483, -0.395, -0.061, -0.488, -0.299, -0.111]","[2.069, 2.707, 2.289, 2.128, 2.953, 2.444]","[-5.436, -6.335, -3.736, -5.052, -5.179, -3.322]"
282,1,-6.5881,-4.5339,0.345,253,642,46,20,0.570,50,0.00,5523,700.27,0,0,15.669(19.587%)(0.000m),32.903(29.032%)(1.382m),62.000(54.706%)(4.500m),21.000(18.529%)(0.107m),12.000(15.000%)(0.000m),11.029(27.571%)(0.110m),11.000(27.500%)(0.107m),829.440,4992.700,58.7,0.7927,"[-0.167, -0.449, -0.699, -0.047, -0.164, -0.638]","[1.781, 2.225, 2.020, 2.022, 2.641, 2.285]","[-5.423, -6.690, -5.566, -5.152, -5.578, -5.489]"
283,1,-1.3722,-4.4924,0.294,231,577,22,0,0.569,50,0.00,5547,753.53,0,0,12.647(15.809%)(0.000m),26.491(23.374%)(0.695m),57.000(50.294%)(3.964m),48.000(42.353%)(3.000m),38.000(47.500%)(1.929m),9.742(24.354%)(0.000m),40.000(100.000%)(3.214m),1214.532,4337.068,57.8,0.8762,"[0.766, 0.626, -0.035, 0.908, 0.916, -0.054]","[1.936, 2.110, 2.050, 2.236, 2.533, 2.194]","[-2.435, -4.511, -5.018, -2.607, -4.314, -4.926]"
284,1,-4.3495,-4.4777,0.319,269,777,51,85,0.567,60,0.00,5574,811.24,0,0,22.000(27.500%)(0.214m),53.000(46.765%)(3.536m),52.238(46.092%)(3.454m),20.791(18.345%)(0.085m),11.338(14.173%)(0.000m),14.000(35.000%)(0.429m),9.906(24.765%)(0.000m),909.025,4360.517,66.8,0.8092,"[-0.616, -0.000, 0.106, -0.650, 0.238, 0.113]","[1.913, 2.332, 1.845, 2.160, 2.617, 2.185]","[-4.728, -4.669, -2.877, -4.938, -4.324, -3.006]"
285,1,-5.4771,-4.4660,0.314,755,2209,219,270,0.566,95,0.00,5650,2217.88,0,0,18.000(22.500%)(0.000m),31.000(27.353%)(1.179m),35.000(30.882%)(1.607m),29.000(25.588%)(0.964m),18.102(22.628%)(0.000m),10.000(25.000%)(0.000m),12.729(31.822%)(0.292m),173.401,2818.431,67.7,0.7770,"[-0.357, -0.082, -0.226, -0.434, 0.034, -0.233]","[1.990, 2.349, 2.186, 1.991, 2.709, 2.444]","[-4.889, -4.159, -5.625, -4.648, -4.611, -5.687]"
286,1,-3.4361,-4.4173,0.370,323,835,168,0,0.565,60,0.00,5683,1027.46,0,0,12.476(15.594%)(0.000m),25.793(22.758%)(0.621m),101.216(89.309%)(8.702m),82.000(72.353%)(6.643m),39.000(48.750%)(2.036m),9.734(24.334%)(0.000m),30.000(75.000%)(2.143m),2717.198,6216.048,59.8,0.7859,"[1.334, 1.335, -0.076, 1.593, 1.442, -0.108]","[2.322, 2.672, 2.372, 2.282, 2.896, 2.541]","[-2.089, -4.194, -5.104, -1.369, -4.437, -4.745]"
287,1,-3.2414,-4.4236,0.397,168,447,0,15,0.564,40,0.00,5700,505.72,0,0,17.000(21.250%)(0.000m),27.000(23.824%)(0.750m),96.000(84.706%)(8.143m),85.936(75.826%)(7.065m),41.566(51.958%)(2.311m),40.000(100.000%)(3.214m),29.991(74.977%)(2.142m),856.174,3833.901,61.6,0.7397,"[0.619, 0.701, 0.399, 0.695, 0.828, 0.461]","[2.451, 3.022, 2.575, 2.536, 3.289, 2.920]","[-2.953, -4.632, -5.505, -3.716, -5.583, -5.108]"
288,1,-3.2005,-4.4154,0.335,284,759,114,0,0.563,55,0.00,5729,841.92,0,0,11.828(14.785%)(0.000m),22.495(19.849%)(0.267m),60.541(53.419%)(4.344m),79.000(69.706%)(6.321m),43.000(53.750%)(2.464m),9.955(24.887%)(0.000m),27.000(67.500%)(1.821m),2180.016,4763.220,61.9,0.7712,"[0.932, 0.979, 0.238, 0.928, 1.110, 0.265]","[2.602, 2.817, 2.485, 2.431, 3.111, 2.690]","[-4.165, -5.140, -5.024, -3.905, -5.031, -5.060]"
289,1,-6.0722,-4.4978,0.303,353,932,17,76,0.562,65,0.00,5765,1165.90,0,0,10.318(12.897%)(0.000m),16.904(14.915%)(0.000m),32.655(28.814%)(1.356m),58.000(51.177%)(4.071m),26.000(32.500%)(0.643m),10.318(25.795%)(0.034m),19.000(47.500%)(0.964m),1770.459,4178.318,61.1,0.9241,"[0.767, 0.945, 0.584, 0.880, 1.046, 0.552]","[2.451, 2.645, 2.452, 2.528, 2.808, 2.525]","[-4.814, -4.903, -4.929, -4.671, -4.678, -4.828]"
290,1,-4.1735,-4.4769,0.291,126,314,18,0,0.561,35,0.00,5778,414.69,0,0,12.572(15.715%)(0.000m),25.992(22.934%)(0.642m),72.291(63.787%)(5.603m),95.000(83.824%)(8.036m),76.230(95.288%)(6.025m),9.809(24.522%)(0.000m),40.000(100.000%)(3.214m),3423.164,7549.203,57.7,1.0450,"[0.964, 0.487, -0.274, 1.006, 0.509, -0.231]","[2.229, 2.638, 2.282, 2.303, 2.776, 2.466]","[-2.636, -4.831, -5.178, -2.705, -4.897, -4.893]"
291,1,-6.7368,-4.5058,0.323,294,735,70,33,0.560,55,0.00,5808,977.44,0,0,14.596(18.244%)(0.000m),31.017(27.368%)(1.180m),69.000(60.883%)(5.250m),48.000(42.353%)(3.000m),12.000(15.000%)(0.000m),10.253(25.631%)(0.027m),11.000(27.500%)(0.107m),1498.766,5245.512,57.9,0.9768,"[0.401, 0.152, -0.244, 0.528, 0.340, -0.236]","[2.302, 2.622, 2.586, 2.405, 2.879, 2.562]","[-2.460, -4.718, -5.424, -2.534, -4.558, -5.206]"
292,1,-5.3694,-4.5298,0.292,250,667,49,19,0.558,55,0.00,5833,801.84,0,0,17.713(22.141%)(0.000m),37.210(32.833%)(1.844m),73.000(64.412%)(5.679m),59.000(52.059%)(4.179m),38.000(47.500%)(1.929m),12.457(31.142%)(0.263m),11.000(27.500%)(0.107m),1123.768,4121.421,61.7,0.7952,"[1.051, 0.946, 0.201, 1.154, 1.155, 0.218]","[2.506, 2.121, 2.011, 2.721, 2.359, 2.120]","[-0.149, -1.827, -5.263, -0.148, -1.942, -5.539]"
293,1,-4.6472,-4.5908,0.376,207,517,70,27,0.557,45,0.00,5854,619.92,0,0,22.000(27.500%)(0.214m),25.000(22.059%)(0.536m),30.000(26.471%)(1.071m),65.538(57.828%)(4.879m),40.004(50.005%)(2.143m),40.000(100.000%)(3.214m),40.000(100.000%)(3.214m),17.830,2388.817,57.8,0.8748,"[0.457, 0.221, 0.164, 0.398, 0.213, 0.145]","[2.223, 2.783, 2.409, 2.229, 3.033, 2.614]","[-2.663, -4.512, -4.826, -3.435, -4.779, -4.365]"
294,1,-3.4661,-4.5496,0.411,209,596,38,79,0.556,50,0.00,5875,593.84,0,0,22.000(27.500%)(0.214m),54.000(47.647%)(3.643m),46.600(41.118%)(2.850m),19.726(17.405%)(0.000m),11.006(13.757%)(0.000m),15.000(37.500%)(0.536m),9.856(24.640%)(0.000m),1090.063,3688.841,66.0,0.8203,"[-0.062, 0.243, -0.006, -0.095, 0.400, 0.059]","[2.049, 2.407, 2.208, 2.136, 2.669, 2.404]","[-5.417, -5.290, -5.006, -5.562, -5.030, -4.909]"
295,1,-5.4143,-4.5387,0.334,273,718,35,30,0.555,55,0.00,5903,814.88,0,0,31.000(38.750%)(1.179m),57.000(50.294%)(3.964m),71.000(62.647%)(5.464m),44.385(39.163%)(2.613m),21.905(27.382%)(0.204m),13.000(32.500%)(0.321m),15.508(38.770%)(0.590m),839.170,4153.552,60.9,0.7829,"[0.033, 0.424, 0.381, 0.156, 0.639, 0.564]","[1.873, 2.120, 2.114, 1.966, 2.495, 2.205]","[-3.554, -1.214, -1.360, -3.624, -1.373, -0.871]"
296,1,-5.1423,-4.5336,0.323,108,269,19,0,0.554,30,0.00,5914,299.77,0,0,77.786(97.233%)(6.191m),105.000(92.647%)(9.107m),55.668(49.119%)(3.822m),21.410(18.891%)(0.151m),11.539(14.423%)(0.000m),40.000(100.000%)(3.214m),9.957(24.892%)(0.000m),3217.341,8474.190,57.7,0.8678,"[-1.588, -0.054, 0.819, -1.619, 0.099, 0.920]","[1.991, 2.526, 2.426, 2.007, 2.776, 2.442]","[-5.474, -4.730, -3.276, -5.691, -4.734, -3.326]"
297,1,-3.8884,-4.5352,0.297,299,758,61,62,0.553,55,0.00,5944,980.78,0,0,23.000(28.750%)(0.321m),32.000(28.235%)(1.286m),38.000(33.530%)(1.929m),20.280(17.894%)(0.030m),11.188(13.985%)(0.000m),21.000(52.500%)(1.179m),9.897(24.741%)(0.000m),230.262,4220.658,58.7,0.8925,"[0.026, 0.270, 0.257, -0.048, 0.394, 0.330]","[2.345, 2.513, 2.287, 2.239, 2.792, 2.331]","[-5.001, -5.461, -4.876, -5.191, -5.493, -5.143]"
298,1,-4.7074,-4.5269,0.356,150,389,17,0,0.552,40,0.00,5959,531.40,0,0,10.652(13.315%)(0.000m),17.452(15.399%)(0.000m),33.714(29.748%)(1.469m),70.000(61.765%)(5.357m),55.000(68.750%)(3.750m),10.652(26.631%)(0.070m),40.000(100.000%)(3.214m),1766.938,4861.910,60.0,0.9362,"[0.587, 0.562, 0.401, 0.742, 0.783, 0.362]","[1.809, 2.020, 1.984, 2.035, 2.410, 2.054]","[-5.262, -5.296, -5.203, -5.064, -5.514, -5.286]"
299,1,-3.7076,-4.5003,0.256,266,704,76,0,0.551,55,0.00,5986,881.23,0,0,11.839(14.799%)(0.000m),22.517(19.868%)(0.270m),63.218(55.781%)(4.630m),74.000(65.294%)(5.786m),35.000(43.750%)(1.607m),9.965(24.911%)(0.000m),29.000(72.500%)(2.036m),1807.570,4755.712,61.3,0.8544,"[0.537, 0.444, -0.361, 0.723, 0.454, -0.516]","[1.999, 1.763, 1.717, 2.410, 1.991, 1.806]","[-3.929, -4.729, -4.951, -3.934, -4.969, -5.380]"
300,1,-4.2125,-4.5353,0.328,133,372,28,10,0.550,40,0.00,6000,444.77,0,0,65.666(82.082%)(4.893m),21.000(18.529%)(0.107m),20.000(17.647%)(0.000m),20.000(17.647%)(0.000m),55.085(68.856%)(3.759m),40.000(100.000%)(3.214m),40.000(100.000%)(3.214m),0.000,2390.312,64.7,0.8158,"[-0.473, -0.673, -0.395, -0.463, -0.481, -0.602]","[1.449, 1.913, 1.843, 1.596, 2.220, 1.889]","[-4.535, -5.524, -5.083, -4.933, -5.422, -5.733]"
301,1,-1.6646,-4.5106,0.289,219,539,25,0,0.548,45,0.00,6022,679.31,0,0,12.547(15.684%)(0.000m),25.554(22.548%)(0.595m),55.000(48.530%)(3.750m),46.000(40.588%)(2.786m),42.000(52.500%)(2.357m),9.915(24.788%)(0.000m),40.000(100.000%)(3.214m),1188.074,4618.478,57.0,0.8905,"[0.351, 0.031, -0.258, 0.345, 0.181, -0.227]","[1.571, 2.129, 1.933, 1.562, 2.326, 2.000]","[-4.203, -5.884, -5.678, -4.748, -5.477, -5.166]"
302,1,-5.7278,-4.5573,0.379,199,484,16,0,0.547,40,0.00,6042,691.97,0,0,9.561(11.951%)(0.000m),13.567(11.970%)(0.000m),20.809(18.361%)(0.087m),52.284(46.133%)(3.459m),49.000(61.250%)(3.107m),12.099(30.247%)(0.225m),40.000(100.000%)(3.214m),1869.598,4963.281,56.3,1.0854,"[0.466, 0.601, 0.323, 0.624, 0.797, 0.292]","[1.987, 2.398, 2.104, 2.141, 2.686, 2.161]","[-6.292, -5.414, -5.721, -6.544, -5.798, -5.594]"
303,1,-2.5899,-4.4858,0.295,279,718,75,53,0.546,55,0.00,6070,987.44,0,0,21.773(27.216%)(0.190m),45.420(40.076%)(2.724m),70.000(61.765%)(5.357m),58.000(51.177%)(4.071m),16.000(20.000%)(0.000m),15.425(38.562%)(0.581m),10.000(25.000%)(0.000m),1381.470,5473.460,59.5,0.8614,"[0.567, 0.724, -0.140, 0.742, 0.913, -0.163]","[1.942, 2.222, 1.967, 2.304, 2.449, 2.063]","[-1.708, -1.660, -4.362, -1.621, -1.896, -4.620]"
304,1,-1.7982,-4.4356,0.313,460,1384,46,88,0.545,80,0.00,6116,1493.07,0,0,17.442(21.803%)(0.000m),29.000(25.588%)(0.964m),95.971(84.681%)(8.140m),51.000(45.000%)(3.321m),26.000(32.500%)(0.643m),12.246(30.614%)(0.241m),18.000(45.000%)(0.857m),0.000,3040.053,69.6,0.9954,"[-0.071, -0.003, -0.273, -0.131, -0.008, -0.323]","[2.062, 2.556, 2.303, 1.901, 2.846, 2.317]","[-5.136, -4.171, -4.965, -4.760, -5.913, -5.171]"
305,1,-3.5352,-4.3941,0.308,440,1180,53,93,0.544,70,0.00,6160,1442.41,0,0,15.000(18.750%)(0.000m),12.000(10.588%)(0.000m),17.000(15.000%)(0.000m),33.000(29.118%)(1.393m),18.468(23.085%)(0.000m),21.000(52.500%)(1.179m),12.966(32.415%)(0.318m),188.729,4684.883,62.1,1.1111,"[-0.222, 0.078, -0.153, -0.259, 0.129, -0.094]","[2.020, 2.592, 2.447, 2.003, 2.788, 2.466]","[-9.473, -8.959, -8.287, -10.327, -8.646, -7.660]"
306,1,-1.4247,-4.3849,0.351,182,467,64,19,0.543,45,0.00,6179,560.06,0,0,75.432(94.290%)(5.939m),20.000(17.647%)(0.000m),19.000(16.765%)(0.000m),20.000(17.647%)(0.000m),64.292(80.365%)(4.746m),40.000(100.000%)(3.214m),40.000(100.000%)(3.214m),0.000,2555.299,59.3,0.8151,"[0.341, 0.487, 0.274, 0.199, 0.336, 0.110]","[2.575, 3.317, 2.708, 2.416, 3.394, 2.753]","[-5.374, -5.233, -4.750, -5.503, -5.080, -4.949]"
307,1,-1.3531,-4.3742,0.320,407,1095,172,9,0.542,70,0.00,6220,1185.51,0,0,17.260(21.575%)(0.000m),19.000(16.765%)(0.000m),44.000(38.824%)(2.571m),41.000(36.177%)(2.250m),35.000(43.750%)(1.607m),12.113(30.283%)(0.226m),28.000(70.000%)(1.929m),0.000,3657.307,62.3,0.8289,"[1.003, 0.791, -0.041, 0.963, 0.726, -0.351]","[2.618, 2.920, 2.978, 2.551, 3.252, 3.055]","[-3.012, -5.393, -6.563, -4.467, -6.088, -6.407]"
308,1,-2.5889,-4.3442,0.284,568,1582,59,123,0.541,85,0.00,6277,1851.92,0,0,12.696(15.869%)(0.000m),27.088(23.901%)(0.759m),39.000(34.412%)(2.036m),35.000(30.882%)(1.607m),24.241(30.301%)(0.454m),9.654(24.134%)(0.000m),17.249(43.121%)(0.777m),361.221,3575.813,64.4,0.8489,"[0.149, 0.288, 0.039, 0.166, 0.447, 0.063]","[2.190, 2.666, 2.628, 2.147, 2.889, 2.513]","[-3.341, -4.610, -4.543, -2.978, -4.059, -4.803]"
309,1,-3.1153,-4.2434,0.326,139,386,18,0,0.540,40,0.00,6291,436.55,0,0,42.000(52.500%)(2.357m),65.000(57.353%)(4.821m),47.410(41.833%)(2.937m),20.069(17.708%)(0.007m),11.197(13.996%)(0.000m),40.000(100.000%)(3.214m),10.027(25.068%)(0.003m),1029.311,3675.332,64.3,0.7328,"[-0.052, 0.207, 0.352, -0.027, 0.440, 0.388]","[2.578, 2.756, 2.334, 2.579, 3.179, 2.555]","[-4.979, -5.208, -5.356, -5.155, -5.376, -5.607]"
310,1,-5.3739,-4.2047,0.340,290,716,105,0,0.539,55,0.00,6320,882.28,0,0,12.635(15.793%)(0.000m),26.103(23.032%)(0.654m),68.884(60.780%)(5.238m),77.000(67.941%)(6.107m),36.000(45.000%)(1.714m),9.858(24.644%)(0.000m),27.000(67.500%)(1.821m),2696.804,7279.892,57.1,0.8694,"[1.280, 1.409, 0.580, 1.528, 1.719, 0.509]","[2.744, 2.806, 2.591, 3.167, 3.344, 2.672]","[-3.989, -5.212, -4.956, -4.172, -5.218, -4.865]"
311,1,-5.3006,-4.2459,0.350,177,463,40,5,0.538,40,0.00,6338,559.79,0,0,9.609(12.012%)(0.000m),14.509(12.802%)(0.000m),24.331(21.469%)(0.464m),39.000(34.412%)(2.036m),33.000(41.250%)(1.393m),10.863(27.158%)(0.093m),40.000(100.000%)(3.214m),606.501,3365.463,60.6,0.7341,"[-0.188, -0.041, -0.371, -0.267, -0.035, -0.353]","[2.176, 2.687, 2.327, 2.174, 2.851, 2.438]","[-6.380, -5.794, -5.985, -6.680, -6.183, -5.689]"
312,1,-3.5704,-4.2463,0.377,240,683,81,0,0.537,55,0.00,6362,739.70,0,0,12.630(15.788%)(0.000m),26.112(23.040%)(0.655m),70.130(61.879%)(5.371m),53.000(46.765%)(3.536m),42.000(52.500%)(2.357m),9.606(24.014%)(0.000m),27.000(67.500%)(1.821m),888.426,3382.997,65.8,0.9134,"[0.666, 0.112, -1.033, 0.592, 0.023, -1.172]","[2.282, 2.814, 2.468, 2.325, 3.177, 2.661]","[-3.700, -4.900, -5.676, -3.917, -4.928, -5.970]"
313,1,-0.1199,-4.1886,0.341,348,979,95,9,0.535,65,0.00,6397,1043.33,0,0,33.000(41.250%)(1.393m),58.000(51.177%)(4.071m),39.000(34.412%)(2.036m),23.000(20.294%)(0.321m),17.164(21.456%)(0.000m),23.000(57.500%)(1.393m),12.034(30.085%)(0.218m),0.000,3344.986,65.1,0.9925,"[-0.269, 0.292, 0.411, -0.328, 0.507, 0.512]","[2.229, 2.703, 2.507, 2.082, 2.826, 2.419]","[-6.091, -5.768, -3.210, -6.087, -5.446, -3.161]"
314,1,-4.3689,-4.1136,0.278,196,508,24,12,0.534,45,0.00,6417,596.44,0,0,12.296(15.370%)(0.000m),24.006(21.182%)(0.429m),49.000(43.235%)(3.107m),40.000(35.294%)(2.143m),31.000(38.750%)(1.179m),10.093(25.232%)(0.010m),40.000(100.000%)(3.214m),648.255,4344.719,60.0,0.8027,"[0.352, 0.379, -0.009, 0.320, 0.484, -0.145]","[2.212, 2.552, 2.393, 2.508, 2.725, 2.391]","[-4.591, -5.621, -5.694, -4.549, -5.360, -5.613]"
315,1,-4.1302,-4.1016,0.362,199,524,13,16,0.533,45,0.00,6437,586.87,0,0,12.319(15.398%)(0.000m),25.089(22.137%)(0.545m),63.000(55.588%)(4.607m),39.000(34.412%)(2.036m),29.000(36.250%)(0.964m),9.735(24.336%)(0.000m),40.000(100.000%)(3.214m),558.173,3573.036,60.9,0.7362,"[0.166, 0.394, 0.202, 0.275, 0.445, 0.090]","[2.056, 2.556, 2.355, 2.161, 2.794, 2.343]","[-4.074, -4.936, -5.639, -4.231, -5.182, -5.734]"
316,1,-3.6986,-4.0813,0.296,404,1090,214,13,0.532,70,0.00,6478,1206.20,0,0,16.616(20.769%)(0.000m),22.000(19.412%)(0.214m),29.000(25.588%)(0.964m),45.000(39.706%)(2.679m),36.000(45.000%)(1.714m),11.685(29.213%)(0.181m),29.000(72.500%)(2.036m),0.000,2872.222,62.4,0.8216,"[0.335, 0.246, -0.354, 0.386, 0.350, -0.367]","[1.822, 2.476, 2.203, 1.984, 2.712, 2.331]","[-4.222, -5.273, -6.885, -4.506, -5.568, -5.885]"
317,1,-4.4081,-4.0913,0.296,134,331,14,0,0.531,35,0.00,6492,360.70,0,0,76.000(95.000%)(6.000m),102.000(90.000%)(8.786m),59.853(52.812%)(4.270m),22.324(19.698%)(0.249m),11.738(14.672%)(0.000m),40.000(100.000%)(3.214m),9.879(24.698%)(0.000m),4184.935,8370.345,57.2,0.7437,"[-0.152, 0.656, 0.932, -0.126, 0.869, 0.932]","[1.938, 2.233, 2.021, 1.893, 2.282, 2.065]","[-5.204, -4.801, -3.524, -5.223, -4.520, -3.436]"
318,1,-4.3754,-4.0577,0.356,199,484,19,0,0.530,45,0.00,6512,651.11,0,0,50.000(62.500%)(3.214m),67.000(59.118%)(5.036m),33.215(29.308%)(1.416m),17.194(15.171%)(0.000m),10.495(13.118%)(0.000m),40.000(100.000%)(3.214m),10.495(26.237%)(0.053m),2377.204,6030.035,56.3,0.8585,"[0.187, 0.652, 0.936, 0.310, 0.945, 0.971]","[1.848, 2.295, 2.158, 1.886, 2.455, 2.082]","[-5.442, -5.741, -6.299, -5.373, -5.462, -6.418]"
319,1,-4.2323,-4.0241,0.297,179,465,22,0,0.529,40,0.00,6530,475.89,0,0,11.666(14.583%)(0.000m),21.146(18.659%)(0.123m),51.465(45.411%)(3.371m),47.000(41.471%)(2.893m),39.000(48.750%)(2.036m),10.319(25.798%)(0.034m),40.000(100.000%)(3.214m),1148.051,4080.705,60.2,0.8009,"[0.524, 0.366, -0.445, 0.595, 0.471, -0.508]","[2.653, 2.135, 2.071, 3.022, 2.437, 2.283]","[-4.794, -5.038, -5.842, -4.722, -5.012, -5.911]"
320,1,-4.7164,-4.0766,0.408,189,522,17,54,0.528,45,0.00,6549,602.32,0,0,12.000(15.000%)(0.000m),39.000(34.412%)(2.036m),65.000(57.353%)(4.821m),75.233(66.382%)(5.918m),39.718(49.648%)(2.113m),11.000(27.500%)(0.107m),28.556(71.391%)(1.988m),383.031,3478.878,64.0,0.7693,"[0.120, 0.373, 0.327, 0.136, 0.534, 0.409]","[1.816, 2.213, 1.911, 1.912, 2.451, 2.089]","[-1.347, -1.342, -1.848, -1.555, -1.656, -2.107]"
321,1,-5.7330,-4.1049,0.376,127,315,28,0,0.527,35,0.00,6562,358.78,0,0,12.885(16.106%)(0.000m),27.952(24.663%)(0.852m),74.034(65.324%)(5.789m),99.000(87.353%)(8.464m),77.067(96.334%)(6.114m),9.671(24.178%)(0.000m),40.000(100.000%)(3.214m),4047.674,9303.859,57.5,0.6921,"[0.889, 0.140, -0.749, 1.133, 0.181, -0.804]","[2.553, 2.278, 2.166, 2.663, 2.776, 2.324]","[-1.598, -3.535, -4.903, -1.131, -3.975, -4.884]"
322,1,-5.7823,-4.1351,0.296,374,957,73,32,0.526,65,0.00,6600,1131.80,0,0,11.390(14.238%)(0.000m),20.646(18.217%)(0.069m),50.247(44.336%)(3.241m),68.000(60.000%)(5.143m),34.000(42.500%)(1.500m),10.075(25.188%)(0.008m),21.000(52.500%)(1.179m),2805.972,6440.180,59.2,0.9398,"[0.908, 1.143, 0.376, 1.086, 1.321, 0.276]","[2.732, 2.880, 2.584, 2.899, 3.324, 2.584]","[-4.194, -4.425, -4.652, -3.751, -4.792, -4.784]"
323,1,-5.1958,-4.1688,0.309,198,530,99,0,0.525,45,0.00,6620,566.12,0,0,44.000(55.000%)(2.571m),86.000(75.883%)(7.071m),56.247(49.630%)(3.884m),21.633(19.088%)(0.175m),11.659(14.574%)(0.000m),32.000(80.000%)(2.357m),10.060(25.151%)(0.006m),2552.294,5945.811,62.0,0.7299,"[-1.502, -0.116, 0.329, -1.677, -0.009, 0.340]","[1.740, 2.111, 2.056, 1.798, 2.460, 2.024]","[-5.194, -4.827, -3.515, -5.221, -4.941, -3.534]"
324,1,-4.5986,-4.1470,0.366,219,562,40,43,0.524,45,0.00,6642,667.94,0,0,10.402(13.003%)(0.000m),17.042(15.037%)(0.000m),32.923(29.049%)(1.385m),26.000(22.941%)(0.643m),22.000(27.500%)(0.214m),10.402(26.006%)(0.043m),40.000(100.000%)(3.214m),93.869,3661.053,59.4,0.7979,"[-0.052, 0.239, 0.184, -0.046, 0.394, 0.094]","[2.156, 2.363, 2.093, 2.412, 2.638, 2.169]","[-5.573, -5.059, -5.072, -5.509, -5.365, -5.216]"
325,1,-0.5896,-4.0613,0.279,259,716,14,80,0.523,55,0.00,6668,795.06,0,0,26.000(32.500%)(0.643m),46.000(40.588%)(2.786m),59.000(52.059%)(4.179m),25.679(22.658%)(0.608m),12.608(15.761%)(0.000m),18.000(45.000%)(0.857m),9.964(24.909%)(0.000m),756.834,3244.475,64.0,0.8677,"[-0.150, 0.143, 0.292, -0.084, 0.419, 0.275]","[1.846, 2.200, 2.214, 1.925, 2.592, 2.263]","[-5.452, -4.882, -2.843, -5.226, -4.490, -2.682]"
326,1,-4.5095,-4.0579,0.345,185,474,0,19,0.522,45,0.00,6687,512.00,0,0,23.000(28.750%)(0.321m),28.000(24.706%)(0.857m),62.000(54.706%)(4.500m),79.364(70.027%)(6.360m),42.954(53.693%)(2.459m),39.482(98.705%)(3.159m),35.703(89.258%)(2.754m),92.010,2722.136,59.3,0.8535,"[0.525, 0.417, 0.098, 0.650, 0.535, 0.210]","[1.700, 2.265, 2.047, 1.840, 2.437, 2.256]","[-2.503, -4.141, -5.072, -2.978, -4.692, -4.506]"
327,1,0.0085,-3.9819,0.335,484,1259,0,28,0.521,70,0.00,6736,1441.95,0,0,12.000(15.000%)(0.000m),23.000(20.294%)(0.321m),65.000(57.353%)(4.821m),45.000(39.706%)(2.679m),24.380(30.475%)(0.469m),24.000(60.000%)(1.500m),17.316(43.290%)(0.784m),812.709,4389.849,60.2,0.8130,"[-0.050, 0.416, 0.070, -0.067, 0.481, 0.134]","[1.909, 2.421, 2.076, 1.972, 2.683, 2.341]","[-6.137, -6.785, -7.239, -7.172, -7.590, -6.256]"
328,1,-3.5868,-3.9164,0.308,233,615,23,30,0.520,50,0.00,6760,666.15,0,0,22.207(27.759%)(0.236m),45.012(39.717%)(2.680m),66.000(58.235%)(4.929m),45.000(39.706%)(2.679m),12.000(15.000%)(0.000m),15.719(39.298%)(0.613m),10.000(25.000%)(0.000m),661.222,4134.893,61.1,0.8167,"[0.649, 0.954, 0.643, 0.727, 1.118, 0.611]","[2.017, 2.478, 2.216, 2.035, 2.826, 2.339]","[-1.450, -1.688, -2.676, -1.178, -1.632, -3.294]"
329,1,-1.9028,-3.8288,0.372,196,497,38,2,0.519,45,0.00,6780,562.00,0,0,11.283(14.104%)(0.000m),19.584(17.280%)(0.000m),42.764(37.733%)(2.439m),40.000(35.294%)(2.143m),34.000(42.500%)(1.500m),10.484(26.211%)(0.052m),40.000(100.000%)(3.214m),759.911,3832.907,58.7,0.7318,"[0.168, 0.248, 0.008, 0.157, 0.396, 0.020]","[2.258, 2.512, 2.173, 2.263, 2.879, 2.377]","[-5.155, -5.263, -5.346, -5.248, -5.418, -5.208]"
330,1,-1.9870,-3.7647,0.322,229,596,57,29,0.518,50,0.00,6803,684.16,0,0,12.818(16.022%)(0.000m),26.914(23.748%)(0.741m),41.000(36.177%)(2.250m),33.000(29.118%)(1.393m),25.000(31.250%)(0.536m),9.873(24.683%)(0.000m),33.000(82.500%)(2.464m),303.413,4056.243,60.2,0.7781,"[0.566, 0.347, -0.477, 0.584, 0.387, -0.641]","[1.987, 2.387, 2.120, 2.165, 2.745, 2.342]","[-3.851, -4.386, -4.773, -3.430, -4.370, -4.775]"
331,1,-3.0483,-3.8044,0.290,407,1097,149,9,0.517,70,0.00,6844,1199.67,0,0,15.842(19.803%)(0.000m),33.668(29.707%)(1.464m),113.333(100.000%)(10.000m),24.000(21.177%)(0.429m),29.000(36.250%)(0.964m),11.130(27.824%)(0.121m),29.000(72.500%)(2.036m),2116.032,6087.654,62.4,0.8419,"[0.429, 0.396, -0.349, 0.510, 0.538, -0.489]","[2.137, 2.478, 2.343, 2.159, 2.704, 2.413]","[-5.935, -7.117, -4.845, -5.558, -6.128, -5.132]"
332,1,-5.4986,-3.7826,0.339,210,535,38,13,0.515,45,0.00,6865,680.22,0,0,11.399(14.249%)(0.000m),20.663(18.232%)(0.071m),46.000(40.588%)(2.786m),35.000(30.882%)(1.607m),30.000(37.500%)(1.071m),10.083(25.208%)(0.009m),40.000(100.000%)(3.214m),434.983,4143.395,59.0,0.8476,"[0.517, 0.633, 0.316, 0.490, 0.739, 0.181]","[2.146, 2.707, 2.426, 2.149, 2.914, 2.575]","[-4.920, -4.794, -4.950, -4.645, -5.101, -5.169]"
333,1,-4.0271,-3.8357,0.419,109,294,19,0,0.514,30,0.00,6876,324.11,0,0,11.214(14.018%)(0.000m),20.100(17.735%)(0.011m),47.483(41.897%)(2.945m),91.000(80.294%)(7.607m),65.000(81.250%)(4.821m),10.043(25.107%)(0.005m),40.000(100.000%)(3.214m),1757.390,4777.698,62.3,0.8411,"[0.687, 0.431, -0.399, 0.632, 0.382, -0.476]","[2.243, 2.324, 2.132, 2.256, 2.739, 2.258]","[-5.556, -5.244, -5.536, -5.508, -5.794, -5.701]"
334,1,-4.2873,-3.8345,0.331,318,834,100,10,0.513,60,0.00,6908,947.55,0,0,11.197(13.996%)(0.000m),20.296(17.908%)(0.032m),49.395(43.584%)(3.149m),49.000(43.235%)(3.107m),36.000(45.000%)(1.714m),9.904(24.760%)(0.000m),24.000(60.000%)(1.500m),1055.638,4471.255,60.7,0.9288,"[0.658, 0.786, -0.003, 0.754, 0.866, -0.140]","[2.320, 2.456, 1.953, 2.429, 2.625, 2.112]","[-4.970, -5.030, -5.469, -4.841, -5.145, -5.565]"
335,1,-2.5605,-3.7761,0.344,221,592,26,26,0.512,50,0.00,6931,671.31,0,0,25.000(31.250%)(0.536m),41.000(36.177%)(2.250m),33.185(29.281%)(1.413m),17.473(15.418%)(0.000m),10.761(13.451%)(0.000m),22.000(55.000%)(1.286m),10.893(27.233%)(0.096m),416.391,3652.893,62.0,0.8111,"[0.163, 0.412, 0.417, 0.014, 0.570, 0.437]","[2.147, 2.504, 2.064, 2.050, 2.717, 2.169]","[-4.896, -5.762, -6.148, -5.323, -5.646, -6.010]"
336,1,-3.9672,-3.7868,0.296,314,865,95,0,0.511,60,0.00,6963,1012.44,0,0,12.237(15.297%)(0.000m),23.891(21.081%)(0.417m),73.438(64.799%)(5.726m),59.000(52.059%)(4.179m),36.000(45.000%)(1.714m),10.045(25.112%)(0.005m),26.000(65.000%)(1.714m),979.778,3616.761,63.7,0.9203,"[0.894, 0.805, -0.049, 0.912, 0.826, -0.068]","[2.095, 2.644, 2.245, 2.123, 2.781, 2.415]","[-2.172, -3.415, -5.429, -2.023, -3.801, -5.339]"
337,1,-2.3869,-3.7697,0.307,159,427,18,0,0.510,40,0.00,6979,543.57,0,0,48.000(60.000%)(3.000m),84.000(74.118%)(6.857m),87.712(77.394%)(7.255m),26.213(23.129%)(0.666m),12.679(15.849%)(0.000m),40.000(100.000%)(3.214m),9.892(24.730%)(0.000m),1764.120,4776.378,62.1,1.8761,"[-0.288, 0.738, 1.009, -0.284, 0.897, 1.118]","[1.943, 2.425, 2.164, 2.044, 2.734, 2.254]","[-5.565, -3.570, -1.706, -5.423, -3.566, -1.111]"
338,1,-5.7430,-3.8205,0.337,448,1175,196,17,0.509,70,0.00,7024,1376.07,0,0,16.742(20.927%)(0.000m),20.000(17.647%)(0.000m),20.000(17.647%)(0.000m),54.000(47.647%)(3.643m),36.000(45.000%)(1.714m),11.753(29.381%)(0.188m),29.000(72.500%)(2.036m),0.000,3195.506,60.7,0.8840,"[0.783, 0.713, -0.094, 0.821, 0.713, -0.199]","[2.254, 3.074, 2.558, 2.340, 3.115, 2.602]","[-6.245, -5.523, -5.672, -6.603, -5.740, -5.519]"
339,1,-2.7714,-3.7545,0.335,162,437,21,0,0.508,40,0.00,7041,431.75,0,0,43.000(53.750%)(2.464m),62.000(54.706%)(4.500m),50.823(44.844%)(3.302m),20.882(18.426%)(0.095m),11.521(14.401%)(0.000m),40.000(100.000%)(3.214m),10.191(25.476%)(0.020m),993.637,3907.211,62.5,0.8776,"[-0.323, 0.531, 0.967, -0.310, 0.721, 1.027]","[2.634, 3.363, 2.774, 2.631, 3.564, 3.050]","[-5.829, -5.561, -4.669, -5.445, -5.260, -4.838]"
340,1,1.2031,-3.6470,0.306,716,2106,195,63,0.507,95,0.00,7113,2254.54,0,0,13.000(16.250%)(0.000m),24.000(21.177%)(0.429m),48.000(42.353%)(3.000m),36.000(31.765%)(1.714m),21.051(26.313%)(0.113m),11.000(27.500%)(0.107m),14.839(37.097%)(0.518m),98.540,3344.850,68.1,0.8273,"[-0.347, 0.134, -0.056, -0.504, 0.188, -0.063]","[2.832, 3.267, 2.663, 2.872, 3.602, 2.918]","[-5.079, -6.020, -6.204, -5.831, -6.521, -6.084]"
341,1,-1.4766,-3.5418,0.276,279,842,0,62,0.506,65,0.00,7141,892.27,0,0,27.000(33.750%)(0.750m),75.000(66.177%)(5.893m),67.000(59.118%)(5.036m),24.000(21.177%)(0.429m),24.000(30.000%)(0.429m),19.000(47.500%)(0.964m),18.712(46.781%)(0.933m),0.000,3242.066,69.9,0.9675,"[-0.040, 0.045, 0.026, -0.054, 0.230, -0.048]","[2.220, 2.932, 2.591, 2.340, 3.043, 2.678]","[-5.879, -7.100, -5.428, -5.439, -6.734, -5.234]"
342,1,-3.6174,-3.5067,0.362,411,1105,93,11,0.505,70,0.00,7183,1314.20,0,0,20.859(26.074%)(0.092m),43.594(38.465%)(2.528m),20.000(17.647%)(0.000m),23.000(20.294%)(0.321m),33.185(41.482%)(1.413m),14.751(36.877%)(0.509m),26.000(65.000%)(1.714m),0.000,5060.898,62.2,0.9246,"[0.894, 1.124, 0.603, 0.933, 1.317, 0.561]","[2.613, 2.829, 2.644, 2.708, 3.225, 2.705]","[-4.775, -5.440, -7.229, -4.580, -5.154, -7.471]"
343,1,-2.8029,-3.4698,0.329,476,1267,185,57,0.504,75,0.00,7231,1517.46,0,0,15.232(19.040%)(0.000m),32.347(28.541%)(1.323m),64.000(56.471%)(4.714m),31.000(27.353%)(1.179m),13.000(16.250%)(0.000m),10.703(26.758%)(0.075m),10.000(25.000%)(0.000m),456.048,4086.466,61.6,0.9518,"[0.765, 0.873, 0.329, 0.828, 0.985, 0.289]","[2.554, 3.365, 2.744, 2.593, 3.435, 2.862]","[-5.686, -7.314, -5.566, -5.509, -6.485, -5.273]"
344,1,-4.2137,-3.4848,0.341,261,679,68,15,0.503,55,0.00,7258,848.75,0,0,15.312(19.140%)(0.000m),32.529(28.703%)(1.342m),79.000(69.706%)(6.321m),59.000(52.059%)(4.179m),40.000(50.000%)(2.143m),10.765(26.913%)(0.082m),12.000(30.000%)(0.214m),1004.821,4897.817,60.2,0.9349,"[1.395, 1.616, 0.450, 1.446, 1.700, 0.390]","[2.436, 3.124, 2.642, 2.525, 3.251, 2.770]","[-0.074, -0.385, -4.641, 0.175, -0.508, -4.837]"
345,1,-4.4822,-3.4661,0.354,225,563,23,0,0.502,45,0.00,7281,786.43,0,0,38.000(47.500%)(1.929m),60.000(52.941%)(4.286m),89.475(78.949%)(7.444m),26.163(23.085%)(0.660m),12.655(15.818%)(0.000m),40.000(100.000%)(3.214m),9.873(24.683%)(0.000m),2090.804,6521.836,57.9,1.0343,"[0.363, 0.919, 1.055, 0.497, 1.219, 1.169]","[2.264, 2.736, 2.245, 2.426, 3.004, 2.518]","[-5.627, -3.158, -1.038, -5.439, -2.946, -0.579]"
346,1,-4.7853,-3.4590,0.458,106,267,18,0,0.501,30,0.00,7292,358.77,0,0,77.786(97.233%)(6.191m),92.000(81.177%)(7.714m),28.903(25.503%)(0.954m),16.399(14.470%)(0.000m),10.532(13.165%)(0.000m),40.000(100.000%)(3.214m),11.334(28.336%)(0.143m),2802.715,6693.680,58.3,0.9502,"[-0.864, -0.269, 0.364, -0.857, 0.017, 0.393]","[1.862, 2.637, 2.175, 1.930, 2.813, 2.309]","[-4.961, -5.470, -5.573, -5.181, -5.412, -5.855]"
347,1,-4.0069,-3.4614,0.275,130,373,14,0,0.500,35,0.00,7305,399.41,0,0,39.000(48.750%)(2.036m),45.358(40.022%)(2.717m),18.637(16.445%)(0.000m),12.253(10.812%)(0.000m),8.691(10.863%)(0.000m),40.000(100.000%)(3.214m),11.139(27.847%)(0.122m),544.951,2810.610,66.4,0.9194,"[-0.135, -0.175, 0.072, -0.160, 0.069, -0.085]","[1.927, 2.376, 2.268, 1.945, 2.644, 2.355]","[-5.297, -5.535, -6.074, -5.401, -5.493, -6.358]"
348,1,-2.4170,-3.4156,0.310,387,1055,69,13,0.499,70,0.00,7344,1259.00,0,0,17.255(21.569%)(0.000m),20.000(17.647%)(0.000m),63.000(55.588%)(4.607m),54.000(47.647%)(3.643m),40.000(50.000%)(2.143m),12.124(30.310%)(0.228m),25.000(62.500%)(1.607m),0.000,3150.708,63.1,0.9427,"[0.897, 0.591, -0.145, 0.907, 0.551, -0.209]","[2.129, 2.712, 2.334, 2.173, 2.908, 2.453]","[-3.161, -5.458, -6.668, -3.655, -5.687, -6.458]"
349,1,-5.1066,-3.4435,0.458,92,236,15,0,0.498,25,0.00,7354,319.16,0,0,10.925(13.656%)(0.000m),18.231(16.086%)(0.000m),36.535(32.237%)(1.772m),108.000(95.294%)(9.429m),76.230(95.288%)(6.025m),10.661(26.653%)(0.071m),40.000(100.000%)(3.214m),3442.414,6287.494,59.3,0.6631,"[0.689, 0.094, -1.131, 0.954, -0.219, -1.162]","[2.057, 2.687, 2.262, 2.344, 2.889, 2.408]","[-5.881, -4.962, -5.199, -5.829, -5.630, -5.134]"
350,1,-6.1104,-3.4815,0.340,237,595,55,39,0.497,50,0.00,7378,844.68,0,0,11.315(14.144%)(0.000m),19.846(17.511%)(0.000m),39.000(34.412%)(2.036m),31.000(27.353%)(1.179m),26.000(32.500%)(0.643m),10.386(25.964%)(0.041m),40.000(100.000%)(3.214m),364.032,4106.574,58.1,1.0580,"[0.287, 0.495, 0.013, 0.389, 0.390, -0.028]","[2.439, 2.925, 2.466, 2.778, 3.159, 2.694]","[-5.220, -5.391, -5.566, -5.041, -6.007, -5.279]"
351,1,-3.5039,-3.5183,0.255,143,391,21,12,0.496,40,0.00,7393,533.11,0,0,23.000(28.750%)(0.321m),20.000(17.647%)(0.000m),32.000(28.235%)(1.286m),103.339(91.182%)(8.929m),50.807(63.509%)(3.301m),40.000(100.000%)(3.214m),36.822(92.055%)(2.874m),0.000,2425.088,63.3,0.9238,"[0.317, -0.024, -0.147, 0.252, -0.078, -0.038]","[2.362, 2.471, 2.209, 2.333, 2.807, 2.424]","[-3.874, -5.982, -6.010, -4.578, -6.466, -5.236]"
352,1,-2.9295,-3.4623,0.370,194,490,53,23,0.495,45,0.00,7413,722.14,0,0,24.000(30.000%)(0.429m),20.000(17.647%)(0.000m),36.000(31.765%)(1.714m),101.964(89.969%)(8.782m),52.227(65.284%)(3.453m),40.000(100.000%)(3.214m),40.000(100.000%)(3.214m),0.000,2088.421,58.4,0.9220,"[0.288, 0.048, -0.158, 0.222, -0.109, -0.186]","[2.301, 2.827, 2.419, 2.260, 3.121, 2.628]","[-2.547, -4.952, -5.749, -3.120, -5.065, -5.264]"
353,1,-1.1449,-3.4334,0.295,358,963,99,34,0.494,65,0.00,7449,1193.65,0,0,10.815(13.519%)(0.000m),18.048(15.924%)(0.000m),36.167(31.912%)(1.732m),35.000(30.882%)(1.607m),25.000(31.250%)(0.536m),10.554(26.385%)(0.059m),25.000(62.500%)(1.607m),485.621,3706.193,62.3,1.0149,"[0.262, 0.466, 0.050, 0.340, 0.577, -0.027]","[2.121, 2.404, 2.203, 2.294, 2.560, 2.189]","[-4.626, -4.907, -5.107, -4.531, -4.868, -5.310]"
354,1,-2.4636,-3.4467,0.423,156,442,29,0,0.493,40,0.00,7465,543.28,0,0,44.000(55.000%)(2.571m),77.000(67.941%)(6.107m),64.633(57.029%)(4.782m),23.021(20.313%)(0.324m),12.104(15.130%)(0.000m),40.000(100.000%)(3.214m),10.188(25.469%)(0.020m),1100.617,3931.409,65.5,1.1020,"[-0.485, 0.467, 0.622, -0.531, 0.430, 0.703]","[2.452, 2.992, 2.372, 2.522, 3.122, 2.633]","[-5.877, -5.247, -3.891, -5.671, -5.560, -3.933]"
355,1,-1.1101,-3.3982,0.318,226,623,63,0,0.492,50,0.00,7488,799.23,0,0,33.000(41.250%)(1.393m),49.000(43.235%)(3.107m),64.036(56.503%)(4.718m),22.809(20.126%)(0.301m),11.992(14.991%)(0.000m),28.000(70.000%)(1.929m),10.094(25.234%)(0.010m),496.040,3873.349,63.8,0.9305,"[-0.042, 0.876, 0.908, -0.110, 0.959, 0.875]","[2.086, 2.576, 2.218, 2.108, 2.703, 2.319]","[-5.720, -5.149, -3.516, -5.443, -5.355, -3.590]"
356,1,-2.3341,-3.4164,0.304,220,617,43,0,0.491,50,0.00,7510,869.23,0,0,12.706(15.883%)(0.000m),26.270(23.179%)(0.672m),84.000(74.118%)(6.857m),55.000(48.530%)(3.750m),34.000(42.500%)(1.500m),9.914(24.784%)(0.000m),27.000(67.500%)(1.821m),647.656,3566.927,64.9,1.0487,"[1.086, 1.213, 0.254, 1.100, 1.020, 0.217]","[2.589, 3.199, 2.781, 2.634, 3.472, 2.959]","[-2.890, -4.524, -5.750, -2.846, -5.112, -5.655]"
357,1,-2.6527,-3.4424,0.394,909,2527,91,142,0.490,95,0.00,7601,3115.47,0,0,19.636(24.545%)(0.000m),41.049(36.220%)(2.255m),74.000(65.294%)(5.786m),50.767(44.795%)(3.296m),24.307(30.384%)(0.461m),13.892(34.729%)(0.417m),16.000(40.000%)(0.643m),1237.265,5095.186,64.3,0.8378,"[0.805, 1.117, 0.811, 0.792, 1.261, 0.813]","[2.879, 3.483, 3.040, 2.818, 3.513, 3.259]","[-3.145, -2.164, -2.617, -3.459, -2.256, -2.985]"
358,1,-5.1888,-3.4944,0.337,206,503,21,0,0.489,45,0.00,7622,675.32,0,0,47.000(58.750%)(2.893m),56.000(49.412%)(3.857m),42.378(37.392%)(2.398m),19.407(17.124%)(0.000m),11.181(13.976%)(0.000m),40.000(100.000%)(3.214m),10.390(25.974%)(0.042m),1599.105,5193.970,56.5,0.8519,"[0.771, 1.205, 1.477, 0.800, 1.350, 1.413]","[2.998, 3.218, 2.901, 3.093, 3.563, 3.011]","[-4.736, -4.887, -4.389, -4.997, -5.281, -4.914]"
359,1,-3.8884,-3.5099,0.282,460,1227,68,29,0.488,70,0.00,7668,1639.40,0,0,23.066(28.833%)(0.329m),46.000(40.588%)(2.786m),50.000(44.118%)(3.214m),21.000(18.529%)(0.107m),12.000(15.000%)(0.000m),16.288(40.720%)(0.674m),11.000(27.500%)(0.107m),675.108,3916.079,61.7,0.9416,"[0.694, 0.778, 0.624, 0.796, 0.958, 0.537]","[2.926, 3.281, 2.828, 2.850, 3.545, 2.801]","[-6.095, -7.977, -5.602, -5.544, -6.467, -5.402]"
360,1,-2.4875,-3.4521,0.307,125,357,4,10,0.487,35,0.00,7681,432.37,0,0,51.349(64.187%)(3.359m),106.162(93.672%)(9.232m),55.000(48.530%)(3.750m),22.000(19.412%)(0.214m),23.000(28.750%)(0.321m),40.000(100.000%)(3.214m),40.000(100.000%)(3.214m),0.000,2150.420,66.0,1.1098,"[-0.160, -0.153, 0.262, -0.221, 0.030, 0.192]","[2.833, 3.243, 2.812, 2.754, 3.576, 3.052]","[-5.233, -7.943, -6.037, -4.641, -6.154, -5.787]"
361,1,-4.7240,-3.4406,0.321,576,1491,87,124,0.486,75,0.00,7739,1922.31,0,0,16.666(20.832%)(0.000m),35.140(31.006%)(1.622m),67.000(59.118%)(5.036m),51.000(45.000%)(3.321m),26.000(32.500%)(0.643m),11.733(29.332%)(0.186m),12.000(30.000%)(0.214m),919.352,5013.434,59.9,0.9058,"[0.719, 0.793, 0.013, 0.782, 0.805, 0.004]","[2.526, 2.958, 2.511, 2.411, 3.162, 2.696]","[-3.323, -3.671, -6.118, -3.555, -4.915, -6.117]"
362,1,-3.7541,-3.4443,0.338,269,704,171,0,0.485,55,0.00,7766,838.93,0,0,11.787(14.734%)(0.000m),21.614(19.071%)(0.173m),54.307(47.918%)(3.676m),77.000(67.941%)(6.107m),40.000(50.000%)(2.143m),10.298(25.746%)(0.032m),30.000(75.000%)(2.143m),3430.141,6575.668,60.6,0.9413,"[1.118, 0.834, -0.348, 1.220, 0.649, -0.378]","[2.097, 2.330, 2.044, 2.096, 2.543, 2.259]","[-4.956, -4.635, -5.423, -4.692, -5.393, -5.392]"
363,1,-6.0740,-3.5634,0.231,136,334,38,0,0.484,35,0.00,7780,404.74,0,0,13.140(16.425%)(0.000m),29.001(25.589%)(0.964m),71.572(63.152%)(5.526m),95.000(83.824%)(8.036m),76.230(95.288%)(6.025m),9.736(24.339%)(0.000m),40.000(100.000%)(3.214m),3809.080,9449.126,56.8,0.7445,"[1.212, 0.169, -1.062, 1.486, 0.037, -1.075]","[2.758, 3.102, 2.754, 2.641, 3.350, 2.754]","[-1.453, -3.854, -5.349, -0.940, -4.586, -5.033]"
364,1,-0.9322,-3.4946,0.329,480,1439,107,126,0.483,80,0.00,7828,1639.94,0,0,25.000(31.250%)(0.536m),30.401(26.825%)(1.114m),15.737(13.885%)(0.000m),11.128(9.818%)(0.000m),8.373(10.467%)(0.000m),18.000(45.000%)(0.857m),12.241(30.603%)(0.240m),182.930,2433.958,69.4,0.9359,"[-0.157, 0.260, 0.100, -0.282, 0.299, 0.040]","[2.615, 3.167, 2.874, 2.533, 3.419, 3.052]","[-4.986, -5.138, -5.005, -5.662, -5.080, -5.469]"
365,1,-2.0657,-3.4533,0.332,297,743,39,25,0.483,55,0.00,7858,1063.55,0,0,22.288(27.860%)(0.245m),46.509(41.037%)(2.840m),51.000(45.000%)(3.321m),41.000(36.177%)(2.250m),11.000(13.750%)(0.000m),15.771(39.427%)(0.618m),12.000(30.000%)(0.214m),766.818,4148.475,57.9,1.1028,"[1.365, 1.532, 1.081, 1.530, 1.708, 0.929]","[3.056, 3.205, 2.858, 3.130, 3.421, 2.907]","[-1.133, -1.004, -2.955, -0.760, -0.953, -3.659]"
366,1,-0.7497,-3.3944,0.491,307,898,54,12,0.482,65,0.00,7889,1001.08,0,0,31.000(38.750%)(1.179m),48.000(42.353%)(3.000m),39.000(34.412%)(2.036m),26.000(22.941%)(0.643m),22.000(27.500%)(0.214m),22.000(55.000%)(1.286m),15.716(39.291%)(0.612m),0.000,2790.511,67.7,1.0155,"[0.018, 0.521, 0.619, 0.020, 0.731, 0.547]","[2.862, 3.230, 2.961, 2.888, 3.456, 3.041]","[-5.603, -6.112, -3.841, -5.158, -5.287, -3.737]"
367,1,-3.9591,-3.3854,0.379,209,517,15,0,0.481,45,0.00,7910,742.76,0,0,46.000(57.500%)(2.786m),54.000(47.647%)(3.643m),68.527(60.465%)(5.199m),25.332(22.351%)(0.571m),12.438(15.547%)(0.000m),40.000(100.000%)(3.214m),9.829(24.572%)(0.000m),1667.924,5512.489,57.3,1.0168,"[0.835, 1.116, 1.392, 0.765, 1.343, 1.354]","[2.846, 3.216, 2.975, 2.674, 3.289, 2.999]","[-5.498, -4.758, -3.007, -5.245, -4.647, -3.060]"
368,1,-3.9342,-3.3766,0.292,189,490,84,0,0.480,45,0.00,7929,587.29,0,0,12.564(15.704%)(0.000m),25.588(22.577%)(0.599m),68.246(60.217%)(5.169m),74.000(65.294%)(5.786m),38.000(47.500%)(1.929m),9.928(24.820%)(0.000m),40.000(100.000%)(3.214m),2225.057,7386.878,60.0,0.9947,"[1.720, 1.355, 0.080, 1.707, 1.427, 0.130]","[2.951, 3.331, 2.984, 2.804, 3.590, 3.202]","[-3.524, -5.790, -5.331, -3.353, -5.346, -5.282]"
369,1,-2.9852,-3.3516,0.366,129,363,13,0,0.479,35,0.00,7942,326.47,0,0,47.000(58.750%)(2.893m),65.000(57.353%)(4.821m),68.082(60.073%)(5.152m),25.397(22.409%)(0.578m),12.470(15.587%)(0.000m),40.000(100.000%)(3.214m),9.854(24.635%)(0.000m),799.752,3639.059,65.0,0.7832,"[-0.429, 0.175, 0.796, -0.516, 0.175, 0.773]","[2.830, 3.229, 2.764, 2.782, 3.372, 2.976]","[-5.756, -4.265, -2.234, -5.663, -4.653, -2.312]"
370,1,-2.2822,-3.3029,0.381,193,501,22,0,0.478,45,0.00,7962,646.84,0,0,11.425(14.281%)(0.000m),20.709(18.273%)(0.076m),50.401(44.472%)(3.257m),59.000(52.059%)(4.179m),40.000(50.000%)(2.143m),10.106(25.265%)(0.011m),40.000(100.000%)(3.214m),1624.980,4691.569,60.0,1.1331,"[1.627, 1.649, 0.670, 1.709, 1.764, 0.488]","[3.020, 3.271, 2.712, 3.021, 3.355, 2.894]","[-5.031, -5.025, -5.005, -5.041, -5.210, -5.185]"
371,1,-1.2360,-3.2130,0.307,665,1862,124,133,0.477,90,0.00,8029,1980.03,0,0,19.000(23.750%)(0.000m),41.920(36.989%)(2.349m),63.000(55.588%)(4.607m),49.000(43.235%)(3.107m),30.938(38.673%)(1.172m),13.000(32.500%)(0.321m),22.089(55.224%)(1.295m),1004.294,4164.851,64.8,0.8459,"[0.726, 0.937, 0.510, 0.772, 1.062, 0.459]","[2.673, 3.234, 2.809, 2.685, 3.426, 2.905]","[-1.464, -1.301, -3.143, -1.868, -2.476, -3.543]"
372,1,-2.5882,-3.1491,0.338,210,525,40,3,0.476,45,0.00,8050,668.49,0,0,9.044(11.306%)(0.000m),12.752(11.252%)(0.000m),19.396(17.114%)(0.000m),38.000(33.530%)(1.929m),34.000(42.500%)(1.500m),11.592(28.981%)(0.171m),40.000(100.000%)(3.214m),894.574,3583.102,57.8,0.8588,"[0.357, 0.428, 0.236, 0.380, 0.539, 0.188]","[2.285, 2.654, 2.143, 2.351, 2.949, 2.416]","[-5.703, -5.290, -5.681, -5.897, -5.677, -5.859]"
373,1,-5.3067,-3.1513,0.306,421,1143,1,27,0.475,70,0.00,8093,1395.11,0,0,11.000(13.750%)(0.000m),18.000(15.882%)(0.000m),34.000(30.000%)(1.500m),48.000(42.353%)(3.000m),26.573(33.216%)(0.704m),22.000(55.000%)(1.286m),18.941(47.353%)(0.958m),726.157,4857.976,62.8,0.9022,"[0.002, 0.239, -0.052, -0.035, 0.402, -0.104]","[1.869, 2.129, 1.874, 1.867, 2.441, 1.965]","[-9.084, -8.251, -6.336, -10.249, -7.426, -6.294]"
374,1,-2.2277,-3.1039,0.282,555,1455,73,70,0.474,75,0.00,8149,1852.51,0,0,28.000(35.000%)(0.857m),72.000(63.530%)(5.571m),87.000(76.765%)(7.179m),38.590(34.050%)(1.992m),18.216(22.770%)(0.000m),15.000(37.500%)(0.536m),12.808(32.020%)(0.301m),1968.735,5488.322,60.7,0.9459,"[-0.160, 0.464, 0.334, -0.150, 0.611, 0.454]","[2.026, 2.314, 1.849, 2.100, 2.593, 2.170]","[-4.246, -1.440, -1.290, -4.347, -1.782, -1.192]"
375,1,-1.9005,-3.1301,0.252,281,733,115,0,0.473,55,0.00,8178,874.69,0,0,12.837(16.047%)(0.000m),26.895(23.731%)(0.739m),53.000(46.765%)(3.536m),43.000(37.941%)(2.464m),38.000(47.500%)(1.929m),9.888(24.721%)(0.000m),27.000(67.500%)(1.821m),920.198,4865.048,60.4,0.8402,"[0.438, 0.372, -0.616, 0.423, 0.396, -0.777]","[1.668, 2.265, 2.002, 1.725, 2.400, 2.114]","[-3.985, -5.508, -5.188, -3.602, -5.138, -5.188]"
376,1,-2.5181,-3.0903,0.247,172,446,31,0,0.472,40,0.00,8196,549.03,0,0,10.686(13.357%)(0.000m),17.507(15.447%)(0.000m),33.820(29.841%)(1.481m),46.000(40.588%)(2.786m),41.000(51.250%)(2.250m),10.686(26.714%)(0.073m),40.000(100.000%)(3.214m),1199.087,3848.895,60.0,0.8521,"[-0.154, -0.144, -0.506, -0.129, -0.045, -0.571]","[1.648, 1.966, 1.569, 1.609, 2.256, 1.754]","[-5.701, -5.254, -5.532, -5.584, -5.604, -5.897]"
377,1,-2.4956,-3.1404,0.272,158,428,12,0,0.471,40,0.00,8212,460.97,0,0,12.420(15.525%)(0.000m),24.931(21.998%)(0.528m),68.922(60.814%)(5.242m),57.000(50.294%)(3.964m),42.000(52.500%)(2.357m),9.940(24.851%)(0.000m),40.000(100.000%)(3.214m),860.523,3615.780,62.7,0.7709,"[0.087, 0.148, -0.276, 0.108, 0.180, -0.315]","[1.449, 2.269, 1.716, 1.525, 2.389, 1.964]","[-3.071, -4.423, -5.275, -2.938, -4.345, -5.501]"
378,1,-3.5536,-3.1397,0.242,230,607,28,44,0.470,50,0.00,8235,686.11,0,0,10.888(13.610%)(0.000m),17.838(15.739%)(0.000m),34.459(30.406%)(1.549m),40.000(35.294%)(2.143m),27.000(33.750%)(0.750m),10.888(27.220%)(0.095m),22.000(55.000%)(1.286m),702.945,3695.451,61.1,0.8321,"[-0.077, 0.188, 0.222, -0.046, 0.448, 0.223]","[1.353, 1.734, 1.345, 1.468, 2.052, 1.499]","[-5.985, -5.638, -5.461, -6.107, -5.595, -5.822]"
379,1,-5.5027,-3.2117,0.237,185,463,17,0,0.469,40,0.00,8254,602.53,0,0,11.373(14.217%)(0.000m),20.615(18.190%)(0.066m),50.173(44.271%)(3.233m),65.000(57.353%)(4.821m),51.000(63.750%)(3.321m),10.060(25.151%)(0.006m),40.000(100.000%)(3.214m),1513.126,4660.172,58.0,1.0345,"[0.146, -0.155, -0.516, 0.321, -0.071, -0.519]","[1.741, 2.284, 1.664, 1.951, 2.463, 1.947]","[-5.985, -5.672, -5.300, -6.027, -5.349, -5.409]"
380,1,-2.7255,-3.2265,0.293,227,587,15,0,0.468,50,0.00,8277,675.25,0,0,12.194(15.243%)(0.000m),24.134(21.295%)(0.443m),66.646(58.805%)(4.998m),49.000(43.235%)(3.107m),33.000(41.250%)(1.393m),9.884(24.709%)(0.000m),31.000(77.500%)(2.250m),1086.097,4296.885,59.8,0.8282,"[0.622, 0.699, 0.284, 0.680, 0.952, 0.235]","[1.735, 2.118, 1.680, 1.834, 2.296, 1.834]","[-4.353, -4.985, -5.493, -4.234, -5.359, -5.395]"
381,1,-4.4700,-3.2549,0.335,154,396,14,0,0.467,40,0.00,8293,486.96,0,0,10.098(12.622%)(0.000m),14.814(13.072%)(0.000m),23.800(21.000%)(0.407m),64.000(56.471%)(4.714m),54.000(67.500%)(3.643m),11.997(29.993%)(0.214m),40.000(100.000%)(3.214m),1452.676,4332.795,59.5,1.0019,"[0.126, 0.152, 0.055, 0.245, 0.222, 0.079]","[2.097, 2.876, 2.330, 2.174, 3.144, 2.566]","[-6.130, -5.569, -5.313, -6.213, -5.776, -5.345]"
382,1,-2.4088,-3.1931,0.279,139,385,14,0,0.466,40,0.00,8307,441.02,0,0,46.000(57.500%)(2.786m),80.000(70.588%)(6.429m),71.554(63.136%)(5.524m),25.048(22.101%)(0.541m),12.299(15.373%)(0.000m),40.000(100.000%)(3.214m),9.719(24.297%)(0.000m),1841.892,4513.663,64.1,0.7879,"[-0.863, 0.168, 0.275, -0.836, 0.236, 0.256]","[1.726, 2.195, 1.769, 1.898, 2.276, 1.747]","[-6.031, -5.123, -3.963, -5.660, -5.269, -3.786]"
383,1,-1.1104,-3.1348,0.235,324,946,4,34,0.465,65,0.00,8340,951.84,0,0,14.000(17.500%)(0.000m),20.000(17.647%)(0.000m),42.000(37.059%)(2.357m),54.188(47.813%)(3.663m),26.078(32.597%)(0.651m),25.000(62.500%)(1.607m),18.524(46.310%)(0.913m),534.511,3089.672,67.6,0.7763,"[0.008, 0.212, -0.010, -0.136, 0.411, 0.011]","[1.758, 2.414, 1.923, 1.821, 2.572, 2.023]","[-9.119, -7.891, -5.686, -10.582, -7.255, -5.680]"
384,1,-2.9575,-3.1082,0.235,183,500,21,14,0.465,45,0.00,8359,581.40,0,0,28.000(35.000%)(0.857m),36.000(31.765%)(1.714m),50.250(44.339%)(3.241m),20.647(18.218%)(0.069m),11.391(14.239%)(0.000m),31.000(77.500%)(2.250m),10.076(25.189%)(0.008m),308.506,3311.790,63.2,0.8218,"[-0.619, -0.032, 0.271, -0.573, 0.095, 0.230]","[1.817, 2.175, 1.876, 1.981, 2.394, 1.994]","[-5.344, -5.411, -5.565, -5.026, -5.517, -6.110]"
385,1,-3.8693,-3.1344,0.310,127,323,20,0,0.464,35,0.00,8372,436.81,0,0,70.000(87.500%)(5.357m),82.000(72.353%)(6.643m),26.094(23.024%)(0.653m),15.001(13.237%)(0.000m),9.711(12.139%)(0.000m),40.000(100.000%)(3.214m),10.580(26.450%)(0.062m),2511.694,4994.367,58.9,1.1959,"[-0.260, 0.072, 0.440, -0.202, 0.317, 0.446]","[1.944, 2.502, 2.207, 2.048, 2.747, 2.416]","[-5.620, -5.769, -6.432, -5.982, -6.189, -7.169]"
386,1,-1.9314,-3.0937,0.250,123,353,0,13,0.463,35,0.00,8385,392.20,0,0,44.106(55.132%)(2.583m),81.496(71.909%)(6.589m),109.000(96.177%)(9.536m),28.000(24.706%)(0.857m),22.000(27.500%)(0.214m),37.588(93.971%)(2.956m),40.000(100.000%)(3.214m),0.000,2163.484,66.4,0.8338,"[-0.331, -0.061, 0.145, -0.422, 0.066, 0.053]","[1.852, 2.215, 1.974, 1.878, 2.449, 2.108]","[-5.199, -6.143, -4.981, -4.949, -5.114, -5.015]"
387,1,-2.5494,-3.0969,0.195,156,421,0,14,0.462,40,0.00,8401,549.25,0,0,22.000(27.500%)(0.214m),26.000(22.941%)(0.643m),101.000(89.118%)(8.679m),81.333(71.764%)(6.571m),39.340(49.175%)(2.072m),40.000(100.000%)(3.214m),28.331(70.826%)(1.964m),1205.072,4240.303,62.5,0.8643,"[0.755, 0.590, 0.147, 0.806, 0.703, 0.100]","[1.818, 2.182, 1.972, 1.867, 2.384, 2.054]","[-1.383, -4.016, -4.946, -1.669, -4.634, -4.801]"
388,1,-4.2306,-3.0667,0.270,175,439,16,0,0.461,40,0.00,8419,594.73,0,0,53.000(66.250%)(3.536m),58.000(51.177%)(4.071m),49.748(43.895%)(3.187m),20.441(18.036%)(0.047m),11.277(14.096%)(0.000m),40.000(100.000%)(3.214m),9.975(24.937%)(0.000m),1579.075,4877.892,58.1,1.0837,"[-0.113, 0.077, 0.278, -0.136, 0.284, 0.420]","[1.973, 2.456, 2.137, 1.973, 2.668, 2.347]","[-5.202, -5.178, -4.743, -5.147, -5.110, -4.642]"
389,1,-2.8142,-3.0675,0.306,317,824,70,31,0.460,60,0.00,8451,1019.32,0,0,12.958(16.198%)(0.000m),28.111(24.804%)(0.869m),80.018(70.604%)(6.431m),45.000(39.706%)(2.679m),25.000(31.250%)(0.536m),9.727(24.316%)(0.000m),23.000(57.500%)(1.393m),2827.834,6332.185,60.2,0.9501,"[0.687, 0.599, -0.215, 0.742, 0.593, -0.237]","[2.021, 2.501, 2.125, 2.036, 2.649, 2.154]","[-3.199, -4.552, -5.562, -3.398, -4.680, -5.435]"
390,1,-0.1149,-3.0939,0.299,409,1099,148,15,0.459,70,0.00,8492,1219.58,0,0,14.696(18.370%)(0.000m),31.000(27.353%)(1.179m),58.000(51.177%)(4.071m),46.000(40.588%)(2.786m),34.000(42.500%)(1.500m),10.319(25.798%)(0.034m),31.000(77.500%)(2.250m),101.200,3518.059,62.2,0.8477,"[0.892, 0.638, -0.384, 0.813, 0.684, -0.423]","[1.927, 2.271, 2.047, 1.863, 2.453, 1.957]","[-0.958, -3.157, -5.270, -0.959, -3.901, -5.234]"
391,1,-5.4753,-3.1739,0.258,81,196,16,0,0.458,25,0.00,8501,249.89,0,0,9.519(11.899%)(0.000m),12.650(11.162%)(0.000m),17.890(15.785%)(0.000m),34.561(30.495%)(1.560m),76.230(95.288%)(6.025m),13.916(34.790%)(0.420m),40.000(100.000%)(3.214m),4294.089,7913.417,56.0,0.9185,"[-0.084, -0.228, -0.767, -0.046, -0.093, -0.688]","[1.723, 2.204, 1.895, 1.783, 2.506, 2.107]","[-5.751, -6.099, -5.918, -6.166, -5.612, -5.896]"
392,1,-5.5482,-3.2125,0.326,157,437,20,12,0.457,40,0.00,8517,512.18,0,0,28.000(35.000%)(0.857m),36.000(31.765%)(1.714m),34.395(30.349%)(1.542m),17.804(15.710%)(0.000m),10.867(13.584%)(0.000m),38.592(96.481%)(3.063m),10.867(27.168%)(0.093m),242.526,2967.868,64.4,0.8025,"[-0.378, -0.499, -0.348, -0.279, -0.358, -0.259]","[1.935, 2.226, 1.798, 2.097, 2.493, 2.009]","[-4.995, -5.619, -5.330, -5.009, -5.760, -5.435]"
393,1,-4.2745,-3.2419,0.314,146,372,17,0,0.456,35,0.00,8532,469.41,0,0,9.795(12.243%)(0.000m),15.251(13.457%)(0.000m),26.880(23.718%)(0.737m),83.000(73.236%)(6.750m),57.000(71.250%)(3.964m),10.541(26.352%)(0.058m),40.000(100.000%)(3.214m),1827.606,6042.445,58.9,0.8568,"[0.945, 0.754, 0.038, 0.919, 0.947, 0.027]","[1.866, 2.177, 1.906, 1.877, 2.457, 2.040]","[-5.368, -5.636, -5.518, -5.726, -5.802, -5.550]"
394,1,-4.6233,-3.2501,0.311,121,320,16,0,0.455,35,0.00,8545,298.60,0,0,12.809(16.011%)(0.000m),26.832(23.675%)(0.732m),71.862(63.408%)(5.557m),94.000(82.941%)(7.929m),61.000(76.250%)(4.393m),9.866(24.666%)(0.000m),40.000(100.000%)(3.214m),2307.109,6168.408,61.2,0.5934,"[0.747, 0.235, -0.731, 0.725, 0.385, -0.786]","[1.988, 2.404, 1.987, 1.952, 2.696, 2.112]","[-4.433, -5.991, -5.536, -4.551, -5.394, -5.604]"
395,1,-3.8847,-3.2381,0.287,168,439,19,0,0.454,40,0.00,8562,487.86,0,0,11.299(14.124%)(0.000m),20.031(17.675%)(0.003m),46.021(40.607%)(2.788m),55.000(48.530%)(3.750m),43.000(53.750%)(2.464m),10.244(25.611%)(0.026m),40.000(100.000%)(3.214m),2520.206,5333.646,60.5,0.7882,"[0.433, 0.594, 0.230, 0.505, 0.754, 0.254]","[1.857, 2.431, 1.995, 1.824, 2.608, 2.149]","[-5.347, -4.708, -5.285, -5.465, -5.176, -5.491]"
396,1,-4.0351,-3.2231,0.241,489,1270,73,90,0.453,70,0.00,8611,1398.26,0,0,18.805(23.507%)(0.000m),39.170(34.562%)(2.054m),25.000(22.059%)(0.536m),15.000(13.235%)(0.000m),18.000(22.500%)(0.000m),13.251(33.128%)(0.348m),14.000(35.000%)(0.429m),603.455,4600.675,60.1,0.7637,"[0.470, 0.583, 0.219, 0.539, 0.800, 0.241]","[1.872, 2.360, 2.147, 1.929, 2.614, 2.233]","[-6.090, -7.157, -8.150, -6.108, -7.349, -8.552]"
397,1,-6.2843,-3.2687,0.357,202,496,15,0,0.453,45,0.00,8632,604.06,0,0,9.435(11.794%)(0.000m),13.303(11.738%)(0.000m),20.234(17.854%)(0.025m),49.245(43.451%)(3.133m),46.000(57.500%)(2.786m),12.093(30.233%)(0.224m),40.000(100.000%)(3.214m),1215.158,4293.316,56.9,1.0104,"[0.413, 0.532, 0.372, 0.433, 0.657, 0.281]","[2.141, 2.657, 2.152, 2.269, 2.818, 2.270]","[-5.597, -5.506, -6.085, -6.390, -5.509, -6.202]"
398,1,-4.9080,-3.3185,0.299,142,374,16,0,0.452,35,0.00,8647,389.86,0,0,12.883(16.104%)(0.000m),27.371(24.151%)(0.790m),74.497(65.733%)(5.839m),89.000(78.530%)(7.393m),54.000(67.500%)(3.643m),9.796(24.490%)(0.000m),40.000(100.000%)(3.214m),2416.119,5469.235,60.9,0.7228,"[1.072, 0.625, -0.351, 1.016, 0.934, -0.267]","[2.238, 2.645, 2.151, 2.108, 2.942, 2.316]","[-2.971, -4.964, -5.493, -3.073, -4.276, -5.437]"
399,1,-2.2174,-3.2607,0.287,178,468,15,0,0.451,45,0.00,8665,483.69,0,0,10.288(12.860%)(0.000m),15.770(13.914%)(0.000m),27.086(23.899%)(0.759m),48.000(42.353%)(3.000m),36.000(45.000%)(1.714m),11.347(28.367%)(0.144m),40.000(100.000%)(3.214m),714.446,3406.626,60.8,0.6821,"[0.648, 0.726, 0.216, 0.712, 0.832, 0.193]","[2.159, 2.704, 2.190, 2.294, 3.027, 2.555]","[-5.632, -5.254, -5.094, -5.699, -5.557, -5.224]"
400,1,-2.0599,-3.1797,0.301,216,534,22,20,0.450,45,0.00,8687,644.54,0,0,46.822(58.527%)(2.874m),86.331(76.175%)(7.107m),50.000(44.118%)(3.214m),26.000(22.941%)(0.643m),27.000(33.750%)(0.750m),34.141(85.353%)(2.587m),40.000(100.000%)(3.214m),401.425,3271.660,57.3,0.9376,"[0.277, 0.605, 1.094, 0.268, 0.814, 1.010]","[2.068, 2.609, 2.275, 1.990, 2.626, 2.237]","[-5.126, -5.611, -3.342, -4.882, -4.018, -2.923]"
401,1,-6.8131,-3.2459,0.340,517,1316,164,22,0.449,75,0.00,8739,1597.95,0,0,16.144(20.180%)(0.000m),34.289(30.255%)(1.531m),22.000(19.412%)(0.214m),24.000(21.177%)(0.429m),32.000(40.000%)(1.286m),11.351(28.377%)(0.145m),28.000(70.000%)(1.929m),0.000,5678.432,58.9,0.8097,"[0.916, 1.018, 0.602, 0.981, 1.257, 0.616]","[2.392, 2.705, 2.309, 2.491, 3.036, 2.364]","[-5.105, -5.914, -6.733, -5.236, -5.827, -7.167]"
402,1,-4.0940,-3.2692,0.274,231,568,33,3,0.448,45,0.00,8763,731.46,0,0,10.296(12.871%)(0.000m),15.663(13.820%)(0.000m),26.577(23.451%)(0.705m),42.000(37.059%)(2.357m),34.000(42.500%)(1.500m),11.497(28.744%)(0.160m),40.000(100.000%)(3.214m),956.599,4400.827,56.9,0.7774,"[0.597, 0.758, 0.459, 0.709, 0.855, 0.389]","[2.026, 2.655, 2.211, 2.163, 2.767, 2.288]","[-5.449, -5.280, -5.756, -5.450, -5.443, -5.587]"
403,1,-2.0239,-3.2868,0.326,303,769,52,62,0.447,55,0.00,8794,835.73,0,0,23.000(28.750%)(0.321m),30.000(26.471%)(1.071m),44.000(38.824%)(2.571m),27.578(24.334%)(0.812m),12.975(16.218%)(0.000m),23.000(57.500%)(1.393m),9.739(24.347%)(0.000m),256.223,4089.694,58.7,0.7718,"[-0.012, 0.460, 0.089, 0.013, 0.522, 0.175]","[1.745, 2.287, 1.905, 1.924, 2.570, 2.089]","[-5.280, -3.018, -4.165, -5.010, -3.322, -4.098]"
404,1,-5.2340,-3.3422,0.313,585,1513,104,206,0.446,80,0.00,8853,1751.24,0,0,18.124(22.655%)(0.000m),37.974(33.506%)(1.926m),67.000(59.118%)(5.036m),41.000(36.177%)(2.250m),20.000(25.000%)(0.000m),12.798(31.994%)(0.300m),15.000(37.500%)(0.536m),465.214,5071.569,59.9,0.7736,"[0.478, 0.781, 0.741, 0.475, 1.010, 0.718]","[2.343, 2.583, 2.600, 2.335, 2.856, 2.524]","[-4.755, -3.606, -4.294, -4.713, -2.604, -4.202]"
405,1,-3.4894,-3.3898,0.361,177,456,16,0,0.445,40,0.00,8871,540.79,0,0,9.625(12.031%)(0.000m),14.869(13.120%)(0.000m),25.864(22.821%)(0.628m),64.000(56.471%)(4.714m),41.000(51.250%)(2.250m),10.486(26.216%)(0.052m),40.000(100.000%)(3.214m),1288.235,4551.869,59.7,0.7540,"[0.849, 0.827, 0.373, 0.922, 1.009, 0.342]","[2.130, 2.480, 2.033, 2.146, 2.706, 2.135]","[-5.871, -5.343, -5.614, -5.649, -5.566, -5.655]"
406,1,-4.9997,-3.4431,0.271,165,435,31,25,0.444,40,0.00,8888,484.68,0,0,40.681(50.852%)(2.216m),66.648(58.808%)(4.998m),33.000(29.118%)(1.393m),24.000(21.177%)(0.429m),22.000(27.500%)(0.214m),40.000(100.000%)(3.214m),40.000(100.000%)(3.214m),0.000,2488.422,61.1,0.7778,"[0.101, 0.420, 0.679, 0.171, 0.680, 0.653]","[1.987, 2.673, 2.171, 2.075, 2.788, 2.265]","[-4.345, -5.285, -1.696, -4.030, -3.360, -1.612]"
407,1,-2.2021,-3.4341,0.362,415,1125,39,74,0.444,70,0.00,8930,1263.14,0,0,21.621(27.027%)(0.174m),45.088(39.783%)(2.688m),74.000(65.294%)(5.786m),23.000(20.294%)(0.321m),12.000(15.000%)(0.000m),15.318(38.296%)(0.570m),22.000(55.000%)(1.286m),421.252,4835.927,62.8,0.8263,"[0.166, 0.541, 0.606, 0.213, 0.742, 0.638]","[1.981, 2.623, 2.025, 2.077, 2.821, 2.274]","[-6.208, -8.233, -5.852, -6.134, -6.490, -5.724]"
408,1,-3.9178,-3.4086,0.343,197,493,28,0,0.443,45,0.00,8950,576.20,0,0,9.892(12.366%)(0.000m),15.282(13.484%)(0.000m),26.582(23.455%)(0.705m),47.000(41.471%)(2.893m),40.000(50.000%)(2.143m),10.778(26.944%)(0.083m),40.000(100.000%)(3.214m),1366.932,4567.438,57.9,0.7274,"[0.620, 0.634, 0.161, 0.753, 0.760, 0.073]","[2.225, 2.777, 2.362, 2.342, 2.848, 2.512]","[-5.653, -5.591, -5.493, -6.072, -5.653, -5.603]"
409,1,-3.1350,-3.3936,0.264,110,297,14,0,0.442,30,0.00,8961,330.97,0,0,65.000(81.250%)(4.821m),48.018(42.369%)(3.002m),19.730(17.409%)(0.000m),12.972(11.446%)(0.000m),9.200(11.500%)(0.000m),40.000(100.000%)(3.214m),11.792(29.480%)(0.192m),1513.010,4040.805,62.5,1.0595,"[-0.077, 0.281, 0.604, -0.008, 0.564, 0.553]","[1.900, 2.669, 2.344, 1.980, 2.835, 2.339]","[-5.099, -5.705, -5.807, -5.052, -5.385, -6.178]"
410,1,-3.3152,-3.4101,0.308,178,471,19,4,0.441,45,0.00,8979,569.99,0,0,11.366(14.208%)(0.000m),20.150(17.780%)(0.016m),46.294(40.848%)(2.817m),52.000(45.882%)(3.429m),32.000(40.000%)(1.286m),10.305(25.763%)(0.033m),40.000(100.000%)(3.214m),813.729,4316.929,61.3,0.8604,"[0.571, 0.742, 0.259, 0.610, 0.862, 0.241]","[2.399, 2.785, 2.278, 2.387, 2.998, 2.359]","[-5.654, -5.401, -5.721, -5.612, -5.516, -5.631]"
411,1,-0.7040,-3.3297,0.290,263,680,6,22,0.440,55,0.00,9006,778.97,0,0,24.226(30.282%)(0.453m),50.382(44.454%)(3.255m),72.000(63.530%)(5.571m),45.000(39.706%)(2.679m),14.000(17.500%)(0.000m),17.189(42.971%)(0.770m),11.000(27.500%)(0.107m),972.111,4285.559,59.8,0.8568,"[0.774, 1.000, 0.512, 0.853, 1.134, 0.486]","[2.224, 2.678, 2.204, 2.133, 2.789, 2.381]","[-2.378, -1.720, -3.038, -1.725, -2.201, -3.473]"
412,1,-3.6842,-3.3283,0.250,123,333,21,0,0.439,35,0.00,9019,400.52,0,0,58.000(72.500%)(4.071m),84.000(74.118%)(6.857m),57.814(51.013%)(4.052m),21.989(19.402%)(0.213m),11.707(14.634%)(0.000m),40.000(100.000%)(3.214m),9.977(24.943%)(0.000m),1840.756,4599.528,62.7,0.9062,"[-0.342, 0.256, 0.519, -0.445, 0.372, 0.462]","[2.124, 2.453, 2.261, 2.021, 2.641, 2.174]","[-5.270, -5.001, -4.427, -5.097, -4.946, -4.514]"
413,1,-3.4884,-3.2766,0.220,244,630,17,0,0.438,50,0.00,9044,752.28,0,0,36.000(45.000%)(1.714m),51.000(45.000%)(3.321m),43.142(38.067%)(2.480m),19.758(17.433%)(0.000m),11.383(14.228%)(0.000m),27.000(67.500%)(1.821m),10.577(26.442%)(0.062m),1202.305,4319.143,59.8,0.7806,"[0.462, 0.839, 0.742, 0.311, 1.076, 0.837]","[2.173, 2.778, 2.164, 1.938, 2.795, 2.195]","[-5.068, -5.051, -5.678, -4.975, -5.136, -5.805]"
414,1,-5.3677,-3.3653,0.251,107,272,18,0,0.437,30,0.00,9055,320.57,0,0,9.736(12.170%)(0.000m),15.040(13.271%)(0.000m),26.162(23.084%)(0.660m),94.000(82.941%)(7.929m),77.067(96.334%)(6.114m),10.607(26.518%)(0.065m),40.000(100.000%)(3.214m),2812.169,7020.497,58.8,0.9546,"[0.623, 0.061, -0.977, 0.557, 0.050, -0.837]","[2.197, 2.580, 2.075, 2.136, 2.808, 2.217]","[-5.753, -5.574, -5.569, -6.104, -5.785, -5.328]"
415,1,-5.4523,-3.4331,0.368,196,503,65,20,0.437,45,0.00,9075,521.75,0,0,19.791(24.739%)(0.000m),40.260(35.524%)(2.171m),29.000(25.588%)(0.964m),18.000(15.882%)(0.000m),28.000(35.000%)(0.857m),14.009(35.021%)(0.429m),40.000(100.000%)(3.214m),1864.256,7747.498,59.3,0.8163,"[0.764, 0.804, -0.150, 0.709, 0.970, -0.162]","[2.282, 2.754, 2.066, 2.169, 2.828, 2.177]","[-5.707, -7.489, -9.333, -5.595, -7.628, -9.867]"
416,1,-1.9619,-3.4573,0.324,424,1186,10,108,0.436,75,0.00,9118,1236.22,0,0,24.996(31.245%)(0.535m),41.000(36.177%)(2.250m),59.000(52.059%)(4.179m),46.000(40.588%)(2.786m),18.000(22.500%)(0.000m),17.742(44.355%)(0.829m),11.000(27.500%)(0.107m),513.389,3367.863,64.7,0.8465,"[0.430, 0.508, 0.113, 0.499, 0.653, 0.075]","[2.140, 2.425, 1.978, 2.173, 2.648, 2.098]","[-1.060, -1.870, -4.332, -0.954, -3.185, -4.754]"
417,1,-3.1128,-3.4404,0.284,342,993,45,35,0.435,70,0.00,9153,1008.90,0,0,10.000(12.500%)(0.000m),14.000(12.353%)(0.000m),20.000(17.647%)(0.000m),29.000(25.588%)(0.964m),21.973(27.466%)(0.211m),25.000(62.500%)(1.607m),15.487(38.717%)(0.588m),60.696,3267.506,67.2,0.9646,"[-0.517, -0.020, -0.233, -0.495, 0.104, -0.231]","[1.833, 2.413, 2.075, 1.851, 2.556, 2.196]","[-9.941, -8.465, -5.971, -11.080, -7.743, -5.960]"
418,1,-2.9636,-3.4210,0.313,290,750,57,0,0.434,55,0.00,9182,770.33,0,0,12.531(15.663%)(0.000m),25.906(22.858%)(0.633m),71.759(63.317%)(5.546m),59.000(52.059%)(4.179m),35.000(43.750%)(1.607m),9.776(24.441%)(0.000m),25.000(62.500%)(1.607m),1639.794,5252.247,59.9,0.8031,"[1.031, 1.143, 0.481, 1.012, 1.248, 0.475]","[2.143, 2.801, 2.147, 2.214, 2.735, 2.265]","[-4.216, -4.677, -5.401, -4.039, -5.050, -5.094]"
419,1,-0.8891,-3.3790,0.272,359,946,187,0,0.433,65,0.00,9218,982.98,0,0,12.654(15.818%)(0.000m),26.162(23.084%)(0.660m),79.000(69.706%)(6.321m),50.000(44.118%)(3.214m),34.000(42.500%)(1.500m),9.873(24.682%)(0.000m),28.000(70.000%)(1.929m),538.022,3809.188,61.0,0.8049,"[1.344, 1.280, -0.122, 1.359, 1.375, -0.124]","[2.113, 2.514, 2.195, 2.215, 2.814, 2.333]","[-1.802, -3.443, -5.376, -1.398, -3.667, -5.362]"
420,1,-2.0878,-3.3752,0.299,405,1090,222,10,0.432,70,0.00,9259,1126.06,0,0,15.309(19.136%)(0.000m),20.000(17.647%)(0.000m),22.000(19.412%)(0.214m),44.000(38.824%)(2.571m),36.000(45.000%)(1.714m),10.752(26.879%)(0.081m),30.000(75.000%)(2.143m),0.000,3586.366,62.3,0.7596,"[0.804, 0.439, -0.492, 0.847, 0.466, -0.596]","[2.228, 2.694, 2.370, 2.391, 2.983, 2.439]","[-5.534, -6.331, -6.243, -6.204, -6.426, -6.235]"
421,1,-2.0493,-3.3914,0.329,132,370,42,11,0.431,40,0.00,9273,339.21,0,0,23.000(28.750%)(0.321m),19.000(16.765%)(0.000m),19.000(16.765%)(0.000m),113.333(100.000%)(10.000m),61.281(76.601%)(4.423m),40.000(100.000%)(3.214m),40.000(100.000%)(3.214m),0.000,2083.291,64.9,0.8232,"[-0.003, -0.091, -0.133, -0.015, -0.251, -0.176]","[2.467, 2.880, 2.165, 2.467, 3.093, 2.409]","[-8.713, -7.834, -5.717, -9.800, -7.449, -5.690]"
422,1,-2.3844,-3.3873,0.418,234,643,132,0,0.430,55,0.00,9297,633.86,0,0,12.271(15.338%)(0.000m),23.956(21.138%)(0.424m),73.638(64.975%)(5.747m),101.000(89.118%)(8.679m),39.000(48.750%)(2.036m),10.072(25.180%)(0.008m),28.000(70.000%)(1.929m),2610.131,5226.059,63.6,0.7938,"[1.057, 0.801, -0.644, 1.058, 0.768, -0.648]","[2.084, 2.305, 2.029, 1.995, 2.557, 2.209]","[-5.327, -4.931, -6.008, -5.246, -5.433, -5.842]"
423,1,-1.4962,-3.3111,0.237,162,428,58,15,0.430,40,0.00,9314,479.66,0,0,22.000(27.500%)(0.214m),22.000(19.412%)(0.214m),28.000(24.706%)(0.857m),42.000(37.059%)(2.357m),47.935(59.919%)(2.993m),40.000(100.000%)(3.214m),40.000(100.000%)(3.214m),0.000,2014.356,61.2,0.7727,"[0.162, 0.211, 0.266, 0.152, 0.147, 0.090]","[2.408, 2.789, 2.259, 2.320, 2.971, 2.334]","[-4.575, -5.146, -4.330, -4.484, -4.859, -4.514]"
424,1,-5.1372,-3.3693,0.308,198,555,65,54,0.429,50,0.00,9334,586.61,0,0,19.000(23.750%)(0.000m),69.000(60.883%)(5.250m),113.333(100.000%)(10.000m),45.565(40.205%)(2.739m),21.748(27.185%)(0.187m),11.000(27.500%)(0.107m),15.360(38.399%)(0.574m),2993.169,5363.508,64.9,0.8217,"[-0.622, 0.301, 0.090, -0.677, 0.434, 0.104]","[2.173, 2.712, 2.345, 2.158, 2.975, 2.312]","[-3.280, -1.504, -2.001, -3.772, -1.634, -2.059]"
425,1,-2.9255,-3.3898,0.303,315,926,0,81,0.428,65,0.00,9366,1050.76,0,0,13.000(16.250%)(0.000m),21.000(18.529%)(0.107m),102.000(90.000%)(8.786m),62.986(55.576%)(4.606m),30.361(37.951%)(1.110m),19.000(47.500%)(0.964m),21.613(54.033%)(1.244m),570.711,3889.614,68.0,0.9815,"[0.030, 0.156, -0.326, -0.008, 0.274, -0.263]","[1.909, 2.375, 1.979, 1.976, 2.627, 2.204]","[-6.707, -6.648, -6.171, -7.753, -6.449, -6.136]"
426,1,-3.0281,-3.4000,0.305,195,504,43,5,0.427,45,0.00,9386,712.44,0,0,9.721(12.151%)(0.000m),15.259(13.464%)(0.000m),27.265(24.057%)(0.778m),38.000(33.530%)(1.929m),33.000(41.250%)(1.393m),10.334(25.835%)(0.036m),40.000(100.000%)(3.214m),536.971,3313.372,59.8,0.8811,"[0.224, 0.356, 0.298, 0.238, 0.426, 0.326]","[2.075, 3.050, 2.538, 2.090, 3.039, 2.676]","[-6.142, -5.356, -5.238, -6.491, -5.477, -5.109]"
427,1,-5.2977,-3.4561,0.313,124,308,30,0,0.426,30,0.00,9399,480.93,0,0,11.091(13.864%)(0.000m),19.251(16.987%)(0.000m),42.037(37.091%)(2.361m),98.000(86.471%)(8.357m),77.000(96.250%)(6.107m),10.306(25.765%)(0.033m),40.000(100.000%)(3.214m),3853.760,9373.224,57.5,0.9835,"[1.561, 1.226, -0.142, 1.589, 1.540, -0.206]","[2.503, 2.715, 2.554, 2.466, 3.029, 2.617]","[-5.862, -5.240, -5.352, -5.952, -5.407, -5.182]"
428,1,-4.2452,-3.4699,0.259,152,424,15,0,0.425,40,0.00,9415,589.66,0,0,10.893(13.616%)(0.000m),17.846(15.746%)(0.000m),34.475(30.419%)(1.551m),56.000(49.412%)(3.857m),36.000(45.000%)(1.714m),10.893(27.232%)(0.096m),40.000(100.000%)(3.214m),703.658,3583.478,64.5,1.0148,"[1.025, 0.921, 0.069, 0.965, 1.042, -0.039]","[2.851, 3.229, 2.793, 2.717, 3.524, 2.905]","[-5.791, -5.245, -5.438, -6.243, -5.651, -5.504]"
429,1,-4.9009,-3.4579,0.326,143,359,17,0,0.424,35,0.00,9430,516.69,0,0,68.000(85.000%)(5.143m),81.000(71.471%)(6.536m),72.623(64.079%)(5.638m),27.653(24.400%)(0.820m),13.029(16.286%)(0.000m),40.000(100.000%)(3.214m),9.779(24.449%)(0.000m),2494.003,6815.482,58.1,1.0573,"[-0.315, 0.797, 1.448, -0.326, 0.881, 1.472]","[2.873, 3.309, 2.796, 2.880, 3.461, 2.878]","[-5.508, -4.393, -2.576, -5.412, -4.660, -2.763]"
430,1,-4.9132,-3.5016,0.306,373,991,54,57,0.424,65,0.00,9468,1255.57,0,0,24.000(30.000%)(0.429m),40.000(35.294%)(2.143m),56.998(50.293%)(3.964m),22.213(19.600%)(0.237m),11.826(14.783%)(0.000m),20.000(50.000%)(1.071m),10.079(25.197%)(0.008m),581.924,3444.612,61.5,0.9908,"[0.432, 0.944, 0.646, 0.475, 1.026, 0.668]","[2.655, 3.330, 2.970, 2.771, 3.366, 2.795]","[-4.160, -4.187, -2.918, -4.177, -3.889, -2.761]"
431,1,-3.4363,-3.4810,0.318,530,1522,137,78,0.423,85,0.00,9521,1771.91,0,0,27.000(33.750%)(0.750m),42.000(37.059%)(2.357m),19.000(16.765%)(0.000m),20.000(17.647%)(0.000m),17.966(22.458%)(0.000m),15.000(37.500%)(0.536m),12.616(31.539%)(0.280m),0.000,2992.121,66.5,0.9235,"[-0.257, 0.353, 0.298, -0.372, 0.420, 0.299]","[2.291, 2.768, 2.564, 2.144, 3.077, 2.697]","[-5.309, -5.095, -6.039, -5.514, -5.106, -7.246]"
432,1,-3.1905,-3.4966,0.310,180,462,35,0,0.422,40,0.00,9539,658.50,0,0,11.314(14.142%)(0.000m),20.507(18.095%)(0.054m),49.823(43.962%)(3.195m),45.000(39.706%)(2.679m),37.000(46.250%)(1.821m),10.007(25.019%)(0.001m),40.000(100.000%)(3.214m),708.563,4451.651,59.4,0.9294,"[0.330, 0.231, 0.081, 0.308, 0.379, 0.040]","[2.332, 2.633, 2.282, 2.158, 2.832, 2.265]","[-5.221, -5.496, -5.380, -5.346, -5.225, -5.315]"
433,1,-1.7089,-3.5086,0.243,147,399,33,23,0.421,40,0.00,9554,463.58,0,0,22.000(27.500%)(0.214m),26.000(22.941%)(0.643m),33.000(29.118%)(1.393m),71.426(63.023%)(5.510m),40.910(51.138%)(2.240m),40.000(100.000%)(3.214m),37.550(93.875%)(2.952m),31.296,2100.950,62.9,0.7450,"[0.028, 0.055, -0.121, 0.112, -0.056, -0.118]","[2.157, 2.478, 1.847, 2.232, 2.652, 1.986]","[-3.393, -4.413, -4.145, -3.423, -4.643, -4.282]"
434,1,-1.2712,-3.4748,0.270,308,788,116,0,0.420,55,0.00,9585,847.07,0,0,45.000(56.250%)(2.679m),55.000(48.530%)(3.750m),71.000(62.647%)(5.464m),29.380(25.923%)(1.005m),13.575(16.969%)(0.000m),31.000(77.500%)(2.250m),9.595(23.988%)(0.000m),1789.764,5197.726,59.2,0.7581,"[-0.318, 0.760, 0.820, -0.557, 0.858, 0.901]","[2.674, 3.119, 2.549, 2.522, 3.282, 2.691]","[-5.470, -4.287, -3.096, -5.268, -4.529, -3.056]"
435,1,-3.9694,-3.4768,0.271,260,672,20,25,0.419,55,0.00,9611,667.58,0,0,22.915(28.644%)(0.312m),47.859(42.229%)(2.985m),59.000(52.059%)(4.179m),45.000(39.706%)(2.679m),12.000(15.000%)(0.000m),16.208(40.520%)(0.665m),11.000(27.500%)(0.107m),1254.922,4265.478,59.9,0.7632,"[0.627, 0.804, 0.446, 0.780, 0.891, 0.343]","[2.509, 2.857, 2.339, 2.494, 3.005, 2.374]","[-3.110, -2.151, -2.499, -2.341, -2.992, -3.064]"
436,1,-4.4522,-3.5272,0.257,248,617,66,32,0.419,50,0.00,9636,752.28,0,0,10.859(13.574%)(0.000m),17.790(15.698%)(0.000m),33.000(29.118%)(1.393m),27.000(23.824%)(0.750m),23.000(28.750%)(0.321m),10.859(27.148%)(0.092m),40.000(100.000%)(3.214m),155.948,3432.648,57.5,0.7582,"[-0.011, -0.011, 0.014, -0.056, 0.241, -0.077]","[1.952, 2.319, 2.178, 2.003, 2.541, 2.172]","[-5.571, -5.304, -5.662, -5.689, -5.469, -5.874]"
437,1,-5.2422,-3.5811,0.285,353,997,90,36,0.418,65,0.00,9672,1003.17,0,0,22.853(28.566%)(0.306m),20.000(17.647%)(0.000m),20.000(17.647%)(0.000m),29.000(25.588%)(0.964m),19.303(24.129%)(0.000m),16.192(40.480%)(0.663m),19.303(48.257%)(0.997m),0.000,3150.681,65.3,0.7148,"[-0.192, 0.001, -0.352, -0.222, 0.213, -0.323]","[1.928, 2.254, 1.812, 1.929, 2.419, 1.964]","[-4.603, -4.742, -5.550, -5.160, -4.567, -5.891]"
438,1,-2.1877,-3.5402,0.305,142,389,40,10,0.417,40,0.00,9687,459.31,0,0,22.000(27.500%)(0.214m),19.000(16.765%)(0.000m),22.000(19.412%)(0.214m),103.378(91.216%)(8.933m),56.682(70.852%)(3.930m),40.000(100.000%)(3.214m),40.000(100.000%)(3.214m),0.000,2359.629,63.4,0.8028,"[-0.161, 0.005, 0.050, -0.183, 0.047, 0.057]","[1.632, 2.033, 1.881, 1.711, 2.330, 2.056]","[-7.463, -7.385, -5.375, -8.895, -6.894, -5.693]"
439,1,-3.0812,-3.5456,0.248,163,450,21,13,0.416,40,0.00,9704,510.11,0,0,8.565(10.706%)(0.000m),12.076(10.655%)(0.000m),18.367(16.206%)(0.000m),35.000(30.882%)(1.607m),26.000(32.500%)(0.643m),10.978(27.444%)(0.105m),40.000(100.000%)(3.214m),167.227,2893.625,63.9,0.8466,"[0.059, 0.203, -0.046, 0.064, 0.208, 0.017]","[2.223, 2.489, 2.043, 2.409, 2.783, 2.173]","[-5.728, -5.693, -6.456, -6.625, -6.045, -6.291]"
440,1,-0.1235,-3.5458,0.347,349,919,136,0,0.415,65,0.00,9739,1091.84,0,0,11.738(14.673%)(0.000m),21.524(18.992%)(0.163m),54.081(47.719%)(3.652m),49.000(43.235%)(3.107m),34.000(42.500%)(1.500m),10.256(25.639%)(0.027m),28.000(70.000%)(1.929m),981.781,3822.437,61.0,0.9245,"[1.092, 1.129, 0.440, 1.092, 1.211, 0.395]","[2.258, 2.913, 2.531, 2.288, 3.105, 2.585]","[-4.570, -4.215, -5.543, -4.719, -5.112, -5.435]"
441,1,-4.0463,-3.5172,0.337,178,449,20,0,0.414,40,0.00,9757,577.83,0,0,12.196(15.244%)(0.000m),24.480(21.600%)(0.480m),65.290(57.609%)(4.852m),66.000(58.235%)(4.929m),47.000(58.750%)(2.893m),9.761(24.402%)(0.000m),40.000(100.000%)(3.214m),2069.218,7673.086,58.4,0.7171,"[0.887, 0.972, 0.433, 0.969, 1.277, 0.479]","[1.917, 2.569, 2.279, 2.173, 2.745, 2.261]","[-5.113, -6.451, -5.380, -4.403, -5.252, -5.194]"
442,1,-4.7368,-3.5009,0.248,136,373,11,0,0.414,35,0.00,9771,390.92,0,0,11.904(14.879%)(0.000m),23.240(20.506%)(0.347m),64.778(57.157%)(4.798m),69.000(60.883%)(5.250m),53.000(66.250%)(3.536m),9.771(24.427%)(0.000m),40.000(100.000%)(3.214m),1038.899,3725.781,63.4,0.7781,"[-0.255, -0.240, -0.521, -0.197, -0.236, -0.411]","[2.027, 2.602, 2.225, 2.022, 2.838, 2.352]","[-5.011, -4.774, -5.246, -4.688, -5.466, -5.122]"
443,1,-0.9203,-3.4339,0.301,399,1059,219,0,0.413,70,0.00,9811,1224.19,0,0,13.675(17.093%)(0.000m),29.704(26.210%)(1.040m),38.000(33.530%)(1.929m),39.000(34.412%)(2.036m),41.000(51.250%)(2.250m),9.601(24.001%)(0.000m),28.000(70.000%)(1.929m),423.427,5079.480,61.4,0.8980,"[0.742, 0.845, 0.236, 0.793, 0.924, 0.083]","[2.465, 2.532, 2.083, 2.394, 2.785, 2.023]","[-3.633, -3.900, -5.199, -4.173, -4.284, -5.851]"
444,1,-3.8807,-3.4190,0.329,161,437,19,0,0.412,40,0.00,9828,498.25,0,0,44.000(55.000%)(2.571m),74.000(65.294%)(5.786m),89.259(78.758%)(7.421m),25.001(22.060%)(0.536m),12.275(15.344%)(0.000m),40.000(100.000%)(3.214m),9.700(24.251%)(0.000m),1635.215,4364.944,62.9,0.8491,"[-0.649, 0.165, 0.381, -0.605, 0.277, 0.590]","[2.078, 2.687, 2.143, 1.954, 2.897, 2.299]","[-6.417, -5.185, -3.689, -5.981, -5.847, -3.383]"
445,1,-1.1694,-3.3647,0.266,187,477,38,25,0.411,45,0.00,9847,581.28,0,0,50.392(62.990%)(3.256m),94.650(83.515%)(7.998m),34.000(30.000%)(1.500m),20.000(17.647%)(0.000m),23.000(28.750%)(0.321m),40.000(100.000%)(3.214m),40.000(100.000%)(3.214m),0.000,2483.688,59.1,0.7726,"[-0.055, 0.142, 0.474, -0.020, 0.289, 0.487]","[2.298, 2.624, 1.975, 2.323, 2.846, 2.146]","[-5.166, -5.848, -3.816, -5.015, -4.866, -3.824]"
446,1,-5.9569,-3.4031,0.328,92,230,25,0,0.410,25,0.00,9857,271.41,0,0,77.786(97.233%)(6.191m),112.000(98.824%)(9.857m),45.304(39.975%)(2.711m),19.720(17.400%)(0.000m),11.123(13.904%)(0.000m),40.000(100.000%)(3.214m),10.085(25.212%)(0.009m),3397.439,7880.273,58.0,0.7538,"[-1.159, -0.271, 0.206, -1.163, -0.269, 0.344]","[2.363, 2.744, 2.084, 2.328, 2.836, 2.191]","[-5.124, -5.063, -4.840, -5.230, -5.594, -4.857]"
447,1,-2.5018,-3.3275,0.332,134,367,22,0,0.409,35,0.00,9871,408.08,0,0,10.079(12.599%)(0.000m),15.951(14.075%)(0.000m),28.912(25.510%)(0.955m),59.000(52.059%)(4.179m),48.000(60.000%)(3.000m),10.584(26.461%)(0.063m),40.000(100.000%)(3.214m),990.283,3370.583,63.3,0.9032,"[0.413, 0.451, 0.111, 0.236, 0.499, 0.040]","[2.377, 2.861, 2.200, 2.252, 2.989, 2.242]","[-5.580, -5.316, -5.366, -6.243, -5.303, -5.559]"
448,1,-0.7569,-3.2445,0.274,410,1240,24,71,0.409,80,0.00,9912,1272.96,0,0,27.000(33.750%)(0.750m),77.000(67.941%)(6.107m),51.554(45.489%)(3.381m),21.183(18.691%)(0.127m),11.686(14.608%)(0.000m),15.000(37.500%)(0.536m),10.337(25.843%)(0.036m),1607.918,4037.525,70.0,0.7649,"[-0.122, 0.121, -0.113, -0.102, 0.319, 0.034]","[2.507, 2.832, 2.160, 2.386, 2.943, 2.186]","[-5.678, -5.101, -5.173, -5.395, -5.394, -5.281]"
449,1,-0.3270,-3.2067,0.304,150,405,37,16,0.408,40,0.00,9927,446.05,0,0,45.562(56.953%)(2.739m),74.645(65.864%)(5.855m),28.000(24.706%)(0.857m),22.000(19.412%)(0.214m),22.000(27.500%)(0.214m),40.000(100.000%)(3.214m),40.000(100.000%)(3.214m),0.000,2370.329,62.5,0.7409,"[-0.022, 0.030, 0.095, -0.140, 0.080, 0.005]","[2.368, 2.635, 2.111, 2.309, 2.894, 2.136]","[-4.837, -5.979, -3.855, -4.673, -4.757, -4.219]"
450,1,-1.2567,-3.1906,0.337,190,511,20,0,0.407,45,0.00,9946,512.65,0,0,12.687(15.859%)(0.000m),26.230(23.144%)(0.667m),57.000(50.294%)(3.964m),47.000(41.471%)(2.893m),31.000(38.750%)(1.179m),9.899(24.746%)(0.000m),40.000(100.000%)(3.214m),788.865,3540.283,62.2,0.9296,"[0.734, 0.630, -0.176, 0.696, 0.732, -0.358]","[2.190, 2.893, 2.193, 2.102, 2.933, 2.222]","[-3.197, -5.038, -5.477, -3.001, -5.058, -5.189]"
451,1,-0.9873,-3.0741,0.280,196,545,16,23,0.406,50,0.00,9966,609.10,0,0,11.831(14.789%)(0.000m),22.502(19.855%)(0.268m),63.174(55.742%)(4.626m),43.000(37.941%)(2.464m),24.000(30.000%)(0.429m),9.958(24.894%)(0.000m),24.000(60.000%)(1.500m),540.194,3124.398,64.3,0.9419,"[0.520, 0.463, 0.140, 0.442, 0.555, 0.108]","[2.107, 2.486, 2.198, 2.066, 2.805, 2.102]","[-3.751, -4.464, -5.425, -3.678, -5.083, -5.073]"
452,1,-2.1303,-3.0348,0.302,129,374,13,0,0.405,40,0.00,9979,402.15,0,0,42.000(52.500%)(2.357m),85.000(75.000%)(6.964m),71.993(63.523%)(5.571m),25.120(22.165%)(0.549m),12.334(15.418%)(0.000m),40.000(100.000%)(3.214m),9.747(24.367%)(0.000m),1580.296,3933.934,67.1,0.7113,"[-0.779, -0.142, -0.142, -0.903, -0.046, -0.087]","[1.593, 1.911, 1.467, 1.576, 2.029, 1.540]","[-5.925, -4.859, -4.360, -5.782, -5.173, -4.250]"
453,1,-3.1420,-3.0572,0.296,168,440,0,14,0.405,40,0.00,9996,525.62,0,0,51.681(64.601%)(3.394m),106.848(94.278%)(9.305m),84.000(74.118%)(6.857m),20.000(17.647%)(0.000m),27.000(33.750%)(0.750m),37.542(93.854%)(2.951m),40.000(100.000%)(3.214m),0.000,2858.669,60.7,0.7213,"[-0.206, 0.040, 0.375, -0.373, 0.179, 0.254]","[1.796, 2.302, 1.793, 1.798, 2.408, 1.831]","[-4.678, -6.293, -5.174, -5.599, -5.248, -5.719]"
454,1,-4.3496,-3.0395,0.296,206,515,3,14,0.404,45,0.00,10017,634.96,0,0,47.284(59.105%)(2.923m),97.757(86.256%)(8.331m),35.000(30.882%)(1.607m),21.000(18.529%)(0.107m),29.000(36.250%)(0.964m),34.319(85.797%)(2.606m),40.000(100.000%)(3.214m),0.000,3516.637,57.8,0.7700,"[0.301, 0.386, 0.405, 0.244, 0.529, 0.408]","[1.657, 2.372, 1.825, 1.741, 2.388, 1.944]","[-5.719, -7.044, -8.519, -6.344, -6.995, -9.097]"
455,1,-2.9575,-3.0288,0.244,445,1190,149,74,0.403,70,0.00,10062,1363.04,0,0,19.225(24.032%)(0.000m),40.269(35.532%)(2.172m),36.000(31.765%)(1.714m),24.000(21.177%)(0.429m),13.000(16.250%)(0.000m),13.581(33.952%)(0.384m),30.000(75.000%)(2.143m),142.524,4200.934,61.9,0.8118,"[0.059, 0.172, -0.194, 0.016, 0.373, -0.264]","[1.999, 2.528, 1.984, 2.049, 2.672, 2.001]","[-6.408, -6.338, -5.011, -6.179, -5.542, -5.098]"
456,1,-2.5508,-2.9799,0.230,336,996,93,33,0.402,70,0.00,10096,906.21,0,0,12.000(15.000%)(0.000m),20.000(17.647%)(0.000m),49.000(43.235%)(3.107m),33.000(29.118%)(1.393m),18.942(23.678%)(0.000m),11.000(27.500%)(0.107m),13.312(33.279%)(0.355m),77.273,2750.514,68.6,0.6946,"[-0.721, -0.250, -0.278, -0.829, -0.226, -0.211]","[2.011, 2.492, 1.818, 1.998, 2.674, 2.048]","[-6.837, -6.459, -6.341, -6.708, -6.460, -5.724]"
457,1,-2.6782,-2.9894,0.277,525,1396,125,90,0.401,75,0.00,10149,1684.40,0,0,17.665(22.081%)(0.000m),37.125(32.758%)(1.835m),91.000(80.294%)(7.607m),59.000(52.059%)(4.179m),25.000(31.250%)(0.536m),12.453(31.132%)(0.263m),12.000(30.000%)(0.214m),830.300,5069.133,61.5,0.8453,"[0.565, 0.687, 0.214, 0.626, 0.833, 0.223]","[2.074, 2.529, 2.060, 2.062, 2.737, 2.137]","[-2.126, -1.146, -4.694, -2.822, -1.459, -4.598]"
458,1,0.4611,-2.9018,0.269,390,1091,85,44,0.401,70,0.00,10188,1309.07,0,0,20.539(25.674%)(0.058m),42.988(37.931%)(2.463m),63.000(55.588%)(4.607m),26.000(22.941%)(0.643m),13.000(16.250%)(0.000m),14.516(36.290%)(0.484m),10.000(25.000%)(0.000m),591.319,3680.978,64.7,1.0329,"[-0.074, 0.165, 0.210, -0.040, 0.350, 0.243]","[2.012, 2.429, 2.137, 1.941, 2.528, 2.221]","[-6.931, -7.448, -6.428, -6.758, -7.157, -6.119]"
459,1,-2.7473,-2.8941,0.293,152,432,15,2,0.400,40,0.00,10204,518.39,0,0,10.539(13.174%)(0.000m),17.266(15.235%)(0.000m),33.356(29.432%)(1.431m),52.000(45.882%)(3.429m),32.000(40.000%)(1.286m),10.539(26.348%)(0.058m),40.000(100.000%)(3.214m),664.514,3460.026,65.7,0.9297,"[0.389, 0.435, -0.039, 0.388, 0.594, -0.102]","[1.969, 2.397, 1.904, 2.066, 2.602, 1.891]","[-5.548, -5.079, -5.460, -5.861, -5.366, -5.214]"
460,1,-0.2554,-2.8329,0.330,443,1166,204,13,0.399,70,0.00,10249,1462.35,0,0,13.853(17.316%)(0.000m),24.000(21.177%)(0.429m),32.000(28.235%)(1.286m),50.000(44.118%)(3.214m),38.000(47.500%)(1.929m),9.710(24.276%)(0.000m),26.000(65.000%)(1.714m),0.000,3655.426,60.9,0.9113,"[0.631, 0.502, -0.342, 0.675, 0.553, -0.367]","[1.994, 2.433, 2.066, 2.114, 2.750, 2.106]","[-3.970, -5.419, -5.395, -4.113, -5.059, -5.062]"
461,1,-1.8375,-2.8555,0.330,154,412,51,13,0.398,40,0.00,10265,499.59,0,0,77.786(97.233%)(6.191m),21.000(18.529%)(0.107m),20.000(17.647%)(0.000m),113.333(100.000%)(10.000m),64.320(80.400%)(4.749m),40.000(100.000%)(3.214m),40.000(100.000%)(3.214m),0.000,2191.473,61.8,0.8622,"[0.161, 0.106, 0.047, 0.149, 0.044, 0.001]","[2.215, 2.563, 2.210, 2.240, 2.701, 2.388]","[-4.440, -4.781, -4.745, -4.727, -5.048, -5.123]"
462,1,-3.9149,-2.8601,0.413,131,354,23,0,0.397,35,0.00,10279,432.00,0,0,11.277(14.096%)(0.000m),20.678(18.245%)(0.073m),51.954(45.842%)(3.424m),66.000(58.235%)(4.929m),55.000(68.750%)(3.750m),9.852(24.630%)(0.000m),40.000(100.000%)(3.214m),1245.793,3856.565,62.5,0.9227,"[0.169, 0.179, -0.043, 0.248, 0.268, -0.055]","[2.075, 2.779, 2.218, 2.123, 2.841, 2.327]","[-4.886, -5.173, -5.216, -4.616, -5.274, -5.229]"
463,1,-6.2078,-2.9145,0.425,279,821,19,20,0.397,60,0.00,10307,840.50,0,0,23.837(29.797%)(0.411m),49.990(44.109%)(3.213m),32.771(28.916%)(1.368m),17.255(15.225%)(0.000m),10.627(13.283%)(0.000m),16.836(42.090%)(0.732m),10.757(26.893%)(0.081m),492.877,3206.658,68.1,0.8462,"[0.030, 0.137, 0.088, 0.031, 0.261, 0.111]","[2.401, 2.794, 2.340, 2.482, 2.925, 2.457]","[-4.653, -4.813, -4.214, -4.579, -5.057, -4.223]"
464,1,-3.3556,-2.8743,0.343,230,626,18,51,0.396,50,0.00,10330,729.18,0,0,25.452(31.816%)(0.584m),52.851(46.634%)(3.520m),62.000(54.706%)(4.500m),39.000(34.412%)(2.036m),23.000(28.750%)(0.321m),18.098(45.245%)(0.868m),11.000(27.500%)(0.107m),652.930,3950.356,63.0,0.7511,"[1.052, 1.152, 0.912, 1.026, 1.367, 0.820]","[2.755, 3.053, 2.659, 2.648, 3.251, 2.815]","[-1.367, -1.721, -1.829, -1.037, -1.836, -2.368]"
465,1,-3.7717,-2.8407,0.329,213,544,30,15,0.395,45,0.00,10352,657.82,0,0,12.000(15.000%)(0.000m),23.000(20.294%)(0.321m),101.000(89.118%)(8.679m),40.467(35.706%)(2.193m),19.241(24.051%)(0.000m),40.000(100.000%)(3.214m),13.561(33.903%)(0.382m),3256.382,6311.959,59.1,0.9122,"[0.563, 1.529, 1.409, 0.424, 1.563, 1.362]","[3.000, 3.451, 2.916, 2.898, 3.477, 2.814]","[-4.817, -5.675, -4.826, -5.313, -5.524, -5.019]"
466,1,-0.4969,-2.8114,0.313,427,1178,167,52,0.394,70,0.00,10395,1322.45,0,0,20.157(25.197%)(0.017m),38.000(33.530%)(1.929m),50.000(44.118%)(3.214m),22.000(19.412%)(0.214m),12.000(15.000%)(0.000m),14.224(35.559%)(0.453m),11.000(27.500%)(0.107m),261.639,3184.080,63.8,0.8116,"[0.770, 0.902, 0.193, 0.733, 0.940, 0.154]","[2.623, 3.123, 2.610, 2.604, 3.349, 2.740]","[-7.214, -6.029, -5.790, -6.767, -6.597, -5.605]"
467,1,-3.5807,-2.8207,0.299,213,583,42,81,0.393,50,0.00,10417,691.08,0,0,40.650(50.813%)(2.213m),84.042(74.155%)(6.862m),71.000(62.647%)(5.464m),41.000(36.177%)(2.250m),19.000(23.750%)(0.000m),29.316(73.289%)(2.070m),10.000(25.000%)(0.000m),429.707,3591.290,63.3,0.8847,"[-0.207, 0.343, 0.597, -0.147, 0.369, 0.558]","[2.334, 3.141, 2.619, 2.429, 3.277, 2.694]","[-4.894, -3.818, -1.604, -4.849, -4.200, -1.847]"
468,1,-5.0237,-2.8619,0.353,301,851,17,26,0.393,60,0.00,10448,762.96,0,0,24.698(30.873%)(0.503m),51.466(45.411%)(3.371m),25.227(22.259%)(0.560m),15.214(13.424%)(0.000m),10.151(12.688%)(0.000m),17.514(43.785%)(0.805m),11.618(29.046%)(0.173m),713.497,3813.978,65.4,0.7472,"[0.093, 0.256, 0.039, 0.036, 0.378, 0.038]","[2.186, 2.713, 2.330, 2.191, 2.803, 2.311]","[-5.165, -5.423, -6.024, -5.563, -6.278, -6.027]"
469,1,-2.6028,-2.8962,0.322,242,601,54,8,0.392,50,0.00,10473,675.01,0,0,11.117(13.896%)(0.000m),19.708(17.390%)(0.000m),44.000(38.824%)(2.571m),38.000(33.530%)(1.929m),32.000(40.000%)(1.286m),10.079(25.198%)(0.008m),40.000(100.000%)(3.214m),573.312,4111.132,57.4,0.7105,"[0.623, 0.355, -0.145, 0.729, 0.694, -0.178]","[1.843, 2.491, 2.371, 1.906, 2.885, 2.390]","[-5.656, -5.916, -5.594, -5.415, -5.630, -5.431]"
470,1,-2.1196,-2.8968,0.230,203,547,30,0,0.391,45,0.00,10494,657.61,0,0,37.000(46.250%)(1.821m),61.000(53.824%)(4.393m),72.000(63.530%)(5.571m),26.037(22.974%)(0.647m),12.594(15.742%)(0.000m),32.000(80.000%)(2.357m),9.826(24.564%)(0.000m),1319.262,3893.097,62.3,1.0178,"[-0.419, 0.439, 0.572, -0.530, 0.424, 0.649]","[2.046, 2.405, 1.997, 1.954, 2.495, 2.038]","[-5.818, -4.592, -3.366, -5.480, -5.232, -3.072]"
471,1,-2.3790,-2.9034,0.321,136,386,14,0,0.390,40,0.00,10508,417.81,0,0,11.925(14.906%)(0.000m),23.281(20.542%)(0.352m),65.591(57.875%)(4.885m),79.000(69.706%)(6.321m),42.000(52.500%)(2.357m),9.788(24.470%)(0.000m),40.000(100.000%)(3.214m),1359.913,4066.977,65.7,0.7226,"[0.728, 0.612, -0.066, 0.695, 0.819, -0.125]","[2.068, 2.699, 2.261, 2.062, 2.915, 2.322]","[-4.878, -4.848, -5.214, -4.863, -5.003, -5.062]"
472,1,-6.9514,-2.9948,0.277,366,1016,104,92,0.389,70,0.00,10545,1107.57,0,0,17.000(21.250%)(0.000m),70.000(61.765%)(5.357m),33.000(29.118%)(1.393m),21.000(18.529%)(0.107m),20.513(25.641%)(0.055m),12.000(30.000%)(0.214m),14.437(36.092%)(0.475m),0.000,3281.785,64.3,0.8718,"[-0.566, -0.224, -0.262, -0.612, -0.118, -0.358]","[2.227, 2.856, 2.273, 2.233, 3.140, 2.288]","[-5.446, -6.318, -5.784, -5.228, -5.945, -6.213]"
473,1,-4.2534,-3.0499,0.257,425,1177,171,38,0.389,70,0.00,10588,1319.72,0,0,14.310(17.887%)(0.000m),30.860(27.230%)(1.164m),49.000(43.235%)(3.107m),19.000(16.765%)(0.000m),11.000(13.750%)(0.000m),10.022(25.056%)(0.002m),11.000(27.500%)(0.107m),84.224,3393.955,64.1,0.8767,"[0.486, 0.165, -0.853, 0.482, 0.360, -0.757]","[1.810, 2.039, 1.714, 1.803, 2.245, 1.742]","[-7.087, -6.126, -5.668, -6.548, -5.904, -5.512]"
474,1,-5.5487,-3.0582,0.359,79,200,21,0,0.388,25,0.00,10596,239.91,0,0,78.639(98.299%)(6.283m),113.000(99.706%)(9.964m),32.036(28.267%)(1.290m),16.868(14.884%)(0.000m),10.388(12.985%)(0.000m),40.000(100.000%)(3.214m),10.516(26.290%)(0.055m),3000.885,7483.320,58.5,0.9160,"[-1.743, -0.845, -0.022, -1.568, -0.461, -0.001]","[1.909, 2.527, 2.199, 2.054, 2.787, 2.333]","[-5.498, -5.868, -5.462, -5.409, -5.817, -5.584]"
475,1,-2.0353,-3.0403,0.288,229,615,71,0,0.387,50,0.00,10619,655.46,0,0,13.659(17.073%)(0.000m),29.559(26.081%)(1.024m),72.807(64.241%)(5.658m),59.000(52.059%)(4.179m),41.000(51.250%)(2.250m),9.592(23.979%)(0.000m),31.000(77.500%)(2.250m),1283.675,4426.408,62.2,0.7255,"[0.761, 0.136, -0.491, 0.956, 0.187, -0.671]","[1.982, 2.044, 1.844, 2.205, 2.404, 1.822]","[-2.500, -5.239, -5.411, -1.948, -5.186, -5.641]"
476,1,-6.5397,-3.1106,0.288,495,1271,175,57,0.386,70,0.00,10669,1418.71,0,0,17.083(21.354%)(0.000m),21.000(18.529%)(0.107m),20.000(17.647%)(0.000m),20.000(17.647%)(0.000m),19.629(24.536%)(0.000m),12.027(30.068%)(0.217m),13.864(34.660%)(0.414m),0.000,5176.650,59.4,0.7441,"[0.359, 0.526, -0.096, 0.248, 0.713, -0.089]","[2.237, 2.892, 2.309, 2.204, 2.912, 2.430]","[-4.612, -4.810, -4.892, -4.685, -4.319, -5.025]"
477,1,-2.3875,-3.0524,0.293,641,1884,183,135,0.386,90,0.00,10734,1942.49,0,0,15.000(18.750%)(0.000m),46.000(40.588%)(2.786m),51.124(45.109%)(3.335m),21.006(18.535%)(0.108m),11.589(14.486%)(0.000m),11.000(27.500%)(0.107m),10.251(25.627%)(0.027m),579.936,3944.649,68.0,0.7839,"[-0.345, 0.046, -0.114, -0.361, 0.227, -0.087]","[2.329, 2.913, 2.566, 2.240, 3.043, 2.603]","[-5.098, -5.157, -4.707, -4.955, -5.200, -4.609]"
478,1,-1.3716,-2.9949,0.254,272,782,122,0,0.385,60,0.00,10762,835.14,0,0,11.874(14.842%)(0.000m),22.032(19.440%)(0.218m),56.353(49.723%)(3.895m),56.000(49.412%)(3.857m),34.000(42.500%)(1.500m),10.246(25.615%)(0.026m),28.000(70.000%)(1.929m),871.493,3002.345,66.5,0.8372,"[0.720, 0.659, 0.038, 0.702, 0.828, -0.069]","[2.138, 2.715, 2.209, 2.152, 3.056, 2.282]","[-4.384, -4.828, -4.626, -4.173, -4.974, -4.845]"
479,1,-6.1795,-3.0205,0.296,142,379,21,0,0.384,35,0.00,10777,430.90,0,0,48.000(60.000%)(3.000m),61.000(53.824%)(4.393m),32.424(28.609%)(1.331m),16.784(14.809%)(0.000m),10.245(12.806%)(0.000m),40.000(100.000%)(3.214m),10.245(25.611%)(0.026m),1007.901,3948.727,61.8,0.8419,"[-0.254, 0.247, 0.549, -0.177, 0.385, 0.497]","[2.128, 2.787, 2.286, 2.162, 2.968, 2.418]","[-5.546, -5.406, -5.674, -5.415, -6.175, -5.888]"
480,1,-3.3897,-2.9900,0.325,292,740,96,8,0.383,55,0.00,10807,881.32,0,0,12.792(15.990%)(0.000m),27.116(23.926%)(0.762m),51.000(45.000%)(3.321m),38.000(33.530%)(1.929m),32.000(40.000%)(1.286m),9.727(24.318%)(0.000m),30.000(75.000%)(2.143m),540.284,4630.719,58.7,0.8338,"[0.909, 0.509, -0.495, 0.896, 0.657, -0.552]","[2.456, 2.955, 2.260, 2.394, 3.048, 2.317]","[-3.760, -5.331, -5.833, -4.063, -5.203, -5.724]"
481,1,-3.2424,-2.9861,0.325,362,1006,160,29,0.383,65,0.00,10844,1123.75,0,0,17.842(22.302%)(0.000m),25.000(22.059%)(0.536m),39.000(34.412%)(2.036m),34.000(30.000%)(1.500m),27.000(33.750%)(0.750m),12.549(31.373%)(0.273m),28.000(70.000%)(1.929m),0.000,3042.464,64.3,0.9287,"[0.503, 0.364, -0.370, 0.528, 0.432, -0.430]","[2.146, 2.574, 2.096, 2.379, 2.811, 2.283]","[-4.932, -5.623, -5.160, -5.395, -4.724, -5.287]"
482,1,-2.3041,-2.9684,0.338,332,948,90,8,0.382,65,0.00,10878,1081.02,0,0,21.207(26.509%)(0.129m),21.000(18.529%)(0.107m),20.000(17.647%)(0.000m),69.000(60.883%)(5.250m),34.000(42.500%)(1.500m),14.989(37.472%)(0.535m),29.000(72.500%)(2.036m),0.000,3256.668,66.1,0.9118,"[0.534, 0.733, 0.286, 0.572, 0.857, 0.264]","[2.038, 2.702, 2.150, 2.032, 2.814, 2.205]","[-5.833, -5.362, -5.664, -5.683, -5.904, -5.752]"
483,1,-4.5707,-3.0256,0.333,181,467,25,0,0.381,40,0.00,10897,546.20,0,0,10.071(12.589%)(0.000m),15.206(13.417%)(0.000m),25.501(22.501%)(0.589m),47.000(41.471%)(2.893m),39.000(48.750%)(2.036m),11.386(28.464%)(0.148m),40.000(100.000%)(3.214m),909.361,3367.909,59.7,0.9139,"[0.471, 0.569, 0.290, 0.523, 0.660, 0.257]","[2.140, 2.482, 2.042, 2.138, 2.687, 2.137]","[-6.155, -5.354, -5.813, -5.765, -5.993, -5.902]"
484,1,-0.5587,-3.0114,0.319,128,361,39,10,0.380,35,0.00,10910,393.20,0,0,62.107(77.634%)(4.511m),113.333(100.000%)(10.000m),20.000(17.647%)(0.000m),20.000(17.647%)(0.000m),24.000(30.000%)(0.429m),40.000(100.000%)(3.214m),40.000(100.000%)(3.214m),0.000,2130.370,65.3,0.9048,"[0.008, 0.335, 0.342, 0.013, 0.297, 0.176]","[2.326, 3.053, 2.487, 2.493, 3.213, 2.540]","[-5.590, -4.685, -4.716, -5.744, -5.517, -5.584]"
485,1,-3.5912,-3.0038,0.274,236,630,43,15,0.379,50,0.00,10934,678.94,0,0,12.007(15.009%)(0.000m),22.836(20.150%)(0.304m),61.000(53.824%)(4.393m),46.000(40.588%)(2.786m),30.000(37.500%)(1.071m),10.106(25.264%)(0.011m),28.000(70.000%)(1.929m),607.508,3690.338,61.8,0.7373,"[1.016, 0.923, 0.017, 1.047, 1.150, 0.132]","[1.905, 2.660, 2.180, 2.028, 2.983, 2.339]","[-4.239, -4.341, -5.351, -4.306, -4.680, -5.141]"
486,1,-1.6515,-2.9478,0.321,357,998,168,12,0.379,65,0.00,10970,1049.88,0,0,14.331(17.913%)(0.000m),28.000(24.706%)(0.857m),39.000(34.412%)(2.036m),44.000(38.824%)(2.571m),33.000(41.250%)(1.393m),10.028(25.069%)(0.003m),29.000(72.500%)(2.036m),0.000,2969.923,64.7,0.8191,"[0.661, 0.348, -0.915, 0.704, 0.293, -0.902]","[1.669, 2.033, 1.906, 1.784, 2.142, 2.011]","[-2.599, -4.584, -5.391, -2.652, -4.989, -5.257]"
487,1,-1.8633,-2.8802,0.319,177,440,15,0,0.378,40,0.00,10988,524.50,0,0,54.000(67.500%)(3.643m),58.955(52.020%)(4.174m),21.854(19.283%)(0.199m),13.998(12.351%)(0.000m),9.737(12.171%)(0.000m),40.000(100.000%)(3.214m),12.013(30.033%)(0.216m),1756.258,4477.844,57.5,0.8930,"[0.589, 0.831, 0.826, 0.596, 0.943, 0.836]","[2.447, 2.581, 2.136, 2.465, 2.825, 2.187]","[-5.279, -5.718, -6.243, -5.380, -6.491, -6.805]"
488,1,-0.7305,-2.8511,0.325,282,851,100,9,0.377,65,0.00,11017,739.12,0,0,42.000(52.500%)(2.357m),64.000(56.471%)(4.714m),88.000(77.647%)(7.286m),24.000(21.177%)(0.429m),17.035(21.293%)(0.000m),29.000(72.500%)(2.036m),11.946(29.866%)(0.209m),0.000,2581.053,69.8,0.7380,"[-0.939, 0.146, 0.511, -0.859, 0.319, 0.595]","[2.008, 2.693, 2.132, 2.083, 2.842, 2.293]","[-6.157, -5.297, -3.894, -5.594, -5.309, -4.164]"
489,1,1.2219,-2.7650,0.329,244,718,18,0,0.376,55,0.00,11042,649.86,0,0,38.000(47.500%)(1.929m),64.000(56.471%)(4.714m),49.523(43.697%)(3.163m),20.348(17.954%)(0.037m),11.226(14.032%)(0.000m),26.000(65.000%)(1.714m),9.930(24.825%)(0.000m),1138.161,3027.774,68.1,0.7030,"[0.294, 0.861, 0.870, 0.226, 1.006, 0.922]","[2.766, 3.258, 2.796, 2.781, 3.434, 2.909]","[-5.042, -5.390, -5.630, -4.782, -5.450, -5.612]"
490,1,-2.0574,-2.8037,0.311,446,1205,4,76,0.376,70,0.00,11087,1404.76,0,0,23.476(29.345%)(0.372m),35.000(30.882%)(1.607m),67.000(59.118%)(5.036m),17.000(15.000%)(0.000m),11.000(13.750%)(0.000m),16.611(41.528%)(0.708m),11.000(27.500%)(0.107m),344.648,3587.964,62.5,0.8366,"[0.410, 0.537, 0.229, 0.463, 0.679, 0.225]","[2.310, 2.711, 2.300, 2.321, 2.853, 2.291]","[-6.519, -6.362, -6.163, -6.406, -6.350, -6.478]"
491,1,-4.9363,-2.8215,0.327,446,1232,54,125,0.375,75,0.00,11132,1378.91,0,0,18.605(23.256%)(0.000m),39.497(34.851%)(2.089m),93.000(82.059%)(7.821m),53.000(46.765%)(3.536m),26.000(32.500%)(0.643m),11.000(27.500%)(0.107m),19.000(47.500%)(0.964m),866.617,4700.318,63.9,0.8250,"[0.464, 0.757, 0.664, 0.472, 0.896, 0.654]","[2.482, 3.042, 2.464, 2.656, 3.210, 2.530]","[-3.930, -1.744, -3.800, -3.982, -1.975, -3.832]"
492,1,-2.0385,-2.7675,0.289,191,504,13,6,0.374,45,0.00,11152,546.89,0,0,10.910(13.637%)(0.000m),17.873(15.771%)(0.000m),34.529(30.467%)(1.557m),42.000(37.059%)(2.357m),31.000(38.750%)(1.179m),10.910(27.274%)(0.097m),40.000(100.000%)(3.214m),718.404,3723.072,61.1,0.9016,"[1.234, 1.158, 0.580, 1.191, 1.223, 0.591]","[2.619, 3.301, 2.472, 2.537, 3.295, 2.442]","[-5.330, -5.077, -5.551, -5.612, -5.250, -5.543]"
493,1,-3.8337,-2.8258,0.326,155,408,16,0,0.373,40,0.00,11168,391.29,0,0,48.000(60.000%)(3.000m),94.000(82.941%)(7.929m),62.670(55.297%)(4.572m),22.998(20.292%)(0.321m),11.937(14.921%)(0.000m),40.000(100.000%)(3.214m),9.922(24.805%)(0.000m),3858.152,7185.448,61.0,0.9441,"[-0.033, 0.946, 0.909, -0.066, 1.184, 1.220]","[2.210, 2.752, 2.344, 2.299, 3.049, 2.612]","[-6.275, -5.472, -5.185, -5.863, -5.854, -4.981]"
494,1,-2.9131,-2.8064,0.354,230,596,14,24,0.373,50,0.00,11191,585.22,0,0,10.782(13.478%)(0.000m),17.664(15.586%)(0.000m),34.125(30.111%)(1.513m),35.000(30.882%)(1.607m),26.000(32.500%)(0.643m),10.782(26.955%)(0.084m),26.000(65.000%)(1.714m),386.817,3595.160,60.0,0.7895,"[0.852, 1.092, 0.801, 0.818, 1.273, 0.788]","[2.374, 2.882, 2.459, 2.329, 3.130, 2.517]","[-5.331, -5.102, -5.593, -5.693, -4.820, -5.633]"
495,1,-4.8421,-2.8799,0.306,519,1346,321,46,0.372,75,0.00,11243,1393.80,0,0,14.505(18.131%)(0.000m),26.000(22.941%)(0.643m),31.000(27.353%)(1.179m),17.000(15.000%)(0.000m),11.000(13.750%)(0.000m),10.182(25.454%)(0.019m),11.000(27.500%)(0.107m),43.828,3973.820,60.0,0.7236,"[0.453, 0.312, -0.457, 0.602, 0.306, -0.408]","[2.161, 2.677, 2.358, 2.352, 2.922, 2.491]","[-6.788, -7.359, -7.884, -6.768, -6.699, -8.249]"
496,1,-3.4961,-2.8307,0.263,398,1076,171,9,0.371,70,0.00,11283,1037.31,0,0,36.000(45.000%)(1.714m),20.000(17.647%)(0.000m),19.000(16.765%)(0.000m),19.000(16.765%)(0.000m),14.428(18.035%)(0.000m),25.000(62.500%)(1.607m),10.100(25.251%)(0.011m),0.000,4515.226,62.6,0.6724,"[0.052, 0.354, 0.300, -0.048, 0.655, 0.434]","[2.088, 2.453, 2.117, 2.093, 2.782, 2.298]","[-5.232, -5.364, -5.150, -5.377, -5.113, -5.513]"
497,1,-4.9576,-2.8798,0.397,486,1270,130,18,0.370,70,0.00,11332,1371.38,0,0,14.135(17.669%)(0.000m),16.000(14.118%)(0.000m),27.000(23.824%)(0.750m),46.000(40.588%)(2.786m),34.000(42.500%)(1.500m),9.902(24.755%)(0.000m),28.000(70.000%)(1.929m),945.574,4996.482,60.5,0.7715,"[0.813, 0.913, -0.124, 0.769, 0.965, -0.054]","[2.444, 3.118, 2.429, 2.557, 3.311, 2.525]","[-8.222, -7.595, -6.074, -9.168, -6.229, -5.990]"
498,1,-1.6421,-2.8975,0.327,178,476,16,2,0.370,45,0.00,11350,543.76,0,0,10.562(13.202%)(0.000m),17.304(15.268%)(0.000m),33.428(29.496%)(1.439m),45.000(39.706%)(2.679m),33.000(41.250%)(1.393m),10.562(26.405%)(0.060m),40.000(100.000%)(3.214m),676.246,3396.976,61.9,0.8223,"[1.145, 1.194, 0.872, 1.200, 1.398, 0.752]","[2.809, 3.211, 2.771, 2.872, 3.465, 2.649]","[-5.180, -5.291, -5.399, -5.220, -5.103, -5.589]"
499,1,-3.1006,-2.9530,0.405,158,430,13,0,0.369,40,0.00,11366,480.25,0,0,10.254(12.818%)(0.000m),15.719(13.869%)(0.000m),26.998(23.822%)(0.750m),49.000(43.235%)(3.107m),36.000(45.000%)(1.714m),11.310(28.275%)(0.140m),40.000(100.000%)(3.214m),740.057,3326.587,63.0,0.7052,"[0.972, 0.952, 0.331, 1.065, 1.102, 0.336]","[3.015, 3.154, 2.658, 3.220, 3.502, 2.650]","[-5.217, -5.594, -5.693, -5.282, -5.468, -5.773]"
500,1,-2.3675,-2.9752,0.302,174,475,20,5,0.368,45,0.00,11384,573.82,0,0,31.000(38.750%)(1.179m),46.000(40.588%)(2.786m),58.894(51.966%)(4.167m),22.168(19.560%)(0.232m),11.656(14.570%)(0.000m),40.000(100.000%)(3.214m),9.810(24.525%)(0.000m),578.647,3697.474,63.2,0.9278,"[-0.102, 0.977, 0.971, -0.067, 0.981, 1.140]","[2.411, 3.407, 2.766, 2.539, 3.459, 2.904]","[-6.059, -5.044, -4.416, -5.402, -5.059, -4.231]"
501,1,-0.8740,-2.9729,0.334,138,381,36,10,0.368,40,0.00,11398,439.76,0,0,61.093(76.366%)(4.403m),113.333(100.000%)(10.000m),20.000(17.647%)(0.000m),20.000(17.647%)(0.000m),25.000(31.250%)(0.536m),40.000(100.000%)(3.214m),40.000(100.000%)(3.214m),0.000,2494.645,63.9,0.9472,"[0.126, 0.469, 0.755, 0.041, 0.525, 0.695]","[2.270, 2.859, 2.595, 2.275, 2.991, 2.642]","[-6.457, -6.889, -7.833, -6.438, -6.643, -7.884]"
502,1,-2.7770,-2.9859,0.224,194,556,15,38,0.367,50,0.00,11418,615.18,0,0,24.000(30.000%)(0.429m),42.000(37.059%)(2.357m),78.000(68.824%)(6.214m),28.685(25.310%)(0.931m),13.185(16.482%)(0.000m),21.000(52.500%)(1.179m),9.769(24.422%)(0.000m),542.213,3185.871,66.4,0.8913,"[-0.157, 0.493, 0.369, -0.016, 0.642, 0.444]","[2.288, 2.633, 2.121, 2.430, 2.995, 2.239]","[-6.304, -5.048, -3.497, -5.596, -5.537, -3.402]"
503,1,-3.5936,-2.9949,0.285,215,556,33,31,0.366,45,0.00,11440,670.70,0,0,13.227(16.533%)(0.000m),28.395(25.054%)(0.899m),50.000(44.118%)(3.214m),31.000(27.353%)(1.179m),25.000(31.250%)(0.536m),9.672(24.180%)(0.000m),40.000(100.000%)(3.214m),286.608,3931.454,59.9,0.9033,"[0.581, 0.298, 0.185, 0.598, 0.471, 0.171]","[2.570, 2.758, 2.365, 2.605, 2.989, 2.498]","[-3.783, -4.885, -5.396, -3.512, -4.707, -5.222]"
504,1,-2.5942,-2.9598,0.352,389,1085,52,40,0.365,70,0.00,11479,1185.96,0,0,21.031(26.289%)(0.111m),44.070(38.885%)(2.579m),53.000(46.765%)(3.536m),30.000(26.471%)(1.071m),14.000(17.500%)(0.000m),14.852(37.131%)(0.520m),10.000(25.000%)(0.000m),810.223,3728.114,64.5,0.8864,"[0.175, 0.598, 0.459, 0.151, 0.762, 0.367]","[2.478, 2.952, 2.402, 2.476, 3.202, 2.524]","[-7.219, -5.922, -3.532, -6.992, -5.252, -4.215]"
505,1,-1.5787,-2.9322,0.317,366,1036,111,41,0.365,70,0.00,11516,1096.85,0,0,18.722(23.402%)(0.000m),36.000(31.765%)(1.714m),24.000(21.177%)(0.429m),15.000(13.235%)(0.000m),10.000(12.500%)(0.000m),13.166(32.914%)(0.339m),27.000(67.500%)(1.821m),232.939,2934.753,65.5,0.8056,"[0.484, 0.523, -0.015, 0.490, 0.594, -0.154]","[2.679, 3.129, 2.537, 2.774, 3.332, 2.564]","[-6.417, -7.403, -7.966, -7.059, -7.444, -9.088]"
506,1,2.6173,-2.8288,0.326,476,1416,46,82,0.364,80,0.00,11564,1421.62,0,0,16.328(20.410%)(0.000m),32.000(28.235%)(1.286m),62.000(54.706%)(4.500m),21.000(18.529%)(0.107m),26.000(32.500%)(0.643m),11.452(28.630%)(0.156m),19.000(47.500%)(0.964m),0.000,2688.402,68.8,0.8139,"[0.517, 0.444, -0.144, 0.338, 0.535, -0.236]","[2.632, 3.052, 2.620, 2.499, 3.330, 2.702]","[-3.739, -5.600, -5.471, -3.861, -4.480, -5.499]"
507,1,-3.2967,-2.8412,0.297,446,1198,19,59,0.363,70,0.00,11609,1282.94,0,0,25.312(31.640%)(0.569m),50.000(44.118%)(3.214m),52.000(45.882%)(3.429m),24.000(21.177%)(0.429m),12.000(15.000%)(0.000m),18.027(45.066%)(0.860m),18.000(45.000%)(0.857m),573.625,3886.508,62.1,0.7720,"[0.455, 0.812, 0.748, 0.603, 1.050, 0.716]","[2.413, 2.955, 2.660, 2.411, 3.080, 2.662]","[-6.996, -7.080, -5.825, -6.567, -6.300, -6.136]"
508,1,-2.7751,-2.9059,0.297,212,587,45,22,0.362,50,0.00,11631,635.50,0,0,31.000(38.750%)(1.179m),41.000(36.177%)(2.250m),65.000(57.353%)(4.821m),31.775(28.037%)(1.262m),14.908(18.635%)(0.000m),12.000(30.000%)(0.214m),10.457(26.141%)(0.049m),431.980,3520.879,64.0,0.7584,"[-0.584, -0.131, 0.335, -0.472, 0.087, 0.324]","[2.737, 3.172, 2.662, 2.770, 3.326, 2.662]","[-5.549, -4.709, -1.706, -5.036, -4.475, -1.508]"
509,1,-3.4219,-2.9194,0.340,421,1160,6,22,0.362,70,0.00,11674,1225.06,0,0,30.000(37.500%)(1.071m),45.000(39.706%)(2.679m),89.000(78.530%)(7.393m),21.000(18.529%)(0.107m),12.000(15.000%)(0.000m),27.000(67.500%)(1.821m),10.000(25.000%)(0.000m),1762.136,5405.687,63.8,0.7871,"[0.327, 0.666, 0.283, 0.268, 0.935, 0.458]","[2.275, 2.996, 2.649, 2.289, 3.188, 2.544]","[-6.174, -6.024, -5.386, -6.147, -5.743, -5.381]"
510,1,-3.3374,-2.9811,0.253,303,849,83,0,0.361,60,0.00,11705,834.41,0,0,12.898(16.123%)(0.000m),27.857(24.580%)(0.842m),83.000(73.236%)(6.750m),64.000(56.471%)(4.714m),33.000(41.250%)(1.393m),9.682(24.204%)(0.000m),26.000(65.000%)(1.714m),847.733,3773.185,64.8,0.7963,"[0.976, 0.992, 0.583, 0.923, 1.125, 0.593]","[2.445, 2.815, 2.381, 2.498, 2.890, 2.182]","[-1.945, -2.714, -4.213, -2.929, -4.010, -4.143]"
511,1,-0.3123,-2.9506,0.271,289,864,60,8,0.360,65,0.00,11734,841.37,0,0,31.000(38.750%)(1.179m),48.000(42.353%)(3.000m),39.000(34.412%)(2.036m),23.000(20.294%)(0.321m),14.838(18.547%)(0.000m),26.000(65.000%)(1.714m),10.382(25.956%)(0.041m),0.000,2339.980,69.2,0.7266,"[-0.585, 0.231, 0.377, -0.593, 0.368, 0.484]","[2.502, 2.836, 2.278, 2.543, 3.154, 2.336]","[-6.667, -6.180, -5.426, -6.399, -5.969, -5.092]"
512,1,-2.8517,-2.9293,0.394,131,373,16,0,0.360,40,0.00,11748,404.66,0,0,10.353(12.942%)(0.000m),17.117(15.103%)(0.000m),33.664(29.704%)(1.464m),59.000(52.059%)(4.179m),41.000(51.250%)(2.250m),10.228(25.569%)(0.024m),40.000(100.000%)(3.214m),973.531,3320.608,65.9,0.7958,"[0.396, 0.679, -0.007, 0.459, 0.700, 0.090]","[2.159, 2.749, 1.997, 2.337, 2.823, 2.127]","[-5.280, -5.050, -5.586, -5.506, -4.953, -5.382]"
513,1,-0.4343,-2.8138,0.292,286,767,106,0,0.359,60,0.00,11777,874.02,0,0,13.409(16.761%)(0.000m),29.162(25.731%)(0.982m),66.000(58.235%)(4.929m),54.000(47.647%)(3.643m),39.000(48.750%)(2.036m),9.677(24.192%)(0.000m),29.000(72.500%)(2.036m),1136.147,3876.691,62.1,0.7828,"[0.892, 0.801, -0.067, 0.904, 0.962, -0.222]","[2.132, 2.753, 2.356, 2.177, 2.896, 2.387]","[-4.018, -5.040, -5.465, -4.123, -5.279, -5.637]"
514,1,-3.1652,-2.8100,0.268,125,337,14,0,0.358,35,0.00,11790,365.30,0,0,11.190(13.988%)(0.000m),20.284(17.898%)(0.030m),49.366(43.559%)(3.146m),75.000(66.177%)(5.893m),58.000(72.500%)(4.071m),9.899(24.746%)(0.000m),40.000(100.000%)(3.214m),1592.248,4401.965,62.4,0.7839,"[0.500, 0.300, -0.188, 0.423, 0.323, -0.196]","[2.292, 2.764, 2.271, 2.104, 2.871, 2.119]","[-4.922, -4.671, -4.476, -4.745, -4.651, -4.460]"
515,1,-3.1174,-2.7969,0.415,171,460,22,10,0.357,40,0.00,11808,548.41,0,0,9.380(11.725%)(0.000m),14.269(12.591%)(0.000m),24.212(21.364%)(0.451m),38.000(33.530%)(1.929m),30.000(37.500%)(1.071m),10.474(26.186%)(0.051m),40.000(100.000%)(3.214m),362.458,3189.540,62.2,0.8712,"[0.288, 0.212, -0.013, 0.204, 0.314, -0.037]","[2.343, 2.455, 2.083, 2.200, 2.617, 2.065]","[-5.182, -4.966, -5.065, -5.052, -4.820, -4.979]"
516,1,2.1443,-2.7441,0.273,359,1043,40,21,0.357,70,0.00,11844,1075.14,0,0,11.000(13.750%)(0.000m),17.000(15.000%)(0.000m),96.000(84.706%)(8.143m),42.471(37.474%)(2.408m),20.083(25.104%)(0.009m),11.000(27.500%)(0.107m),14.130(35.324%)(0.442m),503.893,4063.335,67.3,0.9215,"[0.009, 0.588, 0.381, -0.146, 0.787, 0.427]","[2.045, 2.590, 2.050, 2.012, 2.694, 2.033]","[-7.226, -6.020, -5.826, -7.703, -6.449, -5.646]"
517,1,-2.9783,-2.7321,0.329,162,445,40,0,0.356,40,0.00,11861,503.39,0,0,12.954(16.192%)(0.000m),27.557(24.315%)(0.810m),89.949(79.367%)(7.494m),82.000(72.353%)(6.643m),47.000(58.750%)(2.893m),9.850(24.625%)(0.000m),40.000(100.000%)(3.214m),1666.475,4545.967,63.6,0.8903,"[0.868, 0.537, -1.045, 0.936, 0.663, -1.012]","[1.497, 2.273, 1.575, 1.642, 2.464, 1.657]","[-0.976, -4.110, -5.445, -1.003, -4.778, -5.449]"
518,1,-2.5518,-2.6826,0.333,157,413,20,0,0.355,40,0.00,11877,501.51,0,0,9.955(12.444%)(0.000m),15.379(13.569%)(0.000m),26.750(23.603%)(0.723m),60.000(52.941%)(4.286m),46.000(57.500%)(2.786m),10.846(27.114%)(0.091m),40.000(100.000%)(3.214m),804.007,3812.165,60.9,0.8499,"[0.539, 0.417, 0.096, 0.572, 0.608, 0.173]","[2.078, 2.401, 1.921, 2.240, 2.654, 2.125]","[-5.366, -5.502, -5.500, -5.801, -5.287, -5.840]"
519,1,-2.1807,-2.6742,0.270,347,976,50,25,0.355,65,0.00,11912,996.17,0,0,30.000(37.500%)(1.071m),40.000(35.294%)(2.143m),20.000(17.647%)(0.000m),20.000(17.647%)(0.000m),27.245(34.057%)(0.776m),22.000(55.000%)(1.286m),19.288(48.221%)(0.995m),0.000,3200.110,65.1,0.8238,"[0.176, 0.574, 0.275, 0.070, 0.663, 0.260]","[2.062, 2.572, 1.962, 2.048, 2.775, 1.988]","[-5.284, -5.184, -6.360, -5.111, -5.845, -6.941]"
520,1,-2.8613,-2.6890,0.282,338,959,30,77,0.354,65,0.00,11946,974.48,0,0,26.000(32.500%)(0.643m),53.000(46.765%)(3.536m),33.000(29.118%)(1.393m),26.000(22.941%)(0.643m),22.000(27.500%)(0.214m),19.000(47.500%)(0.964m),17.764(44.410%)(0.832m),27.759,2725.333,65.7,0.8341,"[0.175, 0.375, 0.405, -0.089, 0.583, 0.394]","[2.630, 2.761, 2.313, 2.505, 3.036, 2.352]","[-4.516, -4.546, -3.441, -4.241, -4.113, -4.050]"
521,1,2.9544,-2.5824,0.382,351,984,70,10,0.353,65,0.00,11982,993.78,0,0,15.762(19.702%)(0.000m),20.000(17.647%)(0.000m),20.000(17.647%)(0.000m),21.000(18.529%)(0.107m),38.000(47.500%)(1.929m),11.049(27.623%)(0.112m),27.000(67.500%)(1.821m),0.000,3084.820,64.9,0.8220,"[0.421, 0.556, 0.002, 0.372, 0.645, -0.047]","[2.525, 2.939, 2.483, 2.450, 3.198, 2.381]","[-4.017, -5.332, -6.091, -4.754, -5.796, -5.818]"
522,1,-1.6867,-2.4771,0.312,681,1822,159,81,0.352,85,0.00,12051,1964.46,0,0,16.025(20.031%)(0.000m),22.000(19.412%)(0.214m),20.000(17.647%)(0.000m),19.000(16.765%)(0.000m),26.000(32.500%)(0.643m),11.246(28.114%)(0.133m),19.000(47.500%)(0.964m),0.000,3948.847,61.9,0.8122,"[0.644, 0.687, 0.158, 0.632, 0.828, 0.191]","[2.414, 3.135, 2.504, 2.335, 3.169, 2.608]","[-5.490, -6.421, -6.171, -5.804, -5.365, -5.747]"
523,1,-3.1027,-2.4540,0.387,198,539,37,27,0.352,45,0.00,12071,596.84,0,0,11.914(14.892%)(0.000m),22.106(19.506%)(0.226m),40.000(35.294%)(2.143m),30.000(26.471%)(1.071m),22.000(27.500%)(0.214m),10.280(25.701%)(0.030m),29.000(72.500%)(2.036m),56.385,3084.362,63.0,0.7659,"[0.629, 0.317, -0.156, 0.573, 0.278, -0.102]","[3.050, 3.365, 2.924, 3.018, 3.566, 2.871]","[-5.551, -5.053, -5.434, -5.585, -5.319, -4.955]"
524,1,-3.2632,-2.4083,0.344,203,511,21,0,0.351,45,0.00,12092,617.06,0,0,10.007(12.509%)(0.000m),15.109(13.332%)(0.000m),25.339(22.358%)(0.572m),45.000(39.706%)(2.679m),36.000(45.000%)(1.714m),11.313(28.283%)(0.141m),40.000(100.000%)(3.214m),1083.313,4248.097,58.3,0.8464,"[1.471, 1.406, 1.106, 1.403, 1.593, 1.045]","[3.092, 3.540, 2.975, 3.005, 3.734, 3.088]","[-4.946, -5.468, -5.353, -5.052, -4.927, -5.683]"
525,1,-1.6782,-2.4012,0.317,374,1036,147,23,0.350,70,0.00,12130,1123.91,0,0,19.157(23.946%)(0.000m),40.044(35.333%)(2.148m),30.000(26.471%)(1.071m),21.000(18.529%)(0.107m),28.000(35.000%)(0.857m),13.554(33.885%)(0.381m),28.000(70.000%)(1.929m),432.424,3967.807,64.1,0.8546,"[0.798, 1.282, 0.747, 0.758, 1.356, 0.674]","[3.127, 3.594, 3.033, 3.087, 3.629, 2.850]","[-6.580, -6.556, -7.136, -6.100, -6.827, -8.278]"
526,1,-2.7512,-2.3254,0.273,195,499,49,15,0.350,45,0.00,12150,577.66,0,0,9.366(11.707%)(0.000m),13.205(11.652%)(0.000m),20.085(17.722%)(0.009m),32.000(28.235%)(1.286m),28.000(35.000%)(0.857m),12.004(30.010%)(0.215m),40.000(100.000%)(3.214m),276.203,3678.871,59.3,0.7186,"[0.350, 0.667, 0.671, 0.365, 0.664, 0.646]","[2.661, 3.439, 2.927, 2.761, 3.373, 3.013]","[-5.223, -5.593, -5.325, -5.418, -5.545, -5.376]"
527,1,-1.3973,-2.3056,0.381,173,466,23,0,0.349,45,0.00,12168,506.32,0,0,12.952(16.190%)(0.000m),27.851(24.574%)(0.841m),55.000(48.530%)(3.750m),46.000(40.588%)(2.786m),39.000(48.750%)(2.036m),9.722(24.305%)(0.000m),40.000(100.000%)(3.214m),791.235,3583.014,62.3,0.7526,"[1.017, 0.400, -0.398, 0.965, 0.420, -0.417]","[2.835, 3.184, 2.681, 2.796, 3.284, 2.558]","[-3.589, -5.167, -5.848, -3.425, -4.685, -5.433]"
528,1,-2.5247,-2.3287,0.431,278,739,79,5,0.348,55,0.00,12196,855.00,0,0,12.706(15.882%)(0.000m),27.110(23.921%)(0.762m),63.000(55.588%)(4.607m),51.000(45.000%)(3.321m),31.000(38.750%)(1.179m),9.661(24.154%)(0.000m),31.000(77.500%)(2.250m),849.712,4054.114,61.5,0.8090,"[1.477, 1.197, 0.025, 1.471, 1.213, 0.186]","[2.640, 3.365, 2.806, 2.505, 3.387, 2.844]","[-1.213, -3.899, -6.035, -0.690, -4.033, -5.573]"
529,1,-2.5215,-2.2555,0.352,426,1161,166,44,0.347,70,0.00,12239,1233.00,0,0,21.652(27.065%)(0.177m),36.000(31.765%)(1.714m),42.000(37.059%)(2.357m),29.000(25.588%)(0.964m),14.000(17.500%)(0.000m),15.321(38.303%)(0.570m),10.000(25.000%)(0.000m),310.099,3690.882,63.1,0.8062,"[0.562, 0.730, 0.368, 0.450, 0.907, 0.243]","[2.843, 3.444, 2.939, 2.584, 3.468, 3.028]","[-6.102, -5.850, -4.541, -6.073, -3.879, -4.614]"
530,1,-1.1739,-2.2112,0.433,130,365,35,12,0.347,35,0.00,12252,403.76,0,0,52.528(65.659%)(3.485m),95.212(84.011%)(8.058m),26.000(22.941%)(0.643m),20.000(17.647%)(0.000m),23.000(28.750%)(0.321m),40.000(100.000%)(3.214m),40.000(100.000%)(3.214m),0.000,2079.641,65.0,0.6443,"[0.162, 0.277, 0.385, -0.023, 0.493, 0.245]","[2.824, 3.382, 2.778, 2.919, 3.588, 2.826]","[-4.894, -5.549, -4.150, -4.795, -4.103, -4.846]"
531,1,-3.6733,-2.2198,0.272,152,387,17,0,0.346,35,0.00,12268,480.20,0,0,56.000(70.000%)(3.857m),64.000(56.471%)(4.714m),26.527(23.407%)(0.699m),15.445(13.628%)(0.000m),10.076(12.595%)(0.000m),40.000(100.000%)(3.214m),11.113(27.783%)(0.119m),1690.933,4881.909,58.9,0.8404,"[0.498, 0.568, 0.851, 0.487, 0.849, 0.826]","[2.723, 3.153, 2.687, 2.780, 3.307, 2.773]","[-5.299, -5.698, -5.599, -5.187, -5.450, -6.045]"
532,1,0.0208,-2.1733,0.294,258,741,95,0,0.345,60,0.00,12294,748.04,0,0,12.468(15.585%)(0.000m),25.777(22.744%)(0.619m),64.000(56.471%)(4.714m),51.000(45.000%)(3.321m),33.000(41.250%)(1.393m),9.728(24.319%)(0.000m),28.000(70.000%)(1.929m),580.717,2885.020,66.4,0.8740,"[1.134, 1.112, 0.123, 1.103, 1.156, 0.025]","[2.627, 3.160, 2.740, 2.637, 3.273, 2.708]","[-3.239, -4.896, -5.910, -2.847, -5.699, -5.787]"
533,1,-3.7702,-2.1573,0.338,343,972,98,11,0.345,65,0.00,12329,901.92,0,0,25.000(31.250%)(0.536m),28.000(24.706%)(0.857m),72.000(63.530%)(5.571m),36.249(31.985%)(1.741m),16.879(21.099%)(0.000m),29.000(72.500%)(2.036m),11.831(29.579%)(0.196m),1235.769,5276.450,65.6,0.7209,"[0.526, 1.275, 1.012, 0.369, 1.229, 1.062]","[3.134, 3.693, 3.116, 3.064, 3.698, 3.094]","[-4.075, -5.003, -5.177, -4.170, -4.967, -5.126]"
534,1,-2.7015,-2.2002,0.315,216,578,28,22,0.344,50,0.00,12351,645.22,0,0,11.167(13.959%)(0.000m),18.997(16.762%)(0.000m),39.647(34.982%)(2.105m),35.000(30.882%)(1.607m),26.000(32.500%)(0.643m),10.634(26.585%)(0.068m),25.000(62.500%)(1.607m),179.374,3316.335,61.9,0.6303,"[0.887, 1.050, 0.426, 0.895, 1.152, 0.356]","[2.508, 3.174, 2.792, 2.670, 3.274, 2.764]","[-5.817, -4.973, -5.717, -5.947, -4.900, -5.844]"
535,1,-2.1505,-2.1714,0.320,165,450,28,11,0.343,40,0.00,12368,444.55,0,0,12.107(15.134%)(0.000m),23.325(20.581%)(0.356m),45.000(39.706%)(2.679m),37.000(32.647%)(1.821m),30.000(37.500%)(1.071m),10.063(25.158%)(0.007m),40.000(100.000%)(3.214m),398.214,3133.677,63.1,0.7113,"[-0.141, -0.122, -0.461, -0.180, -0.112, -0.487]","[2.601, 3.057, 2.418, 2.685, 3.291, 2.546]","[-5.494, -4.821, -5.729, -5.285, -5.089, -5.599]"
536,1,-0.0953,-2.1402,0.270,397,1075,116,9,0.343,70,0.00,12408,1060.78,0,0,17.120(21.400%)(0.000m),30.000(26.471%)(1.071m),56.000(49.412%)(3.857m),45.000(39.706%)(2.679m),34.000(42.500%)(1.500m),12.007(30.016%)(0.215m),29.000(72.500%)(2.036m),370.698,3128.608,62.7,0.6923,"[0.771, 0.740, -0.044, 0.746, 0.796, -0.091]","[2.388, 2.895, 2.565, 2.266, 3.081, 2.417]","[-4.837, -4.565, -5.484, -4.986, -5.179, -5.231]"
537,1,-3.4538,-2.1720,0.247,159,419,16,0,0.342,40,0.00,12424,437.64,0,0,10.978(13.722%)(0.000m),18.150(16.014%)(0.000m),35.695(31.495%)(1.682m),58.000(51.177%)(4.071m),45.000(56.250%)(2.679m),10.845(27.111%)(0.090m),40.000(100.000%)(3.214m),887.301,4156.839,61.0,0.7135,"[0.653, 0.191, -0.479, 0.641, 0.158, -0.464]","[2.197, 2.867, 2.139, 2.189, 3.011, 2.262]","[-5.288, -5.495, -5.613, -5.203, -5.536, -5.590]"
538,1,-4.2419,-2.2423,0.370,106,285,15,0,0.341,30,0.00,12435,306.61,0,0,11.471(14.339%)(0.000m),20.793(18.347%)(0.085m),50.606(44.652%)(3.279m),93.000(82.059%)(7.821m),64.000(80.000%)(4.714m),10.147(25.368%)(0.016m),40.000(100.000%)(3.214m),2470.877,5084.300,62.3,0.7272,"[0.204, 0.007, -0.772, 0.160, 0.032, -0.844]","[1.923, 2.351, 1.729, 1.875, 2.500, 1.769]","[-5.010, -4.906, -5.235, -4.939, -5.095, -5.314]"
539,1,-3.6795,-2.3403,0.279,394,1125,155,79,0.341,70,0.00,12475,1137.73,0,0,15.313(19.141%)(0.000m),33.081(29.189%)(1.402m),42.000(37.059%)(2.357m),33.000(29.118%)(1.393m),14.000(17.500%)(0.000m),10.722(26.806%)(0.077m),11.000(27.500%)(0.107m),100.684,2763.721,66.1,0.7188,"[0.295, 0.171, -0.674, 0.202, 0.112, -0.685]","[1.674, 1.914, 1.687, 1.709, 2.167, 1.702]","[-4.125, -4.357, -5.398, -3.962, -4.220, -5.463]"
540,1,0.1290,-2.2966,0.321,359,1051,94,31,0.340,70,0.00,12511,972.23,0,0,16.198(20.247%)(0.000m),34.770(30.679%)(1.582m),52.000(45.882%)(3.429m),41.000(36.177%)(2.250m),12.000(15.000%)(0.000m),11.353(28.382%)(0.145m),10.000(25.000%)(0.000m),461.203,2930.675,67.7,0.7538,"[0.596, 0.368, -0.292, 0.627, 0.479, -0.268]","[1.948, 2.347, 1.962, 2.148, 2.598, 1.966]","[-1.304, -4.128, -5.265, -1.754, -3.956, -5.272]"
541,1,-7.7752,-2.3534,0.317,543,1427,145,111,0.339,75,0.00,12566,1386.81,0,0,30.000(37.500%)(1.071m),41.000(36.177%)(2.250m),62.000(54.706%)(4.500m),39.213(34.600%)(2.059m),18.000(22.500%)(0.000m),12.000(30.000%)(0.214m),13.000(32.500%)(0.321m),600.848,5617.857,60.8,0.7869,"[0.348, 0.933, 0.974, 0.316, 1.135, 0.935]","[2.634, 2.880, 2.929, 2.568, 3.171, 2.954]","[-5.779, -3.618, -2.725, -5.320, -3.670, -3.038]"
542,1,-1.1389,-2.3354,0.238,204,552,28,12,0.339,50,0.00,12587,579.63,0,0,12.008(15.009%)(0.000m),22.837(20.151%)(0.304m),60.368(53.266%)(4.325m),49.000(43.235%)(3.107m),28.000(35.000%)(0.857m),10.106(25.266%)(0.011m),27.000(67.500%)(1.821m),544.030,3835.568,62.6,0.6655,"[1.153, 1.209, 0.645, 1.140, 1.380, 0.562]","[2.073, 2.775, 2.449, 2.184, 3.003, 2.506]","[-5.029, -5.111, -5.068, -5.181, -5.695, -5.136]"
543,1,-1.8319,-2.2953,0.374,187,509,16,17,0.338,45,0.00,12606,523.20,0,0,12.336(15.420%)(0.000m),24.415(21.543%)(0.473m),66.509(58.685%)(4.983m),39.000(34.412%)(2.036m),28.000(35.000%)(0.857m),9.999(24.997%)(0.000m),29.000(72.500%)(2.036m),431.433,3618.304,63.0,0.7253,"[0.695, 0.819, -0.176, 0.671, 0.953, -0.291]","[2.605, 3.180, 2.556, 2.678, 3.377, 2.589]","[-4.915, -5.349, -5.454, -4.749, -5.305, -5.137]"
544,1,0.1561,-2.2339,0.355,267,719,72,0,0.337,55,0.00,12633,763.10,0,0,12.902(16.127%)(0.000m),27.989(24.696%)(0.856m),69.000(60.883%)(5.250m),60.000(52.941%)(4.286m),37.000(46.250%)(1.821m),9.684(24.211%)(0.000m),28.000(70.000%)(1.929m),1149.989,3866.843,62.3,0.7196,"[1.054, 0.876, -0.373, 1.081, 0.937, -0.442]","[2.149, 2.887, 2.259, 2.167, 3.052, 2.228]","[-4.415, -4.548, -5.690, -4.309, -5.025, -5.355]"
545,1,-6.6294,-2.2697,0.316,354,868,57,83,0.337,60,0.00,12669,1036.27,0,0,20.000(25.000%)(0.000m),41.000(36.177%)(2.250m),86.034(75.913%)(7.075m),26.235(23.149%)(0.668m),12.690(15.862%)(0.000m),15.000(37.500%)(0.536m),9.901(24.752%)(0.000m),2521.397,7147.393,56.7,0.7572,"[0.473, 1.329, 1.116, 0.520, 1.475, 1.129]","[2.243, 2.970, 2.388, 2.257, 3.144, 2.580]","[-5.696, -3.881, -3.619, -5.467, -4.322, -4.427]"
546,1,-0.8918,-2.2176,0.243,421,1164,99,42,0.336,70,0.00,12712,1291.08,0,0,18.235(22.794%)(0.000m),38.172(33.682%)(1.947m),62.000(54.706%)(4.500m),18.000(15.882%)(0.000m),11.000(13.750%)(0.000m),12.832(32.079%)(0.303m),11.000(27.500%)(0.107m),478.867,3405.317,64.0,0.8002,"[0.790, 0.720, 0.185, 0.821, 0.919, 0.182]","[2.196, 2.739, 2.308, 2.145, 2.994, 2.209]","[-6.445, -6.237, -4.909, -5.706, -6.432, -4.922]"
547,1,-0.5469,-2.1294,0.338,314,953,44,34,0.335,70,0.00,12744,796.98,0,0,17.082(21.352%)(0.000m),34.000(30.000%)(1.500m),83.000(73.236%)(6.750m),19.000(16.765%)(0.000m),11.000(13.750%)(0.000m),11.975(29.938%)(0.212m),11.000(27.500%)(0.107m),192.975,2816.763,70.3,0.7362,"[0.310, 0.140, -0.608, 0.459, 0.260, -0.402]","[1.934, 2.634, 1.872, 2.008, 2.839, 2.206]","[-6.743, -6.745, -6.477, -5.660, -6.080, -6.425]"
548,1,-4.9211,-2.1950,0.318,518,1351,108,69,0.335,75,0.00,12796,1659.61,0,0,15.986(19.983%)(0.000m),33.991(29.992%)(1.499m),65.000(57.353%)(4.821m),21.000(18.529%)(0.107m),12.000(15.000%)(0.000m),11.229(28.073%)(0.132m),11.000(27.500%)(0.107m),292.555,4352.076,60.4,0.7767,"[0.706, 0.702, -0.027, 0.735, 0.859, -0.138]","[2.230, 2.843, 2.518, 2.322, 3.033, 2.333]","[-6.549, -6.835, -6.298, -6.626, -6.474, -6.316]"
549,1,-1.0551,-2.1541,0.350,134,374,45,16,0.334,40,0.00,12810,365.41,0,0,24.000(30.000%)(0.429m),20.000(17.647%)(0.000m),19.000(16.765%)(0.000m),109.760(96.848%)(9.617m),60.179(75.224%)(4.305m),40.000(100.000%)(3.214m),40.000(100.000%)(3.214m),0.000,2048.441,64.5,0.8324,"[-0.272, -0.306, -0.435, -0.433, -0.358, -0.546]","[2.092, 2.499, 2.001, 2.066, 2.766, 2.021]","[-8.276, -7.003, -6.487, -9.085, -6.520, -6.291]"
550,1,-4.1003,-2.1887,0.416,216,529,20,0,0.333,45,0.00,12832,660.07,0,0,47.000(58.750%)(2.893m),64.000(56.471%)(4.714m),72.000(63.530%)(5.571m),28.656(25.284%)(0.927m),13.438(16.798%)(0.000m),40.000(100.000%)(3.214m),9.699(24.247%)(0.000m),2017.145,6082.376,56.7,0.8142,"[0.101, 0.897, 1.052, -0.117, 1.077, 1.152]","[2.008, 2.665, 2.101, 2.088, 2.824, 2.227]","[-5.445, -5.349, -3.285, -5.498, -5.304, -3.345]"
551,1,-3.8158,-2.2475,0.315,464,1265,145,24,0.333,75,0.00,12879,1410.70,0,0,31.000(38.750%)(1.179m),62.000(54.706%)(4.500m),82.000(72.353%)(6.643m),31.879(28.129%)(1.273m),11.000(13.750%)(0.000m),26.000(65.000%)(1.714m),10.375(25.937%)(0.040m),1639.261,6281.746,63.1,0.9145,"[0.034, 0.820, 0.835, -0.139, 1.068, 0.867]","[2.392, 2.817, 2.876, 2.167, 3.045, 2.780]","[-5.609, -3.029, -1.303, -5.324, -3.033, -1.220]"
552,1,0.1243,-2.1895,0.358,616,1691,115,54,0.332,85,0.00,12941,1764.31,0,0,21.000(26.250%)(0.107m),24.000(21.177%)(0.429m),29.000(25.588%)(0.964m),36.000(31.765%)(1.714m),30.000(37.500%)(1.071m),14.890(37.226%)(0.524m),22.000(55.000%)(1.286m),0.000,3035.927,63.5,0.8091,"[0.638, 0.647, 0.394, 0.628, 0.809, 0.293]","[2.654, 2.911, 2.449, 2.561, 3.021, 2.409]","[-4.817, -4.901, -4.716, -5.041, -5.026, -5.174]"
553,1,-3.8905,-2.1955,0.273,359,1068,5,125,0.331,70,0.00,12977,1050.36,0,0,20.000(25.000%)(0.000m),36.000(31.765%)(1.714m),85.000(75.000%)(6.964m),59.293(52.318%)(4.210m),28.927(36.158%)(0.956m),16.000(40.000%)(0.643m),12.000(30.000%)(0.214m),864.628,3785.621,68.9,0.9053,"[0.683, 0.492, -0.057, 0.711, 0.702, 0.036]","[2.273, 2.665, 2.415, 2.470, 2.952, 2.412]","[-1.347, -3.503, -5.126, -1.337, -4.027, -5.050]"
554,1,-2.0330,-2.1842,0.315,156,432,16,0,0.331,40,0.00,12993,440.82,0,0,10.416(13.020%)(0.000m),17.065(15.057%)(0.000m),32.967(29.089%)(1.389m),47.000(41.471%)(2.893m),35.000(43.750%)(1.607m),10.416(26.041%)(0.045m),40.000(100.000%)(3.214m),455.596,3342.202,64.0,0.7748,"[0.834, 0.770, -0.085, 0.846, 0.826, -0.045]","[2.369, 2.896, 2.181, 2.482, 3.056, 2.427]","[-5.198, -5.216, -5.532, -5.335, -5.082, -6.068]"
555,1,-1.3848,-2.1804,0.283,234,604,60,20,0.330,50,0.00,13017,718.57,0,0,11.464(14.330%)(0.000m),20.779(18.335%)(0.083m),40.000(35.294%)(2.143m),34.000(30.000%)(1.500m),30.000(37.500%)(1.071m),10.140(25.350%)(0.015m),29.000(72.500%)(2.036m),541.837,3460.414,59.7,0.7548,"[0.827, 0.958, 0.058, 0.947, 1.133, 0.036]","[2.104, 3.126, 2.549, 2.292, 3.378, 2.765]","[-6.042, -5.162, -5.459, -5.637, -5.335, -5.801]"
556,1,-2.0011,-2.2727,0.339,190,536,22,0,0.329,50,0.00,13036,552.56,0,0,11.320(14.149%)(0.000m),20.518(18.104%)(0.056m),49.936(44.061%)(3.207m),72.000(63.530%)(5.571m),34.000(42.500%)(1.500m),10.013(25.032%)(0.001m),26.000(65.000%)(1.714m),1141.605,3935.106,65.3,0.8436,"[1.133, 1.303, 0.737, 1.287, 1.427, 0.729]","[2.702, 3.294, 2.770, 2.772, 3.451, 2.786]","[-5.987, -5.482, -5.550, -5.452, -5.548, -5.648]"
557,1,-2.6237,-2.2593,0.351,254,649,35,28,0.329,50,0.00,13062,754.47,0,0,11.584(14.480%)(0.000m),20.997(18.527%)(0.107m),51.101(45.090%)(3.332m),36.000(31.765%)(1.714m),27.000(33.750%)(0.750m),10.246(25.616%)(0.026m),26.000(65.000%)(1.714m),526.100,3971.533,59.1,0.7128,"[1.142, 1.124, 0.696, 1.210, 1.340, 0.546]","[2.643, 3.229, 2.582, 2.766, 3.393, 2.666]","[-5.348, -5.349, -5.217, -5.218, -5.553, -5.315]"
558,1,-2.3422,-2.2506,0.299,432,1207,7,69,0.328,75,0.00,13106,1277.78,0,0,17.000(21.250%)(0.000m),36.000(31.765%)(1.714m),79.000(69.706%)(6.321m),51.142(45.125%)(3.337m),24.551(30.689%)(0.488m),15.000(37.500%)(0.536m),12.000(30.000%)(0.214m),1231.208,4182.376,64.7,0.8070,"[0.651, 0.578, 0.167, 0.519, 0.770, 0.238]","[2.718, 2.887, 2.581, 2.533, 3.112, 2.380]","[-2.522, -4.519, -5.760, -2.932, -4.363, -5.765]"
559,1,-1.2234,-2.2066,0.282,293,870,24,10,0.327,65,0.00,13136,884.31,0,0,23.444(29.305%)(0.369m),20.000(17.647%)(0.000m),32.000(28.235%)(1.286m),67.000(59.118%)(5.036m),34.000(42.500%)(1.500m),16.546(41.364%)(0.701m),24.000(60.000%)(1.500m),0.000,2749.214,68.7,0.8276,"[0.352, 0.361, 0.001, 0.473, 0.541, -0.037]","[2.057, 2.432, 1.915, 2.071, 2.605, 2.014]","[-7.323, -6.480, -5.376, -7.129, -5.260, -5.092]"
560,1,-0.7112,-2.1541,0.388,419,1142,96,42,0.327,70,0.00,13178,1291.01,0,0,20.703(25.879%)(0.075m),30.000(26.471%)(1.071m),21.000(18.529%)(0.107m),14.000(12.353%)(0.000m),10.000(12.500%)(0.000m),14.646(36.614%)(0.498m),26.000(65.000%)(1.714m),100.937,3307.677,63.1,0.8054,"[0.367, 0.496, 0.148, 0.361, 0.644, 0.099]","[2.273, 3.021, 2.452, 2.231, 3.097, 2.463]","[-6.795, -7.837, -8.949, -6.915, -7.125, -9.457]"
561,1,-0.3858,-2.1556,0.287,326,885,109,0,0.326,60,0.00,13211,984.25,0,0,34.000(42.500%)(1.500m),68.000(60.000%)(5.143m),63.132(55.705%)(4.621m),22.487(19.841%)(0.266m),11.823(14.779%)(0.000m),22.000(55.000%)(1.286m),9.951(24.878%)(0.000m),1222.324,4180.003,62.8,0.8451,"[0.485, 1.031, 1.051, 0.453, 1.324, 1.028]","[2.367, 2.396, 2.205, 2.286, 2.589, 2.089]","[-5.037, -5.511, -4.902, -4.533, -5.496, -5.149]"
562,1,-3.8684,-2.1759,0.408,182,468,26,26,0.325,45,0.00,13230,578.36,0,0,45.017(56.271%)(2.680m),85.192(75.170%)(6.985m),39.000(34.412%)(2.036m),29.000(25.588%)(0.964m),24.000(30.000%)(0.429m),36.029(90.072%)(2.789m),40.000(100.000%)(3.214m),63.327,2609.081,59.5,0.8513,"[0.314, 0.481, 1.124, 0.260, 0.827, 1.120]","[2.342, 2.875, 2.272, 2.384, 3.091, 2.456]","[-3.215, -3.948, -0.699, -3.076, -1.969, -1.274]"
563,1,0.0400,-2.1664,0.250,223,591,23,14,0.325,50,0.00,13253,654.66,0,0,11.045(13.807%)(0.000m),19.373(17.094%)(0.000m),43.358(38.257%)(2.503m),42.000(37.059%)(2.357m),28.000(35.000%)(0.857m),10.138(25.345%)(0.015m),27.000(67.500%)(1.821m),462.148,3461.342,61.3,0.8363,"[1.334, 1.280, 0.431, 1.325, 1.418, 0.329]","[2.625, 3.263, 2.299, 2.472, 3.451, 2.374]","[-5.401, -5.508, -5.523, -5.213, -4.859, -5.426]"
564,1,-3.7721,-2.1786,0.487,172,448,23,19,0.324,40,0.00,13271,432.56,0,0,44.058(55.073%)(2.578m),84.276(74.361%)(6.887m),42.000(37.059%)(2.357m),32.000(28.235%)(1.286m),24.000(30.000%)(0.429m),35.261(88.153%)(2.707m),40.000(100.000%)(3.214m),122.036,2809.188,60.3,0.7274,"[0.717, 1.066, 1.495, 0.701, 1.322, 1.476]","[2.435, 3.035, 2.601, 2.480, 3.146, 2.690]","[-2.614, -2.946, -0.350, -2.569, -1.435, -0.665]"
565,1,-4.9732,-2.2157,0.306,401,1050,140,0,0.323,65,0.00,13312,964.45,0,0,10.324(12.905%)(0.000m),15.474(13.653%)(0.000m),25.658(22.640%)(0.606m),29.878(26.363%)(1.058m),13.896(17.370%)(0.000m),11.817(29.542%)(0.195m),9.737(24.342%)(0.000m),1711.110,5348.228,60.6,0.7907,"[0.439, 1.167, 1.019, 0.257, 1.289, 1.058]","[2.589, 3.195, 2.755, 2.593, 3.390, 2.809]","[-5.186, -5.311, -5.332, -5.418, -4.851, -5.781]"
566,1,-2.0498,-2.2996,0.340,150,430,18,0,0.323,40,0.00,13327,437.71,0,0,11.257(14.071%)(0.000m),20.404(18.004%)(0.043m),49.659(43.817%)(3.178m),55.000(48.530%)(3.750m),36.000(45.000%)(1.714m),9.957(24.893%)(0.000m),40.000(100.000%)(3.214m),764.382,3489.388,66.3,0.7434,"[1.152, 1.065, 0.202, 1.059, 1.205, 0.104]","[2.509, 3.453, 2.863, 2.356, 3.573, 2.970]","[-4.869, -4.807, -5.750, -5.134, -4.788, -5.636]"
567,1,-5.1435,-2.3429,0.446,370,1032,77,12,0.322,70,0.00,13364,1023.03,0,0,15.934(19.918%)(0.000m),24.058(21.228%)(0.435m),22.000(19.412%)(0.214m),20.000(17.647%)(0.000m),21.000(26.250%)(0.107m),18.014(45.034%)(0.859m),14.945(37.362%)(0.530m),0.000,5079.600,64.6,0.7310,"[0.094, 0.856, 0.580, -0.000, 0.969, 0.581]","[2.976, 3.286, 2.700, 2.839, 3.453, 2.697]","[-5.834, -6.280, -7.182, -5.932, -5.920, -6.965]"
568,1,-2.4295,-2.3404,0.347,394,1087,16,34,0.321,70,0.00,13404,1171.40,0,0,14.000(17.500%)(0.000m),28.000(24.706%)(0.857m),46.000(40.588%)(2.786m),36.000(31.765%)(1.714m),23.589(29.486%)(0.385m),21.000(52.500%)(1.179m),16.699(41.748%)(0.718m),534.180,4345.342,63.9,0.7760,"[0.274, 0.711, 0.432, 0.160, 0.861, 0.521]","[2.839, 3.350, 2.677, 2.786, 3.633, 2.821]","[-4.933, -5.860, -6.145, -5.668, -5.599, -5.322]"
569,1,-4.6384,-2.3896,0.312,148,365,18,0,0.321,35,0.00,13419,432.74,0,0,62.836(78.545%)(4.590m),23.710(20.920%)(0.397m),13.804(12.180%)(0.000m),10.228(9.025%)(0.000m),8.030(10.038%)(0.000m),40.000(100.000%)(3.214m),13.133(32.832%)(0.336m),2526.838,4940.044,57.0,0.7989,"[0.954, 1.092, 1.071, 0.871, 1.228, 1.072]","[2.763, 3.434, 3.023, 2.651, 3.520, 2.928]","[-5.769, -5.997, -6.216, -5.415, -6.081, -5.568]"
570,1,-1.2524,-2.3574,0.295,466,1397,81,85,0.320,80,0.00,13466,1497.44,0,0,20.626(25.782%)(0.067m),20.000(17.647%)(0.000m),23.000(20.294%)(0.321m),39.000(34.412%)(2.036m),30.000(37.500%)(1.071m),14.512(36.280%)(0.483m),26.000(65.000%)(1.714m),0.000,2306.020,69.4,0.8108,"[0.455, 0.456, -0.062, 0.523, 0.593, -0.125]","[2.725, 3.202, 2.679, 2.739, 3.304, 2.803]","[-5.101, -5.430, -5.963, -5.308, -4.877, -5.990]"
571,1,0.1683,-2.4131,0.289,266,713,50,0,0.319,55,0.00,13493,810.23,0,0,11.940(14.925%)(0.000m),22.709(20.037%)(0.290m),53.000(46.765%)(3.536m),45.000(39.706%)(2.679m),34.000(42.500%)(1.500m),10.049(25.123%)(0.005m),27.000(67.500%)(1.821m),657.488,3350.364,62.0,0.8037,"[1.424, 1.517, 0.670, 1.457, 1.546, 0.567]","[2.631, 3.336, 2.833, 2.655, 3.550, 2.840]","[-5.658, -5.099, -6.434, -5.701, -6.181, -6.374]"
572,1,-2.3229,-2.4258,0.372,465,1333,51,97,0.319,80,0.00,13540,1365.72,0,0,13.210(16.512%)(0.000m),28.622(25.255%)(0.924m),56.000(49.412%)(3.857m),37.000(32.647%)(1.821m),17.000(21.250%)(0.000m),9.660(24.149%)(0.000m),12.000(30.000%)(0.214m),529.545,3160.361,66.3,0.8078,"[0.166, 0.361, 0.088, 0.212, 0.371, 0.012]","[2.811, 3.122, 2.480, 2.807, 3.258, 2.569]","[-6.168, -5.795, -5.700, -5.920, -5.768, -5.575]"
573,1,-3.9701,-2.4432,0.277,425,1170,74,43,0.318,70,0.00,13583,1221.45,0,0,22.174(27.717%)(0.233m),42.000(37.059%)(2.357m),45.000(39.706%)(2.679m),25.000(22.059%)(0.536m),12.000(15.000%)(0.000m),15.695(39.239%)(0.610m),10.000(25.000%)(0.000m),398.954,3464.936,63.7,0.8117,"[0.699, 0.906, 0.507, 0.731, 1.079, 0.497]","[2.606, 3.178, 2.723, 2.435, 3.279, 2.672]","[-6.244, -6.326, -5.694, -6.200, -6.240, -5.873]"
574,1,-4.5841,-2.4696,0.245,550,1582,141,120,0.318,85,0.00,13638,1641.95,0,0,24.000(30.000%)(0.429m),33.000(29.118%)(1.393m),25.214(22.247%)(0.559m),15.035(13.266%)(0.000m),9.958(12.447%)(0.000m),14.000(35.000%)(0.429m),11.257(28.143%)(0.135m),165.331,3497.899,66.6,0.7972,"[0.002, 0.641, 0.547, -0.091, 0.761, 0.569]","[2.693, 3.299, 2.828, 2.509, 3.315, 2.994]","[-5.783, -5.093, -5.749, -5.444, -5.559, -6.310]"
575,1,-0.5065,-2.4462,0.226,238,632,28,0,0.317,50,0.00,13662,707.04,0,0,12.685(15.856%)(0.000m),27.066(23.881%)(0.757m),70.000(61.765%)(5.357m),48.000(42.353%)(3.000m),31.000(38.750%)(1.179m),9.646(24.114%)(0.000m),25.000(62.500%)(1.607m),694.574,3869.787,61.4,0.7569,"[1.187, 1.139, 0.502, 1.262, 1.153, 0.377]","[2.551, 3.137, 2.495, 2.344, 3.328, 2.501]","[-5.224, -5.032, -5.075, -4.942, -5.399, -5.248]"
576,1,-2.0885,-2.4329,0.259,427,1241,131,83,0.316,75,0.00,13705,1042.38,0,0,22.735(28.419%)(0.293m),41.000(36.177%)(2.250m),22.446(19.805%)(0.262m),14.378(12.686%)(0.000m),10.001(12.501%)(0.000m),16.098(40.245%)(0.653m),12.000(30.000%)(0.214m),448.645,3470.717,67.3,0.7713,"[0.594, 0.842, 0.538, 0.595, 0.995, 0.379]","[2.280, 2.973, 2.417, 2.236, 3.163, 2.456]","[-5.460, -5.871, -5.645, -5.554, -6.025, -5.972]"
577,1,-0.1839,-2.4087,0.396,301,905,6,51,0.316,65,0.00,13736,838.40,0,0,11.000(13.750%)(0.000m),17.000(15.000%)(0.000m),32.000(28.235%)(1.286m),48.000(42.353%)(3.000m),24.722(30.902%)(0.506m),19.000(47.500%)(0.964m),17.466(43.664%)(0.800m),500.882,2705.832,69.6,0.6958,"[0.425, 0.727, 0.406, 0.543, 0.927, 0.450]","[2.534, 3.060, 2.550, 2.691, 3.251, 2.774]","[-9.639, -7.428, -5.641, -9.561, -6.186, -5.115]"
578,1,-2.9703,-2.4176,0.365,189,477,13,0,0.315,45,0.00,13755,571.17,0,0,12.430(15.537%)(0.000m),25.315(22.337%)(0.569m),66.995(59.113%)(5.035m),58.000(51.177%)(4.071m),48.000(60.000%)(3.000m),9.822(24.556%)(0.000m),40.000(100.000%)(3.214m),1338.773,4323.530,58.4,0.7625,"[0.887, 0.444, 0.015, 0.906, 0.584, 0.108]","[2.614, 2.972, 2.283, 2.534, 3.216, 2.521]","[-5.301, -5.681, -5.091, -4.828, -5.174, -4.854]"
579,1,-6.9015,-2.5052,0.271,419,1128,177,36,0.314,70,0.00,13797,1107.69,0,0,13.898(17.372%)(0.000m),19.595(17.290%)(0.000m),24.000(21.177%)(0.429m),20.000(17.647%)(0.000m),18.714(23.393%)(0.000m),17.813(44.532%)(0.837m),13.219(33.047%)(0.345m),0.000,3589.228,62.3,0.6920,"[-0.330, 0.249, 0.267, -0.302, 0.400, 0.253]","[2.402, 3.056, 2.421, 2.334, 3.227, 2.569]","[-6.883, -7.278, -7.056, -6.736, -5.689, -7.021]"
580,1,0.0443,-2.4808,0.301,441,1350,89,117,0.314,80,0.00,13842,1205.17,0,0,20.334(25.417%)(0.036m),22.000(19.412%)(0.214m),20.000(17.647%)(0.000m),34.000(30.000%)(1.500m),22.000(27.500%)(0.214m),14.315(35.788%)(0.462m),15.000(37.500%)(0.536m),0.000,2241.027,70.8,0.7101,"[-0.067, 0.152, -0.149, -0.066, 0.283, -0.213]","[2.211, 2.896, 2.524, 2.112, 3.035, 2.682]","[-7.208, -6.992, -7.232, -7.417, -6.550, -7.210]"
581,1,-1.2579,-2.4325,0.416,329,947,94,14,0.313,65,0.00,13875,935.83,0,0,20.651(25.814%)(0.070m),43.306(38.211%)(2.497m),21.000(18.529%)(0.107m),24.000(21.177%)(0.429m),33.994(42.492%)(1.499m),14.592(36.480%)(0.492m),29.000(72.500%)(2.036m),0.000,3569.375,66.6,0.7977,"[0.705, 0.926, 0.266, 0.755, 1.091, 0.131]","[2.791, 3.228, 2.573, 2.842, 3.509, 2.503]","[-5.485, -5.888, -6.918, -5.352, -5.621, -7.434]"
582,1,-5.1652,-2.5362,0.298,137,339,20,0,0.312,35,0.00,13889,347.96,0,0,62.757(78.446%)(4.581m),86.000(75.883%)(7.071m),27.128(23.937%)(0.764m),15.596(13.761%)(0.000m),10.096(12.619%)(0.000m),40.000(100.000%)(3.214m),10.999(27.497%)(0.107m),3274.648,5670.072,57.3,0.8560,"[0.629, 1.092, 1.151, 0.564, 1.198, 1.250]","[3.224, 3.449, 3.235, 3.087, 3.562, 3.265]","[-5.186, -5.101, -5.590, -4.996, -5.762, -5.425]"
583,1,0.7203,-2.4464,0.330,745,2166,196,92,0.312,95,0.00,13964,1793.06,0,0,11.000(13.750%)(0.000m),19.000(16.765%)(0.000m),44.000(38.824%)(2.571m),31.323(27.638%)(1.213m),14.480(18.100%)(0.000m),11.000(27.500%)(0.107m),10.138(25.344%)(0.015m),92.581,3159.168,67.3,0.6407,"[0.227, 0.724, 0.441, 0.173, 0.837, 0.377]","[3.082, 3.513, 2.864, 2.963, 3.693, 3.055]","[-8.448, -6.670, -5.390, -7.995, -5.744, -4.984]"
584,1,-3.4366,-2.4611,0.313,633,1724,200,27,0.311,85,0.00,14028,1700.42,0,0,29.000(36.250%)(0.964m),21.000(18.529%)(0.107m),20.000(17.647%)(0.000m),19.000(16.765%)(0.000m),19.625(24.531%)(0.000m),21.000(52.500%)(1.179m),13.806(34.515%)(0.408m),0.000,4122.640,63.0,0.7058,"[0.062, 0.736, 0.224, -0.059, 0.857, 0.327]","[2.469, 2.952, 2.634, 2.395, 3.116, 2.694]","[-6.620, -6.033, -7.152, -6.447, -5.464, -6.192]"
585,1,-6.2995,-2.5441,0.313,403,1088,115,39,0.311,70,0.00,14069,1146.59,0,0,20.308(25.385%)(0.033m),27.000(23.824%)(0.750m),25.811(22.774%)(0.623m),14.838(13.093%)(0.000m),9.605(12.007%)(0.000m),14.342(35.855%)(0.465m),10.465(26.162%)(0.050m),183.315,4413.976,62.5,0.7449,"[0.130, 0.363, 0.120, 0.158, 0.545, -0.030]","[2.126, 2.564, 2.055, 2.081, 2.703, 1.933]","[-7.168, -6.480, -5.505, -7.281, -5.493, -4.883]"
586,1,0.2119,-2.5379,0.303,308,902,99,12,0.310,65,0.00,14100,889.38,0,0,33.000(41.250%)(1.393m),68.000(60.000%)(5.143m),60.000(52.941%)(4.286m),29.000(25.588%)(0.964m),21.318(26.648%)(0.141m),29.000(72.500%)(2.036m),15.019(37.548%)(0.538m),0.000,2995.340,67.7,0.7383,"[0.260, 0.761, 0.691, 0.222, 0.988, 0.679]","[1.967, 2.218, 1.833, 2.103, 2.495, 1.866]","[-5.819, -4.811, -2.254, -5.651, -4.669, -2.039]"
587,1,-2.4488,-2.5178,0.288,147,394,15,0,0.309,40,0.00,14115,441.15,0,0,48.000(60.000%)(3.000m),90.000(79.412%)(7.500m),66.379(58.570%)(4.969m),23.763(20.968%)(0.403m),12.007(15.008%)(0.000m),40.000(100.000%)(3.214m),9.732(24.329%)(0.000m),2687.075,5206.558,62.0,0.6609,"[0.070, 0.721, 0.805, 0.046, 1.051, 1.010]","[1.779, 2.370, 1.603, 1.842, 2.739, 1.861]","[-5.951, -5.503, -3.945, -5.733, -5.239, -3.922]"
588,1,-2.2036,-2.4771,0.284,139,380,15,0,0.309,40,0.00,14129,393.51,0,0,45.000(56.250%)(2.679m),57.000(50.294%)(3.964m),26.090(23.020%)(0.652m),15.557(13.727%)(0.000m),10.304(12.880%)(0.000m),40.000(100.000%)(3.214m),11.648(29.121%)(0.177m),886.384,3368.582,63.2,0.7056,"[-0.189, 0.123, 0.106, -0.222, 0.284, 0.120]","[2.060, 2.471, 1.940, 2.126, 2.728, 2.045]","[-5.672, -5.702, -6.197, -5.917, -6.442, -6.417]"
589,1,14.6291,-2.1109,0.322,728,2238,72,142,0.308,100,0.17,14202,2259.41,1,1,24.000(30.000%)(0.429m),49.000(43.235%)(3.107m),71.000(62.647%)(5.464m),40.846(36.041%)(2.234m),19.261(24.076%)(0.000m),17.000(42.500%)(0.750m),13.539(33.847%)(0.379m),749.863,2975.465,71.1,0.7689,"[0.031, 0.417, 0.003, 0.036, 0.629, 0.050]","[1.711, 2.718, 2.069, 1.837, 2.955, 2.265]","[-4.214, -4.090, -4.799, -4.285, -4.027, -5.050]"
590,1,-2.2026,-2.1575,0.291,155,436,15,4,0.308,40,0.17,14218,430.19,0,0,11.296(14.120%)(0.000m),20.475(18.066%)(0.051m),49.830(43.968%)(3.196m),48.000(42.353%)(3.000m),31.000(38.750%)(1.179m),9.992(24.979%)(0.000m),40.000(100.000%)(3.214m),533.734,3084.504,65.1,0.8492,"[0.161, 0.238, -0.264, 0.219, 0.316, -0.301]","[2.023, 2.598, 2.218, 2.129, 2.828, 2.419]","[-5.867, -5.414, -5.596, -5.634, -5.619, -5.871]"
591,1,-1.7129,-2.0363,0.223,202,542,30,0,0.307,45,0.17,14239,541.15,0,0,12.878(16.097%)(0.000m),27.379(24.158%)(0.791m),61.000(53.824%)(4.393m),52.000(45.882%)(3.429m),37.000(46.250%)(1.821m),9.792(24.481%)(0.000m),32.000(80.000%)(2.357m),895.712,3526.421,62.1,0.9175,"[0.956, 0.622, -0.506, 1.065, 0.763, -0.600]","[2.142, 2.667, 2.127, 2.114, 2.928, 2.255]","[-3.934, -4.964, -5.136, -3.526, -5.282, -5.300]"
592,1,-2.6897,-2.0673,0.338,377,1080,67,22,0.306,70,0.17,14277,1078.51,0,0,17.597(21.996%)(0.000m),37.405(33.004%)(1.865m),67.000(59.118%)(5.036m),31.000(27.353%)(1.179m),12.000(15.000%)(0.000m),12.364(30.909%)(0.253m),10.000(25.000%)(0.000m),1420.234,3886.120,66.3,0.7821,"[0.554, 0.739, 0.010, 0.668, 0.917, -0.028]","[2.233, 2.933, 2.201, 2.296, 3.090, 2.320]","[-6.362, -5.630, -4.709, -6.528, -5.651, -4.861]"
593,1,-1.1816,-2.0543,0.337,193,567,63,0,0.306,50,0.17,14297,568.17,0,0,12.971(16.213%)(0.000m),27.976(24.685%)(0.855m),89.000(78.530%)(7.393m),56.000(49.412%)(3.857m),41.000(51.250%)(2.250m),9.736(24.340%)(0.000m),32.000(80.000%)(2.357m),703.568,3125.306,68.0,0.7561,"[0.835, 0.587, -1.394, 0.910, 0.626, -1.317]","[2.220, 2.564, 1.935, 2.184, 2.812, 2.085]","[-4.173, -5.120, -5.873, -3.738, -5.015, -5.479]"
594,1,-6.8084,-2.1936,0.337,444,1222,40,109,0.305,75,0.17,14342,1344.15,0,0,17.000(21.250%)(0.000m),35.000(30.882%)(1.607m),46.000(40.588%)(2.786m),33.000(29.118%)(1.393m),10.000(12.500%)(0.000m),16.000(40.000%)(0.643m),12.000(30.000%)(0.214m),423.703,4310.683,63.7,0.8034,"[0.418, 0.513, 0.195, 0.419, 0.679, 0.289]","[2.301, 2.905, 2.193, 2.263, 3.073, 2.244]","[-4.883, -5.240, -5.888, -4.678, -4.853, -5.203]"
595,1,-0.7350,-2.0757,0.288,668,1794,87,96,0.304,85,0.17,14409,1988.26,0,0,25.000(31.250%)(0.536m),23.000(20.294%)(0.321m),20.000(17.647%)(0.000m),20.000(17.647%)(0.000m),20.184(25.230%)(0.020m),24.000(60.000%)(1.500m),14.266(35.665%)(0.457m),0.000,4731.554,62.1,0.8600,"[0.832, 1.195, 0.953, 0.753, 1.360, 0.941]","[3.198, 3.113, 2.954, 3.162, 3.234, 3.014]","[-6.680, -5.540, -5.049, -6.904, -5.344, -5.317]"
596,1,-3.9031,-2.1359,0.371,189,480,25,0,0.304,45,0.17,14428,522.42,0,0,11.472(14.340%)(0.000m),20.562(18.143%)(0.060m),48.575(42.860%)(3.062m),55.000(48.530%)(3.750m),44.000(55.000%)(2.571m),10.274(25.684%)(0.029m),40.000(100.000%)(3.214m),959.674,3767.250,58.7,0.7871,"[0.860, 0.725, 0.446, 0.925, 0.945, 0.441]","[2.835, 3.027, 2.394, 2.857, 3.359, 2.514]","[-5.224, -5.431, -5.754, -5.446, -5.357, -5.597]"
597,1,-2.8402,-2.1818,0.329,451,1196,235,13,0.303,70,0.17,14474,1367.84,0,0,15.000(18.750%)(0.000m),18.000(15.882%)(0.000m),33.000(29.118%)(1.393m),33.159(29.258%)(1.410m),15.506(19.383%)(0.000m),28.000(70.000%)(1.929m),10.874(27.186%)(0.094m),682.076,5768.260,61.4,0.7863,"[0.285, 1.481, 1.361, 0.238, 1.508, 1.424]","[2.864, 3.301, 2.846, 2.850, 3.492, 2.870]","[-9.039, -6.910, -6.053, -9.607, -6.578, -5.203]"
598,1,-2.2959,-2.1293,0.400,227,670,76,3,0.303,55,0.17,14497,702.04,0,0,13.489(16.861%)(0.000m),29.125(25.699%)(0.978m),102.000(90.000%)(8.786m),58.000(51.177%)(4.071m),31.000(38.750%)(1.179m),9.622(24.056%)(0.000m),26.000(65.000%)(1.714m),1211.472,3154.539,68.3,0.8199,"[0.913, 1.096, -0.237, 0.942, 1.060, -0.432]","[2.420, 3.365, 2.546, 2.521, 3.467, 2.540]","[-2.993, -4.778, -4.840, -2.071, -5.210, -5.111]"
599,1,-4.5508,-2.1992,0.290,208,514,20,0,0.302,45,0.17,14518,623.32,0,0,41.000(51.250%)(2.250m),56.000(49.412%)(3.857m),45.467(40.118%)(2.729m),19.790(17.462%)(0.000m),11.163(13.954%)(0.000m),40.000(100.000%)(3.214m),10.121(25.303%)(0.013m),1707.806,4900.831,57.2,0.8382,"[0.893, 1.354, 1.324, 0.825, 1.415, 1.329]","[2.841, 2.935, 2.650, 2.732, 3.171, 2.596]","[-5.857, -4.973, -5.010, -5.267, -5.748, -5.049]"
600,1,-3.5189,-2.1876,0.354,479,1427,154,79,0.301,80,0.17,14566,1438.39,0,0,12.979(16.224%)(0.000m),23.264(20.527%)(0.350m),31.000(27.353%)(1.179m),20.000(17.647%)(0.000m),14.755(18.444%)(0.000m),11.624(29.059%)(0.174m),10.329(25.822%)(0.035m),0.000,2764.283,69.0,0.8290,"[-0.932, 0.069, 0.387, -0.857, 0.202, 0.429]","[2.589, 3.446, 2.960, 2.564, 3.640, 2.933]","[-6.668, -6.454, -6.762, -5.730, -5.514, -5.909]"
601,1,-3.5551,-2.1824,0.314,165,434,0,24,0.301,40,0.17,14583,408.92,0,0,42.730(53.412%)(2.435m),82.323(72.638%)(6.677m),72.000(63.530%)(5.571m),28.000(24.706%)(0.857m),23.000(28.750%)(0.321m),35.517(88.792%)(2.734m),40.000(100.000%)(3.214m),144.452,2598.029,60.8,0.8519,"[0.259, 0.821, 1.185, 0.335, 1.099, 1.189]","[2.443, 3.224, 2.741, 2.462, 3.430, 2.745]","[-4.960, -4.030, -3.306, -4.095, -3.119, -3.140]"
602,1,-1.2701,-2.2103,0.305,371,1070,141,19,0.300,70,0.17,14621,1145.13,0,0,19.004(23.755%)(0.000m),39.955(35.255%)(2.138m),111.000(97.941%)(9.750m),68.000(60.000%)(5.143m),11.000(13.750%)(0.000m),13.407(33.518%)(0.365m),10.000(25.000%)(0.000m),724.724,4291.276,66.7,0.7429,"[1.213, 1.432, 0.624, 1.266, 1.638, 0.581]","[2.717, 3.565, 2.828, 2.780, 3.923, 2.797]","[-3.137, -0.240, -4.316, -3.224, -0.141, -4.528]"
603,1,-5.6457,-2.2454,0.386,112,272,24,0,0.300,30,0.17,14633,297.13,0,0,11.714(14.643%)(0.000m),21.736(19.179%)(0.186m),55.419(48.899%)(3.795m),113.333(100.000%)(10.000m),77.067(96.334%)(6.114m),10.108(25.271%)(0.012m),40.000(100.000%)(3.214m),4614.510,9798.052,56.3,0.7812,"[1.231, 0.705, -1.639, 1.267, 0.760, -1.660]","[2.737, 3.310, 2.682, 2.796, 3.434, 2.662]","[-5.169, -5.617, -5.313, -5.150, -5.522, -5.267]"
604,1,-0.8565,-2.2218,0.317,545,1552,31,69,0.299,85,0.17,14688,1689.69,0,0,25.000(31.250%)(0.536m),20.000(17.647%)(0.000m),32.000(28.235%)(1.286m),45.000(39.706%)(2.679m),27.000(33.750%)(0.750m),18.761(46.902%)(0.939m),18.000(45.000%)(0.857m),0.000,3506.312,65.9,0.8223,"[0.575, 0.661, 0.582, 0.577, 0.847, 0.518]","[2.579, 3.196, 2.666, 2.478, 3.489, 2.822]","[-4.484, -4.373, -4.798, -4.563, -4.982, -4.457]"
605,1,-2.3792,-2.2417,0.263,192,499,30,10,0.298,45,0.17,14708,547.98,0,0,12.871(16.089%)(0.000m),27.250(24.045%)(0.777m),50.000(44.118%)(3.214m),36.000(31.765%)(1.714m),31.000(38.750%)(1.179m),9.787(24.468%)(0.000m),40.000(100.000%)(3.214m),416.480,3894.841,60.1,0.7314,"[0.657, 0.109, -0.217, 0.669, 0.221, -0.075]","[2.498, 3.164, 2.419, 2.516, 3.312, 2.527]","[-3.345, -5.833, -5.733, -2.799, -5.266, -5.222]"
606,1,0.7026,-2.1876,0.348,316,962,87,32,0.298,70,0.17,14740,988.42,0,0,20.772(25.966%)(0.083m),37.000(32.647%)(1.821m),64.000(56.471%)(4.714m),18.000(15.882%)(0.000m),11.000(13.750%)(0.000m),14.617(36.543%)(0.495m),11.000(27.500%)(0.107m),183.416,2512.645,70.5,0.7472,"[0.745, 0.838, 0.436, 0.784, 1.056, 0.361]","[2.286, 2.986, 2.429, 2.257, 3.177, 2.620]","[-6.716, -7.550, -7.926, -5.829, -7.558, -7.432]"
607,1,-5.4659,-2.2445,0.250,138,353,17,0,0.297,35,0.16,14754,408.48,0,0,8.487(10.609%)(0.000m),11.406(10.064%)(0.000m),16.343(14.420%)(0.000m),32.751(28.898%)(1.366m),55.217(69.021%)(3.773m),12.077(30.192%)(0.223m),40.000(100.000%)(3.214m),1377.104,4644.402,59.2,0.8088,"[0.483, 0.433, 0.493, 0.592, 0.634, 0.519]","[2.424, 3.053, 2.594, 2.586, 3.445, 2.705]","[-5.383, -5.608, -5.491, -5.706, -5.750, -5.096]"
608,1,-1.6152,-2.2299,0.362,360,1007,102,12,0.297,65,0.16,14790,1096.46,0,0,37.000(46.250%)(1.821m),23.000(20.294%)(0.321m),34.000(30.000%)(1.500m),34.672(30.593%)(1.572m),16.104(20.130%)(0.000m),29.000(72.500%)(2.036m),11.282(28.205%)(0.137m),1240.645,4460.642,64.7,0.8929,"[0.044, 1.104, 0.881, -0.039, 1.228, 0.882]","[2.595, 3.424, 2.617, 2.591, 3.592, 2.708]","[-7.049, -5.750, -5.445, -7.916, -5.307, -5.364]"
609,1,-0.9318,-2.2241,0.291,341,1007,114,35,0.296,70,0.16,14825,989.58,0,0,15.025(18.782%)(0.000m),32.622(28.784%)(1.352m),52.000(45.882%)(3.429m),18.000(15.882%)(0.000m),11.000(13.750%)(0.000m),10.515(26.289%)(0.055m),11.000(27.500%)(0.107m),135.021,2607.650,68.3,0.7833,"[0.417, 0.146, -0.638, 0.457, 0.165, -0.573]","[2.649, 3.194, 2.637, 2.577, 3.323, 2.625]","[-6.450, -6.672, -6.508, -6.044, -7.033, -6.029]"
610,1,-3.5211,-2.2803,0.239,179,445,18,0,0.295,40,0.16,14843,524.92,0,0,53.000(66.250%)(3.536m),89.000(78.530%)(7.393m),68.356(60.314%)(5.181m),25.351(22.369%)(0.573m),12.448(15.560%)(0.000m),40.000(100.000%)(3.214m),9.837(24.591%)(0.000m),3629.595,7397.394,57.5,0.9173,"[0.054, 1.055, 1.219, 0.072, 1.206, 1.272]","[2.506, 2.919, 2.330, 2.431, 3.091, 2.392]","[-6.308, -5.620, -4.874, -5.732, -6.149, -4.584]"
611,1,-0.1521,-2.2756,0.292,218,573,38,4,0.295,50,0.16,14865,696.27,0,0,11.442(14.302%)(0.000m),21.230(18.733%)(0.132m),50.000(44.118%)(3.214m),42.000(37.059%)(2.357m),32.000(40.000%)(1.286m),9.873(24.682%)(0.000m),31.000(77.500%)(2.250m),583.023,3503.419,60.8,0.9083,"[0.964, 0.949, -0.193, 1.046, 1.004, -0.319]","[2.370, 2.547, 2.195, 2.516, 2.706, 2.153]","[-5.193, -4.726, -5.611, -5.081, -5.241, -5.546]"
612,1,-2.1331,-2.2409,0.323,395,1149,89,69,0.294,75,0.16,14905,1114.80,0,0,20.227(25.284%)(0.024m),42.680(37.659%)(2.430m),87.000(76.765%)(7.179m),86.000(75.883%)(7.071m),26.000(32.500%)(0.643m),14.227(35.566%)(0.453m),19.000(47.500%)(0.964m),457.265,4255.876,67.3,0.7441,"[0.533, 0.724, 0.170, 0.590, 0.806, 0.147]","[1.913, 2.850, 2.217, 1.970, 2.974, 2.193]","[-1.686, -0.809, -4.394, -1.799, -1.065, -4.384]"
613,1,-0.9724,-2.2612,0.262,446,1202,163,39,0.294,70,0.16,14950,1265.74,0,0,12.000(15.000%)(0.000m),21.000(18.529%)(0.107m),62.000(54.706%)(4.500m),46.000(40.588%)(2.786m),37.000(46.250%)(1.821m),10.597(26.492%)(0.064m),33.000(82.500%)(2.464m),753.813,4010.585,62.4,0.7814,"[0.788, 0.732, -0.888, 0.809, 0.886, -0.810]","[2.114, 2.404, 1.989, 2.069, 2.585, 1.966]","[-8.586, -6.512, -6.064, -8.266, -5.354, -5.439]"
614,1,-2.2993,-2.2317,0.339,377,1004,51,3,0.293,65,0.16,14988,1144.86,0,0,9.455(11.818%)(0.000m),14.275(12.596%)(0.000m),23.940(21.123%)(0.422m),43.154(38.077%)(2.481m),20.589(25.736%)(0.063m),10.689(26.721%)(0.074m),14.537(36.342%)(0.486m),1257.740,4599.206,61.6,0.8416,"[0.287, 0.669, 0.571, 0.179, 0.852, 0.555]","[2.278, 2.925, 2.447, 2.086, 3.027, 2.474]","[-5.084, -5.016, -5.143, -5.150, -4.703, -5.324]"
615,1,-4.7346,-2.2270,0.286,192,469,19,0,0.293,40,0.16,15008,560.68,0,0,51.000(63.750%)(3.321m),60.000(52.941%)(4.286m),24.772(21.857%)(0.511m),14.771(13.033%)(0.000m),9.783(12.229%)(0.000m),40.000(100.000%)(3.214m),11.060(27.650%)(0.114m),1725.562,5035.825,56.6,0.8381,"[0.655, 0.884, 0.946, 0.574, 1.053, 0.904]","[2.542, 2.827, 2.430, 2.463, 2.967, 2.357]","[-6.138, -5.691, -6.022, -6.588, -6.247, -6.203]"
616,1,-0.7706,-2.2014,0.419,183,530,17,0,0.292,50,0.16,15027,571.34,0,0,39.000(48.750%)(2.036m),75.000(66.177%)(5.893m),59.810(52.774%)(4.265m),22.564(19.909%)(0.275m),12.013(15.016%)(0.000m),27.000(67.500%)(1.821m),10.238(25.595%)(0.025m),1374.959,3625.670,67.1,0.8617,"[0.287, 0.975, 1.016, 0.152, 1.206, 1.089]","[2.274, 2.982, 2.409, 2.217, 3.159, 2.519]","[-5.556, -6.077, -4.638, -5.379, -6.446, -4.629]"
617,1,-3.1632,-2.1618,0.375,201,499,29,0,0.291,45,0.16,15048,632.89,0,0,39.000(48.750%)(2.036m),46.000(40.588%)(2.786m),20.177(17.803%)(0.019m),13.154(11.607%)(0.000m),9.270(11.588%)(0.000m),40.000(100.000%)(3.214m),11.731(29.328%)(0.185m),1096.016,4050.360,57.5,0.7867,"[0.417, 0.495, 0.668, 0.294, 0.737, 0.693]","[2.349, 3.145, 2.266, 2.188, 3.403, 2.441]","[-6.070, -6.247, -6.462, -6.489, -6.674, -6.021]"
618,1,-8.2271,-2.2777,0.284,533,1517,61,74,0.291,80,0.16,15102,1581.65,0,0,10.230(12.787%)(0.000m),15.446(13.629%)(0.000m),25.903(22.856%)(0.632m),31.000(27.353%)(1.179m),14.000(17.500%)(0.000m),11.565(28.913%)(0.168m),10.000(25.000%)(0.000m),289.041,3063.723,65.9,0.7918,"[0.005, 0.176, 0.273, -0.024, 0.362, 0.248]","[2.409, 3.042, 2.449, 2.380, 3.436, 2.391]","[-6.128, -5.780, -6.160, -6.910, -5.896, -5.964]"
619,1,0.6514,-2.1719,0.317,229,667,33,0,0.290,55,0.16,15125,685.50,0,0,34.000(42.500%)(1.500m),64.000(56.471%)(4.714m),101.000(89.118%)(8.679m),26.937(23.768%)(0.743m),12.829(16.036%)(0.000m),27.000(67.500%)(1.821m),9.882(24.704%)(0.000m),1009.973,3352.790,67.4,0.7838,"[-0.086, 0.736, 0.801, -0.085, 0.949, 0.794]","[2.191, 2.870, 2.207, 2.387, 3.023, 2.461]","[-5.951, -4.800, -2.688, -5.553, -4.890, -2.469]"
620,1,-5.7504,-2.2619,0.371,441,1192,144,47,0.290,70,0.16,15170,1149.35,0,0,16.421(20.527%)(0.000m),32.000(28.235%)(1.286m),24.000(21.177%)(0.429m),15.000(13.235%)(0.000m),10.000(12.500%)(0.000m),11.510(28.775%)(0.162m),11.000(27.500%)(0.107m),263.974,3548.063,62.5,0.6615,"[0.557, 0.541, -0.341, 0.622, 0.631, -0.342]","[2.288, 3.271, 2.579, 2.495, 3.469, 2.593]","[-6.541, -7.036, -8.049, -6.421, -7.147, -7.853]"
621,1,-1.3219,-2.2917,0.308,384,1075,97,48,0.289,70,0.16,15209,954.35,0,0,15.195(18.994%)(0.000m),32.955(29.078%)(1.388m),29.000(25.588%)(0.964m),16.000(14.118%)(0.000m),10.000(12.500%)(0.000m),10.634(26.584%)(0.068m),22.000(55.000%)(1.286m),142.089,2822.804,64.8,0.6479,"[0.228, 0.421, -0.288, 0.233, 0.488, -0.249]","[1.954, 2.444, 2.312, 2.102, 2.640, 2.378]","[-6.684, -7.282, -8.941, -6.566, -7.240, -8.906]"
622,1,1.5190,-2.2148,0.287,375,1088,31,61,0.288,70,0.16,15247,863.74,0,0,22.707(28.383%)(0.290m),47.708(42.096%)(2.969m),62.000(54.706%)(4.500m),50.000(44.118%)(3.214m),16.000(20.000%)(0.000m),16.012(40.030%)(0.644m),10.000(25.000%)(0.000m),752.958,3186.293,67.1,0.6691,"[0.446, 0.688, 0.567, 0.472, 0.902, 0.539]","[2.137, 2.774, 2.435, 2.320, 3.056, 2.514]","[-4.189, -2.910, -2.296, -4.321, -2.738, -2.437]"
623,1,-0.0472,-2.1364,0.332,318,921,125,23,0.288,65,0.16,15279,597.83,0,0,21.536(26.920%)(0.165m),29.000(25.588%)(0.964m),41.000(36.177%)(2.250m),56.000(49.412%)(3.857m),29.000(36.250%)(0.964m),15.226(38.065%)(0.560m),26.000(65.000%)(1.714m),21.763,2825.043,67.0,0.6193,"[0.743, 0.626, -0.090, 0.664, 0.757, -0.122]","[2.124, 2.802, 2.214, 2.100, 2.950, 2.401]","[-2.225, -4.325, -4.600, -2.211, -4.696, -4.487]"
624,1,-2.3498,-2.0917,0.353,182,486,21,0,0.287,45,0.16,15298,373.94,0,0,11.645(14.556%)(0.000m),21.107(18.624%)(0.119m),51.370(45.327%)(3.361m),53.000(46.765%)(3.536m),38.000(47.500%)(1.929m),10.300(25.751%)(0.032m),40.000(100.000%)(3.214m),1137.729,4045.950,61.8,0.7399,"[0.929, 0.902, -0.201, 0.966, 1.020, -0.314]","[2.178, 2.737, 2.136, 2.226, 2.875, 2.213]","[-5.710, -5.234, -5.611, -5.781, -5.436, -5.641]"
625,1,-4.6887,-2.1753,0.324,96,252,15,0,0.287,30,0.16,15308,191.36,0,0,77.786(97.233%)(6.191m),108.000(95.294%)(9.429m),49.657(43.815%)(3.177m),20.403(18.003%)(0.043m),11.256(14.070%)(0.000m),40.000(100.000%)(3.214m),9.957(24.892%)(0.000m),2824.983,5877.924,60.6,0.8930,"[-1.268, -0.223, 0.036, -1.306, -0.111, 0.019]","[2.135, 2.658, 2.256, 2.214, 3.064, 2.215]","[-5.547, -5.179, -6.282, -5.660, -5.950, -6.416]"
626,1,-2.2550,-2.1787,0.293,466,1264,125,82,0.286,75,0.16,15355,882.25,0,0,11.000(13.750%)(0.000m),39.000(34.412%)(2.036m),69.000(60.883%)(5.250m),49.000(43.235%)(3.107m),25.000(31.250%)(0.536m),12.000(30.000%)(0.214m),18.000(45.000%)(0.857m),430.206,4620.911,62.8,0.6296,"[0.630, 0.838, 0.502, 0.679, 1.005, 0.491]","[2.094, 2.841, 2.200, 2.130, 3.068, 2.189]","[-5.189, -2.818, -4.946, -4.775, -3.730, -4.724]"
627,1,-0.4305,-2.1836,0.289,489,1441,56,95,0.286,80,0.16,15404,916.60,0,0,27.898(34.873%)(0.846m),43.000(37.941%)(2.464m),21.000(18.529%)(0.107m),20.000(17.647%)(0.000m),24.000(30.000%)(0.429m),19.786(49.466%)(1.049m),14.000(35.000%)(0.429m),0.000,2517.893,68.2,0.6153,"[0.157, 0.269, 0.121, 0.159, 0.419, 0.023]","[2.147, 2.815, 2.419, 2.190, 3.035, 2.508]","[-6.804, -6.388, -7.736, -7.328, -5.994, -7.086]"
628,1,-1.8291,-2.1608,0.330,242,619,36,11,0.285,50,0.16,15429,461.33,0,0,10.982(13.728%)(0.000m),19.470(17.179%)(0.000m),44.730(39.468%)(2.650m),39.000(34.412%)(2.036m),30.000(37.500%)(1.071m),9.957(24.893%)(0.000m),30.000(75.000%)(2.143m),432.736,3835.253,59.2,0.6560,"[1.191, 1.296, 0.304, 1.205, 1.348, 0.208]","[2.266, 3.293, 2.728, 2.332, 3.309, 2.646]","[-4.397, -5.206, -5.245, -4.464, -4.989, -5.166]"
629,1,-2.7795,-2.0783,0.224,130,368,8,11,0.284,35,0.16,15442,252.00,0,0,49.212(61.515%)(3.130m),80.000(70.588%)(6.429m),52.000(45.882%)(3.429m),29.000(25.588%)(0.964m),24.000(30.000%)(0.429m),38.438(96.095%)(3.047m),40.000(100.000%)(3.214m),0.000,2185.430,65.4,0.5523,"[0.292, 0.390, 0.315, 0.300, 0.479, 0.307]","[2.357, 3.039, 2.439, 2.478, 3.244, 2.657]","[-3.485, -4.019, -4.382, -3.718, -3.563, -4.403]"
630,1,-3.3932,-2.1471,0.270,141,393,20,0,0.284,40,0.16,15457,272.93,0,0,11.733(14.666%)(0.000m),21.267(18.765%)(0.136m),51.759(45.670%)(3.403m),61.000(53.824%)(4.393m),40.000(50.000%)(2.143m),10.378(25.946%)(0.041m),40.000(100.000%)(3.214m),886.770,3633.595,64.5,0.5409,"[0.699, 0.651, -0.095, 0.747, 0.771, -0.083]","[2.423, 3.069, 2.673, 2.531, 3.249, 2.911]","[-5.352, -5.030, -5.559, -5.352, -4.810, -5.483]"
631,1,-1.5602,-2.1531,0.310,139,388,18,0,0.283,40,0.16,15471,265.07,0,0,9.677(12.096%)(0.000m),14.611(12.892%)(0.000m),24.502(21.620%)(0.482m),46.000(40.588%)(2.786m),37.000(46.250%)(1.821m),10.940(27.349%)(0.101m),40.000(100.000%)(3.214m),513.274,3000.813,64.6,0.7827,"[0.361, 0.423, 0.025, 0.381, 0.582, 0.024]","[2.631, 3.200, 2.564, 2.736, 3.436, 2.662]","[-5.068, -4.935, -5.790, -4.907, -4.498, -5.686]"
632,1,-2.9133,-2.1081,0.244,137,379,12,0,0.283,40,0.16,15485,265.86,0,0,46.000(57.500%)(2.786m),66.000(58.235%)(4.929m),65.800(58.059%)(4.907m),24.059(21.229%)(0.435m),12.156(15.195%)(0.000m),40.000(100.000%)(3.214m),9.853(24.632%)(0.000m),1265.261,3743.744,64.1,0.5445,"[-0.083, 0.500, 0.818, -0.054, 0.622, 0.862]","[2.421, 3.083, 2.825, 2.499, 3.245, 2.924]","[-5.564, -5.330, -4.370, -5.035, -5.324, -4.412]"
633,1,-6.7911,-2.2583,0.373,249,644,84,22,0.282,50,0.16,15510,472.91,0,0,17.545(21.931%)(0.000m),36.900(32.559%)(1.811m),82.000(72.353%)(6.643m),18.000(15.882%)(0.000m),11.000(13.750%)(0.000m),12.332(30.831%)(0.250m),11.000(27.500%)(0.107m),2174.448,5307.403,59.9,0.5453,"[0.641, 0.415, -0.326, 0.799, 0.395, -0.449]","[2.673, 3.175, 2.596, 2.613, 3.338, 2.667]","[-5.577, -6.758, -5.609, -4.809, -6.892, -5.926]"
634,1,1.2859,-2.1639,0.319,383,1047,15,8,0.282,70,0.16,15549,710.97,0,0,36.000(45.000%)(1.714m),59.000(52.059%)(4.179m),20.000(17.647%)(0.000m),19.000(16.765%)(0.000m),24.000(30.000%)(0.429m),27.000(67.500%)(1.821m),17.016(42.540%)(0.752m),0.000,3647.146,63.3,0.6437,"[0.717, 1.047, 0.968, 0.612, 1.247, 1.021]","[2.570, 3.151, 2.519, 2.379, 3.189, 2.419]","[-5.446, -5.350, -5.847, -5.025, -5.878, -6.201]"
635,1,-1.4725,-2.0673,0.345,232,619,59,11,0.281,50,0.16,15573,438.12,0,0,12.690(15.863%)(0.000m),27.054(23.871%)(0.756m),49.000(43.235%)(3.107m),35.000(30.882%)(1.607m),31.000(38.750%)(1.179m),9.650(24.124%)(0.000m),32.000(80.000%)(2.357m),686.314,3712.064,61.7,0.6733,"[1.243, 1.191, -0.499, 1.248, 1.274, -0.542]","[2.632, 3.441, 2.605, 2.601, 3.640, 2.747]","[-3.676, -5.161, -6.129, -3.233, -5.289, -5.923]"
636,1,-1.0460,-2.0925,0.329,246,635,18,0,0.280,50,0.16,15598,471.26,0,0,11.454(14.317%)(0.000m),20.761(18.318%)(0.082m),50.527(44.583%)(3.271m),61.000(53.824%)(4.393m),34.000(42.500%)(1.500m),10.131(25.328%)(0.014m),26.000(65.000%)(1.714m),1496.795,4930.068,59.7,0.5493,"[1.657, 1.683, 1.234, 1.629, 1.810, 1.148]","[2.723, 3.286, 2.657, 2.642, 3.476, 2.528]","[-5.980, -5.198, -5.430, -5.953, -5.449, -5.358]"
637,1,-0.7155,-2.0578,0.348,290,864,75,36,0.280,65,0.16,15627,542.82,0,0,21.774(27.217%)(0.190m),22.000(19.412%)(0.214m),35.000(30.882%)(1.607m),33.000(29.118%)(1.393m),23.000(28.750%)(0.321m),15.350(38.375%)(0.573m),24.000(60.000%)(1.500m),0.000,2236.539,69.0,0.6456,"[0.170, 0.296, -0.089, 0.232, 0.403, -0.225]","[2.475, 3.234, 2.653, 2.515, 3.365, 2.668]","[-7.085, -6.078, -5.320, -6.792, -4.943, -4.776]"
638,1,-0.1876,-2.0175,0.375,203,561,28,17,0.279,50,0.16,15648,391.38,0,0,11.938(14.922%)(0.000m),22.422(19.784%)(0.259m),50.000(44.118%)(3.214m),41.000(36.177%)(2.250m),29.000(36.250%)(0.964m),10.174(25.434%)(0.019m),25.000(62.500%)(1.607m),490.296,3051.967,64.0,0.6720,"[0.836, 1.003, 0.304, 0.894, 1.062, 0.296]","[2.277, 3.023, 2.498, 2.498, 3.251, 2.649]","[-4.904, -5.126, -5.728, -4.989, -5.068, -5.345]"
639,1,2.4646,-2.2608,0.376,513,1539,92,71,0.279,85,0.16,15700,954.81,0,0,26.000(32.500%)(0.643m),66.000(58.235%)(4.929m),44.635(39.384%)(2.639m),19.944(17.597%)(0.000m),11.371(14.213%)(0.000m),16.000(40.000%)(0.643m),10.437(26.092%)(0.047m),348.386,3872.825,69.4,0.6220,"[-0.107, 0.934, 0.776, -0.172, 1.100, 0.848]","[2.375, 2.777, 2.363, 2.534, 2.937, 2.530]","[-5.821, -5.973, -6.258, -5.515, -6.479, -6.842]"
640,1,-3.5553,-2.2879,0.352,138,356,15,0,0.278,35,0.16,15714,270.85,0,0,60.000(75.000%)(4.286m),80.000(70.588%)(6.429m),26.151(23.074%)(0.659m),15.225(13.434%)(0.000m),9.933(12.416%)(0.000m),40.000(100.000%)(3.214m),10.955(27.388%)(0.102m),1888.482,5115.201,59.6,0.5753,"[0.605, 1.356, 1.286, 0.569, 1.386, 1.285]","[2.838, 3.271, 2.595, 2.797, 3.317, 2.513]","[-5.664, -5.289, -5.459, -5.391, -6.062, -5.807]"
641,1,-2.7761,-2.3091,0.420,168,437,20,0,0.278,40,0.16,15731,322.59,0,0,11.500(14.376%)(0.000m),20.388(17.989%)(0.042m),46.840(41.330%)(2.876m),52.000(45.882%)(3.429m),41.000(51.250%)(2.250m),10.427(26.067%)(0.046m),40.000(100.000%)(3.214m),1187.111,4524.818,60.2,0.7295,"[1.116, 1.080, 0.389, 1.093, 1.250, 0.288]","[2.464, 3.144, 2.719, 2.448, 3.266, 2.810]","[-5.006, -5.273, -5.122, -5.011, -4.892, -5.279]"
642,1,-0.5590,-2.2665,0.328,394,1072,131,40,0.277,70,0.16,15771,727.97,0,0,17.588(21.985%)(0.000m),24.000(21.177%)(0.429m),29.000(25.588%)(0.964m),36.000(31.765%)(1.714m),31.000(38.750%)(1.179m),12.364(30.909%)(0.253m),26.000(65.000%)(1.714m),13.302,3318.186,63.0,0.5426,"[0.795, 0.749, 0.205, 0.709, 0.868, 0.180]","[2.900, 3.354, 2.667, 2.770, 3.474, 2.720]","[-4.109, -5.692, -4.936, -3.671, -5.157, -4.840]"
643,1,-0.6579,-2.2560,0.378,257,662,17,36,0.277,50,0.16,15797,483.59,0,0,24.000(30.000%)(0.429m),34.000(30.000%)(1.500m),49.148(43.366%)(3.123m),20.194(17.819%)(0.021m),11.141(13.926%)(0.000m),25.000(62.500%)(1.607m),9.855(24.637%)(0.000m),733.422,3899.760,59.6,0.6853,"[1.034, 1.348, 0.903, 0.935, 1.493, 0.818]","[2.703, 3.488, 2.836, 2.644, 3.597, 2.800]","[-5.747, -6.008, -5.427, -5.503, -6.391, -5.699]"
644,1,-4.0940,-2.2017,0.287,426,1193,47,89,0.276,75,0.16,15840,850.57,0,0,10.000(12.500%)(0.000m),38.000(33.530%)(1.929m),68.000(60.000%)(5.143m),42.180(37.217%)(2.376m),20.039(25.049%)(0.004m),12.000(30.000%)(0.214m),14.092(35.230%)(0.438m),882.387,4543.347,64.8,0.6547,"[0.234, 0.853, 0.612, 0.227, 0.958, 0.539]","[2.295, 3.092, 2.919, 2.376, 3.227, 2.690]","[-5.481, -2.860, -2.996, -4.996, -3.003, -3.540]"
645,1,-1.2306,-2.2117,0.378,412,1104,159,11,0.275,70,0.16,15882,842.99,0,0,15.599(19.499%)(0.000m),27.000(23.824%)(0.750m),51.000(45.000%)(3.321m),58.000(51.177%)(4.071m),39.000(48.750%)(2.036m),10.944(27.361%)(0.101m),30.000(75.000%)(2.143m),0.000,3865.750,62.0,0.6544,"[1.403, 1.227, 0.505, 1.447, 1.318, 0.373]","[2.515, 2.869, 2.353, 2.554, 3.003, 2.304]","[-3.582, -5.253, -5.056, -2.861, -5.298, -4.870]"
646,1,-2.8433,-2.1905,0.277,322,972,142,39,0.275,70,0.15,15915,602.24,0,0,12.000(15.000%)(0.000m),27.000(23.824%)(0.750m),49.000(43.235%)(3.107m),32.000(28.235%)(1.286m),19.017(23.771%)(0.000m),11.000(27.500%)(0.107m),13.365(33.413%)(0.361m),90.441,3353.254,69.9,0.6369,"[-0.448, 0.812, 0.825, -0.419, 1.015, 0.862]","[2.525, 3.040, 2.506, 2.728, 3.318, 2.615]","[-5.639, -5.434, -6.129, -5.218, -5.503, -5.420]"
647,1,-6.6685,-2.2670,0.309,634,1729,200,137,0.274,85,0.15,15979,1200.37,0,0,16.654(20.817%)(0.000m),32.000(28.235%)(1.286m),20.000(17.647%)(0.000m),21.000(18.529%)(0.107m),22.000(27.500%)(0.214m),11.684(29.210%)(0.180m),15.000(37.500%)(0.536m),0.000,2816.172,63.1,0.5942,"[0.560, 0.659, -0.348, 0.461, 0.606, -0.419]","[2.562, 3.489, 2.816, 2.456, 3.569, 2.924]","[-3.929, -2.975, -5.123, -4.726, -3.657, -5.179]"
648,1,0.3216,-2.2147,0.391,337,1024,50,50,0.274,70,0.15,16013,721.60,0,0,28.000(35.000%)(0.857m),62.000(54.706%)(4.500m),94.000(82.941%)(7.929m),47.285(41.723%)(2.923m),22.469(28.086%)(0.265m),11.000(27.500%)(0.107m),15.836(39.590%)(0.625m),898.431,3088.308,70.3,0.6900,"[1.067, 1.359, 1.046, 1.018, 1.574, 1.095]","[2.393, 3.023, 2.438, 2.521, 3.186, 2.441]","[-1.299, -0.075, -1.072, -1.293, 0.172, -1.067]"
649,1,-2.0603,-2.1649,0.421,386,1084,17,63,0.273,70,0.15,16052,768.08,0,0,22.673(28.342%)(0.286m),32.000(28.235%)(1.286m),56.000(49.412%)(3.857m),20.000(17.647%)(0.000m),12.000(15.000%)(0.000m),16.011(40.027%)(0.644m),11.000(27.500%)(0.107m),172.768,3067.801,65.0,0.7210,"[0.674, 0.781, 0.538, 0.642, 0.819, 0.509]","[2.970, 3.480, 2.776, 2.900, 3.700, 2.968]","[-6.290, -7.527, -7.221, -6.005, -7.557, -6.516]"
650,1,-3.2384,-2.1593,0.293,194,498,43,17,0.273,45,0.15,16072,375.83,0,0,9.265(11.581%)(0.000m),12.048(10.630%)(0.000m),16.627(14.671%)(0.000m),30.137(26.592%)(1.086m),27.000(33.750%)(0.750m),14.312(35.780%)(0.462m),40.000(100.000%)(3.214m),259.182,3523.607,59.4,0.7360,"[0.764, 0.727, 0.669, 0.646, 0.746, 0.614]","[2.874, 3.550, 2.878, 2.830, 3.768, 2.976]","[-6.127, -5.785, -5.902, -6.436, -6.436, -5.482]"
651,1,-2.5334,-2.1388,0.433,157,447,28,23,0.272,40,0.15,16088,295.36,0,0,23.000(28.750%)(0.321m),30.000(26.471%)(1.071m),26.008(22.948%)(0.644m),14.952(13.193%)(0.000m),9.679(12.098%)(0.000m),29.000(72.500%)(2.036m),10.545(26.362%)(0.058m),101.503,2615.274,65.8,0.5607,"[0.380, 0.416, 0.332, 0.366, 0.344, 0.275]","[2.911, 3.792, 3.004, 2.954, 4.015, 3.085]","[-5.298, -5.322, -6.016, -5.236, -6.028, -6.284]"
652,1,-2.8502,-2.1704,0.326,184,461,18,0,0.272,40,0.15,16107,353.05,0,0,49.000(61.250%)(3.107m),58.000(51.177%)(4.071m),28.961(25.554%)(0.960m),16.432(14.499%)(0.000m),10.553(13.191%)(0.000m),40.000(100.000%)(3.214m),11.357(28.393%)(0.145m),1301.848,3997.674,57.9,0.5381,"[1.185, 1.555, 1.653, 1.154, 1.677, 1.645]","[3.059, 3.757, 3.307, 3.079, 3.870, 3.416]","[-5.598, -5.027, -4.738, -5.318, -5.500, -4.850]"
653,1,-0.9108,-2.0757,0.301,169,441,49,14,0.271,40,0.15,16124,351.46,0,0,56.580(70.725%)(3.919m),113.333(100.000%)(10.000m),30.000(26.471%)(1.071m),20.000(17.647%)(0.000m),24.000(30.000%)(0.429m),40.000(100.000%)(3.214m),40.000(100.000%)(3.214m),0.000,2203.015,60.4,0.7849,"[0.702, 1.031, 1.008, 0.648, 1.027, 0.898]","[2.679, 3.499, 2.943, 2.686, 3.648, 2.898]","[-4.839, -5.090, -5.925, -4.299, -4.361, -5.870]"
654,1,-0.6528,-2.0717,0.348,369,1020,102,10,0.271,70,0.15,16161,725.57,0,0,18.840(23.550%)(0.000m),25.000(22.059%)(0.536m),61.000(53.824%)(4.393m),62.000(54.706%)(4.500m),35.000(43.750%)(1.607m),13.268(33.171%)(0.350m),28.000(70.000%)(1.929m),0.000,2908.664,64.0,0.6653,"[1.299, 1.283, 0.533, 1.335, 1.357, 0.441]","[2.556, 3.345, 2.790, 2.806, 3.570, 2.931]","[-4.007, -5.360, -5.397, -3.622, -4.988, -5.556]"
655,1,-0.7402,-2.0389,0.404,191,516,14,2,0.270,45,0.15,16181,427.10,0,0,30.000(37.500%)(1.071m),47.000(41.471%)(2.893m),34.673(30.594%)(1.572m),17.948(15.837%)(0.000m),10.955(13.694%)(0.000m),28.000(70.000%)(1.929m),10.955(27.388%)(0.102m),680.512,3401.394,62.6,0.9671,"[0.601, 1.039, 0.865, 0.439, 1.213, 0.875]","[2.559, 3.069, 2.332, 2.558, 3.266, 2.368]","[-5.727, -5.372, -5.735, -5.465, -5.637, -6.397]"
656,1,-1.7782,-2.0885,0.321,319,966,48,27,0.269,70,0.15,16213,672.93,0,0,17.076(21.346%)(0.000m),36.493(32.200%)(1.767m),60.000(52.941%)(4.286m),30.000(26.471%)(1.071m),13.000(16.250%)(0.000m),11.978(29.945%)(0.212m),10.000(25.000%)(0.000m),397.489,2896.635,70.1,0.7247,"[0.163, 0.438, -0.091, 0.084, 0.464, -0.129]","[2.486, 3.079, 2.575, 2.438, 3.283, 2.733]","[-5.745, -4.888, -5.291, -5.624, -5.149, -5.166]"
657,1,-1.2756,-2.0047,0.407,427,1199,101,81,0.269,75,0.15,16256,817.37,0,0,17.000(21.250%)(0.000m),35.000(30.882%)(1.607m),73.000(64.412%)(5.679m),48.208(42.537%)(3.022m),23.106(28.883%)(0.333m),12.000(30.000%)(0.214m),12.000(30.000%)(0.214m),1114.901,4209.987,65.0,0.6293,"[0.791, 0.935, 0.437, 0.609, 1.144, 0.566]","[2.523, 3.257, 2.563, 2.487, 3.509, 2.629]","[-2.619, -5.080, -6.577, -3.090, -4.431, -5.308]"
658,1,-5.6305,-2.0850,0.372,520,1503,34,94,0.268,85,0.15,16308,1008.68,0,0,23.000(28.750%)(0.321m),25.000(22.059%)(0.536m),39.000(34.412%)(2.036m),22.000(19.412%)(0.214m),22.000(27.500%)(0.214m),17.000(42.500%)(0.750m),17.243(43.108%)(0.776m),0.000,2664.659,66.9,0.5811,"[0.126, 0.406, 0.241, 0.061, 0.457, 0.157]","[2.696, 3.425, 2.817, 2.764, 3.597, 2.962]","[-4.668, -5.476, -7.744, -5.280, -5.800, -8.870]"
659,1,-0.3458,-2.0733,0.212,213,636,32,54,0.268,55,0.15,16330,469.19,0,0,25.000(31.250%)(0.536m),48.000(42.353%)(3.000m),91.000(80.294%)(7.607m),25.972(22.917%)(0.640m),12.562(15.703%)(0.000m),17.000(42.500%)(0.750m),9.801(24.503%)(0.000m),496.954,2769.395,69.1,0.8634,"[0.440, 1.198, 1.006, 0.496, 1.390, 1.143]","[2.303, 2.993, 2.531, 2.372, 3.334, 2.669]","[-5.844, -4.550, -2.283, -5.237, -4.854, -2.208]"
660,1,-1.3703,-2.0303,0.342,343,991,9,13,0.267,70,0.15,16365,655.34,0,0,23.218(29.023%)(0.345m),46.000(40.588%)(2.786m),31.000(27.353%)(1.179m),17.000(15.000%)(0.000m),11.000(13.750%)(0.000m),16.471(41.177%)(0.693m),27.000(67.500%)(1.821m),687.521,3401.684,66.9,0.5503,"[0.506, 0.718, 0.209, 0.607, 0.874, 0.150]","[2.630, 3.161, 2.472, 2.669, 3.318, 2.738]","[-6.896, -7.574, -8.294, -6.562, -7.160, -8.847]"
661,1,0.9590,-2.0080,0.298,328,991,82,36,0.267,70,0.15,16398,693.25,0,0,22.017(27.521%)(0.216m),44.000(38.824%)(2.571m),61.000(53.824%)(4.393m),43.000(37.941%)(2.464m),11.000(13.750%)(0.000m),15.531(38.829%)(0.593m),11.000(27.500%)(0.107m),378.619,2627.703,69.9,0.7803,"[0.580, 0.758, 0.188, 0.641, 0.953, 0.153]","[1.922, 2.592, 2.523, 2.064, 2.989, 2.604]","[-1.473, -1.262, -5.004, -1.758, -1.503, -4.848]"
662,1,-1.7363,-2.0001,0.338,186,498,34,10,0.266,45,0.15,16417,355.55,0,0,13.390(16.738%)(0.000m),29.061(25.643%)(0.971m),45.000(39.706%)(2.679m),35.000(30.882%)(1.607m),30.000(37.500%)(1.071m),9.663(24.159%)(0.000m),40.000(100.000%)(3.214m),462.581,3226.973,62.0,0.5603,"[0.528, 0.045, -0.263, 0.604, 0.085, -0.256]","[2.555, 3.096, 2.671, 2.534, 3.142, 2.634]","[-2.496, -4.774, -5.584, -2.170, -4.542, -5.070]"
663,1,-3.5512,-2.0517,0.304,182,469,27,18,0.266,45,0.15,16436,362.27,0,0,39.499(49.374%)(2.089m),65.913(58.159%)(4.919m),38.000(33.530%)(1.929m),29.000(25.588%)(0.964m),22.000(27.500%)(0.214m),38.545(96.363%)(3.058m),40.000(100.000%)(3.214m),33.148,2900.463,59.6,0.5773,"[0.601, 0.795, 0.949, 0.547, 0.968, 0.863]","[2.585, 3.048, 2.608, 2.588, 3.369, 2.531]","[-2.918, -2.906, -2.390, -3.518, -2.830, -2.829]"
664,1,-2.0538,-2.0468,0.348,556,1577,89,115,0.265,85,0.15,16492,1035.98,0,0,14.333(17.916%)(0.000m),30.000(26.471%)(1.071m),31.000(27.353%)(1.179m),22.000(19.412%)(0.214m),26.000(32.500%)(0.643m),10.035(25.087%)(0.004m),20.000(50.000%)(1.071m),0.000,2728.242,65.6,0.5984,"[0.114, 0.217, -0.347, 0.143, 0.263, -0.486]","[2.109, 2.911, 2.365, 2.239, 3.113, 2.439]","[-4.826, -5.406, -7.319, -5.180, -5.341, -8.121]"
665,1,0.8382,-1.9353,0.281,335,954,106,12,0.265,65,0.15,16526,662.22,0,0,13.715(17.144%)(0.000m),29.654(26.165%)(1.034m),63.000(55.588%)(4.607m),48.000(42.353%)(3.000m),33.000(41.250%)(1.393m),9.603(24.007%)(0.000m),31.000(77.500%)(2.250m),68.707,2825.782,65.9,0.5955,"[0.992, 0.982, -0.208, 1.079, 1.088, -0.279]","[2.069, 2.855, 2.369, 2.182, 3.021, 2.169]","[-2.075, -4.503, -5.085, -1.958, -4.861, -5.030]"
666,1,-2.3049,-1.9660,0.269,183,484,24,0,0.264,45,0.15,16545,353.07,0,0,12.158(15.197%)(0.000m),24.062(21.231%)(0.435m),54.000(47.647%)(3.643m),45.000(39.706%)(2.679m),33.000(41.250%)(1.393m),9.854(24.635%)(0.000m),40.000(100.000%)(3.214m),652.131,3738.085,61.2,0.5407,"[0.612, 0.521, -0.011, 0.640, 0.733, -0.053]","[2.407, 3.135, 2.864, 2.496, 3.420, 2.908]","[-6.916, -5.979, -5.471, -6.597, -4.945, -5.050]"
667,1,-2.2012,-1.9467,0.319,340,1009,143,33,0.264,70,0.15,16579,731.73,0,0,14.273(17.841%)(0.000m),31.004(27.357%)(1.179m),56.000(49.412%)(3.857m),25.000(22.059%)(0.536m),12.000(15.000%)(0.000m),9.987(24.967%)(0.000m),11.000(27.500%)(0.107m),139.554,3325.182,68.7,0.7021,"[0.559, 0.642, -0.539, 0.679, 0.777, -0.491]","[2.418, 3.118, 2.573, 2.430, 3.385, 2.674]","[-6.798, -5.814, -5.311, -6.079, -5.713, -5.041]"
668,1,-2.7470,-1.8371,0.313,432,1207,4,77,0.263,75,0.15,16623,846.18,0,0,27.000(33.750%)(0.750m),36.000(31.765%)(1.714m),74.000(65.294%)(5.786m),48.656(42.932%)(3.070m),23.284(29.105%)(0.352m),11.000(27.500%)(0.107m),16.478(41.196%)(0.694m),960.435,4848.123,64.7,0.5729,"[0.691, 0.943, 0.588, 0.745, 1.123, 0.582]","[2.532, 3.215, 2.641, 2.696, 3.459, 2.663]","[-3.431, -2.856, -4.198, -3.560, -3.964, -4.351]"
669,1,-0.9500,-1.8692,0.395,713,2123,165,198,0.263,95,0.15,16695,1422.94,0,0,13.000(16.250%)(0.000m),35.000(30.882%)(1.607m),46.000(40.588%)(2.786m),32.000(28.235%)(1.286m),18.884(23.604%)(0.000m),11.000(27.500%)(0.107m),13.269(33.174%)(0.350m),85.993,2822.806,68.9,0.6504,"[0.259, 0.608, 0.443, 0.264, 0.827, 0.478]","[2.485, 3.440, 2.804, 2.449, 3.536, 2.851]","[-5.092, -5.417, -5.808, -4.742, -5.020, -4.919]"
670,1,-6.0922,-1.8760,0.353,634,1728,62,156,0.262,85,0.15,16759,1434.91,0,0,22.000(27.500%)(0.214m),20.000(17.647%)(0.000m),20.000(17.647%)(0.000m),26.000(22.941%)(0.643m),29.000(36.250%)(0.964m),12.000(30.000%)(0.214m),19.000(47.500%)(0.964m),0.000,3316.832,63.1,0.7628,"[0.502, 0.708, 0.637, 0.393, 0.877, 0.567]","[2.521, 2.952, 2.533, 2.440, 3.097, 2.502]","[-7.171, -5.757, -4.820, -7.462, -6.176, -4.745]"
671,1,0.5163,-1.8392,0.312,275,837,90,17,0.261,65,0.15,16787,573.84,0,0,14.638(18.297%)(0.000m),28.000(24.706%)(0.857m),69.000(60.883%)(5.250m),49.000(43.235%)(3.107m),30.000(37.500%)(1.071m),10.240(25.601%)(0.026m),28.000(70.000%)(1.929m),0.000,2267.900,70.5,0.7556,"[0.874, 0.750, -0.537, 0.939, 0.760, -0.705]","[2.461, 3.027, 2.724, 2.567, 3.188, 2.530]","[-3.438, -4.518, -5.437, -3.176, -4.622, -5.402]"
672,1,-1.6722,-1.9031,0.295,389,1093,117,32,0.261,70,0.15,16826,740.54,0,0,12.000(15.000%)(0.000m),21.000(18.529%)(0.107m),66.000(58.235%)(4.929m),39.000(34.412%)(2.036m),21.790(27.237%)(0.192m),11.000(27.500%)(0.107m),15.415(38.537%)(0.580m),348.540,3790.331,65.0,0.6186,"[0.284, 0.979, 0.680, 0.283, 1.005, 0.722]","[2.773, 3.267, 2.456, 2.729, 3.478, 2.652]","[-8.787, -6.315, -5.471, -7.625, -5.737, -4.906]"
673,1,-3.0890,-1.9639,0.401,305,811,104,0,0.260,60,0.15,16857,569.35,0,0,40.000(50.000%)(2.143m),55.000(48.530%)(3.750m),67.000(59.118%)(5.036m),26.300(23.206%)(0.675m),12.721(15.901%)(0.000m),31.000(77.500%)(2.250m),9.925(24.812%)(0.000m),1185.229,4215.567,61.5,0.6645,"[-0.274, 1.280, 1.303, -0.299, 1.427, 1.484]","[2.536, 3.228, 2.617, 2.462, 3.379, 2.697]","[-5.549, -4.906, -2.882, -4.689, -4.872, -2.471]"
674,1,-2.8271,-1.9735,0.368,251,650,20,47,0.260,50,0.15,16883,481.13,0,0,24.000(30.000%)(0.429m),30.000(26.471%)(1.071m),48.637(42.915%)(3.068m),20.588(18.166%)(0.063m),11.487(14.358%)(0.000m),23.000(57.500%)(1.393m),10.287(25.717%)(0.031m),313.339,3355.280,59.9,0.5599,"[0.915, 1.113, 0.790, 0.886, 1.281, 0.851]","[2.446, 3.224, 2.747, 2.406, 3.429, 2.814]","[-5.373, -5.459, -5.853, -5.037, -5.420, -5.712]"
675,1,1.4168,-1.8513,0.314,379,1120,24,86,0.259,75,0.15,16921,717.53,0,0,20.350(25.438%)(0.038m),38.000(33.530%)(1.929m),62.000(54.706%)(4.500m),52.000(45.882%)(3.429m),25.000(31.250%)(0.536m),14.341(35.853%)(0.465m),18.000(45.000%)(0.857m),206.615,2971.663,68.4,0.6278,"[0.646, 0.824, 0.084, 0.619, 0.977, -0.005]","[2.577, 3.353, 2.673, 2.488, 3.482, 2.754]","[-1.774, -1.453, -4.444, -1.972, -1.963, -4.553]"
676,1,-0.9346,-1.8249,0.355,445,1356,8,84,0.259,80,0.15,16966,850.85,0,0,23.000(28.750%)(0.321m),38.000(33.530%)(1.929m),24.000(21.177%)(0.429m),21.000(18.529%)(0.107m),24.000(30.000%)(0.429m),16.000(40.000%)(0.643m),18.194(45.484%)(0.878m),0.000,2697.055,70.5,0.6150,"[0.094, 0.563, 0.296, 0.036, 0.703, 0.284]","[2.303, 2.714, 2.166, 2.341, 2.904, 2.119]","[-6.099, -7.246, -8.089, -6.602, -6.979, -8.596]"
677,1,0.4847,-1.8066,0.312,274,833,106,23,0.258,65,0.15,16994,510.05,0,0,29.000(36.250%)(0.964m),47.000(41.471%)(2.893m),46.000(40.588%)(2.786m),24.000(21.177%)(0.429m),20.924(26.155%)(0.099m),24.000(60.000%)(1.500m),14.725(36.811%)(0.506m),0.000,2246.912,70.4,0.6578,"[-0.216, 0.474, 0.488, -0.348, 0.627, 0.416]","[1.824, 2.435, 1.892, 1.680, 2.627, 1.936]","[-5.397, -6.581, -6.067, -5.082, -5.719, -5.493]"
678,1,0.1279,-1.7675,0.339,221,647,74,9,0.258,55,0.15,17017,436.39,0,0,11.463(14.328%)(0.000m),20.777(18.333%)(0.083m),50.567(44.618%)(3.275m),39.000(34.412%)(2.036m),30.000(37.500%)(1.071m),10.139(25.348%)(0.015m),28.000(70.000%)(1.929m),385.376,2745.295,67.8,0.6834,"[0.524, 0.513, -0.429, 0.617, 0.577, -0.498]","[2.023, 2.453, 1.991, 2.150, 2.699, 2.111]","[-4.532, -4.589, -5.636, -4.626, -4.993, -5.133]"
679,1,-2.0886,-1.7537,0.294,191,516,20,6,0.257,45,0.15,17037,384.95,0,0,11.456(14.320%)(0.000m),20.765(18.322%)(0.082m),50.537(44.592%)(3.272m),51.000(45.000%)(3.321m),31.000(38.750%)(1.179m),10.133(25.333%)(0.014m),31.000(77.500%)(2.250m),775.198,3820.762,62.5,0.7769,"[0.841, 0.920, 0.313, 1.011, 1.077, 0.367]","[1.951, 3.119, 2.452, 2.194, 3.246, 2.550]","[-5.506, -5.518, -5.517, -5.438, -5.020, -5.481]"
680,1,0.8058,-1.6697,0.362,489,1441,71,141,0.257,80,0.15,17086,1072.40,0,0,26.621(33.277%)(0.709m),21.000(18.529%)(0.107m),20.000(17.647%)(0.000m),20.000(17.647%)(0.000m),24.000(30.000%)(0.429m),18.871(47.177%)(0.950m),16.000(40.000%)(0.643m),0.000,2370.887,68.2,0.7636,"[-0.248, 0.050, -0.082, -0.268, 0.149, -0.204]","[2.102, 2.807, 2.231, 2.245, 3.054, 2.492]","[-6.200, -5.340, -4.391, -6.624, -5.560, -4.930]"
681,1,-2.0343,-1.6792,0.331,324,931,109,94,0.256,65,0.15,17119,634.56,0,0,23.000(28.750%)(0.321m),29.000(25.588%)(0.964m),20.000(17.647%)(0.000m),20.000(17.647%)(0.000m),17.078(21.347%)(0.000m),17.000(42.500%)(0.750m),11.975(29.939%)(0.212m),0.000,2564.962,66.5,0.6442,"[-0.040, 0.290, -0.048, -0.066, 0.409, -0.112]","[2.485, 2.887, 2.187, 2.365, 3.066, 2.376]","[-5.857, -4.587, -5.143, -5.903, -4.833, -5.490]"
682,1,-1.6912,-1.6547,0.254,194,517,10,11,0.256,45,0.15,17139,425.37,0,0,11.821(14.777%)(0.000m),22.484(19.839%)(0.266m),60.000(52.941%)(4.286m),39.000(34.412%)(2.036m),29.000(36.250%)(0.964m),9.950(24.874%)(0.000m),40.000(100.000%)(3.214m),344.782,3177.320,61.6,0.6633,"[0.788, 0.819, 0.124, 0.808, 0.923, 0.222]","[2.218, 2.905, 2.053, 2.186, 3.080, 2.244]","[-5.404, -5.538, -6.019, -5.061, -5.691, -5.750]"
683,1,-1.2091,-1.5431,0.274,131,368,29,14,0.255,40,0.15,17153,308.95,0,0,51.577(64.472%)(3.383m),93.827(82.789%)(7.910m),28.000(24.706%)(0.857m),20.000(17.647%)(0.000m),23.000(28.750%)(0.321m),40.000(100.000%)(3.214m),40.000(100.000%)(3.214m),0.000,2065.572,65.0,0.7990,"[-0.321, -0.136, 0.045, -0.395, -0.045, -0.149]","[1.934, 2.829, 2.267, 1.990, 3.047, 2.446]","[-4.800, -4.801, -5.014, -5.056, -4.688, -5.089]"
684,1,-2.0372,-1.6096,0.298,450,1366,120,118,0.255,80,0.15,17198,846.98,0,0,16.000(20.000%)(0.000m),22.000(19.412%)(0.214m),37.000(32.647%)(1.821m),27.000(23.824%)(0.750m),20.843(26.054%)(0.090m),10.000(25.000%)(0.000m),14.668(36.669%)(0.500m),0.000,2295.612,70.3,0.5498,"[-0.165, 0.140, -0.147, -0.137, 0.291, -0.184]","[2.366, 2.490, 1.956, 2.504, 2.738, 2.096]","[-4.780, -5.009, -5.345, -4.424, -4.285, -4.907]"
685,1,-1.3786,-1.6077,0.440,152,449,14,15,0.254,45,0.15,17214,292.92,0,0,10.547(13.184%)(0.000m),17.600(15.530%)(0.000m),35.271(31.121%)(1.636m),56.000(49.412%)(3.857m),28.000(35.000%)(0.857m),10.292(25.731%)(0.031m),24.000(60.000%)(1.500m),606.149,2996.403,68.4,0.7369,"[0.636, 0.685, 0.298, 0.610, 0.819, 0.309]","[2.142, 2.509, 2.109, 2.049, 2.780, 2.332]","[-4.980, -5.457, -5.486, -4.772, -5.204, -5.255]"
686,1,-6.7887,-1.7225,0.325,422,1144,105,11,0.254,70,0.15,17257,818.46,0,0,33.120(41.400%)(1.406m),43.000(37.941%)(2.464m),52.000(45.882%)(3.429m),22.000(19.412%)(0.214m),18.000(22.500%)(0.000m),23.844(59.610%)(1.483m),13.842(34.606%)(0.412m),669.367,4517.328,62.7,0.5908,"[-0.258, 0.430, 0.417, -0.312, 0.566, 0.429]","[2.427, 3.178, 2.297, 2.312, 3.356, 2.508]","[-6.020, -6.435, -5.942, -5.269, -4.751, -5.720]"
687,1,-4.0842,-1.7899,0.250,179,450,19,0,0.253,40,0.15,17275,347.40,0,0,46.000(57.500%)(2.786m),55.000(48.530%)(3.750m),24.143(21.302%)(0.444m),14.396(12.702%)(0.000m),9.535(11.918%)(0.000m),40.000(100.000%)(3.214m),10.779(26.948%)(0.083m),1180.144,4632.866,58.2,0.7251,"[0.104, 0.619, 0.674, 0.108, 0.777, 0.785]","[2.261, 3.195, 2.427, 2.239, 3.347, 2.661]","[-5.721, -5.594, -5.020, -5.335, -5.805, -5.244]"
688,1,-1.8272,-1.8227,0.334,384,1102,38,62,0.253,70,0.15,17314,797.25,0,0,10.000(12.500%)(0.000m),46.656(41.167%)(2.856m),64.000(56.471%)(4.714m),47.000(41.471%)(2.893m),26.000(32.500%)(0.643m),11.000(27.500%)(0.107m),19.000(47.500%)(0.964m),561.329,3546.291,66.4,0.7446,"[0.242, 0.535, 0.222, 0.254, 0.819, 0.206]","[2.187, 3.013, 2.183, 2.208, 3.194, 2.328]","[-4.834, -2.984, -3.916, -4.821, -2.510, -4.010]"
689,1,-3.2929,-1.9379,0.227,391,1107,98,31,0.252,70,0.15,17354,896.18,0,0,21.430(26.787%)(0.153m),43.000(37.941%)(2.464m),70.000(61.765%)(5.357m),38.000(33.530%)(1.929m),12.000(15.000%)(0.000m),15.125(37.813%)(0.549m),11.000(27.500%)(0.107m),321.333,3316.106,65.5,0.8493,"[0.385, 0.671, 0.343, 0.423, 0.829, 0.280]","[1.940, 2.345, 2.043, 1.992, 2.566, 1.990]","[-6.618, -4.770, -4.306, -6.445, -4.723, -4.198]"
690,1,-0.7553,-1.8819,0.264,452,1371,157,75,0.252,80,0.14,17400,918.77,0,0,21.000(26.250%)(0.107m),20.000(17.647%)(0.000m),20.000(17.647%)(0.000m),34.305(30.269%)(1.533m),16.007(20.009%)(0.000m),13.000(32.500%)(0.321m),11.220(28.050%)(0.131m),0.000,2377.489,70.2,0.6874,"[-0.929, -0.418, -0.250, -0.856, -0.285, -0.241]","[1.799, 2.394, 1.838, 1.843, 2.579, 2.011]","[-7.628, -6.791, -5.867, -7.632, -6.215, -6.031]"
691,1,0.0520,-1.8253,0.274,313,917,20,16,0.251,65,0.14,17432,582.96,0,0,33.348(41.685%)(1.430m),24.000(21.177%)(0.429m),21.000(18.529%)(0.107m),30.000(26.471%)(1.071m),24.358(30.447%)(0.467m),26.000(65.000%)(1.714m),17.237(43.092%)(0.775m),0.000,3009.578,67.8,0.5399,"[-0.172, 0.338, 0.316, -0.294, 0.446, 0.243]","[2.116, 2.734, 2.225, 2.053, 2.937, 2.343]","[-5.915, -5.583, -4.771, -6.683, -5.415, -5.305]"
692,1,0.5855,-1.8024,0.281,214,642,23,10,0.251,55,0.14,17454,397.79,0,0,29.000(36.250%)(0.964m),58.000(51.177%)(4.071m),83.000(73.236%)(6.750m),25.812(22.775%)(0.623m),12.485(15.606%)(0.000m),24.000(60.000%)(1.500m),9.741(24.352%)(0.000m),638.439,2832.022,69.5,0.5376,"[-0.061, 0.708, 0.860, -0.051, 0.915, 0.840]","[1.973, 2.626, 2.196, 2.017, 2.896, 2.352]","[-6.109, -5.353, -2.621, -5.489, -5.154, -2.769]"
693,1,-0.2334,-1.7939,0.304,257,686,66,0,0.250,55,0.14,17480,506.85,0,0,13.527(16.909%)(0.000m),29.659(26.170%)(1.035m),61.000(53.824%)(4.393m),52.000(45.882%)(3.429m),41.000(51.250%)(2.250m),9.637(24.092%)(0.000m),31.000(77.500%)(2.250m),1043.525,3752.910,61.8,0.6772,"[1.065, 0.941, -0.609, 1.159, 1.002, -0.614]","[2.015, 2.667, 2.134, 2.054, 2.824, 2.243]","[-3.127, -4.418, -5.586, -2.429, -4.468, -5.131]"
694,1,-2.2487,-1.7570,0.252,194,517,22,19,0.250,45,0.14,17500,379.85,0,0,10.657(13.321%)(0.000m),18.129(15.996%)(0.000m),37.835(33.384%)(1.911m),39.000(34.412%)(2.036m),28.000(35.000%)(0.857m),10.148(25.370%)(0.016m),33.000(82.500%)(2.464m),463.160,3150.131,61.7,0.7178,"[0.838, 0.924, 0.379, 0.860, 1.038, 0.389]","[2.182, 3.122, 2.420, 2.154, 3.283, 2.604]","[-5.140, -5.377, -5.289, -5.013, -4.976, -5.176]"
695,1,2.0455,-1.6915,0.357,580,1698,145,70,0.249,85,0.14,17558,1153.48,0,0,25.000(31.250%)(0.536m),51.000(45.000%)(3.321m),69.000(60.883%)(5.250m),26.120(23.048%)(0.656m),12.634(15.793%)(0.000m),21.000(52.500%)(1.179m),9.857(24.643%)(0.000m),1032.845,4076.739,67.7,0.6307,"[0.020, 0.631, 0.753, 0.112, 0.884, 0.734]","[2.678, 3.066, 2.560, 2.649, 3.315, 2.641]","[-6.414, -5.213, -2.976, -5.568, -5.252, -3.269]"
696,1,-1.4945,-1.6645,0.289,390,1089,1,25,0.249,70,0.14,17597,767.98,0,0,24.592(30.740%)(0.492m),48.000(42.353%)(3.000m),65.000(57.353%)(4.821m),21.000(18.529%)(0.107m),12.000(15.000%)(0.000m),17.430(43.575%)(0.796m),11.000(27.500%)(0.107m),726.030,3534.017,64.6,0.6218,"[0.820, 1.018, 0.607, 0.833, 1.237, 0.638]","[3.034, 3.774, 2.843, 2.891, 3.819, 3.139]","[-6.020, -6.077, -6.541, -5.274, -5.308, -6.570]"
697,1,-1.3333,-1.5578,0.384,156,446,12,0,0.248,40,0.14,17613,295.31,0,0,37.000(46.250%)(1.821m),68.000(60.000%)(5.143m),67.120(59.224%)(5.049m),23.757(20.962%)(0.403m),12.169(15.211%)(0.000m),33.000(82.500%)(2.464m),9.988(24.970%)(0.000m),1025.904,3505.453,66.2,0.5361,"[0.340, 1.154, 1.247, 0.329, 1.365, 1.249]","[2.453, 2.822, 2.563, 2.522, 3.064, 2.673]","[-6.065, -5.720, -4.986, -5.271, -5.655, -5.251]"
698,1,-0.1983,-1.5682,0.321,425,1165,97,41,0.248,70,0.14,17656,813.40,0,0,13.000(16.250%)(0.000m),24.000(21.177%)(0.429m),68.000(60.000%)(5.143m),36.000(31.765%)(1.714m),21.102(26.377%)(0.118m),11.000(27.500%)(0.107m),14.893(37.233%)(0.524m),289.341,3646.225,63.4,0.6349,"[0.724, 1.157, 0.916, 0.641, 1.332, 1.026]","[2.874, 3.472, 2.885, 2.740, 3.680, 2.838]","[-6.302, -5.335, -6.410, -5.490, -5.313, -5.337]"
699,1,-0.1592,-1.5302,0.281,199,544,13,5,0.247,50,0.14,17676,398.99,0,0,31.000(38.750%)(1.179m),54.000(47.647%)(3.643m),66.000(58.235%)(4.929m),25.136(22.179%)(0.550m),12.342(15.427%)(0.000m),27.000(67.500%)(1.821m),9.753(24.382%)(0.000m),1120.837,3710.939,63.3,0.7439,"[0.755, 1.498, 1.535, 0.736, 1.633, 1.496]","[2.537, 3.366, 2.991, 2.581, 3.486, 2.988]","[-6.285, -5.908, -4.708, -5.782, -6.134, -4.943]"
700,1,-8.5122,-1.6357,0.415,465,1224,152,25,0.247,70,0.14,17723,854.59,0,0,24.000(30.000%)(0.429m),25.000(22.059%)(0.536m),17.275(15.243%)(0.000m),12.215(10.778%)(0.000m),9.192(11.490%)(0.000m),23.069(57.673%)(1.400m),12.704(31.761%)(0.290m),192.647,4355.144,60.9,0.5976,"[0.173, 0.726, 0.526, 0.059, 0.780, 0.529]","[2.880, 3.658, 3.136, 2.769, 3.856, 3.327]","[-7.381, -6.053, -6.433, -7.531, -6.510, -6.101]"
701,1,0.0461,-1.5841,0.327,299,834,107,0,0.246,60,0.14,17753,684.25,0,0,13.676(17.095%)(0.000m),29.957(26.433%)(1.067m),66.000(58.235%)(4.929m),51.000(45.000%)(3.321m),37.000(46.250%)(1.821m),9.588(23.971%)(0.000m),31.000(77.500%)(2.250m),717.485,3344.877,64.6,0.8649,"[1.441, 1.295, -0.107, 1.411, 1.396, -0.051]","[2.846, 3.596, 2.883, 2.759, 3.783, 3.044]","[-3.228, -3.984, -5.363, -3.031, -4.934, -5.180]"
702,1,-4.3342,-1.6137,0.314,391,1087,90,19,0.246,70,0.14,17793,827.41,0,0,17.764(22.205%)(0.000m),20.000(17.647%)(0.000m),23.000(20.294%)(0.321m),30.000(26.471%)(1.071m),23.326(29.158%)(0.356m),12.520(31.300%)(0.270m),16.456(41.140%)(0.692m),0.000,3496.180,64.3,0.6815,"[-0.006, 0.234, -0.112, -0.080, 0.210, -0.231]","[2.929, 3.747, 2.921, 2.975, 3.777, 2.777]","[-6.042, -4.847, -6.127, -6.295, -5.019, -6.569]"
703,1,-0.0206,-1.5959,0.391,539,1543,196,101,0.245,85,0.14,17847,1036.75,0,0,19.548(24.435%)(0.000m),23.000(20.294%)(0.321m),31.000(27.353%)(1.179m),38.000(33.530%)(1.929m),19.000(23.750%)(0.000m),13.794(34.486%)(0.407m),14.000(35.000%)(0.429m),0.000,2713.048,66.2,0.6045,"[0.086, 0.203, -0.137, -0.033, 0.322, -0.313]","[2.373, 3.102, 2.487, 2.249, 3.144, 2.465]","[-6.920, -4.733, -5.241, -6.764, -4.771, -5.374]"
704,1,-1.4974,-1.6128,0.371,150,405,16,0,0.245,40,0.14,17862,285.90,0,0,9.017(11.272%)(0.000m),12.714(11.218%)(0.000m),19.338(17.063%)(0.000m),47.064(41.527%)(2.900m),39.000(48.750%)(2.036m),11.558(28.894%)(0.167m),40.000(100.000%)(3.214m),737.425,3172.533,62.4,0.6411,"[0.803, 0.774, 0.354, 0.755, 0.844, 0.315]","[2.356, 2.909, 2.406, 2.349, 3.060, 2.571]","[-5.437, -5.339, -5.617, -5.522, -5.568, -5.083]"
705,1,3.1338,-1.5354,0.267,373,1027,8,40,0.244,70,0.14,17900,764.62,0,0,22.000(27.500%)(0.214m),26.000(22.941%)(0.643m),54.000(47.647%)(3.643m),34.000(30.000%)(1.500m),25.000(31.250%)(0.536m),16.954(42.386%)(0.745m),24.000(60.000%)(1.500m),0.000,2756.572,63.7,0.6951,"[0.863, 0.985, 0.791, 0.866, 1.071, 0.669]","[2.678, 3.445, 2.785, 2.665, 3.463, 2.755]","[-4.287, -4.605, -4.549, -3.644, -4.441, -4.644]"
706,1,-4.0705,-1.5812,0.399,298,887,58,13,0.244,65,0.14,17930,554.95,0,0,24.000(30.000%)(0.429m),20.000(17.647%)(0.000m),20.000(17.647%)(0.000m),47.459(41.876%)(2.942m),22.598(28.248%)(0.278m),23.932(59.830%)(1.493m),15.940(39.849%)(0.636m),0.000,2865.030,68.9,0.6059,"[-0.161, 0.202, 0.109, -0.229, 0.257, 0.021]","[2.296, 3.344, 2.977, 2.545, 3.450, 3.013]","[-4.326, -4.917, -4.997, -4.752, -5.342, -5.300]"
707,1,9.5217,-1.3653,0.324,738,2261,168,162,0.243,100,0.28,18004,1454.67,1,1,17.000(21.250%)(0.000m),36.000(31.765%)(1.714m),72.000(63.530%)(5.571m),40.969(36.149%)(2.247m),19.275(24.093%)(0.000m),12.000(30.000%)(0.214m),13.544(33.860%)(0.380m),348.734,2852.085,70.9,0.6171,"[0.354, 0.871, 0.591, 0.288, 1.026, 0.638]","[2.727, 3.372, 2.535, 2.617, 3.440, 2.638]","[-4.195, -4.579, -5.774, -4.153, -4.413, -5.733]"
708,1,0.1905,-1.2488,0.407,393,1110,108,31,0.243,70,0.28,18044,741.62,0,0,20.591(25.739%)(0.063m),35.000(30.882%)(1.607m),73.000(64.412%)(5.679m),19.000(16.765%)(0.000m),12.000(15.000%)(0.000m),14.531(36.327%)(0.485m),11.000(27.500%)(0.107m),137.884,3542.228,65.3,0.5794,"[1.027, 1.287, 0.902, 0.999, 1.404, 0.792]","[2.926, 3.643, 3.028, 2.792, 3.796, 2.957]","[-6.412, -5.695, -4.847, -5.498, -5.033, -5.046]"
709,1,-1.7365,-1.2766,0.370,420,1183,149,59,0.242,75,0.28,18086,785.10,0,0,28.000(35.000%)(0.857m),45.000(39.706%)(2.679m),74.000(65.294%)(5.786m),30.182(26.632%)(1.091m),14.051(17.564%)(0.000m),11.000(27.500%)(0.107m),9.847(24.618%)(0.000m),304.546,3493.697,65.2,0.5748,"[0.061, 1.017, 1.280, 0.064, 1.206, 1.232]","[2.936, 3.619, 3.285, 2.983, 3.576, 3.140]","[-6.207, -4.080, -0.774, -5.743, -3.989, -0.789]"
710,1,1.4343,-1.2206,0.339,455,1233,102,56,0.242,75,0.28,18132,874.20,0,0,19.958(24.948%)(0.000m),32.000(28.235%)(1.286m),65.000(57.353%)(4.821m),32.000(28.235%)(1.286m),14.000(17.500%)(0.000m),14.077(35.193%)(0.437m),10.000(25.000%)(0.000m),181.783,3886.926,62.7,0.6088,"[0.898, 1.112, 0.785, 0.852, 1.206, 0.587]","[2.803, 3.538, 3.170, 2.856, 3.616, 3.153]","[-5.311, -4.676, -4.466, -5.113, -4.679, -4.701]"
711,1,-1.4911,-1.2696,0.312,203,523,35,7,0.241,45,0.28,18153,422.84,0,0,11.457(14.321%)(0.000m),20.094(17.730%)(0.010m),44.972(39.681%)(2.676m),40.000(35.294%)(2.143m),31.000(38.750%)(1.179m),10.516(26.289%)(0.055m),40.000(100.000%)(3.214m),451.247,3573.019,59.6,0.7287,"[0.735, 0.582, 0.133, 0.692, 0.710, 0.074]","[2.404, 3.237, 2.560, 2.370, 3.385, 2.639]","[-5.734, -5.567, -5.070, -5.578, -5.345, -5.466]"
712,1,-5.9779,-1.3544,0.411,658,1781,192,147,0.241,85,0.28,18219,1354.89,0,0,14.801(18.501%)(0.000m),20.000(17.647%)(0.000m),20.000(17.647%)(0.000m),22.000(19.412%)(0.214m),17.594(21.992%)(0.000m),10.401(26.003%)(0.043m),12.376(30.941%)(0.255m),0.000,3239.695,62.6,0.6853,"[0.294, 0.434, 0.221, 0.284, 0.479, 0.111]","[2.730, 3.405, 2.540, 2.700, 3.573, 2.748]","[-6.127, -5.528, -4.971, -6.335, -6.530, -5.483]"
713,1,-0.9170,-1.3017,0.296,283,852,78,11,0.240,65,0.28,18248,542.94,0,0,19.309(24.137%)(0.000m),29.000(25.588%)(0.964m),75.000(66.177%)(5.893m),52.000(45.882%)(3.429m),33.000(41.250%)(1.393m),13.567(33.917%)(0.382m),25.000(62.500%)(1.607m),22.353,2338.630,69.6,0.6268,"[0.825, 0.923, -0.076, 0.905, 0.982, -0.180]","[2.582, 3.273, 2.751, 2.767, 3.449, 2.699]","[-4.364, -4.816, -4.571, -3.806, -4.596, -4.688]"
714,1,2.4166,-1.2123,0.380,610,1865,72,107,0.240,95,0.28,18309,1170.16,0,0,29.000(36.250%)(0.964m),48.000(42.353%)(3.000m),85.854(75.754%)(7.056m),29.000(25.588%)(0.964m),16.837(21.047%)(0.000m),18.000(45.000%)(0.857m),11.810(29.526%)(0.194m),0.000,3021.723,70.8,0.5996,"[0.091, 0.625, 0.518, 0.063, 0.824, 0.523]","[2.742, 3.079, 2.433, 2.729, 3.184, 2.516]","[-5.726, -5.260, -4.781, -5.391, -4.985, -5.160]"
715,1,-5.7872,-1.3448,0.320,485,1258,165,14,0.239,70,0.28,18358,935.50,0,0,18.700(23.375%)(0.000m),25.000(22.059%)(0.536m),21.000(18.529%)(0.107m),38.000(33.530%)(1.929m),35.000(43.750%)(1.607m),13.182(32.956%)(0.341m),28.000(70.000%)(1.929m),910.309,5962.234,60.0,0.5807,"[0.581, 1.065, 0.579, 0.557, 1.216, 0.442]","[2.808, 2.826, 2.736, 2.815, 3.124, 2.572]","[-5.488, -5.328, -4.564, -5.275, -5.541, -4.753]"
716,1,1.5217,-1.2683,0.316,658,1985,112,73,0.239,95,0.28,18424,1398.68,0,0,12.000(15.000%)(0.000m),19.000(16.765%)(0.000m),70.000(61.765%)(5.357m),45.789(40.402%)(2.763m),21.794(27.242%)(0.192m),23.000(57.500%)(1.393m),15.370(38.424%)(0.575m),533.866,3359.764,69.8,0.7141,"[0.283, 0.664, 0.379, 0.314, 0.893, 0.371]","[2.276, 3.114, 2.485, 2.229, 3.228, 2.562]","[-5.329, -6.019, -6.937, -4.657, -5.180, -5.803]"
717,1,-2.0460,-1.2652,0.291,779,2250,199,141,0.238,95,0.28,18502,1497.86,0,0,13.000(16.250%)(0.000m),29.883(26.367%)(1.059m),62.000(54.706%)(4.500m),43.000(37.941%)(2.464m),18.000(22.500%)(0.000m),9.699(24.248%)(0.000m),11.000(27.500%)(0.107m),383.107,3646.908,66.8,0.5940,"[0.432, 0.777, 0.362, 0.498, 0.996, 0.344]","[2.057, 2.678, 2.390, 2.074, 2.895, 2.433]","[-3.486, -4.666, -5.471, -3.422, -4.947, -4.970]"
718,1,-2.2410,-1.2550,0.358,136,381,15,0,0.238,40,0.28,18516,343.38,0,0,43.000(53.750%)(2.464m),63.000(55.588%)(4.607m),40.999(36.176%)(2.250m),18.776(16.567%)(0.000m),10.817(13.522%)(0.000m),40.000(100.000%)(3.214m),10.051(25.129%)(0.006m),928.216,3381.141,64.9,1.0967,"[0.006, 0.679, 0.985, 0.089, 0.900, 1.041]","[2.474, 3.204, 2.808, 2.517, 3.447, 2.955]","[-6.169, -5.846, -5.516, -5.710, -5.957, -5.466]"
719,1,-1.1819,-1.2597,0.329,171,495,14,9,0.238,45,0.28,18534,377.93,0,0,12.589(15.737%)(0.000m),26.027(22.965%)(0.646m),74.000(65.294%)(5.786m),49.000(43.235%)(3.107m),29.000(36.250%)(0.964m),9.822(24.555%)(0.000m),25.000(62.500%)(1.607m),648.600,3025.419,67.0,0.8407,"[0.914, 0.897, 0.518, 0.975, 1.127, 0.455]","[2.515, 3.230, 2.681, 2.522, 3.627, 2.880]","[-4.253, -4.911, -5.116, -3.627, -4.807, -4.543]"
720,1,-0.2409,-1.1427,0.316,228,672,18,9,0.237,55,0.28,18557,454.40,0,0,34.000(42.500%)(1.500m),48.000(42.353%)(3.000m),70.334(62.060%)(5.393m),24.316(21.455%)(0.462m),12.114(15.142%)(0.000m),21.000(52.500%)(1.179m),9.695(24.238%)(0.000m),566.388,2792.516,68.2,0.7524,"[0.109, 1.000, 0.992, 0.111, 1.198, 1.032]","[2.508, 3.203, 2.553, 2.531, 3.318, 2.779]","[-5.400, -5.281, -5.204, -4.906, -4.938, -4.790]"
721,1,0.9758,-1.1335,0.315,296,890,9,21,0.237,65,0.28,18587,596.40,0,0,25.000(31.250%)(0.536m),14.000(12.353%)(0.000m),21.000(18.529%)(0.107m),50.213(44.305%)(3.237m),23.950(29.937%)(0.423m),24.000(60.000%)(1.500m),16.909(42.273%)(0.740m),613.671,2846.991,69.6,0.5902,"[0.322, 0.838, 0.595, 0.428, 1.044, 0.572]","[2.754, 3.270, 2.679, 2.714, 3.449, 2.731]","[-7.574, -7.017, -6.739, -6.973, -6.705, -6.012]"
722,1,-1.7926,-1.1359,0.334,200,530,22,17,0.236,45,0.28,18607,420.56,0,0,11.196(13.995%)(0.000m),20.294(17.907%)(0.032m),49.392(43.581%)(3.149m),45.000(39.706%)(2.679m),27.000(33.750%)(0.750m),9.904(24.759%)(0.000m),33.000(82.500%)(2.464m),538.196,3302.597,61.3,0.7978,"[0.897, 0.949, 0.798, 0.796, 1.156, 0.792]","[2.399, 3.042, 2.621, 2.379, 3.339, 2.693]","[-5.213, -5.094, -5.324, -5.284, -5.028, -5.020]"
723,1,2.2718,-1.0287,0.283,272,787,22,0,0.236,60,0.28,18635,625.11,0,0,36.000(45.000%)(1.714m),64.000(56.471%)(4.714m),45.616(40.250%)(2.745m),19.855(17.519%)(0.000m),11.200(14.000%)(0.000m),27.000(67.500%)(1.821m),10.154(25.386%)(0.017m),1033.217,3208.747,66.9,0.8892,"[0.611, 1.243, 1.170, 0.653, 1.543, 1.241]","[2.624, 3.062, 2.516, 2.479, 3.293, 2.634]","[-5.655, -5.326, -5.604, -5.171, -5.418, -5.300]"
724,1,12.0581,-0.7310,0.335,761,2300,197,161,0.235,100,0.41,18712,1663.25,1,1,15.000(18.750%)(0.000m),34.000(30.000%)(1.500m),61.000(53.824%)(4.393m),36.000(31.765%)(1.714m),20.742(25.928%)(0.080m),10.000(25.000%)(0.000m),13.000(32.500%)(0.321m),257.196,2963.504,70.0,0.7570,"[0.323, 0.862, 0.524, 0.371, 1.025, 0.450]","[2.272, 3.041, 2.674, 2.414, 3.127, 2.767]","[-4.313, -4.078, -4.851, -4.427, -4.252, -4.630]"
725,1,-3.4258,-0.8278,0.387,232,670,13,42,0.235,55,0.41,18736,461.33,0,0,26.000(32.500%)(0.643m),52.000(45.882%)(3.429m),45.861(40.466%)(2.771m),19.962(17.614%)(0.000m),11.260(14.075%)(0.000m),21.000(52.500%)(1.179m),10.209(25.522%)(0.022m),622.359,2956.416,66.9,0.6912,"[0.668, 1.032, 0.954, 0.763, 1.275, 1.074]","[2.429, 2.962, 2.312, 2.542, 3.222, 2.533]","[-5.574, -5.129, -5.271, -5.071, -5.237, -4.944]"
726,1,-2.2685,-0.8545,0.431,320,928,25,24,0.234,65,0.41,18768,667.27,0,0,24.000(30.000%)(0.429m),29.000(25.588%)(0.964m),62.000(54.706%)(4.500m),46.305(40.858%)(2.818m),22.003(27.504%)(0.215m),25.000(62.500%)(1.607m),15.503(38.757%)(0.590m),113.632,3237.926,67.1,0.6845,"[0.346, 0.602, 0.441, 0.397, 0.698, 0.517]","[2.471, 3.056, 2.477, 2.546, 3.184, 2.672]","[-3.595, -4.607, -4.990, -3.617, -5.177, -4.706]"
727,1,-1.8975,-0.9021,0.380,335,1008,19,99,0.234,70,0.41,18802,659.57,0,0,15.000(18.750%)(0.000m),54.000(47.647%)(3.643m),52.000(45.882%)(3.429m),34.000(30.000%)(1.500m),23.000(28.750%)(0.321m),11.000(27.500%)(0.107m),21.028(52.571%)(1.182m),142.586,2671.940,69.6,0.6719,"[0.393, 0.837, 0.796, 0.265, 1.082, 0.756]","[2.539, 3.192, 2.686, 2.438, 3.575, 2.792]","[-4.755, -3.647, -1.754, -4.579, -3.439, -2.124]"
728,1,0.3972,-0.8967,0.274,357,1042,70,43,0.233,70,0.41,18838,674.32,0,0,14.252(17.815%)(0.000m),31.006(27.359%)(1.179m),72.000(63.530%)(5.571m),27.000(23.824%)(0.750m),11.000(13.750%)(0.000m),9.970(24.924%)(0.000m),10.000(25.000%)(0.000m),369.640,2884.422,67.5,0.6265,"[0.903, 1.113, 0.134, 0.899, 1.285, 0.108]","[2.518, 3.487, 2.848, 2.435, 3.531, 2.780]","[-5.872, -6.444, -5.340, -5.263, -5.611, -4.843]"
729,1,-0.2261,-0.8595,0.455,198,591,53,18,0.233,50,0.41,18858,375.71,0,0,13.644(17.055%)(0.000m),29.893(26.376%)(1.060m),74.000(65.294%)(5.786m),39.000(34.412%)(2.036m),26.000(32.500%)(0.643m),9.627(24.068%)(0.000m),26.000(65.000%)(1.714m),284.348,2691.755,69.1,0.7049,"[0.746, 0.863, -0.473, 0.805, 0.976, -0.597]","[2.587, 3.498, 3.112, 2.756, 3.698, 3.210]","[-3.505, -4.643, -5.571, -3.803, -4.585, -5.156]"
730,1,0.5801,-0.8640,0.316,402,1153,61,62,0.232,75,0.41,18899,765.48,0,0,20.635(25.794%)(0.068m),35.000(30.882%)(1.607m),60.000(52.941%)(4.286m),54.000(47.647%)(3.643m),26.000(32.500%)(0.643m),14.533(36.333%)(0.486m),11.000(27.500%)(0.107m),111.417,3104.119,66.4,0.6193,"[1.018, 1.306, 0.801, 1.049, 1.516, 0.701]","[2.472, 3.423, 2.759, 2.381, 3.433, 2.673]","[-1.635, -3.306, -4.424, -1.380, -3.279, -4.223]"
731,1,11.1733,-0.5999,0.320,703,2191,99,127,0.232,100,0.55,18970,1353.42,1,1,16.837(21.046%)(0.000m),36.128(31.878%)(1.728m),65.000(57.353%)(4.821m),41.840(36.918%)(2.340m),21.140(26.425%)(0.122m),11.801(29.503%)(0.193m),17.000(42.500%)(0.750m),458.782,2636.254,72.1,0.5884,"[0.269, 0.501, 0.000, 0.329, 0.698, 0.062]","[1.967, 3.043, 2.573, 2.075, 3.085, 2.648]","[-4.789, -5.054, -5.436, -4.753, -4.575, -4.622]"
732,1,1.5715,-0.5346,0.300,344,1031,31,43,0.231,70,0.55,19005,677.99,0,0,29.000(36.250%)(0.964m),44.000(38.824%)(2.571m),57.000(50.294%)(3.964m),45.360(40.024%)(2.717m),19.000(23.750%)(0.000m),23.000(57.500%)(1.393m),11.000(27.500%)(0.107m),544.146,3234.115,69.4,0.5782,"[0.143, 0.645, 0.532, 0.169, 0.879, 0.591]","[2.106, 2.925, 2.538, 2.154, 3.129, 2.584]","[-3.656, -1.217, -1.760, -3.831, -1.215, -1.976]"
733,1,-1.3444,-0.5373,0.310,121,348,0,9,0.231,35,0.55,19018,249.21,0,0,25.000(31.250%)(0.536m),29.000(25.588%)(0.964m),83.000(73.236%)(6.750m),100.243(88.450%)(8.597m),48.486(60.608%)(3.052m),40.000(100.000%)(3.214m),35.171(87.928%)(2.697m),0.000,2196.127,66.6,0.7796,"[0.853, 0.703, 0.392, 0.902, 0.730, 0.445]","[2.022, 2.969, 2.482, 2.180, 3.114, 2.685]","[-2.477, -4.298, -4.237, -2.072, -4.396, -4.055]"
734,1,-3.7517,-0.5716,0.338,611,1685,224,121,0.231,85,0.54,19080,1256.48,0,0,14.934(18.668%)(0.000m),21.000(18.529%)(0.107m),20.000(17.647%)(0.000m),41.000(36.177%)(2.250m),19.000(23.750%)(0.000m),10.454(26.135%)(0.049m),13.000(32.500%)(0.321m),0.000,2674.516,63.8,0.6495,"[-0.018, 0.081, -0.319, -0.047, 0.084, -0.473]","[2.362, 2.678, 2.444, 2.355, 2.802, 2.486]","[-6.154, -5.657, -5.978, -6.639, -6.466, -6.483]"
735,1,0.0428,-0.5432,0.308,341,1030,75,44,0.230,70,0.54,19115,652.76,0,0,14.804(18.505%)(0.000m),32.043(28.273%)(1.290m),67.000(59.118%)(5.036m),45.000(39.706%)(2.679m),26.000(32.500%)(0.643m),10.361(25.903%)(0.039m),10.000(25.000%)(0.000m),355.505,2759.619,69.9,0.6001,"[0.164, 0.157, -0.673, 0.253, 0.293, -0.724]","[1.921, 2.775, 2.311, 1.945, 2.906, 2.324]","[-1.221, -3.759, -5.219, -1.513, -4.777, -4.849]"
736,1,-3.1208,-0.4698,0.330,325,937,36,22,0.230,65,0.54,19148,615.74,0,0,25.000(31.250%)(0.536m),25.000(22.059%)(0.536m),60.000(52.941%)(4.286m),48.198(42.528%)(3.021m),23.022(28.777%)(0.324m),27.000(67.500%)(1.821m),16.276(40.691%)(0.672m),0.000,3380.877,66.7,0.6509,"[0.059, 0.237, 0.119, -0.053, 0.396, 0.107]","[2.006, 2.782, 2.607, 2.184, 3.134, 2.559]","[-4.936, -4.982, -5.049, -5.125, -5.097, -4.895]"
737,1,11.1772,-0.1646,0.318,714,2217,202,147,0.229,100,0.68,19220,1388.62,1,1,15.000(18.750%)(0.000m),40.000(35.294%)(2.143m),67.000(59.118%)(5.036m),43.289(38.196%)(2.495m),20.878(26.098%)(0.094m),11.000(27.500%)(0.107m),14.733(36.832%)(0.507m),461.552,2960.736,71.9,0.5824,"[-0.305, 0.179, -0.031, -0.287, 0.380, 0.041]","[2.119, 2.758, 2.059, 2.051, 2.900, 2.235]","[-5.443, -4.539, -6.165, -4.987, -4.536, -5.361]"
738,1,-2.2291,-0.1726,0.327,294,873,34,21,0.229,65,0.68,19250,572.01,0,0,20.487(25.609%)(0.052m),30.000(26.471%)(1.071m),69.000(60.883%)(5.250m),88.000(77.647%)(7.286m),32.000(40.000%)(1.286m),14.432(36.079%)(0.475m),21.000(52.500%)(1.179m),96.815,3259.352,68.7,0.6457,"[0.308, 0.376, -0.366, 0.410, 0.519, -0.377]","[1.718, 2.484, 2.011, 1.791, 2.614, 2.190]","[-4.196, -4.266, -5.174, -3.946, -4.035, -5.089]"
739,1,2.7927,-0.0509,0.259,527,1528,70,68,0.228,85,0.68,19303,983.95,0,0,28.000(35.000%)(0.857m),51.000(45.000%)(3.321m),50.515(44.572%)(3.269m),20.756(18.314%)(0.081m),11.451(14.313%)(0.000m),17.000(42.500%)(0.750m),10.129(25.322%)(0.014m),231.086,3351.856,67.1,0.6005,"[-0.085, 0.594, 0.559, -0.104, 0.835, 0.510]","[2.265, 2.933, 2.333, 2.360, 3.103, 2.428]","[-5.421, -5.257, -5.091, -5.417, -5.064, -5.347]"
740,1,-1.0060,-0.0559,0.291,459,1367,103,92,0.228,80,0.68,19349,890.51,0,0,20.000(25.000%)(0.000m),41.000(36.177%)(2.250m),53.372(47.093%)(3.576m),21.242(18.743%)(0.133m),11.585(14.481%)(0.000m),14.000(35.000%)(0.429m),10.121(25.303%)(0.013m),459.443,3873.386,68.9,0.6015,"[-0.039, 0.747, 0.496, -0.092, 0.912, 0.555]","[2.209, 2.943, 2.231, 2.334, 2.911, 2.319]","[-6.150, -5.596, -5.719, -5.568, -5.163, -5.675]"
741,1,-2.0922,-0.0988,0.351,241,597,16,0,0.227,50,0.67,19374,465.73,0,0,12.628(15.785%)(0.000m),26.108(23.037%)(0.654m),61.000(53.824%)(4.393m),52.000(45.882%)(3.429m),39.000(48.750%)(2.036m),9.853(24.632%)(0.000m),40.000(100.000%)(3.214m),1162.061,4523.726,57.4,0.6235,"[1.458, 1.378, 0.637, 1.444, 1.515, 0.609]","[2.842, 3.319, 2.703, 2.763, 3.378, 2.715]","[-6.851, -6.254, -5.730, -6.365, -5.368, -5.620]"
742,1,1.8256,-0.0740,0.332,360,1075,2,82,0.227,70,0.67,19410,691.15,0,0,25.000(31.250%)(0.536m),48.000(42.353%)(3.000m),98.705(87.093%)(8.433m),49.890(44.021%)(3.202m),23.775(29.719%)(0.404m),18.000(45.000%)(0.857m),15.000(37.500%)(0.536m),817.607,3270.758,69.1,0.5562,"[0.989, 1.082, 0.613, 1.011, 1.308, 0.665]","[2.540, 3.242, 2.541, 2.485, 3.434, 2.744]","[-2.956, -3.327, -5.136, -2.899, -3.784, -4.929]"
743,1,-0.6895,-0.0831,0.405,280,844,79,24,0.226,65,0.67,19438,535.61,0,0,28.000(35.000%)(0.857m),21.000(18.529%)(0.107m),20.000(17.647%)(0.000m),20.000(17.647%)(0.000m),18.088(22.610%)(0.000m),22.000(55.000%)(1.286m),12.700(31.751%)(0.289m),0.000,2327.834,69.8,0.6660,"[0.232, 0.686, 0.564, 0.234, 0.836, 0.525]","[2.412, 3.177, 2.527, 2.485, 3.293, 2.561]","[-6.933, -5.158, -6.480, -6.417, -5.024, -6.167]"
744,1,-2.9183,-0.0965,0.357,161,449,14,0,0.226,40,0.67,19455,312.52,0,0,12.445(15.557%)(0.000m),25.730(22.703%)(0.614m),70.974(62.624%)(5.462m),48.000(42.353%)(3.000m),32.000(40.000%)(1.286m),9.710(24.275%)(0.000m),40.000(100.000%)(3.214m),433.743,3319.310,64.5,0.7513,"[0.407, 0.487, -0.199, 0.414, 0.583, -0.202]","[2.154, 2.921, 2.514, 2.139, 3.104, 2.637]","[-5.598, -5.193, -5.707, -5.072, -5.239, -5.417]"
745,1,-3.5352,-0.2081,0.385,557,1579,147,98,0.225,85,0.67,19511,1038.18,0,0,21.907(27.383%)(0.204m),20.000(17.647%)(0.000m),20.000(17.647%)(0.000m),21.000(18.529%)(0.107m),16.000(20.000%)(0.000m),15.505(38.762%)(0.590m),12.000(30.000%)(0.214m),0.000,3048.232,65.6,0.6105,"[0.132, 0.395, 0.043, 0.166, 0.459, -0.124]","[2.571, 3.306, 2.505, 2.696, 3.489, 2.625]","[-5.861, -5.030, -5.836, -6.232, -5.138, -6.214]"
746,1,1.6377,-0.1455,0.384,545,1553,35,117,0.225,85,0.67,19566,1073.02,0,0,24.000(30.000%)(0.429m),28.000(24.706%)(0.857m),75.000(66.177%)(5.893m),24.000(21.177%)(0.429m),19.083(23.854%)(0.000m),22.000(55.000%)(1.286m),13.407(33.517%)(0.365m),0.000,2854.577,65.9,0.6322,"[0.414, 0.753, 0.438, 0.503, 0.869, 0.332]","[2.783, 3.384, 2.664, 2.996, 3.649, 2.717]","[-6.136, -5.427, -5.681, -4.767, -4.602, -5.786]"
747,1,-3.1210,-0.1812,0.343,480,1428,133,107,0.225,80,0.67,19614,1003.04,0,0,17.364(21.705%)(0.000m),21.000(18.529%)(0.107m),46.000(40.588%)(2.786m),33.000(29.118%)(1.393m),16.000(20.000%)(0.000m),12.175(30.439%)(0.233m),12.000(30.000%)(0.214m),0.000,2368.511,68.8,0.6978,"[-0.288, -0.125, -0.657, -0.251, -0.028, -0.794]","[2.448, 3.045, 2.541, 2.468, 3.439, 2.602]","[-6.541, -5.548, -5.292, -5.483, -4.653, -5.038]"
748,1,-2.7861,-0.2330,0.299,606,1859,146,83,0.224,95,0.67,19675,1185.91,0,0,26.000(32.500%)(0.643m),54.000(47.647%)(3.643m),20.000(17.647%)(0.000m),20.000(17.647%)(0.000m),14.673(18.341%)(0.000m),16.000(40.000%)(0.643m),10.265(25.664%)(0.028m),0.000,2500.114,71.0,0.6352,"[-0.431, 0.091, 0.149, -0.444, 0.268, 0.152]","[2.177, 2.690, 1.979, 2.254, 2.904, 2.081]","[-6.702, -5.770, -5.863, -5.940, -5.159, -5.649]"
749,1,0.0783,-0.2283,0.297,176,516,13,19,0.224,45,0.67,19693,356.83,0,0,11.934(14.918%)(0.000m),23.300(20.559%)(0.354m),60.000(52.941%)(4.286m),45.000(39.706%)(2.679m),27.000(33.750%)(0.750m),9.796(24.490%)(0.000m),23.000(57.500%)(1.393m),314.919,2705.017,67.8,0.7208,"[0.636, 0.775, -0.059, 0.719, 0.832, -0.130]","[2.227, 3.142, 2.260, 2.327, 3.214, 2.369]","[-4.926, -5.267, -4.828, -4.579, -4.847, -4.423]"
750,1,-0.8213,-0.0744,0.350,361,1057,81,43,0.223,70,0.67,19730,662.54,0,0,12.000(15.000%)(0.000m),45.000(39.706%)(2.679m),54.000(47.647%)(3.643m),32.444(28.627%)(1.333m),15.009(18.761%)(0.000m),11.000(27.500%)(0.107m),10.509(26.273%)(0.055m),188.762,3719.089,67.8,0.6251,"[-0.274, 0.702, 0.660, -0.115, 0.817, 0.758]","[1.946, 2.950, 2.269, 2.092, 2.999, 2.452]","[-6.324, -4.336, -5.835, -5.378, -4.671, -5.361]"
751,1,3.7564,-0.0002,0.296,649,2002,119,99,0.223,95,0.67,19795,1268.09,0,0,18.000(22.500%)(0.000m),56.000(49.412%)(3.857m),67.000(59.118%)(5.036m),41.450(36.574%)(2.298m),19.566(24.458%)(0.000m),11.000(27.500%)(0.107m),13.759(34.398%)(0.403m),282.148,2691.270,71.4,0.6002,"[0.224, 0.780, 0.561, 0.156, 0.985, 0.643]","[2.336, 2.878, 2.399, 2.311, 3.122, 2.606]","[-4.844, -2.236, -5.270, -4.643, -2.419, -5.123]"
752,1,-1.6120,0.0542,0.388,394,1072,198,19,0.222,70,0.66,19835,726.39,0,0,20.394(25.493%)(0.042m),30.000(26.471%)(1.071m),49.000(43.235%)(3.107m),40.000(35.294%)(2.143m),33.000(41.250%)(1.393m),14.460(36.149%)(0.478m),29.000(72.500%)(2.036m),56.250,3634.034,63.0,0.5805,"[0.979, 1.017, 0.202, 0.959, 1.139, 0.108]","[2.384, 2.967, 2.430, 2.539, 3.093, 2.641]","[-3.971, -4.352, -4.901, -3.692, -4.169, -4.781]"
753,1,-2.4523,0.0056,0.352,657,1775,126,121,0.222,85,0.66,19901,1304.38,0,0,26.000(32.500%)(0.643m),39.000(34.412%)(2.036m),21.000(18.529%)(0.107m),20.000(17.647%)(0.000m),17.537(21.921%)(0.000m),21.000(52.500%)(1.179m),12.308(30.770%)(0.247m),0.000,3686.149,62.5,0.6348,"[0.272, 0.525, 0.467, 0.189, 0.686, 0.380]","[2.371, 3.149, 2.888, 2.387, 3.287, 3.117]","[-6.682, -6.945, -7.413, -6.418, -5.883, -7.039]"
754,1,11.7469,0.2705,0.336,710,2209,267,133,0.221,100,0.80,19972,1343.59,1,1,19.000(23.750%)(0.000m),43.961(38.789%)(2.567m),58.000(51.177%)(4.071m),31.110(27.450%)(1.190m),14.371(17.964%)(0.000m),13.000(32.500%)(0.321m),10.060(25.151%)(0.006m),128.724,2974.178,72.0,0.5638,"[0.125, 0.731, 0.706, 0.073, 0.999, 0.806]","[2.484, 3.129, 2.690, 2.639, 3.427, 2.689]","[-5.638, -4.312, -4.661, -5.142, -3.788, -4.770]"
755,1,7.8534,0.3649,0.387,919,2616,237,214,0.221,100,0.93,20064,1754.34,2,1,18.125(22.656%)(0.000m),37.000(32.647%)(1.821m),55.000(48.530%)(3.750m),40.000(35.294%)(2.143m),17.000(21.250%)(0.000m),12.744(31.861%)(0.294m),12.000(30.000%)(0.214m),219.817,3363.768,65.9,0.5604,"[0.841, 1.024, 0.476, 0.851, 1.158, 0.479]","[2.746, 3.565, 2.997, 2.977, 3.727, 3.102]","[-4.281, -4.384, -6.330, -4.337, -4.794, -5.582]"
756,1,-2.3343,0.3996,0.370,398,1094,89,30,0.221,70,0.93,20104,742.52,0,0,29.000(36.250%)(0.964m),45.000(39.706%)(2.679m),22.000(19.412%)(0.214m),15.000(13.235%)(0.000m),18.860(23.575%)(0.000m),27.000(67.500%)(1.821m),13.254(33.134%)(0.349m),873.120,4387.882,63.6,0.5374,"[0.589, 0.972, 0.870, 0.573, 1.193, 0.839]","[2.673, 3.390, 2.817, 2.509, 3.508, 2.972]","[-5.078, -7.198, -7.535, -5.064, -6.235, -8.021]"
757,1,-1.9488,0.1702,0.329,135,391,11,0,0.220,40,0.92,20118,260.55,0,0,37.000(46.250%)(1.821m),53.000(46.765%)(3.536m),62.120(54.812%)(4.513m),22.537(19.885%)(0.272m),11.698(14.622%)(0.000m),40.000(100.000%)(3.214m),9.723(24.307%)(0.000m),520.167,3010.790,67.0,0.7138,"[-0.069, 0.595, 0.733, 0.131, 0.738, 0.605]","[2.086, 3.182, 2.300, 2.278, 3.402, 2.324]","[-5.579, -5.094, -4.678, -5.038, -4.915, -4.851]"
758,1,1.0144,0.1867,0.295,398,1077,181,13,0.220,70,0.92,20158,736.29,0,0,17.061(21.327%)(0.000m),19.000(16.765%)(0.000m),30.000(26.471%)(1.071m),46.000(40.588%)(2.786m),33.000(41.250%)(1.393m),11.961(29.902%)(0.210m),29.000(72.500%)(2.036m),0.000,3247.947,62.6,0.6049,"[0.716, 0.722, 0.057, 0.786, 0.822, -0.019]","[2.687, 3.048, 2.430, 2.791, 3.196, 2.395]","[-7.831, -5.899, -4.722, -6.950, -5.715, -4.434]"
759,1,-2.5732,0.1699,0.254,326,894,33,30,0.219,65,0.92,20191,611.89,0,0,11.611(14.513%)(0.000m),22.083(19.485%)(0.223m),59.000(52.059%)(4.179m),36.000(31.765%)(1.714m),24.000(30.000%)(0.429m),9.772(24.431%)(0.000m),25.000(62.500%)(1.607m),369.390,3266.846,63.4,0.5584,"[0.637, 0.838, 0.442, 0.722, 1.025, 0.338]","[2.419, 3.056, 2.521, 2.396, 3.166, 2.525]","[-5.555, -4.153, -5.501, -5.330, -4.587, -5.459]"
760,1,-1.4405,0.1124,0.236,306,895,28,31,0.219,65,0.92,20222,566.82,0,0,29.000(36.250%)(0.964m),50.000(44.118%)(3.214m),20.000(17.647%)(0.000m),20.000(17.647%)(0.000m),25.000(31.250%)(0.536m),23.000(57.500%)(1.393m),18.241(45.604%)(0.883m),0.000,2323.849,67.7,0.5452,"[0.122, 0.628, 0.613, 0.089, 0.674, 0.557]","[2.164, 2.900, 2.244, 2.247, 3.079, 2.423]","[-4.869, -4.717, -4.971, -5.102, -5.681, -5.440]"
761,1,0.3075,0.1484,0.321,302,912,6,64,0.218,65,0.92,20253,663.12,0,0,12.000(15.000%)(0.000m),21.000(18.529%)(0.107m),53.000(46.765%)(3.536m),38.000(33.530%)(1.929m),24.020(30.025%)(0.431m),21.000(52.500%)(1.179m),16.958(42.394%)(0.745m),327.727,2678.734,69.9,0.7539,"[0.130, 0.532, 0.401, 0.287, 0.772, 0.418]","[2.118, 2.833, 2.442, 2.297, 3.133, 2.526]","[-6.604, -5.885, -5.850, -4.821, -4.091, -5.450]"
762,1,0.1363,0.2707,0.351,374,1059,129,17,0.218,70,0.92,20291,716.74,0,0,12.000(15.000%)(0.000m),23.000(20.294%)(0.321m),69.000(60.883%)(5.250m),44.947(39.659%)(2.673m),21.455(26.818%)(0.156m),11.000(27.500%)(0.107m),15.154(37.886%)(0.552m),504.925,4019.296,65.6,0.6272,"[0.389, 1.124, 0.753, 0.432, 1.304, 0.796]","[2.154, 2.932, 2.426, 2.125, 3.242, 2.497]","[-6.959, -6.292, -6.816, -5.496, -5.528, -6.416]"
763,1,-3.2751,0.2235,0.390,222,622,52,26,0.218,50,0.92,20314,418.39,0,0,41.000(51.250%)(2.250m),77.000(67.941%)(6.107m),98.911(87.275%)(8.455m),31.375(27.684%)(1.219m),14.441(18.051%)(0.000m),14.000(35.000%)(0.429m),10.103(25.259%)(0.011m),1752.851,4061.526,64.9,0.5549,"[0.095, 1.015, 1.117, 0.201, 1.166, 1.174]","[2.756, 3.256, 2.808, 2.694, 3.403, 2.858]","[-6.141, -3.756, -1.558, -5.466, -3.665, -1.041]"
764,1,-2.4060,0.1271,0.337,326,937,152,10,0.217,65,0.92,20347,593.22,0,0,38.000(47.500%)(1.929m),79.000(69.706%)(6.321m),26.000(22.941%)(0.643m),19.000(16.765%)(0.000m),19.018(23.772%)(0.000m),25.000(62.500%)(1.607m),13.360(33.399%)(0.360m),0.000,3265.410,66.5,0.6457,"[-0.156, 0.672, 0.808, -0.156, 0.988, 0.928]","[2.316, 2.909, 2.742, 2.330, 3.142, 2.814]","[-5.599, -6.820, -6.707, -5.256, -5.177, -5.855]"
765,1,-0.5677,0.2315,0.372,351,1033,14,65,0.217,70,0.92,20383,684.66,0,0,12.000(15.000%)(0.000m),42.000(37.059%)(2.357m),45.000(39.706%)(2.679m),30.000(26.471%)(1.071m),22.000(27.500%)(0.214m),11.000(27.500%)(0.107m),19.722(49.305%)(1.042m),47.033,2491.767,68.1,0.6459,"[0.675, 1.004, 0.850, 0.682, 1.211, 0.800]","[2.562, 3.181, 2.526, 2.599, 3.360, 2.488]","[-4.609, -4.685, -2.729, -4.257, -3.785, -2.427]"
766,1,2.7378,0.2558,0.296,427,1181,106,45,0.216,75,0.91,20426,884.87,0,0,15.090(18.862%)(0.000m),32.104(28.327%)(1.297m),67.000(59.118%)(5.036m),48.000(42.353%)(3.000m),11.000(13.750%)(0.000m),10.601(26.504%)(0.064m),11.000(27.500%)(0.107m),306.777,4124.731,64.0,0.7268,"[0.902, 1.258, 0.025, 1.059, 1.387, -0.109]","[2.286, 3.158, 2.626, 2.382, 3.175, 2.655]","[-2.697, -1.883, -4.726, -2.757, -2.736, -5.124]"
767,1,-1.3595,0.2695,0.410,193,542,18,4,0.216,50,0.91,20446,370.36,0,0,31.000(38.750%)(1.179m),50.000(44.118%)(3.214m),49.737(43.886%)(3.186m),20.436(18.032%)(0.047m),11.274(14.093%)(0.000m),25.000(62.500%)(1.607m),9.973(24.932%)(0.000m),637.337,3086.824,65.0,0.6835,"[0.526, 1.286, 1.261, 0.580, 1.474, 1.359]","[2.550, 2.899, 2.643, 2.688, 3.087, 2.726]","[-6.090, -5.399, -6.164, -5.484, -5.576, -6.224]"
768,1,0.6266,0.3269,0.245,347,1038,69,46,0.215,70,0.91,20481,687.08,0,0,21.317(26.647%)(0.141m),38.000(33.530%)(1.929m),67.000(59.118%)(5.036m),48.000(42.353%)(3.000m),18.000(22.500%)(0.000m),15.072(37.681%)(0.543m),10.000(25.000%)(0.000m),278.943,2839.168,69.2,0.6539,"[0.754, 0.859, 0.212, 0.828, 1.026, 0.116]","[2.375, 3.254, 2.575, 2.482, 3.386, 2.826]","[-1.034, -1.291, -4.568, -1.135, -2.123, -4.471]"
769,1,2.5626,0.4018,0.396,307,935,4,22,0.215,65,0.91,20512,577.78,0,0,24.092(30.115%)(0.438m),50.522(44.578%)(3.270m),80.000(70.588%)(6.429m),17.000(15.000%)(0.000m),11.000(13.750%)(0.000m),17.010(42.525%)(0.751m),11.000(27.500%)(0.107m),517.393,2752.623,70.5,0.6522,"[0.263, 0.487, 0.394, 0.477, 0.753, 0.192]","[2.225, 3.043, 2.665, 2.256, 3.258, 2.809]","[-6.850, -6.855, -6.763, -5.440, -5.944, -6.501]"
770,1,13.4206,0.6750,0.320,769,2317,114,175,0.214,100,1.04,20589,1651.20,1,1,21.000(26.250%)(0.107m),41.000(36.177%)(2.250m),50.000(44.118%)(3.214m),37.000(32.647%)(1.821m),19.261(24.076%)(0.000m),13.000(32.500%)(0.321m),13.544(33.861%)(0.380m),199.939,2661.272,69.7,0.6993,"[0.419, 0.864, 0.603, 0.404, 1.020, 0.684]","[2.255, 3.036, 2.724, 2.365, 3.094, 2.672]","[-4.683, -2.176, -3.011, -4.795, -2.532, -2.725]"
771,1,-2.0263,0.6149,0.399,210,546,16,14,0.214,45,1.04,20610,398.47,0,0,10.663(13.329%)(0.000m),17.469(15.414%)(0.000m),33.748(29.778%)(1.473m),46.000(40.588%)(2.786m),28.000(35.000%)(0.857m),10.663(26.658%)(0.071m),40.000(100.000%)(3.214m),609.499,3627.068,60.2,0.5540,"[1.021, 1.067, 0.710, 1.060, 1.227, 0.705]","[2.552, 2.980, 2.391, 2.554, 3.250, 2.548]","[-5.277, -5.116, -5.450, -5.668, -5.199, -5.536]"
772,1,-0.4773,0.6412,0.319,374,1097,11,104,0.214,70,1.04,20648,709.90,0,0,26.000(32.500%)(0.643m),55.000(48.530%)(3.750m),71.000(62.647%)(5.464m),48.000(42.353%)(3.000m),23.214(29.017%)(0.344m),12.000(30.000%)(0.214m),16.430(41.075%)(0.689m),495.464,3075.196,67.9,0.6160,"[0.615, 1.002, 0.842, 0.551, 1.282, 0.908]","[2.399, 3.060, 2.595, 2.387, 3.340, 2.752]","[-3.211, -0.921, -1.463, -3.583, -0.583, -1.457]"
773,1,-0.7400,0.5810,0.251,309,956,38,42,0.213,70,1.03,20679,650.65,0,0,12.000(15.000%)(0.000m),72.000(63.530%)(5.571m),46.000(40.588%)(2.786m),32.000(28.235%)(1.286m),21.506(26.883%)(0.161m),11.000(27.500%)(0.107m),15.143(37.858%)(0.551m),23.597,2625.435,71.6,0.7713,"[0.046, 0.728, 0.703, 0.054, 0.924, 0.808]","[2.776, 3.299, 2.647, 2.689, 3.632, 2.947]","[-5.763, -4.966, -1.489, -5.091, -4.547, -1.671]"
774,1,2.8526,0.3969,0.289,398,1121,17,37,0.213,70,1.03,20719,738.24,0,0,12.000(15.000%)(0.000m),36.000(31.765%)(1.714m),51.000(45.000%)(3.321m),39.000(34.412%)(2.036m),24.327(30.409%)(0.464m),11.000(27.500%)(0.107m),17.256(43.140%)(0.777m),378.989,3691.859,65.2,0.6005,"[0.573, 1.146, 1.034, 0.497, 1.405, 1.098]","[2.748, 3.335, 2.838, 2.777, 3.488, 2.937]","[-3.401, -4.870, -5.887, -3.318, -4.274, -5.259]"
775,1,2.8752,0.5229,0.279,362,1074,6,31,0.212,70,1.03,20756,692.61,0,0,30.000(37.500%)(1.071m),58.000(51.177%)(4.071m),92.000(81.177%)(7.714m),53.154(46.901%)(3.552m),25.457(31.821%)(0.585m),25.000(62.500%)(1.607m),12.000(30.000%)(0.214m),1143.692,3400.658,68.7,0.6066,"[1.031, 1.347, 0.930, 0.992, 1.548, 0.982]","[2.669, 3.291, 2.605, 2.602, 3.451, 2.720]","[-1.645, 0.040, -3.862, -1.907, -0.311, -4.176]"
776,1,-0.5893,0.5565,0.411,348,1020,12,68,0.212,70,1.03,20791,653.96,0,0,12.000(15.000%)(0.000m),43.000(37.941%)(2.464m),60.000(52.941%)(4.286m),50.000(44.118%)(3.214m),25.112(31.389%)(0.548m),11.000(27.500%)(0.107m),17.758(44.395%)(0.831m),523.938,2807.568,67.8,0.5448,"[0.976, 0.972, 0.648, 0.955, 1.135, 0.717]","[2.641, 3.306, 2.607, 2.707, 3.500, 2.798]","[-1.658, -4.269, -5.904, -1.951, -4.540, -5.295]"
777,1,2.6189,0.6468,0.329,374,1149,13,72,0.211,75,1.03,20829,773.93,0,0,10.208(12.760%)(0.000m),15.413(13.600%)(0.000m),25.848(22.808%)(0.627m),48.000(42.353%)(3.000m),27.000(33.750%)(0.750m),11.541(28.852%)(0.165m),20.000(50.000%)(1.071m),552.449,2647.028,71.1,0.7068,"[0.294, 0.395, 0.084, 0.308, 0.541, 0.047]","[2.375, 2.967, 2.478, 2.327, 3.116, 2.574]","[-5.955, -5.163, -5.932, -5.594, -4.910, -5.621]"
778,1,0.3165,0.6452,0.326,311,935,50,36,0.211,65,1.03,20861,583.16,0,0,13.000(16.250%)(0.000m),27.000(23.824%)(0.750m),79.000(69.706%)(6.321m),48.026(42.376%)(3.003m),22.852(28.565%)(0.306m),10.000(25.000%)(0.000m),16.124(40.311%)(0.656m),594.873,2843.556,69.6,0.6257,"[0.775, 0.926, 0.347, 0.835, 1.097, 0.490]","[2.438, 2.896, 2.404, 2.405, 3.065, 2.626]","[-4.967, -5.199, -7.246, -4.079, -5.163, -6.766]"
779,1,-0.6423,0.6369,0.289,349,1027,133,30,0.211,70,1.03,20896,674.10,0,0,12.000(15.000%)(0.000m),38.000(33.530%)(1.929m),68.000(60.000%)(5.143m),39.317(34.692%)(2.070m),18.439(23.048%)(0.000m),11.000(27.500%)(0.107m),12.945(32.362%)(0.316m),354.494,3721.236,68.1,0.6518,"[0.362, 1.105, 0.643, 0.282, 1.214, 0.723]","[2.909, 3.033, 2.453, 2.887, 3.193, 2.437]","[-5.163, -3.953, -6.881, -4.836, -4.439, -6.179]"
780,1,-0.2405,0.6205,0.320,679,2017,191,60,0.210,95,1.03,20964,1264.61,0,0,15.000(18.750%)(0.000m),19.000(16.765%)(0.000m),36.000(31.765%)(1.714m),32.025(28.258%)(1.288m),14.925(18.656%)(0.000m),19.000(47.500%)(0.964m),10.460(26.149%)(0.049m),490.751,3008.277,68.7,0.5854,"[-0.312, 0.475, 0.282, -0.437, 0.579, 0.309]","[2.610, 3.340, 2.838, 2.591, 3.521, 2.904]","[-8.896, -7.113, -6.400, -8.001, -6.558, -6.255]"
781,1,-5.3103,0.2908,0.301,422,1136,159,50,0.210,70,1.02,21007,782.77,0,0,15.932(19.915%)(0.000m),21.000(18.529%)(0.107m),16.145(14.246%)(0.000m),11.416(10.073%)(0.000m),8.591(10.738%)(0.000m),11.187(27.967%)(0.127m),12.559(31.397%)(0.274m),12.718,3454.293,62.3,0.6004,"[0.194, 0.319, -0.429, 0.190, 0.444, -0.534]","[2.036, 2.712, 2.291, 1.942, 2.822, 2.426]","[-7.417, -5.479, -6.464, -7.164, -5.713, -6.202]"
782,1,16.1414,0.5822,0.280,763,2307,97,99,0.209,100,1.15,21084,1504.85,1,1,24.000(30.000%)(0.429m),46.000(40.588%)(2.786m),57.000(50.294%)(3.964m),39.887(35.195%)(2.131m),18.970(23.712%)(0.000m),17.000(42.500%)(0.750m),13.357(33.394%)(0.360m),408.593,3049.145,70.0,0.5948,"[-0.006, 0.732, 0.584, 0.027, 0.910, 0.660]","[2.203, 3.031, 2.593, 2.349, 3.142, 2.656]","[-5.631, -2.080, -5.341, -5.074, -2.004, -5.237]"
783,1,-0.8507,0.5921,0.276,220,609,28,14,0.209,50,1.15,21106,434.59,0,0,28.000(35.000%)(0.857m),39.000(34.412%)(2.036m),50.676(44.714%)(3.287m),20.822(18.372%)(0.088m),11.487(14.359%)(0.000m),25.000(62.500%)(1.607m),10.161(25.403%)(0.017m),433.599,3304.673,64.1,0.7409,"[0.775, 1.477, 1.356, 0.687, 1.674, 1.455]","[2.389, 3.208, 2.562, 2.299, 3.291, 2.758]","[-5.280, -5.223, -5.431, -4.885, -4.915, -5.706]"
784,1,-1.6129,0.6349,0.295,228,562,33,0,0.209,45,1.15,21129,435.57,0,0,12.676(15.845%)(0.000m),26.207(23.124%)(0.665m),53.000(46.765%)(3.536m),45.000(39.706%)(2.679m),40.000(50.000%)(2.143m),9.890(24.725%)(0.000m),40.000(100.000%)(3.214m),920.476,4530.099,57.0,0.6843,"[1.323, 0.624, 0.366, 1.306, 0.696, 0.402]","[2.604, 3.288, 2.775, 2.436, 3.396, 2.828]","[-3.636, -5.266, -5.637, -3.301, -4.779, -5.400]"
785,1,0.2165,0.6383,0.346,650,1946,160,66,0.208,95,1.15,21194,1204.51,0,0,26.000(32.500%)(0.643m),59.000(52.059%)(4.179m),38.000(33.530%)(1.929m),29.000(25.588%)(0.964m),17.096(21.370%)(0.000m),19.000(47.500%)(0.964m),12.009(30.023%)(0.215m),8.714,3239.624,69.3,0.5882,"[0.110, 0.981, 1.001, 0.172, 1.185, 1.063]","[2.753, 3.297, 2.720, 2.863, 3.473, 2.802]","[-5.343, -4.637, -1.800, -4.767, -4.306, -2.424]"
786,1,-3.1781,0.6372,0.323,707,1875,219,130,0.208,85,1.15,21265,1386.35,0,0,17.131(21.414%)(0.000m),31.000(27.353%)(1.179m),36.000(31.765%)(1.714m),21.000(18.529%)(0.107m),22.000(27.500%)(0.214m),12.060(30.151%)(0.221m),15.000(37.500%)(0.536m),0.000,3446.526,61.4,0.5848,"[0.549, 0.532, 0.056, 0.574, 0.568, 0.006]","[2.916, 3.589, 2.772, 2.786, 3.740, 2.758]","[-4.591, -5.520, -5.843, -4.485, -5.133, -5.294]"
787,1,0.5447,0.4245,0.376,389,1132,4,71,0.207,75,1.14,21304,770.87,0,0,24.000(30.000%)(0.429m),47.000(41.471%)(2.893m),68.000(60.000%)(5.143m),56.094(49.495%)(3.867m),26.959(33.699%)(0.746m),22.000(55.000%)(1.286m),15.000(37.500%)(0.536m),839.302,3478.599,67.4,0.5980,"[0.967, 1.127, 0.598, 0.945, 1.225, 0.728]","[2.452, 3.343, 2.654, 2.422, 3.374, 2.873]","[-0.946, -1.140, -5.561, -1.239, -1.982, -5.429]"
788,1,-2.3706,0.4217,0.360,203,503,22,0,0.207,45,1.14,21325,387.91,0,0,47.000(58.750%)(2.893m),62.000(54.706%)(4.500m),49.667(43.824%)(3.179m),20.407(18.007%)(0.044m),11.259(14.073%)(0.000m),40.000(100.000%)(3.214m),9.959(24.897%)(0.000m),2013.535,5154.998,57.4,0.5539,"[0.715, 1.505, 1.581, 0.637, 1.694, 1.696]","[2.986, 3.205, 2.639, 2.937, 3.305, 2.753]","[-5.683, -5.131, -5.686, -5.144, -4.777, -5.682]"
789,1,-1.5883,0.3341,0.466,153,441,14,8,0.206,40,1.14,21341,297.71,0,0,10.709(13.386%)(0.000m),17.545(15.481%)(0.000m),33.894(29.906%)(1.489m),56.000(49.412%)(3.857m),30.000(37.500%)(1.071m),10.709(26.773%)(0.076m),28.000(70.000%)(1.929m),684.091,3045.980,66.8,0.7176,"[1.164, 1.229, 0.696, 0.984, 1.332, 0.569]","[2.788, 3.748, 3.035, 2.594, 3.846, 3.101]","[-5.901, -4.917, -5.585, -6.090, -4.887, -5.548]"
790,1,16.9969,0.6941,0.353,828,2435,146,94,0.206,100,1.27,21424,1665.43,1,1,16.942(21.178%)(0.000m),36.372(32.093%)(1.754m),62.000(54.706%)(4.500m),46.433(40.970%)(2.832m),22.041(27.551%)(0.219m),11.876(29.690%)(0.201m),15.526(38.816%)(0.592m),443.397,2856.787,68.1,0.6517,"[0.735, 1.042, 0.370, 0.801, 1.220, 0.355]","[3.082, 3.566, 2.910, 3.019, 3.792, 3.082]","[-3.806, -1.840, -5.306, -3.669, -1.890, -5.061]"
791,1,-0.7803,0.7204,0.305,199,553,34,11,0.206,50,1.26,21444,431.99,0,0,12.603(15.754%)(0.000m),26.464(23.351%)(0.693m),59.000(52.059%)(4.179m),44.000(38.824%)(2.571m),29.000(36.250%)(0.964m),9.708(24.270%)(0.000m),29.000(72.500%)(2.036m),461.744,3017.472,64.3,0.7668,"[1.386, 1.294, -0.158, 1.376, 1.387, -0.133]","[2.467, 3.182, 2.703, 2.450, 3.446, 2.801]","[-2.421, -4.811, -5.532, -2.204, -4.844, -5.150]"
792,1,-1.0235,0.6634,0.332,166,471,16,0,0.205,45,1.26,21461,322.22,0,0,11.222(14.028%)(0.000m),20.342(17.948%)(0.037m),49.506(43.682%)(3.161m),59.000(52.059%)(4.179m),34.000(42.500%)(1.500m),9.927(24.817%)(0.000m),30.000(75.000%)(2.143m),955.716,3290.107,65.6,0.7319,"[1.155, 1.083, 0.367, 1.154, 1.306, 0.327]","[2.642, 3.361, 2.807, 2.587, 3.542, 2.982]","[-5.645, -5.921, -5.712, -5.678, -5.298, -5.853]"
793,1,-1.5573,0.6460,0.313,148,421,12,0,0.205,40,1.26,21476,286.89,0,0,34.000(42.500%)(1.500m),53.000(46.765%)(3.536m),68.256(60.226%)(5.170m),24.776(21.861%)(0.512m),12.343(15.429%)(0.000m),40.000(100.000%)(3.214m),9.879(24.697%)(0.000m),618.525,3109.074,65.8,0.7247,"[0.104, 0.634, 0.856, 0.093, 0.797, 0.816]","[2.744, 3.337, 2.804, 2.744, 3.580, 2.948]","[-6.035, -5.385, -4.301, -5.435, -5.169, -4.651]"
794,1,-0.9851,0.6847,0.308,186,518,14,0,0.204,45,1.26,21495,403.17,0,0,31.000(38.750%)(1.179m),52.000(45.882%)(3.429m),66.353(58.547%)(4.966m),23.634(20.854%)(0.389m),12.106(15.132%)(0.000m),27.000(67.500%)(1.821m),9.937(24.841%)(0.000m),840.161,3293.079,64.5,0.8628,"[0.559, 1.319, 1.232, 0.501, 1.374, 1.285]","[2.518, 3.407, 2.851, 2.511, 3.521, 3.030]","[-5.476, -5.118, -5.023, -5.286, -5.386, -5.335]"
795,1,-0.8027,0.7394,0.354,180,480,21,0,0.204,45,1.26,21513,368.72,0,0,11.200(14.000%)(0.000m),20.301(17.913%)(0.032m),49.408(43.595%)(3.151m),66.000(58.235%)(4.929m),41.000(51.250%)(2.250m),9.907(24.767%)(0.000m),40.000(100.000%)(3.214m),1779.502,4182.761,61.7,0.7544,"[1.183, 1.244, 0.252, 1.150, 1.327, 0.028]","[2.418, 3.393, 2.654, 2.316, 3.466, 2.640]","[-4.807, -5.134, -5.339, -4.834, -5.165, -5.120]"
796,1,-0.3238,0.7001,0.267,204,563,15,24,0.204,50,1.26,21534,414.81,0,0,25.000(31.250%)(0.536m),48.000(42.353%)(3.000m),66.000(58.235%)(4.929m),28.724(25.345%)(0.935m),13.188(16.485%)(0.000m),25.000(62.500%)(1.607m),9.771(24.427%)(0.000m),614.051,3319.397,63.8,0.7116,"[0.276, 0.889, 1.035, 0.307, 1.033, 0.916]","[2.381, 2.860, 2.488, 2.312, 3.008, 2.293]","[-6.604, -5.351, -2.931, -5.590, -5.282, -2.843]"
797,1,0.1287,0.7651,0.249,345,1025,92,46,0.203,70,1.25,21569,798.17,0,0,12.000(15.000%)(0.000m),45.000(39.706%)(2.679m),72.000(63.530%)(5.571m),43.811(38.657%)(2.551m),20.923(26.153%)(0.099m),10.000(25.000%)(0.000m),14.725(36.812%)(0.506m),360.024,2778.484,68.7,0.8743,"[-0.072, 0.589, 0.215, -0.063, 0.712, 0.301]","[2.058, 2.611, 2.179, 2.000, 2.765, 2.188]","[-4.830, -4.150, -5.679, -4.468, -5.141, -5.157]"
798,1,13.6785,1.0944,0.275,1012,2795,99,119,0.203,100,1.38,21671,1956.34,1,1,25.000(31.250%)(0.536m),38.000(33.530%)(1.929m),52.000(45.882%)(3.429m),31.054(27.401%)(1.184m),14.475(18.094%)(0.000m),21.000(52.500%)(1.179m),10.146(25.365%)(0.016m),512.938,3614.167,63.9,0.5880,"[0.195, 0.594, 0.541, 0.159, 0.759, 0.530]","[2.464, 2.773, 2.330, 2.318, 2.908, 2.330]","[-5.218, -3.702, -4.022, -4.958, -4.153, -4.112]"
799,1,-1.9727,1.0534,0.327,148,411,15,0,0.202,40,1.38,21686,283.94,0,0,36.000(45.000%)(1.714m),56.000(49.412%)(3.857m),34.492(30.434%)(1.553m),17.854(15.754%)(0.000m),10.898(13.623%)(0.000m),40.000(100.000%)(3.214m),10.898(27.245%)(0.096m),823.642,3310.916,64.2,0.6286,"[0.316, 0.849, 1.104, 0.241, 1.028, 1.020]","[2.618, 3.112, 2.811, 2.631, 3.305, 2.879]","[-5.786, -5.513, -5.746, -5.217, -5.102, -5.467]"
800,1,-3.7020,0.9958,0.343,193,517,33,0,0.202,45,1.38,21706,395.84,0,0,12.070(15.088%)(0.000m),23.889(21.079%)(0.417m),77.342(68.243%)(6.144m),67.000(59.118%)(5.036m),44.000(55.000%)(2.571m),9.783(24.458%)(0.000m),40.000(100.000%)(3.214m),1339.420,4178.231,62.1,0.5807,"[1.055, 0.911, -0.104, 1.139, 1.127, -0.118]","[2.559, 3.242, 2.856, 2.514, 3.508, 2.834]","[-6.825, -5.953, -5.054, -5.912, -4.973, -4.537]"
801,1,-5.3978,0.8127,0.363,359,1013,133,34,0.202,65,1.37,21742,651.50,0,0,13.144(16.430%)(0.000m),16.657(14.697%)(0.000m),22.362(19.731%)(0.253m),21.000(18.529%)(0.107m),15.091(18.864%)(0.000m),21.811(54.529%)(1.266m),10.569(26.422%)(0.061m),0.000,3240.133,65.3,0.5861,"[-0.688, 0.072, 0.425, -0.685, 0.089, 0.415]","[2.306, 3.180, 2.653, 2.347, 3.311, 2.805]","[-7.526, -6.689, -7.277, -7.519, -5.619, -7.103]"
802,1,-2.1842,0.8013,0.345,838,2442,286,181,0.201,95,1.37,21826,1566.13,0,0,20.000(25.000%)(0.000m),38.000(33.530%)(1.929m),25.971(22.915%)(0.640m),15.486(13.664%)(0.000m),10.257(12.821%)(0.000m),14.000(35.000%)(0.429m),11.595(28.988%)(0.171m),398.845,3773.410,67.4,0.5767,"[0.069, 0.742, 0.358, 0.019, 0.865, 0.404]","[2.706, 2.683, 2.660, 2.738, 3.219, 2.651]","[-5.833, -5.822, -6.509, -5.633, -6.192, -6.271]"
803,1,0.5280,0.8609,0.323,677,2040,268,115,0.201,95,1.37,21894,1253.18,0,0,11.000(13.750%)(0.000m),18.000(15.882%)(0.000m),67.000(59.118%)(5.036m),39.000(34.412%)(2.036m),18.808(23.509%)(0.000m),11.000(27.500%)(0.107m),13.209(33.022%)(0.344m),354.024,3038.469,69.8,0.5667,"[0.471, 1.001, 0.501, 0.441, 1.135, 0.567]","[2.883, 3.634, 3.125, 2.953, 4.026, 3.216]","[-9.834, -7.158, -6.108, -8.730, -5.663, -5.158]"
804,1,-1.0842,0.6042,0.254,345,975,66,75,0.200,65,1.37,21929,677.58,0,0,24.000(30.000%)(0.429m),30.000(26.471%)(1.071m),38.000(33.530%)(1.929m),26.000(22.941%)(0.643m),19.436(24.295%)(0.000m),18.000(45.000%)(0.857m),13.725(34.311%)(0.399m),0.000,2928.951,65.4,0.6236,"[0.164, 0.883, 0.906, 0.102, 0.894, 0.917]","[2.549, 3.557, 3.024, 2.621, 3.788, 3.265]","[-5.203, -4.447, -3.466, -4.491, -4.104, -3.230]"
805,1,-2.1425,0.4043,0.246,139,375,20,0,0.200,35,1.37,21943,265.54,0,0,47.000(58.750%)(2.893m),57.000(50.294%)(3.964m),34.272(30.240%)(1.529m),17.740(15.653%)(0.000m),10.828(13.536%)(0.000m),40.000(100.000%)(3.214m),10.828(27.071%)(0.089m),1112.162,3695.288,62.5,0.7121,"[0.249, 0.781, 0.737, 0.128, 0.809, 0.733]","[2.878, 3.351, 2.933, 2.940, 3.533, 3.048]","[-6.009, -4.830, -5.656, -6.211, -5.665, -5.419]"
806,1,-0.3187,0.4446,0.347,429,1287,22,102,0.200,80,1.36,21986,802.92,0,0,11.322(14.153%)(0.000m),20.761(18.319%)(0.082m),52.164(46.027%)(3.446m),48.000(42.353%)(3.000m),23.000(28.750%)(0.321m),9.892(24.730%)(0.000m),17.000(42.500%)(0.750m),552.449,2653.162,69.4,0.6011,"[0.590, 0.774, 0.176, 0.581, 0.917, 0.132]","[3.052, 3.405, 2.948, 3.026, 3.612, 3.080]","[-4.654, -4.262, -5.420, -4.728, -4.569, -4.945]"
807,1,1.4413,0.5124,0.348,347,1030,9,40,0.199,70,1.36,22021,655.93,0,0,12.000(15.000%)(0.000m),81.729(72.114%)(6.614m),108.000(95.294%)(9.429m),36.000(31.765%)(1.714m),24.000(30.000%)(0.429m),10.000(25.000%)(0.000m),17.327(43.317%)(0.785m),217.920,3533.886,68.7,0.6474,"[0.633, 1.351, 1.197, 0.600, 1.531, 1.272]","[2.687, 3.359, 2.848, 2.623, 3.441, 2.945]","[-4.873, -3.864, -3.369, -4.317, -3.955, -3.672]"
808,1,-1.9863,0.4524,0.281,533,1545,90,76,0.199,85,1.36,22075,1027.43,0,0,23.000(28.750%)(0.321m),35.000(30.882%)(1.607m),54.000(47.647%)(3.643m),22.123(19.520%)(0.227m),11.778(14.723%)(0.000m),13.000(32.500%)(0.321m),10.038(25.095%)(0.004m),437.659,3218.210,67.1,0.6161,"[0.294, 0.747, 0.567, 0.223, 0.882, 0.592]","[2.681, 3.500, 2.710, 2.735, 3.658, 2.905]","[-5.754, -5.290, -4.559, -5.272, -4.880, -4.556]"
809,1,0.4970,0.5138,0.307,401,1086,29,40,0.198,70,1.36,22116,744.20,0,0,28.000(35.000%)(0.857m),22.000(19.412%)(0.214m),49.000(43.235%)(3.107m),50.653(44.694%)(3.284m),24.321(30.402%)(0.463m),26.000(65.000%)(1.714m),17.243(43.107%)(0.776m),739.885,3823.746,62.7,0.5731,"[1.085, 1.245, 0.964, 1.052, 1.434, 0.993]","[2.968, 3.768, 3.147, 3.001, 3.822, 3.148]","[-6.121, -5.977, -5.648, -5.652, -5.955, -5.414]"
810,1,0.9650,0.5619,0.260,366,1066,38,25,0.198,70,1.36,22153,732.61,0,0,11.000(13.750%)(0.000m),48.000(42.353%)(3.000m),61.000(53.824%)(4.393m),45.156(39.843%)(2.695m),21.423(26.779%)(0.152m),11.000(27.500%)(0.107m),15.086(37.715%)(0.545m),651.041,3143.734,67.4,0.6349,"[0.853, 1.309, 1.056, 0.884, 1.532, 1.159]","[3.017, 3.741, 2.965, 3.181, 4.066, 3.293]","[-3.424, -0.258, -4.311, -3.578, -0.549, -4.453]"
811,1,0.9550,0.5749,0.280,307,897,144,8,0.198,65,1.36,22184,563.38,0,0,34.000(42.500%)(1.500m),21.000(18.529%)(0.107m),20.000(17.647%)(0.000m),21.000(18.529%)(0.107m),17.642(22.053%)(0.000m),28.000(70.000%)(1.929m),12.380(30.949%)(0.255m),0.000,2603.575,67.7,0.6398,"[0.029, 0.838, 0.910, -0.084, 0.980, 0.928]","[2.469, 3.230, 2.769, 2.520, 3.518, 2.767]","[-6.137, -4.887, -6.362, -6.297, -5.186, -6.151]"
812,1,-1.6442,0.5393,0.368,315,915,61,13,0.197,65,1.35,22216,592.74,0,0,31.000(38.750%)(1.179m),48.000(42.353%)(3.000m),30.000(26.471%)(1.071m),23.000(20.294%)(0.321m),22.000(27.500%)(0.214m),26.000(65.000%)(1.714m),15.729(39.322%)(0.614m),0.000,2559.125,67.3,0.5553,"[0.180, 0.786, 0.909, 0.185, 0.943, 0.869]","[2.622, 3.304, 2.801, 2.687, 3.524, 2.888]","[-5.488, -5.441, -4.295, -4.732, -5.082, -4.511]"
813,1,5.1166,0.7071,0.308,654,2016,26,120,0.197,95,1.35,22282,1303.37,0,0,22.000(27.500%)(0.214m),50.000(44.118%)(3.214m),58.000(51.177%)(4.071m),41.000(36.177%)(2.250m),25.191(31.488%)(0.556m),11.000(27.500%)(0.107m),17.816(44.541%)(0.837m),289.303,2762.613,71.3,0.6497,"[0.614, 0.955, 0.649, 0.592, 1.149, 0.666]","[2.269, 2.970, 2.506, 2.342, 3.153, 2.509]","[-3.128, -1.855, -4.780, -3.391, -1.993, -4.690]"
814,1,1.6669,0.7886,0.335,316,976,19,81,0.196,70,1.35,22314,587.60,0,0,16.000(20.000%)(0.000m),47.000(41.471%)(2.893m),63.000(55.588%)(4.607m),40.000(35.294%)(2.143m),25.408(31.759%)(0.579m),10.000(25.000%)(0.000m),17.964(44.910%)(0.853m),252.842,2573.322,71.5,0.6235,"[0.607, 1.082, 0.440, 0.681, 1.300, 0.505]","[2.540, 3.199, 2.308, 2.682, 3.449, 2.523]","[-4.456, -1.246, -4.976, -4.580, -1.301, -4.639]"
815,1,-0.6716,0.7865,0.427,123,353,0,13,0.196,35,1.35,22327,245.07,0,0,41.779(52.224%)(2.333m),75.729(66.820%)(5.971m),74.000(65.294%)(5.786m),30.000(26.471%)(1.071m),22.000(27.500%)(0.214m),36.956(92.389%)(2.888m),40.000(100.000%)(3.214m),26.493,2232.504,66.4,0.7452,"[0.788, 1.101, 1.357, 0.713, 1.305, 1.293]","[2.234, 3.103, 2.974, 2.334, 3.374, 3.056]","[-3.205, -3.375, -1.804, -3.550, -2.572, -1.456]"
816,1,-2.8717,0.6743,0.340,157,410,21,0,0.196,40,1.35,22343,316.78,0,0,46.000(57.500%)(2.786m),57.000(50.294%)(3.964m),51.171(45.151%)(3.340m),21.025(18.552%)(0.110m),11.599(14.499%)(0.000m),40.000(100.000%)(3.214m),10.260(25.651%)(0.028m),1350.978,5466.702,60.4,0.8292,"[-0.472, 0.516, 1.373, -0.533, 0.673, 1.436]","[2.738, 3.423, 2.986, 2.863, 3.683, 3.156]","[-6.019, -5.410, -5.178, -5.829, -5.493, -5.057]"
817,1,1.9376,0.7402,0.317,272,776,19,0,0.195,60,1.35,22371,548.74,0,0,33.000(41.250%)(1.393m),50.000(44.118%)(3.214m),47.136(41.590%)(2.907m),20.517(18.103%)(0.055m),11.573(14.466%)(0.000m),27.000(67.500%)(1.821m),10.493(26.231%)(0.053m),684.861,3057.608,66.0,0.7090,"[1.040, 1.677, 1.299, 0.869, 1.867, 1.389]","[3.213, 3.710, 2.898, 3.173, 3.799, 3.044]","[-5.047, -5.276, -5.201, -4.708, -5.077, -4.887]"
818,1,0.5056,0.7378,0.291,657,1973,111,94,0.195,95,1.34,22437,1268.34,0,0,19.000(23.750%)(0.000m),16.000(14.118%)(0.000m),27.000(23.824%)(0.750m),36.860(32.524%)(1.806m),17.192(21.490%)(0.000m),16.000(40.000%)(0.643m),12.053(30.133%)(0.220m),365.258,2663.767,69.5,0.5547,"[0.238, 0.900, 0.859, 0.165, 1.068, 0.902]","[2.855, 3.254, 2.704, 2.893, 3.495, 2.794]","[-8.254, -5.988, -5.472, -8.164, -5.948, -5.092]"
819,1,-2.0029,0.6465,0.367,191,494,15,0,0.194,45,1.34,22457,370.47,0,0,40.000(50.000%)(2.143m),64.000(56.471%)(4.714m),47.828(42.202%)(2.982m),20.246(17.864%)(0.026m),11.296(14.120%)(0.000m),40.000(100.000%)(3.214m),10.116(25.289%)(0.012m),1762.601,4458.387,59.8,0.5669,"[0.966, 1.647, 1.720, 0.940, 1.803, 1.811]","[2.842, 3.178, 3.122, 2.885, 3.268, 3.188]","[-5.845, -5.177, -5.001, -5.231, -5.138, -5.060]"
820,1,0.3216,0.3845,0.324,208,610,57,30,0.194,50,1.34,22478,385.58,0,0,24.000(30.000%)(0.429m),31.000(27.353%)(1.179m),42.000(37.059%)(2.357m),21.290(18.785%)(0.138m),11.474(14.342%)(0.000m),24.000(60.000%)(1.500m),9.901(24.752%)(0.000m),119.177,2592.103,67.9,0.6590,"[0.455, 1.182, 0.967, 0.252, 1.252, 1.130]","[2.726, 3.289, 2.607, 2.725, 3.460, 2.811]","[-5.655, -5.040, -4.982, -5.101, -4.637, -4.773]"
821,1,-0.6312,0.4124,0.486,121,348,12,12,0.194,35,1.34,22491,321.30,0,0,23.000(28.750%)(0.321m),28.000(24.706%)(0.857m),45.000(39.706%)(2.679m),81.377(71.804%)(6.576m),44.895(56.119%)(2.667m),40.000(100.000%)(3.214m),39.712(99.280%)(3.183m),0.000,2194.076,66.6,1.1706,"[1.059, 0.678, 0.143, 0.951, 0.631, 0.266]","[2.645, 3.329, 2.669, 2.716, 3.426, 2.891]","[-4.863, -4.868, -5.497, -4.406, -3.779, -5.332]"
822,1,-2.1425,0.3791,0.444,139,376,20,0,0.193,35,1.34,22505,270.27,0,0,47.000(58.750%)(2.893m),57.000(50.294%)(3.964m),33.297(29.380%)(1.425m),17.236(15.208%)(0.000m),10.520(13.151%)(0.000m),40.000(100.000%)(3.214m),10.520(26.301%)(0.056m),1112.162,3617.005,62.6,0.7288,"[0.454, 0.898, 0.843, 0.365, 1.103, 0.858]","[2.788, 3.498, 2.714, 2.763, 3.693, 2.910]","[-5.060, -5.194, -5.313, -5.112, -5.003, -5.188]"
823,1,-4.5094,0.3037,0.386,316,922,56,38,0.193,65,1.34,22537,600.59,0,0,26.555(33.194%)(0.702m),53.616(47.308%)(3.602m),20.000(17.647%)(0.000m),20.000(17.647%)(0.000m),25.000(31.250%)(0.536m),18.806(47.016%)(0.944m),21.829(54.573%)(1.267m),0.000,2708.942,67.5,0.6717,"[0.177, 0.371, 0.181, 0.102, 0.375, 0.072]","[2.489, 3.399, 2.914, 2.512, 3.527, 3.034]","[-5.158, -5.031, -5.050, -5.342, -5.101, -5.332]"
824,1,-2.5533,0.1956,0.346,332,999,13,74,0.193,70,1.33,22571,726.09,0,0,25.000(31.250%)(0.536m),37.000(32.647%)(1.821m),69.000(60.883%)(5.250m),36.000(31.765%)(1.714m),13.000(16.250%)(0.000m),20.000(50.000%)(1.071m),10.000(25.000%)(0.000m),610.740,3390.929,69.6,0.7538,"[0.343, 0.478, 0.293, 0.282, 0.549, 0.308]","[2.653, 3.415, 2.769, 2.561, 3.508, 2.791]","[-6.312, -5.219, -4.683, -5.311, -4.880, -4.499]"
825,1,13.0237,0.3986,0.311,732,2253,285,126,0.192,100,1.45,22645,1449.35,1,1,19.000(23.750%)(0.000m),40.000(35.294%)(2.143m),69.000(60.883%)(5.250m),42.117(37.162%)(2.370m),19.856(24.820%)(0.000m),13.000(32.500%)(0.321m),13.960(34.901%)(0.424m),400.689,3054.537,71.2,0.6394,"[0.161, 0.807, 0.460, 0.169, 1.008, 0.533]","[2.530, 3.152, 2.687, 2.574, 3.564, 2.859]","[-4.252, -3.938, -6.262, -4.218, -4.482, -5.286]"
826,1,1.9330,0.4490,0.304,722,2150,114,184,0.192,95,1.45,22718,1394.69,0,0,18.770(23.463%)(0.000m),39.423(34.785%)(2.081m),69.000(60.883%)(5.250m),39.000(34.412%)(2.036m),21.000(26.250%)(0.107m),12.000(30.000%)(0.214m),14.000(35.000%)(0.429m),257.836,3140.062,68.9,0.6083,"[0.105, 0.529, 0.200, 0.081, 0.738, 0.247]","[2.243, 2.908, 2.382, 2.229, 3.214, 2.550]","[-4.807, -3.230, -4.847, -4.580, -2.459, -4.809]"
827,1,1.9338,0.4353,0.298,445,1357,99,82,0.191,80,1.45,22763,868.67,0,0,24.000(30.000%)(0.429m),37.000(32.647%)(1.821m),57.000(50.294%)(3.964m),20.000(17.647%)(0.000m),18.067(22.583%)(0.000m),16.000(40.000%)(0.643m),12.685(31.711%)(0.288m),0.000,2267.288,70.6,0.5849,"[-0.630, 0.198, 0.122, -0.750, 0.296, 0.216]","[1.990, 2.608, 2.277, 1.954, 2.854, 2.413]","[-5.667, -6.908, -5.553, -5.467, -6.672, -5.202]"
828,1,2.9544,0.4881,0.347,411,1159,29,70,0.191,75,1.45,22805,780.06,0,0,23.578(29.473%)(0.383m),36.000(31.765%)(1.714m),51.000(45.000%)(3.321m),39.000(34.412%)(2.036m),16.000(20.000%)(0.000m),16.679(41.697%)(0.716m),11.000(27.500%)(0.107m),246.984,2966.798,65.3,0.6141,"[0.803, 0.991, 0.845, 0.744, 1.139, 0.670]","[2.970, 3.288, 2.728, 2.650, 3.436, 2.642]","[-3.637, -1.508, -4.145, -3.469, -2.268, -4.086]"
829,1,-0.7117,0.4867,0.460,123,353,18,14,0.191,35,1.45,22818,252.48,0,0,22.000(27.500%)(0.214m),27.000(23.824%)(0.750m),39.000(34.412%)(2.036m),68.306(60.270%)(5.176m),41.693(52.116%)(2.324m),40.000(100.000%)(3.214m),40.000(100.000%)(3.214m),0.000,2160.135,66.4,0.7819,"[0.977, 0.903, 0.509, 0.899, 0.807, 0.456]","[2.781, 3.577, 3.012, 2.790, 3.669, 3.042]","[-2.687, -3.503, -4.857, -2.351, -3.894, -4.504]"
830,1,-1.3709,0.4641,0.280,454,1373,155,52,0.190,80,1.45,22864,942.27,0,0,23.000(28.750%)(0.321m),44.000(38.824%)(2.571m),59.000(52.059%)(4.179m),28.278(24.951%)(0.887m),12.978(16.222%)(0.000m),16.000(40.000%)(0.643m),9.615(24.038%)(0.000m),374.951,3060.411,70.0,0.7532,"[-0.642, 0.540, 0.733, -0.630, 0.672, 0.794]","[2.704, 3.522, 2.902, 2.749, 3.634, 3.009]","[-6.055, -6.157, -5.119, -5.157, -5.478, -4.331]"
831,1,13.0216,0.8307,0.335,746,2275,129,147,0.190,100,1.56,22939,1448.60,1,1,19.000(23.750%)(0.000m),43.000(37.941%)(2.464m),56.000(49.412%)(3.857m),44.768(39.501%)(2.654m),21.246(26.558%)(0.134m),13.000(32.500%)(0.321m),14.963(37.408%)(0.532m),442.143,2630.745,70.6,0.6183,"[0.443, 0.927, 0.580, 0.410, 1.112, 0.656]","[2.487, 3.464, 2.824, 2.489, 3.689, 2.943]","[-4.734, -1.071, -4.793, -4.608, -1.427, -4.450]"
832,1,6.4342,0.6366,0.290,617,1877,48,50,0.189,95,1.56,23001,1453.53,0,0,25.000(31.250%)(0.536m),46.000(40.588%)(2.786m),69.000(60.883%)(5.250m),28.000(24.706%)(0.857m),21.607(27.008%)(0.172m),21.000(52.500%)(1.179m),15.281(38.202%)(0.566m),0.000,2786.003,70.4,0.7165,"[0.331, 0.739, 0.718, 0.237, 0.990, 0.714]","[2.464, 3.206, 2.659, 2.554, 3.384, 2.796]","[-5.189, -5.527, -4.085, -4.640, -4.829, -4.073]"
833,1,0.3182,0.6600,0.356,302,888,112,30,0.189,65,1.56,23032,613.40,0,0,19.937(24.922%)(0.000m),20.000(17.647%)(0.000m),32.000(28.235%)(1.286m),39.000(34.412%)(2.036m),25.000(31.250%)(0.536m),14.018(35.046%)(0.431m),25.000(62.500%)(1.607m),0.000,2328.704,68.1,0.6417,"[0.223, 0.537, -0.281, 0.233, 0.645, -0.532]","[2.398, 3.208, 2.676, 2.416, 3.373, 2.636]","[-8.398, -5.800, -5.509, -7.548, -5.453, -5.240]"
834,1,18.4178,1.0606,0.305,743,2266,0,85,0.189,100,1.68,23107,1562.10,1,1,27.000(33.750%)(0.750m),62.000(54.706%)(4.500m),67.000(59.118%)(5.036m),49.000(43.235%)(3.107m),23.647(29.559%)(0.391m),20.000(50.000%)(1.071m),16.747(41.868%)(0.723m),368.830,3044.674,70.6,0.6505,"[0.403, 0.905, 0.646, 0.311, 1.072, 0.770]","[2.389, 2.874, 2.553, 2.630, 3.181, 2.761]","[-3.903, -1.427, -5.458, -4.078, -1.925, -5.080]"
835,1,-2.3920,1.0084,0.262,178,471,37,0,0.188,45,1.68,23125,338.01,0,0,35.000(43.750%)(1.607m),40.000(35.294%)(2.143m),51.000(45.000%)(3.321m),28.912(25.510%)(0.955m),13.552(16.940%)(0.000m),40.000(100.000%)(3.214m),9.602(24.005%)(0.000m),643.641,4539.236,61.3,0.6292,"[-0.835, -0.092, 0.801, -0.862, 0.092, 0.760]","[2.162, 2.983, 2.483, 2.282, 3.178, 2.632]","[-5.647, -4.358, -2.090, -5.490, -3.956, -2.787]"
836,1,13.1474,1.3349,0.322,791,2367,150,132,0.188,100,1.79,23205,1514.81,1,1,18.586(23.233%)(0.000m),39.407(34.771%)(2.079m),67.000(59.118%)(5.036m),41.755(36.843%)(2.331m),15.000(18.750%)(0.000m),13.051(32.628%)(0.327m),10.000(25.000%)(0.000m),291.218,2737.078,69.2,0.5825,"[0.295, 0.744, 0.457, 0.226, 0.920, 0.492]","[2.198, 2.939, 2.364, 2.300, 3.106, 2.589]","[-4.724, -3.638, -4.791, -4.740, -3.253, -4.324]"
837,1,-1.5149,1.2937,0.411,181,491,16,0,0.188,45,1.79,23224,344.54,0,0,34.000(42.500%)(1.500m),50.000(44.118%)(3.214m),68.000(60.000%)(5.143m),26.482(23.367%)(0.695m),12.626(15.783%)(0.000m),40.000(100.000%)(3.214m),9.725(24.314%)(0.000m),742.165,3486.632,62.8,0.6033,"[0.143, 1.097, 1.255, 0.030, 1.362, 1.258]","[2.298, 3.203, 2.579, 2.270, 3.506, 2.737]","[-6.050, -5.381, -4.358, -5.419, -4.886, -4.409]"
838,1,0.4485,1.3501,0.379,420,1201,136,78,0.187,75,1.79,23266,813.54,0,0,14.298(17.873%)(0.000m),31.031(27.380%)(1.182m),47.000(41.471%)(2.893m),39.000(34.412%)(2.036m),26.000(32.500%)(0.643m),10.010(25.024%)(0.001m),18.000(45.000%)(0.857m),463.361,2871.159,66.2,0.6413,"[0.336, 0.456, -0.124, 0.276, 0.685, -0.077]","[2.359, 2.695, 2.432, 2.347, 3.093, 2.587]","[-3.920, -3.969, -5.265, -3.969, -5.075, -4.989]"
839,1,0.9586,1.4010,0.329,449,1372,108,53,0.187,80,1.79,23311,842.87,0,0,18.098(22.623%)(0.000m),38.645(34.098%)(1.998m),24.690(21.785%)(0.502m),14.551(12.839%)(0.000m),9.565(11.956%)(0.000m),12.701(31.751%)(0.289m),10.681(26.702%)(0.073m),329.905,3032.937,70.7,0.6010,"[0.503, 0.656, 0.096, 0.548, 0.843, 0.125]","[2.165, 3.192, 2.733, 2.355, 3.349, 2.915]","[-5.354, -5.434, -6.181, -5.065, -5.612, -6.003]"
840,1,5.8890,1.1789,0.302,658,2016,71,105,0.186,95,1.79,23377,1371.37,0,0,12.000(15.000%)(0.000m),48.000(42.353%)(3.000m),61.000(53.824%)(4.393m),37.475(33.067%)(1.872m),17.542(21.927%)(0.000m),11.000(27.500%)(0.107m),12.302(30.755%)(0.247m),231.421,2858.384,70.9,0.7152,"[0.134, 0.839, 0.642, 0.085, 1.083, 0.770]","[2.291, 2.930, 2.577, 2.363, 3.163, 2.672]","[-5.816, -3.231, -4.483, -5.358, -3.373, -4.188]"
841,1,1.5995,1.2265,0.307,652,2004,224,122,0.186,95,1.78,23443,1448.13,0,0,12.000(15.000%)(0.000m),44.000(38.824%)(2.571m),56.000(49.412%)(3.857m),35.393(31.229%)(1.649m),16.442(20.552%)(0.000m),10.000(25.000%)(0.000m),11.521(28.802%)(0.163m),243.808,2640.908,71.1,0.6068,"[0.235, 0.873, 0.658, 0.181, 1.162, 0.765]","[2.715, 3.046, 2.602, 2.682, 3.366, 2.802]","[-4.717, -1.996, -4.720, -4.453, -2.156, -4.497]"
842,1,3.4093,1.3151,0.379,508,1549,163,61,0.186,85,1.78,23494,1199.12,0,0,21.000(26.250%)(0.107m),50.000(44.118%)(3.214m),63.000(55.588%)(4.607m),26.043(22.980%)(0.648m),12.597(15.746%)(0.000m),15.000(37.500%)(0.536m),9.828(24.571%)(0.000m),273.815,2802.966,70.6,0.6718,"[0.156, 1.018, 0.916, 0.100, 1.225, 0.978]","[2.559, 3.467, 2.817, 2.456, 3.632, 2.833]","[-5.641, -4.850, -3.336, -4.994, -4.432, -3.091]"
843,1,3.4192,1.4147,0.295,434,1322,61,46,0.185,80,1.78,23538,1059.15,0,0,25.000(31.250%)(0.536m),49.000(43.235%)(3.107m),42.904(37.857%)(2.454m),19.649(17.337%)(0.000m),11.320(14.150%)(0.000m),18.000(45.000%)(0.857m),10.519(26.296%)(0.056m),654.959,3132.095,70.5,0.7787,"[-0.149, 0.698, 0.777, -0.107, 0.904, 0.802]","[2.311, 3.143, 2.694, 2.366, 3.235, 2.759]","[-6.553, -5.504, -5.699, -5.283, -5.430, -5.481]"
844,1,-2.0023,1.3943,0.358,238,609,13,28,0.185,50,1.78,23562,498.93,0,0,12.254(15.317%)(0.000m),24.597(21.703%)(0.493m),65.718(57.987%)(4.898m),36.000(31.765%)(1.714m),24.000(30.000%)(0.429m),9.807(24.518%)(0.000m),29.000(72.500%)(2.036m),316.321,3924.316,59.2,0.7756,"[1.098, 1.280, 1.089, 1.104, 1.400, 1.103]","[2.918, 3.575, 2.988, 2.887, 3.548, 2.979]","[-4.266, -5.004, -5.063, -4.374, -4.865, -4.931]"
845,1,15.0626,1.7116,0.323,872,2520,184,105,0.185,100,1.89,23650,1752.82,1,1,26.000(32.500%)(0.643m),44.000(38.824%)(2.571m),52.000(45.882%)(3.429m),31.717(27.986%)(1.255m),14.682(18.352%)(0.000m),19.000(47.500%)(0.964m),10.281(25.701%)(0.030m),410.984,3537.655,66.9,0.6376,"[0.427, 1.172, 1.112, 0.372, 1.337, 1.111]","[2.916, 3.380, 3.611, 2.783, 3.468, 3.684]","[-5.217, -4.253, -5.676, -5.175, -3.977, -5.468]"
846,1,-4.5950,1.6262,0.334,331,984,52,43,0.184,70,1.89,23684,610.37,0,0,12.000(15.000%)(0.000m),21.000(18.529%)(0.107m),51.000(45.000%)(3.321m),35.000(30.882%)(1.607m),22.291(27.863%)(0.245m),11.000(27.500%)(0.107m),15.741(39.352%)(0.615m),171.533,3871.273,68.8,0.6236,"[0.563, 0.905, 0.436, 0.473, 1.100, 0.579]","[2.660, 3.465, 3.030, 2.815, 3.591, 3.212]","[-7.401, -6.567, -6.430, -7.218, -5.223, -5.879]"
847,1,1.0777,1.6452,0.310,353,1036,68,49,0.184,70,1.89,23720,657.09,0,0,12.000(15.000%)(0.000m),41.000(36.177%)(2.250m),57.000(50.294%)(3.964m),41.000(36.177%)(2.250m),20.269(25.336%)(0.029m),10.000(25.000%)(0.000m),14.275(35.686%)(0.458m),249.604,2689.775,67.9,0.6082,"[0.294, 1.067, 0.678, 0.188, 1.201, 0.741]","[2.804, 3.204, 2.710, 2.839, 3.348, 2.875]","[-4.426, -2.098, -5.266, -4.714, -2.387, -4.875]"
848,1,2.4135,1.4199,0.344,504,1528,44,96,0.183,85,1.89,23771,1018.02,0,0,25.000(31.250%)(0.536m),41.000(36.177%)(2.250m),50.699(44.734%)(3.289m),20.831(18.381%)(0.089m),11.492(14.366%)(0.000m),22.000(55.000%)(1.286m),10.166(25.414%)(0.018m),540.735,3023.312,70.2,0.6487,"[0.491, 0.682, 0.414, 0.442, 0.928, 0.452]","[2.415, 3.169, 2.737, 2.430, 3.340, 2.793]","[-5.586, -5.230, -5.645, -5.385, -5.083, -5.325]"
849,1,13.0954,1.7213,0.261,751,2286,177,125,0.183,100,2.00,23847,1503.14,1,1,18.000(22.500%)(0.000m),37.000(32.647%)(1.821m),80.000(70.588%)(6.429m),31.397(27.703%)(1.221m),14.892(18.615%)(0.000m),13.000(32.500%)(0.321m),10.467(26.167%)(0.050m),144.878,3188.550,70.5,0.6217,"[0.192, 0.564, 0.394, 0.185, 0.833, 0.565]","[2.320, 2.943, 2.461, 2.367, 3.184, 2.561]","[-5.162, -4.411, -5.611, -4.933, -4.610, -5.017]"
850,1,14.3591,2.0825,0.341,741,2269,235,99,0.183,100,2.12,23922,1379.34,2,1,23.000(28.750%)(0.321m),57.000(50.294%)(3.964m),39.373(34.741%)(2.076m),20.732(18.293%)(0.078m),12.768(15.959%)(0.000m),16.000(40.000%)(0.643m),12.925(32.311%)(0.313m),352.801,3370.189,70.9,0.5547,"[0.203, 0.978, 0.830, 0.172, 1.249, 0.945]","[3.369, 3.568, 2.839, 3.553, 3.712, 2.963]","[-5.272, -5.272, -5.547, -4.760, -5.006, -5.288]"
851,1,-1.2277,2.1659,0.328,146,420,10,0,0.182,40,2.12,23937,299.96,0,0,33.000(41.250%)(1.393m),54.000(47.647%)(3.643m),66.556(58.726%)(4.988m),23.591(20.816%)(0.385m),12.083(15.104%)(0.000m),40.000(100.000%)(3.214m),9.918(24.796%)(0.000m),578.649,2960.805,66.6,0.7407,"[0.186, 0.877, 0.970, 0.141, 1.009, 0.920]","[2.608, 3.524, 2.775, 2.611, 3.589, 2.738]","[-5.804, -5.358, -5.417, -5.452, -5.120, -4.903]"
852,1,0.0161,2.2099,0.359,384,1123,11,84,0.182,75,2.11,23976,772.67,0,0,21.000(26.250%)(0.107m),32.000(28.235%)(1.286m),70.000(61.765%)(5.357m),38.000(33.530%)(1.929m),27.000(33.750%)(0.750m),16.364(40.911%)(0.682m),13.000(32.500%)(0.321m),107.582,2643.403,67.7,0.6624,"[0.750, 0.927, 0.567, 0.715, 1.132, 0.577]","[2.599, 3.167, 2.744, 2.653, 3.446, 2.907]","[-3.183, -3.767, -4.676, -3.215, -4.111, -4.792]"
853,1,-3.1141,2.1370,0.326,617,1697,128,117,0.182,85,2.11,24038,1183.13,0,0,20.028(25.035%)(0.003m),41.919(36.987%)(2.348m),37.762(33.320%)(1.903m),18.475(16.301%)(0.000m),10.966(13.708%)(0.000m),14.104(35.260%)(0.440m),10.571(26.429%)(0.061m),688.099,3687.591,63.7,0.5956,"[0.323, 0.612, 0.240, 0.327, 0.716, 0.198]","[2.652, 3.276, 2.845, 2.605, 3.377, 2.974]","[-5.768, -5.274, -5.427, -5.307, -5.431, -5.337]"
854,1,-0.3671,2.1514,0.456,212,583,21,1,0.181,50,2.11,24060,406.91,0,0,32.000(40.000%)(1.286m),47.000(41.471%)(2.893m),46.818(41.310%)(2.873m),20.378(17.981%)(0.041m),11.495(14.369%)(0.000m),27.000(67.500%)(1.821m),10.422(26.055%)(0.045m),736.932,3613.743,63.6,0.5464,"[0.781, 1.608, 1.624, 0.645, 1.869, 1.659]","[2.731, 3.322, 2.837, 2.766, 3.576, 2.996]","[-5.782, -5.129, -5.346, -5.318, -5.063, -5.379]"
855,1,15.1747,2.4977,0.358,788,2357,89,127,0.181,100,2.22,24139,1492.86,1,1,16.241(20.301%)(0.000m),34.572(30.505%)(1.561m),62.000(54.706%)(4.500m),38.270(33.768%)(1.958m),19.918(24.898%)(0.000m),11.404(28.511%)(0.150m),14.005(35.013%)(0.429m),365.973,2781.184,69.2,0.5868,"[0.613, 0.909, 0.583, 0.619, 1.108, 0.657]","[2.852, 3.385, 2.728, 2.833, 3.680, 2.913]","[-4.065, -4.390, -5.104, -4.204, -3.984, -4.973]"
856,1,5.0018,2.6041,0.328,627,1947,121,40,0.181,95,2.22,24202,1209.92,0,0,12.000(15.000%)(0.000m),36.000(31.765%)(1.714m),63.000(55.588%)(4.607m),37.095(32.731%)(1.832m),17.312(21.640%)(0.000m),11.000(27.500%)(0.107m),12.138(30.346%)(0.229m),389.072,2421.154,71.9,0.5943,"[0.131, 0.716, 0.451, 0.136, 0.864, 0.576]","[2.579, 3.328, 2.915, 2.740, 3.735, 3.072]","[-3.681, -4.055, -5.448, -3.543, -3.511, -4.796]"
857,1,10.7235,2.7898,0.282,689,2167,168,157,0.180,100,2.33,24271,1360.35,1,1,18.000(22.500%)(0.000m),48.000(42.353%)(3.000m),50.000(44.118%)(3.214m),34.000(30.000%)(1.500m),21.292(26.615%)(0.138m),13.000(32.500%)(0.321m),14.990(37.475%)(0.535m),99.558,2395.182,72.8,0.6306,"[0.311, 0.859, 0.637, 0.295, 1.088, 0.724]","[2.299, 3.127, 2.601, 2.435, 3.342, 2.636]","[-4.917, -4.813, -2.942, -4.380, -4.482, -2.814]"
858,1,-1.9151,2.7912,0.384,375,1044,108,37,0.180,70,2.33,24309,715.95,0,0,16.000(20.000%)(0.000m),26.000(22.941%)(0.643m),70.000(61.765%)(5.357m),36.572(32.269%)(1.776m),17.064(21.330%)(0.000m),28.000(70.000%)(1.929m),11.967(29.918%)(0.211m),274.607,3380.141,64.4,0.5990,"[0.328, 0.753, 0.803, 0.242, 0.966, 0.777]","[2.668, 3.185, 2.824, 2.620, 3.570, 2.902]","[-5.229, -5.174, -5.764, -4.808, -4.244, -5.615]"
859,1,0.3246,2.7878,0.392,358,1059,19,42,0.179,70,2.33,24345,669.12,0,0,20.000(25.000%)(0.000m),59.000(52.059%)(4.179m),71.000(62.647%)(5.464m),42.000(37.059%)(2.357m),22.676(28.345%)(0.287m),11.000(27.500%)(0.107m),16.035(40.088%)(0.647m),295.852,3101.804,68.5,0.6155,"[0.975, 1.507, 1.372, 0.963, 1.657, 1.393]","[2.999, 3.642, 3.084, 3.066, 3.698, 3.163]","[-2.721, -1.591, -2.344, -2.948, -1.718, -2.470]"
860,1,15.5021,3.0785,0.364,752,2286,155,94,0.179,100,2.44,24421,1495.20,1,1,28.000(35.000%)(0.857m),43.000(37.941%)(2.464m),62.000(54.706%)(4.500m),32.000(28.235%)(1.286m),16.447(20.559%)(0.000m),17.000(42.500%)(0.750m),11.536(28.839%)(0.165m),82.498,2718.041,70.4,0.6421,"[0.428, 0.945, 0.909, 0.459, 1.157, 0.960]","[3.071, 3.442, 2.991, 3.115, 3.708, 3.177]","[-5.002, -4.650, -3.210, -4.280, -4.343, -3.592]"
861,1,-4.2246,2.9749,0.349,469,1275,98,125,0.179,75,2.44,24468,902.78,0,0,10.000(12.500%)(0.000m),38.000(33.530%)(1.929m),42.000(37.059%)(2.357m),33.000(29.118%)(1.393m),19.000(23.750%)(0.000m),11.000(27.500%)(0.107m),14.000(35.000%)(0.429m),205.715,3992.207,62.9,0.6027,"[0.108, 0.470, -0.111, 0.108, 0.468, -0.156]","[2.641, 3.404, 2.859, 2.619, 3.496, 3.060]","[-6.015, -4.831, -5.262, -5.460, -5.027, -5.139]"
862,1,0.2563,3.0129,0.441,224,630,30,21,0.178,50,2.44,24491,429.09,0,0,12.296(15.370%)(0.000m),24.006(21.182%)(0.429m),65.000(57.353%)(4.821m),44.000(38.824%)(2.571m),26.000(32.500%)(0.643m),10.093(25.232%)(0.010m),23.000(57.500%)(1.393m),448.758,3076.173,65.0,0.6764,"[1.111, 1.129, 0.202, 1.174, 1.345, 0.276]","[2.569, 3.119, 2.648, 2.623, 3.305, 2.874]","[-5.049, -5.540, -5.628, -4.605, -5.043, -5.263]"
863,1,14.8944,3.2085,0.320,699,2182,45,66,0.178,100,2.55,24561,1377.39,1,1,25.000(31.250%)(0.536m),55.000(48.530%)(3.750m),72.000(63.530%)(5.571m),33.015(29.131%)(1.394m),15.226(19.033%)(0.000m),18.000(45.000%)(0.857m),10.658(26.645%)(0.071m),522.181,2564.276,72.2,0.6371,"[0.520, 0.997, 0.809, 0.600, 1.312, 0.992]","[2.429, 3.071, 2.592, 2.488, 3.375, 2.813]","[-4.849, -3.387, -3.811, -4.287, -3.024, -3.665]"
864,1,0.0418,3.1760,0.302,315,961,76,57,0.178,70,2.55,24593,605.16,0,0,12.000(15.000%)(0.000m),34.000(30.000%)(1.500m),62.000(54.706%)(4.500m),45.000(39.706%)(2.679m),21.567(26.958%)(0.168m),10.000(25.000%)(0.000m),15.189(37.972%)(0.556m),298.324,2507.985,70.6,0.6146,"[0.998, 1.198, 0.984, 0.956, 1.485, 1.077]","[2.269, 3.120, 2.872, 2.310, 3.392, 3.170]","[-2.891, -4.530, -6.565, -2.280, -3.929, -5.817]"
865,1,0.8086,3.2056,0.399,331,977,83,38,0.177,70,2.54,24627,622.14,0,0,12.000(15.000%)(0.000m),20.000(17.647%)(0.000m),62.000(54.706%)(4.500m),43.014(37.954%)(2.466m),20.639(25.799%)(0.068m),10.000(25.000%)(0.000m),14.532(36.331%)(0.486m),302.403,2692.073,68.3,0.6146,"[0.442, 0.928, 0.691, 0.476, 1.168, 0.954]","[2.797, 3.246, 2.540, 2.801, 3.523, 2.744]","[-8.620, -6.522, -5.888, -7.601, -6.112, -5.309]"
866,1,-0.1694,3.2596,0.361,216,584,15,16,0.177,50,2.54,24649,424.38,0,0,28.000(35.000%)(0.857m),54.000(47.647%)(3.643m),51.541(45.478%)(3.379m),21.178(18.686%)(0.126m),11.683(14.604%)(0.000m),24.000(60.000%)(1.500m),10.335(25.836%)(0.036m),916.648,3551.163,62.6,0.6039,"[1.032, 1.696, 1.510, 0.997, 1.783, 1.492]","[2.575, 3.378, 2.782, 2.648, 3.422, 2.879]","[-5.651, -4.945, -5.125, -5.281, -4.866, -5.251]"
867,1,-0.5154,3.2106,0.372,375,1084,104,25,0.177,70,2.54,24687,802.33,0,0,11.000(13.750%)(0.000m),64.000(56.471%)(4.714m),84.000(74.118%)(6.857m),34.341(30.301%)(1.537m),15.957(19.946%)(0.000m),11.000(27.500%)(0.107m),11.180(27.950%)(0.126m),557.027,3494.499,66.9,0.7687,"[0.460, 1.402, 1.417, 0.423, 1.570, 1.465]","[2.831, 3.547, 3.086, 2.837, 3.536, 3.017]","[-4.999, -3.356, -3.704, -4.528, -3.005, -3.479]"
868,1,-4.1251,3.1180,0.321,482,1307,180,143,0.176,75,2.53,24736,934.45,0,0,17.430(21.787%)(0.000m),28.000(24.706%)(0.857m),49.000(43.235%)(3.107m),34.000(30.000%)(1.500m),19.000(23.750%)(0.000m),11.000(27.500%)(0.107m),14.000(35.000%)(0.429m),194.815,3718.424,62.8,0.6246,"[0.418, 0.544, 0.002, 0.403, 0.656, -0.021]","[2.399, 3.155, 2.957, 2.564, 3.282, 2.940]","[-6.153, -4.159, -4.765, -5.443, -4.337, -4.426]"
869,1,-0.3412,3.1512,0.339,325,955,71,50,0.176,65,2.53,24769,608.89,0,0,11.000(13.750%)(0.000m),18.000(15.882%)(0.000m),34.000(30.000%)(1.500m),41.239(36.387%)(2.276m),19.412(24.264%)(0.000m),21.000(52.500%)(1.179m),13.641(34.102%)(0.390m),361.559,2690.228,68.0,0.6225,"[0.426, 0.915, 0.523, 0.279, 1.096, 0.637]","[2.855, 3.591, 2.863, 2.843, 3.776, 2.999]","[-8.749, -7.106, -6.777, -7.599, -6.065, -5.632]"
870,1,-0.0437,3.1439,0.318,407,1174,96,105,0.176,75,2.53,24810,800.30,0,0,20.000(25.000%)(0.000m),40.000(35.294%)(2.143m),69.000(60.883%)(5.250m),39.734(35.060%)(2.114m),18.890(23.613%)(0.000m),15.000(37.500%)(0.536m),13.317(33.292%)(0.355m),445.593,3076.643,66.8,0.6220,"[0.645, 1.030, 0.606, 0.523, 1.172, 0.786]","[2.975, 3.564, 3.016, 2.928, 3.758, 3.126]","[-3.590, -4.586, -6.714, -4.023, -4.713, -5.671]"
871,1,-0.2242,3.1520,0.301,354,991,83,11,0.175,65,2.53,24846,667.98,0,0,15.796(19.745%)(0.000m),27.000(23.824%)(0.750m),49.000(43.235%)(3.107m),54.000(47.647%)(3.643m),32.000(40.000%)(1.286m),11.086(27.714%)(0.116m),24.000(60.000%)(1.500m),0.000,3143.282,64.8,0.6218,"[1.068, 1.142, -0.096, 1.105, 1.231, -0.106]","[2.431, 3.239, 2.822, 2.452, 3.405, 2.844]","[-6.192, -4.776, -5.709, -5.955, -4.528, -5.125]"
872,1,5.9421,3.3137,0.270,659,1960,155,93,0.175,95,2.52,24912,1346.24,0,0,23.000(28.750%)(0.321m),20.000(17.647%)(0.000m),19.000(16.765%)(0.000m),20.000(17.647%)(0.000m),15.219(19.023%)(0.000m),17.000(42.500%)(0.750m),10.653(26.632%)(0.070m),0.000,2982.688,68.8,0.6903,"[0.169, 0.608, 0.444, 0.089, 0.791, 0.530]","[2.461, 3.339, 2.851, 2.594, 3.393, 2.958]","[-6.240, -4.735, -6.079, -5.324, -4.788, -5.821]"
873,1,1.3019,3.4299,0.315,346,977,13,18,0.175,65,2.52,24947,658.07,0,0,31.000(38.750%)(1.179m),41.000(36.177%)(2.250m),51.000(45.000%)(3.321m),29.000(25.588%)(0.964m),21.000(26.250%)(0.107m),24.000(60.000%)(1.500m),16.437(41.092%)(0.690m),4.107,2796.062,65.3,0.5720,"[0.290, 0.903, 0.882, 0.292, 1.156, 0.898]","[2.573, 2.804, 2.495, 2.650, 3.061, 2.506]","[-5.568, -4.669, -4.095, -4.594, -4.217, -4.532]"
874,1,-0.8899,3.4632,0.292,336,956,138,42,0.174,65,2.52,24981,672.80,0,0,15.766(19.708%)(0.000m),25.000(22.059%)(0.536m),32.000(28.235%)(1.286m),44.000(38.824%)(2.571m),28.000(35.000%)(0.857m),11.052(27.629%)(0.113m),24.000(60.000%)(1.500m),0.000,2389.096,65.8,0.7268,"[0.501, 0.288, -0.542, 0.406, 0.346, -0.537]","[2.373, 3.129, 2.562, 2.407, 3.322, 2.614]","[-3.585, -4.451, -5.327, -4.186, -4.591, -5.065]"
875,1,-1.3925,3.1749,0.359,187,505,17,20,0.174,45,2.51,25000,360.95,0,0,12.065(15.082%)(0.000m),23.880(21.071%)(0.416m),56.000(49.412%)(3.857m),38.000(33.530%)(1.929m),26.000(32.500%)(0.643m),9.779(24.449%)(0.000m),40.000(100.000%)(3.214m),373.492,3054.202,62.6,0.5616,"[0.643, 0.441, -0.068, 0.619, 0.684, -0.081]","[2.436, 3.059, 2.556, 2.549, 3.265, 2.695]","[-4.654, -5.018, -5.315, -4.351, -5.045, -5.230]"
876,1,-1.2269,3.1117,0.456,323,963,114,35,0.173,70,2.51,25033,599.84,0,0,12.000(15.000%)(0.000m),22.000(19.412%)(0.214m),55.000(48.530%)(3.750m),36.422(32.138%)(1.760m),17.010(21.262%)(0.000m),10.000(25.000%)(0.000m),11.924(29.810%)(0.206m),224.054,2486.258,69.0,0.6103,"[-0.685, 0.376, 0.454, -0.625, 0.518, 0.499]","[2.547, 3.003, 2.518, 2.630, 3.301, 2.593]","[-8.881, -6.381, -6.523, -7.509, -5.705, -5.774]"
877,1,7.6036,3.2251,0.327,623,1947,61,123,0.173,95,2.51,25096,1181.36,0,0,16.000(20.000%)(0.000m),50.000(44.118%)(3.214m),69.000(60.883%)(5.250m),37.000(32.647%)(1.821m),18.094(22.617%)(0.000m),11.000(27.500%)(0.107m),12.697(31.743%)(0.289m),235.716,2355.464,72.3,0.5858,"[0.236, 0.898, 0.782, 0.280, 1.131, 0.866]","[2.404, 3.426, 2.845, 2.516, 3.589, 2.866]","[-5.030, -4.084, -2.442, -4.902, -3.991, -2.426]"
878,1,0.4124,3.1742,0.345,352,1052,103,69,0.173,70,2.51,25132,659.78,0,0,14.704(18.380%)(0.000m),31.933(28.176%)(1.279m),55.000(48.530%)(3.750m),35.000(30.882%)(1.607m),18.000(22.500%)(0.000m),10.288(25.721%)(0.031m),10.000(25.000%)(0.000m),201.282,2605.193,69.2,0.5958,"[0.616, 0.721, -0.924, 0.626, 0.935, -0.899]","[2.640, 3.059, 2.628, 2.647, 3.307, 2.679]","[-3.179, -2.011, -5.491, -3.253, -1.688, -5.119]"
879,1,1.1086,3.2106,0.229,307,947,8,39,0.172,70,2.50,25163,601.01,0,0,12.000(15.000%)(0.000m),82.763(73.027%)(6.725m),68.000(60.000%)(5.143m),33.000(29.118%)(1.393m),22.000(27.500%)(0.214m),11.000(27.500%)(0.107m),16.969(42.423%)(0.747m),71.614,2942.594,71.4,0.6871,"[0.405, 1.075, 0.885, 0.516, 1.339, 0.956]","[2.277, 3.042, 2.504, 2.410, 3.160, 2.527]","[-5.195, -5.410, -3.044, -4.581, -5.078, -3.386]"
880,1,-1.3450,3.2112,0.334,305,918,109,12,0.172,65,2.50,25194,665.80,0,0,10.000(12.500%)(0.000m),14.000(12.353%)(0.000m),23.000(20.294%)(0.321m),45.045(39.746%)(2.683m),21.354(26.693%)(0.145m),29.000(72.500%)(2.036m),15.043(37.607%)(0.540m),315.756,2813.304,69.7,0.8182,"[0.229, 1.024, 0.864, 0.331, 1.403, 1.115]","[2.535, 2.987, 2.536, 2.679, 3.311, 2.826]","[-7.758, -6.496, -5.649, -5.974, -6.114, -5.359]"
881,1,-0.5948,2.9388,0.310,225,640,16,0,0.172,55,2.50,25217,426.49,0,0,34.000(42.500%)(1.500m),54.000(47.647%)(3.643m),49.568(43.737%)(3.168m),20.367(17.971%)(0.039m),11.236(14.045%)(0.000m),25.000(62.500%)(1.607m),9.939(24.847%)(0.000m),874.358,3227.910,65.9,0.5392,"[0.831, 1.582, 1.472, 0.816, 1.849, 1.609]","[2.805, 3.393, 2.836, 2.820, 3.517, 3.077]","[-6.310, -5.281, -6.141, -5.610, -5.075, -5.967]"
882,1,-0.1932,2.8063,0.374,324,981,8,50,0.171,70,2.49,25250,650.22,0,0,12.000(15.000%)(0.000m),50.000(44.118%)(3.214m),69.000(60.883%)(5.250m),36.000(31.765%)(1.714m),26.000(32.500%)(0.643m),10.000(25.000%)(0.000m),19.521(48.802%)(1.020m),138.807,2529.692,70.1,0.7223,"[0.624, 0.999, 0.884, 0.622, 1.340, 0.940]","[2.515, 3.090, 2.542, 2.452, 3.327, 2.662]","[-5.115, -4.378, -3.456, -4.781, -3.720, -3.861]"
883,1,0.1010,2.8019,0.359,322,928,115,12,0.171,65,2.49,25283,659.64,0,0,37.000(46.250%)(1.821m),58.000(51.177%)(4.071m),76.000(67.059%)(6.000m),35.000(30.882%)(1.607m),17.836(22.295%)(0.000m),31.000(77.500%)(2.250m),12.550(31.375%)(0.273m),38.664,3104.357,66.7,0.7363,"[0.308, 1.279, 1.443, 0.247, 1.530, 1.467]","[2.409, 3.318, 2.959, 2.534, 3.550, 3.035]","[-5.067, -4.628, -0.636, -4.866, -4.103, -0.762]"
884,1,-2.1226,2.3911,0.338,536,1538,103,99,0.171,85,2.49,25337,1014.03,0,0,16.619(20.774%)(0.000m),35.700(31.501%)(1.682m),20.000(17.647%)(0.000m),20.000(17.647%)(0.000m),17.000(21.250%)(0.000m),11.651(29.127%)(0.177m),12.000(30.000%)(0.214m),0.000,2869.105,66.4,0.5802,"[0.441, 0.616, 0.176, 0.320, 0.723, 0.057]","[2.673, 3.662, 2.699, 2.534, 3.583, 2.754]","[-5.652, -5.509, -6.556, -5.776, -5.746, -6.881]"
885,1,19.5523,2.8300,0.330,723,2227,123,85,0.170,100,2.60,25410,1412.29,1,1,25.000(31.250%)(0.536m),48.000(42.353%)(3.000m),70.000(61.765%)(5.357m),31.304(27.621%)(1.211m),14.504(18.130%)(0.000m),18.000(45.000%)(0.857m),10.162(25.404%)(0.017m),454.133,2622.847,71.3,0.5829,"[0.658, 0.885, 0.713, 0.665, 1.178, 0.741]","[2.746, 3.469, 2.919, 2.795, 3.634, 2.999]","[-4.936, -4.287, -4.997, -4.342, -4.341, -4.453]"
886,1,-2.2581,2.5219,0.391,174,458,15,0,0.170,40,2.60,25428,338.38,0,0,41.000(51.250%)(2.250m),50.000(44.118%)(3.214m),28.617(25.251%)(0.923m),15.789(13.931%)(0.000m),9.976(12.470%)(0.000m),40.000(100.000%)(3.214m),10.476(26.191%)(0.051m),720.006,3889.478,60.9,0.6674,"[0.392, 0.888, 1.214, 0.327, 0.990, 1.225]","[2.810, 3.320, 2.772, 2.747, 3.303, 2.865]","[-5.199, -4.998, -5.015, -4.999, -4.828, -4.783]"
887,1,0.4432,2.5611,0.369,635,1805,254,80,0.170,90,2.59,25492,1200.99,0,0,23.000(28.750%)(0.321m),46.000(40.588%)(2.786m),67.000(59.118%)(5.036m),28.542(25.184%)(0.915m),13.176(16.470%)(0.000m),17.000(42.500%)(0.750m),9.635(24.087%)(0.000m),1180.807,3780.206,65.8,0.6007,"[0.219, 0.968, 1.022, 0.195, 1.210, 1.069]","[2.767, 3.294, 2.765, 2.697, 3.301, 2.847]","[-5.124, -4.161, -5.351, -4.614, -3.931, -4.579]"
888,1,7.4861,2.7018,0.336,641,1975,9,79,0.169,95,2.59,25557,1211.96,0,0,12.000(15.000%)(0.000m),50.000(44.118%)(3.214m),69.000(60.883%)(5.250m),37.000(32.647%)(1.821m),24.000(30.000%)(0.429m),10.000(25.000%)(0.000m),17.411(43.528%)(0.794m),177.770,2437.056,71.3,0.5735,"[0.711, 1.065, 0.925, 0.646, 1.337, 1.014]","[2.413, 3.345, 2.655, 2.499, 3.508, 2.985]","[-3.767, -2.277, -1.662, -4.160, -2.151, -1.893]"
889,1,0.1582,2.6858,0.284,467,1388,14,107,0.169,80,2.59,25604,934.90,0,0,27.000(33.750%)(0.750m),56.000(49.412%)(3.857m),50.838(44.857%)(3.304m),20.889(18.431%)(0.095m),11.524(14.405%)(0.000m),18.000(45.000%)(0.857m),10.194(25.484%)(0.021m),932.934,3622.916,68.8,0.6417,"[0.368, 0.907, 1.006, 0.355, 1.162, 1.038]","[2.822, 3.583, 2.700, 2.727, 3.755, 2.716]","[-6.204, -5.772, -5.635, -5.498, -5.584, -5.617]"
890,1,-3.5786,2.4965,0.330,193,518,14,14,0.169,45,2.58,25624,407.19,0,0,10.527(13.159%)(0.000m),16.801(14.825%)(0.000m),30.909(27.273%)(1.169m),40.000(35.294%)(2.143m),28.000(35.000%)(0.857m),10.921(27.301%)(0.099m),28.000(70.000%)(1.929m),400.174,3086.525,62.1,0.6668,"[1.171, 0.989, 0.354, 1.118, 1.223, 0.385]","[2.894, 3.261, 2.889, 2.874, 3.462, 3.004]","[-5.221, -5.235, -5.125, -5.220, -5.266, -5.351]"
891,1,9.8554,2.6616,0.350,788,2358,138,165,0.168,100,2.69,25703,1557.64,1,1,25.000(31.250%)(0.536m),50.000(44.118%)(3.214m),70.000(61.765%)(5.357m),39.000(34.412%)(2.036m),18.771(23.464%)(0.000m),16.000(40.000%)(0.643m),13.183(32.957%)(0.341m),246.946,2370.855,69.3,0.5802,"[0.604, 1.147, 0.890, 0.573, 1.281, 0.954]","[3.333, 3.474, 2.952, 3.412, 3.648, 3.071]","[-4.171, -3.453, -5.487, -4.109, -3.711, -4.839]"
892,1,-0.1280,2.5908,0.341,180,523,17,32,0.168,45,2.69,25721,369.22,0,0,25.000(31.250%)(0.536m),44.000(38.824%)(2.571m),51.304(45.268%)(3.354m),21.080(18.600%)(0.116m),11.630(14.537%)(0.000m),21.000(52.500%)(1.179m),10.287(25.718%)(0.031m),428.418,2801.201,67.2,0.7265,"[0.717, 1.317, 1.477, 0.624, 1.560, 1.533]","[2.734, 3.623, 3.023, 2.746, 3.696, 3.215]","[-4.937, -5.275, -4.922, -4.669, -4.628, -4.778]"
893,1,-2.4321,2.4738,0.253,156,423,29,8,0.168,40,2.69,25737,294.64,0,0,30.000(37.500%)(1.071m),38.000(33.530%)(1.929m),21.839(19.270%)(0.197m),13.860(12.230%)(0.000m),9.577(11.971%)(0.000m),40.000(100.000%)(3.214m),11.668(29.169%)(0.179m),405.035,3301.045,62.8,0.7086,"[0.367, 0.590, 0.393, 0.175, 0.692, 0.445]","[2.869, 3.201, 2.718, 2.870, 3.390, 2.952]","[-5.293, -5.342, -5.965, -5.471, -4.877, -5.439]"
894,1,1.5493,2.5449,0.353,626,1927,89,158,0.167,95,2.68,25800,1195.89,0,0,11.000(13.750%)(0.000m),20.000(17.647%)(0.000m),71.000(62.647%)(5.464m),38.000(33.530%)(1.929m),20.820(26.026%)(0.088m),10.716(26.790%)(0.077m),14.652(36.629%)(0.498m),331.764,2751.645,71.2,0.5879,"[0.276, 0.421, -0.045, 0.313, 0.633, -0.004]","[2.732, 3.032, 2.564, 2.726, 3.206, 2.715]","[-6.183, -6.563, -7.226, -5.384, -4.970, -6.643]"
895,1,14.0294,2.5242,0.312,685,2157,147,168,0.167,100,2.79,25869,1306.11,1,1,22.000(27.500%)(0.214m),46.000(40.588%)(2.786m),58.000(51.177%)(4.071m),42.000(37.059%)(2.357m),21.013(26.266%)(0.109m),15.000(37.500%)(0.536m),14.790(36.974%)(0.513m),235.988,2196.151,72.9,0.6023,"[0.334, 0.980, 0.702, 0.354, 1.172, 0.790]","[2.662, 3.604, 2.879, 2.814, 3.648, 3.081]","[-3.891, -1.810, -4.389, -3.995, -1.915, -4.037]"
896,1,0.0287,2.6167,0.287,200,580,38,10,0.167,50,2.79,25889,420.81,0,0,12.531(15.664%)(0.000m),25.907(22.860%)(0.633m),83.000(73.236%)(6.750m),50.000(44.118%)(3.214m),29.000(36.250%)(0.964m),9.777(24.442%)(0.000m),26.000(65.000%)(1.714m),585.528,3048.862,67.1,0.6982,"[1.292, 0.815, -0.310, 1.310, 1.010, -0.276]","[2.831, 3.029, 2.768, 2.794, 3.243, 2.992]","[-5.940, -5.819, -4.714, -5.956, -4.828, -4.883]"
897,1,4.2522,2.6802,0.345,618,1911,156,101,0.166,95,2.79,25951,1170.14,0,0,11.000(13.750%)(0.000m),18.000(15.882%)(0.000m),70.000(61.765%)(5.357m),45.000(39.706%)(2.679m),22.290(27.863%)(0.245m),18.000(45.000%)(0.857m),15.729(39.322%)(0.614m),317.047,2677.619,71.6,0.5933,"[0.554, 0.689, 0.369, 0.445, 0.979, 0.492]","[2.500, 2.984, 2.490, 2.517, 3.211, 2.642]","[-7.805, -6.372, -5.717, -7.895, -4.577, -5.302]"
898,1,1.4247,2.6604,0.288,369,1071,97,80,0.166,70,2.78,25988,694.40,0,0,12.000(15.000%)(0.000m),41.000(36.177%)(2.250m),47.000(41.471%)(2.893m),33.000(29.118%)(1.393m),21.726(27.158%)(0.185m),11.000(27.500%)(0.107m),15.301(38.252%)(0.568m),66.906,2799.798,67.2,0.5948,"[0.649, 0.907, 0.735, 0.593, 1.092, 0.741]","[2.792, 2.800, 2.635, 2.820, 3.013, 2.642]","[-5.132, -4.782, -2.731, -4.585, -4.442, -3.189]"
899,1,0.1147,2.4008,0.350,344,1016,88,49,0.166,70,2.78,26023,642.88,0,0,12.000(15.000%)(0.000m),37.000(32.647%)(1.821m),49.000(43.235%)(3.107m),44.000(38.824%)(2.571m),21.932(27.415%)(0.207m),10.000(25.000%)(0.000m),15.452(38.630%)(0.584m),315.298,2543.764,68.3,0.6284,"[0.433, 0.841, 0.517, 0.387, 1.148, 0.591]","[2.257, 3.043, 2.591, 2.405, 3.173, 2.704]","[-3.760, -1.933, -4.916, -3.932, -2.242, -4.610]"
900,1,0.5892,2.1254,0.279,271,780,104,19,0.165,60,2.78,26051,545.58,0,0,12.392(15.490%)(0.000m),25.620(22.606%)(0.602m),69.000(60.883%)(5.250m),42.000(37.059%)(2.357m),28.000(35.000%)(0.857m),9.668(24.171%)(0.000m),28.000(70.000%)(1.929m),526.357,2944.443,66.6,0.7082,"[0.755, 0.986, -0.727, 0.768, 1.025, -0.959]","[2.528, 3.281, 2.763, 2.587, 3.402, 2.753]","[-4.633, -4.815, -5.397, -4.888, -5.137, -5.648]"
901,1,6.8907,2.2877,0.294,598,1884,91,80,0.165,95,2.77,26111,1179.13,0,0,13.000(16.250%)(0.000m),26.000(22.941%)(0.643m),68.000(60.000%)(5.143m),41.669(36.767%)(2.322m),19.677(24.597%)(0.000m),10.000(25.000%)(0.000m),13.839(34.597%)(0.411m),346.507,2292.268,72.9,0.6193,"[0.223, 0.629, 0.338, 0.311, 0.881, 0.417]","[2.484, 3.007, 2.539, 2.696, 3.180, 2.652]","[-4.531, -4.855, -6.234, -4.405, -4.479, -5.589]"
902,1,1.7515,2.3224,0.347,472,1452,14,82,0.165,85,2.77,26159,917.66,0,0,26.000(32.500%)(0.643m),46.000(40.588%)(2.786m),30.035(26.501%)(1.075m),16.074(14.183%)(0.000m),9.986(12.482%)(0.000m),18.000(45.000%)(0.857m),10.233(25.582%)(0.025m),470.123,2824.885,71.2,0.6018,"[0.708, 0.925, 0.673, 0.742, 1.233, 0.797]","[2.620, 3.224, 2.833, 2.692, 3.390, 2.991]","[-5.596, -5.439, -6.450, -5.065, -5.477, -5.813]"
903,1,0.5579,2.3959,0.302,278,742,83,2,0.164,55,2.77,26187,523.96,0,0,12.865(16.081%)(0.000m),27.450(24.220%)(0.798m),61.000(53.824%)(4.393m),45.000(39.706%)(2.679m),33.000(41.250%)(1.393m),9.782(24.456%)(0.000m),33.000(82.500%)(2.464m),1101.818,4030.243,61.8,0.6572,"[1.441, 1.520, -0.205, 1.492, 1.714, -0.233]","[2.848, 3.421, 2.895, 2.878, 3.492, 3.044]","[-1.542, -4.464, -4.958, -1.322, -4.517, -4.928]"
904,1,-1.5701,2.3718,0.361,387,1136,96,63,0.164,75,2.77,26226,731.38,0,0,25.000(31.250%)(0.536m),50.000(44.118%)(3.214m),72.000(63.530%)(5.571m),40.603(35.826%)(2.207m),19.177(23.971%)(0.000m),18.000(45.000%)(0.857m),13.488(33.719%)(0.374m),583.595,3211.809,67.9,0.5554,"[0.390, 1.051, 0.872, 0.426, 1.208, 0.930]","[2.472, 3.241, 2.826, 2.627, 3.367, 2.950]","[-4.522, -2.655, -5.618, -4.393, -2.902, -5.179]"
905,1,5.7542,2.1834,0.293,645,2000,62,140,0.164,95,2.76,26291,1299.05,0,0,21.000(26.250%)(0.107m),44.000(38.824%)(2.571m),60.000(52.941%)(4.286m),35.726(31.523%)(1.685m),16.626(20.783%)(0.000m),13.000(32.500%)(0.321m),11.000(27.500%)(0.107m),294.857,2405.243,71.8,0.6329,"[0.142, 0.494, 0.358, 0.217, 0.713, 0.497]","[2.439, 3.362, 2.868, 2.516, 3.482, 3.131]","[-5.368, -4.144, -1.952, -4.390, -3.841, -2.140]"
906,1,-0.9085,2.0652,0.340,166,451,21,2,0.163,40,2.76,26308,327.27,0,0,34.000(42.500%)(1.500m),45.000(39.706%)(2.679m),26.397(23.292%)(0.685m),14.977(13.215%)(0.000m),9.619(12.024%)(0.000m),40.000(100.000%)(3.214m),10.352(25.879%)(0.038m),419.742,3107.228,62.9,0.7269,"[0.430, 0.642, 0.456, 0.548, 0.820, 0.563]","[2.487, 3.029, 2.405, 2.602, 3.168, 2.530]","[-5.305, -5.689, -5.776, -4.602, -5.076, -4.776]"
907,1,0.0578,1.8519,0.256,496,1458,32,108,0.163,80,2.76,26358,1027.47,0,0,23.000(28.750%)(0.321m),25.000(22.059%)(0.536m),46.000(40.588%)(2.786m),32.000(28.235%)(1.286m),20.000(25.000%)(0.000m),17.427(43.567%)(0.796m),14.000(35.000%)(0.429m),0.000,2396.702,68.0,0.7275,"[0.213, 0.209, 0.038, 0.297, 0.407, -0.029]","[2.609, 3.057, 2.526, 2.794, 3.175, 2.538]","[-3.926, -3.770, -4.318, -3.597, -4.001, -4.372]"
908,1,0.4875,1.8999,0.329,278,842,46,10,0.163,65,2.75,26386,527.02,0,0,33.000(41.250%)(1.393m),55.000(48.530%)(3.750m),74.000(65.294%)(5.786m),25.000(22.059%)(0.536m),21.859(27.323%)(0.199m),26.000(65.000%)(1.714m),15.396(38.490%)(0.578m),0.000,2301.238,70.1,0.6444,"[0.107, 0.905, 0.966, 0.116, 1.147, 1.070]","[2.356, 3.313, 2.607, 2.479, 3.514, 2.968]","[-5.199, -5.238, -4.913, -4.673, -4.348, -4.550]"
909,1,3.2554,1.9586,0.311,288,844,56,24,0.162,65,2.75,26415,530.17,0,0,27.000(33.750%)(0.750m),38.000(33.530%)(1.929m),48.000(42.353%)(3.000m),25.983(22.927%)(0.641m),12.568(15.710%)(0.000m),24.000(60.000%)(1.500m),9.806(24.514%)(0.000m),268.285,2624.137,67.8,0.5421,"[0.332, 1.093, 0.814, 0.299, 1.265, 0.950]","[2.959, 3.460, 3.098, 3.000, 3.714, 3.186]","[-6.652, -4.561, -4.924, -5.685, -4.509, -5.051]"
910,1,0.7025,1.6626,0.298,325,966,93,28,0.162,70,2.75,26448,707.34,0,0,11.000(13.750%)(0.000m),18.000(15.882%)(0.000m),66.000(58.235%)(4.929m),42.000(37.059%)(2.357m),20.588(25.736%)(0.063m),11.000(27.500%)(0.107m),14.504(36.260%)(0.483m),260.871,2912.485,68.8,0.7248,"[0.515, 1.051, 0.842, 0.551, 1.350, 0.984]","[2.994, 3.271, 3.097, 3.130, 3.420, 3.404]","[-8.022, -6.793, -6.325, -6.484, -4.696, -5.993]"
911,1,-2.1831,1.7034,0.352,374,1084,71,118,0.162,70,2.74,26486,726.19,0,0,14.000(17.500%)(0.000m),41.000(36.177%)(2.250m),61.000(53.824%)(4.393m),35.000(30.882%)(1.607m),18.437(23.046%)(0.000m),10.000(25.000%)(0.000m),12.944(32.359%)(0.315m),116.137,2887.233,67.1,0.6493,"[0.443, 0.881, 0.868, 0.463, 1.155, 0.937]","[2.716, 3.246, 2.853, 2.725, 3.528, 2.991]","[-5.097, -4.997, -5.728, -4.802, -4.438, -5.539]"
912,1,5.3909,1.8061,0.348,634,1967,83,120,0.161,95,2.74,26550,1249.98,0,0,11.000(13.750%)(0.000m),40.000(35.294%)(2.143m),66.000(58.235%)(4.929m),34.000(30.000%)(1.500m),22.065(27.581%)(0.221m),11.000(27.500%)(0.107m),15.544(38.859%)(0.594m),137.282,2308.991,71.8,0.6342,"[0.423, 0.865, 0.652, 0.498, 1.153, 0.743]","[2.892, 3.451, 2.823, 2.886, 3.613, 2.892]","[-4.387, -3.849, -5.400, -3.578, -3.518, -5.209]"
913,1,-0.4348,1.4995,0.314,338,1003,12,32,0.161,70,2.74,26584,637.47,0,0,11.000(13.750%)(0.000m),17.000(15.000%)(0.000m),51.000(45.000%)(3.321m),33.000(29.118%)(1.393m),24.000(30.000%)(0.429m),11.000(27.500%)(0.107m),18.222(45.556%)(0.881m),90.425,2835.283,68.6,0.6245,"[0.718, 1.108, 0.976, 0.823, 1.428, 1.075]","[2.763, 3.362, 2.658, 2.721, 3.502, 2.874]","[-9.320, -7.149, -6.066, -8.644, -5.212, -6.304]"
914,1,1.4874,1.5284,0.323,295,875,101,23,0.161,65,2.74,26614,551.17,0,0,17.871(22.338%)(0.000m),20.000(17.647%)(0.000m),52.000(45.882%)(3.429m),43.000(37.941%)(2.464m),28.000(35.000%)(0.857m),12.537(31.344%)(0.272m),26.000(65.000%)(1.714m),0.000,2413.484,68.7,0.6313,"[0.776, 0.798, -0.683, 0.919, 1.021, -0.726]","[2.891, 3.098, 2.572, 3.065, 3.328, 2.756]","[-7.431, -5.815, -5.159, -6.765, -4.573, -4.990]"
915,1,-0.7107,1.4980,0.322,236,633,13,22,0.160,50,2.73,26638,453.26,0,0,27.000(33.750%)(0.750m),52.000(45.882%)(3.429m),65.896(58.143%)(4.917m),23.488(20.725%)(0.374m),12.031(15.038%)(0.000m),23.000(57.500%)(1.393m),9.875(24.688%)(0.000m),780.175,3679.563,62.0,0.5394,"[1.068, 1.595, 1.617, 1.072, 1.699, 1.598]","[2.959, 3.354, 2.924, 2.995, 3.421, 3.033]","[-5.378, -4.796, -4.258, -5.032, -4.970, -4.528]"
916,1,4.9587,1.6006,0.284,708,2137,161,75,0.160,95,2.73,26709,1369.05,0,0,18.209(22.761%)(0.000m),38.000(33.530%)(1.929m),57.000(50.294%)(3.964m),30.448(26.866%)(1.119m),13.967(17.459%)(0.000m),12.785(31.963%)(0.298m),9.767(24.418%)(0.000m),134.440,2650.634,69.8,0.6017,"[0.110, 0.579, 0.073, 0.192, 0.713, 0.056]","[2.643, 3.466, 2.729, 2.706, 3.507, 2.760]","[-5.672, -5.063, -5.108, -4.916, -4.870, -4.991]"
917,1,0.5589,1.6221,0.318,319,974,54,50,0.160,70,2.73,26741,680.84,0,0,13.000(16.250%)(0.000m),46.000(40.588%)(2.786m),50.000(44.118%)(3.214m),31.000(27.353%)(1.179m),20.732(25.915%)(0.078m),10.000(25.000%)(0.000m),14.597(36.492%)(0.493m),65.212,2373.917,70.7,0.7702,"[-0.002, 0.858, 0.738, 0.031, 0.982, 0.707]","[2.534, 3.431, 2.812, 2.595, 3.523, 2.895]","[-5.442, -4.915, -3.800, -4.558, -4.425, -4.083]"
918,1,0.1215,1.7070,0.395,314,913,93,12,0.159,65,2.72,26773,609.58,0,0,33.000(41.250%)(1.393m),51.000(45.000%)(3.321m),43.000(37.941%)(2.464m),19.000(16.765%)(0.000m),22.905(28.631%)(0.311m),27.000(67.500%)(1.821m),16.151(40.377%)(0.659m),0.000,2725.583,67.3,0.6053,"[0.302, 1.114, 1.226, 0.360, 1.363, 1.327]","[2.821, 3.477, 3.279, 2.735, 3.671, 3.324]","[-5.487, -5.758, -5.700, -4.644, -4.471, -5.279]"
919,1,15.7141,2.0281,0.374,708,2206,116,121,0.159,100,2.83,26844,1441.56,1,1,16.000(20.000%)(0.000m),34.000(30.000%)(1.500m),69.000(60.883%)(5.250m),40.967(36.147%)(2.246m),19.368(24.210%)(0.000m),11.000(27.500%)(0.107m),13.635(34.088%)(0.389m),478.623,2555.506,72.1,0.6259,"[0.085, 0.820, 0.489, 0.091, 1.034, 0.604]","[2.797, 3.299, 2.764, 2.889, 3.471, 2.885]","[-4.719, -5.312, -6.483, -4.261, -4.584, -6.167]"
920,1,2.8316,2.0856,0.283,473,1436,95,71,0.159,85,2.83,26892,946.31,0,0,23.000(28.750%)(0.321m),49.000(43.235%)(3.107m),43.741(38.595%)(2.544m),19.544(17.245%)(0.000m),11.143(13.929%)(0.000m),16.000(40.000%)(0.643m),10.228(25.569%)(0.024m),323.632,2596.315,70.3,0.6083,"[0.394, 0.885, 0.768, 0.489, 1.170, 0.941]","[2.352, 3.097, 2.808, 2.422, 3.263, 2.930]","[-4.623, -5.510, -5.352, -4.072, -4.945, -4.829]"
921,1,15.6567,2.4032,0.324,746,2273,49,161,0.159,100,2.93,26967,1445.43,1,1,25.000(31.250%)(0.536m),45.000(39.706%)(2.679m),60.000(52.941%)(4.286m),41.000(36.177%)(2.250m),21.421(26.776%)(0.152m),18.000(45.000%)(0.857m),15.082(37.705%)(0.544m),256.582,2917.040,70.5,0.5789,"[0.979, 1.305, 1.060, 0.996, 1.689, 1.218]","[2.514, 3.133, 2.864, 2.444, 3.258, 2.847]","[-4.225, -2.141, -4.018, -4.159, -2.061, -3.790]"
922,1,2.4708,2.3338,0.309,408,1271,39,88,0.158,80,2.93,27008,761.09,0,0,21.000(26.250%)(0.107m),40.000(35.294%)(2.143m),68.000(60.000%)(5.143m),29.845(26.334%)(1.055m),13.631(17.039%)(0.000m),15.000(37.500%)(0.536m),9.619(24.046%)(0.000m),194.129,2768.196,72.1,0.5810,"[0.327, 0.901, 0.576, 0.420, 1.114, 0.716]","[2.835, 3.444, 2.865, 2.971, 3.670, 2.940]","[-6.442, -5.137, -5.845, -5.625, -4.678, -5.307]"
923,1,15.8282,2.6243,0.331,684,2153,23,190,0.158,100,3.03,27077,1342.06,1,1,20.000(25.000%)(0.000m),49.000(43.235%)(3.107m),73.000(64.412%)(5.679m),48.959(43.200%)(3.103m),23.308(29.136%)(0.354m),14.000(35.000%)(0.429m),16.443(41.108%)(0.690m),487.600,2435.744,72.9,0.5949,"[0.995, 1.175, 0.736, 1.015, 1.523, 0.925]","[2.964, 3.438, 2.764, 2.843, 3.571, 2.870]","[-3.211, -3.875, -6.004, -3.499, -4.030, -5.601]"
924,1,0.4681,2.6515,0.251,261,734,53,0,0.158,55,3.03,27104,490.96,0,0,31.000(38.750%)(1.179m),53.000(46.765%)(3.536m),72.000(63.530%)(5.571m),26.565(23.439%)(0.703m),12.651(15.814%)(0.000m),26.000(65.000%)(1.714m),9.745(24.362%)(0.000m),675.898,3334.348,65.1,0.5680,"[0.938, 1.929, 1.997, 0.921, 2.141, 2.021]","[2.928, 3.803, 3.244, 3.034, 3.935, 3.321]","[-5.938, -4.344, -2.844, -5.438, -4.080, -3.111]"
925,1,-2.4460,2.6304,0.369,336,973,134,26,0.157,65,3.03,27138,645.14,0,0,14.337(17.921%)(0.000m),30.955(27.313%)(1.174m),55.000(48.530%)(3.750m),22.000(19.412%)(0.214m),15.000(18.750%)(0.000m),10.041(25.103%)(0.004m),31.000(77.500%)(2.250m),338.667,2950.251,67.0,0.6593,"[0.545, 0.188, -0.974, 0.602, 0.285, -0.929]","[3.101, 3.801, 3.100, 3.186, 4.025, 3.378]","[-5.128, -6.319, -6.834, -4.844, -5.174, -6.229]"
926,1,13.2848,2.9207,0.370,758,2300,92,124,0.157,100,3.13,27214,1538.96,1,1,17.969(22.461%)(0.000m),38.292(33.787%)(1.960m),56.000(49.412%)(3.857m),40.000(35.294%)(2.143m),22.000(27.500%)(0.214m),12.607(31.516%)(0.279m),16.000(40.000%)(0.643m),327.982,2877.808,70.2,0.6120,"[0.605, 0.934, 0.449, 0.667, 1.128, 0.455]","[2.942, 3.731, 3.225, 3.196, 3.881, 3.079]","[-3.728, -3.589, -5.640, -3.485, -3.999, -5.550]"
927,1,-0.9557,2.7495,0.269,205,588,42,17,0.157,50,3.13,27235,391.24,0,0,11.777(14.722%)(0.000m),22.690(20.021%)(0.288m),65.000(57.353%)(4.821m),39.000(34.412%)(2.036m),27.000(33.750%)(0.750m),9.789(24.473%)(0.000m),27.000(67.500%)(1.821m),409.363,2861.352,66.3,0.6148,"[0.963, 1.280, -0.303, 0.884, 1.387, -0.372]","[2.799, 3.519, 3.113, 2.837, 3.691, 3.190]","[-5.086, -5.124, -5.315, -5.278, -4.782, -5.331]"
928,1,-0.4368,2.7325,0.336,380,1087,112,63,0.156,70,3.12,27273,711.14,0,0,13.000(16.250%)(0.000m),29.000(25.588%)(0.964m),48.000(42.353%)(3.000m),34.000(30.000%)(1.500m),15.763(19.704%)(0.000m),10.000(25.000%)(0.000m),11.039(27.597%)(0.111m),101.493,3103.510,66.2,0.6337,"[0.682, 1.126, 0.928, 0.780, 1.239, 1.047]","[3.075, 3.646, 3.326, 3.144, 3.656, 3.268]","[-5.447, -4.631, -5.850, -4.829, -4.781, -5.765]"
929,1,-0.6555,2.6972,0.431,203,530,15,0,0.156,45,3.12,27294,451.12,0,0,34.000(42.500%)(1.500m),48.000(42.353%)(3.000m),63.000(55.588%)(4.607m),26.128(23.054%)(0.657m),12.638(15.797%)(0.000m),40.000(100.000%)(3.214m),9.860(24.650%)(0.000m),796.048,3619.471,60.4,0.6955,"[0.625, 1.146, 1.344, 0.633, 1.280, 1.370]","[2.712, 3.459, 3.094, 2.681, 3.596, 3.109]","[-6.804, -4.979, -3.325, -5.815, -4.948, -2.944]"
930,1,-0.5312,2.7135,0.314,274,834,9,12,0.156,65,3.12,27322,513.59,0,0,34.000(42.500%)(1.500m),64.000(56.471%)(4.714m),41.000(36.177%)(2.250m),27.000(23.824%)(0.750m),22.000(27.500%)(0.214m),25.000(62.500%)(1.607m),18.609(46.523%)(0.922m),0.000,2390.336,70.5,0.6272,"[0.698, 1.312, 1.237, 0.660, 1.460, 1.327]","[3.048, 3.787, 3.101, 2.980, 3.854, 3.091]","[-5.570, -4.489, -2.952, -4.739, -4.285, -2.817]"
931,1,3.0621,2.7866,0.327,625,1950,155,124,0.155,95,3.11,27385,1197.96,0,0,13.000(16.250%)(0.000m),37.000(32.647%)(1.821m),58.000(51.177%)(4.071m),41.000(36.177%)(2.250m),20.837(26.046%)(0.090m),11.000(27.500%)(0.107m),14.685(36.711%)(0.502m),242.570,2500.920,72.2,0.6056,"[0.244, 0.854, 0.604, 0.252, 1.170, 0.700]","[2.373, 3.148, 2.743, 2.280, 3.278, 2.611]","[-4.978, -3.919, -5.779, -4.828, -4.215, -5.531]"
932,1,6.3984,2.9185,0.409,440,1371,19,41,0.155,80,3.11,27429,858.55,0,0,28.000(35.000%)(0.857m),46.000(40.588%)(2.786m),50.675(44.714%)(3.287m),20.822(18.372%)(0.088m),11.487(14.359%)(0.000m),22.000(55.000%)(1.286m),10.161(25.403%)(0.017m),409.349,2658.264,72.1,0.6242,"[0.704, 0.981, 0.856, 0.704, 1.336, 0.984]","[2.607, 3.478, 2.999, 2.847, 3.742, 3.180]","[-5.193, -5.082, -5.251, -4.756, -5.062, -5.022]"
933,1,11.4661,3.1458,0.320,702,2190,124,142,0.155,100,3.22,27500,1535.62,1,1,20.000(25.000%)(0.000m),44.000(38.824%)(2.571m),60.000(52.941%)(4.286m),37.979(33.511%)(1.926m),17.777(22.222%)(0.000m),14.000(35.000%)(0.429m),12.478(31.195%)(0.265m),295.908,2281.815,72.2,0.7624,"[0.590, 0.906, 0.544, 0.545, 1.130, 0.612]","[2.922, 3.408, 2.759, 2.988, 3.648, 2.826]","[-5.015, -3.232, -5.147, -5.049, -3.486, -4.858]"
934,1,15.8292,3.5048,0.356,683,2152,127,138,0.154,100,3.32,27569,1346.69,2,1,28.000(35.000%)(0.857m),47.000(41.471%)(2.893m),70.000(61.765%)(5.357m),33.000(29.118%)(1.393m),22.000(27.500%)(0.214m),15.000(37.500%)(0.536m),15.633(39.083%)(0.604m),190.865,2282.582,72.9,0.5841,"[0.479, 0.989, 0.770, 0.500, 1.298, 0.906]","[2.987, 3.358, 2.801, 3.227, 3.625, 3.029]","[-5.431, -3.893, -1.553, -4.650, -4.019, -1.969]"
935,1,0.5241,3.1242,0.393,223,624,20,0,0.154,50,3.32,27592,433.78,0,0,35.000(43.750%)(1.607m),56.000(49.412%)(3.857m),42.912(37.864%)(2.455m),19.174(16.918%)(0.000m),10.932(13.665%)(0.000m),27.000(67.500%)(1.821m),10.034(25.085%)(0.004m),818.625,3392.247,64.7,0.6164,"[0.706, 1.546, 1.561, 0.713, 1.764, 1.561]","[2.848, 3.491, 2.749, 2.976, 3.633, 2.767]","[-5.764, -5.235, -5.646, -5.301, -5.447, -5.507]"
936,1,-1.3917,3.1416,0.314,222,657,19,0,0.154,55,3.31,27615,418.33,0,0,35.000(43.750%)(1.607m),53.000(46.765%)(3.536m),49.292(43.493%)(3.138m),20.253(17.871%)(0.027m),11.174(13.967%)(0.000m),24.000(60.000%)(1.500m),9.884(24.709%)(0.000m),693.588,2888.718,68.5,0.6525,"[0.627, 1.419, 1.562, 0.679, 1.701, 1.613]","[2.814, 3.472, 2.978, 3.014, 3.666, 3.047]","[-5.883, -5.692, -5.227, -5.419, -5.578, -5.228]"
937,1,-1.4816,3.1031,0.275,133,387,15,0,0.154,40,3.31,27629,254.12,0,0,38.000(47.500%)(1.929m),50.000(44.118%)(3.214m),42.179(37.217%)(2.376m),18.846(16.629%)(0.000m),10.745(13.431%)(0.000m),40.000(100.000%)(3.214m),9.862(24.656%)(0.000m),426.655,2834.133,67.3,0.7045,"[0.221, 0.366, 0.539, 0.337, 0.577, 0.532]","[2.436, 3.232, 2.725, 2.630, 3.344, 2.780]","[-5.247, -5.868, -5.403, -4.876, -5.249, -5.201]"
938,1,0.4605,2.9625,0.308,343,1024,100,36,0.153,70,3.30,27664,642.66,0,0,14.000(17.500%)(0.000m),40.000(35.294%)(2.143m),66.000(58.235%)(4.929m),35.000(30.882%)(1.607m),17.545(21.932%)(0.000m),10.000(25.000%)(0.000m),12.313(30.781%)(0.248m),118.800,2660.931,69.1,0.6153,"[0.123, 1.112, 1.067, 0.116, 1.320, 1.070]","[2.607, 3.702, 3.137, 2.777, 3.788, 3.181]","[-5.263, -4.899, -6.293, -4.909, -4.893, -5.940]"
939,1,15.0323,3.2600,0.334,690,2166,165,196,0.153,100,3.41,27733,1437.92,1,1,22.000(27.500%)(0.214m),44.000(38.824%)(2.571m),58.000(51.177%)(4.071m),38.998(34.410%)(2.035m),18.293(22.866%)(0.000m),15.000(37.500%)(0.536m),12.848(32.121%)(0.305m),224.663,2267.129,72.7,0.6684,"[0.503, 0.918, 0.650, 0.540, 1.149, 0.696]","[2.428, 3.205, 2.963, 2.532, 3.385, 2.909]","[-4.307, -1.167, -4.530, -4.117, -1.314, -4.268]"
940,1,16.3671,3.6589,0.278,686,2155,74,110,0.153,100,3.51,27802,1418.93,2,1,26.000(32.500%)(0.643m),36.000(31.765%)(1.714m),52.000(45.882%)(3.429m),38.088(33.607%)(1.938m),17.832(22.291%)(0.000m),17.000(42.500%)(0.750m),12.517(31.293%)(0.270m),191.932,2179.607,72.7,0.6703,"[0.242, 0.596, 0.415, 0.304, 0.843, 0.534]","[2.282, 3.016, 2.457, 2.407, 3.166, 2.689]","[-5.484, -3.332, -3.693, -5.017, -3.299, -3.659]"
941,1,6.2966,3.5878,0.326,617,1911,14,118,0.152,95,3.51,27864,1285.64,0,0,13.000(16.250%)(0.000m),25.000(22.059%)(0.536m),48.000(42.353%)(3.000m),39.000(34.412%)(2.036m),23.399(29.249%)(0.364m),10.000(25.000%)(0.000m),16.509(41.272%)(0.697m),235.617,2256.729,71.7,0.5736,"[0.277, 0.508, 0.150, 0.301, 0.729, 0.229]","[2.169, 2.797, 2.359, 2.202, 2.971, 2.579]","[-5.685, -6.306, -6.433, -5.411, -5.140, -5.432]"
942,1,-2.3854,3.5426,0.342,136,377,35,9,0.152,40,3.50,27878,321.62,0,0,61.831(77.289%)(4.482m),113.333(100.000%)(10.000m),19.000(16.765%)(0.000m),20.000(17.647%)(0.000m),76.230(95.288%)(6.025m),40.000(100.000%)(3.214m),40.000(100.000%)(3.214m),0.000,2165.342,64.2,0.8860,"[0.435, 0.638, 0.479, 0.286, 0.679, 0.319]","[2.466, 3.295, 2.427, 2.437, 3.425, 2.577]","[-5.577, -5.693, -6.013, -5.601, -5.664, -6.835]"
943,1,-0.9472,3.5723,0.192,147,432,13,9,0.152,40,3.50,27893,280.13,0,0,29.000(36.250%)(0.964m),44.000(38.824%)(2.571m),51.325(45.287%)(3.356m),21.089(18.608%)(0.117m),11.634(14.543%)(0.000m),30.000(75.000%)(2.143m),10.291(25.728%)(0.031m),295.908,2738.992,68.0,0.7173,"[0.152, 0.722, 0.984, 0.119, 0.924, 1.013]","[2.333, 3.454, 2.733, 2.280, 3.522, 2.916]","[-5.437, -5.512, -5.238, -5.428, -5.557, -5.538]"
944,1,-1.6976,3.5074,0.233,155,429,34,15,0.151,40,3.50,27909,296.38,0,0,10.324(12.906%)(0.000m),15.589(13.755%)(0.000m),26.142(23.067%)(0.658m),36.000(31.765%)(1.714m),27.000(33.750%)(0.750m),11.672(29.180%)(0.179m),40.000(100.000%)(3.214m),231.489,2771.187,64.1,0.6839,"[0.375, 0.489, 0.228, 0.424, 0.656, 0.224]","[2.862, 3.303, 2.614, 3.049, 3.542, 2.839]","[-5.681, -4.917, -5.679, -5.555, -5.017, -5.241]"
945,1,-1.7070,3.1926,0.328,273,831,34,21,0.151,65,3.49,27937,516.08,0,0,29.000(36.250%)(0.964m),53.000(46.765%)(3.536m),74.000(65.294%)(5.786m),31.000(27.353%)(1.179m),22.218(27.773%)(0.238m),24.000(60.000%)(1.500m),15.654(39.136%)(0.606m),23.387,2307.825,70.5,0.6557,"[0.521, 1.191, 1.263, 0.497, 1.440, 1.344]","[3.038, 3.439, 2.704, 3.221, 3.635, 2.867]","[-5.871, -5.258, -3.654, -5.302, -4.811, -3.980]"
946,1,1.0750,3.2136,0.253,216,654,55,25,0.151,55,3.49,27959,413.66,0,0,23.000(28.750%)(0.321m),39.000(34.412%)(2.036m),62.000(54.706%)(4.500m),22.796(20.114%)(0.300m),11.986(14.982%)(0.000m),23.000(57.500%)(1.393m),10.088(25.220%)(0.009m),168.713,2426.998,70.1,0.6882,"[0.527, 1.516, 1.287, 0.454, 1.712, 1.385]","[2.744, 3.619, 3.102, 2.796, 3.724, 3.324]","[-5.801, -5.330, -4.219, -5.466, -5.279, -4.303]"
947,1,20.0291,3.5291,0.407,705,2191,13,178,0.150,100,3.59,28030,1355.25,1,1,24.000(30.000%)(0.429m),33.000(29.118%)(1.393m),46.000(40.588%)(2.786m),41.000(36.177%)(2.250m),25.267(31.584%)(0.564m),18.000(45.000%)(0.857m),17.892(44.729%)(0.846m),206.472,2428.193,71.9,0.5945,"[1.012, 1.173, 0.864, 0.966, 1.464, 0.923]","[2.863, 3.588, 3.153, 2.909, 3.832, 3.341]","[-2.267, -2.128, -3.203, -2.683, -3.178, -3.243]"
948,1,-1.4498,3.4716,0.295,149,425,13,0,0.150,40,3.59,28045,283.12,0,0,38.000(47.500%)(1.929m),68.000(60.000%)(5.143m),71.926(63.464%)(5.563m),25.418(22.428%)(0.581m),12.480(15.600%)(0.000m),40.000(100.000%)(3.214m),9.862(24.656%)(0.000m),1089.552,3457.635,66.1,0.6411,"[0.096, 1.375, 1.656, 0.252, 1.666, 1.689]","[2.492, 3.559, 3.144, 2.746, 3.829, 3.260]","[-6.441, -5.432, -4.117, -5.517, -5.019, -4.251]"
949,1,15.0962,3.7712,0.300,701,2189,150,141,0.150,100,3.69,28116,1413.37,1,1,19.000(23.750%)(0.000m),41.000(36.177%)(2.250m),55.000(48.530%)(3.750m),41.691(36.786%)(2.324m),19.828(24.785%)(0.000m),13.000(32.500%)(0.321m),13.953(34.882%)(0.424m),237.064,2356.967,72.3,0.6281,"[0.259, 0.895, 0.515, 0.359, 1.135, 0.656]","[2.717, 3.297, 2.927, 2.839, 3.493, 2.887]","[-5.442, -2.059, -5.146, -4.984, -2.215, -4.955]"
950,1,12.7372,4.0142,0.324,736,2262,273,161,0.150,100,3.79,28190,1393.31,2,1,19.000(23.750%)(0.000m),39.000(34.412%)(2.036m),43.000(37.941%)(2.464m),34.092(30.081%)(1.510m),15.863(19.829%)(0.000m),13.000(32.500%)(0.321m),11.120(27.801%)(0.120m),265.669,2448.962,71.1,0.5910,"[-0.119, 0.534, 0.174, -0.036, 0.747, 0.332]","[2.737, 3.095, 2.457, 2.933, 3.250, 2.702]","[-5.906, -4.665, -6.426, -5.081, -4.772, -6.083]"
951,1,14.8204,4.1728,0.336,678,2143,15,129,0.149,100,3.89,28258,1447.08,3,1,23.000(28.750%)(0.321m),44.000(38.824%)(2.571m),64.000(56.471%)(4.714m),46.000(40.588%)(2.786m),23.942(29.928%)(0.422m),14.000(35.000%)(0.429m),16.902(42.254%)(0.739m),313.305,2486.861,73.1,0.6846,"[0.733, 0.815, 0.462, 0.724, 1.083, 0.633]","[2.431, 3.319, 2.564, 2.537, 3.442, 2.560]","[-3.481, -4.123, -5.962, -3.917, -4.466, -5.731]"
952,1,16.5364,4.4685,0.336,682,2148,19,173,0.149,100,3.99,28327,1320.07,4,1,23.000(28.750%)(0.321m),50.000(44.118%)(3.214m),68.000(60.000%)(5.143m),46.000(40.588%)(2.786m),24.440(30.550%)(0.476m),14.000(35.000%)(0.429m),17.273(43.183%)(0.779m),420.913,2373.569,72.9,0.5633,"[0.989, 1.182, 0.854, 0.964, 1.430, 0.985]","[2.686, 3.620, 2.979, 2.784, 3.725, 3.106]","[-2.620, -0.483, -1.743, -3.066, -0.348, -1.672]"
953,1,1.0726,4.4788,0.266,447,1338,93,121,0.149,80,3.99,28372,841.79,0,0,18.000(22.500%)(0.000m),38.000(33.530%)(1.929m),35.626(31.435%)(1.674m),17.430(15.379%)(0.000m),10.346(12.933%)(0.000m),13.000(32.500%)(0.321m),9.973(24.934%)(0.000m),200.828,2690.651,69.3,0.6042,"[0.113, 0.244, -0.042, 0.151, 0.383, -0.014]","[2.638, 3.372, 2.747, 2.622, 3.580, 2.858]","[-5.664, -5.731, -5.747, -4.938, -5.275, -5.703]"
954,1,1.6678,4.5435,0.367,313,939,16,46,0.148,65,3.98,28404,636.61,0,0,13.000(16.250%)(0.000m),28.000(24.706%)(0.857m),44.000(38.824%)(2.571m),49.000(43.235%)(3.107m),24.423(30.529%)(0.474m),10.000(25.000%)(0.000m),17.260(43.150%)(0.778m),158.008,2566.125,69.4,0.6832,"[-0.039, 0.205, -0.084, -0.090, 0.491, 0.142]","[2.253, 2.822, 2.722, 2.373, 3.138, 2.794]","[-4.401, -5.470, -6.818, -3.835, -4.794, -6.297]"
955,1,-7.0994,4.2865,0.243,524,1518,202,120,0.148,85,3.98,28457,991.23,0,0,18.051(22.564%)(0.000m),20.000(17.647%)(0.000m),21.000(18.529%)(0.107m),26.000(22.941%)(0.643m),21.000(26.250%)(0.107m),12.704(31.761%)(0.290m),15.000(37.500%)(0.536m),0.000,2223.214,67.1,0.5903,"[-0.300, -0.226, -1.306, -0.310, -0.115, -1.312]","[2.247, 2.988, 2.417, 2.385, 3.189, 2.571]","[-5.724, -4.506, -5.641, -5.400, -5.180, -6.086]"
956,1,3.8105,4.3809,0.275,453,1416,72,82,0.148,85,3.97,28503,1016.01,0,0,22.000(27.500%)(0.214m),46.000(40.588%)(2.786m),44.495(39.260%)(2.624m),19.881(17.542%)(0.000m),11.335(14.169%)(0.000m),16.000(40.000%)(0.643m),10.404(26.010%)(0.043m),306.868,2433.412,72.4,0.7843,"[0.389, 0.912, 0.703, 0.412, 1.177, 0.826]","[2.362, 3.148, 2.803, 2.402, 3.358, 2.804]","[-4.895, -5.439, -5.693, -4.661, -5.678, -5.580]"
957,1,17.8735,4.7372,0.311,684,2152,17,136,0.148,100,4.08,28572,1302.35,1,1,22.000(27.500%)(0.214m),42.000(37.059%)(2.357m),64.000(56.471%)(4.714m),40.000(35.294%)(2.143m),25.335(31.668%)(0.572m),15.000(37.500%)(0.536m),17.909(44.773%)(0.847m),220.533,2332.588,72.8,0.5783,"[0.773, 1.077, 0.806, 0.840, 1.424, 0.985]","[2.109, 2.740, 2.300, 2.161, 2.934, 2.339]","[-3.920, -1.880, -1.606, -3.975, -1.834, -2.082]"
958,1,-0.3355,4.7207,0.194,184,543,18,31,0.147,50,4.07,28591,363.67,0,0,24.000(30.000%)(0.429m),39.000(34.412%)(2.036m),57.000(50.294%)(3.964m),22.092(19.493%)(0.224m),11.615(14.519%)(0.000m),21.000(52.500%)(1.179m),9.776(24.441%)(0.000m),220.720,2600.808,68.2,0.6473,"[0.782, 1.334, 1.329, 0.861, 1.559, 1.322]","[2.496, 3.403, 3.073, 2.687, 3.624, 3.042]","[-6.136, -5.401, -4.808, -5.624, -5.599, -4.837]"
959,1,3.5899,4.7274,0.251,266,818,11,26,0.147,65,4.07,28618,496.03,0,0,25.000(31.250%)(0.536m),36.000(31.765%)(1.714m),46.000(40.588%)(2.786m),21.000(18.529%)(0.107m),23.000(28.750%)(0.321m),25.000(62.500%)(1.607m),16.787(41.967%)(0.727m),0.000,2058.825,71.2,0.6459,"[-0.075, 0.683, 0.771, 0.065, 0.843, 0.911]","[2.323, 3.350, 2.974, 2.513, 3.505, 2.976]","[-6.418, -6.171, -6.509, -4.893, -4.962, -6.048]"
960,1,17.8278,5.0699,0.317,677,2140,137,129,0.147,100,4.17,28686,1355.54,1,1,24.000(30.000%)(0.429m),44.000(38.824%)(2.571m),68.000(60.000%)(5.143m),31.517(27.809%)(1.234m),14.461(18.076%)(0.000m),17.000(42.500%)(0.750m),10.114(25.286%)(0.012m),194.489,2224.738,73.1,0.6418,"[0.329, 0.716, 0.551, 0.425, 0.963, 0.650]","[2.766, 3.362, 2.709, 2.887, 3.504, 2.808]","[-5.822, -5.235, -5.233, -4.995, -4.861, -4.997]"
961,1,-2.2433,5.0687,0.294,453,1375,146,93,0.146,80,4.16,28732,1009.49,0,0,18.392(22.989%)(0.000m),39.000(34.412%)(2.036m),19.000(16.765%)(0.000m),20.000(17.647%)(0.000m),20.000(25.000%)(0.000m),12.912(32.280%)(0.312m),14.000(35.000%)(0.429m),0.000,2242.111,70.3,0.7720,"[-0.051, 0.115, -0.555, -0.010, 0.338, -0.604]","[2.689, 3.588, 2.966, 2.668, 3.716, 2.958]","[-5.738, -6.215, -7.206, -5.267, -5.862, -7.461]"
962,1,3.9113,5.0391,0.281,603,1908,120,166,0.146,95,4.16,28793,1220.48,0,0,13.000(16.250%)(0.000m),43.000(37.941%)(2.464m),61.000(53.824%)(4.393m),32.000(28.235%)(1.286m),18.328(22.910%)(0.000m),11.000(27.500%)(0.107m),12.865(32.163%)(0.307m),35.615,2056.206,73.2,0.6561,"[0.210, 0.679, 0.433, 0.287, 0.960, 0.617]","[2.453, 3.248, 2.727, 2.587, 3.337, 2.813]","[-5.334, -4.345, -5.941, -4.332, -4.242, -5.755]"
963,1,17.2906,5.3936,0.303,684,2149,142,194,0.146,100,4.26,28862,1336.42,1,1,20.000(25.000%)(0.000m),49.000(43.235%)(3.107m),69.000(60.883%)(5.250m),48.000(42.353%)(3.000m),23.016(28.770%)(0.323m),14.000(35.000%)(0.429m),15.000(37.500%)(0.536m),469.312,3004.921,72.7,0.6010,"[0.599, 0.828, 0.594, 0.665, 1.143, 0.747]","[2.382, 3.175, 2.727, 2.312, 3.344, 2.938]","[-3.407, -2.851, -5.512, -3.454, -3.254, -5.105]"
964,1,-1.2980,5.3379,0.327,174,488,18,2,0.145,45,4.25,28880,335.02,0,0,32.000(40.000%)(1.286m),55.000(48.530%)(3.750m),40.689(35.902%)(2.217m),18.634(16.442%)(0.000m),10.735(13.419%)(0.000m),29.000(72.500%)(2.036m),9.975(24.939%)(0.000m),778.848,3277.000,64.9,0.6387,"[0.264, 1.238, 1.419, 0.272, 1.458, 1.517]","[2.616, 3.271, 2.806, 2.620, 3.419, 2.979]","[-5.999, -5.479, -5.357, -5.645, -5.512, -5.514]"
965,1,13.0903,5.6139,0.363,749,2285,251,132,0.145,100,4.35,28955,1492.80,1,1,19.000(23.750%)(0.000m),41.000(36.177%)(2.250m),55.000(48.530%)(3.750m),39.000(34.412%)(2.036m),18.944(23.679%)(0.000m),11.000(27.500%)(0.107m),13.313(33.281%)(0.355m),172.185,3211.701,70.6,0.5947,"[0.301, 1.001, 0.771, 0.398, 1.213, 0.939]","[2.929, 3.409, 2.752, 3.013, 3.504, 2.908]","[-4.853, -4.088, -6.069, -4.722, -4.648, -5.412]"
966,1,0.0851,5.5165,0.279,423,1313,110,90,0.145,80,4.35,28998,819.56,0,0,22.000(27.500%)(0.214m),20.000(17.647%)(0.000m),22.000(19.412%)(0.214m),35.689(31.490%)(1.681m),16.593(20.741%)(0.000m),16.000(40.000%)(0.643m),11.628(29.071%)(0.174m),0.000,2206.305,71.8,0.5966,"[0.443, 0.767, 0.472, 0.527, 0.964, 0.594]","[2.849, 3.633, 3.019, 3.035, 3.789, 3.096]","[-6.876, -5.256, -5.882, -6.355, -5.022, -5.978]"
967,1,21.8423,5.9421,0.331,711,2206,87,111,0.145,100,4.45,29070,1390.06,1,1,25.000(31.250%)(0.536m),44.000(38.824%)(2.571m),55.000(48.530%)(3.750m),37.377(32.980%)(1.862m),17.456(21.820%)(0.000m),18.000(45.000%)(0.857m),12.241(30.602%)(0.240m),188.200,2649.170,71.8,0.5719,"[0.639, 1.070, 0.870, 0.641, 1.405, 1.077]","[2.741, 3.252, 2.714, 2.759, 3.564, 2.808]","[-4.816, -2.144, -3.047, -4.793, -2.279, -2.837]"
968,1,1.2216,5.9641,0.301,330,994,112,57,0.144,70,4.44,29103,616.07,0,0,12.000(15.000%)(0.000m),39.000(34.412%)(2.036m),49.000(43.235%)(3.107m),38.000(33.530%)(1.929m),20.424(25.530%)(0.045m),11.000(27.500%)(0.107m),14.367(35.919%)(0.468m),141.758,2343.081,69.7,0.5835,"[0.552, 1.091, 1.013, 0.504, 1.335, 1.093]","[2.893, 3.489, 3.205, 3.015, 3.802, 3.280]","[-3.760, -3.507, -4.895, -3.984, -3.684, -4.423]"
969,1,2.2704,5.6953,0.314,471,1477,15,110,0.144,85,4.44,29151,978.02,0,0,24.000(30.000%)(0.429m),43.000(37.941%)(2.464m),60.000(52.941%)(4.286m),26.359(23.258%)(0.681m),12.553(15.692%)(0.000m),20.000(50.000%)(1.071m),9.669(24.173%)(0.000m),204.682,2382.486,72.6,0.6454,"[0.729, 1.024, 0.843, 0.805, 1.327, 1.051]","[2.940, 3.532, 2.921, 2.988, 3.784, 3.087]","[-5.825, -5.085, -3.364, -5.075, -5.092, -3.170]"
970,1,0.0350,5.6393,0.344,120,346,31,8,0.144,35,4.43,29163,259.14,0,0,23.000(28.750%)(0.321m),20.000(17.647%)(0.000m),20.000(17.647%)(0.000m),108.679(95.893%)(9.501m),59.957(74.946%)(4.281m),40.000(100.000%)(3.214m),40.000(100.000%)(3.214m),0.000,2207.208,66.7,0.8819,"[0.611, 0.414, 0.251, 0.764, 0.554, 0.311]","[2.720, 3.226, 2.542, 2.664, 3.506, 2.801]","[-4.320, -5.661, -5.295, -3.035, -5.307, -5.521]"
971,1,16.6650,5.6595,0.321,717,2218,112,154,0.143,100,4.53,29235,1393.20,1,1,17.389(21.736%)(0.000m),37.245(32.864%)(1.848m),63.000(55.588%)(4.607m),44.000(38.824%)(2.571m),22.000(27.500%)(0.214m),12.193(30.483%)(0.235m),16.000(40.000%)(0.643m),308.593,2641.470,71.6,0.5990,"[0.756, 1.012, 0.353, 0.880, 1.407, 0.479]","[2.623, 3.160, 2.758, 2.633, 3.516, 2.881]","[-3.683, -2.475, -5.259, -3.848, -2.265, -5.158]"
972,1,17.2816,5.9557,0.384,669,2120,65,129,0.143,100,4.63,29302,1327.38,2,1,24.000(30.000%)(0.429m),34.000(30.000%)(1.500m),53.000(46.765%)(3.536m),40.437(35.680%)(2.190m),19.006(23.757%)(0.000m),16.000(40.000%)(0.643m),13.351(33.377%)(0.359m),121.727,2321.976,73.3,0.5977,"[0.655, 1.169, 0.895, 0.712, 1.548, 1.061]","[2.960, 3.541, 2.997, 3.111, 3.880, 3.355]","[-4.731, -2.132, -4.906, -4.543, -2.590, -4.837]"
973,1,0.8148,5.6554,0.317,467,1401,89,72,0.143,80,4.62,29349,926.17,0,0,21.000(26.250%)(0.107m),20.000(17.647%)(0.000m),30.000(26.471%)(1.071m),46.593(41.111%)(2.849m),22.134(27.668%)(0.229m),15.000(37.500%)(0.536m),15.596(38.990%)(0.600m),0.000,2620.897,69.4,0.6109,"[0.882, 1.356, 1.018, 1.071, 1.617, 1.182]","[3.270, 3.667, 3.032, 3.222, 3.984, 3.195]","[-5.355, -4.636, -5.328, -4.766, -5.937, -5.934]"
974,1,-0.6181,5.6337,0.344,464,1394,65,106,0.143,80,4.62,29396,969.00,0,0,25.233(31.541%)(0.561m),20.000(17.647%)(0.000m),19.000(16.765%)(0.000m),34.000(30.000%)(1.500m),21.000(26.250%)(0.107m),17.928(44.819%)(0.849m),15.000(37.500%)(0.536m),0.000,2733.993,69.6,0.6782,"[0.542, 0.654, 0.433, 0.609, 0.830, 0.490]","[2.840, 3.600, 3.366, 2.785, 3.784, 3.350]","[-5.287, -4.661, -5.374, -5.020, -4.851, -5.151]"
975,1,20.0145,6.0829,0.445,694,2169,3,105,0.142,100,4.72,29466,1432.88,1,1,23.000(28.750%)(0.321m),35.000(30.882%)(1.607m),69.000(60.883%)(5.250m),48.619(42.899%)(3.066m),23.707(29.633%)(0.397m),16.000(40.000%)(0.643m),16.742(41.854%)(0.722m),242.606,2436.371,72.3,0.6472,"[0.934, 1.272, 0.978, 1.020, 1.633, 1.191]","[2.774, 3.404, 2.982, 2.785, 3.683, 2.964]","[-4.366, -0.980, -4.552, -4.279, -1.747, -4.219]"
976,1,-0.6426,5.8044,0.298,321,951,70,66,0.142,65,4.71,29499,605.86,0,0,13.000(16.250%)(0.000m),26.000(22.941%)(0.643m),48.000(42.353%)(3.000m),37.000(32.647%)(1.821m),21.205(26.507%)(0.129m),20.000(50.000%)(1.071m),14.928(37.319%)(0.528m),326.857,2775.815,68.6,0.5891,"[0.051, 0.689, 0.531, -0.053, 0.782, 0.675]","[2.715, 3.414, 2.796, 2.643, 3.687, 3.091]","[-4.881, -4.394, -5.730, -4.595, -5.011, -5.402]"
977,1,-0.0186,5.8231,0.377,431,1337,36,86,0.142,80,4.71,29543,817.34,0,0,19.000(23.750%)(0.000m),41.000(36.177%)(2.250m),58.000(51.177%)(4.071m),26.335(23.237%)(0.679m),12.542(15.677%)(0.000m),13.000(32.500%)(0.321m),9.661(24.151%)(0.000m),261.872,2494.338,71.8,0.5923,"[0.741, 0.919, 0.806, 0.847, 1.281, 0.915]","[2.784, 3.845, 3.175, 2.885, 4.019, 3.253]","[-6.119, -6.153, -4.039, -4.605, -4.993, -3.868]"
978,1,0.6044,5.8439,0.374,334,996,72,47,0.141,70,4.70,29577,632.00,0,0,19.367(24.209%)(0.000m),38.000(33.530%)(1.929m),71.000(62.647%)(5.464m),16.000(14.118%)(0.000m),10.000(12.500%)(0.000m),13.610(34.025%)(0.387m),11.000(27.500%)(0.107m),249.048,2759.946,69.0,0.6142,"[0.773, 0.866, -0.171, 0.846, 1.101, -0.008]","[3.287, 3.767, 3.123, 3.345, 3.900, 3.233]","[-5.383, -7.176, -7.379, -4.407, -5.712, -7.498]"
979,1,1.3006,5.8831,0.386,438,1344,100,97,0.141,80,4.70,29621,825.78,0,0,25.000(31.250%)(0.536m),19.000(16.765%)(0.000m),19.000(16.765%)(0.000m),21.000(18.529%)(0.107m),22.263(27.829%)(0.242m),18.000(45.000%)(0.857m),15.698(39.246%)(0.611m),0.000,2150.537,71.0,0.6094,"[0.374, 0.676, 0.305, 0.523, 0.874, 0.326]","[2.855, 3.669, 3.062, 2.831, 3.763, 3.237]","[-7.313, -6.633, -8.894, -6.346, -6.380, -9.234]"
980,1,15.3072,6.1998,0.335,709,2202,97,114,0.141,100,4.80,29692,1394.97,1,1,19.000(23.750%)(0.000m),44.000(38.824%)(2.571m),56.000(49.412%)(3.857m),33.000(29.118%)(1.393m),20.642(25.803%)(0.069m),13.000(32.500%)(0.321m),14.541(36.351%)(0.486m),74.262,2356.029,71.9,0.6211,"[0.522, 1.185, 0.956, 0.654, 1.436, 1.040]","[3.058, 3.597, 3.054, 3.071, 3.739, 3.088]","[-5.890, -4.651, -2.199, -4.753, -3.870, -2.549]"
981,1,-1.2660,6.1133,0.323,164,461,13,9,0.141,45,4.79,29709,316.53,0,0,29.000(36.250%)(0.964m),45.000(39.706%)(2.679m),41.129(36.291%)(2.264m),18.836(16.620%)(0.000m),10.852(13.565%)(0.000m),32.000(80.000%)(2.357m),10.083(25.209%)(0.009m),438.508,3014.193,65.1,0.6299,"[0.774, 0.935, 0.972, 0.853, 1.300, 1.030]","[2.901, 3.003, 2.778, 2.927, 3.252, 2.869]","[-4.874, -5.343, -5.077, -4.287, -5.131, -5.347]"
982,1,-1.5510,5.9543,0.395,143,409,24,8,0.140,40,4.79,29724,337.60,0,0,30.000(37.500%)(1.071m),40.000(35.294%)(2.143m),38.189(33.696%)(1.949m),18.683(16.485%)(0.000m),11.090(13.863%)(0.000m),40.000(100.000%)(3.214m),10.691(26.727%)(0.074m),309.901,2732.588,66.1,0.9961,"[0.392, 0.773, 0.639, 0.400, 1.010, 0.670]","[2.507, 3.066, 2.647, 2.539, 3.300, 2.694]","[-4.939, -5.370, -5.443, -4.786, -4.929, -5.453]"
983,1,1.1510,5.7480,0.358,313,964,86,60,0.140,70,4.78,29756,622.29,0,0,14.000(17.500%)(0.000m),35.000(30.882%)(1.607m),55.000(48.530%)(3.750m),42.000(37.059%)(2.357m),21.220(26.525%)(0.131m),10.000(25.000%)(0.000m),14.938(37.346%)(0.529m),183.524,2342.307,71.3,0.6567,"[0.223, 0.900, 0.725, 0.256, 1.172, 0.844]","[2.901, 3.159, 2.860, 3.061, 3.511, 2.930]","[-4.598, -4.796, -6.115, -4.658, -4.975, -5.673]"
984,1,-0.5749,5.4199,0.346,175,513,20,23,0.140,45,4.78,29774,339.18,0,0,26.000(32.500%)(0.643m),40.000(35.294%)(2.143m),38.706(34.153%)(2.004m),18.143(16.009%)(0.000m),10.560(13.200%)(0.000m),23.000(57.500%)(1.393m),9.933(24.833%)(0.000m),307.548,2724.042,67.8,0.7074,"[0.719, 1.300, 1.405, 0.655, 1.594, 1.439]","[2.869, 3.649, 3.345, 2.894, 3.990, 3.398]","[-4.971, -5.595, -5.010, -4.549, -5.435, -5.142]"
985,1,17.6670,5.7628,0.285,708,2199,77,84,0.139,100,4.87,29845,1364.97,1,1,25.000(31.250%)(0.536m),42.000(37.059%)(2.357m),70.000(61.765%)(5.357m),43.000(37.941%)(2.464m),21.626(27.033%)(0.174m),18.000(45.000%)(0.857m),15.229(38.074%)(0.560m),292.856,2379.526,71.9,0.5893,"[0.941, 1.335, 1.027, 0.994, 1.624, 1.220]","[3.096, 3.750, 3.255, 3.097, 3.903, 3.300]","[-3.792, -0.840, -3.002, -3.765, -0.665, -2.909]"
986,1,0.9657,5.8099,0.303,305,895,127,39,0.139,65,4.87,29876,609.42,0,0,23.000(28.750%)(0.321m),36.000(31.765%)(1.714m),33.000(29.118%)(1.393m),23.000(20.294%)(0.321m),18.924(23.655%)(0.000m),23.000(57.500%)(1.393m),13.299(33.249%)(0.354m),0.000,2197.333,67.9,0.6269,"[0.436, 0.670, 0.636, 0.403, 0.904, 0.764]","[2.705, 3.155, 2.586, 2.654, 3.433, 2.771]","[-4.951, -6.526, -6.090, -4.085, -5.206, -5.382]"
987,1,2.7716,5.8950,0.309,623,1945,55,121,0.139,95,4.86,29939,1203.57,0,0,12.000(15.000%)(0.000m),46.000(40.588%)(2.786m),49.000(43.235%)(3.107m),33.000(29.118%)(1.393m),22.892(28.615%)(0.310m),11.000(27.500%)(0.107m),16.182(40.456%)(0.662m),55.344,2334.940,72.3,0.6310,"[0.656, 1.158, 1.011, 0.758, 1.497, 1.153]","[2.467, 3.153, 3.064, 2.445, 3.386, 2.944]","[-5.534, -5.046, -2.509, -4.846, -4.459, -2.884]"
988,1,-1.1994,5.8618,0.302,153,423,13,0,0.139,40,4.86,29955,311.82,0,0,34.000(42.500%)(1.500m),51.000(45.000%)(3.321m),23.021(20.312%)(0.324m),14.184(12.515%)(0.000m),9.600(12.001%)(0.000m),40.000(100.000%)(3.214m),11.265(28.163%)(0.136m),606.770,3159.787,64.0,0.7136,"[0.834, 1.389, 1.500, 0.961, 1.677, 1.499]","[2.433, 3.274, 2.963, 2.558, 3.528, 3.025]","[-5.218, -5.481, -6.157, -4.611, -5.031, -6.040]"
989,1,11.8113,5.7973,0.306,698,2184,188,181,0.138,100,4.95,30025,1365.17,1,1,18.000(22.500%)(0.000m),38.000(33.530%)(1.929m),54.000(47.647%)(3.643m),31.472(27.770%)(1.229m),14.524(18.155%)(0.000m),13.000(32.500%)(0.321m),10.170(25.424%)(0.018m),210.505,2315.150,72.4,0.6251,"[0.153, 0.739, 0.462, 0.278, 0.990, 0.589]","[2.429, 3.377, 2.911, 2.615, 3.707, 2.988]","[-5.630, -3.818, -5.719, -5.180, -3.612, -5.509]"
990,1,2.8654,5.5273,0.308,586,1835,119,116,0.138,95,4.95,30084,1178.83,0,0,20.000(25.000%)(0.000m),15.000(13.235%)(0.000m),24.000(21.177%)(0.429m),40.000(35.294%)(2.143m),22.900(28.625%)(0.311m),14.000(35.000%)(0.429m),16.158(40.395%)(0.660m),295.908,2247.192,72.5,0.6682,"[0.504, 1.051, 0.761, 0.582, 1.327, 0.922]","[3.113, 3.534, 3.045, 3.074, 3.799, 3.152]","[-6.983, -5.924, -5.528, -4.822, -5.764, -6.017]"
991,1,-2.2837,5.3557,0.329,465,1402,139,91,0.138,80,4.94,30131,929.00,0,0,16.376(20.470%)(0.000m),22.000(19.412%)(0.214m),32.000(28.235%)(1.286m),37.000(32.647%)(1.821m),20.000(25.000%)(0.000m),11.497(28.741%)(0.160m),14.000(35.000%)(0.429m),0.000,2506.418,69.8,0.6794,"[0.360, 0.464, -0.871, 0.483, 0.622, -0.837]","[2.660, 3.452, 2.970, 2.840, 3.695, 3.050]","[-4.782, -6.281, -5.854, -4.177, -7.240, -6.942]"
992,1,14.1990,5.6874,0.320,704,2192,115,178,0.138,100,5.04,30202,1350.95,1,1,19.000(23.750%)(0.000m),37.000(32.647%)(1.821m),45.000(39.706%)(2.679m),35.000(30.882%)(1.607m),22.839(28.549%)(0.304m),12.000(30.000%)(0.214m),16.106(40.264%)(0.654m),199.479,2282.569,72.1,0.5903,"[0.778, 1.191, 0.974, 0.830, 1.559, 1.121]","[3.150, 3.489, 2.917, 3.270, 3.713, 3.125]","[-4.309, -2.711, -3.645, -4.036, -2.841, -3.363]"
993,1,4.4117,5.7946,0.331,622,1949,188,157,0.137,95,5.04,30265,1266.98,0,0,16.000(20.000%)(0.000m),44.000(38.824%)(2.571m),57.000(50.294%)(3.964m),32.871(29.004%)(1.379m),15.319(19.148%)(0.000m),10.000(25.000%)(0.000m),10.740(26.850%)(0.079m),182.891,2219.328,72.5,0.6614,"[0.310, 0.987, 0.864, 0.451, 1.283, 1.035]","[2.908, 3.586, 3.349, 2.949, 3.879, 3.295]","[-5.931, -4.497, -4.368, -5.458, -4.572, -4.031]"
994,1,-0.7307,5.8139,0.354,239,713,28,8,0.137,60,5.03,30289,434.80,0,0,29.000(36.250%)(0.964m),66.000(58.235%)(4.929m),72.109(63.625%)(5.583m),25.614(22.600%)(0.601m),12.576(15.720%)(0.000m),25.000(62.500%)(1.607m),9.938(24.846%)(0.000m),1154.935,3028.872,69.1,0.6107,"[0.707, 1.295, 1.215, 0.724, 1.609, 1.390]","[2.762, 3.209, 2.820, 2.643, 3.363, 2.883]","[-6.249, -5.179, -3.352, -5.500, -4.667, -3.231]"
995,1,-0.5644,5.8368,0.289,196,532,14,0,0.137,45,5.03,30309,463.44,0,0,34.000(42.500%)(1.500m),48.000(42.353%)(3.000m),62.000(54.706%)(4.500m),23.624(20.845%)(0.388m),12.101(15.126%)(0.000m),28.000(70.000%)(1.929m),9.932(24.831%)(0.000m),640.000,3627.539,62.8,0.9530,"[0.272, 1.662, 1.752, 0.266, 1.828, 1.827]","[3.026, 3.527, 3.095, 3.057, 3.724, 3.344]","[-6.329, -5.629, -4.439, -6.141, -5.897, -4.647]"
996,1,0.6943,5.8292,0.414,345,999,97,41,0.136,70,5.02,30344,639.37,0,0,11.000(13.750%)(0.000m),17.000(15.000%)(0.000m),30.000(26.471%)(1.071m),40.899(36.087%)(2.239m),19.334(24.167%)(0.000m),26.000(65.000%)(1.714m),13.610(34.025%)(0.387m),314.565,2860.054,67.0,0.6050,"[0.509, 1.214, 0.768, 0.586, 1.444, 0.955]","[2.837, 3.623, 3.107, 2.922, 3.765, 3.219]","[-7.485, -6.361, -6.526, -6.212, -6.634, -5.861]"
997,1,-1.2488,5.4036,0.254,187,528,13,4,0.136,45,5.02,30363,370.14,0,0,31.000(38.750%)(1.179m),49.000(43.235%)(3.107m),68.715(60.631%)(5.219m),24.308(21.449%)(0.462m),12.282(15.353%)(0.000m),25.000(62.500%)(1.607m),9.955(24.887%)(0.000m),535.259,3248.049,65.3,0.7556,"[0.946, 1.772, 1.731, 0.997, 1.990, 1.779]","[3.478, 3.693, 3.184, 3.589, 3.919, 3.424]","[-4.565, -5.226, -3.347, -4.721, -5.184, -3.663]"
998,1,-0.8046,5.4165,0.371,459,1388,133,107,0.136,80,5.01,30409,884.32,0,0,20.978(26.222%)(0.105m),20.000(17.647%)(0.000m),31.000(27.353%)(1.179m),39.000(34.412%)(2.036m),21.000(26.250%)(0.107m),14.765(36.912%)(0.510m),15.000(37.500%)(0.536m),0.000,2249.222,70.0,0.6173,"[0.308, 0.321, -0.207, 0.373, 0.576, -0.214]","[2.938, 3.237, 2.773, 2.874, 3.281, 2.837]","[-5.540, -5.715, -5.054, -5.188, -5.499, -5.526]"
999,1,16.5948,5.4465,0.337,725,2234,84,127,0.136,100,5.11,30482,1372.60,1,1,21.000(26.250%)(0.107m),49.000(43.235%)(3.107m),67.000(59.118%)(5.036m),44.000(38.824%)(2.571m),22.042(27.553%)(0.219m),15.000(37.500%)(0.536m),15.527(38.819%)(0.592m),335.672,2587.422,71.3,0.5710,"[1.239, 1.525, 1.045, 1.308, 1.869, 1.260]","[2.938, 3.378, 3.110, 3.018, 3.631, 3.272]","[-3.302, -0.774, -5.456, -3.570, -0.732, -5.026]"
1000,1,1.3259,5.2182,0.336,469,1454,13,78,0.135,85,5.10,30529,920.19,0,0,26.000(32.500%)(0.643m),44.000(38.824%)(2.571m),67.000(59.118%)(5.036m),25.177(22.215%)(0.555m),12.362(15.452%)(0.000m),23.000(57.500%)(1.393m),9.769(24.422%)(0.000m),295.908,2700.446,71.8,0.6081,"[0.581, 1.185, 1.088, 0.699, 1.499, 1.199]","[2.941, 3.772, 3.264, 3.054, 3.904, 3.293]","[-6.261, -5.257, -4.088, -5.713, -5.127, -4.272]"
