episode,stage,reward,avg_reward,MSE,timeframe,steps,close distance,near_miss,epsilon,progress_pct,success_rate,Buffer,time_ms,streak,reached_finish,min_R2,min_R1,min_F,min_L1,min_L2,min_SR,min_SL,min_ttc,avg_ttc,avg_speed,avg_inference_time,Q_avg,Q_max,Q_min
1,1,-6.5100,-6.5100,0.000,97,235,17,0,1.000,25,0.00,10,466.00,0,0,77.786(97.233%)(6.191m),55.659(49.111%)(3.821m),20.632(18.205%)(0.068m),13.216(11.661%)(0.000m),9.193(11.491%)(0.000m),40.000(100.000%)(3.214m),11.342(28.354%)(0.144m),4760.221,8191.265,56.0,0.0000,"[-0.110, 0.126, -0.043, 0.049, 0.161, 0.005]","[-0.088, 0.130, -0.039, 0.067, 0.170, 0.015]","[-0.117, 0.122, -0.054, 0.004, 0.130, -0.000]"
2,1,-7.6083,-7.0591,0.954,277,688,9,36,0.998,55,0.00,38,1024.06,0,0,12.000(15.000%)(0.000m),19.000(16.765%)(0.000m),102.000(90.000%)(8.786m),57.828(51.025%)(4.053m),27.934(34.918%)(0.850m),11.000(27.500%)(0.107m),19.935(49.837%)(1.064m),3425.449,8167.231,57.5,0.0000,"[-0.109, 0.110, -0.053, 0.034, 0.161, 0.024]","[-0.078, 0.131, -0.029, 0.067, 0.175, 0.161]","[-0.123, -0.033, -0.137, -0.048, 0.148, -0.001]"
3,1,-7.7520,-7.2901,1.020,241,589,18,0,0.996,50,0.00,63,870.40,0,0,10.886(13.607%)(0.000m),17.676(15.597%)(0.000m),33.571(29.621%)(1.454m),50.000(44.118%)(3.214m),34.000(42.500%)(1.500m),11.020(27.550%)(0.109m),40.000(100.000%)(3.214m),1124.539,4632.736,56.6,0.0000,"[0.028, -0.103, -0.489, 0.031, 0.227, 0.373]","[0.136, 0.031, -0.204, 0.431, 0.399, 0.486]","[-0.094, -0.211, -0.709, -0.170, 0.138, 0.226]"
4,1,-9.1379,-7.7520,1.052,252,613,50,5,0.994,50,0.00,89,885.10,0,0,33.000(41.250%)(1.393m),38.000(33.530%)(1.929m),24.011(21.187%)(0.430m),14.318(12.633%)(0.000m),9.483(11.854%)(0.000m),26.201(65.503%)(1.736m),10.721(26.801%)(0.077m),568.910,6704.965,56.3,0.0000,"[0.202, 0.180, 0.000, 0.262, 0.364, 0.269]","[0.275, 0.448, 0.583, 0.703, 0.483, 0.507]","[-0.071, 0.080, -0.271, -1.202, 0.126, 0.098]"
5,1,-8.7422,-7.9501,0.856,240,584,76,20,0.992,50,0.00,113,785.89,0,0,24.562(30.702%)(0.489m),21.000(18.529%)(0.107m),20.000(17.647%)(0.000m),21.000(18.529%)(0.107m),67.076(83.845%)(5.044m),17.470(43.675%)(0.800m),40.000(100.000%)(3.214m),0.000,7716.287,56.3,0.0000,"[0.212, -0.006, 0.068, 0.334, 0.371, 0.142]","[0.347, 0.081, 0.744, 1.064, 0.530, 0.618]","[-0.027, -0.102, -0.618, -0.995, 0.084, -0.243]"
6,1,-5.4282,-7.5297,0.997,75,192,12,0,0.990,25,0.00,121,294.35,0,0,78.639(98.299%)(6.283m),113.333(100.000%)(10.000m),60.964(53.792%)(4.389m),23.200(20.470%)(0.343m),12.042(15.052%)(0.000m),40.000(100.000%)(3.214m),10.009(25.023%)(0.001m),3033.773,7607.015,59.2,0.0000,"[0.149, -0.051, 0.265, -0.515, 0.378, 0.709]","[0.275, 0.068, 0.405, 0.523, 0.578, 0.941]","[0.001, -0.175, 0.109, -1.638, 0.134, 0.476]"
7,1,-5.7301,-7.2727,1.594,158,397,18,0,0.988,40,0.00,137,578.93,0,0,11.726(14.658%)(0.000m),21.758(19.199%)(0.188m),56.573(49.917%)(3.918m),77.000(67.941%)(6.107m),57.000(71.250%)(3.964m),10.119(25.296%)(0.013m),40.000(100.000%)(3.214m),3835.215,9016.193,58.1,4.8601,"[0.472, 0.241, -0.475, 0.893, 0.595, -0.079]","[0.536, 0.454, -0.171, 1.504, 0.800, 0.434]","[0.414, 0.136, -1.129, 0.518, 0.490, -0.756]"
8,1,-2.6247,-6.6917,1.059,164,433,5,15,0.986,40,0.00,154,614.14,0,0,45.893(57.366%)(2.774m),84.403(74.474%)(6.900m),55.000(48.530%)(3.750m),25.000(22.059%)(0.536m),23.000(28.750%)(0.321m),38.627(96.566%)(3.067m),40.000(100.000%)(3.214m),0.000,2631.298,61.1,0.0000,"[0.238, 0.186, 0.153, 0.118, 0.481, 0.138]","[0.386, 0.397, 0.379, 0.805, 0.660, 0.243]","[-0.016, -0.172, -0.040, -0.883, 0.191, -0.066]"
9,1,-5.6594,-6.5770,0.941,68,169,15,0,0.984,20,0.00,161,245.54,0,0,9.317(11.646%)(0.000m),12.521(11.048%)(0.000m),17.941(15.830%)(0.000m),35.953(31.723%)(1.709m),77.067(96.334%)(6.114m),13.258(33.144%)(0.349m),40.000(100.000%)(3.214m),4033.908,7255.985,57.6,0.0000,"[0.350, 0.358, -0.077, 0.919, 0.577, -0.333]","[0.590, 0.458, 0.270, 1.168, 0.689, 0.216]","[0.227, 0.151, -0.652, 0.202, 0.116, -1.386]"
10,1,-5.4709,-6.4664,0.879,206,533,0,29,0.982,45,0.00,182,767.86,0,0,28.409(35.511%)(0.901m),58.928(51.995%)(4.171m),39.000(34.412%)(2.036m),19.000(16.765%)(0.000m),11.000(13.750%)(0.000m),20.223(50.557%)(1.095m),40.000(100.000%)(3.214m),3468.217,6611.539,59.9,0.0000,"[0.550, 0.506, 0.003, 0.734, 0.746, -0.013]","[0.972, 0.808, 0.519, 1.417, 0.944, 0.722]","[0.196, -0.379, -0.940, -1.302, 0.337, -1.384]"
11,1,-9.0303,-6.6994,0.989,248,601,32,25,0.980,50,0.00,207,981.33,0,0,26.000(32.500%)(0.643m),22.000(19.412%)(0.214m),43.000(37.941%)(2.464m),59.000(52.059%)(4.179m),50.309(62.886%)(3.247m),21.620(54.051%)(1.245m),37.133(92.832%)(2.907m),0.000,7368.177,56.1,0.0000,"[0.783, 0.907, 0.295, 1.085, 1.163, 0.338]","[1.179, 1.188, 0.940, 1.808, 1.449, 1.430]","[0.461, 0.404, -0.557, -0.531, 0.713, -1.100]"
12,1,-5.3232,-6.5848,0.912,75,183,17,0,0.978,25,0.00,215,283.17,0,0,77.786(97.233%)(6.191m),37.970(33.503%)(1.925m),17.798(15.704%)(0.000m),12.165(10.734%)(0.000m),8.895(11.119%)(0.000m),40.000(100.000%)(3.214m),12.165(30.412%)(0.232m),4534.329,7970.532,56.5,0.0000,"[0.268, 0.432, 1.210, -0.484, 0.941, 1.111]","[0.901, 1.231, 1.384, 1.118, 1.378, 1.449]","[-0.806, -1.028, 0.629, -3.494, 0.005, 0.089]"
13,1,-6.9177,-6.6104,0.965,81,198,17,0,0.976,25,0.00,224,320.86,0,0,78.639(98.299%)(6.283m),45.488(40.136%)(2.731m),19.255(16.990%)(0.000m),12.764(11.262%)(0.000m),9.110(11.387%)(0.000m),40.000(100.000%)(3.214m),11.827(29.567%)(0.196m),4033.908,8985.970,56.5,0.0000,"[0.343, 0.464, 1.197, -0.120, 1.153, 1.403]","[0.926, 1.462, 1.461, 1.808, 1.894, 1.953]","[-0.861, -1.234, 0.347, -3.660, -0.162, -0.271]"
14,1,-7.7316,-6.6905,0.893,209,522,80,19,0.974,45,0.00,245,820.35,0,0,68.651(85.814%)(5.213m),21.000(18.529%)(0.107m),20.000(17.647%)(0.000m),21.000(18.529%)(0.107m),39.632(49.540%)(2.103m),40.000(100.000%)(3.214m),28.614(71.534%)(1.994m),0.000,4125.976,57.8,0.0000,"[1.081, 1.054, 0.878, 0.857, 1.038, 1.180]","[1.454, 1.548, 1.273, 1.920, 1.547, 2.032]","[0.254, 0.029, -0.603, -1.099, 0.099, -2.070]"
15,1,-7.1025,-6.7179,0.885,224,541,16,0,0.972,45,0.00,268,852.00,0,0,10.406(13.008%)(0.000m),16.203(14.297%)(0.000m),28.558(25.198%)(0.917m),50.000(44.118%)(3.214m),42.000(52.500%)(2.357m),11.199(27.997%)(0.128m),40.000(100.000%)(3.214m),1614.261,5125.203,55.9,0.0000,"[1.553, 1.517, 1.409, 1.684, 1.763, 1.612]","[1.967, 1.921, 2.047, 2.466, 2.454, 2.792]","[1.145, 0.582, -2.864, 0.280, 0.331, -5.076]"
16,1,-2.6827,-6.4657,0.869,161,427,0,12,0.970,40,0.00,285,645.54,0,0,24.000(30.000%)(0.429m),24.000(21.177%)(0.429m),68.000(60.000%)(5.143m),97.850(86.339%)(8.341m),49.494(61.867%)(3.160m),40.000(100.000%)(3.214m),38.615(96.538%)(3.066m),0.000,2757.878,61.4,1.1924,"[1.204, 1.384, 1.249, 1.608, 1.616, 1.533]","[1.811, 2.182, 2.071, 2.523, 1.994, 2.532]","[0.288, 0.322, -0.230, -0.284, 1.013, -0.520]"
17,1,-5.9575,-6.4358,0.607,90,227,16,0,0.968,25,0.00,294,337.59,0,0,78.639(98.299%)(6.283m),101.540(89.594%)(8.736m),25.875(22.831%)(0.629m),15.429(13.614%)(0.000m),10.219(12.774%)(0.000m),40.000(100.000%)(3.214m),11.553(28.881%)(0.166m),3089.288,7290.586,58.3,0.0000,"[0.706, 0.435, 1.224, -0.192, 0.926, 0.874]","[1.971, 1.967, 2.011, 2.668, 2.193, 2.507]","[-1.770, -2.379, -0.323, -5.189, -1.237, -1.939]"
18,1,-5.2594,-6.3705,0.991,139,355,17,0,0.967,35,0.00,308,433.74,0,0,9.730(12.162%)(0.000m),14.801(13.060%)(0.000m),25.115(22.160%)(0.548m),81.000(71.471%)(6.536m),59.000(73.750%)(4.179m),10.865(27.162%)(0.093m),40.000(100.000%)(3.214m),1820.346,6755.540,59.1,0.0000,"[1.645, 1.553, 0.940, 1.929, 1.781, 1.012]","[2.245, 2.316, 2.163, 2.841, 2.342, 2.700]","[0.542, -0.143, -3.613, 0.346, 0.066, -5.233]"
19,1,-6.1293,-6.3578,0.859,121,309,17,0,0.965,35,0.00,321,439.14,0,0,70.000(87.500%)(5.357m),84.000(74.118%)(6.857m),51.308(45.272%)(3.354m),21.082(18.602%)(0.116m),11.631(14.538%)(0.000m),40.000(100.000%)(3.214m),10.288(25.720%)(0.031m),2291.326,6724.356,59.2,0.9623,"[0.742, 0.635, 1.245, 0.296, 1.026, 1.037]","[1.974, 2.049, 2.252, 2.393, 2.279, 2.479]","[-1.634, -2.235, -0.459, -3.843, -1.449, -1.506]"
20,1,-4.1862,-6.2492,0.602,166,448,17,2,0.963,40,0.00,338,704.91,0,0,11.209(14.011%)(0.000m),19.455(17.166%)(0.000m),42.482(37.484%)(2.409m),48.000(42.353%)(3.000m),34.000(42.500%)(1.500m),10.415(26.038%)(0.044m),40.000(100.000%)(3.214m),1178.434,3725.435,62.5,1.4416,"[0.943, 0.873, 0.315, 0.903, 0.950, 0.524]","[1.820, 1.959, 2.168, 2.094, 1.997, 2.756]","[-0.627, -0.855, -5.083, -0.540, -1.025, -5.888]"
21,1,-6.9381,-6.2820,0.535,95,228,19,0,0.961,25,0.00,348,370.09,0,0,10.714(13.393%)(0.000m),18.409(16.243%)(0.000m),39.274(34.653%)(2.065m),113.333(100.000%)(10.000m),77.067(96.334%)(6.114m),10.079(25.197%)(0.008m),40.000(100.000%)(3.214m),4579.157,11136.253,55.5,1.1317,"[1.008, 1.150, -0.325, 1.425, 0.901, -0.282]","[1.801, 2.052, 2.014, 2.227, 2.169, 2.584]","[-0.765, -0.772, -4.871, -0.247, -1.247, -5.439]"
22,1,-6.0065,-6.2695,0.563,147,367,12,0,0.959,35,0.00,363,541.72,0,0,12.134(15.168%)(0.000m),24.016(21.190%)(0.430m),64.230(56.674%)(4.739m),84.000(74.118%)(6.857m),61.779(77.224%)(4.476m),9.835(24.588%)(0.000m),40.000(100.000%)(3.214m),2313.106,5551.741,57.8,0.9930,"[1.057, 1.044, 0.380, 1.010, 0.799, 0.348]","[2.113, 2.261, 2.459, 2.185, 2.025, 2.624]","[-1.067, -0.955, -4.896, -0.654, -1.389, -4.895]"
23,1,-6.4007,-6.2752,0.459,140,346,25,0,0.957,35,0.00,377,496.42,0,0,10.834(13.542%)(0.000m),17.749(15.661%)(0.000m),34.289(30.255%)(1.531m),82.000(72.353%)(6.643m),58.818(73.522%)(4.159m),10.834(27.085%)(0.089m),40.000(100.000%)(3.214m),2258.667,5472.546,57.3,0.0000,"[0.868, 0.763, 0.678, 1.015, 0.960, 0.583]","[1.805, 1.865, 2.171, 2.124, 2.374, 2.449]","[-1.593, -1.430, -4.940, -1.030, -1.927, -5.362]"
24,1,-4.2629,-6.1913,0.525,150,381,15,0,0.955,35,0.00,392,543.08,0,0,9.788(12.235%)(0.000m),14.778(13.040%)(0.000m),24.784(21.868%)(0.513m),73.000(64.412%)(5.679m),59.000(73.750%)(4.179m),11.065(27.663%)(0.114m),40.000(100.000%)(3.214m),1828.450,4949.285,58.8,0.0000,"[0.693, 0.854, 0.410, 0.770, 0.555, 0.451]","[1.797, 1.878, 1.975, 1.970, 1.844, 2.175]","[-2.402, -1.936, -5.598, -1.864, -2.791, -5.996]"
25,1,-6.9616,-6.2222,0.321,215,532,55,20,0.953,45,0.00,414,790.84,0,0,51.049(63.811%)(3.327m),20.000(17.647%)(0.000m),20.000(17.647%)(0.000m),36.000(31.765%)(1.714m),62.739(78.424%)(4.579m),37.114(92.786%)(2.905m),40.000(100.000%)(3.214m),0.000,2712.293,57.3,1.0693,"[0.360, 0.317, 0.493, 0.195, 0.283, 0.213]","[1.887, 1.859, 1.847, 1.987, 2.037, 2.130]","[-2.777, -3.173, -2.990, -3.585, -3.908, -4.052]"
26,1,-4.2128,-6.1449,0.314,192,498,34,10,0.951,45,0.00,434,664.28,0,0,30.000(37.500%)(1.071m),38.000(33.530%)(1.929m),20.001(17.648%)(0.000m),12.927(11.406%)(0.000m),9.051(11.314%)(0.000m),40.000(100.000%)(3.214m),11.309(28.273%)(0.140m),344.887,3204.272,60.0,0.0000,"[-0.118, -0.281, 0.048, -0.459, -0.383, -0.329]","[1.924, 1.682, 1.947, 1.950, 1.907, 1.977]","[-4.951, -4.613, -3.117, -6.196, -4.963, -4.564]"
27,1,-8.1423,-6.2188,0.331,379,956,111,131,0.949,65,0.00,472,1375.99,0,0,18.000(22.500%)(0.000m),33.000(29.118%)(1.393m),51.000(45.000%)(3.321m),26.037(22.974%)(0.647m),12.594(15.742%)(0.000m),13.000(32.500%)(0.321m),9.826(24.565%)(0.000m),449.201,4425.172,58.4,1.1301,"[-0.346, -0.239, -0.178, -0.518, -0.251, -0.389]","[1.782, 2.042, 1.733, 1.871, 2.233, 1.950]","[-3.530, -3.480, -2.626, -4.578, -3.590, -2.968]"
28,1,-6.9399,-6.2446,0.381,111,267,20,0,0.947,30,0.00,484,404.13,0,0,10.512(13.140%)(0.000m),17.069(15.061%)(0.000m),32.418(28.604%)(1.330m),101.000(89.118%)(8.679m),67.642(84.553%)(5.105m),10.641(26.603%)(0.069m),40.000(100.000%)(3.214m),4513.249,8640.689,55.6,0.9291,"[0.286, 0.183, -0.342, 0.140, 0.199, -0.390]","[2.030, 1.817, 2.104, 1.901, 2.210, 2.373]","[-4.420, -3.500, -6.167, -4.306, -3.908, -6.085]"
29,1,-8.4876,-6.3219,0.323,246,593,54,28,0.945,50,0.00,509,886.43,0,0,51.144(63.930%)(3.337m),51.000(45.000%)(3.321m),35.000(30.882%)(1.607m),22.000(19.412%)(0.214m),25.000(31.250%)(0.536m),38.436(96.090%)(3.047m),40.000(100.000%)(3.214m),0.000,2949.824,55.8,0.0000,"[-0.167, -0.062, 0.288, -0.226, 0.022, 0.116]","[1.629, 2.173, 1.968, 2.032, 2.380, 2.249]","[-3.277, -2.873, -2.075, -3.796, -3.146, -2.622]"
30,1,-5.8833,-6.3073,0.305,140,363,16,0,0.944,35,0.00,523,509.65,0,0,55.000(68.750%)(3.750m),64.000(56.471%)(4.714m),25.479(22.482%)(0.587m),15.193(13.406%)(0.000m),10.063(12.578%)(0.000m),40.000(100.000%)(3.214m),11.376(28.440%)(0.147m),1826.590,5709.597,59.9,0.9604,"[-0.556, -0.390, -0.189, -0.673, -0.301, -0.468]","[1.728, 1.792, 1.745, 1.975, 1.954, 1.647]","[-5.160, -4.691, -3.204, -6.157, -4.927, -4.156]"
31,1,-6.6246,-6.3176,0.400,83,204,25,0,0.942,25,0.00,532,306.34,0,0,78.639(98.299%)(6.283m),113.333(100.000%)(10.000m),51.419(45.370%)(3.366m),21.128(18.642%)(0.121m),11.656(14.570%)(0.000m),40.000(100.000%)(3.214m),10.310(25.776%)(0.033m),3729.996,9091.535,56.9,1.3392,"[-1.389, -0.910, -0.301, -1.777, -0.758, -0.361]","[1.279, 1.467, 1.532, 1.231, 1.866, 1.890]","[-4.244, -3.701, -2.629, -5.025, -3.875, -3.217]"
32,1,-6.4974,-6.3232,0.307,145,350,48,0,0.940,35,0.00,547,543.48,0,0,78.639(98.299%)(6.283m),98.000(86.471%)(8.357m),93.665(82.646%)(7.893m),26.082(23.014%)(0.652m),12.616(15.769%)(0.000m),40.000(100.000%)(3.214m),9.843(24.607%)(0.000m),3871.100,11009.376,55.9,1.0172,"[-1.018, -0.684, -0.502, -1.268, -0.691, -0.450]","[1.442, 1.582, 1.029, 1.644, 2.027, 1.629]","[-3.407, -3.037, -2.042, -4.238, -3.388, -2.419]"
33,1,-5.9736,-6.3126,0.274,223,548,3,28,0.938,45,0.00,570,800.03,0,0,50.222(62.777%)(3.238m),92.000(81.177%)(7.714m),48.000(42.353%)(3.000m),21.000(18.529%)(0.107m),28.000(35.000%)(0.857m),36.577(91.441%)(2.847m),40.000(100.000%)(3.214m),0.000,2738.819,56.9,1.0765,"[-0.518, -0.278, -0.172, -0.549, -0.215, -0.289]","[1.340, 1.488, 1.324, 1.441, 1.618, 1.693]","[-4.727, -4.400, -3.257, -5.605, -4.788, -4.187]"
34,1,-6.1328,-6.3073,0.197,70,170,21,0,0.936,20,0.00,577,220.93,0,0,78.639(98.299%)(6.283m),99.630(87.909%)(8.532m),25.658(22.640%)(0.606m),15.300(13.500%)(0.000m),10.133(12.667%)(0.000m),40.000(100.000%)(3.214m),11.456(28.640%)(0.156m),4277.509,8552.560,56.3,0.0000,"[-1.705, -1.513, -1.147, -2.026, -1.613, -1.291]","[0.661, 0.732, 0.546, 0.771, 0.994, 0.770]","[-4.945, -4.801, -3.830, -5.790, -5.251, -4.521]"
35,1,-5.7232,-6.2906,0.236,84,204,17,0,0.934,25,0.00,586,320.10,0,0,9.450(11.813%)(0.000m),12.558(11.081%)(0.000m),17.760(15.671%)(0.000m),34.310(30.274%)(1.533m),67.684(84.605%)(5.109m),13.815(34.538%)(0.409m),40.000(100.000%)(3.214m),3690.874,7508.542,56.2,0.0000,"[-0.945, -1.179, -1.484, -0.914, -1.003, -1.171]","[0.617, 0.591, 0.377, 0.837, 0.829, 0.781]","[-4.814, -4.912, -5.789, -5.027, -4.754, -5.102]"
36,1,-3.6293,-6.2167,0.224,164,433,19,11,0.932,40,0.00,603,628.53,0,0,23.000(28.750%)(0.321m),24.000(21.177%)(0.429m),41.000(36.177%)(2.250m),90.622(79.961%)(7.567m),49.154(61.442%)(3.124m),40.000(100.000%)(3.214m),40.000(100.000%)(3.214m),0.000,2901.534,61.1,1.1979,"[-0.702, -0.842, -0.848, -0.855, -0.699, -0.742]","[0.671, 0.789, 0.846, 0.821, 1.128, 1.227]","[-3.579, -4.292, -4.824, -4.335, -4.401, -4.337]"
37,1,-5.9313,-6.2090,0.248,180,464,18,0,0.930,40,0.00,621,630.88,0,0,39.000(48.750%)(2.036m),58.000(51.177%)(4.071m),34.407(30.359%)(1.544m),17.810(15.715%)(0.000m),10.871(13.589%)(0.000m),40.000(100.000%)(3.214m),10.871(27.178%)(0.093m),4190.402,7728.440,59.7,0.9240,"[-1.462, -1.157, -0.863, -1.690, -1.152, -0.856]","[0.708, 0.961, 0.958, 0.925, 1.303, 1.184]","[-4.755, -4.670, -3.964, -5.886, -5.093, -4.169]"
38,1,-10.0539,-6.3102,0.236,347,853,77,133,0.929,60,0.00,656,1132.20,0,0,15.000(18.750%)(0.000m),32.000(28.235%)(1.286m),101.000(89.118%)(8.679m),61.751(54.486%)(4.473m),29.866(37.333%)(1.057m),10.000(25.000%)(0.000m),21.416(53.539%)(1.223m),1772.315,7391.992,56.9,1.0902,"[-0.507, -0.546, -0.624, -0.584, -0.363, -0.489]","[1.590, 1.478, 0.991, 1.950, 2.009, 1.069]","[-2.237, -2.799, -3.294, -2.561, -2.614, -3.058]"
39,1,-3.4457,-6.2367,0.389,175,454,42,12,0.927,40,0.00,674,628.56,0,0,22.000(27.500%)(0.214m),20.000(17.647%)(0.000m),27.000(23.824%)(0.750m),87.676(77.361%)(7.251m),51.029(63.787%)(3.325m),40.000(100.000%)(3.214m),40.000(100.000%)(3.214m),0.000,2800.192,60.0,0.9103,"[-0.951, -0.884, -1.085, -1.036, -0.865, -0.857]","[1.108, 1.274, 0.931, 1.376, 1.559, 1.243]","[-4.642, -4.996, -5.185, -5.310, -5.174, -4.974]"
40,1,-5.3880,-6.2155,0.296,152,409,48,15,0.925,40,0.00,690,554.18,0,0,64.572(80.715%)(4.776m),91.000(80.294%)(7.607m),20.000(17.647%)(0.000m),21.000(18.529%)(0.107m),57.847(72.308%)(4.055m),40.000(100.000%)(3.214m),40.000(100.000%)(3.214m),0.000,2178.665,62.2,1.0148,"[-1.594, -1.594, -1.262, -1.793, -1.368, -1.154]","[1.022, 0.817, 0.598, 0.886, 1.443, 1.094]","[-4.944, -4.696, -3.632, -5.222, -4.919, -4.119]"
41,1,-5.3580,-6.1946,0.287,117,286,17,0,0.923,30,0.00,702,424.79,0,0,69.057(86.321%)(5.256m),34.161(30.142%)(1.517m),16.713(14.747%)(0.000m),11.585(10.222%)(0.000m),8.571(10.714%)(0.000m),40.000(100.000%)(3.214m),12.035(30.088%)(0.218m),2644.870,6854.927,56.5,1.0248,"[-1.178, -0.981, -0.695, -0.939, -0.709, -0.763]","[0.574, 0.599, 0.717, 0.975, 1.141, 0.784]","[-5.271, -5.014, -4.547, -5.415, -5.330, -4.580]"
42,1,-7.1526,-6.2174,0.195,138,330,29,0,0.921,35,0.00,716,528.57,0,0,78.639(98.299%)(6.283m),104.000(91.765%)(9.000m),95.915(84.631%)(8.134m),25.819(22.782%)(0.624m),12.489(15.611%)(0.000m),40.000(100.000%)(3.214m),9.744(24.359%)(0.000m),4160.030,10187.258,55.3,0.9268,"[-1.888, -1.312, -0.940, -1.883, -1.378, -0.904]","[0.562, 0.571, 0.539, 0.779, 0.982, 0.715]","[-3.935, -3.027, -2.504, -3.961, -3.334, -2.709]"
43,1,-4.5681,-6.1790,0.299,175,422,18,0,0.919,40,0.00,734,646.04,0,0,9.743(12.179%)(0.000m),14.197(12.527%)(0.000m),22.584(19.927%)(0.277m),66.213(58.424%)(4.951m),63.000(78.750%)(4.607m),11.722(29.306%)(0.185m),40.000(100.000%)(3.214m),2422.274,5597.050,55.8,0.0000,"[-0.690, -0.681, -0.889, -0.596, -0.480, -0.930]","[0.634, 1.110, 0.653, 0.737, 1.251, 0.751]","[-5.430, -5.475, -6.590, -5.111, -5.161, -5.600]"
44,1,-5.3690,-6.1606,0.211,122,301,17,0,0.918,30,0.00,747,466.54,0,0,77.786(97.233%)(6.191m),77.796(68.644%)(6.192m),22.692(20.022%)(0.288m),13.835(12.207%)(0.000m),9.298(11.622%)(0.000m),40.000(100.000%)(3.214m),10.775(26.937%)(0.083m),2895.307,7854.137,57.2,1.0905,"[-1.236, -0.948, -0.574, -1.380, -0.788, -0.497]","[1.069, 1.033, 0.805, 1.264, 1.677, 1.189]","[-5.634, -5.303, -5.161, -5.861, -5.796, -5.319]"
45,1,-6.4584,-6.1672,0.350,93,226,17,0,0.916,25,0.00,757,346.59,0,0,78.639(98.299%)(6.283m),94.840(83.683%)(8.019m),24.168(21.325%)(0.447m),14.411(12.716%)(0.000m),9.545(11.931%)(0.000m),40.000(100.000%)(3.214m),10.790(26.976%)(0.085m),3896.540,9203.366,56.3,0.9777,"[-1.598, -1.278, -1.093, -1.718, -1.294, -1.045]","[1.488, 1.299, 1.049, 1.307, 1.696, 1.334]","[-5.934, -5.410, -5.332, -5.900, -6.001, -5.409]"
46,1,-4.2498,-6.1255,0.244,139,361,15,0,0.914,35,0.00,771,529.11,0,0,59.000(73.750%)(4.179m),48.928(43.172%)(3.099m),19.473(17.183%)(0.000m),12.696(11.202%)(0.000m),8.947(11.184%)(0.000m),40.000(100.000%)(3.214m),11.322(28.305%)(0.142m),1452.702,4325.600,60.1,0.0000,"[-1.229, -0.793, -0.607, -0.995, -0.755, -0.581]","[0.794, 0.931, 0.926, 0.965, 1.293, 1.097]","[-6.442, -5.810, -5.883, -6.141, -6.509, -5.875]"
47,1,-5.5873,-6.1141,0.423,88,229,15,0,0.912,25,0.00,780,323.15,0,0,10.879(13.599%)(0.000m),18.154(16.018%)(0.000m),36.380(32.100%)(1.755m),113.333(100.000%)(10.000m),77.067(96.334%)(6.114m),10.616(26.540%)(0.066m),40.000(100.000%)(3.214m),3126.914,6811.452,60.1,0.0000,"[-1.002, -1.673, -2.496, -1.036, -1.365, -2.195]","[1.128, 1.114, 0.831, 1.340, 1.502, 0.992]","[-5.167, -5.783, -7.435, -5.156, -5.419, -5.933]"
48,1,-5.6941,-6.1053,0.299,265,671,57,35,0.910,50,0.00,807,929.50,0,0,11.860(14.825%)(0.000m),22.849(20.161%)(0.305m),43.000(37.941%)(2.464m),36.000(31.765%)(1.714m),25.000(31.250%)(0.536m),9.858(24.644%)(0.000m),27.000(67.500%)(1.821m),454.788,4935.096,58.6,0.9886,"[-1.317, -1.567, -1.780, -1.520, -1.494, -1.693]","[0.765, 0.819, 0.598, 0.674, 1.252, 0.858]","[-3.919, -3.760, -5.688, -4.259, -4.079, -4.670]"
49,1,-4.8417,-6.0796,0.286,105,275,16,0,0.908,30,0.00,818,405.40,0,0,75.000(93.750%)(5.893m),62.800(55.412%)(4.586m),21.420(18.900%)(0.152m),13.465(11.881%)(0.000m),9.241(11.551%)(0.000m),40.000(100.000%)(3.214m),11.118(27.795%)(0.120m),2085.824,5300.438,60.7,1.4379,"[-1.871, -1.138, -0.909, -1.790, -1.088, -0.837]","[0.489, 1.022, 0.626, 0.711, 1.239, 1.035]","[-6.470, -5.833, -5.507, -6.361, -6.244, -5.820]"
50,1,-6.5497,-6.0890,0.358,155,381,15,0,0.907,35,0.00,834,657.90,0,0,10.299(12.873%)(0.000m),16.166(14.264%)(0.000m),28.885(25.487%)(0.952m),79.000(69.706%)(6.321m),66.000(82.500%)(4.929m),10.948(27.371%)(0.102m),40.000(100.000%)(3.214m),2821.479,6213.014,56.9,0.0000,"[-0.197, -0.386, -0.887, -0.288, -0.027, -0.754]","[1.375, 1.334, 1.019, 1.359, 1.762, 1.200]","[-5.396, -5.759, -7.055, -5.615, -5.250, -5.914]"
51,1,-4.3043,-6.0448,0.295,123,323,22,0,0.905,35,0.00,847,489.23,0,0,10.038(12.547%)(0.000m),16.020(14.136%)(0.000m),29.472(26.005%)(1.015m),76.000(67.059%)(6.000m),65.000(81.250%)(4.821m),10.413(26.032%)(0.044m),40.000(100.000%)(3.214m),1612.351,4801.199,60.8,1.1507,"[-0.660, -0.791, -1.303, -0.743, -0.566, -0.953]","[1.422, 1.429, 1.018, 1.355, 1.926, 1.586]","[-5.222, -5.641, -6.814, -5.351, -5.377, -5.814]"
52,1,-5.4953,-6.0026,0.331,77,199,19,0,0.903,25,0.00,855,252.60,0,0,78.639(98.299%)(6.283m),107.000(94.412%)(9.321m),30.995(27.348%)(1.178m),16.848(14.866%)(0.000m),10.557(13.196%)(0.000m),40.000(100.000%)(3.214m),10.951(27.377%)(0.102m),3364.571,6044.470,59.9,0.9889,"[-1.714, -1.352, -1.009, -1.859, -1.449, -1.069]","[1.540, 1.559, 1.140, 1.654, 1.751, 1.513]","[-5.383, -5.089, -4.742, -5.616, -5.456, -5.043]"
53,1,-7.2359,-5.9923,0.270,268,649,0,40,0.901,50,0.00,882,1009.92,0,0,36.278(45.347%)(1.744m),75.002(66.179%)(5.893m),87.000(76.765%)(7.179m),25.000(22.059%)(0.536m),13.000(16.250%)(0.000m),26.154(65.385%)(1.731m),40.000(100.000%)(3.214m),2852.747,7676.571,56.1,1.3081,"[-0.738, -0.662, -0.590, -0.655, -0.469, -0.740]","[1.284, 1.263, 1.069, 1.486, 1.627, 1.176]","[-4.381, -3.691, -3.348, -4.584, -3.974, -3.319]"
54,1,-5.4540,-5.9186,0.362,96,235,22,0,0.899,25,0.00,892,351.80,0,0,77.786(97.233%)(6.191m),103.000(90.883%)(8.893m),28.473(25.123%)(0.908m),15.709(13.861%)(0.000m),9.926(12.408%)(0.000m),40.000(100.000%)(3.214m),10.424(26.059%)(0.045m),3661.870,7718.282,56.6,1.2007,"[-1.251, -0.647, -0.845, -1.301, -0.808, -0.582]","[1.079, 1.529, 0.965, 1.368, 1.824, 1.477]","[-5.430, -4.918, -5.141, -5.730, -5.722, -5.170]"
55,1,-3.7315,-5.8184,0.270,218,538,14,20,0.898,45,0.00,914,807.06,0,0,43.000(53.750%)(2.464m),23.000(20.294%)(0.321m),20.000(17.647%)(0.000m),94.250(83.162%)(7.955m),45.781(57.227%)(2.762m),40.000(100.000%)(3.214m),33.230(83.074%)(2.489m),0.000,3826.613,57.1,0.8925,"[-0.028, -0.015, -0.104, -0.146, 0.087, -0.046]","[1.826, 1.866, 1.513, 1.671, 2.123, 1.962]","[-3.804, -4.405, -4.507, -4.283, -4.596, -4.553]"
56,1,-7.9211,-5.8682,0.284,237,591,56,23,0.896,50,0.00,938,898.90,0,0,9.504(11.881%)(0.000m),13.664(12.056%)(0.000m),21.331(18.822%)(0.143m),29.000(25.588%)(0.964m),25.000(31.250%)(0.536m),11.726(29.315%)(0.185m),31.027(77.568%)(2.253m),162.773,4967.216,57.7,1.2066,"[-1.117, -0.953, -0.867, -1.377, -0.940, -0.827]","[1.191, 1.307, 1.209, 1.273, 1.603, 1.318]","[-5.596, -5.877, -6.934, -5.797, -5.672, -5.715]"
57,1,-5.9920,-5.8735,0.342,201,487,18,0,0.894,40,0.00,959,752.32,0,0,9.727(12.159%)(0.000m),13.629(12.026%)(0.000m),20.560(18.141%)(0.060m),48.571(42.857%)(3.061m),51.000(63.750%)(3.321m),12.628(31.571%)(0.282m),40.000(100.000%)(3.214m),1243.964,4671.941,56.1,1.3692,"[-0.152, 0.009, -0.201, -0.050, 0.257, 0.157]","[1.648, 1.808, 1.406, 1.932, 2.180, 1.694]","[-5.489, -5.711, -6.860, -5.588, -5.487, -5.418]"
58,1,-8.0397,-5.9818,0.327,215,522,16,0,0.892,45,0.00,981,782.04,0,0,45.000(56.250%)(2.679m),55.000(48.530%)(3.750m),22.661(19.995%)(0.285m),14.245(12.570%)(0.000m),9.777(12.221%)(0.000m),40.000(100.000%)(3.214m),11.762(29.406%)(0.189m),1593.471,5024.794,56.2,1.1967,"[-0.500, -0.470, -0.404, -0.708, -0.359, -0.551]","[1.649, 1.783, 1.393, 1.830, 1.909, 1.335]","[-5.573, -5.271, -5.585, -5.890, -5.662, -5.319]"
59,1,-6.2290,-5.9932,0.289,277,680,49,40,0.890,50,0.00,1009,985.68,0,0,23.000(28.750%)(0.321m),34.000(30.000%)(1.500m),47.000(41.471%)(2.893m),28.796(25.408%)(0.942m),13.504(16.880%)(0.000m),40.000(100.000%)(3.214m),9.649(24.123%)(0.000m),666.113,5121.270,56.8,1.0691,"[-1.143, -0.957, -0.974, -1.361, -1.121, -0.944]","[1.553, 1.443, 1.044, 1.274, 1.718, 1.124]","[-3.928, -3.152, -3.130, -4.319, -3.755, -3.282]"
60,1,-6.5261,-6.0143,0.324,203,509,65,18,0.889,45,0.00,1030,727.54,0,0,23.000(28.750%)(0.321m),20.000(17.647%)(0.000m),20.000(17.647%)(0.000m),31.000(27.353%)(1.179m),57.845(72.306%)(4.055m),38.283(95.708%)(3.030m),40.000(100.000%)(3.214m),0.000,2336.441,58.0,1.0514,"[-0.975, -0.764, -0.896, -1.023, -0.822, -0.810]","[1.100, 1.541, 1.529, 1.323, 1.771, 1.473]","[-5.320, -5.774, -6.290, -5.861, -6.202, -5.220]"
61,1,-5.5422,-5.9445,0.285,100,247,27,0,0.887,30,0.00,1040,355.41,0,0,11.251(14.064%)(0.000m),20.394(17.994%)(0.042m),49.633(43.794%)(3.175m),103.000(90.883%)(8.893m),76.230(95.288%)(6.025m),9.952(24.880%)(0.000m),40.000(100.000%)(3.214m),3743.632,7084.143,57.2,0.0000,"[-0.380, -0.680, -1.394, -0.402, -0.604, -1.220]","[1.619, 1.811, 1.588, 1.699, 1.943, 1.825]","[-4.903, -5.609, -6.742, -5.041, -5.331, -5.651]"
62,1,-3.1506,-5.9011,0.338,155,421,22,0,0.885,40,0.00,1056,559.21,0,0,45.000(56.250%)(2.679m),64.000(56.471%)(4.714m),91.195(80.467%)(7.628m),26.063(22.997%)(0.650m),12.607(15.758%)(0.000m),40.000(100.000%)(3.214m),9.836(24.589%)(0.000m),1320.345,4629.798,62.8,0.9718,"[-1.290, -0.860, -0.719, -1.359, -0.887, -0.811]","[1.391, 1.586, 1.320, 1.665, 1.736, 1.162]","[-4.023, -3.318, -2.693, -4.447, -3.628, -2.634]"
63,1,-6.2215,-5.8871,0.266,227,557,58,8,0.883,45,0.00,1079,804.45,0,0,9.065(11.331%)(0.000m),12.781(11.277%)(0.000m),19.439(17.152%)(0.000m),36.000(31.765%)(1.714m),33.000(41.250%)(1.393m),11.618(29.045%)(0.173m),40.000(100.000%)(3.214m),723.888,3962.916,56.8,1.0365,"[-0.781, -0.707, -0.672, -0.832, -0.566, -0.596]","[1.371, 1.606, 1.401, 1.532, 1.916, 1.710]","[-5.542, -5.887, -6.462, -5.740, -5.443, -5.698]"
64,1,-5.6228,-5.8450,0.337,252,637,17,33,0.882,50,0.00,1105,860.60,0,0,24.000(30.000%)(0.429m),32.000(28.235%)(1.286m),68.000(60.000%)(5.143m),27.204(24.003%)(0.772m),12.828(16.036%)(0.000m),32.000(80.000%)(2.357m),9.755(24.387%)(0.000m),322.059,4761.235,58.5,1.1966,"[-1.037, -0.958, -0.968, -1.108, -0.824, -0.974]","[1.232, 1.366, 1.158, 1.531, 1.725, 1.287]","[-4.518, -4.234, -4.044, -5.020, -4.472, -4.134]"
65,1,-5.6505,-5.8159,0.262,209,534,15,7,0.880,45,0.00,1126,749.38,0,0,32.000(40.000%)(1.286m),54.000(47.647%)(3.643m),67.987(59.988%)(5.141m),25.604(22.592%)(0.600m),12.572(15.715%)(0.000m),40.000(100.000%)(3.214m),9.935(24.836%)(0.000m),1282.736,5898.238,59.1,1.0161,"[-1.123, -0.915, -0.844, -1.264, -0.830, -0.764]","[1.231, 1.345, 0.981, 1.367, 1.638, 1.393]","[-4.571, -4.405, -3.900, -5.009, -4.563, -3.826]"
66,1,-9.0182,-5.9426,0.286,213,530,49,1,0.878,45,0.00,1148,776.57,0,0,10.325(12.907%)(0.000m),15.951(14.074%)(0.000m),27.746(24.482%)(0.830m),38.000(33.530%)(1.929m),35.000(43.750%)(1.607m),11.249(28.124%)(0.134m),31.750(79.375%)(2.330m),846.834,5676.623,57.6,1.1666,"[-1.461, -1.254, -1.091, -1.439, -0.957, -1.096]","[1.059, 1.273, 0.944, 1.408, 1.775, 1.153]","[-4.969, -5.702, -6.409, -5.147, -5.427, -5.457]"
67,1,-6.6325,-5.9561,0.312,265,677,19,74,0.876,55,0.00,1175,952.94,0,0,20.000(25.000%)(0.000m),42.000(37.059%)(2.357m),41.145(36.304%)(2.265m),19.286(17.017%)(0.000m),11.225(14.031%)(0.000m),16.000(40.000%)(0.643m),10.559(26.397%)(0.060m),1365.761,5692.991,59.1,0.9548,"[-1.286, -1.057, -0.945, -1.278, -1.070, -0.949]","[1.271, 1.421, 1.253, 1.397, 1.570, 1.418]","[-5.113, -4.953, -4.957, -4.982, -4.990, -4.604]"
68,1,-5.8196,-5.9673,0.304,326,828,8,15,0.874,60,0.00,1208,1142.96,0,0,22.814(28.517%)(0.301m),47.567(41.971%)(2.954m),68.000(60.000%)(5.143m),50.000(44.118%)(3.214m),31.000(38.750%)(1.179m),16.168(40.419%)(0.661m),21.000(52.500%)(1.179m),1287.645,5190.086,58.8,1.0670,"[-0.461, -0.709, -1.399, -0.388, -0.519, -1.409]","[1.735, 1.716, 0.732, 2.001, 1.830, 0.921]","[-2.412, -2.997, -4.291, -2.640, -2.972, -4.103]"
69,1,-5.5088,-5.9549,0.277,82,214,23,0,0.873,25,0.00,1217,309.77,0,0,78.639(98.299%)(6.283m),113.000(99.706%)(9.964m),49.876(44.009%)(3.201m),20.494(18.083%)(0.053m),11.306(14.133%)(0.000m),40.000(100.000%)(3.214m),10.001(25.002%)(0.000m),3000.885,6319.323,60.4,0.0000,"[-2.473, -1.823, -1.524, -2.428, -1.719, -1.156]","[0.540, 1.029, 0.985, 0.813, 1.231, 1.192]","[-5.645, -5.478, -5.657, -5.533, -5.530, -5.049]"
70,1,-5.3835,-5.9789,0.311,231,563,5,18,0.871,45,0.00,1241,846.54,0,0,33.000(41.250%)(1.393m),22.000(19.412%)(0.214m),31.000(27.353%)(1.179m),75.726(66.817%)(5.971m),40.848(51.061%)(2.234m),40.000(100.000%)(3.214m),29.676(74.191%)(2.108m),0.000,5290.913,56.4,0.9566,"[-0.187, -0.135, -0.155, -0.249, 0.007, -0.065]","[1.237, 1.305, 1.061, 1.614, 1.732, 1.352]","[-3.969, -4.724, -5.137, -4.349, -4.663, -4.757]"
71,1,-6.2068,-5.9642,0.456,219,542,26,0,0.869,45,0.00,1263,788.05,0,0,9.288(11.610%)(0.000m),13.180(11.629%)(0.000m),20.216(17.837%)(0.023m),40.000(35.294%)(2.143m),35.000(43.750%)(1.607m),11.754(29.384%)(0.188m),40.000(100.000%)(3.214m),855.980,4240.669,57.2,1.0130,"[-0.710, -0.434, -0.603, -0.694, -0.410, -0.528]","[1.495, 1.641, 1.309, 1.667, 1.803, 1.360]","[-4.904, -5.193, -6.269, -5.298, -5.280, -5.226]"
72,1,-5.9945,-5.9640,0.485,174,441,22,0,0.867,40,0.00,1281,632.64,0,0,10.414(13.018%)(0.000m),16.482(14.543%)(0.000m),29.874(26.359%)(1.058m),63.000(55.588%)(4.607m),50.000(62.500%)(3.214m),10.937(27.341%)(0.100m),40.000(100.000%)(3.214m),1196.314,4151.407,58.6,0.9863,"[-0.714, -0.817, -1.132, -0.756, -0.606, -0.839]","[1.348, 1.440, 1.286, 1.198, 1.678, 1.607]","[-5.655, -5.818, -7.349, -5.727, -5.807, -5.556]"
73,1,-3.0742,-5.8975,0.368,222,547,0,14,0.866,45,0.00,1304,820.78,0,0,42.016(52.520%)(2.359m),77.897(68.733%)(6.203m),76.000(67.059%)(6.000m),24.000(21.177%)(0.429m),27.000(33.750%)(0.750m),30.459(76.148%)(2.192m),40.000(100.000%)(3.214m),1693.334,4834.288,57.0,0.9721,"[-0.449, -0.278, -0.303, -0.364, -0.207, -0.406]","[1.188, 1.407, 1.243, 1.526, 1.672, 1.512]","[-4.354, -3.831, -3.197, -4.998, -4.221, -3.242]"
74,1,-4.5846,-5.9039,0.300,114,291,16,0,0.864,30,0.00,1316,447.27,0,0,10.032(12.541%)(0.000m),14.719(12.987%)(0.000m),23.647(20.865%)(0.391m),72.686(64.135%)(5.645m),67.584(84.480%)(5.098m),11.920(29.800%)(0.206m),40.000(100.000%)(3.214m),2253.557,5922.656,59.1,1.0180,"[-0.808, -1.026, -1.801, -0.641, -0.780, -1.484]","[0.609, 0.958, 0.886, 1.016, 1.320, 1.015]","[-5.127, -5.536, -7.009, -5.390, -5.652, -5.617]"
75,1,-4.7315,-5.8593,0.382,219,553,0,46,0.862,45,0.00,1338,795.54,0,0,13.000(16.250%)(0.000m),27.000(23.824%)(0.750m),79.000(69.706%)(6.321m),92.338(81.475%)(7.750m),44.663(55.829%)(2.642m),40.000(100.000%)(3.214m),32.423(81.058%)(2.402m),688.451,5148.722,58.4,1.0374,"[-0.363, -0.429, -0.627, -0.393, -0.234, -0.665]","[1.118, 1.387, 1.079, 1.365, 1.707, 1.386]","[-1.882, -3.148, -3.467, -2.259, -2.937, -3.968]"
76,1,-4.6178,-5.8674,0.266,159,389,19,0,0.861,35,0.00,1354,556.18,0,0,9.793(12.241%)(0.000m),14.897(13.144%)(0.000m),25.277(22.303%)(0.565m),74.000(65.294%)(5.786m),64.692(80.865%)(4.788m),10.935(27.337%)(0.100m),40.000(100.000%)(3.214m),2596.262,5554.594,56.6,0.8653,"[-0.194, -0.255, -0.390, -0.271, -0.040, -0.274]","[1.464, 1.557, 1.501, 1.622, 1.890, 1.720]","[-5.209, -5.694, -6.638, -5.758, -5.621, -5.751]"
77,1,-6.4487,-5.8335,0.264,191,476,19,0,0.859,40,0.00,1374,742.72,0,0,47.000(58.750%)(2.893m),55.000(48.530%)(3.750m),35.447(31.277%)(1.655m),18.024(15.903%)(0.000m),10.902(13.627%)(0.000m),40.000(100.000%)(3.214m),10.769(26.923%)(0.082m),1141.094,4518.557,57.6,0.8865,"[-0.270, -0.098, -0.165, -0.262, -0.011, 0.032]","[1.751, 2.117, 1.450, 1.957, 2.312, 2.104]","[-5.143, -5.253, -4.814, -5.466, -5.294, -4.862]"
78,1,-3.9293,-5.7733,0.270,279,686,1,27,0.857,50,0.00,1402,1040.57,0,0,26.418(33.023%)(0.688m),51.360(45.318%)(3.360m),66.000(58.235%)(4.929m),18.000(15.882%)(0.000m),11.000(13.750%)(0.000m),18.852(47.129%)(0.948m),11.000(27.500%)(0.107m),1081.995,5784.950,56.9,1.0096,"[-0.088, -0.045, -0.237, -0.109, 0.087, -0.331]","[1.895, 2.117, 1.821, 2.033, 2.429, 1.934]","[-5.531, -4.992, -4.624, -5.811, -5.220, -4.385]"
79,1,-6.6757,-5.7371,0.315,248,616,21,26,0.855,50,0.00,1427,935.74,0,0,12.285(15.356%)(0.000m),24.659(21.758%)(0.499m),47.000(41.471%)(2.893m),30.000(26.471%)(1.071m),25.000(31.250%)(0.536m),9.832(24.580%)(0.000m),40.000(100.000%)(3.214m),238.915,5368.809,57.5,1.1462,"[-0.419, -0.482, -0.763, -0.447, -0.513, -0.669]","[1.800, 2.097, 1.906, 1.922, 2.079, 2.141]","[-3.990, -4.182, -5.640, -4.387, -4.111, -4.801]"
80,1,-10.2454,-5.8243,0.393,530,1328,86,56,0.854,70,0.00,1480,1916.08,0,0,19.760(24.700%)(0.000m),39.000(34.412%)(2.036m),20.082(17.720%)(0.009m),13.204(11.650%)(0.000m),9.364(11.706%)(0.000m),13.971(34.928%)(0.425m),12.003(30.006%)(0.215m),990.149,5721.780,58.0,1.0729,"[-0.143, -0.511, -1.435, -0.176, -0.451, -1.431]","[1.958, 1.978, 1.727, 2.015, 2.297, 1.656]","[-4.293, -4.442, -5.511, -4.442, -4.563, -4.719]"
81,1,-7.4003,-5.8398,0.510,293,717,26,41,0.852,55,0.00,1510,1048.61,0,0,13.000(16.250%)(0.000m),24.000(21.177%)(0.429m),113.333(100.000%)(10.000m),46.092(40.670%)(2.796m),22.174(27.717%)(0.233m),10.000(25.000%)(0.000m),15.740(39.351%)(0.615m),3827.989,9494.971,56.6,1.0940,"[-0.002, 0.388, 0.527, -0.100, 0.549, 0.782]","[2.160, 2.189, 1.899, 2.191, 2.302, 1.964]","[-1.924, -1.566, -3.568, -2.166, -1.542, -2.781]"
82,1,-4.5600,-5.8011,0.410,238,627,12,32,0.850,50,0.00,1534,844.83,0,0,13.000(16.250%)(0.000m),66.000(58.235%)(4.929m),90.000(79.412%)(7.500m),49.496(43.673%)(3.160m),23.799(29.749%)(0.407m),10.000(25.000%)(0.000m),16.888(42.221%)(0.738m),1429.765,4612.779,61.0,0.8141,"[0.028, 0.227, 0.217, -0.106, 0.280, 0.203]","[1.980, 2.370, 1.909, 2.190, 2.516, 2.411]","[-2.501, -1.956, -1.822, -3.047, -1.919, -1.755]"
83,1,-5.8526,-5.7987,0.503,123,302,18,0,0.849,30,0.00,1547,447.10,0,0,78.639(98.299%)(6.283m),55.168(48.678%)(3.768m),20.450(18.044%)(0.048m),13.099(11.558%)(0.000m),9.112(11.390%)(0.000m),40.000(100.000%)(3.214m),11.242(28.104%)(0.133m),2971.773,6452.867,56.7,0.8843,"[-0.389, 0.107, 0.120, -0.320, 0.288, 0.193]","[1.741, 2.281, 1.762, 2.060, 2.551, 2.066]","[-5.474, -5.384, -5.185, -5.540, -5.412, -5.281]"
84,1,-6.1104,-5.7982,0.320,114,279,20,0,0.847,30,0.00,1559,409.51,0,0,77.786(97.233%)(6.191m),92.000(81.177%)(7.714m),33.567(29.618%)(1.454m),17.376(15.332%)(0.000m),10.606(13.257%)(0.000m),40.000(100.000%)(3.214m),10.606(26.515%)(0.065m),2978.008,8726.226,56.7,1.0880,"[-1.016, -0.461, -0.019, -1.139, -0.378, 0.187]","[1.831, 2.239, 2.103, 1.899, 2.372, 2.479]","[-5.813, -5.895, -5.755, -5.788, -5.857, -5.735]"
85,1,-8.4731,-5.8532,0.388,222,551,73,12,0.845,45,0.00,1582,799.96,0,0,18.266(22.833%)(0.000m),20.000(17.647%)(0.000m),20.000(17.647%)(0.000m),21.000(18.529%)(0.107m),71.476(89.345%)(5.515m),12.904(32.260%)(0.311m),40.000(100.000%)(3.214m),0.000,9620.728,57.4,0.7927,"[0.241, -0.255, -1.541, 0.179, -0.015, -1.481]","[2.197, 2.215, 1.850, 2.362, 2.300, 2.022]","[-4.681, -4.688, -5.090, -4.789, -4.767, -4.693]"
86,1,-6.1235,-5.9031,0.384,142,383,17,0,0.844,40,0.00,1597,504.64,0,0,8.652(10.815%)(0.000m),12.047(10.630%)(0.000m),18.030(15.909%)(0.000m),41.422(36.549%)(2.295m),44.000(55.000%)(2.571m),11.378(28.445%)(0.148m),39.861(99.652%)(3.199m),812.543,3635.467,62.4,0.8658,"[-0.693, -0.548, -0.573, -0.766, -0.433, -0.481]","[1.992, 2.204, 1.715, 2.182, 2.272, 1.885]","[-5.174, -5.209, -6.040, -5.493, -5.188, -5.136]"
87,1,-4.4610,-5.8737,0.370,158,415,21,0,0.842,40,0.00,1613,624.16,0,0,11.439(14.298%)(0.000m),20.279(17.893%)(0.030m),46.589(41.108%)(2.849m),58.000(51.177%)(4.071m),45.000(56.250%)(2.679m),10.371(25.927%)(0.040m),40.000(100.000%)(3.214m),977.394,3854.748,60.8,1.8431,"[-0.200, -0.401, -0.682, -0.358, -0.197, -0.853]","[2.195, 2.263, 1.981, 2.204, 2.609, 2.134]","[-4.520, -4.885, -5.713, -5.035, -4.667, -5.073]"
88,1,-6.4201,-5.8010,0.489,103,248,22,0,0.840,30,0.00,1624,404.45,0,0,11.309(14.136%)(0.000m),19.836(17.502%)(0.000m),44.393(39.171%)(2.614m),111.000(97.941%)(9.750m),77.067(96.334%)(6.114m),10.380(25.951%)(0.041m),40.000(100.000%)(3.214m),4532.386,10181.426,55.6,0.8890,"[0.272, -0.264, -1.204, 0.169, 0.136, -1.236]","[1.966, 2.241, 1.937, 2.134, 2.498, 1.935]","[-4.224, -4.882, -5.822, -4.975, -4.391, -5.203]"
89,1,-6.4493,-5.8611,0.408,282,692,0,48,0.838,50,0.00,1653,1018.85,0,0,27.042(33.802%)(0.754m),52.388(46.225%)(3.470m),80.000(70.588%)(6.429m),18.000(15.882%)(0.000m),11.000(13.750%)(0.000m),19.312(48.281%)(0.998m),11.000(27.500%)(0.107m),1841.362,6868.694,56.8,1.1434,"[-0.065, 0.022, -0.265, -0.133, 0.191, -0.100]","[2.124, 2.252, 1.701, 2.103, 2.473, 2.153]","[-5.269, -4.720, -3.940, -5.510, -4.652, -3.682]"
90,1,-4.6805,-5.8469,0.518,172,444,16,0,0.837,40,0.00,1671,619.31,0,0,46.000(57.500%)(2.786m),59.000(52.059%)(4.179m),55.722(49.167%)(3.827m),21.557(19.021%)(0.167m),11.618(14.522%)(0.000m),40.000(100.000%)(3.214m),10.025(25.063%)(0.003m),1438.387,4781.300,59.8,1.0265,"[-0.261, 0.231, 0.320, -0.367, 0.234, 0.434]","[1.980, 2.201, 1.884, 2.104, 2.170, 1.867]","[-4.943, -4.854, -4.308, -5.253, -4.907, -4.124]"
91,1,-6.1221,-5.8622,0.369,89,214,18,0,0.835,25,0.00,1680,316.10,0,0,10.175(12.718%)(0.000m),15.363(13.555%)(0.000m),25.763(22.733%)(0.618m),101.102(89.208%)(8.690m),76.230(95.288%)(6.025m),11.503(28.757%)(0.161m),40.000(100.000%)(3.214m),4371.753,9390.755,55.7,0.0000,"[0.244, -0.294, -1.118, 0.067, -0.170, -0.933]","[2.302, 2.417, 1.778, 2.464, 2.536, 2.024]","[-5.265, -5.841, -6.533, -6.071, -5.898, -5.430]"
92,1,-3.9604,-5.7984,0.332,128,331,18,0,0.833,35,0.00,1693,476.93,0,0,62.000(77.500%)(4.500m),87.000(76.765%)(7.179m),56.986(50.282%)(3.963m),21.917(19.339%)(0.205m),11.812(14.765%)(0.000m),40.000(100.000%)(3.214m),10.192(25.481%)(0.021m),2580.375,5826.149,59.8,0.9183,"[-0.914, -0.494, -0.255, -0.986, -0.342, -0.097]","[1.791, 2.091, 1.920, 1.877, 2.228, 1.982]","[-4.750, -4.805, -4.458, -4.783, -4.697, -4.029]"
93,1,-5.9120,-5.8253,0.394,230,563,33,24,0.832,45,0.00,1716,815.61,0,0,23.000(28.750%)(0.321m),27.000(23.824%)(0.750m),35.000(30.882%)(1.607m),47.000(41.471%)(2.893m),43.511(54.389%)(2.519m),40.000(100.000%)(3.214m),38.488(96.220%)(3.052m),0.000,2980.808,56.6,0.8043,"[0.025, 0.022, -0.046, 0.028, 0.306, -0.080]","[1.841, 2.207, 1.862, 2.153, 2.612, 2.193]","[-3.492, -4.215, -4.199, -3.937, -3.995, -4.343]"
94,1,-5.0145,-5.8182,0.362,141,387,21,12,0.830,40,0.00,1731,524.93,0,0,23.000(28.750%)(0.321m),26.000(22.941%)(0.643m),39.000(34.412%)(2.036m),80.387(70.930%)(6.470m),44.850(56.063%)(2.663m),40.000(100.000%)(3.214m),37.372(93.429%)(2.933m),0.000,2216.510,63.6,0.9610,"[-0.525, -0.466, -0.485, -0.365, -0.115, -0.644]","[1.690, 2.139, 2.188, 1.993, 2.433, 2.081]","[-2.947, -3.886, -4.270, -3.234, -3.410, -4.403]"
95,1,-3.0004,-5.7490,0.440,172,450,37,20,0.828,40,0.00,1749,637.88,0,0,21.000(26.250%)(0.107m),24.000(21.177%)(0.429m),29.000(25.588%)(0.964m),44.000(38.824%)(2.571m),41.138(51.423%)(2.265m),40.000(100.000%)(3.214m),40.000(100.000%)(3.214m),0.000,2689.733,60.6,0.9996,"[-0.233, -0.210, -0.205, -0.400, -0.124, -0.186]","[1.778, 2.301, 1.972, 2.092, 2.442, 2.244]","[-3.527, -4.428, -4.171, -4.056, -4.070, -4.504]"
96,1,-5.6946,-5.7779,0.357,212,568,18,42,0.827,50,0.00,1771,752.65,0,0,10.084(12.605%)(0.000m),16.231(14.322%)(0.000m),30.329(26.761%)(1.107m),53.000(46.765%)(3.536m),25.000(31.250%)(0.536m),10.333(25.833%)(0.036m),22.000(55.000%)(1.286m),1506.538,4804.220,62.0,1.0108,"[-0.305, -0.316, -0.730, -0.322, -0.179, -0.949]","[2.284, 2.255, 2.075, 2.329, 2.374, 2.287]","[-3.984, -4.900, -5.445, -4.348, -4.314, -5.237]"
97,1,-5.5750,-5.7777,0.527,108,264,20,0,0.825,30,0.00,1782,394.80,0,0,12.437(15.547%)(0.000m),25.713(22.688%)(0.612m),72.451(63.927%)(5.620m),106.000(93.530%)(9.214m),77.067(96.334%)(6.114m),9.704(24.259%)(0.000m),40.000(100.000%)(3.214m),3835.215,9593.050,56.6,0.0000,"[0.510, -0.097, -0.905, 0.525, 0.234, -1.129]","[2.107, 2.331, 2.341, 2.197, 2.611, 2.410]","[-2.085, -3.430, -4.325, -2.305, -2.935, -4.697]"
98,1,-6.2454,-5.7887,0.369,143,350,24,0,0.823,35,0.00,1797,516.78,0,0,74.000(92.500%)(5.786m),84.000(74.118%)(6.857m),57.373(50.623%)(4.004m),22.307(19.683%)(0.247m),11.877(14.846%)(0.000m),40.000(100.000%)(3.214m),10.122(25.304%)(0.013m),3610.230,7131.884,56.6,0.9944,"[-0.307, 0.123, 0.562, -0.401, 0.192, 0.549]","[2.211, 2.459, 2.187, 2.528, 2.617, 2.352]","[-5.226, -5.048, -4.138, -5.682, -5.151, -4.503]"
99,1,-5.3914,-5.7997,0.402,193,482,15,0,0.822,45,0.00,1817,702.97,0,0,9.992(12.490%)(0.000m),14.365(12.675%)(0.000m),22.426(19.788%)(0.260m),51.000(45.000%)(3.321m),44.000(55.000%)(2.571m),12.328(30.820%)(0.249m),40.000(100.000%)(3.214m),1007.014,3841.100,57.9,0.9755,"[0.423, 0.213, -0.055, 0.119, 0.182, -0.167]","[1.865, 2.164, 1.937, 1.889, 2.212, 1.821]","[-4.667, -5.268, -5.976, -5.719, -5.493, -5.548]"
100,1,-6.5820,-5.8003,0.392,206,503,18,0,0.820,45,0.00,1838,798.56,0,0,10.694(13.367%)(0.000m),18.191(16.051%)(0.000m),37.965(33.499%)(1.925m),63.000(55.588%)(4.607m),48.000(60.000%)(3.000m),10.183(25.458%)(0.020m),40.000(100.000%)(3.214m),1718.743,6362.006,56.5,1.0041,"[-0.018, 0.067, -0.363, -0.019, 0.141, -0.445]","[1.544, 1.867, 1.706, 1.776, 2.035, 1.854]","[-3.974, -4.670, -5.420, -4.973, -4.747, -4.829]"
101,1,-9.6605,-5.9075,0.316,276,673,54,35,0.819,50,0.00,1866,998.54,0,0,22.000(27.500%)(0.214m),24.000(21.177%)(0.429m),27.000(23.824%)(0.750m),23.451(20.692%)(0.370m),12.012(15.015%)(0.000m),37.254(93.135%)(2.920m),9.860(24.649%)(0.000m),39.253,3481.142,56.4,1.0021,"[-0.788, -0.772, -0.640, -0.897, -0.752, -0.736]","[1.493, 1.895, 1.818, 1.820, 2.099, 1.803]","[-5.143, -5.082, -4.673, -5.280, -5.274, -4.615]"
102,1,-5.1249,-5.9000,0.353,184,461,18,0,0.817,40,0.00,1885,664.73,0,0,9.246(11.558%)(0.000m),13.381(11.807%)(0.000m),21.085(18.604%)(0.116m),51.000(45.000%)(3.321m),46.000(57.500%)(2.786m),11.265(28.161%)(0.135m),40.000(100.000%)(3.214m),1405.973,4306.897,58.0,0.9020,"[-0.134, -0.050, -0.201, -0.316, -0.121, -0.144]","[1.810, 2.114, 1.674, 2.138, 2.217, 1.901]","[-4.810, -5.025, -5.581, -5.612, -5.578, -5.058]"
103,1,-7.6687,-5.9087,0.308,185,450,18,0,0.815,40,0.00,1904,663.02,0,0,56.385(70.482%)(3.898m),67.000(59.118%)(5.036m),41.457(36.580%)(2.299m),19.433(17.146%)(0.000m),11.310(14.138%)(0.000m),40.000(100.000%)(3.214m),10.639(26.598%)(0.068m),1670.802,5912.406,56.3,1.0820,"[-0.028, 0.209, 0.318, 0.006, 0.408, 0.238]","[1.780, 1.991, 1.899, 2.025, 2.421, 1.958]","[-5.612, -5.396, -5.305, -5.526, -5.871, -5.349]"
104,1,-5.5758,-5.9111,0.360,202,500,38,0,0.814,45,0.00,1925,754.07,0,0,40.000(50.000%)(2.143m),45.000(39.706%)(2.679m),22.127(19.524%)(0.228m),14.301(12.618%)(0.000m),10.013(12.516%)(0.000m),40.000(100.000%)(3.214m),12.511(31.278%)(0.269m),903.095,4010.268,57.3,1.0896,"[0.042, 0.058, 0.067, 0.038, 0.036, -0.209]","[2.124, 2.417, 2.214, 2.344, 2.461, 2.287]","[-5.655, -5.426, -5.323, -5.265, -5.593, -5.537]"
105,1,-5.9518,-5.9555,0.345,104,257,17,0,0.812,30,0.00,1936,374.58,0,0,78.639(98.299%)(6.283m),101.000(89.118%)(8.679m),34.392(30.346%)(1.542m),17.803(15.708%)(0.000m),10.866(13.583%)(0.000m),40.000(100.000%)(3.214m),10.866(27.166%)(0.093m),3273.274,7943.607,57.1,0.9716,"[-1.269, -0.666, -0.176, -1.322, -0.574, -0.066]","[2.109, 2.328, 2.054, 2.317, 2.554, 2.226]","[-5.920, -5.627, -5.448, -5.578, -5.889, -5.504]"
106,1,-4.6310,-5.8897,0.443,163,398,16,0,0.810,40,0.00,1953,571.87,0,0,63.000(78.750%)(4.607m),78.000(68.824%)(6.214m),44.709(39.450%)(2.647m),19.977(17.627%)(0.000m),11.390(14.237%)(0.000m),40.000(100.000%)(3.214m),10.454(26.135%)(0.049m),3426.254,7349.557,56.6,0.0000,"[-0.276, 0.525, 0.536, -0.235, 0.394, 0.689]","[1.759, 2.152, 1.678, 1.874, 2.043, 2.012]","[-5.447, -4.827, -4.584, -5.199, -5.287, -4.794]"
107,1,-8.7891,-5.9457,0.348,243,587,20,0,0.809,50,0.00,1978,871.97,0,0,10.926(13.657%)(0.000m),18.406(16.241%)(0.000m),37.622(33.196%)(1.888m),45.000(39.706%)(2.679m),37.000(46.250%)(1.821m),10.532(26.331%)(0.057m),40.000(100.000%)(3.214m),1125.653,6170.021,55.9,0.9280,"[-0.080, -0.134, -0.437, -0.179, -0.164, -0.351]","[1.708, 2.076, 1.713, 1.795, 2.119, 1.920]","[-5.105, -5.408, -6.245, -6.006, -6.112, -5.543]"
108,1,-6.3803,-5.9125,0.452,208,510,19,0,0.807,45,0.00,1999,769.21,0,0,10.258(12.823%)(0.000m),16.513(14.570%)(0.000m),30.854(27.224%)(1.163m),50.000(44.118%)(3.214m),43.000(53.750%)(2.464m),10.512(26.281%)(0.055m),40.000(100.000%)(3.214m),1296.360,4559.692,56.8,0.9420,"[-0.154, -0.114, -0.285, -0.278, -0.196, -0.228]","[2.054, 2.031, 1.615, 2.194, 1.933, 1.763]","[-4.567, -5.369, -6.333, -5.843, -5.861, -5.406]"
109,1,-6.2754,-5.9134,0.304,126,317,17,0,0.806,35,0.00,2012,430.45,0,0,73.000(91.250%)(5.679m),81.000(71.471%)(6.536m),51.286(45.253%)(3.352m),21.073(18.594%)(0.115m),11.626(14.532%)(0.000m),40.000(100.000%)(3.214m),10.283(25.709%)(0.030m),3455.359,9207.799,58.2,0.0000,"[-1.665, -0.848, -0.248, -1.788, -0.679, 0.116]","[1.767, 1.723, 1.412, 2.069, 2.228, 1.775]","[-5.196, -5.109, -4.915, -5.277, -5.680, -4.818]"
110,1,-4.5325,-5.8735,0.388,180,465,71,15,0.804,45,0.00,2030,663.33,0,0,58.441(73.052%)(4.119m),30.000(26.471%)(1.071m),20.000(17.647%)(0.000m),20.000(17.647%)(0.000m),22.000(27.500%)(0.214m),40.000(100.000%)(3.214m),37.525(93.812%)(2.949m),0.000,2165.116,59.7,1.2056,"[-0.896, -0.923, -0.855, -1.176, -1.017, -0.919]","[1.362, 1.890, 1.548, 1.520, 2.010, 1.828]","[-6.418, -6.550, -6.607, -6.410, -7.001, -6.310]"
111,1,-5.7917,-5.8785,0.288,208,518,50,20,0.802,45,0.00,2051,745.45,0,0,24.000(30.000%)(0.429m),25.000(22.059%)(0.536m),32.000(28.235%)(1.286m),88.989(78.520%)(7.392m),48.522(60.653%)(3.056m),40.000(100.000%)(3.214m),38.899(97.247%)(3.096m),0.000,2479.083,57.6,0.8158,"[0.033, -0.087, -0.385, -0.043, -0.168, -0.537]","[1.526, 1.921, 1.482, 1.911, 2.134, 1.784]","[-2.169, -3.277, -3.263, -2.939, -3.557, -3.857]"
112,1,-6.1672,-5.9389,0.376,95,233,12,0,0.801,25,0.00,2061,330.14,0,0,78.639(98.299%)(6.283m),111.000(97.941%)(9.750m),60.525(53.404%)(4.342m),22.755(20.078%)(0.295m),11.811(14.764%)(0.000m),40.000(100.000%)(3.214m),9.817(24.543%)(0.000m),4530.920,8926.259,56.7,1.0872,"[-1.837, -1.174, -0.540, -1.753, -1.025, -0.375]","[1.597, 1.866, 1.783, 1.742, 2.191, 1.817]","[-5.778, -5.406, -4.935, -5.453, -5.827, -4.721]"
113,1,-6.3733,-5.9419,0.313,213,519,18,0,0.799,45,0.00,2083,801.22,0,0,10.711(13.388%)(0.000m),18.044(15.921%)(0.000m),36.882(32.543%)(1.809m),52.000(45.882%)(3.429m),46.000(57.500%)(2.786m),10.325(25.813%)(0.035m),40.000(100.000%)(3.214m),1626.424,5481.861,56.4,1.0059,"[0.180, 0.123, -0.294, -0.035, 0.059, -0.102]","[1.698, 1.798, 1.387, 1.676, 2.027, 1.689]","[-4.912, -5.712, -6.150, -5.592, -6.108, -5.154]"
114,1,-6.3531,-5.9565,0.300,130,318,14,0,0.798,35,0.00,2096,489.84,0,0,10.254(12.817%)(0.000m),15.482(13.661%)(0.000m),25.964(22.909%)(0.639m),89.000(78.530%)(7.393m),77.067(96.334%)(6.114m),11.592(28.981%)(0.171m),40.000(100.000%)(3.214m),3156.011,6946.516,56.7,0.0000,"[0.692, 0.108, -0.505, 0.429, 0.136, -0.703]","[2.080, 1.862, 1.668, 2.070, 2.089, 1.429]","[-5.388, -6.181, -6.694, -6.284, -6.627, -5.660]"
115,1,-7.8053,-5.9996,0.364,225,553,25,21,0.796,45,0.00,2119,789.82,0,0,32.414(40.518%)(1.330m),61.332(54.117%)(4.428m),20.000(17.647%)(0.000m),21.000(18.529%)(0.107m),26.000(32.500%)(0.643m),23.317(58.294%)(1.427m),40.000(100.000%)(3.214m),0.000,7778.778,56.8,0.9682,"[-0.339, -0.157, -0.448, -0.378, -0.169, -0.498]","[1.597, 1.692, 1.636, 1.670, 2.042, 1.566]","[-3.498, -3.463, -2.801, -3.898, -3.732, -3.179]"
116,1,-6.5838,-5.9509,0.332,221,544,76,21,0.794,45,0.00,2142,797.12,0,0,22.000(27.500%)(0.214m),20.000(17.647%)(0.000m),23.000(20.294%)(0.321m),31.000(27.353%)(1.179m),49.478(61.847%)(3.158m),40.000(100.000%)(3.214m),40.000(100.000%)(3.214m),0.000,2690.167,57.0,1.0698,"[-0.300, -0.396, -0.357, -0.411, -0.216, -0.412]","[1.594, 1.631, 1.681, 1.607, 1.834, 1.686]","[-5.197, -6.048, -5.978, -6.042, -6.215, -5.714]"
117,1,-3.8483,-5.8952,0.422,105,293,16,0,0.793,30,0.00,2153,368.51,0,0,57.000(71.250%)(3.964m),92.000(81.177%)(7.714m),66.288(58.490%)(4.959m),22.610(19.950%)(0.280m),11.736(14.669%)(0.000m),40.000(100.000%)(3.214m),9.755(24.386%)(0.000m),1942.669,4551.959,64.7,1.1768,"[-1.637, -1.010, -0.583, -1.674, -0.835, -0.605]","[1.241, 1.620, 1.327, 1.699, 2.088, 1.668]","[-5.072, -4.641, -3.928, -5.278, -4.807, -4.186]"
118,1,-5.0510,-5.8799,0.355,95,243,19,0,0.791,30,0.00,2163,337.32,0,0,78.639(98.299%)(6.283m),107.000(94.412%)(9.321m),60.831(53.675%)(4.375m),22.712(20.040%)(0.291m),11.789(14.736%)(0.000m),40.000(100.000%)(3.214m),9.799(24.497%)(0.000m),2836.194,7647.898,59.3,1.8711,"[-2.173, -1.606, -0.763, -2.448, -1.417, -0.711]","[1.499, 1.680, 1.296, 1.821, 1.759, 1.530]","[-5.236, -5.425, -4.658, -5.495, -5.223, -4.616]"
119,1,-5.2797,-5.8753,0.346,246,636,16,34,0.790,50,0.00,2188,912.24,0,0,12.000(15.000%)(0.000m),51.000(45.000%)(3.321m),79.000(69.706%)(6.321m),50.538(44.592%)(3.272m),24.342(30.428%)(0.465m),11.000(27.500%)(0.107m),17.311(43.276%)(0.783m),1196.313,5762.745,59.8,1.0937,"[-0.256, 0.175, 0.483, -0.479, 0.256, 0.359]","[1.562, 1.849, 1.695, 1.610, 2.098, 1.809]","[-2.326, -1.537, -0.755, -2.900, -1.294, -1.052]"
120,1,-5.6829,-5.8813,0.363,175,456,12,11,0.788,40,0.00,2206,612.14,0,0,32.949(41.187%)(1.387m),67.588(59.637%)(5.099m),20.000(17.647%)(0.000m),22.000(19.412%)(0.214m),77.067(96.334%)(6.114m),23.559(58.897%)(1.453m),40.000(100.000%)(3.214m),0.000,6470.980,60.3,0.8990,"[0.174, 0.174, -0.479, 0.353, 0.361, -0.226]","[1.720, 2.002, 1.684, 2.211, 2.198, 1.930]","[-4.046, -4.471, -4.050, -4.283, -4.055, -4.116]"
121,1,-4.2738,-5.8426,0.349,216,559,7,55,0.786,50,0.00,2228,780.30,0,0,11.000(13.750%)(0.000m),19.000(16.765%)(0.000m),54.000(47.647%)(3.643m),66.572(58.740%)(4.990m),35.197(43.996%)(1.628m),40.000(100.000%)(3.214m),25.330(63.325%)(1.643m),519.729,4250.694,59.9,1.1542,"[-0.019, 0.114, -0.048, -0.086, 0.225, -0.147]","[1.772, 2.097, 1.823, 1.956, 2.269, 1.929]","[-3.168, -4.311, -6.236, -3.517, -4.171, -5.270]"
122,1,-5.8123,-5.8390,0.338,221,545,58,23,0.785,45,0.00,2251,801.24,0,0,48.045(60.056%)(3.005m),56.000(49.412%)(3.857m),31.000(27.353%)(1.179m),22.000(19.412%)(0.214m),23.000(28.750%)(0.321m),40.000(100.000%)(3.214m),40.000(100.000%)(3.214m),0.000,2536.488,57.0,0.9480,"[-0.217, -0.256, -0.386, -0.321, -0.121, -0.345]","[1.577, 1.852, 1.523, 1.751, 1.920, 1.727]","[-5.186, -4.775, -3.921, -5.557, -4.400, -3.880]"
123,1,-4.9059,-5.8756,0.330,130,320,20,0,0.783,35,0.00,2264,478.61,0,0,10.654(13.317%)(0.000m),17.454(15.400%)(0.000m),33.718(29.751%)(1.470m),86.000(75.883%)(7.071m),76.230(95.288%)(6.025m),10.654(26.634%)(0.070m),40.000(100.000%)(3.214m),2675.598,6768.570,56.9,1.0062,"[0.228, -0.137, -0.787, 0.079, -0.124, -0.669]","[1.770, 1.812, 1.400, 1.922, 1.941, 1.600]","[-4.534, -5.558, -5.872, -5.542, -5.558, -5.291]"
124,1,-2.2765,-5.8294,0.314,169,438,20,0,0.782,40,0.00,2281,627.81,0,0,12.462(15.577%)(0.000m),25.764(22.733%)(0.618m),76.138(67.181%)(6.015m),63.000(55.588%)(4.607m),51.000(63.750%)(3.321m),9.723(24.306%)(0.000m),40.000(100.000%)(3.214m),1160.396,4560.209,59.9,0.8966,"[-0.181, -0.502, -0.755, -0.292, -0.452, -0.886]","[1.775, 2.056, 1.994, 2.126, 2.221, 2.119]","[-3.594, -4.810, -5.187, -4.414, -4.828, -5.162]"
125,1,-5.5522,-5.8458,0.377,243,594,0,33,0.780,50,0.00,2306,882.87,0,0,17.000(21.250%)(0.000m),28.000(24.706%)(0.857m),81.000(71.471%)(6.536m),70.037(61.797%)(5.361m),37.518(46.898%)(1.877m),40.000(100.000%)(3.214m),27.102(67.756%)(1.832m),2470.110,7061.409,56.6,1.0042,"[0.482, 0.507, 0.171, 0.521, 0.523, 0.251]","[1.800, 1.881, 1.766, 2.039, 2.117, 1.822]","[-1.364, -2.658, -4.119, -1.676, -3.003, -3.919]"
126,1,-3.6319,-5.8261,0.346,280,689,7,41,0.779,55,0.00,2334,994.92,0,0,12.000(15.000%)(0.000m),22.000(19.412%)(0.214m),98.000(86.471%)(8.357m),50.876(44.891%)(3.308m),24.539(30.674%)(0.486m),11.000(27.500%)(0.107m),17.469(43.672%)(0.800m),2845.690,6925.243,57.0,0.9646,"[-0.237, 0.061, -0.013, -0.144, 0.310, 0.143]","[1.147, 1.380, 1.104, 1.405, 1.518, 1.424]","[-2.920, -2.566, -4.375, -3.079, -2.740, -3.769]"
127,1,-6.6941,-5.8310,0.379,88,213,18,0,0.777,25,0.00,2343,292.81,0,0,11.334(14.168%)(0.000m),20.545(18.128%)(0.058m),50.001(44.119%)(3.214m),113.333(100.000%)(10.000m),77.067(96.334%)(6.114m),10.026(25.064%)(0.003m),40.000(100.000%)(3.214m),5164.863,9895.746,56.1,2.3139,"[-0.730, -1.461, -2.218, -0.887, -1.403, -2.039]","[1.204, 1.372, 1.080, 1.511, 1.705, 1.312]","[-4.007, -5.239, -5.554, -4.730, -5.287, -4.979]"
128,1,-6.7251,-5.8870,0.267,85,209,25,0,0.775,25,0.00,2352,321.55,0,0,78.639(98.299%)(6.283m),108.000(95.294%)(9.429m),33.021(29.136%)(1.395m),17.093(15.082%)(0.000m),10.433(13.041%)(0.000m),40.000(100.000%)(3.214m),10.433(26.083%)(0.046m),3292.410,9030.969,56.8,0.8657,"[-1.930, -1.387, -0.841, -1.937, -1.014, -0.682]","[1.118, 1.330, 0.956, 1.285, 1.578, 1.230]","[-6.225, -6.378, -5.800, -5.885, -6.160, -5.706]"
129,1,-5.9828,-5.8731,0.241,222,571,27,0,0.774,50,0.00,2375,768.87,0,0,40.000(50.000%)(2.143m),57.000(50.294%)(3.964m),56.791(50.110%)(3.942m),21.890(19.315%)(0.203m),11.797(14.747%)(0.000m),36.728(91.820%)(2.864m),10.180(25.450%)(0.019m),1104.486,4198.338,59.6,0.8978,"[-0.710, -0.511, -0.340, -0.729, -0.293, -0.476]","[1.104, 1.124, 0.793, 1.139, 1.315, 0.812]","[-5.875, -5.758, -4.594, -5.451, -5.452, -4.787]"
130,1,-3.2368,-5.7329,0.343,220,560,60,25,0.772,45,0.00,2397,758.17,0,0,24.000(30.000%)(0.429m),29.000(25.588%)(0.964m),37.000(32.647%)(1.821m),21.230(18.733%)(0.132m),11.712(14.641%)(0.000m),40.000(100.000%)(3.214m),10.360(25.901%)(0.039m),116.275,3758.515,58.9,1.1116,"[-0.823, -0.774, -0.904, -0.863, -0.741, -1.090]","[1.435, 1.494, 1.114, 1.513, 1.636, 1.346]","[-5.899, -5.387, -4.960, -5.182, -5.351, -5.153]"
131,1,-4.3441,-5.6718,0.339,161,430,15,0,0.771,40,0.00,2414,603.05,0,0,10.176(12.720%)(0.000m),15.480(13.659%)(0.000m),26.267(23.177%)(0.671m),49.000(43.235%)(3.107m),36.000(45.000%)(1.714m),11.363(28.408%)(0.146m),40.000(100.000%)(3.214m),937.200,3989.382,61.8,0.9581,"[-0.462, -0.589, -0.895, -0.674, -0.514, -0.747]","[1.428, 1.586, 1.155, 1.547, 1.885, 1.467]","[-5.283, -6.304, -6.049, -6.157, -6.655, -5.481]"
132,1,-4.7329,-5.6753,0.317,105,262,16,0,0.769,30,0.00,2425,373.76,0,0,8.884(11.105%)(0.000m),12.149(10.720%)(0.000m),17.776(15.684%)(0.000m),37.922(33.461%)(1.920m),76.230(95.288%)(6.025m),12.149(30.373%)(0.230m),40.000(100.000%)(3.214m),2718.782,6134.750,57.8,1.2088,"[0.081, -0.402, -0.896, -0.228, -0.384, -0.721]","[1.629, 1.420, 0.898, 1.542, 1.620, 1.373]","[-4.850, -5.541, -5.307, -5.430, -5.846, -5.087]"
133,1,-7.5191,-5.7086,0.455,196,501,75,18,0.768,45,0.00,2445,713.01,0,0,62.624(78.281%)(4.567m),50.000(44.118%)(3.214m),20.000(17.647%)(0.000m),20.000(17.647%)(0.000m),19.092(23.865%)(0.000m),40.000(100.000%)(3.214m),13.487(33.717%)(0.374m),0.000,7086.541,59.1,1.2806,"[-1.499, -1.078, -0.657, -1.562, -0.865, -0.620]","[1.445, 1.927, 1.799, 1.730, 2.188, 2.259]","[-4.608, -4.467, -4.215, -4.792, -4.652, -4.523]"
134,1,-8.4965,-5.7563,0.401,212,528,55,19,0.766,45,0.00,2467,714.08,0,0,73.195(91.494%)(5.699m),21.000(18.529%)(0.107m),20.000(17.647%)(0.000m),20.000(17.647%)(0.000m),33.739(42.174%)(1.472m),40.000(100.000%)(3.214m),24.302(60.755%)(1.532m),0.000,5883.638,57.6,1.0210,"[-0.099, -0.141, 0.032, -0.337, 0.004, -0.087]","[1.960, 2.167, 1.862, 2.144, 2.388, 2.127]","[-4.109, -4.876, -4.797, -4.476, -4.936, -4.865]"
135,1,-4.6403,-5.6797,0.358,141,387,17,0,0.765,40,0.00,2482,541.35,0,0,10.535(13.169%)(0.000m),17.418(15.369%)(0.000m),34.256(30.226%)(1.527m),57.000(50.294%)(3.964m),42.000(52.500%)(2.357m),10.407(26.019%)(0.044m),40.000(100.000%)(3.214m),917.710,3503.749,63.6,0.9097,"[-0.605, -0.870, -1.065, -0.709, -0.752, -1.197]","[1.599, 1.830, 1.638, 1.866, 2.206, 1.659]","[-6.188, -7.930, -7.347, -6.937, -8.030, -6.688]"
136,1,-6.0811,-5.6788,0.258,262,665,29,68,0.763,50,0.00,2509,957.72,0,0,13.000(16.250%)(0.000m),47.000(41.471%)(2.893m),93.000(82.059%)(7.821m),65.219(57.546%)(4.845m),34.568(43.210%)(1.561m),10.000(25.000%)(0.000m),24.819(62.048%)(1.588m),2514.612,5607.814,58.8,1.7163,"[0.425, 0.670, 0.479, 0.288, 0.645, 0.587]","[2.044, 1.957, 1.779, 2.144, 2.182, 2.020]","[-1.885, -1.432, -2.618, -2.246, -1.824, -2.686]"
137,1,-4.7764,-5.6851,0.343,149,376,18,0,0.762,35,0.00,2524,544.67,0,0,59.791(74.739%)(4.263m),31.954(28.195%)(1.281m),16.248(14.336%)(0.000m),11.415(10.072%)(0.000m),8.542(10.677%)(0.000m),40.000(100.000%)(3.214m),12.319(30.798%)(0.248m),2017.442,4877.788,58.4,1.5236,"[-0.423, -0.208, -0.148, -0.275, -0.165, -0.333]","[1.640, 1.984, 1.475, 2.028, 2.174, 1.484]","[-5.952, -5.870, -5.628, -5.495, -6.420, -5.601]"
138,1,-6.6700,-5.6901,0.432,215,531,14,0,0.760,45,0.00,2546,757.17,0,0,12.113(15.142%)(0.000m),23.337(20.592%)(0.358m),61.550(54.309%)(4.452m),54.000(47.647%)(3.643m),40.000(50.000%)(2.143m),10.068(25.171%)(0.007m),40.000(100.000%)(3.214m),2533.309,9329.422,57.1,1.1964,"[-0.363, -0.456, -0.819, -0.476, -0.337, -0.763]","[1.553, 1.591, 1.525, 1.811, 2.003, 1.545]","[-3.556, -4.505, -5.100, -4.042, -4.912, -4.659]"
139,1,-8.2349,-5.7258,0.340,209,525,89,12,0.759,45,0.00,2567,723.23,0,0,24.000(30.000%)(0.429m),20.000(17.647%)(0.000m),21.000(18.529%)(0.107m),34.206(30.182%)(1.522m),16.242(20.302%)(0.000m),40.000(100.000%)(3.214m),11.443(28.607%)(0.155m),0.000,8403.406,58.1,1.0242,"[-1.267, -0.764, -0.351, -1.407, -0.581, -0.380]","[1.916, 1.988, 1.973, 2.150, 2.369, 2.226]","[-6.028, -6.984, -6.523, -6.589, -7.268, -6.325]"
140,1,-6.1273,-5.7548,0.390,184,468,10,0,0.757,40,0.00,2586,675.18,0,0,45.000(56.250%)(2.679m),57.000(50.294%)(3.964m),60.428(53.319%)(4.332m),22.828(20.142%)(0.303m),12.003(15.003%)(0.000m),40.000(100.000%)(3.214m),10.102(25.255%)(0.011m),2803.081,7554.637,58.9,0.9746,"[-0.239, 0.229, 0.450, -0.292, 0.400, 0.398]","[1.877, 2.022, 1.703, 2.072, 2.270, 1.916]","[-5.167, -4.854, -3.739, -5.266, -4.672, -4.123]"
141,1,-5.3785,-5.7399,0.250,122,319,17,0,0.756,35,0.00,2599,451.50,0,0,65.000(81.250%)(4.821m),89.000(78.530%)(7.393m),29.871(26.357%)(1.058m),15.986(14.105%)(0.000m),9.931(12.414%)(0.000m),40.000(100.000%)(3.214m),10.177(25.443%)(0.019m),2195.877,5215.658,60.5,1.0481,"[-0.723, -0.087, 0.317, -0.730, 0.035, 0.274]","[1.503, 1.759, 1.542, 1.740, 1.991, 1.661]","[-5.811, -6.001, -5.558, -5.688, -5.979, -5.696]"
142,1,-5.3429,-5.7675,0.390,151,410,19,0,0.754,40,0.00,2615,545.36,0,0,10.870(13.587%)(0.000m),17.971(15.856%)(0.000m),35.343(31.185%)(1.644m),48.000(42.353%)(3.000m),40.000(50.000%)(2.143m),10.738(26.844%)(0.079m),40.000(100.000%)(3.214m),943.591,3336.354,62.8,0.9042,"[-0.560, -0.739, -0.793, -0.807, -0.643, -0.748]","[1.647, 1.910, 1.376, 1.995, 1.913, 1.588]","[-5.043, -6.235, -5.958, -6.030, -6.374, -5.404]"
143,1,-2.7529,-5.7044,0.280,213,540,0,37,0.753,45,0.00,2637,768.81,0,0,14.000(17.500%)(0.000m),21.000(18.529%)(0.107m),69.000(60.883%)(5.250m),73.359(64.729%)(5.717m),35.531(44.413%)(1.664m),40.000(100.000%)(3.214m),25.542(63.856%)(1.665m),1021.597,4794.360,58.7,0.9798,"[0.158, 0.192, -0.102, 0.174, 0.262, -0.228]","[1.690, 1.674, 1.441, 1.831, 1.890, 1.523]","[-2.142, -3.629, -5.209, -2.317, -3.726, -4.835]"
144,1,-7.8357,-5.7608,0.265,197,481,25,0,0.751,40,0.00,2657,712.52,0,0,41.288(51.611%)(2.281m),57.000(50.294%)(3.964m),30.797(27.174%)(1.157m),16.741(14.771%)(0.000m),10.489(13.112%)(0.000m),29.966(74.916%)(2.139m),10.881(27.203%)(0.094m),1842.732,7146.119,56.5,0.8759,"[-0.245, -0.281, -0.464, -0.349, -0.131, -0.466]","[1.924, 2.113, 1.656, 2.078, 2.334, 1.759]","[-6.297, -6.111, -5.841, -5.807, -5.952, -5.624]"
145,1,-6.1585,-5.8239,0.385,218,539,14,22,0.750,45,0.00,2679,800.20,0,0,73.310(91.638%)(5.712m),23.000(20.294%)(0.321m),21.000(18.529%)(0.107m),68.301(60.266%)(5.175m),36.367(45.459%)(1.754m),40.000(100.000%)(3.214m),26.274(65.684%)(1.744m),0.000,6102.433,57.2,0.9549,"[0.345, 0.541, 0.548, 0.440, 0.668, 0.446]","[2.055, 2.219, 1.803, 2.309, 2.317, 1.956]","[-2.375, -3.909, -3.625, -3.169, -3.593, -4.145]"
146,1,-3.4532,-5.7791,0.370,169,430,16,0,0.748,40,0.00,2696,635.10,0,0,10.193(12.742%)(0.000m),15.506(13.682%)(0.000m),26.312(23.216%)(0.676m),56.000(49.412%)(3.857m),46.000(57.500%)(2.786m),11.382(28.456%)(0.148m),40.000(100.000%)(3.214m),1249.380,4947.115,58.8,0.9577,"[0.285, 0.083, -0.084, 0.154, 0.325, -0.147]","[2.137, 2.168, 2.089, 2.282, 2.512, 2.156]","[-5.098, -6.160, -5.926, -5.834, -6.243, -5.614]"
147,1,-6.9820,-5.8073,0.344,306,746,19,33,0.747,55,0.00,2727,1139.77,0,0,11.392(14.240%)(0.000m),20.649(18.220%)(0.070m),50.255(44.343%)(3.242m),38.000(33.530%)(1.929m),26.000(32.500%)(0.643m),10.077(25.192%)(0.008m),25.000(62.500%)(1.607m),557.038,5388.758,56.4,1.2423,"[-0.219, -0.138, -0.362, -0.288, 0.080, -0.295]","[2.125, 2.296, 1.961, 2.170, 2.395, 1.931]","[-3.681, -4.833, -5.279, -3.863, -4.607, -5.175]"
148,1,-2.6638,-5.7356,0.298,168,439,14,0,0.745,40,0.00,2744,617.62,0,0,12.254(15.317%)(0.000m),24.596(21.703%)(0.492m),67.639(59.681%)(5.104m),63.000(55.588%)(4.607m),45.000(56.250%)(2.679m),9.807(24.518%)(0.000m),40.000(100.000%)(3.214m),1210.481,4381.256,60.5,2.1506,"[0.240, -0.032, -0.311, -0.042, -0.115, -0.639]","[2.063, 2.179, 1.970, 2.171, 2.240, 1.919]","[-3.574, -5.189, -5.687, -4.518, -5.138, -5.462]"
149,1,-5.3008,-5.7338,0.297,90,221,17,0,0.744,25,0.00,2753,326.87,0,0,9.054(11.318%)(0.000m),12.766(11.264%)(0.000m),19.417(17.133%)(0.000m),47.256(41.697%)(2.920m),77.067(96.334%)(6.114m),11.605(29.012%)(0.172m),40.000(100.000%)(3.214m),4011.101,7635.470,56.8,1.0190,"[0.200, -0.407, -0.896, 0.105, -0.235, -0.906]","[1.896, 2.097, 1.765, 2.193, 2.283, 1.771]","[-4.706, -6.033, -5.565, -5.572, -5.992, -5.331]"
150,1,-8.6213,-5.7746,0.416,209,506,18,0,0.742,45,0.00,2774,761.13,0,0,10.439(13.049%)(0.000m),17.259(15.228%)(0.000m),33.943(29.950%)(1.494m),62.000(54.706%)(4.500m),43.464(54.330%)(2.514m),10.312(25.781%)(0.033m),31.668(79.171%)(2.322m),1867.919,7216.278,56.1,0.9518,"[0.011, 0.006, -0.285, -0.036, -0.109, -0.146]","[1.484, 1.892, 1.714, 1.812, 2.039, 1.931]","[-4.687, -5.948, -6.082, -5.535, -6.607, -5.401]"
151,1,-3.1301,-5.6440,0.326,208,551,7,39,0.741,50,0.00,2795,781.08,0,0,36.410(45.512%)(1.758m),69.637(61.445%)(5.318m),108.000(95.294%)(9.429m),22.000(19.412%)(0.214m),12.000(15.000%)(0.000m),26.113(65.282%)(1.726m),10.000(25.000%)(0.000m),646.570,3733.689,61.3,0.9080,"[-0.396, -0.129, -0.300, -0.334, -0.038, -0.272]","[1.643, 2.100, 1.585, 2.145, 2.209, 1.795]","[-5.361, -4.398, -3.774, -5.610, -4.541, -3.762]"
152,1,-6.4885,-5.6713,0.365,171,421,49,0,0.739,40,0.00,2813,592.00,0,0,56.000(70.000%)(3.857m),91.000(80.294%)(7.607m),92.221(81.371%)(7.738m),25.239(22.270%)(0.561m),12.392(15.491%)(0.000m),40.000(100.000%)(3.214m),9.793(24.482%)(0.000m),4537.456,9240.386,57.0,1.1184,"[-0.640, 0.670, 1.544, -0.707, 1.062, 1.631]","[1.894, 2.214, 2.138, 2.026, 2.639, 2.317]","[-3.808, -1.852, -0.025, -3.822, -1.341, 0.146]"
153,1,-4.5867,-5.6096,0.363,147,384,20,0,0.738,40,0.00,2828,532.69,0,0,10.276(12.845%)(0.000m),16.836(14.855%)(0.000m),32.524(28.698%)(1.342m),58.000(51.177%)(4.071m),49.000(61.250%)(3.107m),10.276(25.691%)(0.030m),40.000(100.000%)(3.214m),1433.459,5668.283,60.4,1.0005,"[-0.210, -0.378, -0.727, -0.134, -0.312, -0.716]","[1.952, 2.076, 1.809, 2.290, 2.452, 1.979]","[-5.459, -6.325, -6.061, -5.868, -6.933, -5.407]"
154,1,-6.7091,-5.6323,0.409,113,271,34,0,0.736,30,0.00,2840,413.75,0,0,11.482(14.352%)(0.000m),20.138(17.769%)(0.015m),45.071(39.768%)(2.686m),100.000(88.236%)(8.571m),77.067(96.334%)(6.114m),10.539(26.347%)(0.058m),40.000(100.000%)(3.214m),4681.805,10867.438,55.6,1.0549,"[0.589, -0.353, -1.496, 0.567, -0.178, -1.404]","[1.969, 2.145, 1.837, 2.248, 2.381, 1.991]","[-4.463, -5.700, -5.471, -4.897, -5.945, -5.079]"
155,1,-3.4573,-5.5824,0.325,208,526,17,0,0.735,45,0.00,2861,722.65,0,0,35.000(43.750%)(1.607m),55.000(48.530%)(3.750m),36.156(31.902%)(1.731m),18.042(15.919%)(0.000m),10.812(13.515%)(0.000m),40.000(100.000%)(3.214m),10.551(26.377%)(0.059m),2165.390,6594.194,58.5,1.0433,"[-0.063, 0.199, 0.386, -0.108, 0.371, 0.364]","[1.945, 1.901, 1.696, 2.181, 2.272, 1.867]","[-6.639, -6.525, -6.208, -5.948, -6.736, -6.160]"
156,1,-5.7458,-5.6047,0.307,135,354,22,0,0.733,35,0.00,2875,514.84,0,0,60.245(75.306%)(4.312m),80.000(70.588%)(6.429m),39.858(35.169%)(2.128m),18.683(16.485%)(0.000m),10.874(13.592%)(0.000m),40.000(100.000%)(3.214m),10.229(25.572%)(0.025m),1450.498,4524.716,60.7,1.0611,"[-0.484, -0.161, 0.072, -0.424, -0.144, 0.001]","[2.128, 2.058, 1.767, 2.221, 2.182, 1.751]","[-6.437, -6.062, -5.612, -5.872, -6.341, -5.519]"
157,1,-4.6422,-5.5218,0.324,171,437,16,0,0.732,40,0.00,2893,620.65,0,0,9.540(11.926%)(0.000m),14.299(12.617%)(0.000m),23.710(20.921%)(0.398m),59.000(52.059%)(4.179m),45.000(56.250%)(2.679m),10.920(27.300%)(0.099m),40.000(100.000%)(3.214m),1949.169,5299.828,59.2,1.1372,"[-0.133, -0.163, -0.639, -0.149, -0.138, -0.647]","[1.747, 2.213, 1.735, 2.091, 2.366, 1.911]","[-4.977, -6.003, -5.974, -5.567, -6.722, -5.519]"
158,1,-2.6252,-5.4466,0.309,149,397,16,0,0.730,40,0.00,2908,529.24,0,0,42.000(52.500%)(2.357m),51.144(45.127%)(3.337m),20.355(17.961%)(0.038m),13.271(11.710%)(0.000m),9.352(11.690%)(0.000m),40.000(100.000%)(3.214m),11.835(29.587%)(0.197m),929.911,3783.185,61.6,0.8848,"[-0.231, -0.084, -0.127, -0.374, 0.014, -0.177]","[1.793, 1.909, 1.735, 1.849, 2.293, 1.856]","[-5.857, -5.465, -5.882, -5.617, -6.001, -5.688]"
159,1,-7.3897,-5.4689,0.323,267,656,50,24,0.729,50,0.00,2935,985.05,0,0,29.000(36.250%)(0.964m),34.000(30.000%)(1.500m),44.000(38.824%)(2.571m),20.068(17.707%)(0.007m),11.442(14.302%)(0.000m),40.000(100.000%)(3.214m),10.502(26.255%)(0.054m),528.736,3997.518,56.8,1.0549,"[-0.076, -0.150, -0.350, -0.157, 0.036, -0.159]","[1.955, 1.959, 1.709, 1.947, 2.197, 1.849]","[-5.558, -5.345, -5.344, -5.496, -5.611, -5.182]"
160,1,-4.1590,-5.4615,0.321,261,682,61,28,0.727,55,0.00,2962,918.92,0,0,36.000(45.000%)(1.714m),68.000(60.000%)(5.143m),100.000(88.236%)(8.571m),34.655(30.578%)(1.570m),16.283(20.354%)(0.000m),11.000(27.500%)(0.107m),11.435(28.587%)(0.154m),1799.662,5728.275,60.5,0.9726,"[-0.100, 0.675, 1.141, -0.230, 0.782, 1.078]","[1.831, 2.022, 2.140, 2.045, 2.226, 2.196]","[-3.468, -1.798, -0.107, -4.041, -1.448, 0.066]"
161,1,-6.2426,-5.4705,0.359,276,691,26,76,0.726,55,0.00,2990,972.81,0,0,13.000(16.250%)(0.000m),55.000(48.530%)(3.750m),76.000(67.059%)(6.000m),58.389(51.520%)(4.113m),30.390(37.987%)(1.113m),10.000(25.000%)(0.000m),21.764(54.410%)(1.260m),1523.364,5971.882,58.0,1.1553,"[0.625, 0.896, 0.705, 0.652, 0.920, 0.636]","[2.084, 2.341, 2.047, 2.242, 2.449, 2.015]","[-1.723, -0.424, -0.661, -1.847, -0.571, -0.844]"
162,1,-5.3186,-5.4535,0.433,192,478,21,0,0.724,40,0.00,3010,680.96,0,0,42.000(52.500%)(2.357m),35.784(31.575%)(1.691m),17.857(15.756%)(0.000m),12.462(10.996%)(0.000m),9.273(11.591%)(0.000m),40.000(100.000%)(3.214m),13.195(32.989%)(0.342m),1054.458,4243.626,57.6,0.9830,"[0.382, 0.403, 0.310, 0.423, 0.572, 0.239]","[2.365, 2.581, 2.038, 2.718, 2.705, 2.120]","[-5.558, -5.261, -5.263, -5.418, -5.329, -5.044]"
163,1,-6.4791,-5.4556,0.402,92,226,19,0,0.723,25,0.00,3020,329.43,0,0,10.709(13.386%)(0.000m),17.238(15.210%)(0.000m),32.209(28.420%)(1.308m),107.000(94.412%)(9.321m),77.067(96.334%)(6.114m),10.974(27.435%)(0.104m),40.000(100.000%)(3.214m),4003.426,8736.419,56.9,1.3058,"[0.235, -0.390, -1.174, 0.168, -0.386, -1.235]","[2.317, 2.592, 2.136, 2.616, 2.796, 2.222]","[-5.429, -6.358, -6.048, -6.048, -7.007, -5.521]"
164,1,-3.6691,-5.4019,0.363,153,424,15,0,0.722,40,0.00,3036,555.51,0,0,39.000(48.750%)(2.036m),49.000(43.235%)(3.107m),42.569(37.561%)(2.418m),19.020(16.783%)(0.000m),10.844(13.555%)(0.000m),40.000(100.000%)(3.214m),9.954(24.884%)(0.000m),544.282,3373.105,64.1,0.9590,"[-0.475, -0.222, -0.127, -0.689, -0.299, -0.219]","[2.129, 2.568, 2.052, 2.372, 2.491, 2.202]","[-5.580, -5.412, -4.619, -5.775, -5.565, -4.709]"
165,1,-2.6287,-5.2984,0.435,146,384,21,0,0.720,40,0.00,3051,515.46,0,0,54.000(67.500%)(3.643m),66.000(58.235%)(4.929m),33.833(29.853%)(1.482m),17.514(15.453%)(0.000m),10.690(13.363%)(0.000m),40.000(100.000%)(3.214m),10.690(26.725%)(0.074m),1193.546,3973.211,60.8,0.8904,"[0.184, 0.363, 0.483, 0.148, 0.412, 0.451]","[2.300, 2.291, 1.945, 2.449, 2.475, 2.251]","[-5.829, -5.912, -5.360, -5.707, -6.218, -5.821]"
166,1,-4.1357,-5.2495,0.314,177,442,15,0,0.719,40,0.00,3069,630.35,0,0,51.000(63.750%)(3.321m),62.000(54.706%)(4.500m),64.585(56.987%)(4.777m),24.281(21.424%)(0.459m),12.268(15.335%)(0.000m),40.000(100.000%)(3.214m),9.944(24.859%)(0.000m),1644.228,6031.791,57.8,1.0150,"[0.201, 0.806, 0.894, 0.324, 0.866, 0.798]","[2.227, 2.434, 2.191, 2.547, 2.588, 2.311]","[-4.811, -4.011, -3.047, -4.632, -4.239, -3.089]"
167,1,-4.7062,-5.2666,0.410,127,333,23,0,0.717,35,0.00,3082,436.09,0,0,58.000(72.500%)(4.071m),91.000(80.294%)(7.607m),59.768(52.737%)(4.261m),22.155(19.549%)(0.231m),11.795(14.744%)(0.000m),40.000(100.000%)(3.214m),10.052(25.131%)(0.006m),2814.951,6491.331,60.8,0.7421,"[-0.721, 0.448, 0.920, -0.619, 0.490, 0.961]","[2.080, 2.482, 2.108, 2.412, 2.811, 2.380]","[-5.001, -4.523, -4.085, -4.693, -5.018, -4.191]"
168,1,-5.1269,-5.2681,0.348,107,272,13,0,0.716,30,0.00,3093,363.35,0,0,77.786(97.233%)(6.191m),99.000(87.353%)(8.464m),63.278(55.834%)(4.637m),23.898(21.086%)(0.418m),12.074(15.093%)(0.000m),40.000(100.000%)(3.214m),9.787(24.467%)(0.000m),2814.040,7356.152,58.8,1.5497,"[-0.857, -0.039, 0.558, -0.808, -0.034, 0.528]","[2.467, 2.703, 2.322, 2.866, 3.053, 2.450]","[-5.433, -4.891, -4.453, -5.200, -5.550, -4.548]"
169,1,-4.7890,-5.2583,0.449,144,384,16,0,0.714,40,0.00,3108,549.57,0,0,12.548(15.685%)(0.000m),25.943(22.891%)(0.637m),72.971(64.387%)(5.675m),68.000(60.000%)(5.143m),53.000(66.250%)(3.536m),9.790(24.476%)(0.000m),40.000(100.000%)(3.214m),1750.597,4722.499,61.8,0.9326,"[0.172, -0.062, -0.692, -0.040, -0.162, -0.824]","[2.275, 2.834, 2.821, 2.506, 3.163, 2.905]","[-3.108, -4.474, -5.726, -3.748, -5.288, -5.308]"
170,1,-5.8285,-5.2612,0.408,210,517,22,0,0.713,45,0.00,3129,750.83,0,0,11.425(14.281%)(0.000m),20.708(18.272%)(0.076m),50.290(44.374%)(3.245m),55.000(48.530%)(3.750m),44.000(55.000%)(2.571m),10.106(25.264%)(0.011m),40.000(100.000%)(3.214m),1304.773,5056.157,57.0,1.0115,"[0.748, 0.653, 0.320, 0.839, 0.670, 0.458]","[2.545, 2.924, 2.465, 2.948, 3.194, 2.687]","[-4.167, -5.251, -5.298, -4.814, -6.167, -4.603]"
171,1,-6.6055,-5.3079,0.392,378,922,27,98,0.712,60,0.00,3167,1423.14,0,0,21.120(26.400%)(0.120m),43.961(38.789%)(2.567m),54.000(47.647%)(3.643m),41.000(36.177%)(2.250m),22.000(27.500%)(0.214m),14.981(37.452%)(0.534m),16.000(40.000%)(0.643m),1126.398,5897.526,56.4,1.0448,"[0.844, 0.994, 0.373, 0.868, 1.088, 0.379]","[2.792, 2.648, 2.519, 2.777, 2.826, 2.423]","[-3.117, -1.252, -2.135, -3.009, -1.115, -1.628]"
172,1,-3.9700,-5.2710,0.408,130,321,19,0,0.710,35,0.00,3180,486.41,0,0,68.983(86.229%)(5.248m),46.794(41.289%)(2.871m),19.227(16.965%)(0.000m),12.641(11.154%)(0.000m),8.966(11.207%)(0.000m),40.000(100.000%)(3.214m),11.491(28.728%)(0.160m),2854.664,5727.031,57.2,1.0438,"[0.023, 0.303, 0.338, 0.133, 0.508, 0.461]","[2.201, 2.346, 1.815, 2.476, 2.618, 2.208]","[-5.788, -5.834, -5.608, -5.618, -5.837, -5.753]"
173,1,-4.6285,-5.2655,0.370,196,510,47,21,0.709,45,0.00,3200,721.52,0,0,28.000(35.000%)(0.857m),35.000(30.882%)(1.607m),30.034(26.501%)(1.075m),16.571(14.621%)(0.000m),10.470(13.088%)(0.000m),40.000(100.000%)(3.214m),10.995(27.488%)(0.107m),430.558,3184.628,60.2,1.1720,"[-0.440, -0.467, -0.341, -0.618, -0.361, -0.506]","[2.215, 2.567, 2.073, 2.487, 2.770, 2.241]","[-6.605, -7.193, -6.714, -6.586, -7.307, -6.598]"
174,1,-4.6748,-5.3134,0.505,218,573,48,16,0.707,50,0.00,3222,793.83,0,0,29.000(36.250%)(0.964m),56.000(49.412%)(3.857m),69.142(61.008%)(5.265m),25.064(22.115%)(0.543m),12.487(15.608%)(0.000m),28.000(70.000%)(1.929m),9.994(24.984%)(0.000m),2345.182,6171.899,60.9,0.9837,"[-0.673, 0.268, 0.774, -0.935, 0.333, 0.926]","[1.991, 2.209, 2.211, 2.372, 2.587, 2.504]","[-5.007, -3.930, -2.340, -5.752, -4.043, -2.253]"
175,1,-6.5210,-5.3328,0.439,161,430,16,11,0.706,40,0.00,3239,581.32,0,0,71.481(89.351%)(5.516m),23.000(20.294%)(0.321m),20.000(17.647%)(0.000m),47.000(41.471%)(2.893m),30.327(37.908%)(1.106m),40.000(100.000%)(3.214m),21.660(54.150%)(1.249m),0.000,6257.572,61.8,1.0300,"[0.554, 0.966, 0.935, 0.479, 0.992, 0.852]","[2.316, 2.695, 2.143, 2.491, 2.695, 2.250]","[-3.759, -4.996, -4.601, -4.897, -5.381, -4.857]"
176,1,-4.5468,-5.3511,0.721,119,297,22,0,0.704,30,0.00,3251,453.50,0,0,10.653(13.317%)(0.000m),17.298(15.263%)(0.000m),32.853(28.988%)(1.377m),89.000(78.530%)(7.393m),64.381(80.476%)(4.755m),10.784(26.961%)(0.084m),40.000(100.000%)(3.214m),2971.654,5847.180,57.7,1.1204,"[0.089, -0.132, -0.129, -0.026, -0.016, -0.158]","[1.860, 2.320, 2.342, 2.246, 2.696, 2.446]","[-5.093, -6.079, -5.819, -6.059, -6.978, -5.307]"
177,1,-7.6336,-5.3699,0.490,218,541,21,19,0.703,45,0.00,3273,787.44,0,0,69.057(86.321%)(5.256m),23.000(20.294%)(0.321m),20.000(17.647%)(0.000m),20.000(17.647%)(0.000m),26.912(33.640%)(0.741m),40.000(100.000%)(3.214m),19.226(48.066%)(0.989m),0.000,8278.366,57.4,0.9009,"[0.849, 1.072, 0.979, 0.734, 1.087, 0.810]","[2.622, 2.570, 2.627, 2.901, 2.817, 2.533]","[-3.271, -4.718, -4.462, -4.142, -5.068, -4.623]"
178,1,-4.4204,-5.3238,0.372,182,455,18,0,0.702,40,0.00,3292,624.52,0,0,48.000(60.000%)(3.000m),55.000(48.530%)(3.750m),35.703(31.502%)(1.682m),17.816(15.720%)(0.000m),10.676(13.345%)(0.000m),40.000(100.000%)(3.214m),10.418(26.046%)(0.045m),1581.787,5187.975,57.8,0.9375,"[0.066, 0.267, 0.429, -0.084, 0.411, 0.409]","[2.275, 2.681, 2.268, 2.519, 2.881, 2.440]","[-5.222, -5.603, -5.397, -5.226, -5.802, -5.508]"
179,1,-3.2005,-5.2682,0.329,136,351,17,0,0.700,35,0.00,3306,480.23,0,0,60.000(75.000%)(4.286m),72.000(63.530%)(5.571m),51.116(45.103%)(3.334m),21.003(18.532%)(0.107m),11.587(14.484%)(0.000m),40.000(100.000%)(3.214m),10.249(25.624%)(0.027m),1926.586,5510.590,59.7,1.1268,"[-0.506, -0.040, 0.356, -0.600, 0.030, 0.302]","[2.212, 2.454, 2.136, 2.353, 2.687, 2.330]","[-4.878, -4.906, -4.360, -4.881, -5.100, -4.370]"
180,1,-6.3412,-5.3302,0.400,172,446,16,0,0.699,40,0.00,3324,633.68,0,0,10.456(13.070%)(0.000m),16.027(14.142%)(0.000m),27.528(24.290%)(0.807m),46.000(40.588%)(2.786m),39.000(48.750%)(2.036m),11.532(28.831%)(0.164m),37.227(93.068%)(2.917m),1016.211,4185.549,60.0,1.0280,"[-0.258, -0.398, -0.481, -0.439, -0.344, -0.569]","[1.847, 2.093, 1.797, 2.156, 2.292, 1.823]","[-4.985, -6.262, -5.630, -5.843, -7.004, -5.094]"
181,1,-3.9193,-5.3218,0.441,182,466,27,0,0.697,40,0.00,3343,626.62,0,0,45.000(56.250%)(2.679m),75.000(66.177%)(5.893m),95.631(84.381%)(8.103m),27.197(23.998%)(0.771m),12.881(16.101%)(0.000m),40.000(100.000%)(3.214m),9.795(24.486%)(0.000m),2088.018,6538.941,59.3,0.9665,"[0.025, 0.940, 1.262, -0.051, 1.129, 1.291]","[1.462, 1.743, 1.945, 1.706, 2.074, 1.793]","[-3.877, -2.193, -0.152, -4.422, -1.878, -0.067]"
182,1,-4.6672,-5.3204,0.299,143,359,17,0,0.696,35,0.00,3358,548.00,0,0,13.069(16.336%)(0.000m),27.928(24.643%)(0.849m),74.168(65.442%)(5.804m),91.000(80.294%)(7.607m),67.000(83.750%)(5.036m),9.810(24.524%)(0.000m),40.000(100.000%)(3.214m),3430.141,6940.011,58.0,1.0597,"[1.108, 0.368, -0.707, 0.763, 0.554, -0.647]","[2.103, 2.334, 1.895, 2.279, 2.584, 2.073]","[-1.240, -4.045, -5.349, -2.679, -4.184, -5.112]"
183,1,-3.0682,-5.2314,0.533,189,481,41,23,0.695,45,0.00,3377,678.23,0,0,25.000(31.250%)(0.536m),20.000(17.647%)(0.000m),30.000(26.471%)(1.071m),58.000(51.177%)(4.071m),57.979(72.474%)(4.069m),40.000(100.000%)(3.214m),40.000(100.000%)(3.214m),0.000,2695.207,58.9,1.0713,"[0.762, 0.132, 0.077, 0.346, 0.268, -0.100]","[2.397, 2.391, 2.004, 2.342, 2.712, 2.130]","[-1.783, -3.840, -5.351, -2.739, -4.244, -4.892]"
184,1,-2.3996,-5.1095,0.409,224,588,42,38,0.693,50,0.00,3400,818.17,0,0,11.694(14.618%)(0.000m),22.241(19.625%)(0.240m),39.000(34.412%)(2.036m),29.000(25.588%)(0.964m),22.000(27.500%)(0.214m),9.842(24.606%)(0.000m),24.000(60.000%)(1.500m),53.472,3837.865,60.7,1.0135,"[0.022, -0.148, -0.539, 0.003, -0.077, -0.511]","[1.958, 2.432, 2.048, 2.278, 2.662, 2.368]","[-4.155, -5.466, -5.563, -4.748, -6.194, -5.225]"
185,1,-6.1779,-5.1402,0.395,178,435,15,0,0.692,40,0.00,3418,654.87,0,0,10.493(13.116%)(0.000m),16.084(14.192%)(0.000m),27.625(24.375%)(0.817m),70.000(61.765%)(5.357m),57.000(71.250%)(3.964m),11.573(28.933%)(0.169m),40.000(100.000%)(3.214m),2458.445,6208.508,56.6,1.1121,"[0.980, 0.576, 0.028, 0.995, 0.706, -0.025]","[2.215, 2.793, 2.481, 2.557, 3.063, 2.553]","[-5.377, -7.131, -6.594, -6.273, -8.150, -5.976]"
186,1,-5.1090,-5.1208,0.401,146,359,28,0,0.690,35,0.00,3433,496.17,0,0,12.513(15.641%)(0.000m),25.869(22.826%)(0.629m),100.739(88.888%)(8.651m),92.000(81.177%)(7.714m),73.000(91.250%)(5.679m),9.762(24.406%)(0.000m),40.000(100.000%)(3.214m),3446.078,9865.391,56.9,1.0166,"[0.927, 0.203, -1.065, 0.787, 0.243, -1.016]","[2.501, 2.577, 2.089, 2.508, 2.706, 2.173]","[-1.111, -3.156, -5.465, -1.334, -3.505, -4.859]"
187,1,-3.2821,-5.0909,0.334,133,356,15,0,0.689,35,0.00,3447,495.83,0,0,51.000(63.750%)(3.321m),48.942(43.184%)(3.101m),20.110(17.744%)(0.012m),13.222(11.666%)(0.000m),9.377(11.722%)(0.000m),40.000(100.000%)(3.214m),12.019(30.047%)(0.216m),1151.679,3730.975,61.9,1.0714,"[-0.257, -0.076, -0.023, -0.135, -0.023, -0.107]","[1.755, 2.022, 1.750, 2.106, 2.238, 1.807]","[-5.769, -6.270, -6.017, -5.307, -6.371, -5.691]"
188,1,-5.3499,-5.0645,0.270,192,473,16,0,0.688,40,0.00,3467,694.53,0,0,12.330(15.413%)(0.000m),24.750(21.838%)(0.509m),67.344(59.422%)(5.073m),71.000(62.647%)(5.464m),52.000(65.000%)(3.429m),9.868(24.671%)(0.000m),40.000(100.000%)(3.214m),1822.681,5972.752,57.0,1.2077,"[0.523, 0.171, -0.171, 0.563, 0.331, -0.188]","[1.839, 2.087, 2.058, 2.230, 2.364, 1.957]","[-2.451, -4.338, -5.354, -2.835, -4.734, -4.900]"
189,1,-8.8762,-5.0773,0.379,283,703,47,45,0.686,55,0.00,3496,978.50,0,0,10.287(12.859%)(0.000m),16.853(14.871%)(0.000m),32.558(28.728%)(1.346m),36.000(31.765%)(1.714m),23.000(28.750%)(0.321m),10.287(25.718%)(0.031m),25.000(62.500%)(1.607m),548.569,6228.436,57.5,1.0138,"[-0.253, -0.213, -0.413, -0.169, -0.135, -0.409]","[1.701, 2.085, 1.596, 1.932, 2.346, 2.017]","[-4.853, -6.055, -5.797, -5.252, -7.089, -5.731]"
190,1,-6.5058,-5.0849,0.275,95,230,23,0,0.685,25,0.00,3506,335.70,0,0,78.639(98.299%)(6.283m),104.000(91.765%)(9.000m),28.364(25.027%)(0.896m),15.874(14.007%)(0.000m),10.113(12.641%)(0.000m),40.000(100.000%)(3.214m),10.751(26.877%)(0.080m),4290.706,8626.134,56.1,0.9115,"[-1.443, -1.008, -0.742, -1.191, -0.770, -0.481]","[1.605, 1.869, 1.433, 1.833, 2.182, 1.794]","[-6.441, -6.901, -6.774, -5.479, -6.931, -6.481]"
191,1,-4.1019,-5.0594,0.187,155,394,17,0,0.684,40,0.00,3522,548.05,0,0,54.000(67.500%)(3.643m),66.000(58.235%)(4.929m),34.437(30.386%)(1.547m),17.826(15.729%)(0.000m),10.881(13.601%)(0.000m),40.000(100.000%)(3.214m),10.881(27.202%)(0.094m),1492.406,5599.859,58.8,0.9951,"[-0.495, -0.227, -0.004, -0.619, -0.091, 0.029]","[1.534, 1.697, 1.297, 1.627, 1.941, 1.735]","[-5.707, -6.207, -5.908, -5.153, -6.245, -6.023]"
192,1,-4.0363,-5.0332,0.236,154,381,23,0,0.682,35,0.00,3538,553.77,0,0,65.000(81.250%)(4.821m),73.000(64.412%)(5.679m),34.043(30.038%)(1.505m),17.622(15.549%)(0.000m),10.756(13.445%)(0.000m),40.000(100.000%)(3.214m),10.756(26.890%)(0.081m),1966.956,5968.976,57.2,1.0543,"[-0.190, 0.129, 0.204, -0.334, 0.209, 0.078]","[1.811, 1.979, 1.567, 1.755, 2.114, 1.578]","[-5.854, -6.269, -6.155, -5.435, -6.313, -6.255]"
193,1,-6.0248,-5.0987,0.360,171,419,24,0,0.681,40,0.00,3556,626.38,0,0,11.452(14.315%)(0.000m),20.759(18.316%)(0.081m),50.522(44.578%)(3.270m),72.000(63.530%)(5.571m),61.674(77.093%)(4.465m),10.130(25.325%)(0.014m),40.000(100.000%)(3.214m),1742.398,5778.177,56.7,0.9419,"[-0.226, -0.437, -0.735, -0.153, -0.318, -0.494]","[1.157, 1.441, 1.317, 1.405, 1.788, 1.470]","[-4.297, -5.331, -5.827, -4.468, -6.242, -4.945]"
194,1,-9.3423,-5.1288,0.318,658,1652,26,227,0.680,80,0.00,3622,2347.56,0,0,27.000(33.750%)(0.750m),43.000(37.941%)(2.464m),54.000(47.647%)(3.643m),59.000(52.059%)(4.179m),25.000(31.250%)(0.536m),19.000(47.500%)(0.964m),10.000(25.000%)(0.000m),1043.616,7362.235,58.1,0.9445,"[0.104, 0.313, 0.082, 0.063, 0.381, 0.138]","[1.832, 1.825, 1.529, 1.787, 2.062, 1.859]","[-3.512, -2.794, -3.073, -3.886, -2.919, -3.302]"
195,1,-4.4265,-5.0942,0.349,182,486,32,18,0.678,45,0.00,3641,636.13,0,0,22.414(28.017%)(0.259m),46.654(41.166%)(2.856m),106.670(94.121%)(9.286m),26.000(22.941%)(0.643m),13.000(16.250%)(0.000m),15.893(39.733%)(0.631m),40.000(100.000%)(3.214m),2138.902,6200.528,61.8,1.0716,"[-0.219, -0.418, -1.253, -0.342, -0.255, -1.192]","[2.120, 2.381, 1.969, 2.345, 2.679, 2.011]","[-5.602, -4.820, -4.186, -6.229, -4.866, -4.280]"
196,1,-2.6379,-5.0779,0.297,290,747,37,28,0.677,55,0.00,3670,1091.52,0,0,33.000(41.250%)(1.393m),42.000(37.059%)(2.357m),62.000(54.706%)(4.500m),41.140(36.300%)(2.265m),19.782(24.727%)(0.000m),13.000(32.500%)(0.321m),13.931(34.828%)(0.421m),1053.792,4079.983,59.6,1.0280,"[0.291, 0.582, 0.367, 0.137, 0.636, 0.474]","[2.155, 2.318, 1.928, 2.248, 2.415, 1.903]","[-2.577, -0.774, -1.342, -3.159, -0.796, -1.072]"
197,1,-4.9400,-5.0370,0.275,171,422,26,0,0.675,40,0.00,3688,633.44,0,0,60.000(75.000%)(4.286m),69.000(60.883%)(5.250m),52.482(46.308%)(3.480m),20.906(18.446%)(0.097m),11.401(14.251%)(0.000m),40.000(100.000%)(3.214m),9.961(24.902%)(0.000m),1807.826,5145.978,57.2,0.9795,"[0.027, 0.211, 0.320, 0.097, 0.354, 0.474]","[2.193, 2.436, 2.072, 2.274, 2.471, 2.272]","[-5.618, -5.779, -5.079, -5.622, -5.610, -4.874]"
198,1,-7.1846,-5.1274,0.370,155,379,18,0,0.674,35,0.00,3704,543.06,0,0,68.000(85.000%)(5.143m),86.000(75.883%)(7.071m),61.861(54.583%)(4.485m),23.179(20.452%)(0.341m),12.031(15.039%)(0.000m),40.000(100.000%)(3.214m),10.000(25.000%)(0.000m),3299.913,7176.370,56.6,0.9765,"[-0.681, 0.247, 0.808, -0.573, 0.471, 0.805]","[1.627, 2.004, 1.962, 1.995, 2.391, 2.042]","[-5.462, -5.265, -4.219, -5.438, -5.155, -4.179]"
199,1,-4.6608,-5.1146,0.600,69,184,16,0,0.673,25,0.00,3711,246.84,0,0,78.639(98.299%)(6.283m),49.808(43.948%)(3.194m),19.824(17.491%)(0.000m),12.924(11.404%)(0.000m),9.108(11.385%)(0.000m),40.000(100.000%)(3.214m),11.526(28.814%)(0.163m),2629.019,5329.672,61.7,0.8364,"[-1.399, -0.859, -0.258, -1.422, -0.790, -0.330]","[1.876, 2.246, 2.018, 2.243, 2.440, 2.067]","[-5.989, -6.384, -5.699, -5.909, -6.380, -5.738]"
200,1,-3.4327,-5.0109,0.383,340,845,51,52,0.671,60,0.00,3745,1269.00,0,0,30.000(37.500%)(1.071m),56.000(49.412%)(3.857m),71.000(62.647%)(5.464m),37.550(33.133%)(1.880m),18.170(22.712%)(0.000m),12.000(30.000%)(0.214m),12.814(32.035%)(0.301m),1411.751,5952.498,57.5,0.9191,"[-0.028, 0.585, 0.634, 0.077, 0.680, 0.683]","[2.149, 2.442, 2.346, 2.272, 2.583, 2.454]","[-4.035, -1.720, -1.135, -4.290, -1.520, -1.038]"
201,1,-2.8393,-5.0050,0.318,172,450,19,0,0.670,40,0.00,3763,642.16,0,0,45.000(56.250%)(2.679m),72.000(63.530%)(5.571m),57.041(50.331%)(3.969m),21.959(19.375%)(0.210m),11.834(14.793%)(0.000m),40.000(100.000%)(3.214m),10.212(25.529%)(0.023m),2042.354,4597.509,60.6,0.9872,"[-0.048, 0.665, 1.172, -0.087, 0.880, 1.244]","[2.566, 2.747, 2.195, 2.889, 3.018, 2.453]","[-5.762, -5.229, -4.037, -5.839, -5.140, -4.204]"
202,1,-6.9135,-5.0135,0.370,243,602,15,6,0.669,50,0.00,3788,846.34,0,0,32.000(40.000%)(1.286m),59.000(52.059%)(4.179m),31.407(27.712%)(1.222m),17.072(15.063%)(0.000m),10.697(13.371%)(0.000m),40.000(100.000%)(3.214m),11.096(27.741%)(0.117m),4165.106,8968.901,57.3,0.9581,"[0.195, 1.030, 1.003, 0.395, 1.107, 1.088]","[2.067, 2.349, 2.109, 2.471, 2.707, 2.396]","[-6.120, -6.459, -6.447, -5.560, -6.464, -6.211]"
203,1,-3.5809,-4.9934,0.327,122,331,15,0,0.667,35,0.00,3801,432.05,0,0,9.325(11.656%)(0.000m),13.876(12.243%)(0.000m),22.759(20.081%)(0.296m),72.000(63.530%)(5.571m),57.000(71.250%)(3.964m),10.807(27.017%)(0.086m),40.000(100.000%)(3.214m),1214.273,3880.046,62.8,1.3975,"[0.216, -0.258, -0.426, 0.130, -0.180, -0.374]","[2.220, 2.375, 2.155, 2.568, 2.865, 2.552]","[-6.248, -7.236, -6.674, -6.495, -8.424, -6.218]"
204,1,-3.2296,-4.9238,0.447,303,809,46,6,0.666,60,0.00,3832,1106.27,0,0,36.000(45.000%)(1.714m),50.000(44.118%)(3.214m),31.272(27.593%)(1.208m),16.999(14.999%)(0.000m),10.651(13.314%)(0.000m),24.000(60.000%)(1.500m),11.049(27.622%)(0.112m),883.601,3596.278,61.8,0.9852,"[-0.352, 0.218, 0.471, -0.412, 0.332, 0.424]","[2.411, 2.659, 2.478, 2.491, 2.937, 2.568]","[-6.052, -6.691, -6.715, -5.432, -6.753, -6.574]"
205,1,-4.6471,-4.9476,0.372,250,675,19,74,0.665,55,0.00,3857,878.35,0,0,22.000(27.500%)(0.214m),46.000(40.588%)(2.786m),51.518(45.457%)(3.377m),21.168(18.678%)(0.125m),11.678(14.598%)(0.000m),18.000(45.000%)(0.857m),10.330(25.825%)(0.035m),1894.668,4807.112,62.5,1.0389,"[-0.634, -0.266, -0.202, -0.695, -0.209, -0.295]","[1.867, 2.028, 2.064, 1.939, 2.222, 1.839]","[-5.879, -6.077, -5.508, -5.571, -5.873, -5.244]"
206,1,-5.1837,-4.9364,0.353,690,1769,98,144,0.663,80,0.00,3926,2626.68,0,0,24.000(30.000%)(0.429m),45.000(39.706%)(2.679m),32.361(28.554%)(1.324m),16.751(14.780%)(0.000m),10.225(12.781%)(0.000m),16.000(40.000%)(0.643m),10.225(25.562%)(0.024m),2428.632,7380.818,59.3,1.1027,"[-0.611, -0.127, -0.124, -0.576, 0.039, -0.071]","[1.370, 1.962, 1.674, 1.578, 1.960, 1.871]","[-5.634, -6.367, -6.236, -5.394, -6.165, -6.280]"
207,1,-4.8478,-4.9405,0.576,100,256,22,0,0.662,30,0.00,3936,418.85,0,0,10.201(12.751%)(0.000m),16.712(14.746%)(0.000m),32.286(28.488%)(1.316m),98.000(86.471%)(8.357m),76.230(95.288%)(6.025m),10.201(25.503%)(0.022m),40.000(100.000%)(3.214m),2598.911,5971.518,59.3,1.1053,"[-0.042, -0.771, -0.955, -0.328, -0.624, -1.058]","[1.900, 1.797, 1.766, 1.902, 2.237, 1.886]","[-5.210, -6.267, -5.791, -5.622, -7.079, -5.721]"
208,1,-11.6372,-5.1207,0.424,1103,2840,118,234,0.661,95,0.00,4047,4255.20,0,0,21.000(26.250%)(0.107m),29.000(25.588%)(0.964m),21.000(18.529%)(0.107m),24.000(21.177%)(0.429m),19.033(23.792%)(0.000m),15.000(37.500%)(0.536m),13.417(33.543%)(0.366m),0.000,6740.631,59.6,1.2151,"[0.225, 0.527, 0.347, 0.259, 0.682, 0.399]","[2.554, 2.495, 2.154, 2.651, 2.906, 2.186]","[-5.598, -6.297, -6.455, -5.274, -6.280, -6.176]"
209,1,-4.2677,-5.0583,0.335,155,402,16,0,0.659,40,0.00,4063,589.79,0,0,49.000(61.250%)(3.107m),62.134(54.824%)(4.514m),21.193(18.700%)(0.128m),13.322(11.755%)(0.000m),9.143(11.429%)(0.000m),40.000(100.000%)(3.214m),11.000(27.500%)(0.107m),1123.760,4416.249,60.0,0.9710,"[0.299, 0.230, 0.568, 0.201, 0.704, 0.514]","[2.221, 2.078, 2.076, 2.185, 2.803, 2.324]","[-5.843, -6.905, -6.672, -5.409, -6.728, -6.817]"
210,1,-4.4632,-5.0644,0.333,197,493,29,0,0.658,45,0.00,4083,808.56,0,0,41.000(51.250%)(2.250m),50.000(44.118%)(3.214m),34.545(30.481%)(1.558m),17.882(15.778%)(0.000m),10.915(13.643%)(0.000m),40.000(100.000%)(3.214m),10.915(27.287%)(0.098m),1026.756,4181.162,58.0,1.2261,"[0.167, 0.288, 0.521, 0.211, 0.429, 0.359]","[2.252, 2.479, 2.440, 2.456, 2.892, 2.484]","[-5.320, -6.036, -5.569, -5.098, -5.921, -5.498]"
211,1,-4.1919,-5.0234,0.331,226,566,22,0,0.657,45,0.00,4106,891.00,0,0,36.000(45.000%)(1.714m),58.000(51.177%)(4.071m),37.646(33.217%)(1.891m),18.038(15.916%)(0.000m),10.604(13.255%)(0.000m),40.000(100.000%)(3.214m),10.098(25.244%)(0.010m),2616.119,7516.247,58.0,1.0940,"[0.431, 0.752, 0.858, 0.479, 1.095, 1.046]","[2.105, 2.283, 2.006, 2.312, 2.491, 2.162]","[-5.971, -6.207, -5.623, -5.732, -6.116, -5.285]"
212,1,-4.6300,-5.0096,0.311,409,1102,28,32,0.655,70,0.00,4147,1527.16,0,0,29.000(36.250%)(0.964m),21.000(18.529%)(0.107m),20.000(17.647%)(0.000m),55.205(48.711%)(3.772m),28.163(35.204%)(0.875m),21.000(52.500%)(1.179m),20.026(50.064%)(1.074m),0.000,4212.339,62.3,1.0750,"[-0.106, 0.015, -0.141, -0.183, -0.018, -0.229]","[2.313, 2.730, 2.462, 2.491, 3.059, 2.672]","[-6.431, -7.023, -6.564, -6.792, -8.265, -6.541]"
213,1,-5.6367,-4.9928,0.316,302,758,76,36,0.654,55,0.00,4178,1044.84,0,0,15.000(18.750%)(0.000m),68.000(60.000%)(5.143m),85.000(75.000%)(6.964m),34.365(30.322%)(1.539m),16.464(20.580%)(0.000m),10.000(25.000%)(0.000m),11.589(28.973%)(0.170m),1347.467,6055.790,58.1,1.0372,"[-0.137, 0.269, 0.349, -0.192, 0.473, 0.344]","[1.836, 1.947, 1.763, 1.903, 2.333, 2.002]","[-4.237, -2.713, -2.208, -4.670, -2.486, -2.090]"
214,1,-5.4640,-5.0287,0.520,89,222,20,0,0.653,25,0.00,4187,306.47,0,0,11.687(14.609%)(0.000m),21.431(18.909%)(0.153m),53.846(47.511%)(3.626m),113.333(100.000%)(10.000m),77.067(96.334%)(6.114m),10.211(25.527%)(0.023m),40.000(100.000%)(3.214m),3455.359,9061.017,57.7,0.9509,"[-0.080, -0.896, -2.047, -0.018, -0.844, -2.171]","[1.524, 1.997, 1.890, 1.786, 2.328, 1.953]","[-3.539, -4.600, -4.953, -3.823, -5.081, -4.985]"
215,1,-5.1270,-5.0786,0.384,196,507,18,0,0.652,45,0.00,4207,730.68,0,0,11.116(13.895%)(0.000m),19.294(17.025%)(0.000m),42.131(37.174%)(2.371m),52.000(45.882%)(3.429m),32.000(40.000%)(1.286m),10.329(25.823%)(0.035m),40.000(100.000%)(3.214m),909.262,4601.017,59.9,1.0664,"[0.017, -0.119, -0.518, 0.048, 0.055, -0.674]","[1.562, 1.780, 1.496, 1.782, 2.104, 1.435]","[-4.672, -5.530, -5.310, -5.180, -6.268, -5.252]"
216,1,-1.9725,-5.0354,0.322,288,727,50,2,0.650,55,0.00,4236,1032.28,0,0,34.000(42.500%)(1.500m),42.000(37.059%)(2.357m),50.000(44.118%)(3.214m),24.492(21.611%)(0.481m),12.202(15.252%)(0.000m),26.000(65.000%)(1.714m),9.765(24.414%)(0.000m),768.433,4160.947,58.5,0.9231,"[0.094, 0.415, 0.505, 0.058, 0.594, 0.426]","[1.935, 2.102, 1.992, 2.163, 2.336, 1.917]","[-5.289, -5.001, -4.062, -5.524, -4.775, -4.060]"
217,1,-2.4031,-4.9893,0.393,368,1017,54,9,0.649,70,0.00,4273,1232.63,0,0,36.000(45.000%)(1.714m),53.000(46.765%)(3.536m),20.000(17.647%)(0.000m),20.000(17.647%)(0.000m),18.987(23.734%)(0.000m),27.000(67.500%)(1.821m),13.374(33.435%)(0.361m),0.000,3338.793,63.9,0.9551,"[0.079, 0.410, 0.544, -0.020, 0.613, 0.583]","[2.041, 2.034, 2.013, 2.091, 2.504, 2.158]","[-5.825, -6.160, -6.389, -5.390, -6.171, -6.163]"
218,1,-9.5066,-5.0769,0.358,545,1370,177,42,0.648,75,0.00,4328,1980.31,0,0,14.900(18.625%)(0.000m),31.335(27.649%)(1.214m),20.000(17.647%)(0.000m),21.000(18.529%)(0.107m),29.628(37.036%)(1.032m),10.477(26.192%)(0.051m),21.292(53.231%)(1.210m),0.000,6153.607,58.2,1.0089,"[-0.462, -0.675, -1.122, -0.507, -0.464, -1.008]","[2.025, 1.925, 1.780, 2.257, 2.229, 1.720]","[-5.489, -5.869, -6.033, -5.327, -5.390, -5.513]"
219,1,-4.5501,-5.0721,0.293,110,282,15,0,0.646,30,0.00,4339,385.70,0,0,9.919(12.398%)(0.000m),13.985(12.340%)(0.000m),21.271(18.768%)(0.136m),51.768(45.677%)(3.404m),75.000(93.750%)(5.893m),12.713(31.782%)(0.291m),40.000(100.000%)(3.214m),2432.296,5941.448,59.2,0.9897,"[0.087, -0.169, -0.610, -0.115, 0.045, -0.566]","[1.628, 1.953, 1.568, 1.823, 2.267, 1.791]","[-4.467, -5.178, -5.017, -5.093, -5.251, -4.957]"
220,1,-5.4203,-5.0640,0.334,115,282,23,0,0.645,30,0.00,4351,418.71,0,0,69.098(86.372%)(5.260m),92.000(81.177%)(7.714m),29.573(26.094%)(1.026m),16.551(14.604%)(0.000m),10.544(13.180%)(0.000m),40.000(100.000%)(3.214m),11.209(28.023%)(0.130m),2783.026,6742.508,56.7,1.1329,"[-0.381, -0.065, -0.061, -0.204, 0.094, 0.027]","[1.791, 2.009, 1.556, 2.068, 2.111, 1.632]","[-6.242, -6.672, -6.610, -5.972, -6.335, -6.298]"
221,1,-3.3745,-4.9993,0.372,161,410,15,0,0.644,40,0.00,4368,565.20,0,0,55.000(68.750%)(3.750m),63.000(55.588%)(4.607m),67.014(59.130%)(5.037m),25.918(22.869%)(0.634m),12.536(15.670%)(0.000m),40.000(100.000%)(3.214m),9.781(24.452%)(0.000m),1505.470,5112.134,58.9,0.8538,"[-0.479, -0.189, 0.144, -0.533, 0.030, 0.029]","[1.600, 1.932, 1.743, 1.857, 2.019, 1.682]","[-5.058, -4.556, -3.270, -5.232, -4.142, -3.138]"
222,1,-1.8034,-4.9560,0.413,184,497,16,11,0.642,45,0.00,4387,683.24,0,0,10.156(12.694%)(0.000m),16.638(14.681%)(0.000m),32.142(28.361%)(1.301m),39.000(34.412%)(2.036m),29.000(36.250%)(0.964m),10.156(25.389%)(0.017m),33.000(82.500%)(2.464m),311.118,3158.146,62.4,1.0711,"[-0.081, -0.258, -0.596, -0.176, -0.087, -0.537]","[1.722, 1.843, 1.640, 1.933, 2.311, 1.689]","[-5.288, -6.511, -6.032, -6.114, -6.772, -5.839]"
223,1,-5.5459,-4.9743,0.274,242,625,45,0,0.641,50,0.00,4412,799.53,0,0,35.000(43.750%)(1.607m),55.000(48.530%)(3.750m),102.448(90.396%)(8.834m),26.107(23.035%)(0.654m),12.627(15.784%)(0.000m),32.000(80.000%)(2.357m),9.852(24.630%)(0.000m),3461.225,6863.592,59.8,0.8272,"[-0.153, 0.521, 0.699, -0.048, 0.706, 0.894]","[1.744, 2.276, 1.542, 2.221, 2.334, 1.942]","[-4.932, -3.480, -1.371, -5.337, -3.318, -1.306]"
224,1,-5.6203,-4.9933,0.321,172,458,16,0,0.640,40,0.00,4430,588.24,0,0,36.000(45.000%)(1.714m),55.000(48.530%)(3.750m),55.358(48.845%)(3.788m),21.573(19.035%)(0.169m),11.626(14.533%)(0.000m),40.000(100.000%)(3.214m),10.032(25.081%)(0.003m),1349.583,4516.767,61.7,1.1312,"[-0.196, 0.272, 0.305, -0.193, 0.423, 0.304]","[1.794, 2.211, 2.079, 1.798, 2.412, 2.155]","[-5.358, -5.478, -4.926, -5.023, -5.279, -4.557]"
225,1,-5.0415,-4.9637,0.226,118,298,19,0,0.639,30,0.00,4442,422.44,0,0,11.811(14.764%)(0.000m),21.916(19.338%)(0.205m),56.982(50.279%)(3.962m),97.000(85.588%)(8.250m),76.230(95.288%)(6.025m),10.192(25.480%)(0.021m),40.000(100.000%)(3.214m),2809.124,7570.454,58.4,1.4391,"[0.946, -0.178, -0.994, 0.916, 0.105, -0.872]","[1.968, 2.098, 1.905, 2.074, 2.442, 1.990]","[-4.359, -5.992, -5.484, -4.455, -6.213, -5.054]"
226,1,-4.8588,-4.9699,0.419,190,486,0,14,0.637,45,0.00,4461,679.78,0,0,26.965(33.707%)(0.746m),52.707(46.506%)(3.504m),74.000(65.294%)(5.786m),21.000(18.529%)(0.107m),27.000(33.750%)(0.750m),19.216(48.039%)(0.987m),40.000(100.000%)(3.214m),0.000,6890.837,59.2,0.8932,"[0.484, 0.467, -0.114, 0.495, 0.794, -0.023]","[2.093, 2.155, 1.797, 2.194, 2.404, 1.888]","[-5.101, -4.420, -3.107, -5.052, -4.147, -2.800]"
227,1,-5.3097,-4.9234,0.347,238,637,48,20,0.636,50,0.00,4485,875.37,0,0,32.000(40.000%)(1.286m),64.000(56.471%)(4.714m),97.389(85.931%)(8.292m),41.379(36.511%)(2.291m),19.782(24.727%)(0.000m),11.000(27.500%)(0.107m),13.980(34.951%)(0.426m),2694.452,6424.482,62.0,0.9704,"[-0.174, 0.550, 0.735, -0.039, 0.587, 0.829]","[1.933, 2.379, 2.057, 2.219, 2.591, 2.187]","[-4.025, -1.717, -1.233, -4.464, -1.686, -0.976]"
228,1,-3.8830,-4.9127,0.378,226,565,19,0,0.635,45,0.00,4508,797.35,0,0,36.000(45.000%)(1.714m),64.000(56.471%)(4.714m),63.775(56.272%)(4.690m),23.966(21.146%)(0.425m),12.275(15.344%)(0.000m),40.000(100.000%)(3.214m),10.076(25.190%)(0.008m),2802.715,7602.953,57.9,1.0843,"[-0.102, 0.644, 0.997, 0.104, 0.846, 0.940]","[1.548, 2.121, 2.022, 1.926, 2.407, 2.226]","[-5.453, -5.551, -4.755, -5.021, -5.727, -4.756]"
229,1,-1.4147,-4.8770,0.434,228,626,19,71,0.634,50,0.00,4531,848.01,0,0,21.000(26.250%)(0.107m),62.000(54.706%)(4.500m),73.000(64.412%)(5.679m),65.157(57.492%)(4.838m),33.769(42.211%)(1.475m),11.000(27.500%)(0.107m),24.128(60.319%)(1.514m),1069.281,3671.649,63.5,1.0956,"[0.126, 0.386, 0.427, 0.271, 0.661, 0.466]","[1.618, 1.822, 2.128, 1.922, 2.300, 2.012]","[-3.479, -1.292, -1.381, -3.495, -1.092, -1.144]"
230,1,-5.4234,-4.8586,0.365,186,488,16,0,0.632,45,0.00,4550,671.04,0,0,11.195(13.994%)(0.000m),20.292(17.905%)(0.031m),49.386(43.576%)(3.148m),57.000(50.294%)(3.964m),36.000(45.000%)(1.714m),9.902(24.756%)(0.000m),40.000(100.000%)(3.214m),4044.175,7848.063,60.7,1.0283,"[0.208, 0.030, -0.680, 0.066, 0.228, -0.579]","[1.728, 1.870, 1.441, 1.892, 2.327, 1.804]","[-4.167, -5.270, -5.489, -4.918, -5.803, -5.172]"
231,1,-4.8085,-4.8764,0.289,108,270,16,0,0.631,30,0.00,4561,409.49,0,0,77.786(97.233%)(6.191m),55.038(48.563%)(3.754m),21.168(18.678%)(0.125m),13.681(12.072%)(0.000m),9.579(11.974%)(0.000m),40.000(100.000%)(3.214m),11.969(29.923%)(0.211m),3003.748,6698.200,57.9,1.1225,"[0.040, 0.364, 0.329, 0.147, 0.668, 0.622]","[2.259, 2.306, 1.898, 2.289, 2.800, 2.179]","[-5.829, -5.747, -6.020, -5.310, -5.815, -5.345]"
232,1,-4.2406,-4.8679,0.375,94,252,14,0,0.630,30,0.00,4571,358.58,0,0,77.000(96.250%)(6.107m),72.789(64.226%)(5.656m),23.680(20.894%)(0.394m),14.740(13.006%)(0.000m),10.047(12.558%)(0.000m),40.000(100.000%)(3.214m),11.937(29.842%)(0.208m),1859.368,4852.589,61.9,0.9428,"[-0.663, -0.288, -0.049, -0.642, -0.196, 0.072]","[2.103, 2.506, 2.078, 2.260, 2.726, 2.393]","[-5.803, -6.192, -6.306, -5.338, -6.198, -6.001]"
233,1,-5.2728,-4.9120,0.280,118,293,20,0,0.628,30,0.00,4583,466.03,0,0,77.786(97.233%)(6.191m),93.000(82.059%)(7.821m),46.046(40.629%)(2.791m),20.042(17.684%)(0.005m),11.305(14.132%)(0.000m),40.000(100.000%)(3.214m),10.250(25.625%)(0.027m),3064.196,7429.937,57.4,1.1894,"[-0.544, 0.319, 0.853, -0.290, 0.571, 0.907]","[2.284, 2.775, 2.355, 2.595, 2.963, 2.465]","[-5.975, -6.216, -5.871, -5.430, -6.067, -5.741]"
234,1,-5.5894,-4.9757,0.335,150,378,14,0,0.627,35,0.00,4598,569.36,0,0,12.443(15.554%)(0.000m),25.725(22.699%)(0.613m),66.955(59.078%)(5.031m),77.000(67.941%)(6.107m),62.000(77.500%)(4.500m),9.708(24.270%)(0.000m),40.000(100.000%)(3.214m),2240.298,5143.865,58.2,1.0528,"[0.476, -0.065, -0.458, 0.539, 0.054, -0.382]","[1.910, 2.322, 2.129, 2.204, 2.632, 2.287]","[-2.697, -4.645, -5.649, -3.006, -5.050, -4.975]"
235,1,-7.3852,-4.9999,0.419,353,994,39,55,0.626,65,0.00,4634,1286.42,0,0,25.766(32.207%)(0.618m),21.000(18.529%)(0.107m),20.000(17.647%)(0.000m),20.000(17.647%)(0.000m),24.756(30.945%)(0.510m),18.000(45.000%)(0.857m),17.562(43.906%)(0.810m),0.000,4373.726,65.2,1.0316,"[0.137, 0.216, 0.233, 0.098, 0.308, 0.228]","[2.551, 2.666, 2.508, 2.666, 2.970, 2.549]","[-4.623, -5.563, -5.415, -4.765, -5.821, -5.741]"
236,1,-3.2386,-4.9625,0.290,523,1342,53,114,0.625,75,0.00,4687,1784.57,0,0,12.000(15.000%)(0.000m),22.000(19.412%)(0.214m),76.634(67.618%)(6.068m),29.868(26.354%)(1.057m),14.074(17.593%)(0.000m),18.000(45.000%)(0.857m),9.887(24.717%)(0.000m),1515.824,6905.328,59.4,0.9526,"[0.131, 0.205, -0.069, 0.203, 0.346, 0.039]","[2.021, 2.486, 2.059, 2.258, 2.707, 2.393]","[-5.375, -5.000, -6.992, -5.420, -6.056, -6.551]"
237,1,-4.9078,-4.9950,0.234,199,526,15,0,0.623,45,0.00,4707,750.47,0,0,34.000(42.500%)(1.500m),73.000(64.412%)(5.679m),35.187(31.047%)(1.627m),17.891(15.786%)(0.000m),10.822(13.527%)(0.000m),32.000(80.000%)(2.357m),10.690(26.725%)(0.074m),2285.460,5118.291,61.1,1.0474,"[0.465, 0.935, 0.908, 0.593, 1.175, 0.880]","[1.641, 2.050, 2.031, 1.653, 2.234, 1.950]","[-6.075, -5.631, -6.254, -5.672, -5.852, -5.845]"
238,1,-3.0264,-4.9485,0.276,179,455,17,0,0.622,40,0.00,4725,632.45,0,0,45.000(56.250%)(2.679m),59.000(52.059%)(4.179m),34.441(30.389%)(1.547m),17.512(15.452%)(0.000m),10.592(13.240%)(0.000m),40.000(100.000%)(3.214m),10.463(26.159%)(0.050m),1727.555,4877.008,58.9,1.0609,"[0.418, 0.708, 0.944, 0.302, 0.928, 0.850]","[2.287, 2.455, 2.249, 2.300, 2.780, 2.234]","[-5.586, -5.756, -5.979, -5.479, -5.901, -5.787]"
239,1,-6.7756,-4.9065,0.480,255,632,17,38,0.621,50,0.00,4751,915.86,0,0,10.489(13.112%)(0.000m),16.465(14.528%)(0.000m),29.420(25.959%)(1.009m),28.000(24.706%)(0.857m),22.000(27.500%)(0.214m),11.151(27.878%)(0.123m),40.000(100.000%)(3.214m),135.744,3807.977,57.3,0.8306,"[0.130, 0.178, 0.255, 0.147, 0.560, 0.327]","[2.367, 2.390, 2.311, 2.450, 2.630, 2.202]","[-5.386, -6.346, -5.396, -6.190, -7.025, -5.657]"
240,1,-3.2289,-4.8410,0.277,154,387,19,0,0.620,35,0.00,4767,599.74,0,0,59.000(73.750%)(4.179m),71.000(62.647%)(5.464m),29.370(25.915%)(1.004m),16.204(14.298%)(0.000m),10.239(12.798%)(0.000m),40.000(100.000%)(3.214m),10.752(26.880%)(0.081m),1679.486,4962.525,58.2,1.1105,"[0.121, 0.358, 0.562, 0.186, 0.616, 0.478]","[2.116, 2.457, 2.208, 2.415, 2.774, 2.340]","[-5.577, -6.395, -6.654, -5.373, -6.352, -6.798]"
241,1,-6.3044,-4.8850,0.377,231,582,22,34,0.618,50,0.00,4791,791.86,0,0,26.000(32.500%)(0.643m),51.000(45.000%)(3.321m),49.280(43.482%)(3.137m),20.860(18.406%)(0.092m),11.638(14.548%)(0.000m),40.000(100.000%)(3.214m),10.423(26.057%)(0.045m),1334.928,6051.832,58.3,0.9693,"[0.226, 0.555, 0.475, 0.343, 0.673, 0.411]","[1.926, 2.478, 2.175, 2.135, 2.572, 2.116]","[-5.186, -5.287, -4.914, -5.156, -5.337, -5.120]"
242,1,-4.6028,-4.8964,0.300,208,551,19,5,0.617,45,0.00,4812,674.25,0,0,31.000(38.750%)(1.179m),58.000(51.177%)(4.071m),55.646(49.099%)(3.819m),21.402(18.884%)(0.150m),11.534(14.418%)(0.000m),31.000(77.500%)(2.250m),9.953(24.882%)(0.000m),2883.220,5769.336,61.3,1.0081,"[0.273, 0.736, 0.835, 0.200, 0.992, 0.882]","[2.252, 2.532, 2.102, 2.336, 2.730, 2.168]","[-5.212, -5.149, -4.567, -5.478, -5.286, -4.598]"
243,1,-6.8820,-4.9135,0.394,176,433,23,0,0.616,40,0.00,4830,629.13,0,0,11.217(14.021%)(0.000m),20.332(17.940%)(0.036m),49.482(43.661%)(3.159m),94.000(82.941%)(7.929m),57.000(71.250%)(3.964m),9.922(24.804%)(0.000m),40.000(100.000%)(3.214m),3529.953,7263.882,56.9,0.8737,"[1.114, 0.629, -0.212, 1.250, 0.652, -0.412]","[2.224, 2.534, 2.362, 2.426, 2.529, 2.167]","[-4.559, -5.497, -5.328, -4.703, -6.300, -5.209]"
244,1,-2.9293,-4.7852,0.288,191,496,21,0,0.615,45,0.00,4850,713.95,0,0,38.000(47.500%)(1.929m),58.000(51.177%)(4.071m),84.298(74.381%)(6.889m),26.388(23.284%)(0.684m),12.571(15.713%)(0.000m),40.000(100.000%)(3.214m),9.683(24.207%)(0.000m),1309.607,4744.137,60.1,1.0548,"[0.379, 0.739, 1.061, 0.233, 1.146, 1.080]","[2.062, 2.306, 2.144, 2.138, 2.534, 2.138]","[-4.500, -2.744, -0.404, -5.108, -2.445, -0.236]"
245,1,-4.0618,-4.7780,0.352,180,461,20,0,0.614,40,0.00,4868,646.16,0,0,47.000(58.750%)(2.893m),62.000(54.706%)(4.500m),49.925(44.051%)(3.206m),20.513(18.100%)(0.055m),11.317(14.146%)(0.000m),40.000(100.000%)(3.214m),10.010(25.026%)(0.001m),1316.341,4132.481,59.3,0.8627,"[0.371, 0.600, 0.654, 0.312, 0.760, 0.665]","[2.522, 2.736, 1.930, 2.679, 2.845, 2.044]","[-5.323, -5.833, -5.317, -5.292, -5.801, -5.112]"
246,1,-2.5506,-4.7762,0.329,294,752,40,0,0.612,55,0.00,4898,1008.41,0,0,32.000(40.000%)(1.286m),64.000(56.471%)(4.714m),90.000(79.412%)(7.500m),28.162(24.849%)(0.875m),13.137(16.421%)(0.000m),27.000(67.500%)(1.821m),9.733(24.333%)(0.000m),1585.691,5775.651,59.2,0.9639,"[0.184, 1.052, 1.271, 0.133, 1.287, 1.414]","[2.089, 2.475, 2.252, 2.206, 2.629, 2.530]","[-4.800, -3.051, -0.752, -5.524, -2.829, -0.557]"
247,1,-4.1472,-4.7604,0.359,138,355,17,0,0.611,35,0.00,4912,481.68,0,0,59.000(73.750%)(4.179m),93.000(82.059%)(7.821m),56.116(49.515%)(3.870m),21.583(19.044%)(0.170m),11.632(14.540%)(0.000m),40.000(100.000%)(3.214m),10.037(25.092%)(0.004m),3130.764,6312.901,59.5,1.0432,"[-0.040, 0.968, 1.416, -0.295, 0.984, 1.362]","[2.540, 2.549, 2.415, 2.612, 2.650, 2.458]","[-5.443, -5.530, -4.828, -6.212, -5.817, -4.629]"
248,1,-2.9075,-4.6748,0.256,159,430,17,0,0.610,40,0.00,4928,562.24,0,0,11.116(13.894%)(0.000m),20.148(17.778%)(0.016m),49.036(43.267%)(3.111m),60.000(52.941%)(4.286m),42.000(52.500%)(2.357m),9.832(24.581%)(0.000m),40.000(100.000%)(3.214m),841.009,4039.653,62.6,1.4089,"[0.240, -0.118, -0.694, 0.156, -0.122, -0.541]","[2.159, 2.445, 2.196, 2.231, 2.559, 2.278]","[-5.272, -5.773, -5.556, -5.896, -6.669, -5.223]"
249,1,-4.7723,-4.6770,0.351,141,382,16,0,0.609,40,0.00,4943,474.01,0,0,48.000(60.000%)(3.000m),64.000(56.471%)(4.714m),31.709(27.979%)(1.255m),16.696(14.732%)(0.000m),10.282(12.853%)(0.000m),40.000(100.000%)(3.214m),10.409(26.022%)(0.044m),1131.487,3899.140,62.7,0.8281,"[0.001, 0.560, 0.959, -0.116, 0.669, 0.863]","[2.320, 2.701, 2.492, 2.551, 2.938, 2.593]","[-5.824, -6.477, -6.515, -5.765, -6.580, -6.358]"
250,1,-4.4842,-4.6981,0.386,176,447,16,0,0.607,40,0.00,4961,623.64,0,0,12.029(15.036%)(0.000m),22.878(20.186%)(0.308m),64.229(56.673%)(4.739m),81.000(71.471%)(6.536m),51.000(63.750%)(3.321m),10.124(25.310%)(0.013m),40.000(100.000%)(3.214m),2814.040,8453.589,58.8,1.3154,"[1.186, 0.960, -0.101, 1.226, 1.063, -0.071]","[2.615, 2.897, 2.475, 2.815, 3.059, 2.374]","[-3.838, -5.157, -5.711, -3.926, -5.777, -5.385]"
251,1,-3.3813,-4.7089,0.401,489,1300,59,66,0.606,75,0.00,5010,1718.19,0,0,12.000(15.000%)(0.000m),68.000(60.000%)(5.143m),76.000(67.059%)(6.000m),41.514(36.630%)(2.305m),20.052(25.066%)(0.006m),11.000(27.500%)(0.107m),14.137(35.344%)(0.443m),983.999,4861.744,61.5,1.0670,"[0.141, 0.664, 0.707, 0.136, 0.809, 0.711]","[2.460, 2.682, 2.379, 2.504, 2.901, 2.599]","[-4.009, -1.392, -1.176, -4.875, -1.473, -1.294]"
252,1,-2.7118,-4.6249,0.363,408,1102,13,8,0.605,70,0.00,5051,1425.00,0,0,33.000(41.250%)(1.393m),24.000(21.177%)(0.429m),21.000(18.529%)(0.107m),51.631(45.557%)(3.389m),24.873(31.091%)(0.522m),23.000(57.500%)(1.393m),17.685(44.212%)(0.823m),0.000,4099.102,62.5,1.0492,"[0.717, 0.908, 0.655, 0.745, 0.971, 0.721]","[1.751, 1.933, 1.906, 1.833, 2.171, 2.154]","[-6.398, -6.256, -5.801, -6.522, -7.829, -6.185]"
253,1,-5.8277,-4.6698,0.359,351,982,48,49,0.604,65,0.00,5087,1354.18,0,0,29.000(36.250%)(0.964m),30.000(26.471%)(1.071m),19.513(17.218%)(0.000m),12.935(11.413%)(0.000m),9.232(11.540%)(0.000m),20.861(52.153%)(1.164m),11.985(29.963%)(0.213m),336.206,3977.743,64.8,1.0075,"[0.111, 0.209, 0.095, 0.037, 0.293, -0.154]","[2.091, 2.513, 2.161, 2.220, 2.795, 2.164]","[-4.974, -4.916, -5.217, -4.514, -5.375, -5.263]"
254,1,-2.6466,-4.6582,0.340,140,380,14,0,0.603,40,0.00,5101,496.49,0,0,44.000(55.000%)(2.571m),50.252(44.341%)(3.241m),20.648(18.219%)(0.069m),13.576(11.979%)(0.000m),9.628(12.035%)(0.000m),40.000(100.000%)(3.214m),12.341(30.852%)(0.251m),956.439,3238.920,62.8,0.9364,"[0.443, 0.612, 0.751, 0.397, 0.679, 0.602]","[2.510, 2.966, 2.623, 2.938, 3.304, 2.770]","[-5.189, -5.392, -5.224, -5.278, -5.636, -5.550]"
255,1,-4.8010,-4.6612,0.334,215,588,22,76,0.601,50,0.00,5123,780.18,0,0,17.000(21.250%)(0.000m),68.000(60.000%)(5.143m),113.333(100.000%)(10.000m),66.718(58.869%)(5.006m),32.228(40.285%)(1.310m),10.000(25.000%)(0.000m),22.998(57.494%)(1.393m),2604.429,5397.649,63.3,0.9877,"[1.195, 1.409, 1.002, 1.204, 1.531, 1.164]","[2.701, 3.077, 2.629, 2.835, 3.375, 3.015]","[-1.156, -0.874, -1.285, -1.442, -0.792, -1.216]"
256,1,-8.0720,-4.7190,0.335,313,761,26,83,0.600,55,0.00,5155,1176.74,0,0,12.000(15.000%)(0.000m),20.000(17.647%)(0.000m),79.000(69.706%)(6.321m),69.888(61.666%)(5.345m),35.294(44.117%)(1.639m),11.000(27.500%)(0.107m),25.474(63.685%)(1.658m),2459.766,7296.928,56.2,1.0996,"[1.622, 1.479, 1.316, 1.569, 1.755, 1.262]","[2.990, 3.286, 2.937, 3.078, 3.270, 2.861]","[-1.165, -1.813, -5.334, -1.129, -2.347, -4.700]"
257,1,-2.7862,-4.6778,0.464,202,535,20,0,0.599,45,0.00,5176,705.89,0,0,37.000(46.250%)(1.821m),53.000(46.765%)(3.536m),56.516(49.867%)(3.912m),21.795(19.231%)(0.192m),11.746(14.683%)(0.000m),33.000(82.500%)(2.464m),10.136(25.340%)(0.015m),1008.387,4130.134,61.3,0.9427,"[0.513, 1.386, 1.640, 0.593, 1.338, 1.543]","[2.951, 3.413, 2.668, 3.287, 3.405, 2.566]","[-5.362, -5.918, -5.378, -5.683, -5.925, -5.291]"
258,1,-5.9716,-4.5645,0.352,170,416,51,0,0.598,40,0.00,5193,640.25,0,0,60.000(75.000%)(4.286m),91.000(80.294%)(7.607m),74.234(65.501%)(5.811m),26.263(23.173%)(0.671m),12.703(15.879%)(0.000m),40.000(100.000%)(3.214m),9.911(24.778%)(0.000m),2635.435,8298.874,56.7,1.0019,"[-0.723, 0.186, 1.211, -0.848, 0.414, 1.253]","[2.803, 3.081, 2.959, 3.175, 3.399, 3.089]","[-5.027, -4.352, -2.556, -5.592, -4.286, -2.580]"
259,1,-4.3752,-4.5666,0.400,226,584,23,20,0.597,50,0.00,5216,819.44,0,0,13.000(16.250%)(0.000m),24.000(21.177%)(0.429m),113.333(100.000%)(10.000m),45.000(39.706%)(2.679m),21.517(26.897%)(0.163m),10.000(25.000%)(0.000m),15.219(38.048%)(0.559m),2155.617,6739.142,59.8,1.0616,"[1.013, 1.429, 1.462, 0.970, 1.646, 1.487]","[3.005, 3.326, 3.324, 2.829, 3.565, 3.247]","[-2.940, -3.910, -5.655, -3.462, -4.571, -5.203]"
260,1,-4.3661,-4.5647,0.441,251,675,22,47,0.595,55,0.00,5242,1002.77,0,0,26.000(32.500%)(0.643m),66.000(58.235%)(4.929m),49.925(44.052%)(3.206m),20.514(18.100%)(0.055m),11.317(14.146%)(0.000m),19.000(47.500%)(0.964m),10.011(25.026%)(0.001m),2274.512,5383.386,62.2,1.1561,"[0.375, 0.812, 0.643, 0.417, 1.081, 0.727]","[2.266, 2.465, 2.283, 2.477, 2.847, 2.378]","[-5.127, -5.760, -5.963, -5.108, -5.641, -6.075]"
261,1,-5.0808,-4.5824,0.390,363,972,36,0,0.594,65,0.00,5279,1402.92,0,0,33.000(41.250%)(1.393m),56.000(49.412%)(3.857m),60.000(52.941%)(4.286m),27.713(24.453%)(0.826m),12.963(16.203%)(0.000m),21.000(52.500%)(1.179m),9.730(24.325%)(0.000m),1226.540,6028.127,62.0,1.1213,"[-0.069, 0.642, 0.785, 0.155, 0.852, 0.838]","[1.989, 2.326, 1.935, 2.351, 2.525, 2.141]","[-5.002, -4.225, -2.109, -5.500, -4.069, -2.435]"
262,1,-6.2771,-4.6154,0.348,125,305,18,0,0.593,30,0.00,5292,475.98,0,0,78.639(98.299%)(6.283m),93.000(82.059%)(7.821m),40.278(35.540%)(2.173m),18.880(16.659%)(0.000m),10.989(13.736%)(0.000m),40.000(100.000%)(3.214m),10.337(25.842%)(0.036m),3257.401,7872.737,56.6,1.0656,"[-0.074, 0.454, 0.885, 0.011, 0.742, 0.920]","[2.207, 2.245, 2.359, 2.415, 2.669, 2.303]","[-5.438, -6.174, -6.027, -5.494, -5.945, -6.146]"
263,1,-4.3316,-4.5893,0.345,383,1024,16,13,0.592,65,0.00,5331,1504.95,0,0,9.231(11.539%)(0.000m),13.638(12.034%)(0.000m),22.135(19.531%)(0.229m),53.854(47.518%)(3.627m),25.885(32.356%)(0.631m),10.832(27.079%)(0.089m),18.378(45.945%)(0.898m),1042.585,4007.110,61.9,1.0607,"[0.389, 0.340, 0.102, 0.316, 0.579, 0.063]","[1.989, 2.215, 2.222, 1.948, 2.403, 2.236]","[-5.667, -6.151, -5.218, -6.281, -6.702, -5.499]"
264,1,-3.8637,-4.5573,0.340,432,1174,8,30,0.591,70,0.00,5375,1633.42,0,0,13.000(16.250%)(0.000m),28.000(24.706%)(0.857m),92.000(81.177%)(7.714m),51.614(45.542%)(3.387m),25.917(32.396%)(0.634m),10.000(25.000%)(0.000m),18.403(46.008%)(0.900m),999.223,4703.989,62.9,1.1146,"[0.355, 0.434, 0.052, 0.343, 0.559, 0.091]","[1.867, 2.278, 1.819, 2.169, 2.481, 2.041]","[-3.725, -4.070, -6.137, -4.285, -4.437, -5.682]"
265,1,-6.0390,-4.5755,0.393,151,376,19,0,0.589,35,0.00,5391,550.19,0,0,63.158(78.948%)(4.624m),82.000(72.353%)(6.643m),49.826(43.964%)(3.196m),20.473(18.064%)(0.051m),11.295(14.118%)(0.000m),40.000(100.000%)(3.214m),9.991(24.977%)(0.000m),1958.991,6567.591,57.6,0.9599,"[0.008, 0.732, 1.235, -0.020, 0.881, 1.188]","[2.163, 2.495, 2.685, 2.246, 2.733, 2.744]","[-4.618, -4.914, -4.659, -4.922, -4.807, -4.480]"
266,1,-2.9415,-4.5949,0.314,421,1180,46,54,0.588,75,0.00,5434,1608.36,0,0,36.000(45.000%)(1.714m),74.000(65.294%)(5.786m),46.000(40.588%)(2.786m),32.000(28.235%)(1.286m),19.800(24.750%)(0.000m),24.000(60.000%)(1.500m),11.000(27.500%)(0.107m),106.152,4475.983,64.9,1.1171,"[0.648, 1.020, 1.030, 0.539, 1.191, 1.071]","[2.352, 2.438, 2.158, 2.601, 2.652, 2.311]","[-4.868, -4.692, -3.434, -6.019, -4.466, -3.780]"
267,1,-6.9550,-4.6859,0.394,495,1294,72,39,0.587,75,0.00,5484,1849.30,0,0,31.000(38.750%)(1.179m),39.000(34.412%)(2.036m),61.000(53.824%)(4.393m),20.000(17.647%)(0.000m),12.000(15.000%)(0.000m),26.000(65.000%)(1.714m),12.658(31.644%)(0.285m),754.048,5777.059,60.5,1.0469,"[0.199, 0.825, 0.930, 0.140, 1.041, 0.950]","[2.622, 2.790, 2.660, 2.763, 3.156, 2.762]","[-6.358, -5.834, -3.892, -6.351, -5.348, -3.973]"
268,1,-5.0136,-4.5961,0.440,156,403,15,0,0.586,40,0.00,5500,638.51,0,0,54.000(67.500%)(3.643m),71.000(62.647%)(5.464m),27.587(24.341%)(0.813m),15.652(13.811%)(0.000m),10.052(12.565%)(0.000m),40.000(100.000%)(3.214m),10.818(27.045%)(0.088m),1270.132,4358.538,59.7,1.2414,"[0.323, 0.449, 0.928, 0.217, 0.709, 0.752]","[2.579, 2.810, 2.693, 2.809, 3.002, 2.607]","[-5.905, -6.732, -6.364, -5.903, -6.014, -6.640]"
269,1,-4.1313,-4.5877,0.340,570,1486,68,88,0.585,80,0.00,5557,2047.44,0,0,36.000(45.000%)(1.714m),52.000(45.882%)(3.429m),42.000(37.059%)(2.357m),35.000(30.882%)(1.607m),19.905(24.882%)(0.000m),25.000(62.500%)(1.607m),14.047(35.118%)(0.434m),191.199,4611.393,60.3,1.0317,"[0.233, 0.610, 0.734, 0.290, 0.828, 0.723]","[2.263, 2.578, 2.294, 2.399, 2.852, 2.502]","[-4.652, -4.301, -3.383, -5.154, -4.049, -3.615]"
270,1,-3.6917,-4.5531,0.404,232,623,46,0,0.584,50,0.00,5581,828.06,0,0,36.000(45.000%)(1.714m),70.000(61.765%)(5.357m),101.315(89.396%)(8.712m),25.818(22.780%)(0.623m),12.488(15.610%)(0.000m),29.000(72.500%)(2.036m),9.743(24.358%)(0.000m),3283.761,5897.235,62.2,0.9406,"[-0.206, 0.950, 1.101, -0.179, 1.120, 1.258]","[1.950, 1.945, 2.062, 2.160, 2.216, 2.079]","[-5.132, -4.050, -2.173, -5.611, -3.972, -2.195]"
271,1,-7.5351,-4.6363,0.390,277,703,40,86,0.582,55,0.00,5609,1020.52,0,0,25.840(32.300%)(0.626m),53.518(47.222%)(3.591m),113.333(100.000%)(10.000m),52.000(45.882%)(3.429m),12.000(15.000%)(0.000m),18.426(46.066%)(0.903m),10.000(25.000%)(0.000m),3247.456,8320.076,58.8,0.9605,"[0.599, 1.120, 0.637, 0.620, 1.234, 0.667]","[2.055, 2.430, 2.063, 2.267, 2.439, 2.160]","[-2.783, -0.434, -1.278, -3.069, -0.437, -1.700]"
272,1,-4.7221,-4.6947,0.592,173,424,17,0,0.581,40,0.00,5627,626.12,0,0,59.000(73.750%)(4.179m),65.000(57.353%)(4.821m),26.040(22.976%)(0.647m),14.970(13.209%)(0.000m),9.691(12.113%)(0.000m),40.000(100.000%)(3.214m),10.558(26.394%)(0.060m),1779.846,5281.177,56.7,1.2579,"[0.275, 0.568, 0.793, 0.510, 0.864, 0.677]","[2.049, 2.411, 2.148, 2.416, 2.787, 2.119]","[-5.769, -6.464, -6.835, -5.425, -6.560, -6.752]"
273,1,-4.2489,-4.6688,0.446,270,699,47,11,0.580,55,0.00,5654,944.94,0,0,29.000(36.250%)(0.964m),45.000(39.706%)(2.679m),55.000(48.530%)(3.750m),25.782(22.748%)(0.619m),12.470(15.588%)(0.000m),26.000(65.000%)(1.714m),9.729(24.323%)(0.000m),569.725,3959.121,59.9,1.0173,"[0.277, 1.072, 1.201, 0.303, 1.221, 1.215]","[2.132, 2.799, 2.740, 2.420, 3.130, 2.716]","[-5.309, -3.364, -1.265, -5.584, -3.334, -1.642]"
274,1,-3.0604,-4.6176,0.385,469,1266,78,29,0.579,75,0.00,5701,1702.98,0,0,32.000(40.000%)(1.286m),48.000(42.353%)(3.000m),79.000(69.706%)(6.321m),36.663(32.350%)(1.785m),12.000(15.000%)(0.000m),24.000(60.000%)(1.500m),11.000(27.500%)(0.107m),598.922,4351.167,62.5,0.9961,"[0.639, 1.111, 1.033, 0.657, 1.352, 1.015]","[2.744, 2.962, 2.413, 3.013, 3.341, 2.382]","[-4.418, -1.563, -0.624, -4.913, -1.578, -0.939]"
275,1,-5.1004,-4.6187,0.384,541,1478,69,157,0.578,80,0.00,5756,2121.48,0,0,29.000(36.250%)(0.964m),56.000(49.412%)(3.857m),24.465(21.587%)(0.478m),14.589(12.872%)(0.000m),9.662(12.078%)(0.000m),22.000(55.000%)(1.286m),10.923(27.308%)(0.099m),921.202,4123.612,63.2,1.0140,"[0.890, 1.255, 1.269, 0.884, 1.489, 1.325]","[2.736, 3.010, 2.623, 2.916, 3.304, 2.900]","[-5.626, -6.390, -6.278, -5.764, -6.243, -6.231]"
276,1,-5.1256,-4.6241,0.391,274,673,18,46,0.577,50,0.00,5784,1039.01,0,0,21.746(27.182%)(0.187m),45.231(39.910%)(2.703m),113.333(100.000%)(10.000m),23.000(20.294%)(0.321m),13.000(16.250%)(0.000m),15.429(38.572%)(0.582m),40.000(100.000%)(3.214m),4789.453,10208.257,56.9,1.1520,"[0.693, 1.400, 0.654, 0.716, 1.498, 0.712]","[2.689, 3.384, 2.496, 2.734, 3.347, 2.649]","[-5.330, -5.327, -4.089, -5.240, -5.165, -3.975]"
277,1,-4.9578,-4.6170,0.506,167,426,16,0,0.575,40,0.00,5801,654.73,0,0,50.000(62.500%)(3.214m),65.000(57.353%)(4.821m),38.447(33.924%)(1.977m),18.810(16.597%)(0.000m),11.165(13.957%)(0.000m),40.000(100.000%)(3.214m),10.763(26.908%)(0.082m),1508.993,5136.647,59.0,1.5368,"[-0.097, 0.744, 1.376, -0.205, 0.923, 1.348]","[2.190, 2.721, 2.812, 2.314, 2.918, 2.828]","[-5.233, -5.653, -4.749, -5.758, -5.491, -4.906]"
278,1,-5.2321,-4.6440,0.303,120,312,17,0,0.574,35,0.00,5813,415.95,0,0,65.000(81.250%)(4.821m),81.000(71.471%)(6.536m),34.673(30.594%)(1.572m),17.948(15.837%)(0.000m),10.955(13.694%)(0.000m),40.000(100.000%)(3.214m),10.955(27.388%)(0.102m),1684.226,5526.301,60.2,1.0156,"[-0.093, 0.389, 1.019, -0.173, 0.596, 0.845]","[2.505, 2.767, 2.393, 2.769, 3.047, 2.209]","[-5.462, -5.817, -5.219, -5.986, -5.654, -5.357]"
279,1,-3.6978,-4.6897,0.296,244,653,15,33,0.573,50,0.00,5838,906.24,0,0,32.000(40.000%)(1.286m),59.000(52.059%)(4.179m),75.000(66.177%)(5.893m),49.649(43.808%)(3.177m),23.822(29.778%)(0.410m),11.000(27.500%)(0.107m),16.890(42.225%)(0.738m),991.226,4531.789,61.9,0.9882,"[0.927, 1.280, 1.174, 0.995, 1.494, 1.221]","[2.416, 2.745, 2.634, 2.605, 3.064, 2.670]","[-1.433, -1.889, -1.775, -1.295, -1.335, -1.432]"
280,1,-4.5986,-4.6732,0.424,106,281,17,0,0.572,30,0.00,5849,377.10,0,0,71.000(88.750%)(5.464m),87.000(76.765%)(7.179m),23.746(20.953%)(0.401m),14.160(12.494%)(0.000m),9.378(11.723%)(0.000m),40.000(100.000%)(3.214m),10.602(26.506%)(0.065m),2063.511,5030.122,61.3,1.0325,"[0.150, 0.555, 0.919, 0.097, 0.742, 0.850]","[2.501, 2.802, 2.635, 2.654, 3.052, 2.725]","[-5.700, -6.161, -6.367, -5.753, -6.037, -6.128]"
281,1,-6.1887,-4.7008,0.350,104,254,20,0,0.571,30,0.00,5860,368.14,0,0,69.098(86.372%)(5.260m),102.000(90.000%)(8.786m),39.722(35.049%)(2.113m),19.033(16.794%)(0.000m),11.189(13.986%)(0.000m),40.000(100.000%)(3.214m),10.654(26.636%)(0.070m),2920.869,7762.032,56.5,0.8151,"[-0.097, 0.352, 0.827, -0.173, 0.583, 0.783]","[2.784, 3.017, 2.607, 2.931, 3.197, 2.533]","[-5.188, -5.783, -5.561, -5.324, -5.427, -5.324]"
282,1,-6.2772,-4.7415,0.486,175,426,16,0,0.570,40,0.00,5878,709.85,0,0,54.105(67.631%)(3.654m),73.000(64.412%)(5.679m),40.843(36.038%)(2.233m),19.145(16.893%)(0.000m),11.143(13.928%)(0.000m),39.456(98.641%)(3.156m),10.482(26.204%)(0.052m),2509.858,5479.154,56.3,0.8938,"[0.343, 0.269, 0.406, 0.289, 0.556, 0.567]","[2.471, 2.811, 2.695, 2.499, 3.048, 2.861]","[-5.311, -6.055, -6.035, -5.174, -5.464, -5.608]"
283,1,-4.0546,-4.7172,0.415,274,723,19,31,0.569,55,0.00,5906,1081.33,0,0,27.000(33.750%)(0.750m),63.000(55.588%)(4.607m),59.606(52.594%)(4.244m),22.162(19.554%)(0.232m),11.652(14.565%)(0.000m),19.000(47.500%)(0.964m),9.807(24.518%)(0.000m),1226.853,4491.869,61.0,1.2345,"[0.929, 1.199, 0.921, 0.992, 1.381, 1.032]","[2.137, 2.810, 2.362, 2.182, 2.943, 2.715]","[-5.224, -5.695, -5.161, -5.541, -5.407, -5.166]"
284,1,-6.8614,-4.7426,0.286,271,670,0,31,0.567,50,0.00,5934,1032.57,0,0,12.000(15.000%)(0.000m),21.000(18.529%)(0.107m),78.000(68.824%)(6.214m),62.299(54.970%)(4.532m),30.106(37.633%)(1.083m),11.000(27.500%)(0.107m),21.534(53.834%)(1.236m),2214.580,6241.217,57.2,1.0458,"[1.173, 1.148, 0.850, 1.280, 1.314, 0.890]","[2.317, 2.785, 2.409, 2.416, 3.066, 2.539]","[-2.480, -4.913, -6.421, -1.733, -5.775, -5.979]"
285,1,-5.6786,-4.7085,0.265,135,330,21,0,0.566,35,0.00,5948,542.63,0,0,69.098(86.372%)(5.260m),88.000(77.647%)(7.286m),59.071(52.122%)(4.186m),22.797(20.115%)(0.300m),11.833(14.791%)(0.000m),40.000(100.000%)(3.214m),9.835(24.588%)(0.000m),2943.779,7644.285,56.6,1.0644,"[-0.015, 0.448, 0.943, -0.086, 0.688, 0.860]","[2.438, 2.306, 2.581, 2.494, 2.494, 2.645]","[-5.266, -5.271, -4.256, -5.926, -5.254, -4.227]"
286,1,-4.0408,-4.7245,0.312,232,596,23,26,0.565,50,0.00,5972,868.91,0,0,25.000(31.250%)(0.536m),48.000(42.353%)(3.000m),55.779(49.217%)(3.833m),21.855(19.284%)(0.199m),11.779(14.723%)(0.000m),31.000(77.500%)(2.250m),10.164(25.409%)(0.018m),2774.876,6389.283,59.4,1.0561,"[-0.118, 0.643, 0.868, -0.270, 0.812, 0.935]","[1.922, 2.200, 2.258, 1.970, 2.547, 2.485]","[-5.605, -5.305, -5.333, -5.976, -5.507, -5.108]"
287,1,-5.4777,-4.7359,0.495,133,328,17,0,0.564,35,0.00,5986,468.11,0,0,73.000(91.250%)(5.679m),87.000(76.765%)(7.179m),38.507(33.977%)(1.983m),18.839(16.623%)(0.000m),11.183(13.978%)(0.000m),40.000(100.000%)(3.214m),10.780(26.950%)(0.084m),2966.981,6678.002,57.2,0.9373,"[-0.162, 0.447, 0.712, -0.114, 0.496, 0.758]","[1.643, 2.240, 2.126, 1.750, 2.195, 2.148]","[-5.687, -5.789, -5.700, -5.487, -6.072, -5.844]"
288,1,-1.5018,-4.7054,0.382,244,605,61,22,0.563,50,0.00,6011,940.21,0,0,11.325(14.157%)(0.000m),19.658(17.345%)(0.000m),36.000(31.765%)(1.714m),30.000(26.471%)(1.071m),26.000(32.500%)(0.643m),10.523(26.309%)(0.056m),40.000(100.000%)(3.214m),279.585,3615.828,57.4,1.0655,"[0.532, 0.460, 0.459, 0.638, 0.507, 0.416]","[1.940, 2.407, 2.412, 2.115, 2.640, 2.437]","[-5.441, -5.440, -5.725, -5.618, -6.443, -5.492]"
289,1,-1.7320,-4.6046,0.387,270,700,33,0,0.562,55,0.00,6038,957.15,0,0,33.000(41.250%)(1.393m),67.000(59.118%)(5.036m),50.002(44.120%)(3.215m),20.545(18.128%)(0.058m),11.335(14.168%)(0.000m),26.000(65.000%)(1.714m),10.026(25.065%)(0.003m),1638.095,4914.070,60.0,1.0649,"[0.623, 1.557, 1.703, 0.690, 1.639, 1.757]","[2.115, 2.747, 2.643, 2.454, 2.827, 2.798]","[-5.660, -5.316, -5.302, -5.416, -5.388, -5.205]"
290,1,-3.9139,-4.6183,0.327,228,550,20,0,0.561,45,0.00,6061,868.81,0,0,10.577(13.221%)(0.000m),17.650(15.574%)(0.000m),35.370(31.209%)(1.647m),50.000(44.118%)(3.214m),47.000(58.750%)(2.893m),10.321(25.804%)(0.034m),40.000(100.000%)(3.214m),1578.392,4887.691,55.8,1.0061,"[1.061, 0.853, 0.706, 1.074, 0.873, 0.757]","[2.592, 2.945, 2.615, 2.626, 3.069, 2.656]","[-6.406, -6.195, -5.788, -6.645, -7.193, -5.472]"
291,1,-4.5519,-4.5832,0.414,215,533,21,0,0.560,45,0.00,6083,829.42,0,0,10.746(13.433%)(0.000m),18.463(16.291%)(0.000m),39.389(34.755%)(2.077m),52.000(45.882%)(3.429m),41.000(51.250%)(2.250m),10.108(25.271%)(0.012m),40.000(100.000%)(3.214m),1100.520,4371.113,57.4,1.0719,"[1.382, 1.161, 0.595, 1.452, 1.217, 0.561]","[2.662, 3.158, 2.959, 2.680, 3.339, 2.894]","[-5.063, -5.334, -5.641, -5.602, -5.961, -5.367]"
292,1,-2.6867,-4.5449,0.445,422,1129,1,22,0.558,70,0.00,6126,1614.05,0,0,26.000(32.500%)(0.643m),22.000(19.412%)(0.214m),56.000(49.412%)(3.857m),49.191(43.404%)(3.128m),24.416(30.520%)(0.473m),26.000(65.000%)(1.714m),17.309(43.271%)(0.783m),2344.986,6183.934,61.9,1.0805,"[1.337, 1.304, 1.089, 1.289, 1.547, 1.065]","[2.459, 2.952, 2.801, 2.617, 3.238, 2.932]","[-4.609, -6.084, -5.869, -5.428, -6.310, -5.841]"
293,1,-4.3702,-4.4946,0.458,149,368,18,0,0.557,35,0.00,6141,642.20,0,0,9.817(12.272%)(0.000m),14.823(13.079%)(0.000m),24.859(21.934%)(0.521m),77.000(67.941%)(6.107m),69.000(86.250%)(5.250m),11.099(27.747%)(0.118m),40.000(100.000%)(3.214m),2379.511,5155.765,57.2,1.0134,"[1.806, 1.502, 1.145, 1.689, 1.507, 1.021]","[2.988, 3.532, 3.289, 3.021, 3.519, 3.241]","[-5.089, -5.615, -5.048, -5.843, -5.939, -5.360]"
294,1,-5.3973,-4.5440,0.316,208,563,16,0,0.556,50,0.00,6162,728.99,0,0,35.000(43.750%)(1.607m),67.000(59.118%)(5.036m),50.726(44.758%)(3.292m),20.843(18.391%)(0.090m),11.499(14.373%)(0.000m),25.000(62.500%)(1.607m),10.171(25.428%)(0.018m),3607.900,6837.714,62.7,1.0352,"[0.945, 1.560, 1.481, 1.074, 1.746, 1.619]","[2.663, 3.146, 3.038, 2.945, 3.206, 3.277]","[-5.103, -5.078, -4.749, -5.177, -5.187, -5.187]"
295,1,-5.4007,-4.5708,0.440,133,349,18,0,0.555,35,0.00,6176,450.02,0,0,10.445(13.057%)(0.000m),16.136(14.238%)(0.000m),28.068(24.766%)(0.864m),72.000(63.530%)(5.571m),55.324(69.155%)(3.785m),11.380(28.450%)(0.148m),40.000(100.000%)(3.214m),1429.380,4056.731,60.8,1.0276,"[0.878, 0.298, 0.158, 0.540, 0.498, 0.155]","[2.902, 3.017, 2.660, 2.979, 3.289, 2.893]","[-5.588, -6.157, -5.894, -6.347, -6.561, -6.039]"
296,1,-4.2759,-4.6053,0.493,317,825,62,133,0.554,60,0.00,6208,1249.95,0,0,19.000(23.750%)(0.000m),38.000(33.530%)(1.929m),65.804(58.062%)(4.908m),24.182(21.337%)(0.448m),12.218(15.273%)(0.000m),13.000(32.500%)(0.321m),9.903(24.758%)(0.000m),1259.480,4636.270,60.2,1.2312,"[0.636, 0.721, 0.543, 0.515, 0.917, 0.582]","[2.841, 2.922, 2.560, 2.819, 3.208, 2.739]","[-5.139, -4.932, -4.334, -5.697, -5.136, -4.716]"
297,1,-3.3431,-4.5892,0.445,192,505,3,20,0.553,45,0.00,6228,830.30,0,0,24.051(30.064%)(0.434m),48.205(42.534%)(3.022m),35.000(30.882%)(1.607m),18.000(15.882%)(0.000m),11.000(13.750%)(0.000m),17.058(42.644%)(0.756m),40.000(100.000%)(3.214m),1661.067,5184.585,60.8,1.1645,"[1.212, 1.077, 0.155, 1.219, 1.110, 0.167]","[2.768, 2.993, 2.659, 2.908, 3.009, 2.612]","[-8.211, -7.251, -8.370, -7.338, -7.940, -7.411]"
298,1,-6.2389,-4.6558,0.505,82,199,22,0,0.552,25,0.00,6237,339.83,0,0,9.885(12.357%)(0.000m),14.709(12.979%)(0.000m),24.126(21.288%)(0.442m),82.714(72.983%)(6.719m),77.067(96.334%)(6.114m),11.456(28.640%)(0.156m),40.000(100.000%)(3.214m),4060.774,8471.477,56.3,1.1462,"[0.406, 0.042, -0.066, 0.099, 0.094, -0.084]","[2.404, 2.900, 2.824, 2.380, 2.987, 2.951]","[-5.622, -5.508, -5.113, -6.142, -5.964, -4.899]"
299,1,-5.0233,-4.6609,0.263,75,197,15,0,0.551,25,0.00,6245,321.35,0,0,78.639(98.299%)(6.283m),37.334(32.942%)(1.857m),17.500(15.441%)(0.000m),11.961(10.554%)(0.000m),8.746(10.933%)(0.000m),40.000(100.000%)(3.214m),11.961(29.902%)(0.210m),2648.460,5419.485,60.8,1.2716,"[-0.253, 0.146, 0.416, -0.442, 0.245, 0.315]","[2.573, 2.933, 2.722, 2.447, 3.056, 2.757]","[-5.740, -5.348, -5.583, -5.404, -5.709, -5.617]"
300,1,-7.1407,-4.7140,0.365,509,1330,56,126,0.550,75,0.00,6296,1885.78,0,0,23.000(28.750%)(0.321m),47.000(41.471%)(2.893m),93.027(82.083%)(7.824m),17.000(15.000%)(0.000m),11.000(13.750%)(0.000m),20.000(50.000%)(1.071m),11.000(27.500%)(0.107m),1932.730,7127.692,60.5,1.0355,"[0.319, 0.625, 0.637, 0.336, 0.879, 0.573]","[2.913, 3.041, 2.659, 2.981, 3.218, 2.699]","[-5.959, -5.909, -4.759, -5.923, -5.807, -4.804]"
301,1,-4.9377,-4.7451,0.346,233,572,30,0,0.548,45,0.00,6320,857.95,0,0,36.000(45.000%)(1.714m),47.000(41.471%)(2.893m),30.339(26.769%)(1.108m),16.491(14.551%)(0.000m),10.333(12.916%)(0.000m),40.000(100.000%)(3.214m),10.719(26.798%)(0.077m),1118.786,4369.542,56.8,1.0280,"[0.674, 1.134, 1.144, 0.817, 1.184, 1.110]","[2.236, 2.711, 2.261, 2.618, 2.734, 2.329]","[-5.449, -5.336, -5.827, -5.138, -5.697, -5.702]"
302,1,-4.1857,-4.7746,0.374,251,631,15,18,0.547,50,0.00,6346,944.88,0,0,29.000(36.250%)(0.964m),43.000(37.941%)(2.464m),34.580(30.512%)(1.562m),17.900(15.794%)(0.000m),10.926(13.657%)(0.000m),29.000(72.500%)(2.036m),10.926(27.315%)(0.099m),937.125,4247.666,58.2,1.1679,"[1.065, 1.189, 1.180, 1.073, 1.398, 1.156]","[2.570, 2.916, 2.664, 2.625, 3.000, 2.623]","[-6.286, -5.396, -6.345, -5.588, -5.962, -5.956]"
303,1,-2.7432,-4.7129,0.310,320,860,56,15,0.546,60,0.00,6378,1127.70,0,0,12.664(15.830%)(0.000m),26.182(23.102%)(0.662m),98.000(86.471%)(8.357m),42.000(37.059%)(2.357m),29.000(36.250%)(0.964m),9.880(24.701%)(0.000m),22.000(55.000%)(1.286m),1485.180,5079.296,62.2,0.9809,"[0.776, 0.822, -0.292, 0.659, 0.736, -0.220]","[2.277, 2.697, 1.868, 2.489, 2.856, 2.138]","[-2.342, -3.450, -5.208, -2.589, -4.354, -4.928]"
304,1,-3.2941,-4.7258,0.411,172,430,15,0,0.545,40,0.00,6396,675.02,0,0,52.000(65.000%)(3.429m),58.000(51.177%)(4.071m),25.240(22.270%)(0.561m),15.050(13.280%)(0.000m),9.968(12.460%)(0.000m),40.000(100.000%)(3.214m),11.269(28.172%)(0.136m),1722.407,4632.032,57.9,1.0805,"[0.271, 0.565, 0.936, 0.209, 0.766, 0.781]","[1.924, 2.247, 2.151, 2.212, 2.580, 2.228]","[-5.548, -5.201, -5.751, -5.506, -5.630, -5.808]"
305,1,2.9678,-4.5705,0.399,1273,3307,262,318,0.544,100,0.33,6524,4987.91,1,1,19.000(23.750%)(0.000m),38.000(33.530%)(1.929m),35.000(30.882%)(1.607m),28.000(24.706%)(0.857m),14.344(17.930%)(0.000m),15.000(37.500%)(0.536m),10.082(25.205%)(0.009m),185.440,5519.380,60.1,1.0680,"[0.246, 0.693, 0.833, 0.266, 0.942, 0.838]","[2.768, 2.605, 2.526, 2.920, 2.916, 2.505]","[-5.368, -4.134, -5.408, -5.878, -4.191, -5.370]"
306,1,-3.0863,-4.4708,0.286,190,511,20,7,0.543,45,0.33,6543,699.33,0,0,30.000(37.500%)(1.071m),49.000(43.235%)(3.107m),51.320(45.283%)(3.356m),21.087(18.606%)(0.116m),11.633(14.542%)(0.000m),32.000(80.000%)(2.357m),10.290(25.726%)(0.031m),1499.977,4772.898,62.3,1.0246,"[0.756, 1.188, 1.137, 0.699, 1.232, 1.070]","[2.402, 2.866, 2.552, 2.530, 3.082, 2.722]","[-5.402, -5.235, -4.737, -5.463, -5.147, -4.933]"
307,1,-5.9999,-4.5350,0.315,101,252,16,0,0.542,30,0.33,6554,371.24,0,0,77.786(97.233%)(6.191m),86.843(76.626%)(7.162m),23.767(20.971%)(0.404m),14.334(12.647%)(0.000m),9.563(11.954%)(0.000m),40.000(100.000%)(3.214m),10.946(27.365%)(0.101m),3625.439,7172.481,57.7,1.4006,"[-0.381, 0.389, 0.808, -0.288, 0.571, 0.697]","[2.422, 2.976, 2.609, 2.550, 3.097, 2.629]","[-6.082, -5.945, -6.136, -5.617, -5.983, -6.117]"
308,1,-5.0976,-4.5176,0.389,247,633,14,0,0.541,50,0.32,6579,840.40,0,0,37.000(46.250%)(1.821m),73.000(64.412%)(5.679m),67.538(59.593%)(5.093m),24.082(21.249%)(0.437m),12.168(15.210%)(0.000m),30.000(75.000%)(2.143m),9.862(24.656%)(0.000m),2573.499,6165.900,59.3,1.0394,"[0.769, 1.374, 1.351, 0.872, 1.564, 1.324]","[2.347, 2.595, 2.844, 2.533, 2.920, 2.932]","[-5.029, -5.394, -4.144, -5.644, -5.366, -4.757]"
309,1,-5.9967,-4.5500,0.440,174,429,22,0,0.540,40,0.32,6597,623.43,0,0,11.010(13.763%)(0.000m),19.111(16.863%)(0.000m),41.731(36.821%)(2.328m),74.000(65.294%)(5.786m),55.000(68.750%)(3.750m),10.231(25.577%)(0.025m),40.000(100.000%)(3.214m),2006.381,6111.832,57.1,1.2175,"[1.265, 0.579, 0.055, 1.358, 0.781, 0.040]","[2.204, 2.492, 2.246, 2.438, 2.811, 2.256]","[-5.410, -5.684, -5.504, -5.706, -6.297, -5.101]"
310,1,-3.6810,-4.5363,0.345,260,673,24,0,0.539,55,0.32,6623,890.22,0,0,34.000(42.500%)(1.500m),61.000(53.824%)(4.393m),49.686(43.841%)(3.181m),20.415(18.013%)(0.044m),11.263(14.079%)(0.000m),24.000(60.000%)(1.500m),9.963(24.906%)(0.000m),3466.333,6938.444,59.9,0.9583,"[1.040, 1.422, 1.383, 1.065, 1.630, 1.512]","[2.530, 2.647, 2.487, 2.565, 2.910, 2.710]","[-5.575, -5.345, -5.652, -5.190, -5.448, -5.582]"
311,1,-5.8498,-4.5517,0.376,346,974,59,11,0.538,65,0.32,6658,1191.27,0,0,36.000(45.000%)(1.714m),68.000(60.000%)(5.143m),19.000(16.765%)(0.000m),20.000(17.647%)(0.000m),19.114(23.892%)(0.000m),26.000(65.000%)(1.714m),13.466(33.664%)(0.371m),0.000,3283.984,65.1,0.9153,"[0.626, 1.213, 1.298, 0.549, 1.307, 1.315]","[2.742, 2.884, 2.553, 2.670, 3.127, 2.601]","[-6.358, -5.427, -6.522, -5.993, -6.071, -6.266]"
312,1,-7.4629,-4.5754,0.344,642,1630,3,189,0.537,80,0.32,6723,2288.99,0,0,21.000(26.250%)(0.107m),40.000(35.294%)(2.143m),82.000(72.353%)(6.643m),39.000(34.412%)(2.036m),25.067(31.333%)(0.543m),17.000(42.500%)(0.750m),16.000(40.000%)(0.643m),804.700,5322.435,58.7,0.9908,"[0.960, 1.187, 0.947, 0.996, 1.379, 1.013]","[2.658, 2.871, 2.751, 2.757, 3.026, 2.915]","[-3.265, -2.840, -4.944, -3.703, -3.174, -4.926]"
313,1,-1.8808,-4.5264,0.211,198,498,0,12,0.535,45,0.32,6743,751.20,0,0,53.693(67.116%)(3.610m),111.006(97.947%)(9.751m),79.000(69.706%)(6.321m),20.000(17.647%)(0.000m),25.000(31.250%)(0.536m),39.234(98.084%)(3.132m),40.000(100.000%)(3.214m),0.000,3049.862,58.2,1.1168,"[0.947, 1.015, 1.166, 0.967, 1.409, 1.216]","[2.377, 2.659, 2.604, 2.503, 3.195, 2.772]","[-6.472, -6.159, -5.011, -6.383, -6.092, -5.327]"
314,1,-4.1859,-4.5328,0.403,117,296,13,0,0.534,30,0.32,6755,442.64,0,0,77.786(97.233%)(6.191m),92.000(81.177%)(7.714m),63.226(55.788%)(4.631m),24.390(21.520%)(0.470m),12.323(15.404%)(0.000m),40.000(100.000%)(3.214m),9.988(24.971%)(0.000m),2930.719,6507.802,58.6,1.0343,"[-0.419, 0.283, 0.812, -0.575, 0.424, 0.820]","[2.298, 2.666, 2.441, 2.383, 2.824, 2.513]","[-5.563, -5.147, -3.348, -6.298, -5.023, -3.725]"
315,1,-3.7333,-4.4867,0.371,227,574,71,0,0.533,50,0.32,6778,835.16,0,0,13.526(16.908%)(0.000m),29.155(25.725%)(0.981m),113.333(100.000%)(10.000m),88.000(77.647%)(7.286m),40.000(50.000%)(2.143m),9.650(24.126%)(0.000m),40.000(100.000%)(3.214m),3300.941,8595.718,58.5,0.9898,"[2.038, 1.609, -0.524, 2.283, 1.745, -0.296]","[3.162, 3.708, 2.552, 3.363, 3.939, 2.791]","[0.420, -2.412, -5.827, 0.732, -2.737, -4.990]"
316,1,-5.9049,-4.5460,0.357,311,800,55,34,0.532,60,0.32,6810,1087.69,0,0,15.471(19.339%)(0.000m),32.900(29.030%)(1.382m),56.000(49.412%)(3.857m),41.000(36.177%)(2.250m),25.000(31.250%)(0.536m),10.856(27.140%)(0.092m),21.000(52.500%)(1.179m),437.943,3781.704,59.6,0.9956,"[1.231, 0.909, 0.585, 1.221, 1.069, 0.673]","[2.472, 2.607, 2.798, 2.515, 2.829, 2.686]","[-2.161, -3.653, -5.366, -2.753, -3.921, -4.729]"
317,1,-4.6978,-4.5008,0.512,488,1262,187,26,0.531,70,0.32,6859,1695.41,0,0,30.000(37.500%)(1.071m),18.000(15.882%)(0.000m),25.000(22.059%)(0.536m),31.338(27.651%)(1.215m),14.702(18.377%)(0.000m),28.000(70.000%)(1.929m),10.320(25.799%)(0.034m),477.351,5353.791,59.9,1.0652,"[0.512, 1.264, 1.385, 0.401, 1.357, 1.479]","[2.885, 3.139, 2.888, 2.940, 3.269, 2.927]","[-6.603, -5.362, -5.768, -6.863, -6.259, -5.688]"
318,1,-5.9410,-4.5194,0.408,275,670,64,34,0.530,50,0.31,6887,1007.91,0,0,11.571(14.464%)(0.000m),20.975(18.507%)(0.104m),36.000(31.765%)(1.714m),30.000(26.471%)(1.071m),25.000(31.250%)(0.536m),10.236(25.589%)(0.025m),40.000(100.000%)(3.214m),200.969,4059.494,56.4,0.9674,"[1.001, 0.701, 0.898, 0.864, 0.919, 0.735]","[2.500, 2.395, 2.629, 2.634, 2.797, 2.564]","[-4.431, -5.079, -5.271, -4.879, -5.377, -5.463]"
319,1,-3.7973,-4.5127,0.538,109,282,15,0,0.529,30,0.31,6898,373.24,0,0,75.000(93.750%)(5.893m),98.000(86.471%)(8.357m),25.623(22.609%)(0.602m),15.101(13.324%)(0.000m),9.927(12.408%)(0.000m),40.000(100.000%)(3.214m),11.085(27.712%)(0.116m),3141.264,5668.921,59.9,0.8790,"[0.257, 1.011, 1.173, 0.191, 1.145, 1.236]","[2.670, 2.908, 2.685, 2.798, 3.122, 2.599]","[-6.509, -5.776, -6.379, -6.126, -6.486, -5.974]"
320,1,-1.8183,-4.4752,0.426,163,430,0,13,0.528,40,0.31,6915,583.69,0,0,42.421(53.026%)(2.402m),78.366(69.147%)(6.254m),104.000(91.765%)(9.000m),30.000(26.471%)(1.071m),23.000(28.750%)(0.321m),36.152(90.380%)(2.802m),40.000(100.000%)(3.214m),50.620,2992.827,61.1,0.8943,"[1.310, 1.502, 1.587, 1.162, 1.762, 1.689]","[2.474, 2.793, 2.743, 2.473, 3.180, 2.983]","[-3.910, -4.121, -1.864, -4.699, -3.877, -2.290]"
321,1,-1.2933,-4.3504,0.490,375,957,48,56,0.527,65,0.31,6953,1310.65,0,0,23.000(28.750%)(0.321m),39.000(34.412%)(2.036m),46.000(40.588%)(2.786m),23.163(20.438%)(0.339m),12.023(15.028%)(0.000m),23.000(57.500%)(1.393m),9.993(24.983%)(0.000m),757.761,4244.600,59.1,1.0208,"[1.140, 1.441, 1.390, 1.212, 1.656, 1.426]","[2.672, 3.112, 3.018, 2.841, 3.410, 3.169]","[-5.625, -4.857, -4.371, -6.349, -5.268, -4.425]"
322,1,-4.9450,-4.3548,0.514,359,892,84,12,0.526,60,0.31,6989,1308.80,0,0,34.000(42.500%)(1.500m),46.000(40.588%)(2.786m),52.000(45.882%)(3.429m),32.996(29.114%)(1.392m),15.568(19.460%)(0.000m),20.000(50.000%)(1.071m),10.953(27.382%)(0.102m),1000.733,5327.244,57.5,1.1299,"[0.850, 1.447, 1.400, 0.896, 1.623, 1.427]","[2.456, 2.873, 2.726, 2.821, 3.167, 2.770]","[-4.035, -1.280, -1.311, -4.396, -1.145, -1.259]"
323,1,-2.1236,-4.3123,0.449,410,1022,99,48,0.525,65,0.31,7030,1573.39,0,0,33.000(41.250%)(1.393m),64.000(56.471%)(4.714m),72.595(64.055%)(5.635m),26.086(23.017%)(0.652m),12.617(15.772%)(0.000m),19.000(47.500%)(0.964m),9.844(24.610%)(0.000m),2059.221,6359.708,57.7,1.1091,"[1.167, 1.684, 1.918, 1.063, 1.982, 1.861]","[2.859, 3.209, 3.384, 3.075, 3.393, 3.206]","[-5.186, -4.669, -2.617, -5.864, -4.776, -2.970]"
324,1,-3.4680,-4.3205,0.525,232,580,41,57,0.524,50,0.31,7054,899.16,0,0,13.000(16.250%)(0.000m),27.000(23.824%)(0.750m),34.000(30.000%)(1.500m),78.171(68.974%)(6.233m),43.602(54.503%)(2.529m),40.000(100.000%)(3.214m),31.727(79.319%)(2.328m),182.803,3735.734,57.9,1.0219,"[1.227, 0.934, 0.576, 1.263, 1.032, 0.566]","[2.316, 2.776, 2.682, 2.350, 3.048, 2.774]","[-0.714, -2.848, -5.042, -0.845, -3.329, -4.568]"
325,1,-2.5451,-4.2694,0.399,162,437,15,0,0.523,40,0.31,7071,614.67,0,0,42.000(52.500%)(2.357m),78.000(68.824%)(6.214m),76.462(67.467%)(6.049m),25.007(22.065%)(0.537m),12.458(15.573%)(0.000m),40.000(100.000%)(3.214m),9.971(24.928%)(0.000m),2004.546,4914.186,62.4,0.9791,"[1.048, 1.507, 1.712, 0.787, 1.637, 1.592]","[2.591, 3.094, 2.922, 2.565, 3.261, 3.049]","[-5.218, -4.864, -2.293, -6.122, -4.838, -2.824]"
326,1,-3.5375,-4.2376,0.608,166,425,15,0,0.522,40,0.31,7088,658.55,0,0,9.985(12.481%)(0.000m),14.450(12.750%)(0.000m),22.768(20.090%)(0.297m),52.000(45.882%)(3.429m),45.000(56.250%)(2.679m),12.164(30.410%)(0.232m),40.000(100.000%)(3.214m),1330.311,4485.849,59.3,1.1881,"[1.232, 1.249, 1.084, 1.073, 1.341, 1.049]","[2.557, 2.923, 2.813, 2.563, 3.200, 2.792]","[-5.455, -5.024, -4.774, -5.850, -5.638, -4.811]"
327,1,-4.2918,-4.2243,0.328,347,934,68,35,0.521,65,0.31,7123,1353.18,0,0,36.000(45.000%)(1.714m),64.000(56.471%)(4.714m),62.000(54.706%)(4.500m),29.086(25.664%)(0.973m),13.546(16.933%)(0.000m),19.000(47.500%)(0.964m),9.671(24.176%)(0.000m),1557.059,4154.527,62.3,1.2328,"[0.774, 1.583, 1.689, 0.733, 1.671, 1.610]","[2.705, 3.105, 2.911, 3.042, 3.224, 2.875]","[-4.346, -2.484, -0.993, -4.978, -2.368, -0.940]"
328,1,-3.1362,-4.1824,0.411,218,601,19,37,0.520,50,0.30,7145,940.98,0,0,26.000(32.500%)(0.643m),75.000(66.177%)(5.893m),109.000(96.177%)(9.536m),47.910(42.274%)(2.990m),22.910(28.638%)(0.312m),10.000(25.000%)(0.000m),16.205(40.512%)(0.665m),1635.304,4379.650,63.8,1.1738,"[1.371, 1.605, 1.371, 1.169, 1.731, 1.373]","[2.745, 2.858, 2.495, 2.554, 3.015, 2.491]","[-1.355, -1.533, -1.538, -2.148, -1.094, -1.326]"
329,1,-3.2672,-4.1738,0.379,265,661,19,0,0.519,50,0.30,7172,1093.94,0,0,39.000(48.750%)(2.036m),71.000(62.647%)(5.464m),61.849(54.573%)(4.484m),23.127(20.406%)(0.335m),12.004(15.005%)(0.000m),30.000(75.000%)(2.143m),9.978(24.944%)(0.000m),1933.156,6764.288,57.7,1.2544,"[1.818, 2.180, 2.249, 1.846, 2.545, 2.266]","[3.027, 3.093, 3.511, 3.212, 3.598, 3.288]","[-4.970, -4.866, -4.625, -5.529, -4.738, -4.747]"
330,1,-1.0816,-4.1034,0.500,253,677,24,0,0.518,55,0.30,7198,990.01,0,0,38.000(47.500%)(1.929m),72.000(63.530%)(5.571m),85.000(75.000%)(6.964m),27.694(24.436%)(0.824m),12.836(16.045%)(0.000m),26.000(65.000%)(1.714m),9.635(24.087%)(0.000m),1596.869,4699.405,61.9,1.0266,"[1.461, 1.944, 1.653, 1.480, 2.100, 1.815]","[3.265, 3.313, 2.930, 3.529, 3.677, 2.980]","[-5.059, -5.196, -4.692, -5.364, -5.183, -4.744]"
331,1,-3.6513,-4.0527,0.487,212,527,25,0,0.517,45,0.30,7220,923.97,0,0,39.000(48.750%)(2.036m),45.000(39.706%)(2.679m),55.000(48.530%)(3.750m),26.828(23.671%)(0.732m),12.719(15.899%)(0.000m),40.000(100.000%)(3.214m),9.672(24.179%)(0.000m),847.410,4622.198,57.6,1.3109,"[0.605, 0.703, 1.150, 0.385, 0.878, 1.097]","[2.690, 3.039, 2.593, 2.825, 3.231, 2.869]","[-5.083, -4.621, -2.689, -5.810, -4.272, -2.925]"
332,1,-7.7097,-4.0813,0.470,444,1209,57,103,0.515,75,0.30,7265,1679.28,0,0,32.000(40.000%)(1.286m),73.000(64.412%)(5.679m),68.000(60.000%)(5.143m),44.000(38.824%)(2.571m),11.000(13.750%)(0.000m),15.000(37.500%)(0.536m),11.000(27.500%)(0.107m),506.126,4509.464,63.0,1.0895,"[1.561, 1.787, 1.708, 1.524, 1.885, 1.757]","[3.249, 3.334, 3.340, 3.196, 3.254, 3.189]","[-1.020, -1.360, -1.439, -1.626, -1.126, -1.172]"
333,1,-6.7906,-4.1360,0.525,255,683,26,19,0.514,55,0.30,7291,950.46,0,0,21.191(26.489%)(0.128m),44.659(39.405%)(2.642m),95.000(83.824%)(8.036m),68.000(60.000%)(5.143m),35.000(43.750%)(1.607m),14.923(37.308%)(0.527m),14.000(35.000%)(0.429m),1292.837,4385.845,62.0,1.1382,"[1.384, 1.241, 0.691, 1.456, 1.348, 0.607]","[2.794, 3.257, 3.071, 2.920, 3.301, 3.088]","[-0.345, -1.269, -4.232, -0.420, -1.737, -4.121]"
334,1,-2.4337,-4.0475,0.400,223,608,20,7,0.513,50,0.30,7314,779.61,0,0,30.000(37.500%)(1.071m),62.000(54.706%)(4.500m),43.622(38.490%)(2.531m),19.491(17.198%)(0.000m),11.113(13.891%)(0.000m),27.000(67.500%)(1.821m),10.200(25.500%)(0.021m),1929.535,4831.227,63.1,0.9546,"[0.880, 1.510, 1.398, 0.906, 1.676, 1.423]","[2.446, 2.759, 2.515, 2.731, 3.012, 2.581]","[-6.368, -5.384, -6.667, -5.325, -5.933, -6.040]"
335,1,-4.3176,-4.0203,0.578,138,353,19,0,0.512,35,0.30,7328,507.42,0,0,60.000(75.000%)(4.286m),89.000(78.530%)(7.393m),57.227(50.494%)(3.989m),22.010(19.421%)(0.215m),11.862(14.827%)(0.000m),40.000(100.000%)(3.214m),10.236(25.589%)(0.025m),2223.796,6787.376,59.2,1.0849,"[-0.231, 0.976, 1.748, -0.393, 1.287, 1.693]","[2.586, 2.994, 2.824, 2.631, 3.278, 2.969]","[-5.465, -5.375, -4.508, -5.791, -5.187, -4.573]"
336,1,-2.3386,-3.9862,0.578,146,398,0,10,0.511,40,0.30,7343,520.87,0,0,45.228(56.534%)(2.703m),84.252(74.340%)(6.884m),85.000(75.000%)(6.964m),24.000(21.177%)(0.429m),26.000(32.500%)(0.643m),32.706(81.764%)(2.433m),40.000(100.000%)(3.214m),0.000,3609.881,63.0,1.0787,"[0.537, 0.563, 0.955, 0.404, 0.777, 0.714]","[2.475, 2.504, 2.706, 2.450, 2.969, 2.506]","[-6.344, -6.128, -4.441, -6.076, -6.019, -4.763]"
337,1,-1.6870,-3.9104,0.376,450,1179,83,15,0.510,70,0.30,7388,1723.21,0,0,19.406(24.258%)(0.000m),20.000(17.647%)(0.000m),53.000(46.765%)(3.536m),57.000(50.294%)(3.964m),34.000(42.500%)(1.500m),13.680(34.200%)(0.394m),25.000(62.500%)(1.607m),0.000,3527.669,60.6,1.0829,"[1.566, 1.579, 0.625, 1.561, 1.592, 0.589]","[2.955, 3.788, 2.643, 2.974, 3.790, 2.700]","[-0.872, -4.141, -5.833, -0.205, -5.023, -6.065]"
338,1,-3.0247,-3.9409,0.559,128,347,16,0,0.509,35,0.30,7401,510.93,0,0,54.000(67.500%)(3.643m),68.000(60.000%)(5.143m),51.477(45.421%)(3.373m),21.151(18.663%)(0.123m),11.669(14.586%)(0.000m),40.000(100.000%)(3.214m),10.322(25.805%)(0.034m),1086.755,4132.416,62.7,1.0282,"[-0.470, -0.092, 0.523, -0.379, 0.010, 0.182]","[2.246, 2.680, 2.475, 2.479, 2.945, 2.457]","[-5.528, -5.447, -5.119, -5.468, -5.541, -5.598]"
339,1,-7.6613,-4.0595,0.424,492,1268,101,88,0.508,70,0.29,7451,1826.54,0,0,24.000(30.000%)(0.429m),22.000(19.412%)(0.214m),20.000(17.647%)(0.000m),40.665(35.881%)(2.214m),19.474(24.342%)(0.000m),17.000(42.500%)(0.750m),13.776(34.440%)(0.405m),0.000,5140.597,59.7,1.2173,"[0.517, 0.980, 0.877, 0.450, 1.213, 0.974]","[2.358, 2.744, 3.097, 2.569, 3.075, 3.200]","[-5.421, -5.573, -5.459, -6.234, -6.053, -5.642]"
340,1,-1.9717,-4.0206,0.544,178,459,63,14,0.507,40,0.29,7469,674.93,0,0,67.098(83.872%)(5.046m),21.000(18.529%)(0.107m),20.000(17.647%)(0.000m),20.000(17.647%)(0.000m),64.391(80.489%)(4.756m),40.000(100.000%)(3.214m),40.000(100.000%)(3.214m),0.000,2358.902,59.7,1.2204,"[0.896, 0.398, 0.217, 0.545, 0.495, 0.113]","[2.664, 2.757, 2.494, 2.553, 3.060, 2.704]","[-5.833, -5.270, -5.491, -5.934, -5.911, -5.072]"
341,1,-9.0846,-4.1113,0.401,924,2455,226,174,0.506,95,0.29,7562,3251.87,0,0,13.805(17.256%)(0.000m),29.979(26.452%)(1.069m),36.000(31.765%)(1.714m),26.254(23.165%)(0.670m),12.699(15.873%)(0.000m),9.664(24.159%)(0.000m),9.908(24.769%)(0.000m),182.849,4500.077,61.5,1.0762,"[0.874, 0.982, 0.698, 0.735, 1.136, 0.677]","[2.883, 3.333, 2.576, 3.099, 3.663, 2.598]","[-4.721, -4.897, -5.055, -5.555, -4.931, -5.241]"
342,1,-3.7715,-4.1330,0.208,212,537,17,0,0.505,45,0.29,7584,737.94,0,0,38.000(47.500%)(1.929m),90.000(79.412%)(7.500m),72.598(64.057%)(5.635m),27.350(24.132%)(0.788m),12.943(16.178%)(0.000m),40.000(100.000%)(3.214m),9.842(24.604%)(0.000m),2236.911,7255.719,58.6,1.0088,"[1.129, 1.842, 1.971, 1.018, 2.034, 2.017]","[2.869, 2.948, 2.939, 2.947, 3.162, 2.895]","[-5.178, -4.429, -1.976, -5.873, -4.395, -2.241]"
343,1,-5.1092,-4.1477,0.587,289,744,21,60,0.504,55,0.29,7613,979.43,0,0,19.000(23.750%)(0.000m),37.000(32.647%)(1.821m),64.000(56.471%)(4.714m),29.416(25.955%)(1.009m),13.649(17.061%)(0.000m),17.000(42.500%)(0.750m),9.601(24.003%)(0.000m),904.892,4434.558,59.6,0.9515,"[0.504, 0.842, 0.797, 0.565, 1.020, 0.792]","[2.375, 2.803, 2.665, 2.450, 2.961, 2.683]","[-5.269, -4.889, -3.779, -5.576, -4.839, -3.946]"
344,1,-2.2008,-4.0838,0.291,230,600,20,54,0.503,50,0.29,7636,767.62,0,0,12.000(15.000%)(0.000m),37.000(32.647%)(1.821m),58.000(51.177%)(4.071m),79.230(69.909%)(6.346m),39.094(48.867%)(2.046m),11.000(27.500%)(0.107m),28.100(70.251%)(1.939m),448.925,3309.205,60.4,0.9471,"[1.149, 0.908, 0.260, 1.106, 0.967, 0.327]","[2.295, 2.636, 1.851, 2.558, 2.918, 2.166]","[-1.544, -2.506, -4.583, -1.597, -2.900, -4.508]"
345,1,0.9081,-3.9576,0.413,313,831,22,38,0.502,60,0.29,7668,1072.18,0,0,11.896(14.871%)(0.000m),22.345(19.716%)(0.251m),59.073(52.123%)(4.186m),29.000(25.588%)(0.964m),22.000(27.500%)(0.214m),10.139(25.346%)(0.015m),22.000(55.000%)(1.286m),132.546,3396.260,61.4,1.0431,"[0.701, 1.008, 0.444, 0.670, 1.053, 0.555]","[2.186, 2.611, 2.408, 2.189, 2.757, 2.536]","[-5.191, -4.179, -4.907, -5.781, -4.533, -4.899]"
346,1,-2.2973,-3.9181,0.310,184,514,21,0,0.501,45,0.29,7687,675.26,0,0,39.000(48.750%)(2.036m),79.000(69.706%)(6.321m),49.461(43.642%)(3.157m),20.323(17.932%)(0.035m),11.212(14.015%)(0.000m),27.000(67.500%)(1.821m),9.918(24.794%)(0.000m),2832.641,5066.959,64.6,0.9529,"[0.951, 1.385, 1.145, 0.834, 1.525, 1.147]","[2.528, 2.567, 2.480, 2.597, 2.930, 2.541]","[-5.695, -5.059, -6.087, -5.199, -5.582, -5.790]"
347,1,-6.3513,-3.9782,0.477,198,486,19,0,0.500,45,0.29,7707,692.31,0,0,51.000(63.750%)(3.321m),62.000(54.706%)(4.500m),56.355(49.726%)(3.895m),21.675(19.125%)(0.179m),11.681(14.602%)(0.000m),40.000(100.000%)(3.214m),10.080(25.199%)(0.009m),1481.750,5843.565,56.8,1.1744,"[0.222, 0.693, 1.473, 0.095, 0.972, 1.583]","[2.404, 2.781, 2.608, 2.639, 3.083, 2.724]","[-5.397, -5.634, -4.643, -6.100, -5.772, -4.667]"
348,1,-3.3142,-3.9197,0.349,295,747,50,21,0.499,55,0.29,7737,1079.44,0,0,21.368(26.710%)(0.147m),44.482(39.249%)(2.623m),53.000(46.765%)(3.536m),46.000(40.588%)(2.786m),34.000(42.500%)(1.500m),15.161(37.901%)(0.553m),12.000(30.000%)(0.214m),1217.829,5374.928,58.6,0.9732,"[1.564, 1.560, 1.096, 1.729, 1.808, 1.124]","[2.771, 2.797, 2.438, 3.289, 3.137, 2.523]","[-0.143, -0.923, -2.259, -0.002, -0.661, -1.820]"
349,1,-6.7470,-3.9542,0.461,161,406,15,0,0.498,40,0.29,7754,599.55,0,0,51.103(63.879%)(3.332m),35.562(31.378%)(1.667m),18.082(15.955%)(0.000m),12.703(11.209%)(0.000m),9.506(11.882%)(0.000m),37.497(93.742%)(2.946m),13.710(34.275%)(0.398m),1394.630,4367.097,58.4,0.9702,"[1.182, 1.317, 1.135, 1.274, 1.373, 1.176]","[2.984, 3.446, 3.081, 3.124, 3.690, 3.210]","[-6.511, -5.052, -6.232, -5.406, -5.955, -5.511]"
350,1,-4.4353,-3.9001,0.460,166,421,17,0,0.497,40,0.29,7771,615.68,0,0,51.000(63.750%)(3.321m),71.000(62.647%)(5.464m),41.386(36.517%)(2.291m),18.953(16.723%)(0.000m),10.919(13.649%)(0.000m),40.000(100.000%)(3.214m),10.146(25.366%)(0.016m),3206.539,6851.413,58.7,1.0502,"[1.815, 2.121, 2.110, 1.683, 2.224, 2.251]","[3.369, 3.701, 3.570, 3.407, 3.768, 3.575]","[-5.248, -5.144, -5.866, -6.046, -5.459, -5.527]"
351,1,-4.5757,-3.8929,0.320,297,739,115,0,0.496,55,0.28,7801,1058.60,0,0,34.000(42.500%)(1.500m),59.000(52.059%)(4.179m),64.205(56.652%)(4.736m),24.029(21.202%)(0.432m),12.141(15.176%)(0.000m),25.000(62.500%)(1.607m),9.841(24.601%)(0.000m),2678.120,8478.629,57.6,1.0376,"[0.783, 1.703, 2.086, 0.711, 2.075, 2.261]","[3.783, 3.380, 3.494, 3.886, 3.819, 3.673]","[-5.213, -4.885, -4.434, -5.866, -4.949, -4.406]"
352,1,-2.2481,-3.8541,0.500,220,601,44,16,0.495,50,0.28,7823,818.37,0,0,29.000(36.250%)(0.964m),45.000(39.706%)(2.679m),53.000(46.765%)(3.536m),25.929(22.879%)(0.635m),12.542(15.677%)(0.000m),28.000(70.000%)(1.929m),9.785(24.463%)(0.000m),562.758,3195.530,63.2,0.9967,"[0.224, 1.081, 1.471, 0.097, 1.142, 1.435]","[2.841, 3.169, 3.202, 2.955, 3.559, 3.359]","[-5.276, -4.524, -2.545, -5.711, -4.791, -2.794]"
353,1,-1.0430,-3.8201,0.332,217,573,17,6,0.494,50,0.28,7845,872.95,0,0,11.728(14.660%)(0.000m),22.029(19.437%)(0.217m),59.428(52.437%)(4.224m),56.000(49.412%)(3.857m),31.000(38.750%)(1.179m),9.995(24.988%)(0.000m),29.000(72.500%)(2.036m),1473.360,4360.684,61.1,1.1744,"[1.796, 1.754, 1.319, 1.842, 1.902, 1.328]","[2.932, 3.327, 3.050, 3.151, 3.664, 3.331]","[-3.303, -5.032, -5.051, -3.601, -5.233, -5.168]"
354,1,-6.7485,-3.8892,0.535,333,848,134,0,0.493,60,0.28,7879,1239.36,0,0,37.000(46.250%)(1.821m),56.000(49.412%)(3.857m),44.697(39.438%)(2.646m),19.971(17.622%)(0.000m),11.386(14.233%)(0.000m),28.000(70.000%)(1.929m),10.451(26.128%)(0.048m),1221.464,5242.319,58.9,1.0644,"[0.956, 2.052, 2.180, 0.880, 2.084, 2.147]","[3.036, 3.350, 3.444, 3.190, 3.486, 3.452]","[-5.593, -5.036, -5.728, -6.104, -5.697, -5.603]"
355,1,-2.5044,-3.9986,0.424,239,617,62,16,0.492,50,0.28,7903,1009.45,0,0,10.000(12.500%)(0.000m),15.000(13.235%)(0.000m),94.193(83.111%)(7.949m),37.800(33.353%)(1.907m),18.365(22.956%)(0.000m),11.000(27.500%)(0.107m),12.976(32.440%)(0.319m),1680.501,5998.942,59.8,1.2107,"[1.689, 2.157, 1.950, 1.649, 2.309, 1.984]","[3.107, 3.374, 3.188, 3.143, 3.576, 3.286]","[-4.522, -4.766, -5.933, -5.278, -5.171, -5.620]"
356,1,-2.2268,-3.9814,0.479,510,1345,92,53,0.491,75,0.28,7954,2098.96,0,0,35.000(43.750%)(1.607m),74.000(65.294%)(5.786m),62.000(54.706%)(4.500m),37.000(32.647%)(1.821m),12.000(15.000%)(0.000m),24.000(60.000%)(1.500m),11.000(27.500%)(0.107m),376.444,5930.771,61.0,1.1563,"[1.437, 2.032, 1.900, 1.334, 2.154, 1.891]","[3.062, 3.370, 3.354, 3.113, 3.580, 3.266]","[-4.108, -0.311, 0.343, -4.637, -0.365, 0.348]"
357,1,-2.5794,-3.9130,0.388,440,1192,1,30,0.490,70,0.28,7998,1775.66,0,0,11.000(13.750%)(0.000m),18.000(15.882%)(0.000m),74.000(65.294%)(5.786m),46.000(40.588%)(2.786m),23.947(29.934%)(0.423m),11.000(27.500%)(0.107m),16.934(42.335%)(0.743m),513.928,3833.269,62.7,1.2777,"[1.447, 1.435, 1.201, 1.367, 1.588, 1.286]","[3.060, 3.086, 3.160, 2.905, 3.483, 3.059]","[-3.982, -5.890, -6.979, -3.388, -6.733, -6.265]"
358,1,-3.4883,-3.8808,0.381,433,1148,51,53,0.489,70,0.28,8042,1730.54,0,0,19.918(24.897%)(0.000m),41.067(36.236%)(2.257m),20.000(17.647%)(0.000m),21.000(18.529%)(0.107m),27.000(33.750%)(0.750m),14.050(35.126%)(0.434m),22.000(55.000%)(1.286m),0.000,4705.837,61.3,1.1004,"[0.762, 0.888, 0.700, 0.789, 1.123, 0.730]","[2.687, 2.964, 2.841, 2.992, 3.236, 2.877]","[-5.914, -4.790, -6.412, -5.543, -5.048, -6.245]"
359,1,-3.8146,-3.8372,0.375,257,631,14,3,0.488,50,0.28,8068,1040.11,0,0,12.087(15.108%)(0.000m),23.922(21.108%)(0.420m),64.769(57.149%)(4.797m),48.000(42.353%)(3.000m),32.000(40.000%)(1.286m),9.797(24.492%)(0.000m),40.000(100.000%)(3.214m),2149.069,6916.858,56.8,1.0542,"[1.527, 1.700, 1.228, 1.595, 1.917, 1.448]","[2.651, 3.124, 2.854, 2.617, 3.416, 3.049]","[-4.317, -5.257, -6.085, -4.388, -5.580, -5.708]"
360,1,-1.5908,-3.7954,0.378,215,589,33,0,0.487,50,0.28,8090,815.26,0,0,13.283(16.604%)(0.000m),28.999(25.588%)(0.964m),91.000(80.294%)(7.607m),54.000(47.647%)(3.643m),34.000(42.500%)(1.500m),9.713(24.283%)(0.000m),29.000(72.500%)(2.036m),1565.377,4040.461,63.4,1.0173,"[1.215, 1.002, 0.518, 1.110, 1.145, 0.515]","[2.601, 2.964, 3.030, 2.501, 3.130, 3.069]","[-1.312, -4.107, -4.892, -1.562, -4.034, -5.137]"
361,1,-2.9777,-3.7380,0.408,305,756,78,69,0.486,55,0.28,8121,1211.61,0,0,21.000(26.250%)(0.107m),35.000(30.882%)(1.607m),40.000(35.294%)(2.143m),28.344(25.009%)(0.894m),13.213(16.516%)(0.000m),24.000(60.000%)(1.500m),9.662(24.154%)(0.000m),524.524,4592.720,57.4,1.0869,"[0.403, 1.052, 1.124, 0.348, 1.155, 1.077]","[2.412, 2.503, 2.498, 2.446, 2.835, 2.588]","[-5.431, -3.650, -2.395, -5.696, -3.724, -2.695]"
362,1,-4.2069,-3.6728,0.445,108,277,15,0,0.485,30,0.28,8132,461.30,0,0,69.057(86.321%)(5.256m),53.865(47.528%)(3.628m),20.717(18.280%)(0.077m),13.390(11.814%)(0.000m),9.375(11.719%)(0.000m),40.000(100.000%)(3.214m),11.714(29.285%)(0.184m),2699.236,5300.772,59.4,1.0177,"[0.149, 0.487, 0.662, 0.035, 0.497, 0.636]","[2.243, 2.399, 2.264, 2.215, 2.551, 2.263]","[-5.041, -5.150, -5.770, -5.535, -5.261, -5.637]"
363,1,-2.3901,-3.6830,0.413,169,429,20,0,0.484,40,0.28,8149,686.61,0,0,12.541(15.676%)(0.000m),25.928(22.877%)(0.635m),73.651(64.986%)(5.748m),68.000(60.000%)(5.143m),52.000(65.000%)(3.429m),9.785(24.461%)(0.000m),40.000(100.000%)(3.214m),1489.183,5684.804,58.8,1.1448,"[1.748, 1.106, 0.175, 1.808, 1.219, 0.216]","[2.880, 2.535, 2.266, 3.189, 2.788, 2.269]","[0.587, -3.149, -5.510, 0.419, -3.235, -5.054]"
364,1,-5.1013,-3.7013,0.458,227,566,41,0,0.483,45,0.27,8172,869.45,0,0,9.779(12.223%)(0.000m),15.106(13.329%)(0.000m),26.277(23.185%)(0.672m),44.000(38.824%)(2.571m),34.000(42.500%)(1.500m),10.654(26.634%)(0.070m),40.000(100.000%)(3.214m),727.977,3864.075,57.7,1.1171,"[0.996, 0.944, 0.734, 1.080, 0.976, 0.782]","[2.123, 2.161, 2.419, 2.390, 2.558, 2.304]","[-6.451, -4.973, -5.637, -6.315, -6.035, -4.987]"
365,1,-5.7474,-3.7416,0.386,103,256,17,0,0.483,30,0.27,8183,406.74,0,0,77.786(97.233%)(6.191m),98.000(86.471%)(8.357m),30.684(27.074%)(1.145m),16.679(14.717%)(0.000m),10.451(13.063%)(0.000m),40.000(100.000%)(3.214m),10.841(27.102%)(0.090m),3381.215,8940.039,57.5,1.2650,"[-0.733, 0.663, 1.084, -0.559, 0.761, 1.137]","[1.884, 2.424, 2.426, 2.155, 2.648, 2.426]","[-6.047, -5.033, -6.300, -5.416, -5.598, -5.957]"
366,1,-5.3136,-3.7298,0.370,659,1653,154,110,0.482,80,0.27,8249,2476.48,0,0,30.000(37.500%)(1.071m),73.000(64.412%)(5.679m),51.000(45.000%)(3.321m),29.586(26.105%)(1.027m),13.802(17.252%)(0.000m),21.000(52.500%)(1.179m),9.679(24.198%)(0.000m),638.726,5823.843,58.0,1.0417,"[0.228, 0.737, 1.041, 0.160, 0.984, 1.015]","[2.129, 2.524, 2.433, 2.261, 2.918, 2.395]","[-4.983, -4.953, -2.707, -5.523, -4.800, -3.114]"
367,1,-2.6455,-3.6887,0.336,258,692,51,39,0.481,55,0.27,8275,1100.32,0,0,22.000(27.500%)(0.214m),30.000(26.471%)(1.071m),38.000(33.530%)(1.929m),22.015(19.425%)(0.216m),11.865(14.831%)(0.000m),24.000(60.000%)(1.500m),10.238(25.595%)(0.026m),92.693,3421.048,62.1,1.3790,"[0.437, 0.961, 0.873, 0.324, 1.062, 0.871]","[2.478, 2.514, 2.218, 2.518, 2.937, 2.254]","[-5.395, -5.903, -5.620, -5.779, -5.873, -5.503]"
368,1,-2.6710,-3.6233,0.332,230,632,42,36,0.480,50,0.27,8298,969.02,0,0,31.000(38.750%)(1.179m),53.000(46.765%)(3.536m),88.000(77.647%)(7.286m),38.116(33.632%)(1.941m),18.112(22.640%)(0.000m),14.000(35.000%)(0.429m),12.761(31.903%)(0.296m),856.093,4063.333,63.6,1.2566,"[0.373, 0.976, 0.987, 0.405, 1.101, 0.996]","[2.195, 2.572, 2.631, 2.339, 2.737, 2.748]","[-2.788, -2.431, -2.593, -3.076, -2.178, -2.434]"
369,1,-6.3837,-3.6751,0.346,485,1234,117,0,0.479,70,0.27,8347,1804.08,0,0,34.000(42.500%)(1.500m),35.000(30.882%)(1.607m),42.000(37.059%)(2.357m),22.656(19.991%)(0.285m),11.759(14.699%)(0.000m),24.000(60.000%)(1.500m),9.774(24.436%)(0.000m),484.284,4809.406,58.9,1.1833,"[0.245, 0.641, 0.856, 0.235, 0.866, 0.947]","[2.233, 2.569, 2.607, 2.166, 2.759, 2.698]","[-5.384, -4.964, -3.000, -5.815, -4.849, -3.043]"
370,1,-5.1862,-3.7424,0.458,260,668,67,66,0.478,50,0.27,8373,965.39,0,0,18.203(22.754%)(0.000m),37.479(33.070%)(1.873m),81.000(71.471%)(6.536m),39.000(34.412%)(2.036m),13.000(16.250%)(0.000m),12.844(32.110%)(0.305m),10.000(25.000%)(0.000m),1532.625,5822.487,59.4,1.0182,"[0.505, 0.313, 0.108, 0.576, 0.507, 0.068]","[2.054, 2.359, 2.311, 2.144, 2.666, 2.371]","[-4.533, -4.364, -4.318, -4.635, -4.015, -4.118]"
371,1,-3.4410,-3.7854,0.365,436,1155,75,24,0.477,70,0.27,8417,1578.00,0,0,26.000(32.500%)(0.643m),21.000(18.529%)(0.107m),51.000(45.000%)(3.321m),44.083(38.897%)(2.580m),20.974(26.218%)(0.104m),26.000(65.000%)(1.714m),14.798(36.995%)(0.514m),0.000,4496.592,61.3,0.9770,"[0.639, 0.779, 0.396, 0.602, 0.881, 0.392]","[2.025, 2.267, 2.192, 2.023, 2.487, 2.154]","[-3.074, -4.003, -5.917, -3.611, -4.949, -5.616]"
372,1,-3.6023,-3.7585,0.328,161,439,16,0,0.476,40,0.27,8434,626.00,0,0,40.000(50.000%)(2.143m),64.000(56.471%)(4.714m),72.558(64.022%)(5.631m),26.706(23.564%)(0.718m),12.730(15.913%)(0.000m),40.000(100.000%)(3.214m),9.806(24.515%)(0.000m),1192.944,4074.947,63.1,1.1269,"[0.290, 1.014, 1.363, 0.111, 1.171, 1.318]","[1.907, 2.437, 2.506, 1.953, 2.805, 2.418]","[-5.291, -4.420, -0.857, -5.891, -4.456, -1.390]"
373,1,-2.7002,-3.7701,0.557,157,433,16,3,0.475,40,0.27,8450,667.09,0,0,10.864(13.580%)(0.000m),17.798(15.704%)(0.000m),34.383(30.338%)(1.541m),59.000(52.059%)(4.179m),32.000(40.000%)(1.286m),10.864(27.159%)(0.093m),40.000(100.000%)(3.214m),960.904,3951.432,63.8,1.4425,"[0.784, 0.806, 0.377, 0.696, 0.798, 0.391]","[2.329, 2.486, 2.370, 2.304, 2.867, 2.497]","[-5.383, -5.336, -5.389, -6.001, -5.675, -5.519]"
374,1,-7.1731,-3.8442,0.513,198,491,16,0,0.474,45,0.27,8470,735.25,0,0,51.000(63.750%)(3.321m),65.000(57.353%)(4.821m),50.018(44.133%)(3.216m),20.552(18.134%)(0.059m),11.338(14.173%)(0.000m),37.455(93.639%)(2.942m),10.029(25.073%)(0.003m),1692.601,4911.210,57.4,1.0100,"[0.876, 0.960, 1.153, 0.649, 1.240, 1.204]","[2.564, 2.792, 2.760, 2.420, 3.228, 2.910]","[-5.337, -5.730, -6.080, -5.477, -5.743, -5.700]"
375,1,-4.8655,-3.8906,0.364,127,329,16,0,0.473,35,0.27,8483,480.77,0,0,62.000(77.500%)(4.500m),83.000(73.236%)(6.750m),26.799(23.646%)(0.728m),15.407(13.594%)(0.000m),9.973(12.466%)(0.000m),40.000(100.000%)(3.214m),10.866(27.164%)(0.093m),2171.980,6076.457,60.0,1.0503,"[0.184, 0.702, 0.881, 0.035, 0.843, 0.961]","[2.626, 2.828, 2.461, 2.464, 3.144, 2.579]","[-6.496, -5.813, -7.484, -6.031, -6.278, -6.314]"
376,1,-2.0398,-3.8606,0.330,186,489,19,0,0.472,45,0.27,8502,693.99,0,0,39.000(48.750%)(2.036m),76.000(67.059%)(6.000m),63.463(55.997%)(4.657m),23.290(20.550%)(0.353m),11.930(14.912%)(0.000m),40.000(100.000%)(3.214m),9.792(24.480%)(0.000m),1472.642,4972.653,60.9,1.0605,"[0.833, 1.548, 1.687, 0.786, 1.660, 1.590]","[2.314, 2.489, 2.687, 2.438, 2.823, 2.729]","[-5.300, -5.071, -4.907, -5.599, -5.179, -4.423]"
377,1,-3.1241,-3.8373,0.411,200,524,16,33,0.471,45,0.27,8522,798.38,0,0,10.096(12.621%)(0.000m),15.244(13.451%)(0.000m),25.565(22.558%)(0.596m),32.000(28.235%)(1.286m),23.000(28.750%)(0.321m),11.414(28.536%)(0.152m),32.000(80.000%)(2.357m),410.094,3682.301,60.7,1.1084,"[0.457, 0.710, 0.784, 0.321, 0.774, 0.688]","[2.477, 2.900, 2.619, 2.587, 3.107, 2.508]","[-5.611, -5.475, -5.505, -6.491, -5.748, -5.920]"
378,1,-4.4812,-3.8642,0.394,166,476,8,19,0.470,45,0.26,8539,656.08,0,0,12.000(15.000%)(0.000m),26.000(22.941%)(0.643m),113.333(100.000%)(10.000m),55.363(48.850%)(3.789m),26.569(33.211%)(0.704m),10.000(25.000%)(0.000m),18.836(47.091%)(0.947m),1546.909,4141.332,66.4,1.0950,"[0.954, 0.990, 0.761, 0.940, 1.097, 0.797]","[2.358, 2.611, 2.490, 2.385, 2.848, 2.699]","[-2.117, -2.568, -4.224, -2.258, -2.771, -4.517]"
379,1,-4.8338,-3.8955,0.458,180,484,25,2,0.469,45,0.26,8557,693.30,0,0,33.000(41.250%)(1.393m),44.000(38.824%)(2.571m),53.000(46.765%)(3.536m),26.179(23.099%)(0.662m),12.663(15.828%)(0.000m),37.989(94.971%)(2.999m),9.879(24.699%)(0.000m),381.045,3165.980,62.2,0.9162,"[0.122, 0.079, 0.681, 0.016, 0.315, 0.584]","[2.331, 2.730, 2.564, 2.360, 3.141, 2.837]","[-4.674, -5.391, -4.624, -4.930, -5.383, -4.794]"
380,1,-4.2729,-3.9593,0.295,194,493,34,22,0.468,45,0.26,8577,802.36,0,0,23.000(28.750%)(0.321m),29.000(25.588%)(0.964m),36.000(31.765%)(1.714m),76.000(67.059%)(6.000m),43.554(54.442%)(2.524m),37.051(92.627%)(2.898m),36.658(91.644%)(2.856m),40.743,2876.120,58.8,1.0684,"[1.118, 0.994, 0.696, 1.146, 1.074, 0.705]","[2.632, 2.691, 2.568, 2.721, 3.266, 2.768]","[-2.321, -2.781, -3.352, -1.950, -3.695, -3.945]"
381,1,-2.8019,-3.9423,0.592,191,511,24,0,0.467,45,0.26,8597,757.88,0,0,38.000(47.500%)(1.929m),74.000(65.294%)(5.786m),52.347(46.189%)(3.466m),20.834(18.383%)(0.089m),11.362(14.203%)(0.000m),33.000(82.500%)(2.464m),9.927(24.817%)(0.000m),1782.262,4866.214,62.0,1.1206,"[0.865, 1.611, 1.517, 0.706, 1.661, 1.592]","[2.633, 2.913, 2.806, 2.467, 2.986, 2.721]","[-5.556, -5.383, -5.416, -5.565, -5.696, -5.133]"
382,1,-6.8050,-3.9242,0.436,275,692,11,37,0.466,55,0.26,8625,1018.17,0,0,26.196(32.745%)(0.664m),54.317(47.927%)(3.677m),113.333(100.000%)(10.000m),52.000(45.882%)(3.429m),12.000(15.000%)(0.000m),18.645(46.611%)(0.926m),11.000(27.500%)(0.107m),3104.793,7005.166,58.2,1.0384,"[1.458, 1.668, 1.302, 1.490, 1.885, 1.529]","[2.903, 2.977, 2.910, 2.795, 3.108, 3.095]","[-1.019, -0.315, -0.762, -0.717, 0.041, -0.647]"
383,1,-3.8272,-3.8650,0.420,156,408,20,0,0.465,40,0.26,8641,613.32,0,0,48.000(60.000%)(3.000m),71.000(62.647%)(5.464m),38.573(34.035%)(1.990m),18.483(16.308%)(0.000m),10.865(13.581%)(0.000m),40.000(100.000%)(3.214m),10.346(25.866%)(0.037m),1296.503,5072.094,60.5,1.2817,"[-0.015, 0.932, 1.486, -0.154, 1.110, 1.381]","[2.491, 2.866, 2.762, 2.640, 3.224, 2.871]","[-5.330, -5.491, -6.153, -5.988, -5.457, -5.945]"
384,1,-1.0963,-3.8382,0.397,219,560,25,0,0.465,45,0.26,8663,951.40,0,0,35.000(43.750%)(1.607m),48.000(42.353%)(3.000m),58.000(51.177%)(4.071m),25.911(22.863%)(0.633m),12.533(15.666%)(0.000m),40.000(100.000%)(3.214m),9.778(24.446%)(0.000m),758.230,4085.131,59.2,1.1581,"[0.488, 1.072, 1.525, 0.494, 1.258, 1.442]","[2.630, 2.867, 2.616, 2.785, 3.263, 2.660]","[-5.346, -5.198, -3.430, -5.741, -5.008, -3.401]"
385,1,-3.3539,-3.8189,0.370,130,341,16,0,0.464,35,0.26,8676,560.48,0,0,59.000(73.750%)(4.179m),45.972(40.564%)(2.783m),18.889(16.667%)(0.000m),12.419(10.958%)(0.000m),8.808(11.010%)(0.000m),40.000(100.000%)(3.214m),11.290(28.224%)(0.138m),1713.374,4269.054,60.8,1.2380,"[0.076, 0.558, 0.590, 0.058, 0.727, 0.656]","[1.862, 2.360, 2.066, 2.083, 2.717, 2.239]","[-6.760, -5.437, -6.372, -6.110, -5.569, -5.757]"
386,1,-5.7563,-3.8873,0.290,488,1281,78,39,0.463,75,0.26,8725,2038.05,0,0,12.000(15.000%)(0.000m),22.000(19.412%)(0.214m),74.000(65.294%)(5.786m),32.739(28.887%)(1.365m),15.500(19.375%)(0.000m),10.000(25.000%)(0.000m),10.911(27.277%)(0.098m),901.188,5485.975,60.7,1.2324,"[0.880, 1.133, 0.868, 0.989, 1.206, 0.968]","[2.374, 2.714, 2.902, 2.567, 3.068, 2.909]","[-5.329, -5.618, -6.436, -5.546, -7.560, -6.159]"
387,1,-3.1955,-3.9175,0.514,179,452,20,0,0.462,40,0.26,8743,783.41,0,0,50.000(62.500%)(3.214m),77.000(67.941%)(6.107m),52.434(46.266%)(3.475m),20.869(18.414%)(0.093m),11.381(14.226%)(0.000m),40.000(100.000%)(3.214m),9.943(24.858%)(0.000m),2062.539,5753.312,58.4,1.1630,"[0.411, 1.201, 1.569, 0.267, 1.300, 1.382]","[2.361, 2.678, 2.743, 2.431, 2.894, 2.729]","[-5.644, -5.802, -5.392, -6.114, -5.978, -5.311]"
388,1,-4.0107,-3.9372,0.490,291,773,96,0,0.461,55,0.26,8773,1183.73,0,0,40.000(50.000%)(2.143m),66.000(58.235%)(4.929m),48.864(43.116%)(3.093m),20.684(18.251%)(0.073m),11.540(14.425%)(0.000m),27.000(67.500%)(1.821m),10.335(25.837%)(0.036m),1324.129,4491.112,61.5,1.2122,"[0.663, 1.362, 1.313, 0.485, 1.519, 1.291]","[2.335, 2.680, 2.626, 2.099, 3.002, 2.513]","[-5.849, -5.404, -6.194, -5.719, -5.830, -5.760]"
389,1,-4.0886,-3.8657,0.337,133,360,16,0,0.460,35,0.26,8787,563.06,0,0,52.000(65.000%)(3.429m),75.000(66.177%)(5.893m),74.109(65.390%)(5.797m),25.656(22.638%)(0.606m),12.410(15.512%)(0.000m),40.000(100.000%)(3.214m),9.682(24.205%)(0.000m),1578.156,4768.065,62.6,1.2357,"[-0.222, 0.465, 0.876, -0.303, 0.532, 0.795]","[2.207, 2.731, 2.400, 2.338, 3.043, 2.583]","[-5.264, -5.072, -3.245, -5.713, -5.078, -3.533]"
390,1,-1.8420,-3.8631,0.421,505,1309,113,71,0.459,75,0.26,8838,2020.67,0,0,15.616(19.520%)(0.000m),33.439(29.505%)(1.440m),76.000(67.059%)(6.000m),23.000(20.294%)(0.321m),12.000(15.000%)(0.000m),10.953(27.382%)(0.102m),25.000(62.500%)(1.607m),1067.156,5208.183,60.0,1.2469,"[0.678, 1.180, 0.766, 0.584, 1.262, 0.833]","[2.269, 2.990, 2.584, 2.180, 2.999, 2.578]","[-5.862, -5.985, -4.302, -6.477, -5.803, -4.333]"
391,1,-2.8869,-3.7392,0.274,167,430,17,0,0.458,40,0.26,8855,612.65,0,0,46.000(57.500%)(2.786m),59.000(52.059%)(4.179m),36.789(32.461%)(1.799m),17.998(15.881%)(0.000m),10.684(13.355%)(0.000m),40.000(100.000%)(3.214m),10.299(25.747%)(0.032m),1444.523,4745.175,59.6,1.1163,"[0.550, 1.028, 1.128, 0.463, 1.139, 1.204]","[2.429, 2.677, 2.608, 2.454, 3.016, 2.794]","[-4.845, -4.910, -5.301, -5.362, -4.620, -4.691]"
392,1,-2.5195,-3.7142,0.342,154,405,14,0,0.457,40,0.26,8871,613.03,0,0,46.000(57.500%)(2.786m),58.000(51.177%)(4.071m),26.001(22.942%)(0.643m),15.504(13.680%)(0.000m),10.269(12.836%)(0.000m),40.000(100.000%)(3.214m),11.609(29.022%)(0.172m),916.303,3547.092,60.9,1.0479,"[0.618, 0.746, 1.057, 0.572, 0.887, 0.998]","[2.372, 2.690, 2.566, 2.578, 2.969, 2.708]","[-5.404, -5.180, -6.470, -5.253, -4.873, -5.551]"
393,1,-3.9655,-3.6913,0.387,496,1269,104,52,0.456,70,0.25,8921,1710.51,0,0,24.000(30.000%)(0.429m),20.000(17.647%)(0.000m),20.000(17.647%)(0.000m),21.000(18.529%)(0.107m),13.739(17.174%)(0.000m),26.000(65.000%)(1.714m),9.629(24.072%)(0.000m),0.000,5790.644,59.2,1.0814,"[0.991, 1.369, 1.449, 0.786, 1.618, 1.479]","[3.435, 3.330, 2.967, 3.264, 3.640, 2.978]","[-5.117, -4.846, -4.887, -5.204, -4.814, -4.484]"
394,1,-2.1542,-3.6903,0.393,307,783,62,30,0.455,55,0.25,8952,1101.76,0,0,17.671(22.089%)(0.000m),37.273(32.888%)(1.851m),51.000(45.000%)(3.321m),38.000(33.530%)(1.929m),30.000(37.500%)(1.071m),12.419(31.046%)(0.259m),13.000(32.500%)(0.321m),546.516,3679.708,59.0,0.9354,"[0.915, 0.589, 0.210, 0.864, 0.725, 0.324]","[2.258, 2.062, 2.241, 2.110, 2.542, 2.261]","[-2.349, -2.497, -4.927, -2.665, -2.963, -4.693]"
395,1,-2.1863,-3.7522,0.367,588,1512,84,169,0.454,80,0.25,9011,2016.75,0,0,19.000(23.750%)(0.000m),45.000(39.706%)(2.679m),68.000(60.000%)(5.143m),42.966(37.911%)(2.461m),20.497(25.622%)(0.053m),14.000(35.000%)(0.429m),10.000(25.000%)(0.000m),1471.278,5694.775,59.5,0.9105,"[0.692, 0.988, 1.011, 0.604, 1.259, 1.061]","[2.355, 2.386, 2.522, 2.283, 2.744, 2.553]","[-4.105, -2.343, -2.144, -4.881, -2.151, -1.903]"
396,1,-6.5378,-3.8370,0.274,191,486,36,14,0.453,45,0.25,9031,737.72,0,0,35.515(44.394%)(1.662m),20.000(17.647%)(0.000m),20.000(17.647%)(0.000m),21.000(18.529%)(0.107m),73.317(91.646%)(5.713m),25.588(63.969%)(1.670m),40.000(100.000%)(3.214m),0.000,6465.408,58.9,1.0310,"[0.534, 0.580, 0.454, 0.568, 0.619, 0.457]","[2.416, 3.231, 2.540, 2.583, 3.085, 2.672]","[-5.663, -5.783, -5.356, -6.030, -5.618, -5.452]"
397,1,-2.7277,-3.7646,0.357,187,481,12,0,0.453,45,0.25,9050,691.37,0,0,40.000(50.000%)(2.143m),56.000(49.412%)(3.857m),64.535(56.943%)(4.772m),24.306(21.446%)(0.461m),12.281(15.351%)(0.000m),40.000(100.000%)(3.214m),9.954(24.885%)(0.000m),1147.127,4202.959,59.5,0.9689,"[0.701, 0.822, 1.207, 0.565, 1.036, 1.006]","[2.533, 2.868, 2.850, 2.573, 3.180, 2.691]","[-5.311, -6.045, -3.800, -5.887, -5.744, -4.248]"
398,1,-3.7164,-3.7726,0.332,379,1048,149,17,0.452,70,0.25,9088,1382.83,0,0,36.000(45.000%)(1.714m),20.000(17.647%)(0.000m),21.000(18.529%)(0.107m),43.000(37.941%)(2.464m),22.844(28.555%)(0.305m),27.000(67.500%)(1.821m),16.177(40.442%)(0.662m),658.174,4048.746,64.0,1.0028,"[0.827, 1.304, 1.103, 0.582, 1.433, 1.101]","[2.469, 2.723, 2.524, 2.423, 3.150, 2.633]","[-6.756, -6.044, -6.186, -7.070, -6.351, -5.944]"
399,1,-3.3960,-3.7056,0.539,169,418,20,0,0.451,40,0.25,9105,613.29,0,0,56.000(70.000%)(3.857m),89.000(78.530%)(7.393m),80.713(71.218%)(6.505m),26.303(23.208%)(0.675m),12.722(15.903%)(0.000m),40.000(100.000%)(3.214m),9.926(24.815%)(0.000m),2695.437,6850.997,57.3,0.9396,"[0.361, 1.102, 1.615, 0.220, 1.205, 1.574]","[2.240, 2.644, 2.557, 2.296, 2.785, 2.647]","[-5.563, -5.187, -2.174, -5.991, -4.685, -2.465]"
400,1,-1.9013,-3.6549,0.334,259,654,83,0,0.450,50,0.25,9131,892.92,0,0,40.000(50.000%)(2.143m),53.000(46.765%)(3.536m),53.779(47.452%)(3.619m),21.404(18.886%)(0.150m),11.673(14.591%)(0.000m),30.000(75.000%)(2.143m),9.701(24.252%)(0.000m),950.671,5362.962,58.4,0.9267,"[-0.244, 0.372, 0.717, -0.323, 0.578, 0.676]","[2.238, 2.232, 2.329, 2.267, 2.439, 2.237]","[-5.248, -5.249, -5.646, -5.429, -4.886, -5.489]"
401,1,-5.4384,-3.6722,0.271,204,532,13,0,0.449,45,0.25,9152,739.76,0,0,33.000(41.250%)(1.393m),71.000(62.647%)(5.464m),60.143(53.068%)(4.301m),22.924(20.227%)(0.313m),12.053(15.066%)(0.000m),40.000(100.000%)(3.214m),10.145(25.361%)(0.015m),2421.648,5485.034,60.4,1.0574,"[1.155, 1.416, 1.429, 1.099, 1.573, 1.386]","[2.475, 2.838, 2.527, 2.483, 2.956, 2.519]","[-5.007, -5.566, -4.911, -5.325, -4.969, -4.832]"
402,1,-2.5872,-3.6790,0.428,196,513,49,40,0.448,45,0.25,9172,650.58,0,0,24.000(30.000%)(0.429m),31.000(27.353%)(1.179m),21.987(19.400%)(0.213m),13.954(12.313%)(0.000m),9.642(12.052%)(0.000m),40.000(100.000%)(3.214m),11.747(29.367%)(0.187m),251.525,3193.487,60.5,0.9408,"[0.064, 0.245, 0.293, 0.135, 0.449, 0.337]","[2.097, 2.503, 2.315, 2.420, 2.896, 2.422]","[-5.914, -5.374, -5.746, -5.327, -5.043, -5.199]"
403,1,-6.2533,-3.7832,0.454,517,1344,130,47,0.447,75,0.25,9224,1763.21,0,0,22.000(27.500%)(0.214m),30.000(26.471%)(1.071m),65.000(57.353%)(4.821m),18.000(15.882%)(0.000m),11.000(13.750%)(0.000m),28.000(70.000%)(1.929m),11.000(27.500%)(0.107m),553.186,5766.825,60.2,0.9371,"[0.515, 0.955, 0.656, 0.475, 1.179, 0.665]","[2.901, 2.795, 2.660, 3.082, 3.093, 2.523]","[-7.089, -7.014, -5.709, -6.179, -6.888, -5.531]"
404,1,-6.6028,-3.7802,0.212,159,388,18,0,0.446,35,0.25,9240,557.92,0,0,53.790(67.238%)(3.620m),50.759(44.787%)(3.296m),20.202(17.825%)(0.022m),13.171(11.621%)(0.000m),9.282(11.602%)(0.000m),39.556(98.889%)(3.167m),11.746(29.364%)(0.187m),2460.077,5701.723,56.5,0.9613,"[0.727, 0.987, 0.848, 0.793, 1.113, 0.995]","[2.423, 2.938, 2.756, 2.393, 3.113, 2.900]","[-6.206, -5.200, -5.885, -5.235, -5.008, -5.274]"
405,1,-2.9839,-3.7898,0.331,220,547,35,0,0.445,45,0.25,9262,788.71,0,0,40.000(50.000%)(2.143m),46.000(40.588%)(2.786m),50.304(44.386%)(3.247m),20.669(18.237%)(0.072m),11.403(14.254%)(0.000m),40.000(100.000%)(3.214m),10.086(25.216%)(0.009m),1105.305,4553.580,57.5,1.1689,"[0.089, 0.893, 1.383, 0.061, 1.018, 1.177]","[2.536, 2.758, 2.589, 2.486, 2.921, 2.550]","[-5.391, -5.273, -4.912, -5.264, -5.274, -4.830]"
406,1,-4.0142,-3.8256,0.297,512,1339,144,21,0.444,75,0.25,9314,1831.67,0,0,31.000(38.750%)(1.179m),43.000(37.941%)(2.464m),50.000(44.118%)(3.214m),18.000(15.882%)(0.000m),11.000(13.750%)(0.000m),23.000(57.500%)(1.393m),9.650(24.125%)(0.000m),750.221,5249.503,60.5,1.0872,"[0.126, 0.655, 1.167, 0.010, 0.894, 1.080]","[3.052, 2.839, 2.603, 3.121, 3.154, 2.570]","[-5.852, -5.857, -3.041, -6.115, -5.436, -3.274]"
407,1,-1.9471,-3.8129,0.456,210,518,30,0,0.444,45,0.25,9335,759.05,0,0,40.000(50.000%)(2.143m),47.000(41.471%)(2.893m),21.052(18.575%)(0.113m),13.841(12.213%)(0.000m),9.817(12.271%)(0.000m),40.000(100.000%)(3.214m),12.582(31.455%)(0.277m),1112.090,3826.815,57.1,0.9039,"[0.835, 1.068, 1.066, 0.684, 1.160, 1.096]","[2.399, 2.827, 2.546, 2.499, 2.983, 2.575]","[-5.982, -5.669, -6.115, -5.947, -5.685, -5.599]"
408,1,-8.3078,-3.9093,0.366,410,1075,45,69,0.443,65,0.25,9376,1487.37,0,0,10.600(13.249%)(0.000m),17.365(15.322%)(0.000m),33.547(29.600%)(1.451m),44.331(39.116%)(2.607m),21.817(27.271%)(0.195m),10.600(26.499%)(0.064m),15.431(38.578%)(0.582m),1728.242,4689.961,60.7,0.9498,"[1.376, 1.534, 1.312, 1.278, 1.729, 1.302]","[2.762, 3.214, 3.213, 2.546, 3.495, 3.345]","[-3.829, -4.523, -3.754, -4.469, -4.470, -4.319]"
409,1,-1.1721,-3.8565,0.522,178,475,17,0,0.442,45,0.24,9394,657.24,0,0,12.447(15.559%)(0.000m),24.985(22.046%)(0.534m),57.000(50.294%)(3.964m),48.000(42.353%)(3.000m),38.000(47.500%)(1.929m),9.962(24.906%)(0.000m),40.000(100.000%)(3.214m),768.971,3253.736,61.8,1.1096,"[1.278, 0.823, 0.343, 1.445, 0.947, 0.325]","[2.469, 2.636, 2.416, 2.984, 3.122, 2.543]","[-2.087, -4.640, -5.368, -2.409, -4.963, -5.633]"
410,1,-6.3490,-3.9516,0.380,81,197,16,0,0.441,25,0.24,9403,271.46,0,0,9.955(12.443%)(0.000m),14.920(13.165%)(0.000m),24.740(21.830%)(0.508m),90.397(79.763%)(7.543m),77.067(96.334%)(6.114m),11.394(28.485%)(0.149m),40.000(100.000%)(3.214m),3864.857,9630.466,56.4,0.8566,"[1.194, 0.723, -0.660, 1.188, 0.782, -0.707]","[2.928, 3.203, 2.896, 3.051, 3.262, 3.030]","[-5.497, -5.108, -5.013, -6.170, -5.571, -5.436]"
411,1,-2.6370,-3.9448,0.607,213,565,71,0,0.440,50,0.24,9425,736.26,0,0,38.000(47.500%)(1.929m),65.000(57.353%)(4.821m),49.385(43.575%)(3.148m),20.291(17.904%)(0.031m),11.195(13.993%)(0.000m),29.000(72.500%)(2.036m),9.902(24.755%)(0.000m),1359.727,4913.374,61.4,0.9172,"[0.442, 1.286, 1.836, 0.253, 1.396, 1.862]","[2.882, 3.271, 3.014, 3.118, 3.552, 3.181]","[-5.814, -5.264, -6.246, -5.668, -5.737, -5.764]"
412,1,-3.6809,-3.9343,0.449,146,385,16,0,0.439,40,0.24,9440,546.99,0,0,11.201(14.002%)(0.000m),19.055(16.813%)(0.000m),39.767(35.089%)(2.118m),77.000(67.941%)(6.107m),50.000(62.500%)(3.214m),10.667(26.666%)(0.071m),40.000(100.000%)(3.214m),1494.728,5141.464,61.1,0.8860,"[1.438, 0.896, 0.077, 1.497, 1.051, 0.008]","[2.716, 3.109, 2.675, 2.975, 3.359, 2.856]","[-5.749, -5.642, -5.836, -6.089, -5.826, -5.942]"
413,1,-3.5245,-3.9570,0.464,296,755,127,0,0.438,55,0.24,9470,1047.41,0,0,34.000(42.500%)(1.500m),75.000(66.177%)(5.893m),112.377(99.157%)(9.898m),28.637(25.268%)(0.925m),13.339(16.674%)(0.000m),29.000(72.500%)(2.036m),9.626(24.066%)(0.000m),2701.049,7454.423,59.0,0.9907,"[0.085, 1.508, 2.023, -0.082, 1.790, 1.985]","[2.953, 3.091, 2.953, 3.003, 3.503, 2.975]","[-5.425, -4.374, -0.831, -5.791, -3.898, -1.337]"
414,1,-5.9965,-3.9749,0.332,432,1179,96,29,0.437,70,0.24,9514,1589.21,0,0,10.000(12.500%)(0.000m),15.000(13.235%)(0.000m),25.000(22.059%)(0.536m),33.433(29.500%)(1.439m),15.581(19.476%)(0.000m),11.000(27.500%)(0.107m),10.922(27.304%)(0.099m),130.323,3861.702,63.1,1.0389,"[0.311, 0.895, 0.850, 0.264, 1.048, 1.032]","[2.683, 3.297, 2.883, 2.758, 3.336, 2.942]","[-7.627, -6.762, -7.642, -8.024, -6.879, -7.079]"
415,1,-6.7131,-3.9942,0.445,441,1197,12,140,0.437,70,0.24,9559,1700.85,0,0,29.874(37.343%)(1.058m),61.868(54.589%)(4.486m),93.000(82.059%)(7.821m),21.000(18.529%)(0.107m),12.000(15.000%)(0.000m),21.326(53.315%)(1.213m),11.000(27.500%)(0.107m),1999.363,5826.625,62.8,0.9766,"[0.829, 0.857, 0.857, 0.755, 1.086, 0.796]","[2.429, 2.827, 2.720, 2.624, 3.172, 2.779]","[-5.638, -6.799, -5.491, -5.520, -7.111, -5.322]"
416,1,-2.3175,-3.9343,0.461,257,648,43,11,0.436,50,0.24,9585,939.64,0,0,31.000(38.750%)(1.179m),38.000(33.530%)(1.929m),37.182(32.808%)(1.841m),18.191(16.051%)(0.000m),10.798(13.497%)(0.000m),28.000(70.000%)(1.929m),10.409(26.023%)(0.044m),522.452,3724.699,58.3,1.0309,"[0.841, 1.342, 1.371, 0.779, 1.409, 1.330]","[2.687, 3.137, 2.904, 2.756, 3.179, 2.803]","[-6.337, -5.324, -6.745, -5.574, -5.859, -5.980]"
417,1,1.1687,-3.8580,0.405,538,1408,53,44,0.435,75,0.24,9639,1950.15,0,0,33.000(41.250%)(1.393m),62.000(54.706%)(4.500m),66.000(58.235%)(4.929m),32.201(28.413%)(1.307m),15.283(19.104%)(0.000m),25.000(62.500%)(1.607m),10.752(26.879%)(0.081m),425.837,5052.533,60.6,0.9817,"[0.892, 1.187, 1.422, 0.686, 1.384, 1.407]","[2.791, 2.833, 2.923, 2.535, 3.023, 2.949]","[-5.363, -4.533, -0.654, -5.900, -4.482, -1.429]"
418,1,-2.9893,-3.8644,0.517,245,606,59,24,0.434,50,0.24,9664,864.88,0,0,10.824(13.530%)(0.000m),18.597(16.409%)(0.000m),39.675(35.008%)(2.108m),36.000(31.765%)(1.714m),27.000(33.750%)(0.750m),10.182(25.455%)(0.019m),40.000(100.000%)(3.214m),352.687,3874.703,57.3,0.9754,"[0.772, 0.684, 0.504, 0.730, 0.720, 0.558]","[2.579, 2.862, 2.634, 2.727, 2.940, 2.726]","[-5.765, -5.347, -5.925, -5.990, -5.594, -5.508]"
419,1,-5.8908,-3.8545,0.365,171,423,16,0,0.433,40,0.24,9682,647.89,0,0,55.000(68.750%)(3.750m),70.000(61.765%)(5.357m),65.760(58.024%)(4.903m),26.332(23.235%)(0.678m),12.594(15.743%)(0.000m),40.000(100.000%)(3.214m),9.701(24.252%)(0.000m),2322.106,6958.905,57.3,1.0855,"[0.067, 0.528, 0.845, 0.173, 0.744, 0.815]","[2.074, 2.354, 2.412, 2.159, 2.612, 2.345]","[-5.339, -5.357, -4.214, -5.322, -5.139, -4.194]"
420,1,-3.2228,-3.8152,0.384,183,458,17,0,0.432,40,0.24,9701,679.14,0,0,49.000(61.250%)(3.107m),60.000(52.941%)(4.286m),30.290(26.726%)(1.102m),16.465(14.528%)(0.000m),10.316(12.896%)(0.000m),40.000(100.000%)(3.214m),10.702(26.755%)(0.075m),2201.148,4631.102,57.9,1.1744,"[0.571, 1.208, 1.254, 0.749, 1.326, 1.208]","[2.007, 2.710, 2.453, 2.412, 2.881, 2.594]","[-5.662, -5.242, -6.112, -5.156, -5.483, -5.687]"
421,1,-4.7934,-3.8423,0.315,228,621,9,66,0.431,50,0.24,9724,860.18,0,0,32.153(40.191%)(1.302m),61.750(54.486%)(4.473m),74.000(65.294%)(5.786m),62.000(54.706%)(4.500m),24.000(30.000%)(0.429m),23.004(57.510%)(1.393m),11.000(27.500%)(0.107m),1319.158,4012.176,63.0,1.0709,"[0.890, 0.673, 0.535, 0.889, 0.982, 0.436]","[2.072, 2.497, 2.266, 2.240, 2.769, 2.289]","[-0.336, -2.033, -2.376, -0.376, -1.427, -2.579]"
422,1,-3.6668,-3.8436,0.396,397,1118,179,48,0.430,70,0.24,9764,1540.45,0,0,11.000(13.750%)(0.000m),19.000(16.765%)(0.000m),54.000(47.647%)(3.643m),38.000(33.530%)(1.929m),18.523(23.154%)(0.000m),11.000(27.500%)(0.107m),13.052(32.629%)(0.327m),255.612,4405.384,65.1,1.1377,"[0.701, 1.046, 1.082, 0.540, 1.267, 1.047]","[2.484, 2.790, 2.781, 2.667, 3.259, 2.830]","[-4.698, -4.598, -5.265, -5.173, -4.883, -5.304]"
423,1,-3.8517,-3.8666,0.327,222,554,18,0,0.430,45,0.24,9787,899.25,0,0,36.000(45.000%)(1.714m),48.000(42.353%)(3.000m),34.531(30.468%)(1.557m),17.231(15.204%)(0.000m),10.326(12.907%)(0.000m),40.000(100.000%)(3.214m),10.076(25.191%)(0.008m),1042.919,4118.411,57.8,1.1585,"[0.555, 0.843, 1.113, 0.489, 1.056, 0.979]","[1.847, 2.280, 2.246, 1.873, 2.516, 2.337]","[-5.501, -4.980, -5.370, -5.489, -4.924, -4.966]"
424,1,-5.5432,-3.8340,0.393,499,1425,76,126,0.429,80,0.24,9837,2104.40,0,0,19.000(23.750%)(0.000m),41.000(36.177%)(2.250m),81.977(72.333%)(6.640m),26.368(23.266%)(0.682m),12.558(15.697%)(0.000m),14.000(35.000%)(0.429m),9.673(24.182%)(0.000m),1140.851,4571.496,66.1,1.1703,"[-0.250, 0.090, 0.265, -0.521, 0.339, 0.289]","[1.876, 2.501, 2.030, 1.907, 2.568, 1.977]","[-4.992, -4.571, -5.727, -5.713, -4.521, -5.602]"
425,1,-1.4762,-3.7662,0.578,268,716,65,19,0.428,55,0.24,9864,1126.69,0,0,41.000(51.250%)(2.250m),59.000(52.059%)(4.179m),77.000(67.941%)(6.107m),31.015(27.366%)(1.180m),14.444(18.055%)(0.000m),18.000(45.000%)(0.857m),10.127(25.319%)(0.014m),1251.267,4086.239,61.8,1.2584,"[0.485, 1.444, 1.385, 0.279, 1.493, 1.471]","[2.369, 2.795, 2.522, 2.453, 2.960, 2.833]","[-4.453, -1.800, -1.552, -5.254, -1.498, -1.562]"
426,1,-5.4812,-3.8351,0.453,333,817,71,22,0.427,55,0.23,9898,1185.42,0,0,17.114(21.392%)(0.000m),35.485(31.311%)(1.659m),51.000(45.000%)(3.321m),45.000(39.706%)(2.679m),11.000(13.750%)(0.000m),12.069(30.173%)(0.222m),11.000(27.500%)(0.107m),809.617,5475.313,56.8,0.9880,"[1.226, 1.018, 0.517, 1.410, 1.127, 0.543]","[2.513, 2.976, 2.534, 2.648, 2.964, 2.458]","[-0.162, -3.599, -4.831, -0.271, -3.591, -4.907]"
427,1,-3.0846,-3.8343,0.324,225,552,27,24,0.426,45,0.23,9921,830.85,0,0,23.000(28.750%)(0.321m),29.000(25.588%)(0.964m),48.000(42.353%)(3.000m),82.569(72.855%)(6.704m),42.858(53.572%)(2.449m),40.000(100.000%)(3.214m),35.623(89.057%)(2.745m),133.612,2948.737,56.8,1.0066,"[1.438, 1.349, 1.040, 1.492, 1.399, 0.975]","[2.470, 3.164, 2.557, 2.782, 3.087, 2.468]","[-0.397, -1.898, -3.496, 0.130, -2.390, -3.659]"
428,1,-2.0629,-3.7859,0.565,563,1479,232,56,0.425,80,0.23,9978,1947.41,0,0,32.000(40.000%)(1.286m),38.000(33.530%)(1.929m),30.000(26.471%)(1.071m),26.000(22.941%)(0.643m),17.659(22.073%)(0.000m),23.000(57.500%)(1.393m),12.450(31.125%)(0.262m),133.820,4061.694,60.8,1.0872,"[0.677, 1.201, 1.253, 0.582, 1.339, 1.282]","[2.771, 2.901, 2.679, 2.636, 3.077, 2.881]","[-5.631, -3.684, -2.762, -5.839, -3.748, -2.946]"
429,1,-3.5241,-3.7597,0.213,146,371,16,0,0.424,35,0.23,9993,517.98,0,0,10.293(12.867%)(0.000m),15.542(13.713%)(0.000m),26.064(22.997%)(0.650m),75.000(66.177%)(5.893m),59.000(73.750%)(4.179m),11.637(29.092%)(0.175m),40.000(100.000%)(3.214m),2057.757,5143.750,58.8,0.9204,"[1.293, 1.132, 0.579, 1.161, 1.235, 0.636]","[2.449, 2.777, 2.781, 2.582, 3.007, 2.930]","[-5.384, -4.729, -5.470, -5.895, -4.847, -5.228]"
430,1,-6.9846,-3.8139,0.640,270,662,86,0,0.424,50,0.23,10020,972.92,0,0,43.000(53.750%)(2.464m),66.000(58.235%)(4.929m),49.568(43.737%)(3.168m),20.367(17.971%)(0.039m),11.236(14.045%)(0.000m),32.358(80.895%)(2.396m),9.939(24.847%)(0.000m),1458.731,7591.291,56.7,0.9609,"[0.688, 1.301, 1.413, 0.539, 1.388, 1.443]","[2.639, 2.961, 2.698, 2.557, 3.086, 2.766]","[-5.240, -5.211, -5.877, -5.454, -5.201, -5.579]"
431,1,-2.0284,-3.7985,0.374,757,1958,118,60,0.423,85,0.23,10096,2953.42,0,0,31.000(38.750%)(1.179m),65.000(57.353%)(4.821m),40.000(35.294%)(2.143m),20.706(18.270%)(0.076m),11.423(14.279%)(0.000m),22.000(55.000%)(1.286m),10.105(25.261%)(0.011m),155.769,5680.439,59.9,1.0846,"[0.764, 1.441, 1.486, 0.713, 1.572, 1.457]","[2.862, 3.100, 3.067, 2.820, 3.250, 3.075]","[-5.523, -5.384, -4.683, -5.784, -5.521, -4.811]"
432,1,-7.8149,-3.8187,0.381,544,1414,50,125,0.422,75,0.23,10151,2121.01,0,0,29.000(36.250%)(0.964m),57.000(50.294%)(3.964m),67.000(59.118%)(5.036m),44.484(39.251%)(2.623m),11.000(13.750%)(0.000m),13.000(32.500%)(0.321m),11.000(27.500%)(0.107m),1415.919,6002.576,60.1,1.1655,"[1.405, 1.797, 1.668, 1.429, 1.991, 1.751]","[3.149, 3.210, 2.782, 3.243, 3.357, 3.134]","[-3.720, -2.232, -2.570, -4.118, -1.606, -2.355]"
433,1,-4.1673,-3.8255,0.434,142,365,22,0,0.421,35,0.23,10166,572.14,0,0,61.000(76.250%)(4.393m),88.000(77.647%)(7.286m),45.701(40.324%)(2.754m),19.892(17.552%)(0.000m),11.221(14.026%)(0.000m),40.000(100.000%)(3.214m),10.173(25.433%)(0.019m),2368.636,5721.177,59.4,1.0817,"[1.471, 1.896, 1.995, 1.312, 1.968, 1.841]","[3.288, 3.861, 3.426, 3.282, 3.964, 3.480]","[-4.919, -5.948, -5.956, -5.599, -5.653, -5.864]"
434,1,-3.8275,-3.8801,0.413,235,628,6,21,0.420,50,0.23,10190,951.95,0,0,26.413(33.016%)(0.687m),52.065(45.939%)(3.435m),105.000(92.647%)(9.107m),72.000(63.530%)(5.571m),36.000(45.000%)(1.714m),18.793(46.984%)(0.942m),11.000(27.500%)(0.107m),1613.090,4842.068,61.9,1.0963,"[1.770, 1.653, 1.132, 1.712, 1.753, 1.092]","[2.902, 3.381, 3.536, 2.992, 3.631, 3.495]","[0.282, -1.257, -2.752, 0.049, -0.938, -2.415]"
435,1,-1.6899,-3.8468,0.389,276,695,19,21,0.419,55,0.23,10218,1061.52,0,0,27.000(33.750%)(0.750m),53.000(46.765%)(3.536m),59.000(52.059%)(4.179m),22.377(19.744%)(0.255m),11.765(14.707%)(0.000m),24.000(60.000%)(1.500m),9.902(24.756%)(0.000m),1259.302,4519.845,58.3,1.2115,"[1.967, 2.220, 2.217, 1.753, 2.430, 2.153]","[3.577, 3.617, 3.383, 3.556, 3.981, 3.288]","[-4.840, -5.436, -4.965, -5.244, -4.826, -4.863]"
436,1,-2.9195,-3.7901,0.502,545,1408,88,74,0.419,75,0.23,10273,1949.08,0,0,33.000(41.250%)(1.393m),53.000(46.765%)(3.536m),54.000(47.647%)(3.643m),36.253(31.988%)(1.741m),12.000(15.000%)(0.000m),24.000(60.000%)(1.500m),11.000(27.500%)(0.107m),804.237,4639.010,59.8,0.9980,"[1.516, 1.985, 1.976, 1.457, 2.109, 1.854]","[3.538, 3.439, 3.211, 3.605, 3.712, 3.329]","[-4.048, -1.382, 0.614, -4.550, -1.276, 0.576]"
437,1,-0.8023,-3.7422,0.528,271,740,73,20,0.418,55,0.23,10301,1035.01,0,0,28.000(35.000%)(0.857m),47.000(41.471%)(2.893m),48.189(42.519%)(3.020m),20.398(17.999%)(0.043m),11.381(14.226%)(0.000m),26.000(65.000%)(1.714m),10.192(25.480%)(0.021m),597.223,3773.809,63.2,1.0201,"[1.053, 1.761, 1.551, 0.991, 1.759, 1.531]","[2.423, 3.173, 3.019, 2.721, 3.410, 3.039]","[-5.178, -5.322, -5.204, -5.918, -5.538, -5.204]"
438,1,-3.1734,-3.7255,0.470,416,1112,104,46,0.417,70,0.23,10343,1546.77,0,0,24.000(30.000%)(0.429m),20.000(17.647%)(0.000m),20.000(17.647%)(0.000m),32.000(28.235%)(1.286m),18.958(23.697%)(0.000m),25.000(62.500%)(1.607m),13.362(33.404%)(0.360m),0.000,2910.390,61.8,0.9834,"[0.995, 1.372, 1.147, 0.877, 1.522, 1.179]","[2.767, 3.182, 2.704, 2.667, 3.328, 2.876]","[-4.665, -4.405, -4.754, -4.833, -4.717, -4.826]"
439,1,-3.2955,-3.7096,0.297,450,1230,62,66,0.416,75,0.23,10388,1648.75,0,0,36.000(45.000%)(1.714m),71.000(62.647%)(5.464m),65.000(57.353%)(4.821m),31.430(27.733%)(1.225m),11.000(13.750%)(0.000m),23.000(57.500%)(1.393m),10.249(25.622%)(0.027m),257.303,3971.572,63.3,1.0473,"[0.611, 1.124, 1.175, 0.566, 1.239, 1.142]","[2.714, 2.781, 2.782, 2.661, 3.173, 2.850]","[-5.309, -4.147, -0.006, -5.994, -4.096, -0.327]"
440,1,-5.7337,-3.7874,0.433,704,1863,174,104,0.415,85,0.23,10459,2566.67,0,0,14.788(18.484%)(0.000m),24.018(21.192%)(0.431m),14.322(12.637%)(0.000m),10.723(9.462%)(0.000m),8.504(10.631%)(0.000m),10.359(25.897%)(0.038m),14.322(35.805%)(0.463m),782.499,3800.499,61.2,1.0587,"[0.501, 0.428, -0.031, 0.403, 0.537, -0.084]","[2.437, 2.507, 2.308, 2.115, 2.747, 2.394]","[-6.205, -4.719, -5.249, -5.733, -5.821, -5.347]"
441,1,-2.4727,-3.7792,0.264,157,435,17,0,0.414,40,0.23,10475,588.63,0,0,40.000(50.000%)(2.143m),76.000(67.059%)(6.000m),84.463(74.527%)(6.907m),26.164(23.086%)(0.660m),12.655(15.819%)(0.000m),40.000(100.000%)(3.214m),9.874(24.684%)(0.000m),1658.906,4026.352,64.2,1.0480,"[0.165, 0.910, 1.381, 0.169, 1.059, 1.360]","[1.915, 2.368, 2.242, 2.042, 2.816, 2.507]","[-5.509, -5.539, -4.288, -6.184, -5.680, -4.696]"
442,1,-1.7888,-3.7645,0.295,250,668,22,2,0.414,55,0.23,10500,921.37,0,0,33.000(41.250%)(1.393m),41.000(36.177%)(2.250m),51.490(45.433%)(3.374m),21.157(18.668%)(0.124m),11.672(14.590%)(0.000m),23.000(57.500%)(1.393m),10.324(25.811%)(0.035m),568.868,3683.911,61.9,1.0185,"[0.527, 1.384, 1.149, 0.561, 1.519, 1.182]","[2.220, 2.535, 2.421, 2.440, 2.879, 2.507]","[-6.035, -5.206, -5.379, -5.744, -5.730, -5.328]"
443,1,-4.7818,-3.7809,0.378,154,403,17,0,0.413,40,0.23,10516,594.85,0,0,53.000(66.250%)(3.536m),70.000(61.765%)(5.357m),71.397(62.998%)(5.507m),27.909(24.626%)(0.847m),13.016(16.270%)(0.000m),40.000(100.000%)(3.214m),9.644(24.109%)(0.000m),1464.721,4421.879,60.5,1.0011,"[-0.770, -0.263, 0.697, -0.850, -0.174, 0.586]","[1.817, 2.382, 2.092, 2.048, 2.784, 2.372]","[-5.566, -4.394, -1.064, -5.759, -4.528, -1.402]"
444,1,-3.6974,-3.8117,0.351,172,446,21,0,0.412,40,0.23,10534,648.46,0,0,46.000(57.500%)(2.786m),58.000(51.177%)(4.071m),45.602(40.237%)(2.743m),19.849(17.514%)(0.000m),11.196(13.996%)(0.000m),40.000(100.000%)(3.214m),10.151(25.378%)(0.016m),1300.442,4417.641,60.0,1.0764,"[0.000, 0.673, 1.279, -0.142, 0.896, 1.146]","[2.397, 2.562, 2.243, 2.396, 2.876, 2.277]","[-5.497, -5.672, -5.931, -5.791, -5.676, -5.521]"
445,1,-3.9187,-3.8464,0.408,135,374,21,0,0.411,40,0.22,10548,544.07,0,0,45.000(56.250%)(2.679m),56.000(49.412%)(3.857m),40.508(35.742%)(2.197m),18.988(16.754%)(0.000m),11.051(13.814%)(0.000m),40.000(100.000%)(3.214m),10.396(25.989%)(0.042m),850.566,3153.673,64.2,1.0983,"[0.047, 0.165, 0.293, -0.023, 0.244, 0.389]","[1.730, 1.975, 1.689, 1.838, 2.290, 1.827]","[-5.748, -5.556, -6.004, -5.571, -6.016, -5.378]"
446,1,-9.8297,-3.9122,0.438,585,1481,143,54,0.410,75,0.22,10607,2267.91,0,0,24.000(30.000%)(0.429m),34.000(30.000%)(1.500m),42.000(37.059%)(2.357m),20.000(17.647%)(0.000m),12.000(15.000%)(0.000m),20.224(50.561%)(1.095m),11.000(27.500%)(0.107m),328.652,6203.515,58.6,1.0981,"[0.190, 0.476, 0.328, 0.082, 0.654, 0.438]","[2.334, 2.632, 2.292, 2.150, 2.914, 2.517]","[-7.059, -6.634, -5.537, -6.568, -6.766, -4.890]"
447,1,-4.1530,-3.9407,0.437,148,370,15,0,0.409,35,0.22,10622,563.54,0,0,64.000(80.000%)(4.714m),82.000(72.353%)(6.643m),25.921(22.872%)(0.634m),15.091(13.316%)(0.000m),9.845(12.307%)(0.000m),40.000(100.000%)(3.214m),10.859(27.148%)(0.092m),3157.068,6302.292,57.8,1.2022,"[0.946, 1.193, 1.153, 0.915, 1.389, 1.186]","[2.481, 2.900, 2.410, 2.518, 3.135, 2.473]","[-6.287, -5.816, -5.953, -6.177, -5.625, -5.516]"
448,1,-3.6821,-3.9400,0.316,282,759,88,0,0.409,55,0.22,10651,1060.84,0,0,34.000(42.500%)(1.500m),50.000(44.118%)(3.214m),49.071(43.298%)(3.115m),20.163(17.791%)(0.017m),11.123(13.904%)(0.000m),27.000(67.500%)(1.821m),9.839(24.598%)(0.000m),704.826,3581.167,62.3,1.2432,"[0.180, 1.056, 1.093, 0.070, 1.204, 1.118]","[2.091, 2.544, 2.645, 2.157, 2.782, 2.554]","[-5.691, -5.362, -6.452, -5.886, -5.236, -6.218]"
449,1,-3.3753,-3.9396,0.347,273,726,51,13,0.408,55,0.22,10679,1098.18,0,0,13.814(17.268%)(0.000m),29.955(26.431%)(1.067m),81.160(71.612%)(6.553m),54.000(47.647%)(3.643m),31.000(38.750%)(1.179m),9.672(24.180%)(0.000m),23.000(57.500%)(1.393m),952.351,4009.694,61.6,1.1530,"[1.098, 0.786, 0.310, 0.986, 0.999, 0.391]","[2.532, 2.811, 2.540, 2.526, 3.161, 2.726]","[-1.398, -3.971, -5.194, -2.264, -3.855, -5.427]"
450,1,-3.5583,-3.9728,0.455,132,367,15,0,0.407,35,0.22,10693,508.64,0,0,45.000(56.250%)(2.679m),81.000(71.471%)(6.536m),32.051(28.280%)(1.291m),16.591(14.639%)(0.000m),10.127(12.659%)(0.000m),40.000(100.000%)(3.214m),10.127(25.317%)(0.014m),1682.449,4141.952,64.4,1.3089,"[0.530, 0.925, 0.972, 0.438, 1.075, 1.081]","[2.333, 2.735, 2.450, 2.428, 2.986, 2.740]","[-5.947, -6.004, -6.454, -5.817, -5.811, -6.012]"
451,1,-5.1671,-3.9673,0.352,498,1301,99,50,0.406,75,0.22,10743,1929.37,0,0,10.000(12.500%)(0.000m),16.000(14.118%)(0.000m),26.000(22.941%)(0.643m),32.000(28.235%)(1.286m),22.100(27.625%)(0.225m),23.000(57.500%)(1.393m),15.651(39.128%)(0.605m),453.491,4237.932,60.5,1.1676,"[0.452, 1.016, 0.975, 0.409, 1.204, 0.990]","[2.506, 3.093, 2.805, 2.648, 3.425, 2.859]","[-7.158, -6.390, -6.577, -7.776, -6.649, -6.613]"
452,1,-2.3550,-3.9627,0.304,304,875,62,0,0.405,65,0.22,10774,1066.06,0,0,8.376(10.470%)(0.000m),10.892(9.611%)(0.000m),15.032(13.264%)(0.000m),27.246(24.040%)(0.776m),19.821(24.776%)(0.000m),12.939(32.347%)(0.315m),13.953(34.883%)(0.424m),835.832,3420.358,66.6,0.9295,"[-0.004, 0.503, 0.503, -0.139, 0.594, 0.469]","[2.007, 2.602, 2.499, 2.130, 2.994, 2.571]","[-7.244, -6.362, -5.854, -7.437, -6.920, -5.786]"
453,1,0.0913,-3.8358,0.337,863,2363,218,146,0.405,95,0.22,10861,3433.13,0,0,20.000(25.000%)(0.000m),40.000(35.294%)(2.143m),53.000(46.765%)(3.536m),29.000(25.588%)(0.964m),17.337(21.671%)(0.000m),14.000(35.000%)(0.429m),12.195(30.487%)(0.235m),0.000,3776.679,63.4,1.1324,"[0.371, 0.955, 0.881, 0.254, 1.034, 0.936]","[2.177, 2.812, 2.435, 2.295, 3.010, 2.395]","[-5.395, -5.390, -5.235, -5.815, -5.439, -5.073]"
454,1,-2.7736,-3.7592,0.387,516,1350,156,65,0.404,75,0.22,10913,2104.88,0,0,19.025(23.781%)(0.000m),40.250(35.514%)(2.170m),54.000(47.647%)(3.643m),36.000(31.765%)(1.714m),14.000(17.500%)(0.000m),13.390(33.474%)(0.363m),10.000(25.000%)(0.000m),877.696,4705.142,60.6,1.0769,"[0.665, 0.625, 0.508, 0.583, 0.901, 0.456]","[2.442, 2.794, 2.508, 2.545, 3.163, 2.675]","[-6.124, -5.867, -3.302, -5.961, -5.299, -3.700]"
455,1,-4.5339,-3.7902,0.321,433,1153,109,49,0.403,70,0.22,10957,1823.80,0,0,21.058(26.322%)(0.113m),25.000(22.059%)(0.536m),15.336(13.532%)(0.000m),11.047(9.747%)(0.000m),8.450(10.562%)(0.000m),14.841(37.104%)(0.519m),12.872(32.180%)(0.308m),193.287,3315.646,61.6,1.3484,"[0.315, 0.414, 0.246, 0.248, 0.559, 0.173]","[2.560, 2.843, 2.724, 2.590, 3.171, 2.905]","[-6.502, -5.521, -5.635, -5.261, -5.873, -5.133]"
456,1,-6.1057,-3.8321,0.332,458,1196,119,84,0.402,70,0.22,11003,1681.93,0,0,30.000(37.500%)(1.071m),60.000(52.941%)(4.286m),20.000(17.647%)(0.000m),20.000(17.647%)(0.000m),15.558(19.448%)(0.000m),12.000(30.000%)(0.214m),10.933(27.333%)(0.100m),0.000,4249.478,60.4,1.1147,"[0.170, 0.598, 0.609, 0.129, 0.752, 0.681]","[2.064, 2.618, 2.370, 2.097, 2.875, 2.445]","[-5.327, -5.040, -5.623, -5.660, -5.040, -5.177]"
457,1,0.3338,-3.7864,0.354,365,993,163,0,0.401,65,0.22,11040,1302.53,0,0,35.000(43.750%)(1.607m),39.000(34.412%)(2.036m),49.000(43.235%)(3.107m),21.068(18.589%)(0.114m),11.623(14.529%)(0.000m),28.000(70.000%)(1.929m),10.281(25.703%)(0.030m),474.738,3692.711,62.9,1.1233,"[0.284, 0.895, 0.839, 0.263, 1.080, 0.795]","[1.865, 2.376, 2.289, 2.003, 2.692, 2.526]","[-5.032, -4.344, -4.075, -5.644, -4.750, -4.126]"
458,1,-1.2714,-3.6457,0.313,146,397,34,21,0.401,40,0.22,11055,556.23,0,0,22.000(27.500%)(0.214m),24.000(21.177%)(0.429m),31.000(27.353%)(1.179m),76.557(67.550%)(6.060m),44.255(55.319%)(2.599m),40.000(100.000%)(3.214m),40.000(100.000%)(3.214m),0.000,2011.991,63.0,0.9333,"[0.262, 0.189, -0.052, 0.227, 0.218, -0.144]","[1.819, 2.293, 1.968, 2.298, 2.573, 2.082]","[-2.583, -4.070, -4.975, -3.478, -4.568, -4.733]"
459,1,-4.6367,-3.7150,0.378,621,1633,222,99,0.400,80,0.22,11118,2135.34,0,0,24.000(30.000%)(0.429m),47.000(41.471%)(2.893m),32.446(28.629%)(1.334m),17.084(15.074%)(0.000m),10.521(13.152%)(0.000m),17.000(42.500%)(0.750m),10.651(26.627%)(0.070m),446.538,4892.349,60.9,0.9676,"[-0.127, 0.559, 0.536, -0.104, 0.697, 0.624]","[2.056, 2.441, 2.412, 2.315, 2.664, 2.500]","[-5.675, -5.122, -6.647, -5.790, -5.165, -5.916]"
460,1,-5.4158,-3.6963,0.298,269,754,45,3,0.399,60,0.22,11145,884.09,0,0,36.000(45.000%)(1.714m),70.000(61.765%)(5.357m),88.878(78.422%)(7.380m),29.118(25.693%)(0.977m),13.624(17.030%)(0.000m),22.000(55.000%)(1.286m),9.602(24.004%)(0.000m),2718.979,4775.520,64.9,1.0764,"[-0.311, 0.568, 0.810, -0.487, 0.720, 0.833]","[2.163, 2.799, 2.533, 2.394, 3.108, 2.627]","[-5.270, -4.727, -1.352, -5.764, -4.346, -1.611]"
461,1,-1.4949,-3.6735,0.478,403,1120,46,61,0.398,70,0.22,11186,1634.06,0,0,10.000(12.500%)(0.000m),16.000(14.118%)(0.000m),73.000(64.412%)(5.679m),43.569(38.443%)(2.525m),20.683(25.854%)(0.073m),11.000(27.500%)(0.107m),14.578(36.446%)(0.491m),505.193,3487.841,64.3,1.2628,"[0.193, 0.561, 0.310, 0.213, 0.733, 0.304]","[2.225, 2.456, 2.150, 2.170, 2.683, 2.238]","[-5.504, -5.749, -6.000, -4.881, -6.917, -6.011]"
462,1,-3.7364,-3.6746,0.306,237,583,45,0,0.397,50,0.22,11210,935.98,0,0,12.124(15.154%)(0.000m),23.995(21.172%)(0.428m),46.000(40.588%)(2.786m),40.000(35.294%)(2.143m),34.000(42.500%)(1.500m),9.827(24.566%)(0.000m),40.000(100.000%)(3.214m),650.975,4403.245,57.0,1.3273,"[0.669, 0.507, 0.172, 0.670, 0.558, 0.097]","[2.315, 2.808, 2.511, 2.479, 3.080, 2.458]","[-4.365, -5.550, -5.875, -4.237, -5.851, -5.856]"
463,1,-5.0134,-3.7044,0.293,232,570,19,0,0.397,45,0.22,11234,893.48,0,0,40.000(50.000%)(2.143m),52.000(45.882%)(3.429m),54.901(48.443%)(3.739m),21.501(18.972%)(0.161m),11.588(14.485%)(0.000m),40.000(100.000%)(3.214m),9.999(24.998%)(0.000m),1057.439,4862.367,56.8,1.1045,"[0.318, 1.027, 1.172, 0.251, 1.146, 1.082]","[2.201, 2.750, 2.397, 2.193, 2.768, 2.461]","[-5.628, -5.307, -4.770, -5.763, -4.915, -4.853]"
464,1,-3.8083,-3.6606,0.388,195,520,13,10,0.396,45,0.22,11254,720.93,0,0,30.000(37.500%)(1.071m),38.000(33.530%)(1.929m),62.542(55.184%)(4.558m),23.191(20.462%)(0.342m),12.037(15.046%)(0.000m),40.000(100.000%)(3.214m),10.005(25.013%)(0.001m),399.657,3470.377,61.7,1.1855,"[0.110, 0.662, 0.618, -0.049, 0.829, 0.551]","[1.837, 2.481, 2.247, 1.895, 2.694, 2.311]","[-5.268, -5.240, -4.924, -5.576, -4.795, -4.842]"
465,1,-3.2168,-3.5907,0.387,393,1085,34,36,0.395,70,0.22,11294,1376.88,0,0,11.000(13.750%)(0.000m),15.000(13.235%)(0.000m),24.000(21.177%)(0.429m),31.000(27.353%)(1.179m),20.549(25.686%)(0.059m),26.000(65.000%)(1.714m),14.464(36.161%)(0.478m),166.173,3345.494,63.9,0.9771,"[0.481, 0.851, 0.742, 0.483, 1.024, 0.789]","[2.098, 2.517, 2.541, 2.160, 2.921, 2.686]","[-8.366, -5.975, -6.691, -7.625, -7.070, -5.890]"
466,1,-3.4534,-3.6134,0.569,188,479,11,21,0.394,45,0.21,11313,668.11,0,0,23.000(28.750%)(0.321m),25.000(22.059%)(0.536m),48.000(42.353%)(3.000m),83.046(73.276%)(6.755m),44.756(55.945%)(2.652m),40.000(100.000%)(3.214m),38.620(96.550%)(3.066m),0.000,2297.355,59.0,1.1615,"[1.036, 0.835, 0.502, 1.070, 0.931, 0.506]","[2.340, 2.736, 2.421, 2.470, 3.014, 2.435]","[-1.651, -3.008, -4.264, -0.547, -4.274, -3.988]"
467,1,-4.3841,-3.7245,0.329,151,397,16,0,0.393,40,0.21,11329,521.19,0,0,48.000(60.000%)(3.000m),61.000(53.824%)(4.393m),24.215(21.366%)(0.452m),14.271(12.592%)(0.000m),9.381(11.727%)(0.000m),40.000(100.000%)(3.214m),10.476(26.189%)(0.051m),1675.269,4371.174,60.8,1.0322,"[0.739, 1.133, 1.180, 0.643, 1.250, 1.263]","[2.469, 2.983, 2.777, 2.490, 3.271, 2.855]","[-5.755, -5.578, -6.330, -5.421, -5.693, -4.995]"
468,1,-3.1523,-3.7277,0.311,145,369,26,0,0.393,35,0.21,11344,547.15,0,0,59.000(73.750%)(4.179m),91.000(80.294%)(7.607m),103.166(91.029%)(8.911m),26.289(23.197%)(0.674m),12.716(15.895%)(0.000m),40.000(100.000%)(3.214m),9.921(24.803%)(0.000m),3060.221,6677.567,58.8,1.0949,"[0.034, 1.379, 1.786, 0.018, 1.418, 1.636]","[2.444, 2.964, 2.748, 2.565, 3.045, 2.574]","[-4.950, -5.221, -2.891, -5.235, -4.984, -3.053]"
469,1,-5.8523,-3.7270,0.375,181,466,21,0,0.392,40,0.21,11363,650.72,0,0,43.000(53.750%)(2.464m),59.000(52.059%)(4.179m),50.114(44.219%)(3.227m),20.591(18.169%)(0.063m),11.360(14.200%)(0.000m),40.000(100.000%)(3.214m),10.049(25.121%)(0.005m),1459.742,4891.403,59.6,0.9587,"[-0.012, 0.793, 1.412, -0.103, 1.033, 1.414]","[2.592, 3.407, 2.999, 2.752, 3.601, 2.992]","[-5.366, -5.859, -5.958, -5.750, -5.513, -5.555]"
470,1,-3.5586,-3.7337,0.284,149,395,18,0,0.391,40,0.21,11378,533.19,0,0,48.000(60.000%)(3.000m),68.000(60.000%)(5.143m),48.691(42.963%)(3.074m),20.611(18.186%)(0.065m),11.499(14.374%)(0.000m),40.000(100.000%)(3.214m),10.298(25.745%)(0.032m),1687.529,4184.766,61.4,1.0479,"[0.469, 0.936, 1.149, 0.366, 1.210, 1.163]","[2.660, 2.945, 3.009, 2.754, 3.397, 3.088]","[-5.303, -5.604, -6.125, -5.756, -5.528, -5.876]"
471,1,-4.7333,-3.7325,0.437,128,317,16,0,0.390,35,0.21,11391,495.35,0,0,12.311(15.389%)(0.000m),24.712(21.805%)(0.505m),67.587(59.636%)(5.099m),103.000(90.883%)(8.893m),67.684(84.605%)(5.109m),9.853(24.633%)(0.000m),40.000(100.000%)(3.214m),4009.557,7665.624,57.3,1.2357,"[1.224, 1.067, 0.526, 1.305, 1.265, 0.514]","[2.330, 2.815, 2.796, 2.379, 3.135, 2.914]","[-3.756, -4.672, -4.556, -4.009, -4.918, -4.913]"
472,1,-2.5968,-3.7111,0.432,133,377,14,0,0.389,40,0.21,11405,471.78,0,0,45.000(56.250%)(2.679m),61.000(53.824%)(4.393m),59.568(52.560%)(4.239m),22.357(19.726%)(0.252m),11.903(14.878%)(0.000m),40.000(100.000%)(3.214m),10.144(25.360%)(0.015m),950.465,3477.745,65.5,0.9247,"[-0.190, 0.323, 0.881, -0.269, 0.464, 0.659]","[2.175, 2.572, 2.381, 2.351, 2.880, 2.394]","[-5.315, -5.453, -4.957, -5.617, -5.373, -5.131]"
473,1,-2.2259,-3.6786,0.211,178,459,0,17,0.389,40,0.21,11423,656.79,0,0,24.000(30.000%)(0.429m),27.000(23.824%)(0.750m),80.000(70.588%)(6.429m),84.049(74.161%)(6.862m),45.434(56.792%)(2.725m),40.000(100.000%)(3.214m),33.053(82.631%)(2.470m),44.657,3450.864,59.7,1.0313,"[1.083, 0.853, 0.530, 1.109, 0.958, 0.458]","[1.839, 2.277, 2.433, 1.847, 2.658, 2.340]","[-1.559, -2.941, -3.659, -0.624, -4.101, -3.731]"
474,1,-1.7897,-3.6035,0.382,278,720,58,56,0.388,55,0.21,11451,992.95,0,0,27.000(33.750%)(0.750m),32.000(28.235%)(1.286m),37.000(32.647%)(1.821m),47.680(42.071%)(2.966m),23.560(29.450%)(0.381m),11.000(27.500%)(0.107m),16.675(41.688%)(0.715m),314.758,3331.573,59.9,0.9966,"[0.345, 0.706, 0.476, 0.327, 0.887, 0.560]","[2.038, 2.518, 2.279, 2.153, 2.700, 2.456]","[-3.306, -2.624, -3.079, -3.723, -2.309, -3.555]"
475,1,-5.2436,-3.6788,0.358,486,1329,92,68,0.387,75,0.21,11500,1781.31,0,0,24.000(30.000%)(0.429m),46.000(40.588%)(2.786m),65.000(57.353%)(4.821m),31.816(28.073%)(1.266m),14.820(18.525%)(0.000m),17.000(42.500%)(0.750m),10.387(25.967%)(0.041m),429.571,3860.224,63.3,1.0282,"[0.053, 0.500, 0.538, -0.008, 0.737, 0.557]","[1.954, 2.484, 2.210, 2.247, 2.783, 2.315]","[-4.766, -4.271, -2.502, -5.190, -3.780, -2.733]"
476,1,-2.9912,-3.6290,0.348,213,585,16,35,0.386,50,0.21,11522,787.28,0,0,27.769(34.711%)(0.832m),55.095(48.613%)(3.760m),53.000(46.765%)(3.536m),43.000(37.941%)(2.464m),25.000(31.250%)(0.536m),19.749(49.373%)(1.045m),11.000(27.500%)(0.107m),413.712,3307.759,63.5,1.0170,"[0.707, 0.635, 0.395, 0.532, 0.767, 0.406]","[2.156, 2.491, 2.156, 2.281, 2.834, 2.324]","[-0.774, -1.422, -1.658, -1.249, -1.146, -1.664]"
477,1,-5.7181,-3.6817,0.390,450,1178,225,21,0.386,70,0.21,11567,1480.60,0,0,38.000(47.500%)(1.929m),65.000(57.353%)(4.821m),31.000(27.353%)(1.179m),22.000(19.412%)(0.214m),14.592(18.240%)(0.000m),28.000(70.000%)(1.929m),10.220(25.551%)(0.024m),0.000,4057.283,60.6,1.0421,"[-0.693, 0.475, 1.223, -0.793, 0.649, 1.133]","[2.227, 2.695, 2.603, 2.355, 2.966, 2.768]","[-5.668, -5.079, -4.484, -5.806, -4.747, -4.163]"
478,1,-2.9023,-3.6985,0.293,453,1225,26,82,0.385,75,0.21,11613,1738.40,0,0,36.000(45.000%)(1.714m),65.000(57.353%)(4.821m),86.000(75.883%)(7.071m),39.000(34.412%)(2.036m),12.000(15.000%)(0.000m),27.000(67.500%)(1.821m),11.000(27.500%)(0.107m),1493.350,4838.991,62.6,1.0801,"[0.608, 0.858, 1.034, 0.518, 1.080, 1.060]","[2.199, 2.916, 2.560, 2.442, 3.165, 2.723]","[-5.354, -4.849, -0.960, -5.543, -4.458, -1.276]"
479,1,-4.1234,-3.7105,0.419,538,1417,133,80,0.384,75,0.21,11667,2033.23,0,0,41.000(51.250%)(2.250m),58.000(51.177%)(4.071m),39.000(34.412%)(2.036m),33.000(29.118%)(1.393m),15.967(19.958%)(0.000m),25.000(62.500%)(1.607m),11.000(27.500%)(0.107m),231.039,4398.495,60.9,1.0562,"[0.312, 0.935, 1.165, 0.240, 1.141, 1.134]","[2.411, 2.905, 2.608, 2.501, 3.291, 2.710]","[-5.341, -3.540, -0.340, -5.607, -3.129, -0.483]"
480,1,-6.2193,-3.6952,0.297,684,1835,99,129,0.383,85,0.21,11736,2515.58,0,0,26.000(32.500%)(0.643m),46.000(40.588%)(2.786m),30.742(27.125%)(1.151m),16.961(14.966%)(0.000m),10.717(13.396%)(0.000m),19.000(47.500%)(0.964m),11.254(28.136%)(0.134m),231.859,5260.586,62.1,1.0201,"[0.762, 0.970, 0.959, 0.728, 1.244, 0.979]","[2.341, 2.805, 2.462, 2.392, 2.776, 2.365]","[-5.497, -5.672, -6.485, -5.235, -5.465, -5.309]"
481,1,-5.5688,-3.7660,0.449,526,1381,219,94,0.383,75,0.21,11789,2000.56,0,0,14.000(17.500%)(0.000m),30.000(26.471%)(1.071m),43.000(37.941%)(2.464m),35.000(30.882%)(1.607m),10.000(12.500%)(0.000m),10.000(25.000%)(0.000m),11.000(27.500%)(0.107m),392.235,4561.517,60.8,1.1104,"[0.582, 1.147, 0.864, 0.557, 1.218, 0.943]","[2.663, 3.121, 2.736, 3.029, 3.379, 2.829]","[-4.520, -4.487, -4.863, -4.920, -5.577, -4.666]"
482,1,0.6813,-3.5961,0.290,241,699,47,0,0.382,55,0.21,11814,905.32,0,0,37.000(46.250%)(1.821m),73.000(64.412%)(5.679m),91.000(80.294%)(7.607m),25.369(22.384%)(0.575m),12.456(15.570%)(0.000m),26.000(65.000%)(1.714m),9.843(24.608%)(0.000m),1062.468,3656.237,67.1,1.0193,"[0.824, 1.675, 1.787, 0.809, 1.940, 1.758]","[2.737, 3.198, 2.858, 2.980, 3.417, 2.902]","[-5.072, -5.828, -5.138, -5.418, -5.564, -5.040]"
483,1,-1.6428,-3.5456,0.340,224,550,67,22,0.381,45,0.21,11837,830.70,0,0,22.000(27.500%)(0.214m),22.000(19.412%)(0.214m),27.000(23.824%)(0.750m),73.132(64.528%)(5.693m),44.639(55.798%)(2.640m),40.000(100.000%)(3.214m),40.000(100.000%)(3.214m),0.000,2646.311,56.8,0.9703,"[1.050, 0.774, 0.443, 0.981, 0.876, 0.539]","[2.478, 2.812, 2.372, 2.674, 3.106, 2.627]","[-3.422, -4.140, -4.126, -2.591, -5.880, -4.371]"
484,1,-6.0316,-3.5897,0.352,333,818,67,46,0.380,55,0.21,11871,1284.07,0,0,15.864(19.830%)(0.000m),33.479(29.540%)(1.444m),50.000(44.118%)(3.214m),36.000(31.765%)(1.714m),17.000(21.250%)(0.000m),11.167(27.917%)(0.125m),11.000(27.500%)(0.107m),584.592,5054.229,56.8,1.1092,"[1.094, 0.814, 0.317, 1.106, 1.028, 0.394]","[2.659, 3.131, 2.497, 2.821, 3.331, 2.653]","[-3.301, -2.310, -5.101, -3.599, -1.790, -5.011]"
485,1,-3.7655,-3.6312,0.657,184,505,33,34,0.379,45,0.21,11890,681.67,0,0,10.945(13.682%)(0.000m),18.998(16.763%)(0.000m),41.484(36.604%)(2.302m),33.000(29.118%)(1.393m),22.000(27.500%)(0.214m),10.170(25.426%)(0.018m),28.000(70.000%)(1.929m),133.725,2965.490,63.5,0.9583,"[0.174, 0.005, -0.215, -0.123, -0.019, -0.155]","[2.449, 3.074, 2.685, 2.459, 3.339, 2.930]","[-5.020, -5.444, -6.039, -5.900, -5.765, -5.915]"
486,1,-3.6641,-3.6461,0.401,604,1544,26,148,0.379,80,0.21,11951,2169.64,0,0,24.542(30.678%)(0.487m),48.674(42.948%)(3.072m),57.000(50.294%)(3.964m),46.000(40.588%)(2.786m),29.000(36.250%)(0.964m),17.439(43.598%)(0.797m),11.000(27.500%)(0.107m),840.441,6029.731,59.2,1.0351,"[0.780, 0.652, 0.605, 0.733, 0.815, 0.587]","[2.306, 2.717, 2.254, 2.554, 2.886, 2.568]","[-2.367, -2.263, -2.704, -2.854, -1.950, -2.567]"
487,1,-1.1799,-3.6536,0.258,194,544,14,31,0.378,50,0.21,11971,743.92,0,0,25.000(31.250%)(0.536m),42.000(37.059%)(2.357m),42.417(37.427%)(2.402m),19.425(17.140%)(0.000m),11.191(13.989%)(0.000m),21.000(52.500%)(1.179m),10.399(25.998%)(0.043m),395.903,3187.860,64.9,0.9223,"[0.569, 0.805, 0.641, 0.496, 0.827, 0.653]","[2.347, 2.617, 2.335, 2.405, 2.818, 2.357]","[-5.373, -5.391, -6.553, -5.658, -5.712, -6.033]"
488,1,0.6882,-3.5764,0.354,531,1389,56,98,0.377,75,0.20,12025,2063.46,0,0,27.000(33.750%)(0.750m),34.000(30.000%)(1.500m),39.000(34.412%)(2.036m),49.821(43.960%)(3.195m),13.000(16.250%)(0.000m),26.000(65.000%)(1.714m),11.000(27.500%)(0.107m),378.801,4862.125,60.5,1.1429,"[1.020, 1.243, 1.115, 0.958, 1.410, 1.210]","[2.324, 2.833, 2.517, 2.404, 3.309, 2.819]","[-3.488, -1.614, -2.108, -4.122, -1.368, -2.251]"
489,1,-0.7667,-3.5258,0.462,339,960,48,12,0.376,65,0.20,12059,1252.03,0,0,35.000(43.750%)(1.607m),68.000(60.000%)(5.143m),20.000(17.647%)(0.000m),20.000(17.647%)(0.000m),22.000(27.500%)(0.214m),24.000(60.000%)(1.500m),16.843(42.107%)(0.733m),0.000,2971.916,65.6,1.0129,"[0.571, 0.799, 0.639, 0.483, 0.962, 0.664]","[2.050, 2.840, 2.588, 2.179, 3.055, 2.589]","[-5.470, -5.561, -6.616, -5.539, -5.624, -6.233]"
490,1,-6.6139,-3.5434,0.447,492,1267,200,28,0.376,70,0.20,12109,1861.81,0,0,15.523(19.404%)(0.000m),20.000(17.647%)(0.000m),20.000(17.647%)(0.000m),29.227(25.788%)(0.989m),13.862(17.327%)(0.000m),10.919(27.297%)(0.098m),10.540(26.351%)(0.058m),0.000,4021.366,59.6,1.1493,"[0.065, 0.089, -0.134, 0.107, 0.160, -0.118]","[1.643, 2.242, 1.857, 1.963, 2.535, 2.072]","[-5.750, -4.159, -4.618, -5.232, -5.548, -4.422]"
491,1,-1.8264,-3.5305,0.306,246,650,34,7,0.375,50,0.20,12134,877.36,0,0,30.000(37.500%)(1.071m),49.000(43.235%)(3.107m),78.000(68.824%)(6.214m),28.599(25.235%)(0.921m),13.361(16.702%)(0.000m),23.000(57.500%)(1.393m),9.644(24.111%)(0.000m),837.117,3902.076,61.1,0.9341,"[0.368, 0.999, 0.950, 0.354, 1.236, 1.004]","[2.275, 2.567, 2.143, 2.421, 2.879, 2.264]","[-4.868, -3.415, -1.378, -4.989, -3.367, -1.406]"
492,1,-4.3024,-3.5807,0.312,141,385,21,0,0.374,40,0.20,12149,551.08,0,0,47.000(58.750%)(2.893m),68.000(60.000%)(5.143m),49.385(43.575%)(3.148m),20.291(17.904%)(0.031m),11.195(13.993%)(0.000m),40.000(100.000%)(3.214m),9.902(24.755%)(0.000m),1253.097,3673.202,63.2,1.1416,"[0.123, 0.908, 0.974, 0.028, 0.925, 1.013]","[2.126, 2.888, 2.367, 2.307, 3.069, 2.539]","[-4.949, -5.003, -5.313, -5.477, -5.403, -5.003]"
493,1,-4.5883,-3.5769,0.405,163,431,16,0,0.373,40,0.20,12166,591.42,0,0,42.000(52.500%)(2.357m),72.000(63.530%)(5.571m),37.628(33.201%)(1.889m),18.409(16.243%)(0.000m),10.927(13.659%)(0.000m),40.000(100.000%)(3.214m),10.534(26.335%)(0.057m),1452.826,4329.566,61.2,1.2412,"[0.579, 1.003, 1.089, 0.433, 1.136, 1.100]","[2.315, 2.400, 2.375, 2.387, 2.664, 2.435]","[-5.180, -5.201, -5.613, -5.330, -5.514, -5.112]"
494,1,-4.4399,-3.5917,0.463,269,656,54,19,0.373,50,0.20,12193,968.44,0,0,28.000(35.000%)(0.857m),33.000(29.118%)(1.393m),46.000(40.588%)(2.786m),21.198(18.704%)(0.128m),11.560(14.450%)(0.000m),40.000(100.000%)(3.214m),10.100(25.250%)(0.011m),439.053,3993.039,56.4,1.0108,"[0.287, 0.477, 0.852, 0.059, 0.643, 0.853]","[2.411, 2.548, 2.518, 2.381, 2.811, 2.562]","[-5.279, -4.890, -4.928, -5.657, -4.989, -4.516]"
495,1,-3.3076,-3.5795,0.458,294,752,83,32,0.372,55,0.20,12223,1077.93,0,0,13.061(16.326%)(0.000m),27.878(24.598%)(0.844m),44.000(38.824%)(2.571m),32.000(28.235%)(1.286m),24.000(30.000%)(0.429m),9.677(24.192%)(0.000m),25.000(62.500%)(1.607m),175.785,4086.797,59.2,0.9894,"[0.695, 0.722, -0.198, 0.719, 0.732, -0.119]","[2.000, 2.482, 2.014, 2.158, 2.663, 2.221]","[-4.139, -3.988, -4.672, -4.666, -3.808, -4.664]"
496,1,-3.0257,-3.4434,0.329,172,462,33,11,0.371,40,0.20,12241,620.90,0,0,29.000(36.250%)(0.964m),38.000(33.530%)(1.929m),20.624(18.198%)(0.067m),13.560(11.965%)(0.000m),9.617(12.022%)(0.000m),40.000(100.000%)(3.214m),12.327(30.816%)(0.249m),322.950,2730.399,62.2,1.0395,"[-0.249, 0.041, -0.054, -0.243, 0.044, -0.106]","[1.408, 2.059, 1.793, 1.765, 2.338, 1.926]","[-6.044, -5.115, -5.667, -5.507, -5.604, -5.378]"
497,1,-3.4840,-3.4300,0.362,158,428,15,0,0.370,40,0.20,12257,593.39,0,0,38.000(47.500%)(1.929m),59.000(52.059%)(4.179m),25.732(22.704%)(0.614m),14.981(13.219%)(0.000m),9.773(12.217%)(0.000m),40.000(100.000%)(3.214m),10.780(26.949%)(0.084m),824.975,3491.198,62.7,0.9992,"[-0.130, 0.579, 0.574, -0.152, 0.707, 0.718]","[1.561, 2.247, 2.073, 1.793, 2.472, 2.442]","[-6.177, -5.666, -6.638, -5.467, -5.649, -5.758]"
498,1,-3.9080,-3.4346,0.416,220,549,0,23,0.370,45,0.20,12279,729.15,0,0,19.000(23.750%)(0.000m),27.000(23.824%)(0.750m),60.000(52.941%)(4.286m),76.535(67.531%)(6.057m),41.216(51.520%)(2.273m),40.000(100.000%)(3.214m),29.847(74.618%)(2.127m),1202.373,4378.664,57.7,0.8367,"[1.054, 0.909, 0.485, 1.194, 1.040, 0.692]","[2.185, 2.370, 2.028, 2.200, 2.695, 2.313]","[-2.910, -3.953, -4.343, -2.380, -5.265, -3.799]"
499,1,-7.3283,-3.5136,0.333,337,827,49,107,0.369,60,0.20,12313,1185.69,0,0,12.252(15.315%)(0.000m),24.249(21.396%)(0.455m),47.000(41.471%)(2.893m),37.000(32.647%)(1.821m),18.000(22.500%)(0.000m),9.931(24.827%)(0.000m),15.000(37.500%)(0.536m),926.650,5286.654,56.8,0.9364,"[0.206, 0.321, 0.454, 0.193, 0.443, 0.516]","[2.172, 2.740, 2.206, 2.171, 2.787, 2.292]","[-4.652, -5.853, -6.052, -4.738, -6.053, -5.998]"
500,1,-4.9869,-3.5422,0.340,223,547,10,23,0.368,45,0.20,12336,842.46,0,0,25.000(31.250%)(0.536m),20.000(17.647%)(0.000m),35.000(30.882%)(1.607m),102.787(90.694%)(8.870m),49.717(62.146%)(3.184m),40.000(100.000%)(3.214m),36.204(90.509%)(2.808m),0.000,2424.302,56.8,1.1552,"[0.911, 0.585, 0.330, 0.909, 0.852, 0.356]","[2.202, 2.847, 2.433, 2.344, 3.098, 2.391]","[-4.172, -5.187, -4.988, -3.612, -6.338, -4.918]"
501,1,-4.1000,-3.5208,0.441,322,929,42,72,0.368,65,0.20,12369,1132.06,0,0,18.000(22.500%)(0.000m),39.000(34.412%)(2.036m),48.000(42.353%)(3.000m),25.000(22.059%)(0.536m),22.000(27.500%)(0.214m),13.000(32.500%)(0.321m),16.899(42.247%)(0.739m),0.000,3164.723,66.8,1.0009,"[-0.178, 0.493, 0.469, -0.329, 0.579, 0.498]","[2.258, 2.627, 2.002, 2.326, 2.944, 2.237]","[-6.117, -5.782, -4.134, -6.210, -5.897, -4.672]"
502,1,-4.2207,-3.5582,0.289,176,440,16,0,0.367,40,0.20,12387,632.70,0,0,52.000(65.000%)(3.429m),60.202(53.119%)(4.307m),21.443(18.920%)(0.155m),13.609(12.008%)(0.000m),9.403(11.754%)(0.000m),40.000(100.000%)(3.214m),11.456(28.640%)(0.156m),1500.577,4455.740,57.9,0.9741,"[0.244, 0.707, 0.819, 0.276, 0.876, 0.870]","[2.036, 2.704, 2.238, 2.323, 2.803, 2.380]","[-5.878, -5.354, -5.460, -5.313, -5.305, -5.570]"
503,1,-3.0511,-3.6210,0.399,168,436,36,0,0.366,40,0.20,12404,583.03,0,0,13.570(16.963%)(0.000m),29.026(25.611%)(0.967m),81.518(71.928%)(6.591m),73.000(64.412%)(5.679m),47.000(58.750%)(2.893m),9.608(24.020%)(0.000m),40.000(100.000%)(3.214m),2043.638,5356.888,60.0,1.0191,"[1.208, 0.532, -0.434, 1.086, 0.712, -0.309]","[2.119, 2.690, 2.374, 2.032, 2.928, 2.539]","[-0.142, -3.548, -5.353, -0.781, -3.164, -5.025]"
504,1,0.6324,-3.5529,0.438,313,909,60,63,0.365,65,0.20,12436,1103.80,0,0,22.000(27.500%)(0.214m),41.000(36.177%)(2.250m),32.000(28.235%)(1.286m),20.000(17.647%)(0.000m),20.002(25.002%)(0.000m),21.000(52.500%)(1.179m),14.083(35.207%)(0.437m),0.000,2206.688,67.2,1.1206,"[-0.152, 0.280, 0.315, -0.224, 0.397, 0.380]","[1.951, 2.586, 2.462, 2.040, 2.928, 2.672]","[-5.407, -5.697, -3.023, -5.640, -5.692, -3.430]"
505,1,-3.9331,-3.5409,0.421,946,2593,235,186,0.365,95,0.20,12531,3273.22,0,0,20.000(25.000%)(0.000m),42.000(37.059%)(2.357m),57.000(50.294%)(3.964m),31.056(27.403%)(1.185m),14.355(17.944%)(0.000m),16.000(40.000%)(0.643m),10.054(25.136%)(0.006m),230.339,4000.476,63.4,1.0134,"[0.371, 0.717, 0.589, 0.293, 0.869, 0.633]","[2.256, 2.600, 2.405, 2.286, 2.832, 2.564]","[-5.173, -3.488, -5.687, -5.149, -3.820, -5.351]"
506,1,0.6340,-3.4061,0.419,957,2602,121,167,0.364,95,0.20,12627,3404.08,0,0,31.000(38.750%)(1.179m),49.000(43.235%)(3.107m),45.000(39.706%)(2.679m),34.000(30.000%)(1.500m),15.000(18.750%)(0.000m),23.000(57.500%)(1.393m),11.000(27.500%)(0.107m),291.308,3851.764,62.9,1.0495,"[0.719, 1.068, 1.070, 0.743, 1.267, 1.159]","[2.721, 3.044, 3.015, 2.900, 3.284, 3.222]","[-4.936, -3.131, -3.175, -5.071, -2.828, -3.144]"
507,1,-1.9814,-3.4524,0.589,192,516,3,36,0.363,45,0.20,12647,666.53,0,0,12.000(15.000%)(0.000m),20.000(17.647%)(0.000m),74.000(65.294%)(5.786m),71.787(63.342%)(5.549m),37.927(47.409%)(1.921m),11.000(27.500%)(0.107m),27.302(68.254%)(1.854m),905.165,3717.229,62.2,0.9832,"[1.426, 1.316, 0.988, 1.427, 1.378, 0.695]","[2.839, 3.426, 3.002, 3.059, 3.739, 2.810]","[-3.987, -5.596, -5.752, -3.495, -6.752, -5.641]"
508,1,-3.9908,-3.5068,0.301,424,1195,66,73,0.362,75,0.20,12690,1504.17,0,0,39.000(48.750%)(2.036m),63.000(55.588%)(4.607m),58.000(51.177%)(4.071m),39.000(34.412%)(2.036m),21.859(27.324%)(0.199m),23.000(57.500%)(1.393m),12.000(30.000%)(0.214m),317.267,3455.853,65.2,1.1503,"[1.164, 1.377, 1.284, 1.085, 1.561, 1.391]","[2.941, 3.336, 2.946, 2.973, 3.494, 2.853]","[-3.047, -0.845, -0.441, -3.269, -0.414, -0.224]"
509,1,-1.1547,-3.4371,0.298,287,817,81,0,0.362,60,0.20,12719,1016.05,0,0,37.000(46.250%)(1.821m),63.000(55.588%)(4.607m),58.138(51.298%)(4.086m),21.551(19.015%)(0.166m),11.474(14.342%)(0.000m),24.000(60.000%)(1.500m),9.778(24.446%)(0.000m),823.739,4669.443,65.9,0.9513,"[0.438, 1.256, 1.566, 0.237, 1.558, 1.686]","[2.719, 2.861, 2.832, 2.502, 3.271, 2.952]","[-4.646, -4.194, -3.598, -4.902, -4.391, -3.682]"
510,1,-0.2550,-3.3339,0.300,410,1101,222,10,0.361,70,0.20,12760,1376.93,0,0,33.000(41.250%)(1.393m),20.000(17.647%)(0.000m),19.000(16.765%)(0.000m),20.000(17.647%)(0.000m),15.414(19.267%)(0.000m),28.000(70.000%)(1.929m),10.849(27.122%)(0.091m),0.000,3981.506,62.1,0.9569,"[0.470, 0.910, 0.950, 0.393, 1.093, 0.915]","[2.303, 2.878, 2.628, 2.561, 3.052, 2.554]","[-5.604, -5.400, -5.155, -5.831, -6.017, -5.210]"
511,1,-1.9113,-3.3422,0.429,221,594,23,14,0.360,50,0.20,12783,815.97,0,0,11.291(14.114%)(0.000m),20.704(18.268%)(0.075m),52.020(45.900%)(3.431m),45.000(39.706%)(2.679m),30.000(37.500%)(1.071m),9.865(24.662%)(0.000m),26.000(65.000%)(1.714m),718.922,3837.908,62.2,0.9850,"[0.810, 0.821, 0.488, 0.659, 0.948, 0.552]","[2.110, 2.591, 2.058, 2.244, 2.901, 2.288]","[-4.776, -5.482, -5.935, -5.827, -5.431, -5.982]"
512,1,-0.9385,-3.2863,0.276,390,1061,81,13,0.360,70,0.20,12822,1383.78,0,0,34.000(42.500%)(1.500m),57.000(50.294%)(3.964m),33.000(29.118%)(1.393m),23.000(20.294%)(0.321m),21.000(26.250%)(0.107m),25.000(62.500%)(1.607m),15.926(39.816%)(0.635m),0.000,3675.465,63.0,1.0457,"[0.667, 1.046, 1.065, 0.604, 1.276, 1.010]","[2.243, 2.443, 2.316, 2.426, 2.820, 2.266]","[-5.226, -5.757, -3.615, -5.720, -5.451, -3.867]"
513,1,-0.6836,-3.1997,0.335,296,775,87,0,0.359,55,0.19,12852,1059.64,0,0,40.000(50.000%)(2.143m),61.000(53.824%)(4.393m),38.387(33.871%)(1.970m),18.393(16.229%)(0.000m),10.812(13.515%)(0.000m),25.000(62.500%)(1.607m),10.296(25.741%)(0.032m),1935.835,4860.222,60.6,1.0514,"[0.684, 1.196, 0.981, 0.593, 1.398, 1.127]","[2.038, 2.070, 2.048, 2.160, 2.436, 2.192]","[-5.911, -5.569, -6.124, -5.833, -5.598, -5.979]"
514,1,-2.5263,-3.1740,0.346,173,449,18,0,0.358,40,0.19,12870,637.11,0,0,46.000(57.500%)(2.786m),67.000(59.118%)(5.036m),49.588(43.754%)(3.170m),20.375(17.978%)(0.040m),11.241(14.051%)(0.000m),40.000(100.000%)(3.214m),9.943(24.857%)(0.000m),1383.856,4208.898,60.1,1.1169,"[0.298, 0.927, 0.897, 0.370, 1.058, 0.895]","[2.198, 2.777, 2.393, 2.404, 2.954, 2.411]","[-5.734, -5.132, -5.815, -5.503, -5.039, -5.558]"
515,1,-3.4376,-3.1785,0.454,270,701,33,26,0.357,55,0.19,12897,940.12,0,0,21.767(27.209%)(0.189m),45.380(40.041%)(2.719m),82.000(72.353%)(6.643m),69.000(60.883%)(5.250m),27.000(33.750%)(0.750m),15.415(38.538%)(0.580m),11.000(27.500%)(0.107m),1726.415,5387.541,60.1,1.0135,"[0.927, 0.951, 0.259, 0.981, 1.165, 0.354]","[1.881, 2.538, 2.284, 2.129, 2.847, 2.413]","[-1.446, -2.853, -2.998, -1.629, -2.581, -2.646]"
516,1,-0.4850,-3.1191,0.486,301,797,83,0,0.357,60,0.19,12928,1026.97,0,0,36.000(45.000%)(1.714m),53.000(46.765%)(3.536m),60.000(52.941%)(4.286m),26.550(23.427%)(0.702m),12.644(15.806%)(0.000m),29.000(72.500%)(2.036m),9.740(24.349%)(0.000m),1076.726,3835.982,61.3,0.9672,"[0.221, 0.988, 1.144, 0.195, 1.248, 1.100]","[2.153, 2.665, 2.293, 2.387, 3.012, 2.411]","[-5.415, -5.385, -4.838, -5.498, -5.478, -4.873]"
517,1,-1.5282,-3.0620,0.256,405,1161,67,40,0.356,75,0.19,12969,1468.61,0,0,35.000(43.750%)(1.607m),63.000(55.588%)(4.607m),73.000(64.412%)(5.679m),35.346(31.188%)(1.644m),16.438(20.547%)(0.000m),26.000(65.000%)(1.714m),11.522(28.806%)(0.163m),293.376,3258.663,66.3,1.0515,"[0.124, 0.758, 0.779, 0.112, 0.877, 0.730]","[1.934, 2.600, 2.292, 1.966, 2.740, 2.308]","[-5.377, -3.343, -0.910, -5.522, -3.274, -1.319]"
518,1,-4.9770,-3.0985,0.321,409,1131,77,28,0.355,70,0.19,13010,1483.26,0,0,30.000(37.500%)(1.071m),52.000(45.882%)(3.429m),81.730(72.115%)(6.614m),18.000(15.882%)(0.000m),11.000(13.750%)(0.000m),23.000(57.500%)(1.393m),10.381(25.953%)(0.041m),1354.022,5806.186,64.0,1.0287,"[-0.260, 0.290, 0.443, -0.326, 0.454, 0.460]","[1.950, 2.089, 2.019, 1.866, 2.354, 1.913]","[-6.179, -5.721, -5.648, -5.649, -5.342, -5.491]"
519,1,-4.5442,-3.0723,0.251,292,738,109,0,0.355,55,0.19,13040,980.56,0,0,11.414(14.267%)(0.000m),20.689(18.255%)(0.074m),50.351(44.427%)(3.252m),45.000(39.706%)(2.679m),36.000(45.000%)(1.714m),10.096(25.240%)(0.010m),28.000(70.000%)(1.929m),724.445,4757.658,58.5,0.9459,"[0.358, 0.122, -0.532, 0.394, 0.344, -0.466]","[1.657, 2.265, 1.957, 2.045, 2.605, 2.021]","[-5.733, -5.690, -6.454, -6.440, -5.581, -5.945]"
520,1,-0.6204,-3.0135,0.280,247,630,27,0,0.354,50,0.19,13065,844.99,0,0,12.982(16.228%)(0.000m),28.163(24.850%)(0.875m),61.000(53.824%)(4.393m),47.000(41.471%)(2.893m),33.000(41.250%)(1.393m),9.744(24.361%)(0.000m),33.000(82.500%)(2.464m),1206.081,4205.587,59.0,0.9945,"[0.868, 0.755, -0.129, 0.775, 0.824, -0.054]","[2.060, 2.594, 2.024, 2.040, 2.659, 1.980]","[-1.841, -4.732, -6.113, -2.745, -4.372, -5.645]"
521,1,-4.8289,-3.0155,0.330,257,671,59,17,0.353,55,0.19,13091,918.17,0,0,18.665(23.331%)(0.000m),38.479(33.953%)(1.980m),71.000(62.647%)(5.464m),61.000(53.824%)(4.393m),19.000(23.750%)(0.000m),13.168(32.920%)(0.339m),11.000(27.500%)(0.107m),1646.523,4843.978,60.4,1.1017,"[0.812, 0.612, -0.208, 0.853, 0.803, -0.079]","[1.621, 2.199, 1.772, 1.887, 2.404, 2.025]","[-1.418, -3.146, -5.295, -1.740, -2.779, -4.584]"
522,1,-1.4818,-2.9932,0.232,169,461,12,0,0.352,45,0.19,13108,603.81,0,0,35.000(43.750%)(1.607m),54.000(47.647%)(3.643m),70.345(62.070%)(5.394m),25.344(22.362%)(0.573m),12.444(15.555%)(0.000m),40.000(100.000%)(3.214m),9.834(24.584%)(0.000m),714.418,3491.078,63.1,1.0790,"[0.227, 0.380, 0.476, 0.166, 0.522, 0.435]","[2.040, 2.376, 2.074, 2.246, 2.637, 2.107]","[-4.788, -5.219, -4.307, -5.363, -5.190, -4.386]"
523,1,-2.6185,-3.0010,0.308,571,1590,143,143,0.352,85,0.19,13166,2067.52,0,0,19.000(23.750%)(0.000m),37.000(32.647%)(1.821m),56.000(49.412%)(3.857m),25.953(22.900%)(0.638m),12.553(15.691%)(0.000m),13.000(32.500%)(0.321m),9.794(24.485%)(0.000m),143.501,3654.193,64.5,0.9863,"[0.101, 0.425, 0.454, -0.018, 0.519, 0.399]","[1.852, 2.588, 2.235, 2.023, 2.832, 2.458]","[-5.424, -4.922, -3.822, -5.630, -4.714, -3.373]"
524,1,-1.3626,-2.9925,0.517,203,508,0,14,0.351,45,0.19,13187,699.55,0,0,23.000(28.750%)(0.321m),25.000(22.059%)(0.536m),63.000(55.588%)(4.607m),91.876(81.068%)(7.701m),46.421(58.027%)(2.831m),40.000(100.000%)(3.214m),37.626(94.065%)(2.960m),0.000,2885.492,58.0,0.9423,"[0.917, 0.861, 0.579, 0.852, 0.965, 0.464]","[2.028, 2.337, 2.088, 2.042, 2.503, 1.998]","[-1.584, -4.141, -4.718, -1.089, -4.929, -4.622]"
525,1,-2.3874,-2.9353,0.324,188,475,18,0,0.350,45,0.19,13206,739.66,0,0,41.000(51.250%)(2.250m),53.000(46.765%)(3.536m),25.414(22.424%)(0.580m),14.796(13.055%)(0.000m),9.653(12.066%)(0.000m),40.000(100.000%)(3.214m),10.646(26.616%)(0.069m),1522.765,4727.096,58.4,1.0240,"[0.043, 0.536, 0.755, -0.054, 0.820, 0.728]","[1.925, 2.457, 2.139, 1.976, 2.715, 2.112]","[-5.995, -5.499, -5.468, -5.524, -5.068, -5.512]"
526,1,2.4073,-2.8274,0.365,799,2235,28,211,0.350,95,0.19,13286,2862.88,0,0,21.000(26.250%)(0.107m),37.000(32.647%)(1.821m),39.000(34.412%)(2.036m),28.000(24.706%)(0.857m),22.000(27.500%)(0.214m),17.000(42.500%)(0.750m),16.608(41.520%)(0.708m),0.000,3882.398,64.7,1.0376,"[0.334, 0.705, 0.503, 0.351, 0.918, 0.501]","[2.048, 2.448, 2.320, 2.028, 2.771, 2.235]","[-5.245, -4.581, -3.263, -5.472, -4.305, -3.333]"
527,1,-3.2654,-2.7783,0.346,188,491,21,2,0.349,45,0.19,13305,678.62,0,0,32.000(40.000%)(1.286m),44.000(38.824%)(2.571m),27.637(24.386%)(0.818m),16.090(14.198%)(0.000m),10.497(13.121%)(0.000m),40.000(100.000%)(3.214m),11.578(28.945%)(0.169m),779.442,3425.898,60.4,0.9950,"[0.200, 0.663, 0.647, 0.180, 0.835, 0.663]","[1.749, 2.365, 2.098, 1.895, 2.651, 2.119]","[-5.640, -5.445, -5.376, -5.207, -5.194, -5.125]"
528,1,-2.3083,-2.7664,0.247,192,509,15,0,0.348,45,0.19,13325,705.68,0,0,33.000(41.250%)(1.393m),49.000(43.235%)(3.107m),45.959(40.552%)(2.781m),20.004(17.651%)(0.000m),11.284(14.105%)(0.000m),40.000(100.000%)(3.214m),10.231(25.576%)(0.025m),750.924,3476.936,61.4,1.0336,"[0.276, 0.862, 0.924, 0.172, 0.989, 0.873]","[1.778, 2.479, 2.065, 1.787, 2.519, 2.074]","[-5.043, -5.418, -5.320, -5.240, -5.222, -5.308]"
529,1,-3.6077,-2.7561,0.428,441,1210,16,52,0.347,75,0.19,13370,1563.02,0,0,30.000(37.500%)(1.071m),45.000(39.706%)(2.679m),60.000(52.941%)(4.286m),47.107(41.565%)(2.904m),12.000(15.000%)(0.000m),22.000(55.000%)(1.286m),10.000(25.000%)(0.000m),547.185,4038.950,63.5,0.9702,"[0.518, 0.728, 0.790, 0.562, 1.030, 0.710]","[1.941, 2.173, 2.247, 2.073, 2.514, 2.131]","[-4.769, -2.879, -1.553, -5.014, -2.642, -1.709]"
530,1,0.0524,-2.6307,0.353,242,701,23,0,0.347,55,0.19,13395,868.82,0,0,32.000(40.000%)(1.286m),53.000(46.765%)(3.536m),66.000(58.235%)(4.929m),24.475(21.596%)(0.480m),12.193(15.242%)(0.000m),23.000(57.500%)(1.393m),9.759(24.397%)(0.000m),745.412,2990.581,67.0,0.9561,"[0.108, 0.881, 0.791, 0.129, 0.930, 0.792]","[2.169, 2.807, 2.263, 2.396, 2.918, 2.268]","[-5.334, -5.805, -4.921, -5.335, -5.655, -5.138]"
531,1,-4.5700,-2.6107,0.347,990,2658,85,257,0.346,95,0.19,13494,3569.66,0,0,22.000(27.500%)(0.214m),29.000(25.588%)(0.964m),41.000(36.177%)(2.250m),34.000(30.000%)(1.500m),12.000(15.000%)(0.000m),19.000(47.500%)(0.964m),10.000(25.000%)(0.000m),296.679,3575.304,62.1,1.0131,"[0.562, 0.642, 0.510, 0.477, 0.851, 0.522]","[2.418, 2.853, 2.402, 2.206, 2.989, 2.584]","[-4.834, -4.196, -4.007, -5.349, -3.840, -4.214]"
532,1,-3.1065,-2.6865,0.366,491,1311,63,124,0.345,75,0.19,13544,2013.79,0,0,23.000(28.750%)(0.321m),36.000(31.765%)(1.714m),72.000(63.530%)(5.571m),42.493(37.494%)(2.410m),11.000(13.750%)(0.000m),16.000(40.000%)(0.643m),11.000(27.500%)(0.107m),1146.008,4662.095,61.8,1.2493,"[1.019, 0.996, 0.690, 0.997, 1.221, 0.656]","[2.407, 2.742, 2.470, 2.504, 2.917, 2.422]","[-2.508, -1.397, -3.802, -3.012, -1.168, -3.788]"
533,1,0.6372,-2.6409,0.340,375,1030,121,51,0.345,70,0.19,13582,1504.42,0,0,27.000(33.750%)(0.750m),44.000(38.824%)(2.571m),39.000(34.412%)(2.036m),19.000(16.765%)(0.000m),22.457(28.071%)(0.263m),23.000(57.500%)(1.393m),15.886(39.714%)(0.631m),0.000,3373.428,63.6,1.1577,"[0.922, 1.404, 1.283, 0.828, 1.570, 1.317]","[2.623, 3.070, 2.602, 2.644, 3.188, 2.657]","[-5.910, -6.447, -4.189, -6.410, -6.198, -4.359]"
534,1,-2.1881,-2.5640,0.460,142,404,15,0,0.344,40,0.19,13597,543.51,0,0,39.000(48.750%)(2.036m),68.000(60.000%)(5.143m),44.829(39.555%)(2.660m),19.513(17.217%)(0.000m),11.007(13.758%)(0.000m),40.000(100.000%)(3.214m),9.979(24.948%)(0.000m),1089.552,3439.004,65.9,0.9963,"[0.401, 1.054, 1.152, 0.152, 1.148, 1.158]","[2.302, 2.815, 2.351, 2.328, 3.044, 2.459]","[-5.415, -5.945, -5.604, -5.811, -5.776, -5.354]"
535,1,-4.2644,-2.5740,0.550,161,393,17,0,0.343,40,0.19,13614,641.41,0,0,65.000(81.250%)(4.821m),81.000(71.471%)(6.536m),35.835(31.619%)(1.697m),18.221(16.077%)(0.000m),11.021(13.776%)(0.000m),40.000(100.000%)(3.214m),10.887(27.218%)(0.095m),2849.685,6507.328,56.5,0.9856,"[0.683, 1.131, 1.582, 0.617, 1.340, 1.549]","[2.740, 3.109, 2.735, 2.677, 3.230, 2.883]","[-5.460, -5.305, -5.374, -5.151, -4.814, -5.264]"
536,1,-0.6651,-2.5140,0.410,244,660,3,23,0.343,55,0.19,13639,948.83,0,0,23.822(29.778%)(0.410m),47.713(42.100%)(2.969m),67.000(59.118%)(5.036m),52.000(45.882%)(3.429m),31.000(38.750%)(1.179m),16.932(42.330%)(0.743m),16.000(40.000%)(0.643m),798.235,4310.488,62.6,1.0990,"[0.769, 1.046, 0.694, 0.749, 1.213, 0.594]","[2.566, 3.725, 3.163, 2.669, 3.937, 3.219]","[-1.276, -1.701, -2.983, -1.523, -1.182, -3.111]"
537,1,-1.1051,-2.5125,0.405,372,1026,140,13,0.342,70,0.19,13677,1461.56,0,0,31.000(38.750%)(1.179m),20.000(17.647%)(0.000m),19.000(16.765%)(0.000m),20.000(17.647%)(0.000m),19.678(24.598%)(0.000m),24.000(60.000%)(1.500m),13.879(34.698%)(0.416m),0.000,3389.708,63.8,1.1759,"[0.183, 1.055, 0.791, 0.043, 1.067, 0.842]","[2.366, 2.951, 2.634, 2.530, 3.055, 2.765]","[-6.038, -5.226, -5.462, -6.431, -5.706, -5.345]"
538,1,-1.6703,-2.5597,0.322,168,445,16,0,0.341,40,0.19,13694,639.95,0,0,37.000(46.250%)(1.821m),51.000(45.000%)(3.321m),24.963(22.027%)(0.532m),14.886(13.134%)(0.000m),9.859(12.324%)(0.000m),40.000(100.000%)(3.214m),11.146(27.864%)(0.123m),772.284,3179.092,61.3,1.0956,"[0.693, 0.928, 0.967, 0.511, 1.096, 0.942]","[2.191, 2.669, 2.451, 2.056, 2.977, 2.567]","[-5.647, -5.152, -5.609, -5.262, -5.081, -5.111]"
539,1,-2.2779,-2.5899,0.260,171,463,17,8,0.341,45,0.19,13712,597.91,0,0,31.000(38.750%)(1.179m),43.000(37.941%)(2.464m),32.535(28.707%)(1.343m),16.841(14.860%)(0.000m),10.280(12.850%)(0.000m),40.000(100.000%)(3.214m),10.280(25.699%)(0.030m),460.861,3199.130,62.6,0.9452,"[0.259, 0.756, 0.960, 0.247, 0.855, 0.943]","[2.625, 3.047, 2.823, 2.843, 3.381, 2.912]","[-5.489, -4.918, -5.908, -4.998, -5.119, -5.197]"
540,1,-3.7497,-2.5326,0.439,199,500,17,0,0.340,45,0.19,13732,726.11,0,0,12.510(15.637%)(0.000m),25.478(22.481%)(0.587m),68.530(60.468%)(5.200m),65.000(57.353%)(4.821m),43.000(53.750%)(2.464m),9.886(24.714%)(0.000m),40.000(100.000%)(3.214m),2102.596,5606.080,58.2,0.9311,"[1.303, 1.148, 0.267, 1.443, 1.243, 0.353]","[2.487, 3.214, 2.723, 2.773, 3.383, 2.978]","[-2.688, -5.875, -5.576, -2.727, -6.071, -5.736]"
541,1,-2.5533,-2.5472,0.352,336,920,82,72,0.339,65,0.18,13766,1129.20,0,0,20.000(25.000%)(0.000m),57.000(50.294%)(3.964m),38.994(34.406%)(2.035m),18.684(16.486%)(0.000m),10.983(13.729%)(0.000m),14.000(35.000%)(0.429m),10.459(26.147%)(0.049m),894.317,4188.898,63.3,1.0452,"[0.505, 1.119, 1.062, 0.369, 1.413, 1.152]","[2.591, 2.901, 2.636, 2.723, 3.025, 2.685]","[-4.667, -4.871, -4.973, -4.869, -4.886, -5.052]"
542,1,-4.0800,-2.5427,0.262,494,1311,223,56,0.339,75,0.18,13816,1745.94,0,0,10.000(12.500%)(0.000m),16.000(14.118%)(0.000m),40.000(35.294%)(2.143m),33.000(29.118%)(1.393m),16.395(20.494%)(0.000m),11.000(27.500%)(0.107m),11.520(28.800%)(0.163m),170.682,5007.356,61.4,0.9253,"[0.126, 0.875, 1.114, 0.033, 1.131, 1.108]","[2.405, 2.854, 2.661, 2.497, 3.002, 2.752]","[-5.086, -5.604, -5.239, -5.165, -6.561, -5.244]"
543,1,-1.8023,-2.4870,0.448,390,1109,94,61,0.338,70,0.18,13855,1359.22,0,0,39.000(48.750%)(2.036m),61.000(53.824%)(4.393m),49.000(43.235%)(3.107m),33.658(29.699%)(1.463m),13.000(16.250%)(0.000m),27.000(67.500%)(1.821m),10.000(25.000%)(0.000m),112.050,3431.660,65.8,0.9809,"[0.271, 0.609, 0.750, -0.001, 0.825, 0.817]","[2.406, 2.766, 2.195, 2.560, 3.087, 2.429]","[-5.283, -3.196, -1.004, -5.557, -2.937, -0.967]"
544,1,-2.9134,-2.4565,0.257,193,498,18,0,0.337,45,0.18,13875,692.54,0,0,39.000(48.750%)(2.036m),61.000(53.824%)(4.393m),57.081(50.366%)(3.973m),21.682(19.131%)(0.180m),11.543(14.429%)(0.000m),40.000(100.000%)(3.214m),9.838(24.594%)(0.000m),1873.599,4906.866,59.7,1.1206,"[0.627, 1.078, 0.945, 0.391, 1.147, 1.109]","[2.198, 2.763, 2.044, 2.136, 2.863, 2.399]","[-5.081, -5.437, -5.787, -5.369, -5.534, -5.849]"
545,1,-1.9544,-2.4294,0.307,288,710,87,19,0.337,55,0.18,13904,1034.25,0,0,12.743(15.928%)(0.000m),27.189(23.990%)(0.770m),43.000(37.941%)(2.464m),34.000(30.000%)(1.500m),28.000(35.000%)(0.857m),9.689(24.224%)(0.000m),33.000(82.500%)(2.464m),376.090,4990.981,57.0,0.9426,"[0.902, 0.667, -0.309, 0.889, 0.784, -0.299]","[2.098, 2.552, 2.310, 2.041, 2.705, 2.390]","[-3.791, -3.197, -4.996, -4.009, -2.763, -5.039]"
546,1,-5.2106,-2.4731,0.371,291,736,87,46,0.336,55,0.18,13934,1061.13,0,0,14.211(17.763%)(0.000m),30.165(26.616%)(1.089m),41.000(36.177%)(2.250m),35.000(30.882%)(1.607m),11.000(13.750%)(0.000m),9.975(24.937%)(0.000m),11.000(27.500%)(0.107m),399.415,4261.145,58.5,1.0362,"[0.783, 0.128, -0.411, 0.781, 0.386, -0.373]","[2.158, 2.840, 2.434, 2.305, 3.018, 2.518]","[-3.243, -4.710, -5.924, -3.484, -4.485, -5.849]"
547,1,-1.6057,-2.4355,0.289,536,1402,87,86,0.335,75,0.18,13988,1921.18,0,0,17.050(21.312%)(0.000m),35.832(31.617%)(1.696m),59.000(52.059%)(4.179m),50.000(44.118%)(3.214m),18.000(22.500%)(0.000m),12.021(30.052%)(0.217m),11.000(27.500%)(0.107m),925.672,4689.651,60.5,1.0387,"[0.629, 0.856, 0.441, 0.553, 0.995, 0.473]","[2.710, 2.797, 2.602, 2.893, 3.235, 2.764]","[-4.940, -3.890, -4.441, -5.305, -3.343, -4.166]"
548,1,0.0429,-2.3565,0.316,447,1234,41,77,0.335,75,0.18,14033,1583.10,0,0,32.000(40.000%)(1.286m),51.000(45.000%)(3.321m),72.000(63.530%)(5.571m),49.043(43.273%)(3.112m),22.000(27.500%)(0.214m),26.000(65.000%)(1.714m),11.000(27.500%)(0.107m),828.668,4384.073,63.9,0.9685,"[0.690, 0.814, 0.688, 0.672, 1.045, 0.683]","[1.977, 2.214, 1.875, 1.957, 2.523, 1.857]","[-3.912, -0.734, -0.952, -4.173, -0.429, -1.022]"
549,1,-6.3440,-2.3368,0.466,279,677,44,32,0.334,50,0.18,14061,976.97,0,0,10.409(13.012%)(0.000m),17.054(15.048%)(0.000m),32.946(29.070%)(1.387m),27.000(23.824%)(0.750m),24.000(30.000%)(0.429m),10.409(26.024%)(0.044m),40.000(100.000%)(3.214m),152.586,3869.596,56.2,0.9380,"[0.184, 0.204, 0.218, 0.125, 0.342, 0.264]","[2.173, 2.177, 2.008, 2.151, 2.484, 2.092]","[-5.914, -4.528, -5.227, -6.259, -5.146, -5.046]"
550,1,-2.6742,-2.2906,0.196,152,436,38,0,0.333,40,0.18,14077,540.73,0,0,40.000(50.000%)(2.143m),72.000(63.530%)(5.571m),56.099(49.499%)(3.868m),21.593(19.053%)(0.171m),11.637(14.546%)(0.000m),40.000(100.000%)(3.214m),10.042(25.104%)(0.004m),1108.084,3796.293,66.3,1.1467,"[-0.511, 0.734, 1.159, -0.466, 0.844, 1.102]","[1.914, 2.909, 2.345, 2.145, 3.080, 2.471]","[-5.318, -5.175, -4.806, -5.235, -5.061, -4.712]"
551,1,-2.2448,-2.2535,0.351,317,919,98,36,0.333,65,0.18,14109,1094.04,0,0,23.000(28.750%)(0.321m),20.000(17.647%)(0.000m),22.000(19.412%)(0.214m),22.993(20.288%)(0.321m),12.242(15.302%)(0.000m),19.000(47.500%)(0.964m),10.433(26.082%)(0.046m),0.000,2866.027,67.1,1.0218,"[-0.066, 0.197, 0.356, -0.212, 0.420, 0.142]","[2.270, 2.765, 2.334, 2.526, 2.929, 2.333]","[-5.025, -5.007, -4.691, -5.102, -5.360, -5.152]"
552,1,-3.8731,-2.2465,0.344,142,360,16,0,0.332,35,0.18,14124,527.99,0,0,64.000(80.000%)(4.714m),80.000(70.588%)(6.429m),67.624(59.669%)(5.103m),26.990(23.814%)(0.749m),12.801(16.001%)(0.000m),40.000(100.000%)(3.214m),9.734(24.335%)(0.000m),2280.806,6365.461,58.7,0.9538,"[0.014, 0.728, 1.322, 0.010, 0.993, 1.278]","[2.346, 2.730, 2.625, 2.312, 2.990, 2.560]","[-5.176, -4.512, -1.724, -4.912, -3.918, -1.783]"
553,1,-3.5630,-2.2567,0.312,249,641,45,2,0.331,50,0.18,14149,847.15,0,0,34.000(42.500%)(1.500m),44.000(38.824%)(2.571m),52.532(46.352%)(3.486m),20.908(18.448%)(0.097m),11.402(14.253%)(0.000m),29.000(72.500%)(2.036m),9.962(24.905%)(0.000m),669.347,3977.588,59.6,0.9571,"[0.438, 1.319, 1.392, 0.439, 1.506, 1.410]","[2.380, 2.853, 2.439, 2.424, 2.982, 2.627]","[-5.004, -5.059, -5.252, -5.098, -4.589, -5.204]"
554,1,1.1010,-2.2474,0.445,302,888,124,25,0.331,65,0.18,14180,1055.48,0,0,22.000(27.500%)(0.214m),20.000(17.647%)(0.000m),20.000(17.647%)(0.000m),25.171(22.210%)(0.554m),13.887(17.358%)(0.000m),25.000(62.500%)(1.607m),12.284(30.709%)(0.245m),0.000,2416.393,68.1,0.9530,"[0.594, 0.931, 0.736, 0.233, 1.149, 0.624]","[2.452, 2.881, 2.356, 2.454, 3.071, 2.414]","[-5.132, -4.731, -5.241, -5.578, -5.098, -5.503]"
555,1,-1.6475,-2.2017,0.400,294,884,89,21,0.330,65,0.18,14210,1004.35,0,0,34.000(42.500%)(1.500m),24.000(21.177%)(0.429m),19.000(16.765%)(0.000m),31.000(27.353%)(1.179m),19.191(23.989%)(0.000m),27.000(67.500%)(1.821m),13.484(33.710%)(0.373m),265.043,3052.769,69.6,1.0471,"[-0.013, 0.600, 0.485, -0.103, 0.754, 0.589]","[2.307, 2.653, 2.419, 2.334, 3.079, 2.673]","[-6.561, -5.284, -5.503, -6.593, -5.866, -5.447]"
556,1,-3.0223,-2.2748,0.364,202,506,19,0,0.329,45,0.18,14231,677.45,0,0,38.000(47.500%)(1.929m),44.000(38.824%)(2.571m),32.306(28.506%)(1.319m),17.290(15.256%)(0.000m),10.741(13.426%)(0.000m),40.000(100.000%)(3.214m),11.007(27.517%)(0.108m),777.800,4014.070,58.0,0.8647,"[0.335, 0.511, 0.658, 0.340, 0.664, 0.660]","[2.247, 2.976, 2.622, 2.294, 3.137, 2.741]","[-5.499, -5.392, -4.937, -4.970, -5.191, -4.880]"
557,1,-2.2603,-2.2804,0.384,468,1257,167,32,0.329,75,0.18,14278,1664.70,0,0,18.034(22.542%)(0.000m),38.253(33.753%)(1.956m),49.000(43.235%)(3.107m),41.000(36.177%)(2.250m),12.000(15.000%)(0.000m),12.683(31.708%)(0.287m),10.000(25.000%)(0.000m),712.806,3640.760,62.2,1.0761,"[0.894, 1.028, 0.475, 0.882, 1.184, 0.470]","[2.452, 2.916, 2.247, 2.436, 3.099, 2.347]","[-5.679, -5.890, -3.897, -5.715, -5.339, -4.031]"
558,1,-3.4543,-2.2696,0.328,283,714,71,14,0.328,55,0.18,14307,1092.41,0,0,18.304(22.880%)(0.000m),38.494(33.965%)(1.981m),85.000(75.000%)(6.964m),14.000(12.353%)(0.000m),10.000(12.500%)(0.000m),12.911(32.279%)(0.312m),11.000(27.500%)(0.107m),1331.257,5729.775,58.4,1.0788,"[1.198, 1.314, 0.586, 1.247, 1.447, 0.674]","[2.608, 3.014, 2.705, 2.748, 3.297, 2.785]","[-0.360, -2.216, -4.534, -0.312, -2.105, -4.532]"
559,1,-7.6743,-2.4000,0.460,576,1465,94,136,0.327,75,0.18,14365,2089.42,0,0,23.000(28.750%)(0.321m),30.000(26.471%)(1.071m),40.000(35.294%)(2.143m),23.000(20.294%)(0.321m),12.000(15.000%)(0.000m),23.000(57.500%)(1.393m),9.760(24.399%)(0.000m),223.776,5416.497,58.9,1.0467,"[0.614, 0.681, 0.559, 0.635, 0.995, 0.504]","[2.651, 3.357, 2.785, 2.728, 3.489, 2.925]","[-5.446, -5.336, -4.923, -5.528, -5.329, -4.935]"
560,1,-4.7187,-2.4893,0.481,213,549,18,0,0.327,45,0.18,14387,743.97,0,0,12.910(16.138%)(0.000m),27.483(24.250%)(0.802m),66.000(58.235%)(4.929m),51.000(45.000%)(3.321m),35.000(43.750%)(1.607m),9.690(24.226%)(0.000m),40.000(100.000%)(3.214m),934.983,4060.139,59.7,0.9896,"[1.127, 1.020, 0.593, 1.156, 1.155, 0.561]","[2.489, 2.803, 2.650, 2.564, 3.029, 2.718]","[-2.496, -5.538, -5.240, -3.111, -4.984, -5.427]"
561,1,-1.5443,-2.4820,0.520,220,559,26,5,0.326,45,0.18,14409,782.30,0,0,32.000(40.000%)(1.286m),42.000(37.059%)(2.357m),50.275(44.361%)(3.244m),20.657(18.227%)(0.070m),11.396(14.246%)(0.000m),40.000(100.000%)(3.214m),10.081(25.202%)(0.009m),673.277,3770.140,58.8,1.0251,"[0.363, 0.858, 1.360, 0.347, 1.028, 1.185]","[2.458, 3.014, 2.863, 2.443, 3.224, 2.893]","[-5.158, -4.933, -5.035, -5.225, -4.835, -5.189]"
562,1,-3.1689,-2.5266,0.381,146,417,18,0,0.325,40,0.18,14424,510.19,0,0,40.000(50.000%)(2.143m),65.000(57.353%)(4.821m),79.071(69.768%)(6.329m),29.054(25.636%)(0.970m),13.376(16.720%)(0.000m),40.000(100.000%)(3.214m),9.653(24.132%)(0.000m),1381.130,4034.407,66.1,0.9713,"[-0.097, 0.851, 1.191, -0.263, 0.904, 1.088]","[2.129, 3.003, 2.656, 2.230, 3.176, 2.741]","[-4.975, -4.713, -1.410, -5.239, -4.684, -1.923]"
563,1,-2.9837,-2.5726,0.318,170,440,53,0,0.325,40,0.18,14441,652.18,0,0,47.000(58.750%)(2.893m),101.000(89.118%)(8.679m),49.024(43.256%)(3.110m),20.143(17.773%)(0.015m),11.113(13.891%)(0.000m),40.000(100.000%)(3.214m),9.830(24.575%)(0.000m),3093.012,7176.168,59.9,1.0986,"[-0.012, 1.030, 1.119, -0.178, 1.143, 1.141]","[2.704, 2.899, 2.445, 2.637, 3.059, 2.465]","[-5.255, -6.004, -5.492, -5.401, -5.947, -5.705]"
564,1,-0.3248,-2.5285,0.414,418,1121,83,39,0.324,70,0.18,14483,1446.39,0,0,20.327(25.409%)(0.035m),21.000(18.529%)(0.107m),50.000(44.118%)(3.214m),47.000(41.471%)(2.893m),35.000(43.750%)(1.607m),14.369(35.923%)(0.468m),23.000(57.500%)(1.393m),540.629,5285.971,62.1,0.9298,"[0.906, 0.991, 0.432, 0.802, 1.089, 0.350]","[2.439, 3.073, 2.874, 2.484, 3.310, 3.041]","[-6.426, -4.962, -5.032, -6.699, -5.334, -5.267]"
565,1,-2.4341,-2.5085,0.307,185,484,17,0,0.323,45,0.18,14502,733.11,0,0,39.000(48.750%)(2.036m),58.000(51.177%)(4.071m),67.193(59.288%)(5.056m),22.918(20.222%)(0.313m),11.896(14.870%)(0.000m),40.000(100.000%)(3.214m),9.888(24.719%)(0.000m),1151.921,4646.796,60.6,1.1982,"[0.622, 1.212, 1.271, 0.674, 1.292, 1.184]","[2.707, 3.301, 2.874, 2.752, 3.504, 2.831]","[-5.454, -5.814, -5.322, -5.277, -5.545, -5.424]"
566,1,-4.0161,-2.5791,0.412,248,601,64,11,0.323,50,0.18,14527,915.73,0,0,9.390(11.737%)(0.000m),13.239(11.682%)(0.000m),20.136(17.767%)(0.015m),35.000(30.882%)(1.607m),32.000(40.000%)(1.286m),12.035(30.087%)(0.218m),40.000(100.000%)(3.214m),514.773,3782.231,56.0,1.2812,"[0.759, 0.757, 0.772, 0.734, 0.887, 0.691]","[2.774, 3.426, 3.125, 2.972, 3.472, 3.172]","[-5.328, -5.541, -5.871, -6.127, -4.941, -6.133]"
567,1,-5.1176,-2.6509,0.336,273,689,49,31,0.322,55,0.18,14555,996.49,0,0,20.113(25.141%)(0.012m),42.106(37.152%)(2.368m),85.000(75.000%)(6.964m),30.000(26.471%)(1.071m),14.000(17.500%)(0.000m),14.209(35.521%)(0.451m),10.000(25.000%)(0.000m),2196.372,6280.723,58.4,0.9928,"[0.480, 0.603, 0.333, 0.552, 0.875, 0.404]","[2.278, 2.689, 2.395, 2.297, 2.872, 2.461]","[-5.040, -5.219, -4.095, -4.940, -5.364, -3.989]"
568,1,-1.4903,-2.5811,0.308,340,964,64,56,0.321,65,0.18,14589,1316.28,0,0,25.000(31.250%)(0.536m),46.000(40.588%)(2.786m),39.000(34.412%)(2.036m),26.000(22.941%)(0.643m),15.246(19.058%)(0.000m),21.000(52.500%)(1.179m),10.680(26.699%)(0.073m),0.000,2898.030,65.6,1.0994,"[0.072, 0.483, 0.663, 0.024, 0.744, 0.781]","[2.184, 2.636, 2.192, 2.446, 2.940, 2.414]","[-5.546, -5.750, -1.828, -5.708, -5.442, -2.231]"
569,1,-1.4758,-2.5198,0.327,261,693,15,0,0.321,55,0.18,14616,1036.68,0,0,12.552(15.690%)(0.000m),26.356(23.255%)(0.681m),73.499(64.852%)(5.732m),64.000(56.471%)(4.714m),35.000(43.750%)(1.607m),9.668(24.171%)(0.000m),24.000(60.000%)(1.500m),1232.390,4942.121,61.5,1.1288,"[0.954, 1.042, 0.638, 0.873, 1.155, 0.589]","[2.209, 3.016, 2.610, 2.208, 3.060, 2.762]","[-3.856, -5.318, -5.379, -4.429, -5.229, -5.767]"
570,1,-2.8272,-2.5639,0.564,283,712,68,23,0.320,55,0.18,14645,1076.86,0,0,19.513(24.391%)(0.000m),40.169(35.443%)(2.161m),90.000(79.412%)(7.500m),64.000(56.471%)(4.714m),10.000(12.500%)(0.000m),13.767(34.418%)(0.404m),11.000(27.500%)(0.107m),1783.259,6143.741,58.3,1.1181,"[1.193, 1.491, 0.700, 1.499, 1.575, 0.697]","[2.347, 2.778, 2.525, 2.676, 3.017, 2.542]","[-0.878, -1.633, -4.396, -0.708, -1.243, -4.135]"
571,1,-3.7099,-2.5415,0.385,595,1501,270,59,0.319,75,0.18,14705,2166.39,0,0,14.188(17.735%)(0.000m),30.148(26.601%)(1.087m),102.574(90.507%)(8.847m),23.000(20.294%)(0.321m),12.000(15.000%)(0.000m),9.971(24.927%)(0.000m),10.000(25.000%)(0.000m),2305.251,7005.501,58.4,1.1073,"[1.347, 1.236, 0.120, 1.304, 1.391, 0.046]","[3.640, 2.877, 2.539, 3.260, 3.106, 2.581]","[-5.024, -5.210, -5.582, -5.033, -5.231, -5.528]"
572,1,-6.4727,-2.6414,0.264,509,1324,82,80,0.319,75,0.17,14756,1823.30,0,0,17.942(22.427%)(0.000m),28.000(24.706%)(0.857m),34.000(30.000%)(1.500m),30.000(26.471%)(1.071m),14.000(17.500%)(0.000m),12.645(31.612%)(0.283m),10.000(25.000%)(0.000m),160.357,4335.465,60.2,0.9975,"[0.148, 0.071, -0.313, 0.013, 0.182, -0.413]","[2.021, 2.565, 2.208, 2.174, 2.751, 2.257]","[-6.179, -5.879, -4.676, -5.650, -6.384, -4.524]"
573,1,-2.9341,-2.6477,0.642,141,405,23,0,0.318,40,0.17,14771,491.73,0,0,42.000(52.500%)(2.357m),80.000(70.588%)(6.429m),104.703(92.386%)(9.075m),26.649(23.514%)(0.712m),12.692(15.865%)(0.000m),40.000(100.000%)(3.214m),9.776(24.440%)(0.000m),1384.479,3943.371,66.4,0.9861,"[-0.891, 0.585, 0.769, -1.107, 0.701, 0.723]","[2.001, 2.536, 1.979, 2.063, 2.837, 2.048]","[-5.690, -5.316, -5.203, -5.852, -5.250, -5.301]"
574,1,-3.0529,-2.6815,0.375,222,612,27,36,0.318,50,0.17,14794,786.04,0,0,22.627(28.284%)(0.282m),46.281(40.837%)(2.816m),100.000(88.236%)(8.571m),39.000(34.412%)(2.036m),28.000(35.000%)(0.857m),16.006(40.016%)(0.644m),11.000(27.500%)(0.107m),469.412,3406.547,63.8,0.9999,"[0.123, 0.287, -0.110, -0.018, 0.427, -0.195]","[1.996, 2.780, 2.317, 2.097, 3.064, 2.403]","[-3.060, -4.097, -3.422, -3.258, -3.367, -3.563]"
575,1,-1.9131,-2.6720,0.409,782,2018,184,128,0.317,85,0.17,14873,2947.72,0,0,19.919(24.898%)(0.000m),41.685(36.781%)(2.323m),20.000(17.647%)(0.000m),20.000(17.647%)(0.000m),20.000(25.000%)(0.000m),14.074(35.186%)(0.437m),14.000(35.000%)(0.429m),0.000,3954.068,59.7,1.1383,"[0.519, 0.498, 0.314, 0.397, 0.632, 0.276]","[2.475, 2.572, 2.547, 2.568, 3.024, 2.657]","[-5.199, -5.015, -3.914, -5.340, -5.101, -4.407]"
576,1,-1.2894,-2.7459,0.338,375,1003,116,50,0.316,65,0.17,14911,1382.50,0,0,27.000(33.750%)(0.750m),37.000(32.647%)(1.821m),62.000(54.706%)(4.500m),28.592(25.228%)(0.921m),13.182(16.477%)(0.000m),21.000(52.500%)(1.179m),9.639(24.098%)(0.000m),776.272,4464.009,61.9,1.0022,"[0.848, 1.193, 0.930, 0.825, 1.360, 1.020]","[2.397, 3.044, 2.783, 2.508, 3.255, 3.060]","[-4.002, -2.942, -1.927, -4.331, -2.917, -1.990]"
577,1,-2.7802,-2.7362,0.328,229,614,73,0,0.316,50,0.17,14934,789.13,0,0,11.355(14.194%)(0.000m),20.821(18.371%)(0.088m),52.314(46.159%)(3.462m),55.000(48.530%)(3.750m),41.000(51.250%)(2.250m),9.920(24.801%)(0.000m),29.000(72.500%)(2.036m),768.394,4284.718,62.1,0.9398,"[1.178, 0.808, -0.123, 0.920, 0.946, -0.136]","[2.596, 3.173, 2.535, 2.793, 3.403, 2.688]","[-5.507, -6.152, -5.701, -6.843, -6.341, -5.809]"
578,1,-1.7119,-2.7243,0.412,221,550,27,2,0.315,45,0.17,14957,837.56,0,0,10.100(12.625%)(0.000m),15.137(13.357%)(0.000m),25.100(22.147%)(0.546m),41.000(36.177%)(2.250m),33.000(41.250%)(1.393m),11.560(28.900%)(0.167m),40.000(100.000%)(3.214m),601.912,3687.520,57.6,1.0285,"[1.073, 0.807, 0.646, 0.934, 0.996, 0.616]","[2.569, 2.918, 2.890, 2.531, 3.307, 2.956]","[-5.750, -6.184, -5.837, -6.891, -6.151, -5.704]"
579,1,0.8630,-2.6349,0.451,526,1377,169,42,0.314,75,0.17,15010,2025.82,0,0,14.897(18.621%)(0.000m),31.604(27.886%)(1.243m),52.000(45.882%)(3.429m),43.000(37.941%)(2.464m),13.000(16.250%)(0.000m),10.476(26.190%)(0.051m),10.000(25.000%)(0.000m),979.351,4589.433,60.6,1.1367,"[0.871, 0.889, 0.286, 0.847, 1.029, 0.235]","[2.453, 2.799, 2.541, 2.600, 3.030, 2.544]","[-2.328, -3.158, -6.111, -2.676, -3.587, -5.463]"
580,1,0.0200,-2.6355,0.302,369,1021,184,10,0.314,70,0.17,15047,1293.71,0,0,34.000(42.500%)(1.500m),21.000(18.529%)(0.107m),20.000(17.647%)(0.000m),20.000(17.647%)(0.000m),14.803(18.503%)(0.000m),27.000(67.500%)(1.821m),10.360(25.901%)(0.039m),0.000,3851.311,64.0,1.0450,"[-0.104, 0.556, 0.633, -0.142, 0.813, 0.753]","[2.276, 2.773, 2.365, 2.341, 2.986, 2.513]","[-5.778, -5.406, -4.799, -6.050, -6.119, -5.256]"
581,1,-2.5631,-2.5954,0.222,172,443,15,0,0.313,40,0.17,15065,746.36,0,0,10.666(13.333%)(0.000m),17.169(15.149%)(0.000m),32.081(28.307%)(1.294m),58.000(51.177%)(4.071m),45.000(56.250%)(2.679m),10.930(27.325%)(0.100m),40.000(100.000%)(3.214m),1413.857,4837.955,59.5,1.1393,"[0.810, 0.591, -0.171, 0.894, 0.599, -0.277]","[2.041, 2.811, 2.409, 2.338, 3.046, 2.505]","[-5.935, -5.804, -6.151, -6.139, -6.529, -5.942]"
582,1,-2.6157,-2.5856,0.332,189,472,14,0,0.312,40,0.17,15084,764.58,0,0,12.487(15.609%)(0.000m),25.432(22.440%)(0.582m),64.000(56.471%)(4.714m),57.000(50.294%)(3.964m),48.000(60.000%)(3.000m),9.868(24.669%)(0.000m),40.000(100.000%)(3.214m),1836.923,4904.548,57.8,1.2191,"[0.843, 0.491, 0.088, 0.877, 0.429, 0.036]","[2.079, 2.738, 2.600, 2.233, 2.936, 2.594]","[-2.302, -5.197, -5.780, -2.327, -6.255, -5.314]"
583,1,-4.8683,-2.6957,0.377,431,1216,67,72,0.312,75,0.17,15128,1679.54,0,0,27.000(33.750%)(0.750m),48.000(42.353%)(3.000m),68.000(60.000%)(5.143m),37.666(33.235%)(1.893m),17.736(22.170%)(0.000m),19.000(47.500%)(0.964m),12.471(31.177%)(0.265m),398.310,4085.664,65.3,1.1076,"[0.724, 0.975, 0.939, 0.699, 1.223, 0.944]","[2.530, 2.790, 2.531, 2.669, 2.985, 2.563]","[-4.333, -1.571, -1.133, -4.501, -1.018, -1.163]"
584,1,10.7616,-2.4367,0.360,1058,2888,320,195,0.311,100,0.34,15234,3999.34,1,1,25.000(31.250%)(0.536m),32.000(28.235%)(1.286m),36.000(31.765%)(1.714m),32.000(28.235%)(1.286m),16.773(20.967%)(0.000m),18.000(45.000%)(0.857m),11.804(29.511%)(0.193m),157.357,3199.925,63.2,1.1211,"[-0.019, 0.392, 0.432, -0.121, 0.504, 0.475]","[2.383, 2.423, 2.341, 2.401, 2.757, 2.472]","[-5.489, -4.371, -4.247, -5.431, -4.128, -4.373]"
585,1,-0.2369,-2.3561,0.284,355,993,162,8,0.311,65,0.34,15270,1213.69,0,0,38.000(47.500%)(1.929m),58.000(51.177%)(4.071m),20.000(17.647%)(0.000m),19.000(16.765%)(0.000m),16.056(20.069%)(0.000m),30.000(75.000%)(2.143m),11.267(28.167%)(0.136m),0.000,3385.331,64.8,0.9688,"[-0.768, 0.412, 0.371, -0.810, 0.498, 0.323]","[2.065, 2.730, 2.223, 2.297, 2.883, 2.154]","[-6.219, -5.496, -6.622, -6.046, -5.632, -6.363]"
586,1,-1.4809,-2.3725,0.357,245,662,15,63,0.310,55,0.34,15295,883.22,0,0,10.477(13.096%)(0.000m),17.164(15.145%)(0.000m),33.159(29.258%)(1.410m),48.000(42.353%)(3.000m),25.000(31.250%)(0.536m),10.477(26.192%)(0.051m),17.000(42.500%)(0.750m),943.937,3685.925,62.5,1.0578,"[0.401, 0.476, 0.522, 0.227, 0.727, 0.465]","[2.247, 2.923, 2.633, 2.397, 3.182, 2.629]","[-5.283, -4.644, -4.691, -6.035, -4.643, -5.186]"
587,1,-2.2568,-2.3955,0.340,494,1453,117,87,0.309,80,0.34,15345,1787.04,0,0,26.000(32.500%)(0.643m),21.000(18.529%)(0.107m),45.000(39.706%)(2.679m),32.000(28.235%)(1.286m),17.232(21.540%)(0.000m),20.000(50.000%)(1.071m),12.087(30.217%)(0.224m),0.000,2630.407,68.1,0.9893,"[-0.457, 0.037, 0.019, -0.591, 0.130, -0.053]","[2.134, 2.757, 2.474, 2.239, 3.140, 2.557]","[-5.324, -4.210, -3.440, -5.396, -4.767, -3.470]"
588,1,-0.7080,-2.3762,0.261,635,1898,143,141,0.309,95,0.34,15409,2249.80,0,0,21.000(26.250%)(0.107m),35.000(30.882%)(1.607m),42.000(37.059%)(2.357m),22.799(20.117%)(0.300m),11.834(14.792%)(0.000m),14.000(35.000%)(0.429m),9.836(24.591%)(0.000m),356.821,2753.223,69.2,0.9959,"[-0.089, 0.322, 0.087, -0.248, 0.393, 0.073]","[1.865, 2.188, 2.269, 2.025, 2.517, 2.212]","[-5.037, -4.771, -4.629, -5.254, -4.800, -5.050]"
589,1,-5.9550,-2.4498,0.295,315,778,43,103,0.308,55,0.34,15441,1229.71,0,0,23.931(29.913%)(0.421m),47.228(41.672%)(2.917m),102.000(90.000%)(8.786m),35.000(30.882%)(1.607m),12.000(15.000%)(0.000m),17.028(42.571%)(0.753m),10.000(25.000%)(0.000m),2935.378,7837.567,57.1,1.2751,"[0.186, 0.632, 0.564, 0.150, 0.829, 0.594]","[2.339, 2.954, 2.866, 2.455, 3.148, 2.884]","[-4.518, -4.156, -2.585, -4.804, -3.945, -2.549]"
590,1,-2.5770,-2.4263,0.293,404,1089,212,10,0.308,70,0.34,15482,1472.59,0,0,35.000(43.750%)(1.607m),49.000(43.235%)(3.107m),22.000(19.412%)(0.214m),19.000(16.765%)(0.000m),14.560(18.200%)(0.000m),28.000(70.000%)(1.929m),10.196(25.489%)(0.021m),0.000,3450.648,62.4,1.0199,"[-0.076, 0.544, 0.516, -0.156, 0.718, 0.590]","[1.965, 2.569, 2.375, 2.036, 2.787, 2.509]","[-5.886, -5.675, -5.036, -5.703, -5.388, -5.461]"
591,1,-1.4346,-2.4040,0.312,188,475,15,0,0.307,45,0.34,15501,709.92,0,0,10.184(12.730%)(0.000m),15.611(13.775%)(0.000m),26.814(23.659%)(0.730m),56.000(49.412%)(3.857m),44.000(55.000%)(2.571m),11.233(28.082%)(0.132m),40.000(100.000%)(3.214m),1393.915,4074.318,58.5,1.0172,"[0.448, 0.412, 0.057, 0.505, 0.575, 0.097]","[1.956, 2.441, 2.002, 2.193, 2.755, 2.202]","[-6.409, -5.471, -5.322, -6.809, -5.337, -5.614]"
592,1,0.7047,-2.3083,0.309,849,2222,88,128,0.306,90,0.34,15586,3283.75,0,0,24.309(30.386%)(0.462m),48.000(42.353%)(3.000m),52.000(45.882%)(3.429m),21.390(18.873%)(0.149m),11.665(14.581%)(0.000m),17.285(43.213%)(0.781m),10.191(25.479%)(0.021m),636.525,4652.048,60.6,1.0859,"[0.400, 0.761, 0.690, 0.347, 0.905, 0.688]","[2.161, 2.907, 2.437, 2.410, 3.162, 2.597]","[-5.125, -5.559, -5.102, -4.890, -5.302, -5.392]"
593,1,-1.9517,-2.3113,0.231,214,577,19,28,0.306,50,0.34,15608,902.89,0,0,23.000(28.750%)(0.321m),37.000(32.647%)(1.821m),66.000(58.235%)(4.929m),27.847(24.571%)(0.841m),13.047(16.309%)(0.000m),23.000(57.500%)(1.393m),9.667(24.166%)(0.000m),297.649,3958.246,62.4,1.0881,"[0.349, 0.849, 0.859, 0.248, 0.981, 0.795]","[2.304, 2.936, 2.596, 2.454, 3.166, 2.657]","[-4.969, -5.056, -3.787, -4.893, -4.922, -4.019]"
594,1,-1.2309,-2.2776,0.337,636,1828,114,73,0.305,90,0.34,15672,2560.39,0,0,35.000(43.750%)(1.607m),61.000(53.824%)(4.393m),62.000(54.706%)(4.500m),22.532(19.882%)(0.271m),11.847(14.809%)(0.000m),20.000(50.000%)(1.071m),9.971(24.928%)(0.000m),191.819,3352.172,66.5,1.0931,"[-0.146, 0.336, 0.434, -0.351, 0.562, 0.383]","[2.316, 2.683, 2.335, 2.467, 2.979, 2.322]","[-5.007, -5.415, -5.025, -5.170, -5.148, -4.911]"
595,1,-1.6150,-2.2708,0.460,328,969,39,55,0.304,70,0.34,15705,1279.51,0,0,12.000(15.000%)(0.000m),20.000(17.647%)(0.000m),57.000(50.294%)(3.964m),41.337(36.474%)(2.286m),19.913(24.892%)(0.000m),19.000(47.500%)(0.964m),14.031(35.079%)(0.432m),285.241,2558.386,68.4,1.1757,"[-0.234, 0.339, 0.211, -0.312, 0.478, 0.183]","[2.156, 2.779, 2.595, 2.299, 2.956, 2.654]","[-5.251, -5.745, -5.484, -5.081, -6.661, -5.616]"
596,1,-3.1178,-2.2290,0.432,398,1080,23,22,0.304,70,0.34,15745,1628.37,0,0,26.999(33.749%)(0.750m),23.000(20.294%)(0.321m),20.000(17.647%)(0.000m),20.000(17.647%)(0.000m),28.041(35.051%)(0.862m),24.000(60.000%)(1.500m),19.972(49.929%)(1.068m),0.000,4349.324,62.8,1.1374,"[0.683, 0.708, 0.439, 0.620, 0.926, 0.455]","[2.461, 2.882, 2.775, 2.568, 3.108, 2.767]","[-6.733, -6.019, -6.302, -7.122, -5.876, -6.462]"
597,1,-8.9445,-2.3757,0.343,401,1076,97,0,0.303,70,0.34,15786,1571.88,0,0,18.061(22.576%)(0.000m),36.000(31.765%)(1.714m),32.347(28.542%)(1.323m),16.744(14.774%)(0.000m),10.221(12.776%)(0.000m),12.696(31.739%)(0.289m),10.221(25.551%)(0.024m),600.186,4078.684,62.1,1.2034,"[0.163, 0.266, 0.178, 0.040, 0.397, 0.151]","[2.435, 2.500, 2.104, 2.276, 2.698, 2.147]","[-5.849, -4.940, -5.376, -5.757, -4.974, -5.571]"
598,1,-2.4813,-2.4262,0.313,687,1811,85,150,0.303,85,0.33,15855,2848.79,0,0,16.654(20.817%)(0.000m),35.451(31.280%)(1.655m),79.000(69.706%)(6.321m),28.059(24.758%)(0.863m),12.934(16.168%)(0.000m),11.702(29.254%)(0.182m),9.708(24.271%)(0.000m),711.634,5456.038,61.0,1.1313,"[-0.095, 0.346, 0.393, -0.089, 0.565, 0.385]","[2.080, 2.595, 2.364, 2.104, 2.727, 2.453]","[-5.203, -4.625, -4.894, -5.002, -4.154, -4.866]"
599,1,-2.9537,-2.3584,0.291,315,920,59,32,0.302,65,0.33,15887,1233.34,0,0,27.000(33.750%)(0.750m),21.000(18.529%)(0.107m),19.000(16.765%)(0.000m),43.752(38.605%)(2.545m),20.712(25.891%)(0.076m),23.000(57.500%)(1.393m),14.577(36.442%)(0.490m),0.000,2976.962,67.6,1.0916,"[-0.407, 0.197, -0.023, -0.584, 0.295, -0.021]","[1.808, 2.066, 1.753, 2.044, 2.370, 1.946]","[-6.084, -4.820, -5.222, -6.699, -4.911, -5.292]"
600,1,-3.7147,-2.3792,0.307,213,536,25,0,0.301,45,0.33,15909,822.99,0,0,11.596(14.495%)(0.000m),21.020(18.547%)(0.109m),51.157(45.138%)(3.338m),56.000(49.412%)(3.857m),38.000(47.500%)(1.929m),10.257(25.644%)(0.028m),40.000(100.000%)(3.214m),943.456,5173.019,58.3,1.2495,"[1.035, 0.965, -0.039, 1.032, 1.009, -0.070]","[2.355, 2.446, 2.006, 2.357, 2.624, 1.963]","[-4.839, -4.931, -5.266, -4.857, -5.162, -4.948]"
601,1,-7.9603,-2.4935,0.358,549,1437,73,162,0.301,75,0.33,15964,2123.90,0,0,20.000(25.000%)(0.000m),42.000(37.059%)(2.357m),51.000(45.000%)(3.321m),33.000(29.118%)(1.393m),20.188(25.235%)(0.020m),14.000(35.000%)(0.429m),11.000(27.500%)(0.107m),276.649,4719.641,60.6,1.1280,"[0.220, 0.534, 0.523, 0.230, 0.866, 0.607]","[2.250, 2.600, 2.505, 2.331, 2.869, 2.605]","[-4.597, -2.426, -4.353, -4.752, -1.923, -4.339]"
602,1,-1.1573,-2.4392,0.384,233,606,49,0,0.300,50,0.33,15988,948.06,0,0,12.993(16.241%)(0.000m),27.828(24.554%)(0.839m),58.000(51.177%)(4.071m),49.000(43.235%)(3.107m),38.000(47.500%)(1.929m),9.753(24.382%)(0.000m),31.000(77.500%)(2.250m),746.895,4070.505,60.2,1.2844,"[1.396, 1.085, -0.258, 1.334, 1.156, -0.161]","[3.156, 2.766, 2.447, 3.219, 2.936, 2.498]","[-0.641, -2.489, -5.835, -0.775, -2.540, -5.600]"
603,1,0.4605,-2.3587,0.260,284,798,112,0,0.300,60,0.33,16017,1075.54,0,0,40.000(50.000%)(2.143m),66.000(58.235%)(4.929m),72.151(63.663%)(5.588m),23.473(20.711%)(0.372m),12.023(15.029%)(0.000m),28.000(70.000%)(1.929m),9.869(24.672%)(0.000m),1274.965,3569.887,65.0,1.0072,"[0.085, 0.867, 0.925, 0.016, 1.017, 0.903]","[2.273, 2.786, 2.562, 2.366, 2.989, 2.725]","[-4.838, -5.318, -4.457, -4.936, -4.805, -4.697]"
604,1,-1.6877,-2.4145,0.239,345,973,83,30,0.299,65,0.33,16052,1350.03,0,0,29.000(36.250%)(0.964m),45.000(39.706%)(2.679m),39.000(34.412%)(2.036m),19.000(16.765%)(0.000m),22.318(27.898%)(0.248m),24.000(60.000%)(1.500m),15.749(39.373%)(0.616m),0.000,2876.185,65.3,1.1282,"[0.267, 0.830, 0.893, 0.191, 0.970, 0.924]","[2.447, 2.808, 2.730, 2.637, 2.973, 2.591]","[-5.431, -5.685, -5.831, -5.563, -5.074, -5.591]"
605,1,-0.2591,-2.3868,0.327,287,860,45,38,0.298,65,0.33,16081,1084.44,0,0,22.000(27.500%)(0.214m),33.000(29.118%)(1.393m),20.000(17.647%)(0.000m),21.000(18.529%)(0.107m),18.956(23.694%)(0.000m),22.000(55.000%)(1.286m),13.332(33.330%)(0.357m),0.000,2269.464,69.3,1.0990,"[-0.441, 0.403, 0.372, -0.482, 0.584, 0.410]","[2.382, 3.040, 2.635, 2.657, 3.324, 2.913]","[-6.658, -5.243, -6.706, -6.138, -5.350, -6.337]"
606,1,-1.7211,-2.3607,0.367,196,522,14,18,0.298,45,0.33,16101,705.52,0,0,25.000(31.250%)(0.536m),34.000(30.000%)(1.500m),34.383(30.338%)(1.541m),17.798(15.704%)(0.000m),10.864(13.580%)(0.000m),30.000(75.000%)(2.143m),10.864(27.159%)(0.093m),236.119,2979.999,61.7,1.0214,"[0.447, 0.910, 0.892, 0.419, 1.059, 0.803]","[2.585, 3.209, 2.772, 2.773, 3.363, 2.746]","[-6.038, -5.321, -6.389, -5.909, -4.991, -6.119]"
607,1,0.1614,-2.3123,0.230,380,1069,110,50,0.297,70,0.33,16139,1441.09,0,0,12.000(15.000%)(0.000m),21.000(18.529%)(0.107m),47.000(41.471%)(2.893m),34.000(30.000%)(1.500m),18.780(23.475%)(0.000m),25.000(62.500%)(1.607m),13.197(32.992%)(0.343m),203.229,3089.857,65.1,1.0173,"[0.560, 0.911, 0.803, 0.443, 1.057, 0.706]","[2.705, 3.208, 2.966, 2.695, 3.393, 2.980]","[-4.932, -4.465, -4.366, -5.111, -5.878, -4.375]"
608,1,-2.4902,-2.2930,0.317,192,485,56,0,0.297,45,0.33,16159,673.49,0,0,10.734(13.418%)(0.000m),17.913(15.806%)(0.000m),35.897(31.674%)(1.703m),39.000(34.412%)(2.036m),37.000(46.250%)(1.821m),10.475(26.188%)(0.051m),40.000(100.000%)(3.214m),792.097,4012.691,58.5,0.9737,"[0.236, 0.293, 0.128, 0.119, 0.369, 0.105]","[2.354, 2.800, 2.614, 2.479, 3.028, 2.641]","[-5.513, -5.817, -5.787, -6.137, -5.821, -5.900]"
609,1,-2.8444,-2.1964,0.306,257,652,17,39,0.296,50,0.33,16185,1002.11,0,0,23.000(28.750%)(0.321m),43.000(37.941%)(2.464m),44.811(39.539%)(2.658m),20.022(17.667%)(0.002m),11.416(14.269%)(0.000m),22.000(55.000%)(1.286m),10.478(26.195%)(0.051m),902.174,4110.255,58.7,1.0991,"[0.954, 1.204, 0.845, 1.011, 1.356, 0.953]","[2.264, 2.918, 2.488, 2.416, 3.012, 2.667]","[-5.860, -5.349, -5.647, -5.385, -5.291, -5.510]"
610,1,0.1422,-2.0992,0.321,440,1214,76,57,0.295,75,0.33,16229,1634.73,0,0,13.000(16.250%)(0.000m),51.000(45.000%)(3.321m),49.000(43.235%)(3.107m),32.000(28.235%)(1.286m),17.215(21.519%)(0.000m),11.000(27.500%)(0.107m),12.107(30.269%)(0.226m),348.445,3471.270,63.8,1.0427,"[-0.329, 0.455, 0.723, -0.404, 0.730, 0.634]","[1.899, 2.400, 2.384, 2.073, 2.659, 2.478]","[-4.939, -3.604, -0.885, -5.060, -3.118, -1.145]"
611,1,-1.7631,-2.1036,0.431,251,667,70,1,0.295,55,0.33,16255,914.27,0,0,11.133(13.917%)(0.000m),20.181(17.806%)(0.019m),49.115(43.337%)(3.119m),46.000(40.588%)(2.786m),33.000(41.250%)(1.393m),9.848(24.620%)(0.000m),29.000(72.500%)(2.036m),697.740,3799.157,61.5,1.0368,"[1.009, 1.054, 0.395, 0.979, 1.088, 0.498]","[2.142, 2.726, 2.383, 2.168, 2.877, 2.407]","[-5.097, -4.996, -5.626, -5.731, -5.084, -5.601]"
612,1,-3.4147,-2.1085,0.298,182,452,16,0,0.294,40,0.33,16274,640.17,0,0,12.456(15.570%)(0.000m),25.751(22.722%)(0.616m),66.529(58.702%)(4.985m),59.000(52.059%)(4.179m),53.000(66.250%)(3.536m),9.718(24.295%)(0.000m),40.000(100.000%)(3.214m),1822.695,5371.052,57.5,0.9980,"[0.646, 0.206, -0.430, 0.658, 0.145, -0.306]","[2.088, 2.548, 2.261, 2.339, 2.715, 2.437]","[-1.722, -4.747, -5.898, -2.002, -5.100, -5.377]"
613,1,-1.0308,-2.0694,0.285,193,504,24,0,0.294,45,0.33,16294,782.13,0,0,11.683(14.603%)(0.000m),21.943(19.362%)(0.208m),57.682(50.896%)(4.037m),45.000(39.706%)(2.679m),38.000(47.500%)(1.929m),9.956(24.891%)(0.000m),40.000(100.000%)(3.214m),856.223,4033.446,60.4,1.1700,"[1.020, 1.016, 0.323, 1.041, 1.147, 0.384]","[2.136, 2.629, 2.338, 2.216, 2.833, 2.435]","[-4.739, -4.906, -5.503, -5.154, -4.811, -5.128]"
614,1,-1.1491,-2.0859,0.377,313,921,47,38,0.293,65,0.33,16326,1176.44,0,0,25.000(31.250%)(0.536m),17.000(15.000%)(0.000m),22.000(19.412%)(0.214m),43.926(38.758%)(2.563m),20.786(25.983%)(0.084m),25.000(62.500%)(1.607m),14.628(36.570%)(0.496m),192.355,2703.461,68.1,1.0072,"[-0.022, 0.586, 0.398, -0.100, 0.680, 0.416]","[1.844, 2.554, 2.365, 1.924, 2.810, 2.468]","[-7.969, -5.368, -5.975, -7.498, -6.662, -5.308]"
615,1,-1.3988,-2.0652,0.362,167,438,44,28,0.293,40,0.33,16343,659.73,0,0,22.000(27.500%)(0.214m),24.000(21.177%)(0.429m),29.000(25.588%)(0.964m),65.035(57.384%)(4.825m),39.696(49.620%)(2.110m),40.000(100.000%)(3.214m),39.696(99.241%)(3.182m),3.189,2038.226,60.8,1.1198,"[0.483, 0.502, 0.265, 0.511, 0.581, 0.230]","[1.931, 2.580, 2.422, 2.262, 2.990, 2.532]","[-2.389, -3.894, -4.122, -2.559, -3.908, -4.467]"
616,1,-4.4430,-2.0737,0.433,488,1262,178,11,0.292,70,0.32,16392,1810.36,0,0,14.031(17.539%)(0.000m),20.000(17.647%)(0.000m),22.000(19.412%)(0.214m),30.000(26.471%)(1.071m),21.411(26.764%)(0.151m),9.850(24.625%)(0.000m),24.000(60.000%)(1.500m),0.000,4546.449,59.9,1.0743,"[0.701, 0.406, -0.233, 0.671, 0.507, -0.193]","[2.291, 2.562, 2.281, 2.370, 2.815, 2.330]","[-5.613, -5.264, -6.307, -5.734, -5.653, -6.029]"
617,1,-0.8849,-1.9891,0.331,205,553,15,0,0.291,50,0.32,16413,772.90,0,0,36.000(45.000%)(1.714m),53.000(46.765%)(3.536m),62.413(55.071%)(4.544m),22.547(19.894%)(0.273m),11.703(14.628%)(0.000m),28.000(70.000%)(1.929m),9.727(24.318%)(0.000m),1107.251,3625.831,62.4,1.0407,"[0.747, 1.512, 1.490, 0.750, 1.704, 1.382]","[2.370, 2.936, 2.648, 2.335, 3.048, 2.454]","[-5.550, -5.047, -5.454, -5.173, -4.817, -4.980]"
618,1,-0.3576,-1.9664,0.305,199,578,20,41,0.291,50,0.32,16433,732.88,0,0,23.000(28.750%)(0.321m),36.000(31.765%)(1.714m),80.617(71.133%)(6.495m),29.679(26.187%)(1.037m),13.673(17.092%)(0.000m),19.000(47.500%)(0.964m),9.607(24.016%)(0.000m),208.276,2782.428,67.2,0.9952,"[0.060, 0.662, 0.752, 0.120, 0.851, 0.764]","[2.265, 2.886, 2.665, 2.563, 3.191, 2.770]","[-5.315, -4.930, -4.078, -5.359, -4.395, -4.157]"
619,1,0.9618,-1.9177,0.394,308,900,21,13,0.290,65,0.32,16464,1135.17,0,0,31.000(38.750%)(1.179m),62.000(54.706%)(4.500m),80.000(70.588%)(6.429m),29.000(25.588%)(0.964m),22.628(28.285%)(0.282m),22.000(55.000%)(1.286m),15.951(39.877%)(0.638m),0.000,2868.800,67.6,1.0847,"[0.480, 0.910, 0.937, 0.473, 1.152, 0.995]","[2.754, 3.299, 2.672, 2.856, 3.545, 2.836]","[-5.081, -5.410, -4.006, -5.045, -5.070, -4.053]"
620,1,-0.7104,-1.8754,0.304,377,1056,48,36,0.290,70,0.32,16502,1362.32,0,0,11.000(13.750%)(0.000m),20.000(17.647%)(0.000m),74.000(65.294%)(5.786m),44.000(38.824%)(2.571m),21.644(27.055%)(0.176m),23.000(57.500%)(1.393m),15.266(38.166%)(0.564m),406.150,3136.129,64.8,1.0384,"[0.844, 1.205, 0.729, 0.850, 1.243, 0.677]","[2.495, 3.144, 2.681, 2.579, 3.293, 2.653]","[-2.905, -4.969, -5.478, -3.236, -6.211, -4.923]"
621,1,-0.9019,-1.8192,0.308,199,509,26,0,0.289,45,0.32,16522,724.17,0,0,11.486(14.357%)(0.000m),20.586(18.164%)(0.063m),48.633(42.912%)(3.068m),48.000(42.353%)(3.000m),37.000(46.250%)(1.821m),10.286(25.715%)(0.031m),40.000(100.000%)(3.214m),754.690,3723.132,59.2,1.0025,"[1.261, 1.006, 0.498, 1.153, 1.170, 0.508]","[2.525, 2.765, 2.485, 2.344, 3.031, 2.585]","[-4.389, -5.276, -5.795, -5.226, -4.997, -5.566]"
622,1,-2.5147,-1.7400,0.377,417,1145,76,37,0.288,70,0.32,16564,1500.39,0,0,26.000(32.500%)(0.643m),55.000(48.530%)(3.750m),76.000(67.059%)(6.000m),25.000(22.059%)(0.536m),13.000(16.250%)(0.000m),28.000(70.000%)(1.929m),10.000(25.000%)(0.000m),1130.798,4784.705,63.5,1.0189,"[0.083, 0.570, 0.657, -0.057, 0.796, 0.652]","[2.341, 3.050, 2.821, 2.421, 3.333, 2.887]","[-5.770, -5.231, -4.881, -5.404, -5.510, -4.285]"
623,1,-1.4807,-1.7110,0.303,327,938,86,68,0.288,65,0.32,16597,1126.78,0,0,19.000(23.750%)(0.000m),36.000(31.765%)(1.714m),36.000(31.765%)(1.714m),28.000(24.706%)(0.857m),19.840(24.799%)(0.000m),19.000(47.500%)(0.964m),13.967(34.918%)(0.425m),44.395,2509.428,66.4,1.1477,"[0.122, 0.492, 0.304, -0.121, 0.591, 0.287]","[2.675, 2.991, 2.356, 2.781, 3.268, 2.523]","[-4.999, -4.000, -4.733, -5.233, -4.794, -5.148]"
624,1,-1.5643,-1.6812,0.362,182,523,19,24,0.287,45,0.32,16616,639.87,0,0,25.000(31.250%)(0.536m),46.000(40.588%)(2.786m),49.453(43.635%)(3.156m),20.320(17.929%)(0.034m),11.210(14.013%)(0.000m),24.000(60.000%)(1.500m),9.916(24.790%)(0.000m),481.414,2895.514,66.5,0.9712,"[0.286, 1.095, 1.055, 0.216, 1.268, 0.940]","[2.326, 3.171, 2.901, 2.488, 3.468, 2.940]","[-5.369, -5.512, -6.114, -5.426, -5.228, -5.832]"
625,1,-1.5607,-1.6741,0.308,235,617,15,50,0.287,50,0.32,16640,795.80,0,0,19.000(23.750%)(0.000m),36.000(31.765%)(1.714m),33.118(29.222%)(1.405m),17.143(15.126%)(0.000m),10.464(13.080%)(0.000m),20.000(50.000%)(1.071m),10.464(26.160%)(0.050m),377.233,3364.976,60.8,0.9831,"[0.881, 1.025, 0.623, 0.852, 1.215, 0.596]","[2.451, 3.128, 3.082, 2.575, 3.399, 2.982]","[-6.020, -5.425, -6.352, -5.869, -5.244, -5.699]"
626,1,-1.2768,-1.6739,0.575,224,577,39,14,0.286,50,0.32,16663,767.23,0,0,29.000(36.250%)(0.964m),37.000(32.647%)(1.821m),49.000(43.235%)(3.107m),22.996(20.291%)(0.321m),12.091(15.114%)(0.000m),40.000(100.000%)(3.214m),10.176(25.441%)(0.019m),391.137,3350.485,59.6,1.0912,"[0.510, 1.004, 1.100, 0.369, 1.165, 1.100]","[2.638, 3.089, 2.836, 2.664, 3.370, 2.991]","[-5.168, -4.983, -4.436, -5.510, -4.903, -4.467]"
627,1,-2.0553,-1.6594,0.304,233,590,42,24,0.286,50,0.32,16687,927.39,0,0,12.074(15.093%)(0.000m),23.897(21.086%)(0.418m),48.000(42.353%)(3.000m),42.000(37.059%)(2.357m),25.000(31.250%)(0.536m),9.786(24.466%)(0.000m),40.000(100.000%)(3.214m),675.069,4029.080,58.6,1.2726,"[0.988, 0.766, 0.372, 0.932, 0.869, 0.363]","[2.642, 3.324, 2.538, 2.785, 3.581, 2.669]","[-2.841, -4.990, -5.630, -3.482, -5.410, -5.511]"
628,1,-6.1665,-1.7485,0.306,600,1664,175,94,0.285,85,0.32,16747,2061.63,0,0,18.257(22.821%)(0.000m),20.000(17.647%)(0.000m),20.000(17.647%)(0.000m),22.000(19.412%)(0.214m),26.000(32.500%)(0.643m),12.823(32.057%)(0.302m),19.000(47.500%)(0.964m),0.000,2782.834,64.2,1.0340,"[0.088, 0.001, -0.169, -0.115, 0.156, -0.236]","[2.329, 3.017, 2.664, 2.433, 3.256, 2.769]","[-5.903, -6.004, -6.205, -6.281, -6.214, -6.066]"
629,1,-3.0304,-1.8264,0.238,447,1181,132,108,0.284,70,0.32,16792,1583.82,0,0,25.000(31.250%)(0.536m),26.000(22.941%)(0.643m),21.000(18.529%)(0.107m),33.000(29.118%)(1.393m),17.307(21.634%)(0.000m),18.000(45.000%)(0.857m),12.164(30.410%)(0.232m),337.926,3682.560,61.1,1.0158,"[0.326, 0.803, 0.811, 0.155, 0.919, 0.828]","[2.482, 3.080, 2.867, 2.531, 3.223, 2.972]","[-5.270, -4.972, -5.497, -5.963, -5.510, -5.559]"
630,1,1.0720,-1.8053,0.335,357,1015,39,12,0.284,70,0.32,16828,1249.40,0,0,11.000(13.750%)(0.000m),18.000(15.882%)(0.000m),37.000(32.647%)(1.821m),36.507(32.213%)(1.769m),17.474(21.843%)(0.000m),26.000(65.000%)(1.714m),12.299(30.748%)(0.246m),693.108,3506.451,65.8,0.9654,"[0.257, 0.884, 0.953, 0.312, 1.015, 1.001]","[2.683, 3.368, 2.896, 2.854, 3.570, 3.110]","[-8.896, -6.340, -6.279, -8.581, -7.728, -6.171]"
631,1,-0.6550,-1.7671,0.269,197,544,15,16,0.283,50,0.32,16848,732.60,0,0,27.000(33.750%)(0.750m),40.000(35.294%)(2.143m),36.274(32.006%)(1.744m),17.746(15.659%)(0.000m),10.534(13.168%)(0.000m),25.000(62.500%)(1.607m),10.155(25.387%)(0.017m),405.472,3097.428,63.9,1.1543,"[0.614, 1.221, 1.093, 0.547, 1.402, 1.044]","[2.308, 3.079, 2.845, 2.462, 3.357, 2.917]","[-5.715, -5.168, -5.915, -5.864, -4.973, -5.581]"
632,1,5.2359,-1.6101,0.388,663,1782,65,89,0.283,85,0.32,16915,2391.37,0,0,23.000(28.750%)(0.321m),20.000(17.647%)(0.000m),24.000(21.177%)(0.429m),49.909(44.037%)(3.205m),23.911(29.889%)(0.419m),20.000(50.000%)(1.071m),16.933(42.331%)(0.743m),0.000,3949.840,62.2,1.0662,"[0.558, 0.723, 0.478, 0.599, 0.833, 0.455]","[2.525, 3.079, 2.613, 2.762, 3.263, 2.698]","[-5.653, -5.056, -5.318, -5.766, -7.140, -5.650]"
633,1,-1.1538,-1.5358,0.323,364,1023,8,48,0.282,70,0.32,16952,1323.22,0,0,17.000(21.250%)(0.000m),17.000(15.000%)(0.000m),33.000(29.118%)(1.393m),48.321(42.637%)(3.034m),23.147(28.934%)(0.337m),22.000(55.000%)(1.286m),16.378(40.945%)(0.683m),695.793,3865.828,65.0,1.0480,"[0.516, 0.658, 0.538, 0.570, 0.778, 0.523]","[2.135, 3.085, 2.520, 2.453, 3.315, 2.691]","[-7.542, -5.985, -6.161, -7.545, -7.438, -6.166]"
634,1,-1.4882,-1.7808,0.342,943,2564,130,163,0.282,95,0.32,17047,3324.86,0,0,22.000(27.500%)(0.214m),43.000(37.941%)(2.464m),65.000(57.353%)(4.821m),16.000(14.118%)(0.000m),11.000(13.750%)(0.000m),16.000(40.000%)(0.643m),12.000(30.000%)(0.214m),270.271,4483.075,62.9,1.0191,"[0.332, 0.820, 0.660, 0.331, 0.963, 0.600]","[2.350, 3.176, 2.553, 2.407, 3.332, 2.745]","[-5.265, -4.840, -5.701, -5.299, -4.419, -5.000]"
635,1,-1.2426,-1.8009,0.453,302,888,5,11,0.281,65,0.31,17078,1078.44,0,0,32.000(40.000%)(1.286m),46.000(40.588%)(2.786m),27.000(23.824%)(0.750m),20.000(17.647%)(0.000m),26.643(33.303%)(0.712m),25.000(62.500%)(1.607m),18.930(47.324%)(0.957m),0.000,2794.431,68.0,1.0564,"[0.280, 0.670, 0.801, 0.081, 0.894, 0.873]","[2.113, 2.664, 2.159, 2.061, 2.796, 2.263]","[-6.022, -4.955, -6.228, -5.707, -5.047, -5.889]"
636,1,-5.8847,-1.8890,0.300,203,527,49,25,0.280,45,0.31,17099,733.79,0,0,11.551(14.439%)(0.000m),21.696(19.144%)(0.182m),35.000(30.882%)(1.607m),29.000(25.588%)(0.964m),27.000(33.750%)(0.750m),9.844(24.611%)(0.000m),40.000(100.000%)(3.214m),305.027,3760.073,60.1,0.9450,"[0.572, 0.110, -0.557, 0.485, 0.167, -0.552]","[2.459, 3.002, 2.332, 2.400, 3.140, 2.567]","[-4.268, -4.570, -5.517, -4.619, -4.658, -5.435]"
637,1,-6.5537,-1.9749,0.336,410,1109,205,54,0.280,70,0.31,17140,1424.18,0,0,17.015(21.269%)(0.000m),21.000(18.529%)(0.107m),20.000(17.647%)(0.000m),21.000(18.529%)(0.107m),19.608(24.510%)(0.000m),11.970(29.925%)(0.211m),13.900(34.750%)(0.418m),0.000,3214.785,62.6,0.9884,"[0.138, 0.266, -0.064, 0.162, 0.313, -0.222]","[2.297, 3.042, 2.543, 2.425, 3.237, 2.767]","[-6.256, -5.424, -5.329, -6.112, -5.704, -5.825]"
638,1,-1.1819,-1.9844,0.402,336,955,160,10,0.279,65,0.31,17174,1217.87,0,0,40.000(50.000%)(2.143m),20.000(17.647%)(0.000m),19.000(16.765%)(0.000m),20.000(17.647%)(0.000m),22.236(27.795%)(0.240m),28.000(70.000%)(1.929m),15.695(39.239%)(0.610m),0.000,3266.646,65.8,0.9433,"[0.406, 0.779, 0.955, 0.381, 1.212, 0.933]","[2.295, 2.972, 2.637, 2.326, 3.164, 2.634]","[-6.844, -5.363, -5.984, -6.968, -5.395, -6.274]"
639,1,0.1018,-1.8633,0.374,326,935,67,36,0.279,65,0.31,17207,1159.90,0,0,26.000(32.500%)(0.643m),43.000(37.941%)(2.464m),19.000(16.765%)(0.000m),19.000(16.765%)(0.000m),18.013(22.516%)(0.000m),22.000(55.000%)(1.286m),12.649(31.623%)(0.284m),0.000,2528.021,66.4,1.0343,"[0.102, 0.818, 0.594, 0.021, 0.997, 0.867]","[2.396, 2.999, 2.770, 2.342, 3.329, 2.973]","[-6.461, -5.033, -6.370, -6.424, -5.070, -5.350]"
640,1,-1.4768,-1.8413,0.485,230,632,22,32,0.278,50,0.31,17230,811.73,0,0,29.000(36.250%)(0.964m),49.000(43.235%)(3.107m),74.000(65.294%)(5.786m),45.158(39.846%)(2.696m),21.928(27.410%)(0.207m),14.000(35.000%)(0.429m),15.477(38.692%)(0.587m),899.107,3725.658,63.6,0.9898,"[0.687, 1.126, 1.179, 0.666, 1.448, 1.294]","[2.415, 3.081, 2.339, 2.543, 3.317, 2.658]","[-4.200, -2.946, -2.111, -4.451, -2.147, -2.076]"
641,1,-3.1176,-1.8749,0.398,384,1101,44,35,0.278,70,0.31,17269,1470.36,0,0,10.000(12.500%)(0.000m),61.000(53.824%)(4.393m),56.000(49.412%)(3.857m),40.000(35.294%)(2.143m),20.458(25.573%)(0.049m),11.000(27.500%)(0.107m),14.420(36.049%)(0.474m),258.466,3360.391,66.3,1.0893,"[0.431, 1.080, 0.913, 0.474, 1.230, 0.953]","[2.231, 2.848, 2.665, 2.191, 3.092, 2.719]","[-4.074, -1.225, -0.567, -4.087, -1.343, -0.699]"
642,1,-1.3640,-1.9163,0.338,429,1194,93,96,0.277,75,0.31,17312,1609.45,0,0,21.000(26.250%)(0.107m),32.000(28.235%)(1.286m),67.000(59.118%)(5.036m),38.130(33.644%)(1.942m),14.000(17.500%)(0.000m),20.000(50.000%)(1.071m),11.000(27.500%)(0.107m),475.816,3675.232,64.4,1.1983,"[0.615, 0.764, 0.560, 0.522, 1.110, 0.553]","[2.767, 2.843, 2.653, 2.634, 3.116, 2.700]","[-4.575, -2.790, -4.814, -4.793, -3.440, -5.088]"
643,1,-0.0345,-1.8780,0.268,280,846,149,11,0.277,65,0.31,17340,982.25,0,0,42.000(52.500%)(2.357m),81.000(71.471%)(6.536m),28.000(24.706%)(0.857m),19.000(16.765%)(0.000m),21.263(26.579%)(0.135m),29.000(72.500%)(2.036m),14.970(37.425%)(0.533m),0.000,2796.287,69.9,0.9848,"[-0.439, 0.383, 0.546, -0.558, 0.533, 0.543]","[2.563, 3.061, 2.527, 2.545, 3.440, 2.608]","[-4.928, -5.943, -5.458, -5.011, -5.501, -5.041]"
644,1,-3.6467,-1.9263,0.337,166,431,19,0,0.276,40,0.31,17357,657.38,0,0,46.000(57.500%)(2.786m),57.000(50.294%)(3.964m),42.927(37.877%)(2.456m),19.659(17.346%)(0.000m),11.326(14.158%)(0.000m),40.000(100.000%)(3.214m),10.524(26.311%)(0.056m),845.864,4054.315,60.0,1.0732,"[0.039, 0.111, 0.675, 0.071, 0.243, 0.613]","[2.507, 2.781, 2.704, 2.648, 2.986, 2.714]","[-5.359, -5.956, -5.410, -5.455, -5.701, -5.127]"
645,1,2.9342,-1.8353,0.410,298,873,56,31,0.275,65,0.31,17387,1069.57,0,0,27.000(33.750%)(0.750m),27.000(23.824%)(0.750m),33.000(29.118%)(1.393m),21.617(19.074%)(0.173m),11.650(14.562%)(0.000m),23.000(57.500%)(1.393m),10.053(25.132%)(0.006m),148.221,2429.433,67.8,0.9696,"[-0.014, 0.516, 0.404, -0.161, 0.597, 0.342]","[2.310, 2.889, 2.544, 2.407, 3.029, 2.562]","[-6.195, -4.994, -5.453, -6.851, -4.956, -5.671]"
646,1,-1.4803,-1.8026,0.232,185,473,33,0,0.275,45,0.31,17406,652.95,0,0,10.186(12.733%)(0.000m),15.380(13.570%)(0.000m),25.792(22.758%)(0.621m),44.000(38.824%)(2.571m),37.000(46.250%)(1.821m),11.515(28.789%)(0.162m),40.000(100.000%)(3.214m),759.107,3826.316,59.2,1.0107,"[0.481, 0.448, -0.003, 0.498, 0.410, -0.000]","[2.064, 2.498, 1.882, 2.063, 2.659, 1.963]","[-5.132, -4.897, -5.270, -5.725, -5.500, -5.032]"
647,1,2.2262,-1.5791,0.233,223,668,13,0,0.274,55,0.31,17429,756.51,0,0,38.000(47.500%)(1.929m),79.000(69.706%)(6.321m),60.315(53.220%)(4.319m),22.490(19.844%)(0.267m),11.974(14.967%)(0.000m),26.000(65.000%)(1.714m),10.204(25.511%)(0.022m),1264.203,3326.609,69.3,0.9243,"[-0.025, 0.518, 0.562, -0.065, 0.775, 0.632]","[1.794, 2.341, 2.089, 1.901, 2.576, 2.205]","[-5.465, -4.979, -4.605, -5.480, -4.687, -4.424]"
648,1,-2.6753,-1.5830,0.255,149,402,14,0,0.274,40,0.31,17444,542.19,0,0,9.905(12.381%)(0.000m),14.055(12.402%)(0.000m),21.559(19.022%)(0.167m),50.000(44.118%)(3.214m),39.000(48.750%)(2.036m),12.534(31.336%)(0.272m),40.000(100.000%)(3.214m),743.363,3187.428,62.4,0.9596,"[0.584, 0.575, 0.227, 0.451, 0.629, 0.194]","[2.032, 2.749, 2.378, 2.063, 2.951, 2.473]","[-4.587, -4.767, -5.105, -5.409, -4.936, -5.073]"
649,1,-1.6298,-1.5565,0.363,318,936,38,34,0.273,65,0.31,17476,1070.11,0,0,13.000(16.250%)(0.000m),26.000(22.941%)(0.643m),63.000(55.588%)(4.607m),35.678(31.481%)(1.680m),16.671(20.839%)(0.000m),23.000(57.500%)(1.393m),11.687(29.217%)(0.181m),401.134,3003.016,68.2,1.0603,"[-0.591, -0.030, -0.002, -0.545, 0.109, 0.023]","[1.759, 2.398, 2.153, 1.901, 2.550, 2.229]","[-5.509, -5.253, -5.173, -5.616, -6.625, -5.154]"
650,1,-3.9590,-1.5614,0.264,219,570,21,0,0.273,50,0.31,17498,790.85,0,0,33.000(41.250%)(1.393m),56.000(49.412%)(3.857m),69.000(60.883%)(5.250m),29.316(25.867%)(0.998m),13.651(17.064%)(0.000m),40.000(100.000%)(3.214m),9.608(24.019%)(0.000m),857.066,4588.437,60.2,1.0197,"[0.213, 0.755, 1.114, 0.239, 0.955, 1.058]","[2.087, 2.665, 2.285, 2.161, 2.825, 2.457]","[-5.525, -4.990, -2.772, -5.444, -5.024, -2.855]"
651,1,-2.4656,-1.4515,0.361,401,1088,116,37,0.272,70,0.31,17539,1552.82,0,0,18.123(22.654%)(0.000m),38.105(33.622%)(1.940m),34.000(30.000%)(1.500m),21.000(18.529%)(0.107m),28.000(35.000%)(0.857m),12.777(31.943%)(0.298m),25.000(62.500%)(1.607m),300.184,4145.644,62.8,1.1218,"[0.121, 0.417, -0.197, 0.052, 0.545, -0.122]","[1.972, 2.791, 2.277, 2.073, 3.063, 2.455]","[-6.237, -5.071, -6.791, -6.117, -5.567, -6.383]"
652,1,-1.7767,-1.4639,0.318,659,1963,163,138,0.272,95,0.31,17605,2552.16,0,0,15.000(18.750%)(0.000m),33.000(29.118%)(1.393m),33.000(29.118%)(1.393m),23.000(20.294%)(0.321m),14.130(17.662%)(0.000m),13.000(32.500%)(0.321m),9.886(24.716%)(0.000m),0.000,2966.733,68.9,1.0365,"[-0.252, 0.180, 0.044, -0.352, 0.251, 0.049]","[2.445, 2.995, 2.601, 2.298, 3.148, 2.553]","[-5.440, -5.304, -4.720, -5.397, -5.039, -4.831]"
653,1,-1.6447,-1.5060,0.177,159,424,15,0,0.271,40,0.31,17621,608.92,0,0,9.473(11.841%)(0.000m),12.659(11.170%)(0.000m),18.019(15.899%)(0.000m),35.439(31.270%)(1.654m),38.000(47.500%)(1.929m),13.663(34.157%)(0.392m),40.000(100.000%)(3.214m),467.751,3303.684,61.6,1.0539,"[0.508, 0.643, 0.323, 0.493, 0.777, 0.492]","[2.378, 2.967, 2.438, 2.464, 3.273, 2.770]","[-6.771, -5.673, -6.216, -7.122, -5.754, -5.950]"
654,1,-0.4285,-1.4808,0.281,397,1121,79,54,0.271,70,0.31,17661,1434.05,0,0,27.000(33.750%)(0.750m),48.000(42.353%)(3.000m),60.000(52.941%)(4.286m),47.657(42.051%)(2.963m),12.000(15.000%)(0.000m),24.000(60.000%)(1.500m),11.000(27.500%)(0.107m),609.773,3504.531,65.4,1.0150,"[0.599, 0.845, 0.695, 0.553, 0.968, 0.680]","[2.321, 2.788, 2.401, 2.356, 3.022, 2.499]","[-2.569, -1.593, -1.413, -2.832, -1.040, -1.097]"
655,1,-1.1316,-1.4983,0.387,143,391,0,9,0.270,40,0.31,17676,527.25,0,0,23.000(28.750%)(0.321m),26.000(22.941%)(0.643m),64.000(56.471%)(4.714m),92.713(81.805%)(7.791m),46.844(58.555%)(2.876m),40.000(100.000%)(3.214m),37.968(94.921%)(2.997m),0.000,2463.687,63.3,0.9928,"[1.096, 0.864, 0.378, 1.082, 0.951, 0.424]","[2.429, 2.839, 2.364, 2.531, 3.098, 2.567]","[-2.895, -4.934, -5.335, -2.994, -5.684, -5.289]"
656,1,-1.6509,-1.4969,0.278,339,960,159,26,0.269,65,0.30,17710,1233.50,0,0,28.000(35.000%)(0.857m),20.000(17.647%)(0.000m),20.000(17.647%)(0.000m),20.000(17.647%)(0.000m),17.636(22.045%)(0.000m),26.000(65.000%)(1.714m),12.395(30.987%)(0.257m),0.000,2591.956,65.5,1.0418,"[-0.366, 0.289, 0.071, -0.500, 0.369, 0.094]","[1.935, 2.620, 2.289, 2.069, 2.824, 2.443]","[-6.511, -5.204, -6.245, -6.862, -5.066, -6.163]"
657,1,6.1160,-1.3778,0.399,772,2179,118,102,0.269,95,0.30,17788,2843.42,0,0,31.000(38.750%)(1.179m),49.000(43.235%)(3.107m),34.000(30.000%)(1.500m),20.000(17.647%)(0.000m),19.202(24.002%)(0.000m),18.000(45.000%)(0.857m),13.497(33.741%)(0.375m),0.000,3813.024,65.3,1.0322,"[0.423, 0.771, 0.638, 0.365, 0.972, 0.759]","[1.991, 2.366, 2.183, 2.009, 2.663, 2.301]","[-5.151, -5.556, -5.265, -4.962, -5.559, -5.043]"
658,1,-2.8029,-1.3841,0.291,425,1135,112,19,0.268,70,0.30,17831,1410.11,0,0,21.833(27.291%)(0.196m),45.629(40.261%)(2.746m),41.000(36.177%)(2.250m),23.000(20.294%)(0.321m),25.000(31.250%)(0.536m),15.453(38.633%)(0.584m),28.000(70.000%)(1.929m),0.000,4344.528,61.8,0.9150,"[0.403, 0.703, 0.828, 0.376, 0.848, 0.735]","[2.489, 3.056, 2.879, 2.624, 3.236, 2.921]","[-4.235, -4.617, -3.480, -4.354, -4.397, -3.444]"
659,1,-3.7321,-1.4018,0.387,533,1419,188,24,0.268,75,0.30,17885,1983.65,0,0,16.294(20.368%)(0.000m),34.655(30.578%)(1.570m),95.000(83.824%)(8.036m),60.000(52.941%)(4.286m),31.000(38.750%)(1.179m),11.451(28.628%)(0.155m),23.000(57.500%)(1.393m),1273.226,4598.256,61.6,1.0745,"[0.712, 0.781, 0.177, 0.630, 1.019, 0.093]","[2.553, 2.914, 2.556, 2.599, 3.244, 2.639]","[-4.266, -1.940, -4.897, -4.738, -1.614, -5.240]"
660,1,-1.4712,-1.4341,0.397,550,1422,179,51,0.267,75,0.30,17940,1949.85,0,0,30.000(37.500%)(1.071m),48.000(42.353%)(3.000m),56.000(49.412%)(3.857m),36.788(32.460%)(1.799m),11.000(13.750%)(0.000m),24.000(60.000%)(1.500m),11.000(27.500%)(0.107m),823.573,4517.525,59.8,1.0146,"[0.347, 1.044, 0.945, 0.417, 1.235, 0.917]","[2.238, 2.978, 2.726, 2.376, 3.296, 2.757]","[-4.694, -2.833, -1.982, -4.683, -2.601, -2.331]"
661,1,-2.9492,-1.4578,0.406,241,631,14,20,0.267,50,0.30,17965,859.78,0,0,25.000(31.250%)(0.536m),49.000(43.235%)(3.107m),62.000(54.706%)(4.500m),26.248(23.160%)(0.669m),12.696(15.870%)(0.000m),25.000(62.500%)(1.607m),9.905(24.763%)(0.000m),725.098,3793.862,60.6,1.0748,"[0.848, 1.342, 1.319, 0.777, 1.484, 1.307]","[2.680, 2.737, 2.442, 2.741, 2.971, 2.356]","[-5.028, -4.798, -3.943, -5.045, -4.970, -4.065]"
662,1,-2.4913,-1.4393,0.356,372,1084,119,80,0.266,70,0.30,18003,1373.73,0,0,40.000(50.000%)(2.143m),69.000(60.883%)(5.250m),59.000(52.059%)(4.179m),36.000(31.765%)(1.714m),21.000(26.250%)(0.107m),27.000(67.500%)(1.821m),10.000(25.000%)(0.000m),209.231,3165.475,67.4,1.0283,"[0.025, 0.860, 0.543, 0.072, 0.909, 0.786]","[2.328, 2.749, 2.387, 2.297, 3.019, 2.454]","[-4.333, -1.718, -1.845, -4.291, -1.638, -1.365]"
663,1,-1.7831,-1.4544,0.376,144,411,15,0,0.266,40,0.30,18018,541.17,0,0,11.772(14.715%)(0.000m),22.390(19.756%)(0.256m),60.575(53.448%)(4.347m),63.000(55.588%)(4.607m),40.000(50.000%)(2.143m),9.908(24.770%)(0.000m),40.000(100.000%)(3.214m),860.176,3288.472,66.1,1.0018,"[0.652, 0.531, -0.502, 0.471, 0.567, -0.580]","[2.417, 3.167, 2.651, 2.567, 3.360, 2.671]","[-4.908, -5.293, -5.289, -5.530, -5.030, -5.289]"
664,1,0.3788,-1.4238,0.320,326,938,96,20,0.265,65,0.30,18051,1214.23,0,0,31.000(38.750%)(1.179m),46.000(40.588%)(2.786m),41.000(36.177%)(2.250m),29.000(25.588%)(0.964m),15.410(19.262%)(0.000m),27.000(67.500%)(1.821m),10.793(26.982%)(0.085m),0.000,2459.139,66.6,1.0335,"[-0.510, 0.654, 0.841, -0.693, 0.813, 0.805]","[2.164, 2.689, 2.661, 2.146, 3.024, 2.645]","[-5.569, -4.555, -1.817, -5.566, -4.423, -1.920]"
665,1,-1.7328,-1.4305,0.284,205,544,15,6,0.265,45,0.30,18072,772.76,0,0,30.000(37.500%)(1.071m),45.000(39.706%)(2.679m),51.087(45.076%)(3.331m),20.991(18.521%)(0.106m),11.580(14.475%)(0.000m),30.000(75.000%)(2.143m),10.243(25.609%)(0.026m),534.454,3644.052,61.4,0.9623,"[0.644, 1.119, 1.119, 0.524, 1.265, 1.108]","[2.535, 2.954, 2.662, 2.482, 3.174, 2.607]","[-5.612, -5.342, -5.319, -5.470, -5.474, -5.127]"
666,1,-3.1233,-1.4041,0.304,484,1308,80,165,0.264,75,0.30,18121,1770.74,0,0,15.141(18.926%)(0.000m),32.042(28.272%)(1.290m),63.000(55.588%)(4.607m),46.000(40.588%)(2.786m),19.000(23.750%)(0.000m),10.634(26.585%)(0.068m),13.000(32.500%)(0.321m),556.294,4363.868,62.6,1.1182,"[0.107, 0.062, -0.041, 0.078, 0.261, -0.120]","[2.581, 3.166, 2.740, 2.625, 3.298, 2.729]","[-5.329, -4.537, -5.469, -5.446, -4.911, -5.403]"
667,1,3.0230,-1.3259,0.484,380,1117,1,69,0.264,75,0.30,18159,1389.14,0,0,24.000(30.000%)(0.429m),42.000(37.059%)(2.357m),72.000(63.530%)(5.571m),39.000(34.412%)(2.036m),24.586(30.732%)(0.491m),21.000(52.500%)(1.179m),16.000(40.000%)(0.643m),224.437,2940.770,68.0,1.1225,"[0.711, 0.918, 0.628, 0.694, 1.070, 0.738]","[2.637, 2.890, 2.559, 2.672, 3.148, 2.504]","[-4.364, -1.923, -2.304, -4.241, -1.915, -2.534]"
668,1,-1.3199,-1.3452,0.345,236,640,32,20,0.263,50,0.30,18183,822.18,0,0,26.000(32.500%)(0.643m),38.000(33.530%)(1.929m),63.000(55.588%)(4.607m),29.166(25.735%)(0.982m),13.281(16.602%)(0.000m),26.000(65.000%)(1.714m),9.585(23.962%)(0.000m),356.208,3393.503,62.8,0.9912,"[0.673, 1.213, 1.166, 0.650, 1.398, 1.275]","[2.633, 2.978, 2.381, 2.724, 3.225, 2.607]","[-5.207, -4.950, -2.874, -5.093, -4.753, -2.711]"
669,1,-2.5998,-1.4164,0.389,203,496,33,0,0.263,45,0.30,18204,758.81,0,0,12.880(16.100%)(0.000m),27.387(24.165%)(0.791m),73.000(64.412%)(5.679m),66.000(58.235%)(4.929m),50.000(62.500%)(3.214m),9.668(24.169%)(0.000m),40.000(100.000%)(3.214m),2036.973,6194.267,56.5,0.9902,"[1.680, 1.102, 0.308, 1.643, 0.960, 0.166]","[2.498, 3.102, 2.826, 2.443, 3.240, 2.721]","[-0.058, -4.234, -5.029, -0.138, -4.916, -5.026]"
670,1,18.5777,-1.0307,0.404,1022,2809,34,80,0.262,100,0.45,18307,3691.23,1,1,27.000(33.750%)(0.750m),50.000(44.118%)(3.214m),46.000(40.588%)(2.786m),36.000(31.765%)(1.714m),24.047(30.058%)(0.434m),19.000(47.500%)(0.964m),17.002(42.505%)(0.750m),420.719,3250.444,63.6,1.0076,"[0.942, 1.221, 1.065, 0.816, 1.321, 1.066]","[2.551, 3.115, 2.966, 2.515, 3.250, 2.930]","[-3.604, -1.514, -4.107, -3.836, -1.314, -4.308]"
671,1,-2.3086,-1.0588,0.333,621,1704,183,63,0.261,85,0.45,18370,2171.41,0,0,16.403(20.504%)(0.000m),21.000(18.529%)(0.107m),34.000(30.000%)(1.500m),33.000(29.118%)(1.393m),24.000(30.000%)(0.429m),11.547(28.868%)(0.166m),22.000(55.000%)(1.286m),0.000,2975.931,63.5,1.0413,"[0.560, 0.475, -0.068, 0.370, 0.627, -0.163]","[2.505, 3.057, 2.897, 2.631, 3.440, 2.965]","[-6.335, -6.329, -6.878, -6.846, -6.365, -6.734]"
672,1,-3.7770,-1.0840,0.412,235,601,20,0,0.261,50,0.45,18394,870.45,0,0,13.252(16.565%)(0.000m),28.223(24.903%)(0.881m),73.330(64.703%)(5.714m),76.000(67.059%)(6.000m),36.000(45.000%)(1.714m),9.690(24.226%)(0.000m),40.000(100.000%)(3.214m),2721.875,6173.406,59.2,1.0415,"[1.181, 1.033, 0.628, 1.059, 1.177, 0.372]","[2.556, 3.133, 3.000, 2.559, 3.388, 2.744]","[-2.807, -4.763, -5.259, -3.347, -4.721, -5.662]"
673,1,-0.9628,-1.0737,0.316,345,923,48,17,0.260,65,0.45,18429,1224.67,0,0,30.000(37.500%)(1.071m),43.000(37.941%)(2.464m),53.000(46.765%)(3.536m),22.929(20.232%)(0.314m),11.901(14.877%)(0.000m),25.000(62.500%)(1.607m),9.892(24.731%)(0.000m),685.410,3368.865,61.9,1.0899,"[0.781, 1.228, 1.034, 0.664, 1.271, 1.006]","[2.367, 2.937, 2.543, 2.245, 2.985, 2.428]","[-5.025, -4.404, -3.865, -4.970, -4.543, -4.015]"
674,1,-2.3659,-1.0897,0.303,175,462,15,0,0.260,45,0.45,18447,659.50,0,0,38.000(47.500%)(1.929m),49.000(43.235%)(3.107m),39.045(34.451%)(2.041m),18.302(16.149%)(0.000m),10.652(13.315%)(0.000m),40.000(100.000%)(3.214m),10.020(25.050%)(0.002m),846.820,3388.619,61.1,0.9451,"[0.326, 0.521, 0.615, 0.239, 0.618, 0.472]","[2.312, 2.818, 2.485, 2.339, 3.015, 2.388]","[-5.128, -5.509, -5.702, -5.023, -5.721, -5.490]"
675,1,3.6088,-0.9863,0.355,728,2154,57,126,0.259,95,0.44,18520,2572.96,0,0,17.000(21.250%)(0.000m),38.000(33.530%)(1.929m),53.000(46.765%)(3.536m),40.874(36.065%)(2.236m),19.227(24.033%)(0.000m),11.000(27.500%)(0.107m),13.508(33.771%)(0.376m),329.951,3289.693,68.5,0.9681,"[0.097, 0.587, 0.332, -0.033, 0.763, 0.367]","[2.023, 2.898, 2.595, 2.116, 3.189, 2.618]","[-4.660, -3.018, -4.749, -4.950, -2.781, -5.013]"
676,1,-0.9547,-0.9799,0.321,300,883,108,66,0.259,65,0.44,18550,1049.52,0,0,19.000(23.750%)(0.000m),21.000(18.529%)(0.107m),20.000(17.647%)(0.000m),20.000(17.647%)(0.000m),22.763(28.453%)(0.296m),16.000(40.000%)(0.643m),16.081(40.202%)(0.652m),0.000,2134.928,68.1,1.0530,"[-0.087, 0.626, 0.335, -0.151, 0.716, 0.283]","[2.168, 2.855, 2.402, 2.457, 3.217, 2.651]","[-6.094, -4.953, -5.144, -6.626, -4.934, -5.389]"
677,1,-0.6655,-0.9521,0.478,170,444,0,14,0.258,40,0.44,18567,635.03,0,0,24.000(30.000%)(0.429m),28.000(24.706%)(0.857m),68.000(60.000%)(5.143m),95.055(83.873%)(8.042m),45.977(57.472%)(2.783m),40.000(100.000%)(3.214m),35.872(89.679%)(2.772m),61.800,2775.109,60.5,0.9331,"[1.497, 1.412, 1.022, 1.754, 1.629, 0.936]","[2.537, 2.815, 2.349, 2.961, 3.189, 2.406]","[-0.758, -2.694, -4.182, -0.789, -3.627, -4.486]"
678,1,1.3957,-0.8008,0.307,841,2315,126,106,0.258,95,0.44,18652,3055.19,0,0,21.000(26.250%)(0.107m),31.000(27.353%)(1.179m),38.000(33.530%)(1.929m),20.000(17.647%)(0.000m),16.131(20.163%)(0.000m),23.000(57.500%)(1.393m),11.310(28.275%)(0.140m),0.000,3198.075,63.7,1.0585,"[0.471, 0.852, 0.774, 0.464, 1.088, 0.890]","[2.455, 3.035, 2.889, 2.583, 3.398, 2.986]","[-5.143, -5.583, -5.012, -4.708, -5.239, -4.043]"
679,1,-3.3139,-0.8065,0.331,397,1139,4,76,0.257,75,0.44,18692,1439.98,0,0,27.000(33.750%)(0.750m),48.000(42.353%)(3.000m),69.000(60.883%)(5.250m),56.000(49.412%)(3.857m),25.000(31.250%)(0.536m),11.000(27.500%)(0.107m),19.392(48.480%)(1.006m),814.848,3345.090,66.4,1.1700,"[0.831, 1.039, 1.001, 0.738, 1.246, 1.022]","[2.431, 3.277, 2.881, 2.643, 3.347, 2.825]","[-5.015, -3.752, -0.816, -5.559, -3.219, -0.918]"
680,1,3.5375,-0.7572,0.201,299,882,2,39,0.257,65,0.44,18722,1109.02,0,0,26.000(32.500%)(0.643m),46.000(40.588%)(2.786m),58.000(51.177%)(4.071m),30.000(26.471%)(1.071m),22.000(27.500%)(0.214m),22.000(55.000%)(1.286m),17.119(42.797%)(0.763m),16.112,2647.571,68.3,1.0454,"[0.604, 0.971, 0.885, 0.509, 1.178, 0.953]","[2.474, 2.953, 2.523, 2.396, 3.051, 2.539]","[-5.813, -5.962, -3.503, -5.870, -5.585, -3.535]"
681,1,-1.0364,-0.7648,0.305,875,2402,119,174,0.256,95,0.44,18810,3178.92,0,0,13.000(16.250%)(0.000m),27.000(23.824%)(0.750m),57.000(50.294%)(3.964m),34.000(30.000%)(1.500m),17.735(22.169%)(0.000m),14.000(35.000%)(0.429m),12.495(31.237%)(0.267m),145.408,3588.468,63.5,1.0840,"[0.116, 0.467, 0.321, 0.031, 0.591, 0.344]","[2.399, 3.087, 2.693, 2.306, 3.173, 2.849]","[-5.376, -5.620, -5.557, -5.406, -7.362, -5.052]"
682,1,-1.3793,-0.8971,0.313,226,602,17,13,0.256,50,0.44,18833,776.96,0,0,29.000(36.250%)(0.964m),52.000(45.882%)(3.429m),67.000(59.118%)(5.036m),29.272(25.828%)(0.993m),13.443(16.804%)(0.000m),25.000(62.500%)(1.607m),9.702(24.254%)(0.000m),1204.723,3759.597,61.6,0.8799,"[0.759, 1.152, 1.238, 0.775, 1.246, 1.254]","[2.500, 3.034, 2.460, 2.587, 3.136, 2.537]","[-5.845, -4.936, -1.610, -5.704, -4.794, -2.055]"
683,1,-4.6324,-0.9667,0.378,322,817,94,27,0.255,60,0.44,18866,1106.50,0,0,12.710(15.887%)(0.000m),26.276(23.185%)(0.672m),41.000(36.177%)(2.250m),33.000(29.118%)(1.393m),28.000(35.000%)(0.857m),9.916(24.790%)(0.000m),25.000(62.500%)(1.607m),562.246,4001.609,58.7,1.1122,"[1.058, 1.085, 0.286, 1.043, 1.163, 0.258]","[2.379, 3.064, 2.618, 2.455, 3.184, 2.859]","[-2.434, -3.402, -5.588, -2.745, -3.983, -5.736]"
684,1,-3.4565,-1.0061,0.301,306,770,42,70,0.255,55,0.44,18897,1088.61,0,0,20.000(25.000%)(0.000m),27.000(23.824%)(0.750m),34.000(30.000%)(1.500m),23.713(20.924%)(0.398m),12.146(15.183%)(0.000m),20.000(50.000%)(1.071m),9.970(24.925%)(0.000m),126.113,3507.001,58.2,1.0981,"[0.661, 0.912, 0.700, 0.423, 1.065, 0.732]","[2.556, 3.123, 2.720, 2.475, 3.330, 2.838]","[-4.776, -5.091, -5.038, -4.969, -4.690, -5.112]"
685,1,-0.4997,-0.9912,0.367,240,626,21,27,0.254,50,0.44,18921,813.26,0,0,26.000(32.500%)(0.643m),41.000(36.177%)(2.250m),60.000(52.941%)(4.286m),25.936(22.885%)(0.636m),12.545(15.681%)(0.000m),23.000(57.500%)(1.393m),9.788(24.469%)(0.000m),403.092,4065.988,60.4,0.8766,"[0.413, 0.643, 0.922, 0.337, 1.007, 0.942]","[2.217, 2.503, 2.321, 2.304, 2.761, 2.518]","[-5.090, -5.821, -5.711, -5.075, -4.799, -5.584]"
686,1,-0.1774,-0.8771,0.305,924,2501,176,213,0.254,95,0.44,19014,3377.62,0,0,11.000(13.750%)(0.000m),17.000(15.000%)(0.000m),30.000(26.471%)(1.071m),30.179(26.629%)(1.091m),13.973(17.466%)(0.000m),16.919(42.298%)(0.741m),9.789(24.472%)(0.000m),339.169,4291.377,62.6,0.9727,"[0.096, 0.490, 0.383, 0.044, 0.700, 0.404]","[2.277, 2.641, 2.420, 2.491, 3.030, 2.508]","[-7.676, -5.811, -5.940, -7.901, -6.793, -5.360]"
687,1,-1.3512,-0.7730,0.299,522,1384,7,104,0.253,75,0.44,19067,1991.72,0,0,24.790(30.987%)(0.513m),51.463(45.409%)(3.371m),58.000(51.177%)(4.071m),32.000(28.235%)(1.286m),20.000(25.000%)(0.000m),12.000(30.000%)(0.214m),17.000(42.500%)(0.750m),269.860,4624.518,61.3,1.1852,"[0.367, 0.814, 0.868, 0.316, 0.940, 0.884]","[2.336, 2.672, 2.559, 2.448, 3.007, 2.645]","[-4.958, -3.799, -2.773, -5.351, -3.440, -3.029]"
688,1,1.4588,-0.7202,0.366,885,2434,157,201,0.253,95,0.44,19156,3259.00,0,0,13.000(16.250%)(0.000m),24.000(21.177%)(0.429m),37.000(32.647%)(1.821m),33.000(29.118%)(1.393m),21.034(26.293%)(0.111m),10.000(25.000%)(0.000m),14.804(37.009%)(0.515m),145.448,3259.380,63.7,1.0622,"[0.486, 0.782, 0.580, 0.440, 0.916, 0.566]","[2.332, 3.035, 2.669, 2.491, 3.363, 2.836]","[-4.406, -4.666, -5.022, -4.598, -5.797, -5.332]"
689,1,-5.9113,-0.8405,0.220,202,494,22,0,0.252,45,0.44,19177,738.64,0,0,48.000(60.000%)(3.000m),60.000(52.941%)(4.286m),36.625(32.316%)(1.781m),18.276(16.126%)(0.000m),10.952(13.690%)(0.000m),39.258(98.145%)(3.135m),10.688(26.719%)(0.074m),1592.458,5075.275,56.6,1.1287,"[0.606, 0.645, 0.882, 0.602, 0.970, 0.861]","[2.628, 3.041, 2.733, 2.748, 3.438, 2.789]","[-5.546, -5.286, -4.968, -5.373, -5.152, -4.980]"
690,1,-3.4517,-0.8800,0.274,401,1123,18,61,0.252,70,0.43,19218,1407.22,0,0,10.000(12.500%)(0.000m),15.000(13.235%)(0.000m),25.000(22.059%)(0.536m),32.000(28.235%)(1.286m),24.000(30.000%)(0.429m),12.000(30.000%)(0.214m),19.008(47.519%)(0.965m),106.194,2993.519,64.8,0.9963,"[0.281, 0.694, 0.634, 0.329, 0.847, 0.660]","[2.228, 2.892, 2.691, 2.396, 3.178, 2.809]","[-5.690, -5.948, -5.447, -5.509, -6.538, -5.130]"
691,1,-0.5848,-0.8293,0.347,407,1093,160,46,0.251,70,0.43,19259,1346.64,0,0,22.000(27.500%)(0.214m),21.000(18.529%)(0.107m),20.000(17.647%)(0.000m),20.000(17.647%)(0.000m),15.496(19.370%)(0.000m),25.000(62.500%)(1.607m),10.859(27.147%)(0.092m),0.000,3349.891,62.1,0.9828,"[0.400, 0.788, 0.749, 0.271, 0.941, 0.727]","[2.471, 2.630, 2.518, 2.471, 2.926, 2.460]","[-7.204, -5.695, -6.614, -7.556, -5.586, -6.570]"
692,1,-1.4648,-0.8313,0.317,860,2381,132,177,0.251,95,0.43,19345,3091.81,0,0,12.000(15.000%)(0.000m),21.000(18.529%)(0.107m),70.000(61.765%)(5.357m),37.740(33.300%)(1.901m),17.656(22.070%)(0.000m),16.087(40.217%)(0.652m),12.391(30.977%)(0.256m),575.630,4757.895,64.1,1.0262,"[0.221, 0.599, 0.322, 0.085, 0.720, 0.386]","[2.296, 3.095, 2.708, 2.429, 3.389, 2.938]","[-6.613, -5.874, -5.358, -6.395, -7.187, -4.588]"
693,1,0.9790,-0.8111,0.380,290,781,72,26,0.250,60,0.43,19374,969.96,0,0,25.000(31.250%)(0.536m),36.000(31.765%)(1.714m),49.494(43.671%)(3.160m),20.336(17.944%)(0.036m),11.219(14.024%)(0.000m),25.000(62.500%)(1.607m),9.924(24.810%)(0.000m),298.118,3116.309,62.3,0.8995,"[0.723, 1.237, 0.977, 0.512, 1.374, 0.999]","[2.406, 3.286, 2.836, 2.468, 3.507, 3.045]","[-5.226, -5.434, -4.972, -5.584, -5.323, -4.819]"
694,1,4.8386,-0.6414,0.336,828,2293,150,108,0.250,95,0.43,19457,2950.66,0,0,16.286(20.357%)(0.000m),30.000(26.471%)(1.071m),48.000(42.353%)(3.000m),26.000(22.941%)(0.643m),18.656(23.320%)(0.000m),11.458(28.646%)(0.156m),13.127(32.817%)(0.335m),0.000,3158.229,64.1,0.9401,"[0.639, 0.844, 0.360, 0.547, 0.982, 0.361]","[2.433, 3.064, 2.625, 2.511, 3.289, 2.730]","[-5.386, -5.503, -5.829, -5.813, -5.025, -5.437]"
695,1,1.7410,-0.6652,0.285,370,1083,24,84,0.249,70,0.43,19494,1334.04,0,0,17.000(21.250%)(0.000m),43.000(37.941%)(2.464m),46.000(40.588%)(2.786m),33.000(29.118%)(1.393m),23.429(29.286%)(0.367m),10.000(25.000%)(0.000m),16.530(41.325%)(0.700m),140.829,2547.966,67.7,0.9460,"[0.551, 1.029, 1.077, 0.410, 1.122, 0.974]","[2.359, 2.968, 2.815, 2.584, 3.284, 2.879]","[-4.605, -3.072, -0.668, -4.779, -2.851, -1.216]"
696,1,-4.1181,-0.7180,0.295,191,498,40,5,0.249,45,0.43,19514,664.20,0,0,33.000(41.250%)(1.393m),38.000(33.530%)(1.929m),32.997(29.115%)(1.393m),17.080(15.071%)(0.000m),10.426(13.032%)(0.000m),40.000(100.000%)(3.214m),10.426(26.064%)(0.046m),497.525,3333.809,60.4,0.9282,"[0.037, 0.390, 0.926, 0.112, 0.547, 0.774]","[2.006, 2.843, 2.738, 2.298, 3.149, 2.790]","[-5.487, -5.297, -5.562, -5.125, -5.025, -5.432]"
697,1,-2.0238,-0.8030,0.403,187,516,14,0,0.248,45,0.43,19533,693.17,0,0,31.000(38.750%)(1.179m),51.000(45.000%)(3.321m),68.006(60.006%)(5.144m),24.549(21.661%)(0.487m),12.403(15.504%)(0.000m),27.000(67.500%)(1.821m),10.053(25.133%)(0.006m),816.974,3436.770,63.9,0.9764,"[0.300, 1.171, 1.161, 0.219, 1.300, 1.169]","[2.154, 2.704, 2.326, 2.385, 3.001, 2.408]","[-5.137, -4.819, -4.825, -5.231, -4.421, -4.644]"
698,1,-1.0006,-0.7695,0.424,231,619,15,25,0.248,50,0.43,19557,788.13,0,0,27.000(33.750%)(0.750m),46.000(40.588%)(2.786m),70.000(61.765%)(5.357m),26.368(23.266%)(0.682m),12.558(15.697%)(0.000m),23.000(57.500%)(1.393m),9.673(24.182%)(0.000m),997.678,3678.977,62.0,0.9498,"[0.829, 1.205, 1.083, 0.690, 1.379, 1.228]","[2.496, 2.810, 2.424, 2.562, 3.049, 2.606]","[-5.385, -5.487, -4.266, -5.695, -5.394, -4.482]"
699,1,-1.3342,-0.7636,0.280,299,758,82,31,0.247,55,0.43,19587,1064.05,0,0,18.488(23.110%)(0.000m),38.827(34.260%)(2.017m),65.000(57.353%)(4.821m),59.000(52.059%)(4.179m),29.000(36.250%)(0.964m),13.051(32.627%)(0.327m),10.000(25.000%)(0.000m),1716.902,5768.960,58.7,1.0382,"[0.728, 0.892, 0.419, 0.778, 1.117, 0.409]","[2.084, 2.904, 2.595, 2.160, 3.079, 2.745]","[-5.777, -6.377, -4.422, -5.413, -5.262, -4.331]"
700,1,2.1015,-0.6424,0.312,308,900,98,26,0.247,65,0.43,19618,1074.33,0,0,23.000(28.750%)(0.321m),20.000(17.647%)(0.000m),19.000(16.765%)(0.000m),30.705(27.093%)(1.147m),14.852(18.565%)(0.000m),25.000(62.500%)(1.607m),11.588(28.969%)(0.170m),0.000,2369.842,67.6,1.0404,"[-0.071, 0.268, 0.271, -0.201, 0.480, 0.286]","[2.057, 2.640, 2.379, 2.314, 2.996, 2.398]","[-6.298, -5.789, -6.155, -7.003, -5.462, -6.164]"
701,1,-0.7679,-0.6084,0.450,308,900,70,8,0.246,65,0.43,19649,1118.10,0,0,33.000(41.250%)(1.393m),51.000(45.000%)(3.321m),20.000(17.647%)(0.000m),21.000(18.529%)(0.107m),16.770(20.962%)(0.000m),27.000(67.500%)(1.821m),11.759(29.397%)(0.188m),0.000,2565.601,67.6,1.0239,"[-0.191, 0.514, 0.466, -0.410, 0.638, 0.582]","[2.394, 3.207, 2.663, 2.486, 3.355, 2.833]","[-5.501, -5.059, -5.394, -5.746, -5.159, -4.927]"
702,1,-4.1569,-0.6560,0.347,191,485,41,22,0.246,45,0.43,19669,668.62,0,0,24.000(30.000%)(0.429m),22.000(19.412%)(0.214m),31.000(27.353%)(1.179m),94.144(83.069%)(7.944m),51.007(63.759%)(3.322m),40.000(100.000%)(3.214m),40.000(100.000%)(3.214m),0.000,2248.096,58.8,0.9632,"[1.144, 0.884, 0.398, 1.135, 0.882, 0.384]","[2.671, 3.328, 2.770, 2.780, 3.530, 2.908]","[-3.297, -3.893, -3.785, -2.854, -5.235, -3.467]"
703,1,-1.1495,-0.6461,0.328,419,1176,15,83,0.245,75,0.43,19711,1469.75,0,0,16.000(20.000%)(0.000m),42.000(37.059%)(2.357m),57.000(50.294%)(3.964m),41.000(36.177%)(2.250m),26.000(32.500%)(0.643m),10.000(25.000%)(0.000m),20.030(50.074%)(1.075m),274.427,3201.328,64.9,0.9382,"[0.936, 1.226, 1.060, 0.858, 1.359, 0.950]","[2.475, 3.144, 2.841, 2.583, 3.244, 2.795]","[-3.429, -2.734, -1.310, -3.740, -2.709, -1.363]"
704,1,-1.1472,-0.6605,0.344,362,1053,104,61,0.245,70,0.43,19748,1279.39,0,0,12.000(15.000%)(0.000m),37.000(32.647%)(1.821m),66.000(58.235%)(4.929m),30.000(26.471%)(1.071m),19.773(24.716%)(0.000m),10.000(25.000%)(0.000m),13.942(34.855%)(0.422m),31.205,2711.321,67.3,0.9843,"[-0.255, 0.818, 0.644, -0.542, 1.004, 0.732]","[2.236, 2.788, 2.426, 2.284, 3.151, 2.623]","[-5.131, -4.613, -3.321, -5.397, -4.348, -3.272]"
705,1,-0.9408,-0.6567,0.381,344,971,112,30,0.244,65,0.43,19783,1174.37,0,0,28.000(35.000%)(0.857m),41.000(36.177%)(2.250m),31.000(27.353%)(1.179m),22.000(19.412%)(0.214m),17.156(21.445%)(0.000m),24.000(60.000%)(1.500m),12.049(30.122%)(0.220m),0.000,2449.514,65.3,0.9736,"[0.069, 0.941, 0.995, -0.273, 1.049, 0.915]","[2.733, 3.343, 2.868, 2.633, 3.669, 3.013]","[-4.633, -5.106, -4.148, -5.115, -4.760, -4.126]"
706,1,-3.2904,-0.6895,0.372,888,2481,172,295,0.244,95,0.42,19872,3249.20,0,0,15.000(18.750%)(0.000m),31.000(27.353%)(1.179m),45.000(39.706%)(2.679m),33.000(29.118%)(1.393m),21.141(26.426%)(0.122m),11.000(27.500%)(0.107m),12.000(30.000%)(0.214m),214.669,3053.308,64.6,1.0933,"[0.550, 0.740, 0.422, 0.469, 0.859, 0.502]","[2.495, 2.968, 2.713, 2.551, 3.318, 2.927]","[-4.742, -4.141, -5.723, -5.216, -5.351, -5.532]"
707,1,-3.9259,-0.8903,0.328,328,846,73,16,0.243,60,0.42,19905,1359.30,0,0,12.344(15.430%)(0.000m),24.778(21.863%)(0.512m),56.000(49.412%)(3.857m),44.000(38.824%)(2.571m),29.000(36.250%)(0.964m),9.880(24.699%)(0.000m),22.000(55.000%)(1.286m),536.653,4184.106,59.7,1.1983,"[0.874, 0.594, 0.051, 0.674, 0.719, 0.012]","[2.434, 3.185, 2.699, 2.575, 3.333, 2.682]","[-4.211, -5.125, -5.085, -5.013, -5.091, -5.408]"
708,1,-1.8626,-0.8715,0.359,439,1167,132,28,0.243,70,0.42,19949,1812.49,0,0,26.000(32.500%)(0.643m),18.000(15.882%)(0.000m),33.000(29.118%)(1.393m),35.000(30.882%)(1.607m),19.520(24.400%)(0.000m),30.000(75.000%)(2.143m),13.795(34.487%)(0.407m),391.614,4460.613,61.5,1.2096,"[0.445, 1.219, 0.934, 0.387, 1.294, 1.077]","[2.545, 3.131, 2.684, 2.678, 3.255, 2.751]","[-6.481, -5.432, -5.665, -6.984, -6.402, -5.622]"
709,1,1.2437,-0.7720,0.289,460,1266,73,67,0.242,75,0.42,19995,1760.05,0,0,19.787(24.733%)(0.000m),41.681(36.778%)(2.323m),93.000(82.059%)(7.821m),74.000(65.294%)(5.786m),23.000(28.750%)(0.321m),13.946(34.865%)(0.423m),11.000(27.500%)(0.107m),1212.405,4835.126,63.7,1.0238,"[0.770, 0.865, 0.491, 0.602, 0.958, 0.513]","[2.487, 2.986, 2.626, 2.612, 3.207, 2.784]","[-2.230, -1.264, -4.069, -1.957, -1.183, -4.486]"
710,1,-1.3288,-0.7691,0.325,174,451,7,17,0.242,40,0.42,20013,729.98,0,0,26.000(32.500%)(0.643m),29.000(25.588%)(0.964m),50.000(44.118%)(3.214m),99.684(87.957%)(8.538m),48.216(60.270%)(3.023m),40.000(100.000%)(3.214m),35.182(87.956%)(2.698m),0.000,2332.680,60.0,1.1506,"[1.442, 1.541, 0.890, 1.460, 1.595, 0.995]","[2.404, 3.386, 2.892, 2.541, 3.456, 3.106]","[-1.651, -3.838, -4.796, -1.808, -4.503, -4.758]"
711,1,-4.1213,-0.7926,0.256,180,490,32,20,0.241,45,0.42,20031,637.57,0,0,11.319(14.149%)(0.000m),20.518(18.104%)(0.055m),47.000(41.471%)(2.893m),37.000(32.647%)(1.821m),25.000(31.250%)(0.536m),10.013(25.032%)(0.001m),40.000(100.000%)(3.214m),304.071,2863.948,62.9,1.0611,"[0.571, 0.459, 0.314, 0.399, 0.620, 0.324]","[2.553, 3.355, 2.897, 2.664, 3.675, 3.119]","[-5.068, -5.563, -5.522, -5.416, -5.403, -5.452]"
712,1,-1.0203,-0.7631,0.280,539,1540,43,102,0.241,85,0.42,20085,2026.91,0,0,21.000(26.250%)(0.107m),20.000(17.647%)(0.000m),22.000(19.412%)(0.214m),39.000(34.412%)(2.036m),24.618(30.772%)(0.495m),15.000(37.500%)(0.536m),17.429(43.573%)(0.796m),0.000,2650.242,66.1,1.0406,"[0.561, 0.668, 0.384, 0.509, 0.781, 0.385]","[2.505, 2.998, 2.535, 2.746, 3.217, 2.554]","[-5.298, -5.573, -6.408, -5.844, -5.580, -6.495]"
713,1,-1.4137,-0.7558,0.350,231,634,16,15,0.240,50,0.42,20109,861.47,0,0,27.000(33.750%)(0.750m),47.000(41.471%)(2.893m),71.652(63.223%)(5.534m),26.406(23.299%)(0.686m),12.591(15.739%)(0.000m),25.000(62.500%)(1.607m),9.699(24.247%)(0.000m),864.054,3638.338,63.5,0.9755,"[1.050, 1.461, 1.420, 0.804, 1.659, 1.443]","[2.731, 3.314, 2.913, 2.892, 3.468, 3.001]","[-5.251, -5.827, -4.955, -5.556, -5.405, -5.156]"
714,1,0.9162,-0.7450,0.378,399,1079,67,40,0.240,70,0.42,20149,1543.26,0,0,28.000(35.000%)(0.857m),37.000(32.647%)(1.821m),42.000(37.059%)(2.357m),25.000(22.059%)(0.536m),19.687(24.609%)(0.000m),27.000(67.500%)(1.821m),13.857(34.643%)(0.413m),0.000,2760.301,62.6,1.1573,"[0.421, 0.930, 1.040, 0.238, 1.087, 1.007]","[2.784, 3.226, 3.107, 2.682, 3.499, 3.089]","[-4.701, -5.032, -3.438, -5.280, -4.755, -3.303]"
715,1,-2.6812,-0.7640,0.392,417,1119,133,47,0.239,70,0.42,20191,1524.75,0,0,24.000(30.000%)(0.429m),23.000(20.294%)(0.321m),55.000(48.530%)(3.750m),41.835(36.913%)(2.339m),19.880(24.850%)(0.000m),24.000(60.000%)(1.500m),14.015(35.038%)(0.430m),0.000,3236.179,62.1,1.0573,"[0.369, 0.747, 0.360, 0.184, 0.770, 0.439]","[2.674, 3.230, 3.173, 2.714, 3.394, 3.228]","[-3.916, -4.503, -4.574, -4.626, -4.755, -4.440]"
716,1,-0.3148,-0.7078,0.330,261,735,68,11,0.239,55,0.42,20218,1006.39,0,0,29.000(36.250%)(0.964m),41.000(36.177%)(2.250m),54.319(47.929%)(3.677m),21.619(19.076%)(0.173m),11.790(14.738%)(0.000m),25.000(62.500%)(1.607m),10.301(25.752%)(0.032m),553.242,3113.572,65.2,1.1667,"[0.507, 1.296, 1.047, 0.275, 1.437, 1.198]","[2.544, 3.027, 2.836, 2.647, 3.138, 2.844]","[-5.216, -4.879, -4.351, -5.401, -4.842, -3.902]"
717,1,-1.8887,-0.8060,0.379,275,705,63,17,0.238,55,0.42,20246,982.36,0,0,16.331(20.413%)(0.000m),34.657(30.580%)(1.570m),58.000(51.177%)(4.071m),41.000(36.177%)(2.250m),12.000(15.000%)(0.000m),11.484(28.711%)(0.159m),11.000(27.500%)(0.107m),702.739,4789.463,59.3,1.0883,"[0.818, 0.583, -0.435, 0.786, 0.871, -0.379]","[2.311, 2.884, 2.469, 2.489, 3.164, 2.632]","[-4.062, -3.757, -5.246, -3.983, -3.249, -5.195]"
718,1,-2.4394,-0.8284,0.247,191,505,41,0,0.238,45,0.42,20266,744.15,0,0,12.720(15.900%)(0.000m),26.689(23.549%)(0.717m),72.000(63.530%)(5.571m),57.000(50.294%)(3.964m),41.000(51.250%)(2.250m),9.797(24.494%)(0.000m),40.000(100.000%)(3.214m),1047.377,4388.647,61.2,1.0610,"[1.107, 0.844, -0.239, 1.090, 0.845, -0.245]","[2.220, 3.057, 2.697, 2.439, 3.303, 2.725]","[-1.021, -3.837, -5.306, -1.347, -4.319, -5.373]"
719,1,4.9279,-0.6779,0.287,969,2564,143,132,0.238,95,0.42,20363,4100.53,0,0,22.000(27.500%)(0.214m),28.000(24.706%)(0.857m),57.000(50.294%)(3.964m),26.000(22.941%)(0.643m),21.582(26.978%)(0.170m),21.000(52.500%)(1.179m),15.299(38.247%)(0.568m),0.000,4157.454,61.2,1.1218,"[0.880, 1.325, 1.168, 0.811, 1.484, 1.220]","[2.695, 3.453, 3.295, 2.844, 3.509, 3.309]","[-4.673, -4.787, -3.386, -5.104, -4.552, -3.645]"
720,1,-4.9453,-1.1483,0.425,278,697,66,0,0.237,55,0.42,20391,1235.02,0,0,12.446(15.557%)(0.000m),25.731(22.704%)(0.614m),72.000(63.530%)(5.571m),58.000(51.177%)(4.071m),41.000(51.250%)(2.250m),9.710(24.276%)(0.000m),31.000(77.500%)(2.250m),1333.781,5278.726,58.0,1.3756,"[1.352, 1.241, 0.727, 1.266, 1.461, 0.734]","[2.788, 3.299, 3.035, 2.973, 3.399, 3.060]","[0.046, -4.486, -5.343, -0.725, -4.251, -5.721]"
721,1,-1.1256,-1.1247,0.289,662,1868,152,126,0.237,90,0.42,20458,2642.91,0,0,18.100(22.625%)(0.000m),38.269(33.767%)(1.957m),38.000(33.530%)(1.929m),27.527(24.289%)(0.806m),12.913(16.142%)(0.000m),12.745(31.863%)(0.294m),9.819(24.548%)(0.000m),246.221,3129.956,65.3,1.1058,"[0.227, 0.398, 0.268, 0.065, 0.532, 0.258]","[2.341, 2.915, 2.358, 2.530, 3.135, 2.459]","[-5.494, -5.637, -3.571, -5.945, -5.752, -3.494]"
722,1,0.9877,-1.0294,0.307,234,663,19,0,0.236,55,0.42,20482,856.83,0,0,38.000(47.500%)(1.929m),54.000(47.647%)(3.643m),40.329(35.585%)(2.178m),18.469(16.296%)(0.000m),10.641(13.301%)(0.000m),26.000(65.000%)(1.714m),9.887(24.718%)(0.000m),998.269,3609.749,65.6,0.9814,"[0.340, 1.234, 1.194, 0.318, 1.442, 1.241]","[2.160, 2.866, 2.302, 2.542, 3.168, 2.471]","[-5.414, -5.468, -5.312, -5.377, -5.865, -5.249]"
723,1,0.0645,-1.0088,0.377,427,1170,165,23,0.236,70,0.41,20525,1768.61,0,0,12.000(15.000%)(0.000m),19.000(16.765%)(0.000m),57.000(50.294%)(3.964m),32.141(28.360%)(1.301m),14.810(18.513%)(0.000m),11.000(27.500%)(0.107m),10.364(25.909%)(0.039m),303.456,3972.528,63.4,1.1409,"[0.118, 0.636, 0.558, 0.103, 0.828, 0.610]","[2.255, 3.011, 2.620, 2.270, 3.053, 2.606]","[-5.766, -6.364, -5.906, -5.403, -6.934, -5.859]"
724,1,-3.8077,-1.0377,0.324,440,1165,131,42,0.235,70,0.41,20569,1548.83,0,0,15.905(19.881%)(0.000m),20.000(17.647%)(0.000m),24.000(21.177%)(0.429m),18.595(16.407%)(0.000m),11.350(14.188%)(0.000m),11.179(27.948%)(0.126m),11.350(28.375%)(0.145m),0.000,4476.500,61.3,1.0514,"[-0.062, 0.226, 0.001, -0.092, 0.363, -0.025]","[2.301, 2.886, 2.640, 2.510, 3.147, 2.808]","[-5.569, -5.399, -5.452, -5.407, -4.933, -5.521]"
725,1,-2.9894,-1.1696,0.319,468,1283,174,113,0.235,75,0.41,20616,1740.55,0,0,14.258(17.823%)(0.000m),31.082(27.426%)(1.187m),53.000(46.765%)(3.536m),40.000(35.294%)(2.143m),20.000(25.000%)(0.000m),9.975(24.938%)(0.000m),11.000(27.500%)(0.107m),560.033,3876.448,63.4,0.9821,"[-0.292, -0.200, -0.468, -0.333, -0.050, -0.530]","[2.079, 2.697, 2.375, 2.210, 2.920, 2.432]","[-5.404, -5.242, -4.943, -5.281, -4.971, -5.299]"
726,1,-0.0459,-1.1515,0.293,352,1017,34,77,0.234,70,0.41,20652,1256.55,0,0,10.000(12.500%)(0.000m),15.000(13.235%)(0.000m),25.000(22.059%)(0.536m),27.000(23.824%)(0.750m),23.000(28.750%)(0.321m),20.000(50.000%)(1.071m),17.619(44.048%)(0.816m),29.434,2541.816,66.9,0.9779,"[0.034, 0.236, 0.302, -0.034, 0.423, 0.317]","[1.939, 2.788, 2.313, 2.123, 3.060, 2.509]","[-7.798, -6.437, -6.622, -8.284, -7.258, -6.737]"
727,1,0.6400,-1.1253,0.260,313,910,111,11,0.234,65,0.41,20684,1120.08,0,0,32.000(40.000%)(1.286m),41.000(36.177%)(2.250m),37.000(32.647%)(1.821m),22.000(19.412%)(0.214m),18.366(22.957%)(0.000m),28.000(70.000%)(1.929m),12.892(32.230%)(0.310m),0.000,2474.664,67.3,0.9961,"[-0.231, 0.693, 0.641, -0.272, 0.780, 0.650]","[2.099, 2.856, 2.367, 2.223, 3.060, 2.630]","[-4.632, -5.924, -6.245, -4.748, -5.064, -5.801]"
728,1,0.4249,-1.1448,0.326,451,1223,183,43,0.233,75,0.41,20730,1752.01,0,0,17.329(21.661%)(0.000m),34.000(30.000%)(1.500m),48.000(42.353%)(3.000m),17.000(15.000%)(0.000m),10.000(12.500%)(0.000m),12.216(30.541%)(0.237m),10.000(25.000%)(0.000m),179.485,3623.854,62.8,1.1788,"[0.918, 0.708, -0.070, 0.785, 1.065, -0.056]","[2.248, 3.122, 2.673, 2.378, 3.401, 2.838]","[-4.848, -5.661, -6.990, -5.036, -4.058, -6.493]"
729,1,8.0157,-0.9182,0.293,689,2031,62,51,0.233,95,0.41,20799,2522.21,0,0,26.000(32.500%)(0.643m),18.000(15.882%)(0.000m),24.000(21.177%)(0.429m),42.153(37.194%)(2.374m),19.889(24.861%)(0.000m),21.000(52.500%)(1.179m),13.984(34.959%)(0.427m),399.675,3420.088,68.2,1.1269,"[0.446, 0.870, 0.860, 0.358, 1.106, 0.924]","[2.343, 3.014, 2.758, 2.418, 3.193, 2.887]","[-6.468, -5.536, -6.046, -7.443, -6.312, -6.277]"
730,1,0.9352,-0.9702,0.315,308,901,89,54,0.232,65,0.41,20830,1104.46,0,0,22.000(27.500%)(0.214m),44.000(38.824%)(2.571m),43.000(37.941%)(2.464m),27.000(23.824%)(0.750m),18.344(22.930%)(0.000m),19.000(47.500%)(0.964m),12.882(32.206%)(0.309m),0.000,2530.015,67.7,1.0868,"[0.402, 1.225, 1.131, 0.367, 1.333, 1.104]","[2.581, 3.369, 2.661, 2.713, 3.382, 2.754]","[-5.294, -5.533, -4.459, -5.503, -5.035, -4.039]"
731,1,-6.3414,-1.0763,0.335,426,1148,21,81,0.232,70,0.41,20873,1512.58,0,0,14.000(17.500%)(0.000m),18.000(15.882%)(0.000m),34.000(30.000%)(1.500m),39.000(34.412%)(2.036m),23.640(29.550%)(0.390m),16.000(40.000%)(0.643m),16.699(41.748%)(0.718m),579.726,3448.033,62.4,0.9724,"[0.671, 0.769, 0.747, 0.612, 1.048, 0.773]","[2.549, 3.380, 3.066, 2.666, 3.501, 3.004]","[-6.961, -5.619, -6.067, -7.251, -6.762, -5.871]"
732,1,-1.1307,-1.0713,0.252,202,507,0,15,0.231,45,0.41,20894,752.85,0,0,25.000(31.250%)(0.536m),25.000(22.059%)(0.536m),65.000(57.353%)(4.821m),83.724(73.874%)(6.828m),45.179(56.474%)(2.698m),40.000(100.000%)(3.214m),32.782(81.954%)(2.441m),0.000,3792.537,58.1,1.0044,"[1.730, 1.666, 1.209, 1.767, 1.814, 1.252]","[2.943, 3.414, 2.866, 3.104, 3.593, 3.007]","[-1.989, -3.874, -4.921, -2.388, -4.517, -4.927]"
733,1,-1.2128,-1.0030,0.422,592,1639,66,132,0.231,85,0.41,20954,2177.01,0,0,22.000(27.500%)(0.214m),40.000(35.294%)(2.143m),18.751(16.545%)(0.000m),12.529(11.055%)(0.000m),8.998(11.247%)(0.000m),19.000(47.500%)(0.964m),11.833(29.582%)(0.196m),302.544,3620.694,64.1,1.0389,"[0.668, 0.861, 0.707, 0.657, 1.018, 0.654]","[2.285, 3.294, 2.865, 2.431, 3.414, 2.859]","[-5.955, -4.919, -5.607, -5.592, -5.879, -5.482]"
734,1,-1.4798,-0.9634,0.295,433,1204,74,67,0.231,75,0.41,20998,1607.25,0,0,23.000(28.750%)(0.321m),34.000(30.000%)(1.500m),49.000(43.235%)(3.107m),38.000(33.530%)(1.929m),22.499(28.124%)(0.268m),22.000(55.000%)(1.286m),11.000(27.500%)(0.107m),208.022,3210.637,64.3,1.0350,"[0.442, 0.880, 0.782, 0.403, 1.083, 0.728]","[2.191, 2.981, 2.795, 2.536, 3.294, 2.939]","[-3.490, -2.030, -3.142, -3.692, -1.693, -3.263]"
735,1,-0.7282,-0.9680,0.327,357,996,51,72,0.230,65,0.41,21034,1280.54,0,0,24.000(30.000%)(0.429m),41.000(36.177%)(2.250m),42.000(37.059%)(2.357m),31.000(27.353%)(1.179m),20.207(25.259%)(0.022m),21.000(52.500%)(1.179m),14.213(35.533%)(0.451m),13.064,2832.038,64.6,1.1162,"[0.629, 0.982, 0.864, 0.762, 1.163, 0.857]","[2.369, 3.091, 2.658, 2.474, 3.307, 2.681]","[-4.977, -4.837, -1.971, -4.735, -4.652, -2.230]"
736,1,-2.0694,-1.0058,0.273,437,1190,93,80,0.230,70,0.41,21078,1580.33,0,0,12.000(15.000%)(0.000m),20.000(17.647%)(0.000m),47.000(41.471%)(2.893m),37.000(32.647%)(1.821m),19.840(24.800%)(0.000m),11.000(27.500%)(0.107m),13.972(34.930%)(0.426m),430.346,3527.998,63.0,0.9888,"[0.223, 0.738, 0.567, 0.277, 0.840, 0.625]","[2.486, 2.785, 2.400, 2.612, 2.994, 2.525]","[-4.405, -5.538, -5.470, -4.541, -5.570, -5.445]"
737,1,-0.0169,-0.9791,0.286,341,965,78,63,0.229,65,0.41,21113,1221.30,0,0,24.000(30.000%)(0.429m),41.000(36.177%)(2.250m),36.000(31.765%)(1.714m),27.000(23.824%)(0.750m),22.869(28.586%)(0.307m),21.000(52.500%)(1.179m),16.135(40.338%)(0.657m),0.000,2521.626,65.5,1.0399,"[0.141, 0.561, 0.451, 0.035, 0.672, 0.441]","[2.179, 2.814, 2.378, 2.258, 3.082, 2.614]","[-4.649, -4.592, -3.106, -4.500, -4.403, -3.934]"
738,1,1.0927,-0.9865,0.314,939,2515,63,151,0.229,95,0.41,21207,3577.03,0,0,22.000(27.500%)(0.214m),21.000(18.529%)(0.107m),32.000(28.235%)(1.286m),49.289(43.491%)(3.138m),23.670(29.588%)(0.393m),20.000(50.000%)(1.071m),16.783(41.957%)(0.727m),0.000,3947.875,62.0,1.0234,"[0.615, 0.659, 0.337, 0.499, 0.803, 0.328]","[2.387, 3.022, 2.719, 2.398, 3.018, 2.710]","[-4.002, -4.891, -5.237, -4.627, -5.397, -5.400]"
739,1,0.3250,-0.8617,0.288,349,980,78,67,0.228,65,0.41,21242,1383.15,0,0,20.000(25.000%)(0.000m),36.000(31.765%)(1.714m),49.000(43.235%)(3.107m),30.000(26.471%)(1.071m),19.599(24.498%)(0.000m),18.000(45.000%)(0.857m),13.777(34.443%)(0.405m),19.049,2681.193,65.0,1.0985,"[-0.250, 0.573, 0.502, -0.344, 0.699, 0.441]","[2.257, 2.956, 2.518, 2.445, 3.096, 2.494]","[-5.497, -5.796, -4.235, -5.632, -5.401, -4.052]"
740,1,-0.2102,-0.7969,0.372,585,1633,0,118,0.228,85,0.41,21301,2350.57,0,0,25.000(31.250%)(0.536m),21.000(18.529%)(0.107m),60.000(52.941%)(4.286m),34.000(30.000%)(1.500m),25.296(31.620%)(0.567m),20.000(50.000%)(1.071m),17.937(44.844%)(0.850m),0.000,3198.003,64.6,1.0897,"[0.544, 0.602, 0.445, 0.458, 0.839, 0.461]","[2.332, 2.892, 2.666, 2.420, 3.237, 2.739]","[-3.437, -4.158, -5.056, -3.509, -4.087, -5.227]"
741,1,-1.6765,-0.8187,0.289,391,1088,100,41,0.227,70,0.40,21341,1404.92,0,0,11.000(13.750%)(0.000m),18.000(15.882%)(0.000m),36.000(31.765%)(1.714m),32.000(28.235%)(1.286m),19.336(24.170%)(0.000m),27.000(67.500%)(1.821m),13.587(33.967%)(0.384m),205.109,3313.371,64.4,1.0252,"[0.072, 0.753, 0.710, -0.132, 0.881, 0.724]","[2.637, 3.299, 2.865, 2.707, 3.567, 2.988]","[-7.390, -5.971, -6.332, -7.183, -6.654, -6.102]"
742,1,0.4696,-0.7801,0.322,385,1027,80,20,0.227,65,0.40,21380,1363.30,0,0,28.000(35.000%)(0.857m),44.000(38.824%)(2.571m),43.000(37.941%)(2.464m),28.151(24.839%)(0.873m),13.204(16.504%)(0.000m),25.000(62.500%)(1.607m),9.655(24.138%)(0.000m),961.343,3536.341,61.7,0.9559,"[0.972, 1.315, 1.394, 0.797, 1.527, 1.296]","[2.577, 3.124, 2.597, 2.526, 3.226, 2.569]","[-4.405, -4.477, -2.271, -4.592, -3.605, -2.215]"
743,1,1.0503,-0.7786,0.281,303,890,0,45,0.226,65,0.40,21411,1063.01,0,0,24.000(30.000%)(0.429m),45.000(39.706%)(2.679m),62.000(54.706%)(4.500m),34.000(30.000%)(1.500m),23.000(28.750%)(0.321m),21.000(52.500%)(1.179m),19.845(49.614%)(1.055m),0.000,2390.493,68.0,0.9731,"[0.748, 1.098, 0.956, 0.702, 1.251, 1.033]","[2.468, 3.287, 2.978, 2.641, 3.425, 3.109]","[-5.491, -5.106, -2.945, -5.621, -4.713, -2.783]"
744,1,1.8967,-0.8375,0.334,330,975,9,49,0.226,70,0.40,21444,1247.52,0,0,10.000(12.500%)(0.000m),14.000(12.353%)(0.000m),21.000(18.529%)(0.107m),35.000(30.882%)(1.607m),24.400(30.499%)(0.471m),23.000(57.500%)(1.393m),17.232(43.081%)(0.775m),161.925,2444.125,68.4,1.1449,"[0.255, 0.756, 0.387, 0.187, 0.862, 0.549]","[2.393, 3.145, 2.483, 2.542, 3.283, 2.747]","[-9.111, -6.855, -6.649, -9.121, -7.825, -6.959]"
745,1,-1.4671,-0.9016,0.285,153,411,21,11,0.225,40,0.40,21460,579.98,0,0,68.715(85.894%)(5.219m),22.000(19.412%)(0.214m),20.000(17.647%)(0.000m),20.000(17.647%)(0.000m),57.632(72.040%)(4.032m),40.000(100.000%)(3.214m),40.000(100.000%)(3.214m),0.000,2231.270,62.1,0.9598,"[0.551, 0.725, 0.433, 0.524, 0.754, 0.306]","[2.297, 3.006, 2.564, 2.581, 3.245, 2.730]","[-6.333, -4.863, -5.048, -6.216, -5.533, -5.308]"
746,1,-2.1639,-0.8625,0.360,134,369,13,0,0.225,35,0.40,21474,470.52,0,0,44.000(55.000%)(2.571m),43.149(38.073%)(2.480m),19.761(17.436%)(0.000m),13.407(11.830%)(0.000m),9.746(12.182%)(0.000m),40.000(100.000%)(3.214m),13.154(32.886%)(0.338m),724.583,2984.109,63.7,1.0328,"[0.151, 0.592, 0.423, 0.253, 0.631, 0.419]","[2.229, 2.931, 2.532, 2.470, 3.080, 2.609]","[-6.544, -5.328, -6.442, -5.805, -5.407, -6.386]"
747,1,-1.4029,-0.8501,0.310,183,481,44,14,0.225,45,0.40,21493,640.66,0,0,10.456(13.071%)(0.000m),16.153(14.253%)(0.000m),28.098(24.792%)(0.868m),37.000(32.647%)(1.821m),30.000(37.500%)(1.071m),11.392(28.480%)(0.149m),40.000(100.000%)(3.214m),386.557,3076.474,60.8,0.9984,"[0.298, 0.601, 0.383, 0.317, 0.613, 0.377]","[2.174, 3.040, 2.654, 2.446, 3.246, 2.852]","[-5.980, -4.825, -4.915, -5.929, -5.303, -5.178]"
748,1,-2.6097,-0.8823,0.338,214,553,26,15,0.224,45,0.40,21515,814.50,0,0,28.000(35.000%)(0.857m),40.000(35.294%)(2.143m),37.762(33.320%)(1.903m),18.094(15.965%)(0.000m),10.636(13.296%)(0.000m),40.000(100.000%)(3.214m),10.129(25.322%)(0.014m),431.633,3221.082,59.9,1.1417,"[0.658, 1.054, 0.954, 0.682, 1.172, 0.896]","[2.225, 3.009, 2.486, 2.384, 3.133, 2.559]","[-5.074, -4.925, -4.088, -4.883, -4.974, -4.801]"
749,1,-2.0162,-0.8959,0.251,144,392,46,12,0.224,40,0.40,21530,542.90,0,0,25.000(31.250%)(0.536m),20.000(17.647%)(0.000m),20.000(17.647%)(0.000m),113.333(100.000%)(10.000m),60.479(75.598%)(4.337m),40.000(100.000%)(3.214m),40.000(100.000%)(3.214m),0.000,2125.519,63.0,1.1436,"[0.341, 0.237, 0.059, 0.032, 0.313, -0.232]","[2.253, 2.940, 2.517, 2.350, 3.154, 2.613]","[-7.382, -5.492, -5.616, -7.795, -6.318, -6.669]"
750,1,-3.2670,-1.0033,0.343,196,490,25,0,0.223,45,0.40,21550,722.33,0,0,39.000(48.750%)(2.036m),49.000(43.235%)(3.107m),34.652(30.576%)(1.570m),17.937(15.827%)(0.000m),10.949(13.686%)(0.000m),40.000(100.000%)(3.214m),10.949(27.372%)(0.102m),778.417,4311.897,57.9,0.9838,"[0.667, 0.786, 1.109, 0.678, 1.000, 1.039]","[2.405, 2.935, 2.881, 2.447, 3.291, 2.935]","[-5.291, -5.489, -4.438, -5.310, -6.302, -5.109]"
751,1,-1.5263,-1.0185,0.299,362,1005,80,49,0.223,65,0.40,21587,1233.51,0,0,24.000(30.000%)(0.429m),43.000(37.941%)(2.464m),44.000(38.824%)(2.571m),31.000(27.353%)(1.179m),22.304(27.880%)(0.247m),21.000(52.500%)(1.179m),15.716(39.290%)(0.612m),0.000,2849.113,64.3,0.9224,"[0.533, 0.944, 0.916, 0.412, 1.064, 0.923]","[2.715, 3.029, 2.634, 2.804, 3.175, 2.663]","[-4.711, -4.781, -2.528, -4.967, -4.435, -2.551]"
752,1,-3.5437,-1.0062,0.374,462,1219,95,66,0.222,70,0.40,21634,1612.22,0,0,11.000(13.750%)(0.000m),18.000(15.882%)(0.000m),34.000(30.000%)(1.500m),40.818(36.016%)(2.231m),19.454(24.317%)(0.000m),21.000(52.500%)(1.179m),13.739(34.347%)(0.401m),689.477,3840.706,61.1,0.9775,"[0.711, 1.014, 0.818, 0.559, 1.110, 0.724]","[2.241, 2.840, 2.391, 2.298, 2.995, 2.423]","[-6.093, -5.687, -6.070, -6.683, -6.607, -6.128]"
753,1,-0.7627,-0.9985,0.265,230,624,13,27,0.222,50,0.40,21657,838.46,0,0,26.000(32.500%)(0.643m),43.000(37.941%)(2.464m),67.000(59.118%)(5.036m),26.079(23.011%)(0.651m),12.614(15.768%)(0.000m),22.000(55.000%)(1.286m),9.842(24.604%)(0.000m),443.505,3304.769,62.8,1.0278,"[0.811, 1.225, 1.214, 0.687, 1.387, 1.228]","[2.538, 3.345, 3.035, 2.570, 3.483, 2.931]","[-5.243, -5.783, -5.074, -5.608, -5.830, -5.141]"
754,1,-3.3343,-1.0422,0.356,547,1413,12,128,0.221,75,0.40,21712,1951.16,0,0,13.000(16.250%)(0.000m),50.000(44.118%)(3.214m),61.000(53.824%)(4.393m),40.000(35.294%)(2.143m),22.000(27.500%)(0.214m),10.000(25.000%)(0.000m),19.475(48.687%)(1.015m),1035.534,6073.351,59.8,1.0330,"[0.852, 1.077, 1.198, 0.742, 1.301, 1.207]","[2.260, 2.983, 2.728, 2.218, 3.134, 2.727]","[-4.931, -3.243, -0.300, -5.340, -2.919, 0.114]"
755,1,-0.4259,-1.0319,0.316,392,1106,82,52,0.221,70,0.40,21752,1424.07,0,0,13.000(16.250%)(0.000m),30.000(26.471%)(1.071m),53.000(46.765%)(3.536m),36.000(31.765%)(1.714m),19.284(24.105%)(0.000m),10.000(25.000%)(0.000m),13.573(33.933%)(0.383m),202.651,3003.159,65.3,1.0278,"[0.253, 1.009, 0.918, 0.087, 1.121, 0.864]","[2.546, 3.438, 2.841, 2.786, 3.611, 2.887]","[-4.899, -2.769, -5.610, -5.196, -2.427, -5.948]"
756,1,2.5351,-0.9154,0.278,329,942,40,26,0.221,65,0.40,21785,1227.49,0,0,28.000(35.000%)(0.857m),47.000(41.471%)(2.893m),38.000(33.530%)(1.929m),28.000(24.706%)(0.857m),21.393(26.741%)(0.149m),25.000(62.500%)(1.607m),15.069(37.672%)(0.543m),0.000,2821.379,66.2,1.1795,"[0.596, 0.985, 0.874, 0.519, 1.099, 1.048]","[2.795, 3.310, 2.831, 2.877, 3.409, 2.792]","[-4.709, -5.048, -3.222, -4.645, -4.547, -2.712]"
757,1,-1.9376,-0.8756,0.432,377,1044,90,10,0.220,70,0.40,21823,1448.65,0,0,33.000(41.250%)(1.393m),20.000(17.647%)(0.000m),21.000(18.529%)(0.107m),47.629(42.026%)(2.960m),22.816(28.521%)(0.302m),27.000(67.500%)(1.821m),16.146(40.364%)(0.658m),707.030,3358.696,64.1,1.0843,"[0.678, 1.153, 1.035, 0.631, 1.414, 1.071]","[2.597, 3.201, 2.801, 2.529, 3.263, 2.879]","[-7.071, -5.700, -5.923, -7.319, -6.220, -6.342]"
758,1,-1.0731,-0.8599,0.310,408,1120,0,32,0.220,70,0.40,21864,1571.49,0,0,13.000(16.250%)(0.000m),25.000(22.059%)(0.536m),62.000(54.706%)(4.500m),37.000(32.647%)(1.821m),29.000(36.250%)(0.964m),16.618(41.544%)(0.709m),27.000(67.500%)(1.821m),483.027,4678.444,63.5,1.0430,"[0.486, 0.723, 0.342, 0.308, 0.735, 0.214]","[2.214, 2.907, 2.635, 2.448, 3.065, 2.611]","[-4.688, -4.902, -4.897, -5.460, -5.959, -4.778]"
759,1,-4.2227,-0.9692,0.298,238,597,64,25,0.219,50,0.40,21888,896.67,0,0,28.000(35.000%)(0.857m),33.000(29.118%)(1.393m),38.000(33.530%)(1.929m),19.879(17.540%)(0.000m),11.213(14.017%)(0.000m),40.000(100.000%)(3.214m),10.166(25.416%)(0.018m),494.208,3890.141,58.0,1.0752,"[0.723, 1.011, 1.070, 0.643, 1.122, 1.026]","[2.696, 3.193, 2.872, 2.795, 3.392, 2.895]","[-5.305, -4.991, -4.819, -5.186, -5.504, -4.954]"
760,1,-1.7456,-0.9775,0.332,346,974,17,42,0.219,65,0.39,21923,1248.82,0,0,24.000(30.000%)(0.429m),44.000(38.824%)(2.571m),41.000(36.177%)(2.250m),30.000(26.471%)(1.071m),22.000(27.500%)(0.214m),24.000(60.000%)(1.500m),19.248(48.119%)(0.991m),38.401,2823.788,65.2,0.9812,"[0.841, 1.177, 1.159, 0.841, 1.319, 1.197]","[2.491, 3.308, 3.093, 2.592, 3.487, 3.068]","[-4.047, -4.350, -2.622, -4.008, -3.906, -2.323]"
761,1,-4.4306,-0.9837,0.352,369,1100,33,96,0.218,70,0.39,21960,1332.97,0,0,16.000(20.000%)(0.000m),34.000(30.000%)(1.500m),77.000(67.941%)(6.107m),51.672(45.593%)(3.393m),28.443(35.553%)(0.905m),11.000(27.500%)(0.107m),19.000(47.500%)(0.964m),0.000,2939.687,69.0,0.9880,"[0.258, 0.381, 0.083, 0.147, 0.511, 0.186]","[2.339, 2.991, 2.441, 2.558, 3.153, 2.474]","[-4.613, -5.226, -5.391, -5.204, -6.001, -5.716]"
762,1,5.3543,-0.8562,0.365,403,1088,24,16,0.218,70,0.39,22001,1487.76,0,0,38.000(47.500%)(1.929m),48.000(42.353%)(3.000m),34.000(30.000%)(1.500m),25.000(22.059%)(0.536m),21.000(26.250%)(0.107m),26.000(65.000%)(1.714m),17.676(44.190%)(0.822m),0.000,3770.842,62.5,1.0472,"[0.621, 1.117, 0.975, 0.468, 1.244, 1.012]","[2.725, 3.140, 2.635, 2.798, 3.210, 2.595]","[-5.069, -5.278, -4.461, -5.036, -4.654, -4.102]"
763,1,1.3901,-0.8001,0.335,866,2373,186,129,0.218,95,0.39,22088,3151.15,0,0,24.000(30.000%)(0.429m),22.000(19.412%)(0.214m),44.000(38.824%)(2.571m),34.000(30.000%)(1.500m),17.133(21.416%)(0.000m),14.000(35.000%)(0.429m),12.058(30.146%)(0.221m),103.298,3561.633,63.4,1.0331,"[0.330, 0.888, 0.795, 0.177, 1.089, 0.861]","[2.632, 3.227, 2.814, 2.612, 3.369, 2.909]","[-6.162, -5.478, -5.921, -6.276, -6.679, -5.846]"
764,1,-0.6209,-0.8309,0.317,231,658,41,29,0.217,55,0.39,22112,839.41,0,0,25.000(31.250%)(0.536m),38.000(33.530%)(1.929m),53.000(46.765%)(3.536m),25.022(22.079%)(0.538m),12.286(15.358%)(0.000m),22.000(55.000%)(1.286m),9.709(24.272%)(0.000m),264.504,2717.688,65.9,0.9879,"[-0.158, 0.659, 0.790, -0.188, 0.790, 0.762]","[2.242, 3.011, 2.890, 2.398, 3.223, 2.867]","[-5.370, -5.135, -5.433, -5.188, -5.247, -5.107]"
765,1,-5.5188,-0.8876,0.266,616,1694,99,183,0.217,85,0.39,22174,2534.24,0,0,17.000(21.250%)(0.000m),20.000(17.647%)(0.000m),23.000(20.294%)(0.321m),41.000(36.177%)(2.250m),20.217(25.272%)(0.023m),12.000(30.000%)(0.214m),14.219(35.548%)(0.452m),0.000,3222.904,63.7,1.1779,"[0.317, 0.356, 0.138, 0.226, 0.532, 0.196]","[2.394, 2.583, 2.534, 2.207, 2.680, 2.387]","[-5.600, -5.428, -6.259, -6.010, -6.130, -5.866]"
766,1,-1.9052,-0.9194,0.342,788,2215,217,139,0.216,95,0.39,22253,3253.71,0,0,17.000(21.250%)(0.000m),37.000(32.647%)(1.821m),21.000(18.529%)(0.107m),20.000(17.647%)(0.000m),22.132(27.665%)(0.228m),12.000(30.000%)(0.214m),15.609(39.022%)(0.601m),0.000,3063.852,65.1,1.1967,"[0.643, 0.907, 0.722, 0.500, 1.085, 0.702]","[2.876, 3.221, 2.819, 2.896, 3.393, 2.772]","[-5.334, -5.120, -5.828, -5.505, -5.040, -5.753]"
767,1,-2.5073,-0.9318,0.346,484,1303,26,104,0.216,75,0.39,22302,1981.01,0,0,17.000(21.250%)(0.000m),35.000(30.882%)(1.607m),48.000(42.353%)(3.000m),40.000(35.294%)(2.143m),16.000(20.000%)(0.000m),18.000(45.000%)(0.857m),11.000(27.500%)(0.107m),881.267,4411.029,62.3,1.2078,"[0.810, 0.747, 0.479, 0.655, 0.977, 0.551]","[2.582, 3.231, 2.872, 2.615, 3.428, 2.897]","[-2.464, -4.720, -5.733, -3.006, -4.731, -5.686]"
768,1,-2.2510,-0.9280,0.406,423,1142,144,13,0.215,70,0.39,22345,1700.28,0,0,13.675(17.093%)(0.000m),29.257(25.815%)(0.992m),26.000(22.941%)(0.643m),16.000(14.118%)(0.000m),26.000(32.500%)(0.643m),9.595(23.989%)(0.000m),24.000(60.000%)(1.500m),357.917,3800.171,62.5,1.0895,"[0.330, -0.076, -0.671, 0.263, 0.063, -0.711]","[2.674, 3.342, 2.892, 2.816, 3.546, 3.091]","[-7.541, -6.002, -8.104, -7.347, -6.066, -7.832]"
769,1,-1.8511,-1.0636,0.353,399,1117,81,54,0.215,70,0.39,22385,1570.36,0,0,12.000(15.000%)(0.000m),21.000(18.529%)(0.107m),86.000(75.883%)(7.071m),34.000(30.000%)(1.500m),19.269(24.086%)(0.000m),10.000(25.000%)(0.000m),13.566(33.914%)(0.382m),235.238,3295.467,64.8,1.1351,"[0.581, 0.995, 0.905, 0.449, 1.269, 0.952]","[2.538, 3.081, 2.768, 2.606, 3.244, 2.885]","[-4.243, -5.390, -4.740, -4.584, -5.511, -4.617]"
770,1,0.0350,-0.9640,0.404,149,403,0,11,0.214,40,0.39,22400,574.21,0,0,25.000(31.250%)(0.536m),33.000(29.118%)(1.393m),68.000(60.000%)(5.143m),97.869(86.355%)(8.343m),47.338(59.173%)(2.929m),40.000(100.000%)(3.214m),34.491(86.227%)(2.624m),168.108,2401.225,62.6,1.0460,"[1.346, 1.366, 0.847, 1.337, 1.434, 0.723]","[2.096, 2.783, 2.734, 2.246, 2.979, 2.703]","[-1.094, -3.304, -5.136, -1.623, -3.677, -5.373]"
771,1,2.7553,-0.8864,0.356,868,2412,86,146,0.214,95,0.39,22487,3319.08,0,0,12.000(15.000%)(0.000m),38.560(34.024%)(1.989m),50.000(44.118%)(3.214m),36.000(31.765%)(1.714m),25.657(32.072%)(0.606m),11.000(27.500%)(0.107m),15.000(37.500%)(0.536m),244.396,3742.787,64.3,1.0691,"[0.594, 0.691, 0.283, 0.478, 0.877, 0.261]","[2.416, 3.199, 2.788, 2.420, 3.247, 2.717]","[-4.349, -2.577, -4.816, -4.460, -2.478, -4.881]"
772,1,1.2249,-0.8817,0.278,747,2086,119,120,0.214,90,0.39,22562,2982.04,0,0,23.000(28.750%)(0.321m),48.000(42.353%)(3.000m),62.000(54.706%)(4.500m),24.333(21.470%)(0.464m),12.294(15.368%)(0.000m),15.000(37.500%)(0.536m),9.965(24.912%)(0.000m),480.391,3188.023,64.6,1.1066,"[0.318, 0.865, 0.656, 0.174, 0.976, 0.633]","[2.539, 3.385, 2.884, 2.581, 3.439, 2.841]","[-4.268, -4.602, -3.648, -4.672, -4.776, -3.595]"
773,1,-0.8534,-0.9000,0.280,233,607,27,8,0.213,50,0.39,22586,904.29,0,0,31.000(38.750%)(1.179m),43.000(37.941%)(2.464m),50.869(44.885%)(3.307m),20.901(18.443%)(0.097m),11.531(14.414%)(0.000m),27.000(67.500%)(1.821m),10.200(25.500%)(0.021m),717.787,3475.931,60.3,1.1330,"[0.485, 1.243, 1.087, 0.357, 1.365, 1.062]","[2.381, 3.026, 2.545, 2.506, 3.204, 2.598]","[-5.301, -5.124, -5.561, -5.176, -5.126, -5.438]"
774,1,-3.9348,-0.9026,0.369,379,1048,129,54,0.213,70,0.39,22624,1399.57,0,0,24.000(30.000%)(0.429m),21.000(18.529%)(0.107m),39.000(34.412%)(2.036m),34.000(30.000%)(1.500m),21.482(26.853%)(0.159m),23.000(57.500%)(1.393m),15.129(37.822%)(0.550m),536.984,3273.903,64.0,1.0263,"[-0.051, 0.469, 0.380, -0.175, 0.555, 0.320]","[2.407, 3.076, 2.693, 2.595, 3.390, 2.697]","[-6.088, -5.814, -6.287, -6.502, -6.518, -6.633]"
775,1,0.8785,-0.8252,0.336,410,1146,38,56,0.212,70,0.39,22665,1565.66,0,0,13.000(16.250%)(0.000m),31.000(27.353%)(1.179m),52.000(45.882%)(3.429m),32.000(28.235%)(1.286m),23.000(28.750%)(0.321m),10.000(25.000%)(0.000m),17.946(44.866%)(0.851m),65.401,2832.712,64.7,1.0620,"[0.423, 0.665, 0.435, 0.244, 0.789, 0.493]","[2.391, 2.941, 2.577, 2.514, 3.233, 2.625]","[-4.136, -4.857, -5.684, -4.362, -5.116, -5.970]"
776,1,-0.8337,-0.8410,0.323,290,737,28,80,0.212,55,0.39,22694,1186.50,0,0,19.000(23.750%)(0.000m),35.000(30.882%)(1.607m),50.643(44.685%)(3.283m),20.808(18.360%)(0.087m),11.480(14.350%)(0.000m),18.000(45.000%)(0.857m),10.154(25.386%)(0.017m),453.424,4155.231,58.9,1.1359,"[0.688, 1.154, 0.846, 0.754, 1.349, 0.839]","[2.147, 2.808, 2.547, 2.186, 2.856, 2.616]","[-5.799, -5.391, -5.541, -5.572, -5.547, -6.218]"
777,1,15.5637,-0.5425,0.302,1002,2772,141,129,0.211,100,0.51,22795,3763.62,1,1,28.000(35.000%)(0.857m),47.000(41.471%)(2.893m),43.000(37.941%)(2.464m),37.000(32.647%)(1.821m),20.201(25.251%)(0.021m),20.000(50.000%)(1.071m),14.236(35.590%)(0.454m),332.938,3349.582,64.0,1.0187,"[0.670, 1.087, 0.947, 0.607, 1.226, 0.946]","[2.471, 3.369, 3.013, 2.640, 3.532, 2.960]","[-4.034, -1.060, -3.154, -4.282, -1.058, -3.586]"
778,1,-1.6187,-0.5834,0.407,362,1045,103,48,0.211,70,0.51,22832,1314.64,0,0,13.000(16.250%)(0.000m),28.000(24.706%)(0.857m),38.000(33.530%)(1.929m),30.000(26.471%)(1.071m),15.164(18.955%)(0.000m),10.000(25.000%)(0.000m),10.620(26.550%)(0.066m),67.506,2966.564,66.8,1.0231,"[-0.177, 0.446, 0.490, -0.281, 0.509, 0.345]","[2.161, 3.113, 2.730, 2.341, 3.388, 2.755]","[-5.595, -4.514, -5.086, -5.395, -4.895, -5.547]"
779,1,-0.4657,-0.7530,0.310,188,479,0,18,0.211,45,0.51,22851,713.71,0,0,24.000(30.000%)(0.429m),29.000(25.588%)(0.964m),60.000(52.941%)(4.286m),99.638(87.916%)(8.533m),46.698(58.372%)(2.860m),40.000(100.000%)(3.214m),35.378(88.445%)(2.719m),77.663,2726.297,58.9,1.1232,"[1.530, 1.701, 1.203, 1.471, 1.739, 1.008]","[2.535, 3.477, 2.997, 2.509, 3.558, 2.816]","[-1.552, -3.260, -4.221, -1.760, -3.802, -4.651]"
780,1,-0.5389,-0.7825,0.374,182,520,17,13,0.210,45,0.51,22870,651.99,0,0,29.000(36.250%)(0.964m),53.000(46.765%)(3.536m),51.145(45.128%)(3.337m),21.015(18.543%)(0.109m),11.594(14.492%)(0.000m),25.000(62.500%)(1.607m),10.255(25.638%)(0.027m),692.587,3358.530,66.1,0.9631,"[0.821, 1.371, 1.439, 0.679, 1.526, 1.268]","[2.561, 3.239, 2.791, 2.515, 3.413, 2.675]","[-5.826, -5.459, -5.738, -5.377, -5.112, -5.617]"
781,1,-1.2164,-0.6800,0.265,359,1017,71,41,0.210,70,0.51,22906,1325.60,0,0,12.000(15.000%)(0.000m),21.000(18.529%)(0.107m),50.000(44.118%)(3.214m),37.000(32.647%)(1.821m),19.680(24.600%)(0.000m),24.000(60.000%)(1.500m),13.842(34.605%)(0.412m),357.006,2939.918,65.6,1.1050,"[0.314, 0.791, 0.573, 0.268, 0.888, 0.598]","[2.654, 3.082, 2.587, 2.743, 3.208, 2.535]","[-5.213, -4.823, -5.184, -5.477, -5.785, -4.986]"
782,1,2.4899,-0.6076,0.330,757,2096,198,114,0.209,90,0.51,22982,2769.33,0,0,21.000(26.250%)(0.107m),30.000(26.471%)(1.071m),60.695(53.555%)(4.360m),22.499(19.852%)(0.268m),11.978(14.973%)(0.000m),17.000(42.500%)(0.750m),10.208(25.521%)(0.022m),122.555,3302.608,64.1,1.0767,"[0.159, 0.917, 0.750, 0.042, 1.026, 0.765]","[2.474, 3.175, 2.957, 2.445, 3.326, 2.854]","[-5.823, -5.346, -5.097, -5.514, -5.290, -5.077]"
783,1,-2.4107,-0.6315,0.326,875,2447,360,190,0.209,95,0.51,23070,3230.49,0,0,15.000(18.750%)(0.000m),32.000(28.235%)(1.286m),50.000(44.118%)(3.214m),38.000(33.530%)(1.929m),18.225(22.781%)(0.000m),11.000(27.500%)(0.107m),11.000(27.500%)(0.107m),431.264,3454.867,64.7,1.0606,"[-0.067, 0.355, 0.118, -0.102, 0.410, 0.094]","[2.147, 2.484, 2.319, 2.332, 2.759, 2.308]","[-5.706, -5.576, -4.680, -5.827, -5.538, -4.647]"
784,1,-0.4375,-0.6107,0.269,251,637,42,1,0.209,50,0.51,23096,955.25,0,0,33.000(41.250%)(1.393m),45.000(39.706%)(2.679m),48.100(42.442%)(3.011m),20.361(17.966%)(0.039m),11.360(14.200%)(0.000m),30.000(75.000%)(2.143m),10.173(25.433%)(0.019m),855.893,4559.867,58.7,0.9897,"[0.832, 1.720, 1.641, 0.628, 1.784, 1.567]","[2.805, 3.548, 3.111, 2.692, 3.690, 3.075]","[-5.188, -4.824, -5.044, -5.264, -5.119, -5.069]"
785,1,-0.0663,-0.5974,0.325,293,779,63,6,0.208,60,0.51,23126,1196.22,0,0,31.000(38.750%)(1.179m),45.000(39.706%)(2.679m),60.000(52.941%)(4.286m),24.160(21.317%)(0.446m),12.207(15.259%)(0.000m),27.000(67.500%)(1.821m),9.894(24.735%)(0.000m),657.514,3566.499,61.5,1.2379,"[0.184, 1.168, 1.194, 0.180, 1.292, 1.133]","[3.041, 3.309, 2.978, 3.139, 3.514, 2.978]","[-5.318, -5.474, -5.693, -4.945, -5.489, -5.518]"
786,1,-0.1931,-0.5599,0.299,577,1612,74,132,0.208,85,0.51,23184,2130.43,0,0,22.000(27.500%)(0.214m),20.000(17.647%)(0.000m),20.000(17.647%)(0.000m),21.000(18.529%)(0.107m),26.000(32.500%)(0.643m),15.000(37.500%)(0.536m),18.811(47.027%)(0.944m),0.000,2592.372,64.7,1.0573,"[0.480, 0.543, 0.433, 0.390, 0.690, 0.426]","[2.407, 2.858, 2.596, 2.520, 3.184, 2.684]","[-6.487, -6.447, -6.616, -6.018, -6.594, -6.114]"
787,1,-0.3669,-0.5669,0.388,403,1137,63,54,0.207,70,0.51,23225,1545.62,0,0,29.000(36.250%)(0.964m),50.000(44.118%)(3.214m),68.000(60.000%)(5.143m),33.666(29.706%)(1.464m),11.000(13.750%)(0.000m),25.000(62.500%)(1.607m),10.935(27.337%)(0.100m),303.473,3763.311,65.3,1.0637,"[0.268, 0.782, 0.643, 0.121, 0.979, 0.749]","[2.486, 3.186, 2.962, 2.442, 3.427, 2.878]","[-5.079, -2.562, -1.803, -5.112, -2.364, -2.102]"
788,1,8.3204,-0.4224,0.335,920,2523,104,80,0.207,95,0.51,23317,3638.34,0,0,25.000(31.250%)(0.536m),43.000(37.941%)(2.464m),58.000(51.177%)(4.071m),39.000(34.412%)(2.036m),11.000(13.750%)(0.000m),24.000(60.000%)(1.500m),11.000(27.500%)(0.107m),275.042,3871.637,63.5,1.1242,"[0.781, 1.236, 0.879, 0.682, 1.317, 0.870]","[2.350, 3.061, 2.690, 2.399, 3.223, 2.881]","[-4.131, -1.619, -3.257, -4.530, -1.605, -3.287]"
789,1,-1.8924,-0.4667,0.447,144,393,14,14,0.206,40,0.51,23332,569.73,0,0,23.000(28.750%)(0.321m),26.000(22.941%)(0.643m),38.000(33.530%)(1.929m),81.578(71.981%)(6.598m),45.006(56.257%)(2.679m),40.000(100.000%)(3.214m),39.810(99.525%)(3.194m),0.000,2335.582,63.1,1.0561,"[1.225, 1.162, 0.598, 1.143, 1.242, 0.555]","[2.606, 3.118, 2.692, 2.705, 3.366, 2.746]","[-1.431, -2.653, -4.446, -1.536, -3.517, -4.292]"
790,1,-2.7809,-0.5181,0.379,617,1700,141,138,0.206,85,0.51,23394,2325.27,0,0,20.000(25.000%)(0.000m),34.000(30.000%)(1.500m),38.233(33.735%)(1.953m),18.705(16.504%)(0.000m),11.103(13.879%)(0.000m),15.000(37.500%)(0.536m),10.703(26.758%)(0.075m),303.984,3280.274,63.8,1.0539,"[0.244, 0.698, 0.540, 0.160, 0.792, 0.577]","[2.494, 3.213, 2.838, 2.548, 3.472, 2.882]","[-5.986, -5.881, -6.428, -5.799, -5.669, -6.733]"
791,1,-2.5049,-0.5347,0.239,155,423,14,0,0.206,40,0.51,23410,577.51,0,0,38.000(47.500%)(1.929m),58.000(51.177%)(4.071m),40.035(35.325%)(2.147m),18.766(16.558%)(0.000m),10.922(13.653%)(0.000m),40.000(100.000%)(3.214m),10.274(25.686%)(0.029m),862.188,3452.057,63.2,1.2558,"[0.159, 0.567, 0.740, 0.107, 0.696, 0.705]","[2.319, 2.989, 2.603, 2.417, 3.280, 2.822]","[-5.292, -5.514, -5.270, -5.096, -5.668, -5.688]"
792,1,-2.9098,-0.6023,0.355,419,1126,86,85,0.205,70,0.51,23452,1660.91,0,0,22.000(27.500%)(0.214m),27.000(23.824%)(0.750m),22.000(19.412%)(0.214m),20.000(17.647%)(0.000m),17.674(22.093%)(0.000m),19.000(47.500%)(0.964m),12.404(31.010%)(0.258m),0.000,2997.767,62.2,1.2537,"[0.209, 0.637, 0.466, 0.205, 0.706, 0.539]","[2.463, 2.931, 2.911, 2.520, 3.075, 2.898]","[-8.031, -6.663, -5.987, -8.395, -7.143, -5.874]"
793,1,1.2221,-0.5988,0.273,718,2030,89,161,0.205,90,0.50,23524,2714.10,0,0,18.000(22.500%)(0.000m),38.000(33.530%)(1.929m),69.000(60.883%)(5.250m),24.624(21.727%)(0.495m),12.267(15.334%)(0.000m),13.000(32.500%)(0.321m),9.818(24.545%)(0.000m),448.904,3090.136,65.4,1.0957,"[0.429, 0.642, 0.371, 0.344, 0.786, 0.440]","[2.748, 3.202, 2.793, 2.929, 3.374, 2.914]","[-5.157, -4.956, -5.548, -5.198, -5.364, -5.127]"
794,1,-0.4050,-0.6449,0.298,386,1088,112,50,0.204,70,0.50,23563,1498.36,0,0,12.000(15.000%)(0.000m),24.000(21.177%)(0.429m),63.000(55.588%)(4.607m),40.741(35.948%)(2.222m),19.848(24.810%)(0.000m),10.000(25.000%)(0.000m),14.021(35.054%)(0.431m),323.385,3046.580,65.2,1.1863,"[0.265, 0.729, 0.422, 0.170, 0.862, 0.412]","[2.275, 3.049, 2.544, 2.332, 3.275, 2.590]","[-4.249, -4.615, -5.007, -4.256, -5.229, -5.055]"
795,1,-2.9779,-0.6751,0.351,389,1063,53,15,0.204,70,0.50,23602,1596.01,0,0,31.000(38.750%)(1.179m),21.000(18.529%)(0.107m),34.000(30.000%)(1.500m),31.598(27.880%)(1.243m),14.701(18.377%)(0.000m),25.000(62.500%)(1.607m),10.301(25.752%)(0.032m),968.605,4589.238,63.2,1.1964,"[0.020, 0.383, 0.423, 0.054, 0.500, 0.479]","[2.124, 2.560, 2.351, 2.206, 2.823, 2.408]","[-5.893, -5.022, -5.421, -6.393, -5.778, -4.825]"
796,1,-2.1086,-0.6740,0.296,745,1974,151,122,0.204,85,0.50,23677,2871.71,0,0,17.133(21.416%)(0.000m),36.059(31.817%)(1.721m),33.650(29.691%)(1.462m),17.419(15.369%)(0.000m),10.632(13.290%)(0.000m),12.081(30.203%)(0.223m),10.632(26.580%)(0.068m),263.078,4097.503,61.3,1.0761,"[0.676, 0.902, 0.591, 0.622, 1.043, 0.605]","[2.503, 2.993, 2.825, 2.591, 3.207, 2.854]","[-5.457, -4.915, -5.979, -5.584, -5.294, -6.009]"
797,1,2.0300,-0.6053,0.350,893,2495,116,129,0.203,95,0.50,23767,3592.74,0,0,21.862(27.327%)(0.199m),45.819(40.429%)(2.766m),69.000(60.883%)(5.250m),44.000(38.824%)(2.571m),21.000(26.250%)(0.107m),15.450(38.625%)(0.584m),14.000(35.000%)(0.429m),814.373,3299.436,64.7,1.1812,"[0.642, 0.854, 0.601, 0.527, 0.984, 0.652]","[2.468, 3.186, 2.698, 2.538, 3.303, 2.797]","[-4.860, -5.474, -4.609, -5.295, -5.296, -4.353]"
798,1,3.3527,-0.4861,0.329,561,1470,82,71,0.203,80,0.50,23824,2217.13,0,0,20.887(26.109%)(0.095m),43.743(38.597%)(2.544m),62.000(54.706%)(4.500m),45.000(39.706%)(2.679m),24.000(30.000%)(0.429m),14.768(36.920%)(0.511m),16.000(40.000%)(0.643m),1009.424,5599.526,60.7,1.1033,"[0.669, 0.939, 0.736, 0.546, 1.096, 0.682]","[2.466, 3.373, 2.944, 2.643, 3.561, 2.979]","[-4.563, -1.831, -2.727, -5.212, -1.491, -2.954]"
799,1,-0.7723,-0.4612,0.218,222,579,20,25,0.202,50,0.50,23847,867.52,0,0,24.000(30.000%)(0.429m),37.000(32.647%)(1.821m),51.600(45.530%)(3.386m),21.202(18.708%)(0.129m),11.697(14.621%)(0.000m),26.000(65.000%)(1.714m),10.346(25.866%)(0.037m),346.758,3191.611,60.4,1.0636,"[0.946, 1.292, 0.977, 0.924, 1.384, 0.862]","[2.847, 3.221, 2.809, 2.997, 3.372, 2.806]","[-5.331, -5.235, -6.052, -5.635, -5.319, -6.361]"
800,1,0.7784,-0.3803,0.300,810,2280,118,149,0.202,95,0.50,23928,3335.98,0,0,12.000(15.000%)(0.000m),21.000(18.529%)(0.107m),49.000(43.235%)(3.107m),34.000(30.000%)(1.500m),19.241(24.051%)(0.000m),13.000(32.500%)(0.321m),13.552(33.880%)(0.381m),195.174,3229.614,65.1,1.1393,"[0.404, 0.697, 0.591, 0.280, 0.884, 0.579]","[2.637, 3.350, 2.948, 2.787, 3.533, 2.926]","[-4.638, -5.521, -5.752, -5.197, -5.872, -5.229]"
801,1,-0.0468,-0.3507,0.336,308,931,103,28,0.202,65,0.50,23959,1167.98,0,0,10.000(12.500%)(0.000m),15.000(13.235%)(0.000m),25.000(22.059%)(0.536m),34.000(30.000%)(1.500m),21.787(27.234%)(0.191m),28.000(70.000%)(1.929m),15.344(38.361%)(0.573m),176.377,2536.679,69.9,1.1417,"[-0.300, 0.405, 0.330, -0.592, 0.449, 0.351]","[2.124, 3.001, 2.851, 2.281, 3.193, 2.978]","[-8.897, -5.504, -6.000, -9.528, -6.773, -5.905]"
802,1,-1.0672,-0.3012,0.330,526,1382,170,43,0.201,75,0.50,24012,2063.04,0,0,30.000(37.500%)(1.071m),45.000(39.706%)(2.679m),54.000(47.647%)(3.643m),43.000(37.941%)(2.464m),16.000(20.000%)(0.000m),27.000(67.500%)(1.821m),10.000(25.000%)(0.000m),534.928,3974.906,60.8,1.1346,"[0.701, 1.102, 0.936, 0.555, 1.193, 0.892]","[2.297, 2.870, 2.581, 2.322, 3.057, 2.750]","[-3.154, -2.421, -2.094, -3.824, -2.146, -2.008]"
803,1,5.0091,-0.1857,0.271,559,1439,23,48,0.201,75,0.50,24068,2385.71,0,0,23.943(29.928%)(0.422m),49.759(43.905%)(3.189m),53.000(46.765%)(3.536m),44.000(38.824%)(2.571m),12.000(15.000%)(0.000m),17.021(42.552%)(0.752m),10.000(25.000%)(0.000m),610.052,5775.193,59.6,1.1304,"[0.959, 1.123, 0.835, 0.962, 1.318, 0.760]","[2.415, 3.030, 2.771, 2.588, 3.272, 2.751]","[-3.944, -2.575, -3.354, -3.558, -2.607, -3.737]"
804,1,-2.1582,-0.1622,0.267,145,393,14,0,0.200,40,0.50,24083,564.64,0,0,44.000(55.000%)(2.571m),68.000(60.000%)(5.143m),28.614(25.247%)(0.923m),16.014(14.130%)(0.000m),10.202(12.752%)(0.000m),40.000(100.000%)(3.214m),10.845(27.114%)(0.091m),1266.631,3790.590,62.7,1.0172,"[0.592, 1.212, 1.339, 0.588, 1.332, 1.302]","[2.445, 3.224, 2.862, 2.564, 3.389, 2.908]","[-5.658, -5.625, -5.466, -5.087, -5.910, -5.526]"
805,1,-2.6435,-0.2066,0.294,634,1797,34,164,0.200,90,0.50,24147,2717.59,0,0,23.000(28.750%)(0.321m),34.000(30.000%)(1.500m),42.224(37.257%)(2.381m),19.337(17.062%)(0.000m),11.141(13.926%)(0.000m),15.000(37.500%)(0.536m),10.352(25.880%)(0.038m),226.649,3058.381,65.6,1.3502,"[0.619, 0.984, 0.757, 0.621, 1.145, 0.776]","[2.623, 3.134, 2.685, 2.659, 3.424, 2.897]","[-5.392, -5.166, -5.406, -5.123, -5.135, -5.606]"
806,1,-0.5996,-0.2693,0.351,617,1693,154,128,0.200,85,0.50,24209,2514.58,0,0,17.000(21.250%)(0.000m),34.000(30.000%)(1.500m),25.000(22.059%)(0.536m),20.000(17.647%)(0.000m),18.309(22.886%)(0.000m),12.000(30.000%)(0.214m),12.872(32.180%)(0.308m),0.000,2612.582,63.5,1.1361,"[-0.005, 0.393, 0.272, -0.195, 0.585, 0.230]","[2.235, 3.185, 2.644, 2.384, 3.365, 2.834]","[-5.232, -6.407, -5.223, -5.624, -6.926, -5.957]"
807,1,-3.3238,-0.2970,0.391,555,1425,218,68,0.199,75,0.50,24265,2079.04,0,0,12.000(15.000%)(0.000m),24.000(21.177%)(0.429m),65.000(57.353%)(4.821m),43.000(37.941%)(2.464m),21.000(26.250%)(0.107m),10.000(25.000%)(0.000m),25.000(62.500%)(1.607m),1336.173,5812.095,59.4,1.1347,"[1.103, 1.086, 0.503, 1.036, 1.170, 0.468]","[3.003, 3.172, 2.867, 2.778, 3.368, 3.007]","[-5.654, -4.745, -5.532, -6.345, -5.208, -5.528]"
808,1,1.4997,-0.2455,0.342,654,1952,75,23,0.199,95,0.50,24331,2472.07,0,0,33.000(41.250%)(1.393m),55.000(48.530%)(3.750m),58.000(51.177%)(4.071m),29.000(25.588%)(0.964m),17.419(21.774%)(0.000m),24.000(60.000%)(1.500m),12.232(30.581%)(0.239m),0.000,2892.216,69.1,1.0915,"[0.552, 0.989, 0.944, 0.366, 1.193, 1.047]","[2.746, 3.201, 2.779, 2.788, 3.438, 2.912]","[-5.551, -5.463, -3.425, -5.705, -5.135, -3.329]"
809,1,22.8093,0.2951,0.304,1006,2780,107,156,0.198,100,0.62,24432,4170.82,1,1,17.000(21.250%)(0.000m),47.000(41.471%)(2.893m),60.000(52.941%)(4.286m),36.000(31.765%)(1.714m),19.539(24.424%)(0.000m),12.000(30.000%)(0.214m),13.758(34.395%)(0.403m),287.771,4032.731,63.9,1.1664,"[0.941, 1.328, 1.086, 0.837, 1.532, 1.128]","[2.951, 3.469, 2.933, 3.008, 3.635, 3.097]","[-4.516, -2.779, -3.914, -4.737, -2.334, -4.240]"
810,1,-2.0306,0.2894,0.219,216,550,37,0,0.198,45,0.62,24454,820.58,0,0,13.372(16.715%)(0.000m),28.659(25.287%)(0.928m),53.000(46.765%)(3.536m),41.000(36.177%)(2.250m),35.000(43.750%)(1.607m),9.650(24.126%)(0.000m),40.000(100.000%)(3.214m),730.029,4171.681,58.9,1.0795,"[1.173, 1.089, -0.050, 1.118, 1.075, 0.004]","[2.570, 2.721, 2.306, 2.615, 2.823, 2.455]","[-1.278, -1.479, -4.186, -1.683, -1.811, -4.258]"
811,1,0.9293,0.3966,0.310,881,2397,319,124,0.198,95,0.62,24543,3456.09,0,0,21.000(26.250%)(0.107m),52.000(45.882%)(3.429m),38.000(33.530%)(1.929m),29.000(25.588%)(0.964m),15.271(19.088%)(0.000m),15.000(37.500%)(0.536m),10.706(26.765%)(0.076m),8.131,3428.025,63.0,1.0857,"[0.130, 0.739, 0.720, 0.096, 0.820, 0.703]","[2.614, 2.964, 2.520, 2.567, 3.127, 2.520]","[-5.082, -4.889, -2.925, -4.949, -4.557, -3.105]"
812,1,15.9792,0.6091,0.340,1000,2771,101,121,0.197,100,0.74,24643,3924.45,1,1,16.000(20.000%)(0.000m),34.000(30.000%)(1.500m),60.000(52.941%)(4.286m),47.000(41.471%)(2.893m),22.584(28.230%)(0.277m),11.000(27.500%)(0.107m),15.922(39.805%)(0.634m),488.007,3275.967,64.1,1.1067,"[0.672, 0.852, 0.607, 0.635, 1.021, 0.743]","[2.463, 2.892, 2.540, 2.490, 3.127, 2.714]","[-3.986, -5.781, -4.987, -4.026, -6.480, -4.126]"
813,1,-2.2205,0.5369,0.256,316,781,99,0,0.197,55,0.74,24675,1252.11,0,0,12.704(15.880%)(0.000m),26.266(23.176%)(0.671m),59.000(52.059%)(4.179m),50.000(44.118%)(3.214m),37.000(46.250%)(1.821m),9.912(24.780%)(0.000m),27.000(67.500%)(1.821m),1115.523,6026.441,57.2,1.1316,"[1.430, 1.530, 0.697, 1.248, 1.609, 0.639]","[2.369, 2.806, 2.481, 2.250, 3.005, 2.552]","[-1.885, -4.115, -5.073, -2.112, -4.846, -5.005]"
814,1,-2.9113,0.4911,0.301,765,2222,129,200,0.196,95,0.74,24752,2774.20,0,0,13.000(16.250%)(0.000m),39.000(34.412%)(2.036m),47.000(41.471%)(2.893m),33.000(29.118%)(1.393m),17.029(21.287%)(0.000m),10.000(25.000%)(0.000m),11.977(29.942%)(0.212m),188.701,3346.593,67.2,1.0476,"[0.243, 0.703, 0.566, 0.127, 0.780, 0.516]","[2.228, 3.134, 2.868, 2.249, 3.288, 2.871]","[-4.831, -3.880, -4.424, -4.584, -4.644, -4.489]"
815,1,-2.5776,0.5499,0.451,420,1165,193,76,0.196,70,0.74,24794,1491.71,0,0,13.000(16.250%)(0.000m),45.000(39.706%)(2.679m),36.000(31.765%)(1.714m),30.000(26.471%)(1.071m),14.014(17.518%)(0.000m),10.000(25.000%)(0.000m),9.824(24.560%)(0.000m),63.940,2970.290,64.2,0.9720,"[-0.101, 0.661, 0.748, -0.144, 0.787, 0.690]","[2.441, 3.100, 2.676, 2.518, 3.340, 2.856]","[-4.984, -5.048, -3.704, -4.967, -4.402, -3.826]"
816,1,0.7095,0.6022,0.350,392,1065,125,9,0.196,70,0.74,24834,1358.57,0,0,36.000(45.000%)(1.714m),48.000(42.353%)(3.000m),55.000(48.530%)(3.750m),23.000(20.294%)(0.321m),18.261(22.826%)(0.000m),31.000(77.500%)(2.250m),12.880(32.199%)(0.309m),0.000,3470.228,62.9,0.9991,"[0.365, 1.188, 1.128, 0.306, 1.305, 1.171]","[2.726, 3.206, 2.637, 2.748, 3.336, 2.737]","[-5.663, -5.264, -5.586, -5.088, -4.821, -5.142]"
817,1,0.0708,0.6538,0.457,385,969,95,76,0.195,65,0.73,24873,1413.00,0,0,12.461(15.576%)(0.000m),25.762(22.731%)(0.617m),55.000(48.530%)(3.750m),31.000(27.353%)(1.179m),16.000(20.000%)(0.000m),9.722(24.305%)(0.000m),17.000(42.500%)(0.750m),857.437,4762.724,58.3,1.0286,"[0.671, 0.797, 0.542, 0.679, 0.973, 0.456]","[2.448, 2.863, 2.731, 2.509, 3.074, 2.770]","[-4.830, -4.908, -5.401, -5.114, -4.695, -5.698]"
818,1,0.3215,0.7052,0.295,351,975,88,33,0.195,65,0.73,24909,1264.65,0,0,23.000(28.750%)(0.321m),29.000(25.588%)(0.964m),30.000(26.471%)(1.071m),26.942(23.773%)(0.744m),12.834(16.042%)(0.000m),24.000(60.000%)(1.500m),9.885(24.713%)(0.000m),228.172,2663.716,64.3,1.0440,"[0.361, 0.780, 0.554, 0.265, 0.853, 0.546]","[2.752, 3.361, 2.600, 2.919, 3.544, 2.892]","[-6.726, -7.174, -5.374, -6.723, -6.698, -5.695]"
819,1,-0.3417,0.7354,0.280,351,1024,104,26,0.194,70,0.73,24945,1266.17,0,0,11.000(13.750%)(0.000m),17.000(15.000%)(0.000m),61.000(53.824%)(4.393m),36.000(31.765%)(1.714m),18.780(23.475%)(0.000m),11.000(27.500%)(0.107m),13.189(32.973%)(0.342m),119.852,2738.931,67.5,1.0141,"[0.092, 0.631, 0.460, -0.005, 0.773, 0.587]","[2.533, 3.045, 2.777, 2.610, 3.191, 2.962]","[-5.602, -6.223, -5.953, -5.892, -6.038, -5.146]"
820,1,-2.0276,0.6942,0.360,385,1058,119,29,0.194,70,0.73,24984,1431.89,0,0,18.604(23.254%)(0.000m),20.000(17.647%)(0.000m),20.000(17.647%)(0.000m),23.000(20.294%)(0.321m),27.000(33.750%)(0.750m),13.081(32.702%)(0.330m),26.000(65.000%)(1.714m),0.000,3153.557,63.6,1.0399,"[0.184, 0.258, -0.241, 0.170, 0.382, -0.384]","[2.217, 3.040, 2.744, 2.436, 3.250, 2.873]","[-5.630, -4.896, -5.566, -5.070, -5.010, -5.944]"
821,1,2.8798,0.6966,0.312,792,2230,157,131,0.194,95,0.73,25064,2956.26,0,0,19.000(23.750%)(0.000m),25.000(22.059%)(0.536m),21.000(18.529%)(0.107m),19.000(16.765%)(0.000m),19.579(24.474%)(0.000m),13.000(32.500%)(0.321m),13.780(34.450%)(0.405m),0.000,2772.588,65.2,1.0530,"[0.487, 0.844, 0.575, 0.326, 0.942, 0.623]","[2.480, 2.918, 2.736, 2.468, 3.164, 2.797]","[-7.924, -6.911, -6.647, -7.532, -7.425, -6.022]"
822,1,2.5378,0.7229,0.292,983,2619,67,114,0.193,95,0.73,25163,3706.25,0,0,12.000(15.000%)(0.000m),19.000(16.765%)(0.000m),40.000(35.294%)(2.143m),34.000(30.000%)(1.500m),23.000(28.750%)(0.321m),23.000(57.500%)(1.393m),16.350(40.874%)(0.680m),165.561,3458.078,61.7,1.0301,"[0.905, 1.159, 0.915, 0.787, 1.203, 0.918]","[2.624, 3.203, 2.860, 2.620, 3.444, 2.959]","[-3.846, -5.919, -5.027, -4.131, -7.167, -4.304]"
823,1,-0.0586,0.7388,0.306,145,395,0,10,0.193,40,0.73,25178,599.99,0,0,23.000(28.750%)(0.321m),28.000(24.706%)(0.857m),82.000(72.353%)(6.643m),87.310(77.039%)(7.212m),45.318(56.648%)(2.713m),40.000(100.000%)(3.214m),37.668(94.171%)(2.964m),0.000,2530.494,63.1,1.1210,"[1.169, 1.360, 0.834, 1.063, 1.409, 0.832]","[2.137, 2.975, 2.780, 2.033, 3.100, 2.876]","[-1.467, -3.044, -4.850, -1.488, -3.729, -4.905]"
824,1,-2.5968,0.7656,0.220,172,447,1,16,0.193,40,0.73,25196,705.36,0,0,23.000(28.750%)(0.321m),28.000(24.706%)(0.857m),59.000(52.059%)(4.179m),74.954(66.136%)(5.888m),41.351(51.689%)(2.288m),40.000(100.000%)(3.214m),36.577(91.443%)(2.848m),64.048,2530.130,60.2,1.0669,"[1.197, 1.342, 0.983, 1.201, 1.463, 0.984]","[2.456, 2.945, 2.696, 2.483, 3.205, 2.807]","[-0.886, -1.799, -3.802, -0.458, -2.953, -3.834]"
825,1,-0.9121,0.7297,0.340,341,1012,62,40,0.192,70,0.73,25231,1310.19,0,0,12.000(15.000%)(0.000m),43.000(37.941%)(2.464m),48.000(42.353%)(3.000m),33.000(29.118%)(1.393m),19.267(24.084%)(0.000m),11.000(27.500%)(0.107m),13.537(33.844%)(0.379m),120.490,2689.697,68.7,1.0894,"[-0.095, 0.633, 0.488, -0.240, 0.750, 0.488]","[2.203, 2.847, 2.666, 2.162, 2.951, 2.652]","[-4.252, -4.077, -5.131, -4.464, -3.863, -5.140]"
826,1,11.3945,0.9743,0.332,965,2704,176,232,0.192,100,0.85,25328,3973.47,1,1,24.000(30.000%)(0.429m),39.000(34.412%)(2.036m),47.000(41.471%)(2.893m),30.932(27.293%)(1.171m),14.214(17.767%)(0.000m),12.000(30.000%)(0.214m),9.942(24.856%)(0.000m),90.946,3457.084,64.8,1.1390,"[0.522, 0.836, 0.599, 0.484, 0.967, 0.656]","[2.358, 2.857, 2.553, 2.424, 3.149, 2.670]","[-5.433, -4.199, -4.780, -5.188, -4.360, -5.041]"
827,1,1.7980,0.6990,0.337,597,1705,71,174,0.191,85,0.85,25388,2404.98,0,0,19.000(23.750%)(0.000m),33.000(29.118%)(1.393m),38.502(33.973%)(1.982m),18.837(16.621%)(0.000m),11.181(13.977%)(0.000m),14.000(35.000%)(0.429m),10.779(26.947%)(0.083m),209.815,2846.578,66.1,1.0981,"[0.579, 1.024, 0.830, 0.511, 1.144, 0.859]","[2.532, 3.227, 2.817, 2.642, 3.446, 2.826]","[-5.255, -5.368, -5.950, -4.845, -5.434, -5.626]"
828,1,-5.0343,0.6307,0.239,83,212,17,0,0.191,25,0.85,25397,354.15,0,0,77.786(97.233%)(6.191m),39.150(34.544%)(2.052m),17.493(15.435%)(0.000m),11.779(10.393%)(0.000m),8.511(10.639%)(0.000m),40.000(100.000%)(3.214m),11.339(28.347%)(0.143m),2824.983,6153.054,59.0,1.2488,"[-0.609, 0.043, 0.486, -0.522, 0.189, 0.520]","[2.487, 3.159, 2.815, 2.534, 3.341, 2.925]","[-5.979, -5.198, -5.389, -5.248, -5.279, -5.173]"
829,1,-3.2829,0.5743,0.304,393,1070,28,35,0.191,70,0.84,25437,1520.61,0,0,28.000(35.000%)(0.857m),21.000(18.529%)(0.107m),20.000(17.647%)(0.000m),50.433(44.500%)(3.261m),24.238(30.297%)(0.454m),22.000(55.000%)(1.286m),17.203(43.008%)(0.772m),0.000,3735.630,63.0,1.3681,"[0.367, 0.650, 0.462, 0.292, 0.785, 0.409]","[2.674, 3.245, 2.765, 2.752, 3.422, 2.902]","[-5.047, -5.445, -5.151, -5.242, -5.549, -5.402]"
830,1,-0.5381,0.5744,0.374,379,1077,79,25,0.190,70,0.84,25475,1333.29,0,0,11.000(13.750%)(0.000m),19.000(16.765%)(0.000m),72.000(63.530%)(5.571m),38.454(33.930%)(1.977m),18.416(23.020%)(0.000m),11.000(27.500%)(0.107m),12.967(32.416%)(0.318m),740.556,3593.914,65.8,1.0566,"[0.197, 0.854, 0.761, 0.080, 1.001, 0.805]","[2.583, 3.163, 2.621, 2.545, 3.306, 2.734]","[-4.681, -6.094, -5.704, -4.894, -6.346, -6.042]"
831,1,19.6857,0.9924,0.324,878,2530,31,205,0.190,100,0.96,25563,3256.26,1,1,20.000(25.000%)(0.000m),42.000(37.059%)(2.357m),47.000(41.471%)(2.893m),32.000(28.235%)(1.286m),21.386(26.732%)(0.148m),18.000(45.000%)(0.857m),15.063(37.656%)(0.542m),71.818,2755.236,66.7,0.9989,"[0.465, 0.985, 0.737, 0.416, 1.088, 0.759]","[2.303, 3.303, 2.821, 2.404, 3.449, 3.082]","[-4.508, -4.172, -3.387, -4.413, -3.509, -3.587]"
832,1,10.8351,1.1593,0.318,904,2584,97,181,0.189,100,1.08,25654,3417.44,2,1,16.000(20.000%)(0.000m),41.000(36.177%)(2.250m),46.000(40.588%)(2.786m),34.000(30.000%)(1.500m),16.941(21.176%)(0.000m),11.000(27.500%)(0.107m),11.921(29.804%)(0.206m),169.014,2963.636,66.2,1.0528,"[0.573, 0.889, 0.765, 0.535, 1.083, 0.894]","[2.842, 3.304, 2.859, 2.993, 3.466, 3.040]","[-5.030, -4.378, -4.976, -4.927, -4.665, -4.788]"
833,1,11.7251,1.4420,0.347,1048,2867,193,232,0.189,100,1.20,25759,3760.56,3,1,24.000(30.000%)(0.429m),40.000(35.294%)(2.143m),54.000(47.647%)(3.643m),35.000(30.882%)(1.607m),18.284(22.855%)(0.000m),17.000(42.500%)(0.750m),12.859(32.147%)(0.306m),104.258,3090.976,63.3,0.9698,"[0.666, 1.197, 1.066, 0.660, 1.384, 1.055]","[2.847, 3.374, 3.023, 2.982, 3.412, 3.156]","[-4.381, -4.055, -3.272, -4.502, -3.450, -3.363]"
834,1,-1.7592,1.4156,0.432,322,948,39,33,0.189,65,1.20,25792,1097.79,0,0,12.000(15.000%)(0.000m),20.000(17.647%)(0.000m),50.000(44.118%)(3.214m),35.000(30.882%)(1.607m),21.420(26.775%)(0.152m),22.000(55.000%)(1.286m),15.082(37.706%)(0.545m),190.705,2937.948,68.2,1.0033,"[0.181, 0.780, 0.544, 0.085, 0.870, 0.667]","[2.649, 3.381, 3.085, 2.797, 3.581, 3.324]","[-5.499, -5.096, -4.967, -4.983, -4.940, -4.240]"
835,1,-1.6492,1.3839,0.420,191,530,14,22,0.188,45,1.20,25812,679.91,0,0,27.000(33.750%)(0.750m),41.000(36.177%)(2.250m),60.000(52.941%)(4.286m),25.713(22.688%)(0.612m),12.437(15.546%)(0.000m),24.000(60.000%)(1.500m),9.703(24.258%)(0.000m),366.666,3005.670,64.2,1.0496,"[0.515, 1.148, 0.990, 0.403, 1.307, 1.095]","[2.632, 3.350, 2.841, 2.648, 3.583, 3.210]","[-4.894, -5.248, -5.151, -4.891, -5.023, -4.897]"
836,1,14.8484,1.6848,0.337,907,2587,110,131,0.188,100,1.32,25903,3302.86,1,1,24.000(30.000%)(0.429m),39.000(34.412%)(2.036m),51.000(45.000%)(3.321m),34.643(30.568%)(1.569m),16.058(20.073%)(0.000m),18.000(45.000%)(0.857m),11.249(28.122%)(0.134m),408.006,3226.925,66.0,1.0184,"[0.652, 1.078, 0.884, 0.585, 1.239, 0.917]","[2.570, 3.157, 2.772, 2.795, 3.373, 3.006]","[-5.235, -3.925, -4.043, -5.017, -3.358, -4.283]"
837,1,-0.4877,1.6823,0.434,209,593,44,0,0.188,50,1.31,25924,726.72,0,0,39.000(48.750%)(2.036m),61.000(53.824%)(4.393m),81.000(71.471%)(6.536m),26.774(23.624%)(0.726m),12.751(15.939%)(0.000m),28.000(70.000%)(1.929m),9.822(24.554%)(0.000m),1303.284,3565.954,65.7,0.9373,"[-0.026, 1.303, 1.611, -0.071, 1.561, 1.722]","[2.361, 2.948, 2.689, 2.533, 3.292, 2.945]","[-5.562, -5.659, -4.229, -5.370, -5.281, -3.812]"
838,1,-1.2252,1.4914,0.352,139,384,3,11,0.187,40,1.31,25938,507.90,0,0,23.000(28.750%)(0.321m),27.000(23.824%)(0.750m),57.000(50.294%)(3.964m),91.904(81.092%)(7.704m),47.117(58.896%)(2.905m),40.000(100.000%)(3.214m),36.292(90.731%)(2.817m),0.000,2099.324,63.9,1.0652,"[1.109, 1.035, 0.553, 1.017, 1.195, 0.535]","[2.389, 2.963, 2.579, 2.476, 3.277, 2.820]","[-3.988, -3.947, -4.510, -3.811, -4.143, -4.560]"
839,1,11.8369,1.7660,0.334,877,2531,201,168,0.187,100,1.43,26026,3322.02,1,1,16.000(20.000%)(0.000m),33.000(29.118%)(1.393m),42.000(37.059%)(2.357m),33.000(29.118%)(1.393m),15.841(19.801%)(0.000m),11.000(27.500%)(0.107m),11.102(27.754%)(0.118m),65.599,3219.588,66.8,1.0546,"[0.327, 0.845, 0.766, 0.294, 1.082, 0.894]","[2.669, 3.276, 2.913, 2.736, 3.581, 3.131]","[-4.729, -5.183, -4.053, -4.630, -4.514, -4.115]"
840,1,-0.3418,1.8148,0.339,768,2175,187,108,0.186,95,1.43,26103,2749.73,0,0,26.000(32.500%)(0.643m),41.000(36.177%)(2.250m),41.000(36.177%)(2.250m),20.000(17.647%)(0.000m),15.678(19.598%)(0.000m),19.000(47.500%)(0.964m),10.986(27.465%)(0.106m),0.000,3077.417,65.5,1.0285,"[0.234, 0.813, 0.738, 0.138, 0.955, 0.799]","[2.502, 3.293, 2.838, 2.635, 3.377, 2.997]","[-5.132, -5.333, -4.970, -5.125, -5.008, -4.820]"
841,1,-3.3309,1.7983,0.349,177,488,15,22,0.186,45,1.43,26121,611.45,0,0,25.000(31.250%)(0.536m),41.000(36.177%)(2.250m),50.161(44.260%)(3.232m),20.610(18.186%)(0.065m),11.371(14.213%)(0.000m),32.000(80.000%)(2.357m),10.058(25.145%)(0.006m),319.022,3115.287,63.7,0.9066,"[0.336, 0.676, 0.486, 0.259, 0.767, 0.473]","[1.900, 3.020, 2.814, 2.007, 3.283, 3.104]","[-5.077, -5.175, -5.184, -5.258, -5.655, -5.520]"
842,1,-3.0942,1.7946,0.338,520,1390,202,35,0.186,75,1.43,26173,1802.46,0,0,17.592(21.990%)(0.000m),37.613(33.188%)(1.887m),46.000(40.588%)(2.786m),40.000(35.294%)(2.143m),28.000(35.000%)(0.857m),12.345(30.863%)(0.251m),12.000(30.000%)(0.214m),668.124,4478.812,61.9,0.9931,"[0.817, 0.828, -0.135, 0.793, 0.953, -0.076]","[2.875, 3.071, 2.625, 2.925, 3.406, 2.886]","[-4.146, -3.625, -5.410, -4.698, -2.904, -5.599]"
843,1,1.6897,1.8039,0.303,234,670,14,10,0.185,55,1.42,26197,850.00,0,0,30.000(37.500%)(1.071m),45.000(39.706%)(2.679m),62.166(54.853%)(4.518m),22.948(20.248%)(0.316m),12.065(15.082%)(0.000m),25.000(62.500%)(1.607m),10.155(25.387%)(0.017m),486.141,2787.842,66.2,0.9804,"[0.625, 1.311, 1.144, 0.414, 1.430, 1.234]","[2.496, 2.928, 2.443, 2.577, 3.180, 2.593]","[-5.522, -5.704, -5.137, -5.462, -5.954, -4.826]"
844,1,11.6073,2.0442,0.298,982,2733,116,198,0.185,100,1.54,26296,3796.57,1,1,20.000(25.000%)(0.000m),34.000(30.000%)(1.500m),59.000(52.059%)(4.179m),35.392(31.229%)(1.649m),16.841(21.051%)(0.000m),15.000(37.500%)(0.536m),11.843(29.608%)(0.198m),375.634,3081.994,64.4,1.1249,"[0.783, 1.205, 0.894, 0.722, 1.318, 1.000]","[2.781, 3.309, 2.893, 2.702, 3.346, 2.910]","[-4.442, -1.780, -3.759, -4.621, -1.780, -3.924]"
845,1,14.9658,2.4031,0.319,1129,3023,124,232,0.185,100,1.66,26409,4463.12,2,1,28.000(35.000%)(0.857m),41.000(36.177%)(2.250m),57.000(50.294%)(3.964m),37.000(32.647%)(1.821m),17.985(22.481%)(0.000m),16.000(40.000%)(0.643m),12.633(31.582%)(0.282m),151.816,3601.691,62.0,1.0699,"[1.113, 1.531, 1.256, 1.053, 1.674, 1.303]","[2.912, 3.530, 3.167, 3.008, 3.601, 3.234]","[-4.537, -4.074, -2.529, -5.004, -3.750, -2.655]"
846,1,-0.4588,2.4361,0.469,194,537,21,8,0.184,45,1.65,26429,797.44,0,0,30.000(37.500%)(1.071m),45.000(39.706%)(2.679m),40.372(35.622%)(2.183m),18.489(16.314%)(0.000m),10.652(13.315%)(0.000m),27.000(67.500%)(1.821m),9.898(24.744%)(0.000m),495.264,3178.810,64.0,1.2426,"[0.327, 1.353, 1.260, 0.318, 1.475, 1.208]","[2.498, 3.214, 2.676, 2.594, 3.315, 2.743]","[-6.058, -5.600, -5.898, -5.773, -5.417, -6.286]"
847,1,2.6552,2.4486,0.341,813,2269,188,58,0.184,95,1.65,26511,3118.33,0,0,19.686(24.607%)(0.000m),40.657(35.874%)(2.213m),39.000(34.412%)(2.036m),29.000(25.588%)(0.964m),18.031(22.539%)(0.000m),13.902(34.754%)(0.418m),12.652(31.631%)(0.284m),24.624,3653.040,64.6,1.0354,"[0.612, 0.951, 0.745, 0.507, 1.121, 0.709]","[2.457, 3.061, 2.663, 2.651, 3.332, 2.676]","[-4.572, -4.902, -5.385, -4.556, -4.431, -5.590]"
848,1,2.5347,2.4322,0.383,982,2605,199,132,0.183,95,1.65,26610,3727.55,0,0,18.280(22.850%)(0.000m),18.000(15.882%)(0.000m),36.000(31.765%)(1.714m),33.000(29.118%)(1.393m),20.098(25.122%)(0.010m),12.900(32.250%)(0.311m),14.175(35.438%)(0.447m),269.718,3393.513,61.4,1.0193,"[0.876, 1.037, 0.504, 0.795, 1.161, 0.400]","[2.533, 3.052, 2.734, 2.702, 3.251, 2.737]","[-5.646, -5.844, -5.591, -6.313, -5.704, -5.910]"
849,1,3.6861,2.5214,0.318,731,2148,131,109,0.183,95,1.65,26684,2732.32,0,0,12.000(15.000%)(0.000m),34.465(30.411%)(1.550m),45.000(39.706%)(2.679m),34.000(30.000%)(1.500m),25.000(31.250%)(0.536m),11.000(27.500%)(0.107m),19.265(48.163%)(0.993m),152.680,2922.262,68.0,1.0328,"[0.771, 0.931, 0.550, 0.679, 1.119, 0.512]","[2.433, 3.212, 2.798, 2.617, 3.534, 2.940]","[-4.561, -4.266, -5.992, -5.031, -3.845, -6.438]"
850,1,18.7898,2.8816,0.251,733,2243,17,150,0.183,100,1.76,26758,2982.00,1,1,21.000(26.250%)(0.107m),35.000(30.882%)(1.607m),65.000(57.353%)(4.821m),49.997(44.116%)(3.214m),23.829(29.786%)(0.410m),15.000(37.500%)(0.536m),16.820(42.050%)(0.731m),115.265,2633.955,70.8,1.0855,"[0.940, 1.217, 0.849, 0.838, 1.353, 0.906]","[2.711, 3.425, 2.815, 3.006, 3.607, 3.021]","[-2.450, -2.343, -4.275, -3.066, -2.872, -4.370]"
851,1,-0.5527,2.8715,0.331,601,1670,132,84,0.182,85,1.76,26819,2334.04,0,0,14.621(18.277%)(0.000m),31.620(27.900%)(1.245m),20.000(17.647%)(0.000m),20.000(17.647%)(0.000m),22.000(27.500%)(0.214m),10.241(25.603%)(0.026m),21.000(52.500%)(1.179m),0.000,2843.703,64.3,1.0604,"[0.340, 0.472, 0.150, 0.311, 0.564, 0.158]","[2.791, 3.164, 2.855, 2.736, 3.494, 3.028]","[-4.867, -4.988, -5.813, -4.869, -4.671, -6.115]"
852,1,12.7015,3.1469,0.355,985,2743,233,152,0.182,100,1.88,26918,3959.97,1,1,23.000(28.750%)(0.321m),42.000(37.059%)(2.357m),33.000(29.118%)(1.393m),28.000(24.706%)(0.857m),18.422(23.028%)(0.000m),16.000(40.000%)(0.643m),13.015(32.538%)(0.323m),85.168,3137.534,64.4,1.0756,"[0.852, 1.264, 1.159, 0.801, 1.388, 1.165]","[2.868, 3.556, 3.256, 2.750, 3.762, 3.258]","[-4.831, -3.782, -3.730, -4.851, -3.442, -3.767]"
853,1,-1.9856,3.0070,0.416,411,1104,167,15,0.182,70,1.88,26960,1412.38,0,0,14.976(18.720%)(0.000m),25.000(22.059%)(0.536m),60.000(52.941%)(4.286m),50.000(44.118%)(3.214m),38.000(47.500%)(1.929m),10.522(26.306%)(0.056m),28.000(70.000%)(1.929m),0.000,3481.788,62.1,0.9845,"[0.900, 0.336, -0.680, 0.975, 0.382, -0.795]","[2.591, 3.370, 3.208, 2.775, 3.618, 3.343]","[-3.046, -5.385, -5.395, -2.751, -5.314, -5.251]"
854,1,-0.1944,3.0462,0.289,446,1224,78,17,0.181,75,1.87,27005,1552.10,0,0,35.000(43.750%)(1.607m),58.000(51.177%)(4.071m),65.000(57.353%)(4.821m),43.881(38.719%)(2.559m),11.000(13.750%)(0.000m),25.000(62.500%)(1.607m),11.000(27.500%)(0.107m),381.522,4239.381,63.5,1.0051,"[0.864, 1.214, 1.053, 0.752, 1.472, 1.252]","[2.819, 3.321, 2.714, 2.857, 3.484, 2.864]","[-4.541, -2.897, -1.080, -4.733, -2.744, -1.115]"
855,1,-6.3324,2.9725,0.260,687,1836,115,143,0.181,85,1.87,27074,2508.62,0,0,15.000(18.750%)(0.000m),22.000(19.412%)(0.214m),20.000(17.647%)(0.000m),20.000(17.647%)(0.000m),20.886(26.108%)(0.095m),11.000(27.500%)(0.107m),14.730(36.824%)(0.507m),0.000,3048.429,61.9,0.9973,"[0.197, 0.285, 0.276, 0.139, 0.431, 0.232]","[2.970, 3.377, 3.016, 2.938, 3.631, 3.081]","[-4.654, -5.657, -5.610, -4.897, -6.001, -6.216]"
856,1,-0.0416,2.9836,0.378,283,850,51,61,0.181,65,1.87,27103,1100.87,0,0,29.000(36.250%)(0.964m),21.000(18.529%)(0.107m),20.000(17.647%)(0.000m),20.000(17.647%)(0.000m),21.811(27.264%)(0.194m),20.000(50.000%)(1.071m),15.409(38.523%)(0.580m),0.000,2171.078,69.5,1.1416,"[0.230, 0.814, 0.584, 0.150, 0.803, 0.481]","[2.533, 3.376, 2.869, 2.591, 3.583, 2.923]","[-6.224, -5.139, -4.952, -5.936, -5.386, -5.387]"
857,1,-1.1666,3.0268,0.317,183,469,30,20,0.180,45,1.87,27122,767.58,0,0,22.000(27.500%)(0.214m),27.000(23.824%)(0.750m),43.000(37.941%)(2.464m),71.375(62.978%)(5.504m),40.694(50.867%)(2.217m),40.000(100.000%)(3.214m),37.351(93.378%)(2.930m),59.280,2388.634,59.3,1.4424,"[1.611, 1.654, 1.181, 1.598, 1.754, 1.124]","[2.826, 3.644, 3.017, 2.882, 3.680, 3.087]","[-1.169, -2.437, -3.986, -1.072, -3.067, -4.338]"
858,1,-0.7732,2.9813,0.298,324,932,114,15,0.180,65,1.86,27155,1241.53,0,0,36.000(45.000%)(1.714m),53.000(46.765%)(3.536m),40.000(35.294%)(2.143m),29.000(25.588%)(0.964m),19.747(24.684%)(0.000m),30.000(75.000%)(2.143m),13.888(34.720%)(0.417m),12.185,2713.331,66.6,1.0627,"[-0.055, 1.068, 1.240, -0.177, 1.290, 1.319]","[2.408, 3.538, 3.287, 2.382, 3.682, 3.339]","[-4.980, -4.786, -1.166, -4.954, -4.233, -1.110]"
859,1,16.1862,2.8488,0.363,858,2491,177,132,0.179,100,1.98,27241,3247.04,1,1,22.000(27.500%)(0.214m),40.000(35.294%)(2.143m),53.000(46.765%)(3.536m),38.000(33.530%)(1.929m),20.326(25.407%)(0.035m),13.000(32.500%)(0.321m),14.308(35.769%)(0.462m),186.444,2794.605,67.2,1.0535,"[0.801, 1.330, 1.250, 0.707, 1.525, 1.262]","[2.945, 3.307, 2.999, 2.611, 3.525, 3.128]","[-4.227, -3.343, -0.972, -4.395, -2.863, -0.996]"
860,1,0.6961,2.9034,0.346,238,677,15,18,0.179,55,1.98,27265,849.55,0,0,26.000(32.500%)(0.643m),39.000(34.412%)(2.036m),49.305(43.505%)(3.140m),20.259(17.876%)(0.028m),11.177(13.971%)(0.000m),23.000(57.500%)(1.393m),9.886(24.716%)(0.000m),332.659,2801.963,65.9,1.0025,"[0.782, 1.364, 1.396, 0.652, 1.463, 1.377]","[2.702, 3.308, 2.992, 2.545, 3.430, 3.109]","[-5.611, -6.383, -5.814, -5.162, -6.777, -6.147]"
861,1,-0.7349,2.8701,0.304,417,1167,35,76,0.179,70,1.97,27307,1504.16,0,0,24.000(30.000%)(0.429m),42.000(37.059%)(2.357m),61.000(53.824%)(4.393m),45.262(39.937%)(2.707m),12.000(15.000%)(0.000m),20.000(50.000%)(1.071m),11.000(27.500%)(0.107m),453.570,3601.797,64.8,1.1324,"[0.891, 1.294, 0.915, 0.862, 1.439, 0.982]","[2.723, 3.642, 3.245, 2.812, 3.630, 3.307]","[-4.240, -2.389, -4.819, -4.512, -2.710, -4.838]"
862,1,-3.5168,2.4802,0.359,166,445,14,0,0.178,40,1.97,27324,579.18,0,0,39.000(48.750%)(2.036m),61.000(53.824%)(4.393m),27.775(24.507%)(0.833m),15.759(13.905%)(0.000m),10.121(12.651%)(0.000m),40.000(100.000%)(3.214m),10.892(27.230%)(0.096m),941.978,3745.716,62.0,1.0796,"[0.870, 1.216, 1.113, 0.827, 1.376, 1.142]","[3.017, 3.287, 2.915, 3.072, 3.505, 3.012]","[-5.606, -5.669, -5.863, -5.702, -5.864, -5.889]"
863,1,3.1353,2.5873,0.255,374,1061,1,63,0.178,70,1.97,27362,1311.78,0,0,12.000(15.000%)(0.000m),20.000(17.647%)(0.000m),60.000(52.941%)(4.286m),30.000(26.471%)(1.071m),23.000(28.750%)(0.321m),11.000(27.500%)(0.107m),16.542(41.354%)(0.701m),75.773,2911.332,65.6,0.9724,"[0.479, 0.855, 0.834, 0.513, 1.032, 0.788]","[2.453, 3.190, 2.884, 2.511, 3.381, 3.002]","[-4.875, -6.108, -5.620, -4.866, -6.055, -5.301]"
864,1,2.0143,2.6858,0.316,334,950,65,46,0.178,65,1.97,27396,1213.35,0,0,25.000(31.250%)(0.536m),33.000(29.118%)(1.393m),20.000(17.647%)(0.000m),20.000(17.647%)(0.000m),21.505(26.882%)(0.161m),21.000(52.500%)(1.179m),15.182(37.956%)(0.555m),0.000,2437.366,65.9,1.0673,"[0.747, 0.938, 0.808, 0.673, 1.029, 0.844]","[2.689, 3.323, 2.977, 2.785, 3.397, 3.010]","[-5.115, -4.795, -4.857, -5.038, -4.928, -5.106]"
865,1,-2.9343,2.6787,0.437,134,373,0,8,0.177,40,1.97,27410,483.94,0,0,48.290(60.362%)(3.031m),94.277(83.186%)(7.958m),76.000(67.059%)(6.000m),24.000(21.177%)(0.429m),23.000(28.750%)(0.321m),39.637(99.092%)(3.175m),40.000(100.000%)(3.214m),0.000,2394.710,64.5,0.9487,"[0.632, 0.762, 0.662, 0.571, 0.934, 0.748]","[2.622, 3.373, 3.031, 2.655, 3.626, 3.279]","[-5.274, -5.203, -4.534, -4.656, -4.811, -4.002]"
866,1,-0.1002,2.6625,0.360,206,565,16,18,0.177,50,1.96,27431,777.03,0,0,28.000(35.000%)(0.857m),51.000(45.000%)(3.321m),37.510(33.097%)(1.876m),17.973(15.859%)(0.000m),10.565(13.207%)(0.000m),24.000(60.000%)(1.500m),10.061(25.152%)(0.007m),992.104,3433.699,63.4,1.0346,"[0.973, 1.309, 1.227, 0.832, 1.572, 1.254]","[2.549, 3.101, 2.752, 2.617, 3.359, 2.890]","[-5.678, -6.028, -6.370, -5.985, -5.694, -6.449]"
867,1,0.6811,2.6747,0.352,392,1006,213,0,0.177,65,1.96,27471,1384.46,0,0,13.652(17.065%)(0.000m),29.455(25.990%)(1.013m),62.000(54.706%)(4.500m),51.000(45.000%)(3.321m),41.000(51.250%)(2.250m),9.594(23.984%)(0.000m),31.000(77.500%)(2.250m),785.963,4899.384,59.4,0.9741,"[1.392, 1.277, 0.320, 1.308, 1.415, 0.383]","[3.026, 3.212, 3.063, 2.935, 3.374, 3.083]","[-0.427, -3.169, -5.495, -0.890, -2.647, -5.204]"
868,1,18.4994,3.0382,0.349,744,2265,31,107,0.176,100,2.07,27546,2835.66,1,1,22.000(27.500%)(0.214m),38.000(33.530%)(1.929m),58.000(51.177%)(4.071m),40.460(35.700%)(2.192m),19.105(23.881%)(0.000m),18.000(45.000%)(0.857m),13.435(33.588%)(0.368m),240.219,2523.298,70.5,1.0287,"[0.961, 1.389, 1.081, 0.858, 1.546, 1.133]","[2.537, 3.046, 2.770, 2.779, 3.378, 2.882]","[-4.161, -0.685, -2.835, -4.577, -0.551, -2.817]"
869,1,14.5562,3.3362,0.367,1015,2800,209,233,0.176,100,2.19,27648,3898.96,2,1,13.691(17.114%)(0.000m),29.187(25.753%)(0.984m),55.000(48.530%)(3.750m),33.000(29.118%)(1.393m),21.653(27.066%)(0.177m),9.610(24.024%)(0.000m),15.248(38.121%)(0.562m),99.329,4125.183,63.9,1.0514,"[0.824, 1.108, 0.664, 0.762, 1.198, 0.736]","[2.715, 3.360, 3.103, 2.718, 3.656, 3.226]","[-5.219, -3.921, -6.397, -5.604, -4.004, -5.849]"
870,1,2.4605,3.4260,0.372,743,2165,60,105,0.176,95,2.18,27723,2708.78,0,0,13.000(16.250%)(0.000m),28.000(24.706%)(0.857m),50.000(44.118%)(3.214m),36.047(31.807%)(1.719m),16.987(21.233%)(0.000m),10.000(25.000%)(0.000m),11.924(29.811%)(0.206m),160.483,3012.245,67.4,1.0551,"[0.569, 0.739, 0.499, 0.496, 0.865, 0.589]","[2.916, 3.203, 2.897, 2.948, 3.330, 2.835]","[-5.058, -5.038, -5.664, -4.752, -5.267, -5.535]"
871,1,-1.2226,3.3439,0.281,171,486,19,26,0.175,45,2.18,27741,594.52,0,0,23.000(28.750%)(0.321m),34.000(30.000%)(1.500m),52.129(45.996%)(3.442m),20.747(18.307%)(0.080m),11.315(14.143%)(0.000m),23.000(57.500%)(1.393m),9.885(24.713%)(0.000m),165.536,2578.392,65.8,0.9579,"[0.533, 0.896, 0.755, 0.426, 1.133, 0.761]","[2.291, 2.984, 2.810, 2.289, 3.208, 2.779]","[-5.361, -5.931, -6.164, -5.603, -5.852, -5.982]"
872,1,-1.4162,3.2648,0.482,173,493,14,26,0.175,45,2.18,27759,608.44,0,0,22.000(27.500%)(0.214m),44.000(38.824%)(2.571m),32.086(28.312%)(1.295m),16.609(14.655%)(0.000m),10.138(12.673%)(0.000m),22.000(55.000%)(1.286m),10.138(25.345%)(0.015m),500.086,2878.435,65.9,0.9409,"[0.591, 1.038, 0.875, 0.610, 1.290, 1.008]","[2.002, 2.745, 2.608, 2.233, 3.165, 2.795]","[-5.796, -5.921, -6.966, -6.056, -5.632, -6.483]"
873,1,14.8522,3.5631,0.285,772,2326,114,100,0.175,100,2.29,27837,2727.07,1,1,30.000(37.500%)(1.071m),60.000(52.941%)(4.286m),42.000(37.059%)(2.357m),33.000(29.118%)(1.393m),20.978(26.222%)(0.105m),19.000(47.500%)(0.964m),14.764(36.911%)(0.510m),140.608,2680.086,69.7,0.9664,"[0.222, 0.702, 0.450, 0.284, 0.868, 0.606]","[2.316, 2.799, 2.029, 2.620, 3.034, 2.326]","[-4.476, -3.772, -2.628, -4.424, -3.162, -2.509]"
874,1,2.3002,3.6610,0.330,338,1004,9,33,0.174,70,2.29,27871,1172.47,0,0,12.000(15.000%)(0.000m),44.000(38.824%)(2.571m),64.000(56.471%)(4.714m),48.000(42.353%)(3.000m),24.081(30.101%)(0.437m),11.000(27.500%)(0.107m),17.004(42.511%)(0.750m),430.408,2665.634,68.8,0.9752,"[0.697, 1.000, 0.773, 0.706, 1.185, 0.855]","[2.382, 2.811, 2.499, 2.500, 3.004, 2.624]","[-2.097, -1.110, -1.570, -2.451, -1.128, -1.449]"
875,1,0.0584,3.6804,0.304,371,1077,24,29,0.174,70,2.29,27909,1254.15,0,0,33.000(41.250%)(1.393m),53.000(46.765%)(3.536m),63.000(55.588%)(4.607m),45.434(40.089%)(2.725m),11.000(13.750%)(0.000m),24.000(60.000%)(1.500m),11.000(27.500%)(0.107m),584.789,3452.154,67.2,0.9240,"[0.576, 1.107, 0.837, 0.577, 1.315, 1.024]","[2.123, 3.030, 2.647, 2.418, 3.310, 2.708]","[-4.060, -0.692, -0.484, -4.420, -0.401, -0.091]"
876,1,0.1578,3.4557,0.388,365,1011,47,60,0.173,70,2.28,27946,1209.47,0,0,28.000(35.000%)(0.857m),48.000(42.353%)(3.000m),58.000(51.177%)(4.071m),31.000(27.353%)(1.179m),21.889(27.361%)(0.202m),20.000(50.000%)(1.071m),15.462(38.655%)(0.585m),38.752,3203.864,64.1,0.9753,"[1.022, 1.312, 1.261, 0.894, 1.564, 1.353]","[2.391, 2.850, 2.394, 2.472, 3.163, 2.539]","[-4.232, -4.990, -3.869, -4.628, -4.721, -3.198]"
877,1,5.9145,3.5380,0.276,717,2073,112,96,0.173,95,2.28,28018,2524.98,0,0,30.000(37.500%)(1.071m),45.000(39.706%)(2.679m),52.000(45.882%)(3.429m),19.000(16.765%)(0.000m),21.149(26.436%)(0.123m),20.000(50.000%)(1.071m),14.888(37.220%)(0.524m),0.000,2668.193,66.9,0.9456,"[0.547, 1.094, 1.020, 0.483, 1.260, 0.965]","[2.494, 3.225, 2.697, 2.656, 3.474, 2.791]","[-5.338, -5.883, -5.510, -5.455, -5.756, -4.694]"
878,1,0.7809,3.6543,0.281,396,1072,108,32,0.173,70,2.28,28058,1410.56,0,0,26.000(32.500%)(0.643m),34.000(30.000%)(1.500m),36.000(31.765%)(1.714m),25.000(22.059%)(0.536m),20.333(25.416%)(0.036m),27.000(67.500%)(1.821m),14.371(35.927%)(0.468m),0.000,3228.961,62.7,1.0231,"[0.606, 1.213, 1.321, 0.619, 1.399, 1.277]","[2.478, 3.238, 2.928, 2.702, 3.485, 2.914]","[-4.868, -5.621, -5.255, -5.040, -4.972, -4.577]"
879,1,0.2733,3.7254,0.395,637,1610,182,131,0.172,80,2.28,28122,2198.52,0,0,23.000(28.750%)(0.321m),29.000(25.588%)(0.964m),42.000(37.059%)(2.357m),34.000(30.000%)(1.500m),18.068(22.585%)(0.000m),23.000(57.500%)(1.393m),11.000(27.500%)(0.107m),281.184,4069.686,58.5,0.9887,"[0.915, 1.511, 1.267, 0.834, 1.553, 1.231]","[2.731, 3.698, 3.181, 2.942, 3.783, 3.221]","[-4.098, -3.566, -3.692, -4.463, -3.300, -3.971]"
880,1,15.9598,4.0554,0.355,804,2385,79,118,0.172,100,2.39,28203,2952.71,1,1,29.000(36.250%)(0.964m),44.000(38.824%)(2.571m),52.000(45.882%)(3.429m),35.000(30.882%)(1.607m),21.768(27.210%)(0.189m),16.000(40.000%)(0.643m),15.333(38.334%)(0.571m),165.548,2557.126,68.7,0.9941,"[0.951, 1.358, 1.084, 0.829, 1.502, 1.206]","[2.827, 3.468, 3.134, 2.719, 3.697, 3.296]","[-3.941, -2.853, -1.359, -4.027, -2.545, -0.951]"
881,1,-3.0018,3.6016,0.275,334,959,53,45,0.172,65,2.38,28237,1156.30,0,0,16.753(20.942%)(0.000m),30.367(26.795%)(1.111m),20.000(17.647%)(0.000m),20.000(17.647%)(0.000m),23.000(28.750%)(0.321m),14.819(37.048%)(0.516m),16.545(41.364%)(0.701m),0.000,2836.418,66.4,0.9247,"[0.239, 0.397, 0.155, -0.065, 0.532, 0.160]","[2.630, 3.479, 3.209, 2.557, 3.794, 3.458]","[-4.967, -4.515, -5.244, -5.702, -4.552, -5.726]"
882,1,-2.6169,3.3326,0.348,570,1599,63,111,0.171,85,2.38,28294,2071.30,0,0,28.000(35.000%)(0.857m),41.000(36.177%)(2.250m),19.875(17.536%)(0.000m),13.067(11.530%)(0.000m),9.268(11.585%)(0.000m),16.000(40.000%)(0.643m),10.269(25.673%)(0.029m),578.732,3836.262,64.9,1.0223,"[0.247, 0.612, 0.645, 0.238, 0.743, 0.635]","[2.538, 3.266, 2.799, 2.688, 3.499, 2.869]","[-5.912, -5.505, -5.072, -5.560, -5.480, -4.927]"
883,1,10.8558,3.3152,0.296,915,2607,132,150,0.171,100,2.49,28386,3433.83,1,1,23.000(28.750%)(0.321m),45.000(39.706%)(2.679m),44.000(38.824%)(2.571m),34.000(30.000%)(1.500m),20.662(25.827%)(0.071m),17.000(42.500%)(0.750m),14.544(36.361%)(0.487m),176.298,3114.197,65.9,1.0237,"[1.004, 1.303, 1.042, 0.890, 1.441, 1.120]","[2.532, 3.245, 2.869, 2.660, 3.320, 2.971]","[-4.169, -2.682, -3.561, -4.497, -2.812, -3.516]"
884,1,11.5285,3.5810,0.482,776,2330,107,91,0.171,100,2.60,28464,2823.98,2,1,28.000(35.000%)(0.857m),38.000(33.530%)(1.929m),50.000(44.118%)(3.214m),39.633(34.970%)(2.104m),18.764(23.455%)(0.000m),21.000(52.500%)(1.179m),13.208(33.021%)(0.344m),270.736,2725.747,69.5,1.0546,"[0.795, 1.196, 0.906, 0.637, 1.348, 1.047]","[2.796, 3.609, 3.107, 2.889, 3.802, 3.309]","[-4.645, -1.092, -1.769, -5.091, -0.918, -1.705]"
885,1,6.2398,3.7387,0.294,711,1990,128,33,0.170,90,2.60,28536,2750.69,0,0,25.000(31.250%)(0.536m),36.000(31.765%)(1.714m),53.644(47.333%)(3.605m),21.350(18.838%)(0.145m),11.643(14.554%)(0.000m),24.000(60.000%)(1.500m),10.173(25.431%)(0.018m),311.454,3369.219,64.8,1.1339,"[0.829, 1.272, 1.176, 0.801, 1.443, 1.233]","[2.656, 3.398, 2.768, 2.696, 3.477, 3.045]","[-5.656, -5.288, -4.744, -5.595, -5.448, -4.616]"
886,1,-2.3546,3.3947,0.423,297,882,81,10,0.170,65,2.60,28566,1109.66,0,0,10.191(12.738%)(0.000m),15.056(13.285%)(0.000m),24.436(21.561%)(0.475m),30.000(26.471%)(1.071m),17.333(21.666%)(0.000m),11.958(29.894%)(0.210m),12.154(30.384%)(0.231m),166.578,2947.562,68.8,1.1163,"[-0.271, 0.445, 0.543, -0.430, 0.661, 0.460]","[2.764, 3.762, 3.225, 2.999, 3.975, 3.237]","[-4.717, -5.508, -5.131, -5.339, -4.970, -5.296]"
887,1,-0.5762,3.3929,0.226,213,595,17,13,0.170,50,2.59,28588,789.20,0,0,30.000(37.500%)(1.071m),46.000(40.588%)(2.786m),43.933(38.764%)(2.564m),19.630(17.320%)(0.000m),11.192(13.990%)(0.000m),24.000(60.000%)(1.500m),10.273(25.681%)(0.029m),560.091,3100.565,64.6,1.0294,"[0.892, 1.411, 1.394, 0.784, 1.696, 1.501]","[2.813, 3.149, 2.878, 2.866, 3.368, 2.910]","[-5.302, -5.634, -5.714, -5.460, -5.407, -5.486]"
888,1,12.7672,3.6728,0.339,855,2490,256,205,0.169,100,2.70,28674,3166.40,1,1,20.317(25.396%)(0.034m),33.000(29.118%)(1.393m),44.000(38.824%)(2.571m),34.630(30.556%)(1.567m),16.104(20.130%)(0.000m),14.349(35.874%)(0.466m),11.284(28.211%)(0.138m),215.194,2421.087,67.4,0.9742,"[0.311, 0.718, 0.483, 0.228, 0.888, 0.488]","[2.719, 3.417, 3.119, 2.769, 3.674, 3.281]","[-4.963, -4.024, -4.606, -4.696, -3.861, -4.554]"
889,1,0.8363,3.4527,0.272,251,719,93,28,0.169,55,2.70,28700,907.71,0,0,26.000(32.500%)(0.643m),33.000(29.118%)(1.393m),41.000(36.177%)(2.250m),26.905(23.740%)(0.740m),12.813(16.017%)(0.000m),27.000(67.500%)(1.821m),9.870(24.674%)(0.000m),277.675,2874.242,66.3,1.0546,"[0.283, 1.251, 1.066, 0.068, 1.462, 1.196]","[2.706, 3.353, 2.665, 2.617, 3.634, 2.835]","[-5.527, -5.921, -5.276, -5.231, -5.606, -4.540]"
890,1,14.2710,3.7450,0.320,788,2357,76,166,0.169,100,2.81,28779,2891.76,1,1,16.000(20.000%)(0.000m),33.000(29.118%)(1.393m),38.000(33.530%)(1.929m),30.000(26.471%)(1.071m),20.381(25.476%)(0.041m),11.000(27.500%)(0.107m),14.343(35.857%)(0.465m),191.274,3054.749,69.2,1.0749,"[0.458, 0.709, 0.522, 0.400, 0.913, 0.614]","[2.479, 3.173, 2.876, 2.647, 3.328, 3.068]","[-4.703, -5.054, -5.254, -4.908, -5.234, -4.980]"
891,1,-0.6637,3.7983,0.392,347,986,23,35,0.168,65,2.81,28814,1300.81,0,0,26.651(33.314%)(0.713m),55.501(48.971%)(3.804m),31.000(27.353%)(1.179m),18.000(15.882%)(0.000m),26.000(32.500%)(0.643m),18.893(47.234%)(0.953m),24.000(60.000%)(1.500m),642.020,2984.097,65.8,1.0948,"[0.732, 0.904, 0.682, 0.756, 1.018, 0.628]","[2.706, 3.520, 3.154, 2.787, 3.675, 3.226]","[-8.146, -6.157, -7.506, -7.976, -5.958, -7.160]"
892,1,15.6166,4.1726,0.355,807,2392,78,135,0.168,100,2.91,28895,3215.49,1,1,21.000(26.250%)(0.107m),32.000(28.235%)(1.286m),42.000(37.059%)(2.357m),32.000(28.235%)(1.286m),20.322(25.403%)(0.035m),18.000(45.000%)(0.857m),14.301(35.752%)(0.461m),94.888,2633.386,68.6,1.1102,"[0.664, 1.080, 0.873, 0.653, 1.183, 0.964]","[2.501, 3.185, 2.673, 2.776, 3.352, 2.747]","[-3.553, -3.905, -3.929, -3.554, -3.355, -4.149]"
893,1,-0.2648,4.1335,0.335,170,444,0,13,0.168,40,2.91,28912,738.25,0,0,22.000(27.500%)(0.214m),24.000(21.177%)(0.429m),62.000(54.706%)(4.500m),82.359(72.670%)(6.681m),45.437(56.796%)(2.725m),40.000(100.000%)(3.214m),40.000(100.000%)(3.214m),0.000,2343.574,60.5,1.1774,"[1.368, 1.222, 0.525, 1.448, 1.468, 0.653]","[2.589, 2.949, 2.444, 2.643, 3.195, 2.645]","[-0.769, -2.572, -4.473, -0.436, -3.065, -4.436]"
894,1,-1.3689,3.8739,0.331,321,926,44,28,0.167,65,2.91,28945,1351.03,0,0,28.000(35.000%)(0.857m),41.000(36.177%)(2.250m),23.000(20.294%)(0.321m),20.000(17.647%)(0.000m),22.000(27.500%)(0.214m),25.000(62.500%)(1.607m),18.527(46.317%)(0.914m),0.000,2349.256,66.7,1.0800,"[0.474, 0.798, 0.850, 0.431, 0.950, 0.785]","[2.496, 3.153, 2.919, 2.592, 3.406, 3.036]","[-5.334, -5.825, -4.479, -5.687, -5.540, -4.562]"
895,1,-1.5691,3.5433,0.385,411,1101,94,48,0.167,70,2.91,28987,1698.49,0,0,24.000(30.000%)(0.429m),31.000(27.353%)(1.179m),52.000(45.882%)(3.429m),20.000(17.647%)(0.000m),23.039(28.798%)(0.326m),24.000(60.000%)(1.500m),16.294(40.736%)(0.674m),0.000,3077.732,62.0,1.0705,"[1.082, 1.468, 1.304, 1.111, 1.631, 1.305]","[2.808, 3.112, 2.594, 2.812, 3.122, 2.637]","[-5.167, -5.439, -6.469, -5.331, -4.480, -5.165]"
896,1,-0.8127,3.5362,0.266,180,497,15,12,0.167,45,2.90,29005,720.67,0,0,27.000(33.750%)(0.750m),41.000(36.177%)(2.250m),59.000(52.059%)(4.179m),26.211(23.127%)(0.665m),12.678(15.847%)(0.000m),31.000(77.500%)(2.250m),9.891(24.728%)(0.000m),308.209,3174.326,63.9,1.1138,"[0.300, 0.802, 1.032, 0.394, 1.024, 1.058]","[2.445, 3.281, 2.878, 2.686, 3.512, 2.953]","[-4.395, -4.860, -5.003, -4.364, -4.817, -4.402]"
897,1,5.9416,3.6019,0.346,715,2143,188,70,0.166,95,2.90,29077,2919.62,0,0,18.000(22.500%)(0.000m),45.000(39.706%)(2.679m),58.000(51.177%)(4.071m),35.000(30.882%)(1.607m),19.364(24.205%)(0.000m),12.000(30.000%)(0.214m),13.608(34.020%)(0.387m),90.777,2577.434,69.4,1.1001,"[0.087, 0.846, 0.631, 0.031, 1.019, 0.697]","[2.303, 3.308, 2.750, 2.515, 3.381, 2.826]","[-4.547, -4.120, -2.146, -4.850, -3.466, -1.935]"
898,1,-1.0287,3.5306,0.385,163,462,13,0,0.166,45,2.90,29094,715.50,0,0,32.000(40.000%)(1.286m),61.000(53.824%)(4.393m),51.051(45.045%)(3.327m),20.976(18.509%)(0.105m),11.572(14.465%)(0.000m),30.000(75.000%)(2.143m),10.236(25.591%)(0.025m),1022.682,3336.466,65.6,1.2814,"[0.415, 0.913, 0.991, 0.478, 1.199, 1.069]","[2.047, 2.999, 2.661, 2.331, 3.192, 2.808]","[-5.523, -5.729, -6.823, -5.833, -5.355, -6.247]"
899,1,19.5575,3.8481,0.309,740,2258,181,67,0.166,100,3.00,29168,3106.88,1,1,32.000(40.000%)(1.286m),46.000(40.588%)(2.786m),61.000(53.824%)(4.393m),31.977(28.215%)(1.283m),15.006(18.757%)(0.000m),26.000(65.000%)(1.714m),10.534(26.334%)(0.057m),117.296,3017.546,70.6,1.2173,"[-0.047, 0.587, 0.523, -0.137, 0.804, 0.577]","[2.126, 3.074, 2.832, 2.291, 3.222, 2.934]","[-5.828, -3.753, -1.062, -6.033, -3.341, -1.460]"
900,1,17.9427,3.8311,0.307,830,2434,0,121,0.165,100,3.11,29251,3512.49,2,1,24.000(30.000%)(0.429m),39.000(34.412%)(2.036m),62.000(54.706%)(4.500m),36.000(31.765%)(1.714m),23.982(29.977%)(0.427m),20.000(50.000%)(1.071m),16.933(42.331%)(0.743m),153.581,2722.045,67.9,1.2760,"[0.895, 1.141, 0.956, 0.856, 1.311, 0.991]","[2.797, 3.096, 2.628, 2.805, 3.281, 2.587]","[-4.622, -4.649, -2.740, -4.868, -3.922, -2.456]"
901,1,3.3856,3.9099,0.289,738,2154,236,67,0.165,95,3.11,29325,2917.63,0,0,13.000(16.250%)(0.000m),26.000(22.941%)(0.643m),43.000(37.941%)(2.464m),33.000(29.118%)(1.393m),16.845(21.057%)(0.000m),11.000(27.500%)(0.107m),11.811(29.526%)(0.194m),242.892,2780.730,67.6,1.1625,"[0.414, 1.184, 0.893, 0.335, 1.303, 0.901]","[2.759, 3.160, 2.532, 2.951, 3.340, 2.686]","[-4.342, -3.245, -5.434, -4.635, -3.046, -5.711]"
902,1,20.3286,4.0624,0.340,855,2484,0,103,0.165,100,3.22,29411,3412.06,1,1,26.000(32.500%)(0.643m),49.000(43.235%)(3.107m),66.000(58.235%)(4.929m),47.000(41.471%)(2.893m),24.235(30.294%)(0.454m),19.000(47.500%)(0.964m),17.136(42.840%)(0.765m),532.003,3136.306,67.2,1.1349,"[1.224, 1.440, 1.226, 1.196, 1.677, 1.222]","[2.682, 3.293, 3.027, 2.860, 3.529, 3.096]","[-3.630, -0.888, -1.048, -3.925, -0.509, -1.074]"
903,1,2.8378,4.1589,0.365,776,2272,105,96,0.164,95,3.21,29489,2957.32,0,0,31.000(38.750%)(1.179m),47.000(41.471%)(2.893m),63.000(55.588%)(4.607m),37.247(32.865%)(1.848m),17.389(21.737%)(0.000m),17.000(42.500%)(0.750m),12.193(30.484%)(0.235m),375.986,2772.245,67.8,1.1487,"[0.538, 1.170, 1.010, 0.572, 1.325, 1.133]","[2.559, 3.267, 2.905, 2.668, 3.490, 3.102]","[-5.331, -1.071, -1.141, -5.355, -0.927, -0.911]"
904,1,-3.4952,4.0929,0.370,400,1081,124,25,0.164,70,3.21,29529,1574.47,0,0,15.472(19.341%)(0.000m),27.000(23.824%)(0.750m),51.000(45.000%)(3.321m),39.000(34.412%)(2.036m),30.000(37.500%)(1.071m),10.849(27.123%)(0.091m),25.000(62.500%)(1.607m),43.894,2784.522,62.6,1.1691,"[1.084, 0.930, 0.160, 1.035, 1.129, 0.178]","[2.697, 3.336, 2.885, 2.770, 3.645, 3.028]","[-1.880, -4.196, -5.398, -2.109, -5.032, -5.342]"
905,1,1.2490,4.2445,0.357,377,1094,11,88,0.164,70,3.20,29567,1324.48,0,0,17.000(21.250%)(0.000m),41.000(36.177%)(2.250m),62.000(54.706%)(4.500m),40.000(35.294%)(2.143m),25.524(31.905%)(0.592m),10.000(25.000%)(0.000m),18.051(45.126%)(0.863m),220.892,2932.536,67.2,0.9723,"[1.085, 1.256, 0.794, 1.014, 1.414, 0.943]","[2.947, 3.348, 3.030, 2.784, 3.612, 3.211]","[-3.292, -1.342, -4.668, -3.492, -1.277, -4.653]"
906,1,14.6005,4.5373,0.359,789,2358,180,151,0.163,100,3.31,29646,3013.76,1,1,19.000(23.750%)(0.000m),34.000(30.000%)(1.500m),59.000(52.059%)(4.179m),40.000(35.294%)(2.143m),21.351(26.689%)(0.145m),14.000(35.000%)(0.429m),15.044(37.609%)(0.540m),118.266,2480.208,69.2,1.1447,"[0.627, 1.294, 0.995, 0.532, 1.458, 1.089]","[2.469, 3.074, 2.746, 2.591, 3.331, 2.824]","[-4.183, -1.073, -2.980, -4.435, -0.971, -2.996]"
907,1,9.6998,4.7547,0.365,806,2391,109,205,0.163,100,3.42,29727,3282.63,2,1,24.000(30.000%)(0.429m),37.000(32.647%)(1.821m),52.000(45.882%)(3.429m),37.000(32.647%)(1.821m),18.625(23.281%)(0.000m),13.000(32.500%)(0.321m),13.085(32.712%)(0.331m),167.532,2316.976,68.6,1.1851,"[0.684, 1.109, 0.904, 0.606, 1.297, 0.945]","[2.559, 3.147, 2.897, 2.614, 3.440, 2.917]","[-4.480, -1.408, -2.076, -4.684, -1.066, -2.148]"
908,1,15.2869,5.0759,0.349,793,2366,104,142,0.163,100,3.52,29807,3149.93,3,1,15.000(18.750%)(0.000m),31.000(27.353%)(1.179m),59.000(52.059%)(4.179m),39.000(34.412%)(2.036m),21.172(26.465%)(0.126m),11.000(27.500%)(0.107m),14.912(37.280%)(0.526m),238.592,2383.297,69.0,1.1075,"[0.582, 0.931, 0.671, 0.434, 1.158, 0.713]","[2.375, 3.178, 2.837, 2.467, 3.456, 3.011]","[-4.221, -4.919, -5.525, -4.835, -4.914, -5.804]"
909,1,-4.2607,4.6669,0.320,375,1022,51,35,0.162,65,3.52,29845,1329.45,0,0,9.725(12.157%)(0.000m),14.171(12.504%)(0.000m),22.542(19.890%)(0.272m),39.190(34.580%)(2.056m),18.749(23.437%)(0.000m),11.701(29.251%)(0.182m),13.195(32.988%)(0.342m),587.736,3495.267,63.1,1.0458,"[0.347, 0.662, 0.689, 0.304, 0.918, 0.784]","[2.656, 3.037, 2.564, 2.686, 3.292, 2.759]","[-5.102, -5.207, -4.863, -5.533, -4.817, -4.879]"
910,1,16.4079,4.9812,0.357,795,2368,53,16,0.162,100,3.63,29925,3011.76,1,1,29.000(36.250%)(0.964m),46.000(40.588%)(2.786m),67.000(59.118%)(5.036m),46.400(40.941%)(2.829m),22.382(27.977%)(0.255m),24.000(60.000%)(1.500m),15.775(39.437%)(0.619m),590.530,3014.783,68.9,1.0350,"[0.675, 1.166, 0.966, 0.759, 1.356, 0.982]","[3.065, 3.010, 2.567, 3.101, 3.267, 2.645]","[-4.757, -0.812, -1.939, -4.804, -0.678, -2.026]"
911,1,1.6159,5.0282,0.226,259,748,54,7,0.162,60,3.62,29951,986.94,0,0,30.000(37.500%)(1.071m),48.000(42.353%)(3.000m),74.000(65.294%)(5.786m),26.262(23.173%)(0.671m),12.507(15.634%)(0.000m),25.000(62.500%)(1.607m),9.634(24.085%)(0.000m),545.388,2925.095,66.8,1.1520,"[0.103, 1.013, 1.130, 0.021, 1.276, 1.312]","[3.097, 3.349, 2.575, 3.160, 3.676, 2.866]","[-5.447, -5.708, -5.244, -5.172, -5.369, -4.739]"
912,1,-1.4805,5.0689,0.291,165,459,20,8,0.161,45,3.62,29968,738.51,0,0,30.000(37.500%)(1.071m),45.000(39.706%)(2.679m),50.698(44.734%)(3.289m),20.831(18.381%)(0.089m),11.492(14.366%)(0.000m),40.000(100.000%)(3.214m),10.166(25.414%)(0.018m),522.858,2909.602,64.3,1.3994,"[-0.094, 0.533, 0.572, -0.159, 0.710, 0.632]","[2.186, 2.967, 2.697, 2.321, 3.306, 2.875]","[-5.575, -5.687, -6.304, -5.703, -5.455, -5.962]"
913,1,0.8742,5.0237,0.315,290,865,121,29,0.161,65,3.61,29997,1120.42,0,0,27.000(33.750%)(0.750m),43.000(37.941%)(2.464m),28.000(24.706%)(0.857m),20.000(17.647%)(0.000m),18.202(22.753%)(0.000m),23.000(57.500%)(1.393m),12.775(31.938%)(0.297m),0.000,2172.601,69.0,1.0616,"[-0.172, 0.714, 0.689, -0.249, 0.714, 0.620]","[2.125, 3.036, 2.667, 2.333, 3.295, 2.807]","[-4.865, -5.649, -6.079, -4.949, -5.108, -5.202]"
914,1,-0.2748,4.9779,0.370,659,2021,195,196,0.161,95,3.61,30063,2530.53,0,0,17.000(21.250%)(0.000m),43.000(37.941%)(2.464m),45.000(39.706%)(2.679m),34.000(30.000%)(1.500m),22.000(27.500%)(0.214m),10.000(25.000%)(0.000m),15.740(39.349%)(0.615m),104.237,2312.714,71.0,1.0466,"[0.217, 0.664, 0.480, 0.123, 0.791, 0.476]","[2.460, 3.343, 2.845, 2.686, 3.571, 2.961]","[-4.974, -4.965, -4.137, -5.152, -4.300, -3.581]"
915,1,19.6124,5.4288,0.301,816,2408,148,79,0.160,100,3.72,30145,3078.34,1,1,30.000(37.500%)(1.071m),47.000(41.471%)(2.893m),59.000(52.059%)(4.179m),31.915(28.161%)(1.277m),14.980(18.724%)(0.000m),21.000(52.500%)(1.179m),10.509(26.271%)(0.054m),149.327,3093.462,68.3,1.1254,"[0.600, 1.140, 1.146, 0.597, 1.346, 1.173]","[2.901, 3.663, 3.158, 2.775, 3.813, 3.325]","[-5.171, -4.188, -1.868, -4.926, -4.089, -2.018]"
916,1,-3.2485,5.3659,0.289,169,442,43,27,0.160,40,3.71,30162,610.09,0,0,39.208(49.010%)(2.058m),64.235(56.678%)(4.739m),30.000(26.471%)(1.071m),26.000(22.941%)(0.643m),22.000(27.500%)(0.214m),39.208(98.021%)(3.129m),40.000(100.000%)(3.214m),39.463,2140.466,60.6,0.9960,"[0.588, 0.544, 0.608, 0.434, 0.598, 0.452]","[2.697, 3.005, 2.787, 2.786, 3.264, 2.882]","[-3.671, -4.401, -1.859, -3.725, -3.942, -2.592]"
917,1,19.2279,5.7368,0.405,817,2411,93,185,0.160,100,3.82,30244,3332.83,1,1,28.000(35.000%)(0.857m),42.000(37.059%)(2.357m),44.000(38.824%)(2.571m),33.000(29.118%)(1.393m),21.644(27.055%)(0.176m),17.000(42.500%)(0.750m),15.249(38.123%)(0.562m),119.029,2407.404,68.3,1.0988,"[0.529, 1.174, 0.954, 0.484, 1.296, 0.905]","[2.409, 3.287, 2.900, 2.577, 3.454, 2.980]","[-5.113, -3.623, -1.940, -4.988, -3.030, -2.186]"
918,1,1.5599,5.3980,0.381,339,962,3,34,0.159,65,3.81,30278,1232.32,0,0,28.000(35.000%)(0.857m),40.000(35.294%)(2.143m),56.000(49.412%)(3.857m),30.000(26.471%)(1.071m),22.000(27.500%)(0.214m),24.000(60.000%)(1.500m),16.444(41.111%)(0.690m),24.378,2547.209,65.6,1.0657,"[0.594, 1.177, 1.167, 0.543, 1.368, 1.195]","[2.257, 3.154, 2.713, 2.480, 3.273, 2.828]","[-4.611, -5.264, -2.967, -4.933, -4.463, -2.520]"
919,1,-0.3898,5.0991,0.384,361,1074,21,102,0.159,70,3.81,30315,1389.59,0,0,25.000(31.250%)(0.536m),47.000(41.471%)(2.893m),62.000(54.706%)(4.500m),45.843(40.450%)(2.769m),21.743(27.178%)(0.187m),13.000(32.500%)(0.321m),15.313(38.282%)(0.569m),338.883,2760.462,68.8,1.1394,"[0.780, 1.105, 0.999, 0.806, 1.394, 1.085]","[2.537, 3.463, 2.887, 2.714, 3.714, 3.205]","[-3.227, -1.285, -0.646, -3.215, -1.382, -1.247]"
920,1,-5.8291,4.9333,0.298,547,1398,303,23,0.159,75,3.80,30370,1994.43,0,0,13.716(17.145%)(0.000m),29.216(25.779%)(0.987m),69.000(60.883%)(5.250m),23.000(20.294%)(0.321m),12.000(15.000%)(0.000m),9.633(24.081%)(0.000m),11.000(27.500%)(0.107m),810.116,5944.517,59.1,1.0946,"[0.970, 1.060, -0.900, 0.726, 0.999, -1.026]","[2.961, 3.420, 3.351, 2.621, 3.585, 3.320]","[-5.569, -6.167, -6.880, -5.894, -5.476, -5.968]"
921,1,-5.0489,4.8568,0.298,223,581,26,27,0.159,50,3.80,30393,913.89,0,0,24.000(30.000%)(0.429m),39.000(34.412%)(2.036m),55.000(48.530%)(3.750m),22.072(19.475%)(0.222m),11.751(14.689%)(0.000m),26.000(65.000%)(1.714m),10.015(25.037%)(0.002m),375.458,3466.260,60.3,1.1493,"[0.340, 0.934, 1.107, 0.341, 1.197, 1.116]","[2.537, 3.271, 2.901, 2.619, 3.486, 2.942]","[-6.047, -5.431, -5.365, -5.967, -5.479, -5.335]"
922,1,20.7041,5.2992,0.316,853,2481,104,52,0.158,100,3.90,30479,3441.09,1,1,28.000(35.000%)(0.857m),38.000(33.530%)(1.929m),55.000(48.530%)(3.750m),36.000(31.765%)(1.714m),22.397(27.996%)(0.257m),22.000(55.000%)(1.286m),15.795(39.487%)(0.621m),141.149,3106.212,67.3,1.1101,"[0.876, 1.135, 0.787, 0.846, 1.288, 0.857]","[2.717, 3.158, 2.713, 2.786, 3.366, 2.853]","[-4.326, -3.598, -3.654, -4.200, -3.091, -3.723]"
923,1,-1.0664,4.9808,0.372,398,1107,44,23,0.158,70,3.90,30519,1535.67,0,0,11.000(13.750%)(0.000m),16.000(14.118%)(0.000m),27.000(23.824%)(0.750m),46.704(41.210%)(2.861m),22.289(27.861%)(0.245m),12.000(30.000%)(0.214m),15.751(39.378%)(0.616m),705.055,3455.748,64.4,1.2328,"[0.592, 1.121, 1.008, 0.512, 1.335, 0.959]","[2.517, 3.499, 3.368, 2.716, 3.630, 3.372]","[-5.879, -5.189, -5.766, -6.249, -5.448, -5.277]"
924,1,-2.0430,4.8940,0.332,182,486,14,0,0.158,45,3.90,30538,735.48,0,0,35.000(43.750%)(1.607m),50.000(44.118%)(3.214m),62.000(54.706%)(4.500m),27.582(24.337%)(0.812m),12.944(16.180%)(0.000m),40.000(100.000%)(3.214m),9.843(24.606%)(0.000m),887.714,3378.125,61.8,1.1575,"[0.611, 0.859, 1.036, 0.636, 1.014, 0.944]","[2.759, 3.270, 2.845, 2.880, 3.417, 2.671]","[-5.009, -5.499, -4.399, -4.718, -5.418, -4.072]"
925,1,0.9181,4.9112,0.384,293,872,66,28,0.157,65,3.89,30568,1072.74,0,0,27.000(33.750%)(0.750m),40.000(35.294%)(2.143m),57.000(50.294%)(3.964m),30.000(26.471%)(1.071m),20.879(26.099%)(0.094m),25.000(62.500%)(1.607m),14.695(36.738%)(0.503m),0.000,2283.259,68.9,1.0564,"[0.004, 0.958, 0.872, 0.071, 1.118, 0.900]","[2.493, 3.459, 3.202, 2.722, 3.646, 3.238]","[-4.912, -5.187, -4.979, -5.065, -4.778, -4.243]"
926,1,1.2598,4.9332,0.419,319,923,87,21,0.157,65,3.89,30600,1172.07,0,0,29.000(36.250%)(0.964m),42.000(37.059%)(2.357m),58.000(51.177%)(4.071m),24.000(21.177%)(0.429m),18.358(22.947%)(0.000m),25.000(62.500%)(1.607m),12.893(32.232%)(0.310m),0.000,2428.710,67.0,1.0558,"[0.213, 0.872, 0.774, 0.171, 1.033, 0.705]","[2.847, 3.479, 2.985, 2.959, 3.615, 2.924]","[-4.770, -5.677, -6.425, -4.841, -5.157, -5.438]"
927,1,20.7379,5.2297,0.357,888,2552,71,55,0.157,100,3.99,30689,3342.97,1,1,26.000(32.500%)(0.643m),43.000(37.941%)(2.464m),52.000(45.882%)(3.429m),30.960(27.317%)(1.174m),14.316(17.895%)(0.000m),22.000(55.000%)(1.286m),10.023(25.059%)(0.003m),147.584,2923.601,66.5,1.1141,"[0.547, 0.936, 0.869, 0.504, 1.153, 0.914]","[2.555, 3.362, 2.948, 2.645, 3.501, 2.841]","[-5.416, -4.563, -1.808, -5.096, -4.349, -1.910]"
928,1,-1.7995,5.1781,0.287,490,1401,125,72,0.156,80,3.99,30738,1719.54,0,0,14.000(17.500%)(0.000m),36.000(31.765%)(1.714m),66.000(58.235%)(4.929m),26.129(23.055%)(0.657m),12.639(15.798%)(0.000m),10.000(25.000%)(0.000m),9.861(24.652%)(0.000m),330.271,3449.008,66.2,1.0013,"[0.430, 0.813, 0.646, 0.332, 0.952, 0.737]","[2.795, 3.462, 2.933, 2.791, 3.572, 3.079]","[-5.103, -5.331, -5.311, -5.028, -5.300, -5.631]"
929,1,0.8598,5.1898,0.345,389,1111,6,60,0.156,70,3.98,30777,1363.90,0,0,11.000(13.750%)(0.000m),38.000(33.530%)(1.929m),62.000(54.706%)(4.500m),32.000(28.235%)(1.286m),21.000(26.250%)(0.107m),11.000(27.500%)(0.107m),16.428(41.070%)(0.689m),60.177,2758.391,66.1,0.9822,"[0.595, 1.350, 1.211, 0.667, 1.502, 1.173]","[2.672, 3.554, 3.150, 2.703, 3.686, 3.185]","[-4.918, -4.942, -4.720, -4.902, -4.417, -4.232]"
930,1,21.8727,5.3080,0.283,827,2429,3,60,0.156,100,4.09,30860,3213.92,1,1,28.000(35.000%)(0.857m),48.000(42.353%)(3.000m),58.000(51.177%)(4.071m),38.000(33.530%)(1.929m),24.534(30.668%)(0.486m),20.000(50.000%)(1.071m),17.390(43.475%)(0.792m),249.748,2974.965,68.0,1.0402,"[0.980, 1.427, 1.302, 0.960, 1.672, 1.314]","[2.829, 3.669, 3.372, 2.840, 3.730, 3.356]","[-4.196, -1.989, -1.840, -4.151, -1.471, -1.733]"
931,1,-2.1303,5.3255,0.445,184,497,19,14,0.155,45,4.08,30879,697.79,0,0,26.000(32.500%)(0.643m),43.000(37.941%)(2.464m),59.775(52.743%)(4.262m),22.811(20.128%)(0.301m),11.994(14.992%)(0.000m),40.000(100.000%)(3.214m),10.095(25.237%)(0.010m),391.292,3560.863,62.5,0.9443,"[0.246, 0.964, 1.347, 0.174, 1.142, 1.392]","[2.547, 3.391, 2.915, 2.595, 3.462, 3.029]","[-5.035, -5.042, -4.589, -5.000, -4.938, -4.543]"
932,1,-2.5386,5.3270,0.365,499,1346,103,126,0.155,75,4.08,30929,1791.02,0,0,28.000(35.000%)(0.857m),46.000(40.588%)(2.786m),67.000(59.118%)(5.036m),38.070(33.591%)(1.936m),18.180(22.725%)(0.000m),13.000(32.500%)(0.321m),12.000(30.000%)(0.214m),612.132,4450.920,62.4,0.9880,"[0.440, 0.911, 0.727, 0.527, 1.300, 0.756]","[2.651, 3.254, 2.597, 2.685, 3.370, 2.630]","[-4.265, -2.399, -4.095, -4.386, -1.833, -4.326]"
933,1,21.0625,5.5312,0.322,713,2208,0,97,0.155,100,4.18,31001,2877.63,1,1,27.000(33.750%)(0.750m),43.000(37.941%)(2.464m),68.000(60.000%)(5.143m),32.000(28.235%)(1.286m),20.000(25.000%)(0.000m),18.000(45.000%)(0.857m),17.032(42.581%)(0.753m),26.671,2468.788,71.7,1.0761,"[0.756, 1.330, 1.153, 0.713, 1.579, 1.191]","[2.409, 3.392, 3.008, 2.500, 3.567, 2.999]","[-5.066, -5.264, -4.506, -5.333, -4.304, -4.015]"
934,1,1.3054,5.3267,0.318,349,1018,78,53,0.154,70,4.18,31036,1338.47,0,0,20.262(25.327%)(0.028m),42.771(37.739%)(2.440m),54.000(47.647%)(3.643m),21.000(18.529%)(0.107m),12.000(15.000%)(0.000m),14.272(35.679%)(0.458m),10.000(25.000%)(0.000m),449.668,2685.080,67.5,1.0827,"[0.254, 0.409, 0.030, 0.170, 0.658, 0.087]","[2.603, 3.211, 2.754, 2.767, 3.525, 2.928]","[-5.609, -5.040, -6.833, -5.251, -4.570, -5.755]"
935,1,3.9541,5.2810,0.376,266,818,0,10,0.154,65,4.17,31063,955.62,0,0,30.000(37.500%)(1.071m),53.000(46.765%)(3.536m),61.000(53.824%)(4.393m),35.000(30.882%)(1.607m),23.000(28.750%)(0.321m),25.000(62.500%)(1.607m),16.983(42.456%)(0.748m),41.875,2274.658,71.2,0.9516,"[0.447, 1.163, 1.004, 0.469, 1.502, 1.128]","[2.509, 3.186, 2.731, 2.716, 3.351, 2.838]","[-4.680, -4.662, -3.248, -5.344, -3.698, -2.620]"
936,1,20.4130,5.7363,0.282,826,2428,133,45,0.154,100,4.27,31146,3052.90,1,1,31.000(38.750%)(1.179m),44.000(38.824%)(2.571m),57.000(50.294%)(3.964m),37.000(32.647%)(1.821m),23.136(28.920%)(0.336m),23.000(57.500%)(1.393m),16.318(40.795%)(0.677m),183.724,2687.506,68.0,1.0119,"[0.867, 1.345, 1.101, 0.803, 1.557, 1.125]","[2.534, 3.080, 2.772, 2.573, 3.297, 2.838]","[-4.290, -2.789, -1.137, -4.346, -2.343, -1.103]"
937,1,17.0566,6.0890,0.348,770,2321,190,106,0.154,100,4.38,31223,2882.14,2,1,20.000(25.000%)(0.000m),46.000(40.588%)(2.786m),66.000(58.235%)(4.929m),43.000(37.941%)(2.464m),20.857(26.071%)(0.092m),14.000(35.000%)(0.429m),14.684(36.710%)(0.502m),249.975,2707.363,69.7,1.0226,"[0.511, 1.192, 0.928, 0.431, 1.411, 0.967]","[2.499, 3.289, 2.918, 2.625, 3.471, 2.985]","[-4.302, -1.802, -4.269, -4.546, -2.100, -4.603]"
938,1,-0.1383,5.8309,0.259,376,1034,172,34,0.153,70,4.37,31261,1362.09,0,0,25.000(31.250%)(0.536m),37.000(32.647%)(1.821m),41.000(36.177%)(2.250m),25.000(22.059%)(0.536m),13.947(17.433%)(0.000m),29.000(72.500%)(2.036m),9.793(24.482%)(0.000m),0.000,3407.086,63.6,1.0842,"[0.130, 0.699, 0.851, 0.130, 0.801, 0.916]","[2.723, 3.397, 2.954, 2.851, 3.618, 3.110]","[-5.517, -5.648, -5.147, -5.404, -5.112, -4.439]"
939,1,20.1132,6.2164,0.349,918,2608,60,108,0.153,100,4.47,31353,3489.07,1,1,29.000(36.250%)(0.964m),41.000(36.177%)(2.250m),39.000(34.412%)(2.036m),29.000(25.588%)(0.964m),20.195(25.244%)(0.021m),21.000(52.500%)(1.179m),14.222(35.556%)(0.452m),30.294,2918.694,65.7,1.0012,"[0.987, 1.309, 1.201, 0.960, 1.461, 1.119]","[2.581, 3.133, 2.904, 2.626, 3.232, 2.876]","[-4.827, -4.222, -1.528, -4.371, -3.546, -1.869]"
940,1,16.7633,6.2663,0.364,728,2234,60,103,0.153,100,4.57,31426,2727.81,2,1,24.000(30.000%)(0.429m),38.000(33.530%)(1.929m),57.000(50.294%)(3.964m),39.715(35.043%)(2.112m),18.640(23.300%)(0.000m),20.000(50.000%)(1.071m),13.089(32.723%)(0.331m),236.109,3059.902,71.0,1.0170,"[0.848, 1.035, 0.762, 0.789, 1.330, 0.837]","[2.806, 3.080, 2.726, 2.867, 3.269, 2.756]","[-4.669, -2.035, -2.668, -4.802, -0.926, -2.453]"
941,1,-1.4899,6.2498,0.240,336,974,12,66,0.152,65,4.57,31460,1207.83,0,0,10.000(12.500%)(0.000m),15.000(13.235%)(0.000m),24.000(21.177%)(0.429m),32.000(28.235%)(1.286m),26.000(32.500%)(0.643m),21.000(52.500%)(1.179m),18.722(46.806%)(0.935m),215.602,2865.089,67.1,1.0273,"[0.777, 1.007, 0.610, 0.671, 1.130, 0.718]","[2.659, 3.365, 2.929, 2.672, 3.496, 3.014]","[-6.200, -5.555, -6.612, -6.732, -5.805, -6.668]"
942,1,-1.1490,5.9144,0.290,363,1064,25,55,0.152,70,4.56,31497,1299.07,0,0,25.000(31.250%)(0.536m),36.000(31.765%)(1.714m),74.000(65.294%)(5.786m),44.868(39.590%)(2.664m),11.000(13.750%)(0.000m),24.000(60.000%)(1.500m),11.000(27.500%)(0.107m),327.931,3519.789,67.8,0.9598,"[0.522, 0.943, 0.665, 0.473, 1.193, 0.615]","[2.754, 3.280, 2.857, 2.811, 3.372, 2.963]","[-3.967, -3.358, -4.152, -4.431, -3.079, -4.477]"
943,1,17.8231,6.2762,0.371,710,2202,186,97,0.152,100,4.67,31568,2543.85,1,1,28.000(35.000%)(0.857m),49.000(43.235%)(3.107m),51.000(45.000%)(3.321m),33.000(29.118%)(1.393m),21.395(26.743%)(0.149m),20.000(50.000%)(1.071m),15.063(37.658%)(0.542m),81.856,2302.748,71.8,1.0146,"[0.391, 1.075, 1.000, 0.310, 1.319, 1.027]","[2.652, 3.200, 2.912, 2.686, 3.481, 2.913]","[-4.276, -4.228, -1.583, -4.521, -3.358, -1.242]"
944,1,1.4720,6.3330,0.324,463,1391,66,111,0.151,80,4.66,31615,1681.86,0,0,14.496(18.120%)(0.000m),29.969(26.444%)(1.068m),20.000(17.647%)(0.000m),20.000(17.647%)(0.000m),23.547(29.433%)(0.380m),11.310(28.274%)(0.140m),16.615(41.539%)(0.709m),0.000,2213.369,69.5,1.0453,"[0.418, 0.602, 0.446, 0.316, 0.817, 0.453]","[2.820, 3.411, 2.816, 2.830, 3.506, 2.887]","[-6.238, -4.439, -5.571, -6.435, -4.087, -5.350]"
945,1,-0.1378,6.3616,0.218,127,361,19,15,0.151,35,4.66,31628,488.52,0,0,39.771(49.714%)(2.118m),65.157(57.492%)(4.838m),40.000(35.294%)(2.143m),29.000(25.588%)(0.964m),22.000(27.500%)(0.214m),39.771(99.428%)(3.190m),40.000(100.000%)(3.214m),21.104,2154.536,65.7,0.9349,"[0.706, 0.944, 0.859, 0.588, 1.005, 0.798]","[2.354, 3.022, 2.732, 2.460, 3.200, 2.853]","[-3.416, -3.984, -2.821, -3.931, -3.540, -3.700]"
946,1,9.5197,6.5683,0.387,782,2343,109,232,0.151,100,4.76,31707,2965.28,1,1,18.000(22.500%)(0.000m),41.000(36.177%)(2.250m),60.000(52.941%)(4.286m),31.000(27.353%)(1.179m),15.698(19.622%)(0.000m),13.000(32.500%)(0.321m),11.005(27.512%)(0.108m),44.062,2347.761,69.3,1.0670,"[0.234, 0.920, 0.785, 0.094, 1.137, 0.888]","[2.526, 3.019, 2.715, 2.607, 3.224, 2.760]","[-5.020, -4.751, -3.818, -5.177, -3.969, -4.569]"
947,1,-1.2624,6.4242,0.378,470,1405,74,91,0.150,80,4.75,31754,1667.16,0,0,24.000(30.000%)(0.429m),44.000(38.824%)(2.571m),20.000(17.647%)(0.000m),20.000(17.647%)(0.000m),19.849(24.812%)(0.000m),17.000(42.500%)(0.750m),13.990(34.975%)(0.428m),0.000,2301.937,69.2,0.9790,"[0.104, 0.392, 0.260, 0.046, 0.577, 0.323]","[2.657, 3.380, 2.805, 2.796, 3.594, 3.026]","[-5.261, -5.203, -5.434, -5.773, -5.531, -5.813]"
948,1,-0.9147,6.4265,0.204,158,467,17,6,0.150,45,4.75,31770,575.74,0,0,30.000(37.500%)(1.071m),44.000(38.824%)(2.571m),54.737(48.297%)(3.722m),21.052(18.576%)(0.113m),11.346(14.182%)(0.000m),27.000(67.500%)(1.821m),9.790(24.476%)(0.000m),349.633,2782.172,68.3,1.1061,"[-0.089, 1.000, 1.327, -0.106, 1.235, 1.356]","[2.698, 3.282, 3.031, 2.964, 3.648, 3.186]","[-5.530, -5.279, -5.561, -5.327, -5.338, -5.218]"
949,1,0.6229,6.0478,0.342,587,1658,124,92,0.150,85,4.74,31829,2085.51,0,0,23.000(28.750%)(0.321m),31.000(27.353%)(1.179m),44.867(39.588%)(2.664m),20.047(17.689%)(0.005m),11.430(14.287%)(0.000m),18.000(45.000%)(0.857m),10.491(26.227%)(0.053m),92.169,3147.458,65.4,0.9956,"[0.768, 0.984, 0.794, 0.649, 1.169, 0.831]","[2.775, 3.346, 3.234, 2.888, 3.682, 3.219]","[-4.680, -4.830, -4.597, -5.039, -4.949, -4.955]"
950,1,-0.1895,5.6852,0.301,345,973,105,38,0.150,65,4.74,31864,1216.59,0,0,24.000(30.000%)(0.429m),35.000(30.882%)(1.607m),30.000(26.471%)(1.071m),20.000(17.647%)(0.000m),20.101(25.126%)(0.011m),25.000(62.500%)(1.607m),14.142(35.355%)(0.444m),0.000,2620.224,65.3,1.0658,"[0.487, 1.235, 1.160, 0.466, 1.438, 1.183]","[2.866, 3.546, 2.999, 3.003, 3.749, 3.135]","[-5.202, -4.752, -4.972, -4.933, -4.859, -4.684]"
951,1,-4.6485,5.5245,0.377,598,1472,135,49,0.149,75,4.73,31924,2157.30,0,0,18.139(22.673%)(0.000m),21.000(18.529%)(0.107m),58.000(51.177%)(4.071m),51.000(45.000%)(3.321m),36.000(45.000%)(1.714m),12.815(32.038%)(0.302m),23.000(57.500%)(1.393m),0.000,7401.479,57.0,1.0000,"[1.545, 1.693, 0.872, 1.545, 1.730, 0.756]","[2.903, 3.448, 3.167, 2.917, 3.618, 3.139]","[-3.150, -3.793, -4.351, -3.817, -4.278, -4.433]"
952,1,-2.0335,5.0772,0.405,543,1418,127,100,0.149,75,4.73,31979,1953.95,0,0,17.236(21.544%)(0.000m),36.406(32.123%)(1.758m),59.000(52.059%)(4.179m),41.000(36.177%)(2.250m),22.000(27.500%)(0.214m),11.000(27.500%)(0.107m),23.000(57.500%)(1.393m),603.411,4866.631,60.4,1.0143,"[1.043, 1.246, 1.027, 0.921, 1.437, 1.001]","[2.817, 3.284, 3.007, 2.628, 3.449, 3.060]","[-4.412, -2.939, -4.493, -5.157, -2.288, -4.823]"
953,1,-1.1260,4.9980,0.389,533,1552,75,61,0.149,85,4.72,32033,2047.44,0,0,31.000(38.750%)(1.179m),42.000(37.059%)(2.357m),49.862(43.996%)(3.200m),20.488(18.078%)(0.052m),11.303(14.129%)(0.000m),17.000(42.500%)(0.750m),9.998(24.995%)(0.000m),335.409,2872.244,67.4,1.0586,"[0.047, 0.651, 0.811, -0.033, 0.917, 0.916]","[2.768, 3.517, 3.226, 2.855, 3.660, 3.375]","[-5.674, -5.537, -6.059, -5.297, -5.399, -5.282]"
954,1,17.9468,5.4268,0.310,774,2330,46,126,0.148,100,4.82,32111,2967.69,1,1,24.000(30.000%)(0.429m),32.000(28.235%)(1.286m),53.000(46.765%)(3.536m),35.156(31.020%)(1.624m),16.453(20.566%)(0.000m),17.000(42.500%)(0.750m),11.536(28.840%)(0.165m),211.444,2628.491,69.7,1.1709,"[0.435, 0.999, 0.882, 0.430, 1.253, 0.900]","[2.525, 3.093, 2.794, 2.601, 3.290, 2.875]","[-5.220, -3.003, -4.428, -5.009, -2.770, -4.699]"
955,1,-0.6929,5.3880,0.366,485,1395,108,81,0.148,80,4.82,32160,1842.77,0,0,24.000(30.000%)(0.429m),45.000(39.706%)(2.679m),28.505(25.151%)(0.911m),15.953(14.076%)(0.000m),10.163(12.704%)(0.000m),24.000(60.000%)(1.500m),10.804(27.010%)(0.086m),618.525,3630.911,66.6,1.0504,"[0.590, 1.206, 0.829, 0.630, 1.332, 0.823]","[2.640, 3.366, 2.885, 2.791, 3.549, 2.957]","[-5.340, -4.699, -5.344, -5.141, -4.430, -5.028]"
956,1,16.1183,5.4183,0.377,789,2357,67,102,0.148,100,4.92,32239,3263.30,1,1,23.000(28.750%)(0.321m),33.000(29.118%)(1.393m),53.000(46.765%)(3.536m),32.000(28.235%)(1.286m),19.764(24.705%)(0.000m),21.000(52.500%)(1.179m),13.917(34.792%)(0.420m),60.305,2348.929,69.1,1.1535,"[0.736, 1.198, 0.882, 0.667, 1.357, 0.967]","[2.716, 3.329, 2.952, 2.799, 3.611, 3.075]","[-4.911, -4.318, -2.957, -4.954, -3.775, -3.220]"
957,1,0.0910,5.2261,0.225,314,841,98,15,0.148,60,4.91,32271,1279.28,0,0,12.584(15.730%)(0.000m),26.017(22.956%)(0.645m),78.000(68.824%)(6.214m),40.000(35.294%)(2.143m),28.000(35.000%)(0.857m),9.818(24.546%)(0.000m),25.000(62.500%)(1.607m),424.973,3545.256,62.0,1.1672,"[1.061, 1.043, 0.210, 0.962, 1.128, 0.127]","[2.553, 3.293, 2.809, 2.384, 3.534, 3.050]","[-2.135, -3.299, -4.769, -2.522, -4.348, -5.036]"
958,1,-1.8091,4.8842,0.441,223,593,31,20,0.147,50,4.91,32294,835.11,0,0,27.000(33.750%)(0.750m),38.000(33.530%)(1.929m),51.000(45.000%)(3.321m),27.808(24.536%)(0.837m),12.983(16.228%)(0.000m),25.000(62.500%)(1.607m),9.745(24.363%)(0.000m),427.381,3161.805,61.5,1.0961,"[0.738, 1.233, 1.313, 0.693, 1.413, 1.249]","[2.613, 3.200, 2.684, 2.587, 3.427, 2.797]","[-5.885, -4.442, -0.339, -5.758, -4.249, -0.597]"
959,1,3.8551,5.0465,0.289,742,2175,149,113,0.147,95,4.90,32369,2951.93,0,0,12.000(15.000%)(0.000m),41.000(36.177%)(2.250m),47.000(41.471%)(2.893m),35.000(30.882%)(1.607m),20.527(25.659%)(0.056m),11.000(27.500%)(0.107m),14.450(36.125%)(0.477m),111.638,2730.908,67.8,1.0930,"[0.638, 0.988, 0.799, 0.583, 1.247, 0.854]","[2.837, 3.136, 2.664, 2.907, 3.313, 2.775]","[-3.634, -3.619, -2.640, -3.976, -2.886, -3.277]"
960,1,-2.0953,4.6765,0.333,291,875,9,36,0.147,65,4.90,32399,1243.14,0,0,26.094(32.617%)(0.653m),54.460(48.053%)(3.692m),50.000(44.118%)(3.214m),21.000(18.529%)(0.107m),23.000(28.750%)(0.321m),18.477(46.193%)(0.908m),21.000(52.500%)(1.179m),304.692,2970.932,69.6,1.1769,"[0.364, 0.612, 0.193, 0.344, 0.738, 0.148]","[2.342, 3.065, 2.602, 2.445, 3.222, 2.730]","[-6.983, -5.042, -6.823, -6.380, -4.684, -6.390]"
961,1,-1.8060,4.6080,0.354,399,1089,88,41,0.146,70,4.89,32439,1627.84,0,0,22.788(28.485%)(0.299m),47.409(41.832%)(2.937m),35.000(30.882%)(1.607m),18.000(15.882%)(0.000m),23.000(28.750%)(0.321m),16.186(40.465%)(0.663m),22.000(55.000%)(1.286m),335.142,3741.873,63.1,1.1624,"[0.842, 1.012, 0.755, 0.798, 1.200, 0.733]","[2.510, 3.204, 2.806, 2.697, 3.412, 2.962]","[-6.120, -5.525, -7.450, -6.052, -4.765, -7.313]"
962,1,2.4444,4.6865,0.325,604,1669,132,105,0.146,85,4.89,32500,2361.87,0,0,31.000(38.750%)(1.179m),40.000(35.294%)(2.143m),20.000(17.647%)(0.000m),20.000(17.647%)(0.000m),21.829(27.286%)(0.196m),19.000(47.500%)(0.964m),15.438(38.595%)(0.583m),0.000,3646.078,63.9,1.1048,"[0.722, 1.095, 1.084, 0.666, 1.241, 1.058]","[2.558, 3.240, 3.012, 2.604, 3.445, 3.025]","[-6.615, -6.414, -7.011, -6.912, -7.250, -6.133]"
963,1,5.6538,4.7821,0.336,636,1966,161,68,0.146,95,4.88,32564,2471.00,0,0,12.000(15.000%)(0.000m),38.000(33.530%)(1.929m),57.000(50.294%)(3.964m),40.000(35.294%)(2.143m),20.071(25.089%)(0.008m),10.000(25.000%)(0.000m),14.115(35.287%)(0.441m),228.371,2305.288,71.5,1.0767,"[0.325, 1.088, 0.759, 0.243, 1.211, 0.872]","[2.221, 3.312, 3.002, 2.398, 3.563, 3.121]","[-4.763, -1.099, -1.951, -5.113, -1.250, -1.507]"
964,1,0.9730,4.8071,0.401,347,977,68,11,0.145,65,4.88,32599,1361.56,0,0,33.000(41.250%)(1.393m),46.000(40.588%)(2.786m),45.000(39.706%)(2.679m),29.000(25.588%)(0.964m),16.574(20.717%)(0.000m),26.000(65.000%)(1.714m),11.615(29.037%)(0.173m),0.000,3210.657,65.1,1.0492,"[0.705, 1.273, 1.397, 0.795, 1.491, 1.476]","[2.929, 3.592, 3.041, 3.142, 3.873, 3.194]","[-5.251, -5.534, -4.963, -4.889, -5.248, -3.884]"
965,1,-0.6095,4.4026,0.340,321,973,78,40,0.145,70,4.87,32632,1340.87,0,0,12.000(15.000%)(0.000m),48.000(42.353%)(3.000m),63.000(55.588%)(4.607m),35.000(30.882%)(1.607m),20.877(26.096%)(0.094m),11.000(27.500%)(0.107m),14.699(36.747%)(0.503m),138.259,2444.800,70.1,1.1340,"[0.108, 1.063, 0.736, 0.062, 1.233, 0.827]","[2.914, 3.398, 2.966, 3.004, 3.641, 3.076]","[-4.441, -4.226, -2.901, -4.501, -3.781, -2.615]"
966,1,18.3593,4.8348,0.309,837,2449,255,86,0.145,100,4.97,32716,3557.86,1,1,26.000(32.500%)(0.643m),33.000(29.118%)(1.393m),40.000(35.294%)(2.143m),29.789(26.285%)(1.049m),13.718(17.148%)(0.000m),21.000(52.500%)(1.179m),9.599(23.997%)(0.000m),272.163,3127.372,67.7,1.1807,"[0.611, 1.362, 1.129, 0.522, 1.591, 1.218]","[2.766, 3.338, 3.026, 2.759, 3.506, 3.187]","[-5.912, -5.375, -1.899, -5.422, -5.158, -1.891]"
967,1,12.7731,4.7057,0.381,752,2286,108,165,0.145,100,5.07,32792,2974.71,2,1,20.000(25.000%)(0.000m),50.000(44.118%)(3.214m),59.000(52.059%)(4.179m),32.000(28.235%)(1.286m),14.840(18.551%)(0.000m),14.000(35.000%)(0.429m),10.385(25.962%)(0.041m),78.825,2848.822,70.3,1.0926,"[0.664, 1.240, 1.109, 0.636, 1.439, 1.149]","[3.019, 3.408, 2.956, 3.139, 3.757, 3.116]","[-5.762, -4.378, -1.218, -5.761, -4.014, -1.117]"
968,1,2.1799,4.7181,0.311,331,994,9,54,0.144,70,5.06,32826,1259.49,0,0,10.000(12.500%)(0.000m),15.000(13.235%)(0.000m),52.000(45.882%)(3.429m),37.000(32.647%)(1.821m),24.000(30.000%)(0.429m),11.000(27.500%)(0.107m),17.341(43.354%)(0.787m),158.247,2439.222,69.5,1.0093,"[0.723, 1.231, 1.102, 0.754, 1.503, 1.102]","[2.478, 3.287, 3.049, 2.594, 3.503, 3.076]","[-4.227, -1.677, -0.904, -4.281, -1.363, -0.970]"
969,1,17.0286,5.0665,0.391,756,2292,0,179,0.144,100,5.16,32902,2918.28,1,1,25.000(31.250%)(0.536m),40.000(35.294%)(2.143m),60.000(52.941%)(4.286m),35.000(30.882%)(1.607m),25.000(31.250%)(0.536m),19.000(47.500%)(0.964m),17.913(44.783%)(0.848m),99.755,2274.158,70.2,1.0687,"[0.860, 1.289, 1.085, 0.791, 1.485, 1.072]","[2.796, 3.299, 2.872, 2.873, 3.589, 3.066]","[-4.414, -4.647, -2.720, -4.284, -4.324, -2.295]"
970,1,-2.0198,5.1427,0.357,425,1195,192,91,0.144,75,5.15,32945,1558.34,0,0,17.748(22.185%)(0.000m),37.000(32.647%)(1.821m),45.000(39.706%)(2.679m),32.000(28.235%)(1.286m),18.000(22.500%)(0.000m),12.464(31.160%)(0.264m),10.000(25.000%)(0.000m),238.046,3169.189,65.1,1.0157,"[0.154, 0.417, -0.290, 0.138, 0.510, -0.489]","[2.552, 3.635, 3.362, 2.720, 3.927, 3.410]","[-3.891, -3.891, -5.428, -4.230, -3.573, -5.979]"
971,1,19.3866,5.6314,0.297,845,2464,115,78,0.143,100,5.25,33030,3044.66,1,1,25.000(31.250%)(0.536m),40.000(35.294%)(2.143m),55.000(48.530%)(3.750m),37.000(32.647%)(1.821m),20.405(25.506%)(0.043m),22.000(55.000%)(1.286m),14.361(35.902%)(0.467m),148.017,2905.415,67.5,0.9576,"[1.053, 1.446, 1.139, 0.977, 1.593, 1.148]","[2.866, 3.328, 3.034, 2.919, 3.646, 3.035]","[-4.481, -3.042, -0.834, -4.799, -2.776, -0.860]"
972,1,1.8044,5.2534,0.277,304,893,49,38,0.143,65,5.25,33061,1086.50,0,0,24.000(30.000%)(0.429m),35.000(30.882%)(1.607m),48.000(42.353%)(3.000m),30.000(26.471%)(1.071m),20.056(25.070%)(0.006m),23.000(57.500%)(1.393m),14.129(35.323%)(0.442m),0.000,2473.290,68.0,1.0078,"[0.125, 1.275, 1.252, 0.043, 1.429, 1.235]","[2.670, 3.284, 3.033, 2.775, 3.530, 3.051]","[-4.689, -5.322, -3.973, -4.804, -4.749, -3.603]"
973,1,-0.7307,5.2601,0.349,161,426,2,17,0.143,40,5.24,33078,608.30,0,0,23.000(28.750%)(0.321m),28.000(24.706%)(0.857m),59.000(52.059%)(4.179m),77.058(67.992%)(6.113m),42.243(52.804%)(2.383m),40.000(100.000%)(3.214m),36.907(92.267%)(2.883m),46.482,2256.114,61.2,1.1479,"[1.709, 1.688, 1.287, 1.705, 1.965, 1.306]","[2.621, 3.207, 2.890, 2.685, 3.558, 3.027]","[-0.587, -1.457, -3.596, -0.589, -1.803, -4.137]"
974,1,1.2960,5.3269,0.306,336,1003,24,59,0.143,70,5.24,33112,1190.12,0,0,12.000(15.000%)(0.000m),31.000(27.353%)(1.179m),42.000(37.059%)(2.357m),46.000(40.588%)(2.786m),24.649(30.812%)(0.498m),11.000(27.500%)(0.107m),17.465(43.664%)(0.800m),119.177,2525.924,69.1,0.9471,"[0.504, 0.916, 0.646, 0.468, 1.145, 0.766]","[2.452, 3.200, 2.888, 2.536, 3.524, 3.078]","[-3.461, -1.869, -3.189, -3.774, -1.973, -3.586]"
975,1,5.0149,5.4088,0.347,471,1440,14,71,0.142,85,5.23,33160,1894.04,0,0,28.000(35.000%)(0.857m),46.000(40.588%)(2.786m),69.000(60.883%)(5.250m),24.930(21.997%)(0.528m),12.241(15.301%)(0.000m),20.000(50.000%)(1.071m),9.673(24.182%)(0.000m),338.921,2516.254,70.8,1.1104,"[0.360, 0.936, 0.836, 0.369, 1.202, 0.807]","[2.896, 3.265, 2.815, 2.953, 3.697, 3.069]","[-5.494, -5.362, -5.285, -4.898, -5.764, -5.012]"
976,1,20.8738,5.8011,0.315,743,2268,22,130,0.142,100,5.33,33235,2758.98,1,1,25.000(31.250%)(0.536m),40.000(35.294%)(2.143m),53.000(46.765%)(3.536m),49.274(43.477%)(3.137m),24.242(30.303%)(0.455m),14.000(35.000%)(0.429m),17.147(42.868%)(0.766m),442.166,2777.248,70.7,1.0393,"[0.833, 1.067, 0.709, 0.797, 1.276, 0.743]","[2.465, 3.378, 2.954, 2.566, 3.610, 3.037]","[-4.206, -1.240, -4.152, -4.461, -1.274, -4.528]"
977,1,16.8411,5.7231,0.383,735,2253,138,119,0.142,100,5.42,33309,2693.24,2,1,26.000(32.500%)(0.643m),40.000(35.294%)(2.143m),55.000(48.530%)(3.750m),39.373(34.741%)(2.076m),18.483(23.104%)(0.000m),19.000(47.500%)(0.964m),12.984(32.459%)(0.320m),309.901,2683.642,70.9,1.0563,"[0.540, 1.129, 0.890, 0.457, 1.331, 0.897]","[2.571, 3.195, 2.793, 2.685, 3.568, 2.986]","[-4.592, -1.582, -4.177, -5.002, -1.710, -4.403]"
978,1,-1.3033,5.7331,0.346,321,968,84,42,0.141,70,5.42,33342,1201.64,0,0,12.000(15.000%)(0.000m),21.000(18.529%)(0.107m),64.000(56.471%)(4.714m),38.683(34.132%)(2.002m),18.166(22.707%)(0.000m),10.000(25.000%)(0.000m),12.755(31.888%)(0.295m),345.575,2516.290,69.8,0.9317,"[0.134, 0.740, 0.605, -0.018, 0.903, 0.614]","[3.015, 3.561, 2.976, 3.143, 3.830, 3.059]","[-4.558, -5.974, -5.434, -4.798, -6.260, -5.372]"
979,1,20.8179,6.1322,0.275,798,2375,26,72,0.141,100,5.52,33422,2910.76,1,1,28.000(35.000%)(0.857m),44.000(38.824%)(2.571m),62.000(54.706%)(4.500m),43.101(38.031%)(2.475m),20.402(25.503%)(0.043m),23.000(57.500%)(1.393m),14.358(35.896%)(0.467m),352.631,2669.252,68.9,1.0247,"[0.937, 1.317, 1.110, 0.833, 1.512, 1.168]","[2.982, 3.542, 3.113, 2.981, 3.812, 3.171]","[-4.538, -1.127, -3.877, -4.873, -1.152, -3.971]"
980,1,-1.9920,5.6549,0.275,165,447,26,9,0.141,40,5.51,33439,617.18,0,0,30.000(37.500%)(1.071m),37.000(32.647%)(1.821m),40.918(36.104%)(2.241m),19.180(16.923%)(0.000m),11.163(13.954%)(0.000m),40.000(100.000%)(3.214m),10.501(26.252%)(0.054m),313.293,3313.344,62.7,1.0360,"[0.366, 0.413, 0.586, 0.219, 0.565, 0.440]","[2.678, 3.273, 2.887, 2.737, 3.495, 2.856]","[-4.395, -5.574, -5.094, -4.749, -5.507, -5.263]"
981,1,-1.9427,5.6587,0.263,298,775,86,17,0.141,55,5.50,33469,1000.39,0,0,33.000(41.250%)(1.393m),39.000(34.412%)(2.036m),53.000(46.765%)(3.536m),29.524(26.050%)(1.020m),13.892(17.365%)(0.000m),22.000(55.000%)(1.286m),9.756(24.389%)(0.000m),499.565,5179.159,60.2,0.9669,"[0.645, 0.894, 1.487, 0.707, 1.134, 1.468]","[2.597, 3.251, 3.190, 2.929, 3.516, 3.282]","[-4.850, -4.726, -1.263, -4.894, -4.787, -0.636]"
982,1,8.1923,5.8733,0.294,593,1833,52,32,0.140,95,5.50,33529,2124.35,0,0,29.000(36.250%)(0.964m),48.000(42.353%)(3.000m),37.000(32.647%)(1.821m),25.000(22.059%)(0.536m),19.373(24.216%)(0.000m),23.000(57.500%)(1.393m),13.622(34.054%)(0.388m),0.000,2430.671,71.5,1.0266,"[0.491, 1.189, 1.001, 0.338, 1.284, 1.025]","[2.662, 3.264, 2.881, 2.943, 3.515, 2.896]","[-5.334, -5.751, -5.519, -4.895, -5.265, -4.830]"
983,1,2.8721,5.5095,0.348,469,1428,22,86,0.140,85,5.49,33576,1866.57,0,0,25.000(31.250%)(0.536m),40.000(35.294%)(2.143m),48.659(42.935%)(3.071m),20.598(18.174%)(0.064m),11.492(14.365%)(0.000m),20.000(50.000%)(1.071m),10.292(25.729%)(0.031m),73.628,2366.817,70.5,1.1811,"[0.524, 1.107, 0.958, 0.465, 1.330, 1.078]","[3.212, 3.381, 3.150, 2.901, 3.765, 3.437]","[-5.648, -5.276, -5.714, -5.402, -5.363, -5.406]"
984,1,17.4926,5.8332,0.345,774,2330,116,115,0.140,100,5.59,33654,3016.03,1,1,17.000(21.250%)(0.000m),43.000(37.941%)(2.464m),53.000(46.765%)(3.536m),32.333(28.529%)(1.321m),15.008(18.760%)(0.000m),12.000(30.000%)(0.214m),10.517(26.294%)(0.055m),164.455,2645.341,69.7,1.0944,"[0.725, 1.354, 1.188, 0.635, 1.536, 1.257]","[2.713, 3.530, 3.132, 2.654, 3.739, 3.138]","[-5.279, -3.386, -4.202, -5.187, -2.917, -4.455]"
985,1,-0.4179,5.7458,0.304,130,366,25,15,0.139,35,5.58,33667,495.41,0,0,21.000(26.250%)(0.107m),25.000(22.059%)(0.536m),34.000(30.000%)(1.500m),69.868(61.648%)(5.343m),42.647(53.308%)(2.426m),40.000(100.000%)(3.214m),40.000(100.000%)(3.214m),0.000,2077.997,65.2,1.0914,"[1.356, 1.236, 0.768, 1.224, 1.331, 0.655]","[2.672, 3.503, 2.950, 2.739, 3.723, 3.074]","[-2.085, -3.838, -3.890, -2.003, -4.188, -4.294]"
986,1,-0.1969,5.3336,0.573,127,360,17,12,0.139,35,5.58,33680,492.81,0,0,25.000(31.250%)(0.536m),20.000(17.647%)(0.000m),42.000(37.059%)(2.357m),103.055(90.931%)(8.899m),56.106(70.133%)(3.869m),40.000(100.000%)(3.214m),40.000(100.000%)(3.214m),0.000,2120.381,65.6,1.0685,"[0.886, 0.827, 0.497, 0.715, 1.012, 0.390]","[2.720, 3.614, 3.210, 2.788, 3.865, 3.320]","[-6.539, -6.292, -5.758, -6.863, -5.987, -5.933]"
987,1,3.4145,5.0608,0.378,708,2057,146,112,0.139,95,5.57,33751,2909.75,0,0,26.000(32.500%)(0.643m),42.000(37.059%)(2.357m),43.000(37.941%)(2.464m),26.000(22.941%)(0.643m),20.773(25.966%)(0.083m),18.000(45.000%)(0.857m),14.679(36.698%)(0.501m),0.000,2914.776,67.3,1.0979,"[0.664, 1.170, 1.028, 0.647, 1.450, 1.073]","[2.668, 3.508, 3.059, 2.645, 3.792, 3.118]","[-4.088, -5.729, -5.128, -4.108, -5.010, -4.632]"
988,1,10.3807,5.2711,0.303,860,2502,209,117,0.139,100,5.67,33837,3355.63,1,1,14.540(18.175%)(0.000m),30.940(27.300%)(1.172m),62.000(54.706%)(4.500m),36.129(31.878%)(1.728m),16.818(21.022%)(0.000m),10.210(25.526%)(0.023m),11.788(29.470%)(0.192m),178.474,4020.433,67.3,1.1061,"[0.717, 1.133, 0.544, 0.763, 1.281, 0.625]","[2.718, 3.191, 3.240, 2.747, 3.466, 3.263]","[-4.152, -3.405, -5.702, -3.935, -3.734, -5.951]"
989,1,3.8811,4.9465,0.266,531,1641,66,69,0.138,90,5.66,33891,2233.03,0,0,25.000(31.250%)(0.536m),59.000(52.059%)(4.179m),50.000(44.118%)(3.214m),20.645(18.216%)(0.069m),11.389(14.237%)(0.000m),18.000(45.000%)(0.857m),10.075(25.186%)(0.008m),80.869,2618.909,71.5,1.1331,"[0.635, 1.413, 1.296, 0.678, 1.630, 1.444]","[2.958, 3.333, 2.867, 3.165, 3.584, 2.983]","[-5.707, -4.979, -4.948, -5.140, -4.768, -4.830]"
990,1,0.3640,4.6185,0.392,465,1397,20,107,0.138,80,5.66,33938,1945.59,0,0,25.031(31.288%)(0.539m),21.000(18.529%)(0.107m),62.000(54.706%)(4.500m),35.000(30.882%)(1.607m),21.000(26.250%)(0.107m),17.689(44.223%)(0.824m),15.000(37.500%)(0.536m),0.000,2030.743,69.5,1.2628,"[0.171, 0.361, -0.311, 0.206, 0.570, -0.196]","[2.514, 3.398, 3.092, 2.659, 3.668, 3.232]","[-4.437, -3.775, -4.579, -4.780, -3.062, -4.722]"
991,1,7.2286,4.7929,0.348,663,1999,36,69,0.138,95,5.65,34005,2738.75,0,0,11.000(13.750%)(0.000m),17.000(15.000%)(0.000m),30.000(26.471%)(1.071m),46.000(40.588%)(2.786m),22.007(27.509%)(0.215m),18.000(45.000%)(0.857m),15.504(38.759%)(0.590m),335.551,2553.482,69.8,1.2213,"[0.796, 1.150, 0.830, 0.726, 1.379, 0.955]","[2.750, 3.489, 2.981, 2.718, 3.765, 3.050]","[-7.285, -5.751, -6.163, -7.441, -6.044, -6.127]"
992,1,15.9325,5.1345,0.342,735,2254,102,168,0.138,100,5.75,34079,2890.70,1,1,25.000(31.250%)(0.536m),48.000(42.353%)(3.000m),46.000(40.588%)(2.786m),34.000(30.000%)(1.500m),20.408(25.510%)(0.044m),15.000(37.500%)(0.536m),14.374(35.935%)(0.469m),242.890,2426.499,71.0,1.1680,"[0.987, 1.315, 0.971, 0.963, 1.558, 1.159]","[2.887, 3.156, 2.778, 2.917, 3.468, 2.957]","[-3.899, -1.404, -4.724, -4.328, -1.546, -4.578]"
993,1,-0.7117,4.7638,0.214,123,353,18,14,0.137,35,5.74,34092,508.85,0,0,22.000(27.500%)(0.214m),27.000(23.824%)(0.750m),39.000(34.412%)(2.036m),68.306(60.270%)(5.176m),41.693(52.116%)(2.324m),40.000(100.000%)(3.214m),40.000(100.000%)(3.214m),0.000,2160.135,66.4,1.0661,"[1.063, 1.147, 0.844, 1.000, 1.284, 0.768]","[2.595, 3.286, 2.926, 2.714, 3.641, 3.024]","[-3.877, -4.512, -4.311, -4.426, -4.923, -4.965]"
994,1,12.7294,4.9890,0.327,760,2301,101,140,0.137,100,5.84,34168,3081.12,1,1,31.000(38.750%)(1.179m),47.000(41.471%)(2.893m),65.000(57.353%)(4.821m),34.000(30.000%)(1.500m),17.723(22.154%)(0.000m),15.000(37.500%)(0.536m),12.447(31.119%)(0.262m),105.005,2373.543,70.1,1.1876,"[0.717, 1.270, 1.215, 0.672, 1.516, 1.312]","[2.933, 3.366, 3.217, 2.664, 3.621, 3.206]","[-4.288, -4.486, -2.776, -4.575, -4.112, -2.532]"
995,1,-3.5909,4.9199,0.235,535,1538,163,109,0.137,85,5.83,34222,1961.05,0,0,14.683(18.354%)(0.000m),22.000(19.412%)(0.214m),27.000(23.824%)(0.750m),23.000(20.294%)(0.321m),23.000(28.750%)(0.321m),10.302(25.756%)(0.032m),16.000(40.000%)(0.643m),0.000,2852.466,66.5,1.0272,"[0.137, 0.153, -0.134, -0.016, 0.284, -0.190]","[2.362, 3.051, 2.775, 2.412, 3.262, 2.810]","[-4.958, -4.611, -5.116, -5.751, -4.592, -5.196]"
996,1,9.2039,4.9136,0.295,598,1843,92,28,0.136,95,5.82,34282,2159.25,0,0,30.000(37.500%)(1.071m),45.000(39.706%)(2.679m),56.000(49.412%)(3.857m),30.000(26.471%)(1.071m),19.669(24.586%)(0.000m),26.000(65.000%)(1.714m),13.828(34.570%)(0.410m),0.000,2266.987,71.3,1.0091,"[0.373, 1.020, 1.002, 0.362, 1.201, 1.109]","[2.817, 3.328, 2.817, 2.951, 3.464, 2.861]","[-4.849, -5.251, -3.190, -5.029, -4.571, -2.641]"
997,1,-3.4404,4.8700,0.387,485,1437,103,111,0.136,80,5.82,34331,1778.71,0,0,25.998(32.497%)(0.643m),20.000(17.647%)(0.000m),20.000(17.647%)(0.000m),22.000(19.412%)(0.214m),15.289(19.111%)(0.000m),18.458(46.145%)(0.906m),10.702(26.756%)(0.075m),0.000,2162.632,68.6,1.0857,"[-0.177, 0.292, 0.172, -0.268, 0.463, 0.100]","[2.754, 3.657, 3.158, 3.047, 3.949, 3.139]","[-5.341, -6.248, -4.994, -5.564, -6.406, -5.510]"
998,1,-0.7551,4.8732,0.264,128,361,0,10,0.136,35,5.81,34344,483.80,0,0,23.000(28.750%)(0.321m),27.000(23.824%)(0.750m),80.000(70.588%)(6.429m),83.778(73.922%)(6.833m),45.151(56.438%)(2.695m),40.000(100.000%)(3.214m),38.960(97.401%)(3.103m),0.000,2133.489,65.3,1.0204,"[1.561, 1.659, 1.052, 1.634, 1.854, 1.020]","[2.890, 3.774, 3.273, 2.959, 3.983, 3.275]","[-3.139, -4.392, -4.435, -2.955, -4.797, -4.652]"
999,1,16.6630,5.1940,0.345,680,2143,0,137,0.136,100,5.91,34412,2579.69,1,1,27.000(33.750%)(0.750m),42.000(37.059%)(2.357m),62.000(54.706%)(4.500m),37.000(32.647%)(1.821m),23.643(29.553%)(0.390m),20.000(50.000%)(1.071m),16.685(41.712%)(0.716m),128.720,2260.067,72.9,1.0110,"[1.151, 1.651, 1.346, 1.166, 1.906, 1.428]","[2.863, 3.695, 3.201, 2.988, 3.911, 3.245]","[-4.748, -5.046, -3.206, -4.607, -4.394, -3.290]"
1000,1,1.7414,5.2326,0.291,514,1605,73,105,0.135,90,5.90,34464,2378.84,0,0,22.000(27.500%)(0.214m),44.000(38.824%)(2.571m),62.000(54.706%)(4.500m),28.718(25.339%)(0.934m),13.185(16.481%)(0.000m),18.000(45.000%)(0.857m),9.769(24.422%)(0.000m),346.510,2443.732,72.3,1.4297,"[0.614, 1.359, 1.273, 0.631, 1.662, 1.384]","[2.825, 3.573, 2.947, 2.918, 3.825, 3.103]","[-4.756, -5.368, -4.158, -4.961, -4.799, -3.794]"
