episode,stage,reward,avg_reward,MSE,timeframe,steps,close distance,near_miss,epsilon,progress_pct,success_rate,Buffer,time_ms,streak,reached_finish,min_R2,min_R1,min_F,min_L1,min_L2,min_SR,min_SL,min_ttc,avg_ttc,avg_speed,avg_inference_time,Q_avg,Q_max,Q_min
1,1,-4.1635,-4.1635,0.000,118,303,17,0,1.000,30,0.00,12,616.38,0,0,68.998(86.247%)(5.250m),54.933(48.470%)(3.743m),21.128(18.642%)(0.121m),13.655(12.049%)(0.000m),9.561(11.951%)(0.000m),40.000(100.000%)(3.214m),11.946(29.866%)(0.209m),2232.598,4974.975,59.4,0.0000,"[-0.159, 0.080, -0.037, -0.085, -0.037, -0.161]","[-0.139, 0.087, -0.032, -0.072, -0.020, -0.132]","[-0.169, 0.073, -0.047, -0.088, -0.048, -0.173]"
2,1,-4.4058,-4.2846,0.000,135,336,17,0,0.998,35,0.00,26,478.53,0,0,12.574(15.717%)(0.000m),25.995(22.937%)(0.642m),71.999(63.529%)(5.571m),91.000(80.294%)(7.607m),76.000(95.000%)(6.000m),9.810(24.525%)(0.000m),40.000(100.000%)(3.214m),2871.917,7170.529,57.6,0.0000,"[-0.164, 0.085, -0.030, -0.086, -0.038, -0.167]","[-0.158, 0.088, -0.015, -0.082, -0.032, -0.154]","[-0.169, 0.080, -0.036, -0.088, -0.043, -0.173]"
3,1,-4.8824,-4.4839,0.000,113,296,16,0,0.996,30,0.00,38,436.24,0,0,10.970(13.712%)(0.000m),19.241(16.977%)(0.000m),43.062(37.996%)(2.471m),95.000(83.824%)(8.036m),67.000(83.750%)(5.036m),10.069(25.172%)(0.007m),40.000(100.000%)(3.214m),2500.326,5599.595,60.5,0.0000,"[-0.164, 0.083, -0.030, -0.085, -0.041, -0.167]","[-0.159, 0.089, -0.011, -0.081, -0.036, -0.156]","[-0.170, 0.077, -0.036, -0.087, -0.051, -0.170]"
4,1,-5.8421,-4.8234,0.000,172,436,15,0,0.994,40,0.00,56,615.52,0,0,47.000(58.750%)(2.893m),59.000(52.059%)(4.179m),26.901(23.737%)(0.739m),15.662(13.820%)(0.000m),10.218(12.772%)(0.000m),40.000(100.000%)(3.214m),11.270(28.174%)(0.136m),2125.515,5484.671,58.7,0.0000,"[-0.158, 0.083, -0.036, -0.086, -0.035, -0.158]","[-0.137, 0.087, -0.030, -0.072, -0.020, -0.129]","[-0.169, 0.074, -0.051, -0.088, -0.047, -0.169]"
5,1,-5.9974,-5.0582,1.692,105,253,18,0,0.992,30,0.00,67,593.28,0,0,77.786(97.233%)(6.191m),107.000(94.412%)(9.321m),40.298(35.557%)(2.175m),18.889(16.667%)(0.000m),10.994(13.742%)(0.000m),40.000(100.000%)(3.214m),10.342(25.854%)(0.037m),4324.503,9162.953,55.8,0.0000,"[-0.162, 0.085, -0.059, -0.083, -0.030, -0.150]","[-0.146, 0.090, -0.035, -0.070, -0.018, -0.116]","[-0.185, 0.082, -0.162, -0.087, -0.040, -0.169]"
6,1,-4.4417,-4.9555,1.601,179,443,21,0,0.990,40,0.00,85,802.04,0,0,54.000(67.500%)(3.643m),59.000(52.059%)(4.179m),33.389(29.461%)(1.435m),17.581(15.512%)(0.000m),10.827(13.534%)(0.000m),40.000(100.000%)(3.214m),10.960(27.400%)(0.103m),1990.782,4663.622,57.3,0.0000,"[-0.404, 0.073, -0.583, -0.029, -0.018, 0.017]","[-0.200, 0.116, -0.218, 0.029, 0.124, 0.133]","[-0.620, 0.008, -0.799, -0.159, -0.088, -0.116]"
7,1,-7.8788,-5.3731,1.369,233,569,78,24,0.988,45,0.00,109,977.60,0,0,23.000(28.750%)(0.321m),20.000(17.647%)(0.000m),20.000(17.647%)(0.000m),57.000(50.294%)(3.964m),60.174(75.218%)(4.304m),32.312(80.779%)(2.391m),40.000(100.000%)(3.214m),0.000,4931.418,56.5,0.0000,"[-0.528, -0.044, -0.583, 0.057, 0.147, 0.019]","[-0.377, -0.016, -0.342, 0.204, 0.320, 0.234]","[-0.770, -0.072, -0.787, -0.082, -0.222, -0.207]"
8,1,-6.0436,-5.4569,0.897,158,425,25,11,0.986,40,0.00,125,659.66,0,0,52.867(66.083%)(3.521m),37.000(32.647%)(1.821m),23.000(20.294%)(0.321m),20.000(17.647%)(0.000m),21.000(26.250%)(0.107m),40.000(100.000%)(3.214m),26.208(65.520%)(1.737m),0.000,5624.782,62.2,0.0000,"[-0.544, 0.038, -0.467, -0.111, 0.200, -0.180]","[-0.150, 0.077, 0.019, 0.231, 0.315, 0.094]","[-2.192, -0.171, -2.309, -1.424, -0.216, -1.433]"
9,1,-7.2080,-5.6515,0.860,141,345,18,0,0.984,35,0.00,140,646.96,0,0,9.107(11.384%)(0.000m),12.841(11.331%)(0.000m),19.531(17.233%)(0.000m),47.534(41.942%)(2.950m),54.863(68.579%)(3.735m),11.673(29.183%)(0.179m),40.000(100.000%)(3.214m),2485.596,5926.422,56.7,0.0000,"[0.048, -0.039, -0.058, 0.300, 0.194, 0.253]","[0.357, 0.152, 0.541, 0.609, 0.659, 0.618]","[-0.988, -0.974, -2.819, -0.862, -1.786, -1.322]"
10,1,-4.8497,-5.5713,0.497,86,225,16,0,0.982,25,0.00,149,373.34,0,0,77.786(97.233%)(6.191m),102.000(90.000%)(8.786m),29.489(26.020%)(1.017m),16.270(14.356%)(0.000m),10.280(12.850%)(0.000m),40.000(100.000%)(3.214m),10.796(26.989%)(0.085m),2964.101,5576.167,60.6,3.5616,"[-0.814, -0.642, -0.606, -0.734, 0.333, -0.555]","[0.425, 0.179, 0.771, 0.836, 0.876, 0.818]","[-4.544, -2.687, -4.699, -5.032, -1.105, -4.292]"
11,1,-6.6111,-5.6658,0.358,83,202,17,0,0.980,25,0.00,158,355.92,0,0,11.052(13.815%)(0.000m),18.619(16.428%)(0.000m),38.056(33.579%)(1.935m),113.333(100.000%)(10.000m),77.067(96.334%)(6.114m),10.654(26.635%)(0.070m),40.000(100.000%)(3.214m),4196.329,10079.817,56.5,0.0000,"[0.181, -0.685, -0.753, 0.136, -0.499, -0.200]","[0.607, 0.380, 0.994, 0.979, 1.173, 1.028]","[-1.406, -2.967, -4.410, -2.049, -3.147, -2.994]"
12,1,-5.7604,-5.6737,0.308,80,193,17,0,0.978,25,0.00,166,321.86,0,0,77.786(97.233%)(6.191m),46.345(40.893%)(2.823m),19.043(16.802%)(0.000m),12.520(11.047%)(0.000m),8.880(11.100%)(0.000m),40.000(100.000%)(3.214m),11.381(28.453%)(0.148m),4534.329,9076.518,55.9,0.0000,"[-0.699, -0.497, -0.329, -0.805, 0.299, -0.644]","[0.551, 0.757, 1.012, 1.007, 1.189, 0.999]","[-4.254, -3.693, -4.308, -5.522, -1.908, -4.905]"
13,1,-10.3934,-6.0368,0.207,288,691,18,0,0.976,50,0.00,195,1232.81,0,0,36.000(45.000%)(1.714m),49.000(43.235%)(3.107m),37.019(32.664%)(1.823m),18.473(16.300%)(0.000m),11.070(13.837%)(0.000m),40.000(100.000%)(3.214m),10.803(27.007%)(0.086m),2707.410,9570.344,55.6,1.1240,"[-0.190, -0.003, 0.301, -0.222, 0.259, -0.107]","[0.577, 0.995, 1.019, 1.127, 1.223, 1.088]","[-5.224, -4.575, -4.085, -6.546, -3.849, -6.063]"
14,1,-7.6464,-6.1517,0.225,218,540,72,20,0.974,45,0.00,217,930.98,0,0,63.145(78.932%)(4.623m),45.000(39.706%)(2.679m),20.000(17.647%)(0.000m),20.000(17.647%)(0.000m),42.887(53.609%)(2.452m),40.000(100.000%)(3.214m),31.136(77.841%)(2.265m),0.000,6582.824,57.3,0.0000,"[-0.791, -0.459, -0.196, -0.820, -0.453, -0.784]","[1.033, 1.261, 1.155, 1.403, 1.474, 1.371]","[-5.995, -4.965, -4.843, -6.258, -5.788, -6.656]"
15,1,-5.1202,-6.0830,0.209,145,368,17,0,0.972,35,0.00,232,617.77,0,0,61.000(76.250%)(4.393m),83.000(73.236%)(6.750m),40.811(36.010%)(2.230m),19.130(16.879%)(0.000m),11.134(13.918%)(0.000m),40.000(100.000%)(3.214m),10.473(26.184%)(0.051m),2167.718,5915.379,58.7,0.0000,"[-0.716, -0.408, -0.270, -0.832, -0.480, -0.559]","[1.385, 1.277, 1.233, 1.378, 1.681, 1.644]","[-6.750, -4.586, -4.883, -6.777, -5.430, -6.322]"
16,1,-6.4794,-6.1077,0.159,163,416,14,0,0.970,40,0.00,249,698.87,0,0,10.054(12.567%)(0.000m),14.854(13.106%)(0.000m),24.107(21.271%)(0.440m),62.000(54.706%)(4.500m),51.000(63.750%)(3.321m),11.797(29.492%)(0.193m),40.000(100.000%)(3.214m),4555.285,7225.685,59.1,0.0000,"[-0.721, -0.952, -0.850, -0.362, -0.800, -1.128]","[1.169, 1.168, 1.120, 1.285, 1.631, 1.481]","[-5.479, -6.176, -5.946, -5.014, -6.357, -7.004]"
17,1,-6.5244,-6.1323,0.185,122,297,23,0,0.968,30,0.00,262,516.61,0,0,11.504(14.380%)(0.000m),21.347(18.835%)(0.144m),54.402(48.002%)(3.686m),104.000(91.765%)(9.000m),77.067(96.334%)(6.114m),9.927(24.818%)(0.000m),40.000(100.000%)(3.214m),5002.738,8978.647,56.4,0.0000,"[-0.811, -1.409, -1.398, -0.434, -1.125, -1.597]","[1.097, 1.198, 1.110, 1.245, 1.684, 1.368]","[-3.967, -5.288, -5.028, -3.399, -5.224, -5.554]"
18,1,-7.2999,-6.1971,0.154,117,282,19,0,0.967,30,0.00,274,501.17,0,0,10.526(13.157%)(0.000m),16.799(14.823%)(0.000m),30.905(27.269%)(1.168m),97.000(85.588%)(8.250m),77.067(96.334%)(6.114m),10.919(27.298%)(0.098m),40.000(100.000%)(3.214m),4107.244,7802.582,55.7,0.0000,"[-0.525, -0.764, -0.677, -0.187, -0.454, -0.770]","[0.713, 0.847, 1.007, 0.938, 1.238, 1.028]","[-4.354, -5.340, -5.238, -3.850, -5.332, -5.357]"
19,1,-7.0560,-6.2423,0.159,277,710,16,23,0.965,55,0.00,302,1135.21,0,0,26.000(32.500%)(0.643m),47.000(41.471%)(2.893m),35.856(31.637%)(1.699m),17.542(15.478%)(0.000m),10.413(13.016%)(0.000m),22.000(55.000%)(1.286m),10.038(25.094%)(0.004m),2930.608,9054.368,59.4,0.0000,"[-1.997, -1.392, -1.049, -1.983, -1.569, -1.223]","[0.656, 0.791, 0.768, 0.800, 1.141, 0.875]","[-6.754, -5.093, -5.220, -6.446, -5.614, -5.050]"
20,1,-6.8055,-6.2705,0.153,91,219,21,0,0.963,25,0.00,312,380.71,0,0,10.557(13.197%)(0.000m),17.454(15.401%)(0.000m),34.327(30.289%)(1.535m),108.000(95.294%)(9.429m),77.067(96.334%)(6.114m),10.429(26.073%)(0.046m),40.000(100.000%)(3.214m),4532.386,9213.194,55.7,0.0000,"[-0.945, -1.372, -1.455, -0.741, -0.937, -1.584]","[1.059, 1.073, 0.983, 1.151, 1.479, 1.115]","[-4.966, -5.816, -5.928, -4.704, -5.537, -6.175]"
21,1,-6.2738,-6.2706,0.158,167,402,21,0,0.961,40,0.00,329,676.93,0,0,10.660(13.326%)(0.000m),17.959(15.847%)(0.000m),36.709(32.390%)(1.790m),84.000(74.118%)(6.857m),66.000(82.500%)(4.929m),10.277(25.691%)(0.030m),40.000(100.000%)(3.214m),3405.924,8419.584,55.7,0.0000,"[-0.597, -1.036, -1.189, -0.294, -0.640, -1.241]","[0.999, 1.192, 1.135, 1.129, 1.579, 1.233]","[-4.952, -5.711, -5.967, -4.321, -5.265, -6.041]"
22,1,-6.4677,-6.2796,0.175,88,213,18,0,0.959,25,0.00,338,359.46,0,0,78.639(98.299%)(6.283m),112.000(98.824%)(9.857m),25.888(22.843%)(0.631m),15.072(13.299%)(0.000m),9.833(12.291%)(0.000m),40.000(100.000%)(3.214m),10.845(27.113%)(0.091m),4726.689,9677.837,55.9,0.0000,"[-2.448, -1.451, -1.217, -2.269, -1.541, -1.238]","[0.808, 1.065, 0.999, 0.960, 1.432, 1.045]","[-7.374, -5.208, -5.128, -6.720, -5.515, -5.150]"
23,1,-6.3657,-6.2833,0.193,96,231,20,0,0.957,25,0.00,348,409.68,0,0,78.639(98.299%)(6.283m),110.000(97.059%)(9.643m),33.517(29.574%)(1.448m),17.350(15.309%)(0.000m),10.590(13.238%)(0.000m),40.000(100.000%)(3.214m),10.590(26.475%)(0.063m),4710.007,9258.297,55.7,0.0000,"[-1.953, -1.301, -1.006, -1.825, -1.411, -0.987]","[1.041, 1.163, 0.947, 1.275, 1.406, 1.140]","[-6.867, -5.132, -4.705, -6.459, -5.535, -4.858]"
24,1,-6.2780,-6.2831,0.173,102,249,23,0,0.955,30,0.00,359,461.56,0,0,11.574(14.468%)(0.000m),20.979(18.511%)(0.105m),51.059(45.052%)(3.328m),103.000(90.883%)(8.893m),77.067(96.334%)(6.114m),10.238(25.595%)(0.025m),40.000(100.000%)(3.214m),3653.874,8678.909,56.4,2.8578,"[-0.749, -1.076, -1.262, -0.403, -0.733, -1.213]","[0.879, 0.962, 0.938, 0.997, 1.295, 1.135]","[-4.192, -5.226, -5.298, -3.648, -5.022, -5.319]"
25,1,-5.6633,-6.2583,0.172,89,222,20,0,0.953,25,0.00,368,364.57,0,0,11.565(14.456%)(0.000m),21.206(18.711%)(0.129m),53.281(47.013%)(3.566m),113.333(100.000%)(10.000m),77.067(96.334%)(6.114m),10.104(25.259%)(0.011m),40.000(100.000%)(3.214m),3406.205,9047.260,57.6,0.0000,"[-1.123, -1.763, -1.962, -0.664, -1.310, -1.971]","[0.994, 1.178, 1.063, 1.220, 1.652, 1.170]","[-4.054, -5.197, -5.281, -3.443, -4.911, -5.171]"
26,1,-6.1398,-6.2538,0.189,114,281,18,0,0.951,30,0.00,380,496.22,0,0,78.639(98.299%)(6.283m),99.000(87.353%)(8.464m),38.114(33.630%)(1.941m),18.262(16.114%)(0.000m),10.735(13.419%)(0.000m),40.000(100.000%)(3.214m),10.223(25.557%)(0.024m),4012.991,7700.649,57.1,0.0000,"[-1.700, -1.172, -0.717, -1.630, -1.086, -0.723]","[0.875, 1.107, 1.180, 1.042, 1.500, 1.301]","[-6.711, -5.451, -5.063, -6.360, -5.626, -5.256]"
27,1,-6.5546,-6.2649,0.181,142,342,36,0,0.949,35,0.00,395,598.65,0,0,78.639(98.299%)(6.283m),104.000(91.765%)(9.000m),75.052(66.223%)(5.898m),29.102(25.678%)(0.975m),13.660(17.075%)(0.000m),40.000(100.000%)(3.214m),9.599(23.998%)(0.000m),3716.758,10414.395,55.8,0.0000,"[-2.228, -1.394, -0.850, -2.144, -1.384, -0.863]","[1.159, 1.502, 1.494, 1.405, 1.880, 1.578]","[-5.305, -3.998, -3.385, -5.111, -4.178, -3.424]"
28,1,-5.5567,-6.2396,0.226,202,501,42,0,0.947,45,0.00,416,906.29,0,0,8.228(10.285%)(0.000m),10.815(9.543%)(0.000m),15.106(13.328%)(0.000m),28.225(24.905%)(0.881m),41.000(51.250%)(2.250m),12.362(30.906%)(0.253m),40.000(100.000%)(3.214m),1022.910,3807.903,57.4,1.5220,"[-0.631, -0.566, -0.348, -0.462, -0.286, -0.285]","[1.289, 1.631, 1.565, 1.410, 2.016, 1.864]","[-4.734, -5.211, -5.187, -4.324, -5.178, -5.134]"
29,1,-4.1175,-6.1664,0.242,158,438,0,22,0.945,40,0.00,432,660.36,0,0,12.000(15.000%)(0.000m),22.000(19.412%)(0.214m),113.000(99.706%)(9.964m),76.099(67.147%)(6.011m),36.808(46.010%)(1.801m),40.000(100.000%)(3.214m),26.428(66.069%)(1.760m),1832.559,4833.483,64.1,1.1712,"[-0.898, -0.813, -0.640, -0.678, -0.458, -0.782]","[1.414, 1.734, 1.650, 1.640, 2.148, 1.782]","[-2.232, -2.758, -3.281, -2.127, -2.488, -3.474]"
30,1,-5.8629,-6.1563,0.230,84,211,19,0,0.944,25,0.00,441,343.03,0,0,10.358(12.948%)(0.000m),15.640(13.800%)(0.000m),26.228(23.142%)(0.667m),102.925(90.816%)(8.885m),77.067(96.334%)(6.114m),11.710(29.275%)(0.183m),40.000(100.000%)(3.214m),3107.951,6935.833,58.2,0.0000,"[-0.241, -0.500, -0.684, 0.240, -0.210, -0.824]","[1.414, 1.670, 1.668, 1.638, 1.991, 1.818]","[-5.000, -5.713, -5.785, -4.087, -5.530, -6.032]"
31,1,-7.5087,-6.2000,0.236,132,318,18,0,0.942,35,0.00,455,562.32,0,0,78.639(98.299%)(6.283m),93.000(82.059%)(7.821m),31.146(27.482%)(1.194m),16.669(14.708%)(0.000m),10.355(12.944%)(0.000m),40.000(100.000%)(3.214m),10.612(26.529%)(0.066m),3868.382,8469.213,55.8,0.0000,"[-1.033, -0.386, 0.026, -0.971, -0.354, 0.266]","[1.512, 1.758, 1.693, 1.744, 2.048, 1.835]","[-6.605, -5.211, -4.681, -6.291, -5.293, -4.304]"
32,1,-4.2806,-6.1400,0.237,243,614,23,0,0.940,50,0.00,480,1092.74,0,0,11.584(14.481%)(0.000m),21.759(19.199%)(0.188m),57.258(50.522%)(3.992m),64.000(56.471%)(4.714m),33.000(41.250%)(1.393m),9.873(24.682%)(0.000m),32.000(80.000%)(2.357m),1737.784,5609.687,58.5,1.1673,"[0.128, -0.170, -0.600, 0.507, -0.070, -0.417]","[1.677, 1.919, 1.594, 1.895, 2.125, 1.828]","[-3.311, -4.542, -5.323, -2.697, -4.630, -4.869]"
33,1,-3.3687,-6.0560,0.229,197,496,12,19,0.938,45,0.00,500,877.09,0,0,72.007(90.009%)(5.572m),21.000(18.529%)(0.107m),20.000(17.647%)(0.000m),113.051(99.751%)(9.970m),54.681(68.352%)(3.716m),40.000(100.000%)(3.214m),39.886(99.714%)(3.202m),0.000,2652.065,58.3,0.8585,"[-0.265, -0.258, -0.114, -0.139, 0.096, -0.133]","[1.541, 1.758, 1.821, 1.748, 2.239, 2.074]","[-5.971, -5.535, -5.065, -5.796, -5.275, -5.172]"
34,1,-7.9769,-6.1125,0.278,233,602,44,36,0.936,50,0.00,524,957.65,0,0,10.949(13.687%)(0.000m),18.446(16.276%)(0.000m),37.703(33.268%)(1.897m),31.000(27.353%)(1.179m),24.000(30.000%)(0.429m),10.555(26.387%)(0.059m),26.000(65.000%)(1.714m),183.168,4151.478,59.8,1.4468,"[-1.041, -0.988, -0.868, -0.829, -0.819, -0.783]","[1.657, 1.816, 1.811, 1.692, 2.237, 2.132]","[-4.371, -5.618, -6.186, -4.142, -5.687, -5.933]"
35,1,-6.6218,-6.1270,0.272,238,581,0,17,0.934,50,0.00,548,1005.75,0,0,24.000(30.000%)(0.429m),22.000(19.412%)(0.214m),113.333(100.000%)(10.000m),59.705(52.681%)(4.254m),28.868(36.085%)(0.950m),40.000(100.000%)(3.214m),20.676(51.691%)(1.144m),2993.661,8922.521,56.5,1.3261,"[-0.306, 0.109, 0.291, -0.197, 0.183, 0.263]","[1.530, 1.740, 1.664, 1.825, 2.005, 1.833]","[-2.103, -1.470, -2.473, -2.198, -1.353, -2.328]"
36,1,-5.8995,-6.1207,0.306,216,527,38,0,0.932,45,0.00,570,930.34,0,0,41.000(51.250%)(2.250m),44.000(38.824%)(2.571m),19.898(17.557%)(0.000m),13.083(11.544%)(0.000m),9.279(11.598%)(0.000m),40.000(100.000%)(3.214m),11.893(29.732%)(0.203m),1013.354,4256.795,56.4,0.9533,"[-0.477, -0.178, -0.101, -0.190, 0.134, 0.075]","[1.586, 1.508, 1.322, 1.791, 1.878, 1.703]","[-6.826, -5.344, -5.001, -6.134, -5.164, -5.413]"
37,1,-4.3199,-6.0721,0.357,160,411,19,0,0.930,40,0.00,586,710.04,0,0,10.941(13.677%)(0.000m),17.925(15.817%)(0.000m),34.629(30.555%)(1.567m),67.000(59.118%)(5.036m),48.000(60.000%)(3.000m),10.941(27.354%)(0.101m),40.000(100.000%)(3.214m),1788.549,5321.932,59.4,0.9838,"[0.450, 0.226, -0.164, 0.797, 0.461, 0.045]","[1.887, 2.187, 1.901, 2.246, 2.511, 2.254]","[-5.255, -5.872, -6.185, -4.366, -5.977, -6.184]"
38,1,-7.1704,-6.1010,0.325,103,248,24,0,0.929,30,0.00,597,442.45,0,0,11.954(14.942%)(0.000m),22.453(19.811%)(0.263m),57.457(50.698%)(4.013m),109.000(96.177%)(9.536m),76.230(95.288%)(6.025m),10.187(25.469%)(0.020m),40.000(100.000%)(3.214m),4671.215,9398.179,55.8,1.0898,"[0.175, -0.386, -0.966, 0.761, 0.174, -0.586]","[2.005, 2.141, 2.193, 2.204, 2.653, 2.726]","[-3.912, -4.777, -5.723, -2.794, -4.662, -5.328]"
39,1,-5.0566,-6.0742,0.323,175,431,23,0,0.927,40,0.00,615,888.29,0,0,57.000(71.250%)(3.964m),62.000(54.706%)(4.500m),24.360(21.494%)(0.467m),14.525(12.817%)(0.000m),9.620(12.025%)(0.000m),40.000(100.000%)(3.214m),10.876(27.190%)(0.094m),1593.897,4907.419,56.9,1.0457,"[0.035, 0.526, 0.662, 0.388, 0.814, 0.939]","[2.242, 2.418, 2.237, 2.464, 3.012, 2.699]","[-7.540, -5.643, -5.092, -6.443, -5.584, -5.114]"
40,1,-9.0484,-6.1485,0.323,209,523,56,22,0.925,45,0.00,636,852.32,0,0,23.000(28.750%)(0.321m),21.000(18.529%)(0.107m),29.000(25.588%)(0.964m),62.876(55.479%)(4.594m),33.163(41.453%)(1.410m),40.000(100.000%)(3.214m),23.833(59.583%)(1.482m),0.000,5377.601,57.9,1.0402,"[-1.050, -0.643, -0.349, -0.726, -0.379, -0.357]","[2.312, 2.596, 2.470, 2.579, 3.055, 2.965]","[-4.844, -4.215, -3.787, -4.299, -4.118, -4.263]"
41,1,-6.9889,-6.1690,0.443,84,205,19,0,0.923,25,0.00,645,359.39,0,0,78.639(98.299%)(6.283m),110.000(97.059%)(9.643m),29.103(25.679%)(0.975m),16.512(14.570%)(0.000m),10.605(13.256%)(0.000m),40.000(100.000%)(3.214m),11.413(28.532%)(0.151m),5046.846,8043.000,56.4,0.0000,"[-1.128, -0.204, 0.320, -0.883, -0.213, 0.352]","[2.504, 2.608, 2.551, 2.556, 2.955, 2.912]","[-7.679, -5.823, -5.241, -6.598, -5.861, -5.858]"
42,1,-5.0207,-6.1417,0.306,175,443,17,0,0.921,40,0.00,663,760.81,0,0,46.000(57.500%)(2.786m),58.000(51.177%)(4.071m),34.114(30.101%)(1.512m),17.659(15.581%)(0.000m),10.779(13.473%)(0.000m),40.000(100.000%)(3.214m),10.779(26.947%)(0.083m),2027.741,7199.828,58.6,2.1218,"[-0.039, 0.643, 0.884, 0.306, 0.789, 0.884]","[2.465, 2.907, 2.754, 2.717, 3.219, 3.272]","[-7.093, -5.387, -4.702, -6.364, -5.576, -5.255]"
43,1,-3.8611,-6.0887,0.397,180,487,15,5,0.919,45,0.00,681,863.52,0,0,31.000(38.750%)(1.179m),58.000(51.177%)(4.071m),32.456(28.638%)(1.335m),16.800(14.824%)(0.000m),10.255(12.818%)(0.000m),40.000(100.000%)(3.214m),10.255(25.637%)(0.027m),1386.471,4155.724,62.6,1.3635,"[0.227, 0.506, 0.643, 0.282, 0.703, 0.979]","[2.671, 2.934, 2.717, 2.876, 3.248, 3.190]","[-7.062, -6.462, -5.700, -7.140, -6.131, -5.859]"
44,1,-4.4610,-6.0517,0.356,204,498,25,0,0.918,45,0.00,702,884.65,0,0,8.324(10.405%)(0.000m),10.824(9.551%)(0.000m),14.939(13.181%)(0.000m),27.076(23.891%)(0.758m),45.000(56.250%)(2.679m),12.858(32.145%)(0.306m),40.000(100.000%)(3.214m),1197.088,4305.688,56.5,1.0836,"[0.685, 1.027, 1.103, 0.927, 1.254, 1.195]","[2.947, 3.133, 3.103, 3.191, 3.553, 3.267]","[-5.545, -5.187, -5.603, -5.203, -5.531, -5.201]"
45,1,-6.1676,-6.0542,0.253,63,154,19,0,0.916,20,0.00,709,289.89,0,0,78.639(98.299%)(6.283m),44.328(39.113%)(2.607m),19.806(17.476%)(0.000m),13.337(11.768%)(0.000m),9.637(12.046%)(0.000m),40.000(100.000%)(3.214m),12.839(32.097%)(0.304m),4196.329,8886.533,56.6,0.0000,"[-1.468, -0.460, 0.008, -1.392, -0.683, -0.030]","[2.906, 3.313, 2.855, 3.286, 3.334, 3.108]","[-6.309, -5.122, -4.436, -6.380, -5.297, -4.797]"
46,1,-5.0293,-6.0320,0.318,79,211,17,0,0.914,25,0.00,717,333.36,0,0,9.481(11.851%)(0.000m),14.314(12.630%)(0.000m),24.006(21.181%)(0.429m),94.203(83.121%)(7.950m),77.067(96.334%)(6.114m),10.718(26.795%)(0.077m),40.000(100.000%)(3.214m),2519.268,5530.512,61.8,0.0000,"[0.398, -0.095, -0.798, 0.645, 0.167, -0.387]","[2.642, 3.072, 3.023, 2.843, 3.270, 3.310]","[-5.519, -6.077, -6.666, -5.279, -6.615, -6.101]"
47,1,-4.1504,-5.9919,0.284,236,611,37,35,0.912,50,0.00,741,955.19,0,0,20.241(25.301%)(0.026m),42.294(37.318%)(2.389m),108.000(95.294%)(9.429m),19.000(16.765%)(0.000m),11.000(13.750%)(0.000m),14.312(35.781%)(0.462m),11.000(27.500%)(0.107m),3122.486,7054.189,59.9,1.0285,"[0.528, 0.237, -0.541, 0.920, 0.580, -0.136]","[2.980, 3.067, 2.857, 3.290, 3.538, 3.219]","[-3.531, -2.314, -3.822, -3.472, -2.307, -3.287]"
48,1,-4.3429,-5.9576,0.306,168,411,19,0,0.910,40,0.00,758,717.48,0,0,62.000(77.500%)(4.500m),79.000(69.706%)(6.321m),34.844(30.745%)(1.590m),17.387(15.342%)(0.000m),10.420(13.024%)(0.000m),40.000(100.000%)(3.214m),10.168(25.420%)(0.018m),2969.253,7118.583,56.6,1.7208,"[-0.244, 0.386, 0.891, -0.031, 0.549, 0.969]","[2.338, 2.690, 2.445, 2.672, 2.934, 2.773]","[-6.403, -5.692, -4.894, -6.141, -5.224, -5.096]"
49,1,-7.1593,-5.9821,0.288,214,532,16,21,0.908,45,0.00,780,904.50,0,0,23.662(29.578%)(0.392m),49.141(43.360%)(3.122m),20.000(17.647%)(0.000m),22.000(19.412%)(0.214m),77.067(96.334%)(6.114m),16.811(42.026%)(0.730m),40.000(100.000%)(3.214m),0.000,8922.326,57.6,1.1964,"[0.361, 0.087, -0.679, 0.834, 0.588, -0.259]","[2.373, 2.598, 2.439, 2.527, 3.028, 2.795]","[-4.169, -2.864, -3.305, -3.985, -3.030, -2.747]"
50,1,-5.1662,-5.9658,0.259,117,287,13,0,0.907,30,0.00,792,491.09,0,0,12.303(15.379%)(0.000m),24.350(21.485%)(0.466m),63.601(56.119%)(4.672m),99.000(87.353%)(8.464m),76.230(95.288%)(6.025m),9.972(24.930%)(0.000m),40.000(100.000%)(3.214m),3645.816,7857.549,56.8,1.1119,"[0.455, 0.091, -0.710, 0.929, 0.596, -0.355]","[1.891, 2.266, 2.151, 2.260, 2.544, 2.473]","[-3.708, -4.357, -5.314, -3.071, -4.031, -4.879]"
51,1,-6.0710,-6.0039,0.286,156,392,16,0,0.905,40,0.00,808,664.58,0,0,58.000(72.500%)(4.071m),76.000(67.059%)(6.000m),51.094(45.083%)(3.332m),20.994(18.524%)(0.106m),11.582(14.478%)(0.000m),40.000(100.000%)(3.214m),10.245(25.612%)(0.026m),3418.995,7114.970,58.1,0.0000,"[-0.467, 0.085, 0.750, -0.568, 0.127, 0.682]","[2.347, 2.677, 2.753, 2.288, 2.883, 2.931]","[-6.157, -5.455, -4.624, -6.099, -5.179, -4.917]"
52,1,-4.0611,-5.9970,0.311,206,507,15,0,0.903,45,0.00,829,881.44,0,0,11.068(13.834%)(0.000m),18.827(16.612%)(0.000m),39.293(34.670%)(2.067m),61.000(53.824%)(4.393m),49.000(61.250%)(3.107m),10.539(26.348%)(0.058m),40.000(100.000%)(3.214m),1816.271,4859.061,56.9,1.1140,"[0.700, 0.825, 0.648, 1.031, 1.181, 0.939]","[2.133, 2.595, 2.460, 2.430, 2.938, 2.734]","[-4.794, -5.174, -5.781, -3.954, -5.283, -5.236]"
53,1,-8.0721,-6.0608,0.300,224,563,63,23,0.901,45,0.00,852,936.41,0,0,10.934(13.667%)(0.000m),17.913(15.805%)(0.000m),34.605(30.534%)(1.565m),30.000(26.471%)(1.071m),26.000(32.500%)(0.643m),10.934(27.334%)(0.100m),39.940(99.849%)(3.208m),300.464,3449.617,58.1,0.0000,"[-0.813, -0.536, -0.275, -0.584, -0.271, -0.230]","[2.366, 2.730, 2.397, 2.728, 2.965, 2.756]","[-5.616, -5.947, -6.571, -4.747, -6.089, -6.385]"
54,1,-8.0593,-6.1052,0.334,171,420,18,0,0.899,40,0.00,870,698.37,0,0,10.668(13.335%)(0.000m),17.637(15.562%)(0.000m),34.687(30.606%)(1.574m),80.000(70.588%)(6.429m),43.834(54.793%)(2.554m),10.538(26.346%)(0.058m),31.907(79.767%)(2.347m),2075.251,7718.900,56.8,1.1008,"[0.237, 0.233, 0.048, 0.507, 0.422, 0.107]","[2.686, 2.924, 2.555, 2.915, 3.170, 2.926]","[-5.336, -5.947, -6.410, -4.975, -6.400, -6.518]"
55,1,-7.1242,-6.1277,0.286,193,492,49,18,0.898,45,0.00,890,835.75,0,0,22.000(27.500%)(0.214m),20.000(17.647%)(0.000m),23.000(20.294%)(0.321m),38.000(33.530%)(1.929m),55.729(69.661%)(3.828m),27.133(67.832%)(1.836m),40.000(100.000%)(3.214m),0.000,5577.067,59.0,1.3165,"[0.189, 0.174, -0.173, 0.349, 0.385, 0.173]","[2.352, 2.503, 2.273, 2.407, 2.758, 2.740]","[-5.511, -5.996, -6.014, -5.258, -5.758, -5.780]"
56,1,-4.8494,-6.1359,0.398,95,242,23,0,0.896,30,0.00,900,398.55,0,0,78.639(98.299%)(6.283m),113.000(99.706%)(9.964m),79.396(70.056%)(6.364m),28.538(25.181%)(0.915m),13.245(16.557%)(0.000m),40.000(100.000%)(3.214m),9.686(24.214%)(0.000m),3061.207,7667.975,59.0,0.9764,"[-1.688, -0.812, 0.050, -1.925, -0.904, 0.167]","[2.402, 2.852, 2.648, 2.504, 3.187, 2.928]","[-4.495, -3.623, -2.459, -4.847, -3.870, -2.351]"
57,1,-3.9856,-6.0580,0.362,142,361,15,0,0.894,35,0.00,915,627.68,0,0,61.000(76.250%)(4.393m),84.000(74.118%)(6.857m),71.349(62.955%)(5.502m),24.674(21.771%)(0.501m),12.292(15.365%)(0.000m),40.000(100.000%)(3.214m),9.838(24.595%)(0.000m),2240.351,5486.276,58.9,1.0659,"[0.123, 0.720, 1.078, -0.024, 0.747, 1.289]","[3.036, 3.280, 2.842, 3.189, 3.506, 3.262]","[-4.903, -3.969, -3.001, -5.386, -4.131, -2.805]"
58,1,-3.5384,-6.0079,0.387,157,394,17,0,0.892,40,0.00,931,666.10,0,0,56.000(70.000%)(3.857m),35.376(31.214%)(1.647m),17.307(15.271%)(0.000m),11.997(10.586%)(0.000m),8.876(11.095%)(0.000m),40.000(100.000%)(3.214m),12.463(31.158%)(0.264m),1784.082,4993.071,58.1,1.3450,"[0.414, 0.898, 1.176, 0.481, 1.108, 1.144]","[2.885, 3.252, 3.017, 3.186, 3.675, 3.007]","[-5.509, -4.968, -4.086, -6.015, -5.073, -4.173]"
59,1,-6.5667,-5.9951,0.355,257,624,70,27,0.890,50,0.00,957,1159.88,0,0,26.000(32.500%)(0.643m),29.000(25.588%)(0.964m),20.584(18.162%)(0.063m),13.533(11.941%)(0.000m),9.598(11.998%)(0.000m),40.000(100.000%)(3.214m),12.302(30.755%)(0.247m),220.598,3735.756,56.2,1.0517,"[0.200, 0.525, 0.881, 0.311, 0.710, 0.849]","[2.945, 3.298, 3.133, 3.175, 3.546, 3.399]","[-5.843, -5.030, -4.221, -6.004, -5.427, -4.261]"
60,1,-4.5095,-5.9883,0.371,171,422,17,0,0.889,40,0.00,975,744.10,0,0,9.593(11.991%)(0.000m),13.526(11.934%)(0.000m),20.572(18.152%)(0.061m),50.067(44.177%)(3.222m),56.000(70.000%)(3.857m),12.295(30.738%)(0.246m),40.000(100.000%)(3.214m),1594.190,4804.774,57.1,1.2242,"[1.281, 1.191, 1.111, 1.501, 1.457, 1.259]","[3.011, 3.257, 3.288, 3.392, 3.564, 3.583]","[-5.205, -5.835, -6.494, -4.859, -6.907, -6.213]"
61,1,-7.1948,-5.9999,0.349,97,232,22,0,0.887,25,0.00,985,401.44,0,0,78.639(98.299%)(6.283m),109.000(96.177%)(9.536m),43.148(38.072%)(2.480m),19.279(17.011%)(0.000m),10.992(13.740%)(0.000m),40.000(100.000%)(3.214m),10.089(25.223%)(0.010m),4961.416,9905.142,55.4,0.0000,"[-0.976, -0.116, 0.571, -1.035, 0.023, 0.550]","[2.683, 2.766, 2.666, 2.853, 3.461, 2.831]","[-6.004, -5.159, -4.323, -6.155, -5.373, -4.469]"
62,1,-3.1107,-5.9469,0.349,192,508,0,19,0.885,45,0.00,1005,900.58,0,0,12.000(15.000%)(0.000m),22.000(19.412%)(0.214m),112.000(98.824%)(9.857m),60.712(53.569%)(4.362m),29.280(36.600%)(0.994m),40.000(100.000%)(3.214m),20.845(52.112%)(1.162m),2062.637,4623.110,61.2,0.8912,"[0.643, 0.942, 0.965, 0.681, 1.066, 1.132]","[2.707, 3.148, 2.976, 2.953, 3.449, 3.228]","[-2.211, -2.876, -5.161, -2.489, -3.037, -4.017]"
63,1,-5.3549,-5.8462,0.371,155,379,18,0,0.883,35,0.00,1021,654.23,0,0,67.000(83.750%)(5.036m),81.000(71.471%)(6.536m),39.703(35.032%)(2.111m),18.611(16.421%)(0.000m),10.832(13.540%)(0.000m),40.000(100.000%)(3.214m),10.189(25.473%)(0.020m),3236.605,7848.993,56.5,1.1062,"[0.330, 0.837, 1.330, 0.150, 0.971, 1.166]","[2.750, 2.860, 3.183, 2.718, 3.255, 3.004]","[-6.171, -5.598, -4.980, -6.678, -5.459, -4.687]"
64,1,-4.9179,-5.7916,0.354,236,608,23,29,0.882,50,0.00,1045,1036.86,0,0,10.412(13.015%)(0.000m),17.058(15.051%)(0.000m),32.954(29.077%)(1.388m),40.000(35.294%)(2.143m),26.000(32.500%)(0.643m),10.412(26.030%)(0.044m),25.000(62.500%)(1.607m),466.250,3611.185,59.6,4.1797,"[0.775, 0.864, 0.664, 1.002, 1.104, 0.779]","[2.659, 3.174, 2.958, 2.974, 3.299, 3.187]","[-4.921, -5.319, -6.330, -5.309, -6.465, -5.910]"
65,1,-3.7907,-5.7650,0.319,177,458,45,25,0.880,40,0.00,1063,767.39,0,0,51.076(63.845%)(3.330m),93.306(82.329%)(7.854m),34.000(30.000%)(1.500m),22.000(19.412%)(0.214m),25.000(31.250%)(0.536m),38.141(95.352%)(3.015m),40.000(100.000%)(3.214m),0.000,2022.722,59.9,1.2209,"[-0.135, 0.260, 0.682, -0.123, 0.296, 0.632]","[2.767, 3.246, 3.171, 3.138, 3.616, 3.346]","[-4.535, -3.112, -2.058, -4.872, -3.364, -2.086]"
66,1,-5.8561,-5.7525,0.340,128,310,22,0,0.878,30,0.00,1076,571.97,0,0,11.207(14.009%)(0.000m),19.868(17.530%)(0.000m),45.645(40.275%)(2.748m),92.000(81.177%)(7.714m),76.230(95.288%)(6.025m),10.161(25.402%)(0.017m),40.000(100.000%)(3.214m),3685.613,7876.004,56.0,3.2884,"[0.702, 0.492, 0.031, 1.132, 0.761, 0.040]","[2.374, 2.864, 2.741, 2.747, 3.198, 2.982]","[-4.821, -5.294, -5.759, -4.630, -6.460, -6.009]"
67,1,-6.1307,-5.7447,0.322,228,564,12,21,0.876,45,0.00,1099,955.14,0,0,23.000(28.750%)(0.321m),22.000(19.412%)(0.214m),94.000(82.941%)(7.929m),44.865(39.587%)(2.664m),22.491(28.114%)(0.267m),40.000(100.000%)(3.214m),15.973(39.931%)(0.640m),2551.684,7577.870,57.3,1.2854,"[0.058, 0.365, 0.618, 0.036, 0.580, 0.704]","[2.666, 2.864, 2.623, 2.976, 3.449, 2.843]","[-3.007, -4.098, -5.310, -3.298, -3.780, -5.381]"
68,1,-4.5456,-5.6896,0.344,234,570,73,25,0.874,45,0.00,1123,1010.50,0,0,43.960(54.950%)(2.567m),44.000(38.824%)(2.571m),28.000(24.706%)(0.857m),24.000(21.177%)(0.429m),22.000(27.500%)(0.214m),40.000(100.000%)(3.214m),40.000(100.000%)(3.214m),0.000,2736.540,56.4,1.4396,"[0.743, 1.096, 1.442, 0.858, 1.179, 1.433]","[2.818, 3.381, 3.214, 3.128, 3.584, 3.416]","[-4.428, -3.188, -2.147, -4.554, -3.238, -2.053]"
69,1,-6.3784,-5.6760,0.296,101,248,21,0,0.873,30,0.00,1134,426.71,0,0,77.786(97.233%)(6.191m),100.000(88.236%)(8.571m),31.579(27.864%)(1.241m),16.628(14.671%)(0.000m),10.240(12.800%)(0.000m),40.000(100.000%)(3.214m),10.366(25.915%)(0.039m),4034.426,7925.108,56.9,0.8397,"[-0.552, 0.264, 0.786, -0.503, 0.297, 0.798]","[2.771, 3.294, 3.217, 3.013, 3.531, 3.318]","[-6.213, -5.780, -5.187, -6.418, -5.749, -4.986]"
70,1,-5.8667,-5.6573,0.334,231,566,42,18,0.871,45,0.00,1158,974.69,0,0,20.614(25.767%)(0.066m),41.724(36.815%)(2.328m),38.000(33.530%)(1.929m),22.000(19.412%)(0.214m),31.000(38.750%)(1.179m),14.587(36.467%)(0.491m),40.000(100.000%)(3.214m),0.000,7111.455,56.7,1.1226,"[1.304, 1.042, 0.451, 1.580, 1.417, 0.466]","[3.059, 3.349, 3.094, 3.264, 3.589, 3.277]","[-5.954, -5.484, -4.719, -5.986, -5.258, -4.631]"
71,1,-3.6001,-5.6038,0.382,196,495,45,19,0.869,45,0.00,1178,887.15,0,0,43.335(54.169%)(2.500m),75.136(66.297%)(5.907m),33.000(29.118%)(1.393m),26.000(22.941%)(0.643m),22.000(27.500%)(0.214m),40.000(100.000%)(3.214m),40.000(100.000%)(3.214m),0.000,2887.824,58.5,1.3095,"[1.017, 1.228, 1.482, 1.212, 1.494, 1.359]","[3.240, 3.568, 3.158, 3.631, 3.879, 3.326]","[-3.975, -3.121, -2.096, -4.187, -3.015, -2.435]"
72,1,-8.5724,-5.6459,0.443,232,575,56,18,0.867,45,0.00,1202,984.95,0,0,21.000(26.250%)(0.107m),20.000(17.647%)(0.000m),23.000(20.294%)(0.321m),29.000(25.588%)(0.964m),52.181(65.227%)(3.448m),15.551(38.877%)(0.595m),40.000(100.000%)(3.214m),0.000,6209.213,57.4,1.5349,"[0.916, 0.686, 0.480, 1.097, 1.021, 0.288]","[2.956, 3.089, 3.160, 2.976, 3.497, 3.155]","[-5.787, -6.405, -6.367, -5.717, -6.401, -6.255]"
73,1,-4.6219,-5.6110,0.389,179,460,19,0,0.866,40,0.00,1220,760.19,0,0,39.000(48.750%)(2.036m),50.000(44.118%)(3.214m),32.362(28.555%)(1.325m),17.040(15.035%)(0.000m),10.494(13.118%)(0.000m),40.000(100.000%)(3.214m),10.623(26.558%)(0.067m),686.628,4023.239,59.5,1.4374,"[0.315, 0.763, 1.060, 0.425, 0.936, 1.112]","[2.835, 3.360, 3.016, 3.016, 3.545, 3.424]","[-6.122, -6.150, -5.263, -6.071, -5.902, -5.011]"
74,1,-4.7763,-5.5810,0.348,209,563,18,16,0.864,50,0.00,1241,900.23,0,0,12.525(15.656%)(0.000m),25.895(22.849%)(0.632m),62.000(54.706%)(4.500m),45.000(39.706%)(2.679m),27.000(33.750%)(0.750m),9.772(24.430%)(0.000m),30.000(75.000%)(2.143m),337.149,3620.347,62.3,1.3370,"[0.614, 0.649, 0.592, 0.692, 0.698, 0.589]","[2.697, 3.241, 3.285, 2.791, 3.538, 3.151]","[-3.080, -3.789, -5.215, -2.683, -4.903, -5.073]"
75,1,-5.7394,-5.5825,0.371,83,210,22,0,0.862,25,0.00,1250,362.90,0,0,10.969(13.711%)(0.000m),18.479(16.305%)(0.000m),37.771(33.327%)(1.904m),110.000(97.059%)(9.643m),77.067(96.334%)(6.114m),10.574(26.435%)(0.061m),40.000(100.000%)(3.214m),3909.372,6783.341,58.6,1.1948,"[0.682, 0.253, -0.356, 0.990, 0.452, -0.523]","[3.130, 3.483, 3.343, 3.170, 3.936, 3.406]","[-5.559, -5.691, -6.299, -5.076, -6.988, -6.044]"
76,1,-5.1971,-5.5636,0.410,135,331,19,0,0.861,35,0.00,1264,594.99,0,0,11.142(13.927%)(0.000m),19.143(16.891%)(0.000m),40.840(36.036%)(2.233m),92.000(81.177%)(7.714m),75.000(93.750%)(5.893m),10.481(26.202%)(0.052m),40.000(100.000%)(3.214m),3466.536,7958.406,56.8,0.8886,"[1.698, 1.228, 0.456, 2.154, 1.514, 0.282]","[3.433, 3.636, 3.361, 3.660, 4.151, 3.396]","[-5.076, -5.300, -5.733, -4.729, -6.333, -5.624]"
77,1,-5.6067,-5.5447,0.402,333,835,45,111,0.859,60,0.00,1298,1394.02,0,0,25.822(32.277%)(0.624m),51.491(45.434%)(3.374m),75.000(66.177%)(5.893m),59.000(52.059%)(4.179m),20.000(25.000%)(0.000m),18.354(45.884%)(0.895m),14.000(35.000%)(0.429m),1064.703,5630.884,58.0,1.1147,"[2.010, 2.068, 1.662, 2.229, 2.405, 1.557]","[4.141, 4.049, 3.435, 4.451, 4.354, 3.611]","[-1.178, -0.987, -1.721, -1.059, -0.400, -2.192]"
78,1,-5.0652,-5.5348,0.473,158,425,42,10,0.857,40,0.00,1314,658.80,0,0,20.158(25.197%)(0.017m),41.550(36.662%)(2.309m),57.000(50.294%)(3.964m),21.000(18.529%)(0.107m),27.000(33.750%)(0.750m),14.237(35.591%)(0.454m),40.000(100.000%)(3.214m),0.000,6454.982,62.2,1.0661,"[1.186, 0.588, -0.410, 1.370, 0.750, -0.790]","[3.053, 3.426, 3.307, 3.101, 3.647, 3.271]","[-5.825, -6.006, -5.161, -6.089, -5.510, -5.250]"
79,1,-7.2814,-5.5981,0.469,191,472,17,0,0.855,40,0.00,1334,781.30,0,0,9.748(12.186%)(0.000m),14.611(12.892%)(0.000m),24.228(21.377%)(0.453m),56.000(49.412%)(3.857m),46.000(57.500%)(2.786m),11.158(27.895%)(0.124m),40.000(100.000%)(3.214m),3515.189,7889.616,57.2,1.3516,"[1.487, 1.181, 0.865, 1.747, 1.431, 0.637]","[3.498, 3.600, 3.412, 3.625, 3.743, 3.410]","[-5.714, -6.185, -6.620, -5.470, -6.724, -6.391]"
80,1,-5.8332,-5.5975,0.443,160,405,18,0,0.854,40,0.00,1350,680.34,0,0,11.181(13.976%)(0.000m),20.266(17.882%)(0.029m),49.324(43.521%)(3.142m),71.000(62.647%)(5.464m),54.000(67.500%)(3.643m),9.890(24.725%)(0.000m),40.000(100.000%)(3.214m),2390.372,7279.643,58.6,1.0622,"[1.431, 0.956, 0.324, 1.574, 1.264, 0.382]","[3.179, 3.211, 3.123, 3.486, 3.460, 3.348]","[-4.568, -5.448, -6.146, -4.768, -6.207, -5.722]"
81,1,-6.6612,-5.5806,0.455,83,201,19,0,0.852,25,0.00,1359,351.32,0,0,78.639(98.299%)(6.283m),111.000(97.941%)(9.750m),27.507(24.271%)(0.804m),15.814(13.953%)(0.000m),10.237(12.796%)(0.000m),40.000(100.000%)(3.214m),11.153(27.882%)(0.124m),4405.583,9094.964,55.9,0.0000,"[-0.370, -0.002, 0.541, -0.681, 0.097, 0.928]","[3.264, 3.033, 2.861, 3.179, 3.360, 3.105]","[-5.497, -5.835, -5.443, -5.892, -5.689, -4.837]"
82,1,-5.6054,-5.6071,0.482,172,461,0,22,0.850,45,0.00,1377,737.80,0,0,37.859(47.324%)(1.913m),76.904(67.856%)(6.097m),113.333(100.000%)(10.000m),21.000(18.529%)(0.107m),12.000(15.000%)(0.000m),27.260(68.151%)(1.849m),40.000(100.000%)(3.214m),3093.031,6020.995,62.0,1.1625,"[1.119, 1.296, 1.121, 1.348, 1.524, 1.125]","[3.031, 3.071, 3.174, 3.288, 3.342, 3.253]","[-4.928, -3.504, -2.565, -5.250, -3.694, -2.074]"
83,1,-3.3406,-5.6065,0.536,181,467,15,0,0.849,40,0.00,1396,766.60,0,0,39.000(48.750%)(2.036m),51.000(45.000%)(3.321m),24.969(22.031%)(0.532m),14.715(12.984%)(0.000m),9.673(12.091%)(0.000m),40.000(100.000%)(3.214m),10.801(27.004%)(0.086m),1228.925,4135.710,59.7,1.2717,"[0.724, 1.021, 1.326, 0.783, 1.256, 1.407]","[2.877, 3.394, 3.452, 3.132, 3.792, 3.702]","[-6.032, -6.222, -5.840, -6.366, -6.395, -5.151]"
84,1,-4.7750,-5.5425,0.407,124,321,14,0,0.847,35,0.00,1409,544.46,0,0,10.519(13.149%)(0.000m),16.379(14.452%)(0.000m),28.868(25.472%)(0.950m),79.000(69.706%)(6.321m),66.000(82.500%)(4.929m),11.321(28.301%)(0.141m),40.000(100.000%)(3.214m),2508.903,5260.926,60.0,0.9908,"[1.514, 1.242, 0.735, 1.672, 1.453, 0.741]","[2.962, 3.151, 3.153, 3.137, 3.618, 3.104]","[-5.560, -5.983, -6.878, -5.730, -7.215, -5.855]"
85,1,-6.1594,-5.5332,0.446,197,497,36,20,0.845,45,0.00,1429,859.40,0,0,43.237(54.046%)(2.490m),20.000(17.647%)(0.000m),20.000(17.647%)(0.000m),21.000(18.529%)(0.107m),70.992(88.740%)(5.463m),31.379(78.447%)(2.291m),40.000(100.000%)(3.214m),0.000,4674.106,58.4,2.4530,"[0.287, 0.431, 0.656, 0.326, 0.533, 0.649]","[2.981, 3.443, 3.134, 3.190, 3.574, 3.246]","[-3.399, -3.453, -2.986, -3.672, -3.286, -2.932]"
86,1,-5.8555,-5.5323,0.429,143,357,14,0,0.844,35,0.00,1444,620.57,0,0,9.919(12.399%)(0.000m),14.655(12.931%)(0.000m),23.785(20.987%)(0.406m),77.006(67.947%)(6.108m),67.000(83.750%)(5.036m),11.639(29.098%)(0.176m),40.000(100.000%)(3.214m),2501.063,5379.347,57.7,0.8925,"[1.274, 0.832, 0.490, 1.432, 1.206, 0.439]","[2.686, 2.644, 2.639, 2.891, 3.068, 2.639]","[-5.515, -6.135, -6.535, -5.703, -6.774, -6.074]"
87,1,-3.7744,-5.5214,0.474,154,382,18,0,0.842,35,0.00,1460,672.21,0,0,63.000(78.750%)(4.607m),74.000(65.294%)(5.786m),30.398(26.822%)(1.114m),16.771(14.798%)(0.000m),10.597(13.246%)(0.000m),40.000(100.000%)(3.214m),11.128(27.821%)(0.121m),2638.621,5817.365,57.4,1.0890,"[0.498, 0.971, 1.244, 0.516, 1.136, 1.338]","[2.647, 3.080, 2.861, 2.751, 3.308, 3.024]","[-5.602, -5.924, -5.088, -5.771, -5.586, -4.869]"
88,1,-4.9166,-5.4764,0.490,164,407,18,0,0.840,40,0.00,1477,721.72,0,0,11.614(14.518%)(0.000m),22.090(19.491%)(0.224m),59.281(52.307%)(4.209m),80.000(70.588%)(6.429m),60.000(75.000%)(4.286m),9.775(24.438%)(0.000m),40.000(100.000%)(3.214m),2533.728,6168.622,57.5,1.4776,"[1.622, 1.319, 0.760, 1.716, 1.399, 0.829]","[2.927, 3.111, 2.846, 3.053, 3.275, 3.004]","[-3.950, -4.607, -5.020, -4.130, -5.449, -4.890]"
89,1,-7.0786,-5.5168,0.414,108,261,22,0,0.838,30,0.00,1488,474.28,0,0,78.639(98.299%)(6.283m),98.000(86.471%)(8.357m),26.779(23.629%)(0.726m),15.591(13.757%)(0.000m),10.171(12.714%)(0.000m),40.000(100.000%)(3.214m),11.219(28.047%)(0.131m),3809.436,8158.857,55.9,1.1883,"[-0.621, -0.004, 0.441, -0.513, 0.132, 0.533]","[2.257, 2.551, 2.514, 2.496, 2.774, 2.546]","[-5.836, -6.243, -5.765, -6.089, -6.133, -5.384]"
90,1,-4.6717,-5.4293,0.369,146,357,19,0,0.837,35,0.00,1503,627.82,0,0,9.593(11.991%)(0.000m),13.883(12.250%)(0.000m),21.875(19.302%)(0.201m),61.415(54.189%)(4.437m),67.642(84.553%)(5.105m),11.687(29.217%)(0.181m),40.000(100.000%)(3.214m),2928.267,5909.422,56.7,1.2220,"[0.988, 0.948, 0.536, 1.177, 1.196, 0.764]","[2.548, 2.949, 2.583, 2.834, 3.278, 2.805]","[-5.338, -5.945, -6.455, -5.526, -6.952, -5.979]"
91,1,-8.5265,-5.4600,0.402,285,701,15,56,0.835,55,0.00,1532,1237.64,0,0,11.255(14.068%)(0.000m),19.337(17.062%)(0.000m),41.253(36.400%)(2.277m),32.000(28.235%)(1.286m),17.000(21.250%)(0.000m),10.587(26.467%)(0.063m),27.000(67.500%)(1.821m),441.145,8082.448,56.9,1.3458,"[0.021, -0.024, -0.013, 0.245, 0.336, 0.051]","[2.750, 2.976, 2.800, 2.935, 3.495, 3.156]","[-5.114, -4.900, -5.377, -5.109, -5.531, -5.349]"
92,1,-4.4952,-5.4495,0.369,208,534,15,12,0.833,45,0.00,1553,873.25,0,0,10.073(12.592%)(0.000m),15.441(13.625%)(0.000m),26.522(23.402%)(0.699m),50.000(44.118%)(3.214m),29.000(36.250%)(0.964m),11.111(27.777%)(0.119m),40.000(100.000%)(3.214m),2281.314,5896.425,59.4,1.3050,"[1.265, 0.964, 0.730, 1.306, 1.418, 0.680]","[3.017, 3.149, 3.153, 3.038, 3.731, 3.073]","[-5.652, -6.054, -6.310, -5.726, -6.781, -5.819]"
93,1,-2.9383,-5.4311,0.519,167,427,19,0,0.832,40,0.00,1570,729.64,0,0,49.000(61.250%)(3.107m),58.000(51.177%)(4.071m),33.364(29.439%)(1.432m),17.270(15.239%)(0.000m),10.542(13.177%)(0.000m),40.000(100.000%)(3.214m),10.542(26.354%)(0.058m),1261.094,4388.506,59.2,1.3396,"[0.857, 1.026, 1.181, 0.784, 1.121, 1.255]","[3.294, 3.529, 3.468, 3.348, 3.812, 3.570]","[-5.839, -6.110, -5.537, -6.274, -6.267, -5.255]"
94,1,-5.9527,-5.4609,0.418,170,444,18,0,0.830,40,0.00,1587,755.93,0,0,9.496(11.870%)(0.000m),13.389(11.813%)(0.000m),20.363(17.968%)(0.039m),49.560(43.729%)(3.167m),37.561(46.952%)(1.882m),12.171(30.427%)(0.233m),27.091(67.727%)(1.831m),614.105,5869.461,60.4,1.0956,"[0.440, 0.826, 0.857, 0.339, 0.790, 0.916]","[3.167, 3.546, 3.238, 3.254, 3.650, 3.336]","[-5.037, -6.220, -6.852, -5.521, -7.071, -6.415]"
95,1,-6.6323,-5.4702,0.423,158,397,19,0,0.828,35,0.00,1603,736.03,0,0,9.712(12.140%)(0.000m),13.524(11.933%)(0.000m),20.240(17.859%)(0.026m),46.500(41.030%)(2.839m),47.881(59.852%)(2.987m),12.773(31.932%)(0.297m),34.861(87.153%)(2.664m),2082.496,4580.849,58.1,1.2919,"[0.556, 0.394, 0.533, 0.533, 0.675, 0.570]","[3.188, 3.388, 3.213, 3.255, 3.784, 3.284]","[-4.800, -5.661, -5.831, -5.064, -5.615, -5.505]"
96,1,-4.6768,-5.4631,0.464,155,396,17,0,0.827,40,0.00,1619,717.11,0,0,10.561(13.201%)(0.000m),16.577(14.627%)(0.000m),29.621(26.136%)(1.031m),63.000(55.588%)(4.607m),52.000(65.000%)(3.429m),11.227(28.068%)(0.131m),40.000(100.000%)(3.214m),1392.639,5283.841,59.2,11.3034,"[1.008, 0.903, 0.687, 0.995, 1.004, 0.745]","[3.002, 3.373, 3.252, 3.122, 3.477, 3.431]","[-5.831, -6.030, -6.381, -6.217, -6.673, -5.796]"
97,1,-9.7010,-5.5741,0.410,263,644,76,30,0.825,50,0.00,1646,1249.79,0,0,9.955(12.444%)(0.000m),14.312(12.628%)(0.000m),22.343(19.714%)(0.251m),26.000(22.941%)(0.643m),23.000(28.750%)(0.321m),12.282(30.705%)(0.245m),27.232(68.080%)(1.846m),79.118,5707.222,56.7,1.0805,"[0.082, 0.216, 0.457, 0.192, 0.339, 0.348]","[3.114, 3.319, 3.077, 3.297, 3.568, 3.014]","[-4.802, -5.571, -5.623, -5.023, -6.189, -5.531]"
98,1,-7.0191,-5.6277,0.350,219,541,35,0,0.823,45,0.00,1668,909.37,0,0,43.000(53.750%)(2.464m),61.000(53.824%)(4.393m),53.991(47.640%)(3.642m),21.489(18.961%)(0.159m),11.719(14.649%)(0.000m),40.000(100.000%)(3.214m),10.239(25.596%)(0.026m),3853.311,9965.796,57.1,1.5330,"[0.114, 1.176, 1.725, -0.057, 1.099, 1.830]","[3.157, 3.255, 2.977, 3.216, 3.431, 3.019]","[-5.119, -4.648, -3.619, -5.392, -4.718, -3.353]"
99,1,-5.9857,-5.6042,0.610,153,387,17,0,0.822,35,0.00,1684,671.40,0,0,9.259(11.573%)(0.000m),13.311(11.745%)(0.000m),20.780(18.335%)(0.084m),56.059(49.464%)(3.863m),56.000(70.000%)(3.857m),11.423(28.558%)(0.152m),40.000(100.000%)(3.214m),1543.338,4807.450,58.6,1.2324,"[0.514, 0.528, 0.413, 0.740, 0.788, 0.437]","[2.594, 2.913, 2.808, 2.599, 3.241, 2.900]","[-4.974, -5.385, -5.475, -4.761, -5.826, -5.451]"
100,1,-6.2915,-5.6267,0.526,183,460,21,0,0.820,40,0.00,1703,781.20,0,0,11.573(14.466%)(0.000m),21.737(19.180%)(0.186m),57.089(50.373%)(3.974m),68.000(60.000%)(5.143m),49.000(61.250%)(3.107m),9.863(24.657%)(0.000m),40.000(100.000%)(3.214m),1737.280,5124.809,58.2,1.1707,"[0.971, 0.744, 0.214, 1.026, 0.823, 0.290]","[2.398, 2.542, 2.253, 2.374, 2.544, 2.413]","[-4.598, -4.580, -4.793, -4.513, -5.096, -4.845]"
101,1,-5.3888,-5.6131,0.421,264,672,16,42,0.819,50,0.00,1730,1135.19,0,0,20.000(25.000%)(0.000m),33.000(29.118%)(1.393m),39.109(34.508%)(2.047m),18.740(16.535%)(0.000m),11.016(13.770%)(0.000m),19.000(47.500%)(0.964m),10.490(26.225%)(0.053m),2628.745,6783.664,58.9,1.1102,"[0.567, 0.726, 0.850, 0.629, 0.965, 0.822]","[2.141, 2.436, 2.513, 2.272, 2.529, 2.603]","[-5.628, -6.453, -5.250, -5.984, -5.982, -5.316]"
102,1,-6.2419,-5.6567,0.402,227,556,30,21,0.817,45,0.00,1753,955.27,0,0,68.998(86.247%)(5.250m),22.000(19.412%)(0.214m),20.000(17.647%)(0.000m),82.964(73.204%)(6.746m),41.157(51.446%)(2.267m),40.000(100.000%)(3.214m),29.816(74.540%)(2.123m),0.000,6311.793,56.7,1.3676,"[0.702, 0.490, 0.365, 0.810, 0.759, 0.234]","[2.521, 2.458, 2.329, 2.538, 2.850, 2.233]","[-3.124, -3.838, -3.573, -3.390, -3.897, -3.635]"
103,1,-6.7890,-5.6310,0.386,236,573,9,19,0.815,45,0.00,1777,1033.79,0,0,42.322(52.902%)(2.392m),78.121(68.930%)(6.227m),39.000(34.412%)(2.036m),22.000(19.412%)(0.214m),29.000(36.250%)(0.964m),30.791(76.978%)(2.228m),40.000(100.000%)(3.214m),0.000,5348.221,56.2,1.5129,"[0.400, 0.633, 0.773, 0.533, 0.863, 0.918]","[2.394, 2.755, 2.466, 2.582, 3.066, 2.506]","[-6.338, -6.778, -5.642, -6.301, -6.634, -5.443]"
104,1,-4.7129,-5.5641,0.393,132,334,19,0,0.814,35,0.00,1791,570.30,0,0,68.000(85.000%)(5.143m),79.000(69.706%)(6.321m),23.705(20.916%)(0.397m),14.453(12.753%)(0.000m),9.713(12.141%)(0.000m),40.000(100.000%)(3.214m),11.256(28.141%)(0.135m),1974.967,5244.229,58.5,1.1944,"[0.137, 0.583, 0.945, 0.243, 0.833, 0.913]","[2.569, 2.940, 2.904, 2.709, 3.307, 2.979]","[-6.012, -6.023, -5.080, -5.984, -6.017, -4.912]"
105,1,-4.7505,-5.5166,0.444,212,559,4,32,0.812,50,0.00,1813,937.86,0,0,12.000(15.000%)(0.000m),22.000(19.412%)(0.214m),92.000(81.177%)(7.714m),74.588(65.813%)(5.849m),36.724(45.905%)(1.792m),11.000(27.500%)(0.107m),26.334(65.835%)(1.750m),2774.175,5025.671,61.0,1.5287,"[0.788, 0.854, 0.661, 0.794, 0.983, 0.640]","[2.885, 3.093, 2.770, 2.941, 3.405, 2.646]","[-2.694, -4.824, -6.338, -2.598, -4.829, -6.021]"
106,1,-8.1560,-5.5827,0.419,275,687,51,17,0.810,50,0.00,1841,1155.74,0,0,11.000(13.750%)(0.000m),17.000(15.000%)(0.000m),52.000(45.882%)(3.429m),36.249(31.985%)(1.741m),17.534(21.917%)(0.000m),12.000(30.000%)(0.214m),12.373(30.932%)(0.254m),851.083,7014.302,57.8,1.3058,"[0.307, 0.623, 0.608, 0.258, 0.749, 0.703]","[2.393, 2.641, 2.629, 2.318, 2.946, 2.680]","[-3.672, -3.657, -6.132, -4.096, -3.570, -5.757]"
107,1,-3.4467,-5.5720,0.407,160,451,16,3,0.809,45,0.00,1857,667.82,0,0,32.000(40.000%)(1.286m),53.000(46.765%)(3.536m),51.438(45.387%)(3.368m),21.135(18.649%)(0.122m),11.660(14.575%)(0.000m),32.000(80.000%)(2.357m),10.314(25.785%)(0.034m),1462.277,4030.921,65.3,1.2731,"[-0.528, -0.118, 0.158, -0.671, 0.048, 0.027]","[2.465, 2.702, 2.484, 2.706, 3.064, 2.463]","[-5.292, -5.280, -4.782, -5.907, -5.395, -4.487]"
108,1,-3.5426,-5.5720,0.309,149,375,14,0,0.807,35,0.00,1872,656.17,0,0,12.354(15.442%)(0.000m),25.160(22.200%)(0.553m),66.447(58.630%)(4.976m),84.000(74.118%)(6.857m),61.000(76.250%)(4.393m),9.762(24.406%)(0.000m),40.000(100.000%)(3.214m),2747.880,5664.103,58.3,1.2028,"[1.118, 0.734, 0.187, 1.156, 0.962, 0.211]","[2.490, 2.538, 2.475, 2.636, 2.939, 2.383]","[-3.747, -4.497, -5.098, -4.309, -4.957, -4.855]"
109,1,-2.3838,-5.4884,0.476,169,463,14,0,0.806,45,0.00,1889,743.87,0,0,36.000(45.000%)(1.714m),70.000(61.765%)(5.357m),70.699(62.382%)(5.432m),25.537(22.532%)(0.593m),12.539(15.673%)(0.000m),40.000(100.000%)(3.214m),9.908(24.771%)(0.000m),1334.128,4445.780,63.4,1.2668,"[0.047, 0.696, 1.083, -0.019, 0.829, 1.086]","[2.320, 2.724, 2.756, 2.510, 3.037, 2.871]","[-5.179, -4.874, -3.839, -5.836, -5.172, -3.673]"
110,1,-3.0608,-5.4594,0.494,262,651,67,0,0.804,50,0.00,1916,1109.53,0,0,12.810(16.013%)(0.000m),27.049(23.867%)(0.755m),81.000(71.471%)(6.536m),64.000(56.471%)(4.714m),38.000(47.500%)(1.929m),9.741(24.352%)(0.000m),40.000(100.000%)(3.214m),1768.926,6015.234,57.5,1.2144,"[1.806, 1.247, 0.560, 2.008, 1.562, 0.457]","[3.112, 3.133, 3.294, 3.267, 3.582, 3.311]","[-0.413, -2.690, -5.223, -0.151, -2.931, -5.293]"
111,1,-6.2372,-5.4403,0.423,287,725,51,83,0.802,55,0.00,1945,1205.40,0,0,15.000(18.750%)(0.000m),32.000(28.235%)(1.286m),50.730(44.762%)(3.293m),20.844(18.392%)(0.090m),11.500(14.375%)(0.000m),11.000(27.500%)(0.107m),10.172(25.430%)(0.018m),1702.977,6517.748,58.5,1.4125,"[0.477, 0.962, 1.178, 0.574, 1.096, 1.094]","[3.141, 3.276, 3.356, 3.185, 3.676, 3.576]","[-4.890, -4.674, -4.988, -5.123, -4.803, -5.126]"
112,1,-6.1540,-5.5011,0.466,91,232,15,0,0.801,25,0.00,1955,403.72,0,0,10.003(12.504%)(0.000m),15.104(13.327%)(0.000m),25.330(22.350%)(0.571m),99.399(87.705%)(8.507m),77.067(96.334%)(6.114m),11.309(28.273%)(0.140m),40.000(100.000%)(3.214m),3320.496,7651.250,58.9,1.0886,"[1.291, 0.766, -0.147, 1.412, 0.783, -0.145]","[3.118, 3.370, 3.225, 3.140, 3.555, 3.345]","[-5.850, -5.672, -6.054, -6.052, -6.750, -5.576]"
113,1,-5.0074,-5.4942,0.449,163,427,22,0,0.799,40,0.00,1972,678.49,0,0,45.000(56.250%)(2.679m),58.000(51.177%)(4.071m),43.571(38.445%)(2.525m),19.468(17.178%)(0.000m),11.100(13.874%)(0.000m),40.000(100.000%)(3.214m),10.188(25.470%)(0.020m),2325.995,6255.414,60.7,1.0955,"[0.514, 1.062, 1.427, 0.421, 1.225, 1.424]","[3.326, 3.475, 3.217, 3.287, 3.793, 3.393]","[-5.135, -5.275, -4.392, -5.712, -5.241, -3.937]"
114,1,-3.4680,-5.4652,0.347,197,487,16,0,0.798,45,0.00,1992,851.71,0,0,45.000(56.250%)(2.679m),51.000(45.000%)(3.321m),28.328(24.996%)(0.892m),16.286(14.370%)(0.000m),10.542(13.178%)(0.000m),40.000(100.000%)(3.214m),11.486(28.714%)(0.159m),1459.348,5029.818,57.2,1.2578,"[0.989, 1.099, 1.265, 0.955, 1.349, 1.335]","[3.164, 3.352, 3.342, 3.178, 3.680, 3.306]","[-5.342, -6.174, -5.518, -5.729, -5.991, -4.905]"
115,1,-7.5436,-5.5402,0.314,234,578,0,25,0.796,50,0.00,2016,1018.51,0,0,17.000(21.250%)(0.000m),23.000(20.294%)(0.321m),107.000(94.412%)(9.321m),65.929(58.173%)(4.921m),31.904(39.880%)(1.275m),40.000(100.000%)(3.214m),22.802(57.004%)(1.372m),3703.692,8105.270,57.2,1.3502,"[1.114, 1.368, 1.307, 1.190, 1.538, 1.396]","[2.933, 3.117, 2.870, 3.090, 3.382, 3.063]","[-1.490, -4.140, -6.243, -1.115, -4.571, -5.738]"
116,1,-6.4082,-5.5513,0.405,213,527,16,0,0.794,45,0.00,2038,931.40,0,0,42.000(52.500%)(2.357m),49.000(43.235%)(3.107m),64.000(56.471%)(4.714m),24.389(21.520%)(0.470m),12.323(15.404%)(0.000m),40.000(100.000%)(3.214m),9.988(24.970%)(0.000m),1501.825,4974.216,57.2,1.1256,"[0.324, 0.678, 0.952, 0.303, 0.884, 1.076]","[2.397, 2.863, 2.684, 2.391, 2.987, 2.895]","[-4.419, -3.518, -2.013, -4.859, -3.483, -1.925]"
117,1,-2.8810,-5.4863,0.374,213,528,1,17,0.793,45,0.00,2060,956.30,0,0,26.000(32.500%)(0.643m),24.000(21.177%)(0.429m),59.000(52.059%)(4.179m),101.635(89.678%)(8.747m),49.160(61.450%)(3.124m),40.000(100.000%)(3.214m),35.723(89.308%)(2.756m),0.000,2696.563,57.3,1.3872,"[1.014, 0.444, 0.222, 1.051, 0.824, 0.154]","[2.443, 2.602, 2.626, 2.381, 2.879, 2.680]","[-2.547, -4.783, -5.973, -2.448, -4.695, -5.703]"
118,1,-4.0295,-5.4760,0.369,189,458,19,0,0.791,40,0.00,2079,801.47,0,0,57.000(71.250%)(3.964m),69.000(60.883%)(5.250m),32.918(29.046%)(1.384m),17.040(15.035%)(0.000m),10.401(13.001%)(0.000m),40.000(100.000%)(3.214m),10.401(26.002%)(0.043m),2225.585,6111.284,56.1,1.2019,"[0.583, 0.954, 1.229, 0.584, 1.153, 1.466]","[2.460, 2.749, 2.566, 2.442, 3.039, 2.841]","[-5.822, -6.498, -5.150, -6.053, -6.255, -4.836]"
119,1,-3.1153,-5.4107,0.456,229,575,2,27,0.790,50,0.00,2102,974.38,0,0,32.954(41.192%)(1.388m),68.145(60.128%)(5.158m),35.000(30.882%)(1.607m),18.000(15.882%)(0.000m),11.000(13.750%)(0.000m),23.628(59.070%)(1.460m),40.000(100.000%)(3.214m),2596.602,5890.621,58.1,1.1252,"[0.753, 1.085, 1.108, 0.887, 1.384, 1.217]","[2.072, 2.218, 2.232, 2.292, 2.655, 2.449]","[-6.227, -7.586, -6.263, -6.531, -7.395, -5.800]"
120,1,-4.1137,-5.3756,0.327,102,283,16,0,0.788,30,0.00,2113,487.76,0,0,11.579(14.473%)(0.000m),21.485(18.957%)(0.159m),55.492(48.964%)(3.803m),90.000(79.412%)(7.500m),62.000(77.500%)(4.500m),9.991(24.978%)(0.000m),40.000(100.000%)(3.214m),1704.139,4366.186,64.1,1.1859,"[0.585, 0.039, -0.566, 0.654, 0.076, -0.477]","[2.619, 2.831, 2.596, 2.748, 3.078, 2.748]","[-4.406, -4.679, -5.235, -4.471, -5.241, -5.163]"
121,1,-5.3798,-5.4112,0.332,123,319,22,0,0.786,35,0.00,2126,546.20,0,0,66.000(82.500%)(4.929m),78.000(68.824%)(6.214m),34.659(30.582%)(1.571m),17.941(15.830%)(0.000m),10.951(13.689%)(0.000m),40.000(100.000%)(3.214m),10.951(27.377%)(0.102m),1528.056,5126.410,60.0,1.3468,"[0.367, 0.665, 0.980, 0.580, 0.836, 1.055]","[2.751, 3.022, 2.655, 2.980, 3.271, 2.912]","[-5.223, -5.757, -4.704, -5.161, -5.699, -4.380]"
122,1,-4.9179,-5.3382,0.421,181,477,16,0,0.785,45,0.00,2145,758.03,0,0,10.395(12.994%)(0.000m),17.186(15.164%)(0.000m),33.800(29.824%)(1.479m),63.000(55.588%)(4.607m),35.000(43.750%)(1.607m),10.269(25.672%)(0.029m),40.000(100.000%)(3.214m),2377.789,5635.997,61.0,1.1344,"[1.532, 1.283, 0.403, 1.656, 1.324, -0.064]","[2.635, 3.008, 2.908, 2.702, 3.189, 2.763]","[-5.758, -5.671, -5.515, -6.046, -6.452, -5.730]"
123,1,-4.3809,-5.3333,0.409,121,306,20,0,0.783,30,0.00,2158,517.57,0,0,9.429(11.786%)(0.000m),14.132(12.470%)(0.000m),23.434(20.677%)(0.368m),85.000(75.000%)(6.964m),67.642(84.553%)(5.105m),10.792(26.981%)(0.085m),40.000(100.000%)(3.214m),2480.872,4932.392,58.6,1.4774,"[1.040, 0.783, 0.421, 1.049, 0.956, 0.729]","[2.786, 2.874, 2.737, 2.768, 3.106, 3.125]","[-5.980, -5.840, -5.789, -6.243, -6.483, -5.640]"
124,1,-7.9048,-5.3959,0.423,694,1816,96,79,0.782,85,0.00,2228,2945.44,0,0,30.000(37.500%)(1.071m),64.000(56.471%)(4.714m),25.586(22.576%)(0.599m),15.257(13.462%)(0.000m),10.105(12.631%)(0.000m),17.000(42.500%)(0.750m),11.424(28.559%)(0.153m),728.205,5046.476,60.5,1.3032,"[0.462, 1.255, 1.627, 0.440, 1.385, 1.779]","[2.795, 3.164, 3.293, 2.881, 3.218, 3.563]","[-5.370, -6.479, -5.380, -5.527, -6.105, -4.847]"
125,1,-5.7269,-5.3957,0.459,171,418,17,0,0.780,40,0.00,2246,756.18,0,0,11.674(14.592%)(0.000m),21.406(18.888%)(0.151m),53.533(47.235%)(3.593m),71.000(62.647%)(5.464m),60.000(75.000%)(4.286m),10.199(25.498%)(0.021m),40.000(100.000%)(3.214m),3426.713,8458.944,56.5,1.4213,"[1.334, 1.127, 0.301, 1.670, 1.385, 0.466]","[2.687, 2.737, 2.561, 3.081, 3.138, 2.707]","[-4.678, -5.392, -5.463, -4.804, -5.907, -5.361]"
126,1,-9.0728,-5.4732,0.416,277,700,94,33,0.779,55,0.00,2274,1171.39,0,0,16.050(20.062%)(0.000m),31.000(27.353%)(1.179m),37.000(32.647%)(1.821m),21.976(19.391%)(0.212m),11.700(14.625%)(0.000m),11.302(28.256%)(0.140m),9.971(24.928%)(0.000m),178.224,7628.330,58.5,2.1653,"[-0.110, -0.019, -0.344, -0.015, 0.133, -0.162]","[2.423, 2.618, 2.037, 2.684, 2.827, 2.406]","[-5.407, -4.958, -5.064, -5.795, -4.790, -4.893]"
127,1,-5.7212,-5.4755,0.520,82,202,22,0,0.777,25,0.00,2283,354.03,0,0,9.455(11.819%)(0.000m),14.276(12.597%)(0.000m),23.942(21.125%)(0.422m),93.953(82.900%)(7.924m),77.067(96.334%)(6.114m),10.689(26.724%)(0.074m),40.000(100.000%)(3.214m),3430.141,8001.153,57.1,0.9648,"[-0.021, -0.583, -0.983, 0.119, -0.391, -0.791]","[2.409, 2.564, 2.382, 2.526, 2.833, 2.431]","[-5.810, -5.827, -5.829, -6.042, -6.221, -5.431]"
128,1,-3.1151,-5.4365,0.399,202,496,19,0,0.775,45,0.00,2304,887.85,0,0,11.107(13.884%)(0.000m),19.691(17.375%)(0.000m),45.240(39.917%)(2.704m),58.000(51.177%)(4.071m),47.000(58.750%)(2.893m),10.071(25.176%)(0.008m),40.000(100.000%)(3.214m),1619.044,5555.232,56.9,1.1636,"[0.964, 0.787, 0.456, 1.085, 1.010, 0.425]","[2.200, 2.296, 2.224, 2.293, 2.569, 2.280]","[-5.215, -5.264, -5.165, -5.544, -5.664, -5.188]"
129,1,-6.5415,-5.4217,0.373,112,276,19,0,0.774,30,0.00,2316,490.62,0,0,10.747(13.434%)(0.000m),17.934(15.824%)(0.000m),35.940(31.712%)(1.708m),100.000(88.236%)(8.571m),77.067(96.334%)(6.114m),10.488(26.219%)(0.052m),40.000(100.000%)(3.214m),3192.687,7898.543,57.0,1.0595,"[0.587, 0.182, -0.574, 0.679, 0.432, -0.515]","[2.006, 2.079, 1.847, 2.079, 2.465, 1.958]","[-5.394, -5.311, -5.260, -5.820, -5.692, -5.211]"
130,1,-6.0203,-5.4254,0.391,224,551,11,15,0.772,45,0.00,2339,987.53,0,0,24.000(30.000%)(0.429m),26.000(22.941%)(0.643m),52.000(45.882%)(3.429m),69.809(61.596%)(5.337m),33.766(42.207%)(1.475m),40.000(100.000%)(3.214m),24.328(60.820%)(1.535m),0.000,6769.570,56.9,1.4075,"[1.120, 1.054, 0.887, 1.294, 1.393, 0.877]","[2.153, 2.281, 2.406, 2.246, 2.599, 2.461]","[-2.913, -5.724, -6.866, -2.674, -5.773, -6.674]"
131,1,-2.0084,-5.3323,0.321,210,602,21,18,0.771,50,0.00,2360,971.12,0,0,11.196(13.995%)(0.000m),20.293(17.906%)(0.031m),49.389(43.579%)(3.149m),38.000(33.530%)(1.929m),26.000(32.500%)(0.643m),9.903(24.758%)(0.000m),25.000(62.500%)(1.607m),312.047,2935.322,66.3,1.5152,"[0.971, 0.414, -0.474, 0.940, 0.485, -0.669]","[2.650, 2.619, 2.367, 2.716, 2.956, 2.407]","[-4.867, -5.614, -6.335, -5.656, -6.215, -6.708]"
132,1,-5.1609,-5.3235,0.369,260,664,37,105,0.769,50,0.00,2386,1099.90,0,0,12.000(15.000%)(0.000m),30.000(26.471%)(1.071m),52.000(45.882%)(3.429m),64.827(57.200%)(4.803m),34.380(42.975%)(1.541m),10.000(25.000%)(0.000m),24.781(61.952%)(1.584m),143.760,4904.006,59.1,1.1545,"[1.512, 1.701, 1.437, 1.771, 1.998, 1.467]","[2.823, 3.364, 3.123, 3.096, 3.757, 3.232]","[-1.917, -4.039, -5.390, -1.578, -4.014, -5.224]"
133,1,-3.7203,-5.3310,0.460,274,688,44,23,0.768,55,0.00,2414,1202.20,0,0,13.048(16.310%)(0.000m),28.013(24.717%)(0.858m),46.000(40.588%)(2.786m),38.000(33.530%)(1.929m),27.000(33.750%)(0.750m),9.667(24.168%)(0.000m),27.000(67.500%)(1.821m),441.320,3987.196,58.1,1.1867,"[1.117, 0.947, 0.620, 1.269, 1.181, 0.670]","[2.607, 2.784, 2.813, 2.787, 3.234, 2.834]","[-1.788, -2.717, -4.783, -1.926, -3.420, -5.098]"
134,1,-4.9262,-5.3341,0.429,129,328,15,0,0.766,35,0.00,2427,602.22,0,0,69.000(86.250%)(5.250m),83.000(73.236%)(6.750m),25.550(22.544%)(0.595m),15.057(13.286%)(0.000m),9.898(12.373%)(0.000m),40.000(100.000%)(3.214m),11.053(27.632%)(0.113m),3123.710,6113.474,58.8,1.1068,"[0.805, 1.338, 1.517, 1.004, 1.530, 1.643]","[2.964, 3.133, 2.738, 3.132, 3.479, 2.929]","[-5.500, -6.020, -5.635, -5.614, -6.268, -5.216]"
135,1,-4.2014,-5.2949,0.469,141,377,16,0,0.765,40,0.00,2442,626.47,0,0,9.420(11.775%)(0.000m),14.119(12.458%)(0.000m),23.412(20.658%)(0.366m),63.000(55.588%)(4.607m),47.000(58.750%)(2.893m),10.782(26.956%)(0.084m),40.000(100.000%)(3.214m),1379.929,4078.334,61.9,1.0773,"[1.196, 1.016, 0.775, 1.335, 1.325, 0.752]","[2.789, 2.868, 2.860, 2.917, 3.259, 2.959]","[-5.346, -5.441, -5.359, -5.519, -5.478, -5.240]"
136,1,-6.5468,-5.3087,0.378,99,243,18,0,0.763,30,0.00,2452,411.93,0,0,78.639(98.299%)(6.283m),108.000(95.294%)(9.429m),50.710(44.744%)(3.290m),20.836(18.385%)(0.090m),11.495(14.369%)(0.000m),40.000(100.000%)(3.214m),10.168(25.420%)(0.018m),3446.078,10011.065,56.8,0.0000,"[-1.088, 0.209, 0.950, -0.995, 0.347, 1.267]","[2.295, 2.355, 2.327, 2.459, 2.841, 2.595]","[-5.625, -5.115, -4.642, -5.680, -5.314, -4.030]"
137,1,-2.4531,-5.2823,0.473,234,580,46,9,0.762,50,0.00,2476,1054.70,0,0,10.053(12.567%)(0.000m),15.654(13.812%)(0.000m),27.590(24.344%)(0.813m),36.000(31.765%)(1.714m),31.000(38.750%)(1.179m),10.819(27.049%)(0.088m),40.000(100.000%)(3.214m),451.122,3686.830,57.3,2.0547,"[0.728, 0.628, 0.581, 0.925, 0.791, 0.745]","[2.631, 2.796, 2.566, 2.693, 3.029, 2.794]","[-5.797, -5.680, -5.524, -5.545, -5.813, -5.379]"
138,1,-4.7159,-5.2783,0.371,125,334,14,0,0.760,35,0.00,2489,593.17,0,0,11.287(14.109%)(0.000m),19.393(17.111%)(0.000m),41.372(36.505%)(2.290m),76.000(67.059%)(6.000m),57.000(71.250%)(3.964m),10.617(26.543%)(0.066m),40.000(100.000%)(3.214m),1635.959,4401.820,61.9,1.2622,"[0.938, 0.615, 0.194, 1.100, 0.782, 0.228]","[2.401, 2.523, 2.316, 2.655, 2.970, 2.515]","[-4.961, -5.011, -4.572, -5.010, -5.383, -4.804]"
139,1,-6.1266,-5.2593,0.394,205,504,12,0,0.759,45,0.00,2510,877.67,0,0,11.826(14.783%)(0.000m),22.784(20.104%)(0.298m),60.581(53.454%)(4.348m),57.000(50.294%)(3.964m),49.722(62.153%)(3.185m),9.830(24.574%)(0.000m),36.404(91.010%)(2.829m),1485.521,5094.948,56.9,1.2218,"[0.535, 0.432, 0.371, 0.677, 0.686, 0.517]","[2.196, 2.231, 2.188, 2.173, 2.612, 2.439]","[-4.632, -5.160, -4.807, -4.628, -5.589, -5.088]"
140,1,-3.3514,-5.2329,0.381,270,724,14,47,0.757,55,0.00,2537,1167.38,0,0,12.620(15.776%)(0.000m),26.092(23.023%)(0.653m),73.553(64.900%)(5.738m),73.000(64.412%)(5.679m),26.000(32.500%)(0.643m),9.847(24.616%)(0.000m),19.000(47.500%)(0.964m),2407.654,5896.446,62.0,1.1944,"[1.653, 1.511, 0.613, 1.716, 1.675, 0.366]","[2.977, 2.923, 2.467, 2.967, 3.319, 2.639]","[-3.738, -4.953, -5.735, -4.438, -5.649, -6.355]"
141,1,-5.0311,-5.1629,0.340,183,481,18,0,0.756,45,0.00,2556,836.59,0,0,11.492(14.365%)(0.000m),21.585(19.045%)(0.170m),57.829(51.026%)(4.053m),57.000(50.294%)(3.964m),39.000(48.750%)(2.036m),9.794(24.484%)(0.000m),40.000(100.000%)(3.214m),848.247,3581.853,60.9,1.2333,"[0.939, 0.841, 0.641, 1.023, 1.025, 0.696]","[2.754, 2.900, 2.807, 2.850, 3.372, 2.916]","[-5.251, -5.611, -5.933, -5.852, -6.277, -6.099]"
142,1,-2.9800,-5.1326,0.374,155,432,18,8,0.754,40,0.00,2572,650.00,0,0,29.000(36.250%)(0.964m),40.000(35.294%)(2.143m),40.040(35.330%)(2.147m),18.768(16.560%)(0.000m),10.924(13.654%)(0.000m),40.000(100.000%)(3.214m),10.275(25.689%)(0.030m),344.281,3103.369,64.5,1.1923,"[0.563, 0.528, 0.533, 0.644, 0.690, 0.631]","[2.640, 2.836, 2.627, 2.839, 3.154, 2.966]","[-5.737, -6.406, -5.762, -6.044, -6.485, -5.383]"
143,1,-7.0899,-5.2157,0.493,218,541,40,21,0.753,45,0.00,2594,870.06,0,0,21.243(26.553%)(0.133m),43.024(37.962%)(2.467m),30.000(26.471%)(1.071m),22.000(19.412%)(0.214m),30.000(37.500%)(1.071m),15.030(37.576%)(0.539m),40.000(100.000%)(3.214m),0.000,8661.723,57.4,0.9747,"[0.915, 0.718, 0.269, 1.163, 0.950, 0.213]","[2.847, 2.884, 2.828, 3.112, 3.346, 3.146]","[-4.195, -3.846, -4.379, -4.252, -4.145, -4.412]"
144,1,-6.1784,-5.2202,0.436,417,1102,65,36,0.751,70,0.00,2636,1839.32,0,0,22.713(28.392%)(0.291m),38.000(33.530%)(1.929m),32.223(28.432%)(1.310m),16.680(14.718%)(0.000m),10.181(12.726%)(0.000m),16.091(40.227%)(0.653m),10.181(25.453%)(0.019m),493.235,4488.728,61.2,1.2944,"[1.407, 1.495, 0.941, 1.603, 1.610, 0.851]","[3.462, 3.397, 2.930, 3.631, 3.765, 3.022]","[-4.152, -3.859, -4.126, -4.396, -4.171, -5.040]"
145,1,-4.9623,-5.1868,0.387,237,577,26,0,0.750,45,0.00,2660,1024.84,0,0,11.902(14.877%)(0.000m),22.354(19.724%)(0.252m),60.306(53.211%)(4.318m),64.000(56.471%)(4.714m),42.000(52.500%)(2.357m),10.143(25.357%)(0.015m),40.000(100.000%)(3.214m),2822.624,7259.646,56.3,1.1528,"[1.846, 1.583, 0.901, 2.059, 1.848, 0.926]","[2.923, 2.811, 2.704, 3.051, 3.419, 2.973]","[-4.250, -5.364, -5.380, -4.363, -5.802, -5.444]"
146,1,-4.9538,-5.1923,0.494,105,265,18,0,0.748,30,0.00,2671,449.46,0,0,11.052(13.815%)(0.000m),18.988(16.755%)(0.000m),40.510(35.744%)(2.197m),97.000(85.588%)(8.250m),76.230(95.288%)(6.025m),10.396(25.990%)(0.042m),40.000(100.000%)(3.214m),2809.124,7239.680,58.4,1.1166,"[1.402, 0.471, -0.407, 1.320, 0.537, -0.370]","[2.908, 3.044, 2.891, 2.852, 3.466, 3.047]","[-4.655, -5.808, -5.514, -5.189, -5.940, -5.275]"
147,1,-9.3356,-5.1850,0.446,247,602,90,0,0.747,45,0.00,2696,1014.70,0,0,8.811(11.014%)(0.000m),11.909(10.508%)(0.000m),17.180(15.159%)(0.000m),35.117(30.985%)(1.620m),17.350(21.688%)(0.000m),12.372(30.929%)(0.254m),12.240(30.601%)(0.240m),586.261,8594.142,56.4,1.1416,"[0.146, 0.546, 0.913, 0.158, 0.799, 1.147]","[2.807, 2.944, 2.819, 2.869, 3.150, 3.065]","[-4.726, -6.335, -5.826, -5.118, -5.699, -5.009]"
148,1,-5.0845,-5.1463,0.403,221,558,15,5,0.745,45,0.00,2719,959.05,0,0,32.000(40.000%)(1.286m),51.000(45.000%)(3.321m),35.560(31.377%)(1.667m),18.081(15.954%)(0.000m),10.937(13.671%)(0.000m),40.000(100.000%)(3.214m),10.804(27.009%)(0.086m),1915.848,5189.698,58.4,1.3979,"[1.035, 1.392, 1.383, 1.284, 1.808, 1.659]","[2.385, 2.835, 2.881, 2.599, 3.135, 3.064]","[-5.799, -6.732, -5.372, -6.028, -6.517, -5.430]"
149,1,-6.1174,-5.1490,0.356,284,726,24,40,0.744,55,0.00,2748,1182.48,0,0,11.606(14.508%)(0.000m),21.037(18.562%)(0.111m),51.200(45.176%)(3.343m),66.000(58.235%)(4.929m),30.000(37.500%)(1.071m),10.266(25.665%)(0.029m),22.000(55.000%)(1.286m),3446.078,7705.839,59.2,1.2334,"[2.204, 2.246, 1.149, 2.254, 2.431, 0.958]","[3.668, 3.770, 2.917, 3.534, 4.147, 3.036]","[-4.026, -4.299, -4.331, -4.199, -4.782, -4.505]"
150,1,-6.7259,-5.1576,0.546,79,190,18,0,0.742,25,0.00,2756,335.77,0,0,78.639(98.299%)(6.283m),113.333(100.000%)(10.000m),34.034(30.030%)(1.504m),17.617(15.545%)(0.000m),10.753(13.442%)(0.000m),40.000(100.000%)(3.214m),10.753(26.883%)(0.081m),4968.105,10500.798,55.7,1.3951,"[-0.609, 0.196, 1.045, -0.584, 0.348, 1.206]","[2.980, 2.862, 2.609, 2.973, 3.310, 2.964]","[-5.188, -5.534, -4.554, -5.234, -5.816, -4.752]"
151,1,-4.2619,-5.1351,0.529,215,591,5,19,0.741,50,0.00,2778,943.55,0,0,23.583(29.479%)(0.384m),48.123(42.462%)(3.013m),86.000(75.883%)(7.071m),71.000(62.647%)(5.464m),18.000(22.500%)(0.000m),16.668(41.671%)(0.714m),11.000(27.500%)(0.107m),1467.101,4023.978,63.7,1.3237,"[1.638, 1.622, 0.660, 1.752, 1.523, 0.380]","[2.799, 2.772, 2.462, 2.786, 3.173, 2.871]","[0.624, 0.246, -2.344, 0.756, 0.058, -3.501]"
152,1,-10.1531,-5.2133,0.491,506,1289,219,48,0.739,70,0.00,2829,2165.40,0,0,15.647(19.559%)(0.000m),20.000(17.647%)(0.000m),20.000(17.647%)(0.000m),21.000(18.529%)(0.107m),26.000(32.500%)(0.643m),10.998(27.495%)(0.107m),22.000(55.000%)(1.286m),0.000,6142.312,59.0,1.3943,"[1.069, 0.682, -0.667, 1.076, 0.487, -0.869]","[3.901, 3.677, 2.558, 3.741, 3.895, 2.722]","[-4.603, -4.956, -5.551, -5.324, -5.144, -6.011]"
153,1,-5.2138,-5.1818,0.454,181,475,14,0,0.738,45,0.00,2848,793.92,0,0,35.000(43.750%)(1.607m),44.000(38.824%)(2.571m),19.569(17.267%)(0.000m),12.866(11.352%)(0.000m),9.125(11.406%)(0.000m),40.000(100.000%)(3.214m),11.696(29.239%)(0.182m),375.333,3505.360,60.8,1.1226,"[0.994, 1.053, 1.099, 1.150, 1.196, 1.194]","[2.908, 3.099, 2.874, 3.069, 3.459, 3.007]","[-5.401, -6.245, -5.519, -5.905, -6.776, -5.464]"
154,1,-5.2090,-5.1917,0.498,262,665,16,59,0.736,50,0.00,2875,1113.90,0,0,12.000(15.000%)(0.000m),51.000(45.000%)(3.321m),79.000(69.706%)(6.321m),64.344(56.774%)(4.751m),31.121(38.901%)(1.192m),10.000(25.000%)(0.000m),22.310(55.774%)(1.319m),1274.653,5309.021,58.8,1.4382,"[1.925, 2.138, 1.981, 2.035, 2.506, 2.070]","[2.800, 3.388, 3.126, 3.008, 3.510, 3.397]","[0.787, 0.714, -0.116, 0.846, 1.280, 0.022]"
155,1,-3.1602,-5.1599,0.378,170,452,32,6,0.735,40,0.00,2892,715.08,0,0,33.000(41.250%)(1.393m),39.000(34.412%)(2.036m),24.750(21.839%)(0.509m),14.758(13.022%)(0.000m),9.775(12.218%)(0.000m),40.000(100.000%)(3.214m),11.050(27.626%)(0.113m),582.850,3273.672,61.5,1.2083,"[0.575, 0.598, 0.980, 0.399, 0.700, 0.871]","[3.059, 3.321, 3.231, 2.837, 3.509, 3.365]","[-5.707, -6.992, -6.112, -6.164, -6.978, -6.285]"
156,1,-5.3553,-5.1039,0.623,108,265,26,0,0.733,30,0.00,2903,521.54,0,0,77.786(97.233%)(6.191m),96.000(84.706%)(8.143m),33.260(29.348%)(1.421m),17.217(15.191%)(0.000m),10.509(13.136%)(0.000m),40.000(100.000%)(3.214m),10.509(26.272%)(0.055m),3152.300,7411.070,56.9,1.1462,"[0.088, 0.515, 1.223, 0.230, 0.829, 1.275]","[3.281, 3.384, 3.115, 3.430, 3.775, 3.225]","[-5.596, -6.115, -4.560, -5.840, -6.016, -4.833]"
157,1,-3.9611,-5.1142,0.499,222,556,45,0,0.732,45,0.00,2926,942.37,0,0,11.353(14.192%)(0.000m),20.580(18.158%)(0.062m),50.086(44.193%)(3.223m),68.000(60.000%)(5.143m),41.000(51.250%)(2.250m),10.043(25.107%)(0.005m),40.000(100.000%)(3.214m),2296.138,8355.132,57.9,1.2513,"[2.366, 1.912, 0.482, 2.393, 1.964, 0.229]","[3.317, 3.532, 3.363, 3.485, 4.077, 3.548]","[-4.836, -5.794, -5.411, -5.320, -5.903, -5.397]"
158,1,-4.2763,-5.1289,0.526,152,398,19,0,0.730,40,0.00,2942,664.53,0,0,10.886(13.608%)(0.000m),17.835(15.737%)(0.000m),34.454(30.401%)(1.549m),61.000(53.824%)(4.393m),46.000(57.500%)(2.786m),10.886(27.215%)(0.095m),40.000(100.000%)(3.214m),1209.350,4331.770,60.6,1.0353,"[1.292, 0.938, 0.527, 1.330, 0.946, 0.533]","[3.039, 3.265, 2.987, 3.180, 3.547, 3.289]","[-5.415, -5.872, -5.605, -5.876, -6.215, -5.478]"
159,1,-3.8357,-5.1579,0.357,152,408,40,13,0.729,40,0.00,2958,696.50,0,0,26.000(32.500%)(0.643m),21.000(18.529%)(0.107m),20.000(17.647%)(0.000m),113.333(100.000%)(10.000m),60.200(75.250%)(4.307m),40.000(100.000%)(3.214m),40.000(100.000%)(3.214m),0.000,2347.330,62.2,1.4819,"[1.193, 0.706, 0.600, 1.031, 0.831, 0.503]","[3.183, 3.493, 3.315, 3.248, 3.850, 3.324]","[-4.165, -4.583, -4.004, -4.957, -4.523, -3.799]"
160,1,-5.6191,-5.2091,0.598,88,221,17,0,0.727,25,0.00,2967,388.60,0,0,10.662(13.327%)(0.000m),17.791(15.698%)(0.000m),35.654(31.459%)(1.677m),105.000(92.647%)(9.107m),77.067(96.334%)(6.114m),10.404(26.010%)(0.043m),40.000(100.000%)(3.214m),2826.799,8203.219,58.2,1.2713,"[0.613, -0.257, -0.818, 0.559, -0.197, -0.551]","[3.036, 3.059, 2.870, 3.096, 3.483, 3.173]","[-4.902, -5.092, -4.828, -5.371, -5.360, -4.535]"
161,1,-4.2415,-5.1692,0.625,111,283,17,0,0.726,30,0.00,2979,477.53,0,0,68.939(86.174%)(5.243m),49.378(43.569%)(3.148m),20.902(18.443%)(0.097m),13.855(12.225%)(0.000m),9.889(12.361%)(0.000m),40.000(100.000%)(3.214m),12.838(32.095%)(0.304m),2660.052,4825.613,59.0,1.2213,"[0.902, 0.802, 1.022, 0.927, 1.066, 1.199]","[2.898, 2.749, 2.581, 2.970, 3.236, 2.850]","[-4.874, -5.708, -4.823, -5.096, -6.228, -4.495]"
162,1,-1.6396,-5.0789,0.429,246,634,33,0,0.724,50,0.00,3004,1040.29,0,0,36.000(45.000%)(1.714m),63.000(55.588%)(4.607m),66.100(58.324%)(4.939m),23.816(21.014%)(0.409m),12.199(15.248%)(0.000m),27.000(67.500%)(1.821m),10.013(25.032%)(0.001m),2022.342,5740.216,59.7,1.3378,"[1.233, 1.890, 2.107, 1.248, 2.106, 2.179]","[2.603, 3.104, 3.123, 2.676, 3.303, 3.187]","[-5.452, -5.355, -3.871, -5.819, -5.800, -3.830]"
163,1,-6.3014,-5.1048,0.389,149,369,25,0,0.723,35,0.00,3019,662.92,0,0,57.148(71.436%)(3.980m),79.000(69.706%)(6.321m),33.273(29.358%)(1.422m),17.519(15.458%)(0.000m),10.789(13.487%)(0.000m),40.000(100.000%)(3.214m),10.922(27.305%)(0.099m),1955.998,5208.132,57.2,5.4706,"[0.910, 1.010, 1.122, 0.901, 1.076, 1.328]","[3.043, 3.322, 3.186, 3.090, 3.564, 3.236]","[-5.342, -5.712, -4.655, -5.661, -6.090, -4.160]"
164,1,-5.7207,-5.1498,0.474,436,1096,84,42,0.722,65,0.00,3063,1841.24,0,0,18.261(22.826%)(0.000m),37.582(33.161%)(1.884m),29.226(25.787%)(0.988m),16.125(14.228%)(0.000m),10.188(12.736%)(0.000m),12.886(32.214%)(0.309m),10.699(26.748%)(0.075m),1995.991,6899.813,58.2,1.2981,"[1.674, 1.793, 1.073, 1.695, 1.916, 1.009]","[3.075, 3.393, 3.000, 3.030, 3.813, 3.249]","[-5.873, -6.471, -6.058, -6.177, -7.095, -5.846]"
165,1,-5.2288,-5.1035,0.494,87,221,18,0,0.720,25,0.00,3072,354.43,0,0,10.582(13.228%)(0.000m),17.828(15.730%)(0.000m),36.440(32.153%)(1.761m),110.000(97.059%)(9.643m),77.067(96.334%)(6.114m),10.201(25.503%)(0.022m),40.000(100.000%)(3.214m),3435.499,7530.281,58.7,0.0000,"[0.126, -0.436, -1.410, 0.164, -0.691, -1.446]","[2.173, 2.475, 2.399, 2.230, 2.786, 2.498]","[-5.796, -5.480, -5.402, -6.005, -5.779, -5.383]"
166,1,-3.0311,-5.0360,0.404,309,780,11,88,0.719,55,0.00,3103,1335.57,0,0,27.088(33.860%)(0.759m),56.091(49.492%)(3.867m),67.000(59.118%)(5.036m),44.000(38.824%)(2.571m),25.000(31.250%)(0.536m),19.323(48.308%)(0.999m),11.000(27.500%)(0.107m),609.311,4767.625,58.4,1.1273,"[1.619, 1.760, 1.439, 1.756, 2.007, 1.510]","[2.883, 2.761, 2.439, 2.931, 3.170, 2.549]","[-0.745, 0.257, -0.603, -0.750, 0.305, -1.093]"
167,1,-3.8761,-5.0559,0.431,325,828,75,88,0.717,60,0.00,3136,1376.46,0,0,25.000(31.250%)(0.536m),39.000(34.412%)(2.036m),51.676(45.597%)(3.394m),21.233(18.735%)(0.132m),11.714(14.643%)(0.000m),18.000(45.000%)(0.857m),10.362(25.904%)(0.039m),425.394,4669.075,59.0,1.2049,"[0.584, 1.135, 1.569, 0.621, 1.440, 1.688]","[2.516, 2.637, 2.884, 2.659, 3.052, 2.955]","[-5.533, -5.491, -3.751, -5.625, -5.205, -3.808]"
168,1,-4.1748,-5.0588,0.489,137,351,21,0,0.716,35,0.00,3150,601.82,0,0,10.898(13.623%)(0.000m),19.115(16.866%)(0.000m),42.780(37.747%)(2.441m),77.000(67.941%)(6.107m),63.000(78.750%)(4.607m),10.003(25.007%)(0.000m),40.000(100.000%)(3.214m),2136.018,5567.665,59.4,1.6377,"[1.002, 0.821, 0.214, 1.164, 1.010, 0.278]","[2.433, 2.581, 2.388, 2.473, 2.960, 2.526]","[-5.555, -5.414, -5.211, -5.363, -5.249, -5.381]"
169,1,-3.3301,-5.0631,0.446,168,443,20,0,0.714,40,0.00,3167,747.65,0,0,11.203(14.004%)(0.000m),20.307(17.918%)(0.033m),49.422(43.608%)(3.152m),86.000(75.883%)(7.071m),41.000(51.250%)(2.250m),9.910(24.774%)(0.000m),40.000(100.000%)(3.214m),2151.563,5565.613,61.0,1.2878,"[1.608, 1.284, 0.160, 1.688, 1.186, -0.085]","[2.600, 2.539, 2.544, 2.598, 2.876, 2.635]","[-5.258, -5.514, -5.422, -4.877, -5.577, -5.360]"
170,1,-7.7737,-5.1363,0.365,715,1883,69,241,0.713,85,0.00,3239,3135.63,0,0,11.111(13.888%)(0.000m),19.090(16.844%)(0.000m),37.000(32.647%)(1.821m),26.000(22.941%)(0.643m),26.000(32.500%)(0.643m),10.451(26.128%)(0.048m),18.000(45.000%)(0.857m),132.590,6486.703,60.9,1.3210,"[0.988, 0.633, 0.078, 1.077, 0.803, 0.106]","[2.722, 2.838, 2.333, 2.581, 3.214, 2.574]","[-4.148, -5.065, -7.025, -4.396, -5.360, -6.421]"
171,1,-4.1986,-5.1127,0.351,254,629,18,44,0.712,50,0.00,3265,1071.24,0,0,9.819(12.273%)(0.000m),15.289(13.490%)(0.000m),26.946(23.776%)(0.744m),35.000(30.882%)(1.607m),21.000(26.250%)(0.107m),10.567(26.417%)(0.061m),40.000(100.000%)(3.214m),1732.348,6041.677,57.3,1.3304,"[0.234, 0.443, 0.571, 0.351, 0.592, 0.695]","[2.085, 2.264, 1.987, 2.298, 2.592, 2.001]","[-6.281, -6.154, -5.259, -6.282, -5.452, -4.674]"
172,1,-5.8432,-5.1312,0.267,84,207,20,0,0.710,25,0.00,3274,365.83,0,0,78.639(98.299%)(6.283m),108.000(95.294%)(9.429m),29.054(25.636%)(0.970m),16.485(14.545%)(0.000m),10.587(13.234%)(0.000m),40.000(100.000%)(3.214m),11.393(28.484%)(0.149m),3585.824,7876.914,57.1,1.4523,"[-0.784, -0.268, 0.315, -0.631, 0.034, 0.496]","[2.154, 2.264, 2.148, 2.266, 2.736, 2.356]","[-6.009, -6.532, -5.376, -5.763, -6.337, -5.100]"
173,1,-4.0754,-5.1251,0.398,127,327,15,0,0.709,35,0.00,3287,541.82,0,0,64.000(80.000%)(4.714m),89.000(78.530%)(7.393m),49.911(44.039%)(3.205m),20.508(18.095%)(0.054m),11.314(14.142%)(0.000m),40.000(100.000%)(3.214m),10.008(25.019%)(0.001m),1913.475,5597.521,59.6,1.1610,"[-0.107, 0.416, 0.847, -0.023, 0.600, 0.905]","[2.290, 2.435, 2.246, 2.512, 2.865, 2.323]","[-5.261, -5.331, -4.128, -5.338, -5.405, -3.916]"
174,1,-4.8678,-5.0643,0.311,139,346,15,0,0.707,35,0.00,3301,586.84,0,0,10.445(13.056%)(0.000m),15.889(14.019%)(0.000m),26.960(23.788%)(0.746m),80.000(70.588%)(6.429m),68.000(85.000%)(5.143m),11.663(29.158%)(0.178m),40.000(100.000%)(3.214m),2108.245,6314.775,57.6,1.1517,"[1.374, 1.157, 0.488, 1.347, 1.235, 0.462]","[2.588, 2.725, 2.438, 2.560, 2.986, 2.471]","[-5.565, -5.123, -4.844, -5.731, -4.796, -4.811]"
175,1,-6.5852,-5.0815,0.390,309,784,32,62,0.706,55,0.00,3332,1279.40,0,0,21.000(26.250%)(0.107m),42.000(37.059%)(2.357m),68.000(60.000%)(5.143m),25.178(22.216%)(0.555m),12.362(15.453%)(0.000m),15.000(37.500%)(0.536m),9.769(24.423%)(0.000m),960.461,5052.314,58.7,1.1413,"[0.412, 0.793, 1.032, 0.487, 1.002, 1.156]","[2.168, 2.363, 2.539, 2.185, 2.611, 2.816]","[-5.111, -4.710, -3.401, -5.312, -5.083, -3.492]"
176,1,-4.6004,-4.9920,0.379,254,661,16,71,0.704,50,0.00,3358,1113.88,0,0,15.000(18.750%)(0.000m),65.000(57.353%)(4.821m),105.000(92.647%)(9.107m),53.304(47.033%)(3.568m),27.078(33.847%)(0.758m),10.000(25.000%)(0.000m),19.287(48.217%)(0.995m),1132.465,5087.945,60.2,1.1408,"[1.310, 1.799, 1.772, 1.432, 2.064, 1.888]","[2.296, 2.573, 2.725, 2.350, 2.789, 2.880]","[-1.623, 0.412, 0.285, -1.665, 0.761, 0.190]"
177,1,-6.2914,-5.0034,0.378,209,524,41,2,0.703,45,0.00,3379,937.45,0,0,35.000(43.750%)(1.607m),38.000(33.530%)(1.929m),32.069(28.296%)(1.293m),16.885(14.899%)(0.000m),10.399(12.999%)(0.000m),40.000(100.000%)(3.214m),10.527(26.317%)(0.056m),769.580,3902.604,58.1,1.0734,"[0.151, 0.259, 0.375, 0.318, 0.347, 0.467]","[2.314, 2.400, 2.092, 2.662, 2.701, 2.444]","[-5.246, -5.494, -5.119, -5.598, -6.121, -5.249]"
178,1,-4.4383,-5.0299,0.523,190,482,16,0,0.702,45,0.00,3398,816.62,0,0,11.156(13.945%)(0.000m),20.222(17.843%)(0.024m),49.216(43.426%)(3.130m),59.000(52.059%)(4.179m),43.000(53.750%)(2.464m),9.868(24.671%)(0.000m),40.000(100.000%)(3.214m),1121.895,4524.531,58.7,1.1875,"[0.953, 0.690, 0.506, 1.090, 0.896, 0.594]","[2.381, 2.485, 2.442, 2.386, 2.916, 2.544]","[-5.403, -5.862, -5.805, -5.316, -6.010, -5.552]"
179,1,-1.8099,-4.9353,0.427,234,597,40,1,0.700,50,0.00,3422,1052.79,0,0,32.000(40.000%)(1.286m),53.000(46.765%)(3.536m),72.000(63.530%)(5.571m),27.924(24.638%)(0.849m),13.050(16.313%)(0.000m),40.000(100.000%)(3.214m),9.669(24.173%)(0.000m),895.614,4953.613,59.1,1.5294,"[0.626, 1.402, 1.672, 0.665, 1.580, 1.775]","[2.448, 2.484, 2.548, 2.602, 3.066, 2.796]","[-4.018, -0.613, 0.412, -4.290, -0.602, 0.515]"
180,1,-4.2321,-4.8995,0.421,156,390,20,0,0.699,40,0.00,3438,716.43,0,0,59.000(73.750%)(4.179m),81.000(71.471%)(6.536m),75.698(66.792%)(5.968m),25.690(22.667%)(0.610m),12.426(15.532%)(0.000m),40.000(100.000%)(3.214m),9.695(24.237%)(0.000m),2387.493,7849.404,57.8,1.6002,"[-0.009, 1.040, 1.573, -0.133, 1.176, 1.466]","[2.302, 2.483, 2.570, 2.285, 2.713, 2.353]","[-5.180, -3.139, -0.796, -5.484, -3.111, -0.552]"
181,1,-3.0966,-4.9213,0.313,223,574,50,24,0.697,50,0.00,3461,963.16,0,0,10.557(13.197%)(0.000m),16.849(14.867%)(0.000m),30.997(27.351%)(1.178m),35.000(30.882%)(1.607m),25.000(31.250%)(0.536m),10.952(27.380%)(0.102m),32.000(80.000%)(2.357m),241.394,3055.116,59.5,1.2114,"[0.470, 0.341, 0.230, 0.405, 0.408, 0.243]","[2.113, 2.287, 2.275, 2.021, 2.675, 2.165]","[-5.060, -5.311, -4.975, -5.540, -5.077, -4.877]"
182,1,-6.6433,-4.9509,0.304,198,503,24,19,0.696,45,0.00,3481,838.87,0,0,64.237(80.297%)(4.740m),24.000(21.177%)(0.429m),21.000(18.529%)(0.107m),20.000(17.647%)(0.000m),23.212(29.014%)(0.344m),40.000(100.000%)(3.214m),16.442(41.104%)(0.690m),0.000,6333.281,58.8,1.3018,"[0.674, 1.017, 0.990, 0.485, 1.225, 0.993]","[2.424, 2.521, 2.323, 2.321, 2.779, 2.379]","[-2.735, -3.623, -4.559, -3.067, -3.706, -4.411]"
183,1,-4.4385,-4.9653,0.335,136,346,17,0,0.695,35,0.00,3495,586.90,0,0,11.261(14.076%)(0.000m),19.546(17.246%)(0.000m),42.680(37.659%)(2.430m),88.000(77.647%)(7.286m),64.000(80.000%)(4.714m),10.464(26.159%)(0.050m),40.000(100.000%)(3.214m),2587.505,6111.967,58.9,1.3511,"[0.973, 0.860, -0.008, 1.053, 0.982, 0.074]","[1.863, 2.149, 2.080, 1.943, 2.572, 2.091]","[-5.020, -5.229, -5.600, -5.111, -5.729, -4.851]"
184,1,-6.4381,-4.9955,0.378,296,756,57,80,0.693,55,0.00,3525,1252.32,0,0,21.000(26.250%)(0.107m),65.000(57.353%)(4.821m),104.000(91.765%)(9.000m),46.282(40.837%)(2.816m),22.241(27.802%)(0.240m),12.000(30.000%)(0.214m),15.777(39.443%)(0.619m),2705.409,7038.782,59.1,1.2190,"[1.162, 1.696, 1.747, 1.211, 1.856, 1.760]","[2.573, 2.958, 2.881, 2.565, 3.267, 2.974]","[-0.794, 0.463, 0.612, -1.023, 0.397, 0.468]"
185,1,-2.6138,-4.9638,0.279,283,739,51,12,0.692,55,0.00,3554,1181.51,0,0,15.966(19.957%)(0.000m),34.014(30.012%)(1.501m),77.000(67.941%)(6.107m),68.000(60.000%)(5.143m),32.000(40.000%)(1.286m),11.207(28.018%)(0.129m),16.000(40.000%)(0.643m),1508.235,4502.169,60.4,1.2517,"[1.382, 1.173, 0.434, 1.418, 1.157, 0.248]","[2.348, 2.580, 2.637, 2.456, 3.004, 2.616]","[-1.583, -3.291, -5.791, -1.712, -4.683, -6.116]"
186,1,-9.5437,-5.0237,0.358,322,780,55,39,0.690,55,0.00,3587,1441.37,0,0,13.000(16.250%)(0.000m),25.000(22.059%)(0.536m),70.000(61.765%)(5.357m),35.061(30.936%)(1.614m),16.863(21.079%)(0.000m),10.000(25.000%)(0.000m),11.876(29.689%)(0.201m),1772.582,6608.921,56.0,1.1000,"[1.061, 1.394, 1.371, 1.150, 1.638, 1.500]","[2.858, 2.877, 2.704, 2.850, 3.208, 2.712]","[-4.266, -1.488, -3.395, -4.571, -1.312, -3.826]"
187,1,-5.1477,-5.0776,0.419,363,1015,4,37,0.689,70,0.00,3624,1660.69,0,0,21.000(26.250%)(0.107m),23.000(20.294%)(0.321m),113.333(100.000%)(10.000m),48.309(42.626%)(3.033m),23.094(28.867%)(0.331m),20.000(50.000%)(1.071m),16.332(40.829%)(0.678m),1349.302,4375.256,64.7,1.1325,"[0.716, 0.837, 0.741, 0.677, 0.806, 0.631]","[2.546, 2.582, 2.467, 2.464, 3.012, 2.574]","[-3.477, -4.914, -6.931, -3.680, -6.370, -7.070]"
188,1,-5.8394,-5.1001,0.454,107,263,16,0,0.688,30,0.00,3635,455.01,0,0,78.639(98.299%)(6.283m),101.000(89.118%)(8.679m),27.342(24.125%)(0.787m),15.719(13.869%)(0.000m),10.175(12.719%)(0.000m),40.000(100.000%)(3.214m),11.086(27.714%)(0.116m),4190.402,9358.070,56.8,1.0168,"[-0.195, 0.541, 1.250, -0.200, 0.851, 1.251]","[2.485, 2.415, 2.541, 2.532, 2.977, 2.506]","[-5.753, -6.544, -5.596, -5.484, -6.910, -5.751]"
189,1,-6.3147,-5.1038,0.443,220,546,37,15,0.686,45,0.00,3657,962.20,0,0,21.000(26.250%)(0.107m),19.000(16.765%)(0.000m),21.000(18.529%)(0.107m),37.000(32.647%)(1.821m),55.132(68.915%)(3.764m),21.594(53.986%)(1.242m),40.000(100.000%)(3.214m),0.000,6025.953,57.5,1.1096,"[0.873, 0.729, 0.559, 0.844, 0.948, 0.623]","[2.760, 2.768, 2.734, 2.794, 3.312, 2.753]","[-7.349, -7.467, -6.800, -7.445, -6.544, -6.508]"
190,1,-2.9022,-5.0948,0.318,322,812,22,98,0.685,60,0.00,3690,1392.51,0,0,17.000(21.250%)(0.000m),32.000(28.235%)(1.286m),62.000(54.706%)(4.500m),24.890(21.961%)(0.524m),12.400(15.500%)(0.000m),16.000(40.000%)(0.643m),9.924(24.810%)(0.000m),880.156,4792.757,58.4,1.2612,"[0.548, 0.621, 0.519, 0.592, 0.827, 0.511]","[2.358, 2.531, 2.246, 2.394, 2.838, 2.254]","[-5.501, -3.431, -5.540, -5.942, -3.479, -5.203]"
191,1,-2.7918,-5.0501,0.331,427,1098,17,26,0.684,65,0.00,3733,1832.38,0,0,25.128(31.410%)(0.549m),52.073(45.947%)(3.436m),20.124(17.756%)(0.013m),12.890(11.374%)(0.000m),8.966(11.208%)(0.000m),17.908(44.771%)(0.847m),11.062(27.656%)(0.114m),1599.206,6014.469,59.5,1.1785,"[0.741, 0.873, 0.387, 0.766, 0.958, 0.205]","[2.334, 2.458, 2.251, 2.243, 2.764, 2.206]","[-5.540, -6.120, -5.431, -5.215, -6.136, -5.426]"
192,1,-5.9401,-5.1093,0.415,196,513,18,0,0.682,45,0.00,3753,849.53,0,0,11.596(14.496%)(0.000m),21.020(18.547%)(0.109m),51.158(45.139%)(3.338m),75.000(66.177%)(5.893m),35.000(43.750%)(1.607m),10.258(25.644%)(0.028m),40.000(100.000%)(3.214m),2983.150,6433.215,60.6,1.0976,"[0.852, 0.944, 0.116, 0.869, 0.955, -0.221]","[1.731, 1.825, 1.776, 1.817, 2.264, 1.704]","[-4.691, -4.997, -5.243, -4.833, -5.387, -5.340]"
193,1,-7.4606,-5.1167,0.387,260,642,65,32,0.681,50,0.00,3779,1098.92,0,0,24.000(30.000%)(0.429m),29.000(25.588%)(0.964m),33.188(29.283%)(1.413m),17.179(15.158%)(0.000m),10.486(13.107%)(0.000m),40.000(100.000%)(3.214m),10.486(26.215%)(0.052m),293.800,4489.588,57.2,1.1127,"[-0.230, -0.061, 0.128, -0.124, 0.272, 0.238]","[1.895, 1.911, 1.643, 1.872, 2.121, 1.603]","[-5.594, -6.228, -6.050, -5.736, -5.872, -5.660]"
194,1,-5.4216,-5.1015,0.309,92,225,16,0,0.680,25,0.00,3789,413.15,0,0,77.786(97.233%)(6.191m),106.000(93.530%)(9.214m),27.264(24.056%)(0.778m),15.873(14.006%)(0.000m),10.355(12.944%)(0.000m),40.000(100.000%)(3.214m),11.422(28.554%)(0.152m),3529.698,7879.276,56.6,1.2877,"[-1.138, -0.619, 0.058, -1.125, -0.377, 0.135]","[1.975, 2.187, 2.028, 2.021, 2.674, 2.165]","[-5.303, -6.224, -5.444, -5.511, -6.283, -5.517]"
195,1,-3.7824,-5.0779,0.294,230,574,17,0,0.678,50,0.00,3812,1019.45,0,0,10.469(13.086%)(0.000m),17.151(15.133%)(0.000m),33.133(29.235%)(1.407m),52.000(45.882%)(3.429m),34.000(42.500%)(1.500m),10.469(26.172%)(0.050m),40.000(100.000%)(3.214m),1372.458,4525.801,57.8,1.4576,"[0.521, 0.506, 0.180, 0.606, 0.531, 0.238]","[1.884, 2.089, 1.724, 1.936, 2.350, 1.911]","[-5.130, -5.115, -4.488, -5.367, -5.065, -4.777]"
196,1,-3.7897,-5.0547,0.314,169,442,42,16,0.677,40,0.00,3829,777.07,0,0,62.995(78.744%)(4.607m),21.000(18.529%)(0.107m),20.000(17.647%)(0.000m),20.000(17.647%)(0.000m),62.178(77.722%)(4.519m),40.000(100.000%)(3.214m),40.000(100.000%)(3.214m),0.000,2432.276,60.6,1.3123,"[0.070, -0.264, -0.498, 0.068, -0.150, -0.522]","[1.534, 1.764, 1.542, 1.579, 2.076, 1.624]","[-3.522, -4.856, -5.096, -3.611, -5.352, -5.171]"
197,1,-2.9381,-4.9267,0.316,226,587,7,50,0.675,50,0.00,3852,982.36,0,0,12.000(15.000%)(0.000m),24.000(21.177%)(0.429m),64.000(56.471%)(4.714m),68.619(60.546%)(5.209m),36.033(45.042%)(1.718m),10.000(25.000%)(0.000m),25.904(64.761%)(1.704m),343.167,3750.576,60.1,1.1207,"[0.738, 0.710, 0.212, 0.793, 0.780, 0.229]","[1.544, 1.720, 1.472, 1.597, 2.066, 1.595]","[-1.855, -3.173, -5.928, -1.545, -4.492, -5.528]"
198,1,-2.3486,-4.8720,0.348,241,635,38,0,0.674,50,0.00,3877,1014.03,0,0,12.752(15.940%)(0.000m),26.706(23.564%)(0.718m),104.800(92.471%)(9.086m),65.000(57.353%)(4.821m),36.000(45.000%)(1.714m),9.823(24.557%)(0.000m),26.000(65.000%)(1.714m),1665.036,5581.700,61.0,1.6376,"[0.952, 0.803, -0.110, 0.891, 0.800, -0.425]","[1.635, 1.544, 1.372, 1.593, 1.864, 1.534]","[-0.327, -0.944, -4.672, -0.654, -2.439, -5.004]"
199,1,-3.0527,-4.8107,0.285,202,506,0,13,0.673,45,0.00,3898,915.25,0,0,49.487(61.859%)(3.159m),96.300(84.971%)(8.175m),60.000(52.941%)(4.286m),26.000(22.941%)(0.643m),25.000(31.250%)(0.536m),36.069(90.173%)(2.793m),40.000(100.000%)(3.214m),0.000,3055.445,58.0,1.3835,"[0.302, 0.391, 0.527, 0.311, 0.459, 0.598]","[1.878, 2.022, 1.661, 1.873, 2.327, 1.758]","[-4.735, -4.582, -3.553, -4.951, -5.110, -3.220]"
200,1,-4.7324,-4.7708,0.269,103,275,15,0,0.671,30,0.00,3909,492.51,0,0,10.233(12.792%)(0.000m),16.332(14.411%)(0.000m),30.046(26.511%)(1.076m),92.000(81.177%)(7.714m),71.000(88.750%)(5.464m),10.616(26.539%)(0.066m),40.000(100.000%)(3.214m),2304.370,5406.117,61.7,1.3073,"[0.299, 0.030, -0.476, 0.212, 0.038, -0.559]","[1.623, 1.829, 1.672, 1.703, 2.176, 1.742]","[-5.725, -5.629, -4.978, -6.341, -5.342, -4.840]"
201,1,-2.6576,-4.7387,0.416,255,661,111,0,0.670,50,0.00,3935,1081.32,0,0,11.988(14.985%)(0.000m),23.095(20.378%)(0.332m),67.712(59.746%)(5.112m),79.000(69.706%)(6.321m),39.000(48.750%)(2.036m),9.964(24.910%)(0.000m),31.000(77.500%)(2.250m),2019.982,5486.679,59.9,1.2144,"[0.874, 0.429, -0.959, 1.019, 0.191, -1.238]","[1.842, 2.151, 1.598, 1.950, 2.227, 1.622]","[-3.769, -4.867, -5.592, -3.841, -5.803, -5.723]"
202,1,-7.0299,-4.6763,0.321,220,570,0,31,0.669,50,0.00,3957,938.21,0,0,31.155(38.944%)(1.195m),60.508(53.389%)(4.340m),83.000(73.236%)(6.750m),26.000(22.941%)(0.643m),13.000(16.250%)(0.000m),22.253(55.632%)(1.313m),29.469(73.672%)(2.086m),1373.108,6574.901,59.9,1.0839,"[0.166, 0.459, 0.494, 0.124, 0.510, 0.410]","[2.072, 2.162, 1.923, 2.054, 2.521, 1.900]","[-5.327, -4.530, -3.177, -5.622, -5.112, -3.226]"
203,1,-4.7655,-4.6673,0.279,120,313,15,0,0.667,35,0.00,3969,510.84,0,0,11.525(14.406%)(0.000m),20.890(18.433%)(0.095m),50.842(44.861%)(3.304m),91.000(80.294%)(7.607m),64.000(80.000%)(4.714m),10.194(25.486%)(0.021m),40.000(100.000%)(3.214m),4355.642,7070.920,60.4,1.0985,"[0.442, 0.049, -0.574, 0.444, 0.121, -0.744]","[2.027, 2.025, 1.722, 2.063, 2.461, 1.791]","[-4.447, -5.169, -5.067, -5.153, -5.518, -5.535]"
204,1,-3.6659,-4.6364,0.241,243,623,25,63,0.666,50,0.00,3994,1040.58,0,0,11.832(14.790%)(0.000m),22.224(19.609%)(0.238m),57.004(50.298%)(3.965m),48.000(42.353%)(3.000m),22.000(27.500%)(0.214m),10.084(25.209%)(0.009m),21.000(52.500%)(1.179m),1346.244,5413.012,59.3,1.1143,"[-0.067, 0.120, 0.194, 0.094, 0.313, 0.339]","[1.789, 2.005, 1.999, 1.825, 2.285, 2.076]","[-3.925, -5.215, -4.740, -4.046, -4.727, -4.297]"
205,1,-5.1251,-4.6757,0.346,157,400,18,0,0.665,40,0.00,4010,717.17,0,0,10.857(13.572%)(0.000m),18.291(16.139%)(0.000m),37.386(32.988%)(1.863m),71.000(62.647%)(5.464m),53.000(66.250%)(3.536m),10.466(26.166%)(0.050m),40.000(100.000%)(3.214m),1962.777,5651.066,58.9,1.1880,"[0.730, 0.588, -0.161, 0.871, 0.563, -0.171]","[1.942, 2.089, 1.955, 1.949, 2.319, 2.038]","[-5.457, -5.342, -5.118, -5.291, -5.180, -4.784]"
206,1,-3.6574,-4.6418,0.249,129,337,18,0,0.663,35,0.00,4023,579.61,0,0,11.484(14.356%)(0.000m),20.584(18.162%)(0.063m),48.627(42.907%)(3.067m),86.000(75.883%)(7.071m),62.000(77.500%)(4.500m),10.285(25.712%)(0.031m),40.000(100.000%)(3.214m),2148.537,5061.173,60.5,1.2565,"[0.457, 0.481, -0.404, 0.598, 0.364, -0.608]","[1.674, 1.979, 1.782, 1.624, 2.125, 1.722]","[-5.730, -5.360, -5.271, -5.567, -5.613, -5.511]"
207,1,-6.5408,-4.6934,0.279,226,547,77,0,0.662,45,0.00,4046,1028.11,0,0,46.000(57.500%)(2.786m),70.000(61.765%)(5.357m),75.303(66.444%)(5.925m),25.826(22.788%)(0.624m),12.492(15.615%)(0.000m),40.000(100.000%)(3.214m),9.746(24.366%)(0.000m),3487.190,10433.683,56.0,2.0949,"[0.119, 1.167, 1.697, -0.114, 1.351, 1.713]","[2.245, 2.511, 2.360, 2.137, 2.902, 2.406]","[-4.882, -2.945, -0.340, -5.145, -3.122, -0.346]"
208,1,-2.9907,-4.6677,0.247,123,332,19,0,0.661,35,0.00,4059,603.51,0,0,56.000(70.000%)(3.857m),67.000(59.118%)(5.036m),22.401(19.766%)(0.257m),13.802(12.179%)(0.000m),9.342(11.678%)(0.000m),40.000(100.000%)(3.214m),10.962(27.405%)(0.103m),1262.335,3920.230,62.4,1.1634,"[-0.241, -0.231, 0.084, -0.433, -0.131, -0.192]","[2.202, 2.238, 2.164, 2.053, 2.644, 2.098]","[-5.243, -6.249, -5.812, -5.299, -6.338, -5.934]"
209,1,-4.6992,-4.6849,0.364,142,358,22,0,0.659,35,0.00,4074,599.25,0,0,12.739(15.924%)(0.000m),26.971(23.798%)(0.747m),83.318(73.516%)(6.784m),88.000(77.647%)(7.286m),65.000(81.250%)(4.821m),9.687(24.217%)(0.000m),40.000(100.000%)(3.214m),3288.003,7678.615,58.3,1.2849,"[0.679, 0.415, -0.748, 0.732, 0.303, -0.868]","[1.894, 1.995, 1.699, 1.920, 2.336, 1.798]","[-2.497, -3.277, -5.191, -2.520, -4.322, -5.452]"
210,1,-5.2386,-4.6773,0.318,237,627,12,84,0.658,50,0.00,4098,997.31,0,0,31.894(39.868%)(1.274m),61.459(54.229%)(4.442m),113.333(100.000%)(10.000m),49.000(43.235%)(3.107m),16.000(20.000%)(0.000m),22.829(57.073%)(1.375m),11.000(27.500%)(0.107m),1181.221,5144.000,61.3,1.0985,"[0.708, 0.619, 0.508, 0.777, 0.805, 0.354]","[1.971, 2.019, 1.709, 1.927, 2.420, 1.820]","[-0.478, -0.246, -0.857, -0.609, -0.344, -1.555]"
211,1,-5.3454,-4.6994,0.325,231,588,79,0,0.657,50,0.00,4122,969.11,0,0,9.990(12.487%)(0.000m),16.221(14.313%)(0.000m),30.807(27.182%)(1.158m),58.000(51.177%)(4.071m),32.000(40.000%)(1.286m),9.801(24.503%)(0.000m),40.000(100.000%)(3.214m),4022.215,8850.855,58.9,1.1873,"[0.544, 0.337, -1.064, 0.689, 0.136, -1.361]","[1.872, 2.021, 1.907, 1.954, 2.372, 1.922]","[-5.925, -5.855, -5.675, -6.353, -5.527, -5.709]"
212,1,-5.7682,-4.7820,0.317,240,604,79,22,0.655,50,0.00,4146,976.95,0,0,15.008(18.760%)(0.000m),31.904(28.151%)(1.275m),33.000(29.118%)(1.393m),17.000(15.000%)(0.000m),11.000(13.750%)(0.000m),10.541(26.353%)(0.058m),40.000(100.000%)(3.214m),2993.875,7175.168,58.3,1.2549,"[0.602, 0.579, -0.664, 0.781, 0.378, -0.757]","[2.160, 2.294, 2.013, 2.160, 2.713, 2.027]","[-6.359, -8.151, -7.355, -6.018, -7.767, -6.982]"
213,1,-4.8447,-4.7528,0.285,189,483,15,12,0.654,45,0.00,4165,790.23,0,0,35.542(44.428%)(1.665m),72.085(63.604%)(5.580m),38.000(33.530%)(1.929m),21.000(18.529%)(0.107m),28.000(35.000%)(0.857m),25.561(63.903%)(1.667m),40.000(100.000%)(3.214m),0.000,5464.750,59.1,0.9304,"[0.547, 0.622, 0.626, 0.522, 0.780, 0.631]","[2.017, 2.048, 1.759, 2.030, 2.372, 1.856]","[-5.608, -7.683, -7.124, -5.624, -7.702, -6.623]"
214,1,-5.1671,-4.7418,0.335,128,317,19,0,0.653,35,0.00,4178,546.56,0,0,76.000(95.000%)(6.000m),89.000(78.530%)(7.393m),46.420(40.959%)(2.831m),20.205(17.828%)(0.022m),11.397(14.247%)(0.000m),40.000(100.000%)(3.214m),10.333(25.833%)(0.036m),4056.312,8524.472,57.3,1.3352,"[-0.015, 0.417, 0.830, -0.078, 0.650, 0.841]","[1.867, 2.179, 2.089, 1.880, 2.641, 2.185]","[-5.149, -5.965, -4.398, -5.367, -6.052, -4.484]"
215,1,-6.2826,-4.7628,0.362,179,461,27,0,0.652,40,0.00,4196,832.37,0,0,9.694(12.117%)(0.000m),14.746(13.011%)(0.000m),25.021(22.078%)(0.538m),49.000(43.235%)(3.107m),41.000(51.250%)(2.250m),10.824(27.061%)(0.088m),38.017(95.042%)(3.002m),983.984,3758.486,59.6,1.1253,"[-0.116, -0.409, -0.286, -0.031, -0.292, -0.172]","[1.836, 1.990, 1.907, 1.855, 2.356, 1.934]","[-5.670, -6.083, -4.924, -6.221, -5.128, -4.532]"
216,1,-4.0126,-4.7825,0.261,153,394,19,0,0.650,40,0.00,4212,660.81,0,0,11.722(14.653%)(0.000m),22.018(19.428%)(0.216m),56.986(50.282%)(3.963m),66.000(58.235%)(4.929m),53.000(66.250%)(3.536m),9.990(24.976%)(0.000m),40.000(100.000%)(3.214m),1567.097,5185.118,59.6,1.2029,"[0.727, 0.365, -0.133, 0.693, 0.602, -0.171]","[1.928, 2.036, 1.750, 1.985, 2.501, 1.827]","[-4.687, -5.503, -5.049, -4.698, -5.201, -4.842]"
217,1,-5.3536,-4.8120,0.345,352,942,77,74,0.649,65,0.00,4248,1536.15,0,0,12.273(15.341%)(0.000m),24.634(21.736%)(0.497m),74.635(65.855%)(5.854m),68.000(60.000%)(5.143m),19.000(23.750%)(0.000m),9.822(24.555%)(0.000m),14.000(35.000%)(0.429m),1397.368,4164.135,61.9,1.2212,"[0.823, 0.655, 0.124, 0.895, 0.640, -0.114]","[1.892, 2.043, 1.986, 1.975, 2.365, 1.853]","[-2.699, -3.179, -4.124, -3.062, -3.719, -4.536]"
218,1,-5.5675,-4.8399,0.388,194,490,15,0,0.648,45,0.00,4268,853.79,0,0,42.000(52.500%)(2.357m),49.000(43.235%)(3.107m),22.253(19.635%)(0.241m),14.123(12.461%)(0.000m),9.759(12.198%)(0.000m),35.333(88.331%)(2.714m),11.889(29.722%)(0.202m),846.171,3866.524,58.5,1.4459,"[0.672, 0.684, 0.657, 0.672, 0.738, 0.742]","[2.400, 2.408, 2.000, 2.324, 2.710, 2.188]","[-5.127, -6.323, -6.046, -4.994, -7.004, -6.004]"
219,1,-3.7801,-4.8489,0.373,254,671,45,23,0.646,55,0.00,4294,1103.71,0,0,17.823(22.279%)(0.000m),37.407(33.006%)(1.865m),112.000(98.824%)(9.857m),59.000(52.059%)(4.179m),36.000(45.000%)(1.714m),12.574(31.436%)(0.276m),11.000(27.500%)(0.107m),1400.667,5620.651,61.1,1.3191,"[1.294, 1.322, 0.581, 1.317, 1.259, 0.407]","[2.549, 2.618, 2.395, 2.474, 3.076, 2.555]","[-0.226, -0.685, -3.153, -0.157, -0.965, -3.609]"
220,1,-5.8988,-4.8114,0.293,130,326,20,0,0.645,35,0.00,4307,570.25,0,0,10.881(13.602%)(0.000m),17.827(15.730%)(0.000m),34.439(30.388%)(1.547m),84.000(74.118%)(6.857m),71.000(88.750%)(5.464m),10.881(27.203%)(0.094m),40.000(100.000%)(3.214m),2082.936,5870.332,58.1,1.0892,"[0.746, 0.597, 0.198, 0.754, 0.759, 0.271]","[2.403, 2.650, 2.321, 2.419, 2.949, 2.416]","[-5.480, -5.534, -4.947, -5.745, -4.799, -4.924]"
221,1,-2.8494,-4.7844,0.392,220,582,11,62,0.644,50,0.00,4329,947.78,0,0,12.000(15.000%)(0.000m),21.000(18.529%)(0.107m),61.000(53.824%)(4.393m),67.659(59.699%)(5.106m),32.719(40.899%)(1.363m),10.000(25.000%)(0.000m),23.442(58.605%)(1.440m),802.225,3726.378,61.3,1.1954,"[1.221, 1.230, 1.221, 1.283, 1.365, 1.175]","[2.567, 2.719, 2.412, 2.439, 3.139, 2.429]","[-3.085, -4.017, -5.009, -2.793, -4.895, -4.987]"
222,1,-5.5922,-4.7794,0.424,215,552,18,10,0.642,45,0.00,4351,922.27,0,0,30.000(37.500%)(1.071m),40.000(35.294%)(2.143m),69.000(60.883%)(5.250m),25.976(22.920%)(0.640m),12.564(15.705%)(0.000m),40.000(100.000%)(3.214m),9.803(24.506%)(0.000m),557.322,4258.636,59.4,1.3897,"[0.364, 0.830, 1.433, 0.273, 0.966, 1.239]","[2.840, 2.916, 2.906, 2.681, 3.411, 2.919]","[-5.923, -3.989, -2.462, -6.019, -4.258, -2.837]"
223,1,-4.3039,-4.7839,0.289,141,374,20,0,0.641,35,0.00,4366,605.71,0,0,49.000(61.250%)(3.107m),66.000(58.235%)(4.929m),33.456(29.520%)(1.442m),17.011(15.010%)(0.000m),10.289(12.862%)(0.000m),40.000(100.000%)(3.214m),10.164(25.411%)(0.018m),1374.834,5099.462,61.4,1.1393,"[0.178, 0.706, 1.329, 0.063, 0.723, 1.053]","[2.996, 3.028, 2.860, 3.073, 3.298, 2.830]","[-5.682, -6.228, -4.810, -5.738, -6.439, -5.058]"
224,1,-3.4519,-4.7556,0.299,162,423,20,0,0.640,40,0.00,4383,844.31,0,0,45.000(56.250%)(2.679m),56.000(49.412%)(3.857m),36.536(32.237%)(1.772m),18.231(16.087%)(0.000m),10.925(13.657%)(0.000m),40.000(100.000%)(3.214m),10.661(26.654%)(0.071m),930.513,3809.909,60.4,2.2391,"[0.611, 0.816, 0.985, 0.546, 0.927, 0.888]","[2.568, 2.838, 2.734, 2.511, 3.050, 2.755]","[-5.318, -5.949, -5.153, -5.378, -6.104, -5.430]"
225,1,-6.2058,-4.7480,0.420,284,734,62,72,0.639,55,0.00,4412,1211.41,0,0,13.093(16.366%)(0.000m),28.139(24.829%)(0.872m),74.271(65.534%)(5.815m),30.000(26.471%)(1.071m),15.000(18.750%)(0.000m),9.700(24.251%)(0.000m),16.000(40.000%)(0.643m),2144.384,6802.498,59.8,1.1624,"[0.168, 0.290, -0.338, 0.281, 0.134, -0.441]","[2.360, 2.523, 2.391, 2.481, 2.986, 2.611]","[-5.226, -3.401, -5.357, -4.993, -4.242, -5.582]"
226,1,-3.8093,-4.7322,0.406,269,704,8,40,0.637,55,0.00,4439,1167.15,0,0,28.465(35.581%)(0.907m),58.981(52.042%)(4.177m),98.000(86.471%)(8.357m),63.000(55.588%)(4.607m),29.000(36.250%)(0.964m),20.278(50.694%)(1.101m),12.000(30.000%)(0.214m),1216.155,5017.495,60.5,1.2593,"[1.600, 1.529, 1.146, 1.681, 1.654, 1.024]","[2.812, 2.860, 2.698, 2.741, 3.339, 2.776]","[-0.199, -1.067, -0.674, 0.251, -1.293, -1.400]"
227,1,-5.7700,-4.7218,0.385,142,350,16,0,0.636,35,0.00,4454,674.82,0,0,76.000(95.000%)(6.000m),94.000(82.941%)(7.929m),72.202(63.708%)(5.593m),27.090(23.903%)(0.760m),12.779(15.974%)(0.000m),40.000(100.000%)(3.214m),9.717(24.293%)(0.000m),3187.028,7660.067,57.0,1.2199,"[0.027, 0.927, 1.763, -0.144, 1.127, 1.786]","[2.644, 2.869, 2.817, 2.575, 3.205, 2.982]","[-5.638, -4.042, -1.145, -6.013, -3.948, -1.398]"
228,1,-5.1447,-4.7359,0.370,147,368,16,0,0.635,35,0.00,4469,647.21,0,0,9.850(12.312%)(0.000m),15.216(13.426%)(0.000m),26.467(23.353%)(0.693m),75.000(66.177%)(5.893m),63.000(78.750%)(4.607m),10.731(26.827%)(0.078m),40.000(100.000%)(3.214m),2205.557,7080.603,57.9,1.3438,"[1.378, 1.208, 0.691, 1.294, 1.504, 0.639]","[2.728, 2.795, 2.528, 2.562, 3.255, 2.534]","[-5.918, -6.206, -5.566, -6.213, -5.480, -5.329]"
229,1,-5.4492,-4.8087,0.398,218,553,55,30,0.634,45,0.00,4491,936.39,0,0,26.000(32.500%)(0.643m),30.000(26.471%)(1.071m),35.445(31.275%)(1.655m),17.687(15.606%)(0.000m),10.599(13.249%)(0.000m),40.000(100.000%)(3.214m),10.343(25.858%)(0.037m),370.503,3941.624,58.7,1.2342,"[0.010, 0.007, 0.115, -0.024, 0.243, 0.028]","[2.185, 2.293, 2.236, 2.132, 2.537, 2.106]","[-5.581, -5.946, -6.170, -5.865, -5.886, -5.501]"
230,1,-5.0089,-4.8242,0.327,183,479,19,0,0.632,45,0.00,4510,800.71,0,0,11.396(14.245%)(0.000m),19.988(17.636%)(0.000m),44.734(39.471%)(2.650m),61.000(53.824%)(4.393m),43.000(53.750%)(2.464m),10.460(26.150%)(0.049m),40.000(100.000%)(3.214m),1135.635,3836.676,60.6,1.3788,"[0.970, 0.868, 0.199, 1.018, 0.667, 0.126]","[2.174, 2.482, 2.262, 2.288, 2.812, 2.242]","[-4.860, -5.281, -5.387, -4.738, -5.464, -5.307]"
231,1,-4.3394,-4.8491,0.348,179,463,44,0,0.631,40,0.00,4528,762.94,0,0,12.448(15.560%)(0.000m),25.736(22.708%)(0.615m),94.601(83.472%)(7.993m),71.000(62.647%)(5.464m),45.000(56.250%)(2.679m),9.712(24.280%)(0.000m),40.000(100.000%)(3.214m),2086.908,5793.214,59.8,1.2606,"[1.526, 1.183, -0.386, 1.627, 1.029, -0.477]","[2.510, 2.696, 2.411, 2.569, 3.057, 2.593]","[-2.580, -3.124, -5.249, -2.763, -4.160, -5.415]"
232,1,-5.4491,-4.8252,0.349,121,328,21,0,0.630,35,0.00,4541,507.47,0,0,11.624(14.530%)(0.000m),20.834(18.383%)(0.089m),49.218(43.428%)(3.131m),75.000(66.177%)(5.893m),58.000(72.500%)(4.071m),10.410(26.024%)(0.044m),40.000(100.000%)(3.214m),1857.936,5102.866,62.7,1.0959,"[0.822, 0.518, 0.055, 0.715, 0.673, -0.019]","[2.343, 2.414, 2.174, 2.436, 2.961, 2.403]","[-4.502, -5.029, -5.277, -4.713, -4.885, -5.399]"
233,1,-4.8296,-4.8330,0.278,116,297,16,0,0.628,30,0.00,4553,492.35,0,0,9.688(12.110%)(0.000m),15.085(13.311%)(0.000m),26.588(23.460%)(0.706m),89.000(78.530%)(7.393m),73.000(91.250%)(5.679m),10.426(26.066%)(0.046m),40.000(100.000%)(3.214m),3107.919,7196.756,59.2,1.2777,"[0.997, 0.861, 0.398, 0.952, 1.019, 0.193]","[2.440, 2.489, 2.398, 2.342, 2.752, 2.447]","[-6.090, -5.938, -5.365, -6.115, -5.210, -5.687]"
234,1,-3.0410,-4.7651,0.361,175,471,11,12,0.627,45,0.00,4571,764.19,0,0,29.000(36.250%)(0.964m),47.000(41.471%)(2.893m),61.123(53.932%)(4.406m),23.341(20.595%)(0.358m),12.115(15.144%)(0.000m),40.000(100.000%)(3.214m),10.070(25.175%)(0.008m),638.405,3730.951,62.2,1.3324,"[0.288, 0.605, 0.959, 0.284, 0.633, 0.740]","[2.545, 2.709, 2.579, 2.533, 3.005, 2.432]","[-5.730, -4.370, -2.453, -5.629, -4.550, -2.875]"
235,1,-4.7500,-4.8078,0.391,118,290,18,0,0.626,30,0.00,4583,505.82,0,0,12.141(15.176%)(0.000m),24.371(21.504%)(0.468m),66.365(58.558%)(4.968m),109.000(96.177%)(9.536m),77.067(96.334%)(6.114m),9.717(24.293%)(0.000m),40.000(100.000%)(3.214m),4016.287,9004.780,56.9,1.0769,"[1.286, 0.935, -0.555, 1.289, 0.827, -0.775]","[2.300, 2.388, 2.222, 2.259, 2.745, 2.274]","[-4.199, -4.626, -4.987, -4.106, -5.327, -5.422]"
236,1,-6.0906,-4.7388,0.390,311,792,50,0,0.625,55,0.00,4615,1256.69,0,0,34.000(42.500%)(1.500m),59.000(52.059%)(4.179m),74.000(65.294%)(5.786m),25.096(22.143%)(0.546m),12.322(15.403%)(0.000m),23.000(57.500%)(1.393m),9.737(24.343%)(0.000m),2014.140,5470.991,58.9,1.0590,"[0.691, 1.203, 1.395, 0.523, 1.376, 1.336]","[2.751, 2.750, 2.404, 2.545, 3.211, 2.430]","[-4.621, -1.167, 0.665, -5.096, -0.913, 0.560]"
237,1,-5.6263,-4.7483,0.412,463,1238,49,131,0.623,75,0.00,4662,1895.28,0,0,12.000(15.000%)(0.000m),22.000(19.412%)(0.214m),66.000(58.235%)(4.929m),39.812(35.128%)(2.123m),18.823(23.528%)(0.000m),10.000(25.000%)(0.000m),13.250(33.124%)(0.348m),701.485,4175.553,61.9,1.2209,"[0.203, 0.426, 0.607, 0.081, 0.404, 0.492]","[2.316, 2.659, 2.394, 2.243, 2.892, 2.450]","[-4.853, -4.365, -6.869, -5.421, -5.578, -6.964]"
238,1,-4.7387,-4.7263,0.306,231,595,16,0,0.622,50,0.00,4686,960.78,0,0,10.661(13.326%)(0.000m),17.625(15.552%)(0.000m),34.664(30.586%)(1.571m),63.000(55.588%)(4.607m),32.000(40.000%)(1.286m),10.531(26.328%)(0.057m),28.000(70.000%)(1.929m),1470.035,4711.742,59.7,1.1920,"[1.261, 1.272, 1.033, 1.261, 1.505, 1.093]","[2.780, 2.931, 2.823, 2.683, 3.367, 2.783]","[-5.595, -5.986, -4.880, -5.851, -5.621, -4.625]"
239,1,-4.8503,-4.6970,0.375,245,622,12,36,0.621,50,0.00,4711,1040.39,0,0,22.000(27.500%)(0.214m),42.000(37.059%)(2.357m),60.475(53.361%)(4.337m),22.697(20.027%)(0.289m),11.781(14.726%)(0.000m),27.000(67.500%)(1.821m),9.792(24.481%)(0.000m),1803.916,5045.355,58.8,1.2942,"[0.714, 0.845, 0.805, 0.713, 1.029, 0.796]","[2.473, 2.758, 2.597, 2.583, 3.066, 2.650]","[-5.408, -5.351, -4.234, -5.656, -5.576, -4.307]"
240,1,-6.3313,-4.7656,0.325,436,1182,6,82,0.620,70,0.00,4755,1924.08,0,0,13.000(16.250%)(0.000m),24.000(21.177%)(0.429m),65.000(57.353%)(4.821m),28.000(24.706%)(0.857m),21.000(26.250%)(0.107m),10.000(25.000%)(0.000m),16.983(42.457%)(0.748m),48.612,3833.006,62.8,1.3080,"[0.105, 0.375, 0.420, -0.009, 0.332, 0.387]","[2.689, 3.030, 2.800, 2.655, 3.342, 2.922]","[-5.007, -5.152, -7.353, -5.372, -6.560, -7.151]"
241,1,-3.7343,-4.7845,0.309,226,601,28,0,0.618,50,0.00,4778,981.98,0,0,35.000(43.750%)(1.607m),78.000(68.824%)(6.214m),78.523(69.285%)(6.270m),29.061(25.643%)(0.971m),13.168(16.460%)(0.000m),25.000(62.500%)(1.607m),9.756(24.390%)(0.000m),2525.594,5826.871,61.6,1.5983,"[0.164, 0.923, 1.171, -0.045, 1.015, 1.160]","[2.414, 2.722, 2.623, 2.442, 3.164, 2.786]","[-5.644, -4.160, -2.269, -5.920, -4.507, -2.281]"
242,1,-2.6607,-4.7189,0.298,177,459,0,13,0.617,40,0.00,4796,761.22,0,0,46.498(58.123%)(2.839m),85.976(75.861%)(7.069m),64.000(56.471%)(4.714m),34.000(30.000%)(1.500m),25.000(31.250%)(0.536m),33.998(84.996%)(2.571m),40.000(100.000%)(3.214m),759.173,3392.980,60.0,1.2992,"[0.519, 0.738, 1.060, 0.447, 0.852, 1.032]","[2.571, 2.789, 2.448, 2.547, 3.139, 2.544]","[-4.819, -3.397, -1.184, -5.012, -3.388, -1.471]"
243,1,-3.4648,-4.6390,0.336,328,868,69,110,0.616,60,0.00,4829,1390.30,0,0,21.000(26.250%)(0.107m),47.000(41.471%)(2.893m),91.000(80.294%)(7.607m),29.422(25.960%)(1.009m),13.586(16.982%)(0.000m),15.000(37.500%)(0.536m),9.607(24.016%)(0.000m),2051.401,6278.502,61.3,1.2867,"[0.115, 0.546, 0.884, -0.130, 0.662, 0.736]","[2.353, 2.451, 2.399, 2.427, 2.901, 2.392]","[-5.218, -2.864, -1.315, -5.984, -2.737, -1.092]"
244,1,-4.8246,-4.6270,0.325,195,500,2,26,0.615,45,0.00,4849,881.08,0,0,33.432(41.790%)(1.439m),69.154(61.019%)(5.267m),42.000(37.059%)(2.357m),20.000(17.647%)(0.000m),21.000(26.250%)(0.107m),23.942(59.854%)(1.494m),40.000(100.000%)(3.214m),1745.346,5573.779,59.4,1.3594,"[0.667, 1.015, 1.196, 0.739, 1.231, 1.168]","[2.061, 2.285, 2.221, 2.267, 2.764, 2.191]","[-5.702, -7.087, -6.185, -5.445, -7.045, -6.272]"
245,1,-5.8896,-4.6692,0.393,191,489,23,0,0.614,45,0.00,4869,859.29,0,0,11.582(14.477%)(0.000m),21.237(18.739%)(0.133m),53.232(46.970%)(3.561m),50.000(44.118%)(3.214m),37.000(46.250%)(1.821m),10.119(25.297%)(0.013m),40.000(100.000%)(3.214m),858.558,4172.171,59.2,1.3506,"[0.456, 0.253, 0.192, 0.488, 0.320, 0.325]","[2.449, 2.720, 2.500, 2.381, 3.040, 2.731]","[-5.006, -5.700, -5.182, -5.041, -5.589, -5.186]"
246,1,-3.2913,-4.6592,0.274,185,497,10,28,0.612,45,0.00,4888,829.24,0,0,14.000(17.500%)(0.000m),29.000(25.588%)(0.964m),52.000(45.882%)(3.429m),76.000(67.059%)(6.000m),42.964(53.706%)(2.460m),40.000(100.000%)(3.214m),31.001(77.504%)(2.250m),312.063,3016.858,62.2,1.3463,"[0.646, 0.437, 0.080, 0.625, 0.428, -0.038]","[2.316, 2.467, 2.074, 2.311, 2.875, 2.035]","[-3.939, -5.215, -6.244, -4.190, -6.231, -6.383]"
247,1,-5.2600,-4.7056,0.366,222,591,7,23,0.611,50,0.00,4911,972.37,0,0,26.477(33.096%)(0.694m),54.965(48.499%)(3.746m),113.333(100.000%)(10.000m),61.000(53.824%)(4.393m),11.000(13.750%)(0.000m),18.818(47.045%)(0.945m),11.000(27.500%)(0.107m),1725.860,5515.841,61.6,1.1877,"[1.013, 1.232, 0.953, 1.110, 1.459, 0.931]","[1.820, 2.194, 2.054, 2.018, 2.646, 2.220]","[-0.334, -0.939, -1.047, 0.133, -0.925, -1.205]"
248,1,-3.8986,-4.7366,0.353,170,422,21,0,0.610,40,0.00,4928,724.55,0,0,11.374(14.217%)(0.000m),20.617(18.191%)(0.066m),50.176(44.273%)(3.233m),74.000(65.294%)(5.786m),55.000(68.750%)(3.750m),10.061(25.152%)(0.007m),40.000(100.000%)(3.214m),3069.094,7737.717,57.5,1.2667,"[1.754, 1.511, 0.399, 1.748, 1.560, 0.242]","[2.471, 2.633, 2.402, 2.554, 2.998, 2.322]","[-4.903, -5.366, -4.876, -5.065, -5.275, -5.033]"
249,1,-5.1065,-4.7777,0.361,255,651,47,27,0.609,50,0.00,4954,1096.71,0,0,10.615(13.268%)(0.000m),18.237(16.092%)(0.000m),38.908(34.330%)(2.026m),38.000(33.530%)(1.929m),29.000(36.250%)(0.964m),9.985(24.962%)(0.000m),27.000(67.500%)(1.821m),658.553,3695.064,59.1,1.1898,"[0.674, 0.619, 0.431, 0.755, 0.730, 0.310]","[2.489, 2.695, 2.654, 2.379, 3.060, 2.617]","[-4.446, -4.928, -4.892, -4.445, -5.081, -4.778]"
250,1,-7.2078,-4.8272,0.313,496,1283,17,83,0.607,75,0.00,5004,2171.26,0,0,20.000(25.000%)(0.000m),17.000(15.000%)(0.000m),33.000(29.118%)(1.393m),50.000(44.118%)(3.214m),30.577(38.222%)(1.133m),16.008(40.020%)(0.644m),19.000(47.500%)(0.964m),729.310,6021.200,59.9,1.4052,"[0.702, 0.767, 0.575, 0.686, 0.895, 0.492]","[2.654, 2.803, 2.422, 2.652, 2.992, 2.401]","[-6.934, -8.146, -7.555, -7.236, -6.895, -7.102]"
251,1,-4.3438,-4.8609,0.353,277,697,23,58,0.606,55,0.00,5032,1206.90,0,0,11.885(14.856%)(0.000m),22.323(19.697%)(0.249m),60.222(53.137%)(4.310m),49.000(43.235%)(3.107m),24.000(30.000%)(0.429m),10.129(25.322%)(0.014m),20.000(50.000%)(1.071m),1396.114,6321.297,58.2,1.1273,"[1.080, 1.023, 0.635, 1.096, 1.197, 0.707]","[2.417, 2.674, 2.378, 2.546, 3.061, 2.637]","[-4.276, -4.905, -4.826, -4.583, -4.931, -4.498]"
252,1,-7.2311,-4.8650,0.317,249,621,20,19,0.605,50,0.00,5057,1060.08,0,0,11.360(14.200%)(0.000m),20.361(17.965%)(0.039m),48.100(42.441%)(3.011m),37.000(32.647%)(1.821m),28.000(35.000%)(0.857m),10.173(25.433%)(0.019m),35.760(89.399%)(2.760m),637.280,3828.727,57.8,1.2235,"[0.301, 0.503, 0.592, 0.393, 0.584, 0.656]","[2.677, 2.935, 2.770, 2.638, 3.276, 2.660]","[-5.567, -5.333, -4.956, -5.769, -5.366, -4.987]"
253,1,-5.4294,-4.8782,0.305,494,1267,58,75,0.604,70,0.00,5107,2099.17,0,0,14.827(18.533%)(0.000m),31.623(27.903%)(1.245m),94.438(83.328%)(7.976m),26.000(22.941%)(0.643m),23.000(28.750%)(0.321m),10.405(26.013%)(0.043m),17.000(42.500%)(0.750m),0.000,5937.593,59.4,1.2043,"[0.267, 0.466, 0.280, 0.331, 0.464, 0.266]","[2.486, 2.774, 2.462, 2.645, 3.155, 2.545]","[-5.070, -3.251, -4.418, -5.164, -3.915, -4.318]"
254,1,-5.9777,-4.9245,0.367,175,454,49,12,0.603,40,0.00,5125,780.48,0,0,23.000(28.750%)(0.321m),20.000(17.647%)(0.000m),20.000(17.647%)(0.000m),111.645(98.511%)(9.819m),55.595(69.494%)(3.814m),40.000(100.000%)(3.214m),40.000(100.000%)(3.214m),0.000,2763.148,60.0,1.2018,"[-0.034, -0.110, -0.098, -0.159, -0.045, -0.095]","[2.095, 2.351, 1.997, 2.058, 2.547, 2.091]","[-7.760, -7.649, -6.507, -7.688, -6.872, -6.292]"
255,1,-5.0350,-4.9227,0.290,292,762,37,59,0.601,55,0.00,5155,1250.38,0,0,18.135(22.668%)(0.000m),38.299(33.793%)(1.961m),59.000(52.059%)(4.179m),44.000(38.824%)(2.571m),22.000(27.500%)(0.214m),12.770(31.925%)(0.297m),19.000(47.500%)(0.964m),805.679,4413.089,60.4,1.0961,"[0.098, -0.042, -0.281, 0.183, 0.019, -0.220]","[1.865, 2.058, 1.810, 1.897, 2.482, 1.861]","[-2.243, -2.567, -4.404, -2.046, -3.320, -4.644]"
256,1,-4.1178,-4.9319,0.275,264,665,17,31,0.600,50,0.00,5182,1095.89,0,0,11.930(14.912%)(0.000m),22.690(20.020%)(0.288m),60.794(53.642%)(4.371m),47.000(41.471%)(2.893m),25.000(31.250%)(0.536m),10.041(25.102%)(0.004m),28.000(70.000%)(1.929m),1135.704,5287.201,58.3,1.2602,"[0.324, 0.557, 0.326, 0.389, 0.599, 0.255]","[2.064, 2.393, 2.085, 2.014, 2.563, 2.092]","[-4.572, -5.118, -4.687, -4.608, -5.357, -5.328]"
257,1,-1.2788,-4.8266,0.267,275,724,16,32,0.599,55,0.00,5210,1156.49,0,0,27.000(33.750%)(0.750m),41.000(36.177%)(2.250m),88.000(77.647%)(7.286m),46.131(40.704%)(2.800m),22.082(27.602%)(0.223m),18.000(45.000%)(0.857m),15.616(39.040%)(0.602m),1083.945,4324.553,61.0,1.1253,"[0.250, 0.398, 0.344, 0.104, 0.547, 0.336]","[1.710, 1.972, 1.870, 1.848, 2.205, 1.885]","[-1.603, -1.495, -1.464, -2.296, -1.453, -1.760]"
258,1,-5.4058,-4.8750,0.310,201,506,21,0,0.598,45,0.00,5231,887.86,0,0,10.196(12.744%)(0.000m),16.555(14.608%)(0.000m),31.442(27.743%)(1.226m),49.000(43.235%)(3.107m),36.000(45.000%)(1.714m),10.321(25.802%)(0.034m),40.000(100.000%)(3.214m),864.068,4978.781,58.2,1.1397,"[0.054, 0.023, -0.101, 0.189, 0.278, 0.020]","[1.591, 1.725, 1.368, 1.722, 2.040, 1.568]","[-5.517, -6.067, -5.203, -5.576, -5.285, -5.107]"
259,1,-1.8805,-4.8186,0.236,252,666,39,0,0.597,55,0.00,5257,1117.42,0,0,12.722(15.902%)(0.000m),26.969(23.796%)(0.747m),81.000(71.471%)(6.536m),62.000(54.706%)(4.500m),31.000(38.750%)(1.179m),9.674(24.184%)(0.000m),22.000(55.000%)(1.286m),1242.967,4988.525,61.1,1.1037,"[0.563, 0.502, -0.259, 0.557, 0.518, -0.254]","[1.666, 1.869, 1.322, 1.811, 2.235, 1.439]","[-1.504, -3.479, -4.977, -1.413, -3.925, -4.775]"
260,1,-4.4467,-4.8027,0.311,127,351,15,0,0.595,35,0.00,5270,541.74,0,0,10.751(13.439%)(0.000m),18.112(15.982%)(0.000m),37.021(32.666%)(1.824m),66.000(58.235%)(4.929m),51.000(63.750%)(3.321m),10.364(25.910%)(0.039m),40.000(100.000%)(3.214m),1467.266,4326.704,64.0,1.5306,"[-0.161, -0.410, -0.423, -0.166, -0.330, -0.486]","[1.652, 1.914, 1.765, 1.818, 2.346, 1.796]","[-5.028, -5.572, -5.379, -5.097, -5.092, -5.482]"
261,1,-5.2594,-4.8010,0.299,107,271,18,0,0.594,30,0.00,5281,461.98,0,0,11.163(13.954%)(0.000m),19.579(17.276%)(0.000m),43.820(38.665%)(2.552m),102.000(90.000%)(8.786m),77.067(96.334%)(6.114m),10.246(25.615%)(0.026m),40.000(100.000%)(3.214m),4022.215,6935.948,58.7,1.2118,"[0.243, 0.013, -0.805, 0.295, 0.069, -0.840]","[1.714, 1.667, 1.461, 1.566, 1.935, 1.468]","[-5.651, -5.539, -5.392, -5.855, -5.437, -5.557]"
262,1,-3.7226,-4.7601,0.305,190,471,20,0,0.593,40,0.00,5300,820.65,0,0,50.000(62.500%)(3.214m),60.000(52.941%)(4.286m),51.187(45.165%)(3.342m),21.032(18.558%)(0.111m),11.603(14.504%)(0.000m),40.000(100.000%)(3.214m),10.264(25.659%)(0.028m),2211.194,5478.666,57.4,1.3278,"[-0.692, -0.001, 0.362, -0.702, 0.083, 0.324]","[1.193, 1.561, 1.332, 1.304, 1.703, 1.326]","[-5.607, -4.700, -2.790, -5.787, -4.922, -2.799]"
263,1,-3.7666,-4.7385,0.315,158,404,19,0,0.592,40,0.00,5316,696.56,0,0,52.000(65.000%)(3.429m),66.000(58.235%)(4.929m),51.762(45.672%)(3.403m),21.268(18.766%)(0.136m),11.733(14.667%)(0.000m),40.000(100.000%)(3.214m),10.379(25.947%)(0.041m),1710.495,6056.138,59.2,1.1759,"[-0.631, 0.034, 0.181, -0.649, 0.166, 0.136]","[0.889, 1.268, 1.085, 0.956, 1.480, 1.022]","[-5.159, -4.841, -3.584, -5.178, -5.094, -3.657]"
264,1,-6.5655,-4.7665,0.275,215,534,16,0,0.591,45,0.00,5338,935.98,0,0,8.984(11.230%)(0.000m),13.090(11.550%)(0.000m),20.823(18.373%)(0.088m),51.000(45.000%)(3.321m),38.000(47.500%)(1.929m),10.808(27.021%)(0.087m),40.000(100.000%)(3.214m),1065.137,4159.751,57.5,1.1304,"[0.049, 0.073, 0.145, 0.121, 0.307, 0.145]","[1.177, 1.426, 1.197, 1.455, 1.817, 1.255]","[-5.267, -5.504, -4.834, -6.094, -5.238, -5.103]"
265,1,-3.0478,-4.7018,0.196,132,351,19,0,0.589,35,0.00,5352,582.98,0,0,9.724(12.155%)(0.000m),14.682(12.955%)(0.000m),24.622(21.726%)(0.495m),64.000(56.471%)(4.714m),54.000(67.500%)(3.643m),10.993(27.483%)(0.106m),40.000(100.000%)(3.214m),1176.329,3976.770,61.5,1.3679,"[-0.030, -0.266, -0.470, -0.018, -0.156, -0.398]","[1.233, 1.387, 1.195, 1.360, 1.722, 1.300]","[-5.287, -5.523, -5.030, -5.662, -5.305, -4.897]"
266,1,-5.4393,-4.7304,0.304,395,1094,17,39,0.588,70,0.00,5392,1629.56,0,0,22.936(28.671%)(0.315m),48.128(42.466%)(3.014m),71.000(62.647%)(5.464m),27.000(23.824%)(0.750m),13.000(16.250%)(0.000m),16.196(40.490%)(0.664m),24.000(60.000%)(1.500m),827.971,4512.348,64.1,1.1087,"[-0.404, -0.130, -0.189, -0.445, -0.179, -0.318]","[1.551, 1.639, 1.310, 1.372, 2.032, 1.479]","[-6.699, -4.725, -3.544, -6.536, -4.958, -4.097]"
267,1,-5.7430,-4.7381,0.316,182,449,16,0,0.587,40,0.00,5411,746.74,0,0,10.954(13.693%)(0.000m),17.946(15.835%)(0.000m),34.670(30.591%)(1.572m),65.000(57.353%)(4.821m),52.000(65.000%)(3.429m),10.954(27.385%)(0.102m),40.000(100.000%)(3.214m),3426.713,9382.308,57.1,1.1962,"[1.214, 1.207, 0.165, 1.008, 1.428, 0.068]","[2.371, 2.361, 2.037, 2.087, 2.798, 1.834]","[-5.396, -5.689, -5.174, -5.417, -5.610, -5.162]"
268,1,-1.2180,-4.6512,0.338,575,1548,16,0,0.586,80,0.00,5469,2441.40,0,0,25.135(31.418%)(0.550m),52.184(46.045%)(3.448m),25.678(22.657%)(0.608m),15.312(13.510%)(0.000m),10.141(12.676%)(0.000m),17.866(44.664%)(0.843m),11.465(28.661%)(0.157m),1240.521,4806.197,62.3,1.0955,"[0.147, 0.447, 0.363, 0.058, 0.508, 0.274]","[1.708, 2.189, 1.946, 1.720, 2.440, 1.746]","[-5.572, -6.152, -5.731, -5.358, -6.818, -5.761]"
269,1,-3.4963,-4.6455,0.283,283,732,59,0,0.585,55,0.00,5498,1202.56,0,0,11.819(14.773%)(0.000m),22.198(19.587%)(0.236m),58.268(51.413%)(4.100m),65.000(57.353%)(4.821m),34.000(42.500%)(1.500m),10.072(25.180%)(0.008m),25.000(62.500%)(1.607m),1330.509,5310.961,59.8,1.1592,"[0.893, 1.010, 0.295, 0.850, 0.997, 0.226]","[1.748, 2.060, 2.062, 1.897, 2.264, 2.026]","[-4.329, -4.273, -5.124, -4.300, -5.232, -4.919]"
270,1,-4.9085,-4.6257,0.285,114,283,17,0,0.584,30,0.00,5510,496.12,0,0,12.090(15.112%)(0.000m),23.603(20.826%)(0.386m),72.552(64.016%)(5.631m),104.000(91.765%)(9.000m),77.067(96.334%)(6.114m),9.923(24.809%)(0.000m),40.000(100.000%)(3.214m),3305.707,8630.466,57.5,1.3082,"[0.641, 0.167, -0.996, 0.811, 0.045, -0.965]","[2.019, 2.029, 2.053, 2.322, 2.480, 2.268]","[-5.181, -5.074, -5.404, -4.611, -5.950, -5.451]"
271,1,-5.0453,-4.6696,0.273,506,1294,117,21,0.582,70,0.00,5561,2129.38,0,0,23.303(29.128%)(0.354m),21.000(18.529%)(0.107m),20.000(17.647%)(0.000m),20.000(17.647%)(0.000m),15.482(19.352%)(0.000m),16.953(42.381%)(0.745m),10.871(27.178%)(0.093m),0.000,4447.557,59.2,1.3483,"[-0.225, 0.013, 0.101, -0.293, 0.146, 0.094]","[2.221, 2.375, 2.132, 2.374, 2.731, 2.194]","[-5.435, -5.156, -5.000, -5.610, -4.662, -4.958]"
272,1,-3.9566,-4.6369,0.280,143,376,19,0,0.581,35,0.00,5576,614.69,0,0,50.000(62.500%)(3.214m),62.000(54.706%)(4.500m),34.331(30.292%)(1.535m),17.771(15.680%)(0.000m),10.847(13.559%)(0.000m),40.000(100.000%)(3.214m),10.847(27.118%)(0.091m),1130.119,4884.763,60.8,1.2376,"[-0.539, -0.132, 0.246, -0.590, -0.037, 0.216]","[1.685, 1.986, 1.893, 1.784, 2.367, 1.938]","[-5.207, -6.153, -5.661, -5.088, -6.472, -5.414]"
273,1,-5.7326,-4.6654,0.329,217,537,19,18,0.580,45,0.00,5598,926.75,0,0,23.000(28.750%)(0.321m),24.000(21.177%)(0.429m),38.000(33.530%)(1.929m),69.811(61.598%)(5.337m),33.982(42.478%)(1.498m),40.000(100.000%)(3.214m),24.428(61.071%)(1.546m),0.000,6290.255,57.3,1.2374,"[0.338, 0.180, -0.020, 0.319, 0.540, -0.002]","[2.094, 2.338, 2.180, 2.040, 2.680, 2.161]","[-3.997, -5.852, -6.683, -3.704, -5.597, -6.547]"
274,1,-5.4978,-4.7064,0.348,208,522,44,13,0.579,45,0.00,5619,859.06,0,0,24.000(30.000%)(0.429m),27.000(23.824%)(0.750m),64.000(56.471%)(4.714m),36.734(32.412%)(1.793m),17.502(21.878%)(0.000m),40.000(100.000%)(3.214m),12.348(30.870%)(0.252m),17.131,9004.523,58.1,1.0694,"[-0.746, -0.098, 0.013, -0.800, -0.003, 0.017]","[1.800, 2.084, 1.741, 1.891, 2.341, 1.860]","[-4.994, -3.805, -6.015, -5.015, -4.533, -5.861]"
275,1,-3.7104,-4.6565,0.315,197,530,10,50,0.578,45,0.00,5639,856.18,0,0,12.000(15.000%)(0.000m),22.000(19.412%)(0.214m),61.000(53.824%)(4.393m),77.121(68.048%)(6.120m),37.894(47.367%)(1.917m),10.000(25.000%)(0.000m),27.237(68.092%)(1.847m),766.982,3571.039,62.3,1.1996,"[0.314, 0.278, -0.114, 0.295, 0.292, -0.123]","[1.673, 2.087, 1.926, 1.784, 2.441, 2.075]","[-2.657, -2.894, -4.926, -2.824, -4.345, -5.046]"
276,1,-5.4294,-4.6889,0.312,108,279,19,0,0.577,30,0.00,5650,482.19,0,0,77.000(96.250%)(6.107m),105.000(92.647%)(9.107m),56.277(49.657%)(3.887m),21.645(19.098%)(0.176m),11.665(14.581%)(0.000m),40.000(100.000%)(3.214m),10.066(25.164%)(0.007m),2463.365,7494.186,59.7,1.0729,"[-1.895, -0.550, 0.324, -2.189, -0.459, 0.230]","[1.638, 1.929, 1.888, 1.602, 2.255, 1.944]","[-5.809, -4.451, -2.864, -5.937, -4.624, -2.871]"
277,1,-3.2617,-4.6387,0.262,259,656,45,20,0.575,50,0.00,5676,1147.34,0,0,20.994(26.243%)(0.107m),43.923(38.756%)(2.563m),82.000(72.353%)(6.643m),26.000(22.941%)(0.643m),13.000(16.250%)(0.000m),14.845(37.113%)(0.519m),10.000(25.000%)(0.000m),1411.394,5671.086,58.6,1.3196,"[0.397, 0.500, -0.102, 0.501, 0.645, -0.191]","[1.617, 1.788, 1.680, 1.665, 2.179, 1.656]","[-5.305, -3.848, -3.337, -5.083, -4.185, -3.935]"
278,1,-4.9264,-4.6343,0.265,193,484,25,0,0.574,45,0.00,5696,830.74,0,0,11.357(14.196%)(0.000m),20.585(18.164%)(0.063m),50.100(44.206%)(3.225m),61.000(53.824%)(4.393m),44.000(55.000%)(2.571m),10.046(25.114%)(0.005m),40.000(100.000%)(3.214m),1399.370,4722.633,58.0,1.1883,"[0.048, 0.038, -0.149, 0.116, 0.160, -0.192]","[1.283, 1.379, 1.377, 1.315, 1.747, 1.442]","[-5.872, -5.731, -5.125, -5.460, -5.689, -5.323]"
279,1,-4.4964,-4.6153,0.168,100,253,17,0,0.573,30,0.00,5706,431.26,0,0,10.302(12.878%)(0.000m),16.878(14.892%)(0.000m),32.606(28.770%)(1.351m),100.000(88.236%)(8.571m),76.230(95.288%)(6.025m),10.302(25.755%)(0.032m),40.000(100.000%)(3.214m),3393.840,6033.161,58.6,1.9253,"[-0.233, -0.625, -0.971, -0.136, -0.503, -1.026]","[1.309, 1.344, 1.288, 1.376, 1.578, 1.278]","[-5.576, -5.440, -5.067, -5.741, -5.365, -5.371]"
280,1,-2.5160,-4.5654,0.282,183,494,22,20,0.572,45,0.00,5725,799.93,0,0,10.498(13.122%)(0.000m),17.198(15.175%)(0.000m),33.225(29.316%)(1.417m),37.000(32.647%)(1.821m),26.000(32.500%)(0.643m),10.498(26.244%)(0.053m),32.000(80.000%)(2.357m),404.574,3210.839,62.5,1.1937,"[-0.348, -0.277, -0.500, -0.343, -0.110, -0.493]","[1.236, 1.442, 1.301, 1.314, 1.798, 1.342]","[-5.965, -5.662, -5.203, -6.126, -4.711, -5.135]"
281,1,-5.5994,-4.5906,0.270,121,315,17,0,0.571,35,0.00,5738,528.33,0,0,10.464(13.080%)(0.000m),16.991(14.992%)(0.000m),32.270(28.473%)(1.315m),84.000(74.118%)(6.857m),67.000(83.750%)(5.036m),10.593(26.482%)(0.064m),40.000(100.000%)(3.214m),2448.532,5678.931,60.2,1.1172,"[0.131, -0.072, -0.285, 0.224, 0.187, -0.353]","[1.649, 1.401, 1.391, 1.500, 1.926, 1.450]","[-5.476, -5.619, -5.122, -5.616, -5.345, -5.682]"
282,1,-4.3048,-4.5677,0.262,276,702,93,0,0.570,55,0.00,5766,1139.37,0,0,37.000(46.250%)(1.821m),71.000(62.647%)(5.464m),63.571(56.092%)(4.668m),24.004(21.180%)(0.429m),12.295(15.369%)(0.000m),27.000(67.500%)(1.821m),10.092(25.230%)(0.010m),2826.799,8141.230,58.9,1.1223,"[-0.352, 0.521, 0.372, -0.536, 0.619, 0.427]","[1.314, 1.668, 1.428, 1.574, 1.955, 1.465]","[-5.633, -4.718, -3.328, -5.799, -4.705, -3.345]"
283,1,-6.0798,-4.5927,0.230,173,425,21,0,0.569,40,0.00,5784,793.31,0,0,56.000(70.000%)(3.857m),74.000(65.294%)(5.786m),58.031(51.204%)(4.075m),22.453(19.812%)(0.263m),11.954(14.943%)(0.000m),40.000(100.000%)(3.214m),10.188(25.469%)(0.020m),2783.263,6968.134,56.9,1.2595,"[-0.582, 0.025, 0.395, -0.537, 0.305, 0.464]","[1.507, 1.768, 1.615, 1.544, 2.074, 1.689]","[-5.262, -4.870, -3.507, -5.279, -4.785, -3.164]"
284,1,-6.8728,-4.6694,0.303,601,1538,264,157,0.567,80,0.00,5845,2490.99,0,0,15.000(18.750%)(0.000m),31.000(27.353%)(1.179m),59.000(52.059%)(4.179m),34.666(30.588%)(1.571m),16.433(20.541%)(0.000m),10.000(25.000%)(0.000m),11.576(28.939%)(0.169m),486.464,6090.990,59.2,1.2403,"[-0.849, -0.292, -0.211, -0.933, -0.110, -0.145]","[1.158, 1.464, 1.426, 1.348, 1.884, 1.522]","[-4.440, -3.986, -6.135, -4.585, -3.887, -5.561]"
285,1,-3.9974,-4.6543,0.309,172,448,23,0,0.566,40,0.00,5863,748.55,0,0,39.000(48.750%)(2.036m),58.000(51.177%)(4.071m),55.700(49.147%)(3.825m),21.803(19.238%)(0.193m),11.750(14.688%)(0.000m),40.000(100.000%)(3.214m),10.139(25.349%)(0.015m),1065.558,4595.805,60.3,1.2125,"[-0.449, -0.273, -0.140, -0.489, -0.031, -0.133]","[1.233, 1.392, 1.155, 1.407, 1.866, 1.287]","[-5.038, -5.238, -4.210, -5.237, -5.324, -4.251]"
286,1,-3.0560,-4.5936,0.322,178,478,39,32,0.565,45,0.00,5881,798.33,0,0,22.000(27.500%)(0.214m),27.000(23.824%)(0.750m),21.940(19.359%)(0.208m),14.180(12.512%)(0.000m),9.929(12.411%)(0.000m),40.000(100.000%)(3.214m),12.405(31.013%)(0.258m),64.370,2918.246,62.1,1.1408,"[-0.610, -0.736, -0.905, -0.668, -0.790, -0.903]","[1.200, 1.452, 1.262, 1.298, 1.693, 1.414]","[-5.080, -6.123, -5.702, -5.223, -6.437, -5.712]"
287,1,-2.4814,-4.5307,0.300,277,699,63,31,0.564,55,0.00,5909,1190.74,0,0,19.224(24.030%)(0.000m),40.203(35.473%)(2.165m),78.000(68.824%)(6.214m),65.000(57.353%)(4.821m),11.000(13.750%)(0.000m),13.596(33.991%)(0.385m),11.000(27.500%)(0.107m),1833.251,6133.738,58.4,1.1548,"[0.408, 0.476, -0.074, 0.642, 0.645, -0.149]","[1.423, 1.534, 1.408, 1.703, 1.837, 1.522]","[-2.196, -2.344, -3.075, -1.632, -2.025, -3.592]"
288,1,-4.5424,-4.5268,0.242,130,324,16,0,0.563,35,0.00,5922,557.29,0,0,77.000(96.250%)(6.107m),99.000(87.353%)(8.464m),70.586(62.282%)(5.420m),25.630(22.615%)(0.603m),12.397(15.496%)(0.000m),40.000(100.000%)(3.214m),9.672(24.181%)(0.000m),4033.908,9747.200,57.7,1.3734,"[-0.959, -0.149, 0.089, -1.005, 0.190, 0.084]","[1.134, 1.429, 1.241, 1.320, 1.907, 1.259]","[-5.761, -4.318, -2.796, -5.937, -4.146, -2.969]"
289,1,-4.8149,-4.5261,0.253,120,304,17,0,0.562,30,0.00,5934,499.79,0,0,10.602(13.253%)(0.000m),17.370(15.326%)(0.000m),33.556(29.608%)(1.452m),92.000(81.177%)(7.714m),72.000(90.000%)(5.571m),10.602(26.506%)(0.065m),40.000(100.000%)(3.214m),2295.967,6976.748,58.7,1.1211,"[0.499, 0.129, -1.015, 0.499, 0.183, -1.017]","[2.030, 1.493, 1.201, 1.913, 1.852, 1.331]","[-5.918, -5.643, -5.015, -6.245, -5.285, -5.140]"
290,1,-3.8499,-4.4765,0.276,340,923,14,58,0.561,65,0.00,5968,1474.51,0,0,23.000(28.750%)(0.321m),51.000(45.000%)(3.321m),71.383(62.985%)(5.505m),25.715(22.690%)(0.612m),12.438(15.548%)(0.000m),21.000(52.500%)(1.179m),9.704(24.261%)(0.000m),1051.563,4212.822,62.8,1.4524,"[-0.281, 0.000, -0.074, -0.357, 0.164, -0.173]","[1.310, 1.522, 1.323, 1.489, 1.872, 1.581]","[-4.958, -4.029, -2.732, -5.389, -3.825, -3.162]"
291,1,-6.0251,-4.5223,0.262,115,281,21,0,0.560,30,0.00,5980,494.15,0,0,77.786(97.233%)(6.191m),103.000(90.883%)(8.893m),72.925(64.346%)(5.671m),28.179(24.864%)(0.876m),13.229(16.537%)(0.000m),40.000(100.000%)(3.214m),9.674(24.185%)(0.000m),3432.071,10061.732,56.5,1.2031,"[-1.565, -0.386, 0.424, -1.747, -0.204, 0.392]","[1.465, 1.764, 1.647, 1.608, 2.024, 1.721]","[-5.412, -4.227, -2.347, -5.643, -4.132, -2.541]"
292,1,-8.1342,-4.6318,0.281,399,1014,76,142,0.558,65,0.00,6020,1696.92,0,0,18.000(22.500%)(0.000m),40.000(35.294%)(2.143m),47.950(42.309%)(2.995m),20.297(17.909%)(0.032m),11.324(14.155%)(0.000m),12.000(30.000%)(0.214m),10.141(25.354%)(0.015m),586.186,4664.717,58.8,1.1779,"[-0.149, -0.001, 0.128, -0.099, 0.158, 0.174]","[1.970, 1.962, 1.760, 1.905, 2.287, 1.925]","[-4.628, -4.744, -4.082, -4.673, -4.947, -4.380]"
293,1,-1.7549,-4.5976,0.320,181,497,14,8,0.557,45,0.00,6039,794.77,0,0,10.908(13.635%)(0.000m),17.870(15.768%)(0.000m),34.523(30.462%)(1.556m),49.000(43.235%)(3.107m),30.000(37.500%)(1.071m),10.908(27.270%)(0.097m),27.000(67.500%)(1.821m),708.175,3387.076,63.5,1.4377,"[0.231, 0.384, 0.147, 0.177, 0.286, 0.052]","[1.752, 2.065, 1.818, 1.949, 2.425, 1.920]","[-4.972, -4.908, -5.362, -5.154, -5.571, -5.595]"
294,1,-4.1130,-4.5833,0.272,207,537,32,16,0.556,45,0.00,6060,908.17,0,0,20.928(26.160%)(0.099m),43.664(38.527%)(2.535m),113.333(100.000%)(10.000m),21.000(18.529%)(0.107m),12.000(15.000%)(0.000m),14.810(37.025%)(0.515m),40.000(100.000%)(3.214m),2397.205,6136.903,60.1,1.1761,"[0.418, 0.704, 0.204, 0.452, 0.788, 0.037]","[2.030, 2.245, 1.762, 2.087, 2.552, 1.836]","[-5.862, -5.377, -4.373, -5.954, -5.584, -4.638]"
295,1,-4.4420,-4.5544,0.294,159,405,21,0,0.555,40,0.00,6076,733.39,0,0,12.419(15.523%)(0.000m),25.675(22.654%)(0.608m),79.483(70.133%)(6.373m),80.000(70.588%)(6.429m),53.000(66.250%)(3.536m),9.689(24.223%)(0.000m),40.000(100.000%)(3.214m),1700.813,6788.824,59.0,1.3581,"[0.863, 0.551, -0.469, 1.026, 0.601, -0.430]","[1.867, 2.044, 1.859, 2.065, 2.483, 1.940]","[-3.084, -4.336, -5.331, -2.524, -4.624, -5.293]"
296,1,-3.3447,-4.5554,0.296,530,1385,127,33,0.554,75,0.00,6129,2234.71,0,0,10.000(12.500%)(0.000m),15.000(13.235%)(0.000m),68.000(60.000%)(5.143m),52.000(45.882%)(3.429m),28.000(35.000%)(0.857m),11.000(27.500%)(0.107m),24.000(60.000%)(1.500m),1024.298,5356.670,60.5,1.2643,"[0.576, 0.699, -0.036, 0.590, 0.631, -0.243]","[2.081, 2.199, 2.281, 1.904, 2.446, 1.932]","[-5.394, -5.053, -5.988, -5.587, -6.169, -6.440]"
297,1,-4.4202,-4.5386,0.290,239,633,17,0,0.553,50,0.00,6153,972.79,0,0,34.000(42.500%)(1.500m),77.000(67.941%)(6.107m),68.296(60.261%)(5.175m),25.217(22.250%)(0.559m),12.381(15.477%)(0.000m),24.000(60.000%)(1.500m),9.784(24.461%)(0.000m),1959.815,5599.396,61.3,1.1831,"[-0.316, 0.135, 0.213, -0.437, 0.215, 0.237]","[1.851, 2.224, 2.052, 1.932, 2.604, 2.134]","[-5.989, -4.825, -3.960, -5.983, -4.968, -4.080]"
298,1,-3.7542,-4.5358,0.311,205,521,18,0,0.552,45,0.00,6174,883.95,0,0,35.000(43.750%)(1.607m),44.000(38.824%)(2.571m),39.336(34.709%)(2.072m),18.438(16.269%)(0.000m),10.732(13.414%)(0.000m),40.000(100.000%)(3.214m),10.095(25.237%)(0.010m),872.811,4060.164,58.8,1.3302,"[0.002, 0.361, 0.577, 0.158, 0.663, 0.560]","[1.815, 2.143, 2.040, 1.918, 2.492, 2.027]","[-5.177, -5.388, -4.650, -5.133, -5.226, -4.791]"
299,1,-5.2488,-4.5386,0.414,186,478,16,17,0.551,45,0.00,6193,812.13,0,0,24.088(30.110%)(0.438m),48.465(42.763%)(3.050m),27.000(23.824%)(0.750m),22.000(19.412%)(0.214m),34.000(42.500%)(1.500m),17.084(42.711%)(0.759m),40.000(100.000%)(3.214m),0.000,6303.909,59.5,1.2429,"[0.405, 0.705, 0.178, 0.530, 0.573, 0.025]","[2.063, 2.336, 2.066, 2.279, 2.706, 2.113]","[-5.426, -6.620, -6.616, -5.038, -6.872, -6.539]"
300,1,-1.6895,-4.4282,0.277,344,891,20,44,0.550,60,0.00,6228,1488.60,0,0,12.091(15.113%)(0.000m),22.996(20.290%)(0.321m),61.211(54.010%)(4.416m),43.000(37.941%)(2.464m),25.000(31.250%)(0.536m),10.176(25.441%)(0.019m),22.000(55.000%)(1.286m),1703.794,5724.154,60.0,1.2326,"[0.436, 0.815, 0.404, 0.521, 0.933, 0.296]","[1.896, 2.223, 1.826, 1.951, 2.483, 1.911]","[-4.856, -4.955, -5.377, -4.475, -5.071, -5.342]"
301,1,-5.9894,-4.4611,0.277,248,611,20,18,0.548,50,0.00,6253,1060.59,0,0,29.000(36.250%)(0.964m),69.000(60.883%)(5.250m),45.664(40.292%)(2.750m),19.876(17.538%)(0.000m),11.212(14.015%)(0.000m),40.000(100.000%)(3.214m),10.165(25.412%)(0.018m),2913.245,8333.018,57.0,1.2475,"[0.223, 0.507, 0.544, 0.173, 0.790, 0.665]","[1.823, 2.121, 2.085, 1.869, 2.561, 2.067]","[-5.787, -5.855, -4.761, -5.782, -5.919, -4.791]"
302,1,-2.7799,-4.3721,0.333,166,428,18,0,0.547,40,0.00,6270,728.48,0,0,10.612(13.265%)(0.000m),18.052(15.928%)(0.000m),37.675(33.243%)(1.894m),62.000(54.706%)(4.500m),48.000(60.000%)(3.000m),10.105(25.263%)(0.011m),40.000(100.000%)(3.214m),1584.176,4752.497,59.7,1.2026,"[0.515, 0.283, -0.283, 0.632, 0.317, -0.353]","[1.716, 1.966, 1.768, 1.773, 2.238, 1.832]","[-5.454, -5.544, -5.213, -5.078, -5.564, -5.366]"
303,1,-5.0970,-4.3655,0.255,440,1113,121,0,0.546,65,0.00,6314,1839.48,0,0,16.785(20.982%)(0.000m),35.338(31.180%)(1.643m),50.087(44.194%)(3.224m),20.580(18.159%)(0.062m),11.354(14.192%)(0.000m),11.824(29.559%)(0.195m),10.043(25.107%)(0.005m),1352.420,5608.326,58.5,1.1649,"[-0.005, 0.305, -0.210, 0.080, 0.273, -0.339]","[1.590, 1.827, 2.093, 1.656, 2.126, 1.807]","[-5.193, -4.797, -4.498, -5.349, -4.610, -4.636]"
304,1,-2.9098,-4.3041,0.233,260,672,9,24,0.545,55,0.00,6340,1101.99,0,0,31.506(39.383%)(1.233m),65.138(57.475%)(4.836m),90.000(79.412%)(7.500m),58.000(51.177%)(4.071m),11.000(13.750%)(0.000m),22.627(56.567%)(1.353m),11.000(27.500%)(0.107m),2129.366,6137.523,59.8,1.1624,"[0.490, 0.873, 0.914, 0.729, 1.145, 0.903]","[1.605, 1.993, 1.959, 1.843, 2.249, 1.854]","[-1.147, -1.814, -1.692, -0.881, -1.653, -1.476]"
305,1,-5.9604,-4.3226,0.298,263,692,59,23,0.544,55,0.00,6367,1137.74,0,0,22.446(28.058%)(0.262m),46.800(41.295%)(2.871m),77.000(67.941%)(6.107m),62.000(54.706%)(4.500m),39.000(48.750%)(2.036m),15.909(39.772%)(0.633m),11.000(27.500%)(0.107m),1164.478,4757.882,60.9,1.2584,"[0.482, 0.548, 0.321, 0.546, 0.720, 0.208]","[1.623, 1.936, 1.920, 1.750, 2.280, 2.020]","[-0.723, -1.795, -2.269, -0.744, -1.639, -2.585]"
306,1,-3.7125,-4.3145,0.352,157,392,16,0,0.543,40,0.00,6383,677.00,0,0,60.000(75.000%)(4.286m),67.000(59.118%)(5.036m),38.549(34.014%)(1.987m),18.860(16.641%)(0.000m),11.195(13.994%)(0.000m),40.000(100.000%)(3.214m),10.792(26.979%)(0.085m),1773.790,5836.325,57.7,1.2348,"[-0.201, 0.141, 0.536, -0.274, 0.247, 0.483]","[1.886, 2.067, 1.879, 1.792, 2.344, 1.924]","[-5.125, -5.328, -4.711, -5.196, -5.519, -5.021]"
307,1,-4.3932,-4.3768,0.271,202,526,20,0,0.542,45,0.00,6404,873.77,0,0,12.407(15.509%)(0.000m),25.650(22.633%)(0.605m),84.000(74.118%)(6.857m),60.000(52.941%)(4.286m),38.000(47.500%)(1.929m),9.680(24.200%)(0.000m),40.000(100.000%)(3.214m),2041.579,4740.657,60.3,1.2577,"[0.740, 0.689, 0.120, 0.792, 0.602, -0.040]","[1.769, 2.109, 1.961, 1.800, 2.265, 1.986]","[-4.291, -4.367, -5.148, -4.396, -5.399, -5.520]"
308,1,-2.9705,-4.3281,0.309,261,677,64,19,0.541,55,0.00,6431,1127.65,0,0,20.517(25.646%)(0.055m),42.190(37.226%)(2.377m),61.000(53.824%)(4.393m),52.000(45.882%)(3.429m),13.000(16.250%)(0.000m),14.494(36.235%)(0.481m),10.000(25.000%)(0.000m),895.712,4691.459,60.1,1.3737,"[0.578, 0.551, -0.220, 0.665, 0.550, -0.272]","[1.695, 2.181, 1.725, 1.911, 2.606, 1.739]","[-1.547, -2.376, -4.098, -1.227, -2.142, -4.415]"
309,1,-6.5215,-4.4209,0.228,216,534,54,21,0.540,45,0.00,6453,946.21,0,0,53.322(66.653%)(3.570m),97.531(86.057%)(8.307m),20.000(17.647%)(0.000m),21.000(18.529%)(0.107m),64.694(80.868%)(4.789m),39.044(97.609%)(3.112m),40.000(100.000%)(3.214m),0.000,2866.857,57.2,1.2413,"[-0.228, -0.039, 0.133, -0.199, -0.043, 0.060]","[1.816, 2.048, 1.918, 1.918, 2.391, 1.861]","[-4.335, -4.991, -5.047, -4.409, -5.438, -5.019]"
310,1,-6.3826,-4.4596,0.264,232,617,45,92,0.539,50,0.00,6477,1009.62,0,0,16.000(20.000%)(0.000m),41.000(36.177%)(2.250m),113.333(100.000%)(10.000m),70.806(62.476%)(5.444m),34.231(42.788%)(1.525m),10.000(25.000%)(0.000m),24.495(61.239%)(1.553m),1997.515,5205.742,61.6,1.7694,"[0.211, 0.124, -0.153, 0.262, 0.038, -0.240]","[1.830, 2.091, 1.837, 1.853, 2.493, 1.877]","[-0.838, -1.264, -4.522, -0.483, -2.713, -4.438]"
311,1,-5.9423,-4.4733,0.352,165,408,18,0,0.538,40,0.00,6494,757.01,0,0,10.783(13.479%)(0.000m),18.527(16.347%)(0.000m),39.525(34.875%)(2.092m),76.000(67.059%)(6.000m),60.000(75.000%)(4.286m),10.143(25.358%)(0.015m),40.000(100.000%)(3.214m),2132.739,6059.319,57.2,1.2600,"[1.037, 0.771, 0.211, 1.154, 0.994, 0.231]","[2.335, 2.474, 2.162, 2.428, 2.780, 2.172]","[-5.415, -5.629, -5.470, -5.436, -5.447, -5.489]"
312,1,-7.1561,-4.5420,0.330,468,1214,204,33,0.537,70,0.00,6541,1951.67,0,0,29.000(36.250%)(0.964m),20.000(17.647%)(0.000m),20.000(17.647%)(0.000m),21.000(18.529%)(0.107m),20.985(26.232%)(0.106m),28.000(70.000%)(1.929m),16.030(40.074%)(0.646m),0.000,3973.347,60.0,1.4715,"[-0.367, 0.044, 0.142, -0.551, 0.101, 0.044]","[2.198, 2.544, 2.396, 2.306, 2.894, 2.477]","[-4.569, -5.386, -5.520, -4.984, -5.451, -5.582]"
313,1,-2.5273,-4.5172,0.354,202,515,19,0,0.535,45,0.00,6562,861.84,0,0,12.617(15.771%)(0.000m),26.085(23.016%)(0.652m),62.000(54.706%)(4.500m),53.000(46.765%)(3.536m),39.000(48.750%)(2.036m),9.844(24.609%)(0.000m),40.000(100.000%)(3.214m),1046.751,4538.687,59.0,1.1635,"[1.238, 1.249, 0.521, 1.309, 1.225, 0.457]","[2.784, 2.770, 2.502, 3.023, 2.970, 2.674]","[-3.169, -4.734, -5.348, -2.812, -4.825, -5.398]"
314,1,-3.2177,-4.4502,0.220,142,395,15,0,0.534,40,0.00,6577,631.11,0,0,11.317(14.147%)(0.000m),20.063(17.703%)(0.007m),46.094(40.671%)(2.796m),67.000(59.118%)(5.036m),41.000(51.250%)(2.250m),10.261(25.652%)(0.028m),40.000(100.000%)(3.214m),1036.327,4098.957,64.3,1.2520,"[1.170, 0.962, 0.206, 1.061, 0.937, -0.084]","[2.574, 2.814, 2.577, 2.744, 3.175, 2.673]","[-5.780, -5.806, -5.558, -6.257, -6.146, -5.758]"
315,1,-3.9749,-4.4688,0.320,310,785,111,0,0.533,55,0.00,6608,1345.04,0,0,11.234(14.042%)(0.000m),20.362(17.967%)(0.039m),49.556(43.726%)(3.167m),47.000(41.471%)(2.893m),34.000(42.500%)(1.500m),9.937(24.842%)(0.000m),30.000(75.000%)(2.143m),931.681,4787.107,58.6,1.1346,"[1.649, 1.588, 0.629, 1.673, 1.629, 0.413]","[3.086, 2.856, 2.676, 3.005, 3.131, 2.767]","[-4.862, -5.427, -4.939, -4.839, -5.253, -4.662]"
316,1,-1.7166,-4.3943,0.303,217,564,19,5,0.532,50,0.00,6630,920.27,0,0,12.442(15.553%)(0.000m),25.724(22.698%)(0.613m),61.000(53.824%)(4.393m),43.000(37.941%)(2.464m),32.000(40.000%)(1.286m),9.708(24.269%)(0.000m),40.000(100.000%)(3.214m),757.958,3786.079,60.2,1.1836,"[1.427, 1.312, 0.724, 1.525, 1.166, 0.680]","[2.885, 3.123, 2.847, 3.136, 3.448, 3.075]","[-2.172, -4.203, -5.326, -1.828, -5.321, -5.290]"
317,1,-3.2210,-4.3439,0.391,274,705,21,19,0.531,55,0.00,6658,1206.88,0,0,10.688(13.359%)(0.000m),18.551(16.368%)(0.000m),40.507(35.742%)(2.197m),35.000(30.882%)(1.607m),26.000(32.500%)(0.643m),9.931(24.827%)(0.000m),27.000(67.500%)(1.821m),1053.666,4181.049,59.6,1.2752,"[1.354, 1.615, 1.331, 1.413, 1.727, 1.225]","[3.020, 3.374, 3.158, 3.103, 3.699, 3.241]","[-6.051, -5.696, -4.950, -6.051, -5.763, -5.058]"
318,1,-4.4780,-4.4091,0.401,127,328,16,0,0.530,35,0.00,6671,543.13,0,0,10.552(13.190%)(0.000m),17.287(15.253%)(0.000m),33.396(29.467%)(1.435m),85.000(75.000%)(6.964m),65.000(81.250%)(4.821m),10.552(26.380%)(0.059m),40.000(100.000%)(3.214m),2713.895,5699.510,59.8,1.1968,"[1.911, 1.727, 1.042, 1.879, 1.707, 0.945]","[3.224, 3.387, 3.086, 3.280, 3.761, 3.195]","[-5.769, -5.539, -5.468, -6.083, -6.116, -5.550]"
319,1,-2.6348,-4.3918,0.430,196,486,19,0,0.529,45,0.00,6691,853.95,0,0,10.891(13.614%)(0.000m),18.905(16.681%)(0.000m),41.280(36.423%)(2.280m),55.000(48.530%)(3.750m),45.000(56.250%)(2.679m),10.120(25.301%)(0.013m),40.000(100.000%)(3.214m),1619.475,5102.821,57.4,1.1780,"[1.607, 1.443, 1.019, 1.656, 1.479, 0.958]","[3.054, 3.350, 3.117, 3.044, 3.538, 3.197]","[-5.772, -6.008, -5.348, -5.793, -5.848, -5.029]"
320,1,-3.6812,-4.3673,0.373,195,537,34,2,0.528,45,0.00,6711,864.14,0,0,33.000(41.250%)(1.393m),56.000(49.412%)(3.857m),66.187(58.400%)(4.949m),22.575(19.919%)(0.276m),11.718(14.647%)(0.000m),29.000(72.500%)(2.036m),9.740(24.349%)(0.000m),875.181,4120.954,63.8,1.1061,"[0.139, 0.906, 1.117, -0.029, 0.933, 0.969]","[2.811, 3.230, 3.213, 2.951, 3.499, 3.087]","[-5.545, -4.816, -4.192, -5.979, -5.164, -4.230]"
321,1,-2.7782,-4.3220,0.367,318,813,18,0,0.527,60,0.00,6743,1331.96,0,0,12.164(15.205%)(0.000m),24.416(21.543%)(0.473m),66.458(58.640%)(4.978m),50.000(44.118%)(3.214m),33.000(41.250%)(1.393m),9.735(24.338%)(0.000m),24.000(60.000%)(1.500m),1688.672,5430.970,59.1,1.2079,"[1.482, 1.816, 1.464, 1.458, 1.902, 1.435]","[2.946, 3.267, 3.008, 3.154, 3.542, 3.164]","[-4.671, -5.388, -4.973, -4.217, -5.823, -5.109]"
322,1,-5.5225,-4.3533,0.349,222,571,32,15,0.526,50,0.00,6766,935.80,0,0,28.000(35.000%)(0.857m),37.000(32.647%)(1.821m),53.000(46.765%)(3.536m),22.111(19.510%)(0.226m),11.916(14.895%)(0.000m),40.000(100.000%)(3.214m),10.283(25.706%)(0.030m),314.358,3579.157,59.5,1.1325,"[0.252, 0.575, 0.636, 0.151, 0.623, 0.534]","[2.765, 2.928, 2.699, 2.619, 3.154, 2.788]","[-5.253, -5.089, -4.628, -5.421, -5.242, -5.035]"
323,1,-5.3082,-4.3448,0.284,129,311,18,0,0.525,30,0.00,6779,544.98,0,0,12.586(15.733%)(0.000m),25.634(22.619%)(0.604m),68.099(60.088%)(5.153m),94.000(82.941%)(7.929m),76.230(95.288%)(6.025m),9.946(24.866%)(0.000m),40.000(100.000%)(3.214m),3593.830,9994.441,55.9,1.1677,"[1.931, 1.196, -0.536, 1.915, 1.084, -0.421]","[3.321, 3.020, 2.864, 3.243, 3.269, 2.951]","[-4.399, -5.307, -5.972, -4.471, -5.919, -5.678]"
324,1,-1.8080,-4.2710,0.305,181,474,31,0,0.524,45,0.00,6798,777.45,0,0,12.600(15.750%)(0.000m),26.433(23.323%)(0.689m),51.000(45.000%)(3.321m),45.000(39.706%)(2.679m),38.000(47.500%)(1.929m),9.705(24.263%)(0.000m),40.000(100.000%)(3.214m),798.293,3436.408,60.7,1.1032,"[0.231, 0.075, -0.160, 0.284, 0.022, -0.107]","[2.739, 2.911, 2.557, 2.838, 3.233, 2.767]","[-3.877, -5.006, -5.729, -4.010, -5.710, -5.672]"
325,1,-5.7574,-4.3119,0.320,646,1620,159,162,0.523,80,0.00,6863,2706.83,0,0,20.000(25.000%)(0.000m),27.000(23.824%)(0.750m),32.000(28.235%)(1.286m),32.180(28.394%)(1.305m),15.245(19.056%)(0.000m),16.000(40.000%)(0.643m),10.713(26.781%)(0.076m),226.540,5743.134,58.0,1.2055,"[0.110, 0.264, 0.101, 0.133, 0.411, 0.148]","[2.437, 2.712, 2.492, 2.741, 2.944, 2.650]","[-5.255, -3.554, -6.497, -5.472, -3.575, -6.368]"
326,1,-2.8429,-4.2602,0.266,112,311,20,0,0.522,35,0.00,6875,500.06,0,0,10.639(13.298%)(0.000m),17.125(15.110%)(0.000m),31.998(28.234%)(1.286m),73.000(64.412%)(5.679m),60.000(75.000%)(4.286m),10.902(27.255%)(0.097m),40.000(100.000%)(3.214m),1204.036,3542.057,64.3,1.1306,"[0.375, 0.230, 0.096, 0.373, 0.265, 0.035]","[2.219, 2.569, 2.564, 2.447, 2.840, 2.733]","[-5.607, -5.763, -5.354, -6.089, -5.746, -5.546]"
327,1,-4.3713,-4.2824,0.328,317,834,21,77,0.521,60,0.00,6907,1456.11,0,0,9.873(12.342%)(0.000m),15.253(13.458%)(0.000m),26.531(23.410%)(0.700m),47.000(41.471%)(2.893m),28.000(35.000%)(0.857m),10.757(26.893%)(0.081m),20.000(50.000%)(1.071m),883.084,4191.014,60.9,1.1601,"[0.753, 0.912, 0.835, 0.782, 1.095, 0.812]","[2.763, 2.749, 2.598, 2.785, 3.054, 2.656]","[-6.147, -5.828, -4.625, -6.320, -5.214, -4.476]"
328,1,-3.1606,-4.2471,0.345,158,414,15,0,0.520,40,0.00,6923,768.13,0,0,9.533(11.917%)(0.000m),14.613(12.894%)(0.000m),25.099(22.147%)(0.546m),60.000(52.941%)(4.286m),47.000(58.750%)(2.893m),10.515(26.287%)(0.055m),40.000(100.000%)(3.214m),948.029,3750.744,60.7,1.7603,"[0.682, 0.473, 0.393, 0.780, 0.601, 0.459]","[2.238, 2.570, 2.487, 2.519, 2.925, 2.627]","[-6.228, -6.128, -4.927, -6.787, -5.728, -4.719]"
329,1,-5.1839,-4.2608,0.414,116,301,19,0,0.519,30,0.00,6935,480.72,0,0,68.000(85.000%)(5.143m),93.000(82.059%)(7.821m),39.771(35.092%)(2.118m),19.056(16.815%)(0.000m),11.202(14.003%)(0.000m),40.000(100.000%)(3.214m),10.667(26.669%)(0.072m),2463.365,7436.574,60.0,1.1232,"[-1.447, 0.045, 0.722, -1.674, 0.224, 0.747]","[2.143, 2.472, 2.432, 2.297, 2.745, 2.688]","[-5.564, -5.563, -5.157, -5.839, -5.739, -5.111]"
330,1,-4.5594,-4.3017,0.294,146,382,23,0,0.518,35,0.00,6950,609.15,0,0,9.508(11.885%)(0.000m),14.356(12.667%)(0.000m),24.075(21.243%)(0.437m),58.000(51.177%)(4.071m),51.000(63.750%)(3.321m),10.749(26.872%)(0.080m),40.000(100.000%)(3.214m),1287.711,3868.143,60.6,1.1551,"[0.350, 0.252, 0.119, 0.214, 0.363, 0.134]","[2.342, 2.456, 2.064, 2.346, 2.710, 2.203]","[-5.224, -5.615, -5.026, -5.931, -5.112, -5.011]"
331,1,-5.2725,-4.2952,0.349,214,552,59,15,0.517,45,0.00,6972,891.89,0,0,10.000(12.500%)(0.000m),15.000(13.235%)(0.000m),24.000(21.177%)(0.429m),35.332(31.176%)(1.643m),16.665(20.831%)(0.000m),40.000(100.000%)(3.214m),11.716(29.289%)(0.184m),3394.804,6859.940,59.7,1.0732,"[-0.213, 0.523, 0.405, -0.319, 0.582, 0.497]","[2.154, 2.454, 2.226, 2.221, 2.691, 2.425]","[-9.677, -8.021, -6.202, -9.606, -7.042, -5.998]"
332,1,-1.9463,-4.2480,0.318,487,1257,132,17,0.515,70,0.00,7021,2055.67,0,0,17.398(21.748%)(0.000m),36.935(32.590%)(1.814m),27.000(23.824%)(0.750m),21.000(18.529%)(0.107m),34.000(42.500%)(1.500m),12.227(30.566%)(0.239m),27.000(67.500%)(1.821m),877.449,4244.111,59.8,1.1840,"[1.128, 1.192, 0.479, 1.160, 1.177, 0.387]","[2.868, 3.084, 3.360, 2.715, 3.311, 3.321]","[-5.103, -7.089, -6.979, -5.058, -7.804, -6.972]"
333,1,-3.7002,-4.2004,0.334,219,619,62,0,0.514,50,0.00,7043,949.19,0,0,12.643(15.804%)(0.000m),26.139(23.064%)(0.658m),71.000(62.647%)(5.464m),57.000(50.294%)(3.964m),32.000(40.000%)(1.286m),9.864(24.661%)(0.000m),27.000(67.500%)(1.821m),695.836,3379.598,65.4,1.3060,"[0.555, 0.677, -0.130, 0.428, 0.339, -0.308]","[2.171, 2.428, 2.333, 2.333, 2.812, 2.491]","[-4.468, -4.187, -5.326, -4.955, -5.683, -5.545]"
334,1,-1.7113,-4.0972,0.299,499,1296,160,16,0.513,75,0.00,7093,2154.80,0,0,12.000(15.000%)(0.000m),21.000(18.529%)(0.107m),86.000(75.883%)(7.071m),70.000(61.765%)(5.357m),38.000(47.500%)(1.929m),13.961(34.901%)(0.424m),27.000(67.500%)(1.821m),1834.488,5629.141,60.1,1.3974,"[1.316, 1.504, 0.612, 1.445, 1.489, 0.555]","[3.003, 2.932, 3.530, 3.166, 3.256, 3.445]","[-5.577, -6.454, -7.666, -6.115, -7.264, -7.723]"
335,1,-5.1079,-4.1194,0.263,249,649,43,23,0.512,50,0.00,7118,1078.67,0,0,17.676(22.095%)(0.000m),36.691(32.374%)(1.788m),77.000(67.941%)(6.107m),67.000(59.118%)(5.036m),11.000(13.750%)(0.000m),12.451(31.128%)(0.263m),11.000(27.500%)(0.107m),1558.286,5142.647,60.3,1.1591,"[1.090, 1.203, 0.615, 1.276, 1.136, 0.551]","[2.618, 2.583, 2.480, 3.077, 2.948, 2.395]","[-1.887, -2.600, -5.055, -1.676, -2.640, -4.762]"
336,1,-3.1446,-4.1211,0.355,521,1355,79,75,0.511,75,0.00,7171,2199.41,0,0,13.000(16.250%)(0.000m),28.000(24.706%)(0.857m),75.000(66.177%)(5.893m),40.000(35.294%)(2.143m),19.991(24.989%)(0.000m),10.000(25.000%)(0.000m),14.135(35.336%)(0.443m),937.948,5646.362,60.2,1.1366,"[-0.083, 0.317, 0.175, -0.215, 0.433, 0.220]","[2.201, 2.535, 2.267, 2.448, 2.850, 2.330]","[-4.353, -5.863, -7.294, -4.971, -6.724, -7.220]"
337,1,-4.2592,-4.1567,0.328,187,457,12,0,0.510,40,0.00,7190,852.86,0,0,12.332(15.415%)(0.000m),24.407(21.535%)(0.472m),64.892(57.258%)(4.810m),65.000(57.353%)(4.821m),58.000(72.500%)(4.071m),9.995(24.988%)(0.000m),40.000(100.000%)(3.214m),2267.331,5350.281,56.5,1.2617,"[1.227, 0.842, 0.553, 1.242, 1.002, 0.516]","[2.750, 2.778, 2.495, 2.735, 3.139, 2.406]","[-3.852, -5.118, -5.624, -3.771, -5.881, -5.781]"
338,1,-2.2627,-4.1111,0.368,187,491,18,0,0.509,45,0.00,7209,840.22,0,0,12.075(15.094%)(0.000m),23.899(21.087%)(0.418m),64.964(57.321%)(4.818m),59.000(52.059%)(4.179m),39.000(48.750%)(2.036m),9.787(24.468%)(0.000m),40.000(100.000%)(3.214m),1003.031,4239.878,60.8,1.2319,"[1.427, 1.448, 0.712, 1.348, 1.396, 0.553]","[2.757, 2.858, 2.578, 2.904, 3.126, 2.693]","[-5.467, -5.488, -5.126, -5.711, -5.593, -5.495]"
339,1,-5.7471,-4.1297,0.413,403,1091,12,90,0.508,70,0.00,7250,1721.10,0,0,24.000(30.000%)(0.429m),23.000(20.294%)(0.321m),43.000(37.941%)(2.464m),51.989(45.873%)(3.427m),24.985(31.232%)(0.534m),18.000(45.000%)(0.857m),17.726(44.316%)(0.828m),214.379,4024.699,62.6,1.1409,"[0.366, 0.012, -0.259, 0.291, 0.159, -0.181]","[2.508, 2.517, 2.275, 2.585, 2.893, 2.400]","[-4.211, -7.107, -8.356, -4.443, -7.079, -7.373]"
340,1,-5.0786,-4.1543,0.292,178,463,32,17,0.507,40,0.00,7268,796.63,0,0,21.000(26.250%)(0.107m),19.000(16.765%)(0.000m),24.000(21.177%)(0.429m),36.000(31.765%)(1.714m),52.200(65.250%)(3.450m),30.668(76.669%)(2.214m),40.000(100.000%)(3.214m),0.000,3807.046,60.2,1.1141,"[0.391, 0.579, 0.706, 0.273, 0.704, 0.814]","[2.873, 3.037, 2.816, 2.928, 3.349, 2.962]","[-7.345, -6.762, -6.358, -7.796, -5.492, -6.119]"
341,1,-5.6757,-4.1473,0.330,132,343,19,0,0.506,35,0.00,7282,584.82,0,0,10.335(12.919%)(0.000m),16.636(14.679%)(0.000m),31.086(27.429%)(1.188m),79.000(69.706%)(6.321m),60.000(75.000%)(4.286m),10.591(26.478%)(0.063m),40.000(100.000%)(3.214m),1693.917,5365.358,60.1,1.9478,"[1.352, 1.231, 0.414, 1.434, 1.268, 0.275]","[3.253, 2.964, 2.770, 3.173, 3.257, 2.785]","[-5.703, -5.189, -4.790, -5.849, -5.227, -4.877]"
342,1,-5.7150,-4.0990,0.332,164,405,26,0,0.505,40,0.00,7299,707.09,0,0,10.730(13.413%)(0.000m),16.982(14.984%)(0.000m),30.780(27.158%)(1.155m),70.000(61.765%)(5.357m),55.217(69.021%)(3.773m),11.268(28.170%)(0.136m),40.000(100.000%)(3.214m),1766.707,5306.162,57.1,1.0915,"[0.475, 0.592, 0.680, 0.657, 0.761, 0.679]","[2.593, 3.099, 2.904, 2.854, 3.310, 2.867]","[-6.535, -5.787, -5.135, -6.447, -5.651, -5.213]"
343,1,-3.9901,-4.1437,0.378,300,815,96,0,0.504,60,0.00,7329,1288.87,0,0,12.716(15.894%)(0.000m),26.289(23.196%)(0.674m),97.000(85.588%)(8.250m),80.000(70.588%)(6.429m),31.000(38.750%)(1.179m),9.921(24.802%)(0.000m),23.000(57.500%)(1.393m),1504.657,4612.854,62.9,1.2485,"[1.765, 1.556, 0.651, 1.689, 1.591, 0.430]","[3.023, 3.098, 3.347, 3.082, 3.381, 3.230]","[-1.420, -3.542, -5.088, -1.255, -3.648, -4.768]"
344,1,-4.7403,-4.1562,0.356,455,1208,69,44,0.503,70,0.00,7375,2026.52,0,0,22.325(27.906%)(0.249m),43.000(37.941%)(2.464m),54.000(47.647%)(3.643m),22.000(19.412%)(0.214m),12.000(15.000%)(0.000m),15.781(39.454%)(0.619m),22.000(55.000%)(1.286m),923.484,4072.795,61.4,1.3043,"[1.191, 1.442, 1.171, 1.167, 1.472, 0.934]","[2.960, 3.490, 3.315, 3.058, 3.753, 2.962]","[-7.193, -5.070, -3.164, -7.100, -4.680, -3.142]"
345,1,-3.0485,-4.1283,0.301,181,465,30,15,0.502,45,0.00,7394,799.34,0,0,58.447(73.058%)(4.119m),113.333(100.000%)(10.000m),19.000(16.765%)(0.000m),20.000(17.647%)(0.000m),64.662(80.827%)(4.785m),40.000(100.000%)(3.214m),40.000(100.000%)(3.214m),0.000,2817.484,59.5,1.2369,"[0.416, 0.673, 0.950, 0.464, 0.765, 0.948]","[2.448, 2.715, 2.773, 2.502, 3.020, 2.803]","[-4.520, -5.046, -4.691, -4.305, -5.185, -4.715]"
346,1,-2.5028,-4.1115,0.327,195,517,17,0,0.501,45,0.00,7414,856.47,0,0,13.266(16.582%)(0.000m),28.681(25.307%)(0.930m),67.000(59.118%)(5.036m),51.000(45.000%)(3.321m),37.000(46.250%)(1.821m),9.701(24.252%)(0.000m),40.000(100.000%)(3.214m),717.468,3957.220,61.3,1.1593,"[1.177, 1.152, 0.448, 1.162, 1.060, 0.429]","[2.671, 3.012, 2.631, 2.817, 3.276, 2.724]","[-3.498, -4.848, -5.662, -3.750, -5.570, -5.702]"
347,1,-4.9265,-4.1216,0.391,144,368,26,0,0.500,35,0.00,7429,651.59,0,0,60.000(75.000%)(4.286m),78.000(68.824%)(6.214m),70.871(62.533%)(5.450m),29.644(26.157%)(1.033m),13.404(16.755%)(0.000m),40.000(100.000%)(3.214m),9.673(24.183%)(0.000m),2518.036,7027.514,59.1,1.5405,"[-0.982, -0.119, 0.403, -0.994, 0.112, 0.379]","[2.513, 2.718, 2.447, 2.528, 2.972, 2.514]","[-5.964, -4.178, -2.406, -5.861, -4.332, -2.403]"
348,1,-6.8851,-4.1842,0.376,424,1162,42,137,0.499,70,0.00,7472,1772.08,0,0,10.000(12.500%)(0.000m),16.000(14.118%)(0.000m),54.000(47.647%)(3.643m),39.648(34.984%)(2.105m),18.772(23.465%)(0.000m),11.000(27.500%)(0.107m),13.211(33.028%)(0.344m),197.323,4093.780,63.4,1.2230,"[-0.503, -0.098, 0.023, -0.586, -0.016, -0.022]","[2.221, 2.626, 2.700, 2.325, 2.951, 2.564]","[-6.401, -6.496, -7.245, -6.864, -7.256, -6.710]"
349,1,-7.0028,-4.2193,0.348,196,497,19,0,0.498,45,0.00,7492,821.66,0,0,11.098(13.872%)(0.000m),19.263(16.997%)(0.000m),42.063(37.114%)(2.364m),52.000(45.882%)(3.429m),38.000(47.500%)(1.929m),10.312(25.781%)(0.033m),37.657(94.142%)(2.963m),1240.843,5019.271,58.7,1.1103,"[0.602, 0.473, 0.247, 0.587, 0.557, 0.342]","[2.278, 2.516, 2.378, 2.271, 2.802, 2.462]","[-4.759, -5.293, -5.368, -5.105, -5.528, -4.855]"
350,1,-3.9081,-4.2637,0.361,165,418,27,0,0.497,40,0.00,7509,690.46,0,0,13.244(16.556%)(0.000m),29.756(26.255%)(1.045m),71.197(62.821%)(5.485m),69.000(60.883%)(5.250m),52.000(65.000%)(3.429m),9.685(24.213%)(0.000m),40.000(100.000%)(3.214m),1892.402,5874.428,58.7,1.2757,"[0.731, -0.170, -0.831, 0.893, -0.109, -0.721]","[2.182, 2.324, 2.148, 2.246, 2.531, 2.174]","[-2.068, -5.042, -6.047, -1.685, -4.870, -5.543]"
351,1,-3.1267,-4.2064,0.296,197,520,30,18,0.496,45,0.00,7529,825.98,0,0,29.000(36.250%)(0.964m),35.000(30.882%)(1.607m),44.000(38.824%)(2.571m),24.112(21.275%)(0.441m),12.183(15.228%)(0.000m),40.000(100.000%)(3.214m),9.874(24.686%)(0.000m),421.417,3370.716,61.1,1.0835,"[-0.102, -0.092, -0.200, -0.060, 0.010, -0.093]","[2.186, 2.406, 2.153, 2.405, 2.803, 2.219]","[-5.697, -5.575, -5.084, -5.831, -5.483, -4.729]"
352,1,-4.1332,-4.2335,0.237,150,398,16,0,0.495,40,0.00,7544,617.18,0,0,11.186(13.982%)(0.000m),20.275(17.890%)(0.030m),49.346(43.540%)(3.144m),61.000(53.824%)(4.393m),49.000(61.250%)(3.107m),9.894(24.736%)(0.000m),40.000(100.000%)(3.214m),1503.493,4562.726,61.4,1.0189,"[0.660, 0.463, 0.017, 0.687, 0.563, -0.036]","[2.258, 2.473, 2.203, 2.322, 2.811, 2.284]","[-5.347, -6.011, -5.644, -5.504, -6.089, -5.949]"
353,1,-2.3339,-4.1782,0.331,265,702,105,0,0.494,55,0.00,7571,1104.53,0,0,12.080(15.100%)(0.000m),23.274(20.536%)(0.351m),68.235(60.207%)(5.168m),83.000(73.236%)(6.750m),41.000(51.250%)(2.250m),10.041(25.102%)(0.004m),29.000(72.500%)(2.036m),2582.511,5720.162,61.3,1.1749,"[1.570, 1.622, 0.551, 1.603, 1.695, 0.374]","[2.825, 2.974, 3.156, 2.810, 3.258, 2.931]","[-5.094, -5.720, -5.519, -4.782, -5.553, -5.182]"
354,1,-2.2952,-4.1660,0.277,184,505,55,0,0.493,45,0.00,7590,771.14,0,0,42.000(52.500%)(2.357m),72.000(63.530%)(5.571m),92.000(81.177%)(7.714m),28.376(25.038%)(0.897m),13.128(16.410%)(0.000m),32.000(80.000%)(2.357m),9.726(24.316%)(0.000m),1533.223,4278.964,63.6,1.1997,"[-0.983, 0.198, 0.594, -1.176, 0.332, 0.678]","[1.953, 2.457, 2.197, 2.082, 2.670, 2.332]","[-5.632, -3.665, -1.886, -5.932, -3.363, -1.662]"
355,1,-5.2103,-4.1509,0.308,210,564,31,33,0.492,50,0.00,7611,972.51,0,0,12.470(15.588%)(0.000m),25.782(22.749%)(0.619m),48.000(42.353%)(3.000m),38.000(33.530%)(1.929m),21.000(26.250%)(0.107m),9.729(24.324%)(0.000m),23.000(57.500%)(1.393m),209.264,3261.545,62.1,1.2273,"[0.410, 0.323, 0.215, 0.393, 0.321, 0.167]","[2.299, 2.553, 2.291, 2.271, 2.713, 2.408]","[-4.937, -5.756, -5.874, -4.695, -6.086, -5.774]"
356,1,-4.3505,-4.1637,0.279,201,503,20,0,0.491,45,0.00,7632,920.34,0,0,12.691(15.864%)(0.000m),26.645(23.510%)(0.712m),78.173(68.977%)(6.233m),59.000(52.059%)(4.179m),48.000(60.000%)(3.000m),9.775(24.439%)(0.000m),40.000(100.000%)(3.214m),1821.092,4987.010,58.0,1.1701,"[1.598, 1.188, 0.621, 1.674, 1.353, 0.652]","[2.594, 2.852, 2.780, 2.768, 3.292, 2.732]","[-2.763, -4.619, -6.191, -2.586, -5.341, -5.875]"
357,1,-3.0684,-4.1372,0.310,228,589,10,44,0.490,50,0.00,7655,1018.56,0,0,32.526(40.658%)(1.342m),62.915(55.514%)(4.598m),63.000(55.588%)(4.607m),28.000(24.706%)(0.857m),13.000(16.250%)(0.000m),23.284(58.209%)(1.423m),10.000(25.000%)(0.000m),749.541,4251.911,59.8,1.3427,"[0.324, 0.777, 0.967, 0.320, 0.884, 1.002]","[2.635, 2.841, 2.561, 2.742, 3.080, 2.645]","[-5.491, -3.587, -2.257, -5.706, -3.699, -1.802]"
358,1,-5.7117,-4.1920,0.319,436,1172,128,99,0.489,70,0.00,7699,1890.10,0,0,17.774(22.217%)(0.000m),36.000(31.765%)(1.714m),38.000(33.530%)(1.929m),24.000(21.177%)(0.429m),13.000(16.250%)(0.000m),12.514(31.285%)(0.269m),18.000(45.000%)(0.857m),80.892,3152.428,62.2,1.2438,"[0.428, 0.628, 0.175, 0.445, 0.545, 0.102]","[2.730, 2.864, 3.066, 2.860, 3.149, 2.796]","[-7.356, -5.190, -5.854, -6.893, -5.265, -5.528]"
359,1,-0.8279,-4.0782,0.349,481,1239,102,15,0.488,70,0.00,7748,2070.74,0,0,17.976(22.470%)(0.000m),25.000(22.059%)(0.536m),66.000(58.235%)(4.929m),57.000(50.294%)(3.964m),34.000(42.500%)(1.500m),12.691(31.727%)(0.288m),26.000(65.000%)(1.714m),0.000,3987.803,59.6,1.2913,"[1.828, 1.832, 0.641, 1.872, 1.872, 0.402]","[3.335, 3.622, 4.314, 3.535, 3.890, 3.664]","[-3.966, -6.188, -7.326, -4.235, -6.457, -6.811]"
360,1,-2.2898,-3.9963,0.304,232,577,36,0,0.487,50,0.00,7772,1009.47,0,0,44.000(55.000%)(2.571m),55.000(48.530%)(3.750m),63.000(55.588%)(4.607m),26.989(23.813%)(0.749m),12.704(15.880%)(0.000m),40.000(100.000%)(3.214m),9.660(24.150%)(0.000m),1358.578,5355.062,57.5,1.3403,"[0.160, 0.848, 1.177, -0.007, 1.037, 1.198]","[2.286, 2.583, 2.547, 2.294, 2.809, 2.531]","[-5.182, -2.934, -0.659, -5.789, -2.597, -0.540]"
361,1,-3.8355,-3.9542,0.410,174,461,16,0,0.486,40,0.00,7790,806.03,0,0,10.979(13.724%)(0.000m),18.677(16.480%)(0.000m),38.980(34.394%)(2.034m),50.000(44.118%)(3.214m),38.000(47.500%)(1.929m),10.455(26.138%)(0.049m),40.000(100.000%)(3.214m),820.303,3793.520,61.4,1.3321,"[0.914, 0.696, 0.427, 0.832, 0.698, 0.405]","[2.212, 2.610, 2.559, 2.328, 2.895, 2.594]","[-5.353, -5.901, -5.728, -6.037, -6.124, -5.298]"
362,1,-3.6443,-3.8839,0.349,277,743,28,31,0.485,55,0.00,7818,1150.83,0,0,13.481(16.851%)(0.000m),29.303(25.856%)(0.997m),78.000(68.824%)(6.214m),65.000(57.353%)(4.821m),28.000(35.000%)(0.857m),9.614(24.035%)(0.000m),20.000(50.000%)(1.071m),1358.217,4582.364,62.0,1.2554,"[1.089, 1.170, 0.461, 1.103, 1.115, 0.390]","[2.838, 2.816, 2.676, 2.909, 2.978, 2.674]","[-3.614, -4.534, -5.571, -3.878, -5.598, -5.400]"
363,1,-2.8514,-3.8904,0.358,146,389,19,0,0.484,40,0.00,7833,670.42,0,0,10.921(13.651%)(0.000m),18.956(16.726%)(0.000m),41.392(36.523%)(2.292m),59.000(52.059%)(4.179m),47.000(58.750%)(2.893m),10.148(25.370%)(0.016m),40.000(100.000%)(3.214m),1195.353,4155.562,61.6,1.3643,"[1.156, 0.572, 0.050, 1.269, 0.526, 0.001]","[2.567, 2.726, 2.546, 2.764, 3.018, 2.632]","[-5.880, -5.779, -5.448, -5.572, -6.176, -5.488]"
364,1,-1.9659,-3.8654,0.339,251,704,16,0,0.483,55,0.00,7859,1055.82,0,0,11.377(14.222%)(0.000m),20.392(17.993%)(0.042m),48.174(42.507%)(3.019m),80.000(70.588%)(6.429m),36.000(45.000%)(1.714m),10.189(25.472%)(0.020m),26.000(65.000%)(1.714m),2006.796,4046.485,64.9,1.1624,"[1.271, 1.608, 1.234, 1.334, 1.628, 0.881]","[2.667, 2.976, 3.632, 2.689, 3.338, 3.272]","[-6.005, -5.455, -5.205, -5.951, -5.368, -5.086]"
365,1,-5.1272,-3.8884,0.323,221,550,19,0,0.483,45,0.00,7882,979.00,0,0,12.795(15.994%)(0.000m),26.833(23.677%)(0.732m),58.000(51.177%)(4.071m),48.000(42.353%)(3.000m),39.000(48.750%)(2.036m),9.856(24.639%)(0.000m),40.000(100.000%)(3.214m),1089.939,4332.526,57.5,1.2847,"[1.540, 1.202, 0.831, 1.590, 1.331, 0.821]","[2.909, 2.958, 2.813, 2.928, 3.265, 2.913]","[-2.880, -4.971, -5.825, -2.568, -5.176, -5.712]"
366,1,-4.6782,-3.9477,0.305,98,266,16,0,0.482,30,0.00,7892,433.85,0,0,69.000(86.250%)(5.250m),92.000(81.177%)(7.714m),49.921(44.048%)(3.206m),20.512(18.099%)(0.055m),11.316(14.145%)(0.000m),40.000(100.000%)(3.214m),10.010(25.024%)(0.001m),1942.669,4964.835,62.9,1.5383,"[-0.957, -0.203, 0.338, -0.884, -0.095, 0.271]","[2.747, 3.168, 2.955, 2.976, 3.514, 3.049]","[-5.844, -5.466, -4.739, -5.711, -5.537, -4.817]"
367,1,-4.4342,-3.9719,0.361,169,443,16,1,0.481,40,0.00,7909,758.88,0,0,9.508(11.885%)(0.000m),13.492(11.904%)(0.000m),20.694(18.260%)(0.074m),49.000(43.235%)(3.107m),34.000(42.500%)(1.500m),12.032(30.080%)(0.218m),40.000(100.000%)(3.214m),689.179,4239.950,60.7,1.2506,"[1.063, 1.208, 1.116, 1.140, 1.221, 1.203]","[2.793, 3.157, 2.996, 2.943, 3.403, 3.305]","[-6.112, -5.883, -5.217, -6.011, -5.808, -5.379]"
368,1,-1.8850,-3.9201,0.281,634,1610,230,88,0.480,80,0.00,7973,2687.66,0,0,16.241(20.301%)(0.000m),33.935(29.943%)(1.493m),82.000(72.353%)(6.643m),62.874(55.477%)(4.594m),35.000(43.750%)(1.607m),11.430(28.574%)(0.153m),14.000(35.000%)(0.429m),785.141,5762.124,58.8,1.2580,"[1.683, 1.727, 0.937, 1.816, 1.766, 0.708]","[3.492, 3.319, 3.728, 3.771, 3.553, 3.607]","[-0.241, -3.166, -5.186, -0.125, -3.559, -5.348]"
369,1,-7.5267,-4.0179,0.346,271,724,74,132,0.479,55,0.00,8001,1173.18,0,0,17.000(21.250%)(0.000m),42.000(37.059%)(2.357m),52.273(46.123%)(3.458m),20.884(18.427%)(0.095m),11.389(14.237%)(0.000m),12.000(30.000%)(0.214m),9.951(24.876%)(0.000m),672.831,4382.022,61.9,1.0625,"[-0.241, -0.075, -0.132, -0.191, -0.036, -0.190]","[2.242, 2.432, 2.259, 2.438, 2.859, 2.308]","[-5.387, -5.259, -4.810, -5.510, -5.310, -4.760]"
370,1,-4.6404,-4.0371,0.368,194,528,17,36,0.478,45,0.00,8021,813.48,0,0,13.000(16.250%)(0.000m),36.000(31.765%)(1.714m),113.333(100.000%)(10.000m),61.126(53.935%)(4.406m),29.519(36.898%)(1.020m),11.000(27.500%)(0.107m),21.072(52.680%)(1.186m),1584.107,4907.269,63.0,1.1573,"[0.498, 0.609, 0.348, 0.525, 0.604, 0.306]","[2.051, 2.357, 2.064, 2.218, 2.668, 2.125]","[-1.485, -2.797, -4.928, -1.060, -3.307, -4.586]"
371,1,-4.7626,-4.0768,0.322,248,650,32,88,0.477,50,0.00,8046,1066.87,0,0,23.000(28.750%)(0.321m),46.000(40.588%)(2.786m),27.175(23.978%)(0.769m),15.822(13.960%)(0.000m),10.322(12.902%)(0.000m),16.000(40.000%)(0.643m),11.384(28.461%)(0.148m),760.985,4052.976,60.7,1.2124,"[0.462, 0.563, 0.573, 0.437, 0.659, 0.535]","[2.118, 2.386, 2.128, 2.254, 2.703, 2.317]","[-4.818, -5.592, -5.541, -4.790, -5.641, -5.588]"
372,1,-5.0112,-4.0665,0.307,229,582,0,43,0.476,50,0.00,8069,1018.13,0,0,13.000(16.250%)(0.000m),26.000(22.941%)(0.643m),105.000(92.647%)(9.107m),67.609(59.656%)(5.101m),32.668(40.835%)(1.357m),40.000(100.000%)(3.214m),23.349(58.373%)(1.430m),1514.398,5183.572,58.8,1.3135,"[0.478, 0.403, 0.056, 0.462, 0.666, 0.109]","[2.119, 2.317, 2.311, 2.092, 2.709, 2.383]","[-5.063, -6.017, -6.455, -4.957, -5.438, -5.655]"
373,1,-4.9487,-4.0593,0.275,309,903,64,55,0.475,65,0.00,8100,1359.11,0,0,21.073(26.341%)(0.115m),20.000(17.647%)(0.000m),20.000(17.647%)(0.000m),20.000(17.647%)(0.000m),25.000(31.250%)(0.536m),14.847(37.117%)(0.519m),12.000(30.000%)(0.214m),0.000,2568.616,67.7,1.1778,"[0.558, 0.189, -0.461, 0.619, -0.100, -0.798]","[2.161, 2.299, 2.059, 2.270, 2.588, 2.237]","[-6.724, -5.974, -5.910, -6.680, -6.680, -6.423]"
374,1,-1.6865,-4.0569,0.296,156,416,32,19,0.474,40,0.00,8116,679.17,0,0,23.000(28.750%)(0.321m),21.000(18.529%)(0.107m),33.000(29.118%)(1.393m),94.593(83.465%)(7.992m),49.735(62.169%)(3.186m),40.000(100.000%)(3.214m),40.000(100.000%)(3.214m),0.000,2286.790,61.8,1.2317,"[0.449, 0.353, 0.124, 0.356, 0.240, 0.048]","[2.292, 2.751, 2.593, 2.444, 2.934, 2.711]","[-5.573, -6.778, -7.059, -5.745, -7.154, -6.949]"
375,1,-3.6189,-4.0141,0.346,181,476,16,0,0.473,45,0.00,8135,761.21,0,0,12.786(15.983%)(0.000m),26.830(23.674%)(0.732m),72.319(63.811%)(5.606m),70.000(61.765%)(5.357m),39.000(48.750%)(2.036m),9.849(24.622%)(0.000m),40.000(100.000%)(3.214m),1496.191,4834.787,60.9,1.2362,"[1.483, 1.226, 0.508, 1.476, 1.356, 0.215]","[2.904, 2.720, 2.173, 2.937, 2.817, 2.203]","[-3.672, -5.481, -6.331, -3.402, -6.081, -6.132]"
376,1,-3.2834,-4.0230,0.360,131,368,18,14,0.472,40,0.00,8149,583.16,0,0,69.057(86.321%)(5.256m),21.000(18.529%)(0.107m),20.000(17.647%)(0.000m),108.360(95.612%)(9.467m),55.649(69.561%)(3.819m),40.000(100.000%)(3.214m),40.000(100.000%)(3.214m),0.000,2070.365,65.0,1.3035,"[0.652, 0.321, -0.029, 0.370, 0.380, -0.213]","[2.283, 2.450, 2.299, 2.325, 2.859, 2.497]","[-4.538, -4.498, -4.442, -5.211, -4.628, -4.648]"
377,1,-2.4722,-3.9850,0.296,271,726,114,0,0.471,55,0.00,8177,1156.50,0,0,11.016(13.770%)(0.000m),19.744(17.421%)(0.000m),46.643(41.156%)(2.855m),67.000(59.118%)(5.036m),39.000(48.750%)(2.036m),9.865(24.663%)(0.000m),28.000(70.000%)(1.929m),1434.339,5053.829,62.0,1.1752,"[1.675, 1.888, 0.870, 1.680, 1.813, 0.416]","[3.063, 3.229, 3.958, 3.067, 3.344, 3.407]","[-5.897, -6.007, -5.737, -6.344, -6.560, -6.269]"
378,1,-3.6930,-3.9956,0.421,288,757,124,0,0.470,55,0.00,8206,1248.12,0,0,11.885(14.856%)(0.000m),22.052(19.458%)(0.220m),57.336(50.591%)(4.000m),67.000(59.118%)(5.036m),37.000(46.250%)(1.821m),10.255(25.638%)(0.027m),28.000(70.000%)(1.929m),1169.191,4937.828,60.8,1.1870,"[1.618, 1.526, 0.068, 1.573, 1.455, -0.269]","[2.609, 2.651, 2.642, 2.899, 2.851, 2.577]","[-5.129, -4.850, -5.367, -5.181, -5.307, -5.278]"
379,1,-0.1335,-3.8946,0.367,289,853,38,4,0.469,65,0.00,8235,1230.01,0,0,34.000(42.500%)(1.500m),30.000(26.471%)(1.071m),39.000(34.412%)(2.036m),20.423(18.021%)(0.045m),11.267(14.084%)(0.000m),24.000(60.000%)(1.500m),9.967(24.916%)(0.000m),318.977,2454.463,68.3,1.3171,"[-0.504, -0.118, -0.147, -0.607, -0.010, -0.177]","[1.667, 2.028, 1.979, 1.896, 2.376, 2.130]","[-4.866, -5.147, -5.388, -5.056, -5.177, -5.005]"
380,1,-4.9070,-3.9016,0.291,206,545,24,26,0.468,45,0.00,8256,900.26,0,0,9.578(11.972%)(0.000m),14.914(13.159%)(0.000m),26.285(23.193%)(0.673m),42.000(37.059%)(2.357m),25.000(31.250%)(0.536m),10.308(25.769%)(0.033m),29.000(72.500%)(2.036m),379.010,3629.831,61.2,1.4444,"[0.696, 0.682, 0.485, 0.793, 0.761, 0.383]","[2.508, 2.489, 2.452, 2.386, 2.949, 2.459]","[-5.516, -5.080, -5.193, -5.871, -5.587, -5.286]"
381,1,-5.4472,-3.9051,0.288,357,929,144,0,0.467,65,0.00,8292,1523.08,0,0,10.731(13.414%)(0.000m),17.581(15.512%)(0.000m),33.963(29.968%)(1.496m),88.000(77.647%)(7.286m),41.000(51.250%)(2.250m),10.731(26.828%)(0.078m),24.000(60.000%)(1.500m),3186.866,5938.942,60.2,1.4216,"[1.741, 1.752, 0.569, 1.773, 1.805, 0.378]","[3.686, 3.155, 3.312, 3.829, 3.272, 3.160]","[-4.832, -4.442, -5.295, -4.796, -4.591, -5.245]"
382,1,-5.5246,-3.9766,0.281,113,279,17,0,0.466,30,0.00,8304,498.51,0,0,9.726(12.158%)(0.000m),14.685(12.957%)(0.000m),24.627(21.730%)(0.496m),96.643(85.273%)(8.212m),76.230(95.288%)(6.025m),10.995(27.489%)(0.107m),40.000(100.000%)(3.214m),3812.738,7353.454,57.2,1.2639,"[1.219, 1.117, 0.422, 1.349, 1.243, 0.354]","[3.188, 2.908, 2.824, 3.229, 3.337, 2.919]","[-5.829, -4.925, -5.144, -5.680, -5.086, -5.198]"
383,1,-1.5713,-3.9341,0.280,236,660,53,34,0.465,55,0.00,8328,997.84,0,0,26.000(32.500%)(0.643m),51.000(45.000%)(3.321m),62.543(55.185%)(4.558m),22.277(19.656%)(0.244m),11.713(14.641%)(0.000m),25.000(62.500%)(1.607m),9.858(24.645%)(0.000m),598.325,3305.091,64.7,1.1889,"[-0.181, 0.504, 0.827, -0.265, 0.709, 0.790]","[2.594, 2.886, 2.611, 2.799, 3.247, 2.691]","[-6.426, -5.589, -4.681, -6.222, -5.253, -4.539]"
384,1,-5.7018,-4.0139,0.304,471,1291,67,103,0.465,75,0.00,8376,2031.80,0,0,22.000(27.500%)(0.214m),43.000(37.941%)(2.464m),54.000(47.647%)(3.643m),35.726(31.523%)(1.685m),16.785(20.981%)(0.000m),11.000(27.500%)(0.107m),11.776(29.441%)(0.190m),723.246,4090.896,63.4,1.1991,"[-0.005, 0.132, 0.250, -0.063, 0.287, 0.222]","[2.699, 2.888, 2.667, 2.699, 3.014, 2.707]","[-5.709, -3.419, -3.890, -5.667, -3.251, -3.637]"
385,1,-4.0421,-3.9925,0.275,254,664,24,81,0.464,55,0.00,8402,1065.62,0,0,14.000(17.500%)(0.000m),44.000(38.824%)(2.571m),92.000(81.177%)(7.714m),67.750(59.779%)(5.116m),32.756(40.945%)(1.367m),10.000(25.000%)(0.000m),23.469(58.674%)(1.443m),1643.017,5309.269,60.5,1.1445,"[0.564, 0.517, 0.245, 0.653, 0.567, 0.172]","[2.252, 2.484, 2.240, 2.233, 2.771, 2.060]","[-1.917, -2.588, -3.496, -1.628, -2.776, -3.539]"
386,1,-2.2300,-3.9743,0.352,414,1107,160,12,0.463,70,0.00,8444,1751.19,0,0,17.051(21.314%)(0.000m),20.000(17.647%)(0.000m),19.000(16.765%)(0.000m),20.000(17.647%)(0.000m),31.000(38.750%)(1.179m),12.022(30.055%)(0.217m),24.000(60.000%)(1.500m),0.000,3552.764,61.9,1.2213,"[1.235, 1.179, 0.472, 1.365, 1.209, 0.243]","[3.097, 2.980, 3.686, 3.514, 3.360, 3.389]","[-6.080, -5.546, -5.630, -6.065, -5.834, -6.001]"
387,1,-2.4578,-3.9382,0.249,165,442,14,0,0.462,40,0.00,8461,750.72,0,0,11.504(14.380%)(0.000m),20.853(18.400%)(0.091m),50.751(44.781%)(3.295m),47.000(41.471%)(2.893m),38.000(47.500%)(1.929m),10.176(25.441%)(0.019m),40.000(100.000%)(3.214m),614.157,3400.029,62.0,1.1021,"[0.145, 0.013, -0.035, 0.116, -0.002, -0.074]","[2.122, 2.406, 2.110, 2.215, 2.600, 2.177]","[-5.082, -5.432, -5.143, -4.922, -5.656, -5.459]"
388,1,-4.4026,-3.9810,0.316,421,1130,18,115,0.461,70,0.00,8504,1883.79,0,0,23.000(28.750%)(0.321m),33.000(29.118%)(1.393m),45.000(39.706%)(2.679m),55.955(49.372%)(3.852m),26.966(33.707%)(0.746m),16.571(41.427%)(0.704m),19.174(47.934%)(0.983m),71.959,3954.434,62.1,1.3718,"[0.722, 0.293, -0.283, 0.744, 0.417, -0.244]","[2.923, 2.192, 2.006, 2.861, 2.491, 2.144]","[-2.201, -3.606, -6.639, -2.201, -4.089, -6.860]"
389,1,-2.5457,-3.9170,0.307,395,1072,175,17,0.460,70,0.00,8544,1669.61,0,0,14.302(17.877%)(0.000m),25.000(22.059%)(0.536m),32.000(28.235%)(1.286m),68.000(60.000%)(5.143m),36.000(45.000%)(1.714m),10.017(25.042%)(0.002m),26.000(65.000%)(1.714m),0.000,4756.440,62.8,1.1592,"[1.101, 0.703, -0.216, 1.124, 0.569, -0.361]","[2.869, 3.444, 3.273, 2.823, 3.607, 3.089]","[-3.740, -5.116, -7.207, -4.249, -5.650, -6.458]"
390,1,-4.7967,-3.9114,0.313,307,804,156,0,0.459,60,0.00,8575,1246.29,0,0,40.000(50.000%)(2.143m),64.000(56.471%)(4.714m),86.668(76.472%)(7.143m),28.914(25.513%)(0.955m),13.521(16.901%)(0.000m),29.000(72.500%)(2.036m),9.659(24.147%)(0.000m),2127.143,5889.027,60.6,1.2430,"[-0.760, 0.379, 0.671, -0.774, 0.645, 0.738]","[1.557, 2.027, 1.769, 1.734, 2.363, 1.906]","[-4.964, -2.641, -0.968, -5.047, -2.258, -0.981]"
391,1,-2.4598,-3.8470,0.286,142,378,15,0,0.458,35,0.00,8590,621.10,0,0,9.911(12.389%)(0.000m),13.974(12.330%)(0.000m),21.254(18.754%)(0.134m),51.728(45.643%)(3.399m),47.000(58.750%)(2.893m),12.703(31.758%)(0.290m),40.000(100.000%)(3.214m),1026.688,3559.441,61.6,1.2777,"[0.208, 0.354, 0.149, 0.288, 0.413, 0.071]","[1.500, 1.884, 1.735, 1.754, 2.117, 1.799]","[-6.639, -5.644, -4.757, -6.682, -5.579, -4.984]"
392,1,-2.3648,-3.7800,0.381,169,451,19,0,0.457,40,0.00,8607,731.45,0,0,37.000(46.250%)(1.821m),49.000(43.235%)(3.107m),48.960(43.200%)(3.103m),20.725(18.287%)(0.078m),11.563(14.454%)(0.000m),40.000(100.000%)(3.214m),10.355(25.888%)(0.038m),738.427,3751.445,61.7,1.2932,"[0.013, 0.594, 0.758, 0.024, 0.738, 0.739]","[1.938, 2.428, 2.322, 2.078, 2.814, 2.374]","[-5.376, -5.224, -4.875, -5.300, -5.223, -4.862]"
393,1,-4.8039,-3.7963,0.371,166,464,20,16,0.456,45,0.00,8624,747.55,0,0,28.000(35.000%)(0.857m),37.000(32.647%)(1.821m),41.336(36.473%)(2.286m),18.931(16.704%)(0.000m),10.906(13.633%)(0.000m),31.000(77.500%)(2.250m),10.134(25.336%)(0.014m),267.210,2911.833,64.6,1.2356,"[-0.062, 0.385, 0.490, -0.202, 0.415, 0.491]","[2.580, 2.898, 2.588, 2.621, 3.147, 2.729]","[-5.097, -5.053, -4.940, -5.118, -5.196, -4.886]"
394,1,-0.7663,-3.7168,0.294,143,392,14,16,0.455,40,0.00,8639,622.51,0,0,23.000(28.750%)(0.321m),27.000(23.824%)(0.750m),48.000(42.353%)(3.000m),81.320(71.753%)(6.570m),44.169(55.212%)(2.590m),40.000(100.000%)(3.214m),37.642(94.106%)(2.962m),0.000,2069.782,63.4,1.2448,"[0.969, 0.938, 0.605, 0.841, 0.994, 0.561]","[2.505, 2.731, 2.363, 2.599, 3.030, 2.462]","[-2.411, -3.844, -5.474, -3.216, -4.472, -5.071]"
395,1,-2.2642,-3.7011,0.332,296,799,41,8,0.454,60,0.00,8669,1276.84,0,0,11.151(13.939%)(0.000m),18.970(16.738%)(0.000m),39.590(34.933%)(2.099m),47.000(41.471%)(2.893m),31.000(38.750%)(1.179m),10.619(26.548%)(0.066m),24.000(60.000%)(1.500m),830.804,3518.422,62.4,1.1758,"[1.170, 1.292, 0.556, 1.228, 1.280, 0.395]","[2.545, 2.989, 3.212, 2.700, 3.203, 2.885]","[-5.173, -5.189, -5.708, -5.616, -5.501, -5.587]"
396,1,0.3327,-3.6444,0.320,644,1744,65,98,0.453,85,0.00,8734,2846.08,0,0,21.490(26.863%)(0.160m),20.000(17.647%)(0.000m),20.000(17.647%)(0.000m),68.000(60.000%)(5.143m),37.000(46.250%)(1.821m),15.166(37.915%)(0.553m),26.000(65.000%)(1.714m),0.000,3641.250,62.7,1.2461,"[0.780, 0.747, 0.368, 0.713, 0.791, 0.223]","[2.659, 2.910, 2.630, 2.701, 3.179, 2.537]","[-7.164, -6.182, -6.158, -7.749, -6.222, -6.042]"
397,1,-3.8002,-3.6219,0.207,138,365,17,0,0.453,35,0.00,8748,600.73,0,0,9.457(11.821%)(0.000m),14.279(12.599%)(0.000m),23.946(21.129%)(0.423m),67.000(59.118%)(5.036m),54.000(67.500%)(3.643m),10.691(26.728%)(0.074m),40.000(100.000%)(3.214m),1282.727,4075.947,61.2,1.2052,"[0.663, 0.375, 0.009, 0.507, 0.431, -0.023]","[1.892, 2.289, 2.104, 1.926, 2.619, 2.170]","[-5.345, -5.711, -5.101, -6.450, -5.871, -5.491]"
398,1,-6.2712,-3.6096,0.248,483,1296,96,148,0.452,75,0.00,8797,2030.53,0,0,10.000(12.500%)(0.000m),16.000(14.118%)(0.000m),51.000(45.000%)(3.321m),32.000(28.235%)(1.286m),15.000(18.750%)(0.000m),11.000(27.500%)(0.107m),13.000(32.500%)(0.321m),751.559,3971.352,62.1,1.1640,"[0.331, 0.347, 0.064, 0.288, 0.425, -0.049]","[2.774, 2.489, 2.610, 2.516, 2.704, 2.574]","[-7.299, -7.879, -7.232, -7.180, -7.754, -7.089]"
399,1,-2.6387,-3.5223,0.234,171,469,20,0,0.451,45,0.00,8815,750.51,0,0,12.525(15.656%)(0.000m),25.894(22.848%)(0.632m),63.000(55.588%)(4.607m),51.000(45.000%)(3.321m),35.000(43.750%)(1.607m),9.772(24.430%)(0.000m),40.000(100.000%)(3.214m),643.381,3414.635,63.5,1.2745,"[0.549, 0.079, -0.410, 0.549, 0.008, -0.406]","[1.971, 2.300, 1.990, 2.149, 2.623, 2.178]","[-4.106, -5.423, -5.416, -4.145, -5.659, -5.084]"
400,1,-3.8888,-3.5220,0.321,451,1224,9,56,0.450,75,0.00,8861,1995.85,0,0,11.000(13.750%)(0.000m),18.000(15.882%)(0.000m),63.000(55.588%)(4.607m),52.000(45.882%)(3.429m),28.000(35.000%)(0.857m),11.000(27.500%)(0.107m),23.000(57.500%)(1.393m),563.587,4860.455,62.8,1.2071,"[0.838, 0.991, 0.903, 0.843, 1.124, 0.716]","[1.961, 2.383, 2.975, 2.045, 2.759, 3.015]","[-6.306, -6.948, -6.764, -6.203, -7.307, -7.052]"
401,1,-3.4697,-3.5288,0.298,450,1213,107,86,0.449,70,0.00,8906,1994.82,0,0,20.741(25.927%)(0.079m),34.000(30.000%)(1.500m),42.000(37.059%)(2.357m),22.000(19.412%)(0.214m),12.000(15.000%)(0.000m),14.610(36.525%)(0.494m),11.000(27.500%)(0.107m),333.290,3800.300,62.4,1.4985,"[0.435, 0.535, 0.344, 0.466, 0.639, 0.208]","[2.477, 2.331, 2.380, 2.344, 2.686, 2.271]","[-6.358, -4.375, -5.410, -6.538, -3.622, -5.574]"
402,1,-7.0506,-3.5872,0.358,425,1145,118,12,0.448,70,0.00,8949,1810.68,0,0,19.135(23.919%)(0.000m),40.365(35.617%)(2.182m),29.000(25.588%)(0.964m),16.000(14.118%)(0.000m),25.000(31.250%)(0.536m),13.471(33.678%)(0.372m),28.000(70.000%)(1.929m),597.463,4124.024,62.3,1.2456,"[0.766, 0.798, 0.095, 0.782, 0.826, -0.133]","[2.479, 2.865, 2.450, 2.618, 3.053, 2.591]","[-6.462, -7.901, -7.872, -6.523, -7.391, -7.624]"
403,1,-6.0044,-3.6606,0.312,566,1463,147,79,0.447,75,0.00,9006,2440.27,0,0,11.000(13.750%)(0.000m),37.416(33.014%)(1.866m),75.000(66.177%)(5.893m),44.000(38.824%)(2.571m),22.000(27.500%)(0.214m),12.000(30.000%)(0.214m),19.000(47.500%)(0.964m),1779.437,5448.223,59.8,1.2327,"[0.766, 1.071, 0.729, 0.779, 1.201, 0.698]","[2.497, 2.742, 2.474, 2.684, 2.872, 2.620]","[-4.513, -2.395, -4.546, -4.884, -3.223, -4.647]"
404,1,-3.9403,-3.6935,0.297,518,1370,100,118,0.446,75,0.00,9058,2270.08,0,0,25.000(31.250%)(0.536m),55.000(48.530%)(3.750m),77.414(68.307%)(6.152m),34.012(30.011%)(1.501m),16.206(20.258%)(0.000m),18.000(45.000%)(0.857m),11.398(28.494%)(0.150m),744.211,5888.534,61.2,1.2518,"[-0.022, 0.340, 0.260, -0.132, 0.517, 0.267]","[2.195, 1.755, 1.638, 2.039, 2.064, 1.731]","[-5.130, -2.789, -4.090, -5.274, -2.754, -4.412]"
405,1,-6.3050,-3.7154,0.332,369,1023,47,84,0.445,70,0.00,9095,1613.98,0,0,23.000(28.750%)(0.321m),22.000(19.412%)(0.214m),37.000(32.647%)(1.821m),50.430(44.497%)(3.260m),24.197(30.247%)(0.450m),16.000(40.000%)(0.643m),17.141(42.852%)(0.765m),0.000,3565.932,64.2,1.2471,"[-0.186, -0.442, -0.554, -0.327, -0.335, -0.514]","[2.441, 2.247, 1.903, 2.320, 2.548, 2.042]","[-2.856, -6.092, -7.115, -3.397, -6.479, -6.291]"
406,1,-1.2132,-3.6526,0.296,474,1229,87,77,0.444,70,0.00,9143,2155.06,0,0,21.794(27.243%)(0.192m),45.408(40.066%)(2.722m),24.000(21.177%)(0.429m),22.000(19.412%)(0.214m),21.000(26.250%)(0.107m),15.443(38.607%)(0.583m),17.000(42.500%)(0.750m),0.000,4459.799,60.0,1.1942,"[0.960, 1.273, 0.989, 0.900, 1.368, 0.906]","[2.410, 2.774, 2.989, 2.458, 3.018, 2.974]","[-5.228, -6.933, -6.602, -5.481, -7.179, -6.834]"
407,1,-3.5264,-3.6618,0.386,490,1309,152,34,0.444,75,0.00,9192,2076.24,0,0,10.000(12.500%)(0.000m),40.768(35.971%)(2.225m),62.000(54.706%)(4.500m),57.000(50.294%)(3.964m),29.000(36.250%)(0.964m),11.000(27.500%)(0.107m),22.000(55.000%)(1.286m),762.882,4024.896,61.8,1.2357,"[1.159, 1.388, 0.644, 1.162, 1.405, 0.545]","[2.128, 2.554, 2.803, 2.207, 2.742, 2.886]","[-3.529, -1.474, -3.501, -4.062, -1.899, -4.038]"
408,1,-4.7380,-3.6423,0.351,194,499,40,7,0.443,45,0.00,9212,844.41,0,0,11.951(14.938%)(0.000m),22.730(20.056%)(0.292m),50.000(44.118%)(3.214m),38.000(33.530%)(1.929m),31.000(38.750%)(1.179m),10.058(25.146%)(0.006m),40.000(100.000%)(3.214m),464.835,3677.770,59.5,1.3053,"[0.310, 0.227, 0.081, 0.273, 0.339, 0.198]","[2.512, 2.799, 2.398, 2.462, 3.152, 2.614]","[-4.764, -5.422, -5.372, -4.659, -5.062, -4.900]"
409,1,-2.5690,-3.6771,0.358,156,413,16,0,0.442,40,0.00,9228,718.35,0,0,42.000(52.500%)(2.357m),54.000(47.647%)(3.643m),20.866(18.411%)(0.093m),13.243(11.685%)(0.000m),9.150(11.438%)(0.000m),40.000(100.000%)(3.214m),11.148(27.869%)(0.123m),781.862,3862.022,61.3,1.3957,"[0.360, 0.792, 0.772, 0.461, 0.919, 0.692]","[2.432, 2.910, 2.504, 2.577, 3.200, 2.652]","[-5.536, -5.446, -5.727, -5.390, -5.614, -5.835]"
410,1,-1.8708,-3.6688,0.309,455,1213,78,27,0.441,70,0.00,9274,1937.45,0,0,12.000(15.000%)(0.000m),20.000(17.647%)(0.000m),62.000(54.706%)(4.500m),37.814(33.365%)(1.909m),17.811(22.264%)(0.000m),28.000(70.000%)(1.929m),12.524(31.309%)(0.270m),1051.522,4829.824,61.7,1.2075,"[0.241, 0.656, 0.671, 0.128, 0.709, 0.724]","[2.355, 2.820, 2.644, 2.459, 3.044, 2.709]","[-6.671, -7.195, -7.853, -6.610, -7.300, -6.905]"
411,1,-3.6798,-3.6656,0.335,212,570,20,38,0.440,50,0.00,9296,919.55,0,0,24.330(30.413%)(0.464m),50.645(44.687%)(3.283m),109.000(96.177%)(9.536m),67.000(59.118%)(5.036m),13.000(16.250%)(0.000m),17.253(43.132%)(0.777m),10.000(25.000%)(0.000m),1377.409,5008.898,62.2,1.1407,"[1.350, 1.538, 1.266, 1.528, 1.857, 1.250]","[2.533, 2.919, 2.795, 2.667, 3.208, 2.747]","[-1.169, -1.922, -0.901, -0.766, -1.017, -1.407]"
412,1,-2.2857,-3.6385,0.553,141,385,20,0,0.439,40,0.00,9311,631.20,0,0,11.552(14.440%)(0.000m),20.706(18.270%)(0.076m),48.915(43.160%)(3.098m),57.000(50.294%)(3.964m),46.000(57.500%)(2.786m),10.345(25.864%)(0.037m),40.000(100.000%)(3.214m),1118.557,3464.465,63.2,1.1716,"[0.636, 0.257, 0.023, 0.735, 0.323, 0.030]","[2.741, 2.993, 2.729, 2.907, 3.386, 2.841]","[-5.705, -5.666, -5.036, -5.371, -5.778, -5.247]"
413,1,-1.9815,-3.6211,0.358,165,435,10,0,0.438,40,0.00,9328,753.04,0,0,12.144(15.180%)(0.000m),23.396(20.644%)(0.364m),64.136(56.591%)(4.729m),64.000(56.471%)(4.714m),45.000(56.250%)(2.679m),10.094(25.235%)(0.010m),40.000(100.000%)(3.214m),1080.851,4186.000,61.0,1.2815,"[1.226, 1.009, 0.472, 1.231, 1.227, 0.526]","[2.681, 2.934, 2.563, 2.687, 3.252, 2.736]","[-5.884, -6.667, -5.766, -5.474, -6.334, -5.547]"
414,1,-3.2574,-3.6469,0.412,146,387,15,0,0.437,40,0.00,9343,639.67,0,0,10.494(13.118%)(0.000m),16.341(14.418%)(0.000m),28.800(25.412%)(0.943m),63.000(55.588%)(4.607m),48.000(60.000%)(3.000m),11.294(28.235%)(0.139m),40.000(100.000%)(3.214m),1319.700,4001.315,61.3,1.2671,"[1.340, 0.989, 0.494, 1.269, 1.141, 0.552]","[2.725, 2.885, 2.798, 2.684, 3.270, 3.049]","[-5.065, -5.280, -5.198, -5.426, -5.044, -5.147]"
415,1,-0.5698,-3.5558,0.297,366,930,68,9,0.437,60,0.00,9380,1546.08,0,0,30.000(37.500%)(1.071m),52.000(45.882%)(3.429m),62.696(55.320%)(4.575m),22.331(19.704%)(0.250m),11.741(14.677%)(0.000m),24.000(60.000%)(1.500m),9.882(24.706%)(0.000m),923.919,4757.979,58.8,1.1429,"[0.699, 1.329, 1.431, 0.543, 1.469, 1.398]","[2.527, 3.204, 2.929, 2.598, 3.424, 2.930]","[-5.838, -4.723, -3.087, -5.836, -4.662, -3.114]"
416,1,-2.1283,-3.5048,0.271,192,522,15,5,0.436,45,0.00,9400,841.54,0,0,31.000(38.750%)(1.179m),52.000(45.882%)(3.429m),56.501(49.854%)(3.911m),21.731(19.174%)(0.185m),11.711(14.639%)(0.000m),28.000(70.000%)(1.929m),10.106(25.264%)(0.011m),1146.799,3779.819,62.9,1.4249,"[0.743, 0.854, 0.839, 0.608, 1.054, 0.750]","[2.596, 2.834, 2.521, 2.550, 3.116, 2.528]","[-4.610, -5.055, -4.509, -4.988, -5.088, -4.703]"
417,1,-1.3202,-3.4425,0.377,348,911,146,0,0.435,60,0.00,9435,1507.83,0,0,34.000(42.500%)(1.500m),44.000(38.824%)(2.571m),55.754(49.195%)(3.831m),21.443(18.921%)(0.155m),11.556(14.446%)(0.000m),27.000(67.500%)(1.821m),9.972(24.930%)(0.000m),757.408,4280.477,60.6,1.3811,"[0.199, 0.951, 0.966, 0.060, 1.116, 1.002]","[2.418, 2.889, 2.538, 2.494, 3.201, 2.752]","[-5.848, -5.565, -5.038, -5.605, -5.204, -4.753]"
418,1,-4.2581,-3.4899,0.356,186,483,17,0,0.434,45,0.00,9454,813.44,0,0,11.872(14.840%)(0.000m),23.178(20.451%)(0.341m),63.651(56.162%)(4.677m),65.000(57.353%)(4.821m),45.000(56.250%)(2.679m),9.745(24.362%)(0.000m),40.000(100.000%)(3.214m),1072.587,4095.929,60.1,1.1485,"[1.246, 0.891, 0.140, 1.395, 0.924, 0.187]","[2.765, 3.014, 2.591, 2.931, 3.293, 2.777]","[-6.262, -6.261, -5.509, -5.686, -5.802, -5.246]"
419,1,-2.8073,-3.3956,0.236,248,654,41,47,0.433,50,0.00,9479,1051.80,0,0,22.920(28.650%)(0.313m),47.647(42.042%)(2.962m),80.000(70.588%)(6.429m),35.000(30.882%)(1.607m),16.000(20.000%)(0.000m),16.273(40.681%)(0.672m),10.000(25.000%)(0.000m),1613.667,5416.083,61.1,1.1567,"[1.435, 1.467, 0.841, 1.473, 1.653, 0.753]","[2.788, 2.975, 2.780, 2.913, 3.149, 2.729]","[-5.575, -4.829, -3.337, -5.632, -5.307, -3.413]"
420,1,-1.2834,-3.3284,0.382,196,517,18,0,0.432,45,0.00,9499,911.81,0,0,13.357(16.696%)(0.000m),28.867(25.471%)(0.950m),62.000(54.706%)(4.500m),51.000(45.000%)(3.321m),37.000(46.250%)(1.821m),9.639(24.098%)(0.000m),40.000(100.000%)(3.214m),779.511,3670.124,61.0,1.1947,"[1.303, 0.862, 0.004, 1.270, 0.767, -0.057]","[2.755, 3.034, 2.616, 2.769, 3.296, 2.687]","[-3.154, -4.847, -5.746, -3.015, -5.518, -5.232]"
421,1,-2.5998,-3.2852,0.447,164,415,16,0,0.431,40,0.00,9516,737.34,0,0,9.669(12.086%)(0.000m),14.185(12.517%)(0.000m),22.789(20.108%)(0.299m),63.000(55.588%)(4.607m),52.000(65.000%)(3.429m),11.488(28.719%)(0.159m),40.000(100.000%)(3.214m),1461.570,4395.165,58.6,1.0970,"[1.066, 0.965, 0.638, 1.104, 1.121, 0.568]","[2.523, 2.788, 2.392, 2.633, 3.047, 2.399]","[-5.856, -5.370, -4.617, -6.162, -5.253, -4.731]"
422,1,-2.6773,-3.2385,0.318,408,1165,4,63,0.430,75,0.00,9557,1720.88,0,0,23.317(29.146%)(0.355m),47.160(41.611%)(2.910m),70.000(61.765%)(5.357m),46.000(40.588%)(2.786m),31.000(38.750%)(1.179m),16.517(41.291%)(0.698m),12.000(30.000%)(0.214m),879.229,4129.156,66.1,1.2344,"[0.596, 0.824, 0.629, 0.554, 0.870, 0.435]","[2.235, 2.574, 2.506, 2.263, 2.966, 2.508]","[-2.758, -1.322, -3.481, -3.153, -1.782, -4.102]"
423,1,-6.0268,-3.2600,0.387,389,1061,32,27,0.430,65,0.00,9596,1717.17,0,0,26.887(33.608%)(0.738m),20.073(17.712%)(0.008m),13.087(11.547%)(0.000m),10.225(9.022%)(0.000m),8.466(10.583%)(0.000m),19.188(47.970%)(0.984m),16.401(41.004%)(0.686m),976.890,4025.215,63.1,1.3764,"[0.581, 0.387, 0.216, 0.463, 0.577, 0.049]","[2.667, 2.517, 2.423, 2.648, 2.798, 2.437]","[-5.952, -5.021, -5.362, -6.222, -4.729, -5.415]"
424,1,-2.5199,-3.2767,0.268,526,1393,23,39,0.429,75,0.00,9649,2205.26,0,0,30.000(37.500%)(1.071m),43.000(37.941%)(2.464m),66.000(58.235%)(4.929m),46.412(40.952%)(2.830m),22.267(27.834%)(0.243m),25.000(62.500%)(1.607m),12.000(30.000%)(0.214m),1135.247,4736.857,61.3,1.2137,"[0.785, 0.855, 0.800, 0.750, 1.046, 0.818]","[2.623, 2.919, 2.536, 2.490, 3.080, 2.609]","[-1.668, -0.906, -0.688, -1.967, -0.727, -0.550]"
425,1,-2.5698,-3.2557,0.287,154,427,15,3,0.428,40,0.00,9665,686.39,0,0,10.795(13.494%)(0.000m),18.738(16.533%)(0.000m),40.915(36.102%)(2.241m),47.000(41.471%)(2.893m),32.000(40.000%)(1.286m),10.031(25.077%)(0.003m),40.000(100.000%)(3.214m),523.455,3564.395,64.1,1.1372,"[0.676, 0.529, -0.003, 0.641, 0.660, -0.014]","[2.750, 2.626, 2.255, 2.826, 2.834, 2.360]","[-4.967, -5.647, -4.960, -5.258, -5.148, -4.603]"
426,1,-4.2908,-3.2759,0.337,507,1355,68,77,0.427,75,0.00,9716,2257.89,0,0,22.498(28.123%)(0.268m),47.000(41.471%)(2.893m),72.000(63.530%)(5.571m),61.357(54.139%)(4.431m),31.000(38.750%)(1.179m),15.900(39.751%)(0.632m),12.000(30.000%)(0.214m),1409.615,5157.829,61.8,1.2431,"[1.516, 1.577, 1.086, 1.566, 1.707, 0.989]","[2.579, 3.124, 2.852, 2.650, 3.286, 3.029]","[-0.267, -2.005, -4.797, -0.078, -3.073, -4.707]"
427,1,-2.6155,-3.2787,0.346,178,453,24,0,0.426,40,0.00,9734,775.22,0,0,41.000(51.250%)(2.250m),50.000(44.118%)(3.214m),34.717(30.633%)(1.577m),17.971(15.857%)(0.000m),10.969(13.711%)(0.000m),40.000(100.000%)(3.214m),10.969(27.423%)(0.104m),848.543,4474.316,59.0,1.1989,"[0.420, 0.646, 0.644, 0.523, 0.728, 0.508]","[2.447, 2.712, 2.485, 2.573, 2.912, 2.446]","[-5.308, -5.280, -5.164, -4.906, -5.603, -5.308]"
428,1,-4.7824,-3.3005,0.290,487,1315,43,162,0.425,75,0.00,9783,2201.42,0,0,19.000(23.750%)(0.000m),36.000(31.765%)(1.714m),54.000(47.647%)(3.643m),39.000(34.412%)(2.036m),25.000(31.250%)(0.536m),13.000(32.500%)(0.321m),11.000(27.500%)(0.107m),359.508,4962.734,62.5,1.2912,"[0.406, 0.506, 0.384, 0.340, 0.574, 0.356]","[2.308, 2.807, 2.672, 2.361, 3.053, 2.694]","[-4.895, -3.809, -6.092, -4.928, -4.734, -5.214]"
429,1,-3.5055,-3.3680,0.334,188,496,16,0,0.424,45,0.00,9802,814.28,0,0,10.633(13.291%)(0.000m),17.743(15.656%)(0.000m),35.557(31.374%)(1.667m),60.000(52.941%)(4.286m),36.000(45.000%)(1.714m),10.376(25.940%)(0.040m),40.000(100.000%)(3.214m),1105.411,4324.010,61.1,1.3050,"[0.964, 1.116, 0.357, 1.009, 1.190, 0.253]","[2.423, 2.694, 2.394, 2.310, 2.890, 2.367]","[-5.779, -5.455, -5.519, -6.003, -5.372, -5.529]"
430,1,-2.9776,-3.3294,0.294,325,951,124,32,0.424,65,0.00,9835,1410.35,0,0,26.000(32.500%)(0.643m),14.000(12.353%)(0.000m),17.000(15.000%)(0.000m),31.033(27.382%)(1.182m),14.300(17.874%)(0.000m),25.000(62.500%)(1.607m),10.011(25.027%)(0.001m),395.156,2683.229,67.7,1.3210,"[-0.603, -0.151, -0.018, -0.721, -0.014, -0.064]","[2.282, 2.531, 2.123, 2.330, 2.770, 2.258]","[-9.126, -7.193, -5.981, -9.106, -6.862, -6.171]"
431,1,-7.2726,-3.3659,0.347,572,1607,261,106,0.423,85,0.00,9893,2538.62,0,0,17.410(21.762%)(0.000m),20.000(17.647%)(0.000m),20.000(17.647%)(0.000m),21.000(18.529%)(0.107m),20.000(25.000%)(0.000m),12.222(30.554%)(0.238m),14.000(35.000%)(0.429m),0.000,3022.827,65.0,1.3038,"[0.554, 0.330, -0.371, 0.542, 0.404, -0.508]","[2.554, 2.580, 2.847, 2.426, 2.848, 3.018]","[-6.007, -5.976, -6.213, -5.779, -5.779, -5.998]"
432,1,-0.1169,-3.2577,0.309,158,420,0,9,0.422,40,0.00,9909,659.71,0,0,56.671(70.839%)(3.929m),113.333(100.000%)(10.000m),71.000(62.647%)(5.464m),20.000(17.647%)(0.000m),24.000(30.000%)(0.429m),40.000(100.000%)(3.214m),40.000(100.000%)(3.214m),0.000,3031.190,61.5,1.2653,"[0.558, 0.879, 1.048, 0.554, 0.928, 1.047]","[2.194, 2.384, 2.103, 2.393, 2.678, 2.192]","[-6.765, -5.814, -5.622, -6.661, -6.556, -5.713]"
433,1,-4.6026,-3.3184,0.232,139,342,19,0,0.421,35,0.00,9923,578.61,0,0,74.000(92.500%)(5.786m),92.000(81.177%)(7.714m),50.045(44.157%)(3.219m),20.563(18.144%)(0.060m),11.344(14.180%)(0.000m),40.000(100.000%)(3.214m),10.035(25.086%)(0.004m),3348.579,7520.374,56.9,1.0638,"[-0.016, 1.052, 1.178, -0.038, 1.229, 1.269]","[2.233, 2.592, 2.252, 2.353, 2.866, 2.292]","[-5.216, -4.669, -5.044, -5.118, -5.038, -4.831]"
434,1,-5.3324,-3.3110,0.362,680,1817,85,153,0.420,85,0.00,9991,2890.30,0,0,22.477(28.096%)(0.265m),24.000(21.177%)(0.429m),30.000(26.471%)(1.071m),29.000(25.588%)(0.964m),25.000(31.250%)(0.536m),15.965(39.913%)(0.639m),16.000(40.000%)(0.643m),0.000,3414.633,61.8,1.1006,"[0.967, 0.959, 0.507, 0.974, 1.043, 0.397]","[2.578, 2.855, 2.694, 2.535, 3.009, 2.677]","[-3.306, -4.174, -4.386, -3.360, -4.158, -4.472]"
435,1,-2.9345,-3.2888,0.424,175,491,15,28,0.419,45,0.00,10009,772.80,0,0,23.000(28.750%)(0.321m),40.000(35.294%)(2.143m),27.791(24.521%)(0.835m),15.553(13.724%)(0.000m),9.909(12.386%)(0.000m),24.000(60.000%)(1.500m),10.534(26.334%)(0.057m),265.870,3092.605,64.9,1.2649,"[0.432, 0.578, 0.593, 0.434, 0.752, 0.452]","[2.529, 2.843, 2.786, 2.554, 3.288, 2.906]","[-5.438, -5.122, -5.297, -5.002, -5.283, -5.522]"
436,1,-2.5548,-3.2953,0.413,239,623,49,0,0.419,50,0.00,10033,1010.93,0,0,13.655(17.068%)(0.000m),29.536(26.061%)(1.022m),106.896(94.320%)(9.310m),54.000(47.647%)(3.643m),37.000(46.250%)(1.821m),9.594(23.984%)(0.000m),29.000(72.500%)(2.036m),2391.567,5344.773,60.4,1.2874,"[1.695, 1.496, 0.639, 1.707, 1.566, 0.428]","[2.736, 2.740, 2.505, 2.664, 3.008, 2.562]","[-1.814, -3.867, -5.055, -1.744, -3.939, -4.849]"
437,1,-4.7073,-3.3403,0.307,152,412,22,0,0.418,40,0.00,10049,668.77,0,0,42.000(52.500%)(2.357m),58.000(51.177%)(4.071m),49.045(43.275%)(3.112m),20.152(17.781%)(0.016m),11.118(13.897%)(0.000m),40.000(100.000%)(3.214m),9.834(24.585%)(0.000m),852.812,3634.988,62.8,1.2474,"[0.204, 0.551, 0.712, 0.155, 0.624, 0.641]","[2.655, 2.845, 2.611, 2.658, 3.104, 2.609]","[-5.422, -5.238, -5.511, -5.440, -5.564, -5.409]"
438,1,-1.0662,-3.2736,0.340,165,435,39,16,0.417,40,0.00,10066,744.07,0,0,45.409(56.762%)(2.722m),78.013(68.835%)(6.216m),31.000(27.353%)(1.179m),25.000(22.059%)(0.536m),22.000(27.500%)(0.214m),40.000(100.000%)(3.214m),40.000(100.000%)(3.214m),0.000,2479.105,61.0,1.3365,"[0.830, 0.934, 0.987, 0.791, 0.921, 1.072]","[2.587, 2.939, 2.752, 2.679, 3.171, 2.967]","[-3.645, -3.573, -3.698, -3.799, -4.060, -3.428]"
439,1,-3.2207,-3.2871,0.407,158,404,16,0,0.416,40,0.00,10082,718.48,0,0,11.328(14.160%)(0.000m),20.534(18.118%)(0.057m),49.975(44.096%)(3.212m),75.000(66.177%)(5.893m),55.000(68.750%)(3.750m),10.021(25.051%)(0.002m),40.000(100.000%)(3.214m),1947.207,5091.071,59.2,1.1849,"[1.092, 0.939, 0.643, 1.100, 1.132, 0.671]","[2.592, 2.982, 2.817, 2.671, 3.352, 3.037]","[-5.300, -5.813, -5.262, -5.362, -5.642, -5.123]"
440,1,-2.3332,-3.2378,0.274,169,458,13,0,0.415,45,0.00,10099,713.20,0,0,12.315(15.393%)(0.000m),25.081(22.130%)(0.544m),71.538(63.122%)(5.522m),61.000(53.824%)(4.393m),40.000(50.000%)(2.143m),9.731(24.329%)(0.000m),40.000(100.000%)(3.214m),1060.042,3688.677,62.7,1.1012,"[0.787, 0.626, 0.178, 0.778, 0.663, 0.046]","[2.290, 2.549, 2.162, 2.387, 2.731, 2.252]","[-6.226, -6.531, -5.427, -6.241, -6.297, -5.558]"
441,1,-2.2455,-3.2335,0.415,194,489,16,0,0.414,45,0.00,10119,828.54,0,0,39.000(48.750%)(2.036m),52.000(45.882%)(3.429m),25.081(22.131%)(0.544m),14.956(13.196%)(0.000m),9.905(12.382%)(0.000m),40.000(100.000%)(3.214m),11.198(27.995%)(0.128m),1411.158,4509.885,58.3,1.1728,"[0.517, 0.818, 0.802, 0.471, 0.873, 0.761]","[2.193, 2.619, 2.372, 2.158, 2.758, 2.428]","[-5.469, -5.155, -5.829, -5.400, -5.679, -5.973]"
442,1,-3.9947,-3.2661,0.395,323,856,49,0,0.414,60,0.00,10152,1350.04,0,0,33.000(41.250%)(1.393m),74.000(65.294%)(5.786m),77.644(68.510%)(6.176m),23.982(21.161%)(0.427m),12.117(15.147%)(0.000m),23.000(57.500%)(1.393m),9.821(24.554%)(0.000m),2236.780,4450.127,61.3,1.2410,"[-0.087, 0.436, 0.487, -0.234, 0.615, 0.550]","[1.967, 2.460, 2.166, 1.892, 2.728, 2.253]","[-5.661, -5.212, -3.523, -5.659, -5.169, -3.349]"
443,1,-4.0855,-3.2518,0.268,491,1322,35,172,0.413,75,0.00,10202,2213.50,0,0,18.000(22.500%)(0.000m),35.000(30.882%)(1.607m),66.000(58.235%)(4.929m),62.121(54.812%)(4.513m),29.992(37.490%)(1.071m),11.000(27.500%)(0.107m),10.000(25.000%)(0.000m),932.428,4823.368,62.3,1.2179,"[0.493, 0.161, -0.297, 0.426, 0.265, -0.302]","[2.135, 2.278, 1.901, 2.308, 2.470, 2.077]","[-1.501, -2.957, -6.128, -1.684, -3.652, -5.488]"
444,1,-0.7740,-3.2519,0.297,461,1267,82,47,0.412,75,0.00,10249,1949.60,0,0,23.000(28.750%)(0.321m),40.000(35.294%)(2.143m),52.000(45.882%)(3.429m),42.138(37.181%)(2.372m),20.129(25.161%)(0.014m),23.000(57.500%)(1.393m),12.000(30.000%)(0.214m),373.340,3751.650,63.6,1.1402,"[0.150, 0.257, 0.005, -0.011, 0.428, -0.022]","[1.828, 2.393, 2.020, 2.002, 2.664, 2.241]","[-3.168, -1.539, -3.384, -3.684, -1.550, -3.595]"
445,1,-4.6045,-3.2987,0.304,155,382,18,0,0.411,35,0.00,10265,643.34,0,0,67.000(83.750%)(5.036m),82.000(72.353%)(6.643m),75.686(66.782%)(5.966m),25.895(22.848%)(0.632m),12.525(15.656%)(0.000m),40.000(100.000%)(3.214m),9.772(24.430%)(0.000m),3033.075,6925.603,57.0,1.1370,"[-0.999, -0.106, 0.659, -0.799, 0.184, 0.728]","[1.871, 2.238, 1.870, 2.010, 2.439, 2.015]","[-6.243, -4.427, -2.165, -6.067, -4.098, -2.173]"
446,1,-6.0131,-3.4256,0.373,301,887,33,43,0.410,65,0.00,10296,1318.82,0,0,11.365(14.206%)(0.000m),20.839(18.388%)(0.090m),48.000(42.353%)(3.000m),30.000(26.471%)(1.071m),27.376(34.221%)(0.790m),9.929(24.823%)(0.000m),19.394(48.486%)(1.007m),219.158,2829.603,68.2,1.4990,"[-0.204, -0.347, -0.465, -0.226, -0.264, -0.539]","[1.739, 2.068, 1.956, 1.965, 2.401, 2.114]","[-5.547, -5.381, -5.814, -5.179, -5.980, -5.909]"
447,1,-0.6998,-3.3636,0.284,430,1160,54,32,0.409,70,0.00,10339,1838.22,0,0,16.868(21.085%)(0.000m),35.849(31.631%)(1.698m),61.000(53.824%)(4.393m),21.000(18.529%)(0.107m),12.000(15.000%)(0.000m),11.850(29.626%)(0.198m),27.000(67.500%)(1.821m),841.414,3485.107,62.4,1.2205,"[0.646, 0.961, 0.561, 0.711, 1.002, 0.462]","[2.310, 2.647, 2.062, 2.480, 2.907, 2.193]","[-8.007, -6.130, -5.465, -6.935, -6.295, -5.058]"
448,1,-0.1320,-3.2408,0.345,277,808,53,0,0.409,60,0.00,10367,1260.72,0,0,36.000(45.000%)(1.714m),52.000(45.882%)(3.429m),49.347(43.542%)(3.144m),20.276(17.891%)(0.030m),11.186(13.983%)(0.000m),24.000(60.000%)(1.500m),9.895(24.737%)(0.000m),667.688,3092.221,67.5,1.5643,"[-0.292, 0.352, 0.591, -0.451, 0.552, 0.572]","[2.490, 2.678, 2.380, 2.507, 2.963, 2.443]","[-6.168, -5.768, -4.954, -6.025, -5.358, -4.393]"
449,1,-7.4362,-3.3368,0.363,322,912,75,66,0.408,65,0.00,10400,1380.66,0,0,10.953(13.691%)(0.000m),19.418(17.133%)(0.000m),44.611(39.363%)(2.637m),36.564(32.263%)(1.775m),17.363(21.703%)(0.000m),9.931(24.827%)(0.000m),12.206(30.516%)(0.236m),983.043,4934.354,65.5,1.2988,"[-0.511, -0.426, -0.195, -0.566, -0.291, -0.190]","[2.474, 2.814, 2.516, 2.584, 3.102, 2.605]","[-5.394, -5.193, -4.620, -5.044, -5.179, -4.783]"
450,1,-2.9112,-3.3172,0.386,194,485,17,0,0.407,45,0.00,10420,845.05,0,0,45.000(56.250%)(2.679m),58.000(51.177%)(4.071m),66.000(58.235%)(4.929m),26.279(23.187%)(0.673m),12.711(15.888%)(0.000m),40.000(100.000%)(3.214m),9.917(24.793%)(0.000m),1766.261,5488.486,57.8,1.0459,"[0.122, 0.708, 1.171, 0.121, 0.787, 1.037]","[2.478, 2.620, 2.366, 2.424, 2.790, 2.305]","[-6.139, -3.830, -1.186, -6.009, -4.290, -1.394]"
451,1,-2.3805,-3.2955,0.388,331,955,73,36,0.406,65,0.00,10454,1401.59,0,0,13.714(17.142%)(0.000m),20.000(17.647%)(0.000m),20.000(17.647%)(0.000m),22.000(19.412%)(0.214m),23.409(29.262%)(0.365m),9.620(24.049%)(0.000m),16.557(41.392%)(0.702m),0.000,2564.447,66.8,1.1328,"[-0.575, -0.413, -0.709, -0.652, -0.473, -0.712]","[2.183, 2.691, 2.288, 2.287, 2.877, 2.339]","[-4.554, -5.673, -6.054, -4.728, -5.778, -5.848]"
452,1,-3.2440,-3.2193,0.299,140,363,17,0,0.405,35,0.00,10468,603.58,0,0,11.376(14.219%)(0.000m),20.620(18.194%)(0.066m),50.183(44.279%)(3.234m),73.000(64.412%)(5.679m),58.000(72.500%)(4.071m),10.062(25.156%)(0.007m),40.000(100.000%)(3.214m),1688.710,5031.158,59.9,1.2080,"[0.239, -0.156, -0.399, 0.367, 0.040, -0.263]","[2.117, 2.392, 2.157, 2.435, 2.753, 2.277]","[-6.293, -6.184, -5.587, -6.308, -5.786, -5.247]"
453,1,-2.5862,-3.1510,0.346,201,531,29,22,0.405,45,0.00,10489,879.54,0,0,11.589(14.486%)(0.000m),21.006(18.535%)(0.108m),49.000(43.235%)(3.107m),35.000(30.882%)(1.607m),28.000(35.000%)(0.857m),10.251(25.628%)(0.027m),40.000(100.000%)(3.214m),634.394,3665.472,61.1,1.2277,"[0.572, 0.538, -0.018, 0.570, 0.699, -0.036]","[2.663, 2.611, 2.349, 2.702, 2.886, 2.407]","[-5.533, -5.601, -5.653, -5.656, -5.024, -5.155]"
454,1,-4.1563,-3.1553,0.335,98,261,13,0,0.404,30,0.00,10499,421.02,0,0,10.005(12.507%)(0.000m),15.337(13.533%)(0.000m),26.342(23.243%)(0.680m),99.000(87.353%)(8.464m),75.000(93.750%)(5.893m),11.036(27.589%)(0.111m),40.000(100.000%)(3.214m),2705.045,5512.493,61.5,1.1905,"[1.045, 0.702, -0.125, 1.061, 0.915, -0.307]","[2.494, 2.406, 2.079, 2.432, 2.717, 2.031]","[-5.461, -5.295, -5.332, -5.812, -5.147, -5.703]"
455,1,-4.2572,-3.1143,0.375,204,498,18,0,0.403,45,0.00,10520,844.58,0,0,53.000(66.250%)(3.536m),70.000(61.765%)(5.357m),74.614(65.836%)(5.851m),27.995(24.701%)(0.857m),13.006(16.257%)(0.000m),40.000(100.000%)(3.214m),9.636(24.090%)(0.000m),3962.690,9373.766,56.5,1.2205,"[-0.219, 0.663, 0.992, -0.119, 0.922, 0.834]","[2.322, 2.682, 2.249, 2.476, 2.953, 2.128]","[-6.466, -4.465, -1.910, -6.076, -4.529, -2.480]"
456,1,-2.2014,-3.1341,0.353,158,435,18,0,0.402,40,0.00,10536,680.61,0,0,11.504(14.381%)(0.000m),21.347(18.835%)(0.144m),55.503(48.973%)(3.804m),55.000(48.530%)(3.750m),40.000(50.000%)(2.143m),9.927(24.818%)(0.000m),40.000(100.000%)(3.214m),755.853,3413.551,63.8,1.6703,"[1.114, 0.539, -0.359, 1.024, 0.502, -0.391]","[2.487, 2.707, 2.344, 2.532, 2.942, 2.316]","[-5.585, -5.550, -5.619, -5.604, -5.423, -5.272]"
457,1,-1.4393,-3.0923,0.346,134,373,0,10,0.401,40,0.00,10550,584.92,0,0,23.000(28.750%)(0.321m),26.000(22.941%)(0.643m),92.000(81.177%)(7.714m),90.527(79.877%)(7.557m),46.369(57.961%)(2.825m),40.000(100.000%)(3.214m),38.061(95.151%)(3.006m),0.000,2188.088,64.5,1.3123,"[1.127, 0.949, 0.295, 0.944, 1.151, 0.297]","[2.123, 2.545, 2.217, 2.107, 2.897, 2.400]","[-3.901, -5.243, -6.098, -4.252, -5.331, -5.460]"
458,1,-3.4092,-3.0658,0.345,324,932,13,22,0.401,65,0.00,10583,1355.48,0,0,23.000(28.750%)(0.321m),28.000(24.706%)(0.857m),48.000(42.353%)(3.000m),61.000(53.824%)(4.393m),31.000(38.750%)(1.179m),19.133(47.833%)(0.979m),24.000(60.000%)(1.500m),5.165,2864.888,66.6,1.1231,"[1.312, 1.312, 0.946, 1.293, 1.353, 0.711]","[2.659, 2.847, 2.663, 2.688, 3.136, 2.854]","[-3.303, -5.675, -6.337, -3.224, -5.814, -5.661]"
459,1,-3.3416,-3.0812,0.354,152,410,32,12,0.400,40,0.00,10599,665.23,0,0,45.165(56.456%)(2.696m),66.000(58.235%)(4.929m),35.000(30.882%)(1.607m),25.000(22.059%)(0.536m),22.000(27.500%)(0.214m),40.000(100.000%)(3.214m),40.000(100.000%)(3.214m),0.000,2317.460,62.4,1.1551,"[0.466, 0.714, 0.920, 0.463, 0.774, 0.962]","[2.663, 3.132, 2.893, 2.809, 3.388, 2.923]","[-4.949, -4.202, -3.921, -4.539, -4.340, -3.805]"
460,1,-1.8585,-3.0810,0.237,172,447,62,20,0.399,40,0.00,10617,739.39,0,0,55.560(69.449%)(3.810m),103.146(91.012%)(8.909m),28.000(24.706%)(0.857m),20.000(17.647%)(0.000m),24.000(30.000%)(0.429m),40.000(100.000%)(3.214m),40.000(100.000%)(3.214m),0.000,1974.163,60.2,1.2122,"[0.082, 0.244, 0.457, 0.015, 0.241, 0.509]","[2.750, 3.044, 2.558, 2.787, 3.240, 2.766]","[-6.322, -4.402, -4.098, -5.559, -4.372, -3.922]"
461,1,-3.9733,-3.0868,0.341,220,545,17,0,0.398,45,0.00,10639,946.71,0,0,40.000(50.000%)(2.143m),57.000(50.294%)(3.964m),33.147(29.248%)(1.409m),17.158(15.140%)(0.000m),10.473(13.091%)(0.000m),40.000(100.000%)(3.214m),10.473(26.183%)(0.051m),1808.145,5092.898,57.4,1.1549,"[0.819, 1.274, 1.263, 0.882, 1.461, 1.231]","[2.443, 2.856, 2.553, 2.537, 3.084, 2.422]","[-5.191, -5.207, -5.305, -5.109, -5.383, -5.148]"
462,1,-2.6990,-3.0951,0.372,465,1280,151,75,0.397,75,0.00,10686,2054.54,0,0,17.288(21.609%)(0.000m),36.716(32.397%)(1.791m),82.000(72.353%)(6.643m),45.000(39.706%)(2.679m),22.000(27.500%)(0.214m),12.146(30.365%)(0.230m),16.000(40.000%)(0.643m),737.140,4238.450,63.7,1.3487,"[1.181, 1.184, 0.396, 1.240, 1.306, 0.307]","[3.137, 3.136, 2.579, 3.171, 3.217, 2.583]","[-5.951, -3.243, -5.090, -5.737, -3.425, -4.846]"
463,1,-4.5149,-3.1458,0.349,151,402,22,0,0.397,40,0.00,10702,636.93,0,0,43.000(53.750%)(2.464m),59.000(52.059%)(4.179m),53.832(47.499%)(3.625m),21.534(19.001%)(0.164m),11.744(14.680%)(0.000m),40.000(100.000%)(3.214m),10.260(25.650%)(0.028m),1950.265,5531.720,61.6,1.0359,"[0.138, 0.478, 0.574, 0.266, 0.704, 0.541]","[2.146, 2.340, 2.015, 2.318, 2.623, 2.008]","[-5.562, -5.033, -4.533, -5.482, -5.126, -4.489]"
464,1,-1.5441,-3.1115,0.366,336,980,0,74,0.396,70,0.00,10736,1479.07,0,0,13.000(16.250%)(0.000m),24.000(21.177%)(0.429m),72.000(63.530%)(5.571m),55.000(48.530%)(3.750m),27.442(34.302%)(0.797m),19.000(47.500%)(0.964m),19.453(48.632%)(1.013m),157.457,2735.018,67.5,1.3587,"[0.423, 0.182, -0.086, 0.350, 0.262, -0.139]","[2.302, 2.745, 2.485, 2.462, 3.012, 2.531]","[-5.634, -7.499, -7.458, -5.823, -7.509, -6.470]"
465,1,-2.9113,-3.1583,0.357,495,1289,78,22,0.395,75,0.00,10786,2121.56,0,0,14.412(18.015%)(0.000m),30.559(26.964%)(1.131m),57.000(50.294%)(3.964m),19.000(16.765%)(0.000m),11.000(13.750%)(0.000m),10.127(25.318%)(0.014m),24.000(60.000%)(1.500m),1128.253,4522.163,60.3,1.2515,"[1.054, 1.095, 0.586, 1.012, 1.098, 0.508]","[2.674, 2.923, 2.542, 2.652, 3.033, 2.624]","[-7.975, -6.619, -6.135, -7.766, -7.027, -6.031]"
466,1,-2.7263,-3.1703,0.308,407,1095,212,21,0.394,70,0.00,10827,1691.46,0,0,15.369(19.211%)(0.000m),22.000(19.412%)(0.214m),27.000(23.824%)(0.750m),57.000(50.294%)(3.964m),40.000(50.000%)(2.143m),10.768(26.919%)(0.082m),27.000(67.500%)(1.821m),0.000,3315.825,62.3,1.1940,"[1.108, 0.849, -0.217, 1.147, 0.671, -0.421]","[2.610, 2.888, 2.647, 2.644, 3.077, 2.518]","[-3.859, -6.299, -7.004, -3.936, -6.356, -5.985]"
467,1,-4.3067,-3.2300,0.273,132,366,15,0,0.393,35,0.00,10841,589.59,0,0,9.825(12.281%)(0.000m),14.619(12.899%)(0.000m),23.978(21.157%)(0.426m),58.000(51.177%)(4.071m),44.000(55.000%)(2.571m),11.386(28.464%)(0.148m),40.000(100.000%)(3.214m),907.549,3645.308,64.1,1.4403,"[0.981, 0.803, 0.055, 0.906, 0.887, -0.002]","[2.699, 3.181, 3.007, 2.761, 3.584, 3.026]","[-5.861, -5.468, -5.625, -6.586, -5.536, -5.680]"
468,1,-4.3089,-3.2311,0.298,187,473,15,0,0.393,45,0.00,10860,799.87,0,0,44.000(55.000%)(2.571m),58.000(51.177%)(4.071m),63.773(56.271%)(4.690m),23.810(21.009%)(0.408m),12.030(15.038%)(0.000m),40.000(100.000%)(3.214m),9.751(24.377%)(0.000m),1326.533,5191.518,58.6,1.2354,"[0.349, 0.833, 1.225, 0.431, 0.992, 1.335]","[2.694, 2.908, 2.832, 2.764, 3.285, 2.974]","[-6.162, -5.192, -3.866, -5.565, -5.434, -3.684]"
469,1,-3.0429,-3.2358,0.400,171,491,16,21,0.392,45,0.00,10878,777.19,0,0,10.144(12.680%)(0.000m),16.618(14.663%)(0.000m),32.104(28.327%)(1.297m),44.000(38.824%)(2.571m),28.000(35.000%)(0.857m),10.144(25.359%)(0.015m),23.000(57.500%)(1.393m),423.738,2798.663,66.4,1.1701,"[0.885, 0.932, 0.350, 0.916, 0.918, 0.237]","[2.657, 3.097, 2.883, 2.864, 3.460, 2.919]","[-5.217, -5.038, -5.278, -5.687, -5.869, -5.309]"
470,1,-0.9012,-3.2281,0.374,235,638,73,0,0.391,50,0.00,10902,986.38,0,0,41.000(51.250%)(2.250m),59.000(52.059%)(4.179m),77.000(67.941%)(6.107m),25.709(22.684%)(0.612m),12.435(15.544%)(0.000m),28.000(70.000%)(1.929m),9.702(24.255%)(0.000m),1387.615,4106.564,62.8,1.0454,"[0.240, 1.124, 0.992, 0.134, 1.269, 1.083]","[2.778, 3.166, 2.936, 2.870, 3.552, 2.958]","[-5.496, -4.571, -3.125, -5.131, -4.771, -2.869]"
471,1,-4.2888,-3.2619,0.300,425,1151,199,94,0.390,70,0.00,10945,1758.41,0,0,17.493(21.866%)(0.000m),27.000(23.824%)(0.750m),31.000(27.353%)(1.179m),23.000(20.294%)(0.321m),12.000(15.000%)(0.000m),12.302(30.754%)(0.247m),21.000(52.500%)(1.179m),218.778,3295.400,62.7,1.1576,"[0.199, 0.275, -0.225, 0.111, 0.187, -0.373]","[2.511, 3.195, 2.925, 2.680, 3.502, 2.944]","[-7.458, -5.717, -7.049, -6.966, -6.011, -6.205]"
472,1,-2.4978,-3.2583,0.388,237,645,82,29,0.389,50,0.00,10969,980.48,0,0,11.824(14.780%)(0.000m),22.208(19.596%)(0.237m),41.000(36.177%)(2.250m),30.000(26.471%)(1.071m),21.000(26.250%)(0.107m),10.077(25.192%)(0.008m),27.000(67.500%)(1.821m),57.402,3322.066,63.0,1.0942,"[0.423, 0.281, -0.591, 0.480, 0.112, -0.509]","[2.556, 2.958, 2.597, 2.695, 3.197, 2.750]","[-6.859, -5.488, -4.923, -6.470, -5.607, -4.881]"
473,1,-2.4628,-3.1870,0.318,196,488,25,0,0.389,45,0.00,10989,881.63,0,0,11.265(14.082%)(0.000m),19.554(17.253%)(0.000m),42.697(37.674%)(2.432m),55.000(48.530%)(3.750m),45.000(56.250%)(2.679m),10.468(26.169%)(0.050m),40.000(100.000%)(3.214m),1053.623,4189.014,57.7,1.0532,"[1.172, 1.148, 0.774, 1.320, 1.210, 0.790]","[2.688, 2.889, 2.502, 2.881, 3.160, 2.525]","[-5.436, -5.520, -5.605, -5.254, -5.898, -5.416]"
474,1,-4.0313,-3.2173,0.310,378,1047,55,103,0.388,70,0.00,11027,1588.84,0,0,22.969(28.711%)(0.318m),47.961(42.318%)(2.996m),83.000(73.236%)(6.750m),22.000(19.412%)(0.214m),16.000(20.000%)(0.000m),16.261(40.651%)(0.671m),12.000(30.000%)(0.214m),1033.707,4152.483,64.1,1.1688,"[-0.224, 0.424, 0.482, -0.280, 0.462, 0.490]","[2.619, 2.959, 2.669, 2.759, 3.139, 2.700]","[-7.463, -5.934, -3.857, -6.630, -5.849, -3.623]"
475,1,-0.6058,-3.1780,0.345,231,642,29,25,0.387,55,0.00,11051,1114.43,0,0,11.141(13.927%)(0.000m),19.969(17.620%)(0.000m),47.175(41.625%)(2.912m),48.000(42.353%)(3.000m),26.000(32.500%)(0.643m),9.978(24.944%)(0.000m),22.000(55.000%)(1.286m),599.857,3367.551,64.3,1.8020,"[1.178, 1.196, 0.426, 1.278, 1.217, 0.375]","[2.567, 2.849, 2.648, 2.658, 3.039, 2.655]","[-5.687, -5.950, -5.867, -5.922, -6.002, -5.313]"
476,1,-2.9020,-3.1502,0.353,205,535,16,0,0.386,45,0.00,11072,909.68,0,0,37.000(46.250%)(1.821m),61.000(53.824%)(4.393m),80.447(70.983%)(6.476m),26.055(22.989%)(0.649m),12.602(15.753%)(0.000m),40.000(100.000%)(3.214m),9.832(24.581%)(0.000m),1362.280,4075.166,60.4,1.2754,"[0.481, 1.028, 1.154, 0.553, 1.281, 1.213]","[2.352, 2.748, 2.668, 2.453, 3.076, 2.820]","[-6.616, -5.795, -3.654, -5.978, -5.432, -3.288]"
477,1,-5.2011,-3.2019,0.328,539,1462,127,97,0.386,80,0.00,11126,2270.39,0,0,10.082(12.603%)(0.000m),16.371(14.445%)(0.000m),31.092(27.434%)(1.188m),38.000(33.530%)(1.929m),18.000(22.500%)(0.000m),10.206(25.515%)(0.022m),13.000(32.500%)(0.321m),858.651,4343.069,62.8,1.2683,"[0.708, 0.913, 0.699, 0.719, 1.126, 0.590]","[2.944, 3.163, 2.971, 2.976, 3.330, 3.171]","[-6.452, -5.737, -5.415, -5.902, -5.966, -5.487]"
478,1,-4.2276,-3.1908,0.292,460,1204,168,11,0.385,70,0.00,11172,1928.58,0,0,18.071(22.589%)(0.000m),20.000(17.647%)(0.000m),21.000(18.529%)(0.107m),24.000(21.177%)(0.429m),24.005(30.006%)(0.429m),12.738(31.845%)(0.293m),26.000(65.000%)(1.714m),0.000,5045.468,60.6,1.1916,"[0.970, 1.107, 0.286, 0.993, 1.293, 0.204]","[2.430, 2.636, 2.431, 2.570, 2.978, 2.579]","[-5.506, -5.613, -6.275, -5.481, -5.452, -6.507]"
479,1,-1.9532,-3.1598,0.342,175,454,0,17,0.384,40,0.00,11190,752.88,0,0,23.000(28.750%)(0.321m),27.000(23.824%)(0.750m),65.000(57.353%)(4.821m),82.653(72.930%)(6.713m),44.709(55.886%)(2.647m),40.000(100.000%)(3.214m),37.162(92.905%)(2.910m),14.612,2796.631,60.0,1.1518,"[1.034, 1.086, 0.735, 1.068, 1.209, 0.713]","[2.156, 2.700, 2.556, 2.249, 2.983, 2.714]","[-2.880, -4.167, -5.008, -2.837, -4.334, -4.468]"
480,1,-1.8912,-3.1380,0.326,1016,2792,163,191,0.383,95,0.00,11292,4371.82,0,0,18.731(23.414%)(0.000m),39.568(34.913%)(2.097m),44.000(38.824%)(2.571m),22.902(20.208%)(0.311m),12.042(15.052%)(0.000m),13.182(32.955%)(0.341m),10.135(25.337%)(0.014m),141.189,4583.041,63.6,1.3264,"[0.280, 0.441, 0.213, 0.247, 0.548, 0.270]","[2.459, 2.728, 2.534, 2.609, 2.940, 2.571]","[-5.370, -6.083, -5.893, -5.172, -6.680, -5.518]"
481,1,-5.3534,-3.0997,0.273,176,434,18,0,0.383,40,0.00,11310,785.52,0,0,55.000(68.750%)(3.750m),70.000(61.765%)(5.357m),24.335(21.472%)(0.464m),14.511(12.804%)(0.000m),9.611(12.013%)(0.000m),40.000(100.000%)(3.214m),10.865(27.162%)(0.093m),1842.422,5235.014,57.1,1.6694,"[0.743, 1.042, 1.031, 0.669, 1.202, 0.959]","[2.450, 2.645, 2.606, 2.347, 2.917, 2.479]","[-5.588, -4.874, -5.325, -5.444, -5.713, -5.397]"
482,1,-0.5987,-3.1093,0.375,258,647,20,10,0.382,50,0.00,11336,1134.03,0,0,31.000(38.750%)(1.179m),39.000(34.412%)(2.036m),64.000(56.471%)(4.714m),29.511(26.039%)(1.019m),13.631(17.039%)(0.000m),40.000(100.000%)(3.214m),9.639(24.098%)(0.000m),983.560,4124.548,58.1,1.4627,"[0.575, 0.888, 0.928, 0.564, 1.084, 1.002]","[2.440, 2.765, 2.575, 2.435, 2.980, 2.598]","[-5.685, -5.429, -3.469, -5.408, -5.237, -2.981]"
483,1,-0.4780,-3.0268,0.238,143,392,0,12,0.381,40,0.00,11351,640.99,0,0,22.000(27.500%)(0.214m),28.000(24.706%)(0.857m),73.000(64.412%)(5.679m),73.677(65.010%)(5.751m),42.007(52.508%)(2.358m),40.000(100.000%)(3.214m),38.556(96.391%)(3.060m),10.047,2737.244,63.4,1.1149,"[1.160, 0.992, 0.764, 1.048, 1.206, 0.599]","[2.533, 2.564, 2.479, 2.587, 2.916, 2.447]","[-3.092, -3.960, -4.580, -3.357, -4.244, -4.533]"
484,1,-4.7756,-3.0157,0.304,350,990,92,23,0.380,65,0.00,11386,1496.25,0,0,20.079(25.099%)(0.009m),20.000(17.647%)(0.000m),19.000(16.765%)(0.000m),35.862(31.643%)(1.699m),16.816(21.020%)(0.000m),14.163(35.407%)(0.446m),11.811(29.527%)(0.194m),0.000,4018.028,65.5,1.1616,"[0.221, 0.373, -0.139, 0.295, 0.438, -0.207]","[2.383, 2.666, 2.382, 2.523, 2.887, 2.483]","[-6.106, -4.916, -4.918, -5.984, -5.085, -4.887]"
485,1,-2.3449,-3.0039,0.311,135,367,15,0,0.379,35,0.00,11400,625.93,0,0,9.847(12.309%)(0.000m),15.457(13.639%)(0.000m),27.618(24.369%)(0.816m),68.000(60.000%)(5.143m),48.000(60.000%)(3.000m),10.468(26.171%)(0.050m),40.000(100.000%)(3.214m),1217.892,3733.031,63.0,1.1025,"[0.660, 0.338, -0.438, 0.647, 0.296, -0.482]","[2.135, 2.681, 2.459, 2.273, 3.019, 2.546]","[-5.945, -5.576, -5.348, -5.937, -5.540, -5.458]"
486,1,-0.6508,-2.9658,0.350,135,376,28,17,0.379,40,0.00,11414,614.59,0,0,42.538(53.173%)(2.415m),69.691(61.492%)(5.324m),33.000(29.118%)(1.393m),26.000(22.941%)(0.643m),21.000(26.250%)(0.107m),40.000(100.000%)(3.214m),40.000(100.000%)(3.214m),0.000,2072.064,64.5,1.4807,"[0.031, 0.251, 0.381, -0.072, 0.283, 0.318]","[2.037, 2.419, 2.175, 2.119, 2.747, 2.137]","[-4.215, -3.623, -2.664, -4.640, -3.807, -2.682]"
487,1,0.6292,-2.8591,0.305,310,905,89,11,0.378,65,0.00,11445,1229.64,0,0,36.000(45.000%)(1.714m),56.000(49.412%)(3.857m),67.000(59.118%)(5.036m),23.000(20.294%)(0.321m),21.415(26.768%)(0.152m),28.000(70.000%)(1.929m),15.114(37.784%)(0.548m),0.000,2878.841,67.6,1.0597,"[-0.407, 0.465, 0.567, -0.581, 0.517, 0.585]","[2.160, 2.507, 2.145, 2.270, 2.701, 2.183]","[-6.830, -5.249, -3.639, -6.363, -5.686, -3.678]"
488,1,-2.1897,-2.8815,0.297,336,956,4,81,0.377,65,0.00,11479,1514.26,0,0,27.000(33.750%)(0.750m),50.000(44.118%)(3.214m),54.000(47.647%)(3.643m),30.000(26.471%)(1.071m),22.000(27.500%)(0.214m),19.000(47.500%)(0.964m),19.053(47.632%)(0.970m),11.348,2848.338,65.9,1.1086,"[0.095, 0.365, 0.310, 0.049, 0.439, 0.364]","[2.043, 2.377, 2.065, 2.052, 2.495, 2.032]","[-5.431, -3.918, -1.989, -5.250, -4.348, -1.890]"
489,1,-2.4004,-2.8651,0.268,190,490,41,21,0.376,45,0.00,11498,842.68,0,0,28.000(35.000%)(0.857m),35.000(30.882%)(1.607m),21.225(18.728%)(0.131m),13.955(12.313%)(0.000m),9.897(12.372%)(0.000m),40.000(100.000%)(3.214m),12.685(31.714%)(0.288m),408.015,3682.773,59.7,1.1869,"[-0.011, 0.160, 0.244, 0.023, 0.336, 0.227]","[1.901, 2.353, 1.971, 1.996, 2.543, 2.042]","[-6.114, -5.528, -4.859, -5.649, -5.236, -4.538]"
490,1,-4.5036,-2.9085,0.278,230,644,64,9,0.376,55,0.00,11521,984.82,0,0,37.000(46.250%)(1.821m),55.000(48.530%)(3.750m),70.000(61.765%)(5.357m),33.526(29.582%)(1.449m),15.711(19.639%)(0.000m),21.000(52.500%)(1.179m),11.025(27.563%)(0.110m),618.621,3716.199,64.8,1.0545,"[-0.667, -0.110, 0.105, -0.739, 0.106, 0.143]","[2.202, 2.341, 2.068, 2.324, 2.772, 2.017]","[-5.044, -2.881, -2.148, -4.811, -2.894, -1.907]"
491,1,-1.9450,-2.9025,0.282,514,1434,122,81,0.375,80,0.00,11573,2235.86,0,0,9.061(11.327%)(0.000m),13.294(11.730%)(0.000m),21.358(18.845%)(0.145m),44.000(38.824%)(2.571m),21.000(26.250%)(0.107m),10.766(26.915%)(0.082m),15.000(37.500%)(0.536m),497.642,3796.960,64.5,1.4110,"[0.297, 0.535, 0.273, 0.274, 0.695, 0.216]","[1.836, 2.325, 2.449, 1.923, 2.585, 2.463]","[-6.046, -5.469, -5.667, -5.848, -5.325, -5.702]"
492,1,-2.4443,-2.8715,0.288,370,1066,88,52,0.374,70,0.00,11610,1608.30,0,0,18.206(22.758%)(0.000m),38.608(34.066%)(1.994m),52.000(45.882%)(3.429m),16.000(14.118%)(0.000m),11.000(13.750%)(0.000m),12.799(31.996%)(0.300m),12.000(30.000%)(0.214m),275.659,2872.086,66.7,1.3282,"[0.757, 0.810, 0.072, 0.808, 0.917, -0.022]","[1.957, 2.240, 1.966, 1.996, 2.508, 1.826]","[-7.828, -7.164, -5.623, -7.044, -6.914, -4.357]"
493,1,-2.8915,-2.8476,0.359,358,1073,2,69,0.373,70,0.00,11646,1580.01,0,0,29.000(36.250%)(0.964m),46.000(40.588%)(2.786m),86.000(75.883%)(7.071m),56.167(49.559%)(3.875m),26.921(33.652%)(0.742m),17.000(42.500%)(0.750m),15.000(37.500%)(0.536m),601.135,3505.759,69.4,1.2528,"[-0.025, 0.149, 0.116, -0.122, 0.317, 0.165]","[2.253, 2.512, 2.221, 2.300, 2.746, 2.232]","[-2.939, -1.120, -3.083, -3.375, -1.146, -3.465]"
494,1,-3.9861,-2.9119,0.305,539,1545,195,55,0.373,85,0.00,11700,2397.47,0,0,22.921(28.652%)(0.313m),20.000(17.647%)(0.000m),21.000(18.529%)(0.107m),23.000(20.294%)(0.321m),18.461(23.076%)(0.000m),16.292(40.731%)(0.674m),12.967(32.418%)(0.318m),0.000,2537.071,66.3,1.4177,"[-0.328, 0.027, -0.147, -0.399, 0.104, -0.063]","[2.427, 2.567, 2.218, 2.582, 2.860, 2.158]","[-6.299, -5.621, -5.834, -6.138, -6.249, -5.639]"
495,1,-4.9859,-2.9195,0.280,460,1215,186,48,0.372,70,0.00,11746,1976.88,0,0,17.655(22.068%)(0.000m),36.000(31.765%)(1.714m),41.000(36.177%)(2.250m),22.000(19.412%)(0.214m),12.000(15.000%)(0.000m),12.418(31.045%)(0.259m),23.000(57.500%)(1.393m),620.943,3750.737,61.1,1.2431,"[0.734, 1.053, 0.492, 0.850, 0.911, 0.194]","[2.215, 2.472, 2.285, 2.363, 2.719, 2.161]","[-6.847, -4.960, -4.723, -5.756, -5.579, -4.896]"
496,1,-3.4472,-2.8682,0.278,161,405,19,0,0.371,40,0.00,11763,662.20,0,0,12.429(15.536%)(0.000m),25.695(22.672%)(0.610m),69.762(61.555%)(5.332m),83.000(73.236%)(6.750m),55.000(68.750%)(3.750m),9.697(24.242%)(0.000m),40.000(100.000%)(3.214m),2319.364,7079.483,58.2,1.2264,"[1.161, 0.811, -0.100, 1.227, 1.091, -0.174]","[2.193, 2.430, 2.062, 2.439, 2.673, 2.000]","[-3.782, -6.062, -6.382, -3.295, -5.533, -5.906]"
497,1,2.8973,-2.7962,0.329,279,819,37,0,0.370,60,0.00,11791,1171.94,0,0,33.000(41.250%)(1.393m),44.000(38.824%)(2.571m),52.000(45.882%)(3.429m),21.397(18.880%)(0.150m),11.669(14.586%)(0.000m),26.000(65.000%)(1.714m),10.195(25.487%)(0.021m),566.039,3106.271,67.9,1.1820,"[0.075, 0.526, 0.367, 0.072, 0.774, 0.362]","[2.049, 2.486, 2.235, 2.107, 2.766, 2.260]","[-5.703, -5.843, -4.852, -5.548, -5.257, -4.569]"
498,1,-2.4392,-2.8424,0.321,796,2233,211,157,0.370,95,0.00,11871,3247.17,0,0,18.000(22.500%)(0.000m),46.000(40.588%)(2.786m),47.000(41.471%)(2.893m),27.000(23.824%)(0.750m),15.590(19.487%)(0.000m),12.000(30.000%)(0.214m),10.952(27.380%)(0.102m),0.000,4033.188,64.9,1.1391,"[-0.184, 0.388, 0.312, -0.254, 0.572, 0.356]","[2.102, 2.578, 2.044, 2.180, 2.794, 2.042]","[-6.530, -4.866, -3.939, -6.252, -4.856, -4.250]"
499,1,-0.8600,-2.7109,0.357,318,942,10,30,0.369,65,0.00,11903,1362.66,0,0,9.000(11.250%)(0.000m),12.000(10.588%)(0.000m),17.000(15.000%)(0.000m),33.000(29.118%)(1.393m),25.000(31.250%)(0.536m),25.000(62.500%)(1.607m),18.718(46.794%)(0.934m),116.824,2756.262,68.6,1.2070,"[-0.101, 0.392, 0.440, -0.189, 0.600, 0.387]","[2.611, 3.010, 2.640, 2.597, 3.277, 2.776]","[-10.379, -8.660, -6.762, -10.312, -7.398, -6.407]"
500,1,-3.2684,-2.7180,0.338,131,365,14,0,0.368,35,0.00,11917,574.59,0,0,10.879(13.599%)(0.000m),17.666(15.588%)(0.000m),33.551(29.604%)(1.452m),67.000(59.118%)(5.036m),46.000(57.500%)(2.786m),11.013(27.533%)(0.109m),40.000(100.000%)(3.214m),954.491,3790.916,64.4,1.1847,"[0.796, 0.421, -0.118, 0.788, 0.440, -0.131]","[2.405, 2.933, 2.498, 2.479, 3.165, 2.658]","[-5.498, -5.950, -5.314, -5.638, -5.598, -5.248]"
501,1,-1.4355,-2.6991,0.295,224,588,21,12,0.368,50,0.00,11940,966.46,0,0,11.799(14.749%)(0.000m),22.441(19.801%)(0.262m),59.324(52.345%)(4.213m),51.000(45.000%)(3.321m),29.000(36.250%)(0.964m),9.931(24.827%)(0.000m),27.000(67.500%)(1.821m),803.580,3893.677,60.7,1.3290,"[1.043, 1.158, 0.435, 1.077, 1.177, 0.358]","[2.377, 2.792, 2.295, 2.465, 2.971, 2.396]","[-5.196, -5.436, -5.228, -5.321, -5.181, -5.055]"
502,1,-2.7569,-2.6894,0.333,153,411,5,15,0.367,40,0.00,11956,770.73,0,0,23.000(28.750%)(0.321m),28.000(24.706%)(0.857m),54.000(47.647%)(3.643m),90.237(79.621%)(7.525m),45.593(56.991%)(2.742m),40.000(100.000%)(3.214m),36.955(92.387%)(2.888m),0.000,2390.920,62.1,1.3873,"[0.603, 0.510, 0.038, 0.507, 0.753, 0.040]","[1.955, 2.479, 2.042, 1.994, 2.715, 2.066]","[-2.261, -3.596, -4.530, -2.602, -3.533, -4.106]"
503,1,-0.8326,-2.6543,0.323,353,989,77,12,0.366,65,0.00,11992,1587.71,0,0,40.000(50.000%)(2.143m),60.000(52.941%)(4.286m),68.000(60.000%)(5.143m),29.000(25.588%)(0.964m),22.000(27.500%)(0.214m),25.000(62.500%)(1.607m),15.734(39.336%)(0.614m),0.000,3549.420,64.9,1.2841,"[-0.235, 0.450, 0.513, -0.303, 0.694, 0.638]","[1.925, 2.096, 2.059, 1.915, 2.388, 2.115]","[-6.443, -4.896, -2.642, -5.798, -5.020, -2.207]"
504,1,-4.7953,-2.6671,0.282,402,1046,230,0,0.365,65,0.00,12033,1689.90,0,0,12.840(16.050%)(0.000m),27.115(23.925%)(0.762m),63.000(55.588%)(4.607m),58.000(51.177%)(4.071m),38.000(47.500%)(1.929m),9.764(24.409%)(0.000m),28.000(70.000%)(1.929m),760.691,4154.718,60.2,1.1490,"[1.081, 0.905, -0.003, 1.172, 1.121, -0.153]","[2.335, 2.390, 2.380, 2.380, 2.653, 2.360]","[-3.111, -4.141, -5.082, -2.915, -4.066, -4.727]"
505,1,-1.8257,-2.6184,0.355,158,414,16,0,0.365,40,0.00,12049,668.02,0,0,9.642(12.053%)(0.000m),14.780(13.041%)(0.000m),25.387(22.400%)(0.577m),60.000(52.941%)(4.286m),46.000(57.500%)(2.786m),10.635(26.588%)(0.068m),40.000(100.000%)(3.214m),1008.512,4060.825,60.7,1.1843,"[0.895, 0.763, 0.235, 0.900, 0.828, 0.168]","[2.172, 2.519, 2.290, 2.256, 2.818, 2.306]","[-5.593, -5.534, -5.031, -5.862, -5.370, -5.151]"
506,1,3.5564,-2.5033,0.309,761,2163,50,88,0.364,95,0.00,12126,3191.11,0,0,23.065(28.831%)(0.328m),39.000(34.412%)(2.036m),66.000(58.235%)(4.929m),30.000(26.471%)(1.071m),15.263(19.079%)(0.000m),16.354(40.885%)(0.681m),10.690(26.724%)(0.074m),0.000,3620.124,65.8,1.1760,"[0.372, 0.769, 0.428, 0.324, 0.869, 0.331]","[2.530, 2.792, 2.673, 2.649, 2.958, 2.590]","[-5.835, -4.349, -3.186, -5.558, -4.756, -3.690]"
507,1,-1.3425,-2.5014,0.360,245,634,43,0,0.363,50,0.00,12151,1053.06,0,0,38.000(47.500%)(1.929m),60.000(52.941%)(4.286m),68.374(60.330%)(5.183m),23.321(20.578%)(0.356m),12.105(15.131%)(0.000m),29.000(72.500%)(2.036m),10.061(25.154%)(0.007m),1437.489,4582.668,59.9,1.0977,"[0.630, 1.244, 1.246, 0.451, 1.438, 1.241]","[2.789, 2.746, 2.503, 2.762, 3.042, 2.550]","[-5.467, -5.629, -4.439, -5.248, -5.855, -4.224]"
508,1,-0.5500,-2.4442,0.386,372,1070,155,33,0.362,70,0.00,12189,1564.84,0,0,13.000(16.250%)(0.000m),29.000(25.588%)(0.964m),47.000(41.471%)(2.893m),36.000(31.765%)(1.714m),18.244(22.805%)(0.000m),10.000(25.000%)(0.000m),12.815(32.037%)(0.302m),173.536,3090.640,66.5,1.1935,"[-0.325, 0.339, 0.121, -0.468, 0.375, 0.128]","[2.362, 2.874, 2.594, 2.367, 3.174, 2.597]","[-7.077, -6.647, -6.656, -6.349, -7.231, -6.329]"
509,1,-3.7646,-2.4526,0.310,237,624,42,7,0.362,50,0.00,12213,1003.15,0,0,31.000(38.750%)(1.179m),47.000(41.471%)(2.893m),59.715(52.689%)(4.255m),22.135(19.531%)(0.229m),11.785(14.731%)(0.000m),30.000(75.000%)(2.143m),10.043(25.109%)(0.005m),1214.789,4223.214,60.9,1.1476,"[0.066, 0.803, 0.880, 0.033, 1.035, 0.988]","[2.352, 2.821, 2.473, 2.419, 3.085, 2.650]","[-5.391, -6.333, -6.564, -5.129, -6.744, -5.968]"
510,1,-2.6380,-2.4682,0.413,167,446,17,0,0.361,40,0.00,12230,728.16,0,0,39.000(48.750%)(2.036m),65.000(57.353%)(4.821m),42.961(37.907%)(2.460m),19.196(16.937%)(0.000m),10.944(13.680%)(0.000m),40.000(100.000%)(3.214m),10.045(25.113%)(0.005m),1585.656,4431.363,61.8,1.2948,"[0.616, 0.951, 1.026, 0.547, 1.131, 1.113]","[2.772, 2.799, 2.526, 2.701, 3.062, 2.593]","[-5.626, -5.181, -5.487, -5.405, -5.423, -4.814]"
511,1,-1.3414,-2.4156,0.282,187,481,17,0,0.360,45,0.00,12249,806.23,0,0,35.000(43.750%)(1.607m),48.000(42.353%)(3.000m),24.296(21.437%)(0.460m),14.487(12.783%)(0.000m),9.595(11.994%)(0.000m),40.000(100.000%)(3.214m),10.847(27.118%)(0.091m),834.808,3551.227,59.6,1.1374,"[0.973, 1.137, 1.037, 0.852, 1.290, 1.102]","[2.717, 2.866, 2.462, 2.588, 3.157, 2.508]","[-5.092, -4.912, -5.560, -4.955, -5.321, -5.036]"
512,1,-2.8221,-2.4180,0.253,153,411,10,14,0.360,40,0.00,12265,676.55,0,0,23.000(28.750%)(0.321m),27.000(23.824%)(0.750m),51.000(45.000%)(3.321m),81.396(71.820%)(6.578m),44.185(55.231%)(2.591m),40.000(100.000%)(3.214m),37.655(94.139%)(2.963m),0.000,2351.241,62.1,1.3104,"[1.037, 1.091, 0.719, 0.831, 1.089, 0.601]","[2.514, 2.846, 2.567, 2.468, 3.029, 2.605]","[-2.925, -3.042, -4.445, -3.456, -3.620, -4.260]"
513,1,-0.5812,-2.3394,0.376,366,1076,72,42,0.359,70,0.00,12302,1521.21,0,0,27.000(33.750%)(0.750m),62.000(54.706%)(4.500m),74.000(65.294%)(5.786m),34.352(30.311%)(1.538m),15.962(19.953%)(0.000m),11.000(27.500%)(0.107m),11.184(27.959%)(0.127m),249.275,2996.504,68.0,1.2323,"[-0.184, 0.716, 0.951, -0.386, 0.810, 0.930]","[2.525, 2.869, 2.917, 2.495, 3.113, 2.850]","[-4.647, -2.796, -1.344, -4.693, -2.870, -1.103]"
514,1,-2.7873,-2.3642,0.337,172,447,0,13,0.358,40,0.00,12320,775.18,0,0,25.000(31.250%)(0.536m),21.000(18.529%)(0.107m),82.000(72.353%)(6.643m),106.104(93.621%)(9.225m),51.321(64.152%)(3.356m),40.000(100.000%)(3.214m),37.576(93.940%)(2.955m),0.000,2221.565,60.2,1.4601,"[1.225, 1.225, 0.897, 1.263, 1.479, 0.895]","[2.784, 3.230, 2.876, 2.863, 3.521, 3.033]","[-5.985, -6.126, -6.040, -5.719, -5.904, -5.369]"
515,1,-1.1376,-2.3288,0.363,402,1143,96,33,0.357,70,0.00,12361,1725.42,0,0,30.000(37.500%)(1.071m),52.000(45.882%)(3.429m),66.000(58.235%)(4.929m),39.824(35.139%)(2.124m),16.000(20.000%)(0.000m),24.000(60.000%)(1.500m),11.000(27.500%)(0.107m),947.467,3645.041,65.8,1.2009,"[0.445, 0.891, 0.702, 0.334, 1.041, 0.661]","[2.539, 3.013, 2.721, 2.544, 3.294, 2.657]","[-3.954, -2.227, -4.011, -4.287, -1.878, -4.366]"
516,1,-3.5069,-2.3444,0.319,130,357,30,0,0.357,35,0.00,12374,535.26,0,0,50.000(62.500%)(3.214m),103.000(90.883%)(8.893m),50.891(44.904%)(3.310m),20.910(18.450%)(0.098m),11.536(14.420%)(0.000m),40.000(100.000%)(3.214m),10.204(25.511%)(0.022m),3251.692,5703.204,63.5,1.2228,"[-0.232, 0.966, 0.989, -0.255, 1.108, 1.128]","[2.542, 2.951, 2.566, 2.642, 3.164, 2.627]","[-5.570, -5.353, -4.544, -5.261, -5.858, -4.346]"
517,1,-2.7997,-2.3142,0.362,477,1308,111,79,0.356,75,0.00,12422,2077.60,0,0,25.000(31.250%)(0.536m),50.000(44.118%)(3.214m),54.000(47.647%)(3.643m),42.000(37.059%)(2.357m),20.986(26.233%)(0.106m),18.000(45.000%)(0.857m),14.866(37.166%)(0.521m),462.364,4961.687,63.4,1.2825,"[0.322, 0.862, 0.452, 0.187, 0.949, 0.456]","[2.686, 3.100, 2.580, 2.759, 3.292, 2.656]","[-2.840, -2.086, -5.448, -3.408, -3.008, -5.282]"
518,1,-1.9179,-2.2664,0.360,164,456,15,0,0.355,45,0.00,12439,694.26,0,0,32.000(40.000%)(1.286m),53.000(46.765%)(3.536m),39.602(34.943%)(2.100m),18.976(16.743%)(0.000m),11.155(13.943%)(0.000m),40.000(100.000%)(3.214m),10.622(26.556%)(0.067m),683.487,3189.274,64.3,1.0662,"[0.390, 0.971, 0.836, 0.349, 1.112, 0.871]","[2.561, 3.084, 2.625, 2.700, 3.360, 2.675]","[-5.225, -4.328, -4.368, -5.185, -4.173, -3.957]"
519,1,-3.9064,-2.2837,0.352,358,1007,116,10,0.355,65,0.00,12475,1514.91,0,0,20.013(25.017%)(0.001m),20.000(17.647%)(0.000m),20.000(17.647%)(0.000m),21.000(18.529%)(0.107m),14.750(18.437%)(0.000m),14.094(35.234%)(0.439m),10.333(25.833%)(0.036m),0.000,3250.286,65.1,1.1150,"[-0.654, -0.269, -0.144, -0.754, -0.187, -0.101]","[2.419, 2.964, 2.604, 2.495, 3.211, 2.647]","[-5.433, -5.767, -5.262, -4.999, -5.590, -5.161]"
520,1,-6.8895,-2.4034,0.323,183,461,17,0,0.354,40,0.00,12494,793.78,0,0,11.961(14.951%)(0.000m),22.465(19.822%)(0.264m),59.270(52.297%)(4.208m),74.000(65.294%)(5.786m),51.000(63.750%)(3.321m),10.193(25.483%)(0.021m),38.544(96.361%)(3.058m),1597.128,4939.717,58.3,1.2728,"[0.913, 0.837, 0.513, 1.051, 1.060, 0.334]","[2.688, 2.740, 2.452, 2.798, 3.095, 2.306]","[-6.186, -6.064, -5.713, -5.602, -5.580, -5.910]"
521,1,-4.3655,-2.4050,0.313,629,1716,69,141,0.353,85,0.00,12557,2774.46,0,0,24.000(30.000%)(0.429m),29.000(25.588%)(0.964m),28.000(24.706%)(0.857m),21.000(18.529%)(0.107m),22.000(27.500%)(0.214m),18.000(45.000%)(0.857m),16.287(40.717%)(0.674m),0.000,2846.521,63.1,1.2809,"[0.322, 0.609, 0.363, 0.217, 0.653, 0.349]","[2.405, 2.760, 2.553, 2.458, 3.162, 2.656]","[-5.515, -6.056, -6.837, -5.284, -7.423, -7.198]"
522,1,1.9887,-2.3152,0.306,486,1319,69,61,0.352,75,0.00,12606,2066.52,0,0,16.753(20.942%)(0.000m),35.000(30.882%)(1.607m),55.000(48.530%)(3.750m),61.000(53.824%)(4.393m),34.000(42.500%)(1.500m),11.801(29.502%)(0.193m),25.000(62.500%)(1.607m),367.286,4232.776,62.8,1.2548,"[1.396, 1.443, 0.566, 1.426, 1.486, 0.456]","[3.251, 2.813, 2.323, 3.361, 2.964, 2.431]","[-0.295, -0.989, -5.076, -0.274, -1.789, -5.122]"
523,1,-3.5579,-2.3371,0.334,205,513,31,0,0.352,45,0.00,12627,901.12,0,0,9.935(12.419%)(0.000m),15.001(13.236%)(0.000m),25.157(22.197%)(0.553m),44.000(38.824%)(2.571m),36.000(45.000%)(1.714m),11.232(28.080%)(0.132m),40.000(100.000%)(3.214m),848.444,3980.217,57.9,1.0866,"[1.011, 0.939, 0.657, 0.924, 0.931, 0.551]","[2.633, 2.961, 2.582, 2.694, 3.167, 2.548]","[-6.048, -5.325, -5.252, -6.094, -5.310, -5.509]"
524,1,-1.6101,-2.2887,0.303,406,1135,19,36,0.351,70,0.00,12668,1758.24,0,0,13.000(16.250%)(0.000m),26.000(22.941%)(0.643m),52.000(45.882%)(3.429m),33.000(29.118%)(1.393m),23.000(28.750%)(0.321m),10.000(25.000%)(0.000m),16.476(41.191%)(0.694m),86.650,3357.315,64.7,1.3020,"[0.381, 0.631, 0.377, 0.279, 0.609, 0.340]","[2.533, 2.957, 2.578, 2.465, 3.170, 2.333]","[-5.419, -5.335, -6.675, -5.203, -6.056, -5.902]"
525,1,-3.4492,-2.3456,0.294,173,434,19,0,0.350,40,0.00,12686,758.49,0,0,10.952(13.690%)(0.000m),17.942(15.831%)(0.000m),34.662(30.584%)(1.571m),59.000(52.059%)(4.179m),50.000(62.500%)(3.214m),10.952(27.379%)(0.102m),40.000(100.000%)(3.214m),1742.034,5022.851,58.1,1.0433,"[1.075, 1.052, 0.226, 1.118, 1.068, 0.207]","[2.748, 3.280, 2.800, 2.779, 3.510, 2.851]","[-5.777, -5.438, -5.760, -5.509, -5.414, -5.457]"
526,1,-4.8525,-2.3846,0.316,603,1544,196,89,0.350,80,0.00,12747,2557.96,0,0,17.851(22.314%)(0.000m),37.790(33.344%)(1.906m),80.000(70.588%)(6.429m),46.000(40.588%)(2.786m),34.000(42.500%)(1.500m),10.000(25.000%)(0.000m),28.000(70.000%)(1.929m),1539.423,6250.424,59.3,1.1308,"[1.424, 1.533, 0.659, 1.440, 1.578, 0.537]","[3.494, 3.109, 3.033, 3.373, 3.232, 2.834]","[-1.677, -2.616, -5.332, -1.835, -3.494, -5.122]"
527,1,0.9040,-2.2625,0.302,354,991,73,15,0.349,65,0.00,12783,1565.10,0,0,20.086(25.108%)(0.009m),23.000(20.294%)(0.321m),38.000(33.530%)(1.929m),80.000(70.588%)(6.429m),37.000(46.250%)(1.821m),14.131(35.329%)(0.443m),27.000(67.500%)(1.821m),0.000,4112.594,64.8,1.4244,"[1.156, 0.995, 0.127, 1.088, 1.098, -0.061]","[2.596, 2.757, 2.707, 2.737, 3.113, 2.724]","[-4.852, -6.176, -7.209, -4.926, -5.771, -6.480]"
528,1,-0.9599,-2.1971,0.287,410,1113,110,11,0.348,70,0.00,12824,1830.93,0,0,22.598(28.248%)(0.278m),47.079(41.541%)(2.901m),21.000(18.529%)(0.107m),14.000(12.353%)(0.000m),25.000(31.250%)(0.536m),16.018(40.046%)(0.645m),28.000(70.000%)(1.929m),727.126,3988.879,62.8,1.2653,"[1.065, 1.376, 0.932, 1.107, 1.427, 0.785]","[2.775, 3.104, 2.921, 2.935, 3.363, 3.001]","[-5.789, -6.970, -7.893, -5.967, -7.009, -7.800]"
529,1,-4.4605,-2.2473,0.323,530,1526,149,96,0.347,85,0.00,12877,2274.61,0,0,19.000(23.750%)(0.000m),21.000(18.529%)(0.107m),19.000(16.765%)(0.000m),19.000(16.765%)(0.000m),17.199(21.498%)(0.000m),14.000(35.000%)(0.429m),12.058(30.145%)(0.221m),0.000,2841.705,66.6,1.2014,"[-0.042, 0.521, 0.365, -0.112, 0.588, 0.363]","[2.865, 3.428, 3.131, 2.934, 3.642, 3.250]","[-8.334, -6.673, -5.858, -8.044, -6.169, -5.557]"
530,1,-6.3402,-2.3363,0.282,193,495,34,0,0.347,45,0.00,12897,822.78,0,0,35.000(43.750%)(1.607m),42.000(37.059%)(2.357m),29.989(26.461%)(1.070m),16.301(14.384%)(0.000m),10.214(12.768%)(0.000m),40.000(100.000%)(3.214m),10.596(26.489%)(0.064m),905.004,3960.134,59.3,1.1678,"[0.248, 0.579, 0.968, 0.305, 0.791, 0.998]","[2.647, 3.096, 2.667, 2.832, 3.466, 2.836]","[-5.246, -5.473, -5.319, -5.013, -5.562, -5.197]"
531,1,-0.9409,-2.2480,0.370,352,985,114,8,0.346,65,0.00,12933,1519.32,0,0,34.000(42.500%)(1.500m),20.000(17.647%)(0.000m),20.000(17.647%)(0.000m),20.000(17.647%)(0.000m),23.071(28.839%)(0.329m),24.000(60.000%)(1.500m),16.310(40.775%)(0.676m),0.000,3207.113,64.8,1.2307,"[0.672, 1.218, 0.940, 0.530, 1.419, 0.882]","[2.602, 2.892, 2.595, 2.545, 3.147, 2.637]","[-5.897, -5.064, -6.028, -5.899, -5.040, -6.124]"
532,1,-3.3199,-2.3024,0.361,294,846,52,27,0.345,60,0.00,12963,1278.17,0,0,34.000(42.500%)(1.500m),50.000(44.118%)(3.214m),64.000(56.471%)(4.714m),23.661(20.877%)(0.392m),12.119(15.149%)(0.000m),20.000(50.000%)(1.071m),9.948(24.869%)(0.000m),567.971,2921.167,66.6,1.2754,"[-0.662, 0.045, 0.500, -0.572, 0.297, 0.609]","[2.527, 3.126, 2.784, 2.649, 3.404, 2.954]","[-6.346, -6.451, -5.587, -5.896, -6.320, -4.914]"
533,1,0.3489,-2.2859,0.394,292,846,24,92,0.345,65,0.00,12993,1253.69,0,0,22.000(27.500%)(0.214m),41.000(36.177%)(2.250m),45.707(40.330%)(2.754m),19.895(17.554%)(0.000m),11.222(14.028%)(0.000m),17.000(42.500%)(0.750m),10.175(25.437%)(0.019m),404.958,2701.988,67.1,1.2509,"[0.914, 1.006, 0.545, 0.796, 1.110, 0.457]","[2.756, 3.257, 2.845, 2.732, 3.529, 2.989]","[-5.812, -6.343, -6.204, -5.618, -6.887, -5.729]"
534,1,-1.3597,-2.2176,0.416,170,472,29,0,0.344,45,0.00,13010,728.38,0,0,41.000(51.250%)(2.250m),61.000(53.824%)(4.393m),81.000(71.471%)(6.536m),25.676(22.656%)(0.608m),12.419(15.524%)(0.000m),40.000(100.000%)(3.214m),9.690(24.224%)(0.000m),1113.939,3762.949,64.3,1.1798,"[-0.042, 1.410, 1.836, -0.183, 1.556, 1.873]","[2.659, 3.223, 3.139, 2.726, 3.371, 3.180]","[-5.657, -4.510, -3.281, -5.639, -4.581, -2.734]"
535,1,-3.5502,-2.2417,0.314,364,1053,35,73,0.343,70,0.00,13047,1560.42,0,0,14.000(17.500%)(0.000m),29.000(25.588%)(0.964m),46.000(40.588%)(2.786m),35.000(30.882%)(1.607m),23.152(28.940%)(0.338m),10.000(25.000%)(0.000m),16.340(40.851%)(0.679m),153.670,2957.649,66.9,1.1809,"[-0.158, 0.131, 0.030, -0.307, 0.241, 0.071]","[2.897, 3.245, 2.736, 2.938, 3.492, 2.823]","[-5.473, -5.974, -6.341, -5.572, -5.873, -5.441]"
536,1,-0.5145,-2.2390,0.258,214,576,31,0,0.343,50,0.00,13069,959.91,0,0,33.000(41.250%)(1.393m),48.000(42.353%)(3.000m),62.000(54.706%)(4.500m),28.180(24.865%)(0.876m),12.973(16.216%)(0.000m),32.000(80.000%)(2.357m),9.612(24.029%)(0.000m),789.522,3310.474,62.3,1.1581,"[-0.168, 0.771, 1.008, -0.155, 0.865, 1.019]","[2.726, 3.131, 2.565, 2.922, 3.399, 2.667]","[-5.667, -4.195, -2.769, -5.456, -4.229, -2.330]"
537,1,-6.3731,-2.3790,0.315,486,1214,181,0,0.342,70,0.00,13118,2104.56,0,0,8.613(10.767%)(0.000m),11.447(10.100%)(0.000m),16.188(14.283%)(0.000m),30.935(27.295%)(1.172m),14.576(18.220%)(0.000m),12.592(31.480%)(0.278m),10.244(25.609%)(0.026m),2018.965,6244.684,57.8,1.1684,"[-0.171, 0.525, 0.736, -0.196, 0.792, 0.870]","[2.339, 2.821, 2.357, 2.508, 2.948, 2.434]","[-6.723, -6.717, -5.869, -6.693, -6.288, -5.632]"
538,1,-2.2319,-2.3799,0.394,193,490,16,0,0.341,45,0.00,13138,834.54,0,0,43.000(53.750%)(2.464m),59.000(52.059%)(4.179m),74.143(65.421%)(5.801m),25.886(22.841%)(0.631m),12.521(15.651%)(0.000m),40.000(100.000%)(3.214m),9.769(24.422%)(0.000m),1308.430,4837.509,58.8,1.9775,"[0.290, 0.927, 1.168, 0.152, 1.018, 1.206]","[2.519, 2.676, 2.319, 2.409, 2.709, 2.434]","[-6.244, -5.178, -2.726, -6.172, -5.088, -2.265]"
539,1,-2.1439,-2.3747,0.317,195,490,11,0,0.341,45,0.00,13158,846.69,0,0,43.000(53.750%)(2.464m),55.000(48.530%)(3.750m),61.315(54.101%)(4.427m),23.280(20.541%)(0.351m),12.084(15.104%)(0.000m),40.000(100.000%)(3.214m),10.044(25.109%)(0.005m),1614.063,4867.271,58.2,1.3328,"[0.641, 1.010, 1.135, 0.672, 1.238, 1.183]","[2.587, 2.723, 2.306, 2.558, 2.901, 2.413]","[-5.753, -5.772, -4.191, -5.246, -5.720, -4.139]"
540,1,-0.9897,-2.3045,0.299,221,596,19,38,0.340,50,0.00,13181,976.74,0,0,22.000(27.500%)(0.214m),34.000(30.000%)(1.500m),54.260(47.877%)(3.671m),21.596(19.055%)(0.171m),11.777(14.722%)(0.000m),23.000(57.500%)(1.393m),10.290(25.724%)(0.031m),509.523,3740.374,62.4,1.2834,"[0.713, 0.978, 0.658, 0.687, 1.207, 0.741]","[2.561, 2.856, 2.335, 2.570, 3.187, 2.469]","[-5.260, -5.474, -5.206, -4.921, -5.315, -4.801]"
541,1,-4.2889,-2.3513,0.290,246,614,18,0,0.339,50,0.00,13206,1047.63,0,0,37.000(46.250%)(1.821m),65.000(57.353%)(4.821m),77.351(68.251%)(6.145m),29.065(25.645%)(0.971m),13.414(16.767%)(0.000m),40.000(100.000%)(3.214m),9.680(24.201%)(0.000m),1832.030,5362.515,57.8,1.1092,"[0.880, 1.125, 1.083, 0.874, 1.385, 1.207]","[2.659, 2.936, 2.508, 2.682, 3.237, 2.727]","[-5.905, -4.874, -3.398, -5.880, -4.809, -2.874]"
542,1,-0.0999,-2.3044,0.279,290,754,0,31,0.339,55,0.00,13235,1226.97,0,0,35.000(43.750%)(1.607m),52.000(45.882%)(3.429m),75.000(66.177%)(5.893m),48.561(42.848%)(3.060m),23.335(29.168%)(0.357m),17.000(42.500%)(0.750m),16.551(41.376%)(0.702m),1455.128,4454.333,60.2,1.2744,"[1.262, 1.520, 1.140, 1.130, 1.709, 1.135]","[2.373, 2.523, 2.269, 2.185, 2.786, 2.333]","[-2.074, -0.573, -1.053, -2.731, -0.361, -0.917]"
543,1,-1.2827,-2.2723,0.293,203,527,20,0,0.338,45,0.00,13256,837.86,0,0,38.000(47.500%)(1.929m),61.000(53.824%)(4.393m),59.263(52.291%)(4.207m),22.429(19.790%)(0.260m),11.941(14.927%)(0.000m),40.000(100.000%)(3.214m),10.177(25.442%)(0.019m),1677.088,4377.113,60.1,1.2155,"[0.632, 1.191, 1.215, 0.599, 1.358, 1.251]","[2.613, 2.838, 2.557, 2.708, 3.134, 2.593]","[-4.933, -5.582, -4.802, -4.660, -5.831, -4.363]"
544,1,-2.5663,-2.2439,0.260,167,423,17,0,0.337,40,0.00,13273,708.95,0,0,8.574(10.717%)(0.000m),11.589(10.225%)(0.000m),16.718(14.751%)(0.000m),34.171(30.151%)(1.518m),49.000(61.250%)(3.107m),12.039(30.097%)(0.218m),40.000(100.000%)(3.214m),1294.044,3842.684,58.7,1.0439,"[0.868, 0.921, 0.674, 0.837, 0.887, 0.672]","[2.670, 2.919, 2.496, 2.710, 3.124, 2.548]","[-5.970, -5.511, -4.557, -5.713, -5.876, -4.455]"
545,1,-1.8469,-2.1811,0.323,196,507,16,0,0.337,45,0.00,13293,820.06,0,0,33.000(41.250%)(1.393m),52.000(45.882%)(3.429m),26.705(23.563%)(0.718m),15.152(13.369%)(0.000m),9.731(12.164%)(0.000m),40.000(100.000%)(3.214m),10.472(26.181%)(0.051m),873.509,4001.734,59.9,1.1064,"[0.952, 1.382, 1.343, 0.888, 1.521, 1.250]","[3.137, 3.298, 2.829, 3.119, 3.517, 2.752]","[-5.913, -5.786, -6.400, -5.698, -6.094, -6.430]"
546,1,-0.5473,-2.1231,0.323,238,612,19,0,0.336,50,0.00,13317,1043.59,0,0,33.000(41.250%)(1.393m),47.000(41.471%)(2.893m),57.000(50.294%)(3.964m),24.836(21.915%)(0.518m),12.373(15.467%)(0.000m),29.000(72.500%)(2.036m),9.903(24.757%)(0.000m),908.056,3838.943,59.5,1.3172,"[0.710, 1.346, 1.348, 0.734, 1.519, 1.354]","[2.624, 2.967, 2.873, 2.694, 3.231, 2.915]","[-5.912, -5.417, -4.400, -5.256, -5.439, -4.091]"
547,1,-1.9140,-2.2193,0.357,340,964,32,24,0.335,65,0.00,13351,1463.63,0,0,28.000(35.000%)(0.857m),52.000(45.882%)(3.429m),54.000(47.647%)(3.643m),28.000(24.706%)(0.857m),20.171(25.213%)(0.018m),26.000(65.000%)(1.714m),14.192(35.480%)(0.449m),0.000,2675.851,65.6,1.2270,"[0.192, 0.818, 0.936, 0.154, 0.848, 0.928]","[2.594, 3.120, 2.877, 2.771, 3.357, 3.019]","[-5.883, -4.284, -2.521, -5.407, -4.827, -2.041]"
548,1,0.0506,-2.1695,0.376,854,2419,48,247,0.335,95,0.00,13437,3840.69,0,0,23.000(28.750%)(0.321m),41.000(36.177%)(2.250m),61.000(53.824%)(4.393m),36.000(31.765%)(1.714m),19.944(24.930%)(0.000m),14.000(35.000%)(0.429m),14.069(35.174%)(0.436m),197.033,2929.397,65.6,1.2809,"[0.727, 1.076, 0.793, 0.625, 1.161, 0.790]","[3.022, 3.320, 3.200, 2.946, 3.545, 3.314]","[-4.741, -2.160, -3.796, -4.783, -2.522, -3.916]"
549,1,-0.9528,-2.1714,0.344,208,552,23,1,0.334,50,0.00,13458,889.23,0,0,12.573(15.717%)(0.000m),25.994(22.936%)(0.642m),63.000(55.588%)(4.607m),48.000(42.353%)(3.000m),32.000(40.000%)(1.286m),9.810(24.524%)(0.000m),32.000(80.000%)(2.357m),731.439,3707.613,61.4,1.1122,"[1.601, 1.379, 0.427, 1.682, 1.471, 0.395]","[2.770, 2.936, 2.635, 2.774, 3.268, 2.632]","[-6.112, -5.801, -5.499, -5.419, -4.942, -4.739]"
550,1,2.9096,-2.0478,0.319,663,1967,78,124,0.333,95,0.00,13525,2848.90,0,0,20.834(26.042%)(0.089m),32.000(28.235%)(1.286m),36.000(31.765%)(1.714m),23.000(20.294%)(0.321m),20.154(25.193%)(0.017m),14.691(36.728%)(0.503m),14.182(35.456%)(0.448m),0.000,2756.921,68.7,1.2524,"[0.221, 0.547, 0.150, 0.194, 0.617, 0.044]","[2.403, 3.223, 2.913, 2.552, 3.444, 2.970]","[-6.924, -5.390, -4.068, -5.856, -5.722, -4.357]"
551,1,-4.4930,-2.1090,0.299,188,479,25,22,0.333,45,0.00,13544,874.23,0,0,53.248(66.561%)(3.562m),110.088(97.137%)(9.652m),20.000(17.647%)(0.000m),22.000(19.412%)(0.214m),70.564(88.206%)(5.418m),38.754(96.884%)(3.081m),40.000(100.000%)(3.214m),0.000,2357.135,58.9,1.2206,"[0.652, 1.032, 1.434, 0.656, 1.122, 1.265]","[2.972, 3.269, 3.152, 3.117, 3.532, 3.038]","[-4.856, -4.599, -3.856, -4.957, -4.428, -3.909]"
552,1,-3.9276,-2.1324,0.367,500,1283,125,17,0.332,70,0.00,13594,2070.97,0,0,31.000(38.750%)(1.179m),26.000(22.941%)(0.643m),22.000(19.412%)(0.214m),29.000(25.588%)(0.964m),21.175(26.468%)(0.126m),23.000(57.500%)(1.393m),15.009(37.522%)(0.537m),0.000,4905.590,59.4,1.2852,"[0.809, 1.276, 1.059, 0.789, 1.497, 1.107]","[2.716, 3.210, 3.194, 2.703, 3.376, 3.065]","[-6.264, -5.153, -4.466, -6.472, -4.845, -4.747]"
553,1,-1.4442,-2.1446,0.330,509,1433,76,89,0.331,80,0.00,13645,2281.24,0,0,10.115(12.644%)(0.000m),15.387(13.577%)(0.000m),26.109(23.038%)(0.655m),39.000(34.412%)(2.036m),25.000(31.250%)(0.536m),11.295(28.237%)(0.139m),20.000(50.000%)(1.071m),290.374,3415.977,65.1,1.3896,"[0.670, 0.775, 0.301, 0.628, 0.895, 0.204]","[2.913, 3.004, 2.617, 3.023, 3.336, 2.725]","[-4.630, -4.575, -5.495, -5.254, -5.393, -5.738]"
554,1,-3.7555,-2.1238,0.274,176,439,23,0,0.331,40,0.00,13663,753.51,0,0,10.628(13.286%)(0.000m),16.821(14.842%)(0.000m),30.488(26.901%)(1.124m),55.000(48.530%)(3.750m),51.000(63.750%)(3.321m),11.161(27.903%)(0.124m),40.000(100.000%)(3.214m),1769.009,4384.431,57.8,1.3499,"[0.878, 0.887, 0.812, 0.886, 1.056, 0.819]","[2.763, 3.141, 2.845, 2.916, 3.435, 2.956]","[-6.038, -5.761, -5.825, -6.227, -5.479, -5.807]"
555,1,-1.8699,-2.1247,0.271,272,703,57,9,0.330,55,0.00,13691,1205.56,0,0,31.000(38.750%)(1.179m),45.000(39.706%)(2.679m),49.897(44.027%)(3.203m),20.502(18.090%)(0.054m),11.311(14.138%)(0.000m),28.000(70.000%)(1.929m),10.005(25.012%)(0.001m),659.909,3810.556,59.8,1.3063,"[0.780, 1.704, 1.546, 0.761, 1.780, 1.624]","[2.867, 3.196, 2.931, 2.950, 3.378, 3.058]","[-5.489, -5.047, -5.193, -5.052, -5.119, -5.141]"
556,1,-2.0077,-2.2360,0.300,182,461,18,0,0.329,40,0.00,13710,765.22,0,0,42.000(52.500%)(2.357m),42.415(37.425%)(2.402m),18.462(16.290%)(0.000m),12.336(10.885%)(0.000m),8.859(11.074%)(0.000m),40.000(100.000%)(3.214m),11.650(29.126%)(0.177m),1011.263,3811.040,58.7,1.0990,"[0.930, 1.189, 1.247, 1.012, 1.249, 1.182]","[2.890, 3.208, 2.836, 3.027, 3.341, 2.970]","[-5.099, -5.470, -6.499, -4.771, -5.854, -6.412]"
557,1,1.1060,-2.1870,0.296,264,732,16,29,0.329,55,0.00,13737,1084.58,0,0,24.000(30.000%)(0.429m),31.000(27.353%)(1.179m),61.886(54.606%)(4.488m),22.958(20.257%)(0.317m),12.071(15.089%)(0.000m),26.000(65.000%)(1.714m),10.160(25.399%)(0.017m),276.592,3120.948,64.2,1.1538,"[0.282, 0.893, 0.744, 0.139, 1.003, 0.698]","[2.494, 2.923, 2.920, 2.604, 3.265, 2.792]","[-5.197, -5.397, -5.186, -5.181, -6.011, -4.810]"
558,1,-4.3203,-2.2624,0.294,458,1193,178,36,0.328,70,0.00,13783,1969.44,0,0,14.931(18.664%)(0.000m),32.096(28.320%)(1.296m),18.466(16.294%)(0.000m),12.888(11.371%)(0.000m),9.589(11.987%)(0.000m),10.467(26.168%)(0.050m),13.646(34.115%)(0.391m),686.565,4430.016,60.3,1.2792,"[0.710, 0.819, 0.393, 0.674, 0.946, 0.367]","[3.057, 2.988, 2.885, 3.021, 3.168, 2.994]","[-5.346, -5.127, -6.289, -5.271, -5.204, -5.701]"
559,1,-1.7838,-2.2228,0.329,258,724,53,70,0.327,55,0.00,13809,1092.06,0,0,19.000(23.750%)(0.000m),39.000(34.412%)(2.036m),56.676(50.008%)(3.930m),21.798(19.234%)(0.193m),11.748(14.685%)(0.000m),13.000(32.500%)(0.321m),10.137(25.343%)(0.015m),1126.275,3423.113,64.9,1.1208,"[0.223, 0.827, 0.427, 0.158, 0.855, 0.478]","[2.010, 2.389, 2.277, 2.049, 2.653, 2.290]","[-5.694, -5.716, -5.636, -5.494, -5.872, -4.842]"
560,1,-0.8236,-2.1865,0.307,350,945,109,0,0.327,65,0.00,13844,1490.74,0,0,37.000(46.250%)(1.821m),52.000(45.882%)(3.429m),51.430(45.380%)(3.368m),21.132(18.646%)(0.121m),11.658(14.573%)(0.000m),28.000(70.000%)(1.929m),10.312(25.781%)(0.033m),917.106,3798.835,62.5,1.5830,"[0.437, 1.029, 0.686, 0.317, 1.116, 0.804]","[2.291, 2.854, 2.420, 2.401, 3.025, 2.604]","[-5.707, -6.211, -6.240, -5.442, -6.888, -5.281]"
561,1,-1.1826,-2.1833,0.352,423,1162,102,44,0.326,70,0.00,13887,1806.09,0,0,11.000(13.750%)(0.000m),18.000(15.882%)(0.000m),52.000(45.882%)(3.429m),37.000(32.647%)(1.821m),21.037(26.296%)(0.111m),10.000(25.000%)(0.000m),14.852(37.130%)(0.520m),155.593,3363.604,63.6,1.1978,"[0.030, 0.505, 0.206, -0.076, 0.563, 0.310]","[1.948, 2.472, 2.347, 2.071, 2.726, 2.318]","[-6.856, -6.924, -7.280, -6.387, -6.842, -6.212]"
562,1,-4.9200,-2.2253,0.325,163,409,22,0,0.325,40,0.00,13904,713.45,0,0,11.427(14.283%)(0.000m),20.042(17.684%)(0.004m),44.854(39.578%)(2.663m),70.000(61.765%)(5.357m),57.000(71.250%)(3.964m),10.488(26.220%)(0.052m),40.000(100.000%)(3.214m),1786.376,5629.675,58.1,1.1747,"[1.356, 1.103, 0.275, 1.279, 1.111, 0.152]","[2.623, 2.912, 2.657, 2.564, 3.158, 2.696]","[-5.244, -5.079, -5.536, -5.075, -5.410, -5.359]"
563,1,-4.4654,-2.3030,0.316,505,1297,253,16,0.325,70,0.00,13955,2216.18,0,0,15.785(19.731%)(0.000m),21.000(18.529%)(0.107m),23.000(20.294%)(0.321m),29.000(25.588%)(0.964m),21.989(27.486%)(0.213m),11.111(27.777%)(0.119m),25.000(62.500%)(1.607m),0.000,5254.923,59.4,1.2156,"[1.108, 1.150, 0.503, 1.077, 1.189, 0.357]","[2.842, 2.838, 2.694, 2.787, 3.061, 2.822]","[-4.486, -5.598, -6.183, -5.094, -5.920, -6.139]"
564,1,-3.1789,-2.3108,0.294,538,1401,235,75,0.324,75,0.00,14009,2298.20,0,0,11.000(13.750%)(0.000m),36.737(32.415%)(1.793m),50.000(44.118%)(3.214m),40.000(35.294%)(2.143m),25.000(31.250%)(0.536m),11.000(27.500%)(0.107m),19.000(47.500%)(0.964m),564.383,4268.252,60.3,1.2622,"[0.902, 1.145, 0.443, 0.949, 1.127, 0.254]","[2.753, 2.997, 2.799, 2.881, 3.275, 2.770]","[-4.409, -3.123, -5.652, -4.287, -3.388, -5.514]"
565,1,-1.2735,-2.3135,0.298,354,1009,160,20,0.323,70,0.00,14045,1517.54,0,0,21.000(26.250%)(0.107m),12.000(10.588%)(0.000m),18.000(15.882%)(0.000m),38.000(33.530%)(1.929m),19.539(24.424%)(0.000m),30.000(75.000%)(2.143m),13.816(34.541%)(0.409m),273.236,3790.080,65.9,1.2176,"[-0.382, 0.487, 0.266, -0.659, 0.689, 0.200]","[2.486, 2.916, 2.507, 2.680, 3.212, 2.522]","[-8.774, -7.306, -5.577, -9.373, -6.408, -5.411]"
566,1,-1.2148,-2.2677,0.287,406,1133,146,43,0.323,70,0.00,14086,1828.07,0,0,11.000(13.750%)(0.000m),18.000(15.882%)(0.000m),49.000(43.235%)(3.107m),36.000(31.765%)(1.714m),20.973(26.217%)(0.104m),11.000(27.500%)(0.107m),14.797(36.993%)(0.514m),106.638,3409.713,64.6,1.4996,"[-0.031, 0.781, 0.756, -0.113, 0.926, 0.695]","[2.240, 2.777, 2.386, 2.152, 2.997, 2.473]","[-7.139, -7.336, -6.785, -6.592, -6.283, -5.919]"
567,1,-3.5431,-2.2826,0.316,245,629,73,0,0.322,50,0.00,14111,1112.66,0,0,35.000(43.750%)(1.607m),44.000(38.824%)(2.571m),56.000(49.412%)(3.857m),29.742(26.243%)(1.044m),13.249(16.561%)(0.000m),32.000(80.000%)(2.357m),9.688(24.220%)(0.000m),878.749,4945.752,59.4,1.3418,"[-0.678, 0.382, 1.052, -0.695, 0.517, 1.201]","[2.179, 2.818, 2.535, 2.370, 3.021, 2.614]","[-6.148, -4.257, -1.867, -5.885, -4.165, -1.212]"
568,1,-5.7713,-2.3596,0.330,464,1213,120,21,0.321,70,0.00,14158,2091.84,0,0,15.149(18.936%)(0.000m),31.870(28.121%)(1.272m),20.000(17.647%)(0.000m),23.000(20.294%)(0.321m),31.000(38.750%)(1.179m),10.651(26.626%)(0.070m),24.000(60.000%)(1.500m),0.000,4075.136,60.5,1.6039,"[0.842, 0.605, 0.007, 0.755, 0.683, 0.124]","[2.955, 2.978, 2.573, 2.869, 3.238, 2.824]","[-5.219, -5.697, -6.984, -5.367, -6.342, -6.690]"
569,1,-2.3268,-2.3280,0.285,188,470,18,0,0.321,40,0.00,14177,832.28,0,0,11.534(14.417%)(0.000m),20.906(18.447%)(0.097m),50.881(44.895%)(3.309m),52.000(45.882%)(3.429m),48.000(60.000%)(3.000m),10.202(25.506%)(0.022m),40.000(100.000%)(3.214m),1555.112,4497.365,57.9,1.3296,"[0.529, 0.303, 0.136, 0.564, 0.310, 0.156]","[2.175, 2.789, 2.464, 2.267, 2.959, 2.554]","[-5.740, -6.044, -5.072, -5.498, -5.677, -5.173]"
570,1,0.1155,-2.1879,0.310,528,1402,141,94,0.320,75,0.00,14230,2309.93,0,0,16.939(21.173%)(0.000m),35.401(31.237%)(1.650m),65.000(57.353%)(4.821m),38.000(33.530%)(1.929m),19.000(23.750%)(0.000m),11.932(29.830%)(0.207m),13.000(32.500%)(0.321m),693.807,4418.002,61.4,1.3389,"[0.579, 0.857, 0.515, 0.602, 1.020, 0.470]","[2.442, 3.096, 2.735, 2.604, 3.300, 2.841]","[-6.729, -4.326, -5.613, -6.032, -4.467, -5.249]"
571,1,1.4252,-2.0721,0.279,578,1617,85,30,0.319,85,0.00,14288,2476.79,0,0,22.972(28.715%)(0.318m),24.000(21.177%)(0.429m),60.000(52.941%)(4.286m),33.000(29.118%)(1.393m),24.000(30.000%)(0.429m),16.298(40.746%)(0.675m),22.000(55.000%)(1.286m),0.000,3429.625,64.7,1.2090,"[0.855, 1.082, 0.649, 0.841, 1.183, 0.528]","[2.621, 2.910, 2.373, 2.636, 3.083, 2.365]","[-3.164, -2.929, -4.424, -3.429, -4.027, -4.362]"
572,1,-2.8542,-2.1690,0.320,164,434,37,0,0.319,40,0.00,14305,706.90,0,0,36.000(45.000%)(1.714m),40.000(35.294%)(2.143m),39.140(34.536%)(2.051m),18.754(16.548%)(0.000m),11.025(13.781%)(0.000m),40.000(100.000%)(3.214m),10.498(26.246%)(0.053m),819.357,3858.072,61.3,1.1809,"[0.057, 0.473, 0.631, -0.073, 0.566, 0.601]","[2.385, 2.690, 2.405, 2.446, 3.013, 2.493]","[-5.873, -5.107, -4.790, -5.557, -5.429, -4.751]"
573,1,0.4555,-2.0887,0.290,405,1091,154,11,0.318,70,0.00,14346,1694.05,0,0,41.000(51.250%)(2.250m),49.000(43.235%)(3.107m),59.000(52.059%)(4.179m),32.000(28.235%)(1.286m),18.840(23.550%)(0.000m),30.000(75.000%)(2.143m),13.304(33.260%)(0.354m),0.000,4012.612,62.4,1.3171,"[0.015, 1.162, 0.935, -0.231, 1.162, 1.019]","[2.631, 2.866, 2.484, 2.637, 2.989, 2.589]","[-5.729, -5.059, -4.226, -5.429, -5.917, -3.536]"
574,1,-2.5654,-2.1078,0.325,476,1296,115,114,0.318,75,0.00,14394,2200.95,0,0,17.178(21.473%)(0.000m),36.564(32.262%)(1.775m),55.000(48.530%)(3.750m),46.000(40.588%)(2.786m),28.000(35.000%)(0.857m),12.070(30.175%)(0.222m),12.000(30.000%)(0.214m),642.066,4265.209,63.0,1.6247,"[1.075, 1.165, 0.537, 1.003, 1.223, 0.440]","[2.393, 2.838, 2.420, 2.525, 3.148, 2.501]","[-2.083, -3.530, -5.448, -2.355, -3.737, -5.095]"
575,1,0.1086,-2.0367,0.285,140,385,0,9,0.317,40,0.00,14408,616.02,0,0,24.000(30.000%)(0.429m),20.000(17.647%)(0.000m),61.000(53.824%)(4.393m),110.204(97.239%)(9.665m),53.304(66.630%)(3.568m),40.000(100.000%)(3.214m),40.000(100.000%)(3.214m),0.000,2347.996,63.6,1.3798,"[0.960, 1.018, 0.737, 0.791, 1.147, 0.573]","[2.604, 3.063, 2.817, 2.717, 3.412, 2.818]","[-6.331, -6.075, -5.876, -6.392, -5.035, -5.611]"
576,1,-1.0915,-1.9615,0.389,193,499,20,0,0.316,45,0.00,14428,891.83,0,0,42.000(52.500%)(2.357m),68.000(60.000%)(5.143m),58.915(51.984%)(4.169m),22.225(19.610%)(0.238m),11.833(14.791%)(0.000m),40.000(100.000%)(3.214m),10.084(25.211%)(0.009m),1624.486,4691.431,59.9,1.5195,"[0.725, 1.572, 1.603, 0.556, 1.757, 1.524]","[2.857, 2.962, 2.637, 2.860, 3.238, 2.701]","[-6.181, -6.366, -5.498, -6.046, -6.492, -5.932]"
577,1,-2.6388,-2.0323,0.301,194,518,17,0,0.316,45,0.00,14448,886.09,0,0,34.000(42.500%)(1.500m),49.000(43.235%)(3.107m),63.000(55.588%)(4.607m),28.242(24.919%)(0.883m),13.145(16.432%)(0.000m),40.000(100.000%)(3.214m),9.739(24.348%)(0.000m),736.935,3983.091,61.8,1.2377,"[0.444, 1.377, 1.352, 0.430, 1.473, 1.311]","[2.395, 3.124, 2.963, 2.549, 3.397, 2.971]","[-5.238, -4.262, -2.595, -5.099, -4.475, -2.685]"
578,1,-1.0621,-2.0344,0.260,195,522,12,0,0.315,45,0.00,14468,857.17,0,0,32.000(40.000%)(1.286m),50.000(44.118%)(3.214m),63.280(55.836%)(4.637m),23.107(20.389%)(0.333m),11.994(14.992%)(0.000m),32.000(80.000%)(2.357m),9.969(24.923%)(0.000m),866.502,3484.692,62.0,1.2582,"[0.644, 1.128, 1.112, 0.507, 1.204, 1.122]","[2.596, 3.217, 2.644, 2.777, 3.324, 2.759]","[-5.398, -5.461, -4.705, -5.204, -5.709, -4.506]"
579,1,-2.5268,-1.9957,0.379,514,1362,48,81,0.314,75,0.00,14520,2338.47,0,0,19.000(23.750%)(0.000m),37.000(32.647%)(1.821m),69.000(60.883%)(5.250m),41.107(36.271%)(2.261m),19.439(24.299%)(0.000m),22.000(55.000%)(1.286m),10.000(25.000%)(0.000m),917.700,5640.682,61.3,1.3830,"[0.969, 1.066, 0.548, 0.829, 1.143, 0.551]","[2.425, 2.853, 2.762, 2.403, 3.092, 2.838]","[-4.761, -3.107, -5.218, -4.891, -3.507, -4.344]"
580,1,-1.9250,-1.9074,0.361,258,662,44,0,0.314,50,0.00,14546,1142.19,0,0,38.000(47.500%)(1.929m),52.000(45.882%)(3.429m),59.000(52.059%)(4.179m),25.938(22.886%)(0.636m),12.546(15.682%)(0.000m),29.000(72.500%)(2.036m),9.788(24.471%)(0.000m),1240.813,4600.822,59.3,1.5496,"[0.468, 1.430, 1.477, 0.302, 1.545, 1.503]","[2.384, 3.030, 2.754, 2.557, 3.368, 2.780]","[-6.347, -5.747, -3.933, -6.283, -6.233, -3.560]"
581,1,-5.8656,-2.0059,0.315,628,1732,103,93,0.313,85,0.00,14609,2869.16,0,0,22.044(27.555%)(0.219m),36.000(31.765%)(1.714m),26.336(23.238%)(0.679m),15.333(13.529%)(0.000m),10.003(12.504%)(0.000m),15.600(39.001%)(0.600m),11.033(27.582%)(0.111m),398.801,3864.030,63.8,1.4146,"[0.674, 0.983, 0.502, 0.658, 1.072, 0.459]","[2.499, 2.964, 2.658, 2.599, 3.181, 2.740]","[-4.955, -5.601, -5.934, -4.885, -5.625, -5.996]"
582,1,-1.5879,-1.9712,0.303,499,1346,41,123,0.312,75,0.00,14659,2226.32,0,0,23.000(28.750%)(0.321m),52.000(45.882%)(3.429m),61.000(53.824%)(4.393m),47.605(42.004%)(2.958m),22.820(28.525%)(0.302m),17.000(42.500%)(0.750m),15.000(37.500%)(0.536m),1112.217,4745.491,62.4,1.2860,"[0.651, 1.031, 0.552, 0.591, 0.994, 0.515]","[2.381, 2.841, 2.348, 2.525, 3.171, 2.426]","[-2.376, -1.467, -3.919, -2.848, -1.677, -3.759]"
583,1,0.2030,-1.9741,0.289,339,919,22,1,0.312,65,0.00,14693,1490.15,0,0,10.286(12.857%)(0.000m),17.005(15.004%)(0.000m),33.444(29.509%)(1.440m),50.000(44.118%)(3.214m),33.000(41.250%)(1.393m),10.161(25.401%)(0.017m),23.000(57.500%)(1.393m),1016.555,3525.224,62.7,1.2943,"[1.099, 1.193, 0.941, 1.132, 1.384, 0.849]","[2.865, 2.918, 2.690, 2.866, 3.239, 2.742]","[-4.840, -5.213, -5.243, -4.778, -5.373, -5.192]"
584,1,-2.0981,-1.9889,0.284,187,478,30,29,0.311,45,0.00,14712,960.95,0,0,25.000(31.250%)(0.536m),24.000(21.177%)(0.429m),41.000(36.177%)(2.250m),69.000(60.883%)(5.250m),49.674(62.093%)(3.179m),40.000(100.000%)(3.214m),36.646(91.614%)(2.855m),0.000,2290.575,59.2,1.3061,"[0.424, 0.300, 0.075, 0.356, 0.482, 0.228]","[2.151, 2.683, 2.473, 2.271, 3.008, 2.618]","[-4.887, -5.248, -5.299, -4.469, -4.428, -4.534]"
585,1,0.3637,-1.9106,0.293,357,997,173,11,0.311,65,0.00,14748,1588.79,0,0,38.000(47.500%)(1.929m),61.000(53.824%)(4.393m),41.000(36.177%)(2.250m),25.000(22.059%)(0.536m),17.826(22.282%)(0.000m),29.000(72.500%)(2.036m),12.552(31.381%)(0.273m),0.000,3440.305,64.6,1.2689,"[-0.131, 1.092, 1.046, -0.211, 1.192, 1.008]","[2.658, 2.908, 2.448, 2.560, 3.174, 2.583]","[-6.211, -4.871, -3.468, -5.561, -5.403, -3.562]"
586,1,-2.2535,-1.9454,0.346,259,708,75,0,0.310,55,0.00,14774,1226.04,0,0,35.000(43.750%)(1.607m),42.000(37.059%)(2.357m),52.000(45.882%)(3.429m),25.611(22.598%)(0.601m),12.388(15.485%)(0.000m),29.000(72.500%)(2.036m),9.665(24.162%)(0.000m),802.434,3469.532,63.3,1.4188,"[0.096, 1.122, 1.227, -0.017, 1.315, 1.242]","[2.566, 3.166, 2.810, 2.666, 3.482, 2.919]","[-6.066, -5.966, -4.031, -5.583, -6.128, -3.768]"
587,1,-2.2233,-1.8624,0.277,400,1133,93,83,0.309,70,0.00,14814,1803.98,0,0,21.000(26.250%)(0.107m),42.000(37.059%)(2.357m),63.000(55.588%)(4.607m),41.000(36.177%)(2.250m),11.000(13.750%)(0.000m),17.000(42.500%)(0.750m),12.000(30.000%)(0.214m),350.921,3972.924,65.5,1.3543,"[0.701, 0.942, 0.462, 0.555, 1.066, 0.460]","[2.767, 3.116, 3.070, 2.941, 3.674, 3.070]","[-3.659, -3.281, -5.527, -4.024, -4.183, -4.830]"
588,1,-1.7673,-1.8531,0.254,208,517,18,0,0.309,45,0.00,14835,960.29,0,0,40.000(50.000%)(2.143m),48.000(42.353%)(3.000m),32.005(28.240%)(1.286m),17.128(15.113%)(0.000m),10.641(13.301%)(0.000m),40.000(100.000%)(3.214m),10.904(27.261%)(0.097m),957.236,4156.668,57.5,1.4424,"[1.033, 1.423, 1.326, 1.034, 1.523, 1.389]","[2.662, 3.152, 2.819, 2.800, 3.293, 2.970]","[-5.205, -4.970, -4.493, -5.107, -5.424, -4.216]"
589,1,-0.9195,-1.8286,0.261,285,774,115,0,0.308,60,0.00,14864,1216.93,0,0,42.000(52.500%)(2.357m),62.000(54.706%)(4.500m),81.000(71.471%)(6.536m),28.622(25.255%)(0.924m),13.216(16.521%)(0.000m),29.000(72.500%)(2.036m),9.665(24.161%)(0.000m),1640.576,4210.388,62.8,1.1769,"[0.399, 1.561, 1.490, 0.147, 1.673, 1.518]","[2.862, 3.252, 2.873, 2.800, 3.443, 2.893]","[-5.722, -4.260, -2.756, -5.612, -4.574, -2.487]"
590,1,-1.6176,-1.8412,0.294,414,1180,126,89,0.308,75,0.00,14906,1882.24,0,0,24.000(30.000%)(0.429m),48.000(42.353%)(3.000m),55.000(48.530%)(3.750m),39.000(34.412%)(2.036m),19.061(23.827%)(0.000m),17.000(42.500%)(0.750m),13.000(32.500%)(0.321m),232.710,3345.581,66.0,1.4788,"[0.281, 0.866, 0.418, 0.173, 0.820, 0.411]","[2.651, 3.289, 2.787, 2.755, 3.498, 2.880]","[-4.366, -2.695, -5.608, -4.673, -3.917, -5.331]"
591,1,-0.3549,-1.7625,0.314,255,669,66,4,0.307,55,0.00,14932,1193.07,0,0,32.000(40.000%)(1.286m),45.000(39.706%)(2.679m),62.000(54.706%)(4.500m),28.658(25.286%)(0.928m),13.254(16.567%)(0.000m),29.000(72.500%)(2.036m),9.692(24.230%)(0.000m),545.286,3963.252,60.7,1.4561,"[0.051, 1.216, 1.543, -0.010, 1.363, 1.528]","[2.841, 3.246, 2.898, 2.893, 3.467, 2.918]","[-6.357, -4.449, -2.265, -5.916, -4.523, -2.229]"
592,1,-1.2621,-1.7858,0.343,429,1143,159,14,0.306,70,0.00,14975,1796.64,0,0,38.000(47.500%)(1.929m),24.000(21.177%)(0.429m),24.000(21.177%)(0.429m),37.906(33.446%)(1.918m),18.073(22.591%)(0.000m),28.000(70.000%)(1.929m),12.758(31.894%)(0.295m),669.936,4538.850,61.7,1.1985,"[0.220, 1.091, 0.868, 0.069, 1.158, 0.924]","[2.773, 3.117, 2.693, 2.757, 3.354, 2.808]","[-6.995, -5.781, -4.843, -7.303, -5.375, -4.856]"
593,1,1.7803,-1.7245,0.275,465,1279,62,74,0.306,75,0.00,15022,2014.55,0,0,20.360(25.451%)(0.039m),43.043(37.979%)(2.469m),57.000(50.294%)(3.964m),52.000(45.882%)(3.429m),28.000(35.000%)(0.857m),14.333(35.832%)(0.464m),13.000(32.500%)(0.321m),874.835,4005.646,63.6,1.3546,"[0.862, 1.207, 0.583, 0.856, 1.237, 0.529]","[2.570, 2.892, 2.708, 2.620, 3.128, 2.819]","[-3.423, -2.822, -4.667, -3.029, -3.112, -4.885]"
594,1,-3.6276,-1.7457,0.281,343,969,122,22,0.305,65,0.00,15057,1449.65,0,0,18.945(23.681%)(0.000m),20.000(17.647%)(0.000m),20.000(17.647%)(0.000m),23.000(20.294%)(0.321m),34.000(42.500%)(1.500m),13.339(33.347%)(0.358m),25.000(62.500%)(1.607m),0.000,2666.543,65.4,1.3042,"[0.496, 0.345, -0.330, 0.449, 0.217, -0.356]","[2.698, 3.085, 2.509, 2.698, 3.355, 2.728]","[-3.900, -4.592, -5.067, -3.731, -4.918, -4.708]"
595,1,-0.3592,-1.7160,0.294,310,803,53,0,0.304,60,0.00,15088,1351.45,0,0,11.673(14.591%)(0.000m),21.159(18.669%)(0.124m),51.495(45.437%)(3.374m),49.000(43.235%)(3.107m),33.000(41.250%)(1.393m),10.325(25.813%)(0.035m),24.000(60.000%)(1.500m),1175.995,4994.452,59.9,1.2263,"[1.647, 1.844, 1.194, 1.688, 1.942, 1.151]","[2.639, 3.067, 2.809, 2.757, 3.304, 2.835]","[-4.809, -5.183, -5.991, -4.934, -5.240, -5.657]"
596,1,-2.9443,-1.7639,0.237,193,506,46,0,0.304,45,0.00,15108,854.33,0,0,43.000(53.750%)(2.464m),60.000(52.941%)(4.286m),78.000(68.824%)(6.214m),27.987(24.695%)(0.856m),13.073(16.341%)(0.000m),40.000(100.000%)(3.214m),9.812(24.531%)(0.000m),1244.562,5021.369,60.7,1.3106,"[-0.479, 0.893, 1.345, -0.705, 0.978, 1.503]","[2.529, 2.962, 2.608, 2.350, 3.196, 2.754]","[-6.012, -5.050, -4.030, -5.811, -5.577, -3.370]"
597,1,-1.3291,-1.7522,0.328,468,1284,30,141,0.303,75,0.00,15155,2101.99,0,0,21.000(26.250%)(0.107m),32.000(28.235%)(1.286m),77.000(67.941%)(6.107m),50.069(44.179%)(3.222m),24.017(30.022%)(0.430m),15.000(37.500%)(0.536m),14.000(35.000%)(0.429m),291.910,4196.314,63.5,1.3140,"[0.791, 0.945, 0.413, 0.577, 0.968, 0.325]","[2.754, 2.857, 2.501, 2.625, 3.118, 2.496]","[-3.271, -2.329, -4.245, -3.690, -2.633, -4.457]"
598,1,1.0249,-1.7327,0.349,318,845,16,7,0.303,60,0.00,15187,1386.26,0,0,12.193(15.242%)(0.000m),24.475(21.596%)(0.479m),61.000(53.824%)(4.393m),43.000(37.941%)(2.464m),31.000(38.750%)(1.179m),9.759(24.397%)(0.000m),23.000(57.500%)(1.393m),731.256,3852.795,61.5,1.3992,"[1.263, 1.394, 0.778, 1.363, 1.611, 0.727]","[2.826, 2.873, 2.596, 2.927, 3.141, 2.550]","[-4.957, -5.851, -5.334, -4.702, -5.415, -4.988]"
599,1,-3.0749,-1.7752,0.303,464,1266,139,63,0.302,75,0.00,15234,2120.35,0,0,19.000(23.750%)(0.000m),27.000(23.824%)(0.750m),32.000(28.235%)(1.286m),41.790(36.873%)(2.335m),19.921(24.901%)(0.000m),11.000(27.500%)(0.107m),14.062(35.155%)(0.435m),159.080,3413.006,63.1,1.5148,"[0.066, 0.511, 0.312, -0.020, 0.614, 0.366]","[2.684, 3.076, 2.701, 2.818, 3.345, 2.902]","[-3.857, -3.819, -3.936, -3.834, -2.985, -3.524]"
600,1,-4.3586,-1.9205,0.258,394,1071,0,45,0.301,70,0.00,15274,1749.52,0,0,23.000(28.750%)(0.321m),24.000(21.177%)(0.429m),66.000(58.235%)(4.929m),52.110(45.980%)(3.440m),25.809(32.261%)(0.622m),24.000(60.000%)(1.500m),18.277(45.692%)(0.887m),0.000,3883.015,62.9,1.5617,"[0.467, 0.482, -0.243, 0.375, 0.499, -0.260]","[2.072, 3.008, 2.643, 2.230, 3.146, 2.774]","[-4.116, -5.076, -5.963, -4.278, -4.857, -5.399]"
601,1,-5.3820,-1.9383,0.257,451,1183,183,20,0.301,70,0.00,15320,1940.73,0,0,16.625(20.781%)(0.000m),24.452(21.575%)(0.477m),14.411(12.715%)(0.000m),10.734(9.471%)(0.000m),8.470(10.588%)(0.000m),11.706(29.265%)(0.183m),14.056(35.139%)(0.435m),607.256,4045.105,60.7,1.2760,"[0.463, 0.455, 0.036, 0.427, 0.516, -0.068]","[2.309, 2.865, 2.503, 2.372, 3.114, 2.477]","[-5.893, -4.824, -6.499, -5.794, -5.342, -6.300]"
602,1,-3.8183,-1.9361,0.238,148,392,21,0,0.300,40,0.00,15335,628.00,0,0,51.000(63.750%)(3.321m),79.000(69.706%)(6.321m),77.217(68.133%)(6.130m),29.309(25.861%)(0.997m),13.587(16.983%)(0.000m),40.000(100.000%)(3.214m),9.608(24.019%)(0.000m),2001.295,6371.341,61.4,1.2845,"[-0.025, 0.862, 1.305, -0.134, 0.983, 1.311]","[2.370, 2.898, 2.579, 2.286, 3.180, 2.544]","[-5.413, -3.959, -0.692, -5.373, -4.038, -0.605]"
603,1,-2.1571,-1.9504,0.301,244,615,17,14,0.300,50,0.00,15360,1113.39,0,0,30.000(37.500%)(1.071m),37.000(32.647%)(1.821m),63.000(55.588%)(4.607m),28.462(25.113%)(0.907m),13.187(16.484%)(0.000m),40.000(100.000%)(3.214m),9.770(24.426%)(0.000m),971.518,4492.462,58.3,1.2618,"[0.717, 1.047, 0.854, 0.643, 1.142, 0.924]","[2.675, 3.053, 2.578, 2.743, 3.213, 2.650]","[-5.297, -5.641, -4.174, -5.230, -5.938, -3.660]"
604,1,-0.7223,-1.8897,0.290,429,1167,124,35,0.299,70,0.00,15403,1831.28,0,0,12.000(15.000%)(0.000m),21.000(18.529%)(0.107m),64.000(56.471%)(4.714m),42.327(37.348%)(2.392m),20.625(25.781%)(0.067m),10.000(25.000%)(0.000m),14.566(36.415%)(0.489m),485.907,3829.265,62.9,1.2782,"[0.138, 0.511, 0.298, -0.100, 0.559, 0.280]","[2.551, 3.128, 2.838, 2.429, 3.201, 2.836]","[-7.568, -6.645, -6.994, -7.094, -6.067, -6.068]"
605,1,-3.0927,-1.9142,0.278,445,1170,255,24,0.298,70,0.00,15448,1934.82,0,0,14.941(18.676%)(0.000m),23.000(20.294%)(0.321m),28.000(24.706%)(0.857m),42.000(37.059%)(2.357m),35.000(43.750%)(1.607m),10.502(26.255%)(0.054m),26.000(65.000%)(1.714m),0.000,3782.563,60.8,1.4060,"[0.537, 0.330, -0.948, 0.542, 0.244, -1.015]","[2.465, 2.808, 2.467, 2.531, 3.131, 2.487]","[-4.036, -4.816, -5.430, -3.915, -4.916, -5.243]"
606,1,-1.8013,-1.9101,0.268,385,1083,116,45,0.298,70,0.00,15487,1675.91,0,0,13.000(16.250%)(0.000m),26.000(22.941%)(0.643m),51.000(45.000%)(3.321m),37.000(32.647%)(1.821m),20.401(25.501%)(0.043m),10.000(25.000%)(0.000m),14.409(36.023%)(0.472m),238.143,3519.238,65.1,1.4056,"[-0.187, 0.282, -0.104, -0.391, 0.354, -0.085]","[2.284, 2.821, 2.312, 2.323, 3.160, 2.428]","[-5.181, -5.852, -6.284, -5.375, -5.338, -6.051]"
607,1,-8.2124,-2.0964,0.272,663,1767,95,219,0.297,85,0.00,15554,2972.31,0,0,10.164(12.706%)(0.000m),16.222(14.314%)(0.000m),29.843(26.332%)(1.055m),36.000(31.765%)(1.714m),24.545(30.682%)(0.487m),10.544(26.360%)(0.058m),17.441(43.601%)(0.797m),186.882,3171.248,61.7,1.4595,"[-0.208, -0.109, -0.237, -0.210, -0.035, -0.218]","[2.130, 2.559, 2.224, 2.175, 2.819, 2.370]","[-5.361, -5.923, -5.458, -5.429, -6.063, -5.049]"
608,1,-2.1400,-2.0528,0.292,178,459,17,0,0.297,40,0.00,15572,852.40,0,0,12.453(15.566%)(0.000m),24.996(22.055%)(0.535m),67.656(59.696%)(5.106m),67.000(59.118%)(5.036m),43.000(53.750%)(2.464m),9.966(24.916%)(0.000m),40.000(100.000%)(3.214m),1555.946,5231.647,59.7,1.2337,"[1.191, 1.233, 0.111, 1.079, 1.295, 0.097]","[2.424, 2.746, 2.194, 2.230, 3.051, 2.261]","[-6.283, -6.086, -5.886, -5.955, -5.704, -5.435]"
609,1,-3.1250,-2.0796,0.280,297,777,68,72,0.296,55,0.00,15602,1281.18,0,0,18.000(22.500%)(0.000m),38.000(33.530%)(1.929m),49.000(43.235%)(3.107m),20.604(18.180%)(0.065m),11.367(14.209%)(0.000m),13.000(32.500%)(0.321m),10.055(25.137%)(0.006m),734.590,4254.767,60.5,1.3956,"[0.132, 0.571, 0.266, 0.100, 0.563, 0.318]","[2.140, 2.778, 2.522, 2.150, 2.969, 2.608]","[-4.845, -5.668, -5.068, -4.672, -5.752, -4.830]"
610,1,-3.8990,-2.1411,0.299,492,1326,103,71,0.295,75,0.00,15652,2144.05,0,0,19.000(23.750%)(0.000m),40.000(35.294%)(2.143m),73.000(64.412%)(5.679m),34.743(30.656%)(1.580m),16.413(20.516%)(0.000m),17.000(42.500%)(0.750m),11.000(27.500%)(0.107m),1241.722,4590.487,62.4,1.2083,"[-0.125, 0.603, 0.336, -0.273, 0.669, 0.367]","[2.068, 2.598, 2.244, 2.105, 2.833, 2.332]","[-4.840, -3.984, -5.492, -4.971, -3.910, -5.135]"
611,1,-3.3315,-2.1841,0.243,173,443,20,0,0.295,40,0.00,15670,763.75,0,0,50.000(62.500%)(3.214m),57.000(50.294%)(3.964m),58.410(51.538%)(4.115m),22.072(19.475%)(0.222m),11.751(14.689%)(0.000m),40.000(100.000%)(3.214m),10.015(25.037%)(0.002m),1353.919,3900.207,59.2,1.1924,"[-0.096, 0.291, 0.575, -0.088, 0.358, 0.506]","[2.048, 2.715, 2.301, 2.202, 2.888, 2.300]","[-5.651, -6.068, -5.072, -5.796, -6.161, -5.018]"
612,1,0.1170,-2.0834,0.235,263,699,54,0,0.294,55,0.00,15697,1243.40,0,0,34.000(42.500%)(1.500m),46.000(40.588%)(2.786m),63.000(55.588%)(4.607m),28.013(24.718%)(0.859m),12.989(16.236%)(0.000m),29.000(72.500%)(2.036m),9.749(24.374%)(0.000m),883.966,3933.305,61.5,1.2294,"[0.294, 1.015, 0.984, 0.199, 1.162, 0.977]","[2.059, 2.690, 2.330, 2.050, 2.847, 2.421]","[-5.396, -5.480, -3.934, -5.138, -5.723, -3.830]"
613,1,-1.7661,-2.0294,0.324,207,530,16,0,0.294,45,0.00,15718,909.51,0,0,33.000(41.250%)(1.393m),56.000(49.412%)(3.857m),33.169(29.267%)(1.411m),17.169(15.149%)(0.000m),10.480(13.100%)(0.000m),40.000(100.000%)(3.214m),10.480(26.200%)(0.051m),1526.874,4403.371,59.3,1.2470,"[0.612, 0.858, 0.890, 0.579, 1.108, 0.857]","[2.382, 2.635, 2.464, 2.490, 2.982, 2.509]","[-5.567, -5.342, -4.920, -5.716, -5.440, -4.978]"
614,1,-3.8430,-2.0427,0.227,185,467,14,0,0.293,40,0.00,15737,781.83,0,0,47.000(58.750%)(2.893m),58.000(51.177%)(4.071m),60.968(53.796%)(4.389m),22.895(20.201%)(0.310m),11.884(14.854%)(0.000m),40.000(100.000%)(3.214m),9.878(24.694%)(0.000m),1234.788,4985.637,58.4,1.2066,"[-0.123, 0.407, 0.826, -0.148, 0.553, 0.776]","[2.340, 2.723, 2.324, 2.292, 3.039, 2.374]","[-5.289, -5.464, -4.158, -5.198, -5.721, -4.448]"
615,1,-0.2890,-2.0230,0.255,487,1315,89,65,0.293,75,0.00,15786,2100.93,0,0,17.789(22.236%)(0.000m),37.043(32.685%)(1.826m),65.000(57.353%)(4.821m),43.000(37.941%)(2.464m),18.000(22.500%)(0.000m),12.539(31.346%)(0.272m),10.000(25.000%)(0.000m),555.362,4685.787,62.5,1.2003,"[0.426, 0.320, -0.252, 0.378, 0.400, -0.265]","[2.343, 2.634, 2.314, 2.355, 2.843, 2.389]","[-4.758, -4.604, -5.585, -4.823, -4.671, -5.368]"
616,1,-2.0175,-2.0390,0.251,318,838,102,31,0.292,60,0.00,15818,1372.59,0,0,11.597(14.496%)(0.000m),21.518(18.986%)(0.163m),52.000(45.882%)(3.429m),37.000(32.647%)(1.821m),26.000(32.500%)(0.643m),10.007(25.017%)(0.001m),23.000(57.500%)(1.393m),379.949,3524.504,61.0,1.2611,"[0.618, 0.553, -0.090, 0.570, 0.681, -0.166]","[1.890, 2.523, 2.004, 1.950, 2.858, 2.196]","[-4.381, -5.353, -5.107, -4.300, -4.979, -4.823]"
617,1,-3.0691,-2.0296,0.245,192,488,16,0,0.291,45,0.00,15838,872.94,0,0,39.000(48.750%)(2.036m),52.000(45.882%)(3.429m),62.000(54.706%)(4.500m),26.981(23.807%)(0.748m),12.794(15.993%)(0.000m),40.000(100.000%)(3.214m),9.729(24.322%)(0.000m),1059.246,4779.325,58.8,1.2850,"[-0.305, 0.390, 0.914, -0.279, 0.392, 0.894]","[1.946, 2.678, 2.360, 2.044, 2.867, 2.453]","[-6.238, -4.994, -1.585, -5.924, -5.132, -1.550]"
618,1,-2.1526,-1.9572,0.258,161,418,15,0,0.291,40,0.00,15855,740.55,0,0,48.000(60.000%)(3.000m),55.000(48.530%)(3.750m),65.000(57.353%)(4.821m),26.574(23.448%)(0.704m),12.681(15.851%)(0.000m),40.000(100.000%)(3.214m),9.768(24.419%)(0.000m),1297.871,4692.394,60.1,1.1778,"[-0.341, 0.008, 0.547, -0.348, 0.048, 0.598]","[2.163, 2.762, 2.264, 2.330, 2.966, 2.495]","[-5.506, -5.334, -2.754, -5.228, -5.417, -2.577]"
619,1,-1.1899,-1.9345,0.305,364,1029,0,69,0.290,70,0.00,15892,1607.11,0,0,23.000(28.750%)(0.321m),33.000(29.118%)(1.393m),66.000(58.235%)(4.929m),23.000(20.294%)(0.321m),12.000(15.000%)(0.000m),21.000(52.500%)(1.179m),22.704(56.759%)(1.361m),206.810,4268.090,65.4,1.5221,"[-0.234, 0.280, 0.175, -0.398, 0.343, 0.133]","[2.425, 2.564, 2.086, 2.616, 2.945, 2.073]","[-6.939, -6.082, -4.364, -6.117, -6.337, -4.380]"
620,1,-4.9568,-2.0359,0.254,481,1260,197,59,0.290,70,0.00,15941,2037.65,0,0,16.447(20.558%)(0.000m),26.000(22.941%)(0.643m),30.000(26.471%)(1.071m),27.000(23.824%)(0.750m),13.000(16.250%)(0.000m),11.555(28.888%)(0.167m),26.000(65.000%)(1.714m),128.813,3591.601,60.6,1.1476,"[0.405, 0.372, 0.040, 0.484, 0.378, -0.069]","[2.249, 2.890, 2.749, 2.467, 3.055, 2.845]","[-6.843, -5.473, -5.724, -5.723, -5.855, -5.099]"
621,1,-1.4542,-2.0935,0.368,267,734,22,26,0.289,55,0.00,15968,1225.40,0,0,10.446(13.057%)(0.000m),17.598(15.527%)(0.000m),35.969(31.738%)(1.711m),42.000(37.059%)(2.357m),25.000(31.250%)(0.536m),10.070(25.174%)(0.007m),24.000(60.000%)(1.500m),401.781,3606.296,63.6,1.3075,"[1.250, 1.462, 0.817, 1.201, 1.552, 0.822]","[2.637, 3.161, 2.704, 2.676, 3.349, 2.790]","[-4.793, -5.200, -5.313, -5.236, -5.030, -5.272]"
622,1,-3.9356,-2.1151,0.262,122,318,18,0,0.288,35,0.00,15981,567.55,0,0,10.017(12.522%)(0.000m),15.125(13.345%)(0.000m),25.365(22.381%)(0.575m),77.000(67.941%)(6.107m),66.000(82.500%)(4.929m),11.325(28.312%)(0.142m),40.000(100.000%)(3.214m),1792.128,4606.101,60.3,1.3758,"[1.018, 0.901, 0.418, 0.874, 1.064, 0.468]","[2.711, 3.336, 3.027, 2.725, 3.597, 3.186]","[-5.695, -5.022, -5.722, -6.548, -4.966, -5.754]"
623,1,-4.0004,-2.2042,0.272,214,579,17,5,0.288,50,0.00,16003,950.26,0,0,31.000(38.750%)(1.179m),49.000(43.235%)(3.107m),61.170(53.974%)(4.411m),22.722(20.049%)(0.292m),11.947(14.933%)(0.000m),27.000(67.500%)(1.821m),10.055(25.138%)(0.006m),896.569,3629.113,62.6,1.4792,"[0.682, 1.277, 1.408, 0.631, 1.479, 1.423]","[2.825, 3.189, 2.788, 2.966, 3.522, 2.973]","[-5.105, -5.473, -4.887, -5.251, -5.563, -4.999]"
624,1,-2.1800,-2.1965,0.240,145,395,5,19,0.287,40,0.00,16018,668.99,0,0,23.000(28.750%)(0.321m),26.000(22.941%)(0.643m),50.000(44.118%)(3.214m),76.710(67.685%)(6.076m),42.320(52.900%)(2.391m),40.000(100.000%)(3.214m),37.434(93.585%)(2.939m),36.444,2102.696,63.0,1.3114,"[1.028, 0.926, 0.625, 0.946, 1.083, 0.564]","[2.669, 3.317, 3.001, 2.900, 3.710, 3.115]","[-2.198, -2.982, -4.030, -2.835, -2.962, -3.773]"
625,1,0.1752,-2.1952,0.309,959,2551,158,125,0.287,95,0.00,16114,4317.67,0,0,28.000(35.000%)(0.857m),43.000(37.941%)(2.464m),58.000(51.177%)(4.071m),28.000(24.706%)(0.857m),15.442(19.302%)(0.000m),18.000(45.000%)(0.857m),10.833(27.083%)(0.089m),0.000,4942.380,61.6,1.2616,"[0.483, 1.101, 1.095, 0.421, 1.232, 1.131]","[2.856, 3.385, 3.107, 3.071, 3.644, 3.215]","[-5.384, -5.502, -3.796, -5.061, -6.197, -3.970]"
626,1,-0.3818,-2.1810,0.287,336,956,154,14,0.286,65,0.00,16148,1415.83,0,0,33.000(41.250%)(1.393m),49.000(43.235%)(3.107m),33.000(29.118%)(1.393m),24.000(21.177%)(0.429m),19.842(24.802%)(0.000m),27.000(67.500%)(1.821m),13.987(34.968%)(0.427m),0.000,2833.809,65.8,1.1870,"[-0.049, 1.002, 1.023, -0.141, 1.164, 0.975]","[3.068, 3.229, 2.744, 3.111, 3.602, 2.827]","[-6.357, -5.637, -4.454, -5.811, -6.056, -4.832]"
627,1,-0.5638,-2.1395,0.246,249,639,26,17,0.286,50,0.00,16173,1075.33,0,0,12.452(15.565%)(0.000m),25.744(22.715%)(0.615m),67.000(59.118%)(5.036m),43.000(37.941%)(2.464m),29.000(36.250%)(0.964m),9.715(24.288%)(0.000m),29.000(72.500%)(2.036m),885.361,4525.615,59.3,1.0984,"[1.328, 1.195, 0.648, 1.282, 1.344, 0.628]","[2.777, 3.365, 2.717, 2.776, 3.551, 2.803]","[-5.374, -5.308, -4.863, -4.671, -4.399, -4.721]"
628,1,-0.7418,-2.1331,0.308,474,1254,122,61,0.285,75,0.00,16221,2016.73,0,0,19.597(24.496%)(0.000m),39.000(34.412%)(2.036m),53.000(46.765%)(3.536m),29.000(25.588%)(0.964m),14.000(17.500%)(0.000m),13.796(34.491%)(0.407m),10.000(25.000%)(0.000m),430.059,4088.595,61.2,1.1739,"[0.747, 0.983, 0.461, 0.742, 0.996, 0.330]","[2.681, 3.096, 2.583, 2.658, 3.269, 2.703]","[-7.136, -4.781, -5.182, -6.298, -5.035, -5.306]"
629,1,-0.2432,-2.0874,0.251,225,625,25,22,0.284,50,0.00,16244,974.19,0,0,12.097(15.122%)(0.000m),23.307(20.565%)(0.354m),53.000(46.765%)(3.536m),39.000(34.412%)(2.036m),26.000(32.500%)(0.643m),10.055(25.138%)(0.006m),26.000(65.000%)(1.714m),309.167,3214.387,64.2,1.2092,"[1.029, 1.092, 0.574, 0.987, 1.215, 0.538]","[2.081, 2.813, 2.447, 2.150, 3.059, 2.694]","[-5.520, -5.920, -5.447, -5.180, -5.668, -5.326]"
630,1,-0.5041,-2.0590,0.289,369,1054,68,40,0.284,70,0.00,16281,1572.29,0,0,10.000(12.500%)(0.000m),15.000(13.235%)(0.000m),25.000(22.059%)(0.536m),31.000(27.353%)(1.179m),19.783(24.728%)(0.000m),24.000(60.000%)(1.500m),13.943(34.856%)(0.422m),26.779,2991.126,66.1,1.3026,"[-0.042, 0.591, 0.556, -0.163, 0.674, 0.600]","[2.233, 2.869, 2.523, 2.243, 3.086, 2.591]","[-9.882, -8.426, -7.641, -9.590, -8.474, -7.664]"
631,1,-0.1996,-1.9457,0.345,246,677,94,0,0.283,55,0.00,16306,1112.65,0,0,41.000(51.250%)(2.250m),51.000(45.000%)(3.321m),61.000(53.824%)(4.393m),26.229(23.143%)(0.667m),12.686(15.858%)(0.000m),30.000(75.000%)(2.143m),9.898(24.745%)(0.000m),771.407,3869.918,63.7,1.2186,"[-0.404, 0.978, 0.935, -0.504, 1.018, 0.965]","[2.555, 3.087, 2.533, 2.793, 3.341, 2.694]","[-5.606, -5.271, -4.167, -5.597, -5.710, -3.780]"
632,1,-2.8833,-1.9716,0.235,236,593,43,26,0.283,50,0.00,16330,1041.15,0,0,28.000(35.000%)(0.857m),33.000(29.118%)(1.393m),32.254(28.459%)(1.313m),16.696(14.732%)(0.000m),10.191(12.739%)(0.000m),40.000(100.000%)(3.214m),10.191(25.477%)(0.020m),517.330,3787.136,58.1,1.1561,"[0.506, 1.024, 1.012, 0.518, 1.178, 0.976]","[2.191, 3.072, 2.704, 2.372, 3.176, 2.672]","[-5.118, -4.359, -4.657, -5.184, -4.160, -4.859]"
633,1,-1.2352,-2.0003,0.321,950,2584,226,217,0.282,95,0.00,16425,4290.98,0,0,22.000(27.500%)(0.214m),40.000(35.294%)(2.143m),33.000(29.118%)(1.393m),28.000(24.706%)(0.857m),10.000(12.500%)(0.000m),17.000(42.500%)(0.750m),11.000(27.500%)(0.107m),273.442,3567.640,62.9,1.3190,"[0.171, 0.510, 0.198, 0.042, 0.595, 0.229]","[2.616, 2.777, 2.433, 2.574, 3.137, 2.421]","[-6.008, -3.882, -5.263, -5.985, -4.200, -4.742]"
634,1,-0.7348,-1.9731,0.244,476,1287,68,58,0.282,75,0.00,16473,2152.74,0,0,22.475(28.094%)(0.265m),45.271(39.945%)(2.708m),100.000(88.236%)(8.571m),52.000(45.882%)(3.429m),28.000(35.000%)(0.857m),15.957(39.893%)(0.638m),11.000(27.500%)(0.107m),1840.756,5327.178,62.6,1.3543,"[0.877, 1.105, 0.768, 0.764, 1.214, 0.719]","[2.529, 3.096, 2.708, 2.461, 3.364, 2.550]","[-4.200, -4.035, -5.049, -4.218, -4.009, -5.150]"
635,1,-0.5684,-1.9917,0.242,775,2187,278,119,0.281,95,0.00,16551,3389.89,0,0,22.845(28.556%)(0.305m),34.000(30.000%)(1.500m),22.000(19.412%)(0.214m),20.000(17.647%)(0.000m),16.321(20.401%)(0.000m),16.206(40.514%)(0.665m),11.435(28.588%)(0.154m),0.000,3882.882,65.3,1.2645,"[0.109, 0.696, 0.442, 0.067, 0.862, 0.423]","[2.312, 2.971, 2.697, 2.337, 3.240, 2.742]","[-7.050, -7.256, -5.185, -6.515, -7.692, -5.226]"
636,1,-1.1525,-1.9697,0.264,361,1004,189,11,0.280,65,0.00,16588,1517.84,0,0,39.000(48.750%)(2.036m),52.000(45.882%)(3.429m),34.000(30.000%)(1.500m),20.000(17.647%)(0.000m),17.282(21.603%)(0.000m),29.000(72.500%)(2.036m),12.136(30.341%)(0.229m),0.000,2997.083,64.4,1.1990,"[-0.579, 0.392, 0.352, -0.735, 0.445, 0.472]","[2.179, 2.674, 2.245, 2.273, 2.828, 2.473]","[-6.422, -6.926, -6.055, -5.863, -7.352, -5.822]"
637,1,-1.5311,-1.9559,0.219,195,495,18,0,0.280,45,0.00,16608,855.14,0,0,44.000(55.000%)(2.571m),52.000(45.882%)(3.429m),66.000(58.235%)(4.929m),28.346(25.011%)(0.894m),13.151(16.439%)(0.000m),40.000(100.000%)(3.214m),9.617(24.042%)(0.000m),1191.188,4350.837,58.8,1.1376,"[0.139, 0.548, 1.076, 0.094, 0.623, 1.023]","[2.363, 2.791, 2.530, 2.301, 2.937, 2.531]","[-4.922, -4.809, -2.076, -4.792, -4.878, -1.937]"
638,1,-2.7985,-1.9765,0.290,185,484,19,6,0.279,45,0.00,16627,835.61,0,0,10.178(12.722%)(0.000m),16.674(14.712%)(0.000m),32.212(28.422%)(1.308m),44.000(38.824%)(2.571m),31.000(38.750%)(1.179m),10.178(25.444%)(0.019m),40.000(100.000%)(3.214m),616.882,3723.339,60.6,1.2285,"[0.772, 0.794, 0.392, 0.764, 0.949, 0.318]","[2.247, 2.731, 2.362, 2.358, 3.021, 2.331]","[-5.062, -5.008, -4.987, -5.564, -4.813, -4.909]"
639,1,-4.5520,-2.0491,0.290,651,1763,202,115,0.279,85,0.00,16693,2905.36,0,0,20.000(25.000%)(0.000m),20.000(17.647%)(0.000m),21.000(18.529%)(0.107m),29.000(25.588%)(0.964m),21.652(27.065%)(0.177m),14.000(35.000%)(0.429m),15.273(38.183%)(0.565m),0.000,2904.725,62.7,1.2860,"[0.218, 0.535, 0.256, 0.140, 0.587, 0.241]","[2.405, 2.887, 2.836, 2.384, 3.123, 2.695]","[-5.567, -5.434, -5.300, -5.402, -5.078, -5.117]"
640,1,-2.6228,-2.0692,0.282,454,1234,33,60,0.278,75,0.00,16739,2009.41,0,0,13.000(16.250%)(0.000m),35.000(30.882%)(1.607m),67.000(59.118%)(5.036m),47.000(41.471%)(2.893m),29.000(36.250%)(0.964m),10.000(25.000%)(0.000m),25.000(62.500%)(1.607m),416.342,4273.994,62.9,1.3808,"[0.733, 1.037, 0.401, 0.764, 1.047, 0.266]","[2.565, 3.005, 2.737, 2.525, 3.248, 2.767]","[-3.615, -1.759, -4.616, -3.652, -3.346, -4.913]"
641,1,-1.2224,-2.0866,0.272,224,613,15,16,0.278,50,0.00,16762,962.80,0,0,29.000(36.250%)(0.964m),50.000(44.118%)(3.214m),61.621(54.372%)(4.459m),22.705(20.034%)(0.290m),11.938(14.923%)(0.000m),24.000(60.000%)(1.500m),10.048(25.120%)(0.005m),692.752,3294.749,63.3,1.1670,"[0.350, 1.050, 1.070, 0.199, 1.185, 1.080]","[2.429, 2.925, 2.518, 2.521, 3.218, 2.514]","[-5.035, -5.567, -5.511, -4.989, -5.620, -5.045]"
642,1,-3.7237,-2.1358,0.293,382,1092,141,64,0.277,70,0.00,16801,1719.85,0,0,13.000(16.250%)(0.000m),50.000(44.118%)(3.214m),67.000(59.118%)(5.036m),38.253(33.753%)(1.956m),17.948(22.435%)(0.000m),10.000(25.000%)(0.000m),12.599(31.498%)(0.278m),271.637,3926.463,66.2,1.8663,"[-0.011, 0.960, 0.579, -0.154, 0.942, 0.637]","[2.303, 2.927, 2.626, 2.447, 3.294, 2.799]","[-5.078, -2.173, -5.471, -5.602, -3.088, -5.280]"
643,1,0.9919,-2.1516,0.304,470,1295,0,44,0.277,75,0.00,16848,2053.88,0,0,28.069(35.086%)(0.864m),51.000(45.000%)(3.321m),65.000(57.353%)(4.821m),51.000(45.000%)(3.321m),28.000(35.000%)(0.857m),19.990(49.976%)(1.070m),19.000(47.500%)(0.964m),783.723,3951.580,63.8,1.2264,"[1.003, 1.096, 0.962, 1.007, 1.245, 0.944]","[2.485, 3.086, 2.660, 2.809, 3.325, 2.694]","[-2.145, -2.097, -2.060, -2.412, -2.225, -1.453]"
644,1,-1.0106,-2.0992,0.262,196,505,13,0,0.276,45,0.00,16868,864.97,0,0,35.000(43.750%)(1.607m),48.000(42.353%)(3.000m),59.000(52.059%)(4.179m),23.662(20.879%)(0.392m),12.120(15.150%)(0.000m),40.000(100.000%)(3.214m),9.948(24.871%)(0.000m),605.524,3757.817,59.7,1.2545,"[0.446, 1.007, 1.080, 0.450, 1.042, 1.017]","[2.765, 3.186, 2.677, 2.907, 3.338, 2.720]","[-5.351, -6.095, -5.096, -4.925, -6.341, -5.285]"
645,1,-1.6413,-2.1249,0.318,192,491,20,0,0.275,45,0.00,16888,862.99,0,0,10.659(13.324%)(0.000m),17.463(15.408%)(0.000m),33.736(29.767%)(1.472m),46.000(40.588%)(2.786m),36.000(45.000%)(1.714m),10.659(26.648%)(0.071m),40.000(100.000%)(3.214m),669.901,3569.468,59.2,1.3416,"[0.971, 0.887, 0.676, 0.933, 0.954, 0.601]","[2.722, 3.157, 2.872, 2.737, 3.419, 2.831]","[-4.983, -5.091, -4.920, -4.997, -5.340, -4.946]"
646,1,-0.7231,-2.0805,0.239,287,767,89,0,0.275,55,0.00,16917,1321.75,0,0,13.563(16.954%)(0.000m),29.399(25.941%)(1.007m),71.000(62.647%)(5.464m),62.000(54.706%)(4.500m),36.000(45.000%)(1.714m),9.672(24.180%)(0.000m),26.000(65.000%)(1.714m),1186.581,4082.373,61.9,1.5450,"[1.151, 0.965, 0.108, 1.170, 1.057, 0.012]","[2.481, 3.085, 2.728, 2.531, 3.345, 2.762]","[-4.063, -5.335, -5.976, -3.794, -4.788, -5.658]"
647,1,-0.5665,-2.0652,0.264,466,1251,9,57,0.274,75,0.00,16964,2103.60,0,0,24.666(30.832%)(0.500m),37.000(32.647%)(1.821m),89.000(78.530%)(7.393m),19.000(16.765%)(0.000m),12.000(15.000%)(0.000m),17.455(43.636%)(0.799m),11.000(27.500%)(0.107m),1367.763,6442.670,62.1,1.1845,"[0.862, 1.001, 0.620, 0.808, 1.123, 0.541]","[1.997, 2.762, 2.660, 2.024, 2.989, 2.665]","[-7.004, -8.088, -6.475, -6.369, -8.810, -5.781]"
648,1,-4.6502,-2.1787,0.318,232,612,52,0,0.274,50,0.00,16988,1041.02,0,0,34.000(42.500%)(1.500m),42.000(37.059%)(2.357m),50.000(44.118%)(3.214m),25.961(22.907%)(0.639m),12.557(15.696%)(0.000m),31.000(77.500%)(2.250m),9.797(24.493%)(0.000m),931.879,3720.452,61.0,1.2971,"[-0.246, 0.830, 1.083, -0.364, 0.918, 1.051]","[2.613, 2.943, 2.439, 2.662, 3.256, 2.317]","[-5.211, -5.317, -3.325, -5.031, -5.734, -3.078]"
649,1,-1.0152,-2.1375,0.231,134,373,33,10,0.273,40,0.00,17002,637.47,0,0,53.933(67.417%)(3.636m),99.290(87.609%)(8.495m),29.000(25.588%)(0.964m),20.000(17.647%)(0.000m),23.000(28.750%)(0.321m),40.000(100.000%)(3.214m),40.000(100.000%)(3.214m),0.000,2139.224,64.5,1.9711,"[0.200, 0.282, 0.314, 0.086, 0.252, 0.333]","[2.379, 2.937, 2.717, 2.469, 3.167, 2.730]","[-5.067, -6.710, -8.018, -5.117, -7.573, -7.684]"
650,1,-0.4009,-2.0584,0.292,209,520,29,14,0.273,45,0.00,17023,928.95,0,0,24.000(30.000%)(0.429m),20.000(17.647%)(0.000m),46.000(40.588%)(2.786m),110.827(97.789%)(9.731m),52.781(65.976%)(3.512m),40.000(100.000%)(3.214m),40.000(100.000%)(3.214m),0.000,2793.866,57.5,1.2437,"[1.029, 1.020, 0.637, 0.998, 1.185, 0.610]","[2.838, 3.135, 2.790, 2.871, 3.457, 2.870]","[-5.646, -5.621, -5.781, -5.313, -5.120, -5.555]"
651,1,-2.8157,-2.0070,0.229,289,714,22,18,0.272,55,0.00,17052,1285.66,0,0,13.634(17.043%)(0.000m),29.136(25.708%)(0.979m),64.000(56.471%)(4.714m),52.000(45.882%)(3.429m),28.000(35.000%)(0.857m),9.596(23.990%)(0.000m),28.000(70.000%)(1.929m),1557.417,5382.870,57.2,1.1889,"[1.318, 1.284, 0.950, 1.377, 1.407, 0.858]","[2.935, 3.148, 2.749, 2.847, 3.236, 2.657]","[-2.348, -4.519, -5.072, -2.015, -4.406, -4.702]"
652,1,-0.6283,-1.9432,0.304,349,982,108,49,0.272,65,0.00,17087,1606.98,0,0,24.000(30.000%)(0.429m),39.000(34.412%)(2.036m),37.000(32.647%)(1.821m),28.000(24.706%)(0.857m),20.946(26.182%)(0.101m),25.000(62.500%)(1.607m),14.767(36.917%)(0.511m),3.194,2773.116,65.1,1.2985,"[-0.015, 0.576, 0.548, -0.064, 0.760, 0.578]","[2.328, 2.931, 2.663, 2.526, 3.252, 2.714]","[-5.642, -5.001, -2.251, -5.368, -5.379, -2.131]"
653,1,-1.5867,-1.9318,0.308,219,563,16,0,0.271,45,0.00,17109,983.05,0,0,35.000(43.750%)(1.607m),48.000(42.353%)(3.000m),33.464(29.527%)(1.443m),17.015(15.014%)(0.000m),10.292(12.865%)(0.000m),40.000(100.000%)(3.214m),10.167(25.417%)(0.018m),946.973,3885.989,59.4,1.3025,"[0.898, 1.304, 1.153, 0.781, 1.439, 1.113]","[2.620, 2.985, 2.428, 2.632, 3.237, 2.407]","[-4.873, -5.437, -5.860, -5.029, -5.533, -5.508]"
654,1,-2.2355,-1.9621,0.257,225,621,16,13,0.271,50,0.00,17132,967.80,0,0,12.003(15.004%)(0.000m),23.125(20.404%)(0.335m),61.000(53.824%)(4.393m),51.000(45.000%)(3.321m),30.000(37.500%)(1.071m),9.977(24.942%)(0.000m),23.000(57.500%)(1.393m),804.983,3575.816,63.8,1.1974,"[1.183, 1.193, 0.671, 1.215, 1.314, 0.634]","[2.714, 3.034, 2.594, 2.797, 3.262, 2.643]","[-6.024, -4.883, -5.111, -5.756, -4.544, -4.807]"
655,1,-1.0766,-1.9218,0.271,448,1223,111,67,0.270,75,0.00,17177,1969.49,0,0,27.000(33.750%)(0.750m),52.000(45.882%)(3.429m),84.000(74.118%)(6.857m),41.136(36.296%)(2.265m),11.000(13.750%)(0.000m),24.000(60.000%)(1.500m),11.000(27.500%)(0.107m),609.790,5034.613,63.2,1.2810,"[0.689, 1.124, 0.853, 0.488, 1.241, 0.873]","[2.681, 3.243, 2.869, 2.720, 3.403, 2.967]","[-4.757, -2.474, -3.717, -4.723, -2.629, -3.690]"
656,1,1.5838,-1.8541,0.267,992,2615,364,84,0.269,95,0.00,17277,4410.37,0,0,26.000(32.500%)(0.643m),23.000(20.294%)(0.321m),22.000(19.412%)(0.214m),27.547(24.307%)(0.809m),12.912(16.140%)(0.000m),24.000(60.000%)(1.500m),9.818(24.545%)(0.000m),42.796,4393.362,61.0,1.3351,"[0.195, 0.991, 0.834, 0.143, 1.084, 0.931]","[2.741, 3.261, 2.797, 2.693, 3.430, 2.945]","[-5.604, -5.512, -6.794, -5.387, -6.449, -5.958]"
657,1,-1.3758,-1.7173,0.235,224,575,30,0,0.269,50,0.00,17300,985.48,0,0,11.752(14.690%)(0.000m),22.351(19.722%)(0.252m),59.458(52.463%)(4.228m),49.000(43.235%)(3.107m),37.000(46.250%)(1.821m),9.891(24.728%)(0.000m),40.000(100.000%)(3.214m),799.107,4148.711,59.4,1.3418,"[1.502, 1.240, 0.395, 1.435, 1.256, 0.387]","[2.689, 3.176, 2.732, 2.677, 3.309, 2.919]","[-4.913, -5.709, -4.972, -4.574, -5.836, -5.066]"
658,1,-1.6298,-1.7071,0.320,301,886,85,45,0.268,65,0.00,17331,1298.31,0,0,21.000(26.250%)(0.107m),31.000(27.353%)(1.179m),22.000(19.412%)(0.214m),20.000(17.647%)(0.000m),20.144(25.180%)(0.015m),21.000(52.500%)(1.179m),14.187(35.468%)(0.449m),0.000,2302.830,68.1,1.2646,"[-0.316, 0.422, 0.357, -0.529, 0.530, 0.248]","[2.462, 3.080, 2.676, 2.446, 3.246, 2.752]","[-6.447, -7.496, -6.100, -5.899, -7.767, -6.260]"
659,1,-6.0015,-1.7647,0.260,443,1219,185,85,0.268,75,0.00,17376,1989.33,0,0,14.000(17.500%)(0.000m),36.000(31.765%)(1.714m),47.000(41.471%)(2.893m),33.000(29.118%)(1.393m),17.843(22.304%)(0.000m),10.000(25.000%)(0.000m),12.544(31.361%)(0.273m),103.882,3641.266,63.7,1.4025,"[-0.220, 0.221, -0.281, -0.414, 0.146, -0.258]","[2.554, 3.067, 2.696, 2.646, 3.323, 2.725]","[-5.195, -5.552, -5.702, -5.167, -5.915, -5.520]"
660,1,-1.9210,-1.7251,0.314,385,1051,97,10,0.267,70,0.00,17415,1649.66,0,0,36.000(45.000%)(1.714m),20.000(17.647%)(0.000m),20.000(17.647%)(0.000m),21.000(18.529%)(0.107m),21.556(26.945%)(0.167m),26.000(65.000%)(1.714m),15.232(38.079%)(0.561m),0.000,3308.634,63.2,1.3284,"[-0.041, 0.771, 0.514, -0.116, 0.844, 0.547]","[2.187, 3.060, 2.604, 2.239, 3.273, 2.699]","[-5.502, -5.506, -7.020, -5.358, -6.103, -6.717]"
661,1,-0.1634,-1.6617,0.203,199,535,15,0,0.267,45,0.00,17435,883.06,0,0,12.227(15.283%)(0.000m),24.902(21.972%)(0.525m),62.000(54.706%)(4.500m),51.000(45.000%)(3.321m),33.000(41.250%)(1.393m),9.662(24.155%)(0.000m),31.000(77.500%)(2.250m),864.124,3582.125,62.2,1.3630,"[1.030, 0.932, 0.380, 1.052, 1.075, 0.305]","[2.343, 2.907, 2.417, 2.629, 3.102, 2.465]","[-5.108, -5.903, -4.759, -4.815, -5.183, -4.951]"
662,1,-2.9819,-1.7237,0.251,557,1497,245,110,0.266,80,0.00,17491,2460.97,0,0,9.396(11.745%)(0.000m),12.700(11.206%)(0.000m),18.321(16.166%)(0.000m),37.448(33.042%)(1.869m),22.000(27.500%)(0.214m),12.423(31.058%)(0.260m),16.000(40.000%)(0.643m),380.396,4168.809,62.2,1.2102,"[0.419, 0.458, -0.043, 0.342, 0.607, 0.023]","[2.980, 2.885, 2.330, 2.933, 3.157, 2.453]","[-5.667, -6.023, -6.055, -6.021, -6.112, -5.271]"
663,1,0.6613,-1.6752,0.328,313,838,105,2,0.266,60,0.00,17523,1410.77,0,0,33.000(41.250%)(1.393m),42.000(37.059%)(2.357m),66.000(58.235%)(4.929m),27.786(24.517%)(0.834m),12.920(16.150%)(0.000m),29.000(72.500%)(2.036m),9.698(24.245%)(0.000m),863.014,3796.833,61.9,1.2587,"[0.385, 0.983, 0.688, 0.134, 1.027, 0.690]","[1.825, 2.581, 2.218, 1.959, 2.749, 2.249]","[-5.085, -5.958, -4.662, -5.352, -6.198, -4.312]"
664,1,5.9463,-1.4794,0.255,569,1596,69,31,0.265,85,0.00,17580,2518.67,0,0,32.000(40.000%)(1.286m),20.000(17.647%)(0.000m),20.000(17.647%)(0.000m),21.000(18.529%)(0.107m),23.779(29.723%)(0.405m),22.000(55.000%)(1.286m),16.818(42.045%)(0.730m),0.000,3127.351,64.9,1.2842,"[0.101, 0.433, 0.125, -0.105, 0.395, 0.094]","[2.190, 2.674, 2.217, 2.303, 2.867, 2.239]","[-6.029, -5.643, -5.187, -6.757, -5.788, -5.080]"
665,1,0.0866,-1.4719,0.235,226,608,14,25,0.265,50,0.00,17603,1026.04,0,0,24.000(30.000%)(0.429m),45.000(39.706%)(2.679m),62.000(54.706%)(4.500m),23.601(20.825%)(0.386m),12.089(15.111%)(0.000m),23.000(57.500%)(1.393m),9.923(24.807%)(0.000m),474.910,3439.055,62.3,1.3438,"[0.344, 0.844, 0.775, 0.268, 1.021, 0.699]","[2.395, 2.636, 2.195, 2.568, 3.002, 2.225]","[-5.203, -5.986, -5.232, -5.443, -6.118, -5.241]"
666,1,-2.3471,-1.4785,0.271,454,1204,149,28,0.264,70,0.00,17649,2089.55,0,0,12.000(15.000%)(0.000m),23.000(20.294%)(0.321m),51.000(45.000%)(3.321m),40.000(35.294%)(2.143m),19.808(24.760%)(0.000m),30.000(75.000%)(2.143m),14.022(35.055%)(0.431m),626.931,4599.175,61.4,1.3276,"[0.294, 0.710, 0.345, 0.190, 0.828, 0.454]","[2.457, 2.905, 2.609, 2.404, 3.127, 2.631]","[-5.616, -6.632, -6.563, -5.446, -5.850, -5.709]"
667,1,-4.8455,-1.5140,0.226,549,1429,79,114,0.264,75,0.00,17704,2478.62,0,0,10.000(12.500%)(0.000m),32.334(28.530%)(1.322m),55.000(48.530%)(3.750m),43.000(37.941%)(2.464m),23.000(28.750%)(0.321m),10.693(26.733%)(0.074m),21.000(52.500%)(1.179m),718.443,4616.156,60.3,1.5288,"[0.385, 0.808, 0.780, 0.461, 0.966, 0.765]","[2.037, 2.792, 2.461, 2.186, 3.054, 2.477]","[-4.803, -4.367, -4.512, -4.583, -4.166, -4.462]"
668,1,0.2504,-1.4659,0.293,499,1328,109,56,0.263,75,0.00,17754,2182.74,0,0,23.000(28.750%)(0.321m),46.000(40.588%)(2.786m),70.000(61.765%)(5.357m),36.493(32.200%)(1.767m),10.000(12.500%)(0.000m),22.000(55.000%)(1.286m),11.000(27.500%)(0.107m),906.965,4561.390,61.6,1.3565,"[0.612, 1.111, 0.795, 0.467, 1.229, 0.871]","[2.611, 2.889, 2.643, 2.631, 3.138, 2.699]","[-4.499, -1.651, -4.266, -4.663, -2.077, -4.147]"
669,1,-2.4479,-1.4911,0.342,176,445,19,0,0.263,40,0.00,17772,771.97,0,0,48.000(60.000%)(3.000m),57.000(50.294%)(3.964m),63.034(55.619%)(4.611m),23.622(20.843%)(0.388m),12.100(15.124%)(0.000m),40.000(100.000%)(3.214m),9.932(24.829%)(0.000m),1765.020,5364.776,58.5,1.3237,"[-0.289, 0.653, 1.385, -0.315, 0.756, 1.247]","[2.725, 3.183, 2.713, 2.814, 3.457, 2.721]","[-6.049, -5.709, -4.115, -5.829, -5.749, -4.636]"
670,1,-1.7123,-1.4262,0.292,255,627,28,0,0.262,50,0.00,17798,1126.19,0,0,35.000(43.750%)(1.607m),66.000(58.235%)(4.929m),39.739(35.064%)(2.115m),18.627(16.436%)(0.000m),10.841(13.552%)(0.000m),40.000(100.000%)(3.214m),10.198(25.496%)(0.021m),2050.886,6534.123,56.9,1.2657,"[0.801, 1.645, 1.666, 0.562, 1.777, 1.686]","[3.211, 3.230, 2.920, 2.842, 3.328, 2.981]","[-5.897, -5.736, -4.756, -5.740, -5.542, -4.941]"
671,1,-0.4368,-1.4059,0.319,313,810,146,0,0.261,60,0.00,17830,1313.60,0,0,41.000(51.250%)(2.250m),54.000(47.647%)(3.643m),63.000(55.588%)(4.607m),27.638(24.387%)(0.818m),12.899(16.124%)(0.000m),29.000(72.500%)(2.036m),9.682(24.206%)(0.000m),953.532,4905.878,59.9,1.2757,"[-0.441, 0.953, 1.411, -0.531, 1.035, 1.493]","[2.502, 3.104, 3.032, 2.492, 3.309, 3.024]","[-6.587, -6.252, -5.187, -6.465, -6.630, -4.845]"
672,1,-1.8767,-1.3647,0.299,382,1044,150,10,0.261,70,0.00,17869,1587.14,0,0,33.000(41.250%)(1.393m),49.000(43.235%)(3.107m),31.000(27.353%)(1.179m),20.000(17.647%)(0.000m),17.636(22.045%)(0.000m),28.000(70.000%)(1.929m),12.398(30.996%)(0.257m),0.000,3543.206,63.2,1.1930,"[-0.026, 0.769, 0.822, -0.035, 0.925, 0.878]","[2.497, 3.292, 2.743, 2.875, 3.565, 2.866]","[-6.724, -7.046, -5.338, -6.338, -7.176, -5.510]"
673,1,-4.3511,-1.3717,0.209,237,614,19,37,0.260,50,0.00,17893,1000.18,0,0,12.437(15.546%)(0.000m),25.712(22.688%)(0.612m),63.000(55.588%)(4.607m),43.000(37.941%)(2.464m),22.000(27.500%)(0.214m),9.703(24.258%)(0.000m),25.000(62.500%)(1.607m),791.279,4246.079,60.0,1.2171,"[0.659, 0.730, 0.556, 0.694, 0.941, 0.522]","[2.394, 2.951, 2.391, 2.437, 3.172, 2.435]","[-4.776, -5.279, -5.694, -4.370, -4.770, -5.186]"
674,1,0.7440,-1.3132,0.275,310,904,110,50,0.260,65,0.00,17924,1300.62,0,0,21.000(26.250%)(0.107m),21.000(18.529%)(0.107m),29.000(25.588%)(0.964m),43.000(37.941%)(2.464m),23.000(28.750%)(0.321m),15.832(39.581%)(0.625m),20.000(50.000%)(1.071m),0.000,2383.367,67.5,1.2951,"[0.684, 0.712, 0.095, 0.569, 0.754, -0.013]","[2.658, 3.056, 2.647, 2.887, 3.247, 2.767]","[-4.632, -5.414, -6.728, -4.659, -5.156, -6.016]"
675,1,-2.0313,-1.3573,0.236,376,1076,52,63,0.259,70,0.00,17962,1622.76,0,0,12.000(15.000%)(0.000m),21.000(18.529%)(0.107m),54.000(47.647%)(3.643m),38.000(33.530%)(1.929m),20.665(25.831%)(0.071m),10.000(25.000%)(0.000m),14.603(36.509%)(0.493m),249.365,3039.287,66.2,1.2545,"[0.464, 0.807, 0.561, 0.307, 0.874, 0.530]","[2.407, 2.851, 2.374, 2.455, 3.118, 2.548]","[-4.486, -3.908, -4.677, -4.371, -4.116, -4.570]"
676,1,-1.5303,-1.3803,0.308,243,660,8,84,0.259,55,0.00,17987,1096.19,0,0,32.178(40.223%)(1.305m),66.697(58.851%)(5.003m),63.000(55.588%)(4.607m),44.000(38.824%)(2.571m),26.000(32.500%)(0.643m),22.936(57.341%)(1.386m),13.000(32.500%)(0.321m),637.792,3365.963,62.9,1.2391,"[1.224, 1.623, 1.691, 1.303, 1.778, 1.705]","[2.724, 3.322, 2.834, 2.939, 3.556, 2.787]","[-3.156, -1.536, -1.172, -3.009, -1.223, 0.049]"
677,1,-0.1855,-1.3728,0.243,304,892,114,42,0.258,65,0.00,18018,1286.31,0,0,22.000(27.500%)(0.214m),21.000(18.529%)(0.107m),20.000(17.647%)(0.000m),20.000(17.647%)(0.000m),15.092(18.865%)(0.000m),21.000(52.500%)(1.179m),10.563(26.408%)(0.060m),0.000,2440.870,67.9,1.4042,"[0.076, 0.599, 0.556, -0.002, 0.702, 0.528]","[2.607, 3.222, 3.011, 2.878, 3.576, 3.053]","[-4.613, -5.531, -6.493, -4.627, -6.058, -5.777]"
678,1,-3.3281,-1.4245,0.331,397,1082,74,19,0.258,70,0.00,18058,1769.93,0,0,22.455(28.069%)(0.263m),46.817(41.310%)(2.873m),65.000(57.353%)(4.821m),25.000(22.059%)(0.536m),22.000(27.500%)(0.214m),15.864(39.661%)(0.628m),25.000(62.500%)(1.607m),1083.873,5010.026,63.1,1.3889,"[0.798, 0.976, 0.626, 0.861, 1.129, 0.463]","[2.709, 3.278, 2.803, 2.783, 3.430, 2.724]","[-5.964, -6.097, -4.924, -5.268, -5.942, -4.790]"
679,1,-2.3627,-1.4669,0.279,661,1780,131,91,0.257,85,0.00,18125,2934.32,0,0,30.000(37.500%)(1.071m),24.000(21.177%)(0.429m),29.000(25.588%)(0.964m),23.000(20.294%)(0.321m),19.971(24.964%)(0.000m),20.000(50.000%)(1.071m),14.104(35.261%)(0.440m),0.000,3406.450,62.3,1.2261,"[0.283, 0.997, 0.976, 0.243, 1.110, 0.945]","[2.689, 3.266, 2.944, 2.811, 3.454, 2.944]","[-4.694, -3.555, -3.541, -4.826, -3.600, -3.577]"
680,1,-1.5435,-1.4877,0.257,198,506,13,0,0.257,45,0.00,18145,939.92,0,0,37.000(46.250%)(1.821m),52.000(45.882%)(3.429m),65.328(57.642%)(4.857m),25.051(22.104%)(0.541m),12.480(15.600%)(0.000m),40.000(100.000%)(3.214m),9.988(24.971%)(0.000m),806.168,4206.542,59.2,1.1669,"[0.713, 1.101, 1.262, 0.729, 1.226, 1.292]","[2.620, 3.047, 2.863, 2.676, 3.229, 3.057]","[-5.918, -6.074, -4.198, -5.471, -6.472, -4.702]"
681,1,-2.1035,-1.5257,0.294,428,1134,200,45,0.256,70,0.00,18188,1777.74,0,0,19.159(23.948%)(0.000m),20.000(17.647%)(0.000m),20.000(17.647%)(0.000m),21.000(18.529%)(0.107m),26.000(32.500%)(0.643m),13.487(33.719%)(0.374m),27.000(67.500%)(1.821m),0.000,3946.955,61.3,1.2146,"[0.726, 0.854, 0.612, 0.665, 1.003, 0.472]","[2.514, 3.015, 2.753, 2.482, 3.342, 2.828]","[-4.592, -4.954, -4.678, -4.581, -5.054, -4.732]"
682,1,-2.6197,-1.5205,0.270,475,1287,154,89,0.256,75,0.00,18236,2051.62,0,0,17.000(21.250%)(0.000m),38.808(34.243%)(2.015m),62.000(54.706%)(4.500m),37.000(32.647%)(1.821m),18.000(22.500%)(0.000m),11.000(27.500%)(0.107m),21.000(52.500%)(1.179m),778.958,4581.895,62.7,1.2775,"[0.282, 0.668, 0.388, 0.299, 0.785, 0.198]","[2.604, 2.860, 2.416, 2.693, 3.100, 2.489]","[-5.578, -3.059, -4.578, -4.647, -3.208, -4.915]"
683,1,-5.3867,-1.6035,0.278,557,1464,87,167,0.255,75,0.00,18292,2471.50,0,0,19.000(23.750%)(0.000m),43.674(38.536%)(2.537m),64.000(56.471%)(4.714m),43.000(37.941%)(2.464m),22.000(27.500%)(0.214m),13.000(32.500%)(0.321m),17.000(42.500%)(0.750m),555.597,4528.873,60.8,1.2585,"[0.271, 0.598, 0.229, 0.248, 0.612, 0.073]","[2.528, 3.158, 2.692, 2.579, 3.292, 2.813]","[-5.097, -2.986, -4.869, -4.495, -3.099, -5.367]"
684,1,1.4962,-1.5589,0.310,303,822,40,0,0.255,60,0.00,18323,1346.48,0,0,10.952(13.690%)(0.000m),19.209(16.949%)(0.000m),42.990(37.932%)(2.463m),44.000(38.824%)(2.571m),34.000(42.500%)(1.500m),10.052(25.130%)(0.006m),27.000(67.500%)(1.821m),808.192,3634.136,62.8,1.3944,"[0.776, 0.823, 0.383, 0.766, 0.953, 0.264]","[2.224, 2.849, 2.542, 2.187, 3.039, 2.528]","[-4.942, -5.419, -4.854, -5.161, -5.649, -4.725]"
685,1,-2.3344,-1.5942,0.238,404,1077,138,10,0.254,70,0.00,18364,1807.87,0,0,16.421(20.527%)(0.000m),35.146(31.012%)(1.623m),18.362(16.202%)(0.000m),12.640(11.153%)(0.000m),9.298(11.622%)(0.000m),11.520(28.801%)(0.163m),12.883(32.208%)(0.309m),667.353,3998.838,61.7,1.3097,"[0.472, 0.541, -0.123, 0.415, 0.585, -0.213]","[2.228, 2.873, 2.611, 2.264, 3.054, 2.590]","[-5.448, -5.252, -7.862, -5.652, -5.511, -6.706]"
686,1,-2.4819,-1.6208,0.340,433,1195,82,58,0.254,75,0.00,18408,1909.10,0,0,16.313(20.392%)(0.000m),34.548(30.483%)(1.559m),55.000(48.530%)(3.750m),38.000(33.530%)(1.929m),13.000(16.250%)(0.000m),11.456(28.641%)(0.156m),11.000(27.500%)(0.107m),489.209,3209.786,63.9,1.3636,"[0.560, 0.564, 0.447, 0.510, 0.755, 0.287]","[1.999, 2.489, 2.296, 2.018, 2.676, 2.299]","[-4.997, -4.296, -4.629, -4.784, -4.310, -4.635]"
687,1,-0.8021,-1.6062,0.274,643,1745,52,148,0.253,85,0.00,18473,2894.12,0,0,23.573(29.467%)(0.383m),21.000(18.529%)(0.107m),39.000(34.412%)(2.036m),30.000(26.471%)(1.071m),25.000(31.250%)(0.536m),16.697(41.742%)(0.718m),19.000(47.500%)(0.964m),0.000,2824.801,62.8,1.2322,"[-0.190, 0.130, -0.198, -0.201, 0.286, -0.205]","[2.190, 2.600, 2.026, 2.429, 2.906, 2.097]","[-3.756, -2.425, -4.821, -4.084, -2.430, -4.598]"
688,1,0.3534,-1.5432,0.241,687,1832,214,118,0.253,85,0.00,18542,2999.76,0,0,23.000(28.750%)(0.321m),20.000(17.647%)(0.000m),20.000(17.647%)(0.000m),21.000(18.529%)(0.107m),19.665(24.581%)(0.000m),16.000(40.000%)(0.643m),13.885(34.711%)(0.416m),0.000,3806.088,61.7,1.2743,"[-0.286, 0.235, -0.075, -0.381, 0.249, 0.062]","[2.471, 2.887, 2.525, 2.332, 3.034, 2.533]","[-6.836, -5.639, -5.436, -6.447, -5.543, -5.627]"
689,1,-0.2721,-1.4576,0.249,370,1023,15,19,0.252,70,0.00,18579,1617.89,0,0,23.000(28.750%)(0.321m),23.000(20.294%)(0.321m),43.000(37.941%)(2.464m),47.000(41.471%)(2.893m),30.000(37.500%)(1.071m),17.942(44.856%)(0.851m),24.000(60.000%)(1.500m),0.000,3045.222,64.0,1.4269,"[0.639, 0.747, 0.457, 0.584, 0.835, 0.341]","[2.563, 3.151, 2.588, 2.542, 3.255, 2.653]","[-5.294, -5.245, -6.051, -5.172, -4.815, -5.339]"
690,1,-2.5183,-1.4555,0.296,207,517,16,0,0.252,45,0.00,18600,942.18,0,0,11.487(14.358%)(0.000m),20.821(18.371%)(0.088m),50.673(44.712%)(3.286m),45.000(39.706%)(2.679m),38.000(47.500%)(1.929m),10.161(25.401%)(0.017m),40.000(100.000%)(3.214m),1148.765,4578.761,57.8,1.1670,"[0.906, 0.758, 0.343, 0.807, 0.798, 0.258]","[2.438, 3.072, 2.799, 2.399, 3.201, 2.702]","[-5.691, -6.270, -5.446, -5.543, -6.304, -5.420]"
691,1,-1.5447,-1.4619,0.260,449,1251,54,128,0.251,75,0.00,18645,1962.38,0,0,26.000(32.500%)(0.643m),48.000(42.353%)(3.000m),77.000(67.941%)(6.107m),30.189(26.638%)(1.092m),13.901(17.376%)(0.000m),14.000(35.000%)(0.429m),9.726(24.316%)(0.000m),913.794,4201.742,64.5,1.2628,"[-0.118, 0.234, 0.227, -0.283, 0.337, 0.315]","[2.499, 2.924, 2.637, 2.400, 3.149, 2.669]","[-5.215, -4.742, -3.132, -5.125, -5.210, -2.963]"
692,1,-1.7628,-1.4227,0.305,187,491,13,9,0.251,45,0.00,18664,827.10,0,0,12.209(15.262%)(0.000m),24.165(21.322%)(0.446m),62.752(55.369%)(4.581m),44.000(38.824%)(2.571m),31.000(38.750%)(1.179m),9.896(24.740%)(0.000m),40.000(100.000%)(3.214m),874.069,4082.220,60.8,1.1112,"[0.730, 0.695, 0.404, 0.628, 0.843, 0.285]","[2.665, 2.994, 2.679, 2.651, 3.230, 2.710]","[-6.618, -6.021, -5.427, -6.255, -5.679, -5.601]"
693,1,-2.4305,-1.4912,0.246,417,1125,9,113,0.250,70,0.00,18706,1781.14,0,0,30.648(38.310%)(1.141m),38.000(33.530%)(1.929m),23.000(20.294%)(0.321m),15.000(13.235%)(0.000m),24.000(30.000%)(0.429m),21.811(54.527%)(1.265m),19.000(47.500%)(0.964m),574.385,4117.123,62.4,1.1925,"[0.611, 0.859, 0.590, 0.494, 0.979, 0.619]","[2.881, 3.198, 2.699, 2.896, 3.385, 2.741]","[-5.343, -7.005, -8.306, -5.270, -6.621, -8.177]"
694,1,-0.5046,-1.4810,0.285,388,1057,100,37,0.250,70,0.00,18745,1819.28,0,0,33.000(41.250%)(1.393m),58.000(51.177%)(4.071m),24.000(21.177%)(0.429m),20.000(17.647%)(0.000m),20.391(25.488%)(0.042m),21.000(52.500%)(1.179m),14.355(35.888%)(0.467m),0.000,4126.936,63.1,1.3278,"[0.113, 0.954, 0.786, -0.014, 1.034, 0.781]","[2.867, 3.076, 2.662, 2.732, 3.181, 2.715]","[-5.964, -6.331, -4.558, -5.159, -6.638, -4.515]"
695,1,-0.9384,-1.4670,0.324,739,1933,93,179,0.249,85,0.00,18819,3275.89,0,0,19.792(24.740%)(0.000m),20.000(17.647%)(0.000m),20.000(17.647%)(0.000m),21.000(18.529%)(0.107m),21.000(26.250%)(0.107m),13.977(34.942%)(0.426m),20.000(50.000%)(1.071m),0.000,4134.632,60.5,1.2581,"[0.431, 0.671, 0.444, 0.324, 0.692, 0.395]","[2.735, 3.225, 2.918, 2.930, 3.572, 2.943]","[-5.482, -5.404, -4.667, -5.717, -4.833, -4.806]"
696,1,-0.0506,-1.4535,0.256,343,928,132,38,0.249,65,0.00,18854,1463.45,0,0,13.535(16.918%)(0.000m),29.862(26.349%)(1.057m),47.000(41.471%)(2.893m),36.000(31.765%)(1.714m),23.000(28.750%)(0.321m),9.639(24.097%)(0.000m),23.000(57.500%)(1.393m),181.342,3224.047,62.6,1.3304,"[1.464, 1.343, 0.568, 1.447, 1.526, 0.526]","[3.016, 3.501, 2.890, 3.035, 3.723, 3.064]","[-1.299, -3.790, -4.514, -1.693, -3.317, -4.544]"
697,1,-2.2112,-1.4864,0.271,280,715,71,25,0.248,55,0.00,18882,1295.72,0,0,15.000(18.750%)(0.000m),57.000(50.294%)(3.964m),65.000(57.353%)(4.821m),31.309(27.625%)(1.212m),14.882(18.602%)(0.000m),10.000(25.000%)(0.000m),10.463(26.158%)(0.050m),1146.373,5454.916,59.1,1.6357,"[0.704, 1.367, 1.480, 0.631, 1.442, 1.510]","[3.161, 3.594, 3.248, 3.351, 3.904, 3.403]","[-5.481, -4.436, -4.482, -5.424, -4.685, -4.573]"
698,1,-2.2647,-1.4387,0.329,187,489,19,0,0.248,45,0.00,18901,826.29,0,0,38.000(47.500%)(1.929m),46.000(40.588%)(2.786m),58.990(52.050%)(4.177m),21.866(19.294%)(0.200m),11.642(14.552%)(0.000m),40.000(100.000%)(3.214m),9.922(24.804%)(0.000m),865.695,4687.660,60.5,1.2433,"[0.366, 1.358, 1.816, 0.285, 1.481, 1.726]","[3.172, 3.581, 3.416, 3.150, 3.860, 3.326]","[-6.522, -5.906, -5.499, -5.805, -6.138, -5.492]"
699,1,-2.5310,-1.4690,0.237,183,470,24,0,0.247,45,0.00,18920,804.83,0,0,41.000(51.250%)(2.250m),57.000(50.294%)(3.964m),57.420(50.665%)(4.009m),22.221(19.607%)(0.238m),11.831(14.788%)(0.000m),40.000(100.000%)(3.214m),10.083(25.206%)(0.009m),1332.131,4225.483,59.4,1.3797,"[1.062, 1.518, 1.512, 0.991, 1.606, 1.439]","[3.169, 3.594, 3.136, 3.250, 3.865, 3.190]","[-4.939, -4.914, -4.555, -4.718, -5.138, -4.791]"
700,1,2.5900,-1.4092,0.291,671,1799,135,117,0.247,85,0.00,18988,3008.15,0,0,17.068(21.336%)(0.000m),36.308(32.037%)(1.747m),50.000(44.118%)(3.214m),20.000(17.647%)(0.000m),25.000(31.250%)(0.536m),11.995(29.988%)(0.214m),23.000(57.500%)(1.393m),0.000,3406.733,62.0,1.2879,"[1.047, 1.268, 0.813, 1.001, 1.295, 0.771]","[3.010, 3.593, 3.291, 2.989, 3.789, 3.382]","[-3.521, -2.816, -3.761, -3.900, -2.898, -3.982]"
701,1,-2.7474,-1.4078,0.220,174,451,29,0,0.246,40,0.00,19006,748.07,0,0,37.000(46.250%)(1.821m),43.000(37.941%)(2.464m),34.642(30.567%)(1.569m),17.932(15.823%)(0.000m),10.946(13.682%)(0.000m),40.000(100.000%)(3.214m),10.946(27.364%)(0.101m),920.927,4344.023,59.9,1.1232,"[0.147, 0.763, 1.032, 0.122, 0.824, 1.026]","[2.418, 3.070, 2.735, 2.565, 3.285, 2.885]","[-5.289, -4.586, -4.899, -4.915, -4.843, -4.837]"
702,1,-1.2084,-1.4194,0.344,370,1071,52,37,0.246,70,0.00,19043,1624.78,0,0,12.000(15.000%)(0.000m),59.000(52.059%)(4.179m),70.000(61.765%)(5.357m),35.753(31.546%)(1.688m),16.728(20.910%)(0.000m),11.000(27.500%)(0.107m),11.741(29.352%)(0.186m),376.524,3228.584,67.0,1.3484,"[-0.124, 0.786, 0.639, -0.284, 0.773, 0.516]","[2.589, 3.107, 2.824, 2.695, 3.316, 2.836]","[-5.214, -2.353, -3.957, -5.426, -2.546, -3.949]"
703,1,3.1683,-1.3243,0.267,331,945,35,12,0.245,65,0.00,19077,1433.51,0,0,39.000(48.750%)(2.036m),57.000(50.294%)(3.964m),24.000(21.177%)(0.429m),20.000(17.647%)(0.000m),23.000(28.750%)(0.321m),27.000(67.500%)(1.821m),16.601(41.502%)(0.707m),0.000,3444.243,66.1,1.3828,"[-0.074, 0.518, 0.610, -0.314, 0.684, 0.602]","[2.575, 3.132, 2.589, 2.486, 3.379, 2.729]","[-5.920, -6.249, -3.727, -5.535, -6.535, -3.825]"
704,1,1.8620,-1.2424,0.279,407,1115,71,27,0.245,70,0.00,19118,1776.07,0,0,13.000(16.250%)(0.000m),13.000(11.471%)(0.000m),18.000(15.882%)(0.000m),34.000(30.000%)(1.500m),18.797(23.496%)(0.000m),26.000(65.000%)(1.714m),13.251(33.127%)(0.348m),163.806,3471.875,63.4,1.3760,"[0.052, 0.726, 0.631, -0.014, 0.893, 0.610]","[2.430, 3.067, 2.579, 2.524, 3.228, 2.668]","[-9.131, -6.939, -6.261, -8.815, -6.339, -5.453]"
705,1,-3.9940,-1.3007,0.243,153,410,13,0,0.244,40,0.00,19134,699.23,0,0,42.000(52.500%)(2.357m),44.807(39.536%)(2.658m),20.020(17.665%)(0.002m),13.481(11.895%)(0.000m),9.741(12.176%)(0.000m),40.000(100.000%)(3.214m),12.977(32.444%)(0.319m),658.107,3351.840,62.0,1.3538,"[0.677, 0.742, 0.666, 0.812, 0.819, 0.661]","[2.718, 3.137, 2.735, 2.921, 3.279, 2.762]","[-4.881, -6.039, -6.442, -4.501, -6.015, -6.257]"
706,1,-3.5054,-1.4025,0.217,398,1075,170,67,0.244,70,0.00,19174,1798.65,0,0,14.670(18.337%)(0.000m),20.000(17.647%)(0.000m),20.000(17.647%)(0.000m),22.000(19.412%)(0.214m),25.000(31.250%)(0.536m),10.284(25.710%)(0.030m),22.000(55.000%)(1.286m),0.000,2468.875,62.5,1.3896,"[0.533, 0.316, -0.099, 0.472, 0.377, -0.167]","[2.608, 3.201, 2.769, 2.813, 3.322, 2.767]","[-4.771, -5.292, -6.079, -4.517, -5.495, -5.634]"
707,1,-0.8935,-1.3929,0.270,367,1048,182,40,0.243,70,0.00,19211,1582.25,0,0,17.704(22.130%)(0.000m),30.000(26.471%)(1.071m),31.000(27.353%)(1.179m),17.000(15.000%)(0.000m),11.000(13.750%)(0.000m),12.490(31.226%)(0.267m),31.000(77.500%)(2.250m),72.023,3376.754,66.1,1.2199,"[0.291, 0.093, -0.732, 0.233, 0.181, -0.826]","[2.369, 2.956, 2.494, 2.540, 3.303, 2.567]","[-6.090, -6.937, -8.883, -4.974, -6.724, -8.434]"
708,1,-2.3723,-1.4077,0.293,355,1015,5,56,0.243,70,0.00,19247,1573.95,0,0,12.000(15.000%)(0.000m),20.000(17.647%)(0.000m),48.000(42.353%)(3.000m),33.000(29.118%)(1.393m),23.654(29.568%)(0.392m),21.000(52.500%)(1.179m),16.705(41.762%)(0.718m),148.184,3686.481,66.2,1.3392,"[0.105, 0.458, 0.432, 0.053, 0.627, 0.359]","[2.311, 2.931, 2.635, 2.320, 3.211, 2.661]","[-5.284, -5.395, -4.707, -5.124, -5.090, -4.225]"
709,1,-0.7730,-1.3032,0.258,291,868,143,9,0.242,65,0.00,19277,1226.60,0,0,34.000(42.500%)(1.500m),55.000(48.530%)(3.750m),35.000(30.882%)(1.607m),23.000(20.294%)(0.321m),20.648(25.810%)(0.069m),29.000(72.500%)(2.036m),14.543(36.356%)(0.487m),0.000,2530.125,69.0,1.2365,"[-0.481, 0.577, 0.483, -0.556, 0.623, 0.435]","[2.175, 2.957, 2.654, 2.451, 3.204, 2.726]","[-5.813, -7.346, -5.710, -5.342, -7.719, -5.890]"
710,1,-2.0578,-1.3059,0.279,335,954,87,10,0.242,65,0.00,19311,1441.31,0,0,37.000(46.250%)(1.821m),54.000(47.647%)(3.643m),29.000(25.588%)(0.964m),19.000(16.765%)(0.000m),17.724(22.156%)(0.000m),25.000(62.500%)(1.607m),12.440(31.100%)(0.261m),0.000,2971.549,65.9,1.2910,"[-0.131, 0.629, 0.758, -0.230, 0.751, 0.808]","[2.355, 3.054, 2.611, 2.545, 3.205, 2.792]","[-6.551, -7.203, -4.417, -5.869, -7.451, -4.579]"
711,1,0.2087,-1.2985,0.274,604,1668,156,38,0.241,85,0.00,19372,2637.83,0,0,35.000(43.750%)(1.607m),23.000(20.294%)(0.321m),26.000(22.941%)(0.643m),25.000(22.059%)(0.536m),18.137(22.672%)(0.000m),26.000(65.000%)(1.714m),12.731(31.827%)(0.293m),0.000,2856.256,63.9,1.2141,"[0.196, 0.624, 0.594, 0.122, 0.704, 0.565]","[2.692, 3.156, 2.662, 2.759, 3.402, 2.649]","[-7.795, -7.791, -7.591, -7.623, -8.051, -7.609]"
712,1,-1.9290,-1.2774,0.295,539,1410,173,50,0.241,75,0.00,19426,2330.53,0,0,16.655(20.819%)(0.000m),35.647(31.453%)(1.676m),50.000(44.118%)(3.214m),48.000(42.353%)(3.000m),29.000(36.250%)(0.964m),11.684(29.211%)(0.180m),11.000(27.500%)(0.107m),468.850,5227.720,60.6,1.2463,"[0.737, 0.989, 0.364, 0.720, 1.184, 0.232]","[2.946, 3.192, 2.753, 2.867, 3.424, 2.785]","[-5.721, -5.119, -5.698, -5.574, -5.119, -5.066]"
713,1,-3.5728,-1.3621,0.228,388,1057,93,14,0.240,70,0.00,19465,1715.41,0,0,17.731(22.164%)(0.000m),20.000(17.647%)(0.000m),24.000(21.177%)(0.429m),75.000(66.177%)(5.893m),35.000(43.750%)(1.607m),12.452(31.129%)(0.263m),25.000(62.500%)(1.607m),0.000,4226.968,63.0,1.1933,"[0.622, 0.534, 0.197, 0.665, 0.728, 0.085]","[2.485, 3.140, 2.592, 2.602, 3.392, 2.645]","[-4.592, -6.398, -6.094, -4.547, -6.009, -5.750]"
714,1,1.0668,-1.4597,0.242,416,1190,90,45,0.240,75,0.00,19507,1876.46,0,0,31.000(38.750%)(1.179m),42.000(37.059%)(2.357m),68.000(60.000%)(5.143m),44.604(39.356%)(2.636m),21.302(26.627%)(0.139m),26.000(65.000%)(1.714m),14.000(35.000%)(0.429m),1013.386,3501.874,66.2,1.2371,"[0.623, 0.953, 0.690, 0.542, 1.100, 0.792]","[2.578, 3.036, 2.513, 2.708, 3.293, 2.728]","[-3.493, -2.085, -3.103, -3.508, -2.012, -2.313]"
715,1,-1.1760,-1.4849,0.269,516,1363,121,149,0.239,75,0.00,19559,2216.03,0,0,23.000(28.750%)(0.321m),42.000(37.059%)(2.357m),50.000(44.118%)(3.214m),39.584(34.928%)(2.098m),11.000(13.750%)(0.000m),18.000(45.000%)(0.857m),11.000(27.500%)(0.107m),452.090,4238.317,61.1,1.2533,"[0.857, 1.097, 0.641, 0.818, 1.171, 0.657]","[2.584, 3.322, 2.840, 2.711, 3.461, 2.830]","[-3.766, -2.241, -4.936, -3.909, -2.842, -4.896]"
716,1,1.2687,-1.4126,0.276,630,1719,7,79,0.239,85,0.00,19622,2843.42,0,0,26.000(32.500%)(0.643m),39.000(34.412%)(2.036m),57.000(50.294%)(3.964m),21.000(18.529%)(0.107m),24.314(30.392%)(0.462m),24.000(60.000%)(1.500m),17.000(42.500%)(0.750m),0.000,3013.207,63.1,1.3922,"[0.544, 0.837, 0.542, 0.439, 0.927, 0.569]","[2.782, 3.271, 2.845, 2.779, 3.489, 2.803]","[-4.695, -3.789, -3.691, -4.697, -3.796, -3.335]"
717,1,-4.0178,-1.3960,0.236,172,453,23,0,0.238,40,0.00,19640,769.28,0,0,36.000(45.000%)(1.714m),48.000(42.353%)(3.000m),46.037(40.621%)(2.790m),20.039(17.681%)(0.004m),11.303(14.129%)(0.000m),40.000(100.000%)(3.214m),10.248(25.620%)(0.027m),634.405,3955.672,61.0,1.3179,"[0.119, 0.586, 1.072, 0.130, 0.756, 1.018]","[2.850, 3.265, 2.860, 2.955, 3.583, 2.972]","[-5.582, -5.825, -5.259, -5.055, -5.864, -5.031]"
718,1,0.7957,-1.3851,0.238,406,1091,205,10,0.238,70,0.00,19681,1785.06,0,0,16.369(20.461%)(0.000m),20.000(17.647%)(0.000m),20.000(17.647%)(0.000m),31.000(27.353%)(1.179m),32.000(40.000%)(1.286m),11.474(28.684%)(0.158m),29.000(72.500%)(2.036m),0.000,4288.081,62.2,1.4081,"[1.102, 1.202, 0.397, 1.129, 1.244, 0.173]","[2.693, 3.308, 2.966, 2.907, 3.625, 2.965]","[-5.331, -4.770, -5.615, -5.225, -5.390, -5.519]"
719,1,-3.2211,-1.4006,0.274,154,405,10,0,0.238,40,0.00,19697,683.82,0,0,50.000(62.500%)(3.214m),60.000(52.941%)(4.286m),60.927(53.760%)(4.385m),22.990(20.286%)(0.320m),12.088(15.110%)(0.000m),40.000(100.000%)(3.214m),10.174(25.435%)(0.019m),1213.007,3920.589,60.9,1.4377,"[0.217, 0.519, 0.748, 0.327, 0.617, 0.744]","[2.841, 3.176, 2.727, 2.925, 3.454, 2.880]","[-5.561, -5.884, -4.927, -4.994, -6.188, -4.939]"
720,1,-0.4006,-1.3744,0.247,460,1258,105,86,0.237,75,0.00,19743,2015.35,0,0,26.000(32.500%)(0.643m),44.000(38.824%)(2.571m),61.000(53.824%)(4.393m),39.469(34.826%)(2.086m),18.590(23.238%)(0.000m),19.000(47.500%)(0.964m),12.000(30.000%)(0.214m),551.224,4152.319,63.3,1.2446,"[0.404, 0.856, 0.481, 0.361, 0.917, 0.410]","[2.764, 3.429, 2.998, 2.837, 3.665, 3.161]","[-4.602, -4.135, -4.678, -4.295, -4.378, -4.288]"
721,1,-0.1040,-1.3677,0.301,284,763,98,0,0.237,55,0.00,19772,1210.74,0,0,13.070(16.338%)(0.000m),28.095(24.790%)(0.867m),69.000(60.883%)(5.250m),57.000(50.294%)(3.964m),38.000(47.500%)(1.929m),9.684(24.209%)(0.000m),29.000(72.500%)(2.036m),1076.838,4540.960,62.2,1.4385,"[1.711, 1.392, 0.254, 1.647, 1.662, 0.059]","[2.747, 3.340, 2.861, 2.747, 3.525, 2.930]","[-4.860, -5.225, -4.914, -4.364, -4.467, -5.033]"
722,1,-2.5559,-1.3813,0.413,503,1474,171,93,0.236,80,0.00,19823,2248.18,0,0,19.167(23.959%)(0.000m),21.000(18.529%)(0.107m),20.000(17.647%)(0.000m),40.000(35.294%)(2.143m),17.000(21.250%)(0.000m),13.508(33.769%)(0.376m),12.000(30.000%)(0.214m),0.000,2673.623,67.8,1.2243,"[0.333, 0.360, -0.162, 0.283, 0.469, -0.239]","[3.008, 3.367, 2.660, 2.998, 3.597, 3.006]","[-7.174, -7.360, -7.199, -6.590, -7.396, -7.358]"
723,1,-0.8981,-1.3122,0.325,581,1625,169,97,0.236,85,0.00,19882,2553.61,0,0,24.000(30.000%)(0.429m),20.000(17.647%)(0.000m),21.000(18.529%)(0.107m),24.000(21.177%)(0.429m),14.206(17.757%)(0.000m),16.000(40.000%)(0.643m),9.980(24.949%)(0.000m),0.000,3318.775,64.7,1.2821,"[-0.152, 0.372, 0.307, -0.181, 0.382, 0.212]","[2.932, 3.528, 2.966, 3.053, 3.671, 2.939]","[-6.771, -5.710, -6.048, -6.642, -6.404, -6.121]"
724,1,-4.5884,-1.4189,0.258,754,1964,256,136,0.235,85,0.00,19958,3310.43,0,0,14.371(17.964%)(0.000m),20.000(17.647%)(0.000m),20.000(17.647%)(0.000m),22.000(19.412%)(0.214m),28.000(35.000%)(0.857m),10.086(25.216%)(0.009m),22.000(55.000%)(1.286m),0.000,4177.422,60.3,1.2627,"[0.684, 0.711, 0.041, 0.727, 0.786, -0.055]","[2.794, 3.233, 2.956, 2.874, 3.389, 2.939]","[-7.432, -5.447, -5.485, -6.916, -5.405, -5.510]"
725,1,-3.8423,-1.4551,0.319,170,440,15,0,0.235,40,0.00,19975,754.99,0,0,43.000(53.750%)(2.464m),48.746(43.011%)(3.080m),20.029(17.673%)(0.003m),13.169(11.619%)(0.000m),9.340(11.675%)(0.000m),40.000(100.000%)(3.214m),11.971(29.927%)(0.211m),898.620,3496.351,59.9,1.2445,"[0.700, 0.797, 0.798, 0.698, 0.913, 0.707]","[2.860, 3.325, 2.939, 2.905, 3.484, 2.972]","[-5.400, -5.952, -5.893, -5.088, -5.882, -5.678]"
726,1,-2.8609,-1.4817,0.266,453,1220,69,81,0.234,70,0.00,20021,2023.64,0,0,11.000(13.750%)(0.000m),18.000(15.882%)(0.000m),56.000(49.412%)(3.857m),38.000(33.530%)(1.929m),19.000(23.750%)(0.000m),12.000(30.000%)(0.214m),23.000(57.500%)(1.393m),765.132,4358.343,62.3,1.3042,"[0.042, 0.308, 0.135, 0.078, 0.363, 0.126]","[2.711, 3.194, 2.606, 2.797, 3.427, 2.597]","[-6.983, -6.470, -6.461, -6.388, -6.199, -5.701]"
727,1,2.1014,-1.4360,0.282,712,1875,199,73,0.234,85,0.00,20093,3124.58,0,0,9.773(12.216%)(0.000m),14.980(13.218%)(0.000m),25.730(22.703%)(0.614m),27.000(23.824%)(0.750m),26.000(32.500%)(0.643m),10.048(25.121%)(0.005m),22.000(55.000%)(1.286m),283.424,3699.922,61.0,1.3067,"[0.637, 0.846, 0.195, 0.557, 0.856, 0.117]","[2.833, 3.006, 2.587, 2.865, 3.236, 2.624]","[-7.460, -6.631, -6.643, -6.769, -6.788, -6.186]"
728,1,-0.2939,-1.3753,0.283,424,1128,114,10,0.233,70,0.00,20136,1814.53,0,0,37.000(46.250%)(1.821m),49.000(43.235%)(3.107m),30.000(26.471%)(1.071m),21.000(18.529%)(0.107m),19.746(24.683%)(0.000m),27.000(67.500%)(1.821m),13.899(34.748%)(0.418m),0.000,3642.349,61.5,1.1547,"[0.381, 1.180, 1.159, 0.296, 1.234, 1.121]","[2.644, 3.416, 3.029, 2.607, 3.453, 3.062]","[-5.892, -7.375, -4.685, -5.330, -7.376, -5.510]"
729,1,3.0323,-1.2674,0.290,911,2508,198,77,0.233,95,0.00,20228,3953.36,0,0,28.000(35.000%)(0.857m),49.000(43.235%)(3.107m),57.000(50.294%)(3.964m),33.000(29.118%)(1.393m),17.021(21.277%)(0.000m),22.000(55.000%)(1.286m),11.000(27.500%)(0.107m),225.990,3609.227,63.7,1.2956,"[0.305, 0.970, 0.726, 0.263, 1.084, 0.729]","[3.164, 3.391, 2.929, 3.185, 3.621, 2.910]","[-5.149, -4.469, -5.452, -5.283, -4.914, -4.819]"
730,1,1.1030,-1.2145,0.285,649,1757,142,96,0.232,85,0.00,20293,2943.06,0,0,19.007(23.759%)(0.000m),22.000(19.412%)(0.214m),20.000(17.647%)(0.000m),33.000(29.118%)(1.393m),24.000(30.000%)(0.429m),13.362(33.406%)(0.360m),21.000(52.500%)(1.179m),0.000,3320.067,62.6,1.4044,"[0.298, 0.417, -0.209, 0.299, 0.495, -0.196]","[2.782, 3.057, 2.692, 2.817, 3.339, 2.713]","[-5.717, -5.827, -6.403, -6.011, -6.137, -5.961]"
731,1,0.3378,-1.1656,0.254,267,750,23,27,0.232,60,0.00,20320,1203.05,0,0,24.000(30.000%)(0.429m),34.000(30.000%)(1.500m),65.000(57.353%)(4.821m),24.350(21.485%)(0.466m),12.303(15.379%)(0.000m),25.000(62.500%)(1.607m),9.972(24.930%)(0.000m),253.878,2820.700,65.1,1.4132,"[0.025, 0.676, 0.609, 0.065, 0.850, 0.580]","[2.348, 2.826, 2.391, 2.521, 3.102, 2.438]","[-5.456, -5.795, -4.239, -5.018, -6.054, -3.758]"
732,1,-1.8502,-1.1502,0.261,534,1384,108,88,0.231,75,0.00,20374,2344.33,0,0,22.000(27.500%)(0.214m),44.000(38.824%)(2.571m),66.000(58.235%)(4.929m),19.000(16.765%)(0.000m),11.000(13.750%)(0.000m),22.000(55.000%)(1.286m),11.000(27.500%)(0.107m),329.298,4850.023,60.0,1.3168,"[0.203, 0.815, 0.623, 0.191, 0.887, 0.629]","[2.478, 2.883, 2.520, 2.502, 2.958, 2.525]","[-7.629, -7.122, -5.112, -6.536, -7.742, -5.506]"
733,1,-4.6293,-1.1351,0.240,415,1117,16,56,0.231,70,0.00,20416,1840.68,0,0,25.502(31.877%)(0.589m),53.162(46.908%)(3.553m),53.000(46.765%)(3.536m),28.000(24.706%)(0.857m),22.000(27.500%)(0.214m),18.076(45.191%)(0.865m),20.112(50.280%)(1.083m),0.000,3604.594,62.3,1.4160,"[-0.090, 0.556, 0.714, -0.040, 0.648, 0.716]","[1.989, 2.755, 2.348, 2.025, 2.817, 2.350]","[-5.858, -5.846, -3.172, -5.349, -6.289, -3.260]"
734,1,-0.6900,-1.1788,0.233,610,1681,176,89,0.231,85,0.00,20477,2695.16,0,0,24.000(30.000%)(0.429m),21.000(18.529%)(0.107m),20.000(17.647%)(0.000m),30.054(26.518%)(1.077m),14.071(17.589%)(0.000m),17.000(42.500%)(0.750m),9.871(24.678%)(0.000m),0.000,3419.554,63.8,1.2702,"[-0.124, 0.456, 0.245, -0.234, 0.514, 0.284]","[2.334, 2.789, 2.413, 2.295, 2.946, 2.478]","[-5.601, -5.234, -5.923, -5.716, -5.623, -5.676]"
735,1,-3.1925,-1.1960,0.271,445,1185,134,63,0.230,70,0.00,20522,1986.51,0,0,18.793(23.491%)(0.000m),39.753(35.077%)(2.116m),54.000(47.647%)(3.643m),23.000(20.294%)(0.321m),12.000(15.000%)(0.000m),13.227(33.068%)(0.346m),27.000(67.500%)(1.821m),508.657,3881.351,61.6,1.2950,"[0.624, 0.702, 0.505, 0.640, 0.865, 0.483]","[2.600, 3.226, 2.654, 2.690, 3.334, 2.900]","[-7.148, -6.517, -5.333, -6.383, -6.569, -5.531]"
736,1,-0.1331,-1.1490,0.246,727,1918,226,125,0.230,85,0.00,20595,3172.33,0,0,13.758(17.197%)(0.000m),29.629(26.143%)(1.032m),40.000(35.294%)(2.143m),24.196(21.349%)(0.450m),12.225(15.281%)(0.000m),9.642(24.105%)(0.000m),9.909(24.772%)(0.000m),377.444,4179.846,61.1,1.3114,"[0.694, 0.671, 0.117, 0.655, 0.746, 0.082]","[2.553, 3.283, 2.553, 2.733, 3.460, 2.767]","[-4.919, -6.068, -6.276, -5.037, -6.054, -5.954]"
737,1,-3.6893,-1.2068,0.222,411,1103,160,11,0.229,70,0.00,20637,1744.61,0,0,35.000(43.750%)(1.607m),51.000(45.000%)(3.321m),38.000(33.530%)(1.929m),25.000(22.059%)(0.536m),15.185(18.981%)(0.000m),27.000(67.500%)(1.821m),10.629(26.573%)(0.067m),0.000,4095.795,62.1,1.2542,"[0.284, 0.891, 0.864, 0.085, 1.017, 0.957]","[2.650, 3.141, 2.906, 2.418, 3.442, 2.926]","[-6.196, -7.059, -4.845, -5.766, -7.626, -5.130]"
738,1,0.7259,-1.1993,0.282,305,847,16,18,0.229,60,0.00,20668,1304.93,0,0,28.000(35.000%)(0.857m),50.000(44.118%)(3.214m),62.367(55.030%)(4.539m),22.656(19.991%)(0.285m),11.760(14.699%)(0.000m),24.000(60.000%)(1.500m),9.774(24.436%)(0.000m),845.711,3279.758,64.2,1.1598,"[0.696, 1.113, 1.030, 0.666, 1.201, 1.000]","[2.480, 3.072, 2.598, 2.624, 3.225, 2.652]","[-5.795, -6.339, -5.115, -5.418, -6.637, -5.041]"
739,1,-1.4787,-1.2234,0.313,187,502,15,0,0.228,45,0.00,20687,822.18,0,0,36.000(45.000%)(1.714m),50.000(44.118%)(3.214m),37.530(33.115%)(1.878m),18.361(16.201%)(0.000m),10.899(13.624%)(0.000m),32.000(80.000%)(2.357m),10.506(26.266%)(0.054m),950.713,3749.896,62.1,1.1827,"[0.668, 1.181, 1.142, 0.628, 1.358, 1.152]","[2.671, 3.091, 2.592, 2.784, 3.370, 2.684]","[-5.349, -5.764, -5.073, -5.238, -5.800, -4.767]"
740,1,0.5370,-1.1623,0.227,305,893,132,55,0.228,65,0.00,20718,1306.97,0,0,19.531(24.414%)(0.000m),21.000(18.529%)(0.107m),20.000(17.647%)(0.000m),20.000(17.647%)(0.000m),23.000(28.750%)(0.321m),13.736(34.340%)(0.400m),20.000(50.000%)(1.071m),0.000,2321.100,67.8,1.2228,"[0.196, 0.381, -0.162, 0.001, 0.457, -0.199]","[2.300, 3.098, 2.636, 2.471, 3.307, 2.760]","[-5.666, -5.880, -5.748, -5.789, -5.956, -5.494]"
741,1,0.3261,-1.1249,0.300,332,948,153,13,0.227,65,0.00,20752,1442.70,0,0,32.000(40.000%)(1.286m),57.000(50.294%)(3.964m),37.000(32.647%)(1.821m),26.000(22.941%)(0.643m),16.875(21.094%)(0.000m),27.000(67.500%)(1.821m),11.887(29.717%)(0.202m),0.000,3264.345,66.1,1.2353,"[-0.821, 0.499, 0.479, -0.883, 0.642, 0.527]","[2.423, 2.904, 2.211, 2.478, 3.108, 2.249]","[-6.819, -6.801, -4.660, -5.953, -6.751, -4.685]"
742,1,-0.8306,-1.1063,0.257,499,1343,44,70,0.227,75,0.00,20802,2184.04,0,0,24.681(30.852%)(0.502m),33.000(29.118%)(1.393m),49.000(43.235%)(3.107m),37.000(32.647%)(1.821m),25.000(31.250%)(0.536m),13.000(32.500%)(0.321m),23.000(57.500%)(1.393m),311.388,3384.483,62.3,1.3471,"[0.724, 0.889, 0.369, 0.639, 1.001, 0.296]","[2.346, 3.187, 2.646, 2.526, 3.375, 2.767]","[-2.678, -2.776, -4.459, -3.057, -3.555, -4.160]"
743,1,0.1803,-1.0541,0.211,226,579,16,1,0.226,50,0.00,20825,976.62,0,0,12.148(15.184%)(0.000m),23.716(20.926%)(0.398m),61.000(53.824%)(4.393m),47.000(41.471%)(2.893m),33.000(41.250%)(1.393m),9.971(24.927%)(0.000m),40.000(100.000%)(3.214m),771.536,4091.796,59.3,1.1252,"[1.281, 1.415, 0.836, 1.237, 1.478, 0.748]","[2.378, 3.096, 2.582, 2.428, 3.198, 2.523]","[-5.438, -5.593, -5.291, -5.679, -5.340, -5.510]"
744,1,-1.0366,-1.0647,0.254,156,416,28,13,0.226,40,0.00,20841,695.00,0,0,23.000(28.750%)(0.321m),24.000(21.177%)(0.429m),35.000(30.882%)(1.607m),92.224(81.374%)(7.738m),49.983(62.479%)(3.212m),40.000(100.000%)(3.214m),40.000(100.000%)(3.214m),0.000,2571.551,61.8,1.4030,"[0.569, 0.639, 0.470, 0.534, 0.760, 0.413]","[2.568, 2.918, 2.452, 2.669, 3.094, 2.505]","[-4.244, -3.958, -4.328, -4.426, -3.719, -4.328]"
745,1,-3.4268,-1.1145,0.231,145,383,16,0,0.225,40,0.00,20856,659.92,0,0,47.000(58.750%)(2.893m),60.000(52.941%)(4.286m),25.854(22.812%)(0.627m),15.416(13.603%)(0.000m),10.210(12.763%)(0.000m),40.000(100.000%)(3.214m),11.543(28.858%)(0.165m),1097.665,4530.090,61.1,1.2895,"[0.422, 0.923, 0.852, 0.533, 1.050, 0.841]","[2.528, 3.044, 2.624, 2.834, 3.288, 2.729]","[-5.600, -4.466, -4.887, -4.961, -4.538, -4.967]"
746,1,-2.1515,-1.1565,0.283,517,1362,159,65,0.225,75,0.00,20908,2263.94,0,0,12.000(15.000%)(0.000m),32.684(28.839%)(1.359m),51.000(45.000%)(3.321m),39.000(34.412%)(2.036m),25.000(31.250%)(0.536m),10.662(26.656%)(0.071m),22.000(55.000%)(1.286m),427.781,4019.043,61.0,1.1449,"[0.808, 0.798, 0.285, 0.854, 0.927, 0.266]","[2.486, 2.991, 2.565, 2.628, 3.134, 2.674]","[-3.300, -5.042, -5.655, -3.247, -4.719, -5.477]"
747,1,-5.1616,-1.2155,0.271,355,1013,70,31,0.225,70,0.00,20944,1543.00,0,0,11.000(13.750%)(0.000m),19.000(16.765%)(0.000m),40.000(35.294%)(2.143m),36.000(31.765%)(1.714m),16.852(21.065%)(0.000m),23.000(57.500%)(1.393m),11.817(29.544%)(0.195m),229.525,3229.827,66.0,1.4589,"[-0.046, 0.406, 0.409, -0.076, 0.558, 0.421]","[2.377, 3.058, 2.765, 2.750, 3.348, 2.796]","[-9.564, -8.192, -6.635, -9.846, -7.899, -5.987]"
748,1,-3.1120,-1.2324,0.268,513,1358,178,52,0.224,75,0.00,20996,2230.52,0,0,18.778(23.472%)(0.000m),39.570(34.915%)(2.097m),54.000(47.647%)(3.643m),67.000(59.118%)(5.036m),13.000(16.250%)(0.000m),13.232(33.081%)(0.346m),11.000(27.500%)(0.107m),878.183,4721.378,61.3,1.2653,"[1.076, 1.256, 0.803, 1.153, 1.436, 0.662]","[2.781, 3.349, 2.874, 2.876, 3.521, 2.754]","[-7.291, -5.777, -6.413, -6.669, -6.042, -4.758]"
749,1,0.1886,-1.1780,0.234,340,963,109,26,0.224,65,0.00,21030,1429.05,0,0,30.000(37.500%)(1.071m),46.000(40.588%)(2.786m),38.000(33.530%)(1.929m),27.000(23.824%)(0.750m),16.805(21.007%)(0.000m),27.000(67.500%)(1.821m),11.790(29.475%)(0.192m),0.000,2861.547,65.6,1.1886,"[-0.314, 0.429, 0.523, -0.345, 0.575, 0.476]","[2.665, 3.054, 2.363, 2.923, 3.287, 2.500]","[-4.959, -5.357, -2.623, -4.773, -5.408, -2.765]"
750,1,-1.4469,-1.2588,0.250,523,1366,82,76,0.223,75,0.00,21083,2237.02,0,0,27.000(33.750%)(0.750m),42.000(37.059%)(2.357m),58.000(51.177%)(4.071m),18.000(15.882%)(0.000m),11.000(13.750%)(0.000m),25.000(62.500%)(1.607m),9.591(23.977%)(0.000m),537.428,4244.714,60.5,1.2188,"[0.138, 0.649, 0.493, 0.160, 0.740, 0.506]","[2.250, 3.052, 2.623, 2.306, 3.183, 2.678]","[-6.016, -7.601, -5.755, -5.437, -8.017, -5.865]"
751,1,0.9290,-1.1853,0.265,555,1457,111,65,0.223,75,0.00,21139,2513.89,0,0,19.186(23.983%)(0.000m),40.531(35.763%)(2.200m),57.000(50.294%)(3.964m),52.000(45.882%)(3.429m),27.000(33.750%)(0.750m),13.510(33.776%)(0.376m),13.000(32.500%)(0.321m),1008.608,5078.667,60.7,1.3148,"[0.957, 1.333, 0.652, 0.930, 1.356, 0.643]","[2.592, 3.315, 2.716, 2.792, 3.501, 2.792]","[-4.537, -3.772, -4.566, -4.141, -3.966, -4.160]"
752,1,-0.2288,-1.1657,0.268,263,677,38,21,0.222,55,0.00,21166,1165.49,0,0,10.818(13.523%)(0.000m),18.975(16.742%)(0.000m),42.466(37.471%)(2.407m),38.000(33.530%)(1.929m),27.000(33.750%)(0.750m),9.930(24.824%)(0.000m),25.000(62.500%)(1.607m),438.172,3586.174,59.6,1.2440,"[1.238, 1.350, 0.599, 1.259, 1.468, 0.540]","[2.768, 3.154, 2.908, 2.709, 3.417, 2.876]","[-5.901, -5.124, -5.361, -5.882, -5.155, -5.215]"
753,1,18.5388,-0.8583,0.261,972,2716,103,191,0.222,100,0.13,21264,4374.82,1,1,22.000(27.500%)(0.214m),48.000(42.353%)(3.000m),57.000(50.294%)(3.964m),35.000(30.882%)(1.607m),18.018(22.522%)(0.000m),16.000(40.000%)(0.643m),12.649(31.622%)(0.284m),134.034,3268.881,64.7,1.3426,"[0.383, 0.839, 0.465, 0.288, 0.883, 0.478]","[2.846, 3.411, 2.863, 3.032, 3.603, 2.991]","[-5.445, -5.314, -4.742, -5.227, -5.617, -4.697]"
754,1,-1.2354,-0.9202,0.272,457,1239,202,60,0.221,75,0.13,21310,2005.21,0,0,30.000(37.500%)(1.071m),45.000(39.706%)(2.679m),36.000(31.765%)(1.714m),18.000(15.882%)(0.000m),11.000(13.750%)(0.000m),24.000(60.000%)(1.500m),11.000(27.500%)(0.107m),323.301,3884.756,62.7,1.2991,"[-0.564, 0.224, 0.244, -0.671, 0.320, 0.193]","[2.519, 2.839, 2.391, 2.568, 3.050, 2.392]","[-5.536, -7.106, -4.537, -5.145, -7.325, -4.980]"
755,1,14.8747,-0.5428,0.229,951,2674,168,112,0.221,100,0.26,21406,4420.18,1,1,22.000(27.500%)(0.214m),43.000(37.941%)(2.464m),51.000(45.000%)(3.321m),37.389(32.991%)(1.863m),17.667(22.084%)(0.000m),15.000(37.500%)(0.536m),12.429(31.071%)(0.260m),424.281,3143.516,65.1,1.4435,"[0.414, 0.914, 0.647, 0.310, 0.966, 0.593]","[2.575, 3.174, 2.801, 2.687, 3.307, 2.737]","[-4.880, -2.818, -4.383, -5.102, -3.017, -4.511]"
756,1,-3.2403,-0.5375,0.308,444,1228,19,145,0.221,75,0.26,21451,2010.43,0,0,24.537(30.671%)(0.486m),51.139(45.123%)(3.336m),56.000(49.412%)(3.857m),43.000(37.941%)(2.464m),22.000(27.500%)(0.214m),11.000(27.500%)(0.107m),16.000(40.000%)(0.643m),323.029,3861.009,64.0,1.4003,"[0.307, 0.971, 0.701, 0.431, 1.004, 0.779]","[2.429, 3.124, 2.713, 2.731, 3.322, 2.895]","[-5.957, -2.915, -2.850, -5.335, -3.000, -2.584]"
757,1,-2.9435,-0.5785,0.322,640,1727,143,187,0.220,85,0.26,21515,2864.30,0,0,11.654(14.568%)(0.000m),21.124(18.639%)(0.120m),46.000(40.588%)(2.786m),37.000(32.647%)(1.821m),21.000(26.250%)(0.107m),10.309(25.772%)(0.033m),19.000(47.500%)(0.964m),291.232,3433.734,62.4,1.4036,"[0.361, 0.578, 0.220, 0.304, 0.677, 0.193]","[2.767, 3.140, 2.808, 2.746, 3.291, 2.869]","[-5.075, -5.928, -5.290, -4.806, -6.047, -5.717]"
758,1,-1.0261,-0.5516,0.220,334,870,87,26,0.220,60,0.26,21549,1542.03,0,0,13.183(16.479%)(0.000m),28.057(24.756%)(0.863m),58.000(51.177%)(4.071m),40.000(35.294%)(2.143m),27.000(33.750%)(0.750m),9.768(24.419%)(0.000m),25.000(62.500%)(1.607m),407.282,3641.141,60.3,1.5582,"[1.405, 1.307, 0.658, 1.390, 1.453, 0.652]","[2.758, 3.480, 2.831, 2.808, 3.572, 2.987]","[-2.011, -5.863, -5.830, -2.212, -5.436, -5.768]"
759,1,1.3143,-0.5099,0.275,715,2097,253,93,0.219,95,0.26,21621,3129.66,0,0,10.000(12.500%)(0.000m),14.000(12.353%)(0.000m),22.000(19.412%)(0.214m),38.750(34.191%)(2.009m),18.447(23.058%)(0.000m),27.000(67.500%)(1.821m),13.014(32.536%)(0.323m),237.547,3311.194,67.9,1.3310,"[-0.164, 0.544, 0.424, -0.300, 0.688, 0.439]","[2.641, 3.380, 2.963, 2.725, 3.604, 3.070]","[-9.091, -7.184, -6.316, -9.608, -7.773, -5.506]"
760,1,-1.1318,-0.4913,0.262,316,876,14,15,0.219,65,0.26,21653,1349.91,0,0,28.000(35.000%)(0.857m),54.000(47.647%)(3.643m),65.445(57.745%)(4.869m),23.213(20.482%)(0.344m),11.890(14.862%)(0.000m),24.000(60.000%)(1.500m),9.759(24.399%)(0.000m),853.561,3238.015,64.1,1.1971,"[1.040, 1.334, 1.129, 1.005, 1.430, 1.121]","[2.771, 3.375, 2.938, 2.725, 3.554, 3.113]","[-6.138, -6.321, -5.437, -6.057, -6.808, -5.129]"
761,1,-4.6899,-0.5893,0.265,465,1215,208,20,0.218,70,0.26,21700,1956.54,0,0,19.731(24.663%)(0.000m),30.000(26.471%)(1.071m),20.000(17.647%)(0.000m),20.000(17.647%)(0.000m),16.300(20.375%)(0.000m),16.400(41.000%)(0.686m),11.469(28.672%)(0.157m),0.000,4097.365,60.5,1.3100,"[0.343, 1.009, 0.841, 0.213, 1.081, 0.877]","[2.625, 3.463, 3.001, 2.810, 3.611, 3.097]","[-4.350, -4.787, -4.971, -4.471, -4.851, -4.991]"
762,1,-0.2996,-0.5567,0.314,319,923,54,8,0.218,65,0.26,21732,1412.13,0,0,37.000(46.250%)(1.821m),54.000(47.647%)(3.643m),29.000(25.588%)(0.964m),19.000(16.765%)(0.000m),19.528(24.410%)(0.000m),24.000(60.000%)(1.500m),13.735(34.338%)(0.400m),0.000,2783.777,67.0,1.2416,"[0.248, 0.931, 0.924, 0.107, 0.994, 0.957]","[2.854, 3.453, 3.064, 3.119, 3.627, 3.013]","[-7.585, -8.517, -7.867, -6.939, -8.955, -7.892]"
763,1,-0.5262,-0.4958,0.265,393,1101,105,55,0.218,70,0.26,21772,1775.63,0,0,14.000(17.500%)(0.000m),28.000(24.706%)(0.857m),54.000(47.647%)(3.643m),34.000(30.000%)(1.500m),23.043(28.804%)(0.326m),10.000(25.000%)(0.000m),16.261(40.653%)(0.671m),160.797,3217.348,64.8,1.2008,"[0.394, 0.711, 0.364, 0.414, 0.767, 0.347]","[3.234, 3.416, 3.087, 3.134, 3.557, 2.965]","[-6.154, -5.948, -6.427, -5.872, -5.969, -5.503]"
764,1,-0.2709,-0.5225,0.286,275,740,58,0,0.217,55,0.26,21800,1187.28,0,0,37.000(46.250%)(1.821m),50.000(44.118%)(3.214m),39.936(35.237%)(2.136m),18.719(16.517%)(0.000m),10.895(13.619%)(0.000m),26.000(65.000%)(1.714m),10.249(25.622%)(0.027m),1192.090,4226.000,62.3,1.5222,"[0.563, 1.178, 1.170, 0.499, 1.353, 1.160]","[2.495, 3.204, 3.103, 2.807, 3.436, 3.108]","[-5.003, -6.252, -5.378, -4.887, -6.057, -5.214]"
765,1,0.6952,-0.4851,0.340,297,800,82,0,0.217,60,0.26,21830,1289.50,0,0,34.000(42.500%)(1.500m),55.000(48.530%)(3.750m),65.000(57.353%)(4.821m),27.939(24.652%)(0.851m),12.879(16.098%)(0.000m),28.000(70.000%)(1.929m),9.667(24.167%)(0.000m),1170.136,3964.176,62.4,1.4166,"[0.492, 1.182, 1.182, 0.452, 1.258, 1.080]","[2.392, 3.102, 2.678, 2.429, 3.156, 2.581]","[-4.930, -5.388, -3.808, -4.899, -5.594, -3.999]"
766,1,0.9384,-0.4917,0.269,361,1039,30,28,0.216,70,0.26,21867,1544.82,0,0,11.000(13.750%)(0.000m),18.000(15.882%)(0.000m),77.000(67.941%)(6.107m),34.000(30.000%)(1.500m),19.639(24.548%)(0.000m),11.000(27.500%)(0.107m),13.812(34.530%)(0.408m),142.742,4193.771,66.6,1.2562,"[0.223, 0.651, 0.595, 0.177, 0.800, 0.583]","[2.699, 3.152, 2.749, 2.855, 3.253, 2.612]","[-6.845, -5.817, -5.417, -6.645, -5.754, -5.112]"
767,1,0.1385,-0.4086,0.262,787,2207,309,152,0.216,95,0.26,21946,3482.34,0,0,18.000(22.500%)(0.000m),26.000(22.941%)(0.643m),25.000(22.059%)(0.536m),27.854(24.577%)(0.842m),12.840(16.050%)(0.000m),13.000(32.500%)(0.321m),9.638(24.094%)(0.000m),105.922,3026.786,64.9,1.2924,"[0.052, 0.280, 0.038, -0.069, 0.321, 0.052]","[2.760, 3.096, 2.653, 2.847, 3.305, 2.713]","[-4.749, -5.050, -6.140, -4.886, -5.463, -5.961]"
768,1,2.2544,-0.3794,0.264,718,1890,77,175,0.215,85,0.26,22018,3138.88,0,0,27.000(33.750%)(0.750m),33.000(29.118%)(1.393m),46.000(40.588%)(2.786m),21.000(18.529%)(0.107m),20.112(25.140%)(0.012m),19.000(47.500%)(0.964m),14.171(35.429%)(0.447m),0.000,3733.855,60.9,1.2266,"[0.445, 0.790, 0.404, 0.378, 0.853, 0.464]","[2.754, 3.357, 2.990, 2.738, 3.667, 2.945]","[-4.857, -4.381, -4.953, -4.797, -4.859, -4.548]"
769,1,1.0164,-0.2947,0.250,754,1960,134,111,0.215,85,0.26,22094,3328.56,0,0,22.000(27.500%)(0.214m),23.000(20.294%)(0.321m),28.000(24.706%)(0.857m),22.000(19.412%)(0.214m),18.219(22.774%)(0.000m),19.000(47.500%)(0.964m),12.844(32.110%)(0.305m),0.000,3721.909,60.2,1.3208,"[0.209, 0.656, 0.203, 0.153, 0.634, 0.264]","[2.778, 3.304, 3.097, 2.759, 3.462, 3.053]","[-5.978, -5.801, -6.856, -5.835, -6.535, -7.489]"
770,1,-0.2052,-0.2908,0.201,228,611,18,17,0.214,50,0.26,22117,1012.14,0,0,12.334(15.417%)(0.000m),24.757(21.844%)(0.510m),58.000(51.177%)(4.071m),44.000(38.824%)(2.571m),27.000(33.750%)(0.750m),9.871(24.678%)(0.000m),25.000(62.500%)(1.607m),587.935,3552.917,62.1,1.9963,"[1.299, 1.271, 0.651, 1.263, 1.385, 0.646]","[2.529, 3.269, 2.604, 2.637, 3.435, 2.713]","[-5.539, -6.121, -6.145, -5.076, -5.859, -5.705]"
771,1,3.2048,-0.2246,0.263,355,1036,4,34,0.214,70,0.26,22153,1549.65,0,0,11.000(13.750%)(0.000m),17.000(15.000%)(0.000m),67.000(59.118%)(5.036m),49.176(43.391%)(3.126m),23.526(29.407%)(0.378m),12.000(30.000%)(0.214m),16.635(41.588%)(0.711m),603.189,2999.779,67.5,1.3394,"[0.612, 0.907, 0.689, 0.503, 1.083, 0.603]","[2.514, 3.090, 2.766, 2.553, 3.340, 2.791]","[-7.142, -6.678, -5.570, -6.474, -6.272, -5.611]"
772,1,4.1999,-0.0895,0.270,638,1835,124,54,0.214,90,0.26,22217,2758.10,0,0,31.000(38.750%)(1.179m),50.000(44.118%)(3.214m),56.056(49.461%)(3.863m),21.560(19.023%)(0.167m),11.619(14.524%)(0.000m),17.000(42.500%)(0.750m),10.026(25.065%)(0.003m),610.740,3580.476,66.6,1.1930,"[0.562, 1.083, 0.877, 0.389, 1.174, 0.919]","[2.601, 3.249, 2.929, 2.536, 3.486, 2.911]","[-5.585, -6.583, -5.972, -5.431, -6.709, -5.567]"
773,1,-1.9556,-0.1106,0.281,427,1138,110,50,0.213,70,0.26,22260,1871.67,0,0,22.329(27.911%)(0.250m),46.484(41.015%)(2.838m),44.000(38.824%)(2.571m),21.000(18.529%)(0.107m),23.000(28.750%)(0.321m),15.838(39.595%)(0.626m),23.000(57.500%)(1.393m),180.930,3790.089,61.7,1.2038,"[0.705, 1.101, 0.764, 0.687, 1.101, 0.624]","[2.452, 3.303, 3.157, 2.714, 3.491, 3.108]","[-5.561, -7.097, -8.979, -5.738, -7.141, -8.399]"
774,1,-4.0630,-0.1001,0.258,249,623,55,13,0.213,50,0.26,22285,1082.42,0,0,12.819(16.024%)(0.000m),26.917(23.750%)(0.741m),48.000(42.353%)(3.000m),42.000(37.059%)(2.357m),31.000(38.750%)(1.179m),9.874(24.685%)(0.000m),40.000(100.000%)(3.214m),557.959,4822.592,57.9,1.3537,"[1.398, 0.848, -0.148, 1.266, 1.016, -0.242]","[2.872, 3.187, 2.577, 2.763, 3.322, 2.501]","[-1.076, -4.892, -5.471, -1.457, -4.375, -5.340]"
775,1,15.4861,0.2865,0.239,925,2625,127,243,0.212,100,0.39,22378,4076.07,1,1,26.000(32.500%)(0.643m),39.000(34.412%)(2.036m),54.000(47.647%)(3.643m),36.301(32.030%)(1.746m),17.058(21.322%)(0.000m),15.000(37.500%)(0.536m),11.981(29.953%)(0.212m),315.898,2613.210,65.7,1.2475,"[0.565, 0.992, 0.657, 0.380, 1.029, 0.650]","[2.884, 3.272, 3.119, 2.948, 3.293, 3.221]","[-4.672, -2.729, -4.481, -4.881, -2.727, -4.213]"
776,1,6.4310,0.4723,0.275,809,2300,73,83,0.212,95,0.39,22459,3485.20,0,0,13.000(16.250%)(0.000m),44.000(38.824%)(2.571m),64.000(56.471%)(4.714m),41.000(36.177%)(2.250m),21.297(26.622%)(0.139m),10.000(25.000%)(0.000m),15.023(37.556%)(0.538m),250.670,3208.769,65.8,1.1891,"[0.544, 0.873, 0.539, 0.409, 0.957, 0.546]","[2.781, 3.295, 2.716, 2.799, 3.381, 2.715]","[-3.590, -3.082, -5.998, -3.894, -3.334, -5.660]"
777,1,0.4922,0.4401,0.302,449,1240,81,80,0.211,75,0.39,22504,1937.26,0,0,22.132(27.665%)(0.228m),42.000(37.059%)(2.357m),67.000(59.118%)(5.036m),48.000(42.353%)(3.000m),18.000(22.500%)(0.000m),15.603(39.006%)(0.600m),10.000(25.000%)(0.000m),699.981,4028.457,63.9,1.2414,"[0.442, 0.801, 0.316, 0.490, 0.947, 0.332]","[2.408, 3.002, 2.498, 2.397, 3.162, 2.666]","[-3.711, -1.929, -4.026, -3.733, -1.839, -4.107]"
778,1,5.4835,0.5557,0.255,656,1767,109,40,0.211,85,0.39,22570,2860.34,0,0,26.000(32.500%)(0.643m),31.000(27.353%)(1.179m),50.000(44.118%)(3.214m),22.000(19.412%)(0.214m),18.408(23.010%)(0.000m),25.000(62.500%)(1.607m),12.958(32.396%)(0.317m),0.000,3713.862,62.3,1.2196,"[0.130, 0.857, 0.698, 0.035, 0.922, 0.723]","[2.669, 3.100, 2.562, 2.729, 3.284, 2.635]","[-4.905, -4.631, -5.749, -5.102, -5.218, -5.331]"
779,1,-0.7094,0.4808,0.254,239,676,14,16,0.211,55,0.39,22594,1034.80,0,0,29.000(36.250%)(0.964m),47.000(41.471%)(2.893m),63.000(55.588%)(4.607m),25.149(22.190%)(0.552m),12.348(15.435%)(0.000m),22.000(55.000%)(1.286m),9.758(24.395%)(0.000m),674.180,3104.882,65.4,1.2050,"[0.442, 0.879, 0.895, 0.315, 1.001, 0.913]","[2.322, 3.083, 2.682, 2.484, 3.215, 2.819]","[-4.913, -6.157, -4.720, -4.689, -6.166, -4.656]"
780,1,-2.1159,0.4164,0.213,148,410,15,0,0.210,40,0.38,22609,678.95,0,0,36.000(45.000%)(1.714m),50.000(44.118%)(3.214m),26.757(23.609%)(0.724m),15.578(13.745%)(0.000m),10.163(12.703%)(0.000m),40.000(100.000%)(3.214m),11.209(28.023%)(0.130m),611.097,3204.983,64.1,1.2939,"[-0.003, 0.495, 0.716, -0.070, 0.621, 0.644]","[2.361, 2.848, 2.584, 2.519, 3.155, 2.602]","[-5.328, -5.356, -5.540, -5.016, -5.634, -5.260]"
781,1,-0.0342,0.4090,0.273,297,822,86,9,0.210,60,0.38,22639,1269.06,0,0,11.944(14.930%)(0.000m),22.433(19.794%)(0.261m),51.000(45.000%)(3.321m),43.000(37.941%)(2.464m),30.000(37.500%)(1.071m),10.179(25.447%)(0.019m),28.000(70.000%)(1.929m),528.966,3064.093,64.0,1.3207,"[0.839, 0.901, 0.289, 0.768, 0.969, 0.213]","[2.299, 3.008, 2.712, 2.494, 3.294, 2.742]","[-5.470, -5.365, -5.091, -5.557, -5.554, -5.127]"
782,1,0.6498,0.4590,0.279,441,1202,12,70,0.209,70,0.38,22684,2015.54,0,0,21.000(26.250%)(0.107m),35.000(30.882%)(1.607m),56.000(49.412%)(3.857m),18.000(15.882%)(0.000m),11.000(13.750%)(0.000m),16.859(42.147%)(0.735m),11.000(27.500%)(0.107m),286.571,5279.667,63.1,1.2582,"[0.799, 0.874, 0.204, 0.679, 0.836, 0.156]","[2.591, 3.235, 2.673, 2.588, 3.308, 2.727]","[-6.594, -7.862, -5.858, -6.555, -8.429, -6.157]"
783,1,-1.1143,0.5293,0.305,384,1095,68,95,0.209,70,0.38,22723,1622.00,0,0,28.000(35.000%)(0.857m),42.000(37.059%)(2.357m),57.000(50.294%)(3.964m),15.000(13.235%)(0.000m),10.000(12.500%)(0.000m),20.000(50.000%)(1.071m),11.770(29.425%)(0.190m),336.116,3613.660,66.0,1.1183,"[0.364, 0.716, 0.512, 0.243, 0.914, 0.534]","[2.684, 3.283, 2.681, 2.712, 3.417, 2.689]","[-6.130, -7.568, -5.654, -5.903, -7.277, -5.946]"
784,1,-1.8512,0.5061,0.280,804,2250,230,109,0.209,95,0.38,22804,3490.66,0,0,23.000(28.750%)(0.321m),20.000(17.647%)(0.000m),21.000(18.529%)(0.107m),39.000(34.412%)(2.036m),19.149(23.936%)(0.000m),19.000(47.500%)(0.964m),13.488(33.720%)(0.374m),0.000,3306.495,64.8,1.3434,"[0.124, 0.691, 0.349, -0.061, 0.767, 0.382]","[2.947, 3.101, 2.663, 3.050, 3.374, 2.957]","[-4.331, -5.167, -5.441, -4.775, -4.756, -4.731]"
785,1,-2.2513,0.5249,0.246,281,720,67,42,0.208,55,0.38,22833,1187.19,0,0,14.600(18.250%)(0.000m),30.766(27.146%)(1.153m),52.000(45.882%)(3.429m),36.000(31.765%)(1.714m),26.000(32.500%)(0.643m),10.266(25.665%)(0.028m),10.000(25.000%)(0.000m),412.101,4548.645,59.3,1.1743,"[1.025, 0.980, 0.271, 0.987, 1.071, 0.260]","[2.584, 3.232, 2.618, 2.628, 3.347, 2.577]","[-5.780, -4.886, -5.607, -5.614, -4.852, -5.495]"
786,1,2.4845,0.5773,0.299,313,865,21,28,0.208,60,0.38,22865,1350.64,0,0,11.628(14.535%)(0.000m),21.841(19.272%)(0.197m),58.150(51.309%)(4.088m),48.000(42.353%)(3.000m),26.000(32.500%)(0.643m),9.910(24.775%)(0.000m),21.000(52.500%)(1.179m),578.860,3331.683,63.9,1.2216,"[1.305, 1.479, 1.006, 1.268, 1.655, 0.932]","[2.705, 3.205, 2.670, 2.795, 3.424, 2.675]","[-4.582, -5.245, -5.106, -4.744, -5.264, -5.092]"
787,1,-3.8794,0.5735,0.233,164,434,14,0,0.207,40,0.38,22882,757.31,0,0,41.000(51.250%)(2.250m),58.000(51.177%)(4.071m),41.954(37.018%)(2.352m),19.213(16.953%)(0.000m),11.069(13.837%)(0.000m),40.000(100.000%)(3.214m),10.286(25.714%)(0.031m),1037.169,3784.534,61.3,1.4825,"[0.094, 0.759, 0.836, 0.182, 0.864, 0.828]","[2.538, 3.170, 2.620, 2.786, 3.355, 2.653]","[-5.765, -6.110, -5.861, -5.293, -6.090, -5.764]"
788,1,12.2451,0.8038,0.264,997,2765,225,198,0.207,100,0.51,22982,4435.04,1,1,21.516(26.895%)(0.162m),44.000(38.824%)(2.571m),56.000(49.412%)(3.857m),40.000(35.294%)(2.143m),21.808(27.260%)(0.194m),15.000(37.500%)(0.536m),15.372(38.429%)(0.576m),249.331,3959.136,64.2,1.3430,"[0.788, 1.298, 0.915, 0.795, 1.349, 0.910]","[2.409, 3.216, 2.727, 2.595, 3.328, 2.809]","[-3.744, -2.005, -3.255, -3.781, -2.002, -3.968]"
789,1,-0.6282,0.8209,0.257,354,991,181,19,0.206,65,0.51,23018,1485.65,0,0,32.000(40.000%)(1.286m),20.000(17.647%)(0.000m),19.000(16.765%)(0.000m),20.000(17.647%)(0.000m),18.379(22.974%)(0.000m),31.000(77.500%)(2.250m),12.944(32.360%)(0.315m),0.000,2893.799,64.8,1.2181,"[0.010, 0.853, 0.750, -0.123, 0.899, 0.895]","[3.079, 3.484, 2.964, 3.016, 3.636, 3.054]","[-4.712, -4.741, -5.301, -4.842, -5.371, -4.611]"
790,1,-2.3644,0.7628,0.228,359,999,116,40,0.206,65,0.51,23054,1502.09,0,0,24.000(30.000%)(0.429m),31.000(27.353%)(1.179m),34.000(30.000%)(1.500m),22.000(19.412%)(0.214m),21.769(27.211%)(0.189m),25.000(62.500%)(1.607m),15.362(38.406%)(0.575m),0.000,2721.013,64.4,1.2426,"[0.236, 0.756, 0.599, 0.205, 0.910, 0.649]","[2.768, 3.330, 3.035, 2.827, 3.640, 3.028]","[-6.589, -7.133, -5.709, -6.198, -7.544, -6.117]"
791,1,-1.5703,0.7249,0.264,358,1046,54,77,0.206,70,0.51,23090,1588.54,0,0,11.000(13.750%)(0.000m),42.000(37.059%)(2.357m),44.000(38.824%)(2.571m),30.000(26.471%)(1.071m),18.037(22.546%)(0.000m),11.000(27.500%)(0.107m),12.674(31.684%)(0.286m),25.756,2684.292,67.6,1.2218,"[0.154, 0.506, 0.257, 0.072, 0.559, 0.312]","[2.606, 3.250, 2.487, 2.744, 3.366, 2.570]","[-5.696, -5.807, -4.301, -5.350, -6.176, -4.111]"
792,1,-3.1724,0.6781,0.291,504,1346,131,132,0.205,75,0.51,23141,2206.26,0,0,17.364(21.706%)(0.000m),37.164(32.792%)(1.839m),47.000(41.471%)(2.893m),36.000(31.765%)(1.714m),17.000(21.250%)(0.000m),11.000(27.500%)(0.107m),17.000(42.500%)(0.750m),293.737,4169.360,61.8,1.2433,"[-0.010, 0.386, 0.312, 0.061, 0.519, 0.309]","[2.559, 3.215, 2.569, 2.561, 3.413, 2.654]","[-6.185, -4.446, -4.244, -5.427, -4.509, -4.270]"
793,1,1.9926,0.7143,0.273,320,970,14,36,0.205,70,0.50,23173,1331.72,0,0,13.000(16.250%)(0.000m),31.000(27.353%)(1.179m),57.000(50.294%)(3.964m),44.000(38.824%)(2.571m),24.342(30.428%)(0.465m),10.000(25.000%)(0.000m),17.214(43.034%)(0.773m),278.778,2538.182,70.2,1.1252,"[-0.182, 0.251, -0.041, -0.283, 0.380, -0.035]","[2.489, 3.068, 2.764, 2.586, 3.263, 2.744]","[-4.150, -4.632, -5.615, -4.403, -4.502, -4.971]"
794,1,16.8079,1.0712,0.270,1119,3005,182,157,0.204,100,0.63,23285,4947.67,1,1,19.978(24.973%)(0.000m),41.000(36.177%)(2.250m),52.000(45.882%)(3.429m),45.382(40.043%)(2.719m),21.573(26.966%)(0.169m),14.099(35.248%)(0.439m),15.204(38.010%)(0.558m),439.576,3952.187,62.1,1.1738,"[0.878, 1.295, 0.911, 0.810, 1.335, 0.924]","[3.149, 3.371, 2.967, 3.117, 3.546, 3.126]","[-4.572, -1.991, -4.722, -4.461, -2.459, -4.324]"
795,1,-1.0072,1.1196,0.268,191,561,37,25,0.204,50,0.63,23305,839.35,0,0,24.000(30.000%)(0.429m),37.000(32.647%)(1.821m),59.000(52.059%)(4.179m),29.886(26.370%)(1.059m),13.713(17.141%)(0.000m),24.000(60.000%)(1.500m),9.597(23.992%)(0.000m),211.545,2612.446,67.9,1.2744,"[-0.241, 0.664, 0.799, -0.433, 0.792, 0.820]","[2.317, 3.069, 2.761, 2.386, 3.290, 2.922]","[-4.531, -3.570, -2.828, -4.836, -3.695, -2.733]"
796,1,0.0963,1.1645,0.237,216,578,15,14,0.204,50,0.63,23327,934.88,0,0,28.000(35.000%)(0.857m),42.000(37.059%)(2.357m),60.000(52.941%)(4.286m),23.599(20.822%)(0.386m),12.087(15.109%)(0.000m),27.000(67.500%)(1.821m),9.922(24.804%)(0.000m),404.799,3300.885,62.0,1.3535,"[0.406, 1.103, 1.154, 0.323, 1.205, 1.118]","[2.848, 3.019, 2.732, 2.828, 3.165, 2.745]","[-5.254, -6.244, -5.314, -5.270, -6.257, -5.302]"
797,1,-1.5248,1.2373,0.243,608,1677,33,169,0.203,85,0.63,23388,2727.86,0,0,28.066(35.082%)(0.864m),21.000(18.529%)(0.107m),20.000(17.647%)(0.000m),41.000(36.177%)(2.250m),26.000(32.500%)(0.643m),19.964(49.909%)(1.068m),15.000(37.500%)(0.536m),0.000,4661.560,63.8,1.2262,"[0.416, 0.536, 0.399, 0.435, 0.686, 0.382]","[2.699, 3.040, 2.413, 2.864, 3.228, 2.387]","[-4.940, -4.955, -5.239, -5.054, -5.456, -5.089]"
798,1,5.1474,1.4025,0.244,828,2349,230,78,0.203,95,0.63,23471,3681.50,0,0,19.000(23.750%)(0.000m),48.000(42.353%)(3.000m),50.000(44.118%)(3.214m),38.000(33.530%)(1.929m),18.970(23.712%)(0.000m),10.000(25.000%)(0.000m),13.398(33.496%)(0.364m),228.157,3242.565,65.7,1.2308,"[0.148, 0.622, 0.325, 0.056, 0.737, 0.319]","[2.605, 3.151, 2.653, 2.716, 3.305, 2.644]","[-3.898, -2.728, -4.614, -4.335, -2.810, -4.403]"
799,1,-1.8546,1.3616,0.225,187,476,11,11,0.202,45,0.63,23490,867.35,0,0,23.000(28.750%)(0.321m),23.000(20.294%)(0.321m),53.000(46.765%)(3.536m),90.695(80.025%)(7.574m),48.287(60.358%)(3.031m),40.000(100.000%)(3.214m),40.000(100.000%)(3.214m),0.000,2967.087,59.0,1.2687,"[1.438, 1.325, 0.993, 1.365, 1.493, 1.032]","[2.722, 3.048, 2.582, 2.687, 3.100, 2.716]","[-2.267, -3.179, -4.037, -2.890, -2.970, -3.656]"
800,1,0.6918,1.4044,0.252,186,545,17,35,0.202,50,0.62,23509,816.15,0,0,25.000(31.250%)(0.536m),38.000(33.530%)(1.929m),57.000(50.294%)(3.964m),23.552(20.782%)(0.381m),12.064(15.080%)(0.000m),21.000(52.500%)(1.179m),9.902(24.755%)(0.000m),243.521,2596.343,67.9,1.3466,"[0.371, 0.843, 0.944, 0.337, 1.055, 0.953]","[2.525, 3.025, 2.708, 2.586, 3.220, 2.778]","[-5.374, -6.150, -4.748, -5.204, -5.520, -4.730]"
801,1,-1.7772,1.3503,0.312,843,2324,263,199,0.202,95,0.62,23594,4107.59,0,0,19.738(24.673%)(0.000m),40.000(35.294%)(2.143m),43.000(37.941%)(2.464m),29.000(25.588%)(0.964m),14.000(17.500%)(0.000m),13.914(34.784%)(0.419m),10.000(25.000%)(0.000m),7.723,3048.983,63.8,1.6158,"[0.128, 0.607, 0.407, 0.063, 0.719, 0.362]","[2.327, 2.992, 2.463, 2.625, 3.239, 2.527]","[-5.402, -6.208, -5.006, -5.417, -6.161, -5.101]"
802,1,15.6453,1.6677,0.260,955,2682,193,156,0.201,100,0.75,23690,4277.51,1,1,16.000(20.000%)(0.000m),34.000(30.000%)(1.500m),62.000(54.706%)(4.500m),35.000(30.882%)(1.607m),18.133(22.666%)(0.000m),12.000(30.000%)(0.214m),12.776(31.940%)(0.297m),137.608,3222.073,65.0,1.3447,"[0.639, 0.935, 0.711, 0.584, 1.054, 0.704]","[3.262, 3.355, 3.018, 3.208, 3.544, 2.962]","[-5.630, -5.755, -5.579, -5.448, -5.374, -4.895]"
803,1,18.4731,1.6664,0.289,816,2408,76,85,0.201,100,0.87,23772,3593.28,2,1,24.000(30.000%)(0.429m),42.000(37.059%)(2.357m),57.000(50.294%)(3.964m),43.000(37.941%)(2.464m),20.814(26.017%)(0.087m),17.000(42.500%)(0.750m),14.648(36.620%)(0.498m),364.280,3027.000,68.3,1.1762,"[0.713, 1.074, 0.723, 0.580, 1.201, 0.721]","[2.996, 3.451, 3.096, 3.148, 3.711, 3.138]","[-4.025, -2.455, -4.581, -4.177, -2.490, -4.267]"
804,1,-2.1560,1.6480,0.259,184,477,14,0,0.200,45,0.87,23791,817.70,0,0,38.000(47.500%)(1.929m),64.000(56.471%)(4.714m),43.079(38.011%)(2.473m),19.729(17.408%)(0.000m),11.366(14.208%)(0.000m),40.000(100.000%)(3.214m),10.561(26.404%)(0.060m),1343.847,4338.466,60.0,1.1679,"[0.987, 1.198, 1.140, 0.923, 1.281, 1.147]","[2.841, 3.331, 2.986, 2.868, 3.381, 3.036]","[-5.398, -5.928, -5.566, -5.383, -5.923, -5.493]"
805,1,-1.4808,1.3209,0.264,625,1710,152,81,0.200,85,0.87,23854,2691.90,0,0,24.000(30.000%)(0.429m),49.000(43.235%)(3.107m),37.000(32.647%)(1.821m),20.000(17.647%)(0.000m),16.602(20.752%)(0.000m),17.000(42.500%)(0.750m),11.674(29.185%)(0.179m),0.000,4009.758,63.3,1.1752,"[-0.055, 0.378, 0.337, -0.101, 0.516, 0.379]","[3.095, 3.297, 2.727, 3.133, 3.356, 2.775]","[-6.655, -6.229, -5.433, -6.390, -6.054, -5.639]"
806,1,1.0887,1.4075,0.265,722,2033,163,93,0.200,90,0.87,23927,3212.04,0,0,28.000(35.000%)(0.857m),57.000(50.294%)(3.964m),53.000(46.765%)(3.536m),21.489(18.961%)(0.160m),11.581(14.476%)(0.000m),20.000(50.000%)(1.071m),9.903(24.758%)(0.000m),238.507,3409.782,65.2,1.2677,"[0.546, 0.940, 0.892, 0.498, 1.092, 0.904]","[2.835, 3.295, 3.066, 2.863, 3.508, 3.133]","[-5.362, -5.836, -4.856, -5.153, -5.453, -4.399]"
807,1,-0.6920,1.4525,0.264,1044,2768,317,236,0.199,95,0.87,24032,4659.29,0,0,14.000(17.500%)(0.000m),38.000(33.530%)(1.929m),38.000(33.530%)(1.929m),32.000(28.235%)(1.286m),19.708(24.635%)(0.000m),10.000(25.000%)(0.000m),13.860(34.650%)(0.414m),197.445,4477.548,61.4,1.3080,"[0.651, 0.974, 0.544, 0.658, 1.049, 0.509]","[3.044, 3.336, 2.819, 3.189, 3.675, 2.743]","[-3.971, -5.705, -6.396, -4.175, -5.520, -5.985]"
808,1,-0.9581,1.4539,0.254,197,519,21,10,0.199,45,0.87,24052,882.79,0,0,12.098(15.123%)(0.000m),23.945(21.128%)(0.423m),54.000(47.647%)(3.643m),40.000(35.294%)(2.143m),30.000(37.500%)(1.071m),9.806(24.516%)(0.000m),40.000(100.000%)(3.214m),358.672,3330.604,61.0,1.3026,"[1.005, 0.904, 0.366, 0.997, 1.003, 0.320]","[2.854, 3.367, 2.902, 2.883, 3.567, 2.992]","[-5.939, -5.824, -5.353, -5.603, -5.610, -5.537]"
809,1,-1.4266,1.3991,0.354,187,496,12,2,0.198,45,0.87,24071,828.84,0,0,32.000(40.000%)(1.286m),50.000(44.118%)(3.214m),63.000(55.588%)(4.607m),23.861(21.054%)(0.414m),12.056(15.070%)(0.000m),40.000(100.000%)(3.214m),9.772(24.430%)(0.000m),636.302,3595.943,61.4,1.2706,"[0.682, 1.129, 1.100, 0.700, 1.215, 1.108]","[2.945, 3.482, 2.757, 3.116, 3.561, 2.788]","[-5.131, -5.978, -4.367, -4.896, -5.645, -4.577]"
810,1,-1.1154,1.3994,0.311,205,559,37,30,0.198,50,0.86,24092,926.74,0,0,28.000(35.000%)(0.857m),34.000(30.000%)(1.500m),39.262(34.643%)(2.064m),18.403(16.238%)(0.000m),10.711(13.389%)(0.000m),25.000(62.500%)(1.607m),10.076(25.189%)(0.008m),379.367,3262.756,63.1,1.2889,"[0.600, 1.015, 0.858, 0.443, 1.145, 0.868]","[2.655, 3.236, 2.680, 2.753, 3.397, 2.780]","[-4.876, -5.715, -6.140, -5.163, -5.648, -5.924]"
811,1,-2.4203,1.4448,0.238,837,2318,203,171,0.198,95,0.86,24176,3719.78,0,0,26.000(32.500%)(0.643m),38.000(33.530%)(1.929m),19.000(16.765%)(0.000m),19.000(16.765%)(0.000m),16.010(20.013%)(0.000m),11.000(27.500%)(0.107m),11.241(28.101%)(0.133m),0.000,3549.705,64.1,1.2685,"[-0.296, 0.290, 0.063, -0.388, 0.278, 0.092]","[2.520, 3.039, 2.536, 2.635, 3.198, 2.633]","[-5.938, -5.076, -5.784, -5.905, -5.378, -5.696]"
812,1,-0.2913,1.4449,0.245,410,1140,34,59,0.197,70,0.86,24217,1756.27,0,0,23.461(29.326%)(0.371m),31.000(27.353%)(1.179m),41.000(36.177%)(2.250m),34.000(30.000%)(1.500m),13.000(16.250%)(0.000m),16.581(41.453%)(0.705m),10.000(25.000%)(0.000m),184.396,3194.289,64.4,1.2979,"[0.416, 0.703, 0.394, 0.388, 0.852, 0.376]","[2.624, 2.858, 2.549, 2.615, 3.084, 2.551]","[-6.191, -4.015, -5.245, -5.710, -3.787, -5.078]"
813,1,-4.8931,1.3576,0.270,559,1583,125,139,0.197,85,0.86,24273,2495.00,0,0,20.340(25.425%)(0.036m),21.000(18.529%)(0.107m),20.000(17.647%)(0.000m),21.000(18.529%)(0.107m),25.000(31.250%)(0.536m),14.336(35.841%)(0.465m),19.000(47.500%)(0.964m),0.000,2497.227,65.5,1.4192,"[-0.143, 0.203, -0.233, -0.183, 0.191, -0.312]","[2.762, 3.315, 2.817, 2.887, 3.653, 2.891]","[-6.579, -5.663, -4.833, -6.573, -5.501, -5.446]"
814,1,-2.4225,1.3146,0.219,460,1250,78,91,0.196,75,0.86,24319,1986.90,0,0,10.000(12.500%)(0.000m),15.000(13.235%)(0.000m),44.000(38.824%)(2.571m),36.000(31.765%)(1.714m),19.000(23.750%)(0.000m),11.000(27.500%)(0.107m),19.000(47.500%)(0.964m),382.430,3736.355,62.9,1.1656,"[0.291, 0.749, 0.443, 0.262, 0.843, 0.409]","[2.474, 3.142, 2.467, 2.599, 3.207, 2.677]","[-6.425, -5.720, -4.632, -6.528, -5.351, -4.499]"
815,1,-1.0856,1.2790,0.290,204,524,23,0,0.196,45,0.86,24340,923.86,0,0,40.000(50.000%)(2.143m),47.000(41.471%)(2.893m),56.000(49.412%)(3.857m),28.202(24.884%)(0.879m),13.167(16.458%)(0.000m),40.000(100.000%)(3.214m),9.755(24.388%)(0.000m),885.291,4163.431,59.4,1.2794,"[0.067, 0.904, 1.358, 0.027, 0.992, 1.368]","[2.707, 3.215, 2.589, 2.810, 3.386, 2.684]","[-5.936, -5.487, -2.869, -5.625, -5.652, -3.268]"
816,1,-1.8893,1.2224,0.239,182,504,16,0,0.196,45,0.86,24359,867.14,0,0,32.000(40.000%)(1.286m),59.000(52.059%)(4.179m),72.000(63.530%)(5.571m),27.282(24.072%)(0.780m),12.827(16.034%)(0.000m),29.000(72.500%)(2.036m),9.754(24.385%)(0.000m),1221.939,3787.144,64.1,1.5531,"[0.541, 1.030, 1.197, 0.399, 1.197, 1.179]","[2.629, 3.160, 2.858, 2.648, 3.362, 2.997]","[-5.218, -5.328, -3.016, -4.877, -5.263, -3.310]"
817,1,1.5645,1.2509,0.271,417,1156,94,28,0.195,70,0.86,24401,1824.25,0,0,11.000(13.750%)(0.000m),20.000(17.647%)(0.000m),50.000(44.118%)(3.214m),43.867(38.706%)(2.557m),21.480(26.850%)(0.159m),11.000(27.500%)(0.107m),15.147(37.869%)(0.552m),429.988,3541.880,64.1,1.2641,"[0.412, 0.856, 0.904, 0.419, 1.036, 0.848]","[2.641, 3.204, 2.864, 2.658, 3.366, 2.819]","[-5.921, -4.947, -4.882, -5.648, -4.811, -4.469]"
818,1,-0.9619,1.1866,0.305,227,606,49,50,0.195,50,0.86,24424,978.52,0,0,12.045(15.056%)(0.000m),23.839(21.034%)(0.411m),34.000(30.000%)(1.500m),28.000(24.706%)(0.857m),23.000(28.750%)(0.321m),9.763(24.407%)(0.000m),22.000(55.000%)(1.286m),98.360,3548.959,61.8,1.2431,"[0.840, 1.042, 0.247, 0.760, 0.935, 0.142]","[2.681, 3.461, 3.150, 2.756, 3.566, 3.151]","[-5.561, -5.860, -5.866, -5.425, -5.873, -5.941]"
819,1,-0.2427,1.1614,0.275,650,1758,76,113,0.194,85,0.85,24489,2910.11,0,0,22.000(27.500%)(0.214m),22.000(19.412%)(0.214m),26.000(22.941%)(0.643m),45.000(39.706%)(2.679m),23.208(29.009%)(0.344m),17.000(42.500%)(0.750m),16.380(40.951%)(0.684m),0.000,3224.833,62.6,1.2542,"[0.298, 0.416, 0.124, 0.204, 0.362, 0.108]","[2.683, 3.180, 2.962, 2.603, 3.407, 3.013]","[-4.888, -5.696, -5.966, -5.054, -5.982, -5.541]"
820,1,-1.2308,1.1409,0.216,179,461,73,18,0.194,40,0.85,24507,738.88,0,0,22.000(27.500%)(0.214m),20.000(17.647%)(0.000m),23.000(20.294%)(0.321m),33.000(29.118%)(1.393m),50.942(63.678%)(3.315m),40.000(100.000%)(3.214m),40.000(100.000%)(3.214m),0.000,2026.085,59.6,1.2203,"[0.046, 0.113, 0.204, -0.143, 0.000, 0.236]","[2.627, 3.273, 2.850, 2.750, 3.468, 2.837]","[-6.510, -5.423, -5.627, -6.701, -6.528, -5.274]"
821,1,-0.3435,1.0699,0.275,308,902,84,46,0.194,65,0.85,24538,1311.70,0,0,22.000(27.500%)(0.214m),29.000(25.588%)(0.964m),40.000(35.294%)(2.143m),36.000(31.765%)(1.714m),23.000(28.750%)(0.321m),16.059(40.146%)(0.649m),24.000(60.000%)(1.500m),33.047,2339.188,67.8,1.2030,"[0.671, 0.776, 0.201, 0.466, 0.832, 0.153]","[2.725, 3.255, 2.876, 2.668, 3.435, 2.933]","[-2.207, -2.909, -4.850, -2.673, -3.006, -4.753]"
822,1,3.3866,1.0537,0.266,530,1522,19,51,0.193,85,0.85,24591,2375.08,0,0,31.000(38.750%)(1.179m),21.000(18.529%)(0.107m),19.000(16.765%)(0.000m),43.000(37.941%)(2.464m),25.436(31.794%)(0.582m),21.000(52.500%)(1.179m),18.006(45.014%)(0.858m),0.000,2906.795,66.4,1.3215,"[0.233, 0.573, 0.244, 0.133, 0.654, 0.377]","[2.490, 3.109, 2.796, 2.474, 3.379, 2.905]","[-4.999, -5.166, -5.501, -4.944, -5.299, -5.295]"
823,1,16.1165,1.4151,0.246,938,2649,220,182,0.193,100,0.97,24685,4215.20,1,1,18.000(22.500%)(0.000m),45.000(39.706%)(2.679m),59.000(52.059%)(4.179m),30.516(26.926%)(1.127m),13.991(17.489%)(0.000m),12.000(30.000%)(0.214m),9.788(24.469%)(0.000m),237.803,2947.294,65.4,1.2388,"[0.428, 0.929, 0.683, 0.311, 1.047, 0.637]","[2.811, 3.052, 2.629, 2.817, 3.275, 2.591]","[-4.447, -4.316, -4.820, -4.655, -3.944, -4.878]"
824,1,-3.4952,1.4265,0.253,863,2394,147,225,0.193,95,0.97,24772,3786.94,0,0,18.469(23.086%)(0.000m),38.000(33.530%)(1.929m),50.000(44.118%)(3.214m),19.000(16.765%)(0.000m),11.000(13.750%)(0.000m),13.003(32.509%)(0.322m),10.000(25.000%)(0.000m),414.087,3599.657,64.2,1.3028,"[0.142, 0.438, 0.185, 0.088, 0.528, 0.112]","[2.619, 3.117, 2.537, 2.701, 3.261, 2.469]","[-6.194, -8.207, -6.433, -5.635, -8.264, -6.967]"
825,1,-2.2813,1.0711,0.231,417,1154,84,83,0.192,70,0.97,24814,1826.90,0,0,20.832(26.040%)(0.089m),31.000(27.353%)(1.179m),40.000(35.294%)(2.143m),32.000(28.235%)(1.286m),13.000(16.250%)(0.000m),14.698(36.744%)(0.503m),10.000(25.000%)(0.000m),112.138,3343.815,64.0,1.3209,"[0.412, 0.725, 0.459, 0.339, 0.827, 0.363]","[2.912, 3.424, 2.868, 2.974, 3.516, 2.917]","[-6.390, -3.825, -5.152, -5.626, -3.647, -4.971]"
826,1,-0.5407,0.9317,0.283,582,1680,153,109,0.192,85,0.97,24873,2531.27,0,0,16.000(20.000%)(0.000m),33.000(29.118%)(1.393m),46.012(40.599%)(2.787m),20.027(17.671%)(0.003m),11.297(14.121%)(0.000m),11.000(27.500%)(0.107m),10.242(25.606%)(0.026m),298.101,3157.946,66.8,1.1840,"[-0.361, 0.366, 0.229, -0.504, 0.477, 0.251]","[2.975, 3.220, 2.503, 3.014, 3.357, 2.564]","[-5.073, -5.995, -6.196, -4.683, -6.064, -5.807]"
827,1,1.1156,0.9441,0.235,299,831,89,6,0.191,60,0.97,24903,1349.02,0,0,31.000(38.750%)(1.179m),47.000(41.471%)(2.893m),54.464(48.057%)(3.693m),21.677(19.127%)(0.180m),11.822(14.777%)(0.000m),28.000(70.000%)(1.929m),10.328(25.820%)(0.035m),584.868,3235.837,64.3,1.3505,"[0.536, 1.442, 1.164, 0.412, 1.565, 1.240]","[3.072, 3.407, 2.753, 3.113, 3.406, 2.823]","[-5.862, -6.561, -6.109, -5.572, -6.003, -5.466]"
828,1,0.1864,0.8382,0.249,345,973,148,32,0.191,65,0.97,24938,1512.90,0,0,18.680(23.350%)(0.000m),23.000(20.294%)(0.321m),33.000(29.118%)(1.393m),41.000(36.177%)(2.250m),29.000(36.250%)(0.964m),13.126(32.815%)(0.335m),26.000(65.000%)(1.714m),0.000,2803.013,65.3,1.5710,"[0.866, 0.920, 0.353, 0.763, 0.999, 0.319]","[2.496, 3.322, 2.945, 2.486, 3.484, 3.159]","[-3.890, -5.007, -5.768, -4.294, -4.963, -5.249]"
829,1,2.5756,0.9039,0.250,426,1208,71,50,0.191,75,0.97,24981,1944.76,0,0,28.000(35.000%)(0.857m),39.000(34.412%)(2.036m),67.000(59.118%)(5.036m),45.009(39.714%)(2.680m),21.469(26.837%)(0.157m),16.000(40.000%)(0.643m),15.159(37.898%)(0.553m),437.319,3216.451,65.6,1.4469,"[0.646, 1.185, 0.929, 0.567, 1.278, 0.795]","[2.750, 3.244, 2.913, 2.760, 3.383, 2.870]","[-3.831, -2.248, -3.942, -4.316, -3.428, -4.153]"
830,1,17.7569,1.3014,0.257,884,2542,102,125,0.190,100,1.08,25070,4127.74,1,1,25.000(31.250%)(0.536m),45.000(39.706%)(2.679m),50.000(44.118%)(3.214m),36.000(31.765%)(1.714m),22.000(27.500%)(0.214m),18.000(45.000%)(0.857m),15.768(39.420%)(0.618m),146.706,2659.528,66.6,1.4663,"[0.656, 1.119, 0.907, 0.612, 1.180, 0.866]","[2.801, 3.417, 2.914, 2.875, 3.576, 3.021]","[-4.703, -3.191, -3.889, -4.695, -3.247, -3.657]"
831,1,0.5091,1.3122,0.248,316,959,86,54,0.190,70,1.08,25102,1500.23,0,0,13.000(16.250%)(0.000m),27.000(23.824%)(0.750m),57.000(50.294%)(3.964m),40.000(35.294%)(2.143m),22.342(27.928%)(0.251m),11.000(27.500%)(0.107m),15.744(39.360%)(0.615m),243.521,2393.713,70.2,1.3166,"[-0.106, 0.400, 0.266, -0.190, 0.538, 0.241]","[2.600, 3.269, 2.965, 2.616, 3.414, 3.164]","[-5.178, -6.348, -6.647, -5.064, -6.422, -5.950]"
832,1,-2.1902,1.2554,0.312,445,1173,143,35,0.189,70,1.08,25147,1943.60,0,0,19.189(23.987%)(0.000m),40.198(35.469%)(2.164m),59.000(52.059%)(4.179m),27.000(23.824%)(0.750m),27.000(33.750%)(0.750m),13.554(33.884%)(0.381m),28.000(70.000%)(1.929m),530.071,4028.163,61.0,1.5081,"[0.350, 0.399, 0.035, 0.325, 0.429, -0.128]","[2.546, 2.989, 2.647, 2.615, 3.222, 2.544]","[-5.327, -6.313, -6.070, -4.885, -6.249, -5.980]"
833,1,-2.2502,1.2327,0.186,143,398,15,0,0.189,40,1.08,25162,702.90,0,0,37.000(46.250%)(1.821m),57.000(50.294%)(3.964m),22.301(19.677%)(0.247m),13.741(12.124%)(0.000m),9.300(11.625%)(0.000m),40.000(100.000%)(3.214m),10.913(27.282%)(0.098m),775.098,3227.384,64.3,1.9971,"[0.398, 0.666, 0.825, 0.324, 0.761, 0.745]","[2.154, 2.793, 2.469, 2.326, 2.997, 2.517]","[-4.923, -5.643, -5.763, -5.000, -5.903, -5.665]"
834,1,-0.4670,1.2604,0.239,237,620,27,30,0.189,50,1.08,25186,1079.97,0,0,23.000(28.750%)(0.321m),36.000(31.765%)(1.714m),53.000(46.765%)(3.536m),24.277(21.421%)(0.458m),12.266(15.333%)(0.000m),25.000(62.500%)(1.607m),9.942(24.855%)(0.000m),318.064,3536.418,60.5,1.4193,"[0.615, 1.029, 0.821, 0.544, 1.188, 0.815]","[2.810, 3.106, 2.511, 2.821, 3.361, 2.649]","[-5.448, -5.777, -4.941, -5.687, -6.045, -5.081]"
835,1,0.6222,1.3179,0.250,392,1112,95,58,0.188,70,1.08,25226,1735.29,0,0,12.000(15.000%)(0.000m),46.000(40.588%)(2.786m),48.000(42.353%)(3.000m),34.000(30.000%)(1.500m),21.320(26.650%)(0.141m),11.000(27.500%)(0.107m),15.033(37.583%)(0.539m),63.098,3000.353,65.7,1.2421,"[0.269, 0.712, 0.399, 0.175, 0.725, 0.309]","[2.677, 3.418, 2.768, 2.684, 3.549, 2.769]","[-4.182, -3.950, -4.886, -4.284, -4.192, -4.953]"
836,1,-1.2861,1.2425,0.260,388,1065,23,41,0.188,70,1.08,25265,1643.32,0,0,30.122(37.653%)(1.085m),49.000(43.235%)(3.107m),26.000(22.941%)(0.643m),19.000(16.765%)(0.000m),26.000(32.500%)(0.643m),21.477(53.692%)(1.230m),22.000(55.000%)(1.286m),605.382,3541.568,63.5,1.2280,"[0.581, 0.630, 0.281, 0.486, 0.751, 0.287]","[2.716, 3.098, 2.368, 2.773, 3.268, 2.454]","[-5.340, -6.139, -7.390, -5.637, -5.964, -7.110]"
837,1,-3.4671,1.2507,0.229,145,375,17,0,0.188,35,1.08,25280,593.86,0,0,55.000(68.750%)(3.750m),66.000(58.235%)(4.929m),28.641(25.271%)(0.926m),16.029(14.143%)(0.000m),10.212(12.765%)(0.000m),40.000(100.000%)(3.214m),10.856(27.139%)(0.092m),1444.509,5175.817,59.8,1.0308,"[-0.311, 0.332, 1.081, -0.326, 0.384, 1.048]","[2.370, 3.052, 2.592, 2.505, 3.209, 2.799]","[-5.223, -5.435, -5.511, -5.088, -5.458, -5.531]"
838,1,18.2917,1.3716,0.241,867,2507,6,95,0.187,100,1.19,25367,3794.11,1,1,28.000(35.000%)(0.857m),44.000(38.824%)(2.571m),57.000(50.294%)(3.964m),46.000(40.588%)(2.786m),23.242(29.053%)(0.347m),22.000(55.000%)(1.286m),16.000(40.000%)(0.643m),450.705,3155.327,66.9,1.2015,"[0.607, 0.945, 0.732, 0.530, 1.080, 0.719]","[2.505, 3.113, 2.521, 2.544, 3.157, 2.655]","[-4.245, -0.799, -1.003, -4.299, -0.501, -0.913]"
839,1,19.1184,1.7666,0.250,1116,2998,159,249,0.187,100,1.31,25479,4998.90,2,1,24.000(30.000%)(0.429m),41.000(36.177%)(2.250m),45.000(39.706%)(2.679m),33.000(29.118%)(1.393m),20.545(25.681%)(0.058m),17.000(42.500%)(0.750m),14.461(36.153%)(0.478m),125.614,3333.870,62.2,1.2621,"[0.829, 1.239, 0.926, 0.785, 1.334, 0.898]","[2.992, 3.332, 2.972, 2.834, 3.563, 2.916]","[-4.629, -4.005, -4.606, -4.534, -4.078, -4.511]"
840,1,-2.2551,1.7687,0.281,372,1072,117,30,0.186,70,1.31,25517,1570.48,0,0,13.000(16.250%)(0.000m),30.000(26.471%)(1.071m),53.000(46.765%)(3.536m),38.000(33.530%)(1.929m),19.043(23.804%)(0.000m),10.000(25.000%)(0.000m),13.396(33.491%)(0.364m),197.192,3849.980,66.7,1.3207,"[0.574, 0.833, 0.586, 0.465, 1.030, 0.648]","[3.144, 3.166, 2.744, 3.122, 3.361, 2.721]","[-4.075, -5.220, -5.928, -4.506, -5.010, -5.544]"
841,1,-0.9086,1.7820,0.272,180,492,21,19,0.186,45,1.31,25535,807.42,0,0,27.000(33.750%)(0.750m),39.000(34.412%)(2.036m),34.579(30.511%)(1.562m),17.900(15.794%)(0.000m),10.926(13.657%)(0.000m),29.000(72.500%)(2.036m),10.926(27.314%)(0.099m),439.521,2972.941,63.2,1.5935,"[0.580, 1.080, 1.053, 0.504, 1.200, 0.983]","[2.890, 3.415, 2.934, 2.961, 3.640, 2.952]","[-5.606, -5.455, -6.189, -5.456, -5.354, -5.984]"
842,1,12.0066,2.0856,0.259,937,2648,124,112,0.186,100,1.43,25629,4326.28,1,1,18.000(22.500%)(0.000m),44.000(38.824%)(2.571m),58.000(51.177%)(4.071m),37.000(32.647%)(1.821m),22.622(28.277%)(0.281m),13.000(32.500%)(0.321m),15.999(39.997%)(0.643m),162.056,3434.541,65.4,1.3599,"[0.767, 0.989, 0.714, 0.673, 1.072, 0.758]","[2.930, 3.426, 2.936, 3.037, 3.617, 3.044]","[-4.766, -4.701, -6.104, -4.675, -4.803, -5.711]"
843,1,17.3265,2.3922,0.241,946,2664,104,156,0.185,100,1.54,25724,4128.49,2,1,17.875(22.343%)(0.000m),37.978(33.510%)(1.926m),53.000(46.765%)(3.536m),42.000(37.059%)(2.357m),22.000(27.500%)(0.214m),12.566(31.414%)(0.275m),11.000(27.500%)(0.107m),381.187,3416.633,65.2,1.2600,"[0.937, 1.063, 0.743, 0.830, 1.140, 0.758]","[2.977, 3.328, 2.958, 3.033, 3.497, 3.052]","[-3.511, -4.190, -5.034, -3.719, -3.869, -5.066]"
844,1,4.7893,2.1519,0.220,643,1743,79,150,0.185,85,1.54,25789,2919.48,0,0,25.000(31.250%)(0.536m),50.000(44.118%)(3.214m),47.000(41.471%)(2.893m),21.000(18.529%)(0.107m),17.368(21.710%)(0.000m),19.000(47.500%)(0.964m),12.185(30.461%)(0.234m),0.000,3714.311,62.7,1.3299,"[0.901, 1.134, 0.768, 0.797, 1.230, 0.746]","[3.294, 3.583, 3.305, 3.440, 3.822, 3.269]","[-4.392, -3.399, -4.657, -4.681, -3.697, -4.410]"
845,1,0.7469,2.1869,0.264,912,2459,287,142,0.185,95,1.54,25881,3887.99,0,0,15.379(19.223%)(0.000m),32.520(28.694%)(1.341m),49.000(43.235%)(3.107m),29.000(25.588%)(0.964m),17.662(22.077%)(0.000m),10.819(27.047%)(0.088m),12.415(31.036%)(0.259m),0.000,3394.816,62.4,1.2376,"[0.581, 1.132, 0.833, 0.513, 1.184, 0.798]","[3.051, 3.565, 3.177, 3.140, 3.846, 3.173]","[-5.829, -6.287, -4.676, -5.307, -6.538, -4.725]"
846,1,1.9556,2.2241,0.296,324,932,5,13,0.184,65,1.54,25914,1368.15,0,0,32.000(40.000%)(1.286m),47.000(41.471%)(2.893m),46.000(40.588%)(2.786m),29.000(25.588%)(0.964m),22.000(27.500%)(0.214m),27.000(67.500%)(1.821m),16.802(42.005%)(0.729m),0.000,2579.735,66.5,1.2011,"[0.621, 0.924, 0.962, 0.465, 1.112, 0.992]","[2.689, 3.438, 2.958, 2.818, 3.652, 3.065]","[-5.286, -6.689, -4.384, -4.942, -6.849, -4.650]"
847,1,0.0345,2.2553,0.264,822,2305,236,115,0.184,95,1.53,25997,3639.44,0,0,11.000(13.750%)(0.000m),17.000(15.000%)(0.000m),31.000(27.353%)(1.179m),31.000(27.353%)(1.179m),15.684(19.605%)(0.000m),15.175(37.938%)(0.554m),10.986(27.466%)(0.106m),168.418,3713.343,64.9,1.3133,"[0.216, 0.844, 0.492, 0.154, 0.846, 0.486]","[2.905, 3.150, 2.783, 3.106, 3.330, 2.877]","[-8.796, -6.537, -6.535, -8.005, -7.641, -5.888]"
848,1,19.9313,2.5510,0.267,1054,2877,111,244,0.183,100,1.65,26103,4733.39,1,1,21.000(26.250%)(0.107m),42.000(37.059%)(2.357m),51.000(45.000%)(3.321m),34.000(30.000%)(1.500m),21.020(26.275%)(0.109m),15.000(37.500%)(0.536m),14.801(37.002%)(0.514m),193.751,3563.830,63.2,1.2937,"[1.019, 1.461, 1.205, 1.009, 1.520, 1.218]","[2.966, 3.585, 3.131, 3.169, 3.639, 3.230]","[-4.194, -3.956, -5.285, -4.056, -4.136, -5.134]"
849,1,3.4512,2.6571,0.269,347,899,46,26,0.183,60,1.65,26138,1476.78,0,0,24.000(30.000%)(0.429m),39.000(34.412%)(2.036m),53.000(46.765%)(3.536m),24.551(21.663%)(0.488m),12.404(15.506%)(0.000m),26.000(65.000%)(1.714m),10.054(25.136%)(0.006m),405.391,3821.198,59.9,1.1986,"[0.934, 1.521, 1.435, 0.855, 1.644, 1.455]","[2.790, 3.367, 2.950, 2.904, 3.483, 3.054]","[-5.554, -5.919, -4.834, -5.471, -5.668, -4.632]"
850,1,2.9375,2.7020,0.268,329,898,81,40,0.183,65,1.65,26171,1392.65,0,0,24.000(30.000%)(0.429m),40.000(35.294%)(2.143m),51.771(45.680%)(3.404m),20.605(18.181%)(0.065m),11.237(14.046%)(0.000m),21.000(52.500%)(1.179m),9.817(24.544%)(0.000m),715.443,3260.269,63.2,1.2802,"[0.932, 1.476, 1.189, 0.854, 1.598, 1.232]","[2.925, 3.377, 2.672, 2.933, 3.444, 2.775]","[-5.577, -5.955, -5.390, -5.651, -5.552, -4.918]"
851,1,1.4888,2.7673,0.261,858,2380,230,113,0.182,95,1.65,26257,3833.36,0,0,12.000(15.000%)(0.000m),23.000(20.294%)(0.321m),47.000(41.471%)(2.893m),35.000(30.882%)(1.607m),18.968(23.710%)(0.000m),11.000(27.500%)(0.107m),13.324(33.310%)(0.356m),267.817,3180.106,64.2,1.2673,"[0.243, 0.733, 0.455, 0.193, 0.751, 0.449]","[2.949, 3.305, 2.665, 3.059, 3.502, 2.729]","[-6.992, -6.600, -5.809, -6.610, -6.794, -5.225]"
852,1,21.1165,2.8768,0.241,952,2676,143,135,0.182,100,1.76,26353,4174.61,1,1,26.000(32.500%)(0.643m),46.000(40.588%)(2.786m),56.000(49.412%)(3.857m),34.000(30.000%)(1.500m),17.740(22.175%)(0.000m),18.000(45.000%)(0.857m),12.460(31.151%)(0.264m),154.065,2690.703,65.0,1.2717,"[0.508, 1.218, 0.932, 0.432, 1.265, 0.938]","[3.092, 3.266, 2.955, 3.209, 3.386, 2.848]","[-5.006, -3.439, -4.360, -5.236, -3.724, -3.770]"
853,1,16.2902,2.8331,0.245,952,2677,243,103,0.182,100,1.88,26449,4212.46,2,1,19.000(23.750%)(0.000m),38.000(33.530%)(1.929m),55.000(48.530%)(3.750m),34.000(30.000%)(1.500m),16.946(21.182%)(0.000m),13.000(32.500%)(0.321m),11.880(29.700%)(0.201m),105.687,3435.794,65.1,1.2273,"[0.574, 1.071, 0.822, 0.582, 1.164, 0.849]","[3.175, 3.311, 2.935, 3.338, 3.530, 2.940]","[-5.337, -4.742, -5.222, -5.187, -4.938, -4.767]"
854,1,-0.8485,2.8593,0.332,203,530,15,2,0.181,45,1.87,26470,864.09,0,0,33.000(41.250%)(1.393m),51.000(45.000%)(3.321m),60.000(52.941%)(4.286m),27.883(24.603%)(0.845m),13.007(16.259%)(0.000m),40.000(100.000%)(3.214m),9.763(24.408%)(0.000m),776.628,3625.017,60.4,1.2319,"[0.544, 0.825, 1.076, 0.582, 1.000, 0.994]","[2.670, 3.370, 3.048, 2.818, 3.629, 3.083]","[-5.625, -5.759, -4.303, -5.313, -5.574, -4.816]"
855,1,9.7874,3.0846,0.271,1140,3046,357,161,0.181,100,1.99,26584,5052.16,1,1,14.684(18.355%)(0.000m),31.225(27.552%)(1.203m),44.000(38.824%)(2.571m),36.000(31.765%)(1.714m),17.000(21.250%)(0.000m),10.314(25.785%)(0.034m),12.000(30.000%)(0.214m),227.782,3669.745,61.8,1.3122,"[0.796, 1.026, 0.591, 0.734, 1.128, 0.576]","[3.304, 3.394, 3.076, 3.272, 3.654, 2.971]","[-7.685, -4.668, -4.932, -6.466, -4.228, -4.886]"
856,1,15.6513,3.3759,0.253,884,2543,229,95,0.181,100,2.10,26673,3948.09,2,1,20.000(25.000%)(0.000m),57.000(50.294%)(3.964m),68.000(60.000%)(5.143m),40.987(36.165%)(2.249m),19.696(24.620%)(0.000m),13.000(32.500%)(0.321m),13.872(34.681%)(0.415m),229.081,3194.708,66.6,1.3199,"[0.459, 1.099, 0.862, 0.320, 1.177, 0.897]","[2.864, 3.246, 2.634, 2.960, 3.313, 2.666]","[-5.238, -2.225, -3.927, -5.402, -2.898, -3.703]"
857,1,-1.3610,3.3625,0.196,162,464,23,22,0.180,45,2.10,26690,720.53,0,0,25.000(31.250%)(0.536m),38.000(33.530%)(1.929m),44.377(39.156%)(2.612m),19.316(17.044%)(0.000m),10.896(13.620%)(0.000m),26.000(65.000%)(1.714m),9.879(24.696%)(0.000m),243.521,2667.581,66.3,1.1910,"[-0.016, 0.524, 0.521, -0.118, 0.652, 0.506]","[2.129, 2.857, 2.554, 2.265, 3.119, 2.666]","[-5.448, -5.872, -6.075, -5.281, -6.013, -5.648]"
858,1,0.5746,3.3932,0.234,301,888,101,37,0.180,65,2.10,26721,1300.52,0,0,27.000(33.750%)(0.750m),42.000(37.059%)(2.357m),49.000(43.235%)(3.107m),29.000(25.588%)(0.964m),21.000(26.250%)(0.107m),24.000(60.000%)(1.500m),14.816(37.039%)(0.516m),0.354,2574.644,68.3,1.2514,"[0.386, 0.979, 1.048, 0.256, 1.168, 1.072]","[2.461, 3.050, 2.607, 2.687, 3.351, 2.780]","[-4.198, -5.696, -2.852, -4.265, -5.486, -3.259]"
859,1,-0.1816,3.4181,0.317,209,584,18,49,0.179,50,2.10,26742,964.74,0,0,22.000(27.500%)(0.214m),43.000(37.941%)(2.464m),53.178(46.922%)(3.555m),21.165(18.675%)(0.125m),11.542(14.428%)(0.000m),19.000(47.500%)(0.964m),10.084(25.211%)(0.009m),377.296,3315.851,64.6,1.6085,"[0.622, 1.153, 1.153, 0.638, 1.405, 1.117]","[2.786, 3.127, 2.912, 2.911, 3.422, 2.962]","[-5.894, -6.025, -5.802, -6.068, -5.524, -5.498]"
860,1,1.9490,3.4793,0.261,374,1063,8,42,0.179,70,2.09,26780,1640.38,0,0,11.000(13.750%)(0.000m),18.000(15.882%)(0.000m),49.000(43.235%)(3.107m),32.000(28.235%)(1.286m),23.000(28.750%)(0.321m),11.000(27.500%)(0.107m),16.500(41.250%)(0.696m),74.162,2918.159,65.8,1.4005,"[0.108, 0.580, 0.478, 0.100, 0.804, 0.561]","[2.625, 3.117, 2.609, 2.880, 3.408, 2.790]","[-7.220, -6.562, -5.758, -6.961, -6.278, -5.113]"
861,1,-1.8846,3.4901,0.237,175,482,35,24,0.179,45,2.09,26798,765.32,0,0,24.000(30.000%)(0.429m),31.000(27.353%)(1.179m),42.000(37.059%)(2.357m),23.516(20.750%)(0.377m),12.206(15.258%)(0.000m),40.000(100.000%)(3.214m),10.146(25.364%)(0.016m),119.177,3549.746,63.7,1.3602,"[-0.442, 0.314, 0.804, -0.604, 0.494, 0.750]","[2.597, 3.139, 2.839, 2.760, 3.469, 2.967]","[-5.021, -5.665, -4.284, -5.037, -5.021, -4.437]"
862,1,-0.2818,3.4902,0.245,337,958,74,42,0.178,65,2.09,26832,1469.62,0,0,25.000(31.250%)(0.536m),36.000(31.765%)(1.714m),47.000(41.471%)(2.893m),30.000(26.471%)(1.071m),18.838(23.547%)(0.000m),24.000(60.000%)(1.500m),13.245(33.113%)(0.348m),26.508,2583.247,65.8,1.2855,"[0.400, 0.828, 0.738, 0.243, 1.021, 0.786]","[2.811, 3.385, 2.893, 2.809, 3.635, 2.951]","[-4.792, -5.451, -2.942, -4.732, -5.282, -3.221]"
863,1,1.2675,3.6135,0.249,327,939,47,8,0.178,65,2.09,26865,1405.72,0,0,32.000(40.000%)(1.286m),47.000(41.471%)(2.893m),53.000(46.765%)(3.536m),22.000(19.412%)(0.214m),22.280(27.851%)(0.244m),22.000(55.000%)(1.286m),15.710(39.275%)(0.612m),0.000,2669.139,66.4,1.2916,"[0.498, 0.792, 0.784, 0.394, 0.975, 0.754]","[2.719, 3.210, 2.812, 2.821, 3.454, 2.899]","[-5.002, -6.494, -5.510, -4.631, -6.080, -5.466]"
864,1,1.7470,3.6968,0.250,349,981,140,13,0.178,65,2.08,26900,1463.53,0,0,33.000(41.250%)(1.393m),45.000(39.706%)(2.679m),45.000(39.706%)(2.679m),20.000(17.647%)(0.000m),19.603(24.504%)(0.000m),30.000(75.000%)(2.143m),13.827(34.567%)(0.410m),0.000,2930.358,65.1,1.2182,"[0.006, 0.737, 0.900, -0.117, 0.973, 0.943]","[2.879, 3.366, 2.799, 2.941, 3.492, 2.851]","[-5.610, -6.890, -5.858, -5.518, -6.488, -6.020]"
865,1,1.8512,3.7556,0.281,345,973,71,24,0.177,65,2.08,26935,1421.86,0,0,29.000(36.250%)(0.964m),48.000(42.353%)(3.000m),30.000(26.471%)(1.071m),21.000(18.529%)(0.107m),15.798(19.747%)(0.000m),25.000(62.500%)(1.607m),11.073(27.682%)(0.115m),0.000,2748.088,65.3,1.1386,"[0.146, 0.686, 0.828, 0.026, 0.861, 0.908]","[2.892, 3.467, 3.043, 2.915, 3.708, 3.160]","[-7.098, -7.636, -6.138, -6.532, -7.452, -6.322]"
866,1,-1.4440,3.7645,0.208,324,934,86,29,0.177,65,2.08,26968,1362.39,0,0,28.000(35.000%)(0.857m),44.000(38.824%)(2.571m),35.000(30.882%)(1.607m),25.000(22.059%)(0.536m),19.369(24.211%)(0.000m),26.000(65.000%)(1.714m),13.618(34.044%)(0.388m),0.000,2513.553,66.7,1.1618,"[-0.090, 0.515, 0.625, -0.236, 0.706, 0.606]","[2.411, 3.043, 2.695, 2.649, 3.260, 2.753]","[-5.385, -6.009, -3.304, -5.224, -5.821, -3.733]"
867,1,6.9562,3.8723,0.272,730,2031,118,24,0.177,90,2.08,27041,3260.33,0,0,31.000(38.750%)(1.179m),47.000(41.471%)(2.893m),59.000(52.059%)(4.179m),25.818(22.781%)(0.623m),12.488(15.610%)(0.000m),23.000(57.500%)(1.393m),9.743(24.358%)(0.000m),311.635,3379.556,64.4,1.2499,"[0.716, 1.204, 1.069, 0.616, 1.337, 1.089]","[2.996, 3.232, 2.910, 2.916, 3.498, 3.055]","[-5.205, -5.752, -3.967, -5.090, -5.517, -3.810]"
868,1,-0.0791,3.8900,0.295,283,750,84,42,0.176,55,2.07,27070,1217.04,0,0,12.250(15.312%)(0.000m),24.244(21.392%)(0.455m),44.000(38.824%)(2.571m),33.000(29.118%)(1.393m),23.000(28.750%)(0.321m),9.929(24.822%)(0.000m),24.000(60.000%)(1.500m),210.140,3788.636,61.3,1.1657,"[1.149, 1.409, 0.663, 1.168, 1.415, 0.539]","[2.908, 3.506, 2.891, 3.154, 3.641, 3.010]","[-5.705, -5.826, -4.993, -5.484, -5.850, -5.365]"
869,1,-2.7948,3.8389,0.258,441,1170,212,26,0.176,70,2.07,27115,1884.34,0,0,16.156(20.196%)(0.000m),32.000(28.235%)(1.286m),22.000(19.412%)(0.214m),26.000(22.941%)(0.643m),29.000(36.250%)(0.964m),11.376(28.441%)(0.147m),24.000(60.000%)(1.500m),0.000,3934.676,61.4,1.1774,"[1.110, 0.897, -0.572, 0.972, 0.970, -0.581]","[2.894, 3.231, 2.898, 2.898, 3.393, 2.977]","[-5.024, -5.662, -6.985, -5.099, -5.811, -6.700]"
870,1,-0.2661,3.8582,0.266,405,1127,106,41,0.176,70,2.07,27156,1807.62,0,0,13.000(16.250%)(0.000m),24.000(21.177%)(0.429m),55.000(48.530%)(3.750m),36.685(32.369%)(1.788m),17.154(21.443%)(0.000m),11.000(27.500%)(0.107m),12.030(30.076%)(0.218m),377.013,3436.405,64.4,1.2932,"[0.123, 0.771, 0.508, -0.014, 0.876, 0.577]","[2.840, 3.481, 3.138, 3.028, 3.665, 3.113]","[-5.740, -5.071, -5.132, -5.646, -4.723, -4.677]"
871,1,-2.5191,3.8147,0.252,171,450,17,0,0.175,40,2.07,27174,748.72,0,0,40.000(50.000%)(2.143m),53.000(46.765%)(3.536m),48.343(42.656%)(3.037m),20.464(18.056%)(0.050m),11.417(14.271%)(0.000m),40.000(100.000%)(3.214m),10.225(25.561%)(0.024m),880.836,4180.635,60.9,1.2581,"[0.100, 0.726, 1.277, 0.138, 0.846, 1.213]","[2.966, 3.325, 2.854, 3.090, 3.564, 3.005]","[-5.651, -5.656, -5.465, -5.321, -5.682, -5.567]"
872,1,-0.0597,3.7458,0.259,210,614,19,46,0.175,50,2.06,27195,934.97,0,0,22.000(27.500%)(0.214m),39.000(34.412%)(2.036m),51.001(45.001%)(3.322m),20.956(18.490%)(0.102m),11.561(14.451%)(0.000m),19.000(47.500%)(0.964m),10.226(25.566%)(0.024m),273.541,2742.246,67.7,1.6355,"[0.559, 1.002, 0.774, 0.559, 1.171, 0.703]","[2.865, 3.264, 2.937, 2.967, 3.554, 3.003]","[-5.827, -6.200, -5.734, -5.558, -6.016, -5.532]"
873,1,14.0990,3.7054,0.277,885,2544,53,158,0.175,100,2.18,27284,4034.09,1,1,23.000(28.750%)(0.321m),49.000(43.235%)(3.107m),71.000(62.647%)(5.464m),31.261(27.584%)(1.207m),14.404(18.006%)(0.000m),16.000(40.000%)(0.643m),10.080(25.200%)(0.009m),298.855,3177.975,66.5,1.3100,"[0.895, 1.157, 0.952, 0.785, 1.283, 0.979]","[2.982, 3.408, 3.021, 3.238, 3.577, 2.987]","[-5.261, -3.740, -3.111, -5.370, -3.713, -3.058]"
874,1,1.0131,3.7956,0.276,398,1143,85,76,0.174,75,2.17,27324,1729.55,0,0,17.261(21.576%)(0.000m),34.000(30.000%)(1.500m),53.000(46.765%)(3.536m),44.000(38.824%)(2.571m),19.000(23.750%)(0.000m),12.113(30.283%)(0.226m),10.000(25.000%)(0.000m),186.961,2846.475,66.4,1.2281,"[0.538, 0.895, 0.581, 0.571, 1.029, 0.621]","[2.645, 3.238, 3.002, 3.001, 3.486, 3.102]","[-4.964, -2.222, -3.769, -4.872, -2.736, -3.596]"
875,1,-2.6944,3.7873,0.286,420,1133,43,39,0.174,70,2.17,27366,1813.57,0,0,22.038(27.547%)(0.218m),46.303(40.855%)(2.818m),46.000(40.588%)(2.786m),22.000(19.412%)(0.214m),16.000(20.000%)(0.000m),15.551(38.877%)(0.595m),25.000(62.500%)(1.607m),393.645,3377.709,62.4,1.2980,"[0.750, 1.010, 0.817, 0.781, 1.201, 0.776]","[2.814, 3.307, 3.005, 3.033, 3.551, 2.907]","[-5.583, -6.140, -7.665, -4.994, -5.916, -7.085]"
876,1,-1.8856,3.7604,0.275,203,512,34,0,0.173,45,2.17,27387,948.32,0,0,35.000(43.750%)(1.607m),42.000(37.059%)(2.357m),22.999(20.294%)(0.321m),14.171(12.504%)(0.000m),9.592(11.990%)(0.000m),40.000(100.000%)(3.214m),11.255(28.137%)(0.134m),617.683,3854.568,58.4,1.3754,"[0.763, 1.127, 1.339, 0.805, 1.210, 1.312]","[3.018, 3.528, 3.289, 3.130, 3.618, 3.372]","[-5.487, -5.135, -5.522, -5.305, -5.255, -5.555]"
877,1,20.6768,4.1517,0.261,1013,2793,169,126,0.173,100,2.28,27489,4699.27,1,1,25.000(31.250%)(0.536m),38.000(33.530%)(1.929m),56.000(49.412%)(3.857m),39.000(34.412%)(2.036m),19.242(24.053%)(0.000m),20.000(50.000%)(1.071m),13.522(33.804%)(0.377m),214.476,2920.587,63.8,1.3253,"[0.904, 1.348, 1.115, 0.811, 1.448, 1.117]","[3.095, 3.408, 3.225, 3.371, 3.544, 3.112]","[-4.028, -1.906, -3.752, -4.463, -2.090, -3.428]"
878,1,16.0397,4.4687,0.243,999,2766,236,87,0.173,100,2.39,27589,4465.86,2,1,29.000(36.250%)(0.964m),42.000(37.059%)(2.357m),56.000(49.412%)(3.857m),38.930(34.350%)(2.028m),18.334(22.918%)(0.000m),20.000(50.000%)(1.071m),12.876(32.190%)(0.308m),437.202,3385.783,64.1,1.4281,"[0.686, 1.270, 1.214, 0.624, 1.414, 1.217]","[3.410, 3.276, 2.952, 3.463, 3.455, 2.954]","[-5.433, -2.893, -2.805, -5.532, -2.553, -2.460]"
879,1,-0.1098,4.4150,0.293,282,827,148,0,0.172,60,2.39,27618,1296.11,0,0,34.000(42.500%)(1.500m),43.000(37.941%)(2.464m),49.000(43.235%)(3.107m),27.498(24.263%)(0.803m),12.891(16.113%)(0.000m),29.000(72.500%)(2.036m),9.802(24.505%)(0.000m),435.365,2741.900,67.9,1.5001,"[-0.552, 0.138, 0.605, -0.671, 0.336, 0.708]","[2.601, 3.070, 2.806, 2.723, 3.385, 2.881]","[-6.152, -5.375, -5.200, -6.334, -5.189, -4.238]"
880,1,-3.0064,3.9998,0.224,265,696,32,49,0.172,55,2.39,27645,1189.61,0,0,23.000(28.750%)(0.321m),38.000(33.530%)(1.929m),53.000(46.765%)(3.536m),28.827(25.436%)(0.946m),13.164(16.455%)(0.000m),21.000(52.500%)(1.179m),9.626(24.066%)(0.000m),392.620,3563.576,60.8,1.5108,"[0.742, 1.076, 1.155, 0.750, 1.288, 1.244]","[2.579, 3.344, 2.818, 2.720, 3.455, 3.040]","[-5.294, -5.131, -3.323, -5.134, -4.821, -3.227]"
881,1,-1.5482,3.9586,0.301,215,581,17,29,0.172,50,2.38,27667,923.53,0,0,27.000(33.750%)(0.750m),36.000(31.765%)(1.714m),78.147(68.954%)(6.230m),28.745(25.363%)(0.937m),13.259(16.574%)(0.000m),25.000(62.500%)(1.607m),9.696(24.239%)(0.000m),478.882,3222.946,62.6,1.2367,"[0.666, 0.903, 1.121, 0.582, 1.197, 1.140]","[2.817, 3.178, 2.772, 2.911, 3.419, 2.739]","[-5.100, -5.311, -2.566, -4.810, -4.930, -2.641]"
882,1,15.4521,4.3115,0.252,943,2656,54,196,0.171,100,2.49,27762,4229.31,1,1,20.000(25.000%)(0.000m),36.000(31.765%)(1.714m),49.000(43.235%)(3.107m),36.000(31.765%)(1.714m),23.570(29.462%)(0.382m),15.000(37.500%)(0.536m),16.655(41.637%)(0.713m),247.947,2611.983,65.2,1.2586,"[0.927, 1.243, 0.871, 0.872, 1.279, 0.849]","[3.121, 3.605, 3.109, 3.228, 3.678, 3.164]","[-4.103, -4.344, -5.636, -4.206, -4.765, -5.287]"
883,1,0.2214,4.3609,0.258,707,2062,95,91,0.171,95,2.49,27833,3080.55,0,0,25.000(31.250%)(0.536m),23.000(20.294%)(0.321m),21.000(18.529%)(0.107m),39.097(34.498%)(2.046m),18.342(22.927%)(0.000m),19.000(47.500%)(0.964m),12.876(32.191%)(0.308m),0.000,2546.668,67.5,1.2399,"[0.450, 0.866, 0.771, 0.326, 0.996, 0.777]","[2.916, 3.355, 2.771, 2.944, 3.606, 2.881]","[-6.024, -5.069, -4.590, -5.770, -6.030, -4.824]"
884,1,3.8422,4.4471,0.250,681,1835,62,95,0.171,85,2.49,27902,3054.39,0,0,27.000(33.750%)(0.750m),35.000(30.882%)(1.607m),19.823(17.491%)(0.000m),13.033(11.500%)(0.000m),9.243(11.554%)(0.000m),23.000(57.500%)(1.393m),11.847(29.619%)(0.198m),218.308,5427.707,62.3,1.1727,"[0.920, 1.158, 0.928, 0.827, 1.280, 1.014]","[3.098, 3.605, 3.177, 3.214, 3.708, 3.077]","[-5.599, -5.732, -6.254, -5.486, -5.986, -5.957]"
885,1,9.3881,4.6224,0.279,935,2647,90,310,0.170,100,2.60,27996,4236.70,1,1,20.000(25.000%)(0.000m),37.000(32.647%)(1.821m),38.000(33.530%)(1.929m),29.000(25.588%)(0.964m),19.621(24.526%)(0.000m),15.000(37.500%)(0.536m),13.810(34.525%)(0.408m),73.099,3543.555,65.5,1.2940,"[0.638, 0.900, 0.550, 0.547, 0.953, 0.593]","[3.308, 3.615, 3.222, 3.299, 3.795, 3.422]","[-5.359, -5.805, -4.795, -4.973, -6.083, -4.845]"
886,1,0.2676,4.6535,0.255,330,989,56,52,0.170,70,2.60,28029,1443.92,0,0,12.000(15.000%)(0.000m),38.000(33.530%)(1.929m),57.000(50.294%)(3.964m),32.919(29.046%)(1.384m),15.192(18.990%)(0.000m),11.000(27.500%)(0.107m),10.635(26.586%)(0.068m),243.521,2548.771,69.4,1.3206,"[0.019, 0.594, 0.573, -0.082, 0.671, 0.618]","[2.788, 3.432, 3.123, 3.021, 3.710, 3.097]","[-5.062, -3.589, -5.919, -4.975, -3.877, -5.286]"
887,1,-2.5815,4.6712,0.318,141,386,25,0,0.170,40,2.59,28044,595.23,0,0,11.311(14.139%)(0.000m),20.740(18.300%)(0.079m),52.111(45.980%)(3.440m),56.000(49.412%)(3.857m),44.000(55.000%)(2.571m),9.882(24.705%)(0.000m),40.000(100.000%)(3.214m),779.593,3501.138,63.4,1.1838,"[0.666, 0.289, 0.003, 0.589, 0.296, -0.078]","[3.226, 3.489, 2.830, 3.367, 3.680, 2.941]","[-5.060, -5.943, -5.279, -4.907, -6.262, -5.673]"
888,1,12.6961,4.5593,0.267,827,2433,126,257,0.169,100,2.70,28127,3718.40,1,1,19.000(23.750%)(0.000m),41.486(36.606%)(2.302m),55.000(48.530%)(3.750m),35.000(30.882%)(1.607m),21.018(26.272%)(0.109m),13.772(34.430%)(0.404m),14.793(36.982%)(0.514m),127.857,2592.122,68.1,1.2254,"[0.824, 1.148, 0.844, 0.826, 1.231, 0.853]","[3.114, 3.538, 3.436, 3.100, 3.641, 3.403]","[-5.281, -4.371, -5.128, -4.754, -4.809, -4.540]"
889,1,18.9213,4.5553,0.270,867,2507,8,114,0.169,100,2.81,28214,3820.56,2,1,27.000(33.750%)(0.750m),45.000(39.706%)(2.679m),61.000(53.824%)(4.393m),39.000(34.412%)(2.036m),22.921(28.651%)(0.313m),21.000(52.500%)(1.179m),16.173(40.432%)(0.661m),300.908,2596.304,66.9,1.2162,"[1.285, 1.500, 1.282, 1.238, 1.651, 1.263]","[3.250, 3.719, 3.341, 3.388, 3.883, 3.313]","[-3.815, -1.500, -2.698, -3.953, -1.613, -2.333]"
890,1,3.4596,4.6696,0.281,596,1701,103,51,0.169,85,2.81,28274,2676.19,0,0,26.000(32.500%)(0.643m),32.000(28.235%)(1.286m),47.000(41.471%)(2.893m),23.548(20.778%)(0.380m),12.062(15.077%)(0.000m),21.000(52.500%)(1.179m),9.900(24.751%)(0.000m),241.373,3123.988,66.0,1.2847,"[0.439, 1.065, 0.965, 0.280, 1.173, 0.956]","[2.992, 3.522, 3.092, 3.152, 3.775, 3.055]","[-5.682, -5.369, -5.061, -5.497, -5.284, -4.808]"
891,1,-0.6558,4.6747,0.257,190,521,29,4,0.168,45,2.81,28293,821.80,0,0,31.000(38.750%)(1.179m),48.000(42.353%)(3.000m),78.000(68.824%)(6.214m),26.281(23.189%)(0.673m),12.712(15.890%)(0.000m),32.000(80.000%)(2.357m),9.918(24.795%)(0.000m),458.487,3437.896,63.4,1.2918,"[0.053, 1.056, 1.623, 0.080, 1.096, 1.668]","[3.036, 3.645, 2.902, 3.143, 3.698, 2.959]","[-6.257, -4.286, -1.216, -5.811, -4.606, -0.952]"
892,1,-1.9581,4.3954,0.295,399,1101,87,86,0.168,70,2.80,28333,1714.61,0,0,18.813(23.516%)(0.000m),26.000(22.941%)(0.643m),34.000(30.000%)(1.500m),18.000(15.882%)(0.000m),11.000(13.750%)(0.000m),13.238(33.095%)(0.347m),22.000(55.000%)(1.286m),144.160,3053.385,63.8,1.3308,"[0.716, 0.858, 0.388, 0.689, 0.898, 0.330]","[2.680, 3.531, 3.127, 2.759, 3.628, 3.206]","[-6.207, -6.501, -8.136, -5.180, -6.500, -7.707]"
893,1,15.6822,4.3625,0.225,840,2458,132,152,0.168,100,2.91,28417,3701.65,1,1,17.276(21.595%)(0.000m),29.000(25.588%)(0.964m),36.000(31.765%)(1.714m),41.000(36.177%)(2.250m),20.000(25.000%)(0.000m),12.133(30.332%)(0.229m),14.000(35.000%)(0.429m),260.234,2830.836,67.7,1.2739,"[0.399, 0.799, 0.479, 0.330, 0.838, 0.415]","[2.912, 3.450, 3.343, 3.127, 3.671, 3.246]","[-6.544, -3.404, -5.786, -5.192, -3.705, -5.823]"
894,1,0.0498,4.2677,0.269,770,2254,189,124,0.167,95,2.91,28494,3424.23,0,0,19.000(23.750%)(0.000m),48.000(42.353%)(3.000m),63.000(55.588%)(4.607m),35.000(30.882%)(1.607m),19.028(23.785%)(0.000m),12.000(30.000%)(0.214m),13.373(33.433%)(0.361m),254.868,2905.049,67.8,1.3399,"[0.533, 0.904, 0.618, 0.411, 1.053, 0.717]","[2.588, 3.390, 3.016, 2.760, 3.530, 3.079]","[-4.220, -3.063, -5.114, -4.687, -3.225, -4.260]"
895,1,14.1919,4.5366,0.257,918,2612,135,183,0.167,100,3.02,28586,4030.59,1,1,15.000(18.750%)(0.000m),46.000(40.588%)(2.786m),49.000(43.235%)(3.107m),36.000(31.765%)(1.714m),21.811(27.264%)(0.194m),10.000(25.000%)(0.000m),15.400(38.501%)(0.579m),302.284,3298.868,65.9,1.1649,"[0.800, 1.155, 0.911, 0.724, 1.215, 0.961]","[3.189, 3.596, 3.111, 3.314, 3.704, 3.318]","[-3.901, -3.227, -4.354, -3.766, -3.780, -4.081]"
896,1,-1.9541,4.4584,0.272,443,1166,218,46,0.167,70,3.01,28631,1894.91,0,0,15.631(19.538%)(0.000m),24.000(21.177%)(0.429m),34.000(30.000%)(1.500m),36.000(31.765%)(1.714m),26.000(32.500%)(0.643m),10.968(27.420%)(0.104m),27.000(67.500%)(1.821m),0.000,3159.103,60.9,1.2970,"[0.927, 0.811, -0.055, 0.809, 0.852, -0.111]","[2.801, 3.353, 2.612, 2.913, 3.501, 2.941]","[-3.694, -4.723, -4.834, -3.971, -4.962, -4.823]"
897,1,5.1103,4.5599,0.228,578,1645,107,82,0.166,85,3.01,28689,2627.51,0,0,27.000(33.750%)(0.750m),42.000(37.059%)(2.357m),59.000(52.059%)(4.179m),24.553(21.665%)(0.488m),12.232(15.290%)(0.000m),19.000(47.500%)(0.964m),9.790(24.475%)(0.000m),214.366,3308.909,65.9,1.3559,"[0.383, 1.006, 0.877, 0.260, 1.129, 0.836]","[2.888, 3.190, 2.792, 2.867, 3.291, 2.677]","[-5.439, -6.189, -5.030, -5.632, -5.561, -4.919]"
898,1,16.4840,4.4910,0.248,959,2692,204,88,0.166,100,3.12,28785,4252.03,1,1,19.865(24.832%)(0.000m),41.739(36.829%)(2.329m),61.000(53.824%)(4.393m),45.000(39.706%)(2.679m),21.775(27.219%)(0.190m),14.024(35.059%)(0.431m),15.344(38.361%)(0.573m),325.565,3800.375,65.0,1.2364,"[0.907, 1.220, 0.782, 0.856, 1.343, 0.833]","[3.045, 3.474, 2.942, 3.042, 3.456, 2.924]","[-4.788, -1.650, -4.660, -4.887, -2.296, -4.572]"
899,1,14.0980,4.7039,0.257,947,2666,35,162,0.166,100,3.23,28880,4455.13,2,1,20.000(25.000%)(0.000m),33.000(29.118%)(1.393m),57.000(50.294%)(3.964m),36.000(31.765%)(1.714m),22.946(28.682%)(0.316m),14.000(35.000%)(0.429m),16.208(40.519%)(0.665m),257.499,2673.248,65.1,1.3446,"[0.990, 1.297, 0.885, 0.948, 1.364, 0.926]","[3.282, 3.530, 3.234, 3.270, 3.735, 3.259]","[-4.519, -3.109, -5.928, -4.559, -3.471, -4.963]"
900,1,6.3382,4.7719,0.263,776,2203,84,102,0.165,95,3.22,28958,3431.26,0,0,23.000(28.750%)(0.321m),16.000(14.118%)(0.000m),27.000(23.824%)(0.750m),39.000(34.412%)(2.036m),20.174(25.217%)(0.019m),23.000(57.500%)(1.393m),14.206(35.516%)(0.451m),331.962,2753.425,65.7,1.3011,"[0.541, 0.908, 0.707, 0.489, 1.033, 0.673]","[2.890, 3.469, 3.121, 2.920, 3.554, 3.171]","[-8.980, -6.625, -5.735, -8.282, -7.143, -5.547]"
901,1,4.7236,4.8366,0.250,724,2054,41,129,0.165,90,3.22,29031,3146.38,0,0,25.000(31.250%)(0.536m),36.000(31.765%)(1.714m),53.000(46.765%)(3.536m),23.844(21.039%)(0.412m),12.213(15.266%)(0.000m),21.000(52.500%)(1.179m),10.025(25.062%)(0.003m),286.426,3921.148,65.7,1.2034,"[0.425, 0.723, 0.456, 0.321, 0.845, 0.489]","[2.725, 3.218, 2.752, 2.849, 3.459, 2.980]","[-5.088, -5.758, -4.826, -5.223, -5.611, -4.637]"
902,1,-0.5849,4.4026,0.216,165,434,41,11,0.165,40,3.22,29048,741.62,0,0,77.786(97.233%)(6.191m),20.000(17.647%)(0.000m),19.000(16.765%)(0.000m),19.000(16.765%)(0.000m),64.375(80.468%)(4.754m),40.000(100.000%)(3.214m),40.000(100.000%)(3.214m),0.000,2836.228,60.9,1.2181,"[0.490, 0.617, 0.372, 0.452, 0.569, 0.366]","[2.435, 3.056, 2.382, 2.657, 3.211, 2.378]","[-7.263, -7.138, -7.927, -7.153, -7.570, -6.716]"
903,1,-0.4084,4.0686,0.263,312,943,77,49,0.164,65,3.21,29080,1321.04,0,0,12.000(15.000%)(0.000m),21.000(18.529%)(0.107m),47.000(41.471%)(2.893m),34.000(30.000%)(1.500m),22.714(28.393%)(0.291m),11.000(27.500%)(0.107m),16.013(40.033%)(0.644m),125.337,2401.768,69.9,1.2631,"[-0.071, 0.420, 0.161, -0.178, 0.469, 0.219]","[2.262, 2.938, 2.477, 2.463, 3.154, 2.471]","[-5.610, -5.174, -5.095, -5.432, -5.226, -4.862]"
904,1,-0.9474,4.0667,0.235,159,455,19,22,0.164,45,3.21,29096,725.74,0,0,25.000(31.250%)(0.536m),38.000(33.530%)(1.929m),34.765(30.675%)(1.582m),17.996(15.878%)(0.000m),10.984(13.730%)(0.000m),26.000(65.000%)(1.714m),10.984(27.461%)(0.105m),243.521,2656.806,66.2,1.4934,"[0.535, 0.955, 0.814, 0.433, 1.105, 0.899]","[2.530, 3.004, 2.528, 2.657, 3.264, 2.736]","[-5.586, -5.011, -5.673, -5.506, -5.020, -5.371]"
905,1,-1.1447,3.8480,0.227,156,446,19,18,0.164,40,3.20,29112,682.06,0,0,25.000(31.250%)(0.536m),38.000(33.530%)(1.929m),33.782(29.808%)(1.477m),17.487(15.430%)(0.000m),10.674(13.342%)(0.000m),29.000(72.500%)(2.036m),10.674(26.684%)(0.072m),243.521,2643.956,66.1,1.1788,"[0.366, 0.669, 0.541, 0.361, 0.856, 0.560]","[2.519, 3.067, 2.781, 2.741, 3.387, 2.916]","[-5.878, -6.068, -6.865, -5.583, -5.602, -6.399]"
906,1,15.4094,3.8432,0.236,961,2695,168,220,0.163,100,3.31,29209,4510.85,1,1,19.000(23.750%)(0.000m),37.000(32.647%)(1.821m),51.000(45.000%)(3.321m),37.000(32.647%)(1.821m),20.060(25.075%)(0.006m),13.000(32.500%)(0.321m),14.163(35.408%)(0.446m),230.037,3304.098,64.9,1.3185,"[0.931, 1.322, 0.921, 0.866, 1.396, 0.930]","[3.216, 3.401, 3.331, 3.303, 3.679, 3.300]","[-3.952, -4.917, -6.182, -4.386, -5.031, -5.989]"
907,1,-0.0978,3.8684,0.250,341,1008,118,51,0.163,70,3.31,29244,1498.67,0,0,10.000(12.500%)(0.000m),17.000(15.000%)(0.000m),48.000(42.353%)(3.000m),34.000(30.000%)(1.500m),20.296(25.370%)(0.032m),10.000(25.000%)(0.000m),14.286(35.716%)(0.459m),102.024,2585.189,68.4,1.2403,"[-0.171, 0.752, 0.698, -0.259, 0.885, 0.715]","[2.913, 3.463, 3.125, 3.120, 3.684, 3.191]","[-7.308, -6.574, -6.348, -6.633, -6.409, -5.678]"
908,1,2.0441,3.8978,0.321,322,927,102,37,0.163,65,3.30,29277,1375.37,0,0,20.446(25.558%)(0.048m),19.000(16.765%)(0.000m),20.000(17.647%)(0.000m),28.000(24.706%)(0.857m),25.000(31.250%)(0.536m),14.388(35.970%)(0.470m),24.000(60.000%)(1.500m),0.000,2300.554,66.7,1.3746,"[0.578, 0.738, 0.171, 0.443, 0.801, 0.116]","[2.905, 3.458, 3.243, 2.961, 3.611, 3.143]","[-4.816, -4.827, -5.144, -4.739, -4.989, -5.157]"
909,1,19.9563,4.3006,0.251,1054,2875,156,72,0.162,100,3.41,29383,4778.99,1,1,18.726(23.408%)(0.000m),39.853(35.165%)(2.127m),55.000(48.530%)(3.750m),44.000(38.824%)(2.571m),20.850(26.063%)(0.091m),13.157(32.893%)(0.338m),14.673(36.683%)(0.501m),349.513,3437.234,63.1,1.3237,"[1.250, 1.399, 0.895, 1.196, 1.510, 0.857]","[3.203, 3.620, 3.059, 3.292, 3.751, 3.076]","[-4.327, -3.411, -5.532, -4.400, -3.592, -5.125]"
910,1,18.5263,4.6321,0.272,1039,2844,157,89,0.162,100,3.52,29487,4542.15,2,1,25.000(31.250%)(0.536m),41.000(36.177%)(2.250m),64.000(56.471%)(4.714m),38.120(33.636%)(1.941m),17.998(22.498%)(0.000m),23.000(57.500%)(1.393m),12.657(31.642%)(0.285m),393.209,3287.727,63.4,1.1956,"[1.135, 1.506, 1.177, 1.010, 1.607, 1.195]","[3.348, 3.341, 2.979, 3.355, 3.340, 3.144]","[-5.343, -2.892, -4.435, -5.346, -3.068, -4.614]"
911,1,14.1556,4.9529,0.264,887,2550,195,208,0.162,100,3.62,29576,3916.40,3,1,19.650(24.562%)(0.000m),32.000(28.235%)(1.286m),43.000(37.941%)(2.464m),30.000(26.471%)(1.071m),15.804(19.755%)(0.000m),13.852(34.629%)(0.413m),11.076(27.689%)(0.115m),34.841,2903.621,66.5,1.2329,"[0.724, 1.095, 0.819, 0.679, 1.211, 0.803]","[3.104, 3.303, 2.815, 3.131, 3.498, 2.978]","[-5.545, -5.458, -4.926, -5.823, -5.600, -4.711]"
912,1,-1.3212,4.9321,0.263,162,464,23,22,0.161,45,3.62,29593,742.36,0,0,25.000(31.250%)(0.536m),38.000(33.530%)(1.929m),55.160(48.671%)(3.767m),21.215(18.719%)(0.130m),11.433(14.292%)(0.000m),26.000(65.000%)(1.714m),9.866(24.665%)(0.000m),243.521,2667.576,66.3,1.3899,"[0.555, 0.935, 0.779, 0.393, 0.972, 0.615]","[2.812, 3.343, 3.034, 2.959, 3.563, 3.069]","[-4.849, -4.617, -4.878, -4.877, -4.881, -4.603]"
913,1,11.4024,5.1348,0.254,1050,2870,244,274,0.161,100,3.72,29698,4766.07,1,1,18.180(22.726%)(0.000m),27.000(23.824%)(0.750m),34.000(30.000%)(1.500m),36.000(31.765%)(1.714m),18.000(22.500%)(0.000m),12.767(31.917%)(0.296m),13.000(32.500%)(0.321m),84.829,3658.992,63.3,1.2325,"[0.875, 1.200, 0.887, 0.861, 1.286, 0.939]","[3.161, 3.426, 3.093, 3.112, 3.611, 3.015]","[-6.307, -3.781, -6.476, -5.569, -3.793, -6.472]"
914,1,14.0397,5.3807,0.276,881,2539,206,245,0.161,100,3.83,29787,3790.54,2,1,17.928(22.410%)(0.000m),37.929(33.467%)(1.921m),39.000(34.412%)(2.036m),30.000(26.471%)(1.071m),20.050(25.063%)(0.005m),12.622(31.556%)(0.281m),14.100(35.249%)(0.439m),63.971,2636.941,66.7,1.2231,"[0.537, 0.891, 0.367, 0.534, 0.948, 0.271]","[3.034, 3.370, 3.132, 2.959, 3.543, 3.138]","[-6.180, -4.427, -5.385, -4.914, -4.907, -5.521]"
915,1,-0.4410,5.3349,0.326,410,1100,186,51,0.160,70,3.83,29828,1747.62,0,0,16.835(21.044%)(0.000m),20.000(17.647%)(0.000m),20.000(17.647%)(0.000m),30.000(26.471%)(1.071m),25.000(31.250%)(0.536m),11.824(29.561%)(0.195m),26.000(65.000%)(1.714m),0.000,3013.392,62.1,1.1778,"[0.828, 0.882, 0.016, 0.702, 0.937, -0.070]","[3.204, 3.466, 3.071, 3.180, 3.714, 3.136]","[-4.901, -5.369, -6.617, -5.165, -5.297, -6.660]"
916,1,12.9799,5.6233,0.237,1000,2775,166,114,0.160,100,3.93,29928,4595.85,1,1,21.000(26.250%)(0.107m),36.000(31.765%)(1.714m),55.000(48.530%)(3.750m),37.171(32.798%)(1.840m),18.101(22.626%)(0.000m),15.000(37.500%)(0.536m),12.785(31.963%)(0.298m),610.348,4057.556,64.2,1.3687,"[0.826, 1.248, 0.952, 0.682, 1.346, 0.938]","[2.888, 3.506, 3.112, 2.930, 3.708, 3.222]","[-4.944, -3.895, -5.683, -5.012, -4.197, -5.072]"
917,1,6.2230,5.6087,0.275,599,1656,1,80,0.160,85,3.93,29988,2691.75,0,0,24.000(30.000%)(0.429m),21.000(18.529%)(0.107m),45.000(39.706%)(2.679m),39.000(34.412%)(2.036m),24.000(30.000%)(0.429m),23.000(57.500%)(1.393m),17.524(43.811%)(0.806m),0.000,3842.897,64.0,1.2144,"[0.750, 0.928, 0.741, 0.661, 1.134, 0.762]","[3.109, 3.579, 3.267, 3.227, 3.796, 3.124]","[-5.084, -5.667, -5.361, -5.201, -5.623, -5.147]"
918,1,13.5472,5.8812,0.301,1033,2835,118,161,0.159,100,4.03,30092,4656.62,1,1,15.000(18.750%)(0.000m),31.000(27.353%)(1.179m),62.000(54.706%)(4.500m),34.770(30.680%)(1.583m),16.126(20.158%)(0.000m),10.000(25.000%)(0.000m),11.297(28.242%)(0.139m),426.958,3260.620,63.5,1.2852,"[1.038, 1.286, 1.030, 0.996, 1.409, 1.072]","[3.279, 3.364, 3.244, 3.248, 3.653, 3.397]","[-5.092, -3.904, -4.968, -5.115, -4.100, -4.803]"
919,1,8.7325,6.1117,0.268,702,2044,52,37,0.159,95,4.03,30163,3072.19,0,0,28.000(35.000%)(0.857m),37.000(32.647%)(1.821m),59.000(52.059%)(4.179m),29.000(25.588%)(0.964m),21.143(26.428%)(0.122m),25.000(62.500%)(1.607m),14.883(37.206%)(0.523m),0.000,3230.226,67.4,1.1732,"[0.551, 1.039, 0.969, 0.491, 1.197, 0.966]","[2.950, 3.197, 2.950, 2.994, 3.408, 2.984]","[-5.647, -6.948, -5.273, -4.916, -6.944, -5.727]"
920,1,15.3498,6.4241,0.250,781,2341,58,73,0.159,100,4.13,30242,3530.92,1,1,24.000(30.000%)(0.429m),38.000(33.530%)(1.929m),48.000(42.353%)(3.000m),45.809(40.420%)(2.765m),21.725(27.157%)(0.185m),21.000(52.500%)(1.179m),15.300(38.250%)(0.568m),229.211,2746.429,69.4,1.2938,"[0.699, 0.967, 0.667, 0.566, 1.098, 0.652]","[2.795, 3.321, 3.058, 2.806, 3.452, 3.054]","[-4.714, -1.400, -2.210, -4.794, -1.346, -2.414]"
921,1,19.3965,6.8624,0.256,889,2550,90,83,0.159,100,4.23,30331,4015.15,2,1,24.000(30.000%)(0.429m),43.000(37.941%)(2.464m),59.000(52.059%)(4.179m),43.000(37.941%)(2.464m),21.276(26.595%)(0.137m),20.000(50.000%)(1.071m),14.978(37.445%)(0.533m),368.587,2969.186,66.4,1.3307,"[1.144, 1.452, 1.158, 1.060, 1.627, 1.190]","[3.310, 3.295, 2.873, 3.285, 3.401, 3.006]","[-3.927, -2.045, -4.731, -4.186, -2.165, -4.737]"
922,1,0.6917,6.8774,0.237,477,1419,120,90,0.158,80,4.23,30379,2090.98,0,0,25.000(31.250%)(0.536m),38.000(33.530%)(1.929m),19.000(16.765%)(0.000m),19.000(16.765%)(0.000m),18.744(23.430%)(0.000m),24.000(60.000%)(1.500m),13.169(32.924%)(0.340m),0.000,2399.616,68.8,1.2957,"[-0.065, 0.514, 0.443, -0.222, 0.580, 0.467]","[2.930, 3.322, 2.805, 2.942, 3.503, 2.885]","[-6.554, -6.610, -6.257, -6.286, -6.366, -5.617]"
923,1,-0.9930,6.5756,0.241,330,930,36,11,0.158,65,4.23,30412,1458.13,0,0,24.552(30.690%)(0.488m),43.000(37.941%)(2.464m),50.000(44.118%)(3.214m),21.284(18.780%)(0.138m),11.742(14.678%)(0.000m),17.386(43.465%)(0.791m),10.387(25.967%)(0.041m),449.245,3168.981,65.2,1.3598,"[0.583, 0.756, 0.574, 0.630, 0.887, 0.529]","[2.442, 3.115, 2.806, 2.568, 3.445, 2.901]","[-5.891, -6.669, -6.447, -5.607, -6.384, -6.008]"
924,1,-0.1904,6.5515,0.250,225,595,29,24,0.158,50,4.22,30435,1015.63,0,0,10.650(13.313%)(0.000m),18.298(16.146%)(0.000m),39.038(34.445%)(2.040m),35.000(30.882%)(1.607m),27.000(33.750%)(0.750m),10.018(25.046%)(0.002m),26.000(65.000%)(1.714m),252.817,3848.340,61.2,1.2321,"[1.501, 1.523, 0.943, 1.404, 1.648, 0.964]","[3.134, 3.331, 3.250, 3.227, 3.561, 3.203]","[-5.320, -4.966, -4.968, -5.636, -4.927, -4.579]"
925,1,-0.4542,6.5963,0.261,693,2096,119,125,0.157,95,4.22,30505,3059.62,0,0,20.000(25.000%)(0.000m),42.000(37.059%)(2.357m),54.000(47.647%)(3.643m),33.000(29.118%)(1.393m),17.031(21.289%)(0.000m),14.000(35.000%)(0.429m),11.000(27.500%)(0.107m),256.526,3054.763,70.0,1.2407,"[0.181, 0.613, 0.364, 0.192, 0.717, 0.377]","[3.015, 3.327, 3.049, 2.987, 3.602, 3.171]","[-6.614, -5.866, -6.398, -5.864, -6.738, -5.567]"
926,1,17.6100,6.9862,0.251,818,2412,130,91,0.157,100,4.32,30587,3693.50,1,1,26.000(32.500%)(0.643m),38.000(33.530%)(1.929m),57.000(50.294%)(3.964m),40.000(35.294%)(2.143m),18.878(23.597%)(0.000m),22.000(55.000%)(1.286m),13.259(33.148%)(0.349m),228.834,2778.988,68.2,1.2314,"[1.120, 1.524, 1.297, 1.010, 1.653, 1.306]","[3.193, 3.543, 3.254, 3.327, 3.750, 3.263]","[-4.371, -1.638, -1.933, -4.691, -1.857, -2.418]"
927,1,1.4621,6.6019,0.234,366,1063,30,52,0.157,70,4.31,30624,1588.19,0,0,13.000(16.250%)(0.000m),40.000(35.294%)(2.143m),59.000(52.059%)(4.179m),37.000(32.647%)(1.821m),21.132(26.415%)(0.121m),11.000(27.500%)(0.107m),14.875(37.188%)(0.522m),176.821,2702.869,67.2,1.2259,"[0.668, 0.906, 0.528, 0.630, 1.082, 0.587]","[2.895, 3.272, 3.020, 2.854, 3.400, 2.904]","[-4.215, -4.110, -5.782, -4.194, -4.960, -5.326]"
928,1,-0.9170,6.2628,0.256,718,1925,221,150,0.156,85,4.31,30696,3098.71,0,0,15.822(19.778%)(0.000m),31.000(27.353%)(1.179m),36.769(32.443%)(1.797m),18.348(16.189%)(0.000m),10.995(13.744%)(0.000m),11.138(27.844%)(0.122m),10.729(26.824%)(0.078m),369.413,4197.020,62.0,1.3346,"[0.633, 0.920, 0.382, 0.636, 0.995, 0.360]","[2.774, 3.289, 2.984, 2.901, 3.540, 3.071]","[-5.503, -5.292, -5.817, -5.352, -5.075, -5.586]"
929,1,4.4621,6.3542,0.223,596,1651,189,28,0.156,85,4.31,30756,2587.92,0,0,18.728(23.410%)(0.000m),21.000(18.529%)(0.107m),20.000(17.647%)(0.000m),21.000(18.529%)(0.107m),33.000(41.250%)(1.393m),13.224(33.059%)(0.345m),24.000(60.000%)(1.500m),0.000,3304.800,64.1,1.1905,"[0.632, 0.662, -0.100, 0.571, 0.817, -0.088]","[2.775, 2.963, 2.534, 2.904, 3.144, 2.608]","[-5.968, -5.544, -5.673, -5.868, -6.120, -6.166]"
930,1,19.7142,6.8086,0.241,907,2587,29,128,0.156,100,4.41,30847,3986.90,1,1,21.000(26.250%)(0.107m),42.000(37.059%)(2.357m),50.000(44.118%)(3.214m),35.000(30.882%)(1.607m),24.000(30.000%)(0.429m),15.000(37.500%)(0.536m),17.807(44.517%)(0.836m),253.218,3256.757,66.0,1.2551,"[1.071, 1.399, 1.134, 1.036, 1.566, 1.103]","[3.378, 3.564, 3.368, 3.589, 3.766, 3.260]","[-4.253, -4.431, -5.810, -4.323, -4.689, -5.362]"
931,1,9.0207,7.0200,0.249,724,2035,86,78,0.155,90,4.40,30920,3229.89,0,0,23.000(28.750%)(0.321m),34.000(30.000%)(1.500m),48.000(42.353%)(3.000m),22.295(19.672%)(0.246m),11.722(14.653%)(0.000m),22.000(55.000%)(1.286m),9.866(24.665%)(0.000m),129.204,3368.033,65.1,1.5193,"[1.021, 1.482, 1.317, 0.915, 1.650, 1.372]","[3.437, 3.443, 3.080, 3.494, 3.608, 3.198]","[-5.918, -6.525, -5.758, -5.478, -5.966, -5.167]"
932,1,20.2007,7.1150,0.268,976,2721,93,121,0.155,100,4.51,31018,4314.26,1,1,25.000(31.250%)(0.536m),38.000(33.530%)(1.929m),57.000(50.294%)(3.964m),37.688(33.254%)(1.895m),17.779(22.224%)(0.000m),19.000(47.500%)(0.964m),12.500(31.250%)(0.268m),243.521,3374.285,64.5,1.1979,"[1.432, 1.771, 1.509, 1.338, 1.871, 1.535]","[3.516, 3.711, 3.457, 3.455, 3.866, 3.550]","[-4.843, -1.560, -4.758, -4.869, -1.834, -4.470]"
933,1,21.3982,7.5385,0.259,1000,2769,116,135,0.155,100,4.61,31118,4258.94,2,1,22.000(27.500%)(0.214m),44.000(38.824%)(2.571m),53.000(46.765%)(3.536m),35.748(31.543%)(1.687m),16.914(21.142%)(0.000m),19.000(47.500%)(0.964m),11.892(29.729%)(0.203m),309.789,3555.354,64.1,1.0976,"[1.135, 1.627, 1.473, 1.124, 1.771, 1.472]","[3.257, 3.567, 3.288, 3.408, 3.780, 3.284]","[-5.136, -2.721, -2.867, -5.191, -2.863, -2.611]"
934,1,21.4561,7.8908,0.263,983,2735,101,52,0.154,100,4.71,31217,4477.62,3,1,32.000(40.000%)(1.286m),45.000(39.706%)(2.679m),52.000(45.882%)(3.429m),41.010(36.185%)(2.251m),19.383(24.229%)(0.000m),21.000(52.500%)(1.179m),13.636(34.089%)(0.390m),582.930,3991.326,64.4,1.3290,"[1.277, 1.696, 1.453, 1.248, 1.870, 1.497]","[3.464, 3.458, 3.095, 3.452, 3.705, 3.214]","[-4.285, -0.845, -1.669, -4.050, -1.184, -1.844]"
935,1,-1.9688,7.6637,0.235,346,980,42,48,0.154,65,4.71,31252,1570.53,0,0,27.663(34.579%)(0.821m),48.000(42.353%)(3.000m),34.000(30.000%)(1.500m),22.000(19.412%)(0.214m),23.000(28.750%)(0.321m),19.666(49.165%)(1.036m),24.000(60.000%)(1.500m),67.416,3154.810,65.5,1.3452,"[0.677, 0.664, 0.430, 0.644, 0.820, 0.475]","[2.810, 3.294, 3.154, 2.923, 3.633, 3.260]","[-5.508, -6.665, -8.429, -5.404, -6.043, -7.947]"
936,1,2.9739,7.7178,0.346,365,1031,10,48,0.154,70,4.70,31289,1671.62,0,0,23.903(29.879%)(0.418m),48.000(42.353%)(3.000m),54.000(47.647%)(3.643m),21.000(18.529%)(0.107m),12.000(15.000%)(0.000m),16.891(42.227%)(0.738m),22.000(55.000%)(1.286m),351.079,2914.471,65.4,1.8674,"[0.702, 0.901, 0.617, 0.695, 1.065, 0.577]","[2.729, 3.496, 3.117, 2.879, 3.565, 3.066]","[-5.894, -5.786, -7.458, -5.273, -5.374, -6.731]"
937,1,-1.3061,7.7433,0.329,205,504,25,0,0.154,45,4.70,31310,895.95,0,0,9.198(11.497%)(0.000m),13.402(11.825%)(0.000m),21.319(18.811%)(0.141m),46.000(40.588%)(2.786m),41.000(51.250%)(2.250m),11.066(27.664%)(0.114m),40.000(100.000%)(3.214m),1199.132,4441.911,56.9,1.1510,"[1.235, 1.407, 1.080, 1.230, 1.449, 1.058]","[3.033, 3.530, 3.145, 3.097, 3.623, 3.178]","[-5.939, -4.983, -4.905, -5.906, -5.359, -4.900]"
938,1,-0.4269,7.4808,0.305,548,1559,110,69,0.153,85,4.69,31365,2449.56,0,0,27.000(33.750%)(0.750m),39.000(34.412%)(2.036m),20.162(17.790%)(0.017m),13.256(11.696%)(0.000m),9.402(11.752%)(0.000m),19.000(47.500%)(0.964m),12.050(30.125%)(0.220m),297.559,2872.808,65.8,1.1883,"[0.642, 0.842, 0.740, 0.515, 1.025, 0.608]","[2.895, 3.501, 3.306, 2.882, 3.711, 3.094]","[-5.215, -4.874, -5.772, -5.021, -4.985, -5.385]"
939,1,-3.1759,7.0389,0.209,347,981,25,77,0.153,65,4.69,31400,1516.49,0,0,25.000(31.250%)(0.536m),26.000(22.941%)(0.643m),22.000(19.412%)(0.214m),20.000(17.647%)(0.000m),26.335(32.919%)(0.679m),16.000(40.000%)(0.643m),18.698(46.745%)(0.932m),0.000,3714.118,65.5,1.2638,"[0.269, 0.649, 0.487, 0.272, 0.766, 0.389]","[3.051, 3.516, 3.379, 3.225, 3.692, 3.248]","[-6.719, -6.317, -5.800, -6.630, -6.851, -5.857]"
940,1,-3.2666,6.9044,0.277,410,1110,15,44,0.153,70,4.68,31441,1690.28,0,0,23.938(29.922%)(0.422m),49.909(44.038%)(3.205m),34.000(30.000%)(1.500m),18.000(15.882%)(0.000m),23.000(28.750%)(0.321m),16.963(42.408%)(0.746m),21.000(52.500%)(1.179m),467.968,3814.666,62.6,1.0292,"[0.825, 0.981, 0.977, 0.737, 1.123, 0.932]","[3.123, 3.468, 3.090, 3.144, 3.598, 3.287]","[-5.416, -5.918, -7.552, -4.804, -5.819, -7.193]"
941,1,-1.8218,6.8810,0.271,479,1418,28,90,0.152,80,4.68,31489,2017.81,0,0,23.000(28.750%)(0.321m),38.000(33.530%)(1.929m),57.000(50.294%)(3.964m),25.297(22.321%)(0.568m),12.421(15.526%)(0.000m),16.000(40.000%)(0.643m),9.815(24.539%)(0.000m),243.521,2796.327,68.5,1.1484,"[0.474, 0.607, 0.457, 0.396, 0.666, 0.356]","[3.057, 3.318, 3.052, 3.119, 3.629, 3.030]","[-5.780, -6.376, -5.571, -5.383, -6.738, -4.754]"
942,1,-2.8301,6.8636,0.284,593,1650,156,69,0.152,85,4.67,31549,2547.07,0,0,30.000(37.500%)(1.071m),39.000(34.412%)(2.036m),19.082(16.837%)(0.000m),12.546(11.070%)(0.000m),8.898(11.122%)(0.000m),27.000(67.500%)(1.821m),11.113(27.783%)(0.119m),384.901,2898.490,64.4,1.1889,"[0.316, 0.797, 0.713, 0.214, 0.920, 0.754]","[3.013, 3.526, 3.167, 3.169, 3.786, 3.250]","[-5.548, -4.928, -6.215, -5.277, -5.217, -5.442]"
943,1,-1.0853,6.5283,0.228,231,590,31,20,0.152,50,4.67,31573,1044.90,0,0,12.488(15.610%)(0.000m),25.434(22.442%)(0.582m),52.000(45.882%)(3.429m),38.000(33.530%)(1.929m),26.000(32.500%)(0.643m),9.868(24.671%)(0.000m),40.000(100.000%)(3.214m),365.663,3512.763,59.1,1.2742,"[1.018, 1.060, 0.786, 0.908, 1.113, 0.773]","[2.917, 3.304, 3.065, 2.714, 3.406, 3.164]","[-5.216, -4.729, -5.197, -5.129, -5.098, -5.377]"
944,1,0.6735,6.5407,0.233,316,917,167,33,0.151,65,4.66,31605,1358.56,0,0,24.000(30.000%)(0.429m),31.000(27.353%)(1.179m),42.000(37.059%)(2.357m),20.000(17.647%)(0.000m),15.496(19.370%)(0.000m),30.000(75.000%)(2.143m),10.850(27.124%)(0.091m),0.000,2848.463,67.2,1.6266,"[-0.778, 0.097, 0.489, -0.889, 0.110, 0.481]","[2.537, 3.230, 3.056, 2.671, 3.442, 3.085]","[-6.355, -7.219, -6.383, -5.691, -7.474, -6.397]"
945,1,15.0017,6.5569,0.250,776,2331,109,215,0.151,100,4.76,31683,3488.19,1,1,25.000(31.250%)(0.536m),38.000(33.530%)(1.929m),57.000(50.294%)(3.964m),43.000(37.941%)(2.464m),20.704(25.880%)(0.075m),18.000(45.000%)(0.857m),14.568(36.421%)(0.489m),243.521,2451.270,69.5,1.2892,"[0.682, 1.006, 0.766, 0.637, 1.156, 0.793]","[2.983, 3.073, 2.711, 3.103, 3.271, 2.957]","[-4.184, -0.785, -2.186, -4.424, -0.833, -2.091]"
946,1,1.7520,6.6310,0.231,624,1895,145,146,0.151,95,4.76,31746,2839.31,0,0,22.000(27.500%)(0.214m),37.000(32.647%)(1.821m),32.000(28.235%)(1.286m),24.000(21.177%)(0.429m),18.014(22.517%)(0.000m),16.000(40.000%)(0.643m),12.640(31.600%)(0.283m),0.000,2108.356,70.3,1.2979,"[-0.121, 0.364, 0.209, -0.180, 0.473, 0.178]","[2.514, 3.033, 2.778, 2.673, 3.283, 2.935]","[-5.472, -5.148, -6.112, -5.019, -5.716, -5.340]"
947,1,-1.2638,6.5036,0.244,189,503,27,14,0.150,45,4.75,31765,813.66,0,0,28.000(35.000%)(0.857m),36.000(31.765%)(1.714m),51.000(45.000%)(3.321m),25.596(22.585%)(0.600m),12.568(15.710%)(0.000m),40.000(100.000%)(3.214m),9.931(24.828%)(0.000m),282.399,3998.589,61.6,1.1905,"[-0.215, 0.678, 1.074, -0.264, 0.741, 0.960]","[2.606, 3.015, 2.779, 2.811, 3.368, 2.835]","[-5.431, -6.031, -5.031, -5.202, -6.171, -4.940]"
948,1,0.1879,6.1776,0.220,581,1583,124,67,0.150,80,4.75,31824,2609.70,0,0,23.000(28.750%)(0.321m),28.000(24.706%)(0.857m),26.698(23.557%)(0.718m),15.734(13.883%)(0.000m),10.343(12.929%)(0.000m),24.000(60.000%)(1.500m),11.239(28.096%)(0.133m),209.178,4413.899,63.0,1.2973,"[0.705, 1.190, 1.103, 0.639, 1.358, 1.089]","[3.521, 3.502, 3.048, 3.595, 3.747, 2.946]","[-5.997, -5.408, -5.570, -5.575, -5.223, -5.167]"
949,1,-2.3765,5.8481,0.243,344,971,73,62,0.150,65,4.74,31859,1542.91,0,0,19.928(24.910%)(0.000m),34.000(30.000%)(1.500m),18.837(16.621%)(0.000m),12.967(11.441%)(0.000m),9.538(11.922%)(0.000m),14.030(35.075%)(0.432m),13.216(33.040%)(0.345m),229.997,3232.078,65.3,1.2763,"[0.215, 0.272, 0.020, 0.077, 0.330, 0.001]","[2.809, 3.340, 3.018, 2.818, 3.497, 2.959]","[-4.711, -5.206, -6.054, -4.813, -5.163, -6.020]"
950,1,-0.5200,5.7110,0.217,137,379,6,15,0.150,40,4.74,31873,635.42,0,0,23.000(28.750%)(0.321m),28.000(24.706%)(0.857m),54.000(47.647%)(3.643m),77.503(68.385%)(6.161m),42.758(53.447%)(2.438m),40.000(100.000%)(3.214m),37.821(94.553%)(2.981m),11.470,2155.193,64.1,1.1945,"[1.174, 1.130, 0.814, 1.091, 1.294, 0.691]","[2.703, 3.243, 3.013, 2.770, 3.434, 3.073]","[-2.203, -2.642, -4.240, -2.861, -2.407, -4.334]"
951,1,-0.2904,5.6107,0.254,770,2181,250,170,0.149,95,4.73,31950,3325.72,0,0,17.000(21.250%)(0.000m),34.000(30.000%)(1.500m),24.000(21.177%)(0.429m),20.000(17.647%)(0.000m),17.804(22.255%)(0.000m),12.000(30.000%)(0.214m),12.496(31.239%)(0.267m),0.000,3213.630,65.6,1.1664,"[0.164, 0.632, 0.472, 0.127, 0.741, 0.480]","[2.687, 3.347, 3.007, 2.967, 3.561, 3.118]","[-5.019, -6.151, -5.617, -4.575, -6.095, -5.548]"
952,1,13.8407,5.8992,0.228,931,2637,155,108,0.149,100,4.83,32044,3969.88,1,1,20.480(25.600%)(0.051m),42.000(37.059%)(2.357m),50.000(44.118%)(3.214m),35.000(30.882%)(1.607m),21.181(26.476%)(0.127m),14.418(36.045%)(0.473m),14.910(37.275%)(0.526m),305.021,3119.171,65.5,1.1222,"[1.003, 1.264, 0.922, 0.984, 1.387, 0.882]","[3.326, 3.392, 3.048, 3.289, 3.669, 3.350]","[-3.198, -1.605, -4.738, -3.191, -2.941, -4.133]"
953,1,13.6106,6.1796,0.220,1023,2815,183,148,0.149,100,4.93,32147,4618.13,2,1,19.717(24.646%)(0.000m),41.578(36.687%)(2.312m),52.000(45.882%)(3.429m),31.000(27.353%)(1.179m),14.000(17.500%)(0.000m),13.891(34.728%)(0.417m),10.000(25.000%)(0.000m),440.921,3250.677,63.7,1.2835,"[0.889, 1.228, 0.940, 0.853, 1.403, 0.919]","[3.478, 3.557, 3.076, 3.433, 3.818, 3.214]","[-5.963, -4.364, -4.107, -5.602, -4.074, -3.926]"
954,1,14.4855,6.4883,0.269,1018,2804,110,142,0.148,100,5.03,32249,4563.19,3,1,28.000(35.000%)(0.857m),41.000(36.177%)(2.250m),48.000(42.353%)(3.000m),37.000(32.647%)(1.821m),21.443(26.803%)(0.155m),20.000(50.000%)(1.071m),15.140(37.849%)(0.551m),297.358,3326.169,63.7,1.2649,"[1.369, 1.769, 1.587, 1.352, 1.923, 1.588]","[3.378, 3.648, 3.484, 3.417, 3.861, 3.489]","[-4.399, -2.168, -2.264, -4.404, -2.310, -2.072]"
955,1,-0.4143,6.5029,0.296,307,900,98,43,0.148,65,5.03,32280,1317.48,0,0,21.000(26.250%)(0.107m),32.000(28.235%)(1.286m),34.000(30.000%)(1.500m),23.000(20.294%)(0.321m),17.428(21.785%)(0.000m),26.000(65.000%)(1.714m),12.237(30.594%)(0.240m),0.000,2101.062,67.8,1.3051,"[-0.375, 0.157, 0.505, -0.523, 0.218, 0.377]","[3.081, 3.621, 3.453, 3.184, 3.948, 3.573]","[-5.373, -6.003, -4.016, -5.403, -6.204, -4.546]"
956,1,16.2772,6.5202,0.293,915,2606,302,124,0.148,100,5.13,32372,4005.04,1,1,18.997(23.746%)(0.000m),32.000(28.235%)(1.286m),44.000(38.824%)(2.571m),34.597(30.526%)(1.564m),16.694(20.867%)(0.000m),13.352(33.379%)(0.359m),11.770(29.425%)(0.190m),180.181,3286.464,65.9,1.2103,"[0.647, 1.040, 0.915, 0.609, 1.126, 0.908]","[3.229, 3.529, 3.185, 3.063, 3.705, 3.326]","[-6.853, -4.059, -4.173, -5.417, -4.487, -4.346]"
957,1,-0.3980,6.5142,0.199,189,548,13,16,0.148,50,5.12,32391,827.43,0,0,28.000(35.000%)(0.857m),50.000(44.118%)(3.214m),69.000(60.883%)(5.250m),25.586(22.576%)(0.598m),12.563(15.703%)(0.000m),24.000(60.000%)(1.500m),9.927(24.819%)(0.000m),610.740,2923.699,67.1,1.3364,"[1.087, 1.405, 1.465, 1.017, 1.665, 1.471]","[3.021, 3.405, 2.908, 3.074, 3.673, 3.094]","[-5.291, -5.634, -3.366, -5.048, -5.178, -3.499]"
958,1,14.6519,6.7664,0.248,709,2197,11,161,0.147,100,5.22,32462,3157.05,1,1,24.000(30.000%)(0.429m),44.000(38.824%)(2.571m),78.000(68.824%)(6.214m),51.700(45.618%)(3.396m),24.000(30.000%)(0.429m),20.000(50.000%)(1.071m),14.000(35.000%)(0.429m),417.566,2892.606,71.7,1.3764,"[0.846, 1.154, 0.811, 0.875, 1.356, 0.903]","[2.891, 3.436, 3.050, 2.957, 3.739, 3.186]","[-3.547, -0.408, -2.573, -3.300, -0.296, -2.472]"
959,1,13.0363,6.6280,0.234,948,2673,213,137,0.147,100,5.32,32557,4114.29,2,1,18.000(22.500%)(0.000m),38.000(33.530%)(1.929m),42.000(37.059%)(2.357m),31.000(27.353%)(1.179m),20.195(25.244%)(0.021m),13.000(32.500%)(0.321m),14.222(35.555%)(0.452m),117.646,2829.750,65.3,1.2194,"[0.754, 1.287, 0.958, 0.705, 1.421, 1.043]","[3.195, 3.674, 3.231, 3.271, 3.811, 3.221]","[-4.780, -4.043, -5.959, -4.713, -4.343, -5.561]"
960,1,13.7367,6.5322,0.275,740,2263,105,115,0.147,100,5.42,32631,3281.81,3,1,26.000(32.500%)(0.643m),35.000(30.882%)(1.607m),55.000(48.530%)(3.750m),30.875(27.243%)(1.165m),14.134(17.668%)(0.000m),15.000(37.500%)(0.536m),9.883(24.707%)(0.000m),61.255,2298.861,70.8,1.3210,"[0.495, 0.933, 0.929, 0.448, 1.126, 0.892]","[2.907, 3.460, 3.090, 3.071, 3.665, 3.242]","[-5.600, -5.009, -3.042, -5.285, -4.854, -3.300]"
961,1,0.3374,6.2558,0.283,328,940,162,26,0.146,65,5.41,32664,1386.30,0,0,17.435(21.793%)(0.000m),20.000(17.647%)(0.000m),19.000(16.765%)(0.000m),42.000(37.059%)(2.357m),29.000(36.250%)(0.964m),12.233(30.582%)(0.239m),27.000(67.500%)(1.821m),0.000,2577.163,66.3,1.2400,"[1.019, 1.071, 0.356, 0.887, 1.088, 0.271]","[3.094, 3.756, 3.546, 3.097, 3.941, 3.781]","[-6.437, -4.772, -5.146, -7.002, -5.281, -4.755]"
962,1,0.7066,6.2964,0.230,311,954,12,71,0.146,70,5.41,32696,1364.87,0,0,13.000(16.250%)(0.000m),54.000(47.647%)(3.643m),64.000(56.471%)(4.714m),41.000(36.177%)(2.250m),24.077(30.096%)(0.437m),10.000(25.000%)(0.000m),16.999(42.498%)(0.750m),258.905,2575.639,71.0,1.3210,"[0.937, 1.247, 0.861, 1.017, 1.443, 1.010]","[2.722, 3.481, 3.233, 3.093, 3.812, 3.407]","[-3.592, -4.394, -6.748, -3.254, -5.071, -5.779]"
963,1,-0.1042,6.0662,0.269,293,873,53,50,0.146,65,5.40,32726,1293.86,0,0,27.000(33.750%)(0.750m),46.000(40.588%)(2.786m),61.000(53.824%)(4.393m),33.000(29.118%)(1.393m),15.571(19.464%)(0.000m),21.000(52.500%)(1.179m),10.903(27.257%)(0.097m),0.000,2479.696,68.9,1.7583,"[0.608, 1.260, 1.574, 0.636, 1.504, 1.608]","[3.063, 3.653, 3.330, 3.210, 3.889, 3.525]","[-4.892, -5.187, -1.136, -4.283, -5.444, -1.821]"
964,1,3.1312,5.8481,0.256,665,1826,16,89,0.145,85,5.39,32793,2946.16,0,0,26.000(32.500%)(0.643m),44.000(38.824%)(2.571m),59.000(52.059%)(4.179m),23.168(20.443%)(0.339m),12.025(15.032%)(0.000m),24.000(60.000%)(1.500m),9.995(24.989%)(0.000m),432.033,3812.588,63.5,1.1589,"[1.067, 1.566, 1.379, 1.045, 1.726, 1.431]","[3.167, 3.564, 3.536, 3.263, 3.844, 3.526]","[-6.290, -5.360, -5.098, -5.514, -5.402, -5.249]"
965,1,9.3277,6.0434,0.239,825,2334,9,117,0.145,95,5.39,32876,3853.91,0,0,13.000(16.250%)(0.000m),58.000(51.177%)(4.071m),70.000(61.765%)(5.357m),33.000(29.118%)(1.393m),22.000(27.500%)(0.214m),11.000(27.500%)(0.107m),17.726(44.315%)(0.828m),90.696,4647.419,65.5,1.1976,"[1.363, 1.510, 1.324, 1.257, 1.720, 1.379]","[3.163, 3.666, 3.336, 3.029, 3.860, 3.574]","[-4.323, -4.789, -6.421, -4.170, -4.917, -5.704]"
966,1,4.0167,5.8642,0.247,610,1901,110,79,0.145,95,5.38,32937,2667.73,0,0,11.000(13.750%)(0.000m),18.000(15.882%)(0.000m),65.000(57.353%)(4.821m),37.000(32.647%)(1.821m),19.504(24.380%)(0.000m),11.000(27.500%)(0.107m),13.708(34.270%)(0.397m),167.608,2489.114,72.1,1.2807,"[0.354, 1.004, 0.840, 0.332, 1.199, 0.870]","[3.057, 3.503, 3.224, 3.209, 3.785, 3.414]","[-6.687, -5.867, -6.032, -5.977, -5.703, -5.064]"
967,1,-0.3203,5.7333,0.275,136,377,34,10,0.145,40,5.38,32951,620.34,0,0,64.718(80.898%)(4.791m),20.000(17.647%)(0.000m),19.000(16.765%)(0.000m),20.000(17.647%)(0.000m),76.230(95.288%)(6.025m),40.000(100.000%)(3.214m),40.000(100.000%)(3.214m),0.000,2516.279,64.2,1.4344,"[0.718, 0.894, 0.889, 0.627, 1.046, 0.933]","[2.893, 3.462, 3.144, 2.996, 3.755, 3.408]","[-5.296, -6.145, -7.241, -5.560, -5.770, -7.076]"
968,1,1.7798,5.4980,0.236,739,2120,280,135,0.144,95,5.37,33025,3268.72,0,0,21.679(27.098%)(0.180m),38.000(33.530%)(1.929m),20.000(17.647%)(0.000m),20.000(17.647%)(0.000m),21.177(26.472%)(0.126m),15.304(38.261%)(0.568m),14.966(37.415%)(0.532m),0.000,2672.215,66.4,1.2287,"[0.215, 0.883, 0.675, 0.188, 0.990, 0.693]","[3.225, 3.481, 3.193, 3.172, 3.725, 3.354]","[-5.589, -3.827, -4.955, -5.375, -4.228, -4.810]"
969,1,19.4267,5.7118,0.278,879,2533,77,91,0.144,100,5.47,33113,3946.02,1,1,26.000(32.500%)(0.643m),34.000(30.000%)(1.500m),50.000(44.118%)(3.214m),38.255(33.754%)(1.956m),17.901(22.376%)(0.000m),21.000(52.500%)(1.179m),12.559(31.398%)(0.274m),244.778,2782.894,66.7,1.3710,"[1.217, 1.554, 1.203, 1.140, 1.702, 1.228]","[3.084, 3.354, 3.069, 3.061, 3.620, 3.127]","[-3.645, -1.128, -3.355, -3.960, -1.403, -3.193]"
970,1,1.7513,5.4399,0.269,389,1114,66,85,0.144,70,5.46,33152,1701.51,0,0,11.000(13.750%)(0.000m),40.000(35.294%)(2.143m),43.000(37.941%)(2.464m),31.000(27.353%)(1.179m),20.564(25.705%)(0.060m),11.000(27.500%)(0.107m),14.474(36.185%)(0.479m),63.696,2710.997,66.3,1.2218,"[0.895, 1.076, 0.932, 0.804, 1.229, 0.950]","[3.187, 3.365, 3.160, 3.097, 3.658, 3.141]","[-4.565, -4.914, -7.099, -4.337, -5.279, -6.526]"
971,1,0.3738,5.0594,0.196,256,727,97,32,0.143,55,5.46,33178,1107.74,0,0,25.000(31.250%)(0.536m),30.000(26.471%)(1.071m),41.000(36.177%)(2.250m),29.349(25.896%)(1.002m),13.373(16.716%)(0.000m),27.000(67.500%)(1.821m),9.651(24.127%)(0.000m),198.040,2931.182,65.8,1.3015,"[0.221, 1.092, 1.039, 0.040, 1.210, 1.023]","[3.011, 3.542, 3.028, 3.186, 3.736, 3.096]","[-5.359, -5.952, -4.881, -5.584, -6.227, -4.841]"
972,1,-1.6877,5.0118,0.200,242,645,59,34,0.143,50,5.45,33203,1048.50,0,0,28.000(35.000%)(0.857m),36.000(31.765%)(1.714m),51.000(45.000%)(3.321m),31.714(27.983%)(1.255m),14.998(18.747%)(0.000m),12.000(30.000%)(0.214m),10.535(26.338%)(0.057m),372.415,3626.981,61.7,1.1940,"[0.184, 0.687, 0.969, 0.097, 0.769, 1.155]","[2.496, 3.222, 2.998, 2.619, 3.506, 3.045]","[-5.400, -5.004, -2.601, -5.473, -5.237, -2.477]"
973,1,9.0738,5.2132,0.261,1010,2798,123,192,0.143,100,5.55,33304,4432.36,1,1,23.000(28.750%)(0.321m),26.000(22.941%)(0.643m),30.000(26.471%)(1.071m),31.806(28.064%)(1.265m),15.158(18.947%)(0.000m),16.424(41.059%)(0.688m),10.661(26.652%)(0.071m),107.606,3611.431,64.1,1.2360,"[0.264, 0.544, 0.447, 0.247, 0.642, 0.489]","[3.096, 3.298, 2.985, 3.121, 3.567, 3.076]","[-7.975, -5.190, -5.246, -6.569, -6.182, -6.217]"
974,1,17.1033,5.5590,0.257,751,2282,29,148,0.143,100,5.65,33380,3442.77,2,1,25.000(31.250%)(0.536m),50.000(44.118%)(3.214m),58.000(51.177%)(4.071m),41.000(36.177%)(2.250m),21.742(27.177%)(0.187m),18.000(45.000%)(0.857m),15.313(38.283%)(0.569m),200.368,2568.647,70.3,1.5260,"[1.041, 1.260, 0.990, 1.011, 1.480, 1.051]","[2.760, 3.344, 2.915, 2.873, 3.626, 3.018]","[-3.575, -1.898, -3.240, -3.781, -2.056, -3.057]"
975,1,19.4292,5.9567,0.265,833,2443,147,81,0.142,100,5.74,33464,3806.77,3,1,28.000(35.000%)(0.857m),41.000(36.177%)(2.250m),51.000(45.000%)(3.321m),41.360(36.494%)(2.289m),19.672(24.590%)(0.000m),23.000(57.500%)(1.393m),13.871(34.678%)(0.415m),314.586,2739.565,67.9,1.3336,"[0.728, 1.374, 1.162, 0.673, 1.598, 1.250]","[3.088, 3.487, 3.101, 3.105, 3.703, 3.316]","[-4.870, -0.429, -1.877, -4.980, -0.419, -1.654]"
976,1,-2.0075,5.5644,0.268,232,625,58,29,0.142,50,5.74,33488,1007.34,0,0,30.000(37.500%)(1.071m),40.000(35.294%)(2.143m),55.000(48.530%)(3.750m),33.775(29.802%)(1.476m),16.220(20.276%)(0.000m),11.000(27.500%)(0.107m),11.422(28.556%)(0.152m),375.477,4631.775,62.4,1.1471,"[0.402, 1.038, 1.292, 0.433, 1.142, 1.285]","[2.986, 3.272, 2.838, 3.216, 3.561, 2.766]","[-4.964, -3.093, -1.876, -4.803, -3.823, -1.350]"
977,1,14.5534,5.8262,0.293,717,2216,89,59,0.142,100,5.83,33560,3140.43,1,1,29.225(36.531%)(0.988m),47.000(41.471%)(2.893m),72.000(63.530%)(5.571m),39.737(35.062%)(2.115m),18.699(23.374%)(0.000m),20.785(51.964%)(1.156m),13.138(32.845%)(0.336m),270.061,2668.592,71.5,1.2051,"[0.402, 1.106, 0.932, 0.431, 1.271, 0.975]","[2.906, 3.377, 3.023, 3.025, 3.679, 3.037]","[-5.183, -2.198, -2.501, -4.829, -2.465, -2.222]"
978,1,13.6776,6.1181,0.262,872,2520,69,124,0.141,100,5.93,33648,3888.86,2,1,25.000(31.250%)(0.536m),38.000(33.530%)(1.929m),52.000(45.882%)(3.429m),33.000(29.118%)(1.393m),18.197(22.746%)(0.000m),18.000(45.000%)(0.857m),12.771(31.928%)(0.297m),104.820,2852.779,66.9,1.2558,"[1.021, 1.371, 1.265, 0.973, 1.562, 1.266]","[3.098, 3.494, 3.183, 3.076, 3.743, 3.112]","[-4.892, -4.274, -3.770, -4.847, -4.913, -3.243]"
979,1,5.9936,6.1487,0.254,723,2086,146,95,0.141,95,5.92,33721,3302.00,0,0,24.000(30.000%)(0.429m),40.000(35.294%)(2.143m),19.000(16.765%)(0.000m),19.000(16.765%)(0.000m),16.569(20.711%)(0.000m),17.000(42.500%)(0.750m),11.612(29.030%)(0.173m),0.000,2917.654,66.8,1.3843,"[0.621, 1.009, 0.830, 0.597, 1.240, 0.865]","[3.001, 3.318, 3.035, 3.117, 3.667, 2.975]","[-5.123, -5.355, -5.720, -5.655, -5.662, -5.766]"
980,1,-1.9046,5.7163,0.239,306,896,35,37,0.141,65,5.92,33752,1364.72,0,0,27.000(33.750%)(0.750m),41.000(36.177%)(2.250m),52.000(45.882%)(3.429m),30.000(26.471%)(1.071m),19.931(24.914%)(0.000m),23.000(57.500%)(1.393m),14.021(35.053%)(0.431m),21.599,2280.037,67.8,1.3138,"[0.354, 0.972, 1.174, 0.305, 1.160, 1.144]","[2.934, 3.504, 3.000, 3.088, 3.727, 3.033]","[-5.215, -5.519, -3.090, -4.817, -5.497, -3.715]"
981,1,14.3462,5.8228,0.230,913,2600,170,138,0.141,100,6.01,33844,4028.62,1,1,18.430(23.037%)(0.000m),38.783(34.220%)(2.012m),45.000(39.706%)(2.679m),36.235(31.972%)(1.739m),16.893(21.116%)(0.000m),12.983(32.457%)(0.320m),11.841(29.603%)(0.197m),320.061,2929.226,65.9,1.2301,"[0.869, 1.114, 0.840, 0.840, 1.257, 0.790]","[2.927, 3.372, 3.040, 2.918, 3.604, 3.108]","[-5.215, -2.763, -4.809, -5.388, -2.732, -4.668]"
982,1,0.1239,5.4213,0.217,296,877,24,41,0.140,65,6.01,33874,1313.25,0,0,23.000(28.750%)(0.321m),29.000(25.588%)(0.964m),38.000(33.530%)(1.929m),30.000(26.471%)(1.071m),22.000(27.500%)(0.214m),25.000(62.500%)(1.607m),18.941(47.353%)(0.958m),22.609,2258.381,68.6,1.3303,"[0.300, 0.613, 0.684, 0.159, 0.815, 0.646]","[2.688, 3.152, 2.901, 2.690, 3.405, 2.802]","[-4.660, -4.852, -4.213, -4.472, -5.190, -4.126]"
983,1,21.9168,5.4317,0.220,791,2361,11,120,0.140,100,6.10,33954,3568.39,1,1,25.000(31.250%)(0.536m),42.000(37.059%)(2.357m),54.000(47.647%)(3.643m),41.000(36.177%)(2.250m),23.299(29.124%)(0.353m),18.000(45.000%)(0.857m),16.436(41.091%)(0.690m),196.286,2665.790,69.1,1.4037,"[0.872, 1.187, 0.919, 0.831, 1.390, 0.940]","[3.144, 3.312, 3.139, 3.113, 3.645, 3.120]","[-4.266, -3.252, -4.892, -4.348, -3.569, -4.596]"
984,1,14.5685,5.2939,0.241,767,2313,36,131,0.140,100,6.20,34031,3509.32,2,1,26.000(32.500%)(0.643m),42.000(37.059%)(2.357m),59.000(52.059%)(4.179m),38.000(33.530%)(1.929m),22.116(27.644%)(0.227m),18.000(45.000%)(0.857m),15.582(38.956%)(0.598m),210.934,2729.878,69.8,1.2699,"[0.955, 1.150, 0.887, 0.906, 1.388, 0.975]","[2.896, 3.227, 2.740, 2.945, 3.508, 2.804]","[-3.156, -1.786, -4.544, -3.257, -1.798, -4.253]"
985,1,17.3341,5.6800,0.243,928,2628,164,95,0.139,100,6.29,34124,4072.01,3,1,24.000(30.000%)(0.429m),45.000(39.706%)(2.679m),56.000(49.412%)(3.857m),35.937(31.709%)(1.707m),16.794(20.993%)(0.000m),17.000(42.500%)(0.750m),11.776(29.440%)(0.190m),379.524,3469.254,65.5,1.1817,"[1.091, 1.527, 1.234, 1.043, 1.682, 1.254]","[3.409, 3.515, 3.305, 3.202, 3.621, 3.236]","[-5.211, -2.510, -5.446, -5.316, -2.760, -5.156]"
986,1,16.0146,5.9408,0.230,766,2314,93,144,0.139,100,6.39,34201,3443.02,4,1,20.574(25.717%)(0.061m),43.000(37.941%)(2.464m),55.000(48.530%)(3.750m),35.103(30.974%)(1.618m),16.346(20.433%)(0.000m),14.493(36.232%)(0.481m),11.456(28.641%)(0.156m),208.290,2454.218,69.9,1.2185,"[0.462, 0.923, 0.628, 0.475, 1.059, 0.646]","[2.914, 3.399, 3.038, 3.165, 3.620, 3.097]","[-5.052, -3.392, -4.460, -5.037, -3.361, -4.140]"
987,1,-0.9510,5.9479,0.284,353,1047,8,86,0.139,70,6.38,34237,1513.07,0,0,25.000(31.250%)(0.536m),48.000(42.353%)(3.000m),69.000(60.883%)(5.250m),52.000(45.882%)(3.429m),18.000(22.500%)(0.000m),19.000(47.500%)(0.964m),11.000(27.500%)(0.107m),428.629,3124.317,68.7,1.1733,"[0.548, 0.675, 0.381, 0.556, 0.883, 0.437]","[2.805, 3.131, 2.839, 2.943, 3.390, 2.864]","[-6.781, -5.926, -6.896, -6.365, -6.722, -5.185]"
988,1,-1.6670,5.9231,0.276,162,460,19,16,0.139,45,6.38,34254,753.13,0,0,27.000(33.750%)(0.750m),43.000(37.941%)(2.464m),44.584(39.339%)(2.634m),19.406(17.123%)(0.000m),10.946(13.683%)(0.000m),31.000(77.500%)(2.250m),9.924(24.811%)(0.000m),351.732,2767.282,65.7,1.4587,"[0.451, 0.865, 0.881, 0.397, 1.071, 0.813]","[2.794, 3.214, 2.817, 2.849, 3.443, 2.764]","[-5.110, -5.558, -5.833, -4.777, -5.220, -5.729]"
989,1,0.0874,5.9884,0.228,119,343,31,8,0.138,35,6.37,34266,530.34,0,0,77.786(97.233%)(6.191m),21.000(18.529%)(0.107m),20.000(17.647%)(0.000m),21.000(18.529%)(0.107m),67.096(83.870%)(5.046m),40.000(100.000%)(3.214m),40.000(100.000%)(3.214m),0.000,2224.587,66.7,1.2520,"[0.573, 0.586, 0.414, 0.402, 0.651, 0.380]","[2.884, 3.313, 2.870, 2.850, 3.583, 2.932]","[-7.644, -7.282, -6.971, -7.584, -6.948, -6.464]"
990,1,15.9772,6.3732,0.216,863,2503,218,151,0.138,100,6.46,34353,3885.52,1,1,18.027(22.534%)(0.000m),32.000(28.235%)(1.286m),51.000(45.000%)(3.321m),34.000(30.000%)(1.500m),16.000(20.000%)(0.000m),12.668(31.670%)(0.286m),11.000(27.500%)(0.107m),125.544,2710.769,67.1,1.3173,"[0.922, 1.211, 0.720, 0.907, 1.329, 0.727]","[3.060, 3.391, 3.004, 3.024, 3.645, 3.060]","[-6.092, -3.950, -4.576, -5.689, -3.870, -4.702]"
991,1,16.5282,6.7402,0.260,751,2283,71,82,0.138,100,6.56,34429,3261.11,2,1,27.000(33.750%)(0.750m),48.000(42.353%)(3.000m),59.000(52.059%)(4.179m),39.888(35.196%)(2.131m),18.776(23.470%)(0.000m),22.000(55.000%)(1.286m),13.193(32.982%)(0.342m),649.296,2768.398,70.3,1.1715,"[0.839, 1.191, 0.921, 0.814, 1.388, 0.929]","[2.916, 3.547, 2.957, 2.992, 3.782, 3.026]","[-4.574, -0.967, -4.072, -4.422, -1.270, -4.068]"
992,1,20.0066,7.1970,0.238,711,2202,137,40,0.138,100,6.65,34501,3147.88,3,1,25.000(31.250%)(0.536m),38.000(33.530%)(1.929m),57.000(50.294%)(3.964m),46.000(40.588%)(2.786m),22.342(27.928%)(0.251m),24.000(60.000%)(1.500m),15.744(39.360%)(0.615m),243.521,2305.290,71.7,1.2414,"[0.967, 1.296, 1.118, 0.974, 1.545, 1.131]","[2.950, 3.157, 2.853, 3.055, 3.466, 2.888]","[-3.527, -0.753, -1.419, -3.634, -0.653, -1.707]"
993,1,-0.4438,7.2098,0.296,144,394,11,15,0.137,40,6.65,34516,660.04,0,0,23.000(28.750%)(0.321m),34.000(30.000%)(1.500m),51.000(45.000%)(3.321m),84.945(74.952%)(6.958m),43.510(54.387%)(2.519m),40.000(100.000%)(3.214m),35.713(89.284%)(2.755m),78.165,2261.573,63.3,1.3121,"[1.636, 1.587, 1.084, 1.619, 1.717, 0.970]","[2.862, 3.475, 3.101, 3.037, 3.692, 3.136]","[0.512, -0.974, -3.279, 0.213, -1.138, -3.342]"
994,1,5.2358,7.3011,0.267,666,2003,104,103,0.137,95,6.64,34583,2898.18,0,0,12.000(15.000%)(0.000m),20.000(17.647%)(0.000m),54.000(47.647%)(3.643m),37.000(32.647%)(1.821m),19.202(24.003%)(0.000m),25.000(62.500%)(1.607m),13.492(33.730%)(0.374m),176.671,2721.085,69.6,1.2413,"[0.540, 1.025, 0.776, 0.563, 1.242, 0.831]","[3.202, 3.399, 3.128, 3.134, 3.610, 3.110]","[-6.296, -6.551, -7.007, -6.979, -6.699, -6.148]"
995,1,0.7568,7.0162,0.244,330,943,0,45,0.137,65,6.63,34616,1464.54,0,0,25.000(31.250%)(0.536m),39.000(34.412%)(2.036m),60.000(52.941%)(4.286m),26.000(22.941%)(0.643m),22.000(27.500%)(0.214m),22.000(55.000%)(1.286m),17.975(44.938%)(0.854m),0.000,2661.582,66.1,1.1795,"[0.972, 1.128, 1.095, 0.944, 1.344, 1.079]","[3.258, 3.473, 3.058, 3.260, 3.686, 2.902]","[-5.449, -6.641, -5.648, -5.310, -6.744, -5.579]"
996,1,2.9247,7.0396,0.278,486,1465,84,12,0.136,85,6.63,34665,2100.69,0,0,31.000(38.750%)(1.179m),49.000(43.235%)(3.107m),57.000(50.294%)(3.964m),23.608(20.830%)(0.387m),12.092(15.115%)(0.000m),25.000(62.500%)(1.607m),9.925(24.814%)(0.000m),305.561,2688.719,69.8,1.1898,"[0.375, 1.073, 1.029, 0.350, 1.294, 0.980]","[2.677, 3.317, 2.986, 2.738, 3.520, 2.906]","[-5.250, -5.405, -5.099, -5.142, -5.213, -4.865]"
997,1,0.3588,7.0721,0.291,327,979,95,24,0.136,70,6.62,34698,1362.03,0,0,11.000(13.750%)(0.000m),16.000(14.118%)(0.000m),57.000(50.294%)(3.964m),44.246(39.041%)(2.598m),21.566(26.957%)(0.168m),12.000(30.000%)(0.214m),15.235(38.087%)(0.561m),432.787,2774.675,69.3,1.1069,"[0.462, 1.173, 0.979, 0.389, 1.294, 1.020]","[2.913, 3.503, 3.268, 3.104, 3.654, 3.224]","[-6.139, -5.070, -5.784, -6.103, -5.342, -5.114]"
998,1,17.4391,7.4171,0.256,788,2355,79,155,0.136,100,6.71,34777,3495.93,1,1,24.000(30.000%)(0.429m),46.000(40.588%)(2.786m),55.000(48.530%)(3.750m),33.000(29.118%)(1.393m),22.000(27.500%)(0.214m),18.000(45.000%)(0.857m),15.780(39.451%)(0.619m),102.494,2668.024,69.2,1.1875,"[0.960, 1.490, 1.275, 0.950, 1.665, 1.271]","[3.114, 3.681, 3.272, 3.093, 3.854, 3.449]","[-4.741, -4.785, -1.982, -4.477, -4.963, -2.329]"
999,1,13.8713,7.7420,0.237,880,2537,130,150,0.136,100,6.81,34865,3865.76,2,1,24.000(30.000%)(0.429m),36.000(31.765%)(1.714m),56.000(49.412%)(3.857m),31.116(27.455%)(1.191m),14.308(17.885%)(0.000m),17.000(42.500%)(0.750m),10.009(25.023%)(0.001m),228.519,2870.169,66.7,1.2545,"[0.716, 1.204, 1.139, 0.706, 1.380, 1.120]","[3.147, 3.458, 3.112, 3.169, 3.715, 3.298]","[-5.546, -3.758, -2.720, -5.285, -3.858, -2.646]"
1000,1,14.7923,8.0483,0.242,728,2238,81,150,0.135,100,6.90,34938,3249.70,3,1,26.000(32.500%)(0.643m),48.000(42.353%)(3.000m),62.000(54.706%)(4.500m),38.000(33.530%)(1.929m),20.864(26.080%)(0.093m),17.000(42.500%)(0.750m),14.683(36.707%)(0.502m),197.510,2570.230,71.2,1.2910,"[1.081, 1.387, 1.025, 1.132, 1.605, 1.063]","[2.934, 3.517, 3.189, 3.131, 3.828, 3.326]","[-3.631, -2.070, -4.481, -3.935, -2.260, -4.514]"
1001,1,0.9731,8.0736,0.298,649,1942,129,175,0.135,95,6.89,35003,2893.38,0,0,19.000(23.750%)(0.000m),38.000(33.530%)(1.929m),35.000(30.882%)(1.607m),23.000(20.294%)(0.321m),19.716(24.645%)(0.000m),15.000(37.500%)(0.536m),13.867(34.669%)(0.414m),0.000,2249.013,69.2,1.3707,"[0.534, 0.999, 0.771, 0.494, 1.137, 0.731]","[3.065, 3.587, 3.130, 3.286, 3.928, 3.415]","[-6.103, -5.261, -4.172, -5.213, -5.985, -4.091]"
1002,1,16.5794,8.1283,0.276,757,2295,141,206,0.135,100,6.99,35079,3354.41,1,1,24.000(30.000%)(0.429m),38.000(33.530%)(1.929m),48.000(42.353%)(3.000m),34.000(30.000%)(1.500m),20.159(25.199%)(0.017m),17.000(42.500%)(0.750m),14.178(35.444%)(0.448m),99.249,2262.655,70.2,1.1800,"[1.082, 1.487, 1.138, 1.082, 1.668, 1.125]","[3.168, 3.577, 3.221, 3.185, 3.799, 3.250]","[-4.202, -2.925, -5.267, -4.057, -3.444, -5.213]"
1003,1,15.2507,8.1611,0.241,763,2309,158,169,0.135,100,7.08,35156,3328.99,2,1,19.000(23.750%)(0.000m),42.000(37.059%)(2.357m),48.000(42.353%)(3.000m),33.370(29.445%)(1.433m),15.460(19.326%)(0.000m),12.000(30.000%)(0.214m),10.828(27.069%)(0.089m),113.635,2744.363,70.0,1.2796,"[0.811, 1.227, 0.997, 0.827, 1.399, 1.030]","[3.173, 3.697, 3.193, 3.310, 3.822, 3.226]","[-4.961, -4.059, -6.375, -5.101, -3.796, -6.436]"
1004,1,3.3225,7.9379,0.234,706,2054,119,131,0.134,95,7.07,35227,2979.05,0,0,23.000(28.750%)(0.321m),32.000(28.235%)(1.286m),55.000(48.530%)(3.750m),27.000(23.824%)(0.750m),17.174(21.467%)(0.000m),17.000(42.500%)(0.750m),12.066(30.164%)(0.221m),0.000,2742.002,67.3,1.2174,"[0.654, 1.261, 1.103, 0.703, 1.487, 1.134]","[3.313, 3.451, 2.940, 3.400, 3.699, 3.120]","[-5.618, -5.989, -4.533, -4.981, -5.918, -4.750]"
1005,1,-0.2411,7.9413,0.314,140,385,28,13,0.134,40,7.06,35241,640.21,0,0,21.000(26.250%)(0.107m),22.000(19.412%)(0.214m),30.000(26.471%)(1.071m),75.003(66.179%)(5.893m),45.781(57.226%)(2.762m),40.000(100.000%)(3.214m),40.000(100.000%)(3.214m),0.000,2301.432,63.7,1.3882,"[1.035, 0.919, 0.727, 0.846, 0.973, 0.598]","[2.889, 3.443, 2.899, 2.970, 3.636, 2.965]","[-3.219, -4.545, -4.769, -3.523, -4.213, -4.855]"
1006,1,16.0708,7.9372,0.235,839,2456,269,65,0.134,100,7.16,35325,3770.49,1,1,29.000(36.250%)(0.964m),37.000(32.647%)(1.821m),47.000(41.471%)(2.893m),33.958(29.963%)(1.495m),16.008(20.010%)(0.000m),23.000(57.500%)(1.393m),11.252(28.131%)(0.134m),260.029,3078.098,67.7,1.2527,"[0.491, 1.223, 1.266, 0.513, 1.486, 1.370]","[3.322, 3.401, 3.076, 3.206, 3.610, 3.071]","[-4.937, -3.645, -3.561, -4.782, -3.797, -3.550]"
1007,1,-0.9440,7.9263,0.248,334,987,73,49,0.133,70,7.15,35359,1423.94,0,0,10.000(12.500%)(0.000m),15.000(13.235%)(0.000m),23.000(20.294%)(0.321m),39.697(35.027%)(2.110m),18.631(23.289%)(0.000m),12.000(30.000%)(0.214m),13.082(32.706%)(0.330m),239.774,2543.118,68.4,1.3280,"[0.578, 1.281, 1.224, 0.629, 1.554, 1.251]","[3.074, 3.633, 3.322, 3.095, 3.783, 3.331]","[-6.175, -5.340, -5.797, -6.390, -5.400, -5.424]"
1008,1,-2.2101,7.5890,0.257,319,931,62,36,0.133,65,7.14,35391,1359.75,0,0,22.087(27.609%)(0.224m),46.524(41.051%)(2.842m),20.000(17.647%)(0.000m),20.000(17.647%)(0.000m),24.000(30.000%)(0.429m),15.560(38.899%)(0.596m),19.173(47.933%)(0.983m),0.000,2725.943,67.5,1.2988,"[0.639, 0.848, 0.688, 0.634, 0.945, 0.614]","[3.433, 3.529, 3.196, 3.485, 3.798, 3.066]","[-4.924, -4.714, -5.093, -5.287, -4.957, -5.272]"
1009,1,15.3709,7.6357,0.235,745,2271,115,90,0.133,100,7.23,35466,3280.56,1,1,18.643(23.303%)(0.000m),39.688(35.019%)(2.109m),61.000(53.824%)(4.393m),47.000(41.471%)(2.893m),23.000(28.750%)(0.321m),13.099(32.748%)(0.332m),16.306(40.764%)(0.676m),357.288,2421.853,70.6,1.2880,"[1.231, 1.557, 1.018, 1.254, 1.752, 1.062]","[3.053, 3.531, 3.157, 3.166, 3.847, 3.345]","[-5.724, -2.587, -5.076, -4.642, -2.115, -5.156]"
1010,1,4.1284,7.4436,0.242,474,1470,15,71,0.133,85,7.23,35514,2039.93,0,0,27.000(33.750%)(0.750m),50.000(44.118%)(3.214m),74.000(65.294%)(5.786m),28.634(25.265%)(0.925m),13.152(16.440%)(0.000m),19.000(47.500%)(0.964m),9.744(24.361%)(0.000m),456.452,2594.942,71.8,1.2582,"[0.893, 1.251, 1.047, 0.905, 1.469, 1.078]","[3.211, 3.687, 3.300, 3.400, 3.857, 3.399]","[-5.124, -5.244, -4.755, -4.845, -5.277, -4.823]"
1011,1,-1.6433,7.4040,0.226,183,498,20,9,0.132,45,7.22,35533,787.56,0,0,30.000(37.500%)(1.071m),40.000(35.294%)(2.143m),43.833(38.676%)(2.554m),19.585(17.281%)(0.000m),11.166(13.958%)(0.000m),31.000(77.500%)(2.250m),10.249(25.623%)(0.027m),364.421,3242.108,63.0,1.2062,"[0.230, 1.192, 1.384, 0.188, 1.330, 1.343]","[2.925, 3.681, 3.361, 3.119, 3.954, 3.409]","[-5.395, -5.433, -5.608, -5.248, -5.339, -5.661]"
1012,1,16.2022,7.7139,0.254,794,2365,61,166,0.132,100,7.31,35613,3694.18,1,1,23.000(28.750%)(0.321m),51.000(45.000%)(3.321m),43.000(37.941%)(2.464m),33.000(29.118%)(1.393m),16.354(20.442%)(0.000m),16.000(40.000%)(0.643m),11.459(28.647%)(0.156m),168.195,2595.947,68.9,1.3079,"[0.994, 1.397, 1.332, 1.021, 1.621, 1.327]","[3.302, 3.640, 3.227, 3.461, 3.799, 3.173]","[-4.986, -3.247, -4.081, -5.021, -3.601, -3.987]"
1013,1,19.0580,8.0971,0.220,712,2206,48,151,0.132,100,7.40,35685,3129.88,2,1,23.000(28.750%)(0.321m),41.000(36.177%)(2.250m),48.000(42.353%)(3.000m),36.000(31.765%)(1.714m),23.135(28.919%)(0.336m),18.000(45.000%)(0.857m),16.318(40.794%)(0.677m),133.098,2338.518,71.7,1.3023,"[0.955, 1.330, 1.083, 0.951, 1.550, 1.145]","[3.317, 3.610, 3.076, 3.403, 3.860, 3.012]","[-3.908, -2.628, -4.091, -4.247, -3.062, -3.737]"
1014,1,14.6285,8.3271,0.245,788,2357,169,211,0.132,100,7.50,35764,3707.45,3,1,17.000(21.250%)(0.000m),35.000(30.882%)(1.607m),54.000(47.647%)(3.643m),36.000(31.765%)(1.714m),22.744(28.430%)(0.294m),12.000(30.000%)(0.214m),16.035(40.087%)(0.647m),173.263,2635.249,69.2,1.5273,"[0.849, 1.142, 0.842, 0.825, 1.357, 0.852]","[2.848, 3.473, 3.297, 3.088, 3.714, 3.350]","[-4.445, -3.839, -5.666, -4.666, -3.967, -5.867]"
1015,1,4.2662,8.2258,0.256,783,2234,176,64,0.131,95,7.49,35843,3481.09,0,0,10.000(12.500%)(0.000m),15.000(13.235%)(0.000m),23.000(20.294%)(0.321m),41.105(36.270%)(2.261m),20.039(25.048%)(0.004m),15.408(38.520%)(0.579m),14.153(35.383%)(0.445m),412.492,3805.946,66.0,1.3342,"[1.096, 1.318, 1.025, 1.085, 1.580, 1.077]","[3.204, 3.575, 3.191, 3.242, 3.850, 3.280]","[-8.973, -7.934, -7.406, -8.992, -8.786, -6.656]"
1016,1,18.1993,8.5095,0.272,815,2410,135,100,0.131,100,7.58,35925,3728.86,1,1,16.091(20.113%)(0.000m),33.519(29.576%)(1.448m),34.000(30.000%)(1.500m),27.000(23.824%)(0.750m),20.555(25.694%)(0.059m),11.329(28.323%)(0.142m),14.461(36.153%)(0.478m),43.689,3594.207,68.4,1.3457,"[1.094, 1.215, 0.912, 1.075, 1.380, 0.848]","[3.472, 3.853, 3.426, 3.740, 4.065, 3.462]","[-5.031, -4.519, -5.138, -5.126, -4.656, -5.226]"
1017,1,18.1507,8.8789,0.304,809,2397,127,187,0.131,100,7.67,36006,3531.33,2,1,22.000(27.500%)(0.214m),39.000(34.412%)(2.036m),49.000(43.235%)(3.107m),31.000(27.353%)(1.179m),20.568(25.710%)(0.061m),16.000(40.000%)(0.643m),14.490(36.224%)(0.481m),52.379,2675.546,68.6,1.1815,"[0.838, 1.296, 1.082, 0.837, 1.496, 1.055]","[3.004, 3.892, 3.472, 3.229, 4.007, 3.384]","[-4.940, -5.089, -5.567, -4.631, -5.278, -5.129]"
1018,1,17.4249,9.1918,0.288,760,2298,4,121,0.131,100,7.76,36082,3360.70,3,1,25.000(31.250%)(0.536m),37.000(32.647%)(1.821m),57.000(50.294%)(3.964m),44.000(38.824%)(2.571m),25.129(31.412%)(0.550m),19.000(47.500%)(0.964m),17.771(44.427%)(0.833m),301.607,2655.656,70.0,1.1724,"[1.291, 1.558, 1.228, 1.276, 1.787, 1.189]","[3.275, 3.522, 3.337, 3.304, 3.728, 3.363]","[-3.311, -0.538, -3.299, -3.586, -0.615, -3.038]"
1019,1,15.5176,9.1136,0.269,792,2362,57,95,0.130,100,7.85,36162,3468.63,4,1,24.000(30.000%)(0.429m),39.000(34.412%)(2.036m),55.000(48.530%)(3.750m),36.669(32.355%)(1.786m),17.224(21.531%)(0.000m),19.000(47.500%)(0.964m),12.095(30.238%)(0.224m),241.679,2914.932,69.0,1.1753,"[0.979, 1.384, 1.134, 0.893, 1.623, 1.159]","[3.193, 3.552, 3.461, 3.219, 3.838, 3.446]","[-4.490, -1.906, -3.987, -4.903, -2.291, -3.883]"
1020,1,0.2250,9.0831,0.211,170,507,14,23,0.130,45,7.84,36179,725.56,0,0,26.000(32.500%)(0.643m),54.000(47.647%)(3.643m),73.904(65.209%)(5.775m),25.876(22.832%)(0.630m),12.516(15.645%)(0.000m),22.000(55.000%)(1.286m),9.765(24.413%)(0.000m),524.822,2892.185,69.0,1.3845,"[0.802, 1.173, 1.217, 0.875, 1.470, 1.170]","[3.033, 3.453, 3.031, 3.260, 3.787, 3.062]","[-5.610, -5.931, -4.575, -5.295, -5.653, -4.364]"
1021,1,17.8712,9.4330,0.255,783,2346,95,99,0.130,100,7.93,36258,3467.37,1,1,24.000(30.000%)(0.429m),39.000(34.412%)(2.036m),66.000(58.235%)(4.929m),42.000(37.059%)(2.357m),20.532(25.665%)(0.057m),21.000(52.500%)(1.179m),14.452(36.129%)(0.477m),242.860,2354.322,69.3,1.2265,"[0.929, 1.484, 1.233, 0.899, 1.740, 1.239]","[3.227, 3.490, 3.218, 3.320, 3.799, 3.146]","[-5.042, -1.281, -3.519, -5.212, -0.957, -3.445]"
1022,1,17.7844,9.8225,0.245,788,2358,123,123,0.130,100,8.02,36337,3480.71,2,1,20.402(25.503%)(0.043m),43.009(37.950%)(2.465m),47.000(41.471%)(2.893m),34.535(30.472%)(1.557m),16.056(20.070%)(0.000m),14.374(35.934%)(0.469m),11.250(28.126%)(0.134m),344.091,3048.451,69.3,1.2027,"[0.785, 1.270, 0.791, 0.782, 1.427, 0.782]","[2.891, 3.420, 3.155, 3.047, 3.616, 3.112]","[-4.544, -2.630, -4.329, -4.754, -3.146, -4.357]"
1023,1,21.5960,10.0729,0.273,693,2170,114,113,0.129,100,8.11,36407,3054.39,3,1,20.000(25.000%)(0.000m),35.000(30.882%)(1.607m),50.000(44.118%)(3.214m),36.000(31.765%)(1.714m),21.176(26.470%)(0.126m),16.000(40.000%)(0.643m),14.907(37.267%)(0.526m),95.739,2334.579,72.5,1.2759,"[1.114, 1.553, 1.227, 1.091, 1.782, 1.252]","[3.333, 3.647, 3.043, 3.462, 4.068, 3.336]","[-4.132, -2.612, -3.555, -4.365, -2.727, -3.658]"
1024,1,19.4740,10.1203,0.265,774,2327,129,123,0.129,100,8.20,36485,3407.53,4,1,22.000(27.500%)(0.214m),38.000(33.530%)(1.929m),56.000(49.412%)(3.857m),42.324(37.344%)(2.392m),19.961(24.951%)(0.000m),21.000(52.500%)(1.179m),14.036(35.089%)(0.432m),249.101,2528.267,69.6,1.4853,"[1.079, 1.497, 1.297, 1.070, 1.766, 1.328]","[2.957, 3.604, 3.339, 3.066, 3.929, 3.505]","[-4.289, -0.149, -0.558, -4.645, 0.044, -1.167]"
1025,1,2.9329,9.7904,0.271,340,994,0,49,0.129,70,8.20,36519,1532.89,0,0,25.475(31.844%)(0.587m),47.000(41.471%)(2.893m),66.000(58.235%)(4.929m),18.000(15.882%)(0.000m),11.000(13.750%)(0.000m),18.028(45.070%)(0.860m),11.000(27.500%)(0.107m),438.938,2905.033,67.7,1.6704,"[1.165, 1.217, 1.005, 1.140, 1.455, 1.060]","[3.217, 3.405, 3.156, 3.207, 3.705, 3.326]","[-5.645, -6.255, -8.090, -4.888, -5.915, -7.580]"
1026,1,2.9090,9.8887,0.261,319,967,27,77,0.128,70,8.19,36551,1389.29,0,0,23.667(29.584%)(0.393m),35.000(30.882%)(1.607m),47.000(41.471%)(2.893m),29.000(25.588%)(0.964m),13.000(16.250%)(0.000m),16.703(41.756%)(0.718m),10.000(25.000%)(0.000m),139.672,2291.022,70.1,1.3763,"[0.755, 1.013, 0.721, 0.823, 1.208, 0.645]","[3.004, 3.686, 3.232, 3.222, 4.005, 3.332]","[-6.649, -5.391, -4.533, -5.785, -5.425, -3.976]"
1027,1,-0.4578,9.5885,0.283,130,366,19,17,0.128,35,8.18,36564,628.32,0,0,42.244(52.805%)(2.383m),75.943(67.009%)(5.994m),40.000(35.294%)(2.143m),30.000(26.471%)(1.071m),23.000(28.750%)(0.321m),37.367(93.418%)(2.932m),40.000(100.000%)(3.214m),43.710,2159.364,65.2,1.3622,"[1.131, 1.463, 1.548, 1.105, 1.549, 1.478]","[3.252, 3.702, 3.176, 3.479, 3.995, 3.309]","[-3.690, -3.184, -1.075, -3.905, -3.267, -1.393]"
1028,1,0.3367,9.3217,0.289,289,865,73,29,0.128,65,8.17,36593,1369.34,0,0,28.000(35.000%)(0.857m),49.000(43.235%)(3.107m),44.000(38.824%)(2.571m),31.000(27.353%)(1.179m),18.485(23.106%)(0.000m),24.000(60.000%)(1.500m),12.978(32.444%)(0.319m),0.000,2349.308,69.3,1.3273,"[0.690, 1.360, 1.472, 0.721, 1.572, 1.556]","[3.108, 3.731, 3.315, 3.356, 3.969, 3.393]","[-4.817, -4.584, -1.869, -4.694, -5.130, -2.083]"
1029,1,15.1817,9.5055,0.271,712,2213,127,169,0.128,100,8.26,36665,3209.35,1,1,16.000(20.000%)(0.000m),33.000(29.118%)(1.393m),57.000(50.294%)(3.964m),39.000(34.412%)(2.036m),22.342(27.928%)(0.251m),11.000(27.500%)(0.107m),15.744(39.360%)(0.615m),223.590,2375.694,71.9,1.3181,"[0.633, 0.926, 0.586, 0.613, 1.158, 0.630]","[3.325, 3.618, 3.433, 3.295, 3.899, 3.564]","[-4.486, -4.485, -5.729, -4.750, -4.607, -5.896]"
1030,1,-1.8352,9.5069,0.275,173,485,35,31,0.127,45,8.25,36683,759.33,0,0,12.955(16.194%)(0.000m),27.608(24.360%)(0.815m),40.000(35.294%)(2.143m),30.000(26.471%)(1.071m),23.000(28.750%)(0.321m),9.724(24.311%)(0.000m),29.000(72.500%)(2.036m),72.549,2957.196,64.9,1.2507,"[0.644, 0.353, -0.151, 0.504, 0.384, -0.217]","[2.941, 3.415, 2.936, 3.015, 3.705, 2.922]","[-2.783, -5.093, -5.500, -3.264, -5.205, -5.419]"
1031,1,2.0446,9.2608,0.224,483,1429,39,104,0.127,80,8.24,36732,2223.96,0,0,28.000(35.000%)(0.857m),21.000(18.529%)(0.107m),20.000(17.647%)(0.000m),54.709(48.273%)(3.719m),23.000(28.750%)(0.321m),20.000(50.000%)(1.071m),16.000(40.000%)(0.643m),0.000,2996.856,68.5,1.3604,"[1.140, 1.371, 1.020, 1.150, 1.622, 1.107]","[3.385, 3.625, 3.254, 3.357, 3.827, 3.145]","[-7.045, -5.581, -5.881, -6.669, -6.179, -5.295]"
1032,1,-1.1479,9.2354,0.204,169,442,29,18,0.127,40,8.24,36749,717.10,0,0,24.000(30.000%)(0.429m),22.000(19.412%)(0.214m),38.000(33.530%)(1.929m),98.111(86.569%)(8.369m),51.031(63.789%)(3.325m),40.000(100.000%)(3.214m),39.815(99.537%)(3.194m),0.000,2268.800,60.6,1.2582,"[1.265, 1.167, 1.023, 1.212, 1.375, 0.894]","[3.333, 3.834, 3.556, 3.535, 4.138, 3.553]","[-5.480, -4.960, -5.155, -5.638, -5.299, -5.165]"
1033,1,-0.8688,8.7797,0.276,131,368,32,13,0.127,40,8.23,36763,575.49,0,0,46.284(57.855%)(2.816m),75.154(66.313%)(5.909m),28.000(24.706%)(0.857m),22.000(19.412%)(0.214m),22.000(27.500%)(0.214m),40.000(100.000%)(3.214m),40.000(100.000%)(3.214m),0.000,2063.072,65.0,1.0653,"[0.385, 0.713, 1.022, 0.278, 0.648, 0.904]","[3.121, 3.780, 3.481, 3.347, 4.129, 3.639]","[-4.894, -4.584, -3.973, -4.827, -4.937, -4.208]"
1034,1,17.5023,8.8384,0.296,711,2203,112,98,0.126,100,8.32,36835,3135.95,1,1,26.000(32.500%)(0.643m),43.000(37.941%)(2.464m),59.000(52.059%)(4.179m),37.376(32.979%)(1.862m),17.490(21.862%)(0.000m),21.000(52.500%)(1.179m),12.265(30.662%)(0.243m),131.770,2230.744,71.7,1.3344,"[0.687, 1.366, 1.219, 0.699, 1.630, 1.239]","[3.582, 4.027, 3.392, 3.605, 4.139, 3.385]","[-5.583, -3.404, -2.236, -5.174, -3.895, -2.314]"
1035,1,10.9652,8.7110,0.286,717,2220,116,147,0.126,100,8.41,36907,3128.34,2,1,23.000(28.750%)(0.321m),54.000(47.647%)(3.643m),50.000(44.118%)(3.214m),32.000(28.235%)(1.286m),15.481(19.351%)(0.000m),15.000(37.500%)(0.536m),10.839(27.097%)(0.090m),81.811,2369.602,71.7,1.2873,"[0.515, 1.115, 1.215, 0.490, 1.384, 1.341]","[3.382, 3.493, 3.114, 3.296, 3.762, 3.311]","[-5.073, -4.878, -2.553, -4.855, -5.319, -2.598]"
1036,1,2.9395,8.4495,0.241,605,1871,30,129,0.126,95,8.40,36968,2689.62,0,0,22.000(27.500%)(0.214m),14.000(12.353%)(0.000m),23.000(20.294%)(0.321m),41.000(36.177%)(2.250m),21.000(26.250%)(0.107m),19.713(49.283%)(1.041m),15.000(37.500%)(0.536m),325.516,2338.736,71.6,1.3393,"[0.685, 1.208, 0.974, 0.701, 1.451, 1.069]","[2.999, 3.522, 3.088, 3.028, 3.734, 3.160]","[-9.272, -6.636, -5.553, -8.505, -6.705, -5.157]"
1037,1,16.2917,8.7943,0.295,687,2157,104,105,0.126,100,8.49,37037,3011.61,1,1,25.000(31.250%)(0.536m),38.000(33.530%)(1.929m),57.000(50.294%)(3.964m),33.000(29.118%)(1.393m),18.126(22.658%)(0.000m),21.000(52.500%)(1.179m),12.727(31.817%)(0.292m),44.772,2102.319,72.7,1.2143,"[0.933, 1.425, 1.264, 0.943, 1.710, 1.325]","[3.009, 3.424, 3.205, 2.945, 3.573, 3.050]","[-4.927, -3.635, -1.611, -5.339, -4.012, -1.932]"
1038,1,3.3059,8.8938,0.293,597,1840,222,55,0.125,95,8.48,37097,2642.98,0,0,23.000(28.750%)(0.321m),20.000(17.647%)(0.000m),19.000(16.765%)(0.000m),19.000(16.765%)(0.000m),18.860(23.575%)(0.000m),21.000(52.500%)(1.179m),13.246(33.116%)(0.348m),0.000,2294.572,71.3,1.2732,"[0.241, 0.831, 0.612, 0.222, 1.134, 0.735]","[2.925, 3.325, 2.952, 3.132, 3.623, 3.110]","[-5.655, -6.241, -4.979, -5.321, -5.780, -4.918]"
1039,1,18.9251,9.2705,0.301,691,2166,173,41,0.125,100,8.57,37167,3050.89,1,1,28.000(35.000%)(0.857m),40.000(35.294%)(2.143m),60.000(52.941%)(4.286m),42.000(37.059%)(2.357m),21.148(26.435%)(0.123m),23.000(57.500%)(1.393m),14.886(37.216%)(0.524m),240.254,2431.049,72.5,1.1710,"[0.611, 1.320, 1.145, 0.747, 1.645, 1.231]","[2.728, 3.338, 3.124, 2.852, 3.727, 3.156]","[-4.524, -0.900, -1.962, -4.521, -0.654, -2.562]"
1040,1,16.7629,9.2863,0.263,698,2182,101,142,0.125,100,8.65,37237,3060.80,2,1,17.000(21.250%)(0.000m),36.000(31.765%)(1.714m),55.000(48.530%)(3.750m),35.000(30.882%)(1.607m),17.479(21.848%)(0.000m),12.000(30.000%)(0.214m),12.263(30.658%)(0.242m),150.002,2309.359,72.3,1.2105,"[0.719, 1.064, 0.688, 0.726, 1.385, 0.761]","[2.861, 3.278, 2.908, 2.970, 3.524, 2.866]","[-4.554, -4.069, -8.170, -4.533, -3.599, -7.875]"
1041,1,0.1803,8.9593,0.271,319,934,74,17,0.125,65,8.65,37269,1365.79,0,0,26.000(32.500%)(0.643m),16.000(14.118%)(0.000m),24.000(21.177%)(0.429m),44.576(39.332%)(2.633m),21.169(26.461%)(0.125m),27.000(67.500%)(1.821m),14.912(37.279%)(0.526m),613.949,2874.256,67.7,1.3149,"[0.620, 1.087, 0.921, 0.553, 1.414, 1.031]","[3.187, 3.724, 3.156, 3.220, 3.953, 3.290]","[-8.718, -7.584, -6.834, -8.271, -7.551, -6.732]"
1042,1,18.0375,8.9199,0.258,688,2160,159,131,0.124,100,8.73,37338,3158.87,1,1,21.000(26.250%)(0.107m),38.000(33.530%)(1.929m),58.000(51.177%)(4.071m),37.886(33.429%)(1.916m),17.714(22.143%)(0.000m),15.000(37.500%)(0.536m),12.425(31.064%)(0.260m),184.802,2419.368,72.7,1.2818,"[0.882, 1.272, 0.889, 0.863, 1.604, 0.986]","[3.174, 3.653, 3.207, 3.365, 3.852, 3.353]","[-4.877, -1.046, -5.462, -4.960, -1.093, -5.132]"
1043,1,8.8186,9.1052,0.277,750,2285,173,193,0.124,100,8.82,37413,3325.51,2,1,25.000(31.250%)(0.536m),43.000(37.941%)(2.464m),37.000(32.647%)(1.821m),28.000(24.706%)(0.857m),14.772(18.464%)(0.000m),18.000(45.000%)(0.857m),10.335(25.838%)(0.036m),41.506,2408.490,70.5,1.2385,"[0.559, 1.022, 0.963, 0.571, 1.293, 1.018]","[2.994, 3.703, 3.304, 3.111, 3.972, 3.332]","[-6.027, -4.841, -3.540, -5.026, -4.979, -3.025]"
1044,1,16.4462,9.3294,0.283,707,2197,65,126,0.124,100,8.91,37484,3248.68,3,1,26.000(32.500%)(0.643m),41.000(36.177%)(2.250m),57.000(50.294%)(3.964m),31.000(27.353%)(1.179m),18.227(22.783%)(0.000m),19.000(47.500%)(0.964m),12.793(31.982%)(0.299m),36.226,2291.681,71.9,1.3730,"[0.994, 1.445, 1.202, 1.008, 1.747, 1.299]","[2.933, 3.422, 3.114, 3.092, 3.551, 3.237]","[-4.766, -4.251, -3.711, -4.745, -4.406, -3.528]"
1045,1,17.4770,9.6638,0.292,686,2155,87,142,0.124,100,9.00,37553,2985.03,4,1,24.000(30.000%)(0.429m),38.000(33.530%)(1.929m),68.000(60.000%)(5.143m),38.000(33.530%)(1.929m),21.232(26.540%)(0.132m),19.000(47.500%)(0.964m),14.953(37.382%)(0.531m),143.600,2166.827,72.7,1.1785,"[0.962, 1.489, 1.078, 1.009, 1.799, 1.171]","[3.168, 3.695, 3.096, 3.177, 4.007, 3.226]","[-4.883, -1.816, -4.166, -4.826, -1.885, -4.262]"
1046,1,0.7812,9.6209,0.264,624,1898,161,94,0.123,95,8.99,37616,2764.71,0,0,15.000(18.750%)(0.000m),38.000(33.530%)(1.929m),38.000(33.530%)(1.929m),27.000(23.824%)(0.750m),20.014(25.017%)(0.001m),10.000(25.000%)(0.000m),14.074(35.184%)(0.436m),0.000,2544.612,70.4,1.2064,"[0.548, 1.046, 0.927, 0.545, 1.299, 1.039]","[3.201, 3.668, 3.283, 3.169, 3.933, 3.325]","[-4.944, -4.118, -7.544, -4.779, -4.178, -6.912]"
1047,1,2.4524,9.6628,0.305,270,827,40,49,0.123,65,8.98,37643,1141.15,0,0,22.000(27.500%)(0.214m),35.000(30.882%)(1.607m),48.000(42.353%)(3.000m),28.000(24.706%)(0.857m),19.819(24.774%)(0.000m),20.000(50.000%)(1.071m),13.935(34.838%)(0.422m),0.000,2010.037,70.9,1.2360,"[0.680, 1.334, 1.439, 0.701, 1.564, 1.469]","[3.249, 3.648, 3.275, 3.394, 4.036, 3.390]","[-4.914, -4.824, -3.607, -4.498, -4.953, -3.684]"
1048,1,-0.6269,9.3015,0.274,344,970,24,129,0.123,65,8.97,37678,1461.14,0,0,20.000(25.000%)(0.000m),45.000(39.706%)(2.679m),58.000(51.177%)(4.071m),35.000(30.882%)(1.607m),24.000(30.000%)(0.429m),15.000(37.500%)(0.536m),20.205(50.512%)(1.093m),23.066,3203.843,65.3,1.2161,"[1.373, 1.630, 1.518, 1.380, 1.789, 1.566]","[3.432, 4.010, 3.384, 3.613, 4.236, 3.284]","[-5.278, -3.855, -2.370, -4.801, -4.170, -2.327]"
1049,1,1.9529,9.0631,0.241,277,815,118,0,0.123,60,8.96,37706,1174.56,0,0,36.000(45.000%)(1.714m),46.000(40.588%)(2.786m),44.000(38.824%)(2.571m),29.644(26.157%)(1.033m),13.531(16.913%)(0.000m),28.000(70.000%)(1.929m),9.640(24.100%)(0.000m),476.619,2719.780,68.1,1.3033,"[0.496, 1.316, 1.457, 0.578, 1.582, 1.590]","[3.394, 3.765, 3.387, 3.413, 4.044, 3.388]","[-5.196, -5.161, -4.943, -5.427, -4.929, -4.209]"
1050,1,20.1968,9.1712,0.286,686,2153,140,128,0.122,100,9.05,37775,3028.93,1,1,25.000(31.250%)(0.536m),44.000(38.824%)(2.571m),59.000(52.059%)(4.179m),35.000(30.882%)(1.607m),18.008(22.510%)(0.000m),20.000(50.000%)(1.071m),12.637(31.593%)(0.283m),73.490,2141.871,72.6,1.2468,"[0.692, 1.454, 1.377, 0.808, 1.760, 1.504]","[3.157, 3.582, 2.975, 3.342, 3.957, 3.200]","[-6.272, -3.665, -1.919, -4.886, -4.079, -1.374]"
1051,1,15.5745,9.4632,0.284,693,2171,103,142,0.122,100,9.13,37845,3071.24,2,1,20.000(25.000%)(0.000m),33.000(29.118%)(1.393m),48.000(42.353%)(3.000m),34.295(30.260%)(1.532m),15.947(19.934%)(0.000m),14.000(35.000%)(0.429m),11.173(27.932%)(0.126m),124.661,2281.227,72.5,1.2458,"[0.666, 1.051, 0.993, 0.737, 1.354, 1.082]","[3.208, 3.643, 3.253, 3.312, 3.939, 3.352]","[-5.647, -4.349, -5.676, -5.458, -4.912, -4.984]"
1052,1,22.9720,9.5911,0.278,700,2183,55,118,0.122,100,9.22,37915,3105.77,3,1,25.000(31.250%)(0.536m),39.000(34.412%)(2.036m),55.000(48.530%)(3.750m),35.000(30.882%)(1.607m),20.145(25.181%)(0.016m),19.000(47.500%)(0.964m),14.175(35.437%)(0.447m),156.475,2315.701,72.2,1.3422,"[1.046, 1.418, 1.199, 1.172, 1.771, 1.279]","[3.157, 3.459, 3.113, 3.175, 3.787, 3.298]","[-4.297, -2.770, -4.267, -4.312, -3.003, -4.071]"
1053,1,18.6877,9.6598,0.247,689,2163,99,193,0.122,100,9.31,37984,3066.01,4,1,25.000(31.250%)(0.536m),38.000(33.530%)(1.929m),46.000(40.588%)(2.786m),32.000(28.235%)(1.286m),18.126(22.658%)(0.000m),17.000(42.500%)(0.750m),12.727(31.817%)(0.292m),77.764,2145.968,72.7,1.2417,"[1.141, 1.426, 1.099, 1.185, 1.752, 1.177]","[2.774, 3.131, 2.992, 2.910, 3.483, 3.135]","[-4.407, -3.812, -4.924, -4.776, -4.149, -4.708]"
1054,1,19.0951,9.9753,0.285,672,2128,116,78,0.121,100,9.39,38052,2968.21,5,1,23.000(28.750%)(0.321m),36.000(31.765%)(1.714m),57.000(50.294%)(3.964m),34.744(30.656%)(1.580m),16.110(20.137%)(0.000m),20.000(50.000%)(1.071m),11.285(28.213%)(0.138m),139.143,2152.868,73.3,1.2883,"[0.826, 1.439, 1.284, 0.914, 1.735, 1.355]","[3.030, 3.768, 3.397, 3.243, 4.075, 3.454]","[-5.324, -2.934, -2.145, -5.363, -2.782, -2.536]"
1055,1,18.9692,10.3595,0.286,717,2215,56,97,0.121,100,9.48,38124,3180.37,6,1,25.000(31.250%)(0.536m),39.000(34.412%)(2.036m),58.000(51.177%)(4.071m),39.000(34.412%)(2.036m),20.320(25.400%)(0.034m),20.000(50.000%)(1.071m),14.308(35.769%)(0.462m),231.013,2363.379,71.5,1.2591,"[1.024, 1.417, 1.150, 1.130, 1.741, 1.250]","[3.091, 3.392, 3.197, 3.118, 3.696, 3.233]","[-4.097, -1.174, -4.196, -4.365, -1.329, -3.978]"
1056,1,-0.2910,10.0322,0.197,129,363,25,13,0.121,35,9.47,38137,612.94,0,0,23.000(28.750%)(0.321m),23.000(20.294%)(0.321m),34.000(30.000%)(1.500m),86.978(76.745%)(7.176m),47.985(59.981%)(2.998m),40.000(100.000%)(3.214m),40.000(100.000%)(3.214m),0.000,2093.957,65.2,1.8091,"[1.147, 0.845, 0.447, 0.945, 0.946, 0.463]","[3.126, 3.522, 3.065, 3.179, 3.745, 3.192]","[-3.621, -3.854, -4.333, -4.107, -3.717, -4.234]"
1057,1,8.3880,10.2189,0.230,623,1938,97,71,0.121,95,9.46,38200,2664.83,0,0,12.000(15.000%)(0.000m),38.000(33.530%)(1.929m),57.000(50.294%)(3.964m),36.000(31.765%)(1.714m),18.159(22.699%)(0.000m),11.000(27.500%)(0.107m),12.744(31.861%)(0.294m),133.785,2106.951,72.0,1.2637,"[0.466, 1.171, 0.967, 0.425, 1.452, 1.050]","[3.043, 3.397, 3.045, 3.029, 3.751, 3.114]","[-5.133, -5.664, -7.174, -5.172, -5.383, -6.907]"
1058,1,18.2530,10.6281,0.245,672,2125,66,81,0.120,100,9.55,38268,3044.98,1,1,24.000(30.000%)(0.429m),41.000(36.177%)(2.250m),69.000(60.883%)(5.250m),45.000(39.706%)(2.679m),21.880(27.350%)(0.201m),22.000(55.000%)(1.286m),15.411(38.528%)(0.580m),320.792,2464.160,73.2,1.4277,"[1.369, 1.578, 1.319, 1.451, 1.953, 1.408]","[2.956, 3.399, 3.108, 2.881, 3.693, 3.316]","[-2.440, 0.183, -2.004, -2.804, 0.318, -2.053]"
1059,1,1.9931,10.3606,0.258,311,906,61,42,0.120,65,9.54,38300,1340.97,0,0,26.000(32.500%)(0.643m),42.000(37.059%)(2.357m),30.000(26.471%)(1.071m),20.000(17.647%)(0.000m),19.556(24.445%)(0.000m),22.000(55.000%)(1.286m),13.751(34.379%)(0.402m),0.000,2406.109,67.4,1.3267,"[0.599, 1.041, 1.033, 0.581, 1.217, 1.094]","[2.870, 3.453, 3.089, 2.985, 3.653, 3.273]","[-5.835, -6.292, -6.281, -5.591, -6.854, -6.012]"
1060,1,0.9835,10.2977,0.384,339,961,43,38,0.120,65,9.53,38334,1492.54,0,0,27.000(33.750%)(0.750m),42.000(37.059%)(2.357m),23.000(20.294%)(0.321m),19.000(16.765%)(0.000m),22.000(27.500%)(0.214m),23.000(57.500%)(1.393m),16.925(42.312%)(0.742m),0.000,2534.711,65.6,1.2759,"[1.012, 1.238, 1.214, 1.023, 1.442, 1.267]","[3.140, 3.635, 3.315, 3.267, 3.901, 3.337]","[-5.283, -6.995, -6.907, -4.793, -7.449, -6.964]"
1061,1,0.1711,10.3340,0.253,193,555,16,32,0.120,50,9.52,38354,847.39,0,0,25.000(31.250%)(0.536m),39.000(34.412%)(2.036m),59.000(52.059%)(4.179m),24.266(21.412%)(0.457m),12.261(15.326%)(0.000m),21.000(52.500%)(1.179m),9.938(24.844%)(0.000m),226.339,2869.127,66.6,1.2828,"[0.839, 1.393, 1.315, 0.945, 1.697, 1.440]","[2.940, 3.443, 3.006, 3.130, 3.890, 3.238]","[-5.291, -6.585, -5.396, -4.953, -6.877, -5.597]"
1062,1,17.6002,10.3619,0.295,690,2164,20,90,0.120,100,9.60,38423,3092.19,1,1,24.000(30.000%)(0.429m),37.000(32.647%)(1.821m),61.000(53.824%)(4.393m),38.000(33.530%)(1.929m),21.167(26.459%)(0.125m),19.000(47.500%)(0.964m),14.906(37.266%)(0.526m),223.867,2395.848,72.6,1.2899,"[1.179, 1.616, 1.315, 1.307, 1.961, 1.445]","[3.023, 3.462, 3.136, 3.257, 3.748, 3.223]","[-4.840, -0.946, -3.109, -4.707, -0.998, -3.070]"
1063,1,-0.1038,9.9787,0.241,136,377,0,9,0.119,40,9.60,38437,615.01,0,0,24.000(30.000%)(0.429m),24.000(21.177%)(0.429m),62.000(54.706%)(4.500m),103.853(91.635%)(8.984m),50.233(62.791%)(3.239m),40.000(100.000%)(3.214m),39.192(97.979%)(3.128m),0.000,2521.518,64.2,1.3052,"[1.931, 1.750, 1.345, 1.901, 2.025, 1.354]","[3.800, 3.763, 3.369, 3.818, 4.105, 3.450]","[-4.368, -3.774, -4.133, -4.944, -3.807, -4.370]"
1064,1,4.7773,9.7817,0.287,634,1960,160,154,0.119,95,9.59,38501,2718.74,0,0,11.000(13.750%)(0.000m),18.000(15.882%)(0.000m),46.000(40.588%)(2.786m),31.000(27.353%)(1.179m),17.387(21.734%)(0.000m),11.000(27.500%)(0.107m),12.197(30.493%)(0.235m),74.711,2180.485,71.5,1.2369,"[0.611, 1.190, 0.917, 0.624, 1.467, 1.100]","[3.340, 3.771, 3.463, 3.477, 3.946, 3.603]","[-5.380, -5.727, -8.230, -5.425, -5.507, -7.727]"
1065,1,15.0305,9.9969,0.287,679,2145,158,125,0.119,100,9.67,38569,3003.39,1,1,20.000(25.000%)(0.000m),35.000(30.882%)(1.607m),55.000(48.530%)(3.750m),37.000(32.647%)(1.821m),20.275(25.343%)(0.029m),14.000(35.000%)(0.429m),14.261(35.652%)(0.456m),95.739,2267.849,73.1,1.1792,"[0.822, 1.377, 1.071, 0.916, 1.758, 1.247]","[3.049, 3.848, 3.306, 3.237, 4.055, 3.366]","[-4.686, -2.944, -5.050, -4.666, -3.026, -4.583]"
1066,1,15.2374,9.9377,0.300,772,2323,131,106,0.119,100,9.76,38647,3388.68,2,1,24.000(30.000%)(0.429m),37.000(32.647%)(1.821m),42.000(37.059%)(2.357m),41.373(36.506%)(2.290m),19.528(24.410%)(0.000m),23.000(57.500%)(1.393m),13.732(34.329%)(0.400m),295.908,2522.055,69.6,1.1889,"[1.128, 1.601, 1.413, 1.237, 1.925, 1.491]","[2.961, 3.537, 3.310, 3.240, 3.838, 3.430]","[-4.392, -2.391, -3.866, -4.515, -2.455, -3.730]"
1067,1,11.2466,9.7996,0.323,719,2217,38,174,0.118,100,9.84,38719,3156.07,3,1,25.000(31.250%)(0.536m),32.000(28.235%)(1.286m),59.000(52.059%)(4.179m),39.786(35.106%)(2.120m),19.166(23.958%)(0.000m),19.000(47.500%)(0.964m),13.501(33.753%)(0.375m),165.584,2888.283,71.3,1.2318,"[0.963, 1.419, 1.407, 1.078, 1.776, 1.546]","[3.326, 3.927, 3.415, 3.528, 4.191, 3.574]","[-5.626, -3.520, -3.723, -5.422, -3.592, -3.914]"
1068,1,18.1277,9.8137,0.259,699,2179,4,78,0.118,100,9.93,38789,3170.53,4,1,22.000(27.500%)(0.214m),35.000(30.882%)(1.607m),55.000(48.530%)(3.750m),37.000(32.647%)(1.821m),25.012(31.265%)(0.537m),20.000(50.000%)(1.071m),17.676(44.190%)(0.822m),136.480,2311.374,72.1,1.2570,"[1.043, 1.535, 1.152, 1.126, 1.845, 1.244]","[3.112, 3.587, 3.037, 3.209, 3.812, 3.141]","[-4.964, -1.910, -3.980, -4.909, -1.943, -3.987]"
1069,1,-1.4288,9.4748,0.230,545,1590,62,166,0.118,85,9.92,38844,2370.19,0,0,24.000(30.000%)(0.429m),31.000(27.353%)(1.179m),49.518(43.692%)(3.163m),20.346(17.953%)(0.037m),11.225(14.031%)(0.000m),19.163(47.907%)(0.982m),9.929(24.822%)(0.000m),177.584,2668.459,67.5,1.2743,"[0.560, 0.954, 0.809, 0.636, 1.200, 0.867]","[3.049, 3.526, 3.172, 3.089, 3.795, 3.281]","[-5.949, -4.966, -6.017, -5.792, -4.841, -5.920]"
1070,1,1.5805,9.5019,0.302,671,2017,129,169,0.118,95,9.91,38912,3014.09,0,0,13.000(16.250%)(0.000m),27.000(23.824%)(0.750m),43.000(37.941%)(2.464m),32.000(28.235%)(1.286m),19.961(24.952%)(0.000m),10.000(25.000%)(0.000m),14.054(35.135%)(0.434m),92.653,2618.673,69.6,1.4510,"[0.772, 1.086, 0.807, 0.829, 1.336, 0.967]","[3.427, 3.701, 3.254, 3.508, 4.033, 3.457]","[-5.238, -4.653, -6.056, -5.094, -5.443, -5.522]"
1071,1,0.9015,9.1625,0.348,342,1029,5,93,0.117,70,9.90,38947,1487.44,0,0,21.000(26.250%)(0.107m),38.000(33.530%)(1.929m),66.000(58.235%)(4.929m),50.849(44.867%)(3.305m),21.000(26.250%)(0.107m),17.000(42.500%)(0.750m),11.000(27.500%)(0.107m),183.463,2925.975,69.6,1.1538,"[0.945, 1.060, 0.724, 0.952, 1.328, 0.764]","[3.189, 3.690, 3.373, 3.220, 3.959, 3.411]","[-7.018, -6.372, -7.067, -6.813, -7.466, -5.647]"
1072,1,17.8634,9.1641,0.262,679,2146,100,142,0.117,100,9.98,39015,3050.44,1,1,15.000(18.750%)(0.000m),37.000(32.647%)(1.821m),56.000(49.412%)(3.857m),37.000(32.647%)(1.821m),22.618(28.273%)(0.281m),11.000(27.500%)(0.107m),15.944(39.859%)(0.637m),193.144,2168.581,73.2,1.3355,"[0.769, 1.208, 0.927, 0.878, 1.502, 1.021]","[3.049, 3.725, 3.454, 3.001, 3.927, 3.392]","[-4.922, -5.167, -7.189, -4.992, -5.363, -6.692]"
1073,1,23.1228,9.1946,0.262,671,2126,104,45,0.117,100,10.07,39083,3040.47,2,1,27.000(33.750%)(0.750m),38.000(33.530%)(1.929m),54.000(47.647%)(3.643m),32.112(28.334%)(1.298m),14.765(18.456%)(0.000m),21.000(52.500%)(1.179m),10.330(25.826%)(0.035m),176.118,2327.981,73.3,1.2028,"[0.888, 1.522, 1.386, 0.889, 1.873, 1.451]","[3.214, 3.740, 3.182, 3.384, 3.895, 3.148]","[-5.229, -3.783, -3.985, -5.326, -3.610, -3.810]"
1074,1,5.7982,8.9211,0.247,582,1810,37,175,0.117,95,10.06,39142,2495.72,0,0,20.000(25.000%)(0.000m),19.000(16.765%)(0.000m),19.000(16.765%)(0.000m),20.000(17.647%)(0.000m),25.007(31.259%)(0.536m),16.000(40.000%)(0.643m),17.672(44.181%)(0.822m),0.000,2551.543,72.0,1.2059,"[0.928, 1.204, 0.967, 1.000, 1.526, 1.108]","[3.189, 3.726, 3.300, 3.236, 4.014, 3.319]","[-6.303, -7.117, -7.790, -6.270, -6.639, -7.529]"
1075,1,13.9423,9.1413,0.312,761,2304,154,171,0.116,100,10.14,39219,3295.99,1,1,17.732(22.165%)(0.000m),37.735(33.296%)(1.900m),37.000(32.647%)(1.821m),29.000(25.588%)(0.964m),24.000(30.000%)(0.429m),12.460(31.150%)(0.264m),17.000(42.500%)(0.750m),219.859,2589.520,70.1,1.2270,"[1.297, 1.298, 0.682, 1.331, 1.589, 0.653]","[3.546, 3.728, 3.441, 3.714, 4.053, 3.573]","[-4.091, -4.259, -5.495, -3.914, -3.761, -5.376]"
1076,1,15.9758,9.4026,0.246,695,2177,214,126,0.116,100,10.22,39289,2934.75,2,1,19.000(23.750%)(0.000m),39.000(34.412%)(2.036m),62.000(54.706%)(4.500m),30.163(26.614%)(1.089m),13.821(17.276%)(0.000m),13.000(32.500%)(0.321m),9.664(24.159%)(0.000m),82.314,2536.358,72.5,1.1217,"[0.417, 1.241, 1.051, 0.410, 1.550, 1.193]","[3.202, 3.689, 3.272, 3.361, 3.970, 3.388]","[-5.020, -5.240, -7.498, -5.141, -5.206, -6.556]"
1077,1,20.1223,9.8142,0.261,682,2146,122,96,0.116,100,10.31,39358,2938.67,3,1,21.000(26.250%)(0.107m),38.000(33.530%)(1.929m),57.000(50.294%)(3.964m),32.725(28.875%)(1.363m),15.093(18.867%)(0.000m),18.000(45.000%)(0.857m),10.564(26.411%)(0.060m),218.330,2220.457,72.8,1.1555,"[1.143, 1.568, 1.375, 1.204, 1.874, 1.485]","[3.169, 3.671, 3.222, 3.386, 3.931, 3.389]","[-5.010, -2.752, -1.848, -5.090, -2.855, -2.344]"
1078,1,18.6876,10.1812,0.280,699,2180,46,118,0.116,100,10.39,39428,3160.15,4,1,25.000(31.250%)(0.536m),40.000(35.294%)(2.143m),67.000(59.118%)(5.036m),36.406(32.123%)(1.758m),16.982(21.228%)(0.000m),20.000(50.000%)(1.071m),11.905(29.761%)(0.204m),223.390,2338.344,72.2,1.5281,"[1.310, 1.788, 1.538, 1.383, 2.123, 1.659]","[3.378, 3.890, 3.673, 3.547, 4.174, 3.831]","[-5.229, -1.750, -2.529, -5.100, -1.758, -2.469]"
1079,1,23.5722,10.3490,0.308,677,2136,61,100,0.116,100,10.47,39496,2966.70,5,1,25.000(31.250%)(0.536m),35.000(30.882%)(1.607m),55.000(48.530%)(3.750m),36.000(31.765%)(1.714m),17.441(21.801%)(0.000m),21.000(52.500%)(1.179m),12.236(30.590%)(0.240m),83.543,2145.695,73.0,1.2575,"[1.040, 1.693, 1.390, 1.105, 2.043, 1.506]","[3.464, 3.636, 3.041, 3.619, 4.034, 3.176]","[-5.060, -3.026, -2.025, -5.032, -3.243, -2.319]"
1080,1,16.9212,10.7242,0.218,705,2194,158,137,0.115,100,10.56,39567,3109.77,6,1,19.573(24.467%)(0.000m),33.000(29.118%)(1.393m),44.000(38.824%)(2.571m),34.000(30.000%)(1.500m),16.000(20.000%)(0.000m),13.764(34.411%)(0.403m),12.000(30.000%)(0.214m),81.968,2160.203,72.0,1.2906,"[0.553, 1.168, 0.719, 0.653, 1.424, 0.784]","[2.986, 3.746, 3.468, 3.159, 3.979, 3.546]","[-8.347, -4.337, -5.062, -6.619, -4.388, -4.915]"
1081,1,0.1105,10.6855,0.268,282,850,146,27,0.115,65,10.55,39596,1300.61,0,0,19.941(24.926%)(0.000m),20.000(17.647%)(0.000m),20.000(17.647%)(0.000m),37.000(32.647%)(1.821m),26.000(32.500%)(0.643m),14.021(35.053%)(0.431m),25.000(62.500%)(1.607m),0.000,2073.474,69.7,1.4901,"[0.591, 0.724, -0.028, 0.556, 0.889, -0.089]","[3.012, 3.662, 3.313, 3.233, 3.978, 3.425]","[-6.946, -6.580, -5.757, -7.134, -6.523, -5.780]"
1082,1,1.0629,10.7297,0.247,435,1339,132,96,0.115,80,10.54,39640,2046.31,0,0,19.957(24.946%)(0.000m),23.000(20.294%)(0.321m),48.000(42.353%)(3.000m),37.000(32.647%)(1.821m),20.000(25.000%)(0.000m),14.041(35.102%)(0.433m),14.000(35.000%)(0.429m),0.000,2094.168,71.2,1.3215,"[0.771, 0.911, -0.006, 0.771, 1.165, 0.029]","[3.349, 3.565, 3.110, 3.382, 3.834, 3.176]","[-5.525, -4.901, -5.665, -5.367, -5.132, -6.060]"
1083,1,17.4326,11.0957,0.228,706,2194,96,105,0.115,100,10.62,39711,3102.13,1,1,25.000(31.250%)(0.536m),38.000(33.530%)(1.929m),54.000(47.647%)(3.643m),32.000(28.235%)(1.286m),21.427(26.784%)(0.153m),19.000(47.500%)(0.964m),15.086(37.716%)(0.545m),104.832,2343.941,71.9,1.2535,"[0.984, 1.339, 1.060, 1.047, 1.683, 1.208]","[2.975, 3.590, 3.105, 3.113, 3.757, 3.289]","[-5.054, -5.249, -4.457, -4.749, -5.352, -4.669]"
1084,1,14.1095,11.0279,0.279,669,2122,11,134,0.114,100,10.70,39778,2945.23,2,1,24.000(30.000%)(0.429m),47.000(41.471%)(2.893m),47.000(41.471%)(2.893m),33.000(29.118%)(1.393m),24.000(30.000%)(0.429m),17.000(42.500%)(0.750m),17.724(44.309%)(0.828m),76.695,2425.861,73.4,1.2812,"[1.166, 1.460, 1.209, 1.274, 1.809, 1.333]","[3.096, 3.544, 2.986, 3.240, 3.789, 3.143]","[-5.063, -3.966, -4.895, -4.663, -4.466, -4.520]"
1085,1,19.6547,11.2017,0.310,712,2206,54,104,0.114,100,10.78,39850,3112.42,3,1,22.000(27.500%)(0.214m),42.000(37.059%)(2.357m),56.000(49.412%)(3.857m),40.000(35.294%)(2.143m),19.419(24.274%)(0.000m),15.000(37.500%)(0.536m),13.665(34.163%)(0.393m),229.570,2395.604,71.7,1.2529,"[1.362, 1.628, 1.301, 1.402, 1.977, 1.471]","[3.180, 3.651, 3.252, 3.230, 3.874, 3.409]","[-4.642, -1.419, -4.646, -4.774, -1.237, -4.213]"
1086,1,20.9992,11.5629,0.247,799,2380,74,203,0.114,100,10.87,39930,3484.13,4,1,20.000(25.000%)(0.000m),43.000(37.941%)(2.464m),42.000(37.059%)(2.357m),34.000(30.000%)(1.500m),20.661(25.827%)(0.071m),14.000(35.000%)(0.429m),14.556(36.389%)(0.488m),161.980,3031.091,68.9,1.1645,"[0.933, 1.362, 1.010, 0.880, 1.600, 1.087]","[3.003, 3.454, 2.983, 3.115, 3.849, 3.246]","[-4.555, -3.255, -5.535, -4.611, -3.612, -5.206]"
1087,1,19.4695,11.6264,0.277,672,2129,147,52,0.114,100,10.95,39998,3042.57,5,1,27.000(33.750%)(0.750m),44.000(38.824%)(2.571m),65.000(57.353%)(4.821m),32.848(28.984%)(1.377m),15.193(18.992%)(0.000m),26.000(65.000%)(1.714m),10.638(26.595%)(0.068m),212.315,2253.989,73.3,1.2354,"[0.710, 1.816, 1.682, 0.772, 2.131, 1.803]","[3.049, 3.664, 3.240, 3.159, 3.935, 3.378]","[-5.527, -3.283, -2.103, -5.535, -3.269, -1.839]"
1088,1,-0.7542,11.5452,0.248,122,350,24,10,0.113,35,10.94,40011,559.54,0,0,23.000(28.750%)(0.321m),20.000(17.647%)(0.000m),30.000(26.471%)(1.071m),93.701(82.678%)(7.897m),51.694(64.617%)(3.396m),40.000(100.000%)(3.214m),40.000(100.000%)(3.214m),0.000,2176.693,66.3,1.3336,"[1.180, 1.037, 0.778, 1.109, 1.288, 0.806]","[3.240, 3.514, 3.196, 3.360, 3.784, 3.231]","[-5.544, -5.088, -5.490, -6.364, -4.898, -5.529]"
1089,1,22.3003,11.6127,0.239,684,2151,7,72,0.113,100,11.02,40080,3063.54,1,1,24.000(30.000%)(0.429m),38.000(33.530%)(1.929m),52.000(45.882%)(3.429m),46.000(40.588%)(2.786m),24.606(30.758%)(0.494m),21.000(52.500%)(1.179m),17.382(43.456%)(0.791m),205.515,2475.916,72.8,1.4884,"[1.578, 1.959, 1.651, 1.676, 2.318, 1.820]","[3.418, 3.686, 3.366, 3.581, 4.031, 3.491]","[-4.416, -1.805, -1.408, -4.163, -2.053, -1.016]"
1090,1,19.2985,11.6634,0.297,716,2213,62,86,0.113,100,11.10,40152,3264.87,2,1,26.000(32.500%)(0.643m),42.000(37.059%)(2.357m),49.000(43.235%)(3.107m),32.000(28.235%)(1.286m),21.000(26.250%)(0.107m),21.000(52.500%)(1.179m),16.209(40.522%)(0.665m),48.161,2301.189,71.5,1.3130,"[1.393, 1.658, 1.497, 1.449, 2.025, 1.608]","[3.184, 3.548, 3.214, 3.253, 3.820, 3.291]","[-4.948, -3.541, -1.244, -4.799, -3.664, -1.232]"
1091,1,-0.0429,11.6590,0.284,307,929,66,53,0.113,65,11.09,40183,1320.68,0,0,12.000(15.000%)(0.000m),20.000(17.647%)(0.000m),55.000(48.530%)(3.750m),35.000(30.882%)(1.607m),20.709(25.886%)(0.076m),11.000(27.500%)(0.107m),14.572(36.430%)(0.490m),133.720,2424.589,70.0,1.2158,"[0.428, 1.026, 0.831, 0.461, 1.331, 1.009]","[3.193, 3.548, 3.187, 3.425, 3.983, 3.413]","[-4.799, -6.453, -6.589, -4.883, -6.365, -5.881]"
1092,1,21.2022,11.7222,0.220,672,2126,0,170,0.113,100,11.17,40251,2975.06,1,1,23.000(28.750%)(0.321m),43.000(37.941%)(2.464m),61.000(53.824%)(4.393m),37.000(32.647%)(1.821m),23.700(29.625%)(0.396m),19.000(47.500%)(0.964m),16.726(41.816%)(0.721m),188.268,2309.659,73.2,1.2376,"[1.394, 1.587, 1.318, 1.424, 2.031, 1.424]","[3.059, 3.412, 3.052, 3.044, 3.618, 2.957]","[-4.329, -1.526, -4.496, -3.847, -1.402, -4.174]"
1093,1,14.6369,11.8386,0.264,731,2249,46,187,0.112,100,11.25,40325,3237.03,2,1,19.000(23.750%)(0.000m),34.000(30.000%)(1.500m),56.000(49.412%)(3.857m),48.000(42.353%)(3.000m),23.000(28.750%)(0.321m),14.000(35.000%)(0.429m),16.000(40.000%)(0.643m),149.961,2608.189,71.2,1.2463,"[1.110, 1.381, 0.940, 1.226, 1.770, 1.113]","[2.960, 3.517, 3.137, 2.954, 3.800, 3.222]","[-7.776, -4.289, -5.271, -5.380, -4.002, -4.979]"
1094,1,-0.9045,11.4916,0.172,137,379,21,16,0.112,40,11.24,40339,614.34,0,0,22.000(27.500%)(0.214m),29.000(25.588%)(0.964m),42.000(37.059%)(2.357m),67.853(59.871%)(5.127m),40.277(50.346%)(2.173m),40.000(100.000%)(3.214m),38.826(97.066%)(3.089m),21.537,2112.506,64.1,1.3083,"[1.729, 1.514, 1.079, 1.673, 1.728, 1.073]","[3.200, 3.536, 3.048, 3.254, 3.821, 3.180]","[-0.298, -1.742, -3.186, -0.893, -1.677, -3.382]"
1095,1,2.3093,11.1882,0.268,466,1442,41,101,0.112,85,11.23,40386,2089.44,0,0,23.000(28.750%)(0.321m),35.000(30.882%)(1.607m),50.676(44.715%)(3.287m),20.822(18.373%)(0.088m),11.487(14.359%)(0.000m),19.000(47.500%)(0.964m),10.161(25.403%)(0.017m),140.996,2618.375,71.6,1.6116,"[0.967, 1.566, 1.302, 1.020, 1.935, 1.514]","[3.089, 3.740, 3.142, 3.194, 4.019, 3.316]","[-5.078, -5.048, -5.738, -5.154, -4.345, -5.486]"
1096,1,17.7018,11.5267,0.286,684,2149,69,89,0.112,100,11.31,40455,2973.10,1,1,28.000(35.000%)(0.857m),45.000(39.706%)(2.679m),61.000(53.824%)(4.393m),42.000(37.059%)(2.357m),21.374(26.718%)(0.147m),22.000(55.000%)(1.286m),15.048(37.621%)(0.541m),235.089,2260.544,72.7,1.1978,"[1.339, 1.761, 1.769, 1.486, 2.217, 1.919]","[3.057, 3.741, 3.238, 3.243, 3.995, 3.351]","[-3.914, -0.844, -1.070, -4.072, -0.734, -1.287]"
1097,1,16.8418,11.8144,0.306,686,2155,0,135,0.111,100,11.39,40524,3065.12,2,1,27.000(33.750%)(0.750m),44.000(38.824%)(2.571m),68.000(60.000%)(5.143m),42.000(37.059%)(2.357m),25.000(31.250%)(0.536m),17.000(42.500%)(0.750m),17.000(42.500%)(0.750m),305.129,2650.375,72.7,1.2354,"[1.659, 1.775, 1.560, 1.742, 2.158, 1.674]","[3.151, 3.434, 3.191, 3.270, 3.638, 3.129]","[-3.695, -0.157, -1.986, -2.203, 0.231, -1.636]"
1098,1,3.9956,11.9069,0.250,476,1417,47,120,0.111,80,11.38,40572,2151.44,0,0,22.000(27.500%)(0.214m),26.000(22.941%)(0.643m),32.000(28.235%)(1.286m),26.000(22.941%)(0.643m),21.000(26.250%)(0.107m),17.840(44.600%)(0.840m),17.000(42.500%)(0.750m),0.000,2514.522,68.9,1.3760,"[0.909, 1.175, 0.917, 1.012, 1.406, 1.003]","[3.257, 3.498, 3.236, 3.335, 3.804, 3.206]","[-6.482, -3.678, -5.165, -5.181, -3.601, -5.070]"
1099,1,19.5384,12.2586,0.249,693,2165,0,78,0.111,100,11.46,40642,3168.64,1,1,22.000(27.500%)(0.214m),50.000(44.118%)(3.214m),78.000(68.824%)(6.214m),42.000(37.059%)(2.357m),25.566(31.958%)(0.596m),20.000(50.000%)(1.071m),18.094(45.235%)(0.867m),295.399,2516.869,72.3,1.2977,"[1.831, 1.947, 1.692, 1.921, 2.372, 1.794]","[3.407, 3.676, 3.156, 3.519, 4.001, 3.186]","[-4.083, 0.298, -2.186, -2.543, 0.692, -1.700]"
1100,1,-0.3537,11.8476,0.261,335,973,81,30,0.111,65,11.45,40676,1398.24,0,0,13.000(16.250%)(0.000m),27.000(23.824%)(0.750m),43.000(37.941%)(2.464m),43.469(38.355%)(2.515m),20.730(25.913%)(0.078m),29.000(72.500%)(2.036m),14.636(36.590%)(0.497m),606.456,3384.684,67.2,1.1128,"[0.606, 1.197, 0.936, 0.494, 1.391, 1.031]","[3.128, 3.709, 3.394, 3.274, 3.993, 3.315]","[-4.717, -4.226, -4.975, -5.410, -4.711, -4.759]"
1101,1,19.3146,11.9224,0.240,673,2130,0,163,0.111,100,11.53,40744,3072.53,1,1,28.000(35.000%)(0.857m),51.000(45.000%)(3.321m),68.000(60.000%)(5.143m),51.539(45.476%)(3.379m),24.602(30.753%)(0.493m),21.000(52.500%)(1.179m),17.379(43.448%)(0.791m),510.318,2503.227,73.2,1.4186,"[1.552, 1.939, 1.732, 1.743, 2.325, 1.842]","[3.103, 3.551, 3.352, 3.205, 3.910, 3.352]","[-5.460, -1.242, -2.607, -4.826, -1.178, -2.408]"
1102,1,13.8879,11.7407,0.247,716,2216,93,182,0.110,100,11.62,40816,3220.16,2,1,24.000(30.000%)(0.429m),44.000(38.824%)(2.571m),68.000(60.000%)(5.143m),32.000(28.235%)(1.286m),19.250(24.063%)(0.000m),20.000(50.000%)(1.071m),13.526(33.816%)(0.378m),56.579,2555.010,71.6,1.2199,"[0.882, 1.414, 1.450, 0.967, 1.770, 1.564]","[3.341, 3.580, 3.070, 3.295, 3.864, 3.030]","[-8.853, -3.925, -1.893, -6.337, -3.738, -1.590]"
1103,1,-3.2574,11.3018,0.268,129,370,15,0,0.110,40,11.60,40829,596.48,0,0,42.000(52.500%)(2.357m),63.000(55.588%)(4.607m),34.131(30.115%)(1.514m),17.354(15.313%)(0.000m),10.497(13.121%)(0.000m),40.000(100.000%)(3.214m),10.369(25.923%)(0.040m),786.370,3310.243,66.4,1.2288,"[0.384, 0.784, 1.276, 0.433, 1.115, 1.349]","[3.235, 3.475, 3.078, 3.218, 3.907, 3.169]","[-6.031, -5.370, -5.548, -5.559, -5.177, -5.478]"
1104,1,8.9442,11.0988,0.216,565,1776,77,60,0.110,95,11.59,40886,2430.39,0,0,27.000(33.750%)(0.750m),45.000(39.706%)(2.679m),26.000(22.941%)(0.643m),20.000(17.647%)(0.000m),19.986(24.983%)(0.000m),22.000(55.000%)(1.286m),14.054(35.134%)(0.434m),0.000,2145.710,72.7,1.2824,"[0.845, 1.305, 1.097, 0.894, 1.653, 1.257]","[3.175, 3.456, 3.033, 3.220, 3.775, 3.227]","[-5.837, -7.036, -7.542, -5.170, -6.635, -6.990]"
1105,1,11.5190,10.9498,0.292,711,2209,31,184,0.110,100,11.67,40958,3242.35,1,1,18.000(22.500%)(0.000m),43.000(37.941%)(2.464m),61.000(53.824%)(4.393m),29.628(26.143%)(1.032m),16.158(20.198%)(0.000m),12.000(30.000%)(0.214m),14.117(35.292%)(0.441m),222.636,2383.182,71.9,1.4283,"[0.918, 1.060, 0.724, 1.036, 1.484, 0.869]","[2.856, 3.371, 3.059, 2.972, 3.710, 3.367]","[-5.612, -5.943, -7.756, -5.528, -4.946, -7.367]"
1106,1,9.6623,11.1489,0.273,584,1815,56,39,0.109,95,11.66,41017,2591.56,0,0,26.000(32.500%)(0.643m),44.000(38.824%)(2.571m),56.000(49.412%)(3.857m),29.000(25.588%)(0.964m),20.580(25.725%)(0.062m),22.000(55.000%)(1.286m),14.480(36.199%)(0.480m),0.000,2387.731,71.9,1.3153,"[1.039, 1.573, 1.395, 1.095, 1.969, 1.554]","[3.355, 3.613, 3.352, 3.409, 3.905, 3.398]","[-5.434, -4.090, -2.901, -5.240, -4.113, -2.689]"
1107,1,21.4688,11.4105,0.311,669,2122,62,110,0.109,100,11.74,41084,2949.28,1,1,26.000(32.500%)(0.643m),44.000(38.824%)(2.571m),63.000(55.588%)(4.607m),40.000(35.294%)(2.143m),19.246(24.058%)(0.000m),18.000(45.000%)(0.857m),13.530(33.825%)(0.378m),187.253,2325.928,73.4,1.1912,"[1.220, 1.833, 1.596, 1.338, 2.184, 1.742]","[3.382, 3.748, 3.171, 3.590, 4.025, 3.353]","[-5.036, -0.277, -0.405, -5.128, -0.263, -0.290]"
1108,1,3.2320,11.1101,0.214,271,828,1,31,0.109,65,11.73,41112,1178.68,0,0,24.000(30.000%)(0.429m),39.000(34.412%)(2.036m),32.000(28.235%)(1.286m),19.000(16.765%)(0.000m),23.000(28.750%)(0.321m),23.000(57.500%)(1.393m),17.425(43.562%)(0.795m),0.000,2161.639,70.7,1.4588,"[0.821, 1.446, 1.357, 0.905, 1.746, 1.444]","[3.070, 3.572, 3.374, 3.045, 3.832, 3.384]","[-6.408, -6.469, -6.056, -5.487, -6.484, -5.611]"
1109,1,21.7524,11.5052,0.232,678,2137,63,86,0.109,100,11.81,41180,3156.75,1,1,24.000(30.000%)(0.429m),42.000(37.059%)(2.357m),64.000(56.471%)(4.714m),40.000(35.294%)(2.143m),20.334(25.417%)(0.036m),20.000(50.000%)(1.071m),14.309(35.773%)(0.462m),244.969,2311.321,72.9,1.2698,"[1.361, 1.787, 1.541, 1.481, 2.237, 1.683]","[3.341, 3.513, 3.173, 3.551, 3.972, 3.308]","[-3.992, -0.842, -1.702, -4.161, -0.942, -1.417]"
1110,1,27.1544,12.0287,0.292,665,2113,0,54,0.109,100,11.89,41247,2983.15,2,1,26.000(32.500%)(0.643m),53.000(46.765%)(3.536m),68.000(60.000%)(5.143m),37.000(32.647%)(1.821m),23.000(28.750%)(0.321m),22.000(55.000%)(1.286m),16.711(41.778%)(0.719m),115.772,2209.194,73.5,1.3062,"[1.349, 1.983, 1.658, 1.508, 2.333, 1.748]","[3.206, 3.580, 3.200, 3.342, 3.916, 3.186]","[-4.543, -1.839, -2.761, -4.029, -1.864, -2.628]"
1111,1,20.2961,12.4312,0.259,684,2149,4,80,0.108,100,11.97,41316,3133.04,3,1,25.000(31.250%)(0.536m),38.000(33.530%)(1.929m),57.000(50.294%)(3.964m),46.000(40.588%)(2.786m),26.252(32.816%)(0.670m),20.000(50.000%)(1.071m),18.573(46.433%)(0.919m),243.521,2303.055,72.7,1.2776,"[1.778, 2.016, 1.690, 1.835, 2.438, 1.795]","[3.526, 3.590, 3.495, 3.546, 3.885, 3.587]","[-2.056, -0.210, -3.904, -2.217, -0.359, -3.661]"
1112,1,19.3703,12.4666,0.286,670,2124,44,202,0.108,100,12.05,41383,3019.28,4,1,23.000(28.750%)(0.321m),44.000(38.824%)(2.571m),68.000(60.000%)(5.143m),39.000(34.412%)(2.036m),23.155(28.944%)(0.338m),19.000(47.500%)(0.964m),16.332(40.830%)(0.678m),191.952,2117.707,73.4,1.1169,"[1.739, 2.075, 1.578, 1.856, 2.440, 1.666]","[3.488, 3.777, 3.519, 3.830, 4.157, 3.525]","[-3.837, 0.054, -4.297, -3.637, 0.021, -4.088]"
1113,1,18.3823,12.8363,0.287,690,2165,92,127,0.108,100,12.13,41452,3012.57,5,1,25.000(31.250%)(0.536m),44.000(38.824%)(2.571m),57.000(50.294%)(3.964m),39.000(34.412%)(2.036m),19.000(23.750%)(0.000m),21.000(52.500%)(1.179m),12.000(30.000%)(0.214m),165.448,2459.152,72.6,1.2666,"[1.158, 1.682, 1.399, 1.274, 2.036, 1.495]","[3.379, 3.847, 3.606, 3.301, 4.140, 3.509]","[-3.692, -1.069, -3.529, -3.994, -0.708, -3.515]"
1114,1,9.0907,12.9225,0.273,600,1899,7,84,0.108,95,12.12,41512,2622.44,0,0,11.000(13.750%)(0.000m),52.000(45.882%)(3.429m),67.000(59.118%)(5.036m),32.000(28.235%)(1.286m),23.000(28.750%)(0.321m),11.000(27.500%)(0.107m),16.821(42.053%)(0.731m),62.568,2277.747,73.2,1.2465,"[1.303, 1.571, 1.216, 1.416, 1.949, 1.358]","[3.347, 3.701, 3.334, 3.433, 3.945, 3.318]","[-4.449, -5.988, -6.531, -4.199, -5.514, -7.094]"
1115,1,-0.5737,12.6105,0.304,125,356,4,13,0.108,35,12.11,41525,566.78,0,0,22.000(27.500%)(0.214m),29.000(25.588%)(0.964m),55.000(48.530%)(3.750m),70.266(61.999%)(5.386m),40.896(51.120%)(2.239m),40.000(100.000%)(3.214m),38.470(96.175%)(3.050m),14.249,2181.512,66.0,1.2084,"[1.852, 1.873, 1.573, 1.853, 2.140, 1.403]","[3.175, 3.818, 3.371, 3.334, 4.062, 3.297]","[-0.665, -1.410, -2.659, -1.646, -1.078, -3.435]"
1116,1,-1.0495,12.2847,0.249,123,353,12,14,0.107,35,12.10,41538,561.78,0,0,22.000(27.500%)(0.214m),31.000(27.353%)(1.179m),45.000(39.706%)(2.679m),66.127(58.348%)(4.942m),39.252(49.065%)(2.063m),40.000(100.000%)(3.214m),37.839(94.597%)(2.983m),60.918,2267.971,66.4,1.4527,"[1.686, 1.699, 1.375, 1.654, 2.004, 1.222]","[3.135, 3.625, 3.161, 3.234, 3.951, 3.082]","[-2.631, -1.449, -2.356, -3.070, -1.148, -2.831]"
1117,1,15.3277,12.3663,0.258,671,2129,26,213,0.107,100,12.18,41606,3070.03,1,1,16.000(20.000%)(0.000m),39.000(34.412%)(2.036m),70.000(61.765%)(5.357m),35.000(30.882%)(1.607m),23.828(29.785%)(0.410m),11.000(27.500%)(0.107m),16.819(42.048%)(0.731m),128.023,2342.038,73.4,1.3501,"[1.462, 1.639, 1.306, 1.600, 2.085, 1.450]","[3.296, 3.826, 3.499, 3.346, 4.116, 3.503]","[-3.943, -4.199, -5.743, -3.694, -4.143, -5.870]"
1118,1,21.4087,12.4320,0.227,716,2213,125,94,0.107,100,12.25,41678,3289.10,2,1,23.000(28.750%)(0.321m),44.000(38.824%)(2.571m),45.000(39.706%)(2.679m),34.000(30.000%)(1.500m),16.252(20.315%)(0.000m),19.000(47.500%)(0.964m),11.405(28.513%)(0.151m),209.953,2270.479,71.5,1.6640,"[1.147, 1.757, 1.640, 1.264, 2.089, 1.797]","[3.470, 4.010, 3.543, 3.606, 4.213, 3.626]","[-6.074, -4.902, -3.256, -5.617, -5.160, -3.055]"
1119,1,-2.7459,12.4056,0.251,325,972,103,28,0.107,70,12.24,41711,1409.44,0,0,17.910(22.388%)(0.000m),35.000(30.882%)(1.607m),46.000(40.588%)(2.786m),19.000(16.765%)(0.000m),11.000(13.750%)(0.000m),12.566(31.415%)(0.275m),10.000(25.000%)(0.000m),157.542,3548.769,69.2,1.2345,"[0.769, 0.694, -0.371, 0.834, 1.015, -0.311]","[3.183, 3.862, 3.444, 3.286, 4.071, 3.614]","[-5.814, -8.300, -7.197, -5.208, -8.172, -6.979]"
1120,1,19.2769,12.7596,0.312,744,2268,149,117,0.106,100,12.32,41786,3288.61,1,1,22.000(27.500%)(0.214m),30.000(26.471%)(1.071m),41.000(36.177%)(2.250m),33.126(29.229%)(1.406m),15.283(19.103%)(0.000m),17.000(42.500%)(0.750m),10.698(26.746%)(0.075m),147.057,2611.809,70.6,1.1861,"[1.449, 1.736, 1.520, 1.549, 2.134, 1.656]","[3.301, 3.818, 3.447, 3.661, 4.013, 3.357]","[-5.153, -3.053, -4.303, -5.270, -2.745, -4.007]"
1121,1,1.0809,12.7631,0.300,312,969,36,55,0.106,70,12.31,41818,1355.88,0,0,26.000(32.500%)(0.643m),53.000(46.765%)(3.536m),74.000(65.294%)(5.786m),42.994(37.936%)(2.464m),17.000(21.250%)(0.000m),21.000(52.500%)(1.179m),10.000(25.000%)(0.000m),519.214,2775.836,71.9,1.1473,"[1.250, 1.777, 1.494, 1.494, 2.135, 1.722]","[3.015, 3.543, 3.097, 3.321, 3.752, 3.185]","[-3.836, -2.000, -2.874, -4.196, -2.591, -2.707]"
1122,1,5.9441,12.5248,0.296,474,1481,47,78,0.106,85,12.30,41866,2090.34,0,0,24.000(30.000%)(0.429m),38.000(33.530%)(1.929m),62.117(54.809%)(4.513m),22.738(20.063%)(0.293m),11.955(14.944%)(0.000m),20.000(50.000%)(1.071m),10.062(25.155%)(0.007m),264.821,2364.050,72.3,1.2699,"[1.161, 1.820, 1.655, 1.351, 2.228, 1.777]","[3.074, 3.330, 2.878, 3.357, 3.703, 2.893]","[-5.066, -5.142, -4.111, -5.135, -5.258, -4.158]"
1123,1,-0.2392,12.0575,0.217,127,360,19,14,0.106,35,12.29,41879,602.72,0,0,43.757(54.696%)(2.545m),73.716(65.044%)(5.755m),40.000(35.294%)(2.143m),26.000(22.941%)(0.643m),22.000(27.500%)(0.214m),40.000(100.000%)(3.214m),40.000(100.000%)(3.214m),0.000,2121.006,65.6,1.5221,"[1.127, 1.613, 1.696, 1.092, 1.737, 1.770]","[3.204, 3.639, 3.222, 3.337, 4.000, 3.382]","[-3.167, -1.789, -1.184, -3.571, -2.209, -1.384]"
1124,1,-1.1152,11.9192,0.309,326,937,131,33,0.106,65,12.28,41912,1424.10,0,0,14.883(18.603%)(0.000m),31.000(27.353%)(1.179m),42.000(37.059%)(2.357m),35.000(30.882%)(1.607m),27.000(33.750%)(0.750m),10.418(26.046%)(0.045m),25.000(62.500%)(1.607m),44.718,2279.006,66.5,1.3296,"[1.430, 1.327, 0.094, 1.458, 1.494, 0.083]","[3.281, 3.620, 3.132, 3.354, 3.992, 3.298]","[-1.408, -2.949, -4.579, -1.797, -2.810, -4.865]"
1125,1,3.9206,11.7188,0.252,367,1071,10,37,0.105,70,12.27,41949,1585.54,0,0,13.000(16.250%)(0.000m),44.000(38.824%)(2.571m),63.000(55.588%)(4.607m),36.000(31.765%)(1.714m),25.045(31.306%)(0.541m),10.000(25.000%)(0.000m),17.704(44.260%)(0.825m),141.620,2730.133,67.5,1.1308,"[1.318, 1.621, 1.354, 1.329, 1.943, 1.570]","[3.293, 3.747, 3.146, 3.238, 4.055, 3.274]","[-4.548, -6.245, -6.802, -4.075, -5.874, -6.475]"
1126,1,-0.3139,11.3930,0.271,127,360,17,14,0.105,35,12.26,41962,637.13,0,0,22.000(27.500%)(0.214m),26.000(22.941%)(0.643m),42.000(37.059%)(2.357m),71.620(63.195%)(5.531m),42.513(53.141%)(2.412m),40.000(100.000%)(3.214m),40.000(100.000%)(3.214m),0.000,2121.006,65.6,1.6145,"[1.838, 1.653, 1.285, 1.633, 1.882, 1.199]","[3.089, 3.654, 3.218, 3.059, 3.971, 3.344]","[-1.476, -2.292, -3.357, -2.007, -2.185, -3.582]"
1127,1,0.4147,10.9989,0.265,315,960,13,56,0.105,70,12.24,41994,1339.17,0,0,14.000(17.500%)(0.000m),31.000(27.353%)(1.179m),64.000(56.471%)(4.714m),55.000(48.530%)(3.750m),29.455(36.819%)(1.013m),10.000(25.000%)(0.000m),20.905(52.263%)(1.168m),343.087,2567.321,70.5,1.1755,"[1.460, 1.399, 1.098, 1.564, 1.757, 1.254]","[3.460, 3.769, 3.230, 3.404, 4.230, 3.302]","[-3.912, -4.954, -5.800, -3.631, -4.967, -5.065]"
1128,1,16.5049,10.9552,0.293,701,2188,115,173,0.105,100,12.32,42065,3149.22,1,1,16.000(20.000%)(0.000m),35.000(30.882%)(1.607m),50.000(44.118%)(3.214m),32.000(28.235%)(1.286m),21.762(27.203%)(0.189m),12.000(30.000%)(0.214m),15.326(38.316%)(0.571m),82.612,2306.255,72.2,1.1958,"[1.036, 1.433, 1.151, 1.136, 1.828, 1.310]","[3.247, 3.538, 3.100, 3.306, 3.781, 3.253]","[-4.534, -5.101, -5.514, -4.613, -5.398, -5.414]"
1129,1,21.7981,10.9197,0.311,676,2135,67,23,0.105,100,12.40,42133,2897.87,2,1,25.000(31.250%)(0.536m),38.000(33.530%)(1.929m),57.000(50.294%)(3.964m),47.000(41.471%)(2.893m),22.342(27.928%)(0.251m),23.000(57.500%)(1.393m),15.744(39.360%)(0.615m),243.521,2358.030,73.1,1.1167,"[1.590, 1.849, 1.532, 1.674, 2.262, 1.665]","[3.273, 3.524, 3.250, 3.327, 3.715, 3.389]","[-3.315, -0.841, -4.603, -3.626, -1.181, -4.319]"
1130,1,-0.2862,10.5756,0.365,329,985,10,32,0.104,70,12.39,42166,1432.62,0,0,25.000(31.250%)(0.536m),36.000(31.765%)(1.714m),63.000(55.588%)(4.607m),29.000(25.588%)(0.964m),13.000(16.250%)(0.000m),20.904(52.260%)(1.168m),10.000(25.000%)(0.000m),175.594,2778.557,69.3,1.2971,"[0.996, 1.081, 0.862, 1.146, 1.500, 0.844]","[3.369, 3.928, 3.424, 3.410, 4.207, 3.500]","[-6.058, -5.246, -3.715, -5.383, -5.160, -4.624]"
1131,1,6.0405,10.6942,0.230,476,1494,0,44,0.104,85,12.38,42214,2144.29,0,0,27.000(33.750%)(0.750m),50.000(44.118%)(3.214m),80.000(70.588%)(6.429m),47.000(41.471%)(2.893m),24.955(31.194%)(0.531m),17.000(42.500%)(0.750m),17.635(44.087%)(0.818m),397.456,2594.878,72.6,1.3058,"[1.757, 2.022, 1.721, 1.882, 2.435, 1.970]","[3.366, 3.659, 3.160, 3.397, 3.884, 3.257]","[-1.583, -0.195, -4.462, -2.150, -0.215, -4.233]"
1132,1,11.9512,10.9120,0.243,558,1764,14,68,0.104,95,12.37,42270,2415.28,0,0,22.000(27.500%)(0.214m),35.000(30.882%)(1.607m),47.000(41.471%)(2.893m),29.000(25.588%)(0.964m),22.000(27.500%)(0.214m),21.000(52.500%)(1.179m),16.786(41.964%)(0.727m),0.000,2076.540,73.1,1.2261,"[1.068, 1.633, 1.379, 1.197, 2.011, 1.535]","[3.392, 3.769, 3.295, 3.442, 3.963, 3.321]","[-5.218, -5.029, -4.176, -4.922, -5.112, -4.169]"
1133,1,19.7829,10.9590,0.259,689,2162,84,131,0.104,100,12.44,42339,2987.43,1,1,22.000(27.500%)(0.214m),44.000(38.824%)(2.571m),59.000(52.059%)(4.179m),39.000(34.412%)(2.036m),20.885(26.106%)(0.095m),16.000(40.000%)(0.643m),14.706(36.766%)(0.504m),196.184,2298.451,72.6,1.1956,"[1.471, 1.825, 1.327, 1.605, 2.186, 1.531]","[3.396, 3.943, 3.441, 3.550, 4.174, 3.605]","[-5.096, -0.793, -5.261, -5.119, -0.953, -5.099]"
1134,1,20.7919,11.0926,0.277,683,2148,67,59,0.103,100,12.52,42408,3085.95,2,1,25.000(31.250%)(0.536m),38.000(33.530%)(1.929m),57.000(50.294%)(3.964m),42.000(37.059%)(2.357m),22.342(27.928%)(0.251m),21.000(52.500%)(1.179m),15.744(39.360%)(0.615m),243.521,2393.659,72.8,1.2321,"[1.746, 2.146, 1.887, 1.878, 2.507, 2.010]","[3.378, 3.824, 3.383, 3.782, 4.041, 3.540]","[-3.822, -0.300, -3.157, -4.062, -0.203, -2.585]"
1135,1,2.1445,10.7424,0.321,277,840,52,36,0.103,65,12.51,42436,1201.30,0,0,26.000(32.500%)(0.643m),53.000(46.765%)(3.536m),77.000(67.941%)(6.107m),33.000(29.118%)(1.393m),20.695(25.868%)(0.074m),22.000(55.000%)(1.286m),14.562(36.404%)(0.489m),71.186,2353.771,70.2,1.2066,"[1.273, 1.929, 1.841, 1.398, 2.356, 2.089]","[3.645, 3.909, 3.363, 3.723, 4.241, 3.549]","[-4.451, -2.890, -1.647, -4.447, -3.066, -1.502]"
1136,1,16.8950,10.6603,0.299,670,2124,26,206,0.103,100,12.59,42503,2996.85,1,1,23.000(28.750%)(0.321m),37.000(32.647%)(1.821m),58.000(51.177%)(4.071m),44.000(38.824%)(2.571m),15.000(18.750%)(0.000m),19.000(47.500%)(0.964m),11.000(27.500%)(0.107m),163.677,2532.320,73.4,1.3074,"[1.662, 2.047, 1.628, 1.814, 2.488, 1.823]","[3.445, 3.775, 3.179, 3.609, 4.069, 3.330]","[-6.829, -0.281, -2.254, -5.061, -0.175, -2.741]"
1137,1,21.0394,10.6917,0.257,665,2111,55,85,0.103,100,12.66,42570,2963.15,2,1,27.000(33.750%)(0.750m),51.000(45.000%)(3.321m),61.000(53.824%)(4.393m),34.422(30.372%)(1.545m),15.998(19.997%)(0.000m),20.000(50.000%)(1.071m),11.209(28.023%)(0.130m),92.171,2265.598,73.5,1.3763,"[1.711, 2.173, 1.950, 1.877, 2.619, 2.162]","[3.944, 3.807, 3.318, 4.352, 4.120, 3.418]","[-4.443, -0.814, 0.182, -4.573, -0.857, 0.293]"
1138,1,21.1212,11.1292,0.291,670,2124,5,172,0.103,100,12.74,42637,3014.08,3,1,20.000(25.000%)(0.000m),35.000(30.882%)(1.607m),55.000(48.530%)(3.750m),41.000(36.177%)(2.250m),23.886(29.857%)(0.416m),16.000(40.000%)(0.643m),16.861(42.152%)(0.735m),95.739,2131.149,73.3,1.2730,"[1.592, 1.923, 1.496, 1.729, 2.352, 1.651]","[3.381, 3.832, 3.444, 3.469, 4.015, 3.488]","[-2.956, -1.578, -3.271, -3.382, -1.375, -2.926]"
1139,1,19.9242,11.0817,0.278,682,2148,67,121,0.102,100,12.82,42706,3063.21,4,1,28.000(35.000%)(0.857m),49.000(43.235%)(3.107m),63.000(55.588%)(4.607m),41.556(36.667%)(2.310m),19.572(24.465%)(0.000m),20.000(50.000%)(1.071m),13.757(34.393%)(0.403m),267.588,2308.541,72.9,1.3225,"[1.127, 1.814, 1.578, 1.315, 2.249, 1.760]","[3.168, 3.442, 3.168, 3.325, 3.666, 3.389]","[-4.905, 0.243, -2.824, -4.972, 0.383, -2.714]"
1140,1,-0.4987,10.6858,0.314,180,539,5,43,0.102,50,12.81,42724,794.97,0,0,24.000(30.000%)(0.429m),34.000(30.000%)(1.500m),55.000(48.530%)(3.750m),56.020(49.430%)(3.859m),27.747(34.684%)(0.830m),16.000(40.000%)(0.643m),19.661(49.154%)(1.035m),108.181,2531.679,69.3,1.3389,"[0.979, 1.760, 1.717, 0.984, 2.043, 1.821]","[3.031, 3.589, 3.181, 3.115, 3.895, 3.336]","[-4.667, -1.626, -2.835, -4.750, -1.263, -3.251]"
1141,1,11.9032,10.9247,0.273,724,2232,11,228,0.102,100,12.88,42797,3223.74,1,1,25.000(31.250%)(0.536m),47.000(41.471%)(2.893m),50.000(44.118%)(3.214m),37.000(32.647%)(1.821m),23.000(28.750%)(0.321m),19.000(47.500%)(0.964m),19.000(47.500%)(0.964m),197.620,2522.564,71.4,1.2505,"[1.268, 1.586, 1.376, 1.365, 1.960, 1.518]","[3.036, 3.526, 3.385, 3.183, 3.749, 3.436]","[-4.886, -2.679, -4.460, -4.540, -2.792, -3.704]"
1142,1,15.5299,10.8112,0.274,684,2153,89,111,0.102,100,12.96,42866,3048.27,2,1,19.000(23.750%)(0.000m),53.000(46.765%)(3.536m),68.000(60.000%)(5.143m),42.973(37.918%)(2.461m),20.290(25.362%)(0.031m),14.000(35.000%)(0.429m),14.271(35.678%)(0.458m),376.609,2564.613,72.8,1.2639,"[1.404, 1.729, 1.508, 1.557, 2.205, 1.709]","[3.207, 3.616, 3.169, 3.268, 3.831, 3.144]","[-4.053, -2.414, -6.256, -4.258, -2.447, -5.829]"
1143,1,19.2470,10.9034,0.287,668,2121,130,92,0.102,100,13.04,42933,3043.76,3,1,24.000(30.000%)(0.429m),48.000(42.353%)(3.000m),65.000(57.353%)(4.821m),32.009(28.243%)(1.287m),14.712(18.390%)(0.000m),19.000(47.500%)(0.964m),10.293(25.733%)(0.031m),308.254,2235.605,73.5,1.2967,"[1.347, 1.819, 1.733, 1.539, 2.201, 1.951]","[3.206, 3.676, 3.288, 3.435, 4.084, 3.372]","[-6.213, -4.814, -3.166, -5.972, -5.398, -3.185]"
1144,1,-1.3088,10.8953,0.245,182,542,2,24,0.101,50,13.02,42952,797.30,0,0,30.000(37.500%)(1.071m),62.000(54.706%)(4.500m),80.000(70.588%)(6.429m),53.438(47.151%)(3.583m),25.554(31.943%)(0.595m),16.000(40.000%)(0.643m),18.068(45.170%)(0.864m),836.304,3047.967,68.9,1.0740,"[1.807, 2.172, 2.211, 1.912, 2.547, 2.335]","[3.150, 3.693, 3.415, 3.322, 3.950, 3.393]","[-2.104, -0.058, -0.705, -2.263, 0.102, 0.020]"
1145,1,-0.9055,10.8311,0.236,310,925,0,42,0.101,65,13.01,42983,1333.56,0,0,12.000(15.000%)(0.000m),21.000(18.529%)(0.107m),71.000(62.647%)(5.464m),54.000(47.647%)(3.643m),30.664(38.329%)(1.143m),21.000(52.500%)(1.179m),21.785(54.462%)(1.263m),498.481,2766.500,69.1,1.1211,"[1.310, 1.550, 1.397, 1.590, 1.943, 1.594]","[3.117, 3.640, 3.314, 3.299, 3.988, 3.395]","[-6.588, -5.361, -5.633, -6.164, -5.646, -4.557]"
1146,1,25.7796,10.9926,0.276,701,2182,0,89,0.101,100,13.09,43054,3168.82,1,1,26.000(32.500%)(0.643m),45.000(39.706%)(2.679m),72.000(63.530%)(5.571m),46.000(40.588%)(2.786m),23.649(29.561%)(0.391m),21.000(52.500%)(1.179m),16.689(41.723%)(0.717m),304.602,2431.294,72.1,1.3152,"[1.692, 2.156, 1.759, 1.868, 2.549, 1.945]","[3.386, 3.690, 3.284, 3.691, 3.930, 3.410]","[-3.471, 0.633, -2.070, -3.495, 0.893, -1.743]"
1147,1,18.4394,11.0246,0.269,679,2143,76,97,0.101,100,13.16,43122,3054.68,2,1,22.000(27.500%)(0.214m),35.000(30.882%)(1.607m),55.000(48.530%)(3.750m),41.375(36.507%)(2.290m),19.603(24.504%)(0.000m),21.000(52.500%)(1.179m),13.779(34.448%)(0.405m),95.739,2357.980,73.0,1.2502,"[1.215, 1.854, 1.606, 1.306, 2.256, 1.703]","[3.486, 3.609, 3.525, 3.550, 4.092, 3.504]","[-5.367, -1.255, -4.406, -5.346, -1.498, -4.725]"
1148,1,3.6156,11.0170,0.299,325,968,4,45,0.101,70,13.15,43155,1365.31,0,0,11.000(13.750%)(0.000m),16.000(14.118%)(0.000m),29.000(25.588%)(0.964m),39.000(34.412%)(2.036m),24.216(30.270%)(0.452m),11.000(27.500%)(0.107m),17.128(42.820%)(0.764m),180.728,2493.009,68.9,1.1936,"[0.799, 1.365, 1.204, 0.896, 1.673, 1.350]","[3.206, 3.644, 3.259, 3.361, 4.015, 3.301]","[-7.103, -6.165, -6.309, -6.737, -6.391, -5.702]"
1149,1,19.0139,11.0065,0.274,674,2130,123,69,0.100,100,13.23,43223,2856.48,1,1,26.000(32.500%)(0.643m),48.000(42.353%)(3.000m),69.000(60.883%)(5.250m),42.000(37.059%)(2.357m),20.672(25.840%)(0.072m),22.000(55.000%)(1.286m),14.545(36.363%)(0.487m),236.184,2234.943,73.2,1.1693,"[1.449, 2.080, 1.819, 1.607, 2.553, 2.006]","[3.315, 3.655, 3.214, 3.454, 4.050, 3.409]","[-5.045, 0.526, -1.914, -5.045, 0.941, -1.481]"
1150,1,-1.1393,10.9908,0.248,332,982,3,28,0.100,70,13.22,43257,1453.34,0,0,26.677(33.346%)(0.715m),50.000(44.118%)(3.214m),68.000(60.000%)(5.143m),17.000(15.000%)(0.000m),11.000(13.750%)(0.000m),18.883(47.206%)(0.952m),10.000(25.000%)(0.000m),499.102,2786.955,68.4,1.3470,"[1.130, 1.336, 1.258, 1.352, 1.733, 1.368]","[3.288, 3.648, 3.224, 3.528, 3.987, 3.373]","[-6.445, -7.937, -8.202, -5.434, -7.637, -7.630]"
1151,1,2.9015,10.6625,0.242,433,1333,48,90,0.100,80,13.21,43301,1886.41,0,0,22.000(27.500%)(0.214m),28.000(24.706%)(0.857m),39.000(34.412%)(2.036m),38.000(33.530%)(1.929m),21.058(26.322%)(0.113m),21.000(52.500%)(1.179m),14.842(37.104%)(0.519m),37.149,2168.312,71.3,1.2746,"[1.256, 1.481, 1.127, 1.417, 1.857, 1.280]","[3.701, 3.624, 3.167, 3.814, 4.004, 3.267]","[-4.658, -4.289, -5.263, -4.470, -4.633, -5.324]"
1152,1,21.3960,10.8127,0.292,693,2168,0,136,0.100,100,13.28,43371,3156.01,1,1,20.000(25.000%)(0.000m),37.000(32.647%)(1.821m),62.000(54.706%)(4.500m),38.000(33.530%)(1.929m),24.044(30.055%)(0.433m),17.000(42.500%)(0.750m),16.975(42.438%)(0.747m),134.621,2297.383,72.4,1.3137,"[1.551, 1.889, 1.534, 1.670, 2.308, 1.754]","[3.263, 3.691, 3.349, 3.457, 4.052, 3.387]","[-4.084, -1.489, -4.385, -3.686, -1.546, -3.661]"
1153,1,-1.3587,10.8506,0.359,140,385,22,16,0.100,40,13.27,43385,625.83,0,0,41.054(51.317%)(2.256m),67.259(59.346%)(5.063m),38.000(33.530%)(1.929m),26.000(22.941%)(0.643m),22.000(27.500%)(0.214m),40.000(100.000%)(3.214m),40.000(100.000%)(3.214m),0.000,2202.706,63.7,1.7703,"[1.038, 1.545, 1.741, 1.115, 1.761, 1.810]","[3.107, 3.608, 3.131, 3.323, 4.010, 3.218]","[-3.599, -2.870, -0.855, -3.888, -2.716, -0.967]"
1154,1,-0.9086,10.6536,0.259,260,781,54,19,0.099,60,13.26,43411,1133.48,0,0,16.478(20.598%)(0.000m),35.310(31.156%)(1.640m),20.175(17.801%)(0.019m),13.264(11.704%)(0.000m),9.408(11.759%)(0.000m),11.550(28.875%)(0.166m),12.058(30.144%)(0.220m),217.936,2721.865,69.5,1.2242,"[1.041, 0.917, 0.224, 1.207, 1.272, 0.378]","[3.261, 3.718, 3.155, 3.356, 4.164, 3.305]","[-5.247, -5.678, -6.282, -5.256, -5.432, -5.688]"
1155,1,23.9939,10.9031,0.275,667,2118,0,52,0.099,100,13.33,43478,2895.58,1,1,26.000(32.500%)(0.643m),44.000(38.824%)(2.571m),60.000(52.941%)(4.286m),41.000(36.177%)(2.250m),23.342(29.177%)(0.358m),22.000(55.000%)(1.286m),16.467(41.167%)(0.693m),240.233,2180.598,73.5,1.2043,"[1.618, 2.023, 1.651, 1.827, 2.422, 1.823]","[3.415, 3.685, 3.382, 3.728, 4.059, 3.558]","[-4.734, -0.932, -2.829, -4.722, -0.875, -2.515]"
1156,1,4.4528,10.7989,0.311,426,1318,76,41,0.099,80,13.32,43521,1839.83,0,0,23.000(28.750%)(0.321m),28.000(24.706%)(0.857m),61.000(53.824%)(4.393m),44.000(38.824%)(2.571m),21.904(27.381%)(0.204m),23.000(57.500%)(1.393m),15.429(38.571%)(0.582m),0.000,2210.280,71.6,1.2238,"[1.501, 1.818, 1.419, 1.648, 2.245, 1.587]","[3.525, 3.646, 3.058, 3.734, 4.021, 3.239]","[-4.032, -3.700, -3.619, -4.165, -3.657, -4.267]"
1157,1,-1.3829,10.3418,0.309,281,847,39,34,0.099,65,13.31,43550,1233.37,0,0,24.000(30.000%)(0.429m),44.000(38.824%)(2.571m),20.000(17.647%)(0.000m),20.000(17.647%)(0.000m),26.745(33.431%)(0.723m),24.000(60.000%)(1.500m),18.930(47.325%)(0.957m),0.000,2160.771,69.8,1.2300,"[0.868, 1.329, 1.265, 0.989, 1.556, 1.504]","[3.198, 3.867, 3.210, 3.371, 4.202, 3.545]","[-4.693, -5.971, -5.755, -4.754, -5.494, -5.909]"
1158,1,3.4815,10.3468,0.349,265,816,0,28,0.099,65,13.30,43577,1157.00,0,0,25.000(31.250%)(0.536m),42.000(37.059%)(2.357m),72.000(63.530%)(5.571m),30.000(26.471%)(1.071m),22.000(27.500%)(0.214m),25.000(62.500%)(1.607m),17.268(43.169%)(0.779m),47.224,2195.187,71.2,1.2580,"[1.170, 1.934, 1.962, 1.283, 2.355, 2.139]","[3.422, 3.779, 3.433, 3.712, 4.194, 3.568]","[-4.403, -3.169, -1.718, -4.234, -3.110, -2.020]"
1159,1,3.2092,9.9760,0.287,301,887,5,25,0.098,65,13.29,43608,1388.53,0,0,27.000(33.750%)(0.750m),39.000(34.412%)(2.036m),39.000(34.412%)(2.036m),24.000(21.177%)(0.429m),23.000(28.750%)(0.321m),26.000(65.000%)(1.714m),16.751(41.878%)(0.723m),0.000,2415.998,68.2,1.3756,"[1.174, 1.781, 1.726, 1.251, 2.081, 1.834]","[3.651, 3.655, 3.241, 3.616, 3.901, 3.248]","[-4.579, -4.849, -3.951, -4.379, -4.434, -4.046]"
1160,1,16.4959,9.7628,0.342,679,2143,64,175,0.098,100,13.36,43676,3037.32,1,1,19.000(23.750%)(0.000m),43.000(37.941%)(2.464m),58.000(51.177%)(4.071m),36.000(31.765%)(1.714m),21.090(26.362%)(0.117m),13.000(32.500%)(0.321m),14.845(37.112%)(0.519m),152.919,2420.336,73.0,1.2083,"[1.454, 1.886, 1.484, 1.737, 2.292, 1.793]","[3.187, 3.711, 3.372, 3.623, 3.931, 3.441]","[-5.009, -3.838, -5.538, -4.694, -4.358, -5.573]"
1161,1,22.9947,9.8168,0.315,667,2118,44,106,0.098,100,13.44,43743,2928.77,2,1,26.000(32.500%)(0.643m),44.000(38.824%)(2.571m),68.000(60.000%)(5.143m),32.475(28.654%)(1.337m),14.950(18.688%)(0.000m),20.000(50.000%)(1.071m),10.462(26.155%)(0.050m),225.074,2250.916,73.5,1.2113,"[1.443, 1.893, 1.592, 1.560, 2.309, 1.794]","[3.521, 3.968, 3.573, 3.713, 4.329, 3.663]","[-5.152, -3.615, -3.572, -4.947, -3.535, -3.417]"
1162,1,19.6024,9.8214,0.246,668,2119,56,108,0.098,100,13.51,43810,2948.36,3,1,24.000(30.000%)(0.429m),38.000(33.530%)(1.929m),55.000(48.530%)(3.750m),40.688(35.901%)(2.217m),19.133(23.916%)(0.000m),17.000(42.500%)(0.750m),13.442(33.605%)(0.369m),175.301,2475.072,73.4,1.2218,"[1.622, 2.048, 1.575, 1.810, 2.493, 1.835]","[3.711, 4.007, 3.496, 3.930, 4.340, 3.678]","[-5.104, -0.771, -3.553, -4.929, -0.704, -3.335]"
1163,1,19.8186,9.8501,0.271,677,2138,5,168,0.098,100,13.59,43878,2916.40,4,1,22.000(27.500%)(0.214m),42.000(37.059%)(2.357m),64.000(56.471%)(4.714m),48.000(42.353%)(3.000m),23.574(29.468%)(0.383m),16.000(40.000%)(0.643m),16.635(41.588%)(0.711m),269.920,2269.752,73.1,1.1838,"[1.778, 1.995, 1.539, 1.943, 2.461, 1.759]","[3.383, 3.804, 3.252, 3.505, 4.105, 3.324]","[-3.375, -2.468, -5.310, -3.268, -2.955, -5.210]"
1164,1,21.4381,10.0971,0.270,683,2149,22,123,0.097,100,13.66,43947,3060.23,5,1,26.000(32.500%)(0.643m),38.000(33.530%)(1.929m),60.000(52.941%)(4.286m),46.000(40.588%)(2.786m),19.000(23.750%)(0.000m),20.579(51.447%)(1.133m),14.000(35.000%)(0.429m),232.561,2319.091,72.8,1.2250,"[1.386, 1.991, 1.636, 1.627, 2.389, 1.799]","[4.048, 3.669, 3.242, 4.085, 3.950, 3.141]","[-6.961, -0.234, -0.689, -4.503, -0.066, -1.177]"
1165,1,0.3642,10.1158,0.257,321,999,50,61,0.097,70,13.65,43980,1481.36,0,0,25.000(31.250%)(0.536m),36.000(31.765%)(1.714m),71.000(62.647%)(5.464m),42.523(37.520%)(2.413m),17.000(21.250%)(0.000m),25.000(62.500%)(1.607m),11.000(27.500%)(0.107m),163.420,2989.963,72.0,1.3368,"[0.753, 1.792, 1.595, 0.991, 2.236, 1.951]","[3.262, 3.709, 3.521, 3.452, 4.058, 3.564]","[-6.465, -0.730, -2.429, -4.731, -0.558, -2.747]"
1166,1,-0.0908,10.1350,0.290,138,382,13,13,0.097,40,13.64,43994,612.82,0,0,39.449(49.311%)(2.084m),65.829(58.085%)(4.910m),47.000(41.471%)(2.893m),30.000(26.471%)(1.071m),22.000(27.500%)(0.214m),38.496(96.240%)(3.053m),40.000(100.000%)(3.214m),38.337,2594.956,64.0,1.3280,"[1.535, 1.738, 1.563, 1.655, 2.006, 1.692]","[3.305, 3.566, 3.163, 3.403, 3.861, 3.321]","[-3.444, -3.329, -2.715, -3.033, -2.886, -2.823]"
1167,1,-0.5360,9.8177,0.328,123,352,16,11,0.097,35,13.62,44007,557.41,0,0,44.594(55.742%)(2.635m),78.215(69.013%)(6.237m),43.000(37.941%)(2.464m),27.000(23.824%)(0.750m),22.000(27.500%)(0.214m),40.000(100.000%)(3.214m),40.000(100.000%)(3.214m),0.000,2175.472,66.3,1.1217,"[1.309, 1.385, 1.262, 1.397, 1.659, 1.295]","[3.403, 3.801, 3.334, 3.535, 4.188, 3.349]","[-3.675, -4.489, -4.343, -3.193, -4.055, -4.407]"
1168,1,0.7696,9.4050,0.267,293,906,3,103,0.097,65,13.61,44037,1304.27,0,0,26.000(32.500%)(0.643m),39.000(34.412%)(2.036m),67.000(59.118%)(5.036m),19.000(16.765%)(0.000m),11.000(13.750%)(0.000m),23.542(58.855%)(1.451m),11.000(27.500%)(0.107m),305.650,2452.343,71.6,1.1644,"[1.252, 1.333, 1.147, 1.505, 1.757, 1.266]","[3.257, 3.897, 3.525, 3.382, 4.164, 3.606]","[-6.764, -7.142, -6.232, -5.988, -6.906, -6.417]"
1169,1,17.2311,9.8045,0.270,691,2170,64,156,0.096,100,13.69,44107,3026.44,1,1,16.000(20.000%)(0.000m),34.000(30.000%)(1.500m),56.000(49.412%)(3.857m),35.000(30.882%)(1.607m),19.659(24.574%)(0.000m),12.000(30.000%)(0.214m),13.819(34.549%)(0.409m),123.655,2343.506,72.7,1.1565,"[1.527, 1.809, 1.425, 1.679, 2.241, 1.656]","[3.350, 3.968, 4.049, 3.595, 4.413, 4.298]","[-5.365, -6.171, -6.655, -5.260, -6.584, -6.099]"
1170,1,21.8663,9.8563,0.290,668,2119,100,43,0.096,100,13.76,44174,2914.28,2,1,24.000(30.000%)(0.429m),34.000(30.000%)(1.500m),55.000(48.530%)(3.750m),41.416(36.544%)(2.295m),19.549(24.437%)(0.000m),22.000(55.000%)(1.286m),13.747(34.367%)(0.401m),108.181,2267.407,73.4,1.2704,"[1.413, 2.179, 1.898, 1.606, 2.606, 2.048]","[3.905, 3.863, 3.485, 4.108, 4.244, 3.686]","[-4.813, -1.274, -2.293, -4.869, -1.254, -2.974]"
1171,1,2.3797,9.8823,0.263,268,823,41,36,0.096,65,13.75,44201,1122.59,0,0,24.000(30.000%)(0.429m),40.000(35.294%)(2.143m),45.000(39.706%)(2.679m),31.000(27.353%)(1.179m),19.647(24.559%)(0.000m),22.000(55.000%)(1.286m),13.817(34.543%)(0.409m),0.000,2099.850,71.1,1.2232,"[0.501, 1.211, 1.408, 0.638, 1.572, 1.585]","[3.203, 3.349, 3.018, 3.393, 3.765, 3.084]","[-4.695, -3.305, -2.955, -4.769, -3.607, -3.547]"
1172,1,-0.2589,9.7582,0.262,272,836,39,48,0.096,65,13.74,44229,1175.20,0,0,23.000(28.750%)(0.321m),27.000(23.824%)(0.750m),68.000(60.000%)(5.143m),32.412(28.599%)(1.330m),14.918(18.647%)(0.000m),19.000(47.500%)(0.964m),10.439(26.098%)(0.047m),295.908,2821.623,71.2,1.1373,"[0.528, 0.831, 0.953, 0.556, 1.121, 1.166]","[3.291, 3.431, 3.138, 3.325, 3.805, 3.383]","[-6.348, -5.020, -5.305, -6.081, -5.234, -5.228]"
1173,1,-0.6309,9.7504,0.244,156,462,15,15,0.096,45,13.73,44245,670.40,0,0,26.000(32.500%)(0.643m),39.000(34.412%)(2.036m),38.520(33.988%)(1.984m),18.457(16.286%)(0.000m),10.850(13.562%)(0.000m),26.000(65.000%)(1.714m),10.332(25.830%)(0.036m),169.315,2619.218,68.5,1.2240,"[0.520, 1.573, 1.608, 0.541, 1.885, 1.799]","[3.336, 3.716, 3.096, 3.363, 4.208, 3.410]","[-5.349, -5.135, -6.473, -5.448, -5.248, -6.295]"
1174,1,3.0536,9.8337,0.332,268,822,1,23,0.096,65,13.71,44272,1146.99,0,0,26.000(32.500%)(0.643m),54.000(47.647%)(3.643m),42.000(37.059%)(2.357m),25.000(22.059%)(0.536m),23.000(28.750%)(0.321m),26.000(65.000%)(1.714m),17.372(43.430%)(0.790m),0.000,2318.186,71.0,1.1088,"[1.136, 1.650, 1.776, 1.238, 2.050, 1.937]","[3.506, 3.539, 2.975, 3.564, 3.982, 3.178]","[-5.291, -5.745, -4.627, -4.903, -5.613, -5.017]"
1175,1,3.6672,9.8287,0.270,561,1771,58,106,0.095,95,13.70,44329,2415.11,0,0,24.000(30.000%)(0.429m),34.000(30.000%)(1.500m),30.000(26.471%)(1.071m),21.000(18.529%)(0.107m),19.398(24.248%)(0.000m),17.000(42.500%)(0.750m),13.639(34.097%)(0.390m),0.000,2230.980,73.0,1.1174,"[0.627, 1.206, 1.236, 0.799, 1.608, 1.402]","[3.322, 3.678, 3.160, 3.359, 3.951, 3.160]","[-5.159, -5.816, -3.741, -4.812, -5.606, -3.956]"
1176,1,11.9427,10.0738,0.314,735,2256,111,224,0.095,100,13.78,44403,3328.52,1,1,20.000(25.000%)(0.000m),39.000(34.412%)(2.036m),41.000(36.177%)(2.250m),30.000(26.471%)(1.071m),21.023(26.279%)(0.110m),14.000(35.000%)(0.429m),14.797(36.992%)(0.514m),92.535,2227.217,71.0,1.2040,"[1.317, 1.631, 1.273, 1.469, 2.016, 1.408]","[3.528, 3.804, 3.162, 3.566, 4.273, 3.292]","[-5.391, -4.348, -4.987, -4.737, -4.499, -4.949]"
1177,1,10.3857,10.2732,0.312,573,1791,1,75,0.095,95,13.76,44461,2639.63,0,0,23.000(28.750%)(0.321m),45.000(39.706%)(2.679m),42.000(37.059%)(2.357m),27.000(23.824%)(0.750m),22.000(27.500%)(0.214m),19.000(47.500%)(0.964m),17.280(43.199%)(0.780m),0.000,2240.228,72.3,1.2735,"[1.313, 1.902, 1.865, 1.460, 2.370, 2.018]","[3.796, 3.900, 3.716, 3.977, 4.178, 3.800]","[-5.534, -6.288, -5.526, -4.836, -5.432, -6.147]"
1178,1,0.1993,9.9471,0.288,361,1064,67,33,0.095,70,13.75,44498,1589.18,0,0,29.000(36.250%)(0.964m),46.000(40.588%)(2.786m),68.000(60.000%)(5.143m),40.243(35.508%)(2.169m),15.000(18.750%)(0.000m),24.000(60.000%)(1.500m),11.000(27.500%)(0.107m),445.857,3255.590,68.2,1.2509,"[0.952, 1.739, 1.536, 1.241, 2.094, 1.675]","[3.507, 3.638, 3.420, 3.534, 4.014, 3.470]","[-5.570, -4.212, -4.858, -5.037, -5.026, -4.448]"
1179,1,18.9823,9.8908,0.287,699,2176,12,69,0.095,100,13.83,44568,3159.49,1,1,28.000(35.000%)(0.857m),36.000(31.765%)(1.714m),49.000(43.235%)(3.107m),34.000(30.000%)(1.500m),23.000(28.750%)(0.321m),22.000(55.000%)(1.286m),21.384(53.459%)(1.220m),128.340,2426.459,72.0,1.2634,"[1.566, 1.901, 1.779, 1.806, 2.379, 1.905]","[3.540, 3.842, 3.408, 3.806, 4.130, 3.571]","[-4.492, -3.064, -1.334, -4.027, -2.780, -1.992]"
1180,1,18.8170,10.2729,0.282,686,2158,132,119,0.094,100,13.90,44637,2971.99,2,1,27.000(33.750%)(0.750m),39.000(34.412%)(2.036m),63.000(55.588%)(4.607m),33.584(29.633%)(1.455m),15.533(19.416%)(0.000m),19.000(47.500%)(0.964m),10.876(27.190%)(0.094m),148.180,2366.026,72.8,1.1751,"[0.722, 1.558, 1.451, 1.001, 1.946, 1.673]","[3.271, 3.710, 3.355, 3.548, 4.034, 3.446]","[-5.486, -3.618, -3.666, -5.087, -3.478, -3.148]"
1181,1,21.7448,10.5870,0.303,665,2113,118,94,0.094,100,13.97,44704,2916.17,3,1,26.000(32.500%)(0.643m),39.000(34.412%)(2.036m),65.000(57.353%)(4.821m),38.000(33.530%)(1.929m),22.522(28.153%)(0.270m),20.000(50.000%)(1.071m),15.874(39.686%)(0.629m),181.305,2218.929,73.5,1.1358,"[1.460, 1.972, 1.739, 1.662, 2.460, 1.895]","[3.188, 3.457, 3.031, 3.282, 3.802, 3.041]","[-5.080, -0.768, -3.348, -4.893, -0.744, -3.299]"
1182,1,9.9873,10.5477,0.331,556,1759,60,100,0.094,95,13.96,44760,2417.76,0,0,26.000(32.500%)(0.643m),44.000(38.824%)(2.571m),68.000(60.000%)(5.143m),31.000(27.353%)(1.179m),19.349(24.186%)(0.000m),20.000(50.000%)(1.071m),13.598(33.996%)(0.386m),45.352,2210.114,73.2,1.2092,"[1.292, 1.753, 1.510, 1.406, 2.183, 1.756]","[3.399, 3.826, 3.371, 3.710, 4.175, 3.350]","[-5.501, -4.503, -4.061, -4.572, -4.510, -3.731]"
1183,1,1.0733,10.1735,0.280,277,839,4,79,0.094,65,13.95,44788,1194.24,0,0,21.000(26.250%)(0.107m),38.000(33.530%)(1.929m),57.000(50.294%)(3.964m),20.000(17.647%)(0.000m),25.000(31.250%)(0.536m),18.000(45.000%)(0.857m),18.458(46.145%)(0.906m),0.000,2099.206,70.1,1.2099,"[1.201, 1.437, 1.345, 1.254, 1.764, 1.422]","[3.389, 3.675, 3.160, 3.444, 4.149, 3.220]","[-5.972, -6.288, -7.821, -5.492, -6.218, -7.638]"
1184,1,18.9536,10.1367,0.302,678,2140,78,129,0.094,100,14.02,44856,2908.02,1,1,25.000(31.250%)(0.536m),44.000(38.824%)(2.571m),68.000(60.000%)(5.143m),46.249(40.808%)(2.812m),21.948(27.435%)(0.209m),18.000(45.000%)(0.857m),15.460(38.649%)(0.585m),295.908,2550.018,73.0,1.1317,"[1.637, 1.972, 1.568, 1.745, 2.377, 1.816]","[3.344, 3.836, 3.292, 3.466, 4.069, 3.309]","[-3.867, -1.129, -4.381, -3.508, -1.447, -4.398]"
1185,1,23.0733,10.5553,0.298,672,2127,50,106,0.093,100,14.09,44924,2905.32,2,1,22.000(27.500%)(0.214m),35.000(30.882%)(1.607m),55.000(48.530%)(3.750m),41.924(36.992%)(2.349m),19.774(24.718%)(0.000m),20.000(50.000%)(1.071m),13.910(34.776%)(0.419m),95.739,2120.951,73.2,1.1866,"[1.717, 1.973, 1.644, 1.824, 2.407, 1.811]","[3.911, 3.513, 3.050, 4.062, 3.936, 3.118]","[-4.141, -1.738, -3.011, -4.312, -1.891, -3.845]"
1186,1,20.1232,10.6199,0.271,666,2114,0,63,0.093,100,14.17,44991,2856.93,3,1,27.000(33.750%)(0.750m),44.000(38.824%)(2.571m),64.000(56.471%)(4.714m),40.000(35.294%)(2.143m),23.806(29.758%)(0.408m),22.000(55.000%)(1.286m),16.806(42.014%)(0.729m),215.377,2266.268,73.5,1.1544,"[1.733, 2.062, 1.800, 1.863, 2.469, 2.013]","[3.331, 3.822, 3.135, 3.575, 4.155, 3.388]","[-4.166, -0.266, -2.595, -3.875, 0.025, -2.292]"
1187,1,-1.5217,10.1686,0.308,153,424,24,8,0.093,40,14.15,45007,666.48,0,0,30.000(37.500%)(1.071m),39.000(34.412%)(2.036m),17.930(15.821%)(0.000m),12.074(10.653%)(0.000m),8.724(10.905%)(0.000m),40.000(100.000%)(3.214m),11.622(29.056%)(0.174m),331.037,2756.436,64.1,1.0808,"[1.048, 1.227, 1.233, 1.025, 1.389, 1.258]","[3.096, 3.678, 3.423, 3.174, 3.982, 3.583]","[-5.784, -5.898, -6.634, -5.474, -6.167, -6.256]"
1188,1,20.4645,10.1555,0.272,680,2143,45,166,0.093,100,14.23,45075,2981.79,1,1,22.000(27.500%)(0.214m),35.000(30.882%)(1.607m),67.000(59.118%)(5.036m),43.000(37.941%)(2.464m),23.141(28.926%)(0.337m),18.000(45.000%)(0.857m),16.322(40.805%)(0.677m),167.258,2292.667,72.9,1.1942,"[1.912, 2.111, 1.724, 2.136, 2.529, 1.906]","[3.529, 3.700, 3.131, 3.644, 4.101, 3.150]","[-2.712, -0.715, -3.012, -3.013, -0.495, -3.060]"
1189,1,20.3216,10.1635,0.302,688,2160,115,147,0.093,100,14.30,45144,3019.18,2,1,21.000(26.250%)(0.107m),38.000(33.530%)(1.929m),57.000(50.294%)(3.964m),38.000(33.530%)(1.929m),21.808(27.260%)(0.194m),18.000(45.000%)(0.857m),15.359(38.398%)(0.574m),183.472,2093.938,72.7,1.2599,"[1.727, 1.968, 1.555, 1.702, 2.367, 1.650]","[3.459, 3.659, 3.225, 3.562, 3.896, 3.326]","[-2.921, -1.074, -5.269, -3.426, -1.144, -5.203]"
1190,1,23.1580,10.6366,0.294,684,2151,20,86,0.093,100,14.37,45213,3000.78,3,1,23.000(28.750%)(0.321m),34.000(30.000%)(1.500m),62.000(54.706%)(4.500m),44.377(39.156%)(2.612m),21.048(26.311%)(0.112m),19.000(47.500%)(0.964m),14.821(37.053%)(0.517m),147.093,2510.210,72.8,1.2573,"[1.654, 1.900, 1.508, 1.711, 2.323, 1.720]","[3.418, 3.725, 3.499, 3.391, 4.031, 3.456]","[-3.059, -0.987, -4.158, -3.626, -1.231, -4.311]"
1191,1,20.2381,10.8033,0.261,670,2126,55,63,0.092,100,14.44,45280,2955.11,4,1,31.000(38.750%)(1.179m),54.000(47.647%)(3.643m),67.000(59.118%)(5.036m),42.781(37.748%)(2.441m),20.363(25.454%)(0.039m),22.000(55.000%)(1.286m),14.324(35.810%)(0.463m),278.901,2614.412,73.4,1.2609,"[1.361, 1.931, 1.694, 1.548, 2.415, 1.965]","[3.341, 3.753, 3.328, 3.586, 4.089, 3.424]","[-4.950, -1.664, -1.300, -4.853, -1.607, -1.017]"
1192,1,-0.4161,10.4844,0.283,180,538,13,39,0.092,50,14.43,45298,787.13,0,0,22.000(27.500%)(0.214m),52.000(45.882%)(3.429m),74.645(65.863%)(5.855m),26.011(22.951%)(0.644m),12.581(15.727%)(0.000m),19.000(47.500%)(0.964m),9.816(24.540%)(0.000m),524.822,2895.806,69.1,1.3144,"[1.103, 1.628, 1.495, 1.361, 1.965, 1.600]","[3.111, 3.607, 3.025, 3.347, 3.882, 3.086]","[-5.604, -5.227, -3.520, -5.263, -4.883, -3.520]"
1193,1,16.7998,10.4354,0.245,708,2199,163,118,0.092,100,14.50,45369,3036.03,1,1,25.000(31.250%)(0.536m),44.000(38.824%)(2.571m),50.000(44.118%)(3.214m),38.000(33.530%)(1.929m),19.806(24.757%)(0.000m),18.000(45.000%)(0.857m),13.925(34.811%)(0.420m),295.908,2645.633,71.9,1.1262,"[1.227, 1.702, 1.441, 1.417, 2.095, 1.637]","[3.025, 3.751, 3.235, 3.384, 3.989, 3.305]","[-5.310, -2.737, -5.299, -4.854, -2.988, -4.733]"
1194,1,-0.0047,10.4615,0.340,315,969,14,55,0.092,70,14.49,45401,1402.76,0,0,29.000(36.250%)(0.964m),42.000(37.059%)(2.357m),61.000(53.824%)(4.393m),40.000(35.294%)(2.143m),14.000(17.500%)(0.000m),21.653(54.133%)(1.249m),10.000(25.000%)(0.000m),275.743,2417.929,71.2,1.3409,"[1.237, 1.654, 1.170, 1.568, 1.996, 1.374]","[3.103, 3.808, 3.366, 3.488, 4.122, 3.630]","[-6.018, -3.397, -2.535, -5.436, -3.498, -2.807]"
1195,1,10.1425,10.6825,0.330,577,1823,64,81,0.092,95,14.48,45459,2468.84,0,0,9.000(11.250%)(0.000m),12.000(10.588%)(0.000m),17.000(15.000%)(0.000m),34.000(30.000%)(1.500m),23.103(28.878%)(0.332m),19.000(47.500%)(0.964m),16.294(40.736%)(0.674m),198.936,2135.854,73.1,1.2025,"[1.567, 1.824, 1.573, 1.722, 2.239, 1.792]","[3.518, 3.855, 3.652, 3.802, 4.202, 3.698]","[-8.278, -7.748, -5.712, -8.826, -8.698, -5.529]"
1196,1,8.6745,10.3404,0.270,531,1663,67,88,0.091,90,14.46,45513,2361.63,0,0,23.000(28.750%)(0.321m),33.000(29.118%)(1.393m),52.000(45.882%)(3.429m),20.838(18.386%)(0.090m),11.364(14.205%)(0.000m),19.000(47.500%)(0.964m),9.928(24.821%)(0.000m),141.724,2180.989,72.5,1.1382,"[1.416, 1.765, 1.533, 1.523, 2.155, 1.708]","[3.569, 3.849, 3.584, 3.648, 4.139, 3.690]","[-6.547, -6.459, -5.887, -6.621, -6.142, -5.743]"
1197,1,6.5508,10.1026,0.237,592,1870,40,77,0.091,95,14.45,45573,2601.34,0,0,10.000(12.500%)(0.000m),16.000(14.118%)(0.000m),64.000(56.471%)(4.714m),36.248(31.983%)(1.741m),16.899(21.123%)(0.000m),12.000(30.000%)(0.214m),11.850(29.624%)(0.198m),212.250,2510.701,73.1,1.2871,"[1.299, 1.679, 1.592, 1.459, 2.141, 1.740]","[3.433, 3.509, 3.300, 3.673, 4.020, 3.340]","[-5.739, -5.601, -5.750, -5.526, -5.566, -5.499]"
1198,1,16.3900,10.3581,0.261,669,2126,148,155,0.091,100,14.52,45640,2983.64,1,1,20.000(25.000%)(0.000m),40.000(35.294%)(2.143m),56.000(49.412%)(3.857m),34.000(30.000%)(1.500m),18.164(22.705%)(0.000m),12.000(30.000%)(0.214m),12.748(31.869%)(0.294m),87.949,2193.953,73.5,1.2411,"[1.462, 2.090, 1.636, 1.637, 2.497, 1.904]","[3.601, 3.713, 3.161, 3.917, 4.115, 3.269]","[-4.460, -1.625, -2.902, -4.409, -1.706, -2.569]"
1199,1,19.4269,10.3663,0.248,673,2129,0,127,0.091,100,14.60,45708,2946.86,2,1,24.000(30.000%)(0.429m),44.000(38.824%)(2.571m),67.000(59.118%)(5.036m),45.000(39.706%)(2.679m),23.322(29.152%)(0.356m),17.000(42.500%)(0.750m),16.464(41.161%)(0.693m),295.908,2441.087,73.2,1.1522,"[2.019, 2.212, 1.764, 2.246, 2.688, 2.015]","[3.292, 3.919, 3.488, 3.703, 4.272, 3.643]","[-2.304, -1.889, -4.207, -2.783, -2.133, -4.213]"
1200,1,-0.6984,10.3752,0.290,183,549,5,46,0.091,50,14.58,45727,810.99,0,0,24.000(30.000%)(0.429m),34.000(30.000%)(1.500m),55.000(48.530%)(3.750m),56.020(49.430%)(3.859m),27.747(34.684%)(0.830m),16.000(40.000%)(0.643m),19.661(49.154%)(1.035m),108.181,2524.453,69.4,1.2785,"[1.367, 2.096, 1.938, 1.568, 2.439, 2.120]","[3.611, 3.927, 3.692, 3.961, 4.401, 3.814]","[-4.435, -1.685, -2.643, -4.304, -1.437, -3.351]"
1201,1,17.3484,10.6641,0.305,670,2123,0,141,0.091,100,14.65,45794,2989.72,1,1,23.000(28.750%)(0.321m),44.000(38.824%)(2.571m),67.000(59.118%)(5.036m),39.000(34.412%)(2.036m),27.442(34.302%)(0.797m),18.000(45.000%)(0.857m),19.439(48.596%)(1.011m),202.980,2358.011,73.3,1.2367,"[2.107, 2.305, 2.043, 2.289, 2.766, 2.171]","[4.010, 4.339, 3.923, 4.215, 4.731, 4.090]","[-3.288, -0.288, -3.094, -3.242, -0.049, -3.333]"
1202,1,18.8122,10.6124,0.239,667,2118,0,108,0.090,100,14.73,45861,2993.83,2,1,26.000(32.500%)(0.643m),39.000(34.412%)(2.036m),62.000(54.706%)(4.500m),38.000(33.530%)(1.929m),23.282(29.102%)(0.352m),20.000(50.000%)(1.071m),16.424(41.060%)(0.688m),169.315,2393.667,73.5,1.2639,"[1.704, 2.115, 1.912, 1.865, 2.545, 2.101]","[3.446, 3.849, 3.555, 3.682, 4.152, 3.432]","[-5.235, -0.732, -4.361, -5.107, -0.565, -4.348]"
1203,1,16.8906,10.9774,0.320,686,2158,65,153,0.090,100,14.80,45930,3037.17,3,1,20.000(25.000%)(0.000m),44.000(38.824%)(2.571m),66.000(58.235%)(4.929m),38.000(33.530%)(1.929m),22.703(28.379%)(0.290m),14.000(35.000%)(0.429m),16.005(40.013%)(0.643m),158.619,2462.868,72.8,1.2337,"[1.785, 2.131, 1.698, 2.023, 2.530, 1.955]","[3.355, 3.879, 3.739, 3.741, 4.210, 3.869]","[-3.850, -3.145, -6.326, -3.527, -3.425, -5.539]"
1204,1,18.3540,11.3627,0.300,698,2179,105,120,0.090,100,14.87,46000,3082.68,4,1,25.000(31.250%)(0.536m),36.000(31.765%)(1.714m),54.000(47.647%)(3.643m),35.000(30.882%)(1.607m),21.487(26.858%)(0.159m),18.000(45.000%)(0.857m),15.129(37.823%)(0.550m),179.871,2584.308,72.3,1.2724,"[1.652, 2.129, 1.862, 1.817, 2.588, 2.056]","[4.070, 3.946, 3.612, 4.280, 4.374, 3.721]","[-4.879, -2.040, -3.805, -4.643, -2.023, -3.804]"
1205,1,16.2090,11.2070,0.336,687,2160,169,166,0.090,100,14.94,46069,3070.82,5,1,21.000(26.250%)(0.107m),46.000(40.588%)(2.786m),64.000(56.471%)(4.714m),36.000(31.765%)(1.714m),18.848(23.560%)(0.000m),15.000(37.500%)(0.536m),13.238(33.095%)(0.347m),153.347,2371.565,72.8,1.4820,"[1.288, 1.909, 1.486, 1.440, 2.353, 1.730]","[3.223, 3.871, 3.535, 3.468, 4.165, 3.745]","[-4.613, -2.517, -5.852, -4.390, -2.618, -5.195]"
1206,1,21.2961,11.5438,0.289,677,2137,34,91,0.090,100,15.01,46137,2982.06,6,1,25.000(31.250%)(0.536m),43.000(37.941%)(2.464m),53.000(46.765%)(3.536m),36.000(31.765%)(1.714m),21.147(26.434%)(0.123m),21.000(52.500%)(1.179m),14.886(37.215%)(0.523m),143.900,2233.618,73.1,1.1789,"[1.618, 1.951, 1.822, 1.835, 2.379, 1.985]","[3.589, 3.817, 3.244, 3.858, 4.174, 3.353]","[-4.636, -1.949, -2.126, -4.177, -2.083, -1.781]"
1207,1,19.5643,11.9628,0.300,688,2160,74,134,0.089,100,15.08,46206,3054.92,7,1,24.000(30.000%)(0.429m),39.000(34.412%)(2.036m),52.000(45.882%)(3.429m),36.000(31.765%)(1.714m),21.647(27.058%)(0.176m),16.000(40.000%)(0.643m),15.244(38.110%)(0.562m),154.255,2184.658,72.7,1.2496,"[1.649, 1.916, 1.707, 1.780, 2.389, 1.815]","[3.460, 3.644, 3.483, 3.698, 4.060, 3.527]","[-4.805, -1.886, -2.901, -4.377, -1.905, -2.692]"
1208,1,22.8022,12.3492,0.280,695,2173,60,121,0.089,100,15.15,46276,3151.02,8,1,24.000(30.000%)(0.429m),38.000(33.530%)(1.929m),55.000(48.530%)(3.750m),32.000(28.235%)(1.286m),23.060(28.825%)(0.328m),20.000(50.000%)(1.071m),16.264(40.659%)(0.671m),79.525,2315.128,72.4,1.3175,"[1.576, 2.135, 1.785, 1.743, 2.548, 1.973]","[3.414, 3.734, 3.219, 3.405, 4.014, 3.290]","[-4.638, -3.364, -3.527, -4.049, -3.282, -3.283]"
1209,1,5.2565,12.3901,0.254,488,1500,14,111,0.089,85,15.14,46325,2156.32,0,0,23.000(28.750%)(0.321m),40.000(35.294%)(2.143m),59.000(52.059%)(4.179m),25.054(22.107%)(0.541m),12.482(15.602%)(0.000m),19.000(47.500%)(0.964m),9.990(24.974%)(0.000m),330.989,2583.955,71.1,1.1938,"[1.572, 1.797, 1.491, 1.740, 2.204, 1.777]","[3.345, 3.862, 3.372, 3.445, 4.229, 3.644]","[-5.632, -5.348, -4.545, -5.283, -5.005, -4.465]"
1210,1,-0.0877,12.0585,0.240,305,919,83,67,0.089,65,15.12,46356,1303.69,0,0,18.532(23.165%)(0.000m),39.406(34.770%)(2.079m),21.000(18.529%)(0.107m),14.000(12.353%)(0.000m),10.000(12.500%)(0.000m),13.017(32.544%)(0.323m),17.000(42.500%)(0.750m),192.243,2413.432,69.7,1.1626,"[0.934, 1.184, 0.752, 1.032, 1.392, 0.773]","[3.333, 3.770, 3.317, 3.410, 4.061, 3.364]","[-5.423, -6.694, -8.235, -4.925, -6.369, -7.872]"
1211,1,17.8811,11.9562,0.282,682,2149,63,128,0.089,100,15.19,46425,3052.33,1,1,24.000(30.000%)(0.429m),42.000(37.059%)(2.357m),61.000(53.824%)(4.393m),35.000(30.882%)(1.607m),22.415(28.018%)(0.259m),17.000(42.500%)(0.750m),15.797(39.492%)(0.621m),114.972,2179.866,72.9,1.2403,"[1.449, 1.960, 1.599, 1.685, 2.390, 1.791]","[3.305, 3.841, 3.517, 3.502, 4.103, 3.585]","[-4.861, -1.398, -4.079, -4.724, -1.408, -3.563]"
1212,1,21.4765,11.9937,0.294,685,2155,0,105,0.089,100,15.26,46494,3009.74,2,1,26.000(32.500%)(0.643m),42.000(37.059%)(2.357m),62.000(54.706%)(4.500m),35.000(30.882%)(1.607m),24.332(30.414%)(0.464m),19.000(47.500%)(0.964m),17.183(42.959%)(0.770m),143.232,2237.033,72.8,1.2155,"[1.649, 1.993, 1.706, 1.813, 2.477, 1.897]","[3.745, 3.748, 3.216, 4.001, 4.158, 3.255]","[-4.442, -2.634, -2.867, -3.990, -2.517, -2.483]"
1213,1,22.0873,12.0390,0.257,679,2139,0,108,0.088,100,15.33,46562,2987.05,3,1,24.000(30.000%)(0.429m),47.000(41.471%)(2.893m),75.000(66.177%)(5.893m),43.000(37.941%)(2.464m),23.957(29.946%)(0.424m),20.000(50.000%)(1.071m),16.912(42.281%)(0.741m),301.310,2506.026,72.9,1.2139,"[2.026, 2.188, 1.743, 2.264, 2.672, 2.021]","[3.312, 3.539, 3.142, 3.612, 3.965, 3.172]","[-2.665, 0.544, -3.044, -2.808, 0.854, -2.462]"
1214,1,-1.4065,11.5821,0.196,190,563,38,14,0.088,50,15.32,46581,815.74,0,0,32.000(40.000%)(1.286m),50.000(44.118%)(3.214m),68.000(60.000%)(5.143m),33.932(29.940%)(1.493m),15.840(19.800%)(0.000m),18.000(45.000%)(0.857m),11.103(27.758%)(0.118m),401.563,2881.214,68.6,1.1539,"[0.194, 1.142, 1.890, 0.381, 1.262, 1.955]","[3.101, 3.634, 3.015, 3.269, 4.098, 3.012]","[-6.111, -4.481, -0.561, -5.835, -4.892, -0.027]"
1215,1,-0.4578,11.5657,0.190,130,366,19,17,0.088,35,15.31,46594,574.56,0,0,42.244(52.805%)(2.383m),75.943(67.009%)(5.994m),40.000(35.294%)(2.143m),30.000(26.471%)(1.071m),23.000(28.750%)(0.321m),37.367(93.418%)(2.932m),40.000(100.000%)(3.214m),43.710,2159.364,65.2,1.1540,"[1.093, 1.572, 1.627, 1.157, 1.693, 1.612]","[3.104, 3.664, 3.240, 3.294, 4.005, 3.276]","[-3.875, -2.662, -1.176, -4.166, -2.720, -0.758]"
1216,1,6.6008,11.6995,0.303,632,1982,70,96,0.088,95,15.30,46658,2796.25,0,0,26.000(32.500%)(0.643m),35.000(30.882%)(1.607m),55.000(48.530%)(3.750m),35.320(31.165%)(1.641m),16.511(20.639%)(0.000m),21.000(52.500%)(1.179m),11.000(27.500%)(0.107m),183.524,2419.848,72.6,1.2362,"[1.029, 1.612, 1.475, 1.219, 1.968, 1.742]","[3.253, 3.672, 3.127, 3.567, 4.030, 3.277]","[-6.190, -5.323, -2.315, -5.676, -5.833, -2.733]"
1217,1,6.5525,11.8413,0.312,593,1855,120,74,0.088,95,15.28,46718,2578.22,0,0,12.000(15.000%)(0.000m),23.000(20.294%)(0.321m),69.000(60.883%)(5.250m),39.593(34.935%)(2.099m),18.626(23.283%)(0.000m),21.000(52.500%)(1.179m),13.086(32.714%)(0.331m),322.791,2306.963,72.4,1.2401,"[1.270, 1.696, 1.401, 1.483, 2.225, 1.699]","[3.727, 3.905, 3.253, 4.261, 4.582, 3.436]","[-5.425, -5.343, -6.641, -5.145, -5.465, -6.302]"
1218,1,16.3232,12.1524,0.319,684,2152,22,169,0.087,100,15.35,46787,3157.49,1,1,25.000(31.250%)(0.536m),38.000(33.530%)(1.929m),57.000(50.294%)(3.964m),47.000(41.471%)(2.893m),22.342(27.928%)(0.251m),18.000(45.000%)(0.857m),15.744(39.360%)(0.615m),243.521,2592.945,72.8,1.3597,"[1.526, 1.904, 1.454, 1.709, 2.367, 1.689]","[3.280, 3.394, 3.142, 3.677, 3.943, 3.275]","[-6.569, -1.849, -4.582, -4.682, -2.256, -4.517]"
1219,1,19.8647,12.2051,0.254,671,2124,114,62,0.087,100,15.42,46855,3054.61,2,1,26.000(32.500%)(0.643m),48.000(42.353%)(3.000m),69.000(60.883%)(5.250m),43.142(38.067%)(2.480m),20.375(25.469%)(0.040m),22.000(55.000%)(1.286m),14.333(35.831%)(0.464m),428.629,2458.736,73.3,1.2593,"[1.682, 2.271, 1.986, 1.813, 2.769, 2.276]","[3.588, 3.752, 3.363, 3.945, 4.154, 3.643]","[-4.920, 0.495, -1.018, -5.130, 0.929, -0.872]"
1220,1,18.3791,12.1353,0.267,743,2269,44,150,0.087,100,15.49,46930,3360.85,3,1,15.000(18.750%)(0.000m),31.000(27.353%)(1.179m),46.000(40.588%)(2.786m),47.000(41.471%)(2.893m),23.374(29.218%)(0.362m),10.000(25.000%)(0.000m),16.520(41.300%)(0.699m),68.658,2539.311,70.7,1.3927,"[1.527, 1.656, 1.210, 1.659, 2.048, 1.361]","[3.340, 3.865, 3.290, 3.480, 4.196, 3.457]","[-3.879, -4.772, -6.149, -4.148, -4.965, -6.124]"
1221,1,17.3028,12.4338,0.267,683,2150,6,137,0.087,100,15.56,46999,3039.26,4,1,25.000(31.250%)(0.536m),40.000(35.294%)(2.143m),56.000(49.412%)(3.857m),42.000(37.059%)(2.357m),23.515(29.393%)(0.377m),20.094(50.236%)(1.082m),16.592(41.481%)(0.706m),146.306,2251.119,72.9,1.2348,"[1.123, 1.698, 1.348, 1.410, 2.140, 1.597]","[3.686, 3.536, 3.081, 4.249, 4.055, 3.437]","[-5.574, -1.933, -2.661, -5.121, -1.659, -2.427]"
1222,1,14.0859,12.7207,0.344,675,2138,27,174,0.087,100,15.63,47067,2945.01,5,1,24.000(30.000%)(0.429m),43.000(37.941%)(2.464m),68.000(60.000%)(5.143m),49.226(43.435%)(3.131m),16.000(20.000%)(0.000m),17.000(42.500%)(0.750m),11.000(27.500%)(0.107m),327.728,2681.901,73.3,1.1511,"[1.413, 1.921, 1.530, 1.740, 2.363, 1.785]","[3.317, 3.842, 3.486, 3.735, 4.182, 3.770]","[-8.177, -1.975, -4.657, -6.020, -2.513, -4.560]"
1223,1,20.4929,13.1431,0.362,671,2125,29,135,0.087,100,15.70,47135,3007.39,6,1,23.000(28.750%)(0.321m),35.000(30.882%)(1.607m),68.000(60.000%)(5.143m),39.000(34.412%)(2.036m),19.462(24.327%)(0.000m),19.000(47.500%)(0.964m),13.679(34.198%)(0.394m),164.953,2115.740,73.3,1.3010,"[1.718, 2.102, 1.647, 1.962, 2.525, 1.826]","[4.114, 3.946, 3.541, 4.464, 4.321, 3.489]","[-4.771, -1.574, -3.744, -4.714, -1.401, -3.776]"
1224,1,17.7402,13.4369,0.320,669,2120,0,220,0.086,100,15.77,47202,3029.21,7,1,23.000(28.750%)(0.321m),44.000(38.824%)(2.571m),68.000(60.000%)(5.143m),42.000(37.059%)(2.357m),23.000(28.750%)(0.321m),19.000(47.500%)(0.964m),16.420(41.049%)(0.688m),270.018,2335.348,73.3,1.3231,"[1.879, 2.155, 1.954, 2.124, 2.674, 2.205]","[3.453, 3.844, 3.542, 3.793, 4.564, 3.767]","[-3.608, 0.562, -0.601, -3.100, 0.750, -0.461]"
1225,1,9.9979,13.5635,0.283,594,1833,67,59,0.086,95,15.76,47262,2582.06,0,0,24.000(30.000%)(0.429m),38.000(33.530%)(1.929m),59.000(52.059%)(4.179m),31.000(27.353%)(1.179m),21.965(27.456%)(0.211m),22.000(55.000%)(1.286m),15.473(38.684%)(0.586m),41.712,2317.906,71.4,1.1896,"[1.506, 2.104, 1.936, 1.637, 2.546, 2.101]","[4.047, 3.900, 3.630, 4.315, 4.464, 3.681]","[-4.942, -3.326, -1.694, -4.981, -3.335, -1.810]"
1226,1,3.8963,13.4026,0.236,266,819,0,37,0.086,65,15.74,47289,1163.20,0,0,23.000(28.750%)(0.321m),44.000(38.824%)(2.571m),68.000(60.000%)(5.143m),30.000(26.471%)(1.071m),22.000(27.500%)(0.214m),22.000(55.000%)(1.286m),16.439(41.097%)(0.690m),7.996,2136.811,71.2,1.2928,"[1.007, 1.874, 1.825, 1.153, 2.216, 2.037]","[3.312, 3.780, 3.376, 3.297, 4.068, 3.261]","[-5.487, -4.070, -1.878, -4.623, -3.977, -2.173]"
1227,1,16.2817,13.5205,0.255,698,2180,89,140,0.086,100,15.81,47359,3085.93,1,1,25.000(31.250%)(0.536m),41.000(36.177%)(2.250m),59.000(52.059%)(4.179m),37.600(33.177%)(1.886m),17.585(21.982%)(0.000m),18.000(45.000%)(0.857m),12.341(30.853%)(0.251m),166.059,2189.128,72.3,1.2580,"[1.257, 1.884, 1.649, 1.383, 2.296, 1.809]","[3.218, 3.674, 3.651, 3.673, 4.019, 3.648]","[-5.519, -1.251, -4.291, -5.497, -1.244, -3.908]"
1228,1,21.8840,13.9542,0.308,689,2160,122,35,0.086,100,15.88,47428,3081.76,2,1,29.000(36.250%)(0.964m),49.000(43.235%)(3.107m),71.000(62.647%)(5.464m),41.000(36.177%)(2.250m),22.579(28.223%)(0.276m),23.000(57.500%)(1.393m),15.915(39.788%)(0.634m),219.509,2295.171,72.6,1.3279,"[2.032, 2.238, 1.904, 2.277, 2.766, 2.177]","[3.865, 3.736, 3.866, 4.102, 4.268, 3.936]","[-1.768, -0.054, -2.741, -2.074, -0.006, -2.786]"
1229,1,9.6372,13.7673,0.292,559,1765,68,59,0.086,95,15.87,47484,2425.60,0,0,26.000(32.500%)(0.643m),44.000(38.824%)(2.571m),41.000(36.177%)(2.250m),28.000(24.706%)(0.857m),22.000(27.500%)(0.214m),22.000(55.000%)(1.286m),16.361(40.902%)(0.682m),0.000,2117.317,73.1,1.2465,"[1.389, 1.927, 1.793, 1.580, 2.386, 2.006]","[3.808, 3.813, 3.416, 4.069, 4.364, 3.585]","[-5.669, -5.733, -4.249, -4.830, -5.427, -4.610]"
1230,1,17.6437,13.7438,0.306,696,2176,165,134,0.085,100,15.93,47554,3109.06,1,1,27.000(33.750%)(0.750m),48.000(42.353%)(3.000m),62.000(54.706%)(4.500m),38.605(34.064%)(1.993m),18.134(22.667%)(0.000m),18.000(45.000%)(0.857m),12.725(31.812%)(0.292m),181.795,2327.224,72.3,1.2242,"[1.255, 1.947, 1.648, 1.316, 2.414, 1.893]","[3.341, 3.806, 3.444, 3.521, 4.221, 3.482]","[-5.067, -2.541, -3.653, -5.036, -2.172, -3.512]"
1231,1,3.7824,13.3846,0.279,444,1385,14,93,0.085,85,15.92,47599,1863.07,0,0,23.000(28.750%)(0.321m),42.000(37.059%)(2.357m),51.510(45.450%)(3.376m),21.165(18.675%)(0.125m),11.676(14.595%)(0.000m),17.000(42.500%)(0.750m),10.328(25.821%)(0.035m),68.501,2364.163,72.2,1.1571,"[1.176, 1.640, 1.548, 1.318, 2.021, 1.683]","[3.272, 3.781, 3.139, 3.532, 4.028, 3.319]","[-5.636, -4.977, -5.141, -5.361, -4.724, -5.195]"
1232,1,-1.1189,13.1624,0.216,134,374,20,14,0.085,40,15.91,47613,590.98,0,0,23.000(28.750%)(0.321m),22.000(19.412%)(0.214m),40.000(35.294%)(2.143m),87.984(77.633%)(7.284m),48.540(60.675%)(3.058m),40.000(100.000%)(3.214m),40.000(100.000%)(3.214m),0.000,2050.399,64.5,1.0070,"[1.364, 1.116, 0.844, 1.361, 1.347, 0.752]","[3.149, 3.626, 3.082, 3.345, 4.033, 3.207]","[-4.620, -4.232, -4.553, -4.327, -4.064, -4.849]"
1233,1,23.3881,13.6087,0.335,672,2125,4,106,0.085,100,15.98,47681,2956.39,1,1,22.000(27.500%)(0.214m),35.000(30.882%)(1.607m),55.000(48.530%)(3.750m),49.000(43.235%)(3.107m),23.926(29.908%)(0.421m),19.000(47.500%)(0.964m),16.890(42.225%)(0.738m),95.739,2252.201,73.2,1.2904,"[2.015, 2.183, 1.734, 2.162, 2.670, 1.874]","[3.512, 3.632, 3.267, 3.853, 4.169, 3.321]","[-1.395, -1.142, -3.050, -1.937, -1.018, -2.643]"
1234,1,19.5328,13.6203,0.271,678,2140,92,162,0.085,100,16.05,47749,2960.68,2,1,21.000(26.250%)(0.107m),49.000(43.235%)(3.107m),55.000(48.530%)(3.750m),38.000(33.530%)(1.929m),23.026(28.782%)(0.324m),15.000(37.500%)(0.536m),16.239(40.597%)(0.668m),176.121,2212.859,73.1,1.2336,"[1.804, 2.009, 1.571, 1.943, 2.414, 1.778]","[3.321, 3.745, 3.381, 3.446, 4.038, 3.175]","[-4.476, -2.947, -5.845, -4.191, -3.207, -5.223]"
1235,1,23.2575,13.6240,0.347,680,2143,5,114,0.085,100,16.11,47817,3043.55,3,1,26.000(32.500%)(0.643m),57.000(50.294%)(3.964m),62.000(54.706%)(4.500m),32.000(28.235%)(1.286m),22.000(27.500%)(0.214m),16.000(40.000%)(0.643m),17.654(44.135%)(0.820m),41.667,2441.759,72.9,1.4558,"[1.835, 2.123, 1.596, 2.114, 2.564, 1.859]","[3.732, 3.767, 3.097, 4.056, 4.101, 3.273]","[-5.100, -3.870, -3.499, -4.363, -3.736, -3.445]"
1236,1,21.1620,13.6448,0.291,691,2164,98,93,0.084,100,16.18,47887,3143.77,4,1,25.000(31.250%)(0.536m),45.000(39.706%)(2.679m),64.000(56.471%)(4.714m),35.000(30.882%)(1.607m),22.024(27.530%)(0.217m),18.000(45.000%)(0.857m),15.514(38.786%)(0.591m),101.635,2572.352,72.5,1.3066,"[1.691, 2.325, 1.996, 1.892, 2.768, 2.216]","[3.342, 3.926, 3.455, 3.516, 4.256, 3.536]","[-4.699, -2.165, -3.451, -4.740, -2.098, -2.916]"
1237,1,1.4862,13.7049,0.296,464,1436,112,97,0.084,85,16.17,47934,1997.53,0,0,18.000(22.500%)(0.000m),35.000(30.882%)(1.607m),45.000(39.706%)(2.679m),22.895(20.202%)(0.310m),12.038(15.047%)(0.000m),12.000(30.000%)(0.214m),10.132(25.329%)(0.014m),53.065,2440.831,71.6,1.2241,"[0.587, 1.399, 1.213, 0.646, 1.729, 1.407]","[3.086, 3.777, 3.480, 3.204, 4.025, 3.449]","[-5.439, -5.153, -6.481, -5.552, -5.301, -6.290]"
1238,1,20.1000,13.6976,0.272,687,2158,135,81,0.084,100,16.24,48003,3003.55,1,1,22.000(27.500%)(0.214m),36.000(31.765%)(1.714m),49.000(43.235%)(3.107m),43.581(38.454%)(2.527m),20.597(25.747%)(0.064m),19.000(47.500%)(0.964m),14.492(36.229%)(0.481m),269.557,2243.038,72.7,1.1567,"[1.416, 2.090, 1.673, 1.580, 2.464, 1.858]","[3.756, 3.913, 3.436, 4.020, 4.342, 3.525]","[-4.472, -0.457, -3.230, -4.708, -0.599, -3.302]"
1239,1,0.8605,13.3084,0.248,224,672,53,33,0.084,55,16.22,48026,963.30,0,0,24.000(30.000%)(0.429m),47.000(41.471%)(2.893m),81.000(71.471%)(6.536m),28.446(25.099%)(0.905m),13.080(16.350%)(0.000m),20.000(50.000%)(1.071m),9.691(24.227%)(0.000m),469.019,2584.394,69.5,1.2136,"[1.205, 1.765, 1.854, 1.208, 2.172, 2.066]","[3.231, 3.659, 3.300, 3.317, 4.044, 3.361]","[-4.823, -5.332, -3.500, -5.087, -5.425, -3.126]"
1240,1,8.2750,13.0108,0.248,556,1761,153,83,0.084,95,16.21,48082,2409.41,0,0,24.000(30.000%)(0.429m),38.000(33.530%)(1.929m),55.000(48.530%)(3.750m),31.000(27.353%)(1.179m),18.884(23.605%)(0.000m),20.000(50.000%)(1.071m),13.264(33.159%)(0.350m),10.928,2218.378,73.3,1.2275,"[1.032, 1.985, 1.712, 1.090, 2.367, 2.013]","[3.570, 3.735, 3.213, 3.887, 4.174, 3.404]","[-4.756, -3.248, -4.311, -4.280, -2.858, -4.314]"
1241,1,21.8794,13.0436,0.360,665,2115,65,113,0.084,100,16.28,48149,2904.08,1,1,26.000(32.500%)(0.643m),44.000(38.824%)(2.571m),66.000(58.235%)(4.929m),37.000(32.647%)(1.821m),23.142(28.927%)(0.337m),20.000(50.000%)(1.071m),16.323(40.807%)(0.677m),155.269,2267.392,73.6,1.1449,"[1.829, 2.168, 1.851, 1.916, 2.724, 2.092]","[3.525, 3.631, 3.267, 3.612, 4.053, 3.386]","[-4.226, -0.320, -3.878, -4.059, 0.130, -3.482]"
1242,1,24.0437,13.5328,0.340,680,2141,50,76,0.083,100,16.34,48217,3010.04,2,1,24.000(30.000%)(0.429m),45.000(39.706%)(2.679m),66.000(58.235%)(4.929m),41.000(36.177%)(2.250m),21.004(26.255%)(0.108m),22.000(55.000%)(1.286m),14.783(36.958%)(0.513m),234.866,2281.296,72.9,1.3994,"[1.813, 2.253, 1.970, 2.000, 2.719, 2.181]","[3.863, 4.011, 3.437, 4.161, 4.433, 3.704]","[-3.618, -0.420, -0.738, -3.996, -0.106, -0.517]"
1243,1,17.2508,13.5418,0.280,684,2152,127,123,0.083,100,16.41,48286,2962.70,3,1,26.000(32.500%)(0.643m),53.000(46.765%)(3.536m),59.000(52.059%)(4.179m),37.648(33.219%)(1.891m),17.642(22.052%)(0.000m),19.000(47.500%)(0.964m),12.379(30.946%)(0.255m),158.903,2320.244,72.8,1.2618,"[1.640, 2.193, 1.960, 1.748, 2.700, 2.203]","[3.602, 3.900, 3.451, 4.007, 4.382, 3.575]","[-4.434, -1.234, -3.335, -4.766, -0.988, -3.122]"
1244,1,0.1208,13.5443,0.306,172,514,19,23,0.083,45,16.40,48304,740.66,0,0,26.000(32.500%)(0.643m),44.000(38.824%)(2.571m),44.526(39.288%)(2.628m),19.381(17.101%)(0.000m),10.932(13.665%)(0.000m),22.000(55.000%)(1.286m),9.912(24.779%)(0.000m),295.908,2689.510,69.2,1.2281,"[1.543, 2.084, 2.119, 1.631, 2.487, 2.294]","[3.415, 3.957, 3.630, 3.593, 4.288, 3.736]","[-5.006, -5.451, -5.459, -5.194, -5.044, -5.397]"
1245,1,17.5895,13.6932,0.318,668,2121,99,184,0.083,100,16.47,48371,2952.88,1,1,24.000(30.000%)(0.429m),44.000(38.824%)(2.571m),68.000(60.000%)(5.143m),32.000(28.235%)(1.286m),15.431(19.288%)(0.000m),17.000(42.500%)(0.750m),10.803(27.008%)(0.086m),65.300,2128.982,73.5,1.3362,"[1.503, 2.023, 1.715, 1.723, 2.534, 1.973]","[3.754, 3.941, 3.457, 4.111, 4.353, 3.504]","[-4.912, -3.752, -3.172, -4.977, -3.146, -2.721]"
1246,1,3.8388,13.5965,0.308,265,817,13,35,0.083,65,16.45,48398,1177.96,0,0,26.000(32.500%)(0.643m),54.000(47.647%)(3.643m),44.000(38.824%)(2.571m),30.000(26.471%)(1.071m),22.000(27.500%)(0.214m),22.000(55.000%)(1.286m),16.821(42.053%)(0.731m),16.664,2263.249,71.3,1.4613,"[1.505, 2.101, 2.115, 1.676, 2.467, 2.349]","[3.200, 3.822, 3.633, 3.359, 4.058, 3.775]","[-5.590, -3.343, -0.118, -4.685, -3.222, -0.281]"
1247,1,21.4109,13.8937,0.298,669,2124,69,108,0.083,100,16.52,48465,2973.83,1,1,19.000(23.750%)(0.000m),44.000(38.824%)(2.571m),53.000(46.765%)(3.536m),36.000(31.765%)(1.714m),19.238(24.048%)(0.000m),11.000(27.500%)(0.107m),13.524(33.811%)(0.378m),129.573,2173.268,73.5,1.4756,"[1.890, 2.248, 1.707, 2.046, 2.649, 1.953]","[3.685, 3.911, 3.431, 4.010, 4.109, 3.414]","[-4.881, -0.799, -4.140, -4.339, -0.731, -3.331]"
1248,1,16.4018,13.8940,0.254,670,2126,26,119,0.082,100,16.59,48532,2996.31,2,1,24.000(30.000%)(0.429m),44.000(38.824%)(2.571m),63.000(55.588%)(4.607m),41.380(36.512%)(2.291m),19.639(24.548%)(0.000m),20.000(50.000%)(1.071m),13.806(34.515%)(0.408m),265.308,2560.871,73.4,1.2491,"[1.718, 2.177, 1.945, 1.961, 2.627, 2.182]","[3.660, 4.105, 3.622, 4.004, 4.338, 3.543]","[-5.527, -1.925, -2.901, -5.250, -1.814, -2.387]"
1249,1,19.6242,13.8979,0.270,667,2119,132,127,0.082,100,16.65,48599,2910.94,3,1,24.000(30.000%)(0.429m),38.000(33.530%)(1.929m),55.000(48.530%)(3.750m),38.000(33.530%)(1.929m),18.852(23.565%)(0.000m),19.000(47.500%)(0.964m),13.241(33.102%)(0.347m),175.301,2255.039,73.5,1.2889,"[1.643, 2.148, 1.881, 1.891, 2.666, 2.140]","[3.537, 3.778, 3.459, 4.059, 4.185, 3.510]","[-4.339, -0.443, -4.135, -4.185, -0.873, -4.038]"
1250,1,1.4565,13.9410,0.318,299,917,68,48,0.082,65,16.64,48629,1288.10,0,0,11.000(13.750%)(0.000m),18.000(15.882%)(0.000m),59.000(52.059%)(4.179m),42.630(37.615%)(2.425m),20.116(25.145%)(0.012m),11.000(27.500%)(0.107m),14.147(35.367%)(0.444m),182.726,2313.146,71.0,1.2464,"[0.797, 1.629, 1.332, 0.870, 1.993, 1.612]","[3.223, 3.769, 3.296, 3.480, 4.120, 3.416]","[-6.301, -4.757, -6.451, -6.451, -5.409, -5.734]"
1251,1,19.5477,13.9850,0.277,675,2134,54,133,0.082,100,16.71,48697,2903.88,1,1,23.000(28.750%)(0.321m),44.000(38.824%)(2.571m),57.000(50.294%)(3.964m),36.000(31.765%)(1.714m),20.712(25.890%)(0.076m),19.000(47.500%)(0.964m),14.574(36.435%)(0.490m),169.114,2348.966,73.2,1.1319,"[1.491, 2.091, 1.742, 1.757, 2.544, 2.002]","[3.463, 4.033, 3.511, 3.625, 4.314, 3.790]","[-4.735, -0.758, -3.251, -4.753, -0.846, -2.927]"
1252,1,18.5932,13.9806,0.285,676,2142,31,160,0.082,100,16.77,48765,2860.13,2,1,16.000(20.000%)(0.000m),34.000(30.000%)(1.500m),64.000(56.471%)(4.714m),35.000(30.882%)(1.607m),23.228(29.035%)(0.346m),11.000(27.500%)(0.107m),16.385(40.963%)(0.684m),115.814,2545.004,73.3,1.0953,"[1.423, 1.692, 1.385, 1.570, 2.181, 1.701]","[3.104, 3.715, 3.177, 3.431, 3.981, 3.451]","[-4.772, -4.403, -4.904, -4.346, -4.371, -5.085]"
1253,1,21.5669,14.0741,0.292,684,2152,46,121,0.082,100,16.84,48834,2990.43,3,1,26.000(32.500%)(0.643m),33.000(29.118%)(1.393m),46.000(40.588%)(2.786m),35.000(30.882%)(1.607m),20.377(25.471%)(0.040m),19.000(47.500%)(0.964m),14.340(35.851%)(0.465m),130.502,2201.620,72.8,1.2011,"[1.747, 2.296, 1.817, 1.897, 2.766, 2.158]","[3.666, 4.088, 3.832, 4.059, 4.492, 4.056]","[-4.573, -1.488, -2.512, -4.107, -1.673, -2.550]"
1254,1,0.2859,13.7128,0.360,298,883,122,44,0.081,65,16.83,48864,1309.03,0,0,14.322(17.902%)(0.000m),28.000(24.706%)(0.857m),43.000(37.941%)(2.464m),34.000(30.000%)(1.500m),23.000(28.750%)(0.321m),10.020(25.051%)(0.002m),24.000(60.000%)(1.500m),13.878,2090.945,68.6,1.2573,"[1.580, 1.098, 0.287, 1.561, 1.415, 0.223]","[3.583, 4.042, 3.510, 3.648, 4.328, 3.626]","[-2.093, -3.985, -5.819, -2.475, -3.146, -5.022]"
1255,1,25.9905,13.9084,0.293,667,2116,0,37,0.081,100,16.89,48931,2902.36,1,1,26.000(32.500%)(0.643m),43.000(37.941%)(2.464m),65.000(57.353%)(4.821m),44.000(38.824%)(2.571m),24.345(30.432%)(0.466m),21.000(52.500%)(1.179m),17.193(42.983%)(0.771m),318.656,2267.091,73.4,1.2072,"[1.989, 2.243, 1.886, 2.149, 2.719, 2.149]","[3.533, 3.873, 3.191, 3.658, 4.159, 3.190]","[-2.859, -0.722, -2.347, -3.120, -0.655, -2.172]"
1256,1,-0.7236,13.4680,0.277,314,966,32,43,0.081,70,16.88,48963,1377.76,0,0,30.000(37.500%)(1.071m),54.000(47.647%)(3.643m),80.000(70.588%)(6.429m),36.000(31.765%)(1.714m),14.000(17.500%)(0.000m),24.000(60.000%)(1.500m),10.000(25.000%)(0.000m),836.304,3411.158,71.2,1.2730,"[1.203, 1.888, 1.526, 1.507, 2.257, 1.858]","[3.304, 3.769, 3.321, 3.798, 3.994, 3.288]","[-8.083, -3.148, -2.433, -5.882, -3.113, -2.120]"
1257,1,-0.8797,13.0591,0.341,131,369,22,18,0.081,40,16.87,48977,602.33,0,0,40.257(50.322%)(2.170m),65.954(58.195%)(4.924m),37.000(32.647%)(1.821m),28.000(24.706%)(0.857m),21.000(26.250%)(0.107m),40.000(100.000%)(3.214m),40.000(100.000%)(3.214m),6.388,2104.015,65.2,1.1758,"[1.104, 1.420, 1.316, 1.207, 1.540, 1.400]","[3.261, 3.650, 3.062, 3.399, 3.998, 3.262]","[-3.720, -2.754, -1.912, -3.876, -3.103, -2.002]"
1258,1,21.9904,13.0429,0.272,678,2140,70,106,0.081,100,16.93,49045,2975.40,1,1,24.107(30.134%)(0.440m),49.585(43.752%)(3.170m),55.000(48.530%)(3.750m),37.000(32.647%)(1.821m),23.158(28.948%)(0.338m),17.021(42.553%)(0.752m),16.335(40.837%)(0.679m),217.936,2242.814,73.0,1.2348,"[1.635, 2.027, 1.622, 1.946, 2.511, 1.826]","[3.795, 3.559, 3.089, 4.205, 3.951, 3.261]","[-7.054, -0.266, -4.192, -4.678, -0.298, -3.920]"
1259,1,20.4789,13.3474,0.305,676,2135,61,113,0.081,100,17.00,49113,3026.50,2,1,25.000(31.250%)(0.536m),43.000(37.941%)(2.464m),68.000(60.000%)(5.143m),35.000(30.882%)(1.607m),20.871(26.088%)(0.093m),20.000(50.000%)(1.071m),14.688(36.719%)(0.502m),164.934,2222.908,73.1,1.2604,"[1.709, 2.169, 1.714, 1.887, 2.692, 2.017]","[3.744, 3.707, 3.713, 3.864, 4.112, 3.767]","[-4.537, -1.703, -4.444, -4.369, -1.465, -4.158]"
1260,1,23.8598,13.8263,0.266,667,2118,84,67,0.080,100,17.06,49180,2957.50,3,1,27.000(33.750%)(0.750m),43.000(37.941%)(2.464m),65.000(57.353%)(4.821m),42.310(37.332%)(2.390m),20.108(25.135%)(0.012m),22.000(55.000%)(1.286m),14.141(35.353%)(0.444m),290.380,2220.034,73.5,1.2472,"[1.631, 2.174, 1.946, 1.835, 2.648, 2.245]","[3.788, 3.961, 3.388, 4.117, 4.411, 3.585]","[-6.068, -2.319, -1.696, -5.604, -2.257, -1.234]"
1261,1,23.7376,13.9434,0.326,664,2110,0,92,0.080,100,17.13,49247,2948.11,4,1,23.000(28.750%)(0.321m),44.000(38.824%)(2.571m),68.000(60.000%)(5.143m),41.000(36.177%)(2.250m),23.310(29.138%)(0.355m),18.000(45.000%)(0.857m),16.444(41.111%)(0.690m),259.764,2144.704,73.5,1.2206,"[1.848, 2.199, 1.807, 2.104, 2.677, 2.080]","[3.348, 3.768, 3.410, 3.636, 4.188, 3.491]","[-3.142, 0.432, -2.536, -3.265, 0.593, -1.983]"
1262,1,20.1510,13.9169,0.313,671,2127,8,147,0.080,100,17.19,49315,3123.18,5,1,20.000(25.000%)(0.000m),38.000(33.530%)(1.929m),51.000(45.000%)(3.321m),41.000(36.177%)(2.250m),23.800(29.750%)(0.407m),17.000(42.500%)(0.750m),16.799(41.998%)(0.728m),108.335,2249.578,73.4,1.2656,"[1.642, 1.895, 1.589, 1.845, 2.351, 1.833]","[3.314, 3.806, 3.229, 3.585, 4.016, 3.312]","[-2.399, -2.922, -5.107, -2.585, -2.988, -4.713]"
1263,1,22.7731,13.9306,0.278,679,2141,38,13,0.080,100,17.26,49383,3007.96,6,1,31.000(38.750%)(1.179m),49.000(43.235%)(3.107m),79.000(69.706%)(6.321m),36.031(31.792%)(1.718m),17.037(21.297%)(0.000m),22.000(55.000%)(1.286m),11.968(29.920%)(0.211m),303.019,2582.361,73.0,1.2924,"[1.497, 1.988, 1.924, 1.681, 2.508, 2.212]","[3.549, 3.753, 3.207, 3.896, 4.131, 3.429]","[-5.159, -3.982, -1.865, -5.077, -3.852, -1.354]"
1264,1,-3.7060,13.8846,0.265,333,1011,61,77,0.080,70,17.25,49417,1401.65,0,0,23.000(28.750%)(0.321m),36.000(31.765%)(1.714m),81.308(71.742%)(6.569m),31.451(27.751%)(1.227m),14.579(18.224%)(0.000m),19.000(47.500%)(0.964m),10.000(25.000%)(0.000m),290.308,3555.573,70.2,1.0977,"[0.459, 0.920, 0.712, 0.793, 1.266, 0.988]","[3.437, 3.790, 3.128, 3.479, 3.960, 3.183]","[-7.357, -6.378, -7.216, -6.685, -7.189, -6.026]"
1265,1,1.5359,13.9245,0.270,302,927,30,48,0.080,65,17.23,49448,1323.70,0,0,11.000(13.750%)(0.000m),19.000(16.765%)(0.000m),66.000(58.235%)(4.929m),36.000(31.765%)(1.714m),19.930(24.913%)(0.000m),11.000(27.500%)(0.107m),14.015(35.037%)(0.430m),113.643,2378.091,71.0,1.2688,"[0.864, 1.551, 1.460, 1.017, 1.939, 1.691]","[3.274, 3.580, 3.240, 3.356, 3.861, 3.375]","[-5.388, -6.788, -6.264, -5.183, -7.042, -5.877]"
1266,1,13.9737,14.0720,0.288,684,2153,31,176,0.079,100,17.30,49517,3098.59,1,1,24.000(30.000%)(0.429m),48.000(42.353%)(3.000m),52.000(45.882%)(3.429m),37.000(32.647%)(1.821m),20.000(25.000%)(0.000m),17.000(42.500%)(0.750m),14.000(35.000%)(0.429m),185.553,2256.737,72.9,1.2777,"[1.305, 1.852, 1.531, 1.613, 2.250, 1.778]","[3.309, 3.806, 3.338, 3.825, 4.133, 3.484]","[-7.921, -1.395, -4.970, -5.435, -1.267, -4.117]"
1267,1,6.6747,14.0744,0.264,450,1414,14,97,0.079,85,17.28,49562,2002.50,0,0,26.000(32.500%)(0.643m),48.000(42.353%)(3.000m),70.000(61.765%)(5.357m),25.857(22.815%)(0.628m),12.507(15.633%)(0.000m),19.000(47.500%)(0.964m),9.758(24.394%)(0.000m),158.762,2380.678,72.7,1.2069,"[1.447, 2.061, 1.718, 1.659, 2.535, 1.991]","[3.239, 3.823, 3.580, 3.564, 4.035, 3.536]","[-5.539, -4.926, -3.652, -5.176, -4.387, -3.847]"
1268,1,20.3325,14.1546,0.276,667,2119,163,120,0.079,100,17.35,49629,2947.09,1,1,20.000(25.000%)(0.000m),42.000(37.059%)(2.357m),57.000(50.294%)(3.964m),35.000(30.882%)(1.607m),19.919(24.899%)(0.000m),14.000(35.000%)(0.429m),14.006(35.014%)(0.429m),129.905,2141.820,73.5,1.2954,"[1.592, 2.096, 1.629, 1.819, 2.573, 1.862]","[3.923, 3.900, 3.124, 3.987, 4.265, 3.132]","[-4.409, -0.887, -5.249, -4.124, -0.753, -4.424]"
1269,1,18.3773,14.1249,0.312,710,2201,52,150,0.079,100,17.42,49700,3044.45,2,1,27.000(33.750%)(0.750m),53.000(46.765%)(3.536m),76.000(67.059%)(6.000m),39.539(34.888%)(2.093m),18.599(23.249%)(0.000m),20.000(50.000%)(1.071m),13.066(32.665%)(0.328m),250.702,2633.969,71.8,1.1787,"[2.184, 2.432, 2.021, 2.313, 2.878, 2.234]","[4.334, 4.104, 3.593, 4.098, 4.328, 3.799]","[-4.972, -1.278, -4.040, -4.779, -0.882, -3.894]"
1270,1,20.7513,14.1723,0.318,695,2176,40,139,0.079,100,17.48,49770,3179.85,3,1,19.000(23.750%)(0.000m),37.000(32.647%)(1.821m),49.000(43.235%)(3.107m),48.000(42.353%)(3.000m),23.965(29.956%)(0.425m),13.000(32.500%)(0.321m),16.929(42.324%)(0.742m),125.892,2335.383,72.4,1.4112,"[1.965, 2.083, 1.707, 2.170, 2.537, 1.893]","[3.816, 4.049, 3.588, 3.993, 4.379, 3.489]","[-2.607, -5.245, -4.805, -2.468, -5.065, -5.002]"
1271,1,23.2815,14.2919,0.282,666,2116,45,47,0.079,100,17.55,49837,3054.21,4,1,27.000(33.750%)(0.750m),50.000(44.118%)(3.214m),68.000(60.000%)(5.143m),32.246(28.453%)(1.312m),14.833(18.542%)(0.000m),22.000(55.000%)(1.286m),10.379(25.948%)(0.041m),263.645,2331.686,73.5,1.4843,"[1.848, 2.291, 2.133, 2.041, 2.769, 2.366]","[3.830, 3.939, 3.419, 4.073, 4.267, 3.321]","[-5.091, -3.333, -1.653, -4.957, -3.054, -1.626]"
1272,1,20.2973,14.4161,0.297,666,2116,65,99,0.079,100,17.61,49904,3086.52,5,1,23.000(28.750%)(0.321m),44.000(38.824%)(2.571m),68.000(60.000%)(5.143m),41.000(36.177%)(2.250m),23.127(28.909%)(0.335m),20.000(50.000%)(1.071m),16.312(40.780%)(0.676m),254.215,2223.525,73.5,1.3486,"[1.788, 2.294, 1.907, 1.982, 2.754, 2.063]","[3.528, 4.093, 3.716, 3.708, 4.583, 3.542]","[-5.012, -0.375, -4.493, -5.140, -0.491, -4.568]"
1273,1,0.1037,14.0083,0.300,270,830,0,47,0.078,65,17.60,49931,1199.59,0,0,23.000(28.750%)(0.321m),26.000(22.941%)(0.643m),73.000(64.412%)(5.679m),57.548(50.778%)(4.023m),27.607(34.509%)(0.815m),19.000(47.500%)(0.964m),19.559(48.898%)(1.024m),291.157,2907.379,71.1,1.2301,"[1.598, 1.529, 1.398, 1.894, 1.884, 1.469]","[3.745, 4.036, 3.558, 3.769, 4.405, 3.659]","[-6.897, -6.419, -5.623, -6.089, -6.532, -6.004]"
1274,1,2.3873,13.7013,0.269,423,1314,71,48,0.078,80,17.58,49974,1853.26,0,0,23.000(28.750%)(0.321m),41.000(36.177%)(2.250m),24.000(21.177%)(0.429m),20.000(17.647%)(0.000m),20.536(25.670%)(0.057m),22.000(55.000%)(1.286m),14.454(36.136%)(0.477m),0.000,2227.505,71.9,1.2471,"[1.147, 1.627, 1.326, 1.338, 2.001, 1.470]","[3.936, 4.007, 3.649, 4.251, 4.320, 3.668]","[-5.870, -8.030, -11.179, -5.830, -8.945, -11.459]"
1275,1,24.6466,13.9942,0.337,680,2143,3,44,0.078,100,17.65,50042,2973.88,1,1,24.000(30.000%)(0.429m),41.000(36.177%)(2.250m),57.000(50.294%)(3.964m),43.000(37.941%)(2.464m),23.700(29.624%)(0.396m),20.000(50.000%)(1.071m),16.726(41.815%)(0.721m),230.968,2276.420,72.9,1.1926,"[1.833, 2.276, 1.961, 1.916, 2.725, 2.196]","[3.832, 4.045, 3.669, 3.946, 4.277, 3.753]","[-3.230, -0.188, -3.094, -3.171, -0.305, -3.121]"
1276,1,21.2305,14.3409,0.248,714,2209,116,68,0.078,100,17.71,50114,3123.93,2,1,24.000(30.000%)(0.429m),37.000(32.647%)(1.821m),54.000(47.647%)(3.643m),42.000(37.059%)(2.357m),22.246(27.807%)(0.241m),21.000(52.500%)(1.179m),15.674(39.186%)(0.608m),148.423,2365.432,71.6,1.2062,"[1.802, 2.264, 1.969, 1.953, 2.696, 2.195]","[3.889, 4.003, 3.610, 3.903, 4.401, 3.826]","[-3.554, -2.985, -3.398, -3.809, -2.837, -3.810]"
1277,1,22.1560,14.4584,0.293,695,2173,0,65,0.078,100,17.78,50184,3145.69,3,1,22.000(27.500%)(0.214m),40.000(35.294%)(2.143m),60.000(52.941%)(4.286m),47.000(41.471%)(2.893m),24.479(30.599%)(0.480m),21.000(52.500%)(1.179m),17.290(43.226%)(0.781m),243.191,2462.370,72.4,1.3346,"[1.748, 2.229, 1.906, 1.947, 2.690, 2.152]","[3.427, 3.652, 3.391, 3.506, 3.974, 3.400]","[-3.795, -0.200, -1.257, -4.212, 0.343, -1.201]"
1278,1,19.8011,14.4168,0.273,667,2119,115,166,0.078,100,17.84,50251,2934.22,4,1,24.000(30.000%)(0.429m),38.000(33.530%)(1.929m),55.000(48.530%)(3.750m),40.000(35.294%)(2.143m),23.029(28.786%)(0.324m),19.000(47.500%)(0.964m),16.241(40.602%)(0.669m),175.301,2158.642,73.5,1.2538,"[1.535, 1.894, 1.489, 1.708, 2.346, 1.673]","[3.279, 3.629, 3.387, 3.364, 3.937, 3.303]","[-3.702, -1.532, -4.067, -3.762, -1.815, -4.128]"
1279,1,22.6554,14.6771,0.285,667,2119,4,76,0.077,100,17.90,50318,2910.73,5,1,24.000(30.000%)(0.429m),34.000(30.000%)(1.500m),55.000(48.530%)(3.750m),40.000(35.294%)(2.143m),23.400(29.250%)(0.364m),20.000(50.000%)(1.071m),16.510(41.274%)(0.697m),108.181,2198.847,73.5,1.1475,"[1.521, 2.129, 1.790, 1.758, 2.567, 2.085]","[3.412, 3.638, 3.644, 3.735, 4.247, 3.581]","[-4.112, -1.379, -3.381, -3.954, -1.172, -3.382]"
1280,1,22.5837,14.7759,0.270,676,2135,130,58,0.077,100,17.97,50386,2941.96,6,1,25.000(31.250%)(0.536m),38.000(33.530%)(1.929m),57.000(50.294%)(3.964m),42.000(37.059%)(2.357m),22.261(27.826%)(0.242m),23.000(57.500%)(1.393m),15.685(39.213%)(0.609m),243.521,2141.066,73.1,1.1780,"[1.680, 2.173, 1.849, 1.830, 2.627, 2.073]","[3.835, 3.723, 3.402, 4.121, 4.209, 3.450]","[-3.743, -0.205, -1.812, -4.061, -0.190, -1.833]"
1281,1,23.7705,15.1757,0.294,689,2160,65,74,0.077,100,18.03,50455,3063.04,7,1,23.000(28.750%)(0.321m),37.000(32.647%)(1.821m),57.000(50.294%)(3.964m),40.000(35.294%)(2.143m),22.605(28.256%)(0.279m),21.000(52.500%)(1.179m),15.934(39.835%)(0.636m),169.530,2198.406,72.6,1.2360,"[1.671, 2.051, 1.668, 1.829, 2.505, 1.873]","[3.934, 3.716, 3.237, 4.070, 3.975, 3.386]","[-3.316, -1.137, -3.758, -3.466, -1.109, -3.680]"
1282,1,24.6688,15.6914,0.284,674,2132,1,70,0.077,100,18.10,50523,2999.50,8,1,27.000(33.750%)(0.750m),49.000(43.235%)(3.107m),59.000(52.059%)(4.179m),41.000(36.177%)(2.250m),23.857(29.821%)(0.413m),19.000(47.500%)(0.964m),16.840(42.100%)(0.733m),230.248,2296.578,73.2,1.2887,"[1.941, 2.366, 1.946, 2.173, 2.847, 2.230]","[3.682, 3.735, 3.512, 4.047, 4.185, 3.629]","[-3.768, -0.063, -2.941, -3.923, 0.038, -2.706]"
1283,1,20.6019,15.6357,0.295,669,2124,77,150,0.077,100,18.16,50590,2867.33,9,1,24.000(30.000%)(0.429m),50.000(44.118%)(3.214m),68.000(60.000%)(5.143m),32.000(28.235%)(1.286m),22.000(27.500%)(0.214m),14.000(35.000%)(0.429m),16.266(40.665%)(0.671m),43.983,2161.319,73.5,1.1687,"[1.851, 2.347, 1.771, 2.069, 2.823, 2.138]","[3.835, 3.732, 3.088, 4.289, 4.322, 3.345]","[-4.888, -2.610, -4.015, -4.307, -2.606, -3.973]"
1284,1,8.2418,15.4099,0.305,579,1805,66,118,0.077,95,18.15,50648,2613.46,0,0,24.000(30.000%)(0.429m),37.000(32.647%)(1.821m),46.000(40.588%)(2.786m),30.000(26.471%)(1.071m),21.000(26.250%)(0.107m),17.000(42.500%)(0.750m),16.324(40.811%)(0.678m),8.476,2217.052,72.2,1.2168,"[1.479, 2.096, 1.836, 1.677, 2.580, 2.068]","[3.494, 3.833, 3.416, 3.856, 4.333, 3.583]","[-4.898, -3.853, -3.827, -4.721, -3.362, -3.459]"
1285,1,20.0685,15.3461,0.272,668,2121,82,144,0.076,100,18.21,50715,2924.13,1,1,24.000(30.000%)(0.429m),44.000(38.824%)(2.571m),68.000(60.000%)(5.143m),32.000(28.235%)(1.286m),22.490(28.112%)(0.267m),14.000(35.000%)(0.429m),15.851(39.627%)(0.627m),51.280,2230.453,73.5,1.2483,"[1.501, 2.186, 1.878, 1.714, 2.660, 2.118]","[3.861, 4.055, 3.559, 4.061, 4.303, 3.716]","[-4.863, -3.141, -2.232, -4.779, -2.836, -1.943]"
1286,1,16.2551,15.2480,0.266,677,2140,68,141,0.076,100,18.27,50783,3015.28,2,1,25.000(31.250%)(0.536m),44.000(38.824%)(2.571m),68.000(60.000%)(5.143m),47.506(41.917%)(2.947m),22.943(28.679%)(0.315m),18.000(45.000%)(0.857m),16.179(40.447%)(0.662m),295.908,2685.057,73.2,1.2199,"[1.548, 2.100, 1.787, 1.798, 2.576, 2.018]","[3.091, 3.983, 3.684, 3.318, 4.233, 3.715]","[-5.349, -1.486, -4.265, -4.937, -1.763, -4.144]"
1287,1,23.2963,15.6842,0.295,673,2128,53,91,0.076,100,18.34,50851,3004.65,3,1,24.000(30.000%)(0.429m),40.000(35.294%)(2.143m),64.000(56.471%)(4.714m),37.000(32.647%)(1.821m),23.216(29.019%)(0.345m),21.000(52.500%)(1.179m),16.376(40.940%)(0.683m),211.533,2208.048,73.2,1.2056,"[1.822, 2.296, 1.970, 2.030, 2.829, 2.269]","[4.050, 4.106, 3.444, 4.253, 4.652, 3.703]","[-3.987, -1.731, -1.839, -3.919, -1.554, -1.344]"
1288,1,-0.7079,15.2680,0.288,150,441,13,14,0.076,40,18.32,50866,670.39,0,0,26.000(32.500%)(0.643m),44.000(38.824%)(2.571m),68.000(60.000%)(5.143m),25.581(22.571%)(0.598m),12.373(15.467%)(0.000m),30.000(75.000%)(2.143m),9.654(24.134%)(0.000m),295.908,2750.128,68.0,1.1988,"[0.628, 1.102, 1.287, 0.734, 1.409, 1.343]","[3.238, 3.774, 3.328, 3.393, 4.062, 3.397]","[-5.613, -5.320, -4.120, -5.490, -5.205, -4.184]"
1289,1,23.7198,15.7252,0.253,683,2149,79,96,0.076,100,18.39,50935,2988.39,1,1,24.000(30.000%)(0.429m),47.000(41.471%)(2.893m),67.000(59.118%)(5.036m),40.595(35.819%)(2.207m),19.086(23.857%)(0.000m),20.000(50.000%)(1.071m),13.408(33.521%)(0.365m),259.881,2421.947,72.8,1.2072,"[1.742, 2.303, 1.918, 1.988, 2.825, 2.177]","[4.048, 3.833, 3.391, 4.225, 4.338, 3.500]","[-5.078, -1.117, -5.442, -5.127, -1.488, -5.316]"
1290,1,16.6215,15.8921,0.265,730,2241,66,151,0.076,100,18.45,51008,3241.05,2,1,25.000(31.250%)(0.536m),47.000(41.471%)(2.893m),60.000(52.941%)(4.286m),38.245(33.746%)(1.955m),17.944(22.430%)(0.000m),18.000(45.000%)(0.857m),12.597(31.492%)(0.278m),265.849,2563.138,71.1,1.3229,"[1.907, 2.302, 1.949, 2.002, 2.773, 2.172]","[3.791, 3.737, 3.855, 3.991, 4.376, 3.801]","[-4.476, -1.584, -4.704, -4.650, -1.641, -4.676]"
1291,1,24.9098,15.9527,0.295,663,2108,3,105,0.076,100,18.51,51075,3020.25,3,1,26.000(32.500%)(0.643m),48.000(42.353%)(3.000m),56.000(49.412%)(3.857m),38.000(33.530%)(1.929m),23.422(29.277%)(0.367m),19.000(47.500%)(0.964m),16.525(41.313%)(0.699m),157.406,2241.755,73.6,1.2223,"[1.851, 2.312, 1.962, 2.097, 2.775, 2.178]","[3.547, 3.743, 3.216, 3.831, 4.304, 3.422]","[-4.283, -1.091, -2.849, -3.900, -1.015, -2.475]"
1292,1,22.1389,15.9147,0.262,670,2124,30,84,0.075,100,18.58,51142,2949.35,4,1,22.000(27.500%)(0.214m),35.000(30.882%)(1.607m),55.000(48.530%)(3.750m),42.109(37.155%)(2.369m),19.900(24.875%)(0.000m),21.000(52.500%)(1.179m),13.998(34.996%)(0.428m),95.739,2287.000,73.3,1.2425,"[1.364, 1.998, 1.783, 1.535, 2.479, 1.999]","[3.165, 3.674, 3.229, 3.316, 4.068, 3.323]","[-4.753, -0.659, -2.725, -4.835, -1.555, -2.361]"
1293,1,7.7132,15.7239,0.281,563,1775,63,115,0.075,95,18.56,51199,2452.94,0,0,21.000(26.250%)(0.107m),19.000(16.765%)(0.000m),19.000(16.765%)(0.000m),20.000(17.647%)(0.000m),19.868(24.836%)(0.000m),14.000(35.000%)(0.429m),13.975(34.939%)(0.426m),0.000,2184.253,73.0,1.2071,"[1.255, 1.687, 1.523, 1.326, 2.153, 1.687]","[3.508, 3.598, 3.200, 3.675, 4.264, 3.201]","[-4.663, -5.758, -6.354, -4.669, -5.872, -6.142]"
1294,1,19.3421,16.1083,0.329,668,2119,0,137,0.075,100,18.62,51266,2938.15,1,1,23.000(28.750%)(0.321m),44.000(38.824%)(2.571m),68.000(60.000%)(5.143m),34.000(30.000%)(1.500m),22.000(27.500%)(0.214m),17.000(42.500%)(0.750m),16.422(41.054%)(0.688m),95.281,2247.351,73.4,1.2375,"[1.580, 2.104, 1.834, 1.730, 2.550, 2.091]","[3.860, 3.859, 3.343, 3.996, 4.152, 3.512]","[-4.414, -1.473, -3.149, -4.024, -1.427, -2.576]"
1295,1,-1.1119,15.7343,0.256,147,434,16,16,0.075,40,18.61,51281,626.04,0,0,26.000(32.500%)(0.643m),43.000(37.941%)(2.464m),31.900(28.147%)(1.275m),16.513(14.570%)(0.000m),10.079(12.599%)(0.000m),25.000(62.500%)(1.607m),10.079(25.198%)(0.008m),418.698,2820.958,68.3,1.1898,"[1.178, 1.755, 1.524, 1.301, 2.084, 1.733]","[3.147, 3.821, 3.250, 3.421, 4.104, 3.359]","[-4.953, -5.030, -7.075, -5.266, -5.642, -6.229]"
1296,1,16.4484,15.9865,0.301,677,2143,125,176,0.075,100,18.67,51349,2960.76,1,1,19.000(23.750%)(0.000m),40.000(35.294%)(2.143m),55.000(48.530%)(3.750m),32.954(29.077%)(1.388m),15.195(18.994%)(0.000m),14.000(35.000%)(0.429m),10.636(26.590%)(0.068m),214.988,2548.286,73.3,1.2194,"[1.121, 1.611, 1.255, 1.267, 2.026, 1.626]","[3.467, 3.773, 3.349, 3.879, 4.178, 3.406]","[-5.335, -4.296, -7.230, -5.308, -4.304, -6.416]"
1297,1,24.8854,16.0560,0.271,672,2127,0,126,0.075,100,18.74,51417,3035.76,2,1,25.000(31.250%)(0.536m),44.000(38.824%)(2.571m),64.000(56.471%)(4.714m),33.000(29.118%)(1.393m),24.000(30.000%)(0.429m),17.000(42.500%)(0.750m),17.140(42.850%)(0.765m),100.600,2311.807,73.3,1.3080,"[2.040, 2.328, 2.021, 2.209, 2.759, 2.164]","[4.205, 3.998, 3.631, 4.431, 4.289, 3.707]","[-4.815, -2.589, -3.390, -4.302, -2.616, -2.995]"
1298,1,24.8468,16.2249,0.295,682,2145,67,88,0.075,100,18.80,51486,3013.63,3,1,22.000(27.500%)(0.214m),40.000(35.294%)(2.143m),67.000(59.118%)(5.036m),36.000(31.765%)(1.714m),19.634(24.542%)(0.000m),19.000(47.500%)(0.964m),13.801(34.503%)(0.407m),113.095,2272.661,72.8,1.2563,"[1.700, 2.354, 2.095, 1.893, 2.837, 2.286]","[3.637, 4.112, 3.350, 4.047, 4.754, 3.484]","[-4.601, -1.609, -0.424, -4.627, -1.576, -0.408]"
1299,1,23.5093,16.3026,0.273,665,2113,41,129,0.074,100,18.86,51553,3025.72,4,1,25.000(31.250%)(0.536m),50.000(44.118%)(3.214m),68.000(60.000%)(5.143m),36.000(31.765%)(1.714m),19.194(23.992%)(0.000m),17.000(42.500%)(0.750m),13.486(33.714%)(0.373m),163.442,2200.804,73.5,1.2541,"[1.693, 2.282, 1.988, 1.898, 2.806, 2.214]","[3.677, 3.966, 3.481, 4.023, 4.591, 3.504]","[-5.033, -1.130, -3.318, -5.227, -0.763, -3.174]"
1300,1,-1.1161,16.2511,0.311,133,372,15,14,0.074,40,18.85,51567,610.47,0,0,42.671(53.338%)(2.429m),77.346(68.246%)(6.144m),44.000(38.824%)(2.571m),30.000(26.471%)(1.071m),22.000(27.500%)(0.214m),37.744(94.361%)(2.973m),40.000(100.000%)(3.214m),2.220,2175.844,64.8,1.2866,"[1.316, 1.745, 1.801, 1.358, 1.945, 1.938]","[3.310, 3.701, 3.213, 3.421, 4.027, 3.462]","[-2.818, -2.362, -2.196, -3.032, -1.694, -2.831]"
1301,1,22.5185,16.3105,0.265,667,2119,38,118,0.074,100,18.91,51634,3026.79,1,1,23.000(28.750%)(0.321m),44.000(38.824%)(2.571m),65.000(57.353%)(4.821m),37.000(32.647%)(1.821m),19.562(24.452%)(0.000m),17.000(42.500%)(0.750m),13.750(34.374%)(0.402m),159.313,2381.606,73.5,1.3295,"[1.753, 2.295, 1.963, 1.972, 2.779, 2.243]","[3.680, 3.769, 3.346, 3.968, 4.278, 3.572]","[-4.661, -0.153, -2.438, -5.088, 0.000, -1.947]"
1302,1,-0.6176,15.9263,0.232,152,448,17,19,0.074,45,18.89,51650,680.74,0,0,24.000(30.000%)(0.429m),34.000(30.000%)(1.500m),45.526(40.170%)(2.735m),19.816(17.485%)(0.000m),11.178(13.972%)(0.000m),27.000(67.500%)(1.821m),10.134(25.336%)(0.014m),108.181,2545.552,68.3,1.1919,"[0.707, 0.898, 1.352, 0.714, 1.242, 1.340]","[3.364, 3.941, 3.711, 3.415, 4.215, 3.586]","[-5.559, -6.267, -6.443, -5.388, -5.871, -5.838]"
1303,1,0.2227,15.4994,0.294,187,543,13,30,0.074,50,18.88,51669,815.10,0,0,25.000(31.250%)(0.536m),50.000(44.118%)(3.214m),69.447(61.277%)(5.298m),24.540(21.653%)(0.486m),12.399(15.499%)(0.000m),21.000(52.500%)(1.179m),10.050(25.125%)(0.005m),635.091,2949.485,67.2,1.2210,"[1.585, 1.987, 2.151, 1.666, 2.467, 2.265]","[3.531, 3.762, 3.399, 3.554, 4.191, 3.431]","[-4.853, -5.276, -4.380, -4.941, -4.980, -4.217]"
1304,1,19.8860,15.8914,0.289,700,2184,39,101,0.074,100,18.94,51739,2973.06,1,1,22.000(27.500%)(0.214m),44.000(38.824%)(2.571m),62.000(54.706%)(4.500m),37.000(32.647%)(1.821m),20.018(25.022%)(0.002m),13.000(32.500%)(0.321m),14.082(35.206%)(0.437m),102.563,2525.519,72.2,1.1004,"[1.913, 2.329, 2.077, 2.130, 2.887, 2.255]","[3.706, 3.856, 3.687, 4.193, 4.400, 3.664]","[-4.129, -0.076, -3.409, -4.223, 0.317, -3.174]"
1305,1,20.1164,15.7740,0.300,674,2134,90,163,0.073,100,19.00,51807,3010.28,2,1,16.000(20.000%)(0.000m),36.000(31.765%)(1.714m),57.000(50.294%)(3.964m),33.000(29.118%)(1.393m),20.038(25.047%)(0.004m),11.000(27.500%)(0.107m),14.091(35.227%)(0.438m),80.877,2069.603,73.3,1.2367,"[1.403, 2.026, 1.721, 1.612, 2.530, 1.929]","[3.583, 3.806, 3.465, 4.053, 4.429, 3.369]","[-4.853, -2.692, -5.765, -4.386, -2.355, -5.677]"
1306,1,5.2584,15.8936,0.321,568,1785,107,126,0.073,95,18.99,51864,2404.16,0,0,25.000(31.250%)(0.536m),38.000(33.530%)(1.929m),52.000(45.882%)(3.429m),31.000(27.353%)(1.179m),22.223(27.779%)(0.238m),18.000(45.000%)(0.857m),15.658(39.145%)(0.606m),36.524,2082.122,72.7,1.1688,"[1.104, 1.933, 1.723, 1.237, 2.420, 2.006]","[4.072, 3.832, 3.200, 4.561, 4.371, 3.462]","[-5.124, -4.633, -3.802, -5.150, -3.989, -4.081]"
1307,1,16.0188,16.2316,0.285,669,2121,73,156,0.073,100,19.05,51931,2945.85,1,1,23.000(28.750%)(0.321m),44.000(38.824%)(2.571m),68.000(60.000%)(5.143m),42.234(37.266%)(2.382m),19.915(24.894%)(0.000m),16.000(40.000%)(0.643m),14.000(35.000%)(0.429m),249.415,2421.817,73.4,1.2462,"[1.712, 2.201, 1.861, 1.850, 2.699, 2.180]","[3.564, 3.833, 3.379, 3.904, 4.204, 3.724]","[-4.471, -1.604, -1.995, -4.645, -2.523, -1.768]"
1308,1,17.6524,16.1448,0.288,685,2157,93,169,0.073,100,19.11,52000,3025.81,2,1,25.000(31.250%)(0.536m),50.000(44.118%)(3.214m),52.000(45.882%)(3.429m),33.000(29.118%)(1.393m),16.391(20.489%)(0.000m),19.000(47.500%)(0.964m),11.485(28.713%)(0.159m),109.914,2497.613,72.9,1.2756,"[1.063, 1.621, 1.476, 1.342, 2.100, 1.717]","[3.929, 4.180, 3.421, 4.303, 4.771, 3.516]","[-5.301, -5.545, -3.873, -5.111, -5.382, -4.102]"
1309,1,23.8979,16.2132,0.297,668,2119,61,49,0.073,100,19.17,52067,2956.62,3,1,25.031(31.288%)(0.539m),51.257(45.227%)(3.349m),74.000(65.294%)(5.786m),35.000(30.882%)(1.607m),18.613(23.266%)(0.000m),17.689(44.223%)(0.824m),13.071(32.677%)(0.329m),140.780,2573.805,73.4,1.2928,"[2.017, 2.465, 1.940, 2.207, 3.002, 2.297]","[3.849, 4.199, 3.491, 4.185, 4.916, 3.775]","[-5.015, -1.313, -3.802, -5.225, -1.178, -3.647]"
1310,1,4.1690,15.8194,0.341,267,821,0,28,0.073,65,19.16,52094,1119.64,0,0,26.000(32.500%)(0.643m),44.000(38.824%)(2.571m),60.000(52.941%)(4.286m),34.000(30.000%)(1.500m),22.000(27.500%)(0.214m),26.000(65.000%)(1.714m),16.467(41.168%)(0.693m),28.521,2150.620,71.2,1.1853,"[1.000, 1.944, 1.898, 1.103, 2.324, 2.043]","[3.563, 3.860, 3.322, 3.618, 4.167, 3.283]","[-4.660, -3.566, -2.552, -4.888, -3.307, -2.664]"
1311,1,23.9117,15.8229,0.286,679,2140,22,110,0.073,100,19.22,52162,3027.32,1,1,23.000(28.750%)(0.321m),45.000(39.706%)(2.679m),61.000(53.824%)(4.393m),36.000(31.765%)(1.714m),20.555(25.694%)(0.059m),19.000(47.500%)(0.964m),14.461(36.154%)(0.478m),110.815,2177.806,72.9,1.3415,"[1.792, 2.273, 2.044, 1.980, 2.826, 2.267]","[3.929, 3.738, 3.253, 4.313, 4.568, 3.257]","[-4.568, -0.775, -2.320, -4.705, -0.648, -2.006]"
1312,1,20.2971,15.8258,0.293,677,2138,35,91,0.072,100,19.28,52230,3013.52,2,1,24.000(30.000%)(0.429m),38.000(33.530%)(1.929m),55.000(48.530%)(3.750m),40.938(36.122%)(2.243m),19.307(24.134%)(0.000m),20.000(50.000%)(1.071m),13.573(33.934%)(0.383m),175.301,2648.686,73.1,1.2679,"[1.769, 2.255, 1.881, 1.973, 2.778, 2.133]","[3.739, 4.060, 3.447, 4.282, 4.658, 3.493]","[-4.504, -0.436, -2.958, -4.731, -0.987, -2.552]"
1313,1,21.1540,15.7934,0.307,698,2179,18,136,0.072,100,19.35,52300,2997.04,3,1,21.000(26.250%)(0.107m),37.000(32.647%)(1.821m),58.000(51.177%)(4.071m),42.000(37.059%)(2.357m),19.000(23.750%)(0.000m),17.000(42.500%)(0.750m),12.000(30.000%)(0.214m),147.492,2417.958,72.2,1.2282,"[1.639, 1.979, 1.696, 1.882, 2.509, 1.960]","[3.897, 3.909, 3.570, 4.015, 4.216, 3.717]","[-5.437, -0.797, -3.551, -5.352, -0.583, -3.485]"
1314,1,0.1425,15.8704,0.227,312,952,16,72,0.072,70,19.33,52332,1345.21,0,0,28.000(35.000%)(0.857m),39.000(34.412%)(2.036m),55.000(48.530%)(3.750m),29.000(25.588%)(0.964m),13.000(16.250%)(0.000m),19.893(49.733%)(1.060m),10.000(25.000%)(0.000m),204.453,2384.969,70.6,1.1060,"[0.962, 1.320, 1.314, 1.235, 1.700, 1.463]","[3.399, 3.579, 3.177, 3.470, 3.948, 3.055]","[-6.077, -4.538, -2.705, -5.718, -4.460, -2.185]"
1315,1,18.1163,16.2020,0.278,670,2127,33,160,0.072,100,19.39,52399,2972.70,1,1,23.000(28.750%)(0.321m),48.000(42.353%)(3.000m),75.000(66.177%)(5.893m),43.000(37.941%)(2.464m),20.000(25.000%)(0.000m),14.000(35.000%)(0.429m),14.000(35.000%)(0.429m),296.761,2619.254,73.5,1.1902,"[1.749, 2.216, 1.725, 1.998, 2.725, 2.075]","[3.681, 3.920, 3.426, 3.842, 4.358, 3.819]","[-5.512, 0.005, -2.960, -3.739, 0.416, -2.493]"
1316,1,20.0944,16.3244,0.271,668,2120,122,110,0.072,100,19.45,52466,2913.15,2,1,16.000(20.000%)(0.000m),42.000(37.059%)(2.357m),66.000(58.235%)(4.929m),41.000(36.177%)(2.250m),22.459(28.074%)(0.263m),11.000(27.500%)(0.107m),15.829(39.572%)(0.624m),209.348,2445.616,73.4,1.2030,"[1.575, 2.031, 1.694, 1.871, 2.541, 1.946]","[3.542, 3.981, 3.609, 3.811, 4.250, 3.552]","[-4.256, -3.898, -4.769, -3.947, -3.771, -4.103]"
1317,1,15.7938,16.5068,0.221,680,2147,125,201,0.072,100,19.51,52534,3074.84,3,1,21.000(26.250%)(0.107m),32.000(28.235%)(1.286m),44.000(38.824%)(2.571m),34.000(30.000%)(1.500m),19.246(24.058%)(0.000m),14.000(35.000%)(0.429m),13.530(33.825%)(0.378m),79.447,2067.144,73.1,1.2536,"[1.312, 1.793, 1.313, 1.466, 2.235, 1.557]","[3.361, 3.757, 3.481, 3.769, 4.166, 3.495]","[-5.000, -4.512, -5.209, -4.397, -4.626, -5.283]"
1318,1,-1.1419,16.0773,0.264,150,440,19,23,0.072,40,19.50,52549,659.28,0,0,24.000(30.000%)(0.429m),34.000(30.000%)(1.500m),34.296(30.262%)(1.532m),17.753(15.665%)(0.000m),10.836(13.545%)(0.000m),25.000(62.500%)(1.607m),10.836(27.091%)(0.090m),108.181,2582.448,67.9,1.2868,"[0.778, 1.571, 1.587, 0.842, 1.824, 1.596]","[3.203, 3.990, 3.656, 3.348, 4.244, 3.652]","[-5.823, -5.738, -6.150, -5.572, -5.664, -6.447]"
1319,1,0.7398,15.7245,0.339,289,870,56,35,0.071,65,19.48,52578,1253.43,0,0,22.000(27.500%)(0.214m),23.000(20.294%)(0.321m),53.000(46.765%)(3.536m),45.290(39.962%)(2.710m),21.463(26.828%)(0.157m),22.000(55.000%)(1.286m),15.112(37.780%)(0.548m),153.036,2588.862,69.6,1.2718,"[1.022, 1.386, 1.465, 1.124, 1.852, 1.551]","[3.463, 3.991, 3.700, 3.452, 4.463, 3.670]","[-6.673, -6.333, -5.499, -6.106, -6.204, -5.342]"
1320,1,-1.2374,15.2848,0.460,140,410,15,6,0.071,40,19.47,52592,612.45,0,0,30.000(37.500%)(1.071m),50.000(44.118%)(3.214m),33.072(29.181%)(1.401m),17.119(15.105%)(0.000m),10.449(13.062%)(0.000m),40.000(100.000%)(3.214m),10.449(26.123%)(0.048m),401.563,2816.084,67.7,1.2871,"[0.880, 1.559, 1.613, 1.045, 1.906, 1.704]","[3.584, 4.009, 3.430, 3.697, 4.372, 3.447]","[-5.204, -5.811, -5.139, -4.743, -5.306, -5.258]"
1321,1,18.6198,15.1915,0.216,689,2163,142,81,0.071,100,19.53,52661,3003.71,1,1,25.000(31.250%)(0.536m),36.000(31.765%)(1.714m),49.000(43.235%)(3.107m),36.913(32.571%)(1.812m),17.219(21.523%)(0.000m),23.000(57.500%)(1.393m),12.072(30.181%)(0.222m),173.604,2084.787,72.7,1.2477,"[1.141, 1.956, 1.841, 1.333, 2.445, 2.044]","[3.719, 3.984, 3.537, 3.882, 4.225, 3.657]","[-5.107, -0.888, -2.387, -4.711, -1.476, -2.668]"
1322,1,19.6762,15.1791,0.264,667,2119,77,124,0.071,100,19.59,52728,3011.50,2,1,26.000(32.500%)(0.643m),44.000(38.824%)(2.571m),68.000(60.000%)(5.143m),40.000(35.294%)(2.143m),23.010(28.762%)(0.322m),20.000(50.000%)(1.071m),16.227(40.568%)(0.667m),216.231,2475.121,73.5,1.2747,"[1.282, 1.936, 1.730, 1.502, 2.489, 1.997]","[3.331, 3.515, 3.274, 3.603, 3.868, 3.358]","[-7.017, -0.807, -3.848, -4.965, -0.520, -3.413]"
1323,1,19.0589,15.5582,0.311,685,2155,91,161,0.071,100,19.65,52797,3047.89,3,1,22.000(27.500%)(0.214m),44.000(38.824%)(2.571m),66.000(58.235%)(4.929m),38.000(33.530%)(1.929m),20.056(25.070%)(0.006m),14.000(35.000%)(0.429m),14.111(35.278%)(0.440m),123.907,2164.548,72.8,1.2689,"[1.517, 2.063, 1.757, 1.776, 2.581, 1.996]","[3.721, 3.810, 3.317, 4.090, 4.470, 3.476]","[-5.136, -3.209, -3.850, -4.509, -2.943, -3.679]"
1324,1,7.9679,15.6698,0.321,600,1900,56,154,0.071,95,19.64,52857,2715.20,0,0,23.000(28.750%)(0.321m),44.000(38.824%)(2.571m),68.000(60.000%)(5.143m),32.550(28.721%)(1.345m),14.000(17.500%)(0.000m),17.000(42.500%)(0.750m),10.000(25.000%)(0.000m),159.313,2226.864,73.3,1.3062,"[1.309, 1.840, 1.765, 1.616, 2.404, 2.021]","[3.327, 3.762, 3.404, 3.638, 4.090, 3.481]","[-6.404, -3.046, -1.771, -4.733, -2.524, -1.567]"
1325,1,20.4757,15.5864,0.308,667,2119,120,85,0.071,100,19.70,52924,2866.37,1,1,23.000(28.750%)(0.321m),44.000(38.824%)(2.571m),62.000(54.706%)(4.500m),38.000(33.530%)(1.929m),19.104(23.881%)(0.000m),19.000(47.500%)(0.964m),13.422(33.555%)(0.367m),183.782,2302.941,73.5,1.2037,"[1.697, 2.152, 1.842, 1.934, 2.609, 2.003]","[3.631, 3.961, 3.505, 4.095, 4.269, 3.597]","[-3.724, -0.483, -4.317, -4.012, -0.332, -4.330]"
1326,1,2.0321,15.2024,0.252,265,817,88,31,0.070,65,19.68,52951,1109.15,0,0,26.000(32.500%)(0.643m),43.000(37.941%)(2.464m),20.000(17.647%)(0.000m),19.000(16.765%)(0.000m),14.921(18.651%)(0.000m),22.000(55.000%)(1.286m),10.441(26.103%)(0.047m),0.000,2129.925,71.3,1.2203,"[0.385, 1.140, 1.358, 0.391, 1.367, 1.451]","[3.284, 3.719, 3.206, 3.378, 3.993, 3.228]","[-6.218, -6.246, -4.970, -6.165, -7.179, -4.951]"
1327,1,16.1330,15.0820,0.300,686,2158,152,167,0.070,100,19.74,53020,3200.75,1,1,16.471(20.588%)(0.000m),35.233(31.088%)(1.632m),67.000(59.118%)(5.036m),40.000(35.294%)(2.143m),20.000(25.000%)(0.000m),11.555(28.887%)(0.167m),14.000(35.000%)(0.429m),216.724,2355.767,72.8,1.3812,"[1.492, 1.653, 0.899, 1.728, 2.094, 1.006]","[3.638, 3.795, 3.560, 3.760, 4.089, 3.534]","[-6.764, -3.640, -4.828, -5.085, -3.049, -5.090]"
1328,1,18.7660,15.0613,0.252,668,2121,49,173,0.070,100,19.80,53087,2965.25,2,1,24.000(30.000%)(0.429m),47.000(41.471%)(2.893m),68.000(60.000%)(5.143m),41.000(36.177%)(2.250m),22.827(28.534%)(0.303m),17.000(42.500%)(0.750m),16.095(40.237%)(0.653m),236.214,2289.582,73.5,1.3404,"[1.871, 2.102, 1.579, 2.141, 2.607, 1.846]","[3.922, 3.745, 3.295, 4.125, 4.187, 3.455]","[-3.823, -0.486, -5.071, -3.944, -0.525, -4.857]"
1329,1,20.4666,15.0175,0.262,670,2125,100,123,0.070,100,19.86,53154,2942.03,3,1,27.000(33.750%)(0.750m),42.000(37.059%)(2.357m),48.000(42.353%)(3.000m),34.000(30.000%)(1.500m),20.014(25.018%)(0.002m),19.000(47.500%)(0.964m),14.080(35.200%)(0.437m),61.400,2205.431,73.4,1.2508,"[1.368, 1.998, 1.791, 1.593, 2.467, 2.027]","[3.556, 3.994, 3.466, 3.805, 4.238, 3.533]","[-4.848, -2.942, -1.626, -4.706, -2.660, -1.413]"
1330,1,20.0698,14.9672,0.288,671,2125,25,142,0.070,100,19.92,53222,2938.16,4,1,23.000(28.750%)(0.321m),44.000(38.824%)(2.571m),68.000(60.000%)(5.143m),48.617(42.897%)(3.066m),23.137(28.921%)(0.336m),17.000(42.500%)(0.750m),16.319(40.797%)(0.677m),295.908,2313.213,73.3,1.1566,"[1.940, 2.049, 1.633, 2.155, 2.623, 1.868]","[3.527, 3.750, 3.326, 3.718, 4.023, 3.437]","[-3.648, -1.563, -4.532, -3.700, -1.682, -4.572]"
1331,1,3.0055,14.5519,0.188,266,819,3,34,0.070,65,19.91,53249,1212.67,0,0,27.000(33.750%)(0.750m),50.000(44.118%)(3.214m),56.000(49.412%)(3.857m),30.000(26.471%)(1.071m),22.000(27.500%)(0.214m),22.000(55.000%)(1.286m),16.494(41.234%)(0.696m),12.149,2194.254,71.2,1.4575,"[1.038, 1.970, 2.049, 1.243, 2.346, 2.270]","[3.302, 3.899, 3.362, 3.526, 4.176, 3.433]","[-5.101, -4.660, -1.954, -4.512, -4.391, -2.731]"
1332,1,4.1058,14.1407,0.370,266,819,0,17,0.070,65,19.89,53276,1222.01,0,0,30.000(37.500%)(1.071m),50.000(44.118%)(3.214m),68.000(60.000%)(5.143m),30.000(26.471%)(1.071m),23.000(28.750%)(0.321m),26.000(65.000%)(1.714m),16.516(41.291%)(0.698m),18.083,2197.116,71.2,1.3360,"[0.628, 1.868, 1.900, 0.714, 2.322, 2.068]","[3.543, 3.851, 3.390, 3.562, 4.143, 3.580]","[-5.563, -5.126, -3.010, -4.879, -4.772, -3.865]"
1333,1,26.1713,14.2520,0.273,667,2116,0,19,0.069,100,19.95,53343,3019.76,1,1,30.000(37.500%)(1.071m),50.000(44.118%)(3.214m),68.000(60.000%)(5.143m),48.000(42.353%)(3.000m),23.303(29.129%)(0.354m),23.000(57.500%)(1.393m),16.451(41.126%)(0.691m),370.703,2400.448,73.4,1.2742,"[2.026, 2.432, 2.146, 2.201, 2.952, 2.363]","[3.876, 3.910, 3.575, 4.061, 4.436, 3.665]","[-4.181, 0.599, -1.818, -4.445, 0.537, -1.843]"
1334,1,19.6986,14.4812,0.267,669,2122,107,69,0.069,100,20.01,53410,2953.22,2,1,31.000(38.750%)(1.179m),49.000(43.235%)(3.107m),66.000(58.235%)(4.929m),36.054(31.812%)(1.720m),16.832(21.040%)(0.000m),24.000(60.000%)(1.500m),11.801(29.503%)(0.193m),238.919,2289.924,73.4,1.3458,"[1.540, 2.293, 2.122, 1.754, 2.866, 2.424]","[3.732, 3.865, 3.304, 4.061, 4.636, 3.670]","[-4.439, -1.025, -1.147, -4.514, -0.595, -1.046]"
1335,1,22.0311,14.5204,0.281,667,2118,128,109,0.069,100,20.07,53477,3040.16,3,1,24.000(30.000%)(0.429m),38.000(33.530%)(1.929m),55.000(48.530%)(3.750m),38.000(33.530%)(1.929m),18.854(23.568%)(0.000m),20.000(50.000%)(1.071m),13.243(33.107%)(0.347m),173.039,2210.771,73.5,1.2411,"[1.564, 2.325, 2.044, 1.799, 2.845, 2.308]","[4.113, 4.524, 3.889, 4.672, 5.040, 3.929]","[-5.102, -0.368, -2.695, -5.110, -0.072, -2.359]"
1336,1,-1.4222,14.1669,0.388,133,387,15,0,0.069,40,20.06,53491,582.38,0,0,38.000(47.500%)(1.929m),50.000(44.118%)(3.214m),58.877(51.950%)(4.165m),21.919(19.341%)(0.206m),11.670(14.587%)(0.000m),40.000(100.000%)(3.214m),9.945(24.864%)(0.000m),426.655,2834.119,67.3,1.2496,"[0.544, 0.684, 0.896, 0.701, 0.889, 0.921]","[3.339, 3.913, 3.477, 3.501, 4.040, 3.433]","[-5.711, -6.846, -5.124, -5.462, -6.912, -4.977]"
1337,1,-0.0670,13.6996,0.356,309,950,107,33,0.069,70,20.04,53522,1327.73,0,0,17.346(21.682%)(0.000m),35.000(30.882%)(1.607m),63.000(55.588%)(4.607m),30.000(26.471%)(1.071m),13.000(16.250%)(0.000m),12.179(30.449%)(0.234m),10.000(25.000%)(0.000m),148.501,2399.692,71.1,1.2183,"[1.054, 1.108, 0.407, 1.295, 1.444, 0.537]","[3.394, 3.798, 3.260, 3.459, 4.043, 3.126]","[-5.776, -5.335, -4.312, -5.369, -4.940, -4.345]"
1338,1,3.0065,13.7739,0.280,265,817,60,14,0.069,65,20.03,53549,1113.93,0,0,30.000(37.500%)(1.071m),50.000(44.118%)(3.214m),22.000(19.412%)(0.214m),19.000(16.765%)(0.000m),19.234(24.043%)(0.000m),26.000(65.000%)(1.714m),13.515(33.787%)(0.377m),0.000,2189.304,71.3,1.3634,"[0.487, 1.414, 1.380, 0.502, 1.758, 1.690]","[3.193, 3.590, 3.029, 3.294, 3.892, 3.329]","[-5.554, -6.099, -5.565, -5.153, -5.716, -4.918]"
1339,1,-0.5629,13.2883,0.306,133,371,37,11,0.069,40,20.01,53563,600.56,0,0,77.786(97.233%)(6.191m),20.000(17.647%)(0.000m),20.000(17.647%)(0.000m),113.333(100.000%)(10.000m),63.600(79.499%)(4.671m),40.000(100.000%)(3.214m),40.000(100.000%)(3.214m),0.000,2199.860,64.5,1.3599,"[1.001, 0.859, 0.736, 1.100, 1.005, 0.821]","[3.064, 3.877, 3.299, 3.325, 4.124, 3.438]","[-5.770, -6.461, -5.796, -6.005, -6.194, -5.530]"
1340,1,1.4100,12.9840,0.204,269,824,82,33,0.069,65,20.00,53590,1178.07,0,0,24.000(30.000%)(0.429m),20.000(17.647%)(0.000m),20.000(17.647%)(0.000m),22.000(19.412%)(0.214m),23.060(28.825%)(0.328m),23.000(57.500%)(1.393m),16.264(40.659%)(0.671m),0.000,2042.054,70.9,1.5519,"[0.797, 1.486, 1.526, 0.850, 1.860, 1.604]","[3.169, 3.885, 3.463, 3.383, 4.178, 3.480]","[-4.507, -6.925, -6.979, -4.821, -6.717, -6.805]"
1341,1,18.8486,12.8628,0.233,684,2152,139,49,0.068,100,20.06,53659,3062.50,1,1,24.000(30.000%)(0.429m),33.000(29.118%)(1.393m),51.000(45.000%)(3.321m),43.909(38.743%)(2.562m),20.974(26.217%)(0.104m),22.000(55.000%)(1.286m),14.761(36.904%)(0.510m),134.903,2191.161,72.8,1.2761,"[1.572, 2.121, 1.843, 1.809, 2.601, 2.068]","[3.614, 3.783, 3.426, 3.768, 4.216, 3.568]","[-4.890, -0.720, -4.650, -4.910, -0.473, -4.528]"
1342,1,8.0678,12.5814,0.269,443,1386,19,31,0.068,85,20.04,53704,1918.99,0,0,28.000(35.000%)(0.857m),48.000(42.353%)(3.000m),69.000(60.883%)(5.250m),27.833(24.559%)(0.839m),12.881(16.101%)(0.000m),23.000(57.500%)(1.393m),9.668(24.171%)(0.000m),272.968,2382.174,72.4,1.1895,"[1.285, 1.838, 1.920, 1.497, 2.349, 2.237]","[4.059, 3.839, 3.237, 4.280, 4.435, 3.361]","[-6.503, -5.320, -2.893, -6.025, -5.127, -2.316]"
1343,1,19.0120,12.8074,0.299,707,2198,123,68,0.068,100,20.10,53775,3213.86,1,1,22.155(27.693%)(0.231m),46.633(41.147%)(2.854m),60.000(52.941%)(4.286m),42.000(37.059%)(2.357m),19.000(23.750%)(0.000m),15.610(39.026%)(0.601m),13.000(32.500%)(0.321m),374.217,2462.066,72.0,1.3067,"[1.493, 2.162, 1.728, 1.835, 2.549, 1.878]","[3.393, 3.973, 3.657, 3.844, 4.447, 3.825]","[-7.225, -0.226, -3.089, -4.510, 0.207, -3.053]"
1344,1,25.4868,12.9302,0.226,667,2116,0,51,0.068,100,20.16,53842,3051.77,2,1,26.000(32.500%)(0.643m),48.000(42.353%)(3.000m),75.000(66.177%)(5.893m),45.000(39.706%)(2.679m),23.831(29.789%)(0.410m),22.000(55.000%)(1.286m),16.821(42.053%)(0.731m),341.611,2279.030,73.4,1.5168,"[2.057, 2.440, 2.186, 2.294, 2.991, 2.426]","[4.434, 4.052, 3.447, 4.590, 4.255, 3.537]","[-3.906, 1.121, -0.484, -3.763, 1.696, -0.502]"
1345,1,3.3273,13.0190,0.247,268,823,0,35,0.068,65,20.15,53869,1168.37,0,0,26.000(32.500%)(0.643m),44.000(38.824%)(2.571m),68.000(60.000%)(5.143m),34.000(30.000%)(1.500m),23.000(28.750%)(0.321m),22.000(55.000%)(1.286m),16.444(41.111%)(0.690m),56.583,2164.725,71.0,1.4168,"[1.260, 2.067, 2.142, 1.453, 2.482, 2.351]","[3.309, 3.647, 3.214, 3.359, 4.088, 3.339]","[-4.663, -3.501, -0.436, -3.816, -3.349, -0.664]"
1346,1,0.4782,12.6996,0.319,186,544,17,28,0.068,50,20.13,53888,854.08,0,0,13.377(16.722%)(0.000m),29.359(25.905%)(1.003m),60.000(52.941%)(4.286m),42.000(37.059%)(2.357m),26.000(32.500%)(0.643m),9.654(24.135%)(0.000m),21.000(52.500%)(1.179m),267.433,2900.099,67.7,2.2259,"[1.542, 1.347, 0.772, 1.740, 1.569, 0.872]","[3.431, 3.743, 3.487, 3.555, 4.069, 3.577]","[-5.189, -5.609, -5.648, -4.666, -5.415, -5.506]"
1347,1,0.5774,12.2135,0.183,328,1015,77,64,0.068,70,20.12,53921,1453.02,0,0,23.000(28.750%)(0.321m),44.000(38.824%)(2.571m),60.000(52.941%)(4.286m),34.327(30.288%)(1.535m),15.971(19.964%)(0.000m),11.000(27.500%)(0.107m),11.192(27.981%)(0.128m),238.177,2440.424,71.6,1.3074,"[0.504, 1.308, 1.536, 0.734, 1.617, 1.671]","[3.153, 3.676, 3.177, 3.429, 3.916, 3.122]","[-5.752, -2.781, -4.083, -5.528, -3.324, -3.741]"
1348,1,23.1724,12.1800,0.252,685,2153,12,48,0.067,100,20.18,53990,3164.34,1,1,25.000(31.250%)(0.536m),34.000(30.000%)(1.500m),49.000(43.235%)(3.107m),49.643(43.803%)(3.176m),23.694(29.617%)(0.396m),22.000(55.000%)(1.286m),16.732(41.830%)(0.721m),157.828,2284.832,72.7,1.3673,"[1.942, 2.339, 2.073, 2.193, 2.821, 2.322]","[3.735, 3.835, 3.839, 4.136, 4.417, 3.942]","[-3.859, -0.815, -1.849, -3.962, -1.172, -1.995]"
1349,1,7.5766,11.8613,0.296,560,1768,106,103,0.067,95,20.16,54046,2405.50,0,0,23.000(28.750%)(0.321m),44.000(38.824%)(2.571m),39.000(34.412%)(2.036m),27.000(23.824%)(0.750m),19.423(24.279%)(0.000m),19.000(47.500%)(0.964m),13.657(34.142%)(0.392m),0.000,2307.792,73.1,1.1782,"[1.019, 2.094, 1.873, 1.262, 2.489, 2.235]","[3.628, 3.875, 3.450, 3.967, 4.218, 3.668]","[-5.265, -4.507, -2.359, -5.076, -4.607, -2.541]"
1350,1,21.0575,12.3048,0.333,677,2136,71,44,0.067,100,20.22,54114,2936.21,1,1,28.000(35.000%)(0.857m),49.000(43.235%)(3.107m),68.000(60.000%)(5.143m),35.000(30.882%)(1.607m),20.871(26.089%)(0.093m),23.000(57.500%)(1.393m),14.688(36.720%)(0.502m),121.346,2226.049,73.0,1.1537,"[1.821, 2.408, 2.094, 2.090, 2.875, 2.378]","[3.851, 3.883, 3.585, 4.123, 4.292, 3.821]","[-4.316, -2.408, -1.030, -4.003, -2.415, -0.847]"
1351,1,3.8452,11.9313,0.266,558,1765,85,118,0.067,95,20.21,54170,2379.93,0,0,16.000(20.000%)(0.000m),38.000(33.530%)(1.929m),37.000(32.647%)(1.821m),22.000(19.412%)(0.214m),23.000(28.750%)(0.321m),11.000(27.500%)(0.107m),16.241(40.602%)(0.669m),0.000,2240.485,73.2,1.2135,"[1.195, 1.565, 1.358, 1.309, 1.955, 1.582]","[3.241, 3.811, 3.318, 3.346, 4.163, 3.365]","[-5.456, -6.447, -7.347, -4.791, -6.143, -7.451]"
1352,1,21.5329,12.3743,0.314,679,2141,63,60,0.067,100,20.27,54238,2963.12,1,1,28.000(35.000%)(0.857m),50.000(44.118%)(3.214m),58.000(51.177%)(4.071m),37.000(32.647%)(1.821m),20.911(26.138%)(0.098m),22.000(55.000%)(1.286m),14.716(36.791%)(0.505m),120.997,2238.257,73.0,1.2083,"[1.686, 2.196, 2.016, 1.970, 2.731, 2.210]","[3.446, 3.710, 3.498, 3.813, 4.293, 3.528]","[-4.127, -0.944, -3.020, -4.006, -0.819, -3.060]"
1353,1,0.3603,12.3771,0.223,322,970,103,41,0.067,70,20.25,54271,1437.60,0,0,22.518(28.147%)(0.270m),35.000(30.882%)(1.607m),49.000(43.235%)(3.107m),20.000(17.647%)(0.000m),11.000(13.750%)(0.000m),15.881(39.703%)(0.630m),10.000(25.000%)(0.000m),177.261,2501.112,69.7,1.3310,"[1.154, 1.214, 0.704, 1.351, 1.536, 0.784]","[3.489, 3.976, 3.328, 3.548, 4.200, 3.286]","[-6.266, -7.948, -7.978, -5.780, -7.457, -7.962]"
1354,1,19.1305,12.3620,0.277,668,2121,0,164,0.067,100,20.31,54338,3011.70,1,1,26.000(32.500%)(0.643m),44.000(38.824%)(2.571m),68.000(60.000%)(5.143m),39.000(34.412%)(2.036m),23.252(29.065%)(0.348m),20.000(50.000%)(1.071m),16.402(41.006%)(0.686m),197.421,2400.514,73.5,1.1967,"[1.561, 2.134, 1.807, 1.893, 2.653, 2.161]","[3.710, 3.784, 3.500, 4.168, 4.086, 3.880]","[-5.728, -0.837, -4.004, -4.209, -0.832, -3.775]"
1355,1,2.7876,12.0154,0.318,267,822,48,52,0.066,65,20.30,54365,1120.55,0,0,23.000(28.750%)(0.321m),44.000(38.824%)(2.571m),41.000(36.177%)(2.250m),29.000(25.588%)(0.964m),19.102(23.877%)(0.000m),19.000(47.500%)(0.964m),13.420(33.550%)(0.366m),0.000,2117.419,71.2,1.2608,"[0.908, 1.685, 1.831, 1.018, 2.003, 1.978]","[3.257, 3.727, 3.288, 3.328, 3.976, 3.369]","[-5.349, -3.342, -1.375, -4.709, -3.824, -1.373]"
1356,1,-1.4020,11.8822,0.309,144,423,16,15,0.066,40,20.28,54380,641.84,0,0,26.000(32.500%)(0.643m),40.000(35.294%)(2.143m),32.193(28.406%)(1.306m),16.664(14.704%)(0.000m),10.172(12.715%)(0.000m),29.000(72.500%)(2.036m),10.172(25.429%)(0.018m),262.140,2687.956,68.0,1.1741,"[1.006, 1.515, 1.443, 1.130, 1.944, 1.500]","[2.999, 3.471, 3.190, 2.974, 3.848, 3.115]","[-5.481, -5.495, -6.228, -5.315, -5.373, -5.979]"
1357,1,25.0946,12.0637,0.324,674,2131,67,55,0.066,100,20.34,54448,2935.41,1,1,23.000(28.750%)(0.321m),46.000(40.588%)(2.786m),61.000(53.824%)(4.393m),41.681(36.777%)(2.323m),19.635(24.544%)(0.000m),22.000(55.000%)(1.286m),13.802(34.505%)(0.407m),276.976,2219.204,73.2,1.2245,"[1.585, 2.240, 1.947, 1.794, 2.776, 2.224]","[3.780, 3.915, 3.327, 4.002, 4.657, 3.541]","[-4.469, -0.135, -1.999, -4.489, 0.271, -1.761]"
1358,1,22.8731,12.1681,0.311,667,2118,41,88,0.066,100,20.40,54515,2951.46,2,1,23.000(28.750%)(0.321m),44.000(38.824%)(2.571m),65.000(57.353%)(4.821m),40.857(36.050%)(2.235m),19.266(24.083%)(0.000m),19.000(47.500%)(0.964m),13.544(33.861%)(0.380m),295.908,2185.977,73.5,1.2296,"[1.896, 2.219, 1.756, 2.051, 2.699, 1.970]","[3.748, 3.886, 3.363, 4.005, 4.194, 3.400]","[-4.723, -0.343, -1.680, -4.899, -0.006, -1.792]"
1359,1,19.3410,12.0770,0.236,668,2121,167,17,0.066,100,20.46,54582,2926.55,3,1,31.000(38.750%)(1.179m),54.000(47.647%)(3.643m),67.000(59.118%)(5.036m),41.000(36.177%)(2.250m),20.249(25.312%)(0.027m),22.000(55.000%)(1.286m),14.242(35.605%)(0.454m),237.510,2321.569,73.5,1.2102,"[1.468, 2.176, 2.053, 1.627, 2.689, 2.360]","[3.733, 4.157, 3.516, 4.003, 4.775, 3.820]","[-6.113, -2.709, -2.847, -5.806, -2.675, -2.833]"
1360,1,21.7574,12.4288,0.341,668,2119,47,80,0.066,100,20.51,54649,2940.99,4,1,26.000(32.500%)(0.643m),44.000(38.824%)(2.571m),68.000(60.000%)(5.143m),37.000(32.647%)(1.821m),18.985(23.731%)(0.000m),20.000(50.000%)(1.071m),13.342(33.356%)(0.358m),164.064,2267.280,73.4,1.2830,"[1.975, 2.438, 2.214, 2.203, 2.945, 2.494]","[4.605, 3.903, 3.584, 4.673, 4.349, 3.855]","[-4.435, -0.235, 0.355, -4.676, 0.014, 0.342]"
1361,1,19.5207,12.3409,0.273,729,2245,82,131,0.066,100,20.57,54722,3173.56,5,1,24.000(30.000%)(0.429m),43.000(37.941%)(2.464m),57.000(50.294%)(3.964m),34.079(30.070%)(1.508m),16.195(20.244%)(0.000m),17.000(42.500%)(0.750m),11.386(28.465%)(0.148m),154.581,2623.156,71.3,1.2222,"[1.489, 1.993, 1.917, 1.719, 2.437, 2.169]","[4.100, 3.888, 3.616, 4.231, 4.324, 3.739]","[-5.760, -5.222, -2.735, -5.267, -5.532, -2.541]"
1362,1,23.8672,12.4123,0.282,671,2125,0,48,0.066,100,20.63,54790,2993.42,6,1,24.000(30.000%)(0.429m),39.000(34.412%)(2.036m),68.000(60.000%)(5.143m),48.000(42.353%)(3.000m),24.235(30.294%)(0.454m),20.000(50.000%)(1.071m),17.116(42.790%)(0.762m),223.664,2199.986,73.3,1.2644,"[1.912, 2.315, 2.065, 2.069, 2.830, 2.376]","[3.645, 3.786, 3.456, 3.958, 4.369, 3.626]","[-4.172, 0.002, -2.436, -4.459, 0.023, -2.207]"
1363,1,0.1425,11.9921,0.301,312,952,16,72,0.065,70,20.62,54822,1368.49,0,0,28.000(35.000%)(0.857m),39.000(34.412%)(2.036m),55.000(48.530%)(3.750m),29.000(25.588%)(0.964m),13.000(16.250%)(0.000m),19.893(49.733%)(1.060m),10.000(25.000%)(0.000m),204.453,2384.969,70.6,1.1925,"[0.825, 1.248, 1.234, 1.107, 1.520, 1.487]","[3.189, 3.842, 3.314, 3.228, 4.031, 3.367]","[-6.605, -5.274, -3.727, -5.808, -5.131, -3.265]"
1364,1,17.9800,12.3489,0.269,672,2131,116,114,0.065,100,20.67,54890,2928.60,1,1,18.000(22.500%)(0.000m),44.000(38.824%)(2.571m),58.000(51.177%)(4.071m),35.000(30.882%)(1.607m),19.246(24.058%)(0.000m),11.000(27.500%)(0.107m),13.530(33.824%)(0.378m),135.101,2223.043,73.4,1.2448,"[1.710, 2.152, 1.804, 1.929, 2.636, 2.119]","[4.054, 3.702, 3.397, 4.373, 4.058, 3.346]","[-4.524, -1.536, -4.243, -4.186, -1.743, -3.497]"
1365,1,21.0840,12.4082,0.280,668,2123,53,160,0.065,100,20.73,54957,3068.02,2,1,20.000(25.000%)(0.000m),42.000(37.059%)(2.357m),60.000(52.941%)(4.286m),37.000(32.647%)(1.821m),22.953(28.691%)(0.316m),15.000(37.500%)(0.536m),16.186(40.465%)(0.663m),164.064,2282.416,73.5,1.3693,"[1.805, 1.993, 1.694, 2.049, 2.505, 1.946]","[3.314, 3.840, 3.685, 3.671, 4.220, 3.960]","[-3.454, -5.102, -5.505, -3.258, -5.186, -5.645]"
1366,1,22.2425,12.4512,0.247,667,2116,0,86,0.065,100,20.79,55024,3014.88,3,1,26.000(32.500%)(0.643m),54.000(47.647%)(3.643m),75.000(66.177%)(5.893m),43.000(37.941%)(2.464m),23.831(29.789%)(0.410m),22.000(55.000%)(1.286m),16.821(42.053%)(0.731m),274.541,2304.432,73.4,1.3127,"[2.086, 2.444, 2.199, 2.315, 2.907, 2.361]","[3.757, 3.925, 3.318, 4.103, 4.447, 3.587]","[-2.405, 1.044, 0.189, -2.987, 1.554, 0.211]"
1367,1,8.8403,12.3121,0.202,590,1862,79,117,0.065,95,20.78,55083,2613.07,0,0,11.000(13.750%)(0.000m),17.000(15.000%)(0.000m),66.000(58.235%)(4.929m),38.000(33.530%)(1.929m),19.297(24.122%)(0.000m),11.000(27.500%)(0.107m),13.560(33.901%)(0.381m),179.118,2293.698,73.0,1.3506,"[1.328, 2.026, 1.883, 1.462, 2.460, 2.077]","[3.662, 3.709, 3.520, 3.761, 4.091, 3.674]","[-6.854, -6.360, -5.438, -6.716, -6.364, -5.673]"
1368,1,16.3324,12.6616,0.302,686,2161,80,170,0.065,100,20.83,55152,2940.69,1,1,16.000(20.000%)(0.000m),34.000(30.000%)(1.500m),55.000(48.530%)(3.750m),34.000(30.000%)(1.500m),19.900(24.875%)(0.000m),11.000(27.500%)(0.107m),13.998(34.995%)(0.428m),95.739,2260.623,72.9,1.2013,"[1.352, 1.888, 1.481, 1.518, 2.302, 1.744]","[3.454, 3.944, 3.373, 3.728, 4.256, 3.588]","[-4.522, -4.049, -5.394, -4.904, -4.042, -5.573]"
1369,1,21.9382,13.0856,0.280,666,2116,0,176,0.065,100,20.89,55219,2931.42,2,1,26.000(32.500%)(0.643m),40.000(35.294%)(2.143m),71.000(62.647%)(5.464m),39.000(34.412%)(2.036m),23.373(29.217%)(0.361m),20.000(50.000%)(1.071m),16.490(41.226%)(0.695m),191.857,2187.305,73.5,1.2407,"[2.088, 2.380, 1.768, 2.281, 2.810, 2.073]","[3.910, 3.765, 3.181, 4.172, 4.111, 3.488]","[-3.581, 0.424, -4.030, -3.378, 0.247, -3.937]"
1370,1,2.4890,13.1601,0.321,333,1011,8,100,0.065,70,20.88,55253,1425.64,0,0,19.000(23.750%)(0.000m),33.000(29.118%)(1.393m),61.000(53.824%)(4.393m),42.000(37.059%)(2.357m),19.000(23.750%)(0.000m),16.574(41.434%)(0.704m),10.000(25.000%)(0.000m),111.693,2461.274,70.3,1.1946,"[1.668, 1.894, 1.297, 2.108, 2.248, 1.305]","[3.594, 3.926, 3.569, 4.095, 4.190, 3.505]","[-5.747, -4.448, -6.223, -4.913, -5.342, -5.953]"
1371,1,1.9644,12.8270,0.270,567,1787,121,97,0.064,95,20.86,55310,2556.34,0,0,24.000(30.000%)(0.429m),21.000(18.529%)(0.107m),20.000(17.647%)(0.000m),20.000(17.647%)(0.000m),18.994(23.742%)(0.000m),20.230(50.575%)(1.096m),13.349(33.372%)(0.359m),0.000,2145.930,72.9,1.4193,"[0.897, 1.497, 1.462, 1.033, 1.930, 1.701]","[3.751, 3.797, 3.577, 4.258, 4.675, 3.803]","[-5.771, -5.585, -5.977, -5.391, -6.084, -6.295]"
1372,1,4.7578,12.5286,0.244,419,1306,24,98,0.064,80,20.85,55352,1793.10,0,0,24.386(30.483%)(0.470m),21.000(18.529%)(0.107m),32.000(28.235%)(1.286m),32.000(28.235%)(1.286m),22.000(27.500%)(0.214m),17.223(43.057%)(0.774m),17.000(42.500%)(0.750m),0.000,2120.823,72.1,1.1999,"[1.108, 1.434, 0.808, 1.517, 1.808, 0.944]","[3.439, 3.879, 3.670, 3.866, 4.246, 3.627]","[-5.816, -4.567, -5.487, -4.780, -4.563, -5.382]"
1373,1,20.2679,12.5528,0.262,668,2120,51,120,0.064,100,20.90,55419,2931.35,1,1,21.000(26.250%)(0.107m),38.000(33.530%)(1.929m),52.000(45.882%)(3.429m),32.447(28.630%)(1.334m),14.936(18.670%)(0.000m),17.000(42.500%)(0.750m),10.452(26.130%)(0.048m),132.964,2164.697,73.5,1.3980,"[1.675, 2.123, 1.915, 1.870, 2.635, 2.215]","[3.850, 3.790, 3.385, 4.135, 4.193, 3.439]","[-5.218, -3.420, -1.538, -5.002, -2.776, -1.516]"
1374,1,18.3341,12.7601,0.286,678,2140,145,105,0.064,100,20.96,55487,3021.03,2,1,23.000(28.750%)(0.321m),49.000(43.235%)(3.107m),60.000(52.941%)(4.286m),39.000(34.412%)(2.036m),21.855(27.319%)(0.199m),15.000(37.500%)(0.536m),15.393(38.483%)(0.578m),167.556,2272.763,73.1,1.2554,"[1.671, 2.193, 1.858, 1.870, 2.673, 2.094]","[3.756, 4.087, 3.550, 4.011, 4.690, 3.734]","[-5.612, -1.465, -2.928, -5.362, -1.030, -2.944]"
1375,1,26.0098,12.8708,0.299,671,2125,4,85,0.064,100,21.02,55555,3014.73,3,1,24.000(30.000%)(0.429m),42.000(37.059%)(2.357m),57.000(50.294%)(3.964m),44.000(38.824%)(2.571m),24.407(30.509%)(0.472m),20.000(50.000%)(1.071m),17.238(43.095%)(0.775m),251.243,2150.914,73.3,1.2030,"[2.113, 2.547, 2.187, 2.235, 2.999, 2.422]","[4.092, 3.899, 3.691, 4.328, 4.473, 3.822]","[-3.542, 0.285, -0.412, -3.694, -0.057, -0.472]"
1376,1,18.5847,13.2019,0.344,680,2149,69,134,0.064,100,21.08,55623,3050.74,4,1,25.000(31.250%)(0.536m),52.848(46.630%)(3.519m),56.000(49.412%)(3.857m),37.000(32.647%)(1.821m),17.306(21.633%)(0.000m),18.000(45.000%)(0.857m),12.135(30.337%)(0.229m),156.960,2578.809,73.1,1.3722,"[1.936, 2.300, 1.760, 2.196, 2.768, 1.906]","[4.199, 4.207, 3.765, 4.538, 4.923, 3.808]","[-4.319, -2.286, -4.735, -4.727, -1.895, -4.540]"
1377,1,23.7382,13.3540,0.275,667,2119,6,128,0.064,100,21.13,55690,2897.87,5,1,24.000(30.000%)(0.429m),54.000(47.647%)(3.643m),64.000(56.471%)(4.714m),46.000(40.588%)(2.786m),23.831(29.789%)(0.410m),16.000(40.000%)(0.643m),16.821(42.053%)(0.731m),319.560,2433.858,73.5,1.3767,"[2.140, 2.455, 2.066, 2.331, 2.949, 2.258]","[3.684, 3.953, 3.477, 3.975, 4.258, 3.559]","[-4.215, -0.068, -2.237, -4.323, 0.197, -2.260]"
1378,1,2.1892,13.0224,0.315,572,1793,168,129,0.063,95,21.12,55748,2552.86,0,0,16.000(20.000%)(0.000m),37.000(32.647%)(1.821m),50.000(44.118%)(3.214m),20.000(17.647%)(0.000m),19.800(24.750%)(0.000m),12.000(30.000%)(0.214m),13.926(34.816%)(0.421m),0.000,2364.728,72.5,1.4338,"[0.946, 1.564, 1.398, 0.937, 1.994, 1.683]","[3.585, 3.998, 3.379, 3.654, 4.325, 3.476]","[-6.129, -6.872, -7.234, -5.461, -6.330, -6.833]"
1379,1,18.6862,12.9868,0.276,677,2139,83,149,0.063,100,21.17,55816,2937.07,1,1,21.000(26.250%)(0.107m),48.000(42.353%)(3.000m),74.000(65.294%)(5.786m),45.000(39.706%)(2.679m),21.485(26.856%)(0.159m),13.000(32.500%)(0.321m),15.128(37.820%)(0.549m),306.974,2290.533,73.1,1.1845,"[1.902, 2.313, 1.896, 2.059, 2.820, 2.202]","[3.662, 4.064, 3.381, 4.061, 4.399, 3.454]","[-4.118, 0.913, -2.829, -4.492, 1.114, -2.768]"
1380,1,24.4083,13.0736,0.271,672,2129,4,55,0.063,100,21.23,55884,2999.27,2,1,24.000(30.000%)(0.429m),34.000(30.000%)(1.500m),55.000(48.530%)(3.750m),41.000(36.177%)(2.250m),23.502(29.377%)(0.375m),23.000(57.500%)(1.393m),16.583(41.457%)(0.705m),108.181,2136.834,73.3,1.2322,"[1.996, 2.508, 2.225, 2.191, 3.048, 2.428]","[3.866, 3.745, 3.568, 4.269, 4.374, 3.745]","[-4.449, 0.491, -2.055, -4.662, 0.412, -1.844]"
1381,1,22.2739,13.4590,0.301,683,2148,68,97,0.063,100,21.29,55953,3055.84,3,1,24.000(30.000%)(0.429m),41.000(36.177%)(2.250m),57.000(50.294%)(3.964m),45.000(39.706%)(2.679m),23.079(28.849%)(0.330m),17.000(42.500%)(0.750m),16.277(40.693%)(0.673m),230.968,2351.721,72.8,1.2642,"[2.142, 2.675, 2.269, 2.307, 3.201, 2.544]","[4.055, 4.396, 3.705, 4.317, 4.906, 3.760]","[-4.728, 0.598, -4.211, -4.929, 0.624, -3.880]"
1382,1,15.7082,13.6910,0.278,672,2132,127,200,0.063,100,21.35,56021,2905.07,4,1,20.000(25.000%)(0.000m),44.000(38.824%)(2.571m),53.000(46.765%)(3.536m),36.000(31.765%)(1.714m),19.246(24.058%)(0.000m),14.000(35.000%)(0.429m),13.530(33.824%)(0.378m),128.778,2109.868,73.4,1.1983,"[1.716, 2.170, 1.601, 1.872, 2.600, 1.909]","[3.612, 4.052, 3.387, 3.900, 4.638, 3.677]","[-4.791, -2.728, -6.709, -4.406, -2.547, -6.389]"
1383,1,23.0876,13.6293,0.291,667,2119,7,97,0.063,100,21.40,56088,2969.96,5,1,23.000(28.750%)(0.321m),42.000(37.059%)(2.357m),73.000(64.412%)(5.679m),40.000(35.294%)(2.143m),23.989(29.987%)(0.427m),16.000(40.000%)(0.643m),16.936(42.340%)(0.743m),216.532,2250.948,73.5,1.2855,"[1.986, 2.429, 2.023, 2.240, 2.990, 2.285]","[3.792, 4.051, 3.451, 4.168, 4.842, 3.655]","[-4.885, 0.219, -3.666, -4.741, 0.456, -3.617]"
1384,1,25.6557,13.7485,0.321,669,2122,0,79,0.063,100,21.46,56155,2953.40,6,1,24.000(30.000%)(0.429m),40.000(35.294%)(2.143m),62.000(54.706%)(4.500m),40.000(35.294%)(2.143m),24.424(30.530%)(0.474m),20.000(50.000%)(1.071m),17.250(43.126%)(0.777m),205.214,2165.297,73.4,1.2423,"[2.177, 2.571, 2.197, 2.373, 3.025, 2.398]","[3.910, 4.040, 3.612, 4.164, 4.492, 3.636]","[-2.765, -0.500, -3.048, -2.669, -0.440, -2.957]"
1385,1,18.0744,13.6693,0.314,684,2152,86,152,0.063,100,21.52,56224,3026.12,7,1,18.000(22.500%)(0.000m),42.000(37.059%)(2.357m),50.000(44.118%)(3.214m),33.000(29.118%)(1.393m),21.745(27.181%)(0.187m),12.000(30.000%)(0.214m),15.314(38.285%)(0.569m),66.542,2115.700,72.8,1.2396,"[1.503, 2.055, 1.755, 1.680, 2.519, 1.951]","[3.808, 3.797, 3.417, 4.017, 4.266, 3.387]","[-5.153, -2.466, -5.484, -4.527, -2.292, -5.110]"
1386,1,-0.9342,13.6791,0.395,150,441,20,23,0.062,40,21.50,56239,629.56,0,0,24.000(30.000%)(0.429m),34.000(30.000%)(1.500m),32.895(29.025%)(1.382m),17.028(15.025%)(0.000m),10.394(12.992%)(0.000m),24.000(60.000%)(1.500m),10.394(25.984%)(0.042m),108.181,2552.165,68.1,1.3134,"[0.938, 1.578, 1.229, 0.966, 1.857, 1.492]","[3.413, 3.888, 3.166, 3.458, 4.315, 3.386]","[-5.630, -5.567, -6.786, -5.456, -6.169, -6.562]"
1387,1,3.0790,13.7420,0.241,265,817,0,63,0.062,65,21.49,56266,1173.74,0,0,23.000(28.750%)(0.321m),44.000(38.824%)(2.571m),68.000(60.000%)(5.143m),33.000(29.118%)(1.393m),23.000(28.750%)(0.321m),18.000(45.000%)(0.857m),16.420(41.049%)(0.688m),0.000,2126.923,71.3,1.2378,"[1.497, 2.203, 2.114, 1.590, 2.620, 2.425]","[3.403, 3.937, 3.324, 3.482, 4.320, 3.636]","[-4.931, -3.310, -1.471, -4.320, -3.123, -1.640]"
1388,1,22.6109,14.1341,0.312,668,2117,4,90,0.062,100,21.54,56333,2995.70,1,1,24.000(30.000%)(0.429m),38.000(33.530%)(1.929m),55.000(48.530%)(3.750m),48.000(42.353%)(3.000m),23.277(29.097%)(0.351m),20.000(50.000%)(1.071m),16.421(41.052%)(0.688m),175.301,2242.287,73.4,1.2438,"[2.147, 2.519, 2.126, 2.353, 3.042, 2.368]","[3.793, 4.209, 3.521, 4.113, 4.702, 3.688]","[-3.407, -0.830, -1.871, -3.621, -0.395, -1.737]"
1389,1,20.4930,14.5552,0.287,668,2119,0,114,0.062,100,21.60,56400,2894.73,2,1,26.000(32.500%)(0.643m),50.000(44.118%)(3.214m),68.000(60.000%)(5.143m),41.000(36.177%)(2.250m),23.787(29.734%)(0.406m),19.000(47.500%)(0.964m),16.789(41.973%)(0.727m),219.828,2538.853,73.4,1.1613,"[1.899, 2.447, 2.130, 2.099, 2.934, 2.349]","[3.785, 3.880, 3.525, 4.252, 4.442, 3.602]","[-4.371, 1.210, -3.777, -4.416, 1.487, -3.660]"
1390,1,24.1956,15.0109,0.283,678,2141,84,34,0.062,100,21.65,56468,3086.55,3,1,24.000(30.000%)(0.429m),50.000(44.118%)(3.214m),68.000(60.000%)(5.143m),42.756(37.726%)(2.438m),20.274(25.342%)(0.029m),20.000(50.000%)(1.071m),14.284(35.711%)(0.459m),372.902,2331.636,73.1,1.3982,"[1.597, 2.319, 1.851, 1.875, 2.765, 2.117]","[3.826, 4.014, 3.739, 4.010, 4.604, 4.045]","[-5.419, -0.669, -4.956, -5.232, -0.373, -4.881]"
1391,1,21.8073,15.0701,0.325,683,2151,95,108,0.062,100,21.71,56537,2909.64,4,1,23.000(28.750%)(0.321m),44.000(38.824%)(2.571m),66.000(58.235%)(4.929m),43.746(38.599%)(2.544m),20.681(25.851%)(0.073m),16.000(40.000%)(0.643m),14.552(36.379%)(0.488m),313.516,2483.497,72.9,1.1472,"[1.774, 2.401, 1.988, 1.938, 2.907, 2.269]","[3.710, 3.904, 3.470, 3.938, 4.290, 3.726]","[-5.223, -0.816, -1.935, -5.073, -0.389, -1.830]"
1392,1,24.1501,15.3918,0.240,669,2123,65,105,0.062,100,21.77,56604,2942.79,5,1,23.000(28.750%)(0.321m),44.000(38.824%)(2.571m),60.000(52.941%)(4.286m),43.000(37.941%)(2.464m),23.103(28.878%)(0.332m),19.000(47.500%)(0.964m),16.294(40.736%)(0.674m),255.267,2149.861,73.4,1.2266,"[2.075, 2.470, 1.987, 2.369, 2.931, 2.288]","[3.977, 4.057, 3.695, 4.348, 4.391, 3.944]","[-2.976, -0.792, -4.617, -3.216, -0.793, -4.479]"
1393,1,-0.8312,14.9949,0.297,131,368,19,14,0.062,40,21.75,56618,575.99,0,0,48.160(60.201%)(3.017m),87.296(77.026%)(7.210m),40.000(35.294%)(2.143m),22.000(19.412%)(0.214m),22.000(27.500%)(0.214m),40.000(100.000%)(3.214m),40.000(100.000%)(3.214m),0.000,2064.162,65.0,1.2710,"[0.730, 1.415, 1.533, 0.870, 1.497, 1.387]","[3.247, 3.774, 3.342, 3.439, 4.140, 3.336]","[-4.964, -4.059, -3.664, -4.183, -3.743, -4.363]"
1394,1,20.8174,14.9015,0.246,702,2190,27,212,0.061,100,21.81,56689,3142.52,1,1,23.000(28.750%)(0.321m),38.000(33.530%)(1.929m),50.000(44.118%)(3.214m),34.000(30.000%)(1.500m),20.000(25.000%)(0.000m),16.000(40.000%)(0.643m),17.000(42.500%)(0.750m),140.162,2078.760,72.2,1.2510,"[1.324, 1.799, 1.267, 1.547, 2.141, 1.463]","[3.502, 3.760, 3.300, 3.700, 4.096, 3.502]","[-6.615, -2.504, -4.366, -4.768, -3.240, -4.366]"
1395,1,1.0814,14.8566,0.254,205,590,19,47,0.061,50,21.79,56710,917.73,0,0,12.042(15.052%)(0.000m),23.199(20.470%)(0.343m),57.000(50.294%)(3.964m),39.000(34.412%)(2.036m),22.000(27.500%)(0.214m),10.009(25.022%)(0.001m),18.000(45.000%)(0.857m),202.311,2700.700,66.6,1.2189,"[1.901, 1.831, 1.300, 1.944, 2.094, 1.367]","[3.406, 3.754, 3.281, 3.445, 4.067, 3.249]","[-3.826, -4.890, -4.942, -4.074, -4.447, -4.919]"
1396,1,20.7849,15.2627,0.311,665,2115,73,157,0.061,100,21.85,56777,2974.22,1,1,25.000(31.250%)(0.536m),44.000(38.824%)(2.571m),68.000(60.000%)(5.143m),37.000(32.647%)(1.821m),23.184(28.980%)(0.341m),17.000(42.500%)(0.750m),16.353(40.883%)(0.681m),164.064,2180.850,73.6,1.3050,"[1.702, 2.396, 1.933, 1.908, 2.882, 2.172]","[3.804, 3.964, 3.489, 4.040, 4.168, 3.438]","[-3.968, -0.318, -4.630, -4.232, -0.463, -4.482]"
1397,1,23.4383,15.7199,0.312,676,2133,0,90,0.061,100,21.90,56845,2959.62,2,1,26.000(32.500%)(0.643m),49.000(43.235%)(3.107m),74.000(65.294%)(5.786m),34.000(30.000%)(1.500m),22.000(27.500%)(0.214m),21.000(52.500%)(1.179m),18.016(45.039%)(0.859m),104.334,2342.167,73.0,1.2205,"[2.224, 2.522, 2.168, 2.444, 3.066, 2.455]","[4.121, 3.978, 3.324, 4.281, 4.530, 3.361]","[-4.912, -2.978, -0.681, -4.450, -2.828, -0.593]"
1398,1,2.5404,15.3073,0.314,265,817,60,35,0.061,65,21.89,56872,1150.77,0,0,24.000(30.000%)(0.429m),38.000(33.530%)(1.929m),55.000(48.530%)(3.750m),30.000(26.471%)(1.071m),22.000(27.500%)(0.214m),23.000(57.500%)(1.393m),16.264(40.659%)(0.671m),0.000,2066.790,71.3,1.2160,"[1.130, 2.105, 2.202, 1.055, 2.541, 2.346]","[3.351, 3.887, 3.485, 3.387, 4.345, 3.524]","[-5.182, -4.149, -1.610, -4.803, -3.878, -1.943]"
1399,1,21.5101,15.5860,0.270,669,2122,9,130,0.061,100,21.94,56939,3003.26,1,1,23.000(28.750%)(0.321m),39.000(34.412%)(2.036m),57.000(50.294%)(3.964m),36.000(31.765%)(1.714m),23.958(29.947%)(0.424m),16.000(40.000%)(0.643m),16.913(42.282%)(0.741m),108.205,2191.993,73.4,1.3102,"[2.071, 2.306, 1.900, 2.290, 2.790, 2.167]","[3.612, 3.884, 3.328, 3.971, 4.298, 3.333]","[-4.489, -1.453, -5.398, -4.117, -1.079, -5.029]"
1400,1,-1.5643,15.1335,0.280,163,460,15,6,0.061,45,21.93,56956,721.03,0,0,30.000(37.500%)(1.071m),53.000(46.765%)(3.536m),69.000(60.883%)(5.250m),27.711(24.451%)(0.826m),12.896(16.120%)(0.000m),40.000(100.000%)(3.214m),9.680(24.199%)(0.000m),440.024,3192.133,65.3,1.1448,"[0.933, 1.404, 1.431, 1.108, 1.690, 1.581]","[3.450, 3.986, 3.466, 3.647, 4.385, 3.563]","[-5.476, -5.264, -4.200, -5.303, -5.223, -4.416]"
1401,1,22.6442,15.5095,0.267,679,2141,3,91,0.061,100,21.98,57024,3101.59,1,1,22.000(27.500%)(0.214m),36.000(31.765%)(1.714m),57.000(50.294%)(3.964m),41.000(36.177%)(2.250m),23.502(29.378%)(0.375m),20.000(50.000%)(1.071m),16.583(41.458%)(0.705m),122.767,2145.150,73.0,1.3367,"[2.048, 2.341, 1.984, 2.204, 2.795, 2.171]","[3.748, 3.957, 3.552, 4.001, 4.254, 3.734]","[-2.477, -0.476, -1.930, -3.019, -0.183, -1.809]"
1402,1,25.1006,15.5809,0.305,665,2115,0,102,0.061,100,22.04,57091,3156.19,2,1,26.000(32.500%)(0.643m),44.000(38.824%)(2.571m),68.000(60.000%)(5.143m),37.000(32.647%)(1.821m),23.265(29.081%)(0.350m),20.000(50.000%)(1.071m),16.412(41.029%)(0.687m),159.894,2144.179,73.6,1.3281,"[1.755, 2.323, 1.924, 1.928, 2.807, 2.179]","[3.670, 3.928, 3.559, 4.097, 4.168, 3.519]","[-4.098, -0.259, -3.697, -3.724, -0.010, -3.507]"
1403,1,1.0587,15.5948,0.281,274,835,69,30,0.060,65,22.02,57119,1286.40,0,0,26.000(32.500%)(0.643m),39.000(34.412%)(2.036m),36.000(31.765%)(1.714m),26.000(22.941%)(0.643m),19.607(24.509%)(0.000m),26.000(65.000%)(1.714m),13.789(34.472%)(0.406m),0.000,2062.718,70.5,1.3184,"[0.027, 1.361, 1.755, 0.064, 1.648, 1.822]","[3.608, 3.900, 3.443, 3.609, 4.180, 3.616]","[-5.416, -5.389, -2.986, -5.322, -5.618, -3.576]"
1404,1,21.4368,15.6410,0.262,671,2125,28,41,0.060,100,22.08,57187,2958.11,1,1,26.000(32.500%)(0.643m),54.000(47.647%)(3.643m),79.000(69.706%)(6.321m),41.728(36.819%)(2.328m),19.659(24.574%)(0.000m),22.000(55.000%)(1.286m),13.819(34.549%)(0.409m),276.717,2521.443,73.3,1.1598,"[1.995, 2.456, 2.166, 2.200, 2.943, 2.408]","[4.043, 3.840, 3.313, 4.415, 4.191, 3.472]","[-4.338, 0.671, -2.266, -4.560, 1.018, -2.295]"
1405,1,3.0634,15.6465,0.258,288,863,44,21,0.060,65,22.06,57216,1345.66,0,0,31.000(38.750%)(1.179m),50.000(44.118%)(3.214m),36.000(31.765%)(1.714m),26.000(22.941%)(0.643m),20.697(25.871%)(0.075m),25.000(62.500%)(1.607m),14.569(36.423%)(0.490m),0.000,2253.136,69.3,1.6046,"[0.781, 1.646, 1.836, 0.977, 1.993, 1.942]","[3.525, 3.813, 3.402, 3.658, 4.130, 3.473]","[-5.163, -4.201, -1.415, -4.947, -4.190, -2.070]"
1406,1,19.9179,16.0729,0.287,666,2113,59,84,0.060,100,22.12,57283,3051.37,1,1,23.000(28.750%)(0.321m),44.000(38.824%)(2.571m),68.000(60.000%)(5.143m),47.000(41.471%)(2.893m),22.855(28.569%)(0.306m),19.000(47.500%)(0.964m),16.115(40.288%)(0.655m),295.908,2433.295,73.4,1.2022,"[2.031, 2.454, 2.209, 2.199, 2.981, 2.477]","[3.537, 3.886, 3.658, 3.706, 4.473, 3.756]","[-2.645, 1.121, -0.001, -3.062, 1.373, 0.015]"
1407,1,25.7401,16.0858,0.272,678,2138,0,74,0.060,100,22.17,57351,3032.69,2,1,24.000(30.000%)(0.429m),41.000(36.177%)(2.250m),64.000(56.471%)(4.714m),48.000(42.353%)(3.000m),24.318(30.398%)(0.463m),20.000(50.000%)(1.071m),17.174(42.935%)(0.769m),256.587,2248.024,73.0,1.2826,"[1.992, 2.233, 1.802, 2.245, 2.719, 2.047]","[3.800, 3.800, 3.274, 4.118, 4.014, 3.336]","[-2.367, -0.543, -4.095, -2.731, -0.546, -3.974]"
1408,1,17.0619,15.9696,0.282,668,2123,49,168,0.060,100,22.23,57418,3002.72,3,1,24.000(30.000%)(0.429m),38.000(33.530%)(1.929m),55.000(48.530%)(3.750m),31.913(28.159%)(1.276m),14.663(18.329%)(0.000m),19.000(47.500%)(0.964m),10.258(25.646%)(0.028m),175.301,2392.055,73.5,1.2049,"[1.508, 2.017, 1.744, 1.784, 2.436, 2.014]","[3.595, 3.761, 3.305, 3.836, 4.100, 3.438]","[-5.539, -3.544, -1.642, -5.235, -3.340, -1.467]"
1409,1,0.5955,15.5946,0.220,178,534,17,38,0.060,50,22.21,57436,775.46,0,0,24.000(30.000%)(0.429m),38.000(33.530%)(1.929m),55.000(48.530%)(3.750m),24.387(21.518%)(0.470m),12.149(15.186%)(0.000m),19.000(47.500%)(0.964m),9.723(24.309%)(0.000m),175.301,2565.605,69.4,1.2821,"[1.098, 1.680, 1.699, 1.194, 2.004, 1.845]","[3.452, 3.611, 3.154, 3.440, 3.873, 3.311]","[-5.933, -5.775, -4.982, -5.682, -5.615, -5.055]"
1410,1,2.6762,15.2130,0.239,473,1478,18,39,0.060,85,22.20,57484,2090.37,0,0,26.864(33.580%)(0.735m),56.052(49.458%)(3.863m),58.000(51.177%)(4.071m),27.901(24.618%)(0.847m),12.951(16.188%)(0.000m),19.017(47.542%)(0.966m),9.721(24.302%)(0.000m),303.500,2682.888,72.3,1.2884,"[1.700, 1.901, 1.681, 1.929, 2.358, 1.861]","[3.529, 3.691, 3.622, 3.598, 4.020, 3.657]","[-5.218, -5.862, -4.713, -4.920, -5.440, -4.615]"
1411,1,-0.2549,14.8175,0.346,127,361,19,15,0.059,35,22.18,57497,579.22,0,0,42.546(53.183%)(2.416m),74.624(65.845%)(5.853m),40.000(35.294%)(2.143m),29.000(25.588%)(0.964m),22.000(27.500%)(0.214m),39.052(97.630%)(3.113m),40.000(100.000%)(3.214m),0.000,2121.229,65.7,1.2511,"[1.788, 1.944, 1.953, 1.672, 2.041, 1.918]","[3.576, 3.794, 3.318, 3.441, 4.033, 3.367]","[-2.061, -1.073, -1.595, -2.552, -1.307, -2.057]"
1412,1,20.2228,14.7446,0.231,668,2121,115,148,0.059,100,22.24,57564,3030.80,1,1,16.000(20.000%)(0.000m),38.000(33.530%)(1.929m),55.000(48.530%)(3.750m),38.000(33.530%)(1.929m),22.723(28.404%)(0.292m),12.000(30.000%)(0.214m),16.020(40.049%)(0.645m),156.335,2166.783,73.5,1.2780,"[1.738, 2.229, 1.937, 2.015, 2.698, 2.165]","[3.811, 4.034, 3.945, 4.183, 4.685, 4.048]","[-4.214, -3.281, -4.744, -4.186, -3.123, -4.664]"
1413,1,18.9680,15.1211,0.257,666,2116,68,196,0.059,100,22.29,57631,2958.83,2,1,24.000(30.000%)(0.429m),38.000(33.530%)(1.929m),55.000(48.530%)(3.750m),38.000(33.530%)(1.929m),23.155(28.943%)(0.338m),17.000(42.500%)(0.750m),16.332(40.830%)(0.678m),176.118,2245.357,73.5,1.1803,"[1.742, 2.313, 1.908, 2.043, 2.782, 2.245]","[3.676, 3.982, 3.349, 3.885, 4.217, 3.564]","[-5.577, -0.995, -3.245, -5.391, -0.836, -3.028]"
1414,1,15.5795,15.0731,0.271,670,2126,124,167,0.059,100,22.35,57698,2897.79,3,1,16.000(20.000%)(0.000m),38.000(33.530%)(1.929m),55.000(48.530%)(3.750m),32.312(28.510%)(1.319m),14.882(18.602%)(0.000m),11.000(27.500%)(0.107m),10.414(26.036%)(0.044m),175.301,2308.302,73.4,1.2061,"[1.513, 1.931, 1.567, 1.765, 2.428, 1.865]","[3.257, 3.793, 3.498, 3.625, 4.292, 3.603]","[-5.855, -4.726, -4.689, -5.653, -4.443, -4.378]"
1415,1,17.7414,15.0063,0.298,668,2121,60,153,0.059,100,22.40,57765,2886.66,4,1,24.000(30.000%)(0.429m),38.000(33.530%)(1.929m),55.000(48.530%)(3.750m),37.000(32.647%)(1.821m),23.029(28.786%)(0.324m),14.000(35.000%)(0.429m),16.241(40.602%)(0.669m),168.289,2252.852,73.5,1.1823,"[1.943, 2.159, 1.720, 2.164, 2.675, 1.998]","[4.377, 3.885, 3.587, 4.574, 4.345, 3.774]","[-3.400, -0.585, -3.637, -3.125, -1.105, -3.484]"
1416,1,26.0036,15.0815,0.275,666,2116,66,6,0.059,100,22.46,57832,3011.80,5,1,31.000(38.750%)(1.179m),57.000(50.294%)(3.964m),62.000(54.706%)(4.500m),41.987(37.047%)(2.356m),19.790(24.738%)(0.000m),23.000(57.500%)(1.393m),13.913(34.784%)(0.419m),279.798,2365.976,73.5,1.2798,"[1.829, 2.401, 2.058, 1.991, 2.901, 2.295]","[3.820, 3.882, 3.354, 4.142, 4.463, 3.644]","[-4.012, -0.079, -1.052, -4.091, 0.001, -0.833]"
1417,1,27.3052,15.4508,0.274,671,2125,0,34,0.059,100,22.51,57900,2986.07,6,1,28.000(35.000%)(0.857m),40.000(35.294%)(2.143m),66.000(58.235%)(4.929m),47.000(41.471%)(2.893m),24.274(30.343%)(0.458m),22.000(55.000%)(1.286m),17.142(42.855%)(0.765m),234.546,2306.694,73.3,1.2554,"[1.794, 2.274, 1.805, 1.999, 2.694, 2.054]","[3.390, 3.894, 3.600, 3.604, 4.136, 3.787]","[-3.657, -0.127, -1.500, -3.866, -0.023, -1.358]"
1418,1,24.3478,15.6111,0.210,667,2119,25,113,0.059,100,22.57,57967,2878.35,7,1,16.000(20.000%)(0.000m),42.000(37.059%)(2.357m),68.000(60.000%)(5.143m),37.000(32.647%)(1.821m),23.310(29.138%)(0.355m),11.000(27.500%)(0.107m),16.444(41.111%)(0.690m),161.586,2143.982,73.5,1.1314,"[1.535, 2.117, 1.764, 1.765, 2.636, 2.037]","[3.633, 3.604, 3.110, 3.945, 4.200, 3.250]","[-4.930, -3.937, -6.089, -4.827, -3.813, -6.556]"
1419,1,21.1417,15.5952,0.277,678,2141,53,92,0.058,100,22.62,58035,3075.80,8,1,26.000(32.500%)(0.643m),54.000(47.647%)(3.643m),46.000(40.588%)(2.786m),33.000(29.118%)(1.393m),19.097(23.872%)(0.000m),20.000(50.000%)(1.071m),13.417(33.542%)(0.366m),120.397,2302.343,73.1,1.2224,"[1.527, 2.035, 1.952, 1.717, 2.549, 2.141]","[4.004, 3.926, 3.766, 4.425, 4.389, 3.909]","[-5.177, -3.811, -3.290, -5.210, -4.201, -3.419]"
1420,1,22.3304,15.9920,0.230,667,2118,13,127,0.058,100,22.68,58102,2986.53,9,1,23.000(28.750%)(0.321m),45.000(39.706%)(2.679m),70.000(61.765%)(5.357m),33.000(29.118%)(1.393m),23.000(28.750%)(0.321m),13.000(32.500%)(0.321m),16.901(42.252%)(0.739m),84.640,2178.540,73.5,1.2467,"[1.972, 2.349, 1.913, 2.235, 2.803, 2.161]","[3.727, 3.761, 3.424, 4.162, 4.390, 3.461]","[-4.743, -2.439, -2.532, -4.101, -2.421, -2.653]"
1421,1,23.3993,16.4207,0.271,670,2121,47,77,0.058,100,22.73,58169,3066.29,10,1,22.000(27.500%)(0.214m),36.000(31.765%)(1.714m),52.000(45.882%)(3.429m),34.978(30.863%)(1.605m),16.256(20.320%)(0.000m),20.000(50.000%)(1.071m),11.390(28.474%)(0.149m),132.967,2251.931,73.3,1.2858,"[1.907, 2.317, 2.058, 2.156, 2.847, 2.385]","[3.995, 3.837, 3.415, 4.295, 4.481, 3.649]","[-5.280, -3.025, -1.269, -5.160, -2.930, -1.025]"
1422,1,0.5415,16.3364,0.307,270,827,92,37,0.058,65,22.71,58196,1218.35,0,0,24.000(30.000%)(0.429m),38.000(33.530%)(1.929m),36.000(31.765%)(1.714m),25.000(22.059%)(0.536m),18.881(23.602%)(0.000m),23.000(57.500%)(1.393m),13.262(33.155%)(0.349m),0.000,2035.228,70.9,1.3004,"[0.044, 1.487, 1.758, 0.126, 1.816, 1.908]","[3.319, 3.624, 3.190, 3.402, 3.961, 3.492]","[-5.417, -5.421, -2.763, -5.129, -5.271, -3.169]"
1423,1,3.3383,15.9978,0.318,496,1476,73,41,0.058,85,22.70,58246,2217.14,0,0,15.984(19.981%)(0.000m),33.603(29.650%)(1.457m),54.000(47.647%)(3.643m),23.332(20.587%)(0.357m),11.951(14.939%)(0.000m),11.239(28.097%)(0.133m),9.810(24.524%)(0.000m),419.487,3353.118,68.8,1.4352,"[1.442, 1.058, 0.827, 1.644, 1.476, 0.940]","[3.975, 3.976, 3.516, 4.198, 4.595, 3.524]","[-5.643, -6.581, -5.947, -5.120, -7.173, -6.069]"
1424,1,21.1079,16.0532,0.289,665,2113,89,154,0.058,100,22.75,58313,3003.08,1,1,23.000(28.750%)(0.321m),38.000(33.530%)(1.929m),55.000(48.530%)(3.750m),44.000(38.824%)(2.571m),22.929(28.661%)(0.314m),17.000(42.500%)(0.750m),16.167(40.418%)(0.661m),175.301,2125.151,73.5,1.2863,"[2.034, 2.381, 2.002, 2.276, 2.902, 2.209]","[3.924, 3.946, 3.402, 4.323, 4.714, 3.437]","[-3.287, -0.839, -2.121, -3.338, -0.973, -2.279]"
1425,1,20.2794,15.9386,0.259,666,2116,40,50,0.058,100,22.81,58380,2972.40,2,1,24.000(30.000%)(0.429m),34.000(30.000%)(1.500m),53.000(46.765%)(3.536m),36.000(31.765%)(1.714m),19.384(24.230%)(0.000m),23.000(57.500%)(1.393m),13.622(34.055%)(0.388m),108.181,2119.990,73.5,1.2894,"[1.574, 2.298, 2.182, 1.792, 2.746, 2.425]","[3.889, 4.084, 3.777, 4.324, 4.673, 4.067]","[-5.305, -1.318, -3.261, -5.507, -1.311, -2.690]"
1426,1,23.3971,16.0349,0.306,678,2140,77,16,0.058,100,22.86,58448,3003.33,3,1,29.000(36.250%)(0.964m),44.000(38.824%)(2.571m),58.000(51.177%)(4.071m),42.031(37.086%)(2.360m),19.955(24.943%)(0.000m),23.000(57.500%)(1.393m),14.031(35.078%)(0.432m),294.187,2403.881,73.0,1.3106,"[1.619, 2.454, 2.201, 1.879, 2.913, 2.469]","[3.706, 3.874, 3.867, 4.028, 4.399, 4.041]","[-5.156, 0.476, -3.119, -5.255, 0.381, -3.092]"
1427,1,19.3852,15.9478,0.279,666,2116,100,191,0.058,100,22.92,58515,2941.53,4,1,24.000(30.000%)(0.429m),38.000(33.530%)(1.929m),55.000(48.530%)(3.750m),37.000(32.647%)(1.821m),22.787(28.484%)(0.299m),19.000(47.500%)(0.964m),16.066(40.165%)(0.650m),167.502,2137.705,73.5,1.1920,"[1.921, 2.318, 2.087, 2.078, 2.819, 2.261]","[3.729, 3.708, 3.262, 4.133, 4.416, 3.423]","[-3.858, -0.355, -2.116, -3.758, -0.558, -1.963]"
1428,1,-0.0126,15.9038,0.269,179,529,15,42,0.057,50,22.90,58533,790.96,0,0,21.000(26.250%)(0.107m),36.000(31.765%)(1.714m),33.971(29.974%)(1.497m),17.273(15.241%)(0.000m),10.448(13.060%)(0.000m),18.000(45.000%)(0.857m),10.321(25.802%)(0.034m),118.482,2702.062,68.4,1.1176,"[1.396, 1.926, 1.819, 1.499, 2.178, 2.007]","[3.140, 3.927, 3.605, 3.273, 4.146, 3.770]","[-5.502, -5.846, -6.522, -5.436, -6.090, -5.841]"
1429,1,27.0478,16.0710,0.255,676,2134,0,54,0.057,100,22.95,58601,3123.30,1,1,24.000(30.000%)(0.429m),41.000(36.177%)(2.250m),62.000(54.706%)(4.500m),40.000(35.294%)(2.143m),23.675(29.593%)(0.394m),20.000(50.000%)(1.071m),16.708(41.770%)(0.719m),225.715,2276.145,73.1,1.3083,"[1.958, 2.304, 1.975, 2.155, 2.822, 2.260]","[3.635, 3.807, 3.638, 4.119, 4.278, 4.083]","[-2.552, 0.079, -1.167, -2.914, -0.046, -0.944]"
1430,1,2.1588,15.6260,0.215,275,836,14,55,0.057,65,22.94,58629,1180.04,0,0,23.000(28.750%)(0.321m),44.000(38.824%)(2.571m),44.000(38.824%)(2.571m),25.000(22.059%)(0.536m),22.000(27.500%)(0.214m),19.000(47.500%)(0.964m),16.422(41.054%)(0.688m),0.000,2069.066,70.3,1.2204,"[0.934, 1.574, 1.871, 1.059, 1.957, 1.939]","[3.181, 3.797, 3.419, 3.386, 4.011, 3.391]","[-5.051, -5.068, -2.239, -4.681, -5.014, -3.021]"
1431,1,0.9190,15.1989,0.291,275,836,66,47,0.057,65,22.92,58657,1177.14,0,0,21.000(26.250%)(0.107m),33.000(29.118%)(1.393m),48.000(42.353%)(3.000m),28.000(24.706%)(0.857m),21.400(26.751%)(0.150m),21.000(52.500%)(1.179m),15.067(37.669%)(0.543m),0.000,2017.175,70.4,1.1881,"[0.903, 1.695, 1.809, 0.997, 2.001, 1.927]","[3.401, 3.836, 3.568, 3.579, 4.226, 3.542]","[-5.663, -3.466, -2.192, -4.090, -3.087, -1.991]"
1432,1,21.1440,15.3077,0.332,686,2156,107,151,0.057,100,22.97,58726,3023.64,1,1,21.000(26.250%)(0.107m),44.000(38.824%)(2.571m),48.000(42.353%)(3.000m),32.000(28.235%)(1.286m),20.746(25.933%)(0.080m),15.000(37.500%)(0.536m),14.616(36.541%)(0.495m),43.717,2086.374,72.7,1.2429,"[1.675, 2.204, 1.947, 1.883, 2.681, 2.171]","[3.615, 3.937, 3.579, 4.078, 4.620, 3.921]","[-4.750, -1.820, -3.464, -4.638, -1.791, -3.323]"
1433,1,19.7412,15.2407,0.293,666,2116,4,133,0.057,100,23.03,58793,2950.57,2,1,24.000(30.000%)(0.429m),34.000(30.000%)(1.500m),55.000(48.530%)(3.750m),38.000(33.530%)(1.929m),23.526(29.408%)(0.378m),20.000(50.000%)(1.071m),16.601(41.502%)(0.707m),108.181,2248.573,73.5,1.2123,"[1.790, 2.231, 1.946, 1.995, 2.719, 2.190]","[3.505, 3.658, 3.643, 3.928, 4.251, 3.794]","[-3.353, -1.063, -4.614, -3.695, -1.758, -4.556]"
1434,1,-0.7054,14.7135,0.315,127,360,12,14,0.057,35,23.01,58806,580.27,0,0,24.000(30.000%)(0.429m),31.000(27.353%)(1.179m),46.000(40.588%)(2.786m),84.615(74.661%)(6.923m),45.357(56.696%)(2.717m),40.000(100.000%)(3.214m),36.763(91.907%)(2.867m),19.070,2160.148,65.6,1.1595,"[2.100, 1.610, 1.303, 2.116, 1.845, 1.111]","[3.399, 3.505, 3.149, 3.433, 3.868, 3.068]","[0.366, -1.507, -2.163, -0.069, -1.915, -2.420]"
1435,1,16.8384,14.6888,0.324,686,2156,103,168,0.057,100,23.07,58875,3127.75,1,1,16.101(20.126%)(0.000m),34.589(30.520%)(1.563m),56.000(49.412%)(3.857m),37.000(32.647%)(1.821m),22.897(28.621%)(0.310m),11.282(28.206%)(0.137m),16.146(40.364%)(0.658m),161.090,2235.390,72.7,1.2908,"[1.684, 1.821, 1.145, 1.878, 2.236, 1.324]","[3.319, 3.714, 3.398, 3.690, 4.171, 3.420]","[-4.015, -4.693, -6.001, -3.851, -4.494, -6.356]"
1436,1,23.9343,15.1862,0.254,670,2123,45,82,0.057,100,23.12,58942,3074.69,2,1,27.000(33.750%)(0.750m),50.000(44.118%)(3.214m),62.000(54.706%)(4.500m),38.000(33.530%)(1.929m),23.084(28.855%)(0.330m),20.000(50.000%)(1.071m),16.281(40.702%)(0.673m),177.446,2281.858,73.3,1.2987,"[1.912, 2.421, 2.028, 2.219, 2.933, 2.277]","[3.687, 3.893, 3.362, 4.060, 4.213, 3.412]","[-3.248, -0.611, -3.863, -3.159, -0.356, -3.917]"
1437,1,21.8988,15.5625,0.298,676,2135,22,109,0.056,100,23.17,59010,3046.98,3,1,25.000(31.250%)(0.536m),43.000(37.941%)(2.464m),61.000(53.824%)(4.393m),43.000(37.941%)(2.464m),20.719(25.899%)(0.077m),17.000(42.500%)(0.750m),14.579(36.447%)(0.491m),247.296,2237.484,73.1,1.3944,"[1.785, 2.379, 2.150, 2.101, 2.866, 2.370]","[4.143, 3.911, 3.909, 4.461, 4.507, 3.890]","[-4.723, -0.143, -3.593, -4.730, -0.080, -3.493]"
1438,1,24.1279,15.5929,0.308,665,2113,0,30,0.056,100,23.23,59077,2935.10,4,1,26.000(32.500%)(0.643m),44.000(38.824%)(2.571m),68.000(60.000%)(5.143m),49.308(43.508%)(3.140m),23.484(29.354%)(0.373m),22.000(55.000%)(1.286m),16.569(41.424%)(0.704m),295.908,2284.324,73.5,1.2111,"[2.076, 2.590, 2.346, 2.369, 3.128, 2.535]","[3.855, 3.912, 3.775, 4.165, 4.446, 3.679]","[-4.526, 0.872, -0.373, -4.288, 1.273, -0.543]"
1439,1,23.3769,15.6506,0.293,666,2116,0,62,0.056,100,23.28,59144,2949.81,5,1,26.000(32.500%)(0.643m),54.000(47.647%)(3.643m),78.000(68.824%)(6.214m),48.580(42.865%)(3.062m),23.533(29.417%)(0.379m),22.000(55.000%)(1.286m),16.606(41.515%)(0.708m),524.822,2534.557,73.5,1.2495,"[2.018, 2.576, 2.193, 2.358, 3.034, 2.406]","[3.619, 3.771, 3.629, 3.976, 4.132, 3.933]","[-5.649, 1.216, -1.252, -5.253, 1.685, -1.387]"
1440,1,2.9151,15.2250,0.359,292,901,5,45,0.056,65,23.26,59174,1237.83,0,0,12.000(15.000%)(0.000m),22.000(19.412%)(0.214m),55.000(48.530%)(3.750m),46.000(40.588%)(2.786m),23.610(29.513%)(0.387m),11.000(27.500%)(0.107m),16.662(41.654%)(0.714m),108.181,2320.425,71.4,1.1996,"[1.029, 1.534, 1.315, 1.168, 1.864, 1.462]","[3.389, 3.770, 3.290, 3.481, 4.112, 3.321]","[-5.658, -5.865, -6.153, -5.292, -6.265, -6.370]"
1441,1,21.3928,15.2167,0.214,667,2118,4,102,0.056,100,23.32,59241,2886.13,1,1,24.000(30.000%)(0.429m),38.000(33.530%)(1.929m),55.000(48.530%)(3.750m),45.000(39.706%)(2.679m),23.471(29.339%)(0.372m),18.000(45.000%)(0.857m),16.561(41.402%)(0.703m),175.301,2207.942,73.5,1.1808,"[2.057, 2.418, 2.146, 2.360, 2.908, 2.385]","[4.087, 3.989, 3.517, 4.565, 4.546, 3.877]","[-2.820, 0.024, -0.630, -2.935, -0.355, -0.668]"
1442,1,23.5819,15.2053,0.271,688,2160,11,85,0.056,100,23.37,59310,3002.80,2,1,27.000(33.750%)(0.750m),37.000(32.647%)(1.821m),50.000(44.118%)(3.214m),44.000(38.824%)(2.571m),24.493(30.617%)(0.481m),21.000(52.500%)(1.179m),17.300(43.251%)(0.782m),210.086,2345.329,72.7,1.1545,"[1.833, 2.386, 1.971, 2.040, 2.826, 2.239]","[3.693, 4.050, 3.413, 4.115, 4.336, 3.621]","[-3.865, -3.193, -4.092, -3.956, -4.260, -4.396]"
1443,1,23.3336,15.6886,0.274,664,2111,54,98,0.056,100,23.42,59377,2883.62,3,1,25.000(31.250%)(0.536m),44.000(38.824%)(2.571m),68.000(60.000%)(5.143m),40.753(35.959%)(2.224m),19.166(23.957%)(0.000m),17.000(42.500%)(0.750m),13.466(33.664%)(0.371m),272.468,2173.378,73.6,1.1910,"[2.035, 2.548, 2.079, 2.258, 3.095, 2.384]","[3.964, 3.866, 3.268, 4.351, 4.458, 3.421]","[-5.020, 0.806, -1.497, -5.058, 1.013, -1.383]"
1444,1,22.3983,15.7202,0.267,664,2108,10,109,0.056,100,23.48,59444,3128.14,4,1,23.000(28.750%)(0.321m),44.000(38.824%)(2.571m),68.000(60.000%)(5.143m),48.900(43.147%)(3.096m),23.279(29.098%)(0.351m),15.000(37.500%)(0.536m),16.422(41.054%)(0.688m),295.908,2374.896,73.5,1.2489,"[2.258, 2.545, 2.158, 2.616, 3.127, 2.447]","[4.050, 4.189, 3.724, 4.585, 4.789, 4.048]","[-3.609, 0.636, -1.236, -3.847, 1.036, -0.563]"
1445,1,3.5960,15.7705,0.305,271,829,4,26,0.056,65,23.46,59472,1178.61,0,0,27.000(33.750%)(0.750m),38.000(33.530%)(1.929m),55.000(48.530%)(3.750m),33.000(29.118%)(1.393m),23.000(28.750%)(0.321m),26.000(65.000%)(1.714m),16.838(42.095%)(0.733m),21.121,2164.715,70.8,1.2432,"[0.879, 2.014, 2.190, 0.957, 2.312, 2.280]","[3.132, 3.835, 3.517, 3.308, 4.039, 3.530]","[-4.756, -3.295, -1.704, -4.740, -2.831, -1.441]"
1446,1,24.1612,15.8380,0.283,666,2116,104,42,0.055,100,23.51,59539,2942.61,1,1,26.000(32.500%)(0.643m),51.000(45.000%)(3.321m),59.000(52.059%)(4.179m),41.677(36.774%)(2.323m),19.634(24.542%)(0.000m),22.000(55.000%)(1.286m),13.801(34.503%)(0.407m),210.991,2241.226,73.5,1.2565,"[1.668, 2.309, 1.977, 1.861, 2.796, 2.167]","[3.916, 3.775, 3.155, 4.379, 4.325, 3.260]","[-4.478, -0.453, -3.046, -4.634, -0.298, -3.033]"
1447,1,2.9514,15.4283,0.202,293,904,1,46,0.055,65,23.50,59569,1297.54,0,0,11.000(13.750%)(0.000m),17.000(15.000%)(0.000m),68.000(60.000%)(5.143m),39.000(34.412%)(2.036m),23.310(29.138%)(0.355m),12.000(30.000%)(0.214m),16.444(41.111%)(0.690m),197.400,2350.769,71.4,1.2296,"[1.356, 1.842, 1.587, 1.446, 2.238, 1.837]","[3.280, 3.696, 3.209, 3.334, 4.086, 3.503]","[-5.856, -5.499, -5.322, -5.971, -5.001, -5.539]"
1448,1,17.2579,15.7226,0.278,669,2122,93,176,0.055,100,23.55,59636,3044.58,1,1,21.251(26.563%)(0.134m),44.872(39.593%)(2.665m),69.000(60.883%)(5.250m),32.000(28.235%)(1.286m),22.000(27.500%)(0.214m),14.960(37.400%)(0.531m),15.645(39.113%)(0.605m),73.432,2279.309,73.4,1.1826,"[1.379, 2.070, 1.869, 1.760, 2.512, 2.059]","[3.336, 3.910, 3.591, 3.574, 4.261, 3.672]","[-7.513, -2.906, -3.372, -4.426, -2.306, -3.705]"
1449,1,23.3393,15.7592,0.252,675,2133,27,113,0.055,100,23.60,59704,2941.61,2,1,26.000(32.500%)(0.643m),41.000(36.177%)(2.250m),61.000(53.824%)(4.393m),42.132(37.175%)(2.371m),19.863(24.829%)(0.000m),19.000(47.500%)(0.964m),13.966(34.915%)(0.425m),264.361,2164.028,73.1,1.1646,"[1.865, 2.322, 1.906, 2.044, 2.775, 2.219]","[3.727, 3.739, 3.389, 4.083, 3.981, 3.741]","[-4.673, 0.289, -3.278, -5.027, 0.821, -3.050]"
1450,1,21.9123,16.2288,0.311,666,2116,64,91,0.055,100,23.66,59771,2933.37,3,1,26.000(32.500%)(0.643m),44.000(38.824%)(2.571m),61.000(53.824%)(4.393m),38.000(33.530%)(1.929m),23.167(28.959%)(0.339m),20.000(50.000%)(1.071m),16.341(40.853%)(0.679m),188.704,2228.279,73.5,1.1992,"[1.785, 2.340, 2.111, 2.014, 2.821, 2.347]","[3.947, 3.851, 3.617, 4.222, 4.434, 3.982]","[-4.729, -0.350, -3.104, -4.811, -0.005, -3.221]"
1451,1,5.5875,15.8876,0.274,432,1357,17,95,0.055,80,23.64,59815,1939.60,0,0,26.000(32.500%)(0.643m),44.000(38.824%)(2.571m),56.405(49.769%)(3.901m),21.694(19.142%)(0.181m),11.691(14.614%)(0.000m),20.000(50.000%)(1.071m),10.089(25.221%)(0.009m),164.064,2286.653,72.7,1.3688,"[1.577, 2.091, 1.861, 1.826, 2.607, 2.064]","[3.874, 3.756, 3.264, 4.409, 4.353, 3.308]","[-5.304, -5.582, -5.171, -5.573, -5.352, -4.631]"
1452,1,22.2825,15.8313,0.295,667,2118,51,104,0.055,100,23.69,59882,3016.07,1,1,26.000(32.500%)(0.643m),43.000(37.941%)(2.464m),63.000(55.588%)(4.607m),42.000(37.059%)(2.357m),19.993(24.992%)(0.000m),21.000(52.500%)(1.179m),14.060(35.150%)(0.435m),273.847,2265.161,73.5,1.2501,"[1.987, 2.469, 2.078, 2.183, 2.959, 2.281]","[4.159, 3.734, 3.381, 4.542, 4.315, 3.440]","[-5.093, -0.663, -2.046, -5.026, -0.201, -1.577]"
1453,1,19.8049,16.2062,0.260,666,2116,120,157,0.055,100,23.74,59949,2954.01,2,1,24.000(30.000%)(0.429m),38.000(33.530%)(1.929m),55.000(48.530%)(3.750m),37.000(32.647%)(1.821m),22.758(28.448%)(0.296m),19.000(47.500%)(0.964m),16.045(40.112%)(0.648m),168.289,2229.159,73.5,1.3105,"[1.886, 2.522, 2.179, 2.178, 3.018, 2.410]","[4.046, 4.060, 3.670, 4.462, 4.444, 3.965]","[-4.006, -0.022, -2.727, -3.828, 0.310, -2.731]"
1454,1,21.3096,16.2036,0.258,667,2118,102,114,0.055,100,23.80,60000,2952.91,3,1,24.000(30.000%)(0.429m),38.000(33.530%)(1.929m),55.000(48.530%)(3.750m),37.000(32.647%)(1.821m),18.823(23.528%)(0.000m),19.000(47.500%)(0.964m),13.226(33.066%)(0.346m),168.289,2149.013,73.5,1.1992,"[1.594, 2.469, 2.201, 1.813, 2.917, 2.469]","[3.889, 3.891, 3.658, 4.069, 4.404, 3.813]","[-4.470, 0.121, -1.381, -4.689, -0.050, -1.013]"
1455,1,25.0546,16.6435,0.259,666,2116,0,94,0.054,100,23.85,60000,2962.52,4,1,24.000(30.000%)(0.429m),44.000(38.824%)(2.571m),61.000(53.824%)(4.393m),44.000(38.824%)(2.571m),23.310(29.138%)(0.355m),17.000(42.500%)(0.750m),16.443(41.108%)(0.690m),270.554,2219.919,73.5,1.1528,"[2.035, 2.420, 2.061, 2.255, 2.920, 2.246]","[3.741, 3.958, 3.588, 4.086, 4.331, 3.510]","[-2.931, -0.588, -2.440, -3.383, -0.167, -2.369]"
1456,1,20.6491,16.6581,0.286,668,2119,58,123,0.054,100,23.90,60000,2920.43,5,1,26.000(32.500%)(0.643m),44.000(38.824%)(2.571m),68.000(60.000%)(5.143m),40.000(35.294%)(2.143m),22.902(28.628%)(0.311m),20.000(50.000%)(1.071m),16.149(40.373%)(0.659m),221.380,2243.345,73.4,1.2597,"[1.843, 2.264, 1.878, 2.121, 2.792, 2.163]","[3.879, 3.960, 3.527, 4.176, 4.560, 3.864]","[-3.626, -1.057, -4.796, -3.872, -1.434, -4.746]"
1457,1,18.9682,16.5227,0.313,682,2150,105,143,0.054,100,23.95,60000,3038.64,6,1,24.000(30.000%)(0.429m),34.000(30.000%)(1.500m),55.000(48.530%)(3.750m),34.433(30.382%)(1.546m),16.190(20.237%)(0.000m),17.000(42.500%)(0.750m),11.361(28.402%)(0.146m),108.181,2277.971,73.0,1.2515,"[1.429, 2.070, 1.890, 1.711, 2.535, 2.186]","[3.883, 3.937, 3.624, 4.257, 4.282, 3.787]","[-5.800, -5.080, -4.587, -5.342, -4.927, -4.213]"
1458,1,6.7580,16.3166,0.265,436,1372,14,85,0.054,85,23.94,60000,1944.97,0,0,26.000(32.500%)(0.643m),44.000(38.824%)(2.571m),33.061(29.172%)(1.399m),17.114(15.100%)(0.000m),10.446(13.057%)(0.000m),20.000(50.000%)(1.071m),10.446(26.115%)(0.048m),295.908,2432.398,72.8,1.2219,"[1.732, 2.238, 2.067, 1.980, 2.754, 2.285]","[4.206, 3.904, 3.554, 4.228, 4.283, 3.603]","[-5.701, -5.702, -6.339, -5.367, -5.041, -5.728]"
1459,1,25.1335,16.8073,0.267,665,2111,26,50,0.054,100,23.99,60000,2985.55,1,1,26.000(32.500%)(0.643m),41.000(36.177%)(2.250m),72.000(63.530%)(5.571m),41.919(36.987%)(2.348m),19.804(24.755%)(0.000m),21.000(52.500%)(1.179m),13.929(34.823%)(0.421m),235.558,2413.673,73.5,1.2095,"[2.118, 2.600, 2.287, 2.436, 3.159, 2.528]","[3.797, 4.119, 3.633, 4.180, 4.596, 3.892]","[-4.218, 0.243, -2.050, -4.488, 0.864, -2.173]"
1460,1,25.2655,17.2591,0.272,668,2119,0,44,0.054,100,24.04,60000,2861.11,2,1,26.000(32.500%)(0.643m),44.000(38.824%)(2.571m),68.000(60.000%)(5.143m),40.000(35.294%)(2.143m),23.308(29.135%)(0.354m),22.000(55.000%)(1.286m),16.443(41.106%)(0.690m),181.984,2301.364,73.4,1.2103,"[1.867, 2.468, 2.185, 2.094, 2.967, 2.404]","[3.651, 3.959, 3.666, 3.899, 4.473, 3.688]","[-4.717, 0.643, -0.560, -4.765, 0.893, -0.321]"
1461,1,3.3796,17.3318,0.286,266,819,3,9,0.054,65,24.02,60000,1166.28,0,0,23.000(28.750%)(0.321m),19.000(16.765%)(0.000m),37.000(32.647%)(1.821m),47.000(41.471%)(2.893m),32.000(40.000%)(1.286m),18.023(45.057%)(0.860m),26.000(65.000%)(1.714m),0.000,2166.230,71.2,1.2682,"[1.967, 1.917, 1.057, 2.125, 2.340, 1.192]","[3.162, 3.705, 3.167, 3.283, 3.965, 3.229]","[-4.489, -4.127, -4.464, -5.505, -4.401, -4.739]"
1462,1,-0.4578,16.9182,0.149,130,366,19,17,0.054,35,24.01,60000,577.36,0,0,42.244(52.805%)(2.383m),75.943(67.009%)(5.994m),40.000(35.294%)(2.143m),30.000(26.471%)(1.071m),23.000(28.750%)(0.321m),37.367(93.418%)(2.932m),40.000(100.000%)(3.214m),43.710,2159.364,65.2,1.1505,"[1.379, 1.556, 1.766, 1.429, 1.702, 1.709]","[3.279, 3.643, 3.463, 3.415, 3.909, 3.502]","[-3.852, -2.527, -2.127, -4.008, -3.004, -2.410]"
1463,1,19.5853,16.9306,0.281,669,2122,53,125,0.054,100,24.06,60000,3042.99,1,1,24.000(30.000%)(0.429m),50.000(44.118%)(3.214m),68.000(60.000%)(5.143m),34.000(30.000%)(1.500m),23.206(29.008%)(0.344m),17.000(42.500%)(0.750m),16.369(40.923%)(0.682m),82.700,2219.651,73.4,1.4489,"[1.789, 2.234, 1.928, 2.030, 2.755, 2.235]","[4.286, 3.781, 3.524, 4.635, 4.435, 3.604]","[-4.370, -2.596, -3.759, -4.037, -2.322, -3.201]"
1464,1,25.2087,17.1231,0.285,665,2115,1,102,0.053,100,24.11,60000,2971.60,2,1,25.000(31.250%)(0.536m),37.000(32.647%)(1.821m),59.000(52.059%)(4.179m),37.000(32.647%)(1.821m),23.250(29.062%)(0.348m),17.000(42.500%)(0.750m),16.401(41.001%)(0.686m),167.945,2144.812,73.6,1.2469,"[1.724, 2.263, 1.825, 1.935, 2.715, 2.037]","[3.659, 3.915, 3.350, 4.010, 4.399, 3.339]","[-4.122, -1.114, -4.683, -4.275, -0.808, -4.520]"
1465,1,23.1456,17.2312,0.251,666,2116,65,104,0.053,100,24.16,60000,2963.72,3,1,26.000(32.500%)(0.643m),44.000(38.824%)(2.571m),68.000(60.000%)(5.143m),39.000(34.412%)(2.036m),23.116(28.895%)(0.334m),20.000(50.000%)(1.071m),16.304(40.760%)(0.675m),197.436,2189.890,73.5,1.3951,"[1.902, 2.515, 2.115, 2.239, 2.972, 2.270]","[4.331, 3.984, 3.347, 4.616, 4.377, 3.435]","[-3.684, 0.404, -3.683, -3.468, 0.029, -3.743]"
1466,1,21.8454,17.1481,0.291,666,2117,65,124,0.053,100,24.22,60000,3004.58,4,1,28.000(35.000%)(0.857m),44.000(38.824%)(2.571m),68.000(60.000%)(5.143m),38.000(33.530%)(1.929m),23.121(28.901%)(0.334m),20.000(50.000%)(1.071m),16.308(40.769%)(0.676m),172.742,2272.598,73.5,1.3021,"[1.772, 2.344, 2.035, 2.027, 2.857, 2.291]","[3.489, 3.843, 3.684, 3.861, 4.191, 3.683]","[-4.353, -0.108, -4.625, -4.309, -0.566, -4.695]"
1467,1,18.7941,16.9778,0.256,668,2123,144,179,0.053,100,24.27,60000,2975.46,5,1,16.000(20.000%)(0.000m),38.000(33.530%)(1.929m),55.000(48.530%)(3.750m),37.000(32.647%)(1.821m),22.821(28.526%)(0.302m),11.000(27.500%)(0.107m),16.091(40.226%)(0.653m),168.289,2139.765,73.5,1.2027,"[1.422, 1.994, 1.721, 1.663, 2.502, 1.870]","[3.432, 3.939, 3.371, 3.655, 4.194, 3.643]","[-4.208, -4.589, -8.254, -4.134, -4.167, -7.794]"
1468,1,9.3848,16.6786,0.305,459,1445,13,36,0.053,85,24.25,60000,2069.44,0,0,27.000(33.750%)(0.750m),49.000(43.235%)(3.107m),67.000(59.118%)(5.036m),24.905(21.975%)(0.526m),12.228(15.285%)(0.000m),23.000(57.500%)(1.393m),9.663(24.158%)(0.000m),335.251,2378.888,72.8,1.3574,"[1.653, 2.213, 2.037, 1.859, 2.727, 2.353]","[4.301, 3.844, 3.602, 4.524, 4.420, 3.776]","[-4.955, -5.182, -3.977, -4.736, -4.625, -3.642]"
1469,1,22.9874,16.7155,0.306,666,2116,47,73,0.053,100,24.30,60000,3034.57,1,1,26.000(32.500%)(0.643m),54.000(47.647%)(3.643m),63.000(55.588%)(4.607m),40.000(35.294%)(2.143m),19.772(24.715%)(0.000m),19.000(47.500%)(0.964m),13.907(34.767%)(0.419m),200.920,2464.803,73.5,1.3537,"[2.063, 2.513, 2.136, 2.378, 2.990, 2.383]","[3.699, 3.840, 3.464, 4.068, 4.365, 3.855]","[-4.466, -1.037, -3.926, -4.470, -1.201, -3.889]"
1470,1,8.8436,16.4458,0.268,599,1886,9,96,0.053,95,24.29,60000,2683.73,0,0,13.000(16.250%)(0.000m),27.000(23.824%)(0.750m),68.000(60.000%)(5.143m),38.000(33.530%)(1.929m),23.305(29.131%)(0.354m),10.000(25.000%)(0.000m),16.441(41.102%)(0.690m),176.590,2573.129,72.9,1.3536,"[1.704, 1.829, 1.524, 1.867, 2.264, 1.736]","[3.482, 3.876, 3.601, 3.491, 4.155, 3.716]","[-4.438, -6.858, -6.350, -3.975, -6.042, -6.830]"
1471,1,26.1565,16.5009,0.255,671,2126,4,46,0.053,100,24.34,60000,3075.59,1,1,24.000(30.000%)(0.429m),34.000(30.000%)(1.500m),55.000(48.530%)(3.750m),39.000(34.412%)(2.036m),23.610(29.513%)(0.387m),23.000(57.500%)(1.393m),16.662(41.654%)(0.714m),108.181,2159.116,73.3,1.3324,"[1.801, 2.421, 2.061, 2.008, 2.913, 2.432]","[4.368, 4.064, 3.761, 4.603, 4.812, 4.268]","[-3.794, -0.259, -3.070, -3.891, -0.775, -2.915]"
1472,1,25.3396,16.9969,0.268,676,2134,0,99,0.053,100,24.39,60000,3017.13,2,1,22.000(27.500%)(0.214m),43.000(37.941%)(2.464m),65.000(57.353%)(4.821m),41.000(36.177%)(2.250m),24.541(30.676%)(0.486m),19.000(47.500%)(0.964m),17.335(43.337%)(0.786m),239.335,2320.989,73.1,1.2970,"[2.146, 2.522, 2.233, 2.411, 3.030, 2.466]","[3.930, 3.904, 3.634, 4.187, 4.318, 3.722]","[-2.994, -0.382, -1.277, -3.147, -0.021, -1.317]"
1473,1,-1.2256,16.9056,0.261,427,1322,55,118,0.052,80,24.37,60000,1891.38,0,0,21.995(27.494%)(0.214m),21.000(18.529%)(0.107m),20.000(17.647%)(0.000m),20.000(17.647%)(0.000m),22.000(27.500%)(0.214m),17.161(42.902%)(0.767m),15.000(37.500%)(0.536m),0.000,2137.713,71.7,1.2700,"[0.718, 1.132, 0.807, 1.000, 1.444, 0.969]","[3.436, 3.872, 3.607, 3.773, 4.143, 3.578]","[-8.296, -4.759, -5.493, -5.503, -6.115, -5.907]"
1474,1,22.0945,16.9253,0.263,665,2115,86,130,0.052,100,24.42,60000,2974.40,1,1,26.000(32.500%)(0.643m),44.000(38.824%)(2.571m),60.000(52.941%)(4.286m),37.000(32.647%)(1.821m),23.071(28.839%)(0.329m),20.000(50.000%)(1.071m),16.272(40.679%)(0.672m),164.064,2260.719,73.6,1.3049,"[1.699, 2.349, 2.131, 1.873, 2.815, 2.301]","[3.563, 3.693, 3.568, 3.940, 4.149, 3.562]","[-4.012, -0.629, -2.215, -4.034, -0.599, -2.400]"
1475,1,19.0123,16.9000,0.256,666,2116,109,152,0.052,100,24.47,60000,2979.48,2,1,24.000(30.000%)(0.429m),38.000(33.530%)(1.929m),55.000(48.530%)(3.750m),48.000(42.353%)(3.000m),22.934(28.667%)(0.314m),17.000(42.500%)(0.750m),16.172(40.431%)(0.661m),175.301,2267.604,73.5,1.3145,"[1.646, 2.318, 2.046, 1.974, 2.829, 2.315]","[3.365, 3.765, 3.511, 3.698, 4.202, 3.685]","[-3.981, -0.459, -1.844, -3.936, -1.119, -1.859]"
1476,1,-0.4482,16.4231,0.263,128,362,4,11,0.052,35,24.46,60000,581.35,0,0,42.039(52.549%)(2.361m),76.201(67.237%)(6.022m),56.000(49.412%)(3.857m),32.000(28.235%)(1.286m),23.000(28.750%)(0.321m),37.186(92.965%)(2.913m),40.000(100.000%)(3.214m),41.248,2262.543,65.4,1.2916,"[1.763, 2.326, 2.180, 1.866, 2.521, 2.287]","[3.375, 3.832, 3.307, 3.620, 4.097, 3.354]","[-2.946, -1.483, -2.562, -2.996, -0.859, -3.127]"
1477,1,21.6455,16.4683,0.279,700,2180,109,65,0.052,100,24.51,60000,3097.20,1,1,23.000(28.750%)(0.321m),35.000(30.882%)(1.607m),55.000(48.530%)(3.750m),40.000(35.294%)(2.143m),22.740(28.425%)(0.294m),21.000(52.500%)(1.179m),16.032(40.079%)(0.646m),158.382,2235.306,72.1,1.3122,"[2.000, 2.497, 2.277, 2.180, 2.956, 2.404]","[4.174, 3.869, 3.501, 4.557, 4.450, 3.660]","[-4.797, 0.310, -0.988, -4.542, 0.814, -0.949]"
1478,1,20.1193,16.8709,0.332,665,2115,127,112,0.052,100,24.56,60000,3077.41,2,1,26.000(32.500%)(0.643m),44.000(38.824%)(2.571m),68.000(60.000%)(5.143m),37.000(32.647%)(1.821m),19.136(23.920%)(0.000m),20.000(50.000%)(1.071m),13.445(33.612%)(0.369m),168.046,2261.126,73.6,1.6987,"[1.429, 2.277, 2.069, 1.659, 2.733, 2.209]","[3.618, 3.894, 3.650, 3.895, 4.327, 3.932]","[-5.086, -0.814, -3.779, -5.094, -1.116, -3.713]"
1479,1,17.9959,16.6899,0.258,666,2116,60,115,0.052,100,24.61,60000,3147.85,3,1,24.000(30.000%)(0.429m),38.000(33.530%)(1.929m),55.000(48.530%)(3.750m),48.464(42.763%)(3.050m),23.060(28.825%)(0.328m),17.000(42.500%)(0.750m),16.264(40.659%)(0.671m),175.301,2388.251,73.5,1.5456,"[1.730, 2.225, 1.966, 2.016, 2.728, 2.195]","[3.461, 3.860, 3.437, 3.806, 4.295, 3.763]","[-4.269, -0.343, -3.732, -4.054, -0.750, -3.896]"
1480,1,4.8898,16.7445,0.285,467,1462,13,96,0.052,85,24.59,60000,2078.81,0,0,23.000(28.750%)(0.321m),44.000(38.824%)(2.571m),60.000(52.941%)(4.286m),24.153(21.312%)(0.445m),12.204(15.255%)(0.000m),19.000(47.500%)(0.964m),9.892(24.729%)(0.000m),249.148,2486.372,72.4,1.3582,"[1.650, 2.036, 1.850, 1.880, 2.489, 2.033]","[3.681, 3.917, 3.653, 3.882, 4.169, 3.832]","[-5.134, -5.325, -4.496, -4.995, -5.085, -4.951]"
1481,1,19.6863,17.1198,0.286,675,2137,47,147,0.052,100,24.65,60000,3047.36,1,1,17.000(21.250%)(0.000m),54.000(47.647%)(3.643m),67.000(59.118%)(5.036m),37.000(32.647%)(1.821m),19.772(24.715%)(0.000m),11.000(27.500%)(0.107m),13.906(34.766%)(0.419m),155.738,2309.207,73.3,1.3313,"[1.704, 2.212, 1.820, 1.776, 2.668, 1.983]","[3.746, 4.007, 3.560, 3.933, 4.320, 3.645]","[-4.542, -3.840, -4.787, -4.538, -2.819, -5.199]"
1482,1,20.1799,17.1006,0.261,688,2160,69,105,0.052,100,24.70,60000,3104.77,2,1,24.000(30.000%)(0.429m),39.000(34.412%)(2.036m),52.000(45.882%)(3.429m),39.372(34.740%)(2.076m),18.515(23.143%)(0.000m),20.000(50.000%)(1.071m),13.005(32.513%)(0.322m),184.796,2202.516,72.7,1.3237,"[1.742, 2.337, 2.017, 1.888, 2.750, 2.205]","[3.765, 4.047, 3.772, 4.046, 4.461, 3.843]","[-5.094, -2.176, -3.681, -5.190, -3.234, -3.673]"
1483,1,3.9563,16.7849,0.262,265,817,0,50,0.051,65,24.68,60000,1189.05,0,0,23.000(28.750%)(0.321m),44.000(38.824%)(2.571m),68.000(60.000%)(5.143m),29.000(25.588%)(0.964m),22.000(27.500%)(0.214m),19.000(47.500%)(0.964m),16.422(41.054%)(0.688m),0.000,2127.315,71.3,1.3911,"[1.464, 2.042, 2.031, 1.591, 2.556, 2.152]","[3.404, 3.730, 3.528, 3.431, 4.189, 3.439]","[-5.411, -3.670, -2.629, -4.770, -3.244, -2.734]"
1484,1,21.6899,17.2328,0.284,677,2139,84,96,0.051,100,24.73,60000,3030.08,1,1,20.000(25.000%)(0.000m),37.000(32.647%)(1.821m),61.000(53.824%)(4.393m),46.000(40.588%)(2.786m),23.045(28.806%)(0.326m),14.000(35.000%)(0.429m),16.253(40.632%)(0.670m),171.028,2200.782,73.1,1.2804,"[1.897, 2.410, 1.800, 2.108, 2.843, 2.043]","[3.944, 3.842, 3.443, 4.312, 4.665, 3.589]","[-4.444, -0.162, -3.397, -4.511, -0.273, -3.507]"
1485,1,9.6192,17.0884,0.321,562,1772,70,23,0.051,95,24.71,60000,2457.19,0,0,30.000(37.500%)(1.071m),50.000(44.118%)(3.214m),46.000(40.588%)(2.786m),31.000(27.353%)(1.179m),19.269(24.086%)(0.000m),26.000(65.000%)(1.714m),13.539(33.849%)(0.379m),19.883,2296.548,73.0,1.2431,"[1.184, 2.230, 2.148, 1.301, 2.689, 2.440]","[4.084, 4.027, 3.636, 4.240, 4.771, 3.797]","[-5.520, -2.887, 0.186, -5.033, -2.812, 0.236]"
1486,1,3.5539,16.6808,0.235,318,966,4,55,0.051,70,24.70,60000,1407.84,0,0,11.000(13.750%)(0.000m),16.000(14.118%)(0.000m),62.000(54.706%)(4.500m),33.000(29.118%)(1.393m),23.000(28.750%)(0.321m),12.000(30.000%)(0.214m),17.371(43.427%)(0.790m),65.452,2442.849,70.3,1.3382,"[1.338, 2.002, 1.854, 1.522, 2.432, 1.960]","[3.852, 3.801, 3.361, 4.103, 4.046, 3.551]","[-5.823, -5.914, -6.424, -5.317, -4.873, -7.015]"
1487,1,22.5156,16.6931,0.258,667,2116,62,102,0.051,100,24.75,60000,3036.56,1,1,24.000(30.000%)(0.429m),38.000(33.530%)(1.929m),55.000(48.530%)(3.750m),37.000(32.647%)(1.821m),22.663(28.329%)(0.285m),19.000(47.500%)(0.964m),15.976(39.940%)(0.640m),126.104,2097.847,73.4,1.3960,"[2.093, 2.630, 2.346, 2.320, 3.152, 2.551]","[4.005, 4.200, 3.618, 4.503, 4.981, 3.828]","[-4.306, -0.071, -1.502, -4.150, 0.034, -1.183]"
1488,1,7.0540,16.3516,0.228,422,1311,7,44,0.051,80,24.73,60000,1877.66,0,0,23.000(28.750%)(0.321m),24.000(21.177%)(0.429m),53.000(46.765%)(3.536m),43.000(37.941%)(2.464m),24.052(30.065%)(0.434m),22.000(55.000%)(1.286m),16.981(42.453%)(0.748m),0.000,2098.056,71.9,1.2997,"[1.952, 2.122, 1.731, 2.151, 2.619, 1.847]","[3.589, 4.065, 3.745, 4.030, 4.717, 3.762]","[-4.438, -4.249, -5.105, -4.502, -4.099, -5.781]"
1489,1,16.4878,16.2139,0.252,751,2290,97,173,0.051,100,24.78,60000,3483.60,1,1,22.000(27.500%)(0.214m),34.000(30.000%)(1.500m),47.000(41.471%)(2.893m),44.000(38.824%)(2.571m),21.000(26.250%)(0.107m),19.000(47.500%)(0.964m),15.000(37.500%)(0.536m),230.869,2677.788,70.6,1.2978,"[1.395, 2.014, 1.581, 1.589, 2.380, 1.651]","[3.711, 3.985, 3.665, 3.877, 4.371, 3.731]","[-9.124, -4.236, -6.257, -5.898, -4.803, -5.933]"
1490,1,0.7355,16.1703,0.267,333,1001,118,59,0.051,70,24.77,60000,1455.94,0,0,23.158(28.948%)(0.338m),35.000(30.882%)(1.607m),45.000(39.706%)(2.679m),35.000(30.882%)(1.607m),14.000(17.500%)(0.000m),16.375(40.937%)(0.683m),10.000(25.000%)(0.000m),141.081,2402.679,69.6,1.2495,"[0.934, 1.328, 0.772, 1.164, 1.433, 0.695]","[3.459, 3.852, 3.309, 3.639, 4.181, 3.356]","[-8.219, -3.149, -3.726, -5.632, -3.823, -3.746]"
1491,1,0.1121,15.7446,0.200,167,499,15,22,0.051,45,24.75,60000,773.94,0,0,27.000(33.750%)(0.750m),50.000(44.118%)(3.214m),48.806(43.064%)(3.086m),20.054(17.694%)(0.006m),11.063(13.829%)(0.000m),22.000(55.000%)(1.286m),9.786(24.465%)(0.000m),401.563,2775.197,69.1,1.4888,"[1.233, 1.941, 1.867, 1.382, 2.252, 1.943]","[3.606, 3.780, 3.215, 3.651, 4.099, 3.298]","[-5.223, -5.170, -6.404, -5.143, -6.056, -6.316]"
1492,1,26.6878,15.8068,0.229,664,2111,5,58,0.051,100,24.80,60000,2892.80,1,1,24.000(30.000%)(0.429m),38.000(33.530%)(1.929m),54.000(47.647%)(3.643m),46.000(40.588%)(2.786m),23.250(29.063%)(0.348m),19.000(47.500%)(0.964m),16.401(41.003%)(0.686m),154.420,2182.247,73.6,1.2082,"[1.822, 2.519, 2.234, 2.074, 2.998, 2.475]","[4.256, 3.831, 3.769, 4.543, 4.565, 3.818]","[-4.226, -0.614, -1.574, -3.965, -0.633, -1.462]"
1493,1,17.4320,15.6887,0.260,667,2119,59,187,0.050,100,24.85,60000,3135.24,2,1,28.000(35.000%)(0.857m),47.000(41.471%)(2.893m),64.000(56.471%)(4.714m),41.000(36.177%)(2.250m),21.000(26.250%)(0.107m),20.000(50.000%)(1.071m),16.105(40.264%)(0.654m),230.538,2162.079,73.5,1.4958,"[1.647, 2.216, 1.847, 1.887, 2.669, 2.034]","[3.867, 3.751, 3.553, 4.280, 4.259, 3.643]","[-6.236, -2.448, -3.045, -5.800, -2.143, -3.100]"
1494,1,22.4646,15.6901,0.259,683,2149,119,71,0.050,100,24.90,60000,3060.39,3,1,28.000(35.000%)(0.857m),53.000(46.765%)(3.536m),63.000(55.588%)(4.607m),35.000(30.882%)(1.607m),23.090(28.862%)(0.331m),20.000(50.000%)(1.071m),16.285(40.712%)(0.673m),121.884,2361.159,72.8,1.3051,"[2.071, 2.639, 2.335, 2.352, 3.153, 2.588]","[3.955, 3.940, 3.655, 4.389, 4.569, 4.107]","[-5.050, -0.508, -0.777, -4.554, -0.281, -0.685]"
1495,1,23.9819,16.0978,0.244,664,2111,56,119,0.050,100,24.95,60000,3081.50,4,1,23.000(28.750%)(0.321m),44.000(38.824%)(2.571m),68.000(60.000%)(5.143m),37.000(32.647%)(1.821m),23.037(28.796%)(0.325m),19.000(47.500%)(0.964m),16.247(40.617%)(0.669m),159.313,2186.464,73.6,1.4485,"[2.088, 2.640, 2.351, 2.314, 3.174, 2.591]","[3.954, 4.041, 3.940, 4.370, 4.708, 4.287]","[-4.117, -0.252, -1.885, -4.172, 0.154, -1.917]"
1496,1,23.9303,16.0932,0.314,667,2118,31,101,0.050,100,25.00,60000,3061.92,5,1,24.000(30.000%)(0.429m),44.000(38.824%)(2.571m),68.000(60.000%)(5.143m),39.737(35.062%)(2.115m),18.699(23.374%)(0.000m),17.000(42.500%)(0.750m),13.138(32.844%)(0.336m),295.908,2388.370,73.5,1.2133,"[1.929, 2.425, 2.059, 2.173, 2.906, 2.319]","[3.397, 3.903, 3.547, 3.614, 4.467, 3.799]","[-4.317, -1.023, -3.600, -4.369, -1.460, -3.548]"
1497,1,22.0849,16.4758,0.303,666,2116,87,113,0.050,100,25.05,60000,3016.75,6,1,23.000(28.750%)(0.321m),36.000(31.765%)(1.714m),59.000(52.059%)(4.179m),33.000(29.118%)(1.393m),19.503(24.379%)(0.000m),17.000(42.500%)(0.750m),13.709(34.272%)(0.397m),61.154,2119.678,73.5,1.4026,"[1.492, 2.228, 1.975, 1.776, 2.732, 2.235]","[3.771, 3.820, 3.551, 4.164, 4.536, 3.595]","[-4.882, -1.441, -3.016, -4.748, -1.034, -2.997]"
1498,1,1.8892,16.1685,0.289,301,930,7,24,0.050,65,25.03,60000,1419.74,0,0,12.000(15.000%)(0.000m),24.000(21.177%)(0.429m),68.000(60.000%)(5.143m),50.223(44.314%)(3.238m),23.942(29.928%)(0.422m),10.000(25.000%)(0.000m),16.901(42.254%)(0.739m),354.744,2512.671,71.5,1.6463,"[1.628, 2.003, 1.789, 1.758, 2.449, 2.064]","[3.588, 3.879, 3.372, 3.739, 4.244, 3.834]","[-5.971, -8.321, -6.127, -5.276, -7.075, -7.240]"
1499,1,-1.0910,15.6799,0.272,300,929,7,34,0.050,65,25.02,60000,1329.68,0,0,22.000(27.500%)(0.214m),33.000(29.118%)(1.393m),68.000(60.000%)(5.143m),22.000(19.412%)(0.214m),12.000(15.000%)(0.000m),18.356(45.890%)(0.895m),11.000(27.500%)(0.107m),96.220,2481.169,71.6,1.3647,"[1.415, 1.416, 0.751, 1.635, 1.828, 0.954]","[3.749, 3.874, 3.568, 4.052, 4.181, 3.652]","[-5.909, -6.715, -4.736, -5.291, -6.108, -5.031]"
1500,1,2.7580,15.2968,0.284,294,907,3,49,0.050,65,25.00,60000,1271.01,0,0,11.000(13.750%)(0.000m),19.000(16.765%)(0.000m),70.000(61.765%)(5.357m),38.000(33.530%)(1.929m),23.831(29.789%)(0.410m),11.000(27.500%)(0.107m),16.821(42.053%)(0.731m),158.762,2473.445,71.4,1.2589,"[1.500, 1.875, 1.726, 1.619, 2.254, 1.948]","[3.600, 3.965, 3.305, 3.650, 4.285, 3.666]","[-5.118, -5.720, -5.492, -5.110, -6.466, -5.949]"
