episode,stage,reward,avg_reward,MSE,timeframe,steps,close distance,near_miss,epsilon,progress_pct,success_rate,Buffer,time_ms,streak,reached_finish,min_R2,min_R1,min_F,min_L1,min_L2,min_SR,min_SL,min_ttc,avg_ttc,avg_speed,avg_inference_time,Q_avg,Q_max,Q_min
1,1,-6.4004,-6.4004,0.000,226,561,18,12,1.000,45,0.00,23,958.93,0,0,30.000(37.500%)(1.071m),36.000(31.765%)(1.714m),30.156(26.608%)(1.088m),16.638(14.681%)(0.000m),10.513(13.141%)(0.000m),39.568(98.920%)(3.168m),11.040(27.599%)(0.111m),476.551,4250.046,57.4,0.0000,"[0.059, -0.025, 0.022, 0.099, -0.020, -0.134]","[0.071, -0.015, 0.039, 0.127, -0.008, -0.113]","[0.036, -0.031, 0.010, 0.083, -0.034, -0.143]"
2,1,-7.1120,-6.7562,0.000,107,255,22,0,0.998,30,0.00,34,383.93,0,0,78.639(98.299%)(6.283m),101.000(89.118%)(8.679m),29.741(26.242%)(1.044m),16.167(14.265%)(0.000m),10.130(12.662%)(0.000m),40.000(100.000%)(3.214m),10.508(26.270%)(0.054m),4356.894,8622.522,55.2,0.0000,"[0.065, -0.028, 0.026, 0.108, -0.021, -0.133]","[0.069, -0.014, 0.040, 0.127, -0.015, -0.112]","[0.058, -0.033, 0.022, 0.103, -0.034, -0.141]"
3,1,-10.5208,-8.0111,0.000,287,698,40,41,0.996,50,0.00,63,1059.10,0,0,10.840(13.551%)(0.000m),17.760(15.671%)(0.000m),34.309(30.273%)(1.533m),35.000(30.882%)(1.607m),25.000(31.250%)(0.536m),10.840(27.101%)(0.090m),25.559(63.898%)(1.667m),335.920,7204.155,56.3,0.0000,"[0.057, -0.022, 0.024, 0.100, -0.022, -0.134]","[0.069, 0.013, 0.037, 0.116, -0.001, -0.109]","[0.038, -0.033, 0.011, 0.084, -0.039, -0.146]"
4,1,-4.3340,-7.0918,1.135,212,526,33,15,0.994,45,0.00,85,1119.19,0,0,53.578(66.972%)(3.598m),97.822(86.313%)(8.338m),19.000(16.765%)(0.000m),21.000(18.529%)(0.107m),70.653(88.316%)(5.427m),39.329(98.323%)(3.142m),40.000(100.000%)(3.214m),0.000,3279.498,57.5,0.0000,"[-0.049, -0.282, -0.287, 0.095, 0.183, -0.278]","[0.069, -0.028, 0.022, 0.189, 0.329, -0.137]","[-0.113, -0.415, -0.435, 0.055, -0.015, -0.373]"
5,1,-5.8764,-6.8487,1.201,92,228,16,0,0.992,25,0.00,95,389.26,0,0,10.855(13.569%)(0.000m),18.114(15.983%)(0.000m),36.301(32.031%)(1.747m),109.000(96.177%)(9.536m),77.067(96.334%)(6.114m),10.593(26.483%)(0.064m),40.000(100.000%)(3.214m),4190.402,7637.617,57.3,0.0000,"[0.030, -0.302, -0.086, 0.198, 0.217, -0.110]","[0.061, -0.252, 0.002, 0.214, 0.354, -0.007]","[-0.011, -0.367, -0.220, 0.182, 0.105, -0.239]"
6,1,-5.8654,-6.6848,1.016,211,569,38,77,0.990,50,0.00,117,893.38,0,0,41.038(51.298%)(2.254m),82.383(72.691%)(6.684m),59.000(52.059%)(4.179m),33.000(29.118%)(1.393m),13.000(16.250%)(0.000m),29.582(73.954%)(2.098m),10.000(25.000%)(0.000m),316.141,3661.678,62.4,0.0000,"[-0.062, -0.161, -0.119, 0.289, 0.099, -0.115]","[0.022, -0.018, 0.053, 0.448, 0.297, 0.163]","[-0.168, -0.287, -0.637, 0.240, -0.113, -0.829]"
7,1,-3.3255,-6.2049,0.928,166,436,16,12,0.988,40,0.00,134,682.24,0,0,53.402(66.753%)(3.579m),110.407(97.418%)(9.686m),32.000(28.235%)(1.286m),20.000(17.647%)(0.000m),24.000(30.000%)(0.429m),40.000(100.000%)(3.214m),40.000(100.000%)(3.214m),0.000,2365.987,60.8,0.0000,"[0.001, -0.064, -0.059, 0.503, 0.308, -0.079]","[0.127, 0.120, 0.218, 0.643, 0.591, 0.301]","[-0.106, -0.384, -1.196, 0.410, -0.742, -1.645]"
8,1,-8.0740,-6.4386,0.705,236,589,28,16,0.986,50,0.00,158,993.18,0,0,30.000(37.500%)(1.071m),40.000(35.294%)(2.143m),27.944(24.657%)(0.851m),15.855(13.990%)(0.000m),10.182(12.728%)(0.000m),40.000(100.000%)(3.214m),10.958(27.396%)(0.103m),975.060,4548.298,57.8,0.0000,"[0.378, 0.149, 0.413, 0.848, 0.746, 0.145]","[0.587, 0.359, 1.057, 1.012, 1.394, 1.178]","[0.146, -0.620, -4.187, 0.605, -2.773, -5.550]"
9,1,-4.6051,-6.2348,0.824,118,299,16,0,0.984,30,0.00,170,490.68,0,0,74.000(92.500%)(5.786m),95.000(83.824%)(8.036m),32.757(28.903%)(1.367m),16.956(14.961%)(0.000m),10.350(12.937%)(0.000m),40.000(100.000%)(3.214m),10.350(25.874%)(0.037m),3808.271,6686.059,58.7,0.0000,"[0.662, 0.610, 0.203, 1.245, 0.681, -0.245]","[0.972, 1.003, 1.334, 1.524, 1.695, 1.173]","[-0.783, -1.171, -4.391, 0.203, -3.137, -5.312]"
10,1,-5.7039,-6.1817,0.690,67,169,17,0,0.982,20,0.00,177,279.34,0,0,78.639(98.299%)(6.283m),57.155(50.431%)(3.981m),21.186(18.694%)(0.127m),13.571(11.974%)(0.000m),9.440(11.800%)(0.000m),40.000(100.000%)(3.214m),11.647(29.116%)(0.176m),3979.502,7224.997,58.4,0.0000,"[0.344, 0.405, -0.104, 1.026, 0.197, -0.242]","[1.129, 1.279, 1.668, 1.654, 1.862, 1.760]","[-1.636, -1.763, -4.610, -0.328, -3.658, -5.165]"
11,1,-5.3073,-6.1023,0.643,129,317,15,0,0.980,35,0.00,190,530.41,0,0,10.362(12.953%)(0.000m),15.763(13.909%)(0.000m),26.747(23.600%)(0.723m),91.000(80.294%)(7.607m),76.230(95.288%)(6.025m),11.571(28.927%)(0.168m),40.000(100.000%)(3.214m),3150.637,6663.700,56.9,0.0000,"[0.741, 0.635, 1.395, 1.377, 1.757, 1.853]","[1.254, 1.370, 1.760, 1.679, 2.060, 1.982]","[-1.850, -2.906, -0.491, 0.011, 0.068, 1.369]"
12,1,-6.8582,-6.1652,0.604,162,396,17,0,0.978,40,0.00,207,697.60,0,0,9.092(11.365%)(0.000m),12.985(11.457%)(0.000m),20.091(17.727%)(0.010m),52.237(46.091%)(3.454m),61.690(77.112%)(4.467m),11.360(28.400%)(0.146m),40.000(100.000%)(3.214m),2558.563,5638.078,56.6,5.6081,"[0.907, 0.846, 1.455, 1.369, 1.832, 1.812]","[1.599, 1.745, 2.069, 1.743, 2.428, 2.280]","[-2.681, -3.596, -1.163, -0.584, -0.738, 0.944]"
13,1,-3.5940,-5.9675,0.606,153,408,14,0,0.976,40,0.00,223,653.21,0,0,45.000(56.250%)(2.679m),67.000(59.118%)(5.036m),37.819(33.370%)(1.909m),18.502(16.326%)(0.000m),10.983(13.729%)(0.000m),40.000(100.000%)(3.214m),10.587(26.468%)(0.063m),1560.541,4417.040,61.8,0.0000,"[-0.327, 0.170, 0.399, 0.270, 0.405, 0.422]","[1.825, 2.292, 2.146, 2.241, 2.534, 2.091]","[-7.338, -6.312, -6.067, -6.384, -6.975, -6.044]"
14,1,-6.3098,-5.9919,0.451,114,280,27,0,0.974,30,0.00,235,475.67,0,0,78.639(98.299%)(6.283m),96.000(84.706%)(8.143m),49.581(43.748%)(3.169m),20.372(17.975%)(0.040m),11.239(14.049%)(0.000m),40.000(100.000%)(3.214m),9.942(24.854%)(0.000m),4273.693,8432.577,56.9,0.0000,"[-1.901, -1.146, -0.699, -1.741, -1.043, -0.926]","[1.847, 2.454, 2.425, 2.242, 2.806, 2.417]","[-8.582, -7.552, -6.363, -8.383, -7.741, -6.878]"
15,1,-6.1345,-6.0014,0.428,95,233,18,0,0.972,25,0.00,245,391.03,0,0,78.639(98.299%)(6.283m),105.000(92.647%)(9.107m),28.301(24.971%)(0.889m),15.839(13.975%)(0.000m),10.090(12.613%)(0.000m),40.000(100.000%)(3.214m),10.727(26.817%)(0.078m),4143.057,8553.920,56.9,0.0000,"[-2.241, -1.544, -0.907, -2.075, -1.435, -0.994]","[1.651, 2.299, 2.235, 2.010, 2.455, 2.225]","[-8.302, -7.385, -6.256, -8.308, -7.605, -6.571]"
16,1,-3.2185,-5.8275,0.357,174,460,0,17,0.970,45,0.00,263,759.54,0,0,39.817(49.771%)(2.123m),79.464(70.115%)(6.371m),83.000(73.236%)(6.750m),26.000(22.941%)(0.643m),17.000(21.250%)(0.000m),28.729(71.821%)(2.007m),40.000(100.000%)(3.214m),1560.210,4464.065,61.1,1.2772,"[0.233, 0.603, 0.978, 0.882, 1.304, 1.526]","[1.880, 2.489, 2.183, 2.439, 2.768, 2.444]","[-4.452, -4.161, -2.808, -3.777, -3.243, -1.948]"
17,1,-8.1105,-5.9618,0.360,202,508,35,16,0.968,45,0.00,284,942.32,0,0,64.521(80.651%)(4.770m),23.000(20.294%)(0.321m),20.000(17.647%)(0.000m),20.000(17.647%)(0.000m),36.645(45.806%)(1.783m),40.000(100.000%)(3.214m),26.438(66.096%)(1.761m),0.000,6730.520,58.2,2.0563,"[-0.609, -0.173, 0.390, -0.080, 0.265, 0.460]","[1.824, 2.406, 2.330, 2.406, 2.746, 2.329]","[-3.442, -3.664, -2.021, -2.449, -2.113, -1.253]"
18,1,-6.4083,-5.9866,0.344,144,348,18,0,0.967,35,0.00,299,617.66,0,0,9.994(12.493%)(0.000m),15.818(13.957%)(0.000m),28.669(25.296%)(0.929m),87.000(76.765%)(7.179m),75.000(93.750%)(5.893m),10.495(26.239%)(0.053m),40.000(100.000%)(3.214m),3546.935,7731.227,55.9,0.0000,"[0.450, 0.818, 1.289, 1.161, 1.887, 1.791]","[2.153, 2.841, 2.787, 2.634, 3.204, 2.893]","[-5.700, -6.529, -3.856, -4.147, -2.919, -1.903]"
19,1,-5.2059,-5.9455,0.394,88,231,15,0,0.965,25,0.00,308,368.90,0,0,78.639(98.299%)(6.283m),103.000(90.883%)(8.893m),26.255(23.166%)(0.670m),15.286(13.488%)(0.000m),9.972(12.465%)(0.000m),40.000(100.000%)(3.214m),10.999(27.497%)(0.107m),2701.049,5997.070,60.7,0.0000,"[-1.628, -0.922, -0.567, -1.337, -0.944, -0.582]","[2.010, 2.691, 2.509, 2.491, 3.064, 2.646]","[-6.932, -5.979, -5.404, -6.730, -6.910, -5.665]"
20,1,-7.0220,-5.9993,0.368,261,635,0,45,0.963,50,0.00,335,1236.29,0,0,35.262(44.078%)(1.635m),71.367(62.971%)(5.504m),77.000(67.941%)(6.107m),26.000(22.941%)(0.643m),13.000(16.250%)(0.000m),25.431(63.576%)(1.653m),40.000(100.000%)(3.214m),904.182,6389.518,56.3,1.1221,"[0.021, 0.477, 0.754, 0.508, 1.038, 0.994]","[2.495, 3.089, 2.968, 3.105, 3.683, 3.229]","[-5.626, -4.731, -3.907, -4.871, -4.731, -3.649]"
21,1,-5.7806,-5.9889,0.337,168,408,16,0,0.961,40,0.00,352,729.03,0,0,9.400(11.750%)(0.000m),13.426(11.846%)(0.000m),20.773(18.329%)(0.083m),54.010(47.656%)(3.644m),64.000(80.000%)(4.714m),11.745(29.364%)(0.187m),40.000(100.000%)(3.214m),2082.306,5925.466,56.2,0.0000,"[0.761, 0.993, 1.048, 1.198, 1.698, 1.260]","[2.637, 3.092, 2.992, 3.067, 3.665, 3.219]","[-6.444, -7.077, -6.164, -5.573, -5.235, -5.568]"
22,1,-7.4353,-6.0546,0.322,221,545,71,16,0.959,45,0.00,375,948.41,0,0,44.886(56.108%)(2.666m),20.000(17.647%)(0.000m),20.000(17.647%)(0.000m),21.000(18.529%)(0.107m),64.546(80.683%)(4.773m),32.727(81.816%)(2.435m),40.000(100.000%)(3.214m),0.000,3995.291,57.1,0.0000,"[-0.241, -0.009, 0.201, 0.044, 0.298, 0.471]","[2.141, 2.613, 2.558, 2.481, 2.757, 2.795]","[-4.869, -5.008, -4.350, -4.371, -4.323, -3.974]"
23,1,-6.5569,-6.0765,0.324,103,249,21,0,0.957,30,0.00,386,433.75,0,0,78.639(98.299%)(6.283m),95.764(84.498%)(8.118m),24.403(21.532%)(0.472m),14.552(12.840%)(0.000m),9.638(12.047%)(0.000m),40.000(100.000%)(3.214m),10.895(27.239%)(0.096m),3528.016,8032.354,56.1,0.0000,"[-1.665, -1.055, -0.859, -1.263, -1.040, -0.599]","[1.670, 2.047, 1.958, 2.078, 2.433, 2.377]","[-6.817, -5.583, -5.460, -6.334, -6.660, -5.620]"
24,1,-7.9946,-6.1564,0.249,562,1385,113,87,0.955,75,0.00,443,2380.90,0,0,20.913(26.142%)(0.098m),40.000(35.294%)(2.143m),27.431(24.204%)(0.796m),15.971(14.092%)(0.000m),10.419(13.023%)(0.000m),14.821(37.053%)(0.517m),11.492(28.729%)(0.160m),575.180,5736.021,57.0,0.0000,"[-1.344, -1.387, -1.422, -1.161, -1.161, -1.347]","[1.392, 1.735, 1.532, 1.708, 2.026, 1.771]","[-5.836, -4.956, -4.659, -5.449, -5.630, -5.069]"
25,1,-8.6068,-6.2544,0.217,240,584,23,20,0.953,50,0.00,467,1111.41,0,0,50.054(62.567%)(3.220m),91.786(80.988%)(7.691m),44.000(38.824%)(2.571m),23.000(20.294%)(0.321m),26.000(32.500%)(0.643m),36.792(91.980%)(2.871m),27.742(69.355%)(1.901m),0.000,5910.561,56.3,1.2289,"[-1.413, -1.023, -0.687, -1.093, -0.674, -0.514]","[1.694, 1.952, 1.702, 2.086, 2.446, 1.901]","[-4.126, -3.523, -2.781, -3.688, -3.490, -2.376]"
26,1,-6.2582,-6.2546,0.227,153,376,18,0,0.951,35,0.00,483,632.62,0,0,50.891(63.614%)(3.310m),35.491(31.316%)(1.660m),17.364(15.321%)(0.000m),12.036(10.620%)(0.000m),8.905(11.131%)(0.000m),37.001(92.503%)(2.893m),12.504(31.259%)(0.268m),2487.810,5364.819,56.9,1.1986,"[-0.475, -0.227, -0.322, -0.228, -0.115, -0.079]","[1.717, 1.876, 1.649, 1.968, 2.279, 2.026]","[-6.258, -5.252, -5.017, -5.782, -6.054, -4.811]"
27,1,-5.6860,-6.2335,0.214,135,330,18,0,0.949,35,0.00,497,574.13,0,0,11.071(13.839%)(0.000m),19.021(16.784%)(0.000m),40.580(35.806%)(2.205m),93.000(82.059%)(7.821m),67.684(84.605%)(5.109m),10.414(26.035%)(0.044m),40.000(100.000%)(3.214m),3084.822,7275.988,56.6,0.9339,"[-0.011, -0.233, -0.749, 0.104, 0.010, -0.650]","[1.460, 1.768, 1.706, 1.797, 2.297, 2.088]","[-2.912, -4.020, -4.886, -3.386, -4.112, -4.792]"
28,1,-6.3403,-6.2373,0.255,90,218,16,0,0.947,25,0.00,506,373.24,0,0,9.514(11.893%)(0.000m),13.415(11.837%)(0.000m),20.404(18.003%)(0.043m),49.658(43.816%)(3.178m),76.230(95.288%)(6.025m),12.195(30.487%)(0.235m),40.000(100.000%)(3.214m),3905.755,8497.421,56.2,0.0000,"[0.137, -0.259, -0.974, 0.101, -0.253, -0.990]","[1.710, 1.960, 1.773, 1.975, 2.353, 2.081]","[-3.421, -4.408, -5.041, -4.020, -4.624, -4.964]"
29,1,-5.3583,-6.2070,0.228,109,279,20,0,0.945,30,0.00,517,455.21,0,0,78.000(97.500%)(6.214m),96.000(84.706%)(8.143m),47.091(41.551%)(2.903m),19.934(17.589%)(0.000m),11.122(13.902%)(0.000m),40.000(100.000%)(3.214m),9.960(24.899%)(0.000m),3848.067,6925.921,59.2,1.7085,"[-2.053, -1.321, -0.894, -1.765, -1.201, -0.788]","[1.835, 2.048, 1.758, 2.160, 2.320, 1.934]","[-6.214, -5.166, -5.210, -6.159, -6.040, -5.409]"
30,1,-9.0958,-6.3033,0.219,226,571,61,30,0.944,45,0.00,540,1010.25,0,0,8.982(11.228%)(0.000m),11.680(10.306%)(0.000m),16.121(14.224%)(0.000m),26.000(22.941%)(0.643m),22.512(28.140%)(0.269m),13.875(34.689%)(0.415m),15.942(39.856%)(0.637m),179.736,5578.938,58.5,2.8637,"[-1.626, -1.321, -1.132, -1.411, -1.078, -0.992]","[1.801, 1.985, 1.840, 2.181, 2.474, 2.095]","[-4.842, -5.368, -5.460, -4.696, -4.964, -5.217]"
31,1,-5.0664,-6.2634,0.257,188,470,21,0,0.942,40,0.00,559,798.58,0,0,11.435(14.293%)(0.000m),20.271(17.887%)(0.029m),46.572(41.093%)(2.847m),54.000(47.647%)(3.643m),47.000(58.750%)(2.893m),10.367(25.918%)(0.039m),40.000(100.000%)(3.214m),1298.773,4437.924,57.8,1.4427,"[0.381, 0.383, 0.034, 0.607, 0.563, -0.013]","[2.130, 2.324, 2.045, 2.405, 2.707, 2.187]","[-3.621, -4.273, -4.916, -3.454, -4.136, -5.211]"
32,1,-9.5465,-6.3660,0.261,401,1083,112,100,0.940,70,0.00,600,1644.50,0,0,21.087(26.358%)(0.116m),39.000(34.412%)(2.036m),20.000(17.647%)(0.000m),20.000(17.647%)(0.000m),15.000(18.750%)(0.000m),15.850(39.625%)(0.627m),11.000(27.500%)(0.107m),0.000,3448.630,62.5,1.3271,"[-0.898, -1.057, -1.419, -0.554, -0.731, -1.493]","[2.132, 2.428, 2.244, 2.453, 2.839, 2.513]","[-5.072, -4.895, -4.847, -4.673, -5.044, -4.749]"
33,1,-6.6764,-6.3754,0.242,140,339,18,0,0.938,35,0.00,614,578.66,0,0,10.687(13.359%)(0.000m),17.509(15.449%)(0.000m),33.825(29.846%)(1.481m),90.000(79.412%)(7.500m),76.000(95.000%)(6.000m),10.687(26.719%)(0.074m),40.000(100.000%)(3.214m),4026.682,10085.600,56.0,0.0000,"[0.123, -0.253, -1.035, 0.216, -0.027, -1.203]","[2.499, 2.671, 2.280, 2.581, 2.975, 2.461]","[-4.329, -4.999, -5.724, -4.142, -4.971, -5.833]"
34,1,-1.6582,-6.2367,0.260,172,448,30,21,0.936,40,0.00,632,772.88,0,0,23.000(28.750%)(0.321m),29.000(25.588%)(0.964m),39.000(34.412%)(2.036m),75.420(66.547%)(5.938m),41.608(52.010%)(2.315m),40.000(100.000%)(3.214m),36.805(92.012%)(2.872m),66.390,2387.115,60.3,1.2169,"[0.210, 0.266, 0.247, 0.450, 0.515, 0.248]","[2.232, 2.519, 2.446, 2.413, 2.919, 2.627]","[-3.110, -3.053, -2.803, -2.823, -3.085, -2.802]"
35,1,-5.6834,-6.2209,0.342,137,345,19,0,0.934,35,0.00,646,584.16,0,0,10.910(13.638%)(0.000m),19.136(16.885%)(0.000m),42.827(37.789%)(2.446m),89.000(78.530%)(7.393m),64.753(80.941%)(4.795m),10.014(25.035%)(0.002m),40.000(100.000%)(3.214m),2278.726,6531.944,58.2,0.9442,"[0.637, 0.218, -0.188, 0.733, 0.586, -0.211]","[2.550, 2.558, 2.495, 2.632, 3.110, 2.751]","[-4.010, -4.778, -5.457, -3.838, -4.836, -5.486]"
36,1,-6.2407,-6.2214,0.350,183,472,32,15,0.932,45,0.00,665,784.92,0,0,50.360(62.950%)(3.253m),20.000(17.647%)(0.000m),19.000(16.765%)(0.000m),67.000(59.118%)(5.036m),60.920(76.151%)(4.384m),36.635(91.588%)(2.854m),40.000(100.000%)(3.214m),0.000,2933.398,59.7,1.3103,"[0.107, 0.343, 0.345, 0.509, 0.551, 0.356]","[2.220, 2.512, 2.453, 2.455, 2.802, 2.644]","[-4.609, -4.508, -4.300, -3.710, -4.288, -4.130]"
37,1,-3.8752,-6.1580,0.320,305,761,64,53,0.930,55,0.00,696,1301.18,0,0,11.000(13.750%)(0.000m),26.000(22.941%)(0.643m),35.000(30.882%)(1.607m),50.571(44.621%)(3.275m),25.754(32.193%)(0.617m),11.000(27.500%)(0.107m),18.337(45.842%)(0.893m),107.230,3829.696,57.7,1.2622,"[-0.467, -0.178, -0.112, -0.231, 0.000, 0.013]","[2.107, 2.472, 2.410, 2.440, 2.980, 2.662]","[-3.869, -3.583, -3.334, -3.281, -3.444, -2.739]"
38,1,-6.4561,-6.1658,0.291,80,193,19,0,0.929,25,0.00,704,340.02,0,0,77.786(97.233%)(6.191m),45.828(40.437%)(2.767m),18.830(16.615%)(0.000m),12.380(10.924%)(0.000m),8.781(10.976%)(0.000m),40.000(100.000%)(3.214m),11.254(28.136%)(0.134m),4956.979,8374.766,55.8,0.0000,"[-1.048, -0.348, -0.087, -0.987, -0.409, 0.158]","[2.326, 2.576, 2.348, 2.376, 2.865, 2.439]","[-6.058, -5.160, -5.588, -6.035, -6.303, -4.863]"
39,1,-5.7351,-6.1548,0.388,96,239,15,0,0.927,25,0.00,714,399.51,0,0,78.639(98.299%)(6.283m),112.000(98.824%)(9.857m),39.940(35.242%)(2.136m),19.138(16.886%)(0.000m),11.250(14.062%)(0.000m),40.000(100.000%)(3.214m),10.713(26.782%)(0.076m),5164.863,8119.186,57.5,0.0000,"[-1.569, -0.918, -0.386, -1.401, -0.717, -0.136]","[2.335, 2.599, 2.616, 2.429, 3.069, 2.802]","[-5.990, -5.317, -5.502, -5.935, -5.914, -5.015]"
40,1,-5.1409,-6.1294,0.330,157,406,17,0,0.925,40,0.00,730,646.93,0,0,50.000(62.500%)(3.214m),73.000(64.412%)(5.679m),36.597(32.291%)(1.778m),17.905(15.798%)(0.000m),10.628(13.285%)(0.000m),40.000(100.000%)(3.214m),10.245(25.613%)(0.026m),2519.556,6208.934,59.9,1.0633,"[-1.210, -0.575, 0.033, -0.956, -0.232, 0.141]","[2.346, 2.497, 2.419, 2.564, 2.867, 2.459]","[-6.206, -5.497, -5.468, -6.035, -5.867, -5.038]"
41,1,-5.4917,-6.1139,0.335,105,265,21,0,0.923,30,0.00,741,446.08,0,0,10.825(13.531%)(0.000m),18.599(16.411%)(0.000m),39.679(35.011%)(2.108m),92.000(81.177%)(7.714m),76.230(95.288%)(6.025m),10.183(25.457%)(0.020m),40.000(100.000%)(3.214m),2608.309,7349.347,58.4,0.0000,"[0.137, -0.213, -0.872, 0.458, 0.034, -0.850]","[2.455, 2.779, 2.757, 2.737, 3.102, 2.941]","[-4.584, -5.154, -6.263, -4.081, -4.909, -5.835]"
42,1,-1.3608,-6.0007,0.283,161,427,17,18,0.921,40,0.00,758,707.54,0,0,24.000(30.000%)(0.429m),31.000(27.353%)(1.179m),46.000(40.588%)(2.786m),91.565(80.793%)(7.668m),46.219(57.774%)(2.809m),40.000(100.000%)(3.214m),36.060(90.151%)(2.792m),24.965,2626.315,61.4,1.1831,"[0.111, 0.129, 0.013, 0.415, 0.443, 0.086]","[2.461, 2.697, 2.419, 2.687, 2.839, 2.461]","[-2.874, -2.819, -2.767, -2.340, -2.311, -2.561]"
43,1,-6.9490,-6.0228,0.292,253,615,92,0,0.919,50,0.00,784,1071.35,0,0,41.000(51.250%)(2.250m),60.000(52.941%)(4.286m),77.310(68.215%)(6.140m),23.879(21.070%)(0.416m),12.065(15.081%)(0.000m),40.000(100.000%)(3.214m),9.779(24.448%)(0.000m),3439.545,10185.031,56.3,1.4147,"[-2.467, -1.779, -1.282, -2.260, -1.470, -1.288]","[2.028, 2.301, 2.148, 2.124, 2.636, 2.143]","[-5.058, -4.515, -4.361, -5.059, -4.522, -4.346]"
44,1,-6.5468,-6.0347,0.310,215,543,17,4,0.918,45,0.00,806,913.57,0,0,10.157(12.697%)(0.000m),15.944(14.068%)(0.000m),28.488(25.137%)(0.909m),47.000(41.471%)(2.893m),32.000(40.000%)(1.286m),10.798(26.995%)(0.085m),40.000(100.000%)(3.214m),3459.437,7611.756,58.5,0.9495,"[0.300, -0.090, -0.497, 0.492, 0.266, -0.500]","[2.166, 2.410, 2.271, 2.299, 2.760, 2.512]","[-5.451, -6.310, -6.845, -4.889, -5.544, -6.197]"
45,1,-6.6483,-6.0483,0.337,137,330,19,0,0.916,35,0.00,820,572.42,0,0,10.570(13.212%)(0.000m),16.869(14.884%)(0.000m),31.033(27.382%)(1.182m),85.000(75.000%)(6.964m),77.067(96.334%)(6.114m),10.964(27.411%)(0.103m),40.000(100.000%)(3.214m),3866.721,8966.435,55.8,1.2272,"[0.609, 0.215, -0.406, 0.598, 0.303, -0.575]","[2.581, 2.599, 2.320, 2.672, 3.094, 2.490]","[-5.359, -6.031, -6.454, -4.965, -5.883, -6.145]"
46,1,-2.7975,-5.9777,0.403,160,447,18,0,0.914,40,0.00,836,649.14,0,0,36.000(45.000%)(1.714m),51.000(45.000%)(3.321m),50.629(44.672%)(3.282m),20.803(18.355%)(0.086m),11.477(14.346%)(0.000m),40.000(100.000%)(3.214m),10.152(25.379%)(0.016m),783.574,3412.799,64.7,0.8472,"[-0.519, -0.302, 0.151, -0.314, 0.157, 0.194]","[2.414, 2.613, 2.474, 2.387, 2.923, 2.643]","[-5.735, -5.147, -4.571, -5.536, -5.036, -4.162]"
47,1,-3.3870,-5.9225,0.297,151,377,18,0,0.912,35,0.00,852,664.26,0,0,9.434(11.793%)(0.000m),14.140(12.477%)(0.000m),23.447(20.688%)(0.369m),74.000(65.294%)(5.786m),65.000(81.250%)(4.821m),10.798(26.996%)(0.086m),40.000(100.000%)(3.214m),2063.699,5045.909,57.8,1.0214,"[0.795, 0.605, 0.302, 0.811, 0.990, 0.268]","[2.509, 2.581, 2.489, 2.579, 3.152, 2.550]","[-6.080, -6.750, -7.263, -5.746, -6.100, -6.552]"
48,1,-4.8647,-5.9005,0.428,110,272,17,0,0.910,30,0.00,863,453.59,0,0,11.300(14.125%)(0.000m),20.483(18.073%)(0.052m),49.851(43.986%)(3.198m),105.000(92.647%)(9.107m),77.067(96.334%)(6.114m),9.996(24.989%)(0.000m),40.000(100.000%)(3.214m),3172.810,7747.204,57.1,0.0000,"[0.497, 0.024, -0.692, 0.713, 0.330, -0.770]","[2.628, 2.767, 2.455, 2.749, 3.159, 2.596]","[-4.268, -5.022, -5.664, -3.709, -4.589, -5.435]"
49,1,-6.3985,-5.9107,0.409,158,394,20,0,0.908,40,0.00,879,671.94,0,0,60.000(75.000%)(4.286m),70.000(61.765%)(5.357m),45.591(40.228%)(2.742m),19.844(17.510%)(0.000m),11.194(13.992%)(0.000m),40.000(100.000%)(3.214m),10.149(25.372%)(0.016m),4022.215,9245.095,57.7,1.1497,"[-0.705, 0.067, 0.709, -0.460, 0.527, 0.978]","[2.758, 2.883, 2.647, 3.000, 3.234, 2.738]","[-5.539, -5.102, -4.787, -5.648, -5.009, -4.314]"
50,1,-5.2980,-5.8984,0.379,181,468,8,19,0.907,45,0.00,898,825.29,0,0,28.214(35.267%)(0.880m),55.196(48.703%)(3.771m),20.000(17.647%)(0.000m),22.000(19.412%)(0.214m),34.000(42.500%)(1.500m),20.143(50.357%)(1.087m),40.000(100.000%)(3.214m),0.000,5767.818,59.9,1.1076,"[0.854, 0.511, 0.343, 0.769, 0.762, 0.168]","[3.190, 3.257, 2.798, 3.204, 3.723, 2.975]","[-2.890, -2.431, -1.705, -2.894, -3.147, -2.150]"
51,1,-4.7017,-5.8644,0.384,262,666,18,33,0.905,50,0.00,925,1116.32,0,0,28.000(35.000%)(0.857m),51.000(45.000%)(3.321m),32.347(28.542%)(1.323m),16.744(14.774%)(0.000m),10.220(12.776%)(0.000m),22.000(55.000%)(1.286m),10.220(25.551%)(0.024m),2697.263,6227.037,58.9,1.2452,"[0.299, 0.471, 0.643, 0.356, 0.851, 0.580]","[3.084, 3.277, 3.061, 3.151, 3.600, 3.182]","[-5.469, -5.160, -5.021, -6.016, -4.959, -4.527]"
52,1,-0.8691,-5.7396,0.434,167,438,39,17,0.903,40,0.00,942,727.41,0,0,53.178(66.472%)(3.555m),99.882(88.132%)(8.559m),33.000(29.118%)(1.393m),20.000(17.647%)(0.000m),23.000(28.750%)(0.321m),40.000(100.000%)(3.214m),40.000(100.000%)(3.214m),0.000,2348.107,60.7,1.0450,"[0.072, 0.151, 0.360, 0.166, 0.326, 0.310]","[2.678, 2.805, 2.462, 2.847, 3.255, 2.721]","[-4.093, -3.408, -1.979, -3.845, -3.388, -1.996]"
53,1,-5.3797,-5.6368,0.468,125,308,15,0,0.901,30,0.00,955,526.86,0,0,11.708(14.635%)(0.000m),21.223(18.726%)(0.131m),51.651(45.574%)(3.391m),91.000(80.294%)(7.607m),76.230(95.288%)(6.025m),10.357(25.891%)(0.038m),40.000(100.000%)(3.214m),3652.320,8278.872,57.0,0.8918,"[0.750, 0.179, -0.359, 0.937, 0.406, -0.692]","[2.676, 2.965, 2.770, 2.927, 3.220, 2.873]","[-3.864, -5.027, -5.552, -3.569, -4.568, -5.805]"
54,1,-1.8491,-5.5871,0.366,179,497,12,8,0.899,45,0.00,973,764.83,0,0,29.000(36.250%)(0.964m),50.000(44.118%)(3.214m),73.264(64.645%)(5.707m),25.646(22.629%)(0.605m),12.592(15.740%)(0.000m),29.000(72.500%)(2.036m),9.951(24.877%)(0.000m),823.424,3554.500,64.3,1.1129,"[0.064, 0.350, 0.645, 0.129, 0.710, 0.571]","[2.813, 2.896, 2.597, 3.033, 3.186, 2.665]","[-5.570, -4.498, -3.529, -5.853, -4.572, -3.318]"
55,1,-0.6923,-5.4834,0.557,148,400,46,11,0.898,40,0.00,988,643.01,0,0,66.108(82.635%)(4.940m),21.000(18.529%)(0.107m),20.000(17.647%)(0.000m),20.000(17.647%)(0.000m),66.338(82.922%)(4.965m),40.000(100.000%)(3.214m),40.000(100.000%)(3.214m),0.000,2364.700,62.6,1.7142,"[0.081, 0.116, 0.065, 0.301, 0.326, -0.087]","[2.671, 2.624, 2.267, 2.644, 2.907, 2.342]","[-5.707, -4.881, -4.314, -5.132, -5.367, -4.164]"
56,1,-4.1667,-5.4494,0.406,130,323,21,0,0.896,35,0.00,1001,548.07,0,0,65.960(82.450%)(4.924m),86.000(75.883%)(7.071m),33.846(29.865%)(1.484m),17.520(15.459%)(0.000m),10.694(13.368%)(0.000m),40.000(100.000%)(3.214m),10.694(26.735%)(0.074m),2678.341,5756.315,57.5,1.2043,"[-0.129, 0.300, 0.503, -0.017, 0.372, 0.460]","[2.379, 2.703, 2.411, 2.622, 2.899, 2.490]","[-6.552, -5.822, -5.890, -7.195, -6.406, -5.993]"
57,1,-2.6787,-5.4365,0.409,219,601,16,64,0.894,50,0.00,1023,891.65,0,0,20.000(25.000%)(0.000m),45.000(39.706%)(2.679m),98.000(86.471%)(8.357m),67.491(59.551%)(5.088m),35.232(44.040%)(1.632m),11.000(27.500%)(0.107m),25.186(62.964%)(1.627m),1695.867,4250.182,63.5,1.0278,"[0.555, 0.763, 1.014, 0.689, 1.130, 1.076]","[2.863, 2.979, 2.643, 2.899, 3.252, 2.946]","[-2.093, -1.134, -1.382, -1.878, -0.914, -1.630]"
58,1,-6.4345,-5.4037,0.445,177,458,39,21,0.892,40,0.00,1041,716.63,0,0,44.242(55.303%)(2.597m),91.468(80.707%)(7.657m),20.000(17.647%)(0.000m),21.000(18.529%)(0.107m),77.067(96.334%)(6.114m),31.963(79.907%)(2.353m),40.000(100.000%)(3.214m),0.000,3347.755,59.9,1.1235,"[-0.209, -0.020, 0.022, -0.104, -0.046, -0.136]","[2.597, 2.615, 2.172, 2.613, 2.923, 2.251]","[-3.596, -2.598, -2.356, -3.488, -3.902, -2.229]"
59,1,-5.0891,-5.4134,0.478,140,342,17,0,0.890,35,0.00,1055,594.66,0,0,10.442(13.053%)(0.000m),17.107(15.095%)(0.000m),33.049(29.161%)(1.398m),98.000(86.471%)(8.357m),70.534(88.167%)(5.414m),10.442(26.105%)(0.047m),40.000(100.000%)(3.214m),3855.682,7891.511,56.6,0.9618,"[0.743, 0.142, -0.574, 0.885, 0.475, -0.837]","[2.282, 2.334, 1.965, 2.349, 2.492, 1.717]","[-5.006, -5.942, -6.377, -4.532, -5.365, -5.978]"
60,1,-8.1922,-5.4631,0.389,178,435,28,0,0.889,40,0.00,1073,748.84,0,0,44.258(55.322%)(2.599m),69.000(60.883%)(5.250m),46.710(41.215%)(2.862m),20.331(17.940%)(0.036m),11.469(14.336%)(0.000m),32.272(80.680%)(2.386m),10.398(25.995%)(0.043m),2422.302,7257.163,56.5,1.0949,"[-0.186, -0.046, -0.132, -0.220, 0.029, -0.283]","[2.097, 2.382, 2.095, 2.247, 2.638, 2.124]","[-5.740, -5.108, -5.250, -6.342, -5.414, -5.317]"
61,1,-5.6285,-5.4695,0.413,183,488,0,23,0.887,45,0.00,1092,760.59,0,0,29.445(36.806%)(1.012m),61.028(53.848%)(4.396m),113.333(100.000%)(10.000m),20.000(17.647%)(0.000m),12.000(15.000%)(0.000m),20.976(52.440%)(1.176m),40.000(100.000%)(3.214m),4108.723,6422.293,61.8,1.0434,"[0.064, -0.040, -0.116, 0.197, 0.222, -0.431]","[2.140, 2.382, 2.101, 2.083, 2.615, 1.926]","[-5.379, -4.304, -2.702, -5.028, -4.622, -2.173]"
62,1,-7.4980,-5.4823,0.408,264,660,31,28,0.885,50,0.00,1119,1050.11,0,0,9.871(12.339%)(0.000m),15.622(13.784%)(0.000m),28.315(24.984%)(0.891m),31.000(27.353%)(1.179m),22.000(27.500%)(0.214m),10.366(25.914%)(0.039m),28.000(70.000%)(1.929m),212.102,5001.462,57.8,0.8655,"[-0.511, -0.283, 0.086, -0.363, 0.046, 0.024]","[2.468, 2.487, 2.223, 2.549, 2.698, 2.452]","[-4.631, -5.600, -5.577, -4.484, -5.134, -5.396]"
63,1,-7.1121,-5.5527,0.378,82,197,17,0,0.883,25,0.00,1128,341.45,0,0,78.639(98.299%)(6.283m),51.635(45.561%)(3.389m),19.859(17.523%)(0.000m),12.835(11.325%)(0.000m),8.987(11.234%)(0.000m),40.000(100.000%)(3.214m),11.229(28.073%)(0.132m),4659.427,9435.726,55.7,0.0000,"[-1.391, -0.740, -0.208, -1.494, -0.778, -0.227]","[2.420, 2.550, 2.236, 2.341, 2.533, 2.287]","[-5.767, -5.141, -5.242, -6.334, -5.493, -5.024]"
64,1,-6.8578,-5.5637,0.374,146,350,18,0,0.882,35,0.00,1143,652.91,0,0,63.145(78.932%)(4.623m),26.371(23.268%)(0.683m),14.962(13.202%)(0.000m),10.966(9.676%)(0.000m),8.521(10.652%)(0.000m),40.000(100.000%)(3.214m),13.541(33.852%)(0.379m),2905.108,6106.668,55.5,0.0000,"[0.182, 0.356, 0.528, 0.247, 0.584, 0.494]","[2.308, 2.409, 2.028, 2.317, 2.496, 1.987]","[-5.587, -5.248, -5.128, -5.756, -5.386, -4.723]"
65,1,-3.7787,-5.5165,0.325,153,411,37,12,0.880,40,0.00,1159,708.54,0,0,50.897(63.621%)(3.310m),92.256(81.403%)(7.742m),28.000(24.706%)(0.857m),19.000(16.765%)(0.000m),22.000(27.500%)(0.214m),40.000(100.000%)(3.214m),40.000(100.000%)(3.214m),0.000,2254.397,62.1,6.6044,"[0.035, 0.052, 0.166, 0.202, 0.313, 0.256]","[2.517, 2.552, 2.168, 2.481, 2.946, 2.301]","[-3.970, -3.280, -2.133, -3.530, -3.748, -1.873]"
66,1,-8.9362,-5.6309,0.417,247,598,47,22,0.878,50,0.00,1184,1057.52,0,0,50.199(62.749%)(3.236m),74.000(65.294%)(5.786m),40.000(35.294%)(2.143m),25.000(22.059%)(0.536m),25.000(31.250%)(0.536m),37.308(93.269%)(2.926m),23.285(58.212%)(1.423m),0.000,6410.013,56.0,1.5470,"[-0.159, 0.347, 0.890, -0.116, 0.559, 0.809]","[2.516, 2.813, 2.454, 2.566, 3.165, 2.751]","[-3.587, -3.076, -1.341, -3.488, -3.145, -1.219]"
67,1,-6.1996,-5.5927,0.428,188,481,25,19,0.876,45,0.00,1203,853.39,0,0,44.647(55.809%)(2.641m),20.000(17.647%)(0.000m),20.000(17.647%)(0.000m),22.000(19.412%)(0.214m),61.430(76.788%)(4.439m),32.339(80.847%)(2.393m),40.000(100.000%)(3.214m),0.000,4181.305,59.2,0.9905,"[0.084, 0.225, 0.564, 0.119, 0.411, 0.553]","[3.222, 3.255, 2.695, 2.940, 3.311, 2.855]","[-5.662, -5.406, -4.087, -5.217, -5.484, -3.736]"
68,1,-5.2399,-5.5693,0.398,229,561,14,14,0.874,45,0.00,1226,1040.60,0,0,77.786(97.233%)(6.191m),21.000(18.529%)(0.107m),20.000(17.647%)(0.000m),72.371(63.857%)(5.611m),35.005(43.757%)(1.608m),40.000(100.000%)(3.214m),25.232(63.079%)(1.632m),0.000,7737.972,56.7,1.3207,"[0.890, 1.018, 1.223, 0.880, 1.437, 1.083]","[3.267, 3.256, 2.767, 3.132, 3.694, 3.012]","[-3.845, -4.440, -4.190, -3.333, -3.999, -4.195]"
69,1,-7.1005,-5.6072,0.490,183,443,20,0,0.873,40,0.00,1245,796.27,0,0,8.687(10.858%)(0.000m),12.022(10.608%)(0.000m),17.854(15.753%)(0.000m),39.958(35.257%)(2.138m),59.000(73.750%)(4.179m),11.573(28.932%)(0.169m),40.000(100.000%)(3.214m),1770.510,5007.614,56.1,1.6221,"[0.815, 0.956, 0.918, 0.954, 1.038, 0.772]","[2.975, 3.377, 3.147, 2.975, 3.485, 3.189]","[-6.024, -6.543, -6.220, -5.578, -6.492, -5.754]"
70,1,-4.5585,-5.5579,0.406,224,568,33,43,0.871,45,0.00,1268,969.28,0,0,22.000(27.500%)(0.214m),29.000(25.588%)(0.964m),27.869(24.590%)(0.843m),15.812(13.952%)(0.000m),10.155(12.694%)(0.000m),40.000(100.000%)(3.214m),10.929(27.322%)(0.099m),213.298,4092.454,58.7,0.9792,"[-0.056, 0.040, 0.191, 0.204, 0.324, 0.065]","[2.404, 2.762, 2.608, 2.516, 2.878, 2.522]","[-7.177, -6.569, -6.446, -7.253, -6.573, -6.453]"
71,1,-7.3042,-5.5884,0.434,216,536,83,21,0.869,45,0.00,1290,909.70,0,0,38.183(47.729%)(1.948m),21.000(18.529%)(0.107m),20.000(17.647%)(0.000m),20.000(17.647%)(0.000m),71.608(89.510%)(5.529m),27.524(68.810%)(1.878m),40.000(100.000%)(3.214m),0.000,4337.328,57.4,1.1851,"[0.081, 0.094, 0.235, 0.218, 0.329, 0.036]","[2.664, 2.913, 2.650, 2.716, 3.267, 2.736]","[-5.263, -5.066, -3.867, -4.726, -5.021, -3.887]"
72,1,-4.2320,-5.5243,0.340,153,387,15,0,0.867,35,0.00,1306,656.08,0,0,10.338(12.923%)(0.000m),16.499(14.558%)(0.000m),30.353(26.782%)(1.109m),76.000(67.059%)(6.000m),60.000(75.000%)(4.286m),10.724(26.811%)(0.078m),40.000(100.000%)(3.214m),2376.909,4884.682,58.5,1.0482,"[0.949, 0.670, 0.125, 1.058, 0.815, 0.002]","[2.591, 2.802, 2.450, 2.652, 3.011, 2.459]","[-5.371, -6.043, -6.217, -5.005, -5.762, -5.853]"
73,1,-5.9874,-5.5130,0.402,187,463,16,0,0.866,40,0.00,1325,792.89,0,0,9.757(12.196%)(0.000m),14.026(12.376%)(0.000m),21.898(19.322%)(0.203m),58.000(51.177%)(4.071m),48.000(60.000%)(3.000m),12.037(30.094%)(0.218m),40.000(100.000%)(3.214m),1486.743,5098.868,57.3,0.9271,"[0.479, 0.300, 0.011, 0.566, 0.416, -0.082]","[2.437, 2.790, 2.569, 2.433, 2.873, 2.865]","[-5.729, -6.632, -6.653, -5.332, -6.122, -6.451]"
74,1,-6.1562,-5.4762,0.319,162,393,45,0,0.864,40,0.00,1342,664.78,0,0,69.057(86.321%)(5.256m),99.000(87.353%)(8.464m),99.280(87.600%)(8.494m),29.183(25.750%)(0.984m),13.696(17.120%)(0.000m),40.000(100.000%)(3.214m),9.624(24.061%)(0.000m),3673.724,9339.108,56.1,0.0000,"[-1.629, -0.709, 0.200, -1.681, -0.253, 0.028]","[2.590, 2.619, 2.233, 2.608, 2.949, 2.149]","[-4.542, -3.080, -1.702, -4.792, -2.785, -2.027]"
75,1,-5.9347,-5.4227,0.341,186,475,17,0,0.862,45,0.00,1361,792.78,0,0,40.000(50.000%)(2.143m),58.000(51.177%)(4.071m),30.133(26.588%)(1.086m),16.625(14.669%)(0.000m),10.505(13.131%)(0.000m),36.925(92.313%)(2.885m),11.031(27.578%)(0.110m),997.051,4045.119,59.1,1.0215,"[-0.243, -0.078, -0.069, -0.058, 0.126, -0.035]","[2.253, 2.594, 2.203, 2.404, 2.844, 2.499]","[-6.598, -5.622, -5.651, -6.511, -6.004, -5.483]"
76,1,-6.4758,-5.4271,0.250,158,390,20,0,0.861,35,0.00,1377,700.86,0,0,59.467(74.334%)(4.229m),78.000(68.824%)(6.214m),45.423(40.079%)(2.724m),19.771(17.445%)(0.000m),11.152(13.941%)(0.000m),40.000(100.000%)(3.214m),10.111(25.278%)(0.012m),2027.227,6189.032,57.1,1.1829,"[-0.340, -0.137, -0.037, -0.187, 0.208, 0.033]","[1.980, 2.104, 1.714, 2.148, 2.456, 1.963]","[-5.588, -5.062, -5.401, -5.797, -5.300, -5.376]"
77,1,-3.8142,-5.3897,0.294,139,384,35,8,0.859,40,0.00,1391,604.42,0,0,55.982(69.978%)(3.855m),20.000(17.647%)(0.000m),20.000(17.647%)(0.000m),56.000(49.412%)(3.857m),62.528(78.160%)(4.557m),40.000(100.000%)(3.214m),40.000(100.000%)(3.214m),0.000,2547.946,63.9,1.1825,"[0.395, 0.244, 0.323, 0.532, 0.674, 0.460]","[2.486, 2.561, 2.128, 2.487, 2.910, 2.395]","[-3.432, -3.948, -3.664, -2.878, -3.385, -3.417]"
78,1,-0.9416,-5.2817,0.367,180,464,28,14,0.857,40,0.00,1409,791.32,0,0,48.972(61.215%)(3.104m),90.511(79.863%)(7.555m),42.000(37.059%)(2.357m),28.000(24.706%)(0.857m),24.000(30.000%)(0.429m),38.294(95.734%)(3.031m),40.000(100.000%)(3.214m),0.000,2539.048,59.6,1.2271,"[0.465, 0.652, 0.875, 0.598, 0.791, 0.927]","[2.618, 2.892, 2.597, 2.701, 3.216, 2.976]","[-3.571, -2.836, -1.152, -3.211, -2.782, -0.967]"
79,1,-5.5471,-5.2855,0.278,89,235,17,0,0.855,25,0.00,1418,367.27,0,0,78.639(98.299%)(6.283m),103.000(90.883%)(8.893m),33.307(29.389%)(1.426m),17.241(15.213%)(0.000m),10.524(13.155%)(0.000m),40.000(100.000%)(3.214m),10.524(26.309%)(0.056m),2699.369,5875.286,61.1,1.5327,"[-1.545, -0.596, -0.031, -1.348, -0.424, 0.147]","[2.579, 2.851, 2.315, 2.641, 2.941, 2.361]","[-7.228, -5.998, -6.087, -7.130, -6.483, -5.632]"
80,1,-4.9127,-5.2018,0.553,184,452,17,0,0.854,40,0.00,1437,795.23,0,0,55.000(68.750%)(3.750m),67.000(59.118%)(5.036m),38.216(33.720%)(1.952m),18.311(16.157%)(0.000m),10.764(13.455%)(0.000m),40.000(100.000%)(3.214m),10.250(25.626%)(0.027m),2207.987,5409.816,56.9,1.1758,"[0.425, 0.787, 0.958, 0.620, 1.152, 0.938]","[2.460, 2.882, 2.520, 2.674, 3.395, 2.762]","[-6.558, -5.822, -5.698, -6.509, -6.197, -5.709]"
81,1,-5.2901,-5.2063,0.432,146,357,16,0,0.852,35,0.00,1452,596.57,0,0,66.130(82.662%)(4.942m),82.000(72.353%)(6.643m),28.743(25.362%)(0.937m),16.308(14.390%)(0.000m),10.474(13.092%)(0.000m),40.000(100.000%)(3.214m),11.272(28.179%)(0.136m),3039.763,6859.832,56.7,1.4328,"[0.602, 0.872, 1.176, 0.532, 1.120, 1.100]","[3.511, 3.469, 3.064, 3.371, 3.709, 3.103]","[-6.504, -5.902, -5.913, -6.580, -6.383, -5.757]"
82,1,-6.7962,-5.1513,0.319,126,305,18,0,0.850,30,0.00,1465,537.71,0,0,78.639(98.299%)(6.283m),99.000(87.353%)(8.464m),63.212(55.775%)(4.630m),23.638(20.857%)(0.390m),12.108(15.135%)(0.000m),40.000(100.000%)(3.214m),9.938(24.845%)(0.000m),5164.863,11015.231,56.0,1.1740,"[-0.835, 0.138, 1.006, -1.055, 0.375, 0.968]","[3.220, 3.324, 3.051, 3.087, 3.683, 3.315]","[-5.494, -4.663, -4.094, -5.869, -5.041, -4.101]"
83,1,-6.1444,-5.1406,0.432,250,621,17,52,0.849,50,0.00,1490,1145.48,0,0,13.000(16.250%)(0.000m),27.000(23.824%)(0.750m),51.000(45.000%)(3.321m),71.418(63.016%)(5.509m),38.143(47.678%)(1.944m),34.238(85.595%)(2.597m),27.592(68.979%)(1.885m),727.638,5793.304,57.5,1.5316,"[0.463, 0.252, -0.046, 0.571, 0.515, -0.308]","[3.109, 3.312, 2.902, 3.024, 3.606, 3.041]","[-1.175, -2.554, -4.095, -1.110, -2.312, -4.280]"
84,1,-4.9545,-5.2066,0.364,79,215,17,0,0.847,25,0.00,1498,332.69,0,0,78.639(98.299%)(6.283m),93.900(82.853%)(7.918m),23.928(21.113%)(0.421m),14.268(12.590%)(0.000m),9.450(11.812%)(0.000m),40.000(100.000%)(3.214m),10.683(26.708%)(0.073m),2361.833,4917.651,63.1,0.0000,"[-1.289, -0.548, -0.061, -1.302, -0.556, 0.008]","[3.010, 3.392, 2.806, 2.890, 3.485, 3.008]","[-6.693, -5.900, -6.109, -6.936, -6.560, -5.784]"
85,1,-7.8062,-5.2490,0.338,293,712,2,65,0.845,55,0.00,1528,1281.20,0,0,12.000(15.000%)(0.000m),22.000(19.412%)(0.214m),60.000(52.941%)(4.286m),65.240(57.565%)(4.847m),32.097(40.121%)(1.296m),10.000(25.000%)(0.000m),23.069(57.672%)(1.400m),1549.938,5990.726,56.2,1.0298,"[0.571, 0.710, 0.761, 0.549, 0.878, 0.520]","[2.859, 3.107, 2.630, 2.772, 3.118, 2.720]","[-1.175, -2.538, -4.135, -1.204, -2.319, -4.178]"
86,1,-4.8135,-5.2205,0.355,196,490,19,0,0.844,45,0.00,1548,833.75,0,0,10.859(13.573%)(0.000m),18.848(16.630%)(0.000m),41.155(36.313%)(2.267m),60.000(52.941%)(4.286m),40.000(50.000%)(2.143m),10.090(25.224%)(0.010m),40.000(100.000%)(3.214m),2068.050,6715.504,57.9,1.1901,"[0.520, 0.310, -0.174, 0.575, 0.450, -0.240]","[2.232, 2.517, 2.226, 2.235, 2.794, 2.484]","[-4.845, -5.657, -5.661, -4.933, -5.884, -5.730]"
87,1,-4.0236,-5.2234,0.330,145,375,16,0,0.842,35,0.00,1563,626.19,0,0,57.000(71.250%)(3.964m),60.927(53.759%)(4.385m),20.781(18.336%)(0.084m),13.064(11.527%)(0.000m),8.966(11.207%)(0.000m),40.000(100.000%)(3.214m),10.786(26.966%)(0.084m),1683.895,4798.292,59.8,1.3910,"[0.034, 0.332, 0.419, 0.055, 0.644, 0.707]","[1.934, 2.191, 1.745, 1.955, 2.473, 2.187]","[-6.045, -5.692, -5.718, -6.504, -5.846, -5.691]"
88,1,-6.4617,-5.2235,0.328,150,362,19,0,0.840,35,0.00,1578,660.62,0,0,10.752(13.440%)(0.000m),17.615(15.543%)(0.000m),34.030(30.027%)(1.503m),81.000(71.471%)(6.536m),72.000(90.000%)(5.571m),10.752(26.880%)(0.081m),40.000(100.000%)(3.214m),3587.832,7607.903,55.9,1.2131,"[0.777, 0.459, -0.097, 0.934, 0.646, -0.143]","[2.641, 2.872, 2.313, 2.691, 3.235, 2.817]","[-5.239, -6.053, -5.748, -5.010, -6.214, -6.101]"
89,1,-6.8011,-5.2449,0.425,123,296,22,0,0.838,30,0.00,1591,538.91,0,0,11.189(13.986%)(0.000m),19.624(17.315%)(0.000m),43.920(38.753%)(2.563m),104.000(91.765%)(9.000m),77.067(96.334%)(6.114m),10.270(25.674%)(0.029m),40.000(100.000%)(3.214m),4798.399,9048.183,55.7,1.2470,"[0.708, 0.060, -0.625, 0.862, 0.295, -0.636]","[2.864, 3.096, 2.750, 3.004, 3.426, 3.070]","[-4.592, -5.557, -5.645, -4.536, -5.648, -5.922]"
90,1,-4.9014,-5.2401,0.393,154,380,20,0,0.837,35,0.00,1607,692.45,0,0,64.000(80.000%)(4.714m),90.000(79.412%)(7.500m),60.893(53.729%)(4.381m),22.786(20.106%)(0.299m),11.981(14.976%)(0.000m),40.000(100.000%)(3.214m),10.084(25.209%)(0.009m),3763.648,8703.972,57.1,1.3744,"[-0.287, 0.476, 0.978, -0.637, 0.759, 0.877]","[3.044, 3.060, 2.397, 2.948, 3.243, 2.573]","[-5.645, -5.053, -4.624, -5.985, -5.057, -4.708]"
91,1,-4.9155,-5.2286,0.363,176,480,20,22,0.835,45,0.00,1625,737.20,0,0,21.298(26.623%)(0.139m),43.848(38.690%)(2.555m),108.702(95.914%)(9.504m),21.000(18.529%)(0.107m),12.000(15.000%)(0.000m),15.044(37.610%)(0.540m),40.000(100.000%)(3.214m),1740.172,5015.396,63.1,1.1277,"[0.133, -0.106, -0.411, 0.325, 0.005, -0.603]","[2.498, 2.659, 2.293, 2.464, 2.843, 2.373]","[-4.774, -3.920, -2.777, -4.545, -3.952, -3.000]"
92,1,-4.9385,-5.3001,0.323,152,409,26,15,0.833,40,0.00,1641,656.93,0,0,77.786(97.233%)(6.191m),20.000(17.647%)(0.000m),19.000(16.765%)(0.000m),111.803(98.650%)(9.836m),54.078(67.597%)(3.651m),40.000(100.000%)(3.214m),39.317(98.291%)(3.141m),0.000,2128.471,62.2,0.0000,"[-0.021, -0.122, -0.196, 0.020, 0.160, -0.244]","[2.378, 2.483, 2.021, 2.303, 2.706, 2.273]","[-3.336, -3.888, -3.946, -3.171, -3.913, -4.266]"
93,1,-5.9179,-5.2795,0.336,183,469,15,0,0.832,45,0.00,1660,872.62,0,0,44.000(55.000%)(2.571m),60.000(52.941%)(4.286m),36.464(32.175%)(1.764m),17.840(15.741%)(0.000m),10.590(13.237%)(0.000m),40.000(100.000%)(3.214m),10.208(25.520%)(0.022m),3515.577,8277.173,59.3,1.2328,"[-0.349, 0.091, 0.394, -0.353, 0.357, 0.448]","[2.430, 2.637, 2.136, 2.329, 2.752, 2.334]","[-6.353, -5.779, -6.186, -6.798, -6.148, -5.803]"
94,1,-2.7760,-5.2041,0.279,160,425,0,10,0.830,40,0.00,1676,719.73,0,0,28.000(35.000%)(0.857m),24.000(21.177%)(0.429m),107.000(94.412%)(9.321m),93.825(82.787%)(7.910m),45.382(56.728%)(2.720m),40.000(100.000%)(3.214m),32.743(81.857%)(2.437m),654.875,3525.932,61.4,1.4096,"[0.589, 0.489, 0.145, 0.733, 0.822, 0.239]","[2.147, 2.258, 1.763, 2.131, 2.407, 2.061]","[-1.007, -2.425, -4.137, -0.682, -2.363, -4.107]"
95,1,-2.5929,-5.1230,0.309,166,424,19,0,0.828,40,0.00,1693,735.73,0,0,49.000(61.250%)(3.107m),59.000(52.059%)(4.179m),27.273(24.065%)(0.779m),15.474(13.654%)(0.000m),9.938(12.423%)(0.000m),40.000(100.000%)(3.214m),10.695(26.738%)(0.074m),1230.967,4176.599,59.1,1.4529,"[-0.312, -0.249, -0.045, -0.181, 0.009, -0.018]","[2.248, 2.310, 1.783, 2.381, 2.646, 1.969]","[-5.925, -5.730, -6.028, -6.156, -5.917, -5.655]"
96,1,-5.9068,-5.1851,0.344,245,601,16,7,0.827,50,0.00,1718,1094.72,0,0,10.435(13.044%)(0.000m),16.379(14.453%)(0.000m),29.267(25.824%)(0.993m),57.000(50.294%)(3.964m),31.000(38.750%)(1.179m),11.093(27.733%)(0.117m),40.000(100.000%)(3.214m),2969.186,8580.934,56.8,1.0293,"[0.425, 0.222, -0.069, 0.482, 0.536, -0.140]","[2.255, 2.455, 2.024, 2.119, 2.653, 2.207]","[-5.463, -6.537, -6.332, -5.352, -6.255, -6.054]"
97,1,-6.1402,-5.2402,0.303,144,349,19,0,0.825,35,0.00,1733,658.00,0,0,10.739(13.423%)(0.000m),17.593(15.523%)(0.000m),33.987(29.989%)(1.499m),87.000(76.765%)(7.179m),64.527(80.659%)(4.771m),10.739(26.846%)(0.079m),40.000(100.000%)(3.214m),3191.920,6628.834,56.1,1.3330,"[0.205, -0.123, -0.555, 0.301, 0.130, -0.453]","[1.898, 2.024, 1.652, 2.024, 2.395, 1.912]","[-4.898, -5.951, -5.869, -4.812, -5.844, -5.896]"
98,1,-4.5738,-5.2344,0.382,190,501,2,21,0.823,45,0.00,1752,800.56,0,0,11.000(13.750%)(0.000m),18.000(15.882%)(0.000m),33.000(29.118%)(1.393m),52.152(46.017%)(3.445m),25.039(31.299%)(0.540m),40.000(100.000%)(3.214m),17.759(44.397%)(0.831m),1808.295,5261.840,61.0,1.2187,"[-0.305, -0.017, 0.102, -0.296, 0.129, -0.109]","[1.809, 2.058, 1.658, 1.815, 2.289, 1.801]","[-4.576, -5.803, -5.999, -4.419, -5.807, -6.212]"
99,1,-3.1260,-5.1689,0.309,135,377,33,10,0.822,40,0.00,1766,612.50,0,0,22.000(27.500%)(0.214m),20.000(17.647%)(0.000m),28.000(24.706%)(0.857m),86.921(76.695%)(7.170m),50.590(63.237%)(3.277m),40.000(100.000%)(3.214m),40.000(100.000%)(3.214m),0.000,2152.806,64.5,2.6147,"[-0.277, -0.228, -0.379, -0.055, -0.038, -0.524]","[1.809, 2.023, 1.619, 1.865, 2.201, 1.777]","[-3.801, -4.026, -4.411, -3.239, -3.820, -4.392]"
100,1,-6.3301,-5.1896,0.267,149,364,17,0,0.820,35,0.00,1781,640.22,0,0,10.925(13.657%)(0.000m),18.063(15.938%)(0.000m),35.524(31.345%)(1.663m),88.000(77.647%)(7.286m),69.000(86.250%)(5.250m),10.793(26.982%)(0.085m),40.000(100.000%)(3.214m),2768.250,8775.005,56.6,0.8450,"[0.316, -0.154, -0.921, 0.388, 0.094, -0.949]","[1.919, 2.152, 1.623, 2.034, 2.531, 1.909]","[-5.387, -6.036, -5.771, -5.324, -6.132, -5.724]"
101,1,-6.4542,-5.2246,0.310,241,637,19,43,0.819,50,0.00,1806,1002.47,0,0,18.000(22.500%)(0.000m),33.000(29.118%)(1.393m),49.858(43.993%)(3.199m),20.486(18.076%)(0.052m),11.302(14.127%)(0.000m),18.000(45.000%)(0.857m),9.997(24.993%)(0.000m),3912.447,6633.228,61.2,1.1068,"[-0.347, -0.121, 0.073, -0.502, 0.177, 0.040]","[2.080, 2.202, 1.917, 1.951, 2.483, 2.395]","[-5.361, -4.910, -4.747, -5.941, -5.162, -4.608]"
102,1,-7.2108,-5.3515,0.264,89,213,18,0,0.817,25,0.00,1815,380.08,0,0,10.351(12.938%)(0.000m),15.628(13.790%)(0.000m),26.209(23.125%)(0.665m),102.849(90.750%)(8.877m),77.067(96.334%)(6.114m),11.702(29.254%)(0.182m),40.000(100.000%)(3.214m),4968.105,9699.671,55.5,0.0000,"[-0.309, -0.880, -1.507, -0.224, -0.606, -1.323]","[2.155, 2.286, 1.919, 2.257, 2.681, 2.192]","[-6.113, -6.740, -6.703, -6.054, -6.916, -6.187]"
103,1,-4.5383,-5.3346,0.263,136,358,18,0,0.815,35,0.00,1829,591.47,0,0,52.000(65.000%)(3.429m),86.000(75.883%)(7.071m),76.788(67.754%)(6.084m),28.846(25.453%)(0.948m),13.372(16.715%)(0.000m),40.000(100.000%)(3.214m),9.650(24.126%)(0.000m),2075.625,5039.726,61.0,1.2308,"[-0.817, -0.184, 0.295, -0.900, -0.056, 0.486]","[2.172, 2.458, 1.971, 2.250, 2.660, 2.333]","[-4.874, -4.084, -3.212, -5.268, -4.506, -3.016]"
104,1,-9.2091,-5.4818,0.272,233,570,39,14,0.814,45,0.00,1853,1006.66,0,0,25.008(31.260%)(0.537m),51.824(45.727%)(3.410m),19.000(16.765%)(0.000m),21.000(18.529%)(0.107m),77.067(96.334%)(6.114m),17.825(44.562%)(0.838m),40.000(100.000%)(3.214m),0.000,9655.753,56.7,1.3135,"[0.116, -0.201, -0.640, 0.185, -0.114, -0.708]","[2.136, 1.915, 1.536, 2.074, 2.265, 1.776]","[-4.700, -4.196, -3.039, -4.163, -4.810, -2.767]"
105,1,-5.2910,-5.5738,0.374,93,234,15,0,0.812,25,0.00,1863,456.93,0,0,11.864(14.830%)(0.000m),22.283(19.662%)(0.245m),58.812(51.893%)(4.158m),111.000(97.941%)(9.750m),77.067(96.334%)(6.114m),10.111(25.277%)(0.012m),40.000(100.000%)(3.214m),3986.977,7019.087,58.3,1.2736,"[-0.207, -0.951, -1.581, -0.175, -0.725, -1.692]","[1.873, 2.054, 1.721, 1.844, 2.434, 1.947]","[-3.574, -4.591, -5.084, -3.526, -4.749, -5.334]"
106,1,-3.7603,-5.5657,0.289,152,404,15,0,0.810,40,0.00,1879,660.99,0,0,10.718(13.397%)(0.000m),17.252(15.223%)(0.000m),32.236(28.444%)(1.311m),69.000(60.883%)(5.250m),45.000(56.250%)(2.679m),10.983(27.458%)(0.105m),40.000(100.000%)(3.214m),1701.276,4461.667,61.5,0.0000,"[0.520, 0.229, -0.212, 0.655, 0.605, -0.102]","[1.904, 2.071, 1.656, 1.983, 2.524, 1.935]","[-5.116, -5.813, -5.880, -5.024, -6.077, -5.921]"
107,1,-6.2952,-5.6380,0.352,117,282,29,0,0.809,30,0.00,1891,486.50,0,0,78.639(98.299%)(6.283m),108.000(95.294%)(9.429m),71.573(63.153%)(5.526m),27.942(24.655%)(0.851m),12.880(16.100%)(0.000m),40.000(100.000%)(3.214m),9.668(24.170%)(0.000m),4524.232,10022.756,55.7,1.1168,"[-1.691, -0.778, 0.101, -1.784, -0.507, 0.134]","[1.993, 2.238, 1.698, 2.103, 2.550, 2.076]","[-5.160, -4.523, -2.793, -5.294, -4.487, -2.983]"
108,1,-6.2310,-5.6339,0.340,512,1326,72,71,0.807,75,0.00,1943,2187.64,0,0,20.000(25.000%)(0.000m),30.000(26.471%)(1.071m),63.000(55.588%)(4.607m),27.000(23.824%)(0.750m),13.000(16.250%)(0.000m),23.000(57.500%)(1.393m),11.743(29.357%)(0.187m),205.378,4907.801,59.9,1.1776,"[-0.575, -0.188, -0.032, -0.673, -0.015, -0.064]","[2.360, 2.838, 2.085, 2.314, 2.928, 2.566]","[-5.902, -4.565, -4.664, -5.940, -4.676, -4.357]"
109,1,-4.6463,-5.6251,0.366,199,494,25,0,0.806,45,0.00,1963,870.54,0,0,47.000(58.750%)(2.893m),64.000(56.471%)(4.714m),53.041(46.801%)(3.540m),21.110(18.627%)(0.119m),11.513(14.391%)(0.000m),40.000(100.000%)(3.214m),10.058(25.146%)(0.006m),1480.151,5890.019,57.5,1.1829,"[0.135, 0.550, 0.888, 0.042, 0.827, 0.830]","[2.226, 2.496, 2.192, 2.203, 2.869, 2.486]","[-5.305, -4.993, -4.234, -5.526, -5.184, -4.591]"
110,1,-3.1117,-5.5235,0.377,140,397,13,0,0.804,40,0.00,1977,603.18,0,0,12.700(15.875%)(0.000m),26.256(23.167%)(0.670m),74.337(65.591%)(5.822m),79.000(69.706%)(6.321m),41.000(51.250%)(2.250m),9.908(24.771%)(0.000m),40.000(100.000%)(3.214m),1990.534,4699.460,65.6,0.8620,"[0.347, -0.051, -0.957, 0.289, -0.029, -1.058]","[2.321, 2.426, 1.955, 2.301, 2.662, 2.124]","[-2.886, -3.416, -4.501, -2.973, -3.778, -4.625]"
111,1,-8.3183,-5.5773,0.352,247,601,0,24,0.802,50,0.00,2002,1069.45,0,0,32.582(40.727%)(1.348m),61.613(54.364%)(4.458m),113.333(100.000%)(10.000m),23.000(20.294%)(0.321m),21.000(26.250%)(0.107m),23.432(58.580%)(1.439m),40.000(100.000%)(3.214m),3309.957,10559.955,56.3,1.2606,"[0.360, 0.426, 0.222, 0.445, 0.610, 0.071]","[1.923, 2.047, 1.715, 1.801, 2.244, 1.743]","[-4.617, -3.164, -1.781, -4.418, -3.158, -1.565]"
112,1,-3.9388,-5.5061,0.395,182,441,19,0,0.801,40,0.00,2021,797.69,0,0,60.000(75.000%)(4.286m),73.000(64.412%)(5.679m),54.192(47.817%)(3.663m),21.198(18.705%)(0.128m),11.425(14.281%)(0.000m),40.000(100.000%)(3.214m),9.858(24.646%)(0.000m),2629.747,6253.854,56.1,1.1792,"[0.225, 0.609, 0.740, 0.193, 0.716, 0.777]","[2.672, 2.904, 2.330, 2.746, 3.103, 2.666]","[-5.605, -4.981, -4.457, -5.771, -5.404, -4.686]"
113,1,-6.7150,-5.4982,0.396,234,586,47,0,0.799,50,0.00,2045,988.11,0,0,31.000(38.750%)(1.179m),60.000(52.941%)(4.286m),39.468(34.825%)(2.086m),18.912(16.687%)(0.000m),11.117(13.896%)(0.000m),40.000(100.000%)(3.214m),10.586(26.466%)(0.063m),3872.861,7971.211,57.9,1.1910,"[-0.257, 0.832, 1.202, -0.396, 0.987, 1.061]","[2.862, 3.156, 2.431, 2.893, 3.300, 2.500]","[-6.061, -5.688, -4.989, -5.917, -5.988, -5.075]"
114,1,-8.2972,-5.5269,0.386,321,802,27,59,0.798,55,0.00,2078,1362.74,0,0,23.284(29.105%)(0.352m),48.380(42.689%)(3.041m),48.000(42.353%)(3.000m),36.000(31.765%)(1.714m),26.000(32.500%)(0.643m),16.546(41.364%)(0.701m),11.000(27.500%)(0.107m),449.481,6793.117,57.8,1.2067,"[1.079, 1.089, 0.688, 1.095, 1.347, 0.677]","[4.141, 3.677, 2.513, 3.959, 3.232, 2.571]","[-1.843, -1.409, -1.640, -1.734, -1.260, -1.549]"
115,1,-4.2447,-5.5363,0.444,185,494,27,0,0.796,45,0.00,2097,792.16,0,0,39.000(48.750%)(2.036m),68.000(60.000%)(5.143m),67.183(59.279%)(5.055m),22.915(20.219%)(0.312m),11.894(14.867%)(0.000m),40.000(100.000%)(3.214m),9.886(24.715%)(0.000m),1711.189,5159.503,61.8,1.3717,"[-0.010, 0.824, 1.160, -0.320, 0.915, 1.090]","[2.571, 2.653, 2.096, 2.606, 2.858, 2.281]","[-4.505, -3.099, -2.170, -5.178, -3.567, -2.146]"
116,1,-5.5427,-5.4684,0.548,132,322,20,0,0.794,35,0.00,2111,584.25,0,0,77.786(97.233%)(6.191m),92.000(81.177%)(7.714m),36.378(32.098%)(1.755m),18.153(16.017%)(0.000m),10.878(13.598%)(0.000m),40.000(100.000%)(3.214m),10.615(26.539%)(0.066m),3080.676,8215.790,56.5,1.1390,"[-0.047, 0.651, 1.103, -0.070, 0.990, 1.259]","[2.551, 2.593, 2.590, 2.583, 3.097, 2.891]","[-6.837, -6.497, -5.971, -6.611, -6.851, -5.889]"
117,1,-6.4313,-5.4730,0.536,111,271,22,0,0.793,30,0.00,2123,479.83,0,0,11.521(14.401%)(0.000m),21.126(18.641%)(0.121m),52.719(46.517%)(3.506m),104.000(91.765%)(9.000m),77.067(96.334%)(6.114m),10.066(25.164%)(0.007m),40.000(100.000%)(3.214m),3559.981,8717.069,56.6,1.1930,"[0.632, 0.175, -0.862, 0.593, 0.170, -0.800]","[2.624, 3.097, 2.734, 2.715, 3.375, 3.057]","[-4.432, -4.786, -5.281, -4.692, -5.326, -5.483]"
118,1,-7.8194,-5.5246,0.411,528,1358,106,138,0.791,75,0.00,2176,2215.66,0,0,15.403(19.253%)(0.000m),27.000(23.824%)(0.750m),36.000(31.765%)(1.714m),21.000(18.529%)(0.107m),12.000(15.000%)(0.000m),10.805(27.012%)(0.086m),11.000(27.500%)(0.107m),125.765,4927.171,59.5,1.1342,"[0.424, 0.223, -0.321, 0.346, 0.322, -0.399]","[3.737, 3.315, 2.714, 3.407, 3.392, 2.993]","[-6.396, -4.474, -4.459, -6.201, -4.500, -4.195]"
119,1,-3.9865,-5.4623,0.486,137,371,17,0,0.790,35,0.00,2190,581.04,0,0,49.000(61.250%)(3.107m),74.000(65.294%)(5.786m),44.614(39.365%)(2.637m),19.934(17.589%)(0.000m),11.365(14.207%)(0.000m),40.000(100.000%)(3.214m),10.432(26.079%)(0.046m),1344.601,4369.851,62.6,1.0104,"[-0.015, 0.764, 0.941, 0.102, 0.875, 0.822]","[2.440, 2.749, 2.435, 2.651, 2.999, 2.337]","[-6.337, -5.359, -4.649, -6.084, -5.771, -5.161]"
120,1,-5.9889,-5.4909,0.424,176,440,16,0,0.788,40,0.00,2208,750.84,0,0,51.000(63.750%)(3.321m),60.000(52.941%)(4.286m),39.074(34.477%)(2.044m),18.723(16.520%)(0.000m),11.006(13.757%)(0.000m),40.000(100.000%)(3.214m),10.481(26.201%)(0.051m),2173.392,6537.113,57.8,1.1906,"[0.625, 0.898, 1.126, 0.732, 1.224, 1.182]","[2.477, 2.772, 2.540, 2.685, 2.936, 2.687]","[-6.289, -5.845, -5.011, -6.207, -5.968, -5.383]"
121,1,-3.0114,-5.4051,0.649,156,439,16,0,0.786,40,0.00,2224,700.22,0,0,11.722(14.653%)(0.000m),22.295(19.672%)(0.246m),62.594(55.230%)(4.564m),54.000(47.647%)(3.643m),35.000(43.750%)(1.607m),9.866(24.666%)(0.000m),40.000(100.000%)(3.214m),995.217,3671.130,65.1,1.0786,"[0.993, 0.632, 0.121, 0.921, 0.900, 0.122]","[2.561, 2.694, 2.350, 2.614, 3.164, 2.648]","[-3.075, -4.185, -4.950, -3.518, -4.665, -5.192]"
122,1,-5.9337,-5.4391,0.468,92,224,22,0,0.785,25,0.00,2234,382.25,0,0,9.913(12.391%)(0.000m),14.967(13.206%)(0.000m),25.100(22.147%)(0.546m),98.499(86.911%)(8.411m),77.067(96.334%)(6.114m),11.207(28.017%)(0.129m),40.000(100.000%)(3.214m),4048.912,7711.622,56.3,1.2741,"[0.158, -0.430, -0.821, 0.154, -0.134, -0.775]","[2.419, 2.548, 2.222, 2.500, 2.951, 2.492]","[-5.861, -6.505, -5.690, -5.836, -6.718, -6.101]"
123,1,-5.7448,-5.4343,0.510,129,319,19,0,0.783,35,0.00,2247,551.44,0,0,10.327(12.909%)(0.000m),17.074(15.065%)(0.000m),33.579(29.628%)(1.455m),88.000(77.647%)(7.286m),75.000(93.750%)(5.893m),10.202(25.504%)(0.022m),40.000(100.000%)(3.214m),3211.259,9224.135,57.2,1.1996,"[0.692, -0.024, -1.083, 0.651, 0.107, -1.027]","[2.137, 2.349, 2.056, 2.271, 2.672, 2.235]","[-5.706, -6.265, -5.604, -5.780, -6.477, -5.853]"
124,1,-5.1458,-5.4141,0.428,148,363,20,0,0.782,35,0.00,2262,627.60,0,0,69.000(86.250%)(5.250m),82.000(72.353%)(6.643m),46.616(41.132%)(2.852m),20.291(17.903%)(0.031m),11.445(14.307%)(0.000m),40.000(100.000%)(3.214m),10.377(25.942%)(0.040m),3150.463,6640.564,56.7,1.1320,"[-0.035, 0.426, 0.676, -0.044, 0.710, 0.837]","[2.444, 2.567, 1.975, 2.484, 2.915, 2.382]","[-6.309, -5.616, -4.798, -6.049, -6.103, -5.015]"
125,1,-3.0098,-5.3556,0.359,169,442,7,22,0.780,40,0.00,2279,725.39,0,0,52.472(65.590%)(3.479m),100.052(88.282%)(8.577m),55.000(48.530%)(3.750m),21.000(18.529%)(0.107m),26.000(32.500%)(0.643m),38.460(96.150%)(3.049m),40.000(100.000%)(3.214m),0.000,1965.918,60.5,0.9853,"[-0.544, -0.242, 0.176, -0.600, -0.082, 0.041]","[1.737, 1.782, 1.424, 1.682, 1.937, 1.560]","[-4.925, -3.187, -0.547, -5.076, -3.179, -0.937]"
126,1,-5.0426,-5.3269,0.520,76,197,16,0,0.779,25,0.00,2287,324.02,0,0,78.639(98.299%)(6.283m),50.479(44.540%)(3.266m),20.741(18.301%)(0.079m),13.637(12.032%)(0.000m),9.672(12.090%)(0.000m),40.000(100.000%)(3.214m),12.396(30.991%)(0.257m),3156.882,5722.396,59.9,0.9271,"[-1.182, -0.633, -0.244, -1.031, -0.486, -0.160]","[1.831, 2.108, 1.683, 1.958, 2.425, 1.893]","[-6.285, -5.949, -6.063, -5.777, -6.451, -5.622]"
127,1,-1.7455,-5.2855,0.391,153,410,40,11,0.777,40,0.00,2303,665.83,0,0,23.000(28.750%)(0.321m),20.000(17.647%)(0.000m),20.000(17.647%)(0.000m),42.000(37.059%)(2.357m),58.640(73.301%)(4.140m),40.000(100.000%)(3.214m),40.000(100.000%)(3.214m),0.000,2725.232,62.1,1.2013,"[-0.054, -0.168, -0.117, 0.085, 0.099, 0.076]","[1.670, 1.702, 1.378, 1.890, 2.083, 1.770]","[-5.912, -6.789, -6.212, -6.047, -6.924, -6.122]"
128,1,-8.4453,-5.4356,0.368,379,931,157,14,0.775,60,0.00,2341,1559.62,0,0,14.136(17.670%)(0.000m),30.168(26.619%)(1.089m),77.678(68.540%)(6.180m),70.000(61.765%)(5.357m),40.000(50.000%)(2.143m),9.927(24.817%)(0.000m),19.000(47.500%)(0.964m),2079.315,7119.018,56.8,1.2165,"[1.456, 0.840, -0.408, 1.411, 1.072, -0.314]","[3.339, 2.833, 1.849, 3.408, 2.734, 1.734]","[-1.916, -3.316, -4.878, -2.245, -3.532, -4.835]"
129,1,-6.1981,-5.4486,0.456,163,392,22,0,0.774,35,0.00,2358,725.90,0,0,11.502(14.378%)(0.000m),20.849(18.396%)(0.091m),50.742(44.772%)(3.294m),82.000(72.353%)(6.643m),69.000(86.250%)(5.250m),10.174(25.436%)(0.019m),40.000(100.000%)(3.214m),3856.369,9384.166,55.6,1.2780,"[1.313, 0.734, -0.206, 1.388, 0.999, -0.109]","[2.436, 2.535, 2.017, 2.691, 2.894, 2.327]","[-4.151, -5.019, -5.148, -4.472, -5.350, -5.559]"
130,1,-8.7079,-5.5245,0.437,247,604,51,19,0.772,50,0.00,2383,1047.94,0,0,11.254(14.068%)(0.000m),19.739(17.417%)(0.000m),42.000(37.059%)(2.357m),34.000(30.000%)(1.500m),29.000(36.250%)(0.964m),10.330(25.825%)(0.035m),40.000(100.000%)(3.214m),556.922,4089.078,56.6,1.2952,"[0.367, 0.332, 0.278, 0.429, 0.542, 0.195]","[2.163, 2.297, 1.944, 2.439, 2.547, 2.104]","[-4.571, -5.026, -5.424, -4.845, -5.719, -5.867]"
131,1,-5.6670,-5.5321,0.603,102,257,23,0,0.771,30,0.00,2394,436.82,0,0,11.470(14.337%)(0.000m),20.333(17.941%)(0.036m),46.714(41.219%)(2.862m),104.000(91.765%)(9.000m),77.067(96.334%)(6.114m),10.399(25.997%)(0.043m),40.000(100.000%)(3.214m),3142.194,6824.447,58.4,1.2946,"[0.471, 0.050, -0.927, 0.412, 0.051, -0.961]","[2.373, 2.674, 2.310, 2.466, 2.883, 2.414]","[-4.129, -4.707, -5.342, -4.412, -5.386, -5.662]"
132,1,-2.0799,-5.4377,0.487,134,373,10,11,0.769,40,0.00,2408,590.29,0,0,24.000(30.000%)(0.429m),27.000(23.824%)(0.750m),51.000(45.000%)(3.321m),99.166(87.500%)(8.482m),47.966(59.957%)(2.996m),40.000(100.000%)(3.214m),37.423(93.558%)(2.938m),0.000,2105.878,64.5,1.3472,"[0.772, 0.425, 0.094, 0.834, 0.786, 0.231]","[2.335, 2.557, 2.203, 2.501, 2.799, 2.449]","[-0.836, -2.709, -4.944, -0.934, -2.352, -4.541]"
133,1,-5.3150,-5.4211,0.420,144,361,21,0,0.768,35,0.00,2423,660.82,0,0,11.857(14.821%)(0.000m),22.551(19.898%)(0.273m),59.075(52.125%)(4.187m),78.000(68.824%)(6.214m),64.000(80.000%)(4.714m),9.980(24.949%)(0.000m),40.000(100.000%)(3.214m),2585.466,8722.339,58.0,1.1317,"[1.202, 0.536, -0.368, 1.168, 0.795, -0.275]","[2.237, 2.116, 1.961, 2.425, 2.680, 2.269]","[-3.360, -4.295, -5.046, -3.782, -4.848, -5.349]"
134,1,-4.4680,-5.4114,0.352,99,258,16,0,0.766,30,0.00,2433,410.38,0,0,77.786(97.233%)(6.191m),99.000(87.353%)(8.464m),35.328(31.172%)(1.642m),17.963(15.850%)(0.000m),10.865(13.581%)(0.000m),40.000(100.000%)(3.214m),10.733(26.833%)(0.079m),2690.514,5713.936,60.3,1.0493,"[-1.001, -0.304, 0.248, -0.977, -0.354, 0.313]","[1.964, 2.100, 1.812, 2.085, 2.388, 2.112]","[-6.600, -5.866, -5.676, -6.265, -7.014, -5.618]"
135,1,-3.8856,-5.3330,0.426,117,333,17,0,0.765,35,0.00,2445,488.65,0,0,53.000(66.250%)(3.536m),81.000(71.471%)(6.536m),83.499(73.676%)(6.803m),25.605(22.593%)(0.601m),12.385(15.481%)(0.000m),40.000(100.000%)(3.214m),9.663(24.157%)(0.000m),2568.202,5035.598,65.8,1.0649,"[-1.152, -0.204, 0.500, -1.152, -0.132, 0.390]","[2.061, 2.244, 1.833, 2.293, 2.565, 2.212]","[-5.666, -3.673, -1.759, -5.946, -4.541, -2.476]"
136,1,-7.5884,-5.3885,0.456,351,867,45,67,0.763,60,0.00,2481,1529.99,0,0,30.000(37.500%)(1.071m),43.000(37.941%)(2.464m),83.000(73.236%)(6.750m),43.201(38.118%)(2.486m),21.532(26.916%)(0.164m),14.000(35.000%)(0.429m),15.281(38.203%)(0.566m),837.392,5863.416,57.2,1.3831,"[0.310, 0.775, 0.883, 0.251, 1.000, 0.664]","[2.185, 2.406, 2.078, 2.520, 2.907, 2.323]","[-2.468, -0.590, -0.284, -3.022, -0.642, -1.279]"
137,1,-4.4584,-5.3972,0.416,164,419,17,0,0.762,40,0.00,2498,682.99,0,0,10.206(12.757%)(0.000m),16.152(14.251%)(0.000m),29.275(25.831%)(0.994m),63.000(55.588%)(4.607m),48.000(60.000%)(3.000m),10.717(26.793%)(0.077m),40.000(100.000%)(3.214m),1351.563,5536.742,59.1,1.2425,"[0.539, 0.200, -0.215, 0.683, 0.384, -0.247]","[2.081, 2.260, 1.839, 2.459, 2.681, 2.157]","[-5.398, -6.244, -5.486, -5.714, -6.777, -6.106]"
138,1,-5.0317,-5.3686,0.320,287,750,55,22,0.760,55,0.00,2527,1207.64,0,0,14.737(18.421%)(0.000m),31.122(27.461%)(1.192m),80.007(70.595%)(6.429m),59.000(52.059%)(4.179m),33.000(41.250%)(1.393m),10.362(25.905%)(0.039m),19.000(47.500%)(0.964m),1857.200,5914.640,60.5,1.2494,"[1.349, 0.978, 0.010, 1.302, 1.113, -0.050]","[2.934, 2.488, 1.761, 2.771, 2.455, 2.040]","[-0.049, -1.817, -4.145, -0.502, -2.160, -4.197]"
139,1,-6.1904,-5.3564,0.444,309,759,25,54,0.759,55,0.00,2558,1285.60,0,0,13.000(16.250%)(0.000m),55.000(48.530%)(3.750m),73.000(64.412%)(5.679m),59.888(52.842%)(4.274m),28.939(36.174%)(0.958m),10.000(25.000%)(0.000m),20.691(51.728%)(1.145m),1802.811,6129.896,56.8,1.1068,"[0.749, 0.842, 0.811, 0.829, 1.184, 0.715]","[1.920, 2.210, 1.755, 2.049, 2.587, 2.126]","[-0.671, -0.279, -0.154, -0.647, -0.253, -1.348]"
140,1,-6.1189,-5.3807,0.345,193,490,33,0,0.757,45,0.00,2578,822.49,0,0,9.029(11.286%)(0.000m),12.980(11.453%)(0.000m),20.265(17.881%)(0.028m),46.000(40.588%)(2.786m),41.000(51.250%)(2.250m),11.140(27.849%)(0.122m),33.611(84.027%)(2.530m),753.360,4566.452,58.7,1.0345,"[0.016, -0.233, -0.158, 0.046, 0.120, -0.114]","[1.684, 1.789, 1.632, 1.807, 2.085, 1.635]","[-5.759, -6.678, -6.045, -5.639, -7.404, -5.894]"
141,1,-4.8804,-5.3800,0.357,182,479,25,0,0.756,45,0.00,2597,779.76,0,0,44.000(55.000%)(2.571m),59.000(52.059%)(4.179m),101.911(89.922%)(8.776m),27.481(24.248%)(0.802m),12.925(16.157%)(0.000m),40.000(100.000%)(3.214m),9.828(24.571%)(0.000m),3528.247,6346.145,60.9,1.2728,"[-0.283, 0.268, 0.715, -0.196, 0.617, 0.809]","[2.044, 2.389, 1.963, 2.311, 2.583, 2.346]","[-4.813, -2.520, -0.511, -5.363, -2.518, -0.930]"
142,1,-5.7027,-5.3953,0.374,232,609,16,53,0.754,50,0.00,2621,1100.70,0,0,12.000(15.000%)(0.000m),48.000(42.353%)(3.000m),85.000(75.000%)(6.964m),64.255(56.696%)(4.742m),33.775(42.219%)(1.476m),11.000(27.500%)(0.107m),24.227(60.567%)(1.524m),2463.654,4823.144,60.8,1.1171,"[0.257, 0.322, 0.283, 0.441, 0.712, 0.235]","[1.581, 1.900, 1.638, 1.851, 2.216, 1.748]","[-1.498, -1.107, -1.446, -1.473, -1.167, -1.809]"
143,1,-6.3383,-5.4037,0.427,309,811,30,61,0.753,60,0.00,2652,1315.23,0,0,22.000(27.500%)(0.214m),54.000(47.647%)(3.643m),35.711(31.509%)(1.683m),18.158(16.021%)(0.000m),10.983(13.728%)(0.000m),16.000(40.000%)(0.643m),10.849(27.123%)(0.091m),1080.789,4252.962,60.7,1.2324,"[-0.491, -0.035, 0.160, -0.536, 0.143, 0.165]","[1.631, 2.050, 1.580, 1.907, 2.275, 1.951]","[-5.694, -6.083, -6.201, -5.737, -6.242, -5.696]"
144,1,-4.4829,-5.4379,0.433,289,769,18,8,0.751,60,0.00,2681,1281.86,0,0,12.465(15.581%)(0.000m),25.386(22.400%)(0.577m),67.598(59.646%)(5.100m),52.000(45.882%)(3.429m),31.000(38.750%)(1.179m),9.850(24.625%)(0.000m),21.000(52.500%)(1.179m),745.266,4343.456,61.6,1.4595,"[1.109, 0.883, 0.355, 1.190, 1.118, 0.212]","[2.387, 2.538, 2.073, 2.474, 2.875, 2.498]","[-2.403, -4.139, -4.965, -2.967, -4.430, -5.265]"
145,1,-3.8826,-5.4637,0.433,213,626,14,86,0.750,55,0.00,2703,919.46,0,0,10.705(13.381%)(0.000m),17.085(15.075%)(0.000m),31.431(27.733%)(1.225m),52.000(45.882%)(3.429m),25.000(31.250%)(0.536m),11.105(27.763%)(0.118m),18.000(45.000%)(0.857m),1274.215,3381.905,68.0,1.2761,"[0.450, 0.137, 0.038, 0.452, 0.370, -0.108]","[2.747, 3.216, 2.800, 3.003, 3.417, 3.067]","[-5.282, -6.180, -5.517, -5.683, -6.780, -5.802]"
146,1,-0.7733,-5.3610,0.363,166,436,0,14,0.748,40,0.00,2720,747.23,0,0,43.038(53.797%)(2.468m),81.855(72.225%)(6.627m),69.000(60.883%)(5.250m),31.000(27.353%)(1.179m),23.000(28.750%)(0.321m),36.223(90.558%)(2.810m),40.000(100.000%)(3.214m),58.855,2894.405,60.8,2.9600,"[0.395, 0.523, 0.779, 0.499, 0.789, 0.750]","[1.809, 2.075, 1.959, 1.908, 2.249, 2.161]","[-3.520, -2.798, -0.696, -3.324, -2.528, -0.923]"
147,1,-4.4344,-5.3269,0.350,202,517,24,6,0.747,45,0.00,2741,884.53,0,0,31.000(38.750%)(1.179m),41.000(36.177%)(2.250m),53.749(47.426%)(3.616m),21.259(18.758%)(0.135m),11.457(14.321%)(0.000m),40.000(100.000%)(3.214m),9.886(24.716%)(0.000m),1647.673,5920.763,59.2,1.5433,"[-0.109, 0.119, 0.247, -0.000, 0.475, 0.203]","[1.914, 2.232, 1.818, 2.157, 2.660, 2.031]","[-5.493, -5.035, -4.610, -5.581, -5.586, -5.221]"
148,1,-1.3414,-5.2622,0.361,190,482,71,14,0.745,45,0.00,2760,819.03,0,0,56.596(70.745%)(3.921m),102.587(90.518%)(8.849m),21.000(18.529%)(0.107m),20.000(17.647%)(0.000m),23.000(28.750%)(0.321m),40.000(100.000%)(3.214m),40.000(100.000%)(3.214m),0.000,2635.498,58.8,1.6702,"[-0.214, -0.088, 0.216, -0.043, -0.005, 0.039]","[1.864, 2.247, 1.925, 2.019, 2.388, 2.007]","[-6.438, -6.041, -5.242, -5.530, -6.692, -5.243]"
149,1,-9.2583,-5.3849,0.327,255,612,6,21,0.744,50,0.00,2786,1095.16,0,0,27.925(34.907%)(0.849m),53.996(47.643%)(3.642m),52.000(45.882%)(3.429m),22.000(19.412%)(0.214m),29.000(36.250%)(0.964m),19.961(49.903%)(1.067m),40.000(100.000%)(3.214m),0.000,9488.925,55.6,1.1070,"[0.306, 0.337, 0.209, 0.332, 0.653, 0.255]","[1.522, 1.759, 1.427, 1.715, 2.180, 1.686]","[-6.215, -5.519, -3.598, -5.826, -6.027, -3.899]"
150,1,-3.3744,-5.3257,0.291,229,583,45,25,0.742,50,0.00,2809,953.18,0,0,11.375(14.219%)(0.000m),20.858(18.404%)(0.092m),45.000(39.706%)(2.679m),39.000(34.412%)(2.036m),28.000(35.000%)(0.857m),9.938(24.845%)(0.000m),40.000(100.000%)(3.214m),575.654,4653.682,58.9,1.2489,"[0.155, -0.082, -0.370, 0.156, 0.215, -0.405]","[1.734, 2.042, 1.759, 1.885, 2.302, 1.997]","[-4.031, -4.890, -5.005, -4.593, -5.404, -5.363]"
151,1,-2.9338,-5.2553,0.349,170,445,34,15,0.741,40,0.00,2826,760.10,0,0,45.424(56.780%)(2.724m),81.179(71.629%)(6.555m),35.000(30.882%)(1.607m),28.000(24.706%)(0.857m),22.000(27.500%)(0.214m),40.000(100.000%)(3.214m),40.000(100.000%)(3.214m),0.000,2728.801,60.6,1.1348,"[0.284, 0.396, 0.464, 0.398, 0.590, 0.635]","[1.897, 2.130, 1.698, 2.021, 2.395, 2.044]","[-3.462, -2.935, -1.941, -3.240, -3.328, -1.762]"
152,1,-3.4286,-5.1797,0.420,174,468,16,9,0.739,45,0.00,2844,761.94,0,0,32.000(40.000%)(1.286m),41.000(36.177%)(2.250m),39.158(34.551%)(2.053m),18.763(16.555%)(0.000m),11.030(13.787%)(0.000m),40.000(100.000%)(3.214m),10.503(26.258%)(0.054m),554.167,3716.791,62.2,1.0603,"[-0.099, 0.044, 0.043, -0.027, 0.235, 0.151]","[2.438, 2.868, 2.205, 2.598, 3.194, 2.643]","[-5.660, -5.630, -6.026, -5.466, -6.666, -5.562]"
153,1,-3.4283,-5.1575,0.331,193,533,12,38,0.738,45,0.00,2864,812.95,0,0,32.310(40.387%)(1.319m),62.793(55.405%)(4.585m),97.000(85.588%)(8.250m),51.000(45.000%)(3.321m),11.000(13.750%)(0.000m),23.051(57.627%)(1.398m),10.000(25.000%)(0.000m),1259.969,3668.792,63.9,1.1872,"[0.471, 0.533, 0.418, 0.587, 0.913, 0.452]","[2.110, 2.352, 1.819, 2.224, 2.736, 2.063]","[-1.880, -1.767, -1.573, -2.192, -1.729, -1.995]"
154,1,-6.6595,-5.1065,0.453,91,222,21,0,0.736,25,0.00,2874,391.26,0,0,77.786(97.233%)(6.191m),109.000(96.177%)(9.536m),33.454(29.518%)(1.441m),17.615(15.543%)(0.000m),10.848(13.560%)(0.000m),40.000(100.000%)(3.214m),10.981(27.454%)(0.105m),3905.280,8807.730,56.5,1.4673,"[-0.885, -0.408, -0.194, -0.887, -0.330, 0.244]","[2.166, 2.521, 1.946, 2.350, 2.811, 2.286]","[-5.889, -6.018, -6.564, -6.042, -6.821, -5.666]"
155,1,-4.9375,-5.0994,0.331,213,536,56,20,0.735,45,0.00,2896,925.74,0,0,10.386(12.982%)(0.000m),16.575(14.625%)(0.000m),30.493(26.905%)(1.124m),32.000(28.235%)(1.286m),29.000(36.250%)(0.964m),10.774(26.934%)(0.083m),40.000(100.000%)(3.214m),444.195,3901.634,58.3,1.0706,"[-0.020, -0.092, -0.196, -0.058, 0.040, -0.239]","[1.918, 2.330, 2.005, 1.993, 2.500, 2.287]","[-5.430, -5.695, -5.400, -5.726, -6.445, -5.320]"
156,1,-4.4420,-5.1131,0.297,179,466,28,0,0.733,40,0.00,2914,778.69,0,0,10.706(13.382%)(0.000m),17.539(15.476%)(0.000m),33.883(29.897%)(1.487m),42.000(37.059%)(2.357m),36.000(45.000%)(1.714m),10.706(26.764%)(0.076m),40.000(100.000%)(3.214m),711.556,3431.132,60.3,1.2715,"[-0.225, -0.324, -0.339, -0.162, -0.186, -0.383]","[1.820, 2.199, 2.007, 2.018, 2.382, 2.087]","[-5.589, -5.869, -5.583, -5.756, -6.652, -5.566]"
157,1,-4.6146,-5.0795,0.310,154,376,16,0,0.732,35,0.00,2930,674.47,0,0,69.000(86.250%)(5.250m),81.000(71.471%)(6.536m),39.621(34.960%)(2.102m),18.985(16.751%)(0.000m),11.160(13.950%)(0.000m),40.000(100.000%)(3.214m),10.627(26.568%)(0.067m),2953.595,6298.885,56.5,1.3442,"[-0.117, 0.370, 0.499, -0.163, 0.568, 0.623]","[1.672, 1.925, 1.620, 1.758, 2.086, 1.648]","[-5.396, -5.166, -5.642, -5.305, -5.776, -5.003]"
158,1,-2.9195,-5.0132,0.361,143,386,15,0,0.730,40,0.00,2945,649.35,0,0,45.000(56.250%)(2.679m),63.000(55.588%)(4.607m),26.436(23.326%)(0.690m),15.198(13.410%)(0.000m),9.838(12.298%)(0.000m),40.000(100.000%)(3.214m),10.718(26.796%)(0.077m),861.452,3818.303,62.4,1.1409,"[-0.098, 0.246, 0.353, 0.002, 0.479, 0.445]","[1.950, 2.206, 1.700, 1.970, 2.521, 1.857]","[-6.043, -6.079, -7.195, -5.474, -6.923, -6.252]"
159,1,-1.2235,-4.9448,0.340,120,346,31,9,0.729,35,0.00,2957,534.54,0,0,65.664(82.081%)(4.893m),113.333(100.000%)(10.000m),19.000(16.765%)(0.000m),20.000(17.647%)(0.000m),73.893(92.366%)(5.774m),40.000(100.000%)(3.214m),40.000(100.000%)(3.214m),0.000,2208.696,66.8,1.4898,"[-0.028, -0.150, -0.231, 0.139, -0.194, -0.194]","[2.043, 2.310, 1.962, 2.202, 2.571, 2.192]","[-5.330, -5.613, -5.922, -4.471, -6.732, -5.064]"
160,1,-5.6862,-4.9963,0.314,90,222,17,0,0.727,25,0.00,2966,403.10,0,0,9.057(11.322%)(0.000m),12.771(11.268%)(0.000m),19.424(17.138%)(0.000m),47.272(41.711%)(2.922m),76.230(95.288%)(6.025m),11.609(29.022%)(0.172m),40.000(100.000%)(3.214m),3311.789,8286.860,57.0,0.0000,"[-0.047, -0.444, -0.828, -0.000, -0.276, -0.654]","[2.123, 2.328, 1.881, 2.309, 2.599, 2.115]","[-5.751, -5.615, -5.094, -5.476, -6.722, -5.030]"
161,1,-3.1035,-4.8920,0.366,209,534,50,12,0.726,45,0.00,2987,915.61,0,0,16.730(20.913%)(0.000m),35.069(30.943%)(1.615m),25.000(22.059%)(0.536m),15.000(13.235%)(0.000m),22.000(27.500%)(0.214m),11.778(29.445%)(0.191m),40.000(100.000%)(3.214m),2232.373,6118.834,59.1,1.6238,"[0.482, 0.054, -0.551, 0.382, 0.338, -0.448]","[1.994, 2.275, 1.976, 2.159, 2.586, 2.229]","[-7.148, -7.393, -7.119, -7.060, -8.526, -6.783]"
162,1,-5.5302,-4.9238,0.389,97,254,15,0,0.724,30,0.00,2997,414.88,0,0,78.639(98.299%)(6.283m),102.000(90.000%)(8.786m),50.380(44.453%)(3.255m),20.700(18.265%)(0.075m),11.420(14.275%)(0.000m),40.000(100.000%)(3.214m),10.102(25.254%)(0.011m),2699.369,6283.013,60.6,1.1367,"[-0.937, -0.423, 0.029, -1.217, -0.445, -0.021]","[2.443, 2.752, 2.220, 2.404, 2.908, 2.281]","[-5.324, -5.515, -5.116, -6.037, -6.094, -5.400]"
163,1,-3.1787,-4.8531,0.341,154,390,15,0,0.723,40,0.00,3013,701.96,0,0,59.000(73.750%)(4.179m),76.000(67.059%)(6.000m),59.620(52.606%)(4.245m),22.541(19.889%)(0.272m),11.851(14.814%)(0.000m),40.000(100.000%)(3.214m),9.975(24.937%)(0.000m),2245.646,4990.675,58.6,1.2729,"[-0.118, 0.119, 0.412, -0.201, 0.329, 0.447]","[2.107, 2.295, 1.907, 2.097, 2.415, 2.021]","[-5.631, -5.186, -3.934, -6.399, -5.618, -4.448]"
164,1,-5.3249,-4.7936,0.286,207,517,66,12,0.722,45,0.00,3034,892.75,0,0,64.762(80.953%)(4.796m),23.000(20.294%)(0.321m),20.000(17.647%)(0.000m),20.000(17.647%)(0.000m),52.546(65.683%)(3.487m),40.000(100.000%)(3.214m),38.261(95.654%)(3.028m),0.000,2845.037,57.8,1.6314,"[-0.120, -0.103, -0.126, -0.020, -0.045, -0.114]","[1.729, 2.097, 1.734, 1.865, 2.228, 1.797]","[-6.416, -6.301, -5.527, -6.195, -7.571, -5.055]"
165,1,-6.0712,-4.8301,0.303,207,519,34,21,0.720,45,0.00,3055,879.10,0,0,22.151(27.688%)(0.230m),44.576(39.332%)(2.633m),46.000(40.588%)(2.786m),21.000(18.529%)(0.107m),29.000(36.250%)(0.964m),15.712(39.279%)(0.612m),40.000(100.000%)(3.214m),0.000,8949.195,58.0,1.2607,"[-0.063, -0.096, -0.446, -0.015, 0.154, -0.397]","[1.401, 1.696, 1.313, 1.585, 1.863, 1.449]","[-5.855, -5.500, -4.102, -5.307, -5.963, -3.725]"
166,1,-7.9341,-4.8780,0.383,260,657,100,33,0.719,50,0.00,3081,1096.16,0,0,15.621(19.526%)(0.000m),30.000(26.471%)(1.071m),41.000(36.177%)(2.250m),20.488(18.078%)(0.052m),11.303(14.129%)(0.000m),10.997(27.493%)(0.107m),9.998(24.996%)(0.000m),152.198,7706.137,58.5,1.1965,"[-0.639, -0.872, -1.191, -0.654, -0.634, -1.247]","[2.312, 2.807, 2.222, 2.538, 3.135, 2.531]","[-6.205, -6.173, -5.329, -5.814, -6.617, -5.526]"
167,1,-3.4202,-4.8177,0.320,200,502,0,17,0.717,45,0.00,3101,866.37,0,0,25.000(31.250%)(0.536m),27.000(23.824%)(0.750m),64.000(56.471%)(4.714m),101.316(89.396%)(8.712m),49.005(61.257%)(3.108m),40.000(100.000%)(3.214m),35.642(89.104%)(2.747m),0.000,2670.973,58.1,1.3518,"[0.375, -0.045, -0.341, 0.436, 0.536, -0.194]","[1.566, 1.779, 1.751, 1.752, 2.130, 1.751]","[-0.460, -3.174, -6.031, -1.306, -2.518, -5.670]"
168,1,-4.1534,-4.7444,0.305,192,490,15,0,0.716,45,0.00,3121,905.06,0,0,41.000(51.250%)(2.250m),60.000(52.941%)(4.286m),31.539(27.829%)(1.236m),16.879(14.893%)(0.000m),10.486(13.108%)(0.000m),40.000(100.000%)(3.214m),10.746(26.864%)(0.080m),1613.856,4655.417,59.0,1.5026,"[0.069, 0.466, 0.467, 0.096, 0.766, 0.623]","[2.070, 2.460, 1.849, 2.136, 2.660, 2.052]","[-5.844, -6.357, -7.009, -5.698, -6.511, -6.445]"
169,1,-6.0095,-4.7849,0.331,184,457,23,0,0.714,40,0.00,3140,792.65,0,0,11.840(14.800%)(0.000m),22.518(19.869%)(0.270m),59.001(52.060%)(4.179m),70.000(61.765%)(5.357m),49.000(61.250%)(3.107m),9.965(24.913%)(0.000m),40.000(100.000%)(3.214m),2283.213,6734.123,57.5,1.2385,"[0.882, 0.540, -0.036, 0.857, 0.785, -0.061]","[1.962, 2.247, 1.865, 2.063, 2.468, 2.045]","[-3.041, -4.464, -5.349, -3.951, -4.954, -5.564]"
170,1,-2.7798,-4.7207,0.354,302,768,26,19,0.713,55,0.00,3171,1283.71,0,0,21.579(26.974%)(0.169m),45.003(39.708%)(2.679m),113.333(100.000%)(10.000m),58.000(51.177%)(4.071m),34.000(42.500%)(1.500m),15.290(38.226%)(0.567m),11.000(27.500%)(0.107m),2443.637,6559.641,58.8,1.2509,"[0.835, 0.827, 0.504, 0.869, 1.031, 0.405]","[1.844, 2.290, 1.974, 1.881, 2.439, 2.067]","[-1.681, -2.710, -2.291, -1.816, -2.687, -2.846]"
171,1,-5.9751,-4.7800,0.304,201,515,21,10,0.712,45,0.00,3192,896.00,0,0,29.000(36.250%)(0.964m),38.000(33.530%)(1.929m),31.744(28.010%)(1.258m),16.714(14.748%)(0.000m),10.294(12.867%)(0.000m),40.000(100.000%)(3.214m),10.420(26.050%)(0.045m),507.006,3453.420,59.3,1.7610,"[0.093, 0.152, 0.226, 0.249, 0.430, 0.165]","[2.260, 2.724, 2.181, 2.587, 3.035, 2.381]","[-5.705, -5.738, -5.549, -5.660, -6.000, -5.647]"
172,1,-7.9822,-4.8210,0.395,211,529,30,14,0.710,45,0.00,3214,939.36,0,0,24.000(30.000%)(0.429m),22.000(19.412%)(0.214m),47.000(41.471%)(2.893m),67.000(59.118%)(5.036m),50.389(62.987%)(3.256m),22.513(56.282%)(1.341m),39.819(99.548%)(3.195m),0.000,5693.900,58.0,1.3476,"[0.466, -0.050, -0.518, 0.386, 0.326, -0.557]","[2.123, 2.452, 2.119, 2.273, 2.868, 2.207]","[-1.720, -4.630, -7.369, -2.483, -4.377, -7.361]"
173,1,-5.3096,-4.8123,0.488,156,410,18,0,0.709,40,0.00,3230,676.67,0,0,46.000(57.500%)(2.786m),57.000(50.294%)(3.964m),28.555(25.196%)(0.917m),15.755(13.901%)(0.000m),9.955(12.443%)(0.000m),40.000(100.000%)(3.214m),10.454(26.135%)(0.049m),1112.618,3948.478,60.9,1.1141,"[0.074, 0.063, 0.255, 0.130, 0.288, 0.167]","[2.605, 2.915, 2.296, 2.726, 3.233, 2.527]","[-6.020, -6.521, -6.523, -5.694, -6.685, -6.380]"
174,1,-6.5493,-4.8403,0.442,101,244,18,0,0.707,25,0.00,3241,449.57,0,0,10.428(13.035%)(0.000m),15.863(13.997%)(0.000m),26.916(23.750%)(0.741m),103.000(90.883%)(8.893m),76.230(95.288%)(6.025m),11.644(29.110%)(0.176m),40.000(100.000%)(3.214m),4446.187,8132.944,55.9,1.4356,"[0.607, 0.229, -0.152, 0.449, 0.413, -0.195]","[2.535, 2.932, 2.616, 2.547, 3.221, 2.859]","[-5.772, -6.327, -5.728, -5.981, -7.093, -6.320]"
175,1,-2.7199,-4.8345,0.349,153,412,20,0,0.706,40,0.00,3257,672.45,0,0,45.000(56.250%)(2.679m),72.000(63.530%)(5.571m),58.758(51.846%)(4.153m),22.106(19.505%)(0.226m),11.769(14.712%)(0.000m),40.000(100.000%)(3.214m),10.030(25.075%)(0.003m),1477.087,4637.559,62.3,1.2617,"[-0.085, 0.546, 0.886, -0.296, 0.754, 0.801]","[2.633, 2.946, 2.439, 2.598, 3.204, 2.491]","[-5.613, -5.605, -4.866, -6.105, -5.893, -5.016]"
176,1,-2.9512,-4.7927,0.351,151,407,0,12,0.704,40,0.00,3273,706.50,0,0,45.368(56.710%)(2.718m),84.700(74.736%)(6.932m),91.000(80.294%)(7.607m),29.000(25.588%)(0.964m),24.000(30.000%)(0.429m),32.903(82.258%)(2.454m),40.000(100.000%)(3.214m),111.451,3400.567,62.4,1.3229,"[0.616, 0.937, 1.101, 0.661, 0.987, 0.985]","[2.643, 3.192, 2.609, 2.742, 3.331, 2.764]","[-4.690, -3.753, -0.733, -4.700, -3.745, -1.333]"
177,1,-3.6486,-4.8308,0.326,148,381,18,0,0.703,35,0.00,3288,694.28,0,0,54.000(67.500%)(3.643m),73.000(64.412%)(5.679m),46.580(41.100%)(2.848m),20.275(17.889%)(0.029m),11.436(14.296%)(0.000m),40.000(100.000%)(3.214m),10.369(25.922%)(0.040m),2215.513,5494.353,59.6,1.5642,"[0.257, 0.842, 0.919, 0.187, 1.055, 0.968]","[2.395, 2.836, 2.253, 2.448, 2.947, 2.369]","[-5.299, -5.193, -4.356, -5.483, -5.195, -4.630]"
178,1,-7.8221,-4.8183,0.337,337,926,36,100,0.702,65,0.00,3322,1460.08,0,0,9.484(11.855%)(0.000m),13.634(12.030%)(0.000m),21.285(18.781%)(0.138m),47.431(41.851%)(2.939m),23.735(29.669%)(0.400m),11.700(29.251%)(0.182m),16.842(42.105%)(0.733m),1290.778,5715.649,63.6,1.3565,"[-0.256, -0.004, 0.061, -0.304, 0.198, 0.118]","[2.123, 2.480, 2.090, 2.223, 2.833, 2.353]","[-6.051, -6.024, -4.955, -5.882, -6.568, -5.394]"
179,1,-4.3084,-4.7805,0.437,279,690,30,72,0.700,55,0.00,3350,1196.10,0,0,13.000(16.250%)(0.000m),26.000(22.941%)(0.643m),46.000(40.588%)(2.786m),69.000(60.883%)(5.250m),35.229(44.036%)(1.632m),10.000(25.000%)(0.000m),25.416(63.541%)(1.652m),346.284,4537.711,57.2,1.2809,"[0.878, 0.685, 0.437, 0.906, 1.013, 0.424]","[2.360, 2.864, 2.457, 2.477, 3.188, 2.623]","[-0.909, -3.704, -6.313, -1.738, -3.517, -6.302]"
180,1,-2.2319,-4.6510,0.398,220,553,0,30,0.699,45,0.00,3372,1006.94,0,0,14.000(17.500%)(0.000m),21.000(18.529%)(0.107m),68.000(60.000%)(5.143m),64.534(56.942%)(4.772m),34.020(42.525%)(1.502m),40.000(100.000%)(3.214m),24.425(61.063%)(1.546m),1175.644,4810.426,58.2,1.1745,"[1.250, 0.962, 0.648, 1.162, 1.242, 0.734]","[2.995, 3.253, 2.615, 2.951, 3.502, 2.763]","[-1.195, -4.349, -6.996, -2.076, -4.191, -6.832]"
181,1,-6.1260,-4.6602,0.337,75,192,23,0,0.697,25,0.00,3380,359.49,0,0,78.639(98.299%)(6.283m),111.000(97.941%)(9.750m),41.579(36.687%)(2.312m),19.489(17.197%)(0.000m),11.343(14.179%)(0.000m),40.000(100.000%)(3.214m),10.670(26.676%)(0.072m),2844.709,7266.700,59.2,1.2433,"[-0.948, -0.508, -0.006, -0.938, -0.256, 0.053]","[2.724, 2.949, 2.514, 2.738, 3.121, 2.461]","[-5.448, -5.751, -5.587, -5.258, -5.380, -4.961]"
182,1,-3.6187,-4.6909,0.488,169,422,17,0,0.696,40,0.00,3397,712.55,0,0,10.729(13.411%)(0.000m),17.738(15.651%)(0.000m),34.886(30.782%)(1.595m),69.000(60.883%)(5.250m),55.000(68.750%)(3.750m),10.599(26.497%)(0.064m),40.000(100.000%)(3.214m),1909.784,6168.828,57.7,1.2230,"[0.925, 0.644, 0.071, 0.972, 0.712, -0.030]","[2.650, 3.013, 2.495, 2.747, 3.124, 2.380]","[-5.548, -6.088, -5.787, -5.668, -6.681, -5.808]"
183,1,-4.3238,-4.6711,0.334,338,971,0,51,0.695,65,0.00,3431,1446.13,0,0,15.000(18.750%)(0.000m),25.000(22.059%)(0.536m),113.333(100.000%)(10.000m),54.177(47.804%)(3.662m),25.993(32.492%)(0.642m),20.000(50.000%)(1.071m),18.412(46.031%)(0.901m),1541.428,4819.625,66.5,1.3015,"[-0.452, -0.009, -0.106, -0.546, 0.185, -0.089]","[2.253, 2.717, 2.256, 2.416, 2.817, 2.487]","[-3.183, -5.589, -7.719, -3.884, -5.931, -7.409]"
184,1,-1.7852,-4.6175,0.423,162,429,31,23,0.693,40,0.00,3448,693.20,0,0,22.000(27.500%)(0.214m),26.000(22.941%)(0.643m),35.000(30.882%)(1.607m),67.505(59.563%)(5.090m),40.453(50.566%)(2.191m),40.000(100.000%)(3.214m),39.476(98.690%)(3.158m),6.678,2397.246,61.3,1.1128,"[0.680, 0.585, 0.196, 0.714, 0.595, 0.186]","[2.866, 3.401, 2.603, 3.040, 3.564, 2.793]","[-2.326, -3.778, -5.695, -2.403, -3.905, -5.539]"
185,1,-6.8735,-4.6772,0.469,222,616,54,95,0.692,50,0.00,3471,911.89,0,0,19.000(23.750%)(0.000m),37.000(32.647%)(1.821m),92.000(81.177%)(7.714m),79.103(69.797%)(6.332m),38.261(47.827%)(1.957m),13.000(32.500%)(0.321m),27.512(68.780%)(1.876m),734.479,4640.160,64.2,1.2153,"[0.049, -0.215, -0.153, -0.036, -0.091, -0.339]","[2.815, 3.371, 2.702, 2.929, 3.578, 2.903]","[-1.767, -3.124, -4.972, -1.963, -3.142, -5.096]"
186,1,-7.1586,-4.6686,0.399,259,643,0,36,0.690,50,0.00,3497,1091.60,0,0,27.701(34.627%)(0.825m),57.314(50.572%)(3.998m),113.333(100.000%)(10.000m),21.000(18.529%)(0.107m),12.000(15.000%)(0.000m),19.811(49.528%)(1.051m),40.000(100.000%)(3.214m),4331.570,9480.255,57.4,1.1951,"[0.530, 0.598, 0.498, 0.452, 0.816, 0.414]","[3.165, 3.639, 2.979, 2.969, 3.763, 3.067]","[-5.909, -4.458, -2.160, -6.223, -4.319, -2.142]"
187,1,-3.9405,-4.6583,0.409,159,424,25,16,0.689,40,0.00,3513,690.39,0,0,65.795(82.243%)(4.907m),21.000(18.529%)(0.107m),20.000(17.647%)(0.000m),85.999(75.882%)(7.071m),46.196(57.745%)(2.807m),40.000(100.000%)(3.214m),33.505(83.763%)(2.518m),0.000,3273.207,61.7,1.2644,"[-0.029, -0.060, -0.293, 0.039, 0.077, -0.278]","[2.338, 2.871, 2.308, 2.512, 3.247, 2.570]","[-4.017, -4.351, -4.554, -4.252, -4.933, -4.740]"
188,1,-1.8160,-4.5939,0.306,235,606,27,0,0.688,50,0.00,3537,1038.93,0,0,11.875(14.844%)(0.000m),22.878(20.187%)(0.308m),67.076(59.185%)(5.044m),69.000(60.883%)(5.250m),37.000(46.250%)(1.821m),9.870(24.676%)(0.000m),30.000(75.000%)(2.143m),1793.454,5925.963,59.7,1.1207,"[0.912, 0.814, 0.071, 0.992, 1.063, -0.030]","[2.010, 2.507, 2.127, 2.100, 2.706, 2.233]","[-1.174, -3.044, -5.198, -1.770, -3.308, -5.306]"
189,1,-2.2333,-4.5148,0.331,200,503,15,0,0.686,45,0.00,3557,873.19,0,0,41.000(51.250%)(2.250m),52.000(45.882%)(3.429m),64.000(56.471%)(4.714m),26.084(23.016%)(0.652m),12.626(15.782%)(0.000m),40.000(100.000%)(3.214m),9.851(24.627%)(0.000m),1117.471,4422.400,58.2,1.3254,"[-0.199, 0.142, 0.317, -0.226, 0.386, 0.338]","[1.850, 2.287, 1.878, 1.999, 2.660, 1.984]","[-5.593, -4.727, -3.310, -6.400, -4.989, -3.453]"
190,1,-3.0594,-4.4536,0.359,188,505,17,0,0.685,45,0.00,3576,786.77,0,0,35.000(43.750%)(1.607m),50.000(44.118%)(3.214m),36.174(31.919%)(1.733m),18.051(15.928%)(0.000m),10.817(13.522%)(0.000m),31.000(77.500%)(2.250m),10.556(26.390%)(0.060m),1588.810,4673.070,62.2,1.3970,"[0.161, 0.489, 0.411, 0.046, 0.696, 0.601]","[2.519, 2.915, 2.210, 2.496, 3.152, 2.536]","[-5.482, -6.227, -6.371, -5.568, -6.495, -5.907]"
191,1,-6.3912,-4.4838,0.333,264,677,54,55,0.684,55,0.00,3603,1106.35,0,0,23.000(28.750%)(0.321m),43.000(37.941%)(2.464m),28.910(25.509%)(0.955m),15.950(14.074%)(0.000m),10.078(12.598%)(0.000m),20.000(50.000%)(1.071m),10.584(26.459%)(0.063m),1906.742,6674.390,59.4,1.2180,"[-0.797, -0.133, 0.007, -0.893, 0.052, 0.092]","[2.292, 2.640, 2.085, 2.433, 2.977, 2.359]","[-5.659, -6.503, -6.843, -5.548, -6.653, -6.224]"
192,1,-6.0455,-4.4907,0.362,208,517,20,0,0.682,45,0.00,3624,877.54,0,0,10.880(13.600%)(0.000m),18.156(16.020%)(0.000m),36.385(32.104%)(1.755m),45.000(39.706%)(2.679m),41.000(51.250%)(2.250m),10.617(26.544%)(0.066m),40.000(100.000%)(3.214m),1165.768,4321.253,57.5,1.0863,"[0.351, 0.061, -0.146, 0.171, 0.094, -0.167]","[2.454, 3.009, 2.358, 2.430, 3.145, 2.500]","[-5.290, -5.885, -5.839, -5.553, -6.458, -5.770]"
193,1,-5.9546,-4.4830,0.291,409,1098,115,103,0.681,70,0.00,3665,1657.29,0,0,19.000(23.750%)(0.000m),19.000(16.765%)(0.000m),19.000(16.765%)(0.000m),31.101(27.442%)(1.189m),16.185(20.231%)(0.000m),14.000(35.000%)(0.429m),11.386(28.465%)(0.148m),0.000,3473.083,62.2,1.3270,"[-0.788, -0.304, -0.291, -0.786, -0.265, -0.253]","[1.891, 2.275, 2.014, 1.895, 2.573, 2.098]","[-5.442, -5.411, -6.072, -5.095, -6.342, -5.431]"
194,1,-4.2005,-4.4774,0.323,168,441,0,12,0.680,40,0.00,3682,703.63,0,0,25.000(31.250%)(0.536m),24.000(21.177%)(0.429m),69.000(60.883%)(5.250m),72.534(64.001%)(5.629m),38.777(48.471%)(2.012m),40.000(100.000%)(3.214m),27.916(69.791%)(1.920m),0.000,4679.238,60.7,1.2473,"[0.435, 0.266, -0.089, 0.415, 0.596, 0.014]","[2.059, 2.422, 1.940, 2.141, 2.804, 2.118]","[-1.220, -4.090, -6.763, -1.986, -3.904, -6.619]"
195,1,-3.9739,-4.4792,0.360,162,425,16,0,0.678,40,0.00,3699,693.06,0,0,11.067(13.834%)(0.000m),19.619(17.311%)(0.000m),45.074(39.771%)(2.687m),64.000(56.471%)(4.714m),48.000(60.000%)(3.000m),10.034(25.084%)(0.004m),40.000(100.000%)(3.214m),1385.977,4295.910,60.7,1.2009,"[0.395, 0.160, -0.238, 0.338, 0.255, -0.269]","[2.028, 2.354, 1.950, 2.135, 2.646, 2.170]","[-5.694, -6.130, -5.580, -5.993, -6.804, -5.697]"
196,1,-4.4282,-4.5523,0.331,187,465,23,0,0.677,40,0.00,3718,789.51,0,0,10.360(12.950%)(0.000m),16.004(14.121%)(0.000m),27.838(24.563%)(0.840m),53.000(46.765%)(3.536m),48.000(60.000%)(3.000m),11.287(28.217%)(0.138m),40.000(100.000%)(3.214m),1271.152,4687.715,57.5,1.0108,"[-0.113, -0.151, -0.387, -0.032, 0.054, -0.330]","[1.628, 2.018, 1.652, 1.790, 2.300, 1.699]","[-5.884, -5.789, -5.581, -5.803, -6.697, -5.710]"
197,1,-3.3172,-4.5299,0.316,224,569,28,32,0.675,50,0.00,3741,945.51,0,0,23.000(28.750%)(0.321m),28.000(24.706%)(0.857m),38.029(33.556%)(1.932m),18.222(16.078%)(0.000m),10.712(13.390%)(0.000m),40.000(100.000%)(3.214m),10.200(25.501%)(0.021m),208.800,4005.819,58.8,1.1454,"[-0.186, -0.100, -0.152, -0.154, 0.027, -0.021]","[1.550, 1.989, 1.628, 1.696, 2.166, 1.943]","[-5.381, -5.809, -5.918, -5.122, -6.091, -5.172]"
198,1,-7.0844,-4.6448,0.389,138,335,21,0,0.674,35,0.00,3755,557.50,0,0,53.807(67.259%)(3.622m),47.186(41.635%)(2.913m),19.388(17.107%)(0.000m),12.747(11.248%)(0.000m),9.041(11.301%)(0.000m),39.569(98.922%)(3.168m),11.588(28.969%)(0.170m),2713.593,6110.078,56.2,0.0000,"[0.171, 0.149, 0.321, 0.256, 0.514, 0.484]","[2.369, 2.560, 2.254, 2.442, 3.147, 2.453]","[-5.024, -5.019, -5.495, -4.770, -5.246, -4.623]"
199,1,-6.6741,-4.5931,0.363,258,672,33,23,0.673,55,0.00,3781,1063.40,0,0,29.000(36.250%)(0.964m),36.000(31.765%)(1.714m),44.000(38.824%)(2.571m),24.990(22.050%)(0.535m),12.450(15.562%)(0.000m),21.000(52.500%)(1.179m),9.964(24.910%)(0.000m),329.570,5167.861,60.3,1.1739,"[-0.156, 0.145, 0.148, -0.328, 0.204, 0.020]","[2.994, 3.480, 2.827, 3.132, 4.051, 3.057]","[-5.278, -5.138, -4.302, -5.904, -5.120, -4.213]"
200,1,-5.0249,-4.6261,0.296,192,496,18,0,0.671,45,0.00,3801,812.07,0,0,12.607(15.759%)(0.000m),26.065(22.999%)(0.650m),71.332(62.940%)(5.500m),53.000(46.765%)(3.536m),40.000(50.000%)(2.143m),9.836(24.591%)(0.000m),40.000(100.000%)(3.214m),907.854,4491.664,59.8,1.1666,"[0.955, 0.616, 0.071, 0.859, 0.806, 0.045]","[2.671, 3.193, 2.770, 2.787, 3.519, 2.989]","[-2.419, -4.024, -5.281, -3.113, -4.392, -5.424]"
201,1,-4.1188,-4.6498,0.327,219,540,11,21,0.670,45,0.00,3823,1013.77,0,0,25.000(31.250%)(0.536m),32.000(28.235%)(1.286m),41.000(36.177%)(2.250m),85.522(75.461%)(7.020m),46.416(58.019%)(2.830m),40.000(100.000%)(3.214m),34.084(85.211%)(2.580m),212.095,3174.099,57.1,1.2757,"[0.750, 0.524, 0.181, 0.655, 0.730, 0.141]","[2.556, 2.948, 2.407, 2.483, 3.220, 2.442]","[-1.051, -3.134, -5.131, -1.552, -2.927, -5.154]"
202,1,-7.8676,-4.7386,0.293,521,1283,99,101,0.669,70,0.00,3876,2161.85,0,0,13.893(17.366%)(0.000m),29.621(26.136%)(1.031m),65.000(57.353%)(4.821m),26.462(23.349%)(0.692m),12.646(15.808%)(0.000m),9.757(24.392%)(0.000m),9.741(24.353%)(0.000m),2121.116,7656.553,57.0,1.1188,"[-0.230, 0.102, 0.079, -0.229, 0.319, 0.056]","[2.042, 2.354, 2.040, 2.035, 2.572, 2.098]","[-4.520, -4.238, -3.591, -4.826, -4.304, -3.551]"
203,1,-5.8220,-4.7865,0.300,109,267,17,0,0.667,30,0.00,3887,460.24,0,0,10.911(13.638%)(0.000m),18.038(15.916%)(0.000m),35.476(31.302%)(1.658m),100.000(88.236%)(8.571m),76.230(95.288%)(6.025m),10.778(26.945%)(0.083m),40.000(100.000%)(3.214m),3830.231,9528.328,56.6,1.2005,"[0.105, -0.631, -1.400, 0.141, -0.538, -1.244]","[1.989, 2.210, 1.693, 1.985, 2.442, 2.016]","[-6.100, -6.606, -5.939, -5.541, -7.349, -5.562]"
204,1,-4.7742,-4.7488,0.314,202,507,71,21,0.666,45,0.00,3908,863.02,0,0,44.955(56.194%)(2.674m),72.362(63.849%)(5.610m),26.000(22.941%)(0.643m),22.000(19.412%)(0.214m),22.000(27.500%)(0.214m),40.000(100.000%)(3.214m),40.000(100.000%)(3.214m),0.000,2330.481,58.1,1.1464,"[-0.315, -0.324, -0.200, -0.247, -0.152, -0.239]","[1.915, 2.330, 1.759, 1.993, 2.521, 1.980]","[-5.586, -4.436, -2.868, -5.455, -3.836, -2.654]"
205,1,-4.7632,-4.7453,0.303,164,442,0,14,0.665,40,0.00,3925,677.42,0,0,29.602(37.002%)(1.029m),57.474(50.712%)(4.015m),113.333(100.000%)(10.000m),21.000(18.529%)(0.107m),18.000(22.500%)(0.000m),21.121(52.803%)(1.192m),40.000(100.000%)(3.214m),1784.610,5491.031,62.3,1.3046,"[0.010, 0.149, 0.143, 0.094, 0.357, 0.056]","[1.675, 1.913, 1.440, 1.658, 2.269, 1.638]","[-6.532, -5.345, -1.940, -6.173, -5.312, -2.189]"
206,1,-4.7579,-4.7516,0.350,295,729,40,48,0.663,55,0.00,3955,1271.80,0,0,24.300(30.375%)(0.461m),47.946(42.306%)(2.994m),44.000(38.824%)(2.571m),18.000(15.882%)(0.000m),11.000(13.750%)(0.000m),17.296(43.240%)(0.782m),11.000(27.500%)(0.107m),255.892,4500.701,57.2,1.2951,"[0.261, 0.277, 0.050, 0.233, 0.495, 0.048]","[2.026, 2.569, 2.089, 2.064, 2.809, 2.448]","[-4.402, -2.446, -3.768, -5.541, -2.127, -3.890]"
207,1,-4.5594,-4.7505,0.418,125,308,19,0,0.662,30,0.00,3968,563.77,0,0,10.580(13.226%)(0.000m),17.334(15.295%)(0.000m),33.487(29.547%)(1.445m),92.000(81.177%)(7.714m),67.666(84.582%)(5.107m),10.580(26.451%)(0.062m),40.000(100.000%)(3.214m),2612.772,6688.182,57.1,1.1983,"[0.478, 0.089, -0.593, 0.350, 0.173, -0.518]","[2.083, 2.639, 2.066, 2.082, 2.809, 2.357]","[-4.940, -5.763, -5.617, -5.055, -6.453, -5.693]"
208,1,-5.6208,-4.8045,0.318,264,699,37,59,0.661,55,0.00,3995,1133.27,0,0,20.202(25.253%)(0.022m),42.344(37.363%)(2.394m),113.333(100.000%)(10.000m),56.000(49.412%)(3.857m),29.000(36.250%)(0.964m),14.273(35.683%)(0.458m),13.000(32.500%)(0.321m),3330.933,6473.059,61.3,1.2509,"[0.229, 0.105, -0.224, 0.310, 0.347, -0.352]","[2.039, 2.595, 2.049, 2.114, 2.821, 2.200]","[-1.940, -3.431, -2.563, -2.382, -3.227, -2.973]"
209,1,-4.0858,-4.8618,0.271,219,557,15,11,0.659,45,0.00,4017,955.46,0,0,29.000(36.250%)(0.964m),40.000(35.294%)(2.143m),25.268(22.295%)(0.564m),14.891(13.139%)(0.000m),9.789(12.236%)(0.000m),40.000(100.000%)(3.214m),10.931(27.327%)(0.100m),527.750,3883.323,58.9,1.4208,"[-0.076, -0.065, 0.048, -0.179, 0.104, 0.058]","[1.425, 1.644, 1.448, 1.380, 1.943, 1.665]","[-4.680, -5.244, -6.160, -4.959, -5.232, -5.959]"
210,1,-4.8447,-4.8450,0.287,120,295,18,0,0.658,30,0.00,4029,530.20,0,0,77.786(97.233%)(6.191m),97.000(85.588%)(8.250m),33.412(29.481%)(1.437m),17.295(15.261%)(0.000m),10.557(13.196%)(0.000m),40.000(100.000%)(3.214m),10.557(26.392%)(0.060m),3109.985,8782.770,57.0,1.0655,"[-0.705, 0.195, 0.320, -0.724, 0.331, 0.285]","[1.536, 1.942, 1.488, 1.594, 2.282, 1.558]","[-4.699, -5.382, -6.062, -4.877, -5.499, -5.913]"
211,1,-2.7736,-4.8384,0.340,150,405,38,16,0.657,40,0.00,4044,718.12,0,0,25.000(31.250%)(0.536m),20.000(17.647%)(0.000m),19.000(16.765%)(0.000m),113.333(100.000%)(10.000m),58.975(73.719%)(4.176m),40.000(100.000%)(3.214m),40.000(100.000%)(3.214m),0.000,2378.808,62.5,1.5213,"[-0.365, -0.415, -0.582, -0.320, -0.409, -0.679]","[1.665, 1.932, 1.476, 1.830, 2.264, 1.619]","[-6.132, -6.239, -6.898, -5.970, -6.925, -7.111]"
212,1,-5.3830,-4.8354,0.277,149,390,15,0,0.655,40,0.00,4059,615.38,0,0,51.000(63.750%)(3.321m),58.000(51.177%)(4.071m),25.828(22.789%)(0.624m),15.221(13.431%)(0.000m),10.006(12.508%)(0.000m),40.000(100.000%)(3.214m),11.173(27.933%)(0.126m),1390.067,4268.737,60.6,1.1377,"[-0.383, -0.346, -0.231, -0.313, -0.038, -0.135]","[1.810, 2.141, 1.812, 1.914, 2.539, 2.120]","[-5.009, -5.519, -6.288, -5.267, -5.274, -5.997]"
213,1,-6.2006,-4.8958,0.382,111,269,15,0,0.654,30,0.00,4071,461.88,0,0,12.755(15.944%)(0.000m),26.653(23.517%)(0.713m),66.323(58.520%)(4.963m),104.000(91.765%)(9.000m),76.230(95.288%)(6.025m),9.825(24.562%)(0.000m),40.000(100.000%)(3.214m),4061.425,9176.084,56.1,1.0809,"[0.233, -0.572, -1.458, -0.015, -0.372, -1.345]","[2.117, 2.421, 1.899, 2.000, 2.827, 2.266]","[-2.973, -4.387, -5.494, -3.482, -4.613, -5.566]"
214,1,-2.8972,-4.8473,0.357,265,671,57,23,0.653,50,0.00,4098,1128.05,0,0,18.767(23.459%)(0.000m),39.241(34.625%)(2.062m),91.794(80.995%)(7.692m),27.000(23.824%)(0.750m),13.000(16.250%)(0.000m),13.270(33.175%)(0.350m),11.000(27.500%)(0.107m),2529.750,7927.428,58.6,1.2061,"[0.333, 0.172, -0.553, 0.433, 0.521, -0.497]","[2.280, 2.706, 2.074, 2.286, 3.041, 2.433]","[-4.466, -2.696, -4.667, -5.603, -2.904, -4.527]"
215,1,-8.4104,-4.8941,0.276,505,1316,27,89,0.652,75,0.00,4149,2162.78,0,0,26.530(33.163%)(0.700m),45.000(39.706%)(2.679m),52.000(45.882%)(3.429m),24.000(21.177%)(0.429m),13.000(16.250%)(0.000m),18.860(47.150%)(0.949m),11.000(27.500%)(0.107m),748.977,4534.620,60.3,1.2259,"[-0.739, -0.570, -0.665, -0.595, -0.397, -0.711]","[1.838, 2.336, 1.654, 1.926, 2.582, 1.919]","[-6.220, -4.579, -3.914, -5.995, -4.731, -3.987]"
216,1,-5.2573,-4.8405,0.339,145,370,15,0,0.650,35,0.00,4164,633.02,0,0,58.000(72.500%)(4.071m),76.000(67.059%)(6.000m),41.222(36.372%)(2.274m),19.322(17.049%)(0.000m),11.246(14.057%)(0.000m),40.000(100.000%)(3.214m),10.579(26.447%)(0.062m),2496.083,5314.791,59.0,1.3555,"[-0.772, -0.297, 0.011, -0.724, -0.101, 0.113]","[1.467, 1.951, 1.536, 1.459, 2.346, 1.677]","[-4.851, -5.342, -5.387, -4.868, -5.382, -5.219]"
217,1,-4.7603,-4.8673,0.321,99,253,16,0,0.649,30,0.00,4174,431.87,0,0,10.122(12.653%)(0.000m),15.398(13.587%)(0.000m),26.128(23.054%)(0.657m),93.000(82.059%)(7.821m),77.067(96.334%)(6.114m),11.303(28.258%)(0.140m),40.000(100.000%)(3.214m),2524.066,6751.521,59.1,1.3820,"[-0.291, -0.524, -1.162, -0.297, -0.470, -1.128]","[1.971, 2.578, 1.956, 2.022, 2.883, 2.156]","[-6.073, -5.743, -5.283, -5.687, -6.571, -5.088]"
218,1,-4.6700,-4.8777,0.236,223,565,22,0,0.648,45,0.00,4197,954.90,0,0,34.000(42.500%)(1.500m),52.000(45.882%)(3.429m),57.274(50.536%)(3.994m),22.020(19.430%)(0.216m),11.724(14.655%)(0.000m),40.000(100.000%)(3.214m),9.991(24.978%)(0.000m),1218.523,4689.497,58.6,1.0853,"[-0.275, 0.103, 0.156, -0.465, 0.157, 0.155]","[1.919, 2.409, 1.845, 1.814, 2.546, 2.013]","[-5.164, -5.287, -4.582, -5.811, -5.137, -4.717]"
219,1,-4.2443,-4.8424,0.268,140,380,15,0,0.646,40,0.00,4211,599.63,0,0,10.939(13.674%)(0.000m),17.922(15.814%)(0.000m),34.623(30.549%)(1.567m),63.000(55.588%)(4.607m),47.000(58.750%)(2.893m),10.939(27.348%)(0.101m),40.000(100.000%)(3.214m),1105.212,3690.811,62.8,1.8296,"[-0.036, -0.114, -0.541, -0.059, -0.051, -0.463]","[2.012, 2.550, 1.880, 2.062, 2.858, 2.145]","[-5.549, -5.872, -5.805, -5.593, -6.739, -5.684]"
220,1,-3.4768,-4.8563,0.344,161,439,15,0,0.645,40,0.00,4228,692.17,0,0,10.743(13.428%)(0.000m),17.444(15.392%)(0.000m),33.129(29.232%)(1.407m),64.000(56.471%)(4.714m),36.000(45.000%)(1.714m),10.875(27.187%)(0.094m),40.000(100.000%)(3.214m),965.087,4139.200,63.1,1.2004,"[0.543, 0.481, -0.087, 0.545, 0.606, -0.101]","[2.083, 2.514, 1.947, 2.096, 2.743, 2.133]","[-5.543, -5.718, -5.678, -5.519, -6.500, -5.742]"
221,1,-2.1679,-4.7802,0.327,170,469,16,26,0.644,45,0.00,4245,740.64,0,0,10.158(12.697%)(0.000m),15.337(13.532%)(0.000m),25.720(22.694%)(0.613m),34.000(30.000%)(1.500m),23.000(28.750%)(0.321m),11.483(28.708%)(0.159m),30.000(75.000%)(2.143m),210.269,3092.615,63.8,1.1938,"[-0.093, -0.042, -0.220, -0.138, -0.001, -0.340]","[2.235, 2.621, 2.097, 2.247, 2.912, 2.291]","[-5.303, -5.555, -5.533, -5.431, -6.282, -5.560]"
222,1,-4.4129,-4.7088,0.294,809,2014,197,72,0.642,85,0.00,4326,3429.26,0,0,8.734(10.917%)(0.000m),11.672(10.299%)(0.000m),16.613(14.659%)(0.000m),32.674(28.830%)(1.358m),19.284(24.105%)(0.000m),12.597(31.491%)(0.278m),13.642(34.104%)(0.390m),517.019,5286.871,57.6,1.2101,"[-0.604, 0.185, 0.089, -0.823, 0.194, 0.136]","[2.016, 2.494, 2.133, 2.087, 2.668, 2.197]","[-5.743, -5.306, -5.762, -5.324, -6.630, -4.987]"
223,1,-3.9068,-4.6807,0.327,191,516,8,41,0.641,45,0.00,4346,799.05,0,0,13.000(16.250%)(0.000m),27.000(23.824%)(0.750m),107.000(94.412%)(9.321m),76.647(67.630%)(6.069m),40.640(50.801%)(2.211m),10.000(25.000%)(0.000m),29.260(73.149%)(2.064m),689.397,3652.792,62.5,1.0447,"[0.230, -0.020, -0.435, 0.248, 0.121, -0.435]","[2.088, 2.493, 2.002, 2.201, 2.787, 2.212]","[-2.321, -4.490, -6.345, -2.939, -4.923, -6.340]"
224,1,-6.0575,-4.6709,0.287,227,561,50,21,0.640,45,0.00,4369,1025.95,0,0,15.901(19.877%)(0.000m),33.655(29.696%)(1.463m),64.000(56.471%)(4.714m),21.000(18.529%)(0.107m),27.000(33.750%)(0.750m),11.191(27.978%)(0.128m),40.000(100.000%)(3.214m),0.000,7323.350,57.2,1.0714,"[-0.377, -0.444, -0.827, -0.293, -0.269, -0.829]","[1.896, 2.322, 2.064, 2.103, 2.706, 2.206]","[-6.356, -4.153, -5.548, -6.113, -4.403, -5.363]"
225,1,-4.1550,-4.6996,0.407,263,692,72,0,0.639,55,0.00,4396,1081.37,0,0,12.179(15.224%)(0.000m),24.105(21.269%)(0.440m),78.040(68.859%)(6.219m),63.000(55.588%)(4.607m),32.000(40.000%)(1.286m),9.872(24.679%)(0.000m),25.000(62.500%)(1.607m),2876.874,6805.457,60.9,1.2058,"[0.743, 0.483, -0.441, 0.899, 0.765, -0.391]","[1.708, 2.143, 1.850, 1.927, 2.431, 1.983]","[-0.710, -2.558, -4.912, -1.014, -2.760, -4.854]"
226,1,-6.8316,-4.7772,0.309,366,994,112,99,0.637,65,0.00,4433,1548.15,0,0,12.490(15.612%)(0.000m),25.822(22.784%)(0.624m),43.000(37.941%)(2.464m),40.000(35.294%)(2.143m),17.000(21.250%)(0.000m),9.745(24.362%)(0.000m),12.000(30.000%)(0.214m),521.911,2902.530,62.9,1.4859,"[-0.067, -0.040, -0.195, -0.050, 0.031, -0.294]","[2.512, 2.785, 2.328, 2.531, 3.118, 2.505]","[-3.449, -3.113, -4.020, -3.300, -3.452, -4.181]"
227,1,-4.8926,-4.8021,0.344,166,425,21,0,0.636,40,0.00,4450,720.86,0,0,11.992(14.990%)(0.000m),22.809(20.125%)(0.301m),64.036(56.502%)(4.718m),73.000(64.412%)(5.679m),51.000(63.750%)(3.321m),10.094(25.234%)(0.010m),40.000(100.000%)(3.214m),3059.725,6944.879,59.2,1.2569,"[1.067, 0.914, -0.032, 1.084, 1.067, 0.038]","[2.329, 2.826, 2.224, 2.214, 2.915, 2.365]","[-3.884, -4.751, -5.276, -4.061, -5.158, -5.386]"
228,1,-3.5190,-4.7160,0.443,210,524,32,5,0.635,45,0.00,4471,952.92,0,0,9.544(11.931%)(0.000m),14.411(12.716%)(0.000m),24.167(21.324%)(0.447m),40.000(35.294%)(2.143m),33.000(41.250%)(1.393m),10.790(26.975%)(0.085m),40.000(100.000%)(3.214m),929.325,4027.066,57.8,1.2815,"[0.439, 0.390, 0.296, 0.521, 0.459, 0.209]","[2.005, 2.407, 2.178, 2.049, 2.509, 2.263]","[-6.241, -6.057, -5.565, -5.772, -6.752, -5.568]"
229,1,-5.9073,-4.7480,0.376,327,828,62,70,0.634,60,0.00,4504,1350.73,0,0,31.000(38.750%)(1.179m),63.000(55.588%)(4.607m),83.000(73.236%)(6.750m),36.535(32.236%)(1.772m),17.384(21.731%)(0.000m),14.000(35.000%)(0.429m),12.265(30.663%)(0.243m),1112.528,6448.419,58.6,1.1638,"[-0.216, 0.200, 0.238, -0.417, 0.352, 0.197]","[2.625, 3.066, 2.516, 2.565, 3.465, 2.594]","[-3.269, -2.340, -1.688, -4.142, -2.124, -2.051]"
230,1,-3.9058,-4.7815,0.403,241,639,53,28,0.632,50,0.00,4529,1037.96,0,0,15.824(19.780%)(0.000m),33.399(29.470%)(1.436m),92.000(81.177%)(7.714m),44.000(38.824%)(2.571m),20.000(25.000%)(0.000m),11.138(27.845%)(0.122m),11.000(27.500%)(0.107m),1075.105,5141.804,61.4,1.2269,"[0.689, 0.380, -0.441, 0.682, 0.651, -0.461]","[2.363, 2.638, 1.952, 2.305, 2.860, 2.047]","[-1.738, -3.195, -4.708, -1.952, -2.900, -4.697]"
231,1,-2.8920,-4.7168,0.357,270,708,7,44,0.631,55,0.00,4556,1114.15,0,0,29.000(36.250%)(0.964m),38.000(33.530%)(1.929m),93.000(82.059%)(7.821m),48.413(42.718%)(3.044m),23.235(29.043%)(0.347m),13.000(32.500%)(0.321m),16.462(41.155%)(0.692m),921.829,4638.261,60.7,1.0137,"[-0.155, -0.032, -0.040, -0.338, 0.273, -0.083]","[2.223, 2.632, 2.080, 2.070, 2.809, 1.977]","[-2.965, -3.252, -2.096, -3.636, -2.784, -2.271]"
232,1,-4.6706,-4.7378,0.349,137,345,20,0,0.630,35,0.00,4570,621.30,0,0,10.737(13.422%)(0.000m),18.089(15.961%)(0.000m),36.974(32.624%)(1.819m),85.000(75.000%)(6.964m),66.000(82.500%)(4.929m),10.351(25.877%)(0.038m),40.000(100.000%)(3.214m),2722.827,6555.329,58.2,1.2243,"[0.660, 0.218, -0.731, 0.659, 0.350, -0.638]","[2.135, 2.694, 2.237, 2.217, 3.083, 2.566]","[-5.110, -5.471, -5.462, -5.303, -5.902, -5.466]"
233,1,-3.5599,-4.7225,0.250,147,383,17,0,0.628,40,0.00,4585,632.61,0,0,9.044(11.305%)(0.000m),13.002(11.472%)(0.000m),20.298(17.910%)(0.032m),54.760(48.317%)(3.724m),50.000(62.500%)(3.214m),11.158(27.896%)(0.124m),40.000(100.000%)(3.214m),1290.943,4509.471,60.4,1.1218,"[0.268, 0.287, 0.007, 0.200, 0.347, 0.001]","[2.218, 2.605, 2.052, 2.050, 2.673, 2.136]","[-5.277, -5.335, -5.358, -5.250, -5.752, -5.524]"
234,1,-1.1596,-4.7100,0.241,140,385,20,16,0.627,40,0.00,4599,683.23,0,0,40.649(50.811%)(2.212m),66.595(58.761%)(4.992m),38.000(33.530%)(1.929m),27.000(23.824%)(0.750m),22.000(27.500%)(0.214m),40.000(100.000%)(3.214m),40.000(100.000%)(3.214m),0.000,2302.953,63.7,1.3944,"[-0.268, 0.157, 0.209, -0.165, 0.218, 0.120]","[1.660, 1.982, 1.496, 1.836, 2.325, 1.691]","[-5.593, -4.162, -2.548, -5.350, -4.229, -2.708]"
235,1,-3.2836,-4.6382,0.233,177,457,15,0,0.626,40,0.00,4617,770.71,0,0,10.023(12.529%)(0.000m),15.484(13.663%)(0.000m),26.934(23.765%)(0.743m),56.000(49.412%)(3.857m),41.000(51.250%)(2.250m),10.920(27.301%)(0.099m),40.000(100.000%)(3.214m),1247.096,4070.612,59.7,1.3775,"[0.167, 0.287, -0.115, 0.242, 0.323, -0.004]","[1.503, 2.218, 1.693, 1.652, 2.318, 1.967]","[-5.744, -5.552, -5.554, -5.917, -6.329, -5.727]"
236,1,-2.7492,-4.5501,0.301,162,425,16,0,0.625,40,0.00,4634,706.76,0,0,11.495(14.369%)(0.000m),21.330(18.821%)(0.142m),55.130(48.644%)(3.764m),73.000(64.412%)(5.679m),46.000(57.500%)(2.786m),9.919(24.798%)(0.000m),40.000(100.000%)(3.214m),1659.615,4631.034,60.7,1.1896,"[0.555, 0.526, -0.224, 0.554, 0.593, -0.240]","[1.899, 2.224, 1.767, 1.892, 2.355, 1.900]","[-5.005, -5.382, -5.632, -5.316, -5.993, -5.926]"
237,1,-3.5180,-4.5416,0.282,208,524,41,7,0.623,45,0.00,4655,908.82,0,0,11.200(14.000%)(0.000m),20.301(17.912%)(0.032m),45.000(39.706%)(2.679m),39.000(34.412%)(2.036m),33.000(41.250%)(1.393m),9.907(24.767%)(0.000m),40.000(100.000%)(3.214m),890.010,4193.068,58.3,1.2453,"[-0.160, -0.308, -0.520, -0.162, -0.164, -0.545]","[1.460, 1.636, 1.261, 1.471, 1.890, 1.323]","[-5.029, -5.478, -5.552, -5.154, -5.878, -5.774]"
238,1,-4.4163,-4.5936,0.309,207,519,15,0,0.622,45,0.00,4676,918.26,0,0,12.051(15.064%)(0.000m),23.851(21.045%)(0.413m),63.678(56.186%)(4.680m),54.000(47.647%)(3.643m),39.000(48.750%)(2.036m),9.768(24.419%)(0.000m),40.000(100.000%)(3.214m),1156.840,5179.489,58.0,1.5227,"[0.440, 0.229, -0.423, 0.461, 0.377, -0.422]","[1.771, 1.934, 1.435, 1.768, 2.202, 1.623]","[-3.650, -4.473, -5.248, -3.807, -4.857, -5.407]"
239,1,-8.3534,-4.7160,0.313,463,1163,60,91,0.621,70,0.00,4723,2047.99,0,0,12.934(16.167%)(0.000m),27.518(24.281%)(0.805m),67.902(59.913%)(5.132m),44.424(39.198%)(2.617m),21.345(26.681%)(0.144m),9.708(24.271%)(0.000m),15.137(37.842%)(0.550m),2259.995,7353.492,58.1,1.1941,"[-0.245, 0.245, -0.246, -0.482, 0.218, -0.191]","[1.600, 1.937, 1.588, 1.670, 2.170, 1.841]","[-4.080, -1.984, -3.714, -4.749, -2.630, -3.870]"
240,1,-3.9676,-4.7342,0.297,129,318,17,0,0.620,35,0.00,4736,561.83,0,0,77.000(96.250%)(6.107m),54.134(47.765%)(3.657m),21.545(19.010%)(0.166m),14.046(12.394%)(0.000m),9.899(12.374%)(0.000m),40.000(100.000%)(3.214m),12.527(31.317%)(0.271m),2823.307,6191.997,57.0,1.4140,"[-0.290, -0.018, 0.177, -0.195, 0.242, 0.246]","[1.550, 1.815, 1.543, 1.608, 2.158, 1.600]","[-4.825, -5.175, -5.696, -4.984, -5.610, -5.368]"
241,1,-7.3291,-4.7529,0.329,376,980,46,25,0.618,65,0.00,4774,1607.47,0,0,12.070(15.087%)(0.000m),23.564(20.792%)(0.382m),61.148(53.954%)(4.409m),38.539(34.005%)(1.986m),18.607(23.259%)(0.000m),9.907(24.768%)(0.000m),13.114(32.784%)(0.334m),663.283,5495.614,60.3,1.3950,"[-0.380, -0.184, -0.459, -0.458, -0.119, -0.395]","[1.691, 2.065, 1.599, 1.766, 2.537, 1.809]","[-4.377, -4.162, -4.371, -4.762, -4.780, -4.612]"
242,1,-2.1981,-4.6760,0.268,160,434,21,0,0.617,40,0.00,4790,722.41,0,0,11.486(14.357%)(0.000m),20.819(18.370%)(0.088m),50.668(44.707%)(3.286m),50.000(44.118%)(3.214m),36.000(45.000%)(1.714m),10.160(25.399%)(0.017m),40.000(100.000%)(3.214m),668.908,3498.939,62.8,1.2334,"[0.173, 0.063, -0.392, 0.097, 0.122, -0.429]","[1.796, 2.292, 2.027, 1.773, 2.708, 2.186]","[-5.033, -5.057, -5.573, -5.116, -5.804, -5.824]"
243,1,-3.6345,-4.6296,0.353,252,706,45,0,0.616,55,0.00,4816,1087.72,0,0,12.785(15.981%)(0.000m),27.176(23.979%)(0.769m),106.646(94.099%)(9.283m),66.000(58.235%)(4.929m),35.000(43.750%)(1.607m),9.721(24.304%)(0.000m),27.000(67.500%)(1.821m),2398.883,5280.266,64.9,1.2863,"[0.115, 0.165, -0.650, 0.213, 0.204, -0.796]","[1.748, 2.247, 1.601, 1.755, 2.517, 1.771]","[-1.369, -2.793, -5.363, -1.703, -3.310, -5.615]"
244,1,-4.8292,-4.6422,0.293,193,490,11,22,0.615,45,0.00,4836,849.25,0,0,43.069(53.837%)(2.472m),86.218(76.075%)(7.095m),40.000(35.294%)(2.143m),21.000(18.529%)(0.107m),27.000(33.750%)(0.750m),31.086(77.714%)(2.259m),40.000(100.000%)(3.214m),0.000,4009.385,58.8,1.1767,"[0.060, 0.332, 0.364, 0.110, 0.590, 0.400]","[1.617, 2.175, 1.722, 1.740, 2.556, 1.882]","[-6.063, -6.128, -4.971, -5.665, -6.156, -4.637]"
245,1,-4.0957,-4.6446,0.458,171,502,20,48,0.614,45,0.00,4854,719.40,0,0,32.059(40.074%)(1.292m),62.525(55.169%)(4.556m),113.333(100.000%)(10.000m),74.000(65.294%)(5.786m),15.000(18.750%)(0.000m),22.861(57.153%)(1.378m),10.000(25.000%)(0.000m),2393.790,4412.495,67.9,1.1952,"[0.104, 0.105, -0.219, 0.123, 0.350, -0.313]","[2.064, 2.524, 1.919, 2.101, 2.867, 2.208]","[-1.763, -3.114, -2.920, -2.005, -2.651, -3.280]"
246,1,-3.8431,-4.6329,0.388,283,721,29,60,0.612,55,0.00,4883,1283.32,0,0,21.000(26.250%)(0.107m),42.000(37.059%)(2.357m),50.564(44.616%)(3.275m),20.776(18.332%)(0.083m),11.462(14.327%)(0.000m),20.000(50.000%)(1.071m),10.139(25.347%)(0.015m),765.515,4191.316,58.9,1.6548,"[0.015, 0.162, 0.022, 0.075, 0.378, 0.014]","[1.792, 2.335, 2.075, 2.001, 2.570, 2.134]","[-5.201, -6.003, -5.889, -5.315, -5.683, -5.784]"
247,1,-4.7541,-4.6616,0.310,187,500,17,27,0.611,45,0.00,4902,754.00,0,0,24.000(30.000%)(0.429m),36.000(31.765%)(1.714m),37.379(32.982%)(1.862m),18.287(16.136%)(0.000m),10.855(13.569%)(0.000m),40.000(100.000%)(3.214m),10.464(26.161%)(0.050m),331.953,4045.212,61.9,1.0345,"[-0.483, -0.412, -0.340, -0.486, -0.173, -0.383]","[1.694, 2.307, 2.040, 1.941, 2.484, 2.204]","[-4.993, -5.527, -5.543, -5.237, -5.194, -5.575]"
248,1,-0.5432,-4.5308,0.276,296,809,54,38,0.610,60,0.00,4932,1289.29,0,0,11.597(14.496%)(0.000m),22.057(19.462%)(0.220m),61.925(54.640%)(4.492m),55.000(48.530%)(3.750m),26.000(32.500%)(0.643m),9.761(24.402%)(0.000m),24.000(60.000%)(1.500m),1015.356,4071.026,63.2,1.1195,"[0.338, 0.490, -0.007, 0.437, 0.596, -0.021]","[1.738, 2.094, 1.679, 1.813, 2.339, 1.999]","[-4.970, -5.193, -4.795, -5.065, -5.428, -4.892]"
249,1,-1.7206,-4.4317,0.338,139,383,0,12,0.609,40,0.00,4946,613.44,0,0,26.000(32.500%)(0.643m),28.000(24.706%)(0.857m),86.000(75.883%)(7.071m),101.545(89.599%)(8.737m),49.116(61.395%)(3.120m),40.000(100.000%)(3.214m),35.906(89.764%)(2.776m),0.000,2333.493,63.8,1.1078,"[0.282, -0.057, -0.393, 0.230, 0.062, -0.424]","[1.921, 2.175, 1.669, 2.117, 2.480, 1.779]","[-2.409, -4.514, -5.957, -3.154, -4.950, -6.115]"
250,1,-4.4160,-4.4196,0.361,153,419,20,0,0.607,40,0.00,4962,680.70,0,0,11.581(14.476%)(0.000m),20.992(18.522%)(0.106m),51.089(45.079%)(3.331m),65.000(57.353%)(4.821m),45.000(56.250%)(2.679m),10.244(25.610%)(0.026m),40.000(100.000%)(3.214m),956.002,3970.045,63.3,1.2426,"[0.292, 0.001, -0.594, 0.166, 0.065, -0.582]","[1.773, 2.160, 1.765, 1.771, 2.436, 1.934]","[-4.968, -5.293, -5.132, -5.112, -5.473, -5.327]"
251,1,-4.6107,-4.4294,0.296,158,390,17,0,0.606,35,0.00,4978,731.01,0,0,10.888(13.610%)(0.000m),18.170(16.032%)(0.000m),36.412(32.128%)(1.758m),75.000(66.177%)(5.893m),63.000(78.750%)(4.607m),10.625(26.563%)(0.067m),40.000(100.000%)(3.214m),2168.450,5729.996,57.1,1.2637,"[0.414, 0.155, -0.265, 0.385, 0.344, -0.333]","[2.006, 2.567, 1.978, 2.095, 2.832, 1.979]","[-5.140, -5.416, -5.091, -5.250, -5.384, -5.311]"
252,1,-7.4621,-4.4213,0.345,502,1285,107,17,0.605,70,0.00,5029,2113.01,0,0,16.841(21.052%)(0.000m),35.666(31.470%)(1.679m),20.000(17.647%)(0.000m),21.000(18.529%)(0.107m),32.765(40.957%)(1.368m),11.850(29.626%)(0.198m),24.000(60.000%)(1.500m),0.000,5373.541,59.2,1.1646,"[0.147, 0.272, 0.061, 0.207, 0.397, -0.046]","[2.059, 2.403, 1.988, 2.118, 2.727, 2.088]","[-4.977, -4.907, -5.686, -5.364, -5.889, -5.471]"
253,1,-6.3403,-4.4316,0.392,160,389,17,0,0.604,35,0.00,5045,648.18,0,0,66.000(82.500%)(4.929m),76.000(67.059%)(6.000m),50.726(44.758%)(3.292m),20.842(18.390%)(0.090m),11.499(14.373%)(0.000m),40.000(100.000%)(3.214m),10.171(25.428%)(0.018m),3638.589,9550.246,56.2,1.2033,"[0.229, 0.696, 0.828, 0.299, 0.968, 0.855]","[2.517, 2.971, 2.633, 2.683, 3.404, 2.677]","[-4.522, -4.580, -5.135, -5.214, -5.273, -5.140]"
254,1,-6.8107,-4.4724,0.310,141,358,22,0,0.603,35,0.00,5060,617.64,0,0,62.000(77.500%)(4.500m),79.000(69.706%)(6.321m),51.670(45.591%)(3.393m),21.231(18.733%)(0.132m),11.713(14.641%)(0.000m),40.000(100.000%)(3.214m),10.360(25.901%)(0.039m),1873.526,6644.938,58.7,1.4270,"[-0.031, 0.429, 0.708, -0.148, 0.571, 0.665]","[2.223, 2.759, 2.303, 2.301, 3.030, 2.343]","[-4.431, -5.041, -4.655, -5.075, -5.174, -4.810]"
255,1,-2.5563,-4.4282,0.387,208,575,28,8,0.601,50,0.00,5081,954.91,0,0,12.922(16.153%)(0.000m),27.572(24.328%)(0.811m),78.000(68.824%)(6.214m),50.000(44.118%)(3.214m),30.000(37.500%)(1.071m),9.826(24.565%)(0.000m),24.000(60.000%)(1.500m),596.799,3641.965,64.0,1.9541,"[0.461, 0.497, 0.181, 0.435, 0.632, 0.042]","[1.988, 2.268, 2.139, 2.028, 2.634, 2.213]","[-1.475, -2.661, -3.882, -1.842, -2.837, -4.098]"
256,1,-4.2103,-4.4173,0.340,309,785,14,76,0.600,55,0.00,5112,1338.08,0,0,25.000(31.250%)(0.536m),61.000(53.824%)(4.393m),87.000(76.765%)(7.179m),54.339(47.946%)(3.679m),26.198(32.747%)(0.664m),12.000(30.000%)(0.214m),18.640(46.601%)(0.926m),1473.404,5258.167,58.8,1.2880,"[0.659, 0.779, 0.539, 0.501, 1.002, 0.553]","[2.267, 2.695, 2.084, 2.040, 2.708, 2.039]","[-1.177, -2.222, -2.114, -1.809, -1.975, -2.364]"
257,1,-3.3836,-4.3938,0.310,173,451,40,16,0.599,40,0.00,5130,743.46,0,0,22.000(27.500%)(0.214m),21.000(18.529%)(0.107m),31.000(27.353%)(1.179m),85.220(75.194%)(6.988m),48.588(60.734%)(3.063m),40.000(100.000%)(3.214m),40.000(100.000%)(3.214m),0.000,2627.506,60.3,1.2306,"[0.367, 0.198, -0.093, 0.265, 0.207, -0.137]","[2.058, 2.553, 2.094, 2.133, 2.672, 2.326]","[-2.331, -4.323, -6.261, -3.022, -4.720, -6.404]"
258,1,-5.2613,-4.3866,0.272,202,517,15,4,0.598,45,0.00,5151,859.20,0,0,10.551(13.188%)(0.000m),17.285(15.252%)(0.000m),33.393(29.464%)(1.435m),43.000(37.941%)(2.464m),33.000(41.250%)(1.393m),10.551(26.377%)(0.059m),40.000(100.000%)(3.214m),1101.472,5530.223,59.2,1.0835,"[0.232, 0.070, -0.241, 0.342, 0.302, -0.235]","[2.225, 2.677, 2.114, 2.284, 3.049, 2.330]","[-5.728, -5.764, -5.596, -5.594, -6.026, -5.659]"
259,1,-6.6786,-4.4384,0.349,437,1155,127,31,0.597,70,0.00,5195,1830.87,0,0,17.333(21.667%)(0.000m),25.000(22.059%)(0.536m),39.000(34.412%)(2.036m),49.000(43.235%)(3.107m),29.000(36.250%)(0.964m),12.174(30.435%)(0.233m),29.000(72.500%)(2.036m),0.000,3541.936,61.2,1.2599,"[0.105, -0.026, -0.595, 0.140, 0.006, -0.679]","[2.129, 2.523, 2.030, 2.250, 2.766, 2.160]","[-3.313, -3.483, -5.759, -3.545, -3.746, -5.786]"
260,1,-6.0621,-4.4628,0.328,460,1233,53,123,0.595,75,0.00,5241,1990.66,0,0,28.000(35.000%)(0.857m),49.000(43.235%)(3.107m),59.000(52.059%)(4.179m),29.000(25.588%)(0.964m),13.000(16.250%)(0.000m),24.000(60.000%)(1.500m),10.000(25.000%)(0.000m),240.004,5331.240,62.1,1.2002,"[-0.335, -0.083, 0.135, -0.439, 0.103, 0.005]","[1.712, 1.813, 1.632, 1.748, 2.150, 1.881]","[-5.243, -4.284, -2.265, -5.279, -4.421, -2.759]"
261,1,-4.6709,-4.5007,0.365,180,481,27,16,0.594,45,0.00,5259,765.33,0,0,21.440(26.801%)(0.154m),43.722(38.578%)(2.542m),24.000(21.177%)(0.429m),15.000(13.235%)(0.000m),13.000(16.250%)(0.000m),15.175(37.938%)(0.554m),40.000(100.000%)(3.214m),1164.356,5066.996,61.9,1.3212,"[0.410, 0.554, 0.115, 0.411, 0.594, 0.040]","[2.502, 2.919, 2.425, 2.353, 3.183, 2.528]","[-7.574, -8.183, -7.342, -7.341, -8.483, -7.463]"
262,1,-4.3166,-4.4794,0.366,176,456,60,23,0.593,40,0.00,5277,768.33,0,0,22.000(27.500%)(0.214m),22.000(19.412%)(0.214m),27.000(23.824%)(0.750m),72.375(63.861%)(5.612m),44.177(55.221%)(2.590m),40.000(100.000%)(3.214m),40.000(100.000%)(3.214m),0.000,1950.870,60.0,1.1258,"[0.373, 0.157, -0.120, 0.252, 0.006, -0.257]","[2.564, 3.137, 2.530, 2.682, 3.337, 2.530]","[-1.881, -2.910, -5.533, -2.383, -3.785, -5.555]"
263,1,-8.5321,-4.5260,0.310,224,555,100,18,0.592,45,0.00,5300,950.00,0,0,25.000(31.250%)(0.536m),20.000(17.647%)(0.000m),20.000(17.647%)(0.000m),36.843(32.508%)(1.805m),17.939(22.424%)(0.000m),40.000(100.000%)(3.214m),12.671(31.677%)(0.286m),0.000,6976.520,57.3,1.7561,"[-0.159, 0.315, 0.312, -0.314, 0.407, 0.176]","[2.649, 3.179, 2.622, 2.723, 3.458, 2.540]","[-5.434, -5.448, -5.393, -5.802, -6.051, -5.389]"
264,1,-4.1012,-4.5501,0.342,141,348,15,0,0.591,35,0.00,5315,627.92,0,0,69.098(86.372%)(5.260m),95.000(83.824%)(8.036m),71.381(62.984%)(5.505m),26.354(23.253%)(0.681m),12.556(15.695%)(0.000m),40.000(100.000%)(3.214m),9.672(24.179%)(0.000m),3285.226,7314.185,57.1,1.3078,"[-0.201, 0.538, 0.963, -0.324, 0.618, 0.835]","[2.558, 3.010, 2.514, 2.645, 3.341, 2.584]","[-5.273, -4.482, -3.591, -6.244, -4.738, -3.822]"
265,1,-3.7111,-4.4561,0.351,194,524,6,26,0.589,45,0.00,5335,849.82,0,0,25.955(32.443%)(0.638m),51.036(45.032%)(3.325m),91.000(80.294%)(7.607m),23.000(20.294%)(0.321m),12.000(15.000%)(0.000m),18.476(46.191%)(0.908m),10.000(25.000%)(0.000m),1526.474,5076.861,62.5,1.3496,"[0.274, 0.637, 0.440, 0.242, 0.679, 0.282]","[2.203, 2.741, 2.410, 2.168, 2.904, 2.395]","[-5.689, -3.817, -1.757, -5.784, -4.177, -1.974]"
266,1,-5.0111,-4.4512,0.319,220,553,22,1,0.588,45,0.00,5357,947.50,0,0,10.717(13.396%)(0.000m),17.558(15.492%)(0.000m),33.919(29.928%)(1.491m),42.000(37.059%)(2.357m),34.000(42.500%)(1.500m),10.717(26.792%)(0.077m),40.000(100.000%)(3.214m),813.413,4620.769,58.2,1.1533,"[0.501, 0.350, -0.099, 0.510, 0.408, -0.042]","[2.012, 2.458, 2.156, 2.069, 2.693, 2.270]","[-5.354, -5.237, -5.623, -5.271, -5.562, -5.347]"
267,1,-5.4908,-4.4658,0.359,311,795,16,24,0.587,60,0.00,5389,1336.51,0,0,11.528(14.410%)(0.000m),20.663(18.232%)(0.071m),48.814(43.071%)(3.087m),41.000(36.177%)(2.250m),27.000(33.750%)(0.750m),10.324(25.810%)(0.035m),23.000(57.500%)(1.393m),1253.594,4624.855,59.2,1.2729,"[0.294, 0.409, 0.238, 0.311, 0.525, 0.217]","[1.766, 2.294, 1.853, 1.878, 2.487, 2.000]","[-5.577, -5.528, -5.501, -5.693, -6.066, -5.267]"
268,1,-7.6896,-4.5262,0.289,551,1377,80,52,0.586,75,0.00,5445,2398.11,0,0,16.346(20.433%)(0.000m),34.611(30.539%)(1.565m),21.000(18.529%)(0.107m),23.000(20.294%)(0.321m),27.000(33.750%)(0.750m),11.504(28.759%)(0.161m),25.000(62.500%)(1.607m),0.000,6446.112,57.8,1.2442,"[0.169, 0.366, 0.264, 0.302, 0.563, 0.252]","[1.788, 2.458, 2.057, 1.869, 2.685, 2.067]","[-5.488, -6.031, -6.687, -5.569, -6.586, -6.264]"
269,1,-1.3972,-4.4693,0.290,270,682,27,39,0.585,55,0.00,5472,1187.55,0,0,31.685(39.607%)(1.252m),61.330(54.115%)(4.428m),55.000(48.530%)(3.750m),44.000(38.824%)(2.571m),12.000(15.000%)(0.000m),22.648(56.620%)(1.355m),11.000(27.500%)(0.107m),774.891,4025.297,58.5,1.1565,"[0.576, 0.695, 0.591, 0.688, 0.864, 0.523]","[1.853, 2.419, 1.794, 1.999, 2.706, 1.852]","[-1.067, -0.924, -1.476, -0.970, -0.969, -1.711]"
270,1,-4.3658,-4.4871,0.281,214,545,18,12,0.584,45,0.00,5494,914.75,0,0,11.805(14.757%)(0.000m),22.453(19.812%)(0.263m),59.328(52.349%)(4.214m),46.000(40.588%)(2.786m),30.000(37.500%)(1.071m),9.936(24.841%)(0.000m),40.000(100.000%)(3.214m),769.949,3949.275,58.9,1.0519,"[0.119, 0.141, -0.187, 0.135, 0.188, -0.143]","[1.697, 1.737, 1.361, 1.763, 2.041, 1.499]","[-5.198, -5.178, -5.688, -5.327, -5.871, -5.674]"
271,1,-6.9160,-4.5820,0.358,223,551,22,0,0.582,45,0.00,5517,970.03,0,0,11.415(14.269%)(0.000m),20.021(17.666%)(0.002m),44.808(39.537%)(2.658m),50.000(44.118%)(3.214m),37.000(46.250%)(1.821m),10.477(26.193%)(0.051m),40.000(100.000%)(3.214m),3237.077,8259.960,57.2,1.2053,"[0.404, 0.389, 0.028, 0.436, 0.517, 0.055]","[1.809, 2.379, 1.903, 1.889, 2.745, 2.122]","[-5.610, -5.598, -5.359, -5.731, -6.124, -5.501]"
272,1,-6.4061,-4.6219,0.355,453,1159,102,57,0.581,70,0.00,5563,1904.12,0,0,11.648(14.561%)(0.000m),21.879(19.305%)(0.201m),52.000(45.882%)(3.429m),45.000(39.706%)(2.679m),30.000(37.500%)(1.071m),9.927(24.818%)(0.000m),19.000(47.500%)(0.964m),1061.221,4715.214,59.2,1.2001,"[0.422, 0.303, -0.202, 0.408, 0.391, -0.316]","[2.266, 2.803, 2.229, 2.122, 3.127, 2.270]","[-4.127, -3.400, -5.125, -3.969, -3.538, -5.454]"
273,1,-4.7349,-4.6384,0.361,159,408,23,0,0.580,40,0.00,5579,686.25,0,0,11.141(13.926%)(0.000m),19.968(17.619%)(0.000m),47.173(41.623%)(2.911m),63.000(55.588%)(4.607m),52.000(65.000%)(3.429m),9.977(24.943%)(0.000m),40.000(100.000%)(3.214m),1381.392,4612.290,59.4,1.3016,"[0.345, 0.257, -0.184, 0.196, 0.173, -0.179]","[2.202, 2.925, 2.335, 2.292, 3.148, 2.487]","[-5.059, -5.148, -5.462, -5.182, -5.452, -5.447]"
274,1,-4.0127,-4.5975,0.374,179,460,25,0,0.579,40,0.00,5597,822.68,0,0,10.332(12.915%)(0.000m),15.486(13.664%)(0.000m),25.679(22.658%)(0.608m),47.000(41.471%)(2.893m),40.000(50.000%)(2.143m),11.826(29.566%)(0.196m),40.000(100.000%)(3.214m),735.154,3363.973,59.5,1.4274,"[0.437, 0.411, 0.378, 0.438, 0.440, 0.419]","[2.230, 2.488, 2.294, 2.250, 2.649, 2.385]","[-6.053, -5.497, -5.416, -5.585, -5.644, -5.463]"
275,1,-6.4125,-4.6427,0.393,121,293,18,0,0.578,30,0.00,5610,518.04,0,0,78.639(98.299%)(6.283m),92.000(81.177%)(7.714m),33.568(29.619%)(1.454m),17.675(15.595%)(0.000m),10.885(13.606%)(0.000m),40.000(100.000%)(3.214m),11.019(27.547%)(0.109m),4320.746,9135.035,56.1,1.4175,"[0.098, 0.501, 0.637, 0.045, 0.668, 0.768]","[2.096, 2.397, 1.958, 2.137, 2.641, 2.074]","[-4.516, -5.114, -5.516, -4.917, -5.248, -5.044]"
276,1,-6.7134,-4.6403,0.314,244,631,17,24,0.577,50,0.00,5635,1096.48,0,0,13.080(16.349%)(0.000m),27.989(24.696%)(0.856m),74.180(65.453%)(5.805m),55.000(48.530%)(3.750m),27.000(33.750%)(0.750m),9.691(24.226%)(0.000m),24.000(60.000%)(1.500m),3369.774,7297.131,59.8,1.1501,"[0.721, 0.758, 0.135, 0.824, 0.957, 0.227]","[2.045, 2.545, 2.016, 2.046, 2.895, 2.164]","[-1.138, -2.509, -4.904, -1.438, -3.199, -4.838]"
277,1,-4.0670,-4.6238,0.347,285,725,16,30,0.575,55,0.00,5664,1258.25,0,0,26.035(32.544%)(0.647m),54.027(47.671%)(3.646m),57.000(50.294%)(3.964m),46.000(40.588%)(2.786m),16.000(20.000%)(0.000m),18.511(46.277%)(0.912m),10.000(25.000%)(0.000m),1064.310,4327.690,58.9,1.2406,"[0.714, 0.795, 0.543, 0.828, 0.964, 0.505]","[2.081, 3.098, 2.540, 2.308, 3.301, 2.629]","[-1.485, -2.581, -2.113, -1.594, -2.198, -2.251]"
278,1,-3.7978,-4.6294,0.286,172,429,17,0,0.574,40,0.00,5682,769.12,0,0,8.922(11.153%)(0.000m),12.424(10.962%)(0.000m),18.593(16.406%)(0.000m),42.717(37.691%)(2.434m),54.000(67.500%)(3.643m),11.733(29.333%)(0.186m),40.000(100.000%)(3.214m),1661.239,4553.534,57.7,1.4361,"[0.405, 0.417, 0.068, 0.480, 0.490, 0.135]","[2.084, 2.832, 2.241, 2.253, 3.063, 2.338]","[-6.291, -6.146, -6.367, -5.749, -6.326, -5.760]"
279,1,-3.2527,-4.5763,0.311,151,416,20,0,0.573,40,0.00,5698,653.24,0,0,41.000(51.250%)(2.250m),58.000(51.177%)(4.071m),52.602(46.414%)(3.493m),20.936(18.473%)(0.100m),11.417(14.272%)(0.000m),40.000(100.000%)(3.214m),9.975(24.938%)(0.000m),776.804,3817.646,63.8,1.0301,"[-0.581, 0.079, 0.421, -0.748, 0.086, 0.436]","[1.935, 2.350, 1.938, 2.004, 2.614, 2.053]","[-5.359, -5.190, -5.005, -5.987, -5.667, -4.571]"
280,1,-3.6649,-4.5715,0.432,196,495,72,17,0.572,45,0.00,5718,853.95,0,0,58.279(72.849%)(4.101m),28.000(24.706%)(0.857m),20.000(17.647%)(0.000m),20.000(17.647%)(0.000m),22.000(27.500%)(0.214m),40.000(100.000%)(3.214m),40.000(100.000%)(3.214m),0.000,2431.704,58.4,1.1424,"[0.117, 0.174, 0.029, 0.009, 0.080, 0.047]","[2.096, 2.622, 2.037, 2.170, 2.880, 2.096]","[-5.847, -6.361, -6.983, -6.030, -7.254, -5.969]"
281,1,-8.6946,-4.6875,0.423,268,684,54,29,0.571,55,0.00,5745,1080.32,0,0,27.000(33.750%)(0.750m),30.000(26.471%)(1.071m),35.000(30.882%)(1.607m),17.524(15.463%)(0.000m),10.502(13.127%)(0.000m),25.000(62.500%)(1.607m),10.248(25.620%)(0.027m),300.612,5458.444,59.0,1.2055,"[-0.327, 0.278, 0.285, -0.464, 0.202, 0.200]","[2.537, 3.477, 2.821, 2.620, 3.610, 2.860]","[-4.861, -5.716, -6.186, -5.177, -5.947, -6.007]"
282,1,-2.3012,-4.6402,0.401,176,450,22,0,0.570,40,0.00,5763,780.02,0,0,10.607(13.258%)(0.000m),16.515(14.572%)(0.000m),29.108(25.684%)(0.976m),52.000(45.882%)(3.429m),44.000(55.000%)(2.571m),11.415(28.537%)(0.152m),40.000(100.000%)(3.214m),1103.910,3861.590,59.1,1.2296,"[0.361, 0.367, 0.064, 0.415, 0.386, 0.035]","[2.596, 3.181, 2.591, 2.676, 3.295, 2.545]","[-6.464, -5.944, -6.146, -5.791, -5.760, -5.680]"
283,1,-3.2378,-4.6337,0.327,300,767,28,65,0.569,55,0.00,5793,1297.17,0,0,26.424(33.030%)(0.688m),54.885(48.428%)(3.738m),60.000(52.941%)(4.286m),48.000(42.353%)(3.000m),24.000(30.000%)(0.429m),18.771(46.927%)(0.940m),13.000(32.500%)(0.321m),981.897,4392.395,59.1,1.3774,"[0.230, 0.088, -0.086, 0.237, 0.248, -0.199]","[2.036, 2.584, 2.126, 2.084, 2.701, 2.060]","[-2.228, -4.233, -3.671, -2.457, -3.435, -3.802]"
284,1,-1.9732,-4.6500,0.308,164,432,9,18,0.567,40,0.00,5810,731.59,0,0,55.232(69.040%)(3.775m),113.333(100.000%)(10.000m),52.000(45.882%)(3.429m),20.000(17.647%)(0.000m),25.000(31.250%)(0.536m),40.000(100.000%)(3.214m),40.000(100.000%)(3.214m),0.000,2176.424,60.9,1.3543,"[-0.638, -0.208, 0.344, -0.725, -0.035, 0.174]","[1.684, 2.010, 1.627, 1.608, 2.354, 1.744]","[-7.084, -5.408, -1.702, -7.090, -5.409, -2.369]"
285,1,-4.7841,-4.6800,0.367,193,506,16,0,0.566,45,0.00,5830,863.10,0,0,33.000(41.250%)(1.393m),48.000(42.353%)(3.000m),29.989(26.461%)(1.070m),16.301(14.383%)(0.000m),10.214(12.767%)(0.000m),40.000(100.000%)(3.214m),10.596(26.489%)(0.064m),660.325,4313.101,60.7,1.2738,"[-0.004, 0.393, 0.288, -0.146, 0.433, 0.176]","[1.814, 2.308, 1.642, 1.729, 2.422, 1.597]","[-5.077, -5.182, -6.261, -5.558, -5.452, -5.852]"
286,1,-2.6351,-4.6777,0.290,335,832,20,101,0.565,60,0.00,5864,1404.43,0,0,13.297(16.621%)(0.000m),28.326(24.994%)(0.892m),68.000(60.000%)(5.143m),45.000(39.706%)(2.679m),26.000(32.500%)(0.643m),9.723(24.308%)(0.000m),19.000(47.500%)(0.964m),875.535,5468.572,57.5,1.1271,"[0.728, 0.848, 0.625, 0.804, 1.056, 0.641]","[1.649, 2.041, 1.786, 1.653, 2.292, 1.822]","[-1.041, -2.529, -4.671, -1.276, -3.387, -4.709]"
287,1,-6.9252,-4.7459,0.344,632,1600,113,121,0.564,80,0.00,5928,2734.60,0,0,23.000(28.750%)(0.321m),31.000(27.353%)(1.179m),41.000(36.177%)(2.250m),34.977(30.862%)(1.605m),16.551(20.689%)(0.000m),23.000(57.500%)(1.393m),10.000(25.000%)(0.000m),228.556,5839.052,58.6,1.1884,"[-0.164, 0.165, 0.269, -0.262, 0.257, 0.292]","[2.183, 2.682, 2.023, 2.188, 2.931, 2.163]","[-4.761, -2.967, -4.183, -4.937, -3.396, -4.082]"
288,1,-3.8212,-4.7340,0.367,208,594,41,14,0.563,50,0.00,5949,982.09,0,0,15.892(19.865%)(0.000m),34.178(30.157%)(1.519m),89.968(79.383%)(7.497m),73.000(64.412%)(5.679m),38.000(47.500%)(1.929m),11.139(27.848%)(0.122m),17.000(42.500%)(0.750m),1370.372,3785.174,66.1,1.2825,"[0.135, -0.027, -0.494, 0.093, 0.021, -0.687]","[2.096, 2.682, 2.170, 2.114, 2.953, 2.173]","[-2.287, -3.935, -5.077, -2.589, -3.487, -5.258]"
289,1,-6.5333,-4.6976,0.325,488,1211,52,43,0.562,70,0.00,5998,2123.88,0,0,8.990(11.237%)(0.000m),12.081(10.660%)(0.000m),17.311(15.274%)(0.000m),34.691(30.610%)(1.574m),23.151(28.939%)(0.338m),12.792(31.981%)(0.299m),16.451(41.127%)(0.691m),472.860,5254.574,57.4,1.2879,"[0.262, 0.488, 0.353, 0.087, 0.564, 0.394]","[2.449, 2.878, 2.625, 2.337, 2.970, 2.731]","[-6.119, -5.922, -6.076, -5.161, -5.627, -5.408]"
290,1,-9.2483,-4.8032,0.320,472,1222,116,148,0.561,70,0.00,6046,2008.22,0,0,11.046(13.807%)(0.000m),18.432(16.264%)(0.000m),33.000(29.118%)(1.393m),25.000(22.059%)(0.536m),25.601(32.002%)(0.600m),10.779(26.947%)(0.083m),18.232(45.581%)(0.882m),133.804,4245.508,59.9,1.2280,"[-0.265, -0.182, -0.301, -0.182, -0.060, -0.324]","[2.606, 3.313, 2.719, 2.667, 3.493, 2.878]","[-5.113, -4.265, -5.546, -3.922, -4.016, -5.586]"
291,1,-0.8316,-4.6732,0.278,246,651,24,0,0.560,50,0.00,6071,1075.21,0,0,11.712(14.640%)(0.000m),22.275(19.654%)(0.244m),62.537(55.180%)(4.558m),79.000(69.706%)(6.321m),32.000(40.000%)(1.286m),9.857(24.643%)(0.000m),24.000(60.000%)(1.500m),2218.789,5402.991,61.2,1.3530,"[0.408, 0.487, -0.166, 0.476, 0.554, -0.224]","[1.824, 2.287, 2.011, 1.917, 2.570, 2.058]","[-4.615, -4.620, -5.026, -4.544, -4.708, -4.868]"
292,1,-1.0861,-4.6510,0.315,206,573,16,23,0.558,50,0.00,6092,899.02,0,0,11.407(14.259%)(0.000m),20.676(18.244%)(0.072m),50.321(44.401%)(3.249m),55.000(48.530%)(3.750m),27.000(33.750%)(0.750m),10.090(25.225%)(0.010m),22.000(55.000%)(1.286m),716.497,3202.697,64.4,1.7116,"[0.214, 0.391, 0.095, 0.202, 0.467, 0.054]","[1.661, 2.265, 1.853, 1.746, 2.583, 2.117]","[-5.229, -5.001, -4.696, -5.084, -4.617, -4.742]"
293,1,-5.1145,-4.6806,0.353,369,1041,61,77,0.557,70,0.00,6129,1582.01,0,0,11.000(13.750%)(0.000m),16.000(14.118%)(0.000m),27.000(23.824%)(0.750m),39.000(34.412%)(2.036m),18.765(23.456%)(0.000m),12.000(30.000%)(0.214m),13.228(33.070%)(0.346m),268.129,3974.258,65.3,1.1114,"[-0.318, -0.093, -0.137, -0.469, 0.007, -0.174]","[1.771, 2.150, 1.822, 1.865, 2.429, 2.005]","[-6.406, -5.921, -6.739, -7.143, -5.848, -6.465]"
294,1,-4.1416,-4.6668,0.336,421,1147,53,44,0.556,70,0.00,6172,1818.36,0,0,14.290(17.862%)(0.000m),30.201(26.648%)(1.093m),77.410(68.303%)(6.151m),21.000(18.529%)(0.107m),12.000(15.000%)(0.000m),10.039(25.096%)(0.004m),23.000(57.500%)(1.393m),1029.218,5395.366,63.1,1.0663,"[0.146, 0.216, 0.113, 0.206, 0.331, 0.044]","[1.763, 2.409, 2.112, 1.882, 2.605, 2.149]","[-7.736, -6.397, -4.526, -7.702, -6.830, -4.561]"
295,1,-1.9634,-4.6242,0.355,415,1083,62,38,0.555,70,0.00,6214,1768.12,0,0,10.855(13.569%)(0.000m),18.651(16.457%)(0.000m),39.789(35.108%)(2.120m),47.000(41.471%)(2.893m),23.000(28.750%)(0.321m),10.211(25.528%)(0.023m),22.000(55.000%)(1.286m),740.297,3594.579,60.4,1.2542,"[0.202, 0.356, 0.032, 0.215, 0.444, -0.012]","[2.385, 2.670, 2.281, 2.486, 2.952, 2.319]","[-5.077, -4.268, -4.447, -4.045, -4.004, -4.258]"
296,1,-6.5315,-4.6779,0.317,232,633,10,60,0.554,50,0.00,6238,1019.97,0,0,27.000(33.750%)(0.750m),54.000(47.647%)(3.643m),106.851(94.280%)(9.305m),53.275(47.008%)(3.565m),27.498(34.373%)(0.803m),12.000(30.000%)(0.214m),19.628(49.070%)(1.032m),3236.501,6281.297,63.1,1.0936,"[-0.235, 0.041, -0.085, -0.315, 0.203, -0.158]","[1.845, 2.472, 1.941, 1.909, 2.644, 1.971]","[-2.921, -3.406, -2.988, -3.133, -2.869, -3.489]"
297,1,-5.4387,-4.6916,0.288,137,343,15,0,0.553,35,0.00,6252,586.61,0,0,12.278(15.347%)(0.000m),24.300(21.441%)(0.461m),64.808(57.184%)(4.801m),80.000(70.588%)(6.429m),70.000(87.500%)(5.357m),9.952(24.879%)(0.000m),40.000(100.000%)(3.214m),2129.869,6963.984,58.0,1.3644,"[0.437, -0.248, -1.006, 0.463, -0.127, -1.031]","[1.973, 2.472, 2.091, 1.916, 2.690, 2.106]","[-4.061, -5.036, -5.523, -4.131, -5.190, -5.588]"
298,1,-3.9338,-4.7595,0.366,192,513,21,4,0.552,45,0.00,6272,881.53,0,0,11.125(13.906%)(0.000m),19.723(17.402%)(0.000m),45.311(39.981%)(2.712m),47.000(41.471%)(2.893m),32.000(40.000%)(1.286m),10.087(25.216%)(0.009m),40.000(100.000%)(3.214m),599.531,3779.060,61.8,1.5716,"[0.411, 0.253, -0.489, 0.387, 0.309, -0.495]","[1.889, 2.369, 1.684, 1.914, 2.556, 1.731]","[-5.690, -5.879, -5.894, -5.283, -5.470, -5.621]"
299,1,-2.0918,-4.7669,0.331,188,474,18,0,0.551,45,0.00,6291,801.19,0,0,11.839(14.798%)(0.000m),21.967(19.383%)(0.211m),57.115(50.396%)(3.977m),67.000(59.118%)(5.036m),49.000(61.250%)(3.107m),10.216(25.539%)(0.023m),40.000(100.000%)(3.214m),1705.704,4868.695,58.3,1.1479,"[0.764, 0.304, -0.607, 0.819, 0.372, -0.596]","[1.923, 2.412, 1.897, 2.030, 2.612, 1.992]","[-4.903, -5.448, -5.906, -4.808, -5.432, -5.739]"
300,1,-0.6218,-4.6910,0.276,218,557,26,1,0.550,45,0.00,6313,967.52,0,0,12.364(15.455%)(0.000m),24.817(21.898%)(0.516m),55.000(48.530%)(3.750m),44.000(38.824%)(2.571m),34.000(42.500%)(1.500m),9.895(24.738%)(0.000m),40.000(100.000%)(3.214m),751.342,3662.098,59.2,1.1412,"[0.461, 0.341, -0.252, 0.495, 0.307, -0.289]","[1.586, 2.112, 1.798, 1.597, 2.283, 1.884]","[-4.655, -5.124, -5.439, -4.469, -5.296, -5.324]"
301,1,-5.1629,-4.7020,0.280,236,629,45,54,0.548,50,0.00,6337,1016.77,0,0,15.000(18.750%)(0.000m),31.000(27.353%)(1.179m),103.000(90.883%)(8.893m),65.547(57.836%)(4.880m),31.669(39.586%)(1.250m),10.000(25.000%)(0.000m),22.610(56.525%)(1.351m),1661.918,4593.812,61.7,1.2389,"[0.071, -0.173, -0.336, -0.005, 0.015, -0.389]","[2.091, 2.612, 1.922, 2.177, 2.939, 1.920]","[-2.916, -4.257, -6.352, -3.907, -5.265, -6.012]"
302,1,-2.0693,-4.5942,0.281,275,668,44,10,0.547,50,0.00,6365,1215.17,0,0,31.000(38.750%)(1.179m),39.000(34.412%)(2.036m),49.000(43.235%)(3.107m),23.441(20.683%)(0.369m),12.167(15.209%)(0.000m),40.000(100.000%)(3.214m),10.113(25.283%)(0.012m),660.221,4800.358,56.2,1.2373,"[0.357, 0.764, 0.785, 0.240, 0.787, 0.743]","[2.331, 2.811, 2.397, 2.204, 2.994, 2.320]","[-4.853, -4.480, -4.087, -5.435, -4.658, -3.962]"
303,1,-5.6886,-4.5811,0.346,83,215,22,0,0.546,25,0.00,6374,342.58,0,0,78.639(98.299%)(6.283m),110.000(97.059%)(9.643m),51.109(45.096%)(3.333m),21.000(18.529%)(0.107m),11.585(14.482%)(0.000m),40.000(100.000%)(3.214m),10.248(25.620%)(0.027m),2835.314,6764.048,60.0,1.6156,"[-1.445, -0.691, -0.249, -1.496, -0.700, -0.231]","[2.360, 3.157, 2.430, 2.354, 3.350, 2.553]","[-4.666, -5.005, -5.394, -4.811, -5.262, -5.099]"
304,1,-4.1354,-4.5276,0.358,116,294,17,0,0.545,30,0.00,6386,512.85,0,0,10.383(12.978%)(0.000m),15.677(13.832%)(0.000m),26.290(23.197%)(0.674m),89.000(78.530%)(7.393m),75.000(93.750%)(5.893m),11.738(29.345%)(0.186m),40.000(100.000%)(3.214m),2564.538,5925.584,58.6,1.1733,"[0.721, 0.610, 0.016, 0.781, 0.762, 0.012]","[2.163, 2.755, 2.206, 2.223, 2.942, 2.339]","[-6.212, -5.566, -5.550, -5.786, -5.460, -5.513]"
305,1,-3.5033,-4.5466,0.412,256,672,16,39,0.544,55,0.00,6412,1133.95,0,0,23.884(29.855%)(0.416m),48.135(42.472%)(3.014m),55.000(48.530%)(3.750m),44.000(38.824%)(2.571m),28.000(35.000%)(0.857m),16.920(42.301%)(0.741m),11.000(27.500%)(0.107m),765.164,3687.853,60.8,1.1079,"[0.656, 0.646, 0.454, 0.714, 0.787, 0.308]","[2.453, 3.278, 2.667, 2.575, 3.662, 2.825]","[-2.839, -4.481, -3.552, -2.942, -4.092, -3.995]"
306,1,-4.3162,-4.5487,0.343,283,738,53,32,0.543,55,0.00,6441,1226.13,0,0,13.967(17.459%)(0.000m),29.919(26.399%)(1.063m),68.000(60.000%)(5.143m),42.000(37.059%)(2.357m),28.000(35.000%)(0.857m),9.795(24.486%)(0.000m),15.000(37.500%)(0.536m),724.135,4293.353,60.4,1.2287,"[0.457, 0.202, -0.101, 0.475, 0.358, -0.126]","[2.568, 3.233, 2.756, 2.639, 3.438, 2.633]","[-2.722, -4.418, -5.815, -2.743, -4.773, -5.812]"
307,1,-2.7701,-4.5364,0.317,197,487,13,0,0.542,45,0.00,6461,882.36,0,0,12.229(15.286%)(0.000m),24.204(21.356%)(0.450m),62.599(55.234%)(4.564m),59.000(52.059%)(4.179m),48.000(60.000%)(3.000m),9.912(24.780%)(0.000m),40.000(100.000%)(3.214m),1567.260,5186.415,57.2,1.1949,"[1.002, 0.804, 0.284, 0.960, 0.796, 0.228]","[2.722, 3.297, 2.783, 2.687, 3.442, 2.934]","[-4.224, -5.148, -5.802, -4.377, -5.374, -5.822]"
308,1,-5.4991,-4.5412,0.266,353,993,9,48,0.541,65,0.00,6497,1501.30,0,0,25.000(31.250%)(0.536m),23.000(20.294%)(0.321m),20.000(17.647%)(0.000m),54.916(48.456%)(3.741m),26.426(33.032%)(0.688m),20.000(50.000%)(1.071m),18.778(46.945%)(0.940m),0.000,3899.895,65.1,1.1543,"[0.151, 0.394, 0.100, 0.068, 0.481, 0.132]","[2.201, 2.761, 2.374, 2.182, 2.917, 2.376]","[-6.086, -5.378, -5.879, -6.139, -5.441, -5.606]"
309,1,-3.7696,-4.4830,0.289,261,676,96,16,0.540,55,0.00,6524,1219.85,0,0,18.976(23.720%)(0.000m),39.838(35.151%)(2.126m),98.000(86.471%)(8.357m),74.000(65.294%)(5.786m),11.000(13.750%)(0.000m),13.386(33.465%)(0.363m),12.000(30.000%)(0.214m),2354.497,5806.840,60.0,1.2777,"[0.965, 0.740, -0.035, 1.066, 0.933, -0.114]","[2.466, 3.138, 2.531, 2.524, 3.333, 2.675]","[-1.271, -2.219, -4.299, -1.127, -1.662, -4.408]"
310,1,-4.2479,-4.4467,0.298,580,1469,68,105,0.539,75,0.00,6582,2516.15,0,0,14.339(17.924%)(0.000m),30.472(26.887%)(1.122m),73.000(64.412%)(5.679m),45.000(39.706%)(2.679m),13.000(16.250%)(0.000m),10.063(25.158%)(0.007m),10.000(25.000%)(0.000m),1271.635,5917.903,58.6,1.2354,"[0.557, 0.677, 0.536, 0.591, 0.904, 0.558]","[2.258, 2.662, 2.198, 2.303, 2.895, 2.310]","[-4.689, -2.338, -5.396, -4.739, -2.762, -5.446]"
311,1,-7.0503,-4.4943,0.288,543,1436,26,108,0.538,75,0.00,6637,2308.74,0,0,30.000(37.500%)(1.071m),62.000(54.706%)(4.500m),46.000(40.588%)(2.786m),36.000(31.765%)(1.714m),26.413(33.017%)(0.687m),19.000(47.500%)(0.964m),16.000(40.000%)(0.643m),502.129,4176.730,61.2,1.3171,"[-0.119, 0.004, 0.029, -0.171, 0.138, 0.014]","[2.148, 2.702, 2.282, 2.136, 2.958, 2.310]","[-3.077, -2.637, -3.004, -3.341, -2.960, -3.172]"
312,1,-4.2600,-4.4932,0.409,148,392,16,0,0.537,40,0.00,6652,618.17,0,0,48.000(60.000%)(3.000m),69.000(60.883%)(5.250m),33.995(29.996%)(1.499m),17.597(15.527%)(0.000m),10.741(13.426%)(0.000m),40.000(100.000%)(3.214m),10.741(26.853%)(0.079m),2456.113,5139.019,61.2,1.0861,"[0.047, 0.238, 0.488, 0.034, 0.437, 0.418]","[2.246, 2.654, 2.307, 2.324, 3.105, 2.360]","[-5.260, -5.125, -5.740, -5.565, -5.586, -5.737]"
313,1,-4.6142,-4.4148,0.389,231,579,16,5,0.535,50,0.00,6676,1006.87,0,0,32.000(40.000%)(1.286m),53.000(46.765%)(3.536m),34.261(30.231%)(1.528m),17.421(15.371%)(0.000m),10.537(13.171%)(0.000m),40.000(100.000%)(3.214m),10.409(26.022%)(0.044m),1403.302,4898.032,58.0,1.2182,"[0.705, 1.096, 0.815, 0.710, 1.130, 0.775]","[2.359, 3.227, 2.615, 2.359, 3.160, 2.612]","[-5.337, -5.380, -6.219, -5.664, -5.758, -6.102]"
314,1,-5.4404,-4.4416,0.294,343,841,127,39,0.534,60,0.00,6711,1438.19,0,0,18.000(22.500%)(0.000m),33.000(29.118%)(1.393m),40.000(35.294%)(2.143m),29.410(25.950%)(1.008m),13.815(17.268%)(0.000m),11.000(27.500%)(0.107m),9.703(24.257%)(0.000m),566.620,5215.955,56.7,1.1643,"[-0.672, -0.270, -0.177, -0.792, -0.241, -0.219]","[2.173, 2.730, 2.309, 2.382, 3.040, 2.461]","[-5.650, -4.552, -3.862, -6.518, -4.824, -3.870]"
315,1,-2.0259,-4.4079,0.291,262,696,15,53,0.533,55,0.00,6738,1141.35,0,0,12.748(15.935%)(0.000m),27.193(23.994%)(0.771m),61.000(53.824%)(4.393m),43.000(37.941%)(2.464m),23.000(28.750%)(0.321m),9.694(24.234%)(0.000m),19.000(47.500%)(0.964m),487.093,3509.236,61.4,1.1683,"[0.467, 0.499, 0.184, 0.486, 0.611, 0.227]","[2.186, 2.552, 2.040, 2.149, 2.801, 2.227]","[-2.973, -3.756, -5.378, -2.922, -4.232, -5.356]"
316,1,-2.1692,-4.3511,0.263,267,651,19,25,0.532,50,0.00,6765,1137.67,0,0,11.342(14.177%)(0.000m),20.558(18.139%)(0.060m),50.033(44.147%)(3.218m),41.000(36.177%)(2.250m),26.000(32.500%)(0.643m),10.032(25.080%)(0.003m),40.000(100.000%)(3.214m),1018.813,4853.176,56.5,1.3168,"[0.709, 0.818, 0.545, 0.648, 0.869, 0.544]","[2.101, 2.719, 2.089, 2.080, 2.789, 2.214]","[-4.925, -5.420, -5.509, -4.860, -5.597, -5.547]"
317,1,-3.0715,-4.3027,0.316,423,1151,77,132,0.531,70,0.00,6808,1782.60,0,0,22.890(28.612%)(0.310m),37.000(32.647%)(1.821m),34.000(30.000%)(1.500m),18.000(15.882%)(0.000m),11.000(13.750%)(0.000m),16.209(40.523%)(0.665m),17.000(42.500%)(0.750m),110.338,3205.808,63.0,1.2663,"[-0.128, 0.077, -0.071, -0.164, 0.102, -0.140]","[2.175, 2.764, 2.218, 2.127, 2.987, 2.356]","[-7.248, -7.853, -7.260, -7.092, -8.025, -6.302]"
318,1,-3.8905,-4.2267,0.304,125,353,15,0,0.530,35,0.00,6821,568.17,0,0,12.486(15.607%)(0.000m),25.814(22.777%)(0.623m),79.872(70.476%)(6.415m),78.000(68.824%)(6.214m),52.000(65.000%)(3.429m),9.742(24.354%)(0.000m),40.000(100.000%)(3.214m),1358.744,3942.991,65.3,1.0766,"[0.622, 0.203, -0.755, 0.598, 0.197, -0.684]","[1.995, 2.326, 1.813, 2.031, 2.499, 2.006]","[-1.744, -3.237, -5.280, -1.774, -3.666, -5.103]"
319,1,-6.0492,-4.3197,0.369,239,579,53,28,0.529,45,0.00,6845,1042.62,0,0,40.243(50.303%)(2.169m),66.532(58.705%)(4.986m),31.000(27.353%)(1.179m),25.000(22.059%)(0.536m),22.000(27.500%)(0.214m),39.754(99.384%)(3.188m),40.000(100.000%)(3.214m),18.639,2855.324,56.1,1.4667,"[0.486, 0.867, 1.008, 0.482, 0.870, 0.912]","[2.496, 3.206, 2.647, 2.490, 3.448, 2.729]","[-4.289, -3.082, -1.505, -4.050, -3.226, -1.893]"
320,1,-0.7732,-4.2479,0.359,199,500,51,11,0.528,45,0.00,6865,899.42,0,0,60.021(75.026%)(4.288m),33.000(29.118%)(1.393m),20.000(17.647%)(0.000m),19.000(16.765%)(0.000m),22.000(27.500%)(0.214m),40.000(100.000%)(3.214m),40.000(100.000%)(3.214m),0.000,3136.638,58.2,1.1936,"[0.799, 0.947, 0.703, 0.782, 0.913, 0.649]","[2.575, 3.347, 2.784, 2.656, 3.484, 2.772]","[-6.305, -7.383, -7.701, -6.102, -7.722, -6.904]"
321,1,-6.4859,-4.2393,0.290,176,462,19,0,0.527,40,0.00,6883,757.92,0,0,11.700(14.625%)(0.000m),21.208(18.713%)(0.129m),51.616(45.543%)(3.387m),61.000(53.824%)(4.393m),44.000(55.000%)(2.571m),10.350(25.874%)(0.037m),33.934(84.835%)(2.564m),861.144,4975.417,60.7,1.2254,"[0.340, 0.120, -0.473, 0.383, 0.142, -0.320]","[2.066, 2.502, 2.250, 2.138, 2.885, 2.467]","[-5.639, -5.593, -5.748, -5.221, -5.907, -5.562]"
322,1,-5.5416,-4.2220,0.300,606,1521,162,75,0.526,75,0.00,6944,2627.93,0,0,16.000(20.000%)(0.000m),31.000(27.353%)(1.179m),58.000(51.177%)(4.071m),17.000(15.000%)(0.000m),11.000(13.750%)(0.000m),11.360(28.401%)(0.146m),11.000(27.500%)(0.107m),1232.798,5683.198,58.1,1.2733,"[0.528, 0.380, -0.225, 0.440, 0.484, -0.288]","[2.533, 3.273, 2.609, 2.516, 3.325, 2.718]","[-6.859, -4.740, -7.216, -7.324, -5.344, -6.873]"
323,1,-8.0096,-4.2875,0.297,492,1266,81,18,0.525,70,0.00,6994,2089.98,0,0,21.979(27.473%)(0.212m),20.000(17.647%)(0.000m),20.000(17.647%)(0.000m),22.000(19.412%)(0.214m),26.878(33.597%)(0.737m),15.508(38.770%)(0.590m),23.775(59.437%)(1.476m),0.000,4730.616,59.6,1.1460,"[0.199, 0.226, -0.038, 0.143, 0.369, -0.107]","[1.899, 2.535, 2.120, 1.934, 2.671, 1.968]","[-5.502, -5.444, -5.810, -5.727, -5.400, -5.233]"
324,1,-7.4828,-4.3569,0.306,213,531,32,22,0.524,45,0.00,7016,905.58,0,0,22.000(27.500%)(0.214m),20.000(17.647%)(0.000m),21.000(18.529%)(0.107m),30.000(26.471%)(1.071m),58.156(72.695%)(4.088m),24.761(61.904%)(1.582m),40.000(100.000%)(3.214m),0.000,6850.291,57.7,1.1220,"[0.007, 0.398, 0.405, -0.055, 0.503, 0.392]","[1.956, 2.740, 2.345, 1.842, 2.880, 2.328]","[-6.481, -5.456, -5.855, -6.199, -5.652, -5.783]"
325,1,-8.9896,-4.4084,0.309,727,1910,141,226,0.523,85,0.00,7089,3155.46,0,0,14.444(18.055%)(0.000m),21.000(18.529%)(0.107m),20.000(17.647%)(0.000m),20.000(17.647%)(0.000m),17.000(21.250%)(0.000m),10.154(25.384%)(0.016m),15.000(37.500%)(0.536m),0.000,4182.352,60.8,1.3936,"[-0.244, -0.251, -0.222, -0.262, -0.094, -0.275]","[1.947, 2.490, 2.017, 2.105, 2.716, 2.108]","[-5.679, -5.513, -5.787, -5.544, -5.169, -5.645]"
326,1,-5.3258,-4.3807,0.320,313,824,35,0,0.522,60,0.00,7121,1318.22,0,0,35.000(43.750%)(1.607m),76.000(67.059%)(6.000m),79.357(70.021%)(6.360m),24.512(21.628%)(0.483m),12.385(15.481%)(0.000m),24.000(60.000%)(1.500m),10.038(25.095%)(0.004m),2748.605,5205.363,60.9,1.2258,"[-0.209, 0.825, 0.930, -0.467, 0.896, 0.944]","[2.003, 2.522, 2.184, 1.887, 2.729, 2.284]","[-5.545, -4.740, -3.359, -6.270, -4.746, -3.269]"
327,1,-1.1249,-4.3218,0.352,346,894,17,0,0.521,60,0.00,7156,1432.14,0,0,34.000(42.500%)(1.500m),49.000(43.235%)(3.107m),62.000(54.706%)(4.500m),23.647(20.865%)(0.391m),12.112(15.140%)(0.000m),24.000(60.000%)(1.500m),9.942(24.855%)(0.000m),1114.645,4364.203,59.8,1.2340,"[0.295, 1.034, 0.985, 0.167, 1.146, 1.096]","[2.571, 3.176, 2.707, 2.694, 3.402, 2.734]","[-4.443, -4.102, -3.584, -4.968, -4.091, -3.440]"
328,1,-7.1565,-4.3890,0.349,247,598,20,0,0.520,50,0.00,7181,1163.72,0,0,11.915(14.893%)(0.000m),22.379(19.746%)(0.255m),59.000(52.059%)(4.179m),46.000(40.588%)(2.786m),38.000(47.500%)(1.929m),10.154(25.385%)(0.017m),40.000(100.000%)(3.214m),1171.115,5129.734,56.0,1.1144,"[1.176, 1.005, 0.505, 1.127, 0.958, 0.432]","[2.765, 3.307, 2.763, 2.707, 3.308, 2.756]","[-4.508, -5.197, -5.961, -4.354, -5.677, -5.978]"
329,1,-3.9583,-4.4031,0.257,191,519,17,19,0.519,45,0.00,7201,885.70,0,0,28.000(35.000%)(0.857m),49.000(43.235%)(3.107m),33.107(29.212%)(1.404m),17.137(15.121%)(0.000m),10.460(13.076%)(0.000m),25.000(62.500%)(1.607m),10.460(26.151%)(0.049m),836.466,4059.863,62.8,1.1823,"[0.141, 0.355, 0.292, 0.096, 0.473, 0.269]","[2.657, 3.111, 2.756, 2.705, 3.328, 2.727]","[-4.927, -6.019, -6.983, -5.328, -5.768, -6.176]"
330,1,-2.6281,-4.3824,0.349,274,698,21,0,0.518,55,0.00,7229,1243.26,0,0,10.891(13.613%)(0.000m),18.903(16.680%)(0.000m),41.277(36.421%)(2.280m),77.000(67.941%)(6.107m),35.000(43.750%)(1.607m),10.120(25.299%)(0.013m),27.000(67.500%)(1.821m),2875.808,5861.024,59.0,1.5121,"[1.183, 1.254, 0.656, 1.145, 1.370, 0.549]","[2.377, 2.863, 2.392, 2.329, 3.083, 2.356]","[-5.316, -4.881, -5.643, -5.019, -5.062, -5.445]"
331,1,-5.4683,-4.3179,0.334,216,539,0,24,0.517,45,0.00,7251,963.52,0,0,23.000(28.750%)(0.321m),23.000(20.294%)(0.321m),113.333(100.000%)(10.000m),47.278(41.716%)(2.923m),23.747(29.683%)(0.401m),40.000(100.000%)(3.214m),16.872(42.180%)(0.736m),3439.545,8381.860,57.8,1.1697,"[0.458, 0.645, 0.294, 0.260, 0.787, 0.463]","[2.079, 2.329, 1.976, 2.024, 2.614, 2.146]","[-2.428, -3.255, -5.514, -3.321, -4.182, -4.819]"
332,1,-2.8111,-4.3280,0.386,177,447,19,0,0.515,40,0.00,7269,787.73,0,0,11.426(14.283%)(0.000m),20.711(18.275%)(0.076m),50.406(44.476%)(3.258m),74.000(65.294%)(5.786m),49.000(61.250%)(3.107m),10.107(25.268%)(0.011m),40.000(100.000%)(3.214m),1914.349,5959.586,58.4,1.2635,"[1.342, 1.169, 0.409, 1.261, 1.249, 0.441]","[2.851, 3.530, 2.885, 2.786, 3.744, 3.022]","[-5.717, -5.738, -5.633, -5.577, -5.969, -5.309]"
333,1,-6.0717,-4.3847,0.291,182,487,0,29,0.514,45,0.00,7288,765.79,0,0,12.000(15.000%)(0.000m),22.000(19.412%)(0.214m),113.333(100.000%)(10.000m),63.667(56.177%)(4.679m),30.754(38.442%)(1.152m),40.000(100.000%)(3.214m),21.947(54.869%)(1.280m),4196.329,6906.042,61.9,1.3616,"[0.281, 0.315, -0.100, 0.130, 0.356, 0.027]","[2.500, 2.984, 2.672, 2.480, 3.265, 2.872]","[-4.182, -5.140, -7.267, -5.252, -6.300, -6.565]"
334,1,-7.6128,-4.4975,0.258,232,565,29,0,0.513,45,0.00,7312,1011.75,0,0,11.160(13.950%)(0.000m),20.229(17.849%)(0.025m),49.233(43.441%)(3.132m),45.000(39.706%)(2.679m),40.000(50.000%)(2.143m),9.872(24.679%)(0.000m),40.000(100.000%)(3.214m),1123.709,4327.310,56.4,1.2569,"[0.091, 0.101, -0.140, 0.155, 0.152, -0.131]","[1.894, 2.523, 2.149, 2.056, 2.737, 2.230]","[-6.725, -5.836, -5.797, -5.924, -6.006, -5.632]"
335,1,-3.3927,-4.4697,0.351,179,460,34,0,0.512,40,0.00,7330,781.83,0,0,11.254(14.067%)(0.000m),20.171(17.798%)(0.018m),47.651(42.046%)(2.963m),47.000(41.471%)(2.893m),40.000(50.000%)(2.143m),10.078(25.196%)(0.008m),40.000(100.000%)(3.214m),816.281,4151.813,59.4,1.2194,"[-0.305, -0.334, -0.501, -0.250, -0.327, -0.463]","[1.713, 2.118, 1.751, 1.870, 2.374, 1.886]","[-6.719, -6.383, -5.923, -5.807, -6.120, -5.576]"
336,1,-1.3132,-4.4433,0.309,448,1181,58,29,0.511,70,0.00,7375,1887.71,0,0,30.000(37.500%)(1.071m),72.000(63.530%)(5.571m),71.361(62.966%)(5.503m),27.000(23.824%)(0.750m),13.882(17.352%)(0.000m),22.000(55.000%)(1.286m),9.748(24.369%)(0.000m),1949.247,6640.089,61.0,1.2046,"[-0.937, -0.285, -0.099, -1.012, -0.190, -0.048]","[1.386, 1.726, 1.841, 1.536, 2.116, 1.984]","[-6.380, -4.829, -3.464, -6.400, -4.932, -3.432]"
337,1,-6.6342,-4.4374,0.277,445,1116,59,14,0.510,65,0.00,7420,1945.13,0,0,10.746(13.433%)(0.000m),18.464(16.292%)(0.000m),39.391(34.756%)(2.078m),52.000(45.882%)(3.429m),30.000(37.500%)(1.071m),10.109(25.272%)(0.012m),26.000(65.000%)(1.714m),1089.951,5101.283,58.1,1.2144,"[0.728, 0.797, 0.305, 0.767, 0.884, 0.198]","[1.856, 2.631, 2.242, 1.851, 2.766, 2.143]","[-6.272, -5.427, -5.789, -5.177, -5.608, -5.525]"
338,1,-4.1825,-4.4447,0.365,263,678,23,16,0.509,55,0.00,7447,1096.51,0,0,11.473(14.341%)(0.000m),20.796(18.349%)(0.085m),50.611(44.657%)(3.280m),64.000(56.471%)(4.714m),29.000(36.250%)(0.964m),10.148(25.370%)(0.016m),25.000(62.500%)(1.607m),2861.829,6091.913,59.6,1.1608,"[1.086, 1.224, 0.751, 1.096, 1.363, 0.668]","[2.345, 2.997, 2.481, 2.581, 3.145, 2.529]","[-4.206, -4.525, -5.193, -4.294, -4.746, -5.089]"
339,1,-2.7810,-4.3696,0.292,184,451,16,0,0.508,40,0.00,7466,796.14,0,0,9.774(12.218%)(0.000m),13.446(11.864%)(0.000m),19.818(17.487%)(0.000m),43.275(38.184%)(2.494m),52.000(65.000%)(3.429m),13.193(32.982%)(0.342m),40.000(100.000%)(3.214m),1874.872,4933.539,56.7,1.2096,"[0.961, 0.865, 0.621, 0.852, 0.920, 0.564]","[2.321, 2.692, 2.414, 2.256, 2.842, 2.410]","[-5.924, -5.455, -5.760, -5.289, -5.160, -5.394]"
340,1,-3.5180,-4.2550,0.317,557,1463,25,148,0.507,80,0.00,7522,2358.36,0,0,23.000(28.750%)(0.321m),47.000(41.471%)(2.893m),84.000(74.118%)(6.857m),43.056(37.990%)(2.470m),20.659(25.824%)(0.071m),17.000(42.500%)(0.750m),14.642(36.606%)(0.497m),692.261,4700.718,60.8,1.1751,"[0.095, 0.553, 0.588, 0.113, 0.675, 0.679]","[2.027, 2.677, 2.563, 2.167, 3.084, 2.580]","[-3.059, -2.303, -1.441, -3.372, -1.959, -1.281]"
341,1,-5.5294,-4.3490,0.441,110,269,17,0,0.506,30,0.00,7533,479.21,0,0,9.474(11.843%)(0.000m),13.358(11.787%)(0.000m),20.318(17.927%)(0.034m),49.448(43.631%)(3.155m),67.642(84.553%)(5.105m),12.143(30.358%)(0.230m),40.000(100.000%)(3.214m),3226.646,7480.331,56.6,0.9735,"[0.733, 0.436, -0.058, 0.706, 0.636, -0.084]","[2.475, 2.939, 2.480, 2.448, 3.200, 2.583]","[-6.284, -5.934, -6.001, -5.655, -5.637, -5.953]"
342,1,-4.8979,-4.4252,0.323,481,1238,9,92,0.505,70,0.00,7582,2114.82,0,0,27.000(33.750%)(0.750m),26.000(22.941%)(0.643m),56.000(49.412%)(3.857m),45.000(39.706%)(2.679m),25.000(31.250%)(0.536m),19.390(48.474%)(1.006m),17.000(42.500%)(0.750m),813.765,4302.691,59.6,1.1981,"[1.030, 0.922, 0.450, 0.945, 1.056, 0.343]","[2.485, 3.217, 2.671, 2.492, 3.461, 2.735]","[-2.103, -4.067, -6.659, -3.243, -4.937, -6.346]"
343,1,-5.0960,-4.4248,0.374,139,340,18,0,0.504,35,0.00,7596,588.44,0,0,75.000(93.750%)(5.893m),98.000(86.471%)(8.357m),50.452(44.517%)(3.263m),20.730(18.291%)(0.078m),11.437(14.296%)(0.000m),40.000(100.000%)(3.214m),10.116(25.291%)(0.012m),3999.794,8010.962,56.7,1.1678,"[-0.270, 0.797, 1.520, -0.496, 0.909, 1.521]","[2.505, 3.066, 2.812, 2.440, 3.271, 2.859]","[-4.963, -5.719, -4.911, -5.375, -5.568, -4.863]"
344,1,-3.6661,-4.4153,0.339,305,770,90,0,0.503,55,0.00,7627,1324.44,0,0,11.758(14.698%)(0.000m),22.654(19.989%)(0.284m),61.359(54.140%)(4.431m),49.000(43.235%)(3.107m),36.000(45.000%)(1.714m),9.689(24.223%)(0.000m),27.000(67.500%)(1.821m),998.422,5354.447,58.4,1.3669,"[1.094, 0.924, 0.267, 1.069, 1.017, 0.232]","[2.784, 3.336, 2.864, 2.725, 3.485, 2.872]","[-3.425, -4.607, -5.735, -3.544, -4.813, -5.654]"
345,1,-2.6826,-4.4297,0.306,274,697,6,56,0.502,55,0.00,7655,1185.24,0,0,11.000(13.750%)(0.000m),44.000(38.824%)(2.571m),76.000(67.059%)(6.000m),53.246(46.982%)(3.562m),27.118(33.898%)(0.763m),11.000(27.500%)(0.107m),19.307(48.266%)(0.997m),994.767,4850.555,58.8,1.1378,"[0.990, 1.353, 1.106, 0.928, 1.425, 1.194]","[2.636, 3.242, 2.924, 2.742, 3.417, 3.040]","[-2.409, -3.097, -2.351, -2.497, -2.381, -2.115]"
346,1,-1.2509,-4.3241,0.403,228,580,22,0,0.501,50,0.00,7678,973.37,0,0,13.582(16.978%)(0.000m),28.848(25.454%)(0.948m),62.000(54.706%)(4.500m),54.000(47.647%)(3.643m),35.000(43.750%)(1.607m),9.629(24.072%)(0.000m),40.000(100.000%)(3.214m),1284.624,4903.900,58.9,1.1507,"[1.516, 1.240, 0.381, 1.469, 1.230, 0.289]","[2.929, 3.323, 2.795, 2.948, 3.446, 2.864]","[-2.438, -4.415, -6.137, -2.535, -4.923, -5.925]"
347,1,-7.3823,-4.3630,0.336,163,402,21,0,0.500,40,0.00,7695,737.36,0,0,50.805(63.507%)(3.301m),74.000(65.294%)(5.786m),26.713(23.571%)(0.719m),15.357(13.551%)(0.000m),9.941(12.427%)(0.000m),37.188(92.969%)(2.913m),10.831(27.077%)(0.089m),1827.408,4798.295,57.1,1.3531,"[0.615, 0.444, 0.515, 0.584, 0.606, 0.550]","[2.506, 2.917, 2.604, 2.509, 3.069, 2.698]","[-4.648, -5.111, -5.839, -4.737, -4.959, -5.253]"
348,1,-4.5993,-4.3763,0.333,551,1379,37,72,0.499,75,0.00,7751,2342.78,0,0,24.094(30.118%)(0.439m),22.000(19.412%)(0.214m),20.000(17.647%)(0.000m),20.000(17.647%)(0.000m),23.241(29.051%)(0.347m),21.000(52.500%)(1.179m),16.514(41.286%)(0.698m),0.000,5314.878,57.9,1.3124,"[0.577, 0.933, 0.437, 0.527, 0.966, 0.547]","[2.631, 3.023, 2.533, 2.510, 3.180, 2.581]","[-6.102, -5.516, -5.921, -5.382, -5.237, -5.396]"
349,1,-3.2598,-4.3996,0.342,202,507,20,0,0.498,45,0.00,7772,886.31,0,0,11.845(14.806%)(0.000m),21.978(19.392%)(0.212m),56.226(49.611%)(3.881m),61.000(53.824%)(4.393m),46.000(57.500%)(2.786m),10.221(25.552%)(0.024m),40.000(100.000%)(3.214m),1524.343,4543.808,58.1,1.2414,"[1.438, 1.163, 0.431, 1.537, 1.286, 0.373]","[2.632, 3.089, 2.628, 2.807, 3.430, 2.668]","[-5.096, -5.612, -5.971, -4.781, -5.780, -5.850]"
350,1,-4.8132,-4.4835,0.410,150,364,16,0,0.497,35,0.00,7787,650.01,0,0,12.608(15.760%)(0.000m),26.067(23.000%)(0.650m),68.927(60.818%)(5.242m),89.000(78.530%)(7.393m),67.642(84.553%)(5.105m),9.837(24.592%)(0.000m),40.000(100.000%)(3.214m),3069.186,7584.524,56.1,1.0160,"[1.394, 1.202, 0.400, 1.479, 1.146, 0.374]","[2.821, 3.778, 3.091, 2.986, 3.880, 3.122]","[-3.886, -4.956, -5.438, -3.798, -5.451, -5.157]"
351,1,-4.2587,-4.4654,0.338,607,1550,6,67,0.496,80,0.00,7848,2574.18,0,0,26.779(33.473%)(0.726m),52.000(45.882%)(3.429m),62.000(54.706%)(4.500m),54.000(47.647%)(3.643m),28.000(35.000%)(0.857m),11.000(27.500%)(0.107m),22.000(55.000%)(1.286m),1180.967,5229.138,59.1,1.1739,"[0.648, 0.811, 0.845, 0.645, 0.987, 0.828]","[2.586, 3.421, 2.930, 2.737, 3.496, 2.941]","[-2.934, -2.907, -1.758, -2.988, -2.411, -1.401]"
352,1,-0.4083,-4.4322,0.310,520,1396,0,19,0.495,75,0.00,7900,2254.02,0,0,25.346(31.682%)(0.573m),52.636(46.444%)(3.497m),80.000(70.588%)(6.429m),52.000(45.882%)(3.429m),31.000(38.750%)(1.179m),18.030(45.075%)(0.860m),22.000(55.000%)(1.286m),1833.000,4998.677,62.1,1.2618,"[0.442, 0.566, 0.446, 0.361, 0.648, 0.406]","[2.260, 2.746, 2.221, 2.288, 3.017, 2.444]","[-1.956, -2.142, -3.233, -2.031, -1.856, -3.480]"
353,1,-6.3535,-4.4455,0.366,466,1215,111,41,0.494,70,0.00,7947,1996.04,0,0,16.530(20.662%)(0.000m),34.415(30.366%)(1.544m),54.000(47.647%)(3.643m),20.000(17.647%)(0.000m),26.000(32.500%)(0.643m),11.639(29.098%)(0.176m),30.000(75.000%)(2.143m),0.000,4611.764,60.3,1.1620,"[-0.015, 0.335, 0.042, 0.004, 0.298, -0.048]","[2.046, 2.621, 2.171, 2.229, 2.909, 2.296]","[-5.966, -4.054, -5.661, -6.128, -4.334, -5.589]"
354,1,-4.6025,-4.4548,0.345,135,349,14,0,0.493,35,0.00,7961,591.68,0,0,60.000(75.000%)(4.286m),79.000(69.706%)(6.321m),41.291(36.434%)(2.281m),19.355(17.078%)(0.000m),11.265(14.081%)(0.000m),40.000(100.000%)(3.214m),10.597(26.492%)(0.064m),1697.114,4710.430,59.9,1.4151,"[-0.237, -0.023, 0.239, -0.170, 0.101, 0.154]","[2.352, 3.055, 2.541, 2.463, 3.441, 2.564]","[-5.119, -5.764, -5.744, -5.145, -5.810, -5.656]"
355,1,-3.4104,-4.4529,0.366,163,424,23,0,0.492,40,0.00,7978,723.76,0,0,45.000(56.250%)(2.679m),76.000(67.059%)(6.000m),43.348(38.249%)(2.502m),19.369(17.090%)(0.000m),11.043(13.804%)(0.000m),40.000(100.000%)(3.214m),10.136(25.340%)(0.015m),1773.144,5665.242,60.3,1.6859,"[0.165, 1.064, 1.230, 0.131, 1.090, 1.172]","[2.090, 2.662, 2.232, 2.231, 2.906, 2.360]","[-5.142, -5.453, -5.089, -5.409, -5.491, -5.165]"
356,1,-2.3958,-4.4145,0.272,153,411,22,0,0.491,40,0.00,7994,656.29,0,0,45.000(56.250%)(2.679m),69.000(60.883%)(5.250m),58.347(51.483%)(4.109m),22.081(19.483%)(0.223m),11.756(14.695%)(0.000m),40.000(100.000%)(3.214m),10.019(25.047%)(0.002m),1226.017,4490.167,62.1,1.3268,"[-0.127, 0.862, 1.202, -0.243, 0.835, 1.045]","[2.287, 2.855, 2.417, 2.388, 3.064, 2.471]","[-5.144, -5.200, -4.274, -5.518, -5.263, -4.445]"
357,1,-10.2589,-4.5643,0.307,258,626,70,37,0.490,50,0.00,8020,1168.37,0,0,14.343(17.928%)(0.000m),26.000(22.941%)(0.643m),32.000(28.235%)(1.286m),38.000(33.530%)(1.929m),42.014(52.518%)(2.359m),10.077(25.192%)(0.008m),38.092(95.230%)(3.010m),20.391,7054.151,56.1,1.4184,"[0.359, -0.038, -0.579, 0.330, -0.027, -0.605]","[2.609, 2.795, 2.288, 2.616, 3.170, 2.343]","[-3.642, -4.175, -5.555, -3.761, -4.626, -5.723]"
358,1,-4.4979,-4.5443,0.311,434,1122,28,71,0.489,70,0.00,8064,1874.62,0,0,25.952(32.441%)(0.638m),53.000(46.765%)(3.536m),33.170(29.268%)(1.411m),17.170(15.150%)(0.000m),10.480(13.101%)(0.000m),18.449(46.123%)(0.905m),10.480(26.201%)(0.051m),909.902,4813.637,59.8,1.2986,"[0.513, 0.844, 0.763, 0.626, 1.043, 0.764]","[2.342, 2.978, 2.469, 2.446, 3.039, 2.474]","[-3.958, -3.263, -4.741, -4.847, -3.864, -4.143]"
359,1,-0.1913,-4.4727,0.323,550,1421,36,120,0.488,75,0.00,8119,2413.35,0,0,25.329(31.661%)(0.571m),52.655(46.460%)(3.499m),64.000(56.471%)(4.714m),53.000(46.765%)(3.536m),13.000(16.250%)(0.000m),17.995(44.987%)(0.857m),10.000(25.000%)(0.000m),1306.640,6114.934,59.8,1.2147,"[0.981, 0.976, 0.960, 0.924, 1.090, 0.929]","[2.909, 3.697, 3.263, 3.093, 3.816, 3.251]","[-1.301, -2.311, -2.619, -1.583, -2.034, -2.230]"
360,1,-3.1750,-4.4513,0.377,193,485,20,0,0.487,45,0.00,8139,856.17,0,0,10.315(12.894%)(0.000m),16.900(14.911%)(0.000m),32.647(28.807%)(1.355m),51.000(45.000%)(3.321m),40.000(50.000%)(2.143m),10.315(25.788%)(0.034m),40.000(100.000%)(3.214m),1511.092,4689.682,58.2,1.1742,"[1.048, 1.013, 0.577, 1.025, 0.994, 0.606]","[2.674, 3.156, 2.645, 2.633, 3.316, 2.862]","[-5.327, -5.182, -5.289, -5.699, -5.241, -5.492]"
361,1,-5.1078,-4.4124,0.289,134,335,17,0,0.486,35,0.00,8153,651.23,0,0,11.182(13.977%)(0.000m),19.021(16.784%)(0.000m),39.697(35.027%)(2.110m),91.000(80.294%)(7.607m),70.000(87.500%)(5.357m),10.648(26.619%)(0.069m),40.000(100.000%)(3.214m),2784.219,6630.744,57.8,1.4083,"[1.184, 1.034, 0.145, 1.131, 0.975, 0.083]","[2.168, 2.820, 2.405, 2.163, 2.884, 2.537]","[-5.335, -5.245, -5.322, -5.549, -5.309, -5.504]"
362,1,-2.6796,-4.3808,0.314,476,1255,60,54,0.485,75,0.00,8201,2045.04,0,0,17.132(21.415%)(0.000m),36.602(32.296%)(1.779m),58.000(51.177%)(4.071m),24.000(21.177%)(0.429m),12.000(15.000%)(0.000m),12.018(30.044%)(0.216m),26.000(65.000%)(1.714m),752.190,4074.847,61.0,1.2035,"[0.606, 0.732, 0.348, 0.589, 0.750, 0.339]","[2.615, 3.254, 2.607, 2.675, 3.279, 2.612]","[-6.804, -6.592, -4.631, -7.161, -6.553, -4.611]"
363,1,-4.8245,-4.3850,0.343,139,384,19,19,0.484,40,0.00,8215,625.44,0,0,22.000(27.500%)(0.214m),26.000(22.941%)(0.643m),43.000(37.941%)(2.464m),65.502(57.796%)(4.875m),39.619(49.524%)(2.102m),40.000(100.000%)(3.214m),39.138(97.845%)(3.122m),32.927,2130.830,63.9,1.1983,"[0.283, 0.218, -0.160, 0.042, 0.083, -0.151]","[2.322, 2.744, 2.174, 2.241, 2.902, 2.326]","[-1.734, -2.427, -5.387, -2.681, -3.597, -4.970]"
364,1,-3.1568,-4.3393,0.307,417,1096,50,0,0.483,70,0.00,8257,1747.67,0,0,34.000(42.500%)(1.500m),37.000(32.647%)(1.821m),43.000(37.941%)(2.464m),20.635(18.207%)(0.068m),11.384(14.230%)(0.000m),24.000(60.000%)(1.500m),10.070(25.174%)(0.007m),855.720,3339.489,60.8,1.1669,"[0.224, 0.575, 0.338, 0.144, 0.596, 0.328]","[2.052, 2.691, 2.276, 2.075, 2.991, 2.389]","[-4.055, -3.037, -3.985, -5.331, -3.776, -3.620]"
365,1,-2.8294,-4.3554,0.306,238,636,49,46,0.483,50,0.00,8281,1013.69,0,0,19.038(23.797%)(0.000m),39.283(34.662%)(2.066m),71.000(62.647%)(5.464m),60.000(52.941%)(4.286m),22.000(27.500%)(0.214m),13.430(33.574%)(0.367m),11.000(27.500%)(0.107m),1072.364,4324.323,61.8,1.1890,"[0.536, 0.308, -0.405, 0.583, 0.240, -0.390]","[2.165, 2.503, 2.123, 2.361, 2.797, 2.163]","[-4.326, -5.308, -5.561, -4.582, -5.076, -5.619]"
366,1,-5.3805,-4.4196,0.342,207,515,22,0,0.482,45,0.00,8302,860.80,0,0,9.014(11.267%)(0.000m),12.958(11.434%)(0.000m),20.230(17.850%)(0.025m),47.000(41.471%)(2.893m),38.000(47.500%)(1.929m),11.121(27.802%)(0.120m),40.000(100.000%)(3.214m),1302.927,4296.666,57.6,1.0018,"[0.797, 0.842, 0.425, 0.803, 0.816, 0.424]","[2.355, 2.903, 2.415, 2.476, 3.010, 2.516]","[-6.782, -6.695, -6.316, -6.155, -6.188, -6.495]"
367,1,-3.0646,-4.4195,0.301,320,802,108,12,0.481,55,0.00,8334,1354.19,0,0,30.000(37.500%)(1.071m),36.000(31.765%)(1.714m),46.000(40.588%)(2.786m),26.239(23.152%)(0.668m),12.692(15.864%)(0.000m),29.000(72.500%)(2.036m),9.902(24.755%)(0.000m),518.778,4249.966,58.0,1.2698,"[-0.175, 0.644, 0.734, -0.363, 0.629, 0.762]","[2.170, 2.918, 2.503, 2.123, 3.044, 2.534]","[-4.968, -3.276, -2.688, -5.794, -3.771, -2.505]"
368,1,-4.0357,-4.4224,0.300,299,749,166,18,0.480,55,0.00,8364,1251.27,0,0,11.000(13.750%)(0.000m),98.000(86.471%)(8.357m),91.871(81.063%)(7.700m),34.343(30.303%)(1.537m),16.269(20.337%)(0.000m),11.000(27.500%)(0.107m),11.459(28.646%)(0.156m),3390.323,8079.768,58.0,1.2344,"[-0.485, 0.810, 0.883, -0.575, 0.881, 1.023]","[2.583, 3.185, 2.886, 2.596, 3.507, 2.910]","[-4.237, -3.631, -3.310, -4.674, -3.254, -3.013]"
369,1,-2.8176,-4.3578,0.312,555,1406,85,122,0.479,75,0.00,8420,2463.49,0,0,21.795(27.244%)(0.192m),43.887(38.724%)(2.559m),54.000(47.647%)(3.643m),24.000(21.177%)(0.429m),13.000(16.250%)(0.000m),15.467(38.668%)(0.586m),14.000(35.000%)(0.429m),1142.979,5400.727,58.6,1.2733,"[0.428, 0.619, 0.526, 0.360, 0.732, 0.482]","[2.539, 2.913, 2.715, 2.457, 3.172, 2.724]","[-6.910, -5.421, -5.039, -7.064, -5.964, -5.266]"
370,1,-4.4679,-4.4317,0.352,346,932,64,70,0.478,65,0.00,8455,1459.75,0,0,12.694(15.867%)(0.000m),26.244(23.156%)(0.669m),66.000(58.235%)(4.929m),51.000(45.000%)(3.321m),25.000(31.250%)(0.536m),9.904(24.759%)(0.000m),19.000(47.500%)(0.964m),1222.850,3682.511,62.4,1.2143,"[0.922, 1.104, 0.638, 0.884, 1.128, 0.573]","[2.948, 3.206, 2.633, 2.943, 3.396, 2.714]","[-3.915, -4.284, -5.940, -3.947, -4.929, -5.504]"
371,1,-2.8467,-4.3589,0.378,272,683,76,0,0.477,55,0.00,8483,1192.02,0,0,11.909(14.886%)(0.000m),22.097(19.497%)(0.225m),56.344(49.716%)(3.894m),62.000(54.706%)(4.500m),36.000(45.000%)(1.714m),10.276(25.690%)(0.030m),28.000(70.000%)(1.929m),2037.228,6252.440,58.1,1.2163,"[1.819, 1.765, 0.950, 1.866, 1.859, 0.794]","[2.990, 3.673, 3.120, 3.233, 4.009, 3.085]","[-4.672, -4.841, -5.331, -4.601, -5.061, -5.128]"
372,1,-2.0463,-4.2890,0.414,500,1301,44,79,0.476,75,0.00,8533,2161.80,0,0,16.947(21.183%)(0.000m),35.720(31.518%)(1.684m),65.000(57.353%)(4.821m),26.000(22.941%)(0.643m),13.000(16.250%)(0.000m),11.941(29.851%)(0.208m),20.000(50.000%)(1.071m),760.588,4576.665,60.2,1.2942,"[0.789, 0.991, 0.759, 0.819, 1.052, 0.776]","[2.985, 3.682, 3.125, 3.064, 3.885, 3.161]","[-6.046, -5.032, -3.909, -6.088, -5.317, -3.738]"
373,1,-0.1199,-4.1312,0.299,305,772,68,0,0.475,55,0.00,8564,1332.11,0,0,11.255(14.068%)(0.000m),19.337(17.062%)(0.000m),41.254(36.401%)(2.277m),48.000(42.353%)(3.000m),36.000(45.000%)(1.714m),10.587(26.467%)(0.063m),26.000(65.000%)(1.714m),802.586,4992.788,58.6,1.2338,"[1.369, 1.338, 0.486, 1.461, 1.415, 0.513]","[2.531, 2.868, 2.458, 2.630, 3.086, 2.642]","[-5.000, -4.743, -5.445, -4.693, -4.820, -5.367]"
374,1,-7.3067,-4.1277,0.276,457,1173,80,6,0.474,70,0.00,8610,1986.94,0,0,12.328(15.409%)(0.000m),24.398(21.528%)(0.471m),56.000(49.412%)(3.857m),41.221(36.372%)(2.274m),20.419(25.524%)(0.045m),9.992(24.980%)(0.000m),14.473(36.183%)(0.479m),1489.314,6112.202,59.4,1.4591,"[0.329, 0.636, 0.582, 0.204, 0.714, 0.542]","[2.554, 2.924, 2.791, 2.499, 3.164, 2.698]","[-4.489, -4.442, -5.193, -4.523, -4.977, -4.646]"
375,1,-2.1355,-3.9906,0.337,575,1475,38,41,0.473,75,0.00,8668,2584.08,0,0,12.000(15.000%)(0.000m),44.321(39.107%)(2.606m),60.000(52.941%)(4.286m),50.000(44.118%)(3.214m),29.000(36.250%)(0.964m),11.000(27.500%)(0.107m),22.000(55.000%)(1.286m),1040.740,4974.394,59.4,1.5064,"[1.233, 1.447, 1.290, 1.242, 1.570, 1.248]","[2.473, 3.052, 2.568, 2.581, 3.280, 2.583]","[-0.987, -0.383, -2.005, -0.906, -0.328, -2.281]"
376,1,-5.8002,-4.0001,0.357,458,1154,24,106,0.472,70,0.00,8714,1996.28,0,0,12.427(15.534%)(0.000m),24.944(22.010%)(0.530m),64.295(56.731%)(4.746m),54.676(48.243%)(3.715m),28.075(35.094%)(0.865m),9.946(24.864%)(0.000m),20.022(50.056%)(1.074m),1595.251,5597.003,58.3,1.3972,"[0.765, 0.879, 0.675, 0.771, 1.002, 0.748]","[2.765, 3.017, 2.654, 2.636, 3.171, 2.627]","[-3.654, -4.894, -5.449, -3.749, -5.302, -5.074]"
377,1,-3.2190,-4.0419,0.441,425,1138,165,12,0.471,70,0.00,8757,1751.23,0,0,19.445(24.306%)(0.000m),20.000(17.647%)(0.000m),20.000(17.647%)(0.000m),21.000(18.529%)(0.107m),20.775(25.969%)(0.083m),13.703(34.258%)(0.397m),14.696(36.740%)(0.503m),0.000,3933.695,62.0,1.0956,"[-0.157, 0.387, 0.313, -0.347, 0.483, 0.298]","[2.651, 2.629, 2.523, 2.438, 2.884, 2.614]","[-7.184, -7.699, -7.767, -6.477, -6.819, -7.136]"
378,1,-5.0329,-3.9995,0.364,185,469,14,0,0.470,40,0.00,8776,811.88,0,0,11.945(14.932%)(0.000m),23.014(20.307%)(0.323m),61.100(53.912%)(4.404m),55.000(48.530%)(3.750m),45.000(56.250%)(2.679m),9.929(24.822%)(0.000m),40.000(100.000%)(3.214m),1166.068,5139.588,58.6,1.1900,"[1.190, 0.904, 0.407, 1.209, 0.868, 0.315]","[2.775, 3.279, 2.997, 3.128, 3.678, 3.084]","[-4.873, -5.460, -5.399, -5.011, -5.768, -5.536]"
379,1,-3.7412,-3.9951,0.363,487,1276,87,76,0.469,75,0.00,8825,2115.41,0,0,18.024(22.530%)(0.000m),36.000(31.765%)(1.714m),33.000(29.118%)(1.393m),17.000(15.000%)(0.000m),11.000(13.750%)(0.000m),12.683(31.707%)(0.287m),26.000(65.000%)(1.714m),360.902,3985.681,60.6,1.2075,"[0.668, 0.865, 0.589, 0.653, 0.840, 0.604]","[2.648, 3.419, 2.973, 2.624, 3.467, 3.122]","[-7.243, -8.318, -8.444, -7.180, -8.859, -7.882]"
380,1,-4.3093,-4.0287,0.327,312,784,54,91,0.468,55,0.00,8857,1342.17,0,0,24.000(30.000%)(0.429m),57.000(50.294%)(3.964m),44.957(39.668%)(2.674m),19.568(17.266%)(0.000m),11.038(13.798%)(0.000m),19.000(47.500%)(0.964m),10.008(25.019%)(0.001m),1723.481,6465.098,58.2,1.3893,"[0.079, 0.912, 0.965, -0.070, 0.965, 0.985]","[2.978, 3.442, 3.021, 2.900, 3.599, 2.978]","[-5.303, -5.322, -6.052, -5.500, -5.672, -5.797]"
381,1,-4.1432,-4.0022,0.381,225,554,44,2,0.467,45,0.00,8880,969.49,0,0,9.859(12.324%)(0.000m),15.476(13.655%)(0.000m),27.652(24.399%)(0.820m),42.000(37.059%)(2.357m),34.000(42.500%)(1.500m),10.481(26.203%)(0.052m),40.000(100.000%)(3.214m),1043.517,4325.980,57.0,1.1983,"[1.180, 1.276, 0.996, 1.131, 1.248, 0.848]","[2.879, 3.353, 2.804, 2.908, 3.593, 2.841]","[-6.806, -5.953, -5.591, -6.528, -6.278, -5.654]"
382,1,1.5272,-3.9155,0.345,346,887,31,31,0.466,60,0.00,8915,1534.15,0,0,12.121(15.152%)(0.000m),23.665(20.881%)(0.393m),54.000(47.647%)(3.643m),40.000(35.294%)(2.143m),25.000(31.250%)(0.536m),9.949(24.874%)(0.000m),26.000(65.000%)(1.714m),496.578,3950.368,59.3,1.2952,"[1.395, 1.521, 1.071, 1.413, 1.582, 1.042]","[2.972, 3.627, 2.965, 3.030, 3.875, 3.069]","[-5.508, -5.837, -5.318, -5.269, -5.820, -5.024]"
383,1,-1.1053,-3.8161,0.446,288,722,28,6,0.465,55,0.00,8944,1266.22,0,0,33.000(41.250%)(1.393m),45.000(39.706%)(2.679m),52.000(45.882%)(3.429m),24.416(21.544%)(0.473m),12.164(15.205%)(0.000m),26.000(65.000%)(1.714m),9.735(24.338%)(0.000m),964.692,4995.524,58.0,1.3022,"[1.047, 1.588, 1.626, 1.086, 1.782, 1.689]","[3.375, 3.920, 3.357, 3.371, 4.084, 3.305]","[-5.355, -5.133, -4.339, -5.786, -5.182, -4.364]"
384,1,-5.1798,-3.7675,0.365,587,1485,100,98,0.465,75,0.00,9003,2595.58,0,0,26.000(32.500%)(0.643m),46.000(40.588%)(2.786m),68.000(60.000%)(5.143m),23.000(20.294%)(0.321m),12.000(15.000%)(0.000m),25.000(62.500%)(1.607m),11.000(27.500%)(0.107m),1053.631,6058.417,58.5,1.2377,"[1.087, 1.620, 1.424, 1.142, 1.745, 1.459]","[3.296, 3.802, 3.237, 3.478, 3.996, 3.352]","[-6.522, -3.496, -3.501, -7.232, -4.322, -2.783]"
385,1,-3.6033,-3.7717,0.351,592,1488,58,61,0.464,75,0.00,9063,2546.54,0,0,21.012(26.265%)(0.108m),43.946(38.776%)(2.566m),68.000(60.000%)(5.143m),27.000(23.824%)(0.750m),13.000(16.250%)(0.000m),14.837(37.092%)(0.518m),10.000(25.000%)(0.000m),1493.498,6169.424,58.2,1.2457,"[1.218, 1.385, 1.052, 1.176, 1.500, 1.078]","[3.322, 3.903, 3.330, 3.274, 4.122, 3.486]","[-5.611, -3.384, -3.451, -5.871, -3.532, -3.286]"
386,1,-1.5374,-3.7762,0.418,198,514,16,0,0.463,45,0.00,9083,875.93,0,0,11.038(13.798%)(0.000m),18.420(16.253%)(0.000m),36.914(32.571%)(1.812m),59.000(52.059%)(4.179m),33.000(41.250%)(1.393m),10.772(26.929%)(0.083m),40.000(100.000%)(3.214m),1418.190,4231.324,60.1,1.1541,"[1.534, 1.542, 1.113, 1.584, 1.655, 1.038]","[2.943, 3.686, 3.313, 2.977, 3.864, 3.343]","[-6.992, -6.032, -5.902, -6.089, -5.398, -5.734]"
387,1,-6.8637,-3.7808,0.369,382,1059,47,20,0.462,70,0.00,9122,1710.47,0,0,18.372(22.966%)(0.000m),38.000(33.530%)(1.929m),25.000(22.059%)(0.536m),15.000(13.235%)(0.000m),22.000(27.500%)(0.214m),12.932(32.330%)(0.314m),25.000(62.500%)(1.607m),346.599,5375.049,64.2,1.5987,"[0.764, 0.813, 0.305, 0.705, 0.794, 0.249]","[3.004, 3.364, 2.823, 3.057, 3.632, 2.924]","[-6.280, -7.769, -7.904, -6.873, -8.103, -7.569]"
388,1,3.1616,-3.6339,0.319,580,1503,30,75,0.461,80,0.00,9180,2630.21,0,0,21.110(26.388%)(0.119m),44.005(38.828%)(2.572m),82.000(72.353%)(6.643m),51.000(45.000%)(3.321m),27.000(33.750%)(0.750m),12.000(30.000%)(0.214m),23.000(57.500%)(1.393m),1600.949,6643.263,60.0,1.3696,"[1.093, 1.375, 1.244, 1.078, 1.524, 1.221]","[2.814, 3.353, 2.996, 2.779, 3.596, 2.979]","[-2.154, -2.021, -1.718, -2.159, -1.580, -2.041]"
389,1,-4.3209,-3.6647,0.364,405,1051,49,0,0.460,65,0.00,9221,1714.11,0,0,32.000(40.000%)(1.286m),59.000(52.059%)(4.179m),74.000(65.294%)(5.786m),25.829(22.791%)(0.625m),12.493(15.617%)(0.000m),23.000(57.500%)(1.393m),9.747(24.369%)(0.000m),1880.628,4747.356,60.1,1.2856,"[0.311, 0.926, 0.746, 0.292, 1.009, 0.792]","[2.365, 2.644, 2.367, 2.464, 2.903, 2.330]","[-4.137, -2.059, -2.175, -4.772, -2.274, -1.698]"
390,1,-5.0625,-3.6956,0.380,228,608,17,0,0.459,50,0.00,9244,983.59,0,0,10.976(13.720%)(0.000m),18.316(16.161%)(0.000m),36.704(32.386%)(1.790m),74.000(65.294%)(5.786m),31.000(38.750%)(1.179m),10.711(26.777%)(0.076m),24.000(60.000%)(1.500m),2621.719,5206.406,61.7,1.3521,"[1.100, 1.209, 0.702, 1.150, 1.355, 0.664]","[2.144, 2.470, 2.120, 2.191, 2.643, 2.373]","[-5.398, -4.578, -5.104, -5.497, -4.367, -5.248]"
391,1,-4.2650,-3.6703,0.339,179,462,40,13,0.458,40,0.00,9262,766.88,0,0,51.897(64.871%)(3.418m),95.162(83.966%)(8.053m),27.000(23.824%)(0.750m),19.000(16.765%)(0.000m),22.000(27.500%)(0.214m),40.000(100.000%)(3.214m),40.000(100.000%)(3.214m),0.000,2869.989,59.7,1.1622,"[0.429, 0.491, 0.580, 0.438, 0.485, 0.600]","[2.303, 2.813, 2.313, 2.446, 2.982, 2.430]","[-6.341, -6.237, -3.991, -6.011, -6.222, -4.030]"
392,1,-1.4974,-3.6023,0.293,547,1418,6,46,0.457,75,0.00,9317,2342.49,0,0,11.000(13.750%)(0.000m),35.000(30.882%)(1.607m),74.000(65.294%)(5.786m),62.000(54.706%)(4.500m),29.000(36.250%)(0.964m),11.000(27.500%)(0.107m),23.000(57.500%)(1.393m),403.280,5114.268,60.0,1.1997,"[0.942, 1.278, 1.025, 0.986, 1.351, 0.982]","[1.950, 2.664, 2.429, 2.207, 2.925, 2.664]","[-0.788, -2.242, -4.725, -0.765, -3.082, -4.959]"
393,1,-2.5755,-3.5519,0.357,210,529,20,0,0.456,45,0.00,9338,878.09,0,0,12.720(15.900%)(0.000m),26.299(23.205%)(0.675m),66.000(58.235%)(4.929m),52.000(45.882%)(3.429m),41.000(51.250%)(2.250m),9.925(24.811%)(0.000m),40.000(100.000%)(3.214m),1264.105,4324.778,58.3,1.0960,"[1.300, 0.945, 0.064, 1.256, 0.783, 0.086]","[2.328, 3.147, 2.573, 2.314, 3.264, 2.689]","[-0.647, -3.474, -6.639, -1.032, -4.583, -6.308]"
394,1,-6.3295,-3.6051,0.325,257,672,60,23,0.455,55,0.00,9364,1043.32,0,0,15.000(18.750%)(0.000m),50.000(44.118%)(3.214m),78.576(69.332%)(6.276m),30.298(26.734%)(1.103m),14.273(17.842%)(0.000m),11.000(27.500%)(0.107m),10.028(25.070%)(0.003m),747.070,4908.401,60.5,1.1135,"[-0.187, 0.260, 0.432, -0.233, 0.399, 0.477]","[2.308, 2.732, 2.262, 2.303, 2.887, 2.368]","[-5.842, -3.788, -3.443, -6.260, -4.022, -2.772]"
395,1,-3.1956,-3.6154,0.351,244,609,33,0,0.454,50,0.00,9389,1053.04,0,0,12.507(15.634%)(0.000m),25.858(22.816%)(0.628m),68.000(60.000%)(5.143m),60.000(52.941%)(4.286m),38.000(47.500%)(1.929m),9.758(24.395%)(0.000m),40.000(100.000%)(3.214m),1858.576,5111.447,57.8,1.2061,"[1.766, 1.451, 0.491, 1.760, 1.516, 0.417]","[2.847, 3.439, 2.816, 2.842, 3.701, 2.838]","[-1.567, -3.364, -5.793, -2.239, -4.156, -5.513]"
396,1,-4.3197,-3.6768,0.371,439,1156,126,24,0.453,70,0.00,9433,1842.81,0,0,32.000(40.000%)(1.286m),20.000(17.647%)(0.000m),20.000(17.647%)(0.000m),33.036(29.149%)(1.397m),15.405(19.256%)(0.000m),25.000(62.500%)(1.607m),10.801(27.002%)(0.086m),0.000,3367.113,61.0,1.2669,"[0.518, 1.235, 1.039, 0.416, 1.294, 1.044]","[2.916, 3.668, 3.201, 2.959, 3.909, 3.207]","[-5.576, -3.524, -4.244, -5.808, -3.378, -4.011]"
397,1,-4.4472,-3.6181,0.436,221,541,22,0,0.453,45,0.00,9456,961.08,0,0,11.090(13.862%)(0.000m),19.876(17.538%)(0.000m),46.956(41.431%)(2.888m),53.000(46.765%)(3.536m),45.000(56.250%)(2.679m),9.931(24.828%)(0.000m),40.000(100.000%)(3.214m),1099.439,4850.801,56.7,1.1873,"[1.562, 1.216, 0.642, 1.507, 1.135, 0.583]","[3.314, 3.816, 3.177, 3.316, 3.900, 3.320]","[-5.349, -5.471, -5.844, -5.331, -5.461, -5.691]"
398,1,-2.8667,-3.5834,0.310,342,855,114,0,0.452,60,0.00,9491,1462.55,0,0,11.308(14.135%)(0.000m),20.497(18.086%)(0.053m),49.885(44.016%)(3.202m),59.000(52.059%)(4.179m),38.000(47.500%)(1.929m),10.002(25.006%)(0.000m),25.000(62.500%)(1.607m),1761.559,5901.354,57.9,1.2960,"[1.730, 1.567, 0.692, 1.686, 1.702, 0.523]","[2.963, 3.363, 2.938, 2.911, 3.512, 2.892]","[-5.561, -5.557, -5.625, -5.625, -5.576, -5.527]"
399,1,-3.0200,-3.5786,0.315,423,1165,14,54,0.451,70,0.00,9534,1878.66,0,0,22.000(27.500%)(0.214m),47.000(41.471%)(2.893m),73.000(64.412%)(5.679m),29.000(25.588%)(0.964m),14.000(17.500%)(0.000m),20.691(51.728%)(1.145m),10.000(25.000%)(0.000m),543.770,3791.275,63.7,1.4197,"[0.907, 1.176, 0.941, 0.869, 1.155, 0.897]","[2.802, 3.453, 3.163, 2.836, 3.590, 3.173]","[-6.304, -5.075, -4.353, -6.333, -5.728, -4.381]"
400,1,-3.9577,-3.5615,0.293,230,572,17,6,0.450,45,0.00,9557,984.58,0,0,10.822(13.528%)(0.000m),17.731(15.645%)(0.000m),34.253(30.223%)(1.527m),43.000(37.941%)(2.464m),32.000(40.000%)(1.286m),10.822(27.056%)(0.088m),40.000(100.000%)(3.214m),723.220,3987.326,57.6,1.3317,"[1.089, 0.988, 0.632, 1.148, 1.058, 0.646]","[2.678, 3.166, 2.610, 2.710, 3.235, 2.543]","[-6.869, -5.599, -5.423, -6.134, -5.621, -5.320]"
401,1,-2.4312,-3.5250,0.343,272,718,15,26,0.449,55,0.00,9585,1225.86,0,0,12.950(16.188%)(0.000m),27.559(24.316%)(0.810m),73.000(64.412%)(5.679m),53.000(46.765%)(3.536m),29.000(36.250%)(0.964m),9.847(24.618%)(0.000m),21.000(52.500%)(1.179m),1674.501,4271.487,61.1,1.2924,"[1.026, 1.295, 0.778, 0.947, 1.298, 0.661]","[2.572, 3.026, 2.463, 2.640, 3.193, 2.496]","[-4.365, -4.516, -6.186, -4.792, -5.136, -6.022]"
402,1,-2.7842,-3.5725,0.294,215,526,28,0,0.448,45,0.00,9607,1007.49,0,0,40.000(50.000%)(2.143m),49.000(43.235%)(3.107m),22.228(19.613%)(0.239m),13.973(12.329%)(0.000m),9.590(11.987%)(0.000m),40.000(100.000%)(3.214m),11.538(28.844%)(0.165m),1212.648,4473.124,56.7,1.7073,"[0.858, 0.950, 0.959, 0.758, 0.964, 0.885]","[2.856, 3.395, 2.924, 2.738, 3.590, 2.822]","[-4.921, -5.090, -5.685, -5.386, -5.792, -5.406]"
403,1,-1.7979,-3.4814,0.358,279,714,12,28,0.447,55,0.00,9635,1225.93,0,0,24.996(31.244%)(0.535m),51.883(45.779%)(3.416m),77.000(67.941%)(6.107m),65.000(57.353%)(4.821m),16.000(20.000%)(0.000m),17.780(44.451%)(0.834m),10.000(25.000%)(0.000m),1615.096,5408.920,59.2,1.2709,"[1.307, 1.579, 1.466, 1.241, 1.647, 1.420]","[2.802, 3.265, 2.950, 2.744, 3.352, 3.033]","[-2.612, -2.872, -1.877, -3.173, -2.704, -1.432]"
404,1,-2.0658,-3.4306,0.365,196,501,16,1,0.446,45,0.00,9655,880.07,0,0,9.644(12.055%)(0.000m),13.957(12.315%)(0.000m),21.992(19.405%)(0.213m),47.000(41.471%)(2.893m),34.000(42.500%)(1.500m),11.749(29.373%)(0.187m),40.000(100.000%)(3.214m),662.293,3749.761,59.1,1.3231,"[1.072, 1.172, 0.961, 1.162, 1.366, 0.897]","[2.452, 3.148, 3.014, 2.601, 3.554, 3.095]","[-7.382, -6.115, -6.235, -6.167, -5.414, -6.413]"
405,1,-2.9213,-3.4209,0.457,226,569,23,18,0.445,45,0.00,9678,975.99,0,0,28.000(35.000%)(0.857m),44.000(38.824%)(2.571m),58.000(51.177%)(4.071m),25.981(22.925%)(0.641m),12.567(15.709%)(0.000m),40.000(100.000%)(3.214m),9.805(24.512%)(0.000m),679.866,4980.485,58.2,1.2649,"[0.263, 0.799, 0.891, 0.346, 0.833, 0.885]","[2.517, 3.064, 2.610, 2.738, 3.333, 2.749]","[-6.227, -3.952, -1.760, -6.757, -4.242, -1.847]"
406,1,-2.5346,-3.4236,0.386,463,1215,23,22,0.444,70,0.00,9725,2084.47,0,0,27.132(33.914%)(0.764m),53.268(47.001%)(3.564m),34.000(30.000%)(1.500m),18.000(15.882%)(0.000m),19.000(23.750%)(0.000m),19.318(48.294%)(0.998m),22.000(55.000%)(1.286m),1251.072,5011.973,60.7,1.3219,"[0.861, 1.005, 0.944, 0.807, 1.065, 0.861]","[2.513, 2.644, 2.386, 2.618, 2.856, 2.512]","[-6.363, -7.323, -7.206, -6.631, -7.063, -7.134]"
407,1,-4.7491,-3.3134,0.327,300,757,102,49,0.444,55,0.00,9755,1230.49,0,0,14.421(18.026%)(0.000m),30.521(26.931%)(1.127m),40.000(35.294%)(2.143m),31.000(27.353%)(1.179m),15.000(18.750%)(0.000m),10.135(25.338%)(0.014m),10.000(25.000%)(0.000m),283.056,4250.581,58.4,1.1908,"[0.315, 0.087, -0.319, 0.243, 0.075, -0.311]","[2.293, 3.132, 2.833, 2.453, 3.476, 2.882]","[-3.692, -3.966, -5.766, -4.608, -4.374, -5.668]"
408,1,-1.5255,-3.2540,0.297,332,840,24,22,0.443,60,0.00,9789,1462.24,0,0,30.000(37.500%)(1.071m),50.000(44.118%)(3.214m),30.476(26.891%)(1.122m),16.310(14.392%)(0.000m),10.133(12.666%)(0.000m),21.000(52.500%)(1.179m),10.384(25.959%)(0.041m),1124.522,4658.065,58.6,1.1963,"[0.539, 0.956, 0.766, 0.574, 1.037, 0.826]","[2.563, 3.051, 2.529, 2.665, 3.190, 2.646]","[-4.937, -5.030, -6.009, -5.379, -5.258, -5.715]"
409,1,1.0377,-3.2294,0.367,432,1170,3,30,0.442,70,0.00,9833,1932.92,0,0,23.294(29.118%)(0.353m),48.587(42.871%)(3.063m),58.000(51.177%)(4.071m),28.000(24.706%)(0.857m),13.000(16.250%)(0.000m),16.505(41.263%)(0.697m),10.000(25.000%)(0.000m),843.188,3993.990,62.7,1.2475,"[0.221, 0.610, 0.606, 0.232, 0.611, 0.404]","[2.282, 3.095, 2.822, 2.338, 3.244, 2.781]","[-6.547, -5.382, -3.386, -6.722, -5.558, -3.544]"
410,1,-3.2963,-3.2318,0.272,235,614,47,45,0.441,50,0.00,9857,1044.51,0,0,24.000(30.000%)(0.429m),31.000(27.353%)(1.179m),38.000(33.530%)(1.929m),22.703(20.032%)(0.290m),11.784(14.730%)(0.000m),23.000(57.500%)(1.393m),9.795(24.486%)(0.000m),220.597,3571.773,60.4,1.3330,"[-0.021, 0.121, 0.050, -0.140, 0.152, -0.030]","[2.209, 2.706, 2.202, 2.357, 2.973, 2.221]","[-4.963, -5.230, -4.984, -5.514, -5.043, -4.803]"
411,1,-3.7610,-3.2049,0.287,272,690,11,24,0.440,55,0.00,9885,1168.20,0,0,23.745(29.681%)(0.401m),49.441(43.624%)(3.154m),82.000(72.353%)(6.643m),63.000(55.588%)(4.607m),12.000(15.000%)(0.000m),16.844(42.110%)(0.733m),11.000(27.500%)(0.107m),1454.406,5171.449,58.7,1.1988,"[0.690, 0.773, 0.401, 0.623, 0.893, 0.368]","[2.291, 2.819, 2.133, 2.244, 2.890, 2.230]","[-4.661, -5.327, -5.847, -5.615, -5.368, -5.367]"
412,1,-3.2330,-3.2160,0.295,223,624,38,0,0.439,50,0.00,9908,926.53,0,0,12.915(16.144%)(0.000m),27.458(24.228%)(0.799m),78.000(68.824%)(6.214m),59.000(52.059%)(4.179m),33.000(41.250%)(1.393m),9.694(24.236%)(0.000m),25.000(62.500%)(1.607m),1031.384,3725.482,64.8,1.1649,"[0.493, 0.668, 0.009, 0.471, 0.741, -0.173]","[1.656, 1.971, 1.685, 1.656, 2.216, 1.710]","[-0.999, -2.824, -4.959, -1.439, -2.919, -4.801]"
413,1,-3.1435,-3.1823,0.265,320,846,62,27,0.438,60,0.00,9940,1316.89,0,0,24.000(30.000%)(0.429m),46.000(40.588%)(2.786m),49.424(43.610%)(3.153m),20.308(17.919%)(0.033m),11.204(14.004%)(0.000m),25.000(62.500%)(1.607m),9.910(24.775%)(0.000m),2171.934,5937.776,61.2,1.1979,"[-0.282, 0.512, 0.426, -0.258, 0.644, 0.364]","[1.742, 2.337, 2.001, 1.968, 2.750, 1.997]","[-5.456, -4.775, -4.603, -5.708, -4.942, -4.342]"
414,1,-0.3610,-3.1264,0.237,334,874,58,1,0.437,60,0.00,9974,1455.40,0,0,11.395(14.244%)(0.000m),20.655(18.225%)(0.070m),50.269(44.355%)(3.243m),62.000(54.706%)(4.500m),31.000(38.750%)(1.179m),10.080(25.199%)(0.009m),22.000(55.000%)(1.286m),1276.109,4929.158,60.5,1.4088,"[0.713, 1.025, 0.644, 0.753, 1.190, 0.518]","[1.701, 1.937, 1.949, 1.746, 2.355, 1.991]","[-6.221, -5.159, -5.339, -6.067, -4.894, -5.278]"
415,1,-3.6311,-3.1425,0.332,302,780,132,0,0.437,55,0.00,10005,1273.76,0,0,10.970(13.712%)(0.000m),19.447(17.159%)(0.000m),44.678(39.422%)(2.644m),56.000(49.412%)(3.857m),37.000(46.250%)(1.821m),9.945(24.864%)(0.000m),28.000(70.000%)(1.929m),1086.977,5192.503,59.8,1.1372,"[0.923, 0.933, -0.157, 0.930, 1.005, -0.213]","[2.420, 2.370, 2.156, 2.324, 2.639, 2.299]","[-6.281, -5.599, -6.194, -6.274, -5.671, -5.675]"
416,1,-4.5483,-3.1258,0.336,628,1597,105,132,0.436,80,0.00,10068,2667.45,0,0,16.458(20.573%)(0.000m),34.987(30.871%)(1.606m),76.000(67.059%)(6.000m),46.000(40.588%)(2.786m),19.000(23.750%)(0.000m),11.000(27.500%)(0.107m),14.000(35.000%)(0.429m),1474.247,6619.353,58.8,1.2061,"[0.730, 0.907, 0.697, 0.747, 1.080, 0.665]","[2.498, 2.612, 2.332, 2.449, 2.805, 2.413]","[-4.634, -3.500, -5.255, -4.397, -3.680, -5.072]"
417,1,-4.3408,-3.1513,0.371,179,451,15,0,0.435,40,0.00,10086,772.88,0,0,10.058(12.572%)(0.000m),15.300(13.500%)(0.000m),25.961(22.907%)(0.639m),63.000(55.588%)(4.607m),48.000(60.000%)(3.000m),11.231(28.077%)(0.132m),40.000(100.000%)(3.214m),1468.270,4552.109,58.3,1.2428,"[0.886, 0.823, 0.551, 0.986, 1.007, 0.570]","[2.426, 2.904, 2.592, 2.376, 3.113, 2.759]","[-7.293, -5.719, -5.436, -6.790, -5.485, -5.438]"
418,1,-3.1557,-3.1337,0.343,417,1126,44,38,0.434,70,0.00,10128,1798.51,0,0,20.780(25.975%)(0.084m),43.695(38.555%)(2.539m),21.000(18.529%)(0.107m),16.000(14.118%)(0.000m),27.000(33.750%)(0.750m),14.659(36.646%)(0.499m),20.000(50.000%)(1.071m),736.985,3678.875,62.5,1.2770,"[0.636, 0.740, 0.558, 0.594, 0.855, 0.516]","[2.330, 2.871, 2.492, 2.354, 3.185, 2.681]","[-6.108, -7.208, -8.157, -6.598, -7.242, -7.685]"
419,1,-3.3014,-3.1434,0.372,182,465,16,0,0.433,40,0.00,10147,847.37,0,0,12.955(16.194%)(0.000m),27.349(24.131%)(0.787m),67.551(59.604%)(5.095m),52.000(45.882%)(3.429m),42.000(52.500%)(2.357m),9.851(24.628%)(0.000m),40.000(100.000%)(3.214m),1446.326,4930.713,59.1,1.5296,"[1.222, 0.844, 0.377, 1.183, 0.882, 0.304]","[2.269, 3.129, 2.891, 2.432, 3.329, 2.963]","[-1.553, -4.080, -5.525, -2.089, -4.645, -5.691]"
420,1,-3.0583,-3.1152,0.410,222,560,17,1,0.432,45,0.00,10170,992.62,0,0,34.000(42.500%)(1.500m),48.000(42.353%)(3.000m),61.000(53.824%)(4.393m),27.146(23.953%)(0.766m),12.848(16.060%)(0.000m),40.000(100.000%)(3.214m),9.769(24.424%)(0.000m),894.043,4717.498,58.4,1.4857,"[0.460, 1.072, 1.189, 0.494, 1.281, 1.152]","[2.632, 3.230, 2.870, 2.656, 3.497, 2.955]","[-7.156, -5.162, -3.206, -7.542, -5.005, -3.012]"
421,1,-3.3975,-3.1262,0.323,169,432,17,0,0.431,40,0.00,10187,731.87,0,0,10.027(12.534%)(0.000m),15.253(13.459%)(0.000m),25.882(22.837%)(0.630m),59.000(52.059%)(4.179m),45.000(56.250%)(2.679m),11.197(27.992%)(0.128m),40.000(100.000%)(3.214m),1614.173,5118.542,59.1,1.1912,"[1.272, 1.119, 0.748, 1.353, 1.429, 0.642]","[2.806, 3.276, 3.011, 2.863, 3.745, 3.096]","[-6.696, -5.937, -5.710, -5.876, -5.414, -5.830]"
422,1,-2.3420,-3.1322,0.322,287,733,90,0,0.430,55,0.00,10216,1222.79,0,0,11.652(14.566%)(0.000m),21.886(19.312%)(0.202m),57.000(50.294%)(3.964m),47.000(41.471%)(2.893m),35.000(43.750%)(1.607m),9.931(24.826%)(0.000m),30.000(75.000%)(2.143m),1052.195,5167.533,59.1,1.3490,"[1.514, 1.312, 0.035, 1.506, 1.471, -0.031]","[2.875, 3.267, 2.865, 2.818, 3.419, 3.000]","[-5.417, -5.316, -5.712, -5.236, -5.107, -5.453]"
423,1,-5.8789,-3.2473,0.398,174,443,19,0,0.430,40,0.00,10234,769.16,0,0,48.000(60.000%)(3.000m),61.000(53.824%)(4.393m),51.319(45.282%)(3.356m),21.086(18.606%)(0.116m),11.633(14.541%)(0.000m),38.931(97.329%)(3.100m),10.290(25.725%)(0.031m),1095.918,4716.582,58.9,1.4227,"[0.285, 0.694, 0.945, 0.336, 0.818, 0.927]","[3.016, 3.664, 3.027, 3.045, 3.866, 3.203]","[-4.977, -5.463, -5.358, -5.047, -5.374, -5.029]"
424,1,-1.5358,-3.1319,0.355,448,1181,100,33,0.429,70,0.00,10279,1858.50,0,0,15.612(19.515%)(0.000m),33.161(29.260%)(1.410m),50.000(44.118%)(3.214m),26.000(22.941%)(0.643m),24.000(30.000%)(0.429m),10.977(27.442%)(0.105m),27.000(67.500%)(1.821m),404.986,3845.887,61.0,1.1275,"[0.975, 1.041, 0.626, 0.955, 1.174, 0.538]","[3.180, 3.717, 3.177, 3.229, 3.997, 3.377]","[-6.254, -5.541, -4.599, -6.660, -5.912, -4.459]"
425,1,-2.4069,-3.1374,0.325,313,791,69,33,0.428,55,0.00,10311,1363.48,0,0,20.194(25.243%)(0.021m),41.324(36.462%)(2.285m),77.000(67.941%)(6.107m),60.000(52.941%)(4.286m),33.000(41.250%)(1.393m),14.287(35.717%)(0.459m),13.000(32.500%)(0.321m),1220.545,5266.178,58.5,1.3425,"[1.168, 1.270, 1.027, 1.095, 1.453, 0.922]","[2.806, 3.361, 2.762, 2.748, 3.451, 2.764]","[-2.854, -3.325, -4.016, -3.282, -2.644, -4.446]"
426,1,-2.1771,-3.0649,0.306,599,1546,160,154,0.427,80,0.00,10371,2636.24,0,0,17.313(21.642%)(0.000m),36.458(32.169%)(1.763m),79.000(69.706%)(6.321m),39.000(34.412%)(2.036m),24.000(30.000%)(0.429m),12.196(30.489%)(0.235m),15.000(37.500%)(0.536m),825.902,4853.714,59.7,1.2734,"[0.828, 0.874, 0.571, 0.866, 1.128, 0.599]","[2.177, 2.512, 2.431, 2.173, 2.773, 2.568]","[-3.227, -1.362, -4.627, -3.177, -1.300, -4.545]"
427,1,-9.0404,-3.1813,0.360,549,1373,208,80,0.426,75,0.00,10426,2275.72,0,0,22.000(27.500%)(0.214m),20.000(17.647%)(0.000m),20.000(17.647%)(0.000m),20.000(17.647%)(0.000m),19.465(24.331%)(0.000m),22.000(55.000%)(1.286m),13.775(34.438%)(0.405m),0.000,6076.239,57.9,1.2437,"[-0.488, 0.353, 0.372, -0.315, 0.562, 0.261]","[1.762, 2.264, 2.312, 1.992, 2.690, 2.313]","[-5.785, -4.645, -5.039, -5.938, -4.660, -5.081]"
428,1,-4.9945,-3.1806,0.345,483,1256,0,26,0.425,70,0.00,10475,2079.69,0,0,16.000(20.000%)(0.000m),21.000(18.529%)(0.107m),71.000(62.647%)(5.464m),46.532(41.057%)(2.843m),23.264(29.080%)(0.350m),22.000(55.000%)(1.286m),16.534(41.334%)(0.700m),1043.922,5509.246,60.2,1.2960,"[0.534, 0.744, 0.441, 0.502, 0.831, 0.518]","[2.295, 2.921, 2.468, 2.336, 3.117, 2.585]","[-4.500, -6.337, -7.812, -5.670, -7.390, -7.098]"
429,1,-1.5484,-3.1367,0.279,163,440,17,0,0.424,40,0.00,10492,725.32,0,0,11.452(14.315%)(0.000m),20.759(18.317%)(0.081m),50.522(44.578%)(3.270m),68.000(60.000%)(5.143m),45.000(56.250%)(2.679m),10.130(25.326%)(0.014m),40.000(100.000%)(3.214m),1369.787,4039.022,62.4,1.6145,"[1.457, 1.218, 0.323, 1.424, 1.255, 0.214]","[2.645, 3.119, 2.578, 2.620, 3.305, 2.567]","[-6.359, -5.377, -5.719, -6.142, -5.308, -5.585]"
430,1,-3.4825,-3.1202,0.373,160,408,21,0,0.424,40,0.00,10508,653.70,0,0,11.241(14.052%)(0.000m),20.376(17.979%)(0.040m),49.591(43.757%)(3.170m),66.000(58.235%)(4.929m),54.000(67.500%)(3.643m),9.943(24.859%)(0.000m),40.000(100.000%)(3.214m),2212.854,5108.891,59.0,1.2396,"[0.948, 0.881, 0.580, 1.029, 1.034, 0.534]","[2.411, 3.020, 2.535, 2.555, 3.240, 2.662]","[-6.416, -5.799, -5.333, -5.993, -5.394, -5.436]"
431,1,-5.2946,-3.1432,0.400,180,448,15,0,0.423,40,0.00,10526,780.78,0,0,12.652(15.816%)(0.000m),26.138(23.063%)(0.658m),65.387(57.694%)(4.863m),60.000(52.941%)(4.286m),51.000(63.750%)(3.321m),9.871(24.679%)(0.000m),40.000(100.000%)(3.214m),2176.730,5612.530,57.6,1.1333,"[1.053, 0.670, 0.094, 0.960, 0.680, -0.008]","[2.786, 2.928, 2.559, 2.831, 3.219, 2.607]","[-3.370, -4.780, -6.450, -3.676, -5.130, -6.034]"
432,1,-0.3436,-3.1806,0.299,334,898,18,17,0.422,65,0.00,10560,1437.00,0,0,11.362(14.202%)(0.000m),20.595(18.172%)(0.064m),50.123(44.226%)(3.227m),47.000(41.471%)(2.893m),29.000(36.250%)(0.964m),10.050(25.125%)(0.005m),26.000(65.000%)(1.714m),1052.173,4168.995,62.2,1.3618,"[1.173, 1.372, 0.941, 1.053, 1.445, 0.888]","[2.506, 3.279, 2.672, 2.440, 3.358, 2.630]","[-5.411, -5.146, -5.892, -5.105, -4.887, -5.210]"
433,1,-2.1281,-3.2011,0.312,264,715,86,5,0.421,55,0.00,10587,1112.08,0,0,12.244(15.305%)(0.000m),23.904(21.092%)(0.418m),73.477(64.833%)(5.730m),58.000(51.177%)(4.071m),31.000(38.750%)(1.179m),9.678(24.196%)(0.000m),31.000(77.500%)(2.250m),1001.731,3963.134,62.7,1.2746,"[1.100, 0.864, -0.347, 1.118, 0.855, -0.265]","[2.490, 2.949, 2.388, 2.609, 3.246, 2.520]","[-4.237, -4.827, -6.434, -4.349, -5.021, -5.450]"
434,1,-0.3205,-3.1039,0.381,534,1414,45,119,0.420,75,0.00,10641,2367.60,0,0,24.692(30.865%)(0.503m),51.398(45.352%)(3.364m),101.000(89.118%)(8.679m),42.000(37.059%)(2.357m),21.000(26.250%)(0.107m),17.511(43.778%)(0.805m),14.000(35.000%)(0.429m),2500.321,6553.237,61.3,1.2127,"[0.859, 1.010, 0.946, 0.857, 1.187, 0.930]","[2.370, 3.070, 2.759, 2.540, 3.297, 2.887]","[-4.602, -3.118, -3.050, -4.531, -2.698, -2.549]"
435,1,-3.3281,-3.0984,0.356,241,605,23,31,0.419,50,0.00,10666,1022.11,0,0,11.643(14.553%)(0.000m),21.349(18.837%)(0.145m),53.111(46.862%)(3.548m),42.000(37.059%)(2.357m),26.000(32.500%)(0.643m),10.172(25.430%)(0.018m),40.000(100.000%)(3.214m),1008.365,4636.932,58.1,1.1848,"[1.161, 1.288, 0.901, 1.230, 1.375, 0.813]","[2.824, 3.100, 2.486, 3.117, 3.413, 2.653]","[-5.359, -5.311, -5.671, -4.916, -5.134, -5.698]"
436,1,-5.0125,-3.1679,0.391,604,1538,4,90,0.419,80,0.00,10727,2583.72,0,0,23.000(28.750%)(0.321m),46.000(40.588%)(2.786m),90.000(79.412%)(7.500m),50.577(44.627%)(3.276m),10.000(12.500%)(0.000m),17.000(42.500%)(0.750m),12.000(30.000%)(0.214m),2652.662,8145.748,58.9,1.1736,"[1.108, 1.136, 0.891, 1.116, 1.305, 1.022]","[2.948, 3.787, 3.085, 2.935, 3.797, 3.021]","[-1.305, -2.616, -4.769, -1.471, -2.804, -4.674]"
437,1,0.7497,-3.0156,0.391,453,1241,98,22,0.418,75,0.00,10773,1932.95,0,0,17.386(21.732%)(0.000m),36.858(32.522%)(1.806m),68.000(60.000%)(5.143m),55.000(48.530%)(3.750m),30.000(37.500%)(1.071m),11.000(27.500%)(0.107m),24.000(60.000%)(1.500m),1226.291,4188.763,63.4,1.1662,"[0.884, 1.123, 0.762, 0.754, 1.142, 0.723]","[2.774, 3.363, 2.771, 2.846, 3.589, 2.928]","[-3.176, -1.477, -4.492, -3.331, -1.901, -4.280]"
438,1,-0.2120,-3.0831,0.313,740,1933,100,142,0.417,85,0.00,10847,3218.43,0,0,20.000(25.000%)(0.000m),33.000(29.118%)(1.393m),20.000(17.647%)(0.000m),21.000(18.529%)(0.107m),21.000(26.250%)(0.107m),15.618(39.046%)(0.602m),13.000(32.500%)(0.321m),0.000,3909.138,60.4,1.2013,"[0.873, 1.043, 0.824, 0.753, 1.132, 0.752]","[2.754, 3.107, 2.726, 2.724, 3.251, 2.779]","[-3.329, -3.090, -4.965, -3.767, -3.679, -4.849]"
439,1,-3.7415,-3.0715,0.284,498,1275,65,18,0.416,70,0.00,10897,2129.27,0,0,20.077(25.097%)(0.008m),41.963(37.026%)(2.353m),41.000(36.177%)(2.250m),22.000(19.412%)(0.214m),31.000(38.750%)(1.179m),14.207(35.518%)(0.451m),22.000(55.000%)(1.286m),0.000,5100.255,59.2,1.3582,"[1.138, 1.316, 1.091, 1.147, 1.463, 1.017]","[2.507, 2.830, 2.474, 2.653, 3.030, 2.547]","[-4.965, -5.763, -6.204, -5.163, -6.130, -5.759]"
440,1,-4.2087,-3.0544,0.300,496,1311,119,69,0.415,75,0.00,10947,2107.56,0,0,11.000(13.750%)(0.000m),17.000(15.000%)(0.000m),54.000(47.647%)(3.643m),43.000(37.941%)(2.464m),26.000(32.500%)(0.643m),12.000(30.000%)(0.214m),21.000(52.500%)(1.179m),490.794,4015.003,61.2,1.1839,"[0.745, 0.872, 0.395, 0.777, 0.991, 0.366]","[2.257, 2.729, 2.342, 2.342, 3.055, 2.535]","[-3.651, -5.624, -8.328, -4.383, -6.518, -7.624]"
441,1,-5.5869,-3.0808,0.359,231,595,16,6,0.414,50,0.00,10971,1038.22,0,0,31.000(38.750%)(1.179m),43.000(37.941%)(2.464m),52.496(46.320%)(3.482m),20.893(18.435%)(0.096m),11.394(14.243%)(0.000m),31.000(77.500%)(2.250m),9.955(24.887%)(0.000m),706.990,3943.411,59.7,1.2244,"[0.580, 0.862, 0.910, 0.599, 1.007, 0.879]","[2.439, 2.706, 2.712, 2.577, 3.002, 2.785]","[-5.269, -4.827, -4.978, -5.060, -4.949, -4.808]"
442,1,-3.3404,-3.1177,0.349,236,618,18,32,0.414,50,0.00,10995,1024.30,0,0,11.195(13.993%)(0.000m),20.291(17.904%)(0.031m),49.385(43.575%)(3.148m),43.000(37.941%)(2.464m),25.000(31.250%)(0.536m),9.902(24.755%)(0.000m),24.000(60.000%)(1.500m),799.009,3917.350,60.6,1.2310,"[1.030, 1.330, 0.909, 1.166, 1.436, 0.885]","[2.464, 3.158, 2.677, 2.695, 3.414, 2.884]","[-5.396, -4.856, -5.850, -5.077, -4.955, -5.825]"
443,1,-6.1498,-3.1892,0.366,640,1584,179,98,0.413,75,0.00,11059,2730.63,0,0,12.000(15.000%)(0.000m),21.000(18.529%)(0.107m),69.000(60.883%)(5.250m),38.000(33.530%)(1.929m),21.000(26.250%)(0.107m),10.000(25.000%)(0.000m),21.000(52.500%)(1.179m),1321.662,6341.396,57.3,1.3056,"[1.276, 1.205, 0.518, 1.266, 1.357, 0.479]","[3.091, 3.379, 2.899, 2.946, 3.537, 2.927]","[-4.148, -5.462, -7.122, -4.307, -6.291, -6.565]"
444,1,-3.7654,-3.1379,0.391,270,666,22,42,0.412,50,0.00,11086,1179.90,0,0,11.552(14.440%)(0.000m),20.939(18.476%)(0.101m),50.812(44.834%)(3.301m),50.000(44.118%)(3.214m),26.000(32.500%)(0.643m),10.218(25.545%)(0.023m),40.000(100.000%)(3.214m),946.154,5181.578,57.1,1.3075,"[1.569, 1.700, 1.438, 1.569, 1.815, 1.316]","[3.425, 3.455, 3.034, 3.320, 3.772, 2.976]","[-5.289, -5.630, -5.705, -5.172, -5.583, -5.689]"
445,1,-4.1862,-3.1577,0.451,141,365,21,0,0.411,35,0.00,11101,662.89,0,0,55.000(68.750%)(3.750m),88.000(77.647%)(7.286m),84.754(74.783%)(6.938m),26.518(23.399%)(0.698m),12.658(15.823%)(0.000m),40.000(100.000%)(3.214m),9.750(24.376%)(0.000m),2810.889,6300.526,59.9,1.5044,"[-0.054, 1.014, 1.247, 0.003, 1.079, 1.190]","[2.533, 3.315, 2.706, 2.619, 3.439, 2.742]","[-6.069, -4.502, -3.165, -6.418, -4.592, -3.066]"
446,1,-4.3668,-3.1587,0.404,138,348,14,0,0.410,35,0.00,11115,558.94,0,0,12.336(15.420%)(0.000m),24.761(21.848%)(0.510m),63.210(55.774%)(4.630m),78.000(68.824%)(6.214m),69.000(86.250%)(5.250m),9.873(24.682%)(0.000m),40.000(100.000%)(3.214m),2058.344,6356.217,58.3,1.1376,"[0.682, 0.243, -0.279, 0.675, 0.131, -0.305]","[2.811, 3.487, 2.981, 2.973, 3.625, 3.095]","[-4.338, -5.067, -5.803, -4.592, -5.534, -5.754]"
447,1,-3.0583,-3.1309,0.337,194,493,15,0,0.409,45,0.00,11135,847.86,0,0,10.199(12.748%)(0.000m),16.141(14.242%)(0.000m),29.255(25.813%)(0.992m),54.000(47.647%)(3.643m),41.000(51.250%)(2.250m),10.710(26.774%)(0.076m),40.000(100.000%)(3.214m),1057.093,4176.867,58.9,1.0866,"[1.523, 1.502, 0.880, 1.584, 1.549, 0.810]","[2.732, 3.108, 2.546, 2.913, 3.348, 2.712]","[-7.206, -5.417, -5.445, -6.606, -5.197, -5.799]"
448,1,-3.3503,-3.1406,0.363,259,660,43,54,0.409,50,0.00,11161,1146.06,0,0,12.600(15.750%)(0.000m),26.050(22.986%)(0.648m),41.000(36.177%)(2.250m),34.000(30.000%)(1.500m),24.000(30.000%)(0.429m),9.831(24.577%)(0.000m),25.000(62.500%)(1.607m),521.422,3859.804,59.0,1.4192,"[1.295, 1.382, 0.865, 1.178, 1.377, 0.702]","[2.734, 3.498, 2.885, 2.833, 3.719, 2.986]","[-1.436, -2.931, -5.836, -2.514, -3.962, -5.809]"
449,1,-3.5242,-3.1506,0.325,502,1312,159,38,0.408,75,0.00,11212,2201.51,0,0,18.478(23.098%)(0.000m),35.000(30.882%)(1.607m),72.000(63.530%)(5.571m),25.000(22.059%)(0.536m),13.000(16.250%)(0.000m),13.062(32.655%)(0.328m),10.000(25.000%)(0.000m),215.493,5316.275,60.5,1.3762,"[1.062, 1.039, 0.320, 0.937, 1.072, 0.223]","[2.988, 3.446, 2.722, 2.812, 3.445, 2.769]","[-6.231, -5.644, -6.002, -6.903, -5.584, -5.594]"
450,1,-2.7092,-3.1257,0.304,549,1388,98,74,0.407,75,0.00,11267,2322.74,0,0,19.000(23.750%)(0.000m),13.000(11.471%)(0.000m),20.000(17.647%)(0.000m),40.000(35.294%)(2.143m),21.463(26.829%)(0.157m),19.000(47.500%)(0.964m),15.192(37.980%)(0.556m),589.824,4634.507,58.5,1.2405,"[0.255, 0.874, 0.741, 0.456, 1.053, 0.863]","[2.194, 2.723, 2.373, 2.439, 3.083, 2.601]","[-9.767, -7.410, -7.265, -8.169, -6.826, -6.289]"
451,1,-1.3762,-3.1046,0.318,190,500,20,0,0.406,45,0.00,11286,846.31,0,0,12.533(15.666%)(0.000m),25.911(22.863%)(0.633m),64.000(56.471%)(4.714m),51.000(45.000%)(3.321m),36.000(45.000%)(1.714m),9.778(24.446%)(0.000m),40.000(100.000%)(3.214m),860.193,3627.233,60.9,1.2981,"[1.411, 1.121, 0.167, 1.358, 1.072, 0.153]","[2.431, 2.999, 2.358, 2.491, 3.167, 2.595]","[-3.230, -4.127, -5.787, -3.900, -4.712, -5.454]"
452,1,-4.0762,-3.1304,0.372,210,524,21,0,0.405,45,0.00,11307,938.66,0,0,11.472(14.340%)(0.000m),20.794(18.348%)(0.085m),50.607(44.653%)(3.279m),60.000(52.941%)(4.286m),42.000(52.500%)(2.357m),10.147(25.368%)(0.016m),40.000(100.000%)(3.214m),1600.755,5377.384,57.7,1.2167,"[1.489, 1.197, 0.162, 1.508, 1.281, 0.113]","[2.767, 3.343, 2.680, 2.882, 3.625, 2.801]","[-6.090, -6.009, -6.497, -6.197, -6.118, -6.024]"
453,1,-1.5822,-3.1261,0.352,490,1315,56,42,0.405,75,0.00,11356,2168.25,0,0,22.842(28.553%)(0.305m),47.780(42.159%)(2.976m),70.000(61.765%)(5.357m),58.000(51.177%)(4.071m),28.000(35.000%)(0.857m),16.145(40.363%)(0.658m),11.000(27.500%)(0.107m),816.185,4439.628,62.1,1.2454,"[1.048, 1.178, 1.027, 1.073, 1.270, 0.913]","[2.492, 2.919, 2.519, 2.549, 3.098, 2.605]","[-1.573, -1.155, -1.337, -1.513, -1.276, -1.934]"
454,1,-2.3611,-3.1320,0.356,194,490,20,22,0.404,45,0.00,11376,871.59,0,0,50.591(63.239%)(3.278m),97.273(85.829%)(8.279m),29.000(25.588%)(0.964m),20.000(17.647%)(0.000m),25.000(31.250%)(0.536m),36.787(91.968%)(2.870m),40.000(100.000%)(3.214m),0.000,2211.702,58.5,1.2956,"[-0.008, 0.563, 0.887, 0.036, 0.646, 0.688]","[2.252, 2.601, 2.154, 2.432, 2.877, 2.195]","[-5.283, -5.296, -3.636, -5.626, -5.152, -3.568]"
455,1,1.5187,-3.0432,0.264,479,1294,35,34,0.403,75,0.00,11424,2133.47,0,0,21.336(26.671%)(0.143m),44.487(39.253%)(2.624m),57.000(50.294%)(3.964m),46.000(40.588%)(2.786m),30.000(37.500%)(1.071m),15.108(37.770%)(0.547m),11.000(27.500%)(0.107m),646.573,3874.852,62.5,1.2676,"[0.679, 0.855, 0.547, 0.625, 0.911, 0.494]","[2.361, 2.796, 2.269, 2.577, 3.032, 2.466]","[-2.315, -0.991, -2.511, -2.276, -1.330, -2.837]"
456,1,-3.8473,-3.0695,0.274,435,1154,56,17,0.402,70,0.00,11468,1871.00,0,0,22.000(27.500%)(0.214m),20.000(17.647%)(0.000m),21.000(18.529%)(0.107m),27.000(23.824%)(0.750m),18.867(23.584%)(0.000m),16.426(41.065%)(0.688m),18.867(47.167%)(0.950m),0.000,4467.433,61.4,1.3467,"[0.399, 0.618, 0.343, 0.331, 0.725, 0.355]","[2.552, 2.664, 2.277, 2.674, 2.942, 2.382]","[-6.209, -5.425, -5.527, -6.551, -4.650, -5.151]"
457,1,-4.2895,-3.0603,0.349,449,1221,33,87,0.401,75,0.00,11513,1896.59,0,0,10.000(12.500%)(0.000m),15.000(13.235%)(0.000m),91.000(80.294%)(7.607m),41.000(36.177%)(2.250m),21.000(26.250%)(0.107m),11.000(27.500%)(0.107m),24.000(60.000%)(1.500m),1568.560,5000.932,62.9,1.0648,"[0.205, 0.717, 0.714, 0.169, 0.774, 0.622]","[2.220, 2.615, 2.128, 2.345, 2.886, 2.309]","[-6.321, -5.909, -7.560, -6.771, -6.461, -6.712]"
458,1,-2.9398,-3.0886,0.338,242,615,18,24,0.401,50,0.00,11538,1111.53,0,0,12.753(15.941%)(0.000m),26.999(23.823%)(0.750m),71.393(62.994%)(5.506m),58.000(51.177%)(4.071m),27.000(33.750%)(0.750m),9.697(24.243%)(0.000m),31.000(77.500%)(2.250m),2343.633,5590.478,58.8,1.3051,"[1.140, 1.044, 0.445, 1.134, 1.262, 0.482]","[2.603, 2.854, 2.563, 2.641, 3.222, 2.637]","[-4.748, -5.149, -6.392, -4.628, -5.306, -5.820]"
459,1,-4.9012,-3.2073,0.281,216,538,21,0,0.400,45,0.00,11560,908.28,0,0,10.706(13.383%)(0.000m),18.213(16.070%)(0.000m),38.010(33.538%)(1.930m),63.000(55.588%)(4.607m),41.000(51.250%)(2.250m),10.195(25.488%)(0.021m),40.000(100.000%)(3.214m),2246.413,5241.393,57.7,1.2128,"[1.359, 1.338, 0.763, 1.426, 1.558, 0.776]","[2.417, 3.097, 2.760, 2.448, 3.343, 2.799]","[-5.967, -5.778, -5.913, -5.290, -5.438, -5.579]"
460,1,0.5174,-3.1311,0.381,944,2517,142,90,0.399,95,0.00,11655,4085.96,0,0,20.875(26.094%)(0.094m),20.000(17.647%)(0.000m),19.000(16.765%)(0.000m),20.000(17.647%)(0.000m),18.028(22.534%)(0.000m),14.739(36.847%)(0.508m),12.701(31.752%)(0.289m),0.000,4025.693,61.7,1.2737,"[0.561, 0.835, 0.656, 0.543, 0.909, 0.640]","[2.936, 3.564, 3.041, 2.978, 3.782, 3.140]","[-7.523, -5.988, -6.355, -6.907, -5.244, -6.341]"
461,1,-3.7093,-3.1300,0.301,224,566,18,4,0.398,45,0.00,11678,1082.31,0,0,31.000(38.750%)(1.179m),47.000(41.471%)(2.893m),59.149(52.191%)(4.195m),22.336(19.708%)(0.250m),11.744(14.680%)(0.000m),40.000(100.000%)(3.214m),9.884(24.711%)(0.000m),2354.710,5407.461,58.4,1.1869,"[0.685, 0.999, 1.004, 0.720, 1.223, 0.917]","[2.159, 2.571, 2.616, 2.204, 2.827, 2.548]","[-5.212, -5.237, -4.831, -5.373, -5.207, -4.658]"
462,1,-0.7121,-3.0796,0.357,271,695,43,0,0.397,55,0.00,11706,1174.43,0,0,12.623(15.779%)(0.000m),26.441(23.330%)(0.690m),67.000(59.118%)(5.036m),52.000(45.882%)(3.429m),35.000(43.750%)(1.607m),9.723(24.308%)(0.000m),26.000(65.000%)(1.714m),1041.401,4907.458,59.3,1.1714,"[1.468, 1.570, 0.606, 1.524, 1.669, 0.392]","[2.425, 2.941, 2.420, 2.667, 3.170, 2.503]","[-2.379, -3.679, -5.885, -2.763, -4.103, -5.609]"
463,1,-5.2643,-3.1220,0.262,206,517,18,0,0.397,45,0.00,11727,861.03,0,0,11.191(13.988%)(0.000m),19.424(17.139%)(0.000m),42.414(37.425%)(2.402m),49.000(43.235%)(3.107m),36.000(45.000%)(1.714m),10.399(25.996%)(0.043m),40.000(100.000%)(3.214m),1445.929,5115.361,58.0,1.0439,"[1.414, 1.315, 0.772, 1.444, 1.505, 0.765]","[2.959, 3.299, 2.849, 3.038, 3.549, 2.920]","[-5.316, -5.089, -5.634, -4.757, -5.209, -5.438]"
464,1,-3.0534,-3.1759,0.319,208,553,13,4,0.396,50,0.00,11748,923.41,0,0,12.477(15.597%)(0.000m),25.045(22.099%)(0.541m),69.000(60.883%)(5.250m),54.000(47.647%)(3.643m),31.000(38.750%)(1.179m),9.986(24.965%)(0.000m),29.000(72.500%)(2.036m),993.189,3787.859,61.6,1.1767,"[1.100, 1.109, 0.481, 1.155, 1.210, 0.443]","[2.838, 3.432, 2.744, 2.943, 3.617, 2.826]","[-5.077, -4.938, -5.460, -4.961, -5.193, -5.189]"
465,1,-3.7914,-3.1791,0.370,504,1288,57,34,0.395,70,0.00,11799,2128.12,0,0,20.338(25.423%)(0.036m),42.555(37.549%)(2.417m),24.000(21.177%)(0.429m),21.000(18.529%)(0.107m),29.000(36.250%)(0.964m),14.373(35.931%)(0.468m),21.000(52.500%)(1.179m),0.000,5075.736,59.1,1.2581,"[1.069, 1.247, 0.878, 1.061, 1.366, 0.755]","[2.885, 3.060, 2.783, 2.961, 3.158, 2.720]","[-5.194, -5.443, -5.753, -5.669, -6.010, -5.956]"
466,1,-4.7061,-3.1822,0.355,424,1083,68,36,0.394,65,0.00,11842,1963.44,0,0,15.915(19.894%)(0.000m),33.919(29.928%)(1.491m),58.566(51.676%)(4.132m),22.933(20.235%)(0.314m),12.058(15.072%)(0.000m),11.172(27.931%)(0.126m),10.149(25.372%)(0.016m),874.387,4686.073,59.1,1.2959,"[0.730, 1.090, 1.057, 0.711, 1.201, 0.968]","[3.138, 3.614, 2.902, 3.176, 3.823, 2.880]","[-4.695, -4.424, -5.814, -4.926, -4.784, -5.658]"
467,1,-4.5277,-3.1860,0.271,151,380,17,0,0.393,35,0.00,11858,686.13,0,0,10.537(13.172%)(0.000m),17.263(15.232%)(0.000m),33.350(29.426%)(1.430m),81.000(71.471%)(6.536m),59.000(73.750%)(4.179m),10.537(26.343%)(0.058m),40.000(100.000%)(3.214m),2291.696,7165.866,58.2,1.1600,"[1.622, 1.392, 0.481, 1.576, 1.555, 0.354]","[2.831, 3.221, 2.909, 2.744, 3.552, 2.996]","[-6.229, -5.062, -5.426, -6.093, -5.219, -5.274]"
468,1,-1.5597,-3.1541,0.310,240,603,48,0,0.393,50,0.00,11882,1005.81,0,0,12.440(15.551%)(0.000m),25.720(22.694%)(0.613m),71.000(62.647%)(5.464m),58.000(51.177%)(4.071m),41.000(51.250%)(2.250m),9.706(24.265%)(0.000m),40.000(100.000%)(3.214m),1290.535,5161.240,58.1,1.1853,"[2.025, 1.556, -0.088, 2.002, 1.567, -0.150]","[3.046, 3.329, 2.968, 2.974, 3.497, 3.054]","[-1.234, -3.172, -5.876, -1.752, -3.820, -5.354]"
469,1,-2.3420,-3.1349,0.320,265,686,48,0,0.392,55,0.00,11909,1084.95,0,0,13.255(16.569%)(0.000m),28.622(25.254%)(0.924m),65.000(57.353%)(4.821m),52.000(45.882%)(3.429m),39.000(48.750%)(2.036m),9.693(24.232%)(0.000m),29.000(72.500%)(2.036m),994.033,4363.457,59.9,1.0560,"[1.609, 1.657, 0.694, 1.646, 1.689, 0.593]","[2.559, 3.390, 2.856, 2.752, 3.522, 3.058]","[-1.126, -2.533, -5.081, -1.473, -2.986, -4.985]"
470,1,-4.0641,-3.1550,0.370,194,487,59,0,0.391,45,0.00,11929,797.71,0,0,39.000(48.750%)(2.036m),42.000(37.059%)(2.357m),29.136(25.708%)(0.979m),16.075(14.184%)(0.000m),10.157(12.696%)(0.000m),40.000(100.000%)(3.214m),10.666(26.666%)(0.071m),947.668,3914.858,58.1,1.0605,"[0.297, 0.384, 0.563, 0.293, 0.533, 0.424]","[2.498, 3.019, 2.863, 2.674, 3.249, 2.912]","[-5.223, -5.795, -6.349, -5.629, -5.510, -6.023]"
471,1,-3.2435,-3.1519,0.324,496,1229,98,0,0.390,70,0.00,11979,2046.10,0,0,16.992(21.239%)(0.000m),35.886(31.664%)(1.702m),27.648(24.395%)(0.819m),15.687(13.841%)(0.000m),10.074(12.593%)(0.000m),11.965(29.913%)(0.211m),10.842(27.105%)(0.090m),1336.400,6219.857,57.3,1.1278,"[1.030, 1.410, 1.023, 1.059, 1.538, 1.001]","[2.817, 3.131, 2.753, 2.772, 3.287, 2.906]","[-5.405, -4.869, -6.189, -5.975, -5.173, -5.768]"
472,1,-5.9335,-3.2237,0.327,556,1417,142,75,0.389,75,0.00,12035,2397.46,0,0,24.000(30.000%)(0.429m),26.000(22.941%)(0.643m),31.000(27.353%)(1.179m),19.000(16.765%)(0.000m),11.000(13.750%)(0.000m),27.000(67.500%)(1.821m),11.359(28.399%)(0.146m),124.529,6494.888,59.0,1.1920,"[0.077, 0.393, 0.291, -0.008, 0.441, 0.276]","[2.645, 3.259, 2.787, 2.831, 3.470, 3.003]","[-5.974, -6.163, -6.118, -6.626, -6.305, -5.696]"
473,1,-1.8692,-3.1435,0.310,489,1270,206,18,0.389,75,0.00,12084,2143.66,0,0,11.000(13.750%)(0.000m),18.000(15.882%)(0.000m),35.000(30.882%)(1.607m),34.604(30.533%)(1.565m),16.323(20.404%)(0.000m),27.000(67.500%)(1.821m),11.483(28.707%)(0.159m),1072.219,5102.740,60.1,1.2209,"[0.305, 0.991, 0.767, 0.267, 1.073, 0.822]","[2.527, 3.153, 2.575, 2.729, 3.286, 2.657]","[-9.528, -7.363, -7.794, -8.908, -7.556, -7.047]"
474,1,-1.9208,-3.1512,0.283,543,1418,135,56,0.388,75,0.00,12139,2336.66,0,0,19.421(24.276%)(0.000m),40.545(35.775%)(2.201m),59.000(52.059%)(4.179m),47.000(41.471%)(2.893m),30.000(37.500%)(1.071m),11.000(27.500%)(0.107m),28.000(70.000%)(1.929m),923.452,5100.297,60.4,1.4942,"[1.099, 1.104, 0.701, 1.067, 1.283, 0.667]","[2.611, 2.487, 2.137, 2.548, 2.807, 2.285]","[-1.641, -1.652, -3.728, -1.758, -1.603, -3.928]"
475,1,-1.2801,-3.1287,0.259,599,1547,37,105,0.387,80,0.00,12199,2664.45,0,0,17.997(22.496%)(0.000m),37.082(32.719%)(1.830m),80.000(70.588%)(6.429m),35.000(30.882%)(1.607m),20.000(25.000%)(0.000m),12.700(31.751%)(0.289m),24.000(60.000%)(1.500m),1633.307,6192.596,59.8,1.2206,"[0.742, 0.908, 0.841, 0.735, 1.087, 0.878]","[2.429, 2.895, 2.415, 2.505, 3.131, 2.672]","[-4.174, -2.384, -4.848, -4.269, -2.090, -4.730]"
476,1,-1.6701,-3.1186,0.285,490,1329,10,118,0.386,75,0.00,12248,2172.95,0,0,24.262(30.328%)(0.457m),50.615(44.660%)(3.280m),77.000(67.941%)(6.107m),46.000(40.588%)(2.786m),23.000(28.750%)(0.321m),14.000(35.000%)(0.429m),16.000(40.000%)(0.643m),755.537,3994.331,62.8,1.3202,"[1.042, 1.330, 1.199, 1.005, 1.427, 1.176]","[2.476, 3.006, 2.713, 2.497, 3.326, 2.891]","[-5.449, -3.625, -1.796, -5.927, -3.449, -2.052]"
477,1,-3.7136,-3.0120,0.360,498,1278,207,18,0.386,70,0.00,12298,2067.63,0,0,14.539(18.174%)(0.000m),20.000(17.647%)(0.000m),21.000(18.529%)(0.107m),23.000(20.294%)(0.321m),23.660(29.575%)(0.392m),10.211(25.528%)(0.023m),23.660(59.151%)(1.464m),0.000,4707.015,59.4,1.2286,"[1.021, 0.936, 0.138, 1.003, 1.067, 0.124]","[2.631, 3.009, 2.669, 2.578, 3.187, 2.898]","[-6.327, -5.208, -6.067, -6.077, -4.905, -5.600]"
478,1,-1.1933,-2.9360,0.388,236,583,20,0,0.385,50,0.00,12322,1087.59,0,0,13.417(16.772%)(0.000m),28.662(25.290%)(0.928m),65.000(57.353%)(4.821m),57.000(50.294%)(3.964m),39.000(48.750%)(2.036m),9.685(24.213%)(0.000m),40.000(100.000%)(3.214m),1389.960,5098.899,57.2,1.3121,"[2.371, 2.177, 1.340, 2.221, 2.186, 1.246]","[3.308, 3.761, 3.223, 3.227, 3.809, 3.184]","[-0.219, -3.406, -5.606, -0.489, -4.259, -5.280]"
479,1,-2.9254,-2.9635,0.453,227,576,19,0,0.384,50,0.00,12345,980.89,0,0,13.546(16.933%)(0.000m),29.009(25.596%)(0.965m),71.000(62.647%)(5.464m),48.000(42.353%)(3.000m),33.000(41.250%)(1.393m),9.672(24.179%)(0.000m),40.000(100.000%)(3.214m),889.066,4366.427,58.8,1.2610,"[1.787, 1.440, 0.627, 1.770, 1.565, 0.638]","[3.181, 3.378, 3.045, 3.098, 3.605, 3.157]","[-2.955, -4.426, -5.694, -2.846, -4.914, -5.491]"
480,1,-0.0380,-2.8946,0.300,717,1898,153,100,0.383,85,0.00,12417,3208.05,0,0,19.563(24.454%)(0.000m),33.000(29.118%)(1.393m),38.000(33.530%)(1.929m),23.918(21.104%)(0.420m),12.085(15.106%)(0.000m),13.802(34.504%)(0.407m),9.795(24.488%)(0.000m),531.058,3619.372,61.3,1.3191,"[0.727, 0.807, 0.725, 0.753, 0.906, 0.596]","[2.587, 3.173, 2.841, 2.741, 3.446, 2.729]","[-5.900, -6.114, -4.895, -5.802, -6.026, -4.921]"
481,1,-3.0795,-2.8503,0.315,411,1107,86,32,0.383,70,0.00,12459,1817.22,0,0,22.235(27.793%)(0.239m),29.000(25.588%)(0.964m),21.000(18.529%)(0.107m),24.000(21.177%)(0.429m),28.000(35.000%)(0.857m),15.727(39.317%)(0.614m),28.000(70.000%)(1.929m),0.000,3606.436,62.3,1.3175,"[1.170, 1.308, 0.708, 1.162, 1.369, 0.636]","[2.813, 3.483, 2.818, 2.862, 3.686, 3.036]","[-5.322, -5.076, -6.677, -5.703, -5.531, -5.962]"
482,1,1.6611,-2.8103,0.336,570,1490,57,73,0.382,80,0.00,12516,2449.52,0,0,18.146(22.682%)(0.000m),38.359(33.846%)(1.967m),71.000(62.647%)(5.464m),44.000(38.824%)(2.571m),22.000(27.500%)(0.214m),12.774(31.936%)(0.297m),22.000(55.000%)(1.286m),1163.935,5206.482,60.5,1.3081,"[0.868, 1.087, 0.897, 0.861, 1.247, 0.878]","[3.229, 3.917, 3.313, 3.301, 4.069, 3.396]","[-4.035, -2.210, -4.878, -4.112, -1.804, -4.966]"
483,1,-7.1989,-2.9117,0.454,492,1267,81,53,0.381,70,0.00,12566,2021.42,0,0,20.180(25.225%)(0.019m),20.000(17.647%)(0.000m),20.000(17.647%)(0.000m),21.000(18.529%)(0.107m),24.916(31.145%)(0.527m),14.257(35.643%)(0.456m),19.439(48.598%)(1.011m),0.000,4874.441,59.6,1.0764,"[0.768, 1.005, 0.873, 0.758, 1.135, 0.784]","[2.668, 3.360, 2.941, 2.706, 3.587, 3.079]","[-6.643, -5.592, -6.031, -6.293, -4.812, -5.758]"
484,1,-0.4243,-2.9137,0.392,215,566,15,25,0.380,50,0.00,12588,990.04,0,0,10.906(13.632%)(0.000m),17.867(15.765%)(0.000m),34.516(30.455%)(1.555m),46.000(40.588%)(2.786m),26.000(32.500%)(0.643m),10.906(27.264%)(0.097m),25.000(62.500%)(1.607m),695.265,3364.433,61.0,1.3535,"[1.497, 1.605, 1.409, 1.496, 1.699, 1.285]","[2.827, 3.517, 3.273, 2.963, 3.819, 3.350]","[-5.659, -4.745, -5.568, -5.910, -4.828, -5.617]"
485,1,-3.2648,-2.9125,0.378,281,686,71,0,0.379,50,0.00,12617,1184.39,0,0,11.627(14.534%)(0.000m),20.839(18.388%)(0.090m),49.231(43.439%)(3.132m),53.000(46.765%)(3.536m),40.000(50.000%)(2.143m),10.412(26.031%)(0.044m),40.000(100.000%)(3.214m),1641.232,6145.509,56.5,1.0409,"[2.036, 1.928, 0.841, 1.964, 2.026, 0.674]","[3.220, 3.484, 3.121, 3.084, 3.725, 3.215]","[-5.544, -5.374, -5.708, -5.706, -5.388, -5.594]"
486,1,-5.8588,-2.9294,0.335,1009,2659,347,86,0.379,95,0.00,12718,4288.66,0,0,15.578(19.472%)(0.000m),20.000(17.647%)(0.000m),20.000(17.647%)(0.000m),20.000(17.647%)(0.000m),19.871(24.839%)(0.000m),10.934(27.335%)(0.100m),14.061(35.151%)(0.435m),0.000,4248.682,61.0,1.1921,"[0.679, 0.961, 0.652, 0.608, 1.039, 0.622]","[2.854, 3.277, 3.159, 2.927, 3.481, 3.199]","[-5.776, -5.474, -6.240, -5.720, -5.139, -5.660]"
487,1,-1.2587,-2.9696,0.351,622,1584,75,62,0.378,80,0.00,12781,2714.20,0,0,32.000(40.000%)(1.286m),46.000(40.588%)(2.786m),59.000(52.059%)(4.179m),43.000(37.941%)(2.464m),22.672(28.340%)(0.286m),12.000(30.000%)(0.214m),16.068(40.169%)(0.650m),700.013,6187.505,58.9,1.2817,"[0.546, 0.881, 0.974, 0.556, 1.045, 0.995]","[2.783, 3.194, 2.563, 2.891, 3.320, 2.675]","[-3.543, -1.844, -0.796, -3.367, -1.574, -0.527]"
488,1,-6.2098,-3.0895,0.261,458,1181,89,4,0.377,70,0.00,12827,2067.37,0,0,11.271(14.089%)(0.000m),20.430(18.027%)(0.046m),49.722(43.873%)(3.185m),42.000(37.059%)(2.357m),37.000(46.250%)(1.821m),9.970(24.925%)(0.000m),28.000(70.000%)(1.929m),1244.548,5731.619,59.7,1.2605,"[0.655, 0.639, 0.410, 0.595, 0.774, 0.313]","[2.224, 2.625, 2.092, 2.310, 2.906, 2.177]","[-5.055, -5.732, -5.982, -4.859, -5.575, -5.368]"
489,1,-2.7038,-3.0688,0.317,469,1221,94,12,0.376,70,0.00,12874,2006.78,0,0,22.882(28.603%)(0.309m),47.677(42.068%)(2.965m),26.000(22.941%)(0.643m),22.000(19.412%)(0.214m),38.000(47.500%)(1.929m),16.215(40.537%)(0.666m),25.000(62.500%)(1.607m),808.487,4913.543,60.3,1.1940,"[1.062, 1.251, 0.974, 1.033, 1.416, 0.900]","[2.393, 2.954, 2.352, 2.520, 3.226, 2.629]","[-4.332, -4.889, -7.212, -5.114, -5.637, -6.959]"
490,1,-5.9605,-3.1038,0.255,320,817,13,131,0.376,60,0.00,12906,1373.47,0,0,15.000(18.750%)(0.000m),31.000(27.353%)(1.179m),103.000(90.883%)(8.893m),57.702(50.913%)(4.039m),27.814(34.768%)(0.837m),12.000(30.000%)(0.214m),19.800(49.500%)(1.050m),3387.695,5997.371,59.1,1.2853,"[0.905, 1.154, 0.756, 0.929, 1.203, 0.815]","[2.930, 3.153, 2.759, 2.962, 3.342, 2.952]","[-3.058, -3.189, -4.669, -3.679, -4.041, -4.596]"
491,1,-2.0960,-3.0340,0.285,469,1279,102,92,0.375,75,0.00,12953,2075.02,0,0,20.990(26.237%)(0.106m),43.388(38.284%)(2.506m),64.000(56.471%)(4.714m),44.000(38.824%)(2.571m),22.000(27.500%)(0.214m),12.000(30.000%)(0.214m),15.000(37.500%)(0.536m),496.159,3951.537,63.1,1.2253,"[0.683, 1.011, 0.761, 0.698, 1.082, 0.748]","[2.584, 3.114, 2.602, 2.841, 3.275, 2.856]","[-5.325, -3.131, -3.760, -5.228, -3.620, -3.843]"
492,1,-6.3430,-3.0940,0.334,345,862,110,93,0.374,60,0.00,12988,1581.98,0,0,19.000(23.750%)(0.000m),39.000(34.412%)(2.036m),46.000(40.588%)(2.786m),22.737(20.062%)(0.293m),11.802(14.752%)(0.000m),13.000(32.500%)(0.321m),9.809(24.523%)(0.000m),757.108,5705.536,57.8,1.2805,"[-0.632, -0.005, 0.506, -0.608, 0.120, 0.483]","[2.557, 3.330, 2.763, 2.685, 3.541, 2.967]","[-6.343, -5.769, -3.946, -6.079, -5.748, -4.099]"
493,1,-1.6045,-3.0031,0.318,716,1887,74,146,0.373,85,0.00,13060,3114.09,0,0,22.138(27.672%)(0.229m),20.000(17.647%)(0.000m),50.000(44.118%)(3.214m),41.000(36.177%)(2.250m),21.000(26.250%)(0.107m),15.659(39.148%)(0.606m),24.000(60.000%)(1.500m),0.000,4286.726,61.0,1.2240,"[0.759, 0.963, 0.779, 0.794, 1.059, 0.735]","[2.813, 3.187, 2.518, 2.958, 3.192, 2.410]","[-4.277, -4.075, -4.435, -4.364, -4.135, -4.042]"
494,1,0.7616,-2.9126,0.371,622,1568,169,48,0.373,80,0.00,13123,2667.87,0,0,10.000(12.500%)(0.000m),32.532(28.705%)(1.343m),63.000(55.588%)(4.607m),51.000(45.000%)(3.321m),29.000(36.250%)(0.964m),10.813(27.032%)(0.087m),21.000(52.500%)(1.179m),1029.196,5757.156,58.4,1.1564,"[1.258, 1.342, 0.974, 1.238, 1.519, 0.903]","[2.488, 3.298, 2.789, 2.517, 3.334, 2.666]","[-3.283, -2.642, -5.029, -3.328, -2.926, -5.056]"
495,1,-2.3787,-2.8764,0.394,191,500,16,0,0.372,45,0.00,13143,833.72,0,0,10.089(12.611%)(0.000m),16.382(14.455%)(0.000m),31.112(27.452%)(1.191m),52.000(45.882%)(3.429m),36.000(45.000%)(1.714m),10.213(25.532%)(0.023m),40.000(100.000%)(3.214m),1081.125,4047.141,60.5,1.1740,"[1.633, 1.604, 0.814, 1.695, 1.719, 0.836]","[2.917, 3.558, 2.908, 3.112, 3.714, 3.120]","[-5.877, -5.122, -5.668, -5.817, -5.133, -5.488]"
496,1,-5.5856,-2.9008,0.298,513,1319,76,84,0.371,75,0.00,13195,2292.44,0,0,15.063(18.829%)(0.000m),31.845(28.099%)(1.269m),31.000(27.353%)(1.179m),17.000(15.000%)(0.000m),14.000(17.500%)(0.000m),10.590(26.475%)(0.063m),17.000(42.500%)(0.750m),1235.224,6675.693,59.5,1.2594,"[1.140, 1.128, 0.752, 1.094, 1.196, 0.775]","[2.926, 3.545, 3.076, 3.121, 3.850, 3.246]","[-6.887, -7.865, -9.275, -7.743, -8.105, -8.812]"
497,1,-0.9355,-2.8584,0.390,389,1058,148,11,0.370,70,0.00,13234,1702.22,0,0,16.235(20.294%)(0.000m),20.000(17.647%)(0.000m),19.000(16.765%)(0.000m),52.000(45.882%)(3.429m),34.000(42.500%)(1.500m),11.405(28.513%)(0.151m),28.000(70.000%)(1.929m),0.000,3672.834,63.0,1.1918,"[1.125, 1.081, 0.287, 1.137, 1.093, 0.222]","[3.065, 3.663, 3.160, 3.330, 3.848, 3.241]","[-5.828, -5.217, -5.997, -5.849, -5.364, -5.818]"
498,1,-1.1301,-2.8140,0.325,564,1461,58,125,0.370,75,0.00,13291,2537.35,0,0,21.035(26.293%)(0.111m),43.971(38.798%)(2.568m),65.000(57.353%)(4.821m),36.000(31.765%)(1.714m),18.000(22.500%)(0.000m),11.000(27.500%)(0.107m),19.000(47.500%)(0.964m),935.612,5002.935,60.0,1.4790,"[0.955, 1.380, 1.311, 0.964, 1.559, 1.293]","[3.049, 3.604, 3.200, 3.149, 3.892, 3.376]","[-4.490, -2.707, -2.783, -4.310, -2.068, -3.215]"
499,1,-2.3338,-2.7902,0.433,247,664,16,5,0.369,55,0.00,13316,1106.21,0,0,10.759(13.448%)(0.000m),18.125(15.993%)(0.000m),37.047(32.689%)(1.826m),57.000(50.294%)(3.964m),30.000(37.500%)(1.071m),10.371(25.928%)(0.040m),22.000(55.000%)(1.286m),1268.144,4343.751,62.2,1.2609,"[1.594, 1.682, 1.001, 1.634, 1.872, 0.876]","[3.001, 3.581, 3.087, 3.127, 3.950, 3.219]","[-6.213, -6.005, -5.913, -6.102, -5.646, -5.953]"
500,1,-6.6855,-2.8697,0.336,747,1926,247,97,0.368,85,0.00,13391,3240.08,0,0,12.123(15.154%)(0.000m),23.993(21.171%)(0.428m),52.000(45.882%)(3.429m),32.610(28.774%)(1.351m),15.592(19.490%)(0.000m),9.826(24.565%)(0.000m),10.972(27.430%)(0.104m),1144.677,4711.103,59.7,1.3280,"[0.360, 0.703, 0.777, 0.279, 0.817, 0.804]","[2.906, 3.484, 3.202, 3.028, 3.737, 3.382]","[-5.259, -5.230, -6.045, -5.686, -5.371, -5.065]"
501,1,-3.7194,-2.9165,0.380,234,598,42,0,0.368,50,0.00,13415,1006.97,0,0,11.929(14.911%)(0.000m),23.288(20.549%)(0.352m),65.000(57.353%)(4.821m),54.000(47.647%)(3.643m),38.000(47.500%)(1.929m),9.791(24.478%)(0.000m),33.000(82.500%)(2.464m),1176.620,4395.481,59.1,1.2840,"[1.496, 1.150, 0.144, 1.485, 1.158, 0.037]","[2.483, 3.574, 3.131, 2.613, 3.838, 3.263]","[-4.530, -5.135, -5.440, -4.544, -5.214, -5.449]"
502,1,-1.2113,-2.8592,0.342,539,1398,126,56,0.367,75,0.00,13469,2319.44,0,0,11.000(13.750%)(0.000m),58.000(51.177%)(4.071m),42.000(37.059%)(2.357m),33.000(29.118%)(1.393m),19.019(23.774%)(0.000m),11.000(27.500%)(0.107m),13.446(33.614%)(0.369m),349.628,4692.410,60.0,1.5516,"[0.746, 1.347, 1.346, 0.647, 1.520, 1.324]","[3.116, 3.920, 3.156, 3.168, 3.967, 3.092]","[-4.787, -2.803, -2.582, -4.828, -2.892, -3.124]"
503,1,-3.5788,-2.8992,0.406,147,390,17,0,0.366,40,0.00,13484,644.72,0,0,12.010(15.013%)(0.000m),22.558(19.904%)(0.274m),60.856(53.696%)(4.377m),81.000(71.471%)(6.536m),51.000(63.750%)(3.321m),10.235(25.589%)(0.025m),40.000(100.000%)(3.214m),1731.985,5385.904,61.3,1.2477,"[1.459, 1.025, 0.131, 1.445, 1.054, -0.011]","[2.821, 3.428, 3.013, 2.901, 3.686, 3.079]","[-4.715, -5.188, -5.986, -4.597, -5.369, -5.764]"
504,1,-5.5288,-2.9625,0.355,212,544,42,0,0.365,45,0.00,13506,905.91,0,0,12.876(16.094%)(0.000m),27.181(23.984%)(0.769m),64.000(56.471%)(4.714m),53.000(46.765%)(3.536m),41.000(51.250%)(2.250m),9.791(24.476%)(0.000m),40.000(100.000%)(3.214m),1085.470,4898.390,59.4,1.3066,"[0.940, 0.295, -0.819, 0.983, 0.281, -0.807]","[2.660, 3.312, 2.904, 2.846, 3.685, 3.037]","[-2.816, -4.016, -6.486, -2.863, -4.889, -6.096]"
505,1,-3.9715,-3.0723,0.317,547,1367,172,57,0.365,75,0.00,13561,2239.25,0,0,26.000(32.500%)(0.643m),35.000(30.882%)(1.607m),26.000(22.941%)(0.643m),21.000(18.529%)(0.107m),20.287(25.359%)(0.031m),24.000(60.000%)(1.500m),14.375(35.936%)(0.469m),0.000,3696.353,57.8,1.1341,"[0.319, 0.838, 0.811, 0.179, 0.883, 0.709]","[2.579, 3.553, 3.025, 2.725, 3.721, 3.066]","[-5.211, -4.534, -2.960, -5.692, -4.123, -3.295]"
506,1,-2.1065,-3.0375,0.325,531,1402,93,86,0.364,75,0.00,13615,2364.05,0,0,20.028(25.035%)(0.003m),40.581(35.807%)(2.205m),69.000(60.883%)(5.250m),37.000(32.647%)(1.821m),18.000(22.500%)(0.000m),11.000(27.500%)(0.107m),16.000(40.000%)(0.643m),840.573,5293.403,61.1,1.4085,"[0.676, 0.893, 0.818, 0.655, 1.078, 0.748]","[2.621, 3.288, 2.970, 2.732, 3.594, 3.218]","[-4.224, -3.315, -4.255, -4.556, -3.134, -4.315]"
507,1,-1.9432,-2.9906,0.315,585,1482,107,59,0.363,75,0.00,13674,2605.82,0,0,11.000(13.750%)(0.000m),19.000(16.765%)(0.000m),64.000(56.471%)(4.714m),48.000(42.353%)(3.000m),25.000(31.250%)(0.536m),11.000(27.500%)(0.107m),28.000(70.000%)(1.929m),1252.220,6560.823,58.6,1.2216,"[1.016, 1.115, 0.773, 1.038, 1.258, 0.688]","[2.707, 3.627, 3.124, 2.927, 3.943, 3.238]","[-6.023, -5.716, -6.572, -6.111, -6.423, -6.230]"
508,1,-2.2742,-2.9773,0.398,219,549,20,0,0.362,45,0.00,13696,965.28,0,0,12.331(15.413%)(0.000m),25.113(22.159%)(0.548m),66.996(59.114%)(5.035m),49.000(43.235%)(3.107m),38.000(47.500%)(1.929m),9.744(24.360%)(0.000m),40.000(100.000%)(3.214m),1419.979,5262.435,58.0,1.2145,"[1.239, 1.217, 0.633, 1.286, 1.330, 0.473]","[2.434, 3.035, 2.391, 2.614, 3.181, 2.509]","[-4.214, -5.080, -5.916, -4.347, -5.565, -5.918]"
509,1,-0.3131,-2.8855,0.427,291,752,85,10,0.362,55,0.00,13726,1233.27,0,0,12.744(15.930%)(0.000m),26.719(23.575%)(0.720m),66.000(58.235%)(4.929m),40.000(35.294%)(2.143m),30.000(37.500%)(1.071m),9.816(24.541%)(0.000m),30.000(75.000%)(2.143m),699.491,4378.895,59.8,1.1885,"[1.179, 1.191, 0.268, 1.219, 1.377, 0.042]","[2.693, 3.495, 3.133, 2.853, 3.813, 3.181]","[-3.733, -4.636, -5.351, -3.968, -4.887, -5.572]"
510,1,-8.0168,-3.0562,0.309,627,1577,33,139,0.361,80,0.00,13789,2745.05,0,0,11.000(13.750%)(0.000m),45.000(39.706%)(2.679m),95.000(83.824%)(8.036m),47.065(41.528%)(2.900m),22.630(28.288%)(0.282m),11.000(27.500%)(0.107m),16.069(40.173%)(0.650m),3807.723,8430.981,58.2,1.3820,"[0.794, 0.846, 0.605, 0.785, 1.069, 0.650]","[2.446, 3.049, 2.642, 2.532, 3.109, 2.555]","[-2.044, -3.605, -5.694, -2.127, -4.149, -5.362]"
511,1,-2.8533,-3.0391,0.262,173,444,23,0,0.360,40,0.00,13807,766.85,0,0,10.550(13.188%)(0.000m),17.285(15.251%)(0.000m),33.391(29.463%)(1.435m),52.000(45.882%)(3.429m),41.000(51.250%)(2.250m),10.550(26.376%)(0.059m),40.000(100.000%)(3.214m),1152.832,4297.825,59.4,1.2427,"[0.406, 0.524, 0.230, 0.468, 0.604, 0.063]","[1.892, 2.414, 1.971, 2.117, 2.657, 2.074]","[-6.249, -5.366, -5.442, -5.969, -5.259, -5.624]"
512,1,1.1723,-3.0014,0.243,293,760,33,13,0.360,55,0.00,13837,1277.41,0,0,30.000(37.500%)(1.071m),43.000(37.941%)(2.464m),49.495(43.673%)(3.160m),20.337(17.944%)(0.036m),11.220(14.025%)(0.000m),27.000(67.500%)(1.821m),9.924(24.811%)(0.000m),642.895,4075.581,60.0,1.1997,"[0.403, 1.004, 0.921, 0.427, 1.172, 0.827]","[1.958, 2.661, 2.420, 2.193, 2.883, 2.354]","[-5.577, -5.131, -4.936, -5.926, -5.585, -5.249]"
513,1,-3.6835,-2.9698,0.311,177,442,19,0,0.359,40,0.00,13855,766.24,0,0,11.388(14.235%)(0.000m),20.642(18.213%)(0.069m),50.237(44.327%)(3.240m),59.000(52.059%)(4.179m),52.000(65.000%)(3.429m),10.073(25.183%)(0.008m),40.000(100.000%)(3.214m),1708.586,5349.301,57.8,1.1893,"[0.788, 0.313, -0.313, 0.801, 0.282, -0.263]","[1.899, 2.526, 2.046, 2.149, 2.837, 2.303]","[-5.403, -5.279, -5.807, -5.318, -5.522, -5.515]"
514,1,-4.1893,-2.9925,0.337,373,1060,86,26,0.358,70,0.00,13893,1800.53,0,0,22.469(28.086%)(0.265m),47.102(41.560%)(2.904m),99.000(87.353%)(8.464m),29.000(25.588%)(0.964m),14.000(17.500%)(0.000m),15.862(39.656%)(0.628m),10.000(25.000%)(0.000m),771.686,3864.414,65.7,1.5729,"[-0.170, 0.180, 0.197, -0.149, 0.225, 0.092]","[1.910, 2.528, 2.336, 2.046, 2.666, 2.394]","[-6.089, -5.882, -5.102, -6.000, -5.848, -4.887]"
515,1,-3.7158,-2.9910,0.218,144,361,23,0,0.357,35,0.00,13908,650.21,0,0,10.495(13.119%)(0.000m),16.610(14.656%)(0.000m),30.105(26.564%)(1.083m),76.000(67.059%)(6.000m),65.000(81.250%)(4.821m),11.021(27.553%)(0.109m),40.000(100.000%)(3.214m),1869.832,5697.580,58.0,1.5421,"[0.339, 0.325, -0.010, 0.373, 0.458, -0.110]","[1.793, 2.400, 2.181, 1.890, 2.649, 2.222]","[-5.890, -5.299, -5.908, -5.612, -5.221, -5.854]"
516,1,-2.4848,-2.9466,0.279,250,658,60,33,0.357,50,0.00,13933,1181.99,0,0,18.000(22.500%)(0.000m),73.000(64.412%)(5.679m),82.930(73.174%)(6.742m),34.818(30.722%)(1.588m),16.488(20.610%)(0.000m),10.000(25.000%)(0.000m),11.585(28.963%)(0.170m),1483.568,4966.611,60.9,1.5551,"[-0.054, 0.560, 0.670, -0.045, 0.616, 0.566]","[2.141, 2.647, 2.103, 2.176, 2.776, 2.050]","[-5.540, -4.720, -5.477, -5.179, -4.969, -5.436]"
517,1,1.6489,-2.8230,0.311,746,1946,117,101,0.356,85,0.00,14008,3236.60,0,0,14.795(18.493%)(0.000m),31.469(27.767%)(1.229m),25.000(22.059%)(0.536m),21.000(18.529%)(0.107m),21.000(26.250%)(0.107m),10.399(25.997%)(0.043m),14.000(35.000%)(0.429m),0.000,4999.698,60.4,1.2850,"[0.470, 0.454, 0.056, 0.486, 0.580, 0.018]","[2.344, 2.429, 2.080, 2.350, 2.686, 2.272]","[-3.535, -4.058, -5.688, -3.802, -4.461, -5.517]"
518,1,-4.6334,-2.8845,0.282,501,1302,90,61,0.355,75,0.00,14059,2160.23,0,0,12.000(15.000%)(0.000m),22.000(19.412%)(0.214m),45.000(39.706%)(2.679m),31.000(27.353%)(1.179m),17.152(21.440%)(0.000m),22.000(55.000%)(1.286m),12.095(30.238%)(0.225m),318.416,4983.877,60.2,1.2060,"[-0.417, 0.218, 0.103, -0.413, 0.288, 0.142]","[1.960, 2.632, 2.254, 2.181, 2.905, 2.445]","[-5.960, -5.839, -7.230, -6.154, -6.595, -6.429]"
519,1,-0.3650,-2.8450,0.291,515,1371,64,32,0.355,75,0.00,14111,2285.85,0,0,30.000(37.500%)(1.071m),42.000(37.059%)(2.357m),62.000(54.706%)(4.500m),47.418(41.839%)(2.938m),22.805(28.507%)(0.301m),25.000(62.500%)(1.607m),11.000(27.500%)(0.107m),624.640,4015.540,61.6,1.2359,"[0.310, 0.671, 0.513, 0.256, 0.740, 0.508]","[1.850, 2.564, 2.057, 1.978, 2.840, 2.256]","[-2.600, -1.480, -1.681, -2.929, -1.782, -1.788]"
520,1,-9.5661,-2.9550,0.245,720,1899,93,194,0.354,85,0.00,14183,3187.01,0,0,21.205(26.507%)(0.129m),20.000(17.647%)(0.000m),38.000(33.530%)(1.929m),47.000(41.471%)(2.893m),19.000(23.750%)(0.000m),14.976(37.439%)(0.533m),13.000(32.500%)(0.321m),0.000,3808.223,61.0,1.2324,"[0.081, 0.135, 0.038, 0.012, 0.249, 0.012]","[1.708, 2.114, 1.887, 1.828, 2.356, 1.983]","[-2.505, -3.617, -4.332, -3.254, -3.841, -3.821]"
521,1,-2.6115,-2.9424,0.267,330,841,148,0,0.353,60,0.00,14216,1427.32,0,0,12.595(15.744%)(0.000m),26.039(22.976%)(0.647m),66.000(58.235%)(4.929m),52.000(45.882%)(3.429m),38.000(47.500%)(1.929m),9.827(24.567%)(0.000m),30.000(75.000%)(2.143m),841.421,5700.677,59.0,1.2481,"[1.236, 0.961, -0.435, 1.252, 1.166, -0.492]","[2.286, 2.539, 2.242, 2.322, 2.897, 2.429]","[-3.302, -4.718, -5.579, -3.438, -5.013, -4.989]"
522,1,-2.0469,-2.8646,0.379,203,515,29,0,0.352,45,0.00,14237,897.28,0,0,11.063(13.828%)(0.000m),19.403(17.121%)(0.000m),43.426(38.317%)(2.510m),45.000(39.706%)(2.679m),35.000(43.750%)(1.607m),10.154(25.385%)(0.017m),40.000(100.000%)(3.214m),720.493,4097.213,58.7,1.3478,"[0.969, 1.064, 0.454, 0.968, 1.101, 0.232]","[2.761, 2.875, 2.332, 2.669, 2.952, 2.317]","[-6.111, -5.632, -5.416, -6.017, -5.760, -5.526]"
523,1,-1.4871,-2.8570,0.373,182,489,19,0,0.352,45,0.00,14256,840.33,0,0,11.851(14.813%)(0.000m),21.989(19.402%)(0.213m),56.813(50.129%)(3.944m),62.000(54.706%)(4.500m),38.000(47.500%)(1.929m),10.226(25.565%)(0.024m),40.000(100.000%)(3.214m),901.311,3634.777,62.2,1.3510,"[1.220, 1.055, 0.417, 1.232, 1.255, 0.342]","[2.724, 3.089, 2.627, 2.734, 3.334, 2.636]","[-6.323, -5.647, -5.500, -6.064, -5.648, -5.650]"
524,1,0.6880,-2.8048,0.359,280,727,51,0,0.351,55,0.00,14284,1173.20,0,0,11.518(14.398%)(0.000m),20.878(18.422%)(0.094m),50.813(44.835%)(3.301m),60.000(52.941%)(4.286m),37.000(46.250%)(1.821m),10.189(25.471%)(0.020m),28.000(70.000%)(1.929m),1521.021,4806.706,60.1,1.2251,"[1.301, 1.517, 1.023, 1.315, 1.649, 0.902]","[2.244, 2.919, 2.643, 2.354, 3.111, 2.679]","[-5.294, -5.466, -5.834, -5.529, -5.632, -5.939]"
525,1,-5.0240,-2.8797,0.372,122,318,16,0,0.350,35,0.00,14297,548.16,0,0,10.206(12.758%)(0.000m),16.721(14.754%)(0.000m),32.302(28.502%)(1.318m),88.000(77.647%)(7.286m),65.000(81.250%)(4.821m),10.206(25.516%)(0.022m),40.000(100.000%)(3.214m),3118.754,6741.587,60.3,1.0124,"[0.791, 0.468, 0.006, 0.760, 0.688, 0.003]","[2.588, 3.121, 2.680, 2.616, 3.311, 2.873]","[-5.960, -5.388, -5.617, -6.326, -5.310, -5.926]"
526,1,-2.0232,-2.8868,0.312,305,827,25,30,0.350,60,0.00,14328,1276.50,0,0,26.000(32.500%)(0.643m),42.000(37.059%)(2.357m),40.822(36.019%)(2.231m),19.135(16.884%)(0.000m),11.137(13.921%)(0.000m),23.000(57.500%)(1.393m),10.476(26.190%)(0.051m),431.381,3646.312,62.8,1.1473,"[0.570, 1.048, 0.919, 0.493, 1.042, 0.920]","[2.537, 2.898, 2.396, 2.451, 3.136, 2.618]","[-5.926, -5.122, -4.445, -6.399, -5.806, -4.419]"
527,1,-2.1135,-2.8548,0.312,216,574,12,18,0.349,50,0.00,14350,937.46,0,0,12.014(15.017%)(0.000m),23.455(20.696%)(0.370m),65.824(58.080%)(4.910m),52.000(45.882%)(3.429m),28.000(35.000%)(0.857m),9.861(24.653%)(0.000m),26.000(65.000%)(1.714m),902.294,3833.869,61.5,1.3495,"[0.688, 1.001, 0.853, 0.866, 1.151, 0.835]","[2.511, 3.042, 2.461, 2.795, 3.382, 2.651]","[-5.821, -5.123, -5.452, -5.360, -5.370, -5.294]"
528,1,-1.4582,-2.8601,0.301,206,513,41,3,0.348,45,0.00,14371,886.87,0,0,34.000(42.500%)(1.500m),38.000(33.530%)(1.929m),22.358(19.728%)(0.253m),13.917(12.280%)(0.000m),9.486(11.857%)(0.000m),40.000(100.000%)(3.214m),11.271(28.176%)(0.136m),700.450,4005.228,57.7,1.1488,"[0.583, 0.785, 0.794, 0.520, 0.764, 0.624]","[2.510, 3.425, 2.807, 2.522, 3.568, 2.827]","[-5.044, -4.967, -4.858, -5.551, -5.374, -4.648]"
529,1,-4.7452,-2.8964,0.218,249,607,49,0,0.347,50,0.00,14396,1074.79,0,0,12.719(15.898%)(0.000m),26.706(23.564%)(0.719m),71.000(62.647%)(5.464m),62.000(54.706%)(4.500m),42.000(52.500%)(2.357m),9.797(24.492%)(0.000m),40.000(100.000%)(3.214m),2168.232,6335.448,56.4,1.1947,"[1.453, 1.225, 0.018, 1.470, 1.421, -0.042]","[2.696, 3.315, 2.634, 2.621, 3.462, 2.594]","[-1.091, -3.175, -6.004, -1.381, -3.480, -5.311]"
530,1,-1.3962,-2.9236,0.355,816,2083,112,189,0.347,85,0.00,14478,3436.34,0,0,24.000(30.000%)(0.429m),29.000(25.588%)(0.964m),39.000(34.412%)(2.036m),21.000(18.529%)(0.107m),21.000(26.250%)(0.107m),23.000(57.500%)(1.393m),13.000(32.500%)(0.321m),0.000,3963.260,59.1,1.1269,"[0.652, 0.752, 0.496, 0.597, 0.877, 0.485]","[2.780, 3.072, 2.349, 2.809, 3.315, 2.356]","[-3.531, -3.194, -4.035, -3.746, -3.479, -4.392]"
531,1,0.2788,-2.8564,0.327,438,1211,54,19,0.346,75,0.00,14522,1989.22,0,0,17.491(21.863%)(0.000m),37.445(33.040%)(1.869m),67.000(59.118%)(5.036m),50.000(44.118%)(3.214m),15.000(18.750%)(0.000m),12.265(30.663%)(0.243m),11.000(27.500%)(0.107m),821.745,3972.504,64.0,1.3119,"[0.955, 1.030, 0.542, 0.969, 1.069, 0.480]","[2.760, 3.615, 3.258, 2.910, 3.912, 3.451]","[-1.894, -2.315, -5.757, -1.973, -2.694, -5.614]"
532,1,-4.9224,-2.9881,0.339,499,1281,150,44,0.345,70,0.00,14572,2143.97,0,0,19.830(24.788%)(0.000m),20.000(17.647%)(0.000m),20.000(17.647%)(0.000m),27.883(24.603%)(0.845m),13.691(17.113%)(0.000m),14.032(35.080%)(0.432m),10.819(27.047%)(0.088m),0.000,4517.031,59.4,1.1972,"[0.545, 0.783, 0.616, 0.506, 0.913, 0.618]","[2.729, 3.260, 2.877, 2.798, 3.404, 2.975]","[-6.858, -5.607, -5.621, -7.106, -5.945, -5.235]"
533,1,-0.7431,-2.8590,0.364,360,1032,75,30,0.345,70,0.00,14608,1549.17,0,0,23.150(28.938%)(0.338m),48.620(42.900%)(3.066m),70.000(61.765%)(5.357m),22.000(19.412%)(0.214m),12.000(15.000%)(0.000m),16.338(40.846%)(0.679m),11.000(27.500%)(0.107m),769.474,3126.541,66.3,1.2201,"[0.314, 0.567, 0.342, 0.292, 0.599, 0.251]","[2.231, 2.910, 2.474, 2.386, 3.103, 2.687]","[-6.459, -6.604, -6.640, -6.429, -6.782, -6.328]"
534,1,-4.4029,-2.9386,0.261,485,1279,16,76,0.344,75,0.00,14657,2147.38,0,0,24.238(30.298%)(0.454m),50.512(44.570%)(3.269m),60.000(52.941%)(4.286m),19.000(16.765%)(0.000m),12.000(15.000%)(0.000m),17.172(42.929%)(0.768m),11.000(27.500%)(0.107m),870.970,4633.904,61.0,1.2816,"[0.451, 0.837, 0.739, 0.439, 0.914, 0.689]","[2.237, 2.872, 2.272, 2.355, 2.997, 2.424]","[-6.524, -6.629, -5.432, -6.584, -6.221, -5.092]"
535,1,-6.3172,-2.9996,0.307,615,1504,182,39,0.343,75,0.00,14719,2615.48,0,0,17.518(21.897%)(0.000m),20.000(17.647%)(0.000m),20.000(17.647%)(0.000m),22.000(19.412%)(0.214m),29.000(36.250%)(0.964m),12.363(30.908%)(0.253m),22.000(55.000%)(1.286m),0.000,5851.009,56.6,1.1627,"[0.856, 0.941, 0.460, 0.823, 1.200, 0.384]","[2.765, 3.067, 2.667, 2.707, 3.325, 2.720]","[-4.625, -5.173, -5.670, -5.323, -5.349, -5.439]"
536,1,-8.4756,-3.0520,0.253,197,471,20,0,0.343,40,0.00,14739,849.02,0,0,9.063(11.329%)(0.000m),13.029(11.496%)(0.000m),20.341(17.948%)(0.037m),54.874(48.418%)(3.736m),52.648(65.810%)(3.498m),11.182(27.954%)(0.127m),38.744(96.860%)(3.080m),2117.332,5690.913,55.4,1.1673,"[0.881, 0.772, 0.765, 0.916, 0.892, 0.739]","[3.101, 3.548, 3.172, 3.129, 3.647, 3.126]","[-6.664, -6.349, -5.961, -6.523, -5.786, -5.892]"
537,1,-1.8705,-3.0642,0.307,153,426,20,4,0.342,40,0.00,14755,671.36,0,0,11.195(13.994%)(0.000m),20.293(17.905%)(0.031m),49.387(43.577%)(3.149m),41.000(36.177%)(2.250m),33.000(41.250%)(1.393m),9.903(24.757%)(0.000m),40.000(100.000%)(3.214m),445.379,2973.593,64.4,1.2967,"[0.175, 0.233, 0.027, 0.060, 0.179, -0.058]","[2.838, 3.251, 2.625, 2.935, 3.437, 2.792]","[-5.737, -5.837, -5.479, -5.910, -5.708, -5.497]"
538,1,-4.8998,-3.0380,0.261,439,1163,98,41,0.341,70,0.00,14799,1911.60,0,0,22.679(28.348%)(0.287m),21.000(18.529%)(0.107m),20.000(17.647%)(0.000m),30.000(26.471%)(1.071m),28.000(35.000%)(0.857m),16.021(40.054%)(0.645m),25.000(62.500%)(1.607m),0.000,4585.651,61.3,1.2657,"[0.586, 0.488, 0.276, 0.506, 0.567, 0.159]","[2.443, 3.130, 2.602, 2.448, 3.351, 2.737]","[-5.131, -5.390, -5.248, -5.326, -5.230, -5.154]"
539,1,-5.9113,-3.1021,0.283,390,1105,94,59,0.341,70,0.00,14838,1728.44,0,0,17.107(21.383%)(0.000m),36.552(32.252%)(1.773m),54.000(47.647%)(3.643m),34.000(30.000%)(1.500m),13.000(16.250%)(0.000m),12.000(29.999%)(0.214m),10.000(25.000%)(0.000m),310.754,3093.448,65.6,1.4445,"[0.029, 0.283, -0.078, 0.024, 0.187, -0.088]","[2.529, 3.086, 2.603, 2.747, 3.357, 2.925]","[-4.914, -3.794, -4.721, -4.889, -4.232, -4.397]"
540,1,-4.6079,-3.0751,0.311,560,1454,153,94,0.340,75,0.00,14894,2395.86,0,0,16.533(20.666%)(0.000m),35.251(31.104%)(1.634m),73.000(64.412%)(5.679m),43.000(37.941%)(2.464m),21.000(26.250%)(0.107m),11.611(29.028%)(0.173m),15.000(37.500%)(0.536m),1047.647,4796.231,60.1,1.2347,"[0.378, 0.428, 0.158, 0.397, 0.603, 0.128]","[2.226, 2.709, 2.340, 2.308, 2.838, 2.483]","[-5.152, -3.591, -5.618, -4.992, -3.312, -5.540]"
541,1,-6.8756,-3.1707,0.315,637,1732,25,119,0.339,85,0.00,14958,2787.15,0,0,25.000(31.250%)(0.536m),20.000(17.647%)(0.000m),36.000(31.765%)(1.714m),42.000(37.059%)(2.357m),27.000(33.750%)(0.750m),19.000(47.500%)(0.964m),17.000(42.500%)(0.750m),0.000,3797.806,62.9,1.3315,"[0.193, 0.241, 0.113, 0.149, 0.316, 0.081]","[2.484, 2.621, 2.471, 2.753, 2.926, 2.389]","[-3.641, -4.422, -4.127, -4.068, -4.500, -4.574]"
542,1,-3.8432,-3.1207,0.261,533,1401,65,137,0.339,75,0.00,15012,2383.74,0,0,22.848(28.560%)(0.305m),47.636(42.032%)(2.961m),58.000(51.177%)(4.071m),45.000(39.706%)(2.679m),26.000(32.500%)(0.643m),12.000(30.000%)(0.214m),19.000(47.500%)(0.964m),649.900,4191.780,60.8,1.4120,"[0.776, 1.093, 0.970, 0.745, 1.183, 0.875]","[2.842, 3.475, 2.692, 2.797, 3.385, 2.714]","[-4.191, -1.258, -2.837, -4.060, -1.199, -3.507]"
543,1,1.5656,-3.0573,0.281,298,802,42,19,0.338,60,0.00,15042,1296.63,0,0,11.839(14.798%)(0.000m),21.967(19.383%)(0.211m),57.115(50.396%)(3.977m),46.000(40.588%)(2.786m),30.000(37.500%)(1.071m),10.216(25.539%)(0.023m),27.000(67.500%)(1.821m),669.899,3773.933,62.3,1.1869,"[0.993, 1.332, 0.946, 0.964, 1.422, 0.805]","[2.422, 3.249, 2.827, 2.522, 3.424, 2.802]","[-4.711, -5.218, -5.339, -5.084, -4.814, -5.379]"
544,1,-4.1159,-3.1548,0.325,465,1215,119,15,0.337,70,0.00,15089,1982.35,0,0,17.230(21.538%)(0.000m),20.000(17.647%)(0.000m),20.000(17.647%)(0.000m),23.000(20.294%)(0.321m),21.612(27.015%)(0.173m),12.124(30.311%)(0.228m),21.612(54.030%)(1.244m),0.000,4174.038,60.5,1.2466,"[0.617, 0.601, -0.061, 0.607, 0.749, -0.069]","[2.930, 3.336, 2.720, 2.904, 3.507, 2.767]","[-6.079, -5.037, -5.769, -6.089, -5.051, -5.504]"
545,1,-1.5843,-3.1389,0.343,638,1614,136,25,0.337,80,0.00,15153,2677.59,0,0,31.000(38.750%)(1.179m),60.000(52.941%)(4.286m),80.452(70.987%)(6.477m),31.583(27.867%)(1.241m),15.031(18.788%)(0.000m),23.000(57.500%)(1.393m),10.569(26.424%)(0.061m),1633.806,6869.209,58.5,1.0836,"[0.539, 1.016, 0.978, 0.497, 1.209, 0.987]","[2.739, 3.371, 2.786, 2.838, 3.502, 2.731]","[-5.784, -4.756, -2.652, -5.537, -4.840, -3.100]"
546,1,0.9995,-3.0072,0.278,290,776,62,0,0.336,60,0.00,15182,1354.05,0,0,11.332(14.165%)(0.000m),20.540(18.123%)(0.058m),49.989(44.108%)(3.213m),47.000(41.471%)(2.893m),35.000(43.750%)(1.607m),10.023(25.059%)(0.003m),26.000(65.000%)(1.714m),1059.385,3588.006,61.9,1.2320,"[1.050, 1.133, 0.574, 1.115, 1.289, 0.515]","[2.505, 3.107, 2.789, 2.528, 3.258, 2.793]","[-5.458, -5.329, -5.826, -5.166, -5.280, -5.349]"
547,1,-2.6800,-3.0421,0.292,366,923,35,101,0.335,60,0.00,15219,1579.67,0,0,27.000(33.750%)(0.750m),34.000(30.000%)(1.500m),64.000(56.471%)(4.714m),22.815(20.131%)(0.302m),11.996(14.995%)(0.000m),19.000(47.500%)(0.964m),10.096(25.241%)(0.010m),626.300,4867.378,58.4,1.2911,"[0.346, 0.682, 0.624, 0.341, 0.951, 0.666]","[2.320, 2.891, 2.597, 2.492, 3.374, 2.795]","[-5.736, -6.314, -5.038, -5.779, -6.145, -5.058]"
548,1,-1.9764,-3.0591,0.322,187,501,18,0,0.335,45,0.00,15238,884.99,0,0,11.563(14.454%)(0.000m),21.718(19.163%)(0.184m),58.589(51.697%)(4.135m),52.000(45.882%)(3.429m),33.000(41.250%)(1.393m),9.854(24.636%)(0.000m),40.000(100.000%)(3.214m),679.889,3754.820,61.9,2.8196,"[0.910, 0.687, 0.140, 0.901, 0.841, 0.091]","[2.227, 2.845, 2.598, 2.348, 3.148, 2.712]","[-5.409, -5.976, -6.007, -5.399, -5.532, -5.766]"
549,1,-4.7073,-3.1065,0.277,449,1175,278,139,0.334,70,0.00,15283,1886.19,0,0,15.000(18.750%)(0.000m),20.000(17.647%)(0.000m),20.000(17.647%)(0.000m),20.000(17.647%)(0.000m),19.066(23.833%)(0.000m),11.000(27.500%)(0.107m),13.451(33.628%)(0.370m),0.000,3141.595,60.5,1.3477,"[-1.143, -0.867, -0.788, -1.196, -0.850, -0.883]","[2.083, 2.660, 2.274, 2.131, 2.981, 2.388]","[-6.383, -5.210, -5.340, -6.361, -5.335, -5.505]"
550,1,-2.6282,-3.0254,0.310,632,1702,16,108,0.333,85,0.00,15347,2741.96,0,0,32.000(40.000%)(1.286m),55.000(48.530%)(3.750m),31.205(27.534%)(1.201m),16.700(14.735%)(0.000m),10.375(12.969%)(0.000m),23.000(57.500%)(1.393m),10.632(26.579%)(0.068m),1051.382,5005.778,62.3,1.2402,"[0.046, 0.319, 0.377, 0.033, 0.444, 0.326]","[2.066, 2.489, 1.884, 2.074, 2.760, 2.152]","[-5.079, -5.645, -5.909, -5.722, -6.376, -6.044]"
551,1,-4.1280,-3.0336,0.266,437,1157,184,35,0.333,70,0.00,15391,1855.78,0,0,19.184(23.980%)(0.000m),25.000(22.059%)(0.536m),25.996(22.938%)(0.642m),15.501(13.678%)(0.000m),10.267(12.833%)(0.000m),13.509(33.774%)(0.376m),11.607(29.016%)(0.172m),297.691,3573.670,61.3,1.2723,"[-0.028, 0.100, -0.365, -0.067, 0.156, -0.446]","[1.871, 2.601, 2.285, 2.022, 2.864, 2.385]","[-5.896, -5.083, -5.464, -5.874, -5.765, -5.224]"
552,1,-3.3008,-3.0753,0.278,433,1166,63,28,0.332,70,0.00,15435,1870.87,0,0,20.315(25.394%)(0.034m),37.000(32.647%)(1.821m),30.000(26.471%)(1.071m),16.000(14.118%)(0.000m),10.000(12.500%)(0.000m),14.299(35.747%)(0.461m),26.000(65.000%)(1.714m),569.519,3733.190,62.3,1.3443,"[0.284, 0.367, -0.079, 0.336, 0.445, -0.151]","[1.635, 2.138, 1.760, 1.841, 2.351, 1.954]","[-6.314, -6.449, -8.361, -6.723, -7.744, -8.113]"
553,1,-3.7438,-3.0786,0.282,182,461,33,0,0.331,40,0.00,15454,776.52,0,0,11.881(14.851%)(0.000m),22.045(19.452%)(0.219m),55.350(48.838%)(3.788m),48.000(42.353%)(3.000m),42.000(52.500%)(2.357m),10.252(25.630%)(0.027m),40.000(100.000%)(3.214m),1341.820,4589.686,58.6,1.2247,"[0.366, 0.346, -0.033, 0.439, 0.430, -0.081]","[2.105, 2.560, 1.962, 2.259, 2.880, 2.174]","[-4.499, -5.303, -5.430, -4.313, -5.340, -5.365]"
554,1,-2.5042,-3.0182,0.362,212,573,29,0,0.331,50,0.00,15476,953.39,0,0,11.318(14.148%)(0.000m),20.515(18.102%)(0.055m),49.930(44.056%)(3.207m),68.000(60.000%)(5.143m),36.000(45.000%)(1.714m),10.011(25.029%)(0.001m),27.000(67.500%)(1.821m),1725.672,4581.990,62.6,1.3576,"[0.986, 1.168, 0.857, 1.099, 1.252, 0.752]","[2.105, 2.711, 2.313, 2.366, 3.034, 2.404]","[-5.841, -5.499, -5.464, -5.541, -5.767, -5.397]"
555,1,2.1528,-2.8957,0.322,438,1215,4,67,0.330,75,0.00,15520,1886.89,0,0,23.349(29.186%)(0.359m),46.884(41.369%)(2.880m),79.000(69.706%)(6.321m),49.000(43.235%)(3.107m),25.000(31.250%)(0.536m),12.000(30.000%)(0.214m),19.000(47.500%)(0.964m),646.932,4073.185,64.2,1.3639,"[0.548, 0.791, 0.565, 0.514, 0.891, 0.436]","[2.924, 3.167, 2.633, 2.850, 3.333, 2.663]","[-4.140, -3.219, -3.808, -4.044, -3.093, -3.960]"
556,1,-1.6565,-2.8867,0.307,657,1772,174,116,0.329,85,0.00,15586,2919.80,0,0,19.536(24.420%)(0.000m),21.000(18.529%)(0.107m),20.000(17.647%)(0.000m),44.000(38.824%)(2.571m),19.000(23.750%)(0.000m),13.759(34.398%)(0.403m),14.000(35.000%)(0.429m),0.000,2800.119,62.4,1.2183,"[0.027, 0.055, -0.105, -0.072, 0.086, -0.201]","[2.287, 3.088, 2.597, 2.354, 3.342, 2.803]","[-5.842, -5.888, -5.893, -5.582, -5.167, -5.540]"
557,1,-1.4873,-2.8776,0.343,288,772,85,0,0.329,60,0.00,15615,1237.72,0,0,12.156(15.195%)(0.000m),24.400(21.529%)(0.471m),67.502(59.561%)(5.090m),51.000(45.000%)(3.321m),40.000(50.000%)(2.143m),9.729(24.322%)(0.000m),27.000(67.500%)(1.821m),1494.135,4291.828,62.0,1.3163,"[0.752, 0.971, 0.230, 0.884, 1.085, 0.134]","[2.084, 2.799, 2.538, 2.292, 2.983, 2.551]","[-5.104, -5.220, -5.387, -4.940, -5.139, -5.034]"
558,1,-5.3778,-2.9396,0.342,229,555,31,0,0.328,45,0.00,15638,1030.48,0,0,40.000(50.000%)(2.143m),44.000(38.824%)(2.571m),35.811(31.598%)(1.694m),18.209(16.067%)(0.000m),11.014(13.767%)(0.000m),40.000(100.000%)(3.214m),10.880(27.200%)(0.094m),1185.015,4838.110,56.1,1.3549,"[0.285, 0.695, 1.022, 0.596, 0.861, 0.861]","[2.486, 3.607, 2.951, 2.929, 3.794, 2.972]","[-5.315, -5.829, -5.734, -5.430, -5.956, -5.715]"
559,1,1.2886,-2.9076,0.325,404,1106,26,28,0.327,70,0.00,15679,1767.37,0,0,22.048(27.560%)(0.219m),34.000(30.000%)(1.500m),20.000(17.647%)(0.000m),13.000(11.471%)(0.000m),16.000(20.000%)(0.000m),15.635(39.088%)(0.604m),26.000(65.000%)(1.714m),252.183,4537.063,63.3,1.3394,"[0.823, 0.974, 0.543, 0.843, 1.108, 0.415]","[2.456, 3.113, 3.065, 2.472, 3.421, 3.085]","[-5.264, -6.688, -9.390, -6.331, -7.436, -9.201]"
560,1,-7.6888,-2.9010,0.341,872,2197,199,75,0.327,85,0.00,15767,3856.08,0,0,13.648(17.059%)(0.000m),20.000(17.647%)(0.000m),34.000(30.000%)(1.500m),35.000(30.882%)(1.607m),26.000(32.500%)(0.643m),9.583(23.958%)(0.000m),16.000(40.000%)(0.643m),0.000,4803.558,58.3,1.3153,"[0.457, 0.310, -0.161, 0.463, 0.390, -0.253]","[2.452, 3.282, 2.823, 2.660, 3.414, 2.971]","[-4.645, -5.587, -6.158, -5.480, -5.735, -5.695]"
561,1,-1.8747,-2.8815,0.380,158,432,15,0,0.326,40,0.00,15783,656.18,0,0,35.000(43.750%)(1.607m),58.000(51.177%)(4.071m),24.878(21.951%)(0.523m),14.484(12.780%)(0.000m),9.449(11.811%)(0.000m),40.000(100.000%)(3.214m),10.422(26.055%)(0.045m),1266.218,3907.515,63.2,1.1193,"[0.478, 0.803, 0.711, 0.382, 0.809, 0.469]","[2.203, 2.788, 2.313, 2.198, 2.865, 2.167]","[-5.168, -5.899, -6.013, -5.888, -6.194, -5.914]"
562,1,-1.2053,-2.9290,0.254,358,1019,5,46,0.325,70,0.00,15819,1496.06,0,0,25.120(31.400%)(0.549m),36.000(31.765%)(1.714m),50.000(44.118%)(3.214m),25.000(22.059%)(0.536m),13.000(16.250%)(0.000m),17.816(44.540%)(0.837m),26.000(65.000%)(1.714m),433.801,3876.916,65.8,1.0422,"[-0.127, 0.144, 0.182, -0.181, 0.221, -0.022]","[2.118, 2.688, 2.368, 2.187, 2.878, 2.361]","[-4.781, -5.923, -4.781, -5.297, -5.606, -4.865]"
563,1,-2.3176,-2.9017,0.246,454,1192,42,66,0.325,70,0.00,15865,1867.39,0,0,26.000(32.500%)(0.643m),25.000(22.059%)(0.536m),21.000(18.529%)(0.107m),46.094(40.671%)(2.796m),22.888(28.610%)(0.309m),20.000(50.000%)(1.071m),16.244(40.610%)(0.669m),0.000,3858.559,60.8,1.2582,"[0.251, 0.793, 0.561, 0.185, 0.830, 0.575]","[1.964, 2.829, 2.376, 2.007, 3.023, 2.573]","[-6.616, -5.032, -4.976, -6.579, -5.229, -4.875]"
564,1,-3.5518,-2.8889,0.340,678,1681,251,105,0.324,80,0.00,15933,2931.27,0,0,18.000(22.500%)(0.000m),32.000(28.235%)(1.286m),49.000(43.235%)(3.107m),34.170(30.150%)(1.518m),12.000(15.000%)(0.000m),17.000(42.500%)(0.750m),11.000(27.500%)(0.107m),957.727,5242.078,57.4,1.3732,"[0.179, 0.537, 0.418, 0.104, 0.637, 0.464]","[2.411, 2.895, 2.456, 2.519, 3.183, 2.697]","[-5.270, -3.706, -4.961, -5.211, -3.837, -5.108]"
565,1,-3.9341,-2.8933,0.367,258,642,59,0,0.323,50,0.00,15959,1099.48,0,0,38.000(47.500%)(1.929m),50.000(44.118%)(3.214m),57.035(50.325%)(3.968m),21.936(19.355%)(0.207m),11.822(14.777%)(0.000m),40.000(100.000%)(3.214m),10.201(25.503%)(0.022m),906.172,5135.648,57.6,1.2151,"[-0.085, 0.595, 0.813, -0.067, 0.769, 0.617]","[2.227, 2.793, 2.239, 2.272, 3.007, 2.277]","[-5.782, -6.385, -5.086, -5.648, -6.387, -5.736]"
566,1,-4.0113,-2.9238,0.303,428,1135,84,21,0.323,70,0.00,16002,1850.86,0,0,20.563(25.703%)(0.060m),25.000(22.059%)(0.536m),38.000(33.530%)(1.929m),56.000(49.412%)(3.857m),37.000(46.250%)(1.821m),14.556(36.390%)(0.488m),22.000(55.000%)(1.286m),30.948,4175.401,61.4,1.2431,"[0.947, 0.764, 0.123, 0.901, 0.890, 0.089]","[2.615, 2.876, 2.465, 2.675, 3.157, 2.547]","[-2.643, -3.539, -6.207, -3.140, -4.195, -5.437]"
567,1,-0.4508,-2.9658,0.341,247,668,9,32,0.322,55,0.00,16027,1096.61,0,0,24.490(30.612%)(0.481m),49.180(43.394%)(3.126m),82.000(72.353%)(6.643m),71.000(62.647%)(5.464m),29.000(36.250%)(0.964m),17.364(43.410%)(0.789m),14.000(35.000%)(0.429m),1818.193,4300.171,62.6,1.3969,"[1.048, 1.368, 1.147, 1.078, 1.459, 1.000]","[2.692, 3.218, 2.801, 2.784, 3.460, 2.821]","[-3.339, -2.470, -2.672, -3.942, -2.969, -2.952]"
568,1,0.2131,-2.8689,0.281,208,567,13,3,0.321,50,0.00,16048,932.73,0,0,12.364(15.455%)(0.000m),24.819(21.899%)(0.516m),68.000(60.000%)(5.143m),48.000(42.353%)(3.000m),31.000(38.750%)(1.179m),9.896(24.739%)(0.000m),25.000(62.500%)(1.607m),606.182,3211.716,63.1,1.3536,"[1.226, 1.435, 0.952, 1.276, 1.519, 0.914]","[2.899, 3.657, 3.075, 2.967, 3.782, 3.051]","[-5.621, -5.165, -5.765, -5.711, -5.661, -5.646]"
569,1,-2.1909,-2.9054,0.244,197,484,19,0,0.321,45,0.00,16068,934.10,0,0,11.771(14.713%)(0.000m),22.108(19.508%)(0.226m),59.643(52.626%)(4.247m),58.000(51.177%)(4.071m),51.000(63.750%)(3.321m),10.031(25.078%)(0.003m),40.000(100.000%)(3.214m),1603.307,5538.624,56.9,1.2029,"[1.574, 1.056, 0.305, 1.524, 1.099, 0.323]","[3.084, 3.519, 3.136, 3.069, 3.652, 3.212]","[-5.016, -5.002, -5.875, -5.177, -5.099, -5.507]"
570,1,-6.5766,-2.8456,0.311,653,1766,146,140,0.320,85,0.00,16134,2889.85,0,0,19.065(23.831%)(0.000m),22.000(19.412%)(0.214m),20.000(17.647%)(0.000m),20.000(17.647%)(0.000m),25.000(31.250%)(0.536m),13.424(33.560%)(0.367m),14.000(35.000%)(0.429m),0.000,3445.885,62.6,1.4225,"[0.324, 0.427, 0.081, 0.317, 0.516, 0.017]","[2.887, 3.414, 2.899, 3.005, 3.564, 2.898]","[-5.823, -6.351, -6.597, -5.348, -5.732, -6.022]"
571,1,-2.6268,-2.8459,0.244,214,554,28,0,0.319,45,0.00,16156,954.35,0,0,13.332(16.665%)(0.000m),29.299(25.853%)(0.996m),62.000(54.706%)(4.500m),49.000(43.235%)(3.107m),35.000(43.750%)(1.607m),9.622(24.054%)(0.000m),40.000(100.000%)(3.214m),824.257,4572.047,59.9,1.2605,"[1.268, 0.967, 0.041, 1.301, 1.120, 0.060]","[2.881, 3.199, 2.700, 3.045, 3.498, 2.937]","[-3.060, -4.802, -5.675, -3.336, -4.721, -5.208]"
572,1,-1.2598,-2.8302,0.344,498,1313,147,57,0.319,75,0.00,16206,2099.75,0,0,28.000(35.000%)(0.857m),38.000(33.530%)(1.929m),62.000(54.706%)(4.500m),20.000(17.647%)(0.000m),12.000(15.000%)(0.000m),27.000(67.500%)(1.821m),11.000(27.500%)(0.107m),473.256,4013.234,61.0,1.1220,"[0.643, 1.026, 0.811, 0.541, 1.171, 0.768]","[2.646, 3.268, 2.948, 2.598, 3.451, 2.870]","[-5.936, -6.036, -4.033, -6.215, -5.533, -4.242]"
573,1,-3.5550,-2.8716,0.318,710,1875,156,134,0.318,85,0.00,16277,3091.11,0,0,17.417(21.772%)(0.000m),20.000(17.647%)(0.000m),39.000(34.412%)(2.036m),39.000(34.412%)(2.036m),28.000(35.000%)(0.857m),12.266(30.664%)(0.243m),13.000(32.500%)(0.321m),0.000,3856.656,61.1,1.2749,"[0.742, 0.492, 0.048, 0.687, 0.615, 0.011]","[2.727, 2.781, 2.509, 2.749, 2.887, 2.463]","[-3.806, -4.346, -5.453, -4.231, -4.823, -4.643]"
574,1,-1.5219,-2.9157,0.292,205,559,26,21,0.318,50,0.00,16298,915.27,0,0,13.288(16.610%)(0.000m),28.725(25.346%)(0.935m),61.000(53.824%)(4.393m),47.000(41.471%)(2.893m),25.000(31.250%)(0.536m),9.717(24.292%)(0.000m),28.000(70.000%)(1.929m),701.032,3509.441,63.1,1.1885,"[0.999, 0.840, 0.039, 1.036, 0.889, 0.033]","[1.884, 2.890, 2.598, 2.175, 3.163, 2.764]","[-1.925, -4.024, -5.710, -2.340, -4.530, -5.610]"
575,1,-1.5204,-2.8457,0.309,444,1229,131,87,0.317,75,0.00,16343,1894.99,0,0,15.928(19.910%)(0.000m),34.263(30.232%)(1.528m),61.000(53.824%)(4.393m),50.000(44.118%)(3.214m),28.000(35.000%)(0.857m),11.165(27.912%)(0.125m),20.000(50.000%)(1.071m),375.122,3561.123,64.1,1.2957,"[0.644, 0.634, 0.096, 0.621, 0.730, 0.006]","[2.726, 3.257, 2.717, 2.730, 3.450, 2.910]","[-4.021, -3.554, -5.010, -3.895, -3.785, -5.087]"
576,1,-4.3255,-2.8917,0.258,504,1285,215,18,0.316,70,0.00,16394,2084.61,0,0,11.461(14.327%)(0.000m),20.775(18.331%)(0.083m),35.000(30.882%)(1.607m),26.000(22.941%)(0.643m),17.934(22.417%)(0.000m),10.138(25.346%)(0.015m),12.660(31.651%)(0.285m),207.891,4449.440,59.0,1.1324,"[0.229, 0.621, 0.552, 0.124, 0.751, 0.486]","[2.655, 2.839, 2.457, 2.694, 3.030, 2.539]","[-5.716, -5.479, -6.028, -5.104, -4.845, -5.380]"
577,1,-0.7970,-2.8654,0.302,255,667,23,0,0.316,55,0.00,16420,1078.30,0,0,39.000(48.750%)(2.036m),56.000(49.412%)(3.857m),50.864(44.880%)(3.307m),20.899(18.441%)(0.096m),11.530(14.412%)(0.000m),27.000(67.500%)(1.821m),10.199(25.497%)(0.021m),1215.049,5199.263,60.5,1.2990,"[-0.001, 0.699, 0.793, 0.003, 0.839, 0.774]","[2.503, 2.694, 2.257, 2.551, 2.990, 2.423]","[-5.245, -5.057, -5.028, -5.365, -5.258, -4.730]"
578,1,-1.5946,-2.8681,0.180,196,506,18,0,0.315,45,0.00,16440,867.49,0,0,12.030(15.038%)(0.000m),23.487(20.724%)(0.374m),63.531(56.057%)(4.664m),51.000(45.000%)(3.321m),38.000(47.500%)(1.929m),9.875(24.687%)(0.000m),40.000(100.000%)(3.214m),928.336,3931.052,59.7,1.2708,"[0.967, 0.759, 0.026, 0.939, 0.822, 0.027]","[2.112, 2.525, 2.395, 1.980, 2.672, 2.458]","[-4.752, -5.016, -5.590, -5.093, -5.278, -5.160]"
579,1,-1.4287,-2.8018,0.225,270,704,43,0,0.314,55,0.00,16467,1164.14,0,0,11.667(14.584%)(0.000m),21.148(18.660%)(0.123m),51.470(45.415%)(3.372m),43.000(37.941%)(2.464m),33.000(41.250%)(1.393m),10.320(25.801%)(0.034m),25.000(62.500%)(1.607m),818.193,4267.976,60.4,1.3263,"[0.981, 0.975, 0.327, 0.938, 1.164, 0.228]","[2.142, 2.355, 2.177, 2.012, 2.632, 2.234]","[-5.495, -5.449, -5.899, -5.701, -5.605, -5.802]"
580,1,-1.4943,-2.8038,0.270,174,472,15,5,0.314,45,0.00,16485,768.56,0,0,10.907(13.634%)(0.000m),17.869(15.767%)(0.000m),34.521(30.460%)(1.556m),47.000(41.471%)(2.893m),31.000(38.750%)(1.179m),10.907(27.268%)(0.097m),40.000(100.000%)(3.214m),582.152,3151.139,62.8,1.2196,"[0.659, 0.802, 0.229, 0.707, 0.836, 0.141]","[2.186, 2.781, 2.176, 2.293, 3.001, 2.249]","[-5.879, -5.287, -5.610, -5.808, -5.465, -5.703]"
581,1,-2.4517,-2.8584,0.276,371,1031,64,11,0.313,70,0.00,16523,1600.17,0,0,14.119(17.648%)(0.000m),30.209(26.656%)(1.094m),24.000(21.177%)(0.429m),24.000(21.177%)(0.429m),36.000(45.000%)(1.714m),9.902(24.756%)(0.000m),24.000(60.000%)(1.500m),672.662,3724.371,64.3,1.1820,"[0.051, -0.059, -0.337, 0.025, -0.026, -0.398]","[1.830, 2.538, 2.212, 1.927, 2.728, 2.278]","[-5.050, -4.856, -7.340, -5.402, -4.810, -6.359]"
582,1,-2.2909,-2.8057,0.280,321,820,108,0,0.312,60,0.00,16556,1371.46,0,0,12.761(15.951%)(0.000m),26.715(23.572%)(0.719m),82.545(72.834%)(6.701m),76.000(67.059%)(6.000m),32.000(40.000%)(1.286m),9.829(24.573%)(0.000m),23.000(57.500%)(1.393m),1835.303,6594.589,59.1,1.3307,"[1.073, 0.847, -0.146, 1.086, 0.990, -0.230]","[2.117, 2.508, 2.232, 2.288, 2.782, 2.359]","[-2.329, -3.934, -5.366, -2.665, -4.198, -5.434]"
583,1,-1.4017,-2.8189,0.315,434,1152,3,21,0.312,70,0.00,16600,1893.43,0,0,23.186(28.983%)(0.341m),48.370(42.680%)(3.040m),43.000(37.941%)(2.464m),20.000(17.647%)(0.000m),28.000(35.000%)(0.857m),16.427(41.066%)(0.689m),27.000(67.500%)(1.821m),840.436,4380.066,61.4,1.2314,"[0.420, 0.701, 0.656, 0.402, 0.850, 0.555]","[2.539, 3.117, 2.583, 2.463, 3.234, 2.576]","[-4.993, -5.354, -6.600, -5.459, -5.619, -6.284]"
584,1,-2.0598,-2.7720,0.266,221,556,26,0,0.311,45,0.00,16623,981.64,0,0,12.611(15.764%)(0.000m),26.416(23.308%)(0.687m),67.000(59.118%)(5.036m),54.000(47.647%)(3.643m),38.000(47.500%)(1.929m),9.714(24.284%)(0.000m),40.000(100.000%)(3.214m),1181.728,4646.980,58.2,1.2214,"[1.455, 1.265, 0.112, 1.492, 1.291, 0.090]","[2.324, 3.176, 2.530, 2.450, 3.273, 2.719]","[-1.322, -4.642, -5.932, -2.005, -5.500, -5.692]"
585,1,-4.0060,-2.7258,0.267,639,1736,105,152,0.311,85,0.00,16687,2880.26,0,0,16.000(20.000%)(0.000m),22.000(19.412%)(0.214m),28.000(24.706%)(0.857m),27.000(23.824%)(0.750m),23.939(29.924%)(0.422m),11.000(27.500%)(0.107m),16.934(42.334%)(0.743m),0.000,3597.306,62.9,1.4816,"[0.255, 0.114, -0.129, 0.153, 0.103, -0.202]","[2.970, 3.039, 2.701, 2.941, 3.177, 2.732]","[-4.091, -4.976, -5.714, -4.714, -5.538, -5.200]"
586,1,-3.7697,-2.6317,0.311,131,350,16,0,0.310,35,0.00,16701,585.53,0,0,11.396(14.246%)(0.000m),20.426(18.023%)(0.046m),48.255(42.578%)(3.027m),76.000(67.059%)(6.000m),55.000(68.750%)(3.750m),10.206(25.515%)(0.022m),40.000(100.000%)(3.214m),1891.900,4524.015,61.9,1.3415,"[0.539, 0.366, -0.102, 0.440, 0.419, -0.147]","[2.086, 2.812, 2.406, 2.005, 3.029, 2.442]","[-6.036, -5.906, -5.521, -5.797, -5.656, -5.600]"
587,1,-1.1762,-2.6178,0.294,160,465,14,11,0.309,45,0.00,16717,698.84,0,0,10.597(13.246%)(0.000m),17.361(15.318%)(0.000m),33.538(29.592%)(1.450m),63.000(55.588%)(4.607m),29.000(36.250%)(0.964m),10.597(26.492%)(0.064m),25.000(62.500%)(1.607m),826.400,3165.212,67.3,1.3791,"[0.852, 0.873, 0.415, 0.843, 0.964, 0.315]","[2.556, 3.035, 2.419, 2.485, 3.313, 2.505]","[-6.324, -4.969, -5.891, -5.662, -5.223, -5.806]"
588,1,3.1864,-2.4561,0.312,866,2414,94,121,0.309,95,0.00,16804,3787.96,0,0,11.000(13.750%)(0.000m),46.437(40.974%)(2.833m),66.000(58.235%)(4.929m),33.000(29.118%)(1.393m),20.354(25.442%)(0.038m),11.000(27.500%)(0.107m),14.378(35.946%)(0.469m),296.421,3900.536,64.5,1.1942,"[0.233, 0.739, 0.720, 0.178, 0.865, 0.693]","[2.463, 3.089, 2.667, 2.486, 3.393, 2.764]","[-5.002, -3.578, -4.079, -5.158, -3.114, -4.020]"
589,1,-5.9578,-2.4570,0.279,565,1443,108,83,0.308,75,0.00,16861,2470.34,0,0,12.000(15.000%)(0.000m),23.000(20.294%)(0.321m),44.000(38.824%)(2.571m),36.000(31.765%)(1.714m),26.000(32.500%)(0.643m),10.000(25.000%)(0.000m),25.000(62.500%)(1.607m),414.729,5416.174,59.1,1.2662,"[0.460, 0.513, 0.124, 0.412, 0.617, 0.074]","[2.884, 3.003, 2.582, 2.851, 3.281, 2.741]","[-3.796, -4.417, -6.084, -3.868, -5.008, -5.740]"
590,1,-1.8713,-2.4023,0.275,439,1163,47,25,0.308,70,0.00,16905,1929.22,0,0,24.680(30.851%)(0.501m),48.906(43.153%)(3.097m),28.000(24.706%)(0.857m),23.000(20.294%)(0.321m),22.000(27.500%)(0.214m),17.547(43.868%)(0.809m),23.329(58.322%)(1.428m),0.000,3962.236,61.3,1.2340,"[0.309, 0.520, 0.470, 0.270, 0.681, 0.405]","[2.671, 2.988, 2.537, 2.513, 3.179, 2.599]","[-5.075, -5.064, -4.147, -5.183, -4.508, -4.138]"
591,1,0.0057,-2.2647,0.323,334,887,16,43,0.307,60,0.00,16939,1545.11,0,0,11.210(14.012%)(0.000m),19.457(17.168%)(0.000m),42.485(37.487%)(2.409m),36.000(31.765%)(1.714m),19.000(23.750%)(0.000m),10.416(26.040%)(0.045m),22.000(55.000%)(1.286m),363.942,3759.623,61.5,1.2163,"[0.843, 1.185, 0.911, 0.852, 1.414, 0.963]","[2.672, 3.152, 2.690, 2.661, 3.396, 2.778]","[-6.505, -5.742, -5.657, -6.176, -5.393, -5.453]"
592,1,-3.8094,-2.2640,0.399,208,521,30,0,0.306,45,0.00,16960,931.96,0,0,11.707(14.633%)(0.000m),21.722(19.167%)(0.185m),54.000(47.647%)(3.643m),48.000(42.353%)(3.000m),41.000(51.250%)(2.250m),10.102(25.254%)(0.011m),40.000(100.000%)(3.214m),1318.744,5275.208,58.0,1.2802,"[1.253, 0.983, 0.018, 1.295, 1.148, 0.026]","[2.533, 2.990, 2.555, 2.658, 3.213, 2.674]","[-4.626, -5.199, -5.679, -4.870, -4.950, -5.382]"
593,1,3.4303,-2.2267,0.319,779,2008,44,115,0.306,85,0.00,17038,3442.64,0,0,33.000(41.250%)(1.393m),20.000(17.647%)(0.000m),20.000(17.647%)(0.000m),40.000(35.294%)(2.143m),24.781(30.976%)(0.512m),22.000(55.000%)(1.286m),17.554(43.885%)(0.809m),0.000,3808.074,59.7,1.2768,"[0.486, 0.702, 0.674, 0.439, 0.806, 0.596]","[2.835, 3.005, 2.677, 2.888, 3.210, 2.703]","[-4.872, -5.669, -5.481, -5.141, -6.027, -5.550]"
594,1,-1.2453,-2.1693,0.325,558,1452,106,95,0.305,75,0.00,17094,2458.30,0,0,16.600(20.749%)(0.000m),35.073(30.947%)(1.615m),58.000(51.177%)(4.071m),46.000(40.588%)(2.786m),24.000(30.000%)(0.429m),11.000(27.500%)(0.107m),17.000(42.500%)(0.750m),801.075,5758.810,60.2,1.2870,"[1.147, 1.243, 0.829, 1.234, 1.379, 0.696]","[3.083, 3.540, 3.074, 3.252, 3.683, 2.941]","[-1.341, -2.775, -5.213, -1.241, -3.057, -4.951]"
595,1,-0.9644,-2.1569,0.378,431,1175,86,26,0.304,70,0.00,17138,1794.82,0,0,13.000(16.250%)(0.000m),27.000(23.824%)(0.750m),53.000(46.765%)(3.536m),41.000(36.177%)(2.250m),21.680(27.099%)(0.180m),10.000(25.000%)(0.000m),15.386(38.466%)(0.577m),335.480,3839.067,63.1,1.1462,"[0.821, 1.180, 0.973, 0.662, 1.329, 0.904]","[3.003, 3.867, 3.422, 3.034, 4.033, 3.477]","[-5.506, -5.622, -6.582, -5.664, -5.983, -5.769]"
596,1,1.5101,-2.1467,0.378,486,1253,52,12,0.304,70,0.00,17187,2126.41,0,0,38.000(47.500%)(1.929m),60.000(52.941%)(4.286m),54.000(47.647%)(3.643m),21.000(18.529%)(0.107m),20.714(25.893%)(0.077m),26.000(65.000%)(1.714m),14.645(36.613%)(0.498m),0.000,6244.067,59.6,1.1573,"[1.419, 1.857, 1.795, 1.307, 2.023, 1.682]","[3.710, 4.319, 3.684, 3.637, 4.339, 3.647]","[-5.917, -5.822, -6.137, -6.734, -6.021, -5.808]"
597,1,-6.0574,-2.2142,0.278,460,1216,15,33,0.303,70,0.00,17233,1975.98,0,0,27.544(34.430%)(0.808m),36.000(31.765%)(1.714m),51.000(45.000%)(3.321m),21.000(18.529%)(0.107m),12.000(15.000%)(0.000m),19.663(49.157%)(1.035m),24.000(60.000%)(1.500m),628.961,4201.983,61.2,1.1602,"[0.871, 1.066, 0.813, 0.798, 1.157, 0.706]","[3.133, 3.869, 3.223, 3.261, 4.005, 3.371]","[-3.852, -4.861, -5.147, -5.346, -4.829, -4.368]"
598,1,-0.6340,-2.1874,0.290,200,519,24,5,0.303,45,0.00,17253,865.88,0,0,10.434(13.043%)(0.000m),17.094(15.083%)(0.000m),33.023(29.138%)(1.395m),45.000(39.706%)(2.679m),32.000(40.000%)(1.286m),10.434(26.085%)(0.047m),40.000(100.000%)(3.214m),719.357,3464.222,60.1,1.2904,"[1.459, 1.489, 1.014, 1.412, 1.609, 1.028]","[3.177, 3.788, 3.088, 3.216, 3.971, 3.199]","[-5.824, -5.742, -5.676, -5.792, -5.345, -5.391]"
599,1,1.0603,-2.0720,0.294,340,899,118,0,0.302,60,0.00,17287,1521.47,0,0,11.585(14.481%)(0.000m),20.999(18.529%)(0.107m),51.108(45.095%)(3.333m),59.000(52.059%)(4.179m),35.000(43.750%)(1.607m),10.248(25.619%)(0.027m),26.000(65.000%)(1.714m),1313.528,4565.722,61.2,1.2573,"[1.391, 1.540, 0.860, 1.466, 1.729, 0.821]","[2.934, 3.495, 3.064, 2.987, 3.644, 3.185]","[-5.551, -5.594, -5.578, -5.124, -5.344, -5.267]"
600,1,-4.5967,-2.1114,0.292,523,1364,16,143,0.301,75,0.00,17340,2306.81,0,0,20.000(25.000%)(0.000m),41.000(36.177%)(2.250m),61.000(53.824%)(4.393m),20.000(17.647%)(0.000m),11.000(13.750%)(0.000m),21.000(52.500%)(1.179m),11.000(27.500%)(0.107m),913.992,5158.055,60.4,1.4319,"[1.195, 1.281, 0.741, 1.122, 1.423, 0.676]","[2.770, 3.236, 2.837, 2.786, 3.379, 3.001]","[-1.410, -0.708, -4.398, -1.913, -0.613, -4.926]"
601,1,-2.0581,-2.0700,0.331,587,1482,146,58,0.301,75,0.00,17399,2518.33,0,0,12.000(15.000%)(0.000m),21.000(18.529%)(0.107m),92.000(81.177%)(7.714m),37.909(33.449%)(1.919m),18.470(23.087%)(0.000m),11.000(27.500%)(0.107m),13.056(32.639%)(0.327m),1735.736,8182.320,58.4,1.1306,"[0.601, 1.209, 1.234, 0.440, 1.405, 1.237]","[2.931, 3.315, 2.809, 2.925, 3.500, 2.901]","[-4.517, -5.608, -6.269, -4.743, -5.861, -5.659]"
602,1,-1.9063,-2.0421,0.218,175,473,16,5,0.300,45,0.00,17417,783.45,0,0,10.364(12.955%)(0.000m),16.979(14.982%)(0.000m),32.801(28.942%)(1.372m),47.000(41.471%)(2.893m),31.000(38.750%)(1.179m),10.364(25.909%)(0.039m),40.000(100.000%)(3.214m),586.047,3226.644,62.6,1.2486,"[0.985, 0.919, 0.363, 0.912, 1.068, 0.407]","[2.795, 3.214, 2.493, 2.770, 3.503, 2.778]","[-5.381, -5.204, -5.662, -5.501, -4.936, -5.513]"
603,1,-2.7890,-2.0230,0.308,696,1848,183,143,0.300,85,0.00,17487,3172.64,0,0,22.685(28.356%)(0.288m),20.000(17.647%)(0.000m),20.000(17.647%)(0.000m),23.000(20.294%)(0.321m),16.000(20.000%)(0.000m),16.045(40.112%)(0.648m),12.000(30.000%)(0.214m),0.000,3130.130,61.4,1.2964,"[0.084, 0.221, 0.208, -0.009, 0.320, 0.096]","[2.647, 2.882, 2.553, 2.654, 3.088, 2.545]","[-5.887, -6.001, -5.702, -5.997, -6.421, -5.455]"
604,1,-1.5875,-2.0047,0.278,226,562,25,9,0.299,45,0.00,17510,1006.16,0,0,31.000(38.750%)(1.179m),37.000(32.647%)(1.821m),53.000(46.765%)(3.536m),23.728(20.936%)(0.399m),12.154(15.192%)(0.000m),40.000(100.000%)(3.214m),9.976(24.940%)(0.000m),738.138,4415.252,57.6,1.1796,"[0.520, 0.906, 1.001, 0.477, 0.990, 0.900]","[2.757, 3.334, 2.906, 2.746, 3.356, 2.895]","[-5.768, -5.902, -4.071, -5.645, -5.895, -4.589]"
605,1,-4.4812,-2.1373,0.269,536,1367,156,56,0.298,75,0.00,17564,2277.67,0,0,15.890(19.863%)(0.000m),15.000(13.235%)(0.000m),25.000(22.059%)(0.536m),29.000(25.588%)(0.964m),25.000(31.250%)(0.536m),11.165(27.913%)(0.125m),29.883(74.709%)(2.130m),313.473,4740.772,59.0,1.3204,"[0.203, 0.464, -0.179, 0.218, 0.560, -0.275]","[2.688, 3.321, 2.909, 2.651, 3.410, 3.015]","[-8.809, -6.556, -7.395, -8.139, -6.848, -7.268]"
606,1,-3.5563,-2.1753,0.327,161,428,19,0,0.298,40,0.00,17581,691.00,0,0,11.632(14.540%)(0.000m),20.848(18.396%)(0.091m),49.252(43.458%)(3.134m),59.000(52.059%)(4.179m),46.000(57.500%)(2.786m),10.417(26.042%)(0.045m),40.000(100.000%)(3.214m),1042.059,3888.851,61.5,1.1723,"[0.617, 0.137, -0.472, 0.617, 0.156, -0.423]","[2.236, 2.735, 2.305, 2.416, 2.953, 2.395]","[-6.011, -5.971, -5.870, -5.663, -5.814, -5.415]"
607,1,1.3530,-2.1185,0.294,747,1948,114,136,0.297,85,0.00,17656,3367.33,0,0,22.927(28.658%)(0.314m),20.000(17.647%)(0.000m),20.000(17.647%)(0.000m),21.000(18.529%)(0.107m),20.000(25.000%)(0.000m),16.231(40.576%)(0.668m),16.000(40.000%)(0.643m),0.000,3938.292,60.3,1.3395,"[0.408, 0.604, 0.488, 0.374, 0.729, 0.396]","[2.837, 3.088, 2.746, 2.783, 3.232, 2.806]","[-5.934, -5.034, -6.335, -5.050, -4.899, -5.846]"
608,1,0.4416,-2.0022,0.323,768,1990,161,129,0.297,85,0.00,17733,3322.82,0,0,14.235(17.794%)(0.000m),20.000(17.647%)(0.000m),20.000(17.647%)(0.000m),34.000(30.000%)(1.500m),24.000(30.000%)(0.429m),9.981(24.952%)(0.000m),17.000(42.500%)(0.750m),0.000,3816.292,60.0,1.2738,"[0.309, 0.293, 0.034, 0.253, 0.436, -0.055]","[2.724, 3.098, 2.598, 2.773, 3.389, 2.719]","[-8.035, -6.131, -6.007, -7.859, -6.887, -5.737]"
609,1,-7.7026,-2.1820,0.317,457,1202,28,21,0.296,70,0.00,17779,1930.78,0,0,23.200(29.000%)(0.343m),23.000(20.294%)(0.321m),23.000(20.294%)(0.321m),40.000(35.294%)(2.143m),30.000(37.500%)(1.071m),16.385(40.964%)(0.684m),26.000(65.000%)(1.714m),655.250,4783.058,60.9,1.1933,"[-0.022, 0.285, 0.126, -0.065, 0.392, 0.014]","[2.360, 2.708, 2.145, 2.506, 2.975, 2.326]","[-6.904, -5.373, -5.336, -6.657, -5.835, -5.417]"
610,1,-2.5225,-2.0786,0.246,751,1994,89,99,0.295,90,0.00,17855,3256.30,0,0,21.247(26.559%)(0.134m),40.000(35.294%)(2.143m),47.955(42.314%)(2.995m),20.300(17.911%)(0.032m),11.326(14.157%)(0.000m),15.013(37.532%)(0.537m),10.143(25.357%)(0.015m),626.589,4122.890,61.5,1.1221,"[0.316, 0.651, 0.618, 0.311, 0.772, 0.571]","[2.926, 3.378, 2.981, 3.006, 3.543, 2.960]","[-5.460, -5.390, -5.268, -5.424, -5.402, -5.032]"
611,1,-2.3886,-2.0889,0.311,161,430,21,0,0.295,40,0.00,17872,700.03,0,0,11.320(14.150%)(0.000m),20.518(18.105%)(0.056m),49.937(44.062%)(3.208m),56.000(49.412%)(3.857m),41.000(51.250%)(2.250m),10.013(25.032%)(0.001m),40.000(100.000%)(3.214m),974.028,3651.697,61.7,1.2350,"[0.811, 0.812, 0.289, 0.781, 0.960, 0.135]","[2.175, 2.750, 2.475, 2.163, 3.001, 2.523]","[-5.019, -5.130, -5.107, -4.759, -4.895, -5.158]"
612,1,-3.1990,-2.1288,0.291,938,2522,281,149,0.294,95,0.00,17966,3990.96,0,0,18.954(23.692%)(0.000m),18.000(15.882%)(0.000m),30.000(26.471%)(1.071m),35.000(30.882%)(1.607m),17.597(21.997%)(0.000m),13.327(33.317%)(0.356m),12.369(30.923%)(0.254m),173.420,3431.070,62.2,1.3407,"[-0.066, 0.334, 0.215, -0.129, 0.423, 0.097]","[2.380, 2.965, 2.543, 2.334, 3.265, 2.566]","[-8.447, -5.914, -5.954, -7.944, -6.167, -6.237]"
613,1,-1.3048,-2.1085,0.233,414,1124,78,35,0.294,70,0.00,18008,1830.38,0,0,19.648(24.560%)(0.000m),31.000(27.353%)(1.179m),31.000(27.353%)(1.179m),17.000(15.000%)(0.000m),17.000(21.250%)(0.000m),13.844(34.611%)(0.412m),27.000(67.500%)(1.821m),409.290,3163.007,62.8,1.2331,"[0.226, 0.256, -0.172, 0.211, 0.276, -0.346]","[1.978, 2.687, 2.237, 2.228, 2.857, 2.371]","[-5.589, -5.869, -7.587, -6.350, -6.484, -6.931]"
614,1,-3.5408,-2.1083,0.309,455,1252,75,107,0.293,75,0.00,18054,2013.91,0,0,20.450(25.562%)(0.048m),43.009(37.949%)(2.465m),87.000(76.765%)(7.179m),54.000(47.647%)(3.643m),24.000(30.000%)(0.429m),10.000(25.000%)(0.000m),17.000(42.500%)(0.750m),846.785,4821.689,63.7,1.1518,"[0.439, 0.763, 0.547, 0.513, 0.898, 0.451]","[2.564, 2.595, 2.374, 2.558, 2.933, 2.530]","[-2.661, -0.947, -3.912, -2.888, -0.935, -4.266]"
615,1,-2.3691,-2.0770,0.264,209,532,43,19,0.293,45,0.00,18075,897.18,0,0,28.000(35.000%)(0.857m),32.000(28.235%)(1.286m),39.000(34.412%)(2.036m),20.891(18.433%)(0.095m),11.525(14.406%)(0.000m),40.000(100.000%)(3.214m),10.195(25.487%)(0.021m),328.350,4159.358,59.0,1.1014,"[0.052, 0.461, 0.925, 0.044, 0.495, 0.782]","[2.546, 3.302, 2.895, 2.681, 3.495, 3.000]","[-5.347, -5.134, -4.176, -5.073, -5.453, -4.300]"
616,1,-2.6868,-2.0505,0.339,162,426,21,0,0.292,40,0.00,18092,707.72,0,0,12.832(16.040%)(0.000m),27.215(24.014%)(0.773m),86.192(76.052%)(7.092m),75.000(66.177%)(5.893m),48.000(60.000%)(3.000m),9.757(24.393%)(0.000m),40.000(100.000%)(3.214m),1796.353,4945.666,60.9,1.2986,"[1.401, 0.947, 0.018, 1.371, 0.998, 0.066]","[2.864, 3.200, 2.851, 2.907, 3.420, 3.140]","[-1.549, -4.330, -5.978, -2.067, -5.017, -5.665]"
617,1,-2.1360,-2.0842,0.266,262,680,5,21,0.291,55,0.00,18119,1143.02,0,0,26.671(33.339%)(0.715m),53.358(47.081%)(3.574m),62.000(54.706%)(4.500m),51.000(45.000%)(3.321m),16.000(20.000%)(0.000m),18.942(47.355%)(0.958m),12.000(30.000%)(0.214m),991.419,3964.411,60.1,1.1498,"[1.302, 1.408, 1.125, 1.258, 1.552, 1.088]","[3.222, 3.506, 2.781, 3.125, 3.667, 3.041]","[-4.885, -5.969, -5.352, -5.669, -6.279, -5.886]"
618,1,-1.5743,-2.1200,0.306,223,589,27,0,0.291,50,0.00,18142,956.88,0,0,33.000(41.250%)(1.393m),42.000(37.059%)(2.357m),52.000(45.882%)(3.429m),24.459(21.581%)(0.478m),12.358(15.448%)(0.000m),26.000(65.000%)(1.714m),10.017(25.042%)(0.002m),586.501,3609.826,61.2,1.1125,"[0.636, 1.089, 1.052, 0.558, 1.227, 1.056]","[3.166, 3.287, 2.714, 3.175, 3.560, 2.905]","[-5.878, -5.045, -2.564, -5.950, -5.152, -2.982]"
619,1,-0.4109,-2.0844,0.312,378,992,112,38,0.290,65,0.00,18180,1624.36,0,0,23.000(28.750%)(0.321m),27.000(23.824%)(0.750m),31.000(27.353%)(1.179m),24.554(21.665%)(0.488m),12.232(15.290%)(0.000m),25.000(62.500%)(1.607m),9.790(24.475%)(0.000m),115.275,3416.428,60.7,1.3823,"[0.418, 0.800, 0.666, 0.267, 0.836, 0.703]","[2.826, 3.435, 2.820, 2.876, 3.633, 3.201]","[-5.255, -5.553, -4.489, -4.865, -5.879, -4.364]"
620,1,-3.1441,-2.0157,0.263,406,1135,29,60,0.290,70,0.00,18221,1757.17,0,0,21.000(26.250%)(0.107m),33.000(29.118%)(1.393m),61.000(53.824%)(4.393m),29.000(25.588%)(0.964m),12.000(15.000%)(0.000m),15.075(37.688%)(0.544m),10.000(25.000%)(0.000m),190.769,3191.602,64.7,1.1903,"[0.805, 0.767, 0.393, 0.800, 0.874, 0.274]","[2.965, 3.165, 2.847, 2.930, 3.434, 2.873]","[-5.887, -5.071, -5.261, -5.541, -5.393, -5.139]"
621,1,0.6624,-1.9500,0.283,431,1140,47,30,0.289,70,0.00,18265,1853.84,0,0,30.000(37.500%)(1.071m),37.000(32.647%)(1.821m),20.000(17.647%)(0.000m),21.000(18.529%)(0.107m),23.272(29.091%)(0.351m),27.000(67.500%)(1.821m),16.467(41.167%)(0.693m),0.000,3439.842,61.2,1.1880,"[0.548, 0.959, 0.566, 0.465, 1.003, 0.625]","[2.591, 3.053, 2.604, 2.670, 3.232, 2.813]","[-4.298, -3.913, -5.713, -4.937, -4.635, -5.088]"
622,1,-2.5563,-1.9759,0.269,185,473,17,0,0.288,45,0.00,18284,816.11,0,0,39.000(48.750%)(2.036m),60.000(52.941%)(4.286m),28.293(24.965%)(0.889m),15.835(13.972%)(0.000m),10.088(12.610%)(0.000m),40.000(100.000%)(3.214m),10.724(26.810%)(0.078m),1370.493,4635.550,59.2,1.1279,"[0.746, 1.153, 1.086, 0.687, 1.239, 1.040]","[2.497, 3.184, 2.677, 2.552, 3.361, 2.843]","[-5.269, -5.267, -6.435, -5.298, -5.715, -5.797]"
623,1,-3.0777,-1.9663,0.219,221,582,16,10,0.288,50,0.00,18307,942.07,0,0,29.000(36.250%)(0.964m),56.000(49.412%)(3.857m),72.277(63.774%)(5.601m),25.104(22.150%)(0.547m),12.326(15.408%)(0.000m),27.000(67.500%)(1.821m),9.740(24.351%)(0.000m),3426.870,6960.129,61.0,1.2555,"[0.253, 0.922, 0.678, 0.137, 1.076, 0.659]","[2.405, 2.882, 2.431, 2.384, 3.128, 2.473]","[-5.127, -4.438, -2.960, -5.238, -4.575, -2.966]"
624,1,-3.1491,-1.9989,0.242,188,497,15,0,0.287,45,0.00,18326,873.55,0,0,10.985(13.732%)(0.000m),17.997(15.880%)(0.000m),34.768(30.678%)(1.582m),52.000(45.882%)(3.429m),33.000(41.250%)(1.393m),10.985(27.464%)(0.106m),40.000(100.000%)(3.214m),637.085,3711.129,61.2,1.5320,"[0.950, 0.849, 0.445, 0.859, 1.023, 0.490]","[2.532, 2.831, 2.444, 2.441, 3.028, 2.658]","[-5.901, -5.097, -5.502, -6.235, -4.972, -5.395]"
625,1,-5.7353,-2.0832,0.245,461,1234,117,56,0.287,75,0.00,18373,2103.01,0,0,11.000(13.750%)(0.000m),16.000(14.118%)(0.000m),26.000(22.941%)(0.643m),42.000(37.059%)(2.357m),25.000(31.250%)(0.536m),12.000(30.000%)(0.214m),28.000(70.000%)(1.929m),452.284,4280.601,62.0,1.2633,"[0.292, 0.223, -0.269, 0.257, 0.377, -0.327]","[2.603, 2.953, 2.602, 2.541, 3.128, 2.636]","[-6.580, -6.167, -6.561, -6.563, -6.157, -5.899]"
626,1,-4.2325,-2.0813,0.266,402,1093,6,16,0.286,70,0.00,18414,1726.43,0,0,25.411(31.764%)(0.580m),52.745(46.540%)(3.508m),31.000(27.353%)(1.179m),17.000(15.000%)(0.000m),25.000(31.250%)(0.536m),18.085(45.212%)(0.866m),25.000(62.500%)(1.607m),725.381,3748.478,62.9,1.2457,"[0.156, 0.386, 0.355, 0.155, 0.532, 0.333]","[1.933, 2.525, 2.183, 2.048, 2.771, 2.326]","[-5.328, -6.725, -8.023, -6.078, -6.455, -7.326]"
627,1,0.7128,-2.0511,0.280,1169,3039,371,289,0.286,95,0.00,18531,5358.34,0,0,21.000(26.250%)(0.107m),35.000(30.882%)(1.607m),39.000(34.412%)(2.036m),34.000(30.000%)(1.500m),17.723(22.153%)(0.000m),14.911(37.277%)(0.526m),12.496(31.240%)(0.267m),220.120,3719.972,60.2,1.3049,"[0.233, 0.539, 0.300, 0.139, 0.621, 0.270]","[2.347, 2.947, 2.600, 2.241, 2.978, 2.730]","[-4.476, -4.553, -4.645, -4.594, -5.491, -4.669]"
628,1,-0.5267,-2.0298,0.273,273,720,96,0,0.285,55,0.00,18559,1144.28,0,0,11.715(14.643%)(0.000m),22.003(19.415%)(0.215m),58.171(51.328%)(4.090m),58.000(51.177%)(4.071m),37.000(46.250%)(1.821m),9.984(24.959%)(0.000m),27.000(67.500%)(1.821m),980.519,5161.970,61.1,1.2414,"[1.255, 0.999, -0.205, 1.247, 1.087, -0.240]","[2.719, 3.131, 2.524, 2.761, 3.306, 2.546]","[-4.544, -4.521, -5.298, -4.965, -4.929, -5.117]"
629,1,1.5766,-1.9697,0.255,541,1544,68,76,0.284,85,0.00,18614,2405.17,0,0,23.000(28.750%)(0.321m),20.000(17.647%)(0.000m),20.000(17.647%)(0.000m),29.000(25.588%)(0.964m),32.000(40.000%)(1.286m),15.000(37.500%)(0.536m),25.000(62.500%)(1.607m),0.000,2981.297,66.1,1.2066,"[0.463, 0.596, 0.337, 0.389, 0.655, 0.311]","[2.847, 3.198, 2.715, 2.824, 3.442, 2.954]","[-7.937, -6.271, -6.586, -7.626, -6.273, -6.491]"
630,1,-0.4902,-1.9496,0.250,537,1396,101,82,0.284,75,0.00,18668,2391.93,0,0,10.000(12.500%)(0.000m),15.000(13.235%)(0.000m),51.000(45.000%)(3.321m),39.000(34.412%)(2.036m),22.000(27.500%)(0.214m),11.000(27.500%)(0.107m),24.000(60.000%)(1.500m),547.539,4457.761,60.1,1.3944,"[0.738, 1.049, 0.890, 0.656, 1.207, 0.865]","[3.226, 3.582, 3.012, 3.123, 3.689, 3.150]","[-2.931, -0.802, -2.941, -3.151, -0.727, -3.292]"
631,1,-2.0563,-1.9417,0.256,408,1096,144,21,0.283,70,0.00,18709,1662.53,0,0,31.000(38.750%)(1.179m),20.000(17.647%)(0.000m),19.000(16.765%)(0.000m),20.000(17.647%)(0.000m),18.020(22.525%)(0.000m),23.000(57.500%)(1.393m),12.684(31.711%)(0.288m),0.000,3293.863,62.2,1.2803,"[-0.084, 0.351, 0.258, -0.156, 0.498, 0.231]","[2.022, 2.513, 2.079, 2.010, 2.703, 2.181]","[-6.120, -5.031, -5.362, -5.798, -4.996, -5.478]"
632,1,-2.2415,-1.9407,0.231,155,414,12,18,0.283,40,0.00,18725,684.44,0,0,41.689(52.112%)(2.324m),71.629(63.202%)(5.532m),37.000(32.647%)(1.821m),26.000(22.941%)(0.643m),22.000(27.500%)(0.214m),39.216(98.040%)(3.130m),40.000(100.000%)(3.214m),0.000,2041.542,61.9,1.2287,"[0.176, 0.538, 0.646, 0.041, 0.581, 0.586]","[2.131, 2.613, 2.154, 2.186, 2.857, 2.364]","[-4.035, -4.245, -3.288, -4.252, -4.380, -3.252]"
633,1,-1.5280,-1.9432,0.220,522,1381,67,127,0.282,75,0.00,18778,2291.19,0,0,19.516(24.395%)(0.000m),41.076(36.244%)(2.258m),54.000(47.647%)(3.643m),39.000(34.412%)(2.036m),19.000(23.750%)(0.000m),12.000(30.000%)(0.214m),17.000(42.500%)(0.750m),511.114,4441.426,61.2,1.2993,"[0.171, 0.478, 0.439, 0.166, 0.621, 0.367]","[2.354, 2.591, 2.032, 2.375, 2.758, 2.188]","[-5.050, -4.095, -3.828, -5.014, -4.347, -3.939]"
634,1,-5.1823,-2.0057,0.241,621,1702,83,145,0.282,85,0.00,18841,2659.34,0,0,23.815(29.768%)(0.409m),41.000(36.177%)(2.250m),20.000(17.647%)(0.000m),20.000(17.647%)(0.000m),26.000(32.500%)(0.643m),16.851(42.127%)(0.734m),20.000(50.000%)(1.071m),0.000,2790.833,63.4,1.1786,"[-0.030, 0.118, -0.013, -0.096, 0.228, -0.051]","[1.774, 2.489, 2.223, 1.950, 2.810, 2.415]","[-3.966, -3.957, -4.636, -4.733, -4.464, -5.082]"
635,1,-1.9802,-1.9651,0.267,686,1830,69,182,0.281,85,0.00,18910,2975.65,0,0,25.000(31.250%)(0.536m),22.000(19.412%)(0.214m),20.000(17.647%)(0.000m),32.000(28.235%)(1.286m),23.553(29.441%)(0.381m),20.000(50.000%)(1.071m),16.720(41.800%)(0.720m),0.000,3403.365,61.7,1.2323,"[0.259, 0.365, 0.214, 0.157, 0.471, 0.145]","[2.083, 2.671, 2.442, 2.157, 2.919, 2.469]","[-5.160, -5.885, -5.855, -5.190, -6.082, -5.538]"
636,1,-3.7140,-1.9640,0.281,218,603,24,33,0.280,50,0.00,18932,1020.19,0,0,13.565(16.956%)(0.000m),29.423(25.962%)(1.010m),56.000(49.412%)(3.857m),44.000(38.824%)(2.571m),25.000(31.250%)(0.536m),9.589(23.973%)(0.000m),22.000(55.000%)(1.286m),570.124,3237.091,64.0,1.2597,"[0.498, 0.295, -0.113, 0.500, 0.443, -0.129]","[2.322, 2.565, 2.098, 2.405, 2.786, 2.173]","[-2.815, -5.016, -5.450, -2.964, -5.040, -5.295]"
637,1,12.1619,-1.6973,0.271,1086,2944,101,209,0.280,100,0.16,19041,4842.90,1,1,24.580(30.725%)(0.491m),41.000(36.177%)(2.250m),49.000(43.235%)(3.107m),45.000(39.706%)(2.679m),22.384(27.980%)(0.255m),17.000(42.500%)(0.750m),15.835(39.588%)(0.625m),585.116,3532.543,62.7,1.2339,"[0.663, 0.932, 0.769, 0.566, 1.062, 0.751]","[3.098, 3.413, 2.954, 3.023, 3.704, 3.113]","[-4.155, -3.335, -3.781, -4.078, -3.714, -3.735]"
638,1,-0.0395,-1.7618,0.347,358,996,0,37,0.279,65,0.16,19077,1599.08,0,0,23.000(28.750%)(0.321m),25.000(22.059%)(0.536m),61.000(53.824%)(4.393m),45.000(39.706%)(2.679m),26.000(32.500%)(0.643m),19.304(48.259%)(0.997m),24.000(60.000%)(1.500m),0.000,2930.849,64.4,1.1741,"[1.082, 1.144, 0.796, 1.075, 1.260, 0.800]","[3.206, 3.328, 2.697, 3.108, 3.524, 2.655]","[-2.949, -5.018, -5.429, -3.256, -5.072, -4.811]"
639,1,-1.1110,-1.6648,0.307,550,1437,40,138,0.279,75,0.16,19132,2422.63,0,0,20.436(25.545%)(0.047m),42.844(37.803%)(2.448m),50.000(44.118%)(3.214m),41.000(36.177%)(2.250m),24.000(30.000%)(0.429m),11.000(27.500%)(0.107m),18.000(45.000%)(0.857m),568.789,3956.141,60.4,1.2464,"[0.650, 0.944, 0.876, 0.613, 1.082, 0.837]","[2.878, 3.647, 3.358, 2.959, 3.846, 3.435]","[-4.260, -1.747, -3.143, -4.080, -1.759, -3.357]"
640,1,-1.5078,-1.6576,0.272,322,843,48,86,0.278,60,0.16,19165,1389.28,0,0,11.379(14.224%)(0.000m),20.626(18.200%)(0.067m),50.199(44.293%)(3.236m),42.000(37.059%)(2.357m),20.000(25.000%)(0.000m),10.065(25.164%)(0.007m),15.000(37.500%)(0.536m),1081.520,4632.768,60.6,1.2188,"[1.009, 1.346, 1.019, 0.983, 1.471, 0.991]","[2.819, 3.239, 3.013, 2.840, 3.516, 3.081]","[-5.170, -4.927, -5.355, -4.996, -4.910, -5.363]"
641,1,-5.4322,-1.7663,0.263,417,1138,78,27,0.278,70,0.16,19207,1829.92,0,0,20.056(25.070%)(0.006m),42.481(37.483%)(2.409m),74.000(65.294%)(5.786m),29.000(25.588%)(0.964m),14.000(17.500%)(0.000m),14.109(35.272%)(0.440m),26.000(65.000%)(1.714m),891.115,4383.033,63.2,1.2415,"[0.192, 0.324, 0.190, 0.195, 0.495, 0.151]","[2.693, 2.958, 2.725, 2.799, 3.262, 2.704]","[-4.498, -4.808, -5.063, -4.779, -4.748, -5.027]"
642,1,-2.1582,-1.7333,0.288,354,991,131,19,0.277,65,0.16,19243,1500.22,0,0,17.229(21.537%)(0.000m),22.000(19.412%)(0.214m),39.000(34.412%)(2.036m),42.000(37.059%)(2.357m),31.000(38.750%)(1.179m),12.103(30.258%)(0.225m),29.000(72.500%)(2.036m),0.000,2632.997,64.8,1.1516,"[0.511, 0.340, -0.523, 0.443, 0.307, -0.628]","[2.576, 3.061, 2.623, 2.685, 3.257, 2.648]","[-4.140, -5.125, -5.711, -4.711, -5.876, -5.394]"
643,1,-3.0248,-1.8624,0.282,156,404,15,0,0.277,40,0.16,19259,703.54,0,0,10.457(13.071%)(0.000m),16.283(14.367%)(0.000m),28.698(25.322%)(0.932m),67.000(59.118%)(5.036m),51.000(63.750%)(3.321m),11.254(28.135%)(0.134m),40.000(100.000%)(3.214m),1569.993,4227.017,59.9,1.2908,"[0.906, 1.014, 0.611, 1.051, 1.115, 0.542]","[2.512, 3.263, 2.784, 2.700, 3.471, 2.798]","[-6.221, -5.220, -5.205, -6.048, -5.543, -5.248]"
644,1,-4.6025,-1.9296,0.234,422,1129,146,34,0.276,70,0.16,19302,1783.22,0,0,16.346(20.432%)(0.000m),34.973(30.859%)(1.604m),40.000(35.294%)(2.143m),20.000(17.647%)(0.000m),25.000(31.250%)(0.536m),11.462(28.654%)(0.157m),29.000(72.500%)(2.036m),0.000,3594.217,61.9,1.1652,"[0.107, 0.282, -0.025, 0.102, 0.300, -0.059]","[2.500, 3.435, 3.200, 2.666, 3.618, 3.226]","[-5.184, -5.444, -4.314, -5.208, -5.431, -4.001]"
645,1,2.1476,-1.8673,0.263,576,1461,63,37,0.275,75,0.16,19360,2536.13,0,0,33.000(41.250%)(1.393m),55.000(48.530%)(3.750m),57.000(50.294%)(3.964m),23.000(20.294%)(0.321m),12.000(15.000%)(0.000m),24.000(60.000%)(1.500m),11.000(27.500%)(0.107m),877.907,5212.895,58.7,1.2391,"[0.589, 1.086, 0.951, 0.546, 1.257, 0.976]","[2.517, 2.986, 2.685, 2.455, 3.142, 2.724]","[-5.922, -5.681, -3.543, -5.759, -5.663, -3.964]"
646,1,-2.6137,-1.9498,0.298,364,1031,82,36,0.275,70,0.15,19397,1608.96,0,0,21.432(26.791%)(0.153m),41.000(36.177%)(2.250m),58.000(51.177%)(4.071m),20.000(17.647%)(0.000m),12.000(15.000%)(0.000m),15.126(37.816%)(0.549m),26.000(65.000%)(1.714m),426.144,3380.673,65.6,1.2471,"[0.382, 0.516, 0.127, 0.316, 0.587, -0.021]","[2.876, 2.933, 2.302, 2.994, 3.268, 2.465]","[-4.514, -5.794, -5.969, -5.315, -6.109, -6.074]"
647,1,-1.0453,-1.8496,0.380,203,525,16,1,0.274,45,0.15,19418,937.47,0,0,13.056(16.319%)(0.000m),27.874(24.595%)(0.844m),60.000(52.941%)(4.286m),47.000(41.471%)(2.893m),33.000(41.250%)(1.393m),9.800(24.499%)(0.000m),40.000(100.000%)(3.214m),788.282,3749.615,59.9,1.3553,"[0.911, 0.772, 0.302, 0.830, 0.869, 0.289]","[2.618, 3.177, 2.528, 2.552, 3.302, 2.588]","[-4.035, -5.433, -5.937, -4.233, -5.554, -5.596]"
648,1,-4.8926,-1.9347,0.328,212,528,23,0,0.274,45,0.15,19440,923.81,0,0,11.726(14.658%)(0.000m),21.255(18.754%)(0.134m),51.729(45.643%)(3.400m),57.000(50.294%)(3.964m),39.000(48.750%)(2.036m),10.372(25.931%)(0.040m),40.000(100.000%)(3.214m),1260.399,4672.870,57.7,1.2009,"[0.976, 0.695, 0.418, 1.023, 0.902, 0.330]","[2.576, 3.039, 2.583, 2.528, 3.183, 2.472]","[-5.786, -5.529, -5.571, -5.570, -5.570, -5.238]"
649,1,-1.5744,-1.9874,0.261,454,1250,86,99,0.273,75,0.15,19486,1953.89,0,0,18.967(23.709%)(0.000m),40.111(35.392%)(2.155m),58.000(51.177%)(4.071m),44.000(38.824%)(2.571m),25.000(31.250%)(0.536m),11.000(27.500%)(0.107m),18.000(45.000%)(0.857m),345.298,3506.128,63.7,1.2250,"[0.216, 0.349, 0.024, 0.177, 0.442, -0.017]","[2.271, 2.747, 2.392, 2.261, 2.889, 2.366]","[-4.601, -4.403, -4.582, -4.320, -4.566, -4.542]"
650,1,0.6028,-1.8834,0.227,400,1100,107,29,0.273,70,0.15,19526,1713.55,0,0,16.120(20.150%)(0.000m),31.000(27.353%)(1.179m),18.000(15.882%)(0.000m),13.000(11.471%)(0.000m),22.000(27.500%)(0.214m),11.297(28.242%)(0.139m),26.000(65.000%)(1.714m),188.655,3233.346,63.6,1.3377,"[0.376, 0.349, -0.241, 0.336, 0.398, -0.342]","[2.254, 3.072, 2.468, 2.237, 3.121, 2.499]","[-5.642, -5.529, -8.588, -6.543, -6.100, -8.011]"
651,1,0.8774,-1.8247,0.258,520,1360,110,39,0.272,75,0.15,19578,2333.26,0,0,17.772(22.215%)(0.000m),37.466(33.058%)(1.871m),53.000(46.765%)(3.536m),18.000(15.882%)(0.000m),11.000(13.750%)(0.000m),12.522(31.304%)(0.270m),11.000(27.500%)(0.107m),741.351,5724.286,60.5,1.2767,"[0.557, 0.694, 0.217, 0.565, 0.855, 0.134]","[2.115, 2.567, 2.216, 2.116, 2.804, 2.325]","[-5.744, -5.845, -4.572, -5.599, -5.776, -4.912]"
652,1,0.2166,-1.7823,0.267,935,2507,135,203,0.272,95,0.15,19672,4092.85,0,0,20.000(25.000%)(0.000m),44.675(39.419%)(2.644m),46.000(40.588%)(2.786m),25.000(22.059%)(0.536m),16.000(20.000%)(0.000m),13.000(32.500%)(0.321m),15.307(38.267%)(0.569m),0.000,4217.847,62.0,1.2413,"[-0.113, 0.222, 0.294, -0.119, 0.397, 0.229]","[2.168, 2.755, 2.302, 2.257, 2.981, 2.336]","[-5.827, -6.346, -5.276, -5.790, -6.406, -5.281]"
653,1,-1.6148,-1.7588,0.281,160,431,14,0,0.271,40,0.15,19688,723.05,0,0,12.472(15.590%)(0.000m),25.785(22.751%)(0.620m),62.000(54.706%)(4.500m),48.000(42.353%)(3.000m),39.000(48.750%)(2.036m),9.731(24.326%)(0.000m),40.000(100.000%)(3.214m),684.756,3512.560,62.3,1.3120,"[0.196, -0.044, -0.327, 0.169, -0.011, -0.334]","[2.319, 2.844, 2.386, 2.423, 3.041, 2.466]","[-4.028, -5.168, -5.866, -4.081, -5.160, -5.268]"
654,1,-2.2383,-1.7718,0.283,456,1245,54,110,0.271,75,0.15,19734,1942.47,0,0,11.000(13.750%)(0.000m),35.208(31.066%)(1.629m),56.000(49.412%)(3.857m),48.000(42.353%)(3.000m),25.000(31.250%)(0.536m),11.000(27.500%)(0.107m),18.000(45.000%)(0.857m),872.324,3908.519,63.2,1.2110,"[0.263, 0.500, 0.238, 0.242, 0.594, 0.163]","[2.579, 3.094, 2.541, 2.482, 3.242, 2.586]","[-3.968, -3.891, -5.032, -4.026, -4.098, -4.650]"
655,1,-1.8550,-1.7193,0.270,372,1032,141,12,0.270,70,0.15,19772,1590.98,0,0,31.000(38.750%)(1.179m),24.000(21.177%)(0.429m),23.000(20.294%)(0.321m),41.000(36.177%)(2.250m),21.361(26.702%)(0.146m),25.000(62.500%)(1.607m),15.083(37.708%)(0.545m),659.998,3226.357,64.2,1.1634,"[0.319, 0.952, 0.697, 0.280, 0.959, 0.653]","[2.432, 3.402, 2.941, 2.542, 3.500, 3.064]","[-6.161, -4.881, -4.936, -6.289, -5.054, -4.890]"
656,1,-1.0793,-1.6697,0.283,584,1503,112,88,0.269,75,0.15,19831,2526.36,0,0,19.019(23.773%)(0.000m),39.819(35.134%)(2.123m),58.000(51.177%)(4.071m),43.000(37.941%)(2.464m),23.000(28.750%)(0.321m),11.000(27.500%)(0.107m),19.000(47.500%)(0.964m),1003.042,4729.275,59.5,1.2105,"[0.750, 1.006, 0.502, 0.736, 1.146, 0.444]","[2.731, 3.316, 2.758, 2.815, 3.427, 2.737]","[-3.524, -0.849, -4.330, -3.549, -0.920, -4.346]"
657,1,-8.6516,-1.8698,0.275,703,1864,210,117,0.269,85,0.15,19902,3100.05,0,0,17.536(21.920%)(0.000m),36.950(32.603%)(1.816m),29.000(25.588%)(0.964m),21.000(18.529%)(0.107m),26.000(32.500%)(0.643m),12.343(30.857%)(0.251m),15.000(37.500%)(0.536m),0.000,3164.779,61.4,1.4238,"[0.329, 0.227, -0.064, 0.260, 0.285, -0.129]","[2.876, 3.228, 3.145, 2.690, 3.389, 3.168]","[-4.104, -4.025, -4.965, -4.574, -4.351, -4.713]"
658,1,-3.1681,-1.9420,0.256,166,450,16,0,0.268,40,0.15,19919,751.64,0,0,41.000(51.250%)(2.250m),74.000(65.294%)(5.786m),62.756(55.373%)(4.581m),22.353(19.723%)(0.252m),11.753(14.691%)(0.000m),40.000(100.000%)(3.214m),9.892(24.729%)(0.000m),1583.153,4199.987,62.7,1.4991,"[0.229, 0.971, 1.264, 0.301, 1.128, 1.250]","[2.839, 3.469, 3.021, 2.848, 3.672, 3.101]","[-5.959, -5.798, -3.617, -5.578, -6.058, -3.569]"
659,1,-0.9923,-1.8078,0.309,300,778,46,84,0.268,55,0.15,19949,1313.30,0,0,11.585(14.481%)(0.000m),20.999(18.528%)(0.107m),51.106(45.094%)(3.333m),31.000(27.353%)(1.179m),19.000(23.750%)(0.000m),10.247(25.618%)(0.026m),16.000(40.000%)(0.643m),329.321,3643.385,60.0,1.3624,"[0.681, 1.017, 0.631, 0.666, 1.211, 0.637]","[2.619, 3.300, 2.814, 2.752, 3.552, 2.925]","[-5.938, -5.543, -5.726, -5.547, -5.224, -5.447]"
660,1,0.6538,-1.7443,0.249,398,1095,7,43,0.267,70,0.15,19989,1710.84,0,0,13.000(16.250%)(0.000m),25.000(22.059%)(0.536m),56.000(49.412%)(3.857m),49.139(43.358%)(3.122m),23.635(29.544%)(0.389m),24.000(60.000%)(1.500m),16.780(41.951%)(0.726m),822.203,3862.413,63.7,1.2600,"[0.840, 1.017, 0.656, 0.742, 1.087, 0.609]","[2.658, 3.099, 2.741, 2.751, 3.505, 2.968]","[-5.338, -5.487, -5.614, -5.661, -5.785, -4.966]"
661,1,-0.1077,-1.6987,0.243,374,1058,85,47,0.267,70,0.15,20027,1621.66,0,0,21.328(26.660%)(0.142m),32.000(28.235%)(1.286m),20.000(17.647%)(0.000m),14.000(12.353%)(0.000m),10.000(12.500%)(0.000m),15.040(37.600%)(0.540m),25.000(62.500%)(1.607m),159.398,3013.738,65.5,1.2300,"[0.398, 0.531, 0.170, 0.364, 0.662, 0.074]","[2.627, 3.240, 2.774, 2.627, 3.503, 2.905]","[-6.127, -6.486, -9.712, -7.206, -6.871, -8.614]"
662,1,0.2821,-1.6290,0.220,248,710,72,7,0.266,55,0.15,20052,1064.82,0,0,12.706(15.883%)(0.000m),26.270(23.179%)(0.672m),66.000(58.235%)(4.929m),46.000(40.588%)(2.786m),31.000(38.750%)(1.179m),9.914(24.784%)(0.000m),27.000(67.500%)(1.821m),550.015,2848.308,66.3,1.1709,"[0.902, 0.729, -0.487, 0.941, 0.843, -0.663]","[2.678, 3.109, 2.621, 2.783, 3.397, 2.637]","[-4.203, -4.892, -5.570, -4.464, -5.042, -5.361]"
663,1,-0.8204,-1.6194,0.275,490,1325,105,125,0.266,75,0.15,20101,2171.10,0,0,22.597(28.247%)(0.278m),47.286(41.723%)(2.923m),53.000(46.765%)(3.536m),35.000(30.882%)(1.607m),24.000(30.000%)(0.429m),11.000(27.500%)(0.107m),18.000(45.000%)(0.857m),257.129,3736.171,62.6,1.2345,"[0.680, 0.990, 0.775, 0.593, 1.127, 0.680]","[2.874, 3.234, 2.795, 2.715, 3.414, 2.806]","[-3.247, -1.113, -3.226, -3.437, -1.161, -3.649]"
664,1,-4.0387,-1.6293,0.298,218,543,49,0,0.265,45,0.15,20123,953.61,0,0,35.000(43.750%)(1.607m),42.000(37.059%)(2.357m),34.067(30.059%)(1.507m),17.634(15.560%)(0.000m),10.764(13.455%)(0.000m),40.000(100.000%)(3.214m),10.764(26.910%)(0.082m),753.448,3665.579,57.6,1.2663,"[0.733, 0.765, 0.695, 0.525, 0.919, 0.561]","[2.699, 3.295, 2.937, 2.532, 3.563, 2.964]","[-5.109, -5.602, -5.884, -5.664, -5.652, -5.960]"
665,1,-3.6763,-1.6555,0.267,391,1081,67,22,0.265,70,0.15,20163,1635.54,0,0,18.735(23.419%)(0.000m),39.563(34.908%)(2.096m),53.000(46.765%)(3.536m),27.000(23.824%)(0.750m),13.000(16.250%)(0.000m),13.194(32.984%)(0.342m),25.000(62.500%)(1.607m),723.671,4439.151,64.0,1.2373,"[0.681, 0.631, 0.343, 0.644, 0.766, 0.247]","[2.671, 3.355, 3.095, 2.726, 3.448, 3.117]","[-4.712, -4.931, -4.763, -4.903, -4.680, -4.590]"
666,1,-1.6404,-1.6345,0.219,178,471,13,0,0.264,45,0.15,20181,768.53,0,0,12.489(15.611%)(0.000m),25.068(22.119%)(0.543m),65.313(57.629%)(4.855m),51.000(45.000%)(3.321m),34.000(42.500%)(1.500m),9.995(24.988%)(0.000m),40.000(100.000%)(3.214m),701.107,3747.752,61.3,1.0985,"[0.949, 0.888, 0.574, 0.927, 0.956, 0.566]","[2.564, 3.230, 2.894, 2.665, 3.433, 3.094]","[-4.106, -5.534, -5.333, -4.540, -5.416, -5.098]"
667,1,-0.8949,-1.6097,0.321,222,562,32,0,0.264,45,0.15,20204,1015.57,0,0,11.407(14.259%)(0.000m),20.677(18.245%)(0.073m),50.323(44.403%)(3.249m),54.000(47.647%)(3.643m),41.000(51.250%)(2.250m),10.090(25.226%)(0.010m),40.000(100.000%)(3.214m),1114.733,4554.011,58.6,1.2958,"[1.431, 1.454, 0.696, 1.481, 1.599, 0.704]","[2.629, 3.325, 2.843, 2.804, 3.541, 3.025]","[-5.713, -5.420, -5.417, -5.728, -5.249, -5.456]"
668,1,1.5156,-1.5479,0.280,613,1685,69,85,0.263,85,0.15,20266,2712.80,0,0,23.840(29.800%)(0.411m),47.000(41.471%)(2.893m),20.000(17.647%)(0.000m),21.000(18.529%)(0.107m),31.000(38.750%)(1.179m),14.000(35.000%)(0.429m),25.000(62.500%)(1.607m),0.000,3282.266,63.6,1.1170,"[0.612, 0.742, 0.601, 0.574, 0.818, 0.487]","[2.574, 3.042, 2.796, 2.636, 3.334, 2.906]","[-4.517, -5.318, -5.371, -5.143, -5.794, -5.896]"
669,1,3.1575,-1.4765,0.317,630,1717,89,89,0.263,85,0.15,20329,2773.32,0,0,23.204(29.005%)(0.343m),44.000(38.824%)(2.571m),20.000(17.647%)(0.000m),20.000(17.647%)(0.000m),28.000(35.000%)(0.857m),16.390(40.975%)(0.685m),20.000(50.000%)(1.071m),0.000,2899.406,63.1,1.3363,"[0.625, 0.804, 0.690, 0.630, 0.880, 0.511]","[3.291, 3.660, 2.944, 3.292, 3.811, 3.094]","[-5.643, -6.447, -5.834, -5.687, -6.666, -6.964]"
670,1,-4.0157,-1.4940,0.293,389,1063,56,37,0.262,70,0.15,20368,1672.52,0,0,22.160(27.700%)(0.231m),46.480(41.012%)(2.837m),58.000(51.177%)(4.071m),24.000(21.177%)(0.429m),25.000(31.250%)(0.536m),15.652(39.129%)(0.606m),25.000(62.500%)(1.607m),0.000,3826.487,63.3,1.1943,"[0.370, 0.622, 0.684, 0.237, 0.732, 0.532]","[3.008, 3.502, 3.152, 2.912, 3.737, 3.262]","[-4.817, -4.874, -3.784, -5.244, -4.471, -4.054]"
671,1,-3.8881,-1.5850,0.273,301,739,82,22,0.261,55,0.15,20399,1295.67,0,0,12.000(15.000%)(0.000m),22.000(19.412%)(0.214m),52.000(45.882%)(3.429m),31.180(27.512%)(1.198m),14.825(18.531%)(0.000m),11.000(27.500%)(0.107m),10.427(26.067%)(0.046m),1151.607,5661.586,56.8,1.2089,"[0.753, 1.383, 1.403, 0.543, 1.516, 1.326]","[3.211, 3.602, 3.139, 3.150, 3.826, 3.275]","[-5.147, -5.519, -5.744, -5.165, -5.963, -5.367]"
672,1,-0.9173,-1.5522,0.277,745,1943,121,202,0.261,85,0.15,20474,3295.06,0,0,24.339(30.423%)(0.465m),20.000(17.647%)(0.000m),20.000(17.647%)(0.000m),22.000(19.412%)(0.214m),21.000(26.250%)(0.107m),14.000(35.000%)(0.429m),16.000(40.000%)(0.643m),0.000,3588.886,60.4,1.3605,"[0.701, 0.882, 0.820, 0.598, 0.926, 0.700]","[3.678, 4.035, 3.323, 3.631, 4.221, 3.455]","[-6.243, -5.729, -5.903, -5.366, -5.581, -5.799]"
673,1,-4.6074,-1.5828,0.332,466,1215,62,65,0.260,70,0.15,20521,1971.49,0,0,17.962(22.453%)(0.000m),20.000(17.647%)(0.000m),46.000(40.588%)(2.786m),57.000(50.294%)(3.964m),38.000(47.500%)(1.929m),12.647(31.616%)(0.284m),18.000(45.000%)(0.857m),0.000,5534.022,60.4,1.0733,"[1.147, 1.042, 0.434, 1.069, 1.098, 0.318]","[3.708, 4.185, 3.593, 3.663, 4.314, 3.596]","[-3.651, -4.722, -5.109, -4.307, -5.335, -5.013]"
674,1,-6.3570,-1.6469,0.267,754,1963,82,174,0.260,85,0.15,20597,3206.98,0,0,10.422(13.027%)(0.000m),16.494(14.554%)(0.000m),26.000(22.941%)(0.643m),23.000(20.294%)(0.321m),23.728(29.660%)(0.399m),10.944(27.361%)(0.101m),14.000(35.000%)(0.429m),126.795,4099.478,60.3,1.1001,"[0.493, 0.673, 0.517, 0.432, 0.761, 0.453]","[3.285, 3.890, 3.404, 3.375, 4.135, 3.360]","[-6.153, -5.570, -4.961, -5.543, -5.370, -5.301]"
675,1,-0.4536,-1.5413,0.231,359,1000,101,69,0.259,65,0.15,20633,1545.06,0,0,21.000(26.250%)(0.107m),26.000(22.941%)(0.643m),39.000(34.412%)(2.036m),36.000(31.765%)(1.714m),21.000(26.250%)(0.107m),15.581(38.952%)(0.598m),18.000(45.000%)(0.857m),0.000,2876.622,64.5,1.1988,"[0.631, 0.736, 0.315, 0.585, 0.857, 0.228]","[2.571, 3.146, 2.692, 2.616, 3.379, 2.775]","[-3.397, -4.744, -5.363, -3.981, -5.180, -5.179]"
676,1,-2.3426,-1.5035,0.389,169,472,20,0,0.259,45,0.15,20650,748.91,0,0,35.000(43.750%)(1.607m),68.000(60.000%)(5.143m),79.696(70.320%)(6.396m),29.531(26.057%)(1.021m),13.642(17.052%)(0.000m),40.000(100.000%)(3.214m),9.589(23.972%)(0.000m),1140.131,3923.883,64.6,1.3077,"[0.130, 0.828, 1.066, 0.084, 0.873, 0.986]","[2.809, 3.132, 2.390, 2.799, 3.382, 2.632]","[-5.868, -4.920, -2.157, -5.641, -5.228, -2.706]"
677,1,5.3588,-1.4106,0.257,1155,2994,209,150,0.258,95,0.15,20766,5168.11,0,0,21.000(26.250%)(0.107m),37.000(32.647%)(1.821m),48.000(42.353%)(3.000m),30.391(26.816%)(1.113m),14.311(17.889%)(0.000m),11.000(27.500%)(0.107m),10.059(25.149%)(0.006m),557.336,5082.263,60.0,1.2679,"[0.444, 0.881, 0.915, 0.378, 1.007, 0.832]","[3.115, 3.578, 3.269, 3.199, 3.783, 3.451]","[-5.615, -3.522, -3.582, -5.532, -3.847, -3.903]"
678,1,-1.9424,-1.4389,0.297,220,564,30,7,0.258,50,0.15,20788,955.04,0,0,12.676(15.845%)(0.000m),26.208(23.124%)(0.665m),64.000(56.471%)(4.714m),42.000(37.059%)(2.357m),32.000(40.000%)(1.286m),9.890(24.725%)(0.000m),40.000(100.000%)(3.214m),755.486,4908.185,59.4,1.1186,"[1.359, 1.100, 0.075, 1.314, 1.221, 0.001]","[2.573, 2.950, 2.460, 2.585, 3.260, 2.638]","[-3.482, -4.090, -5.302, -3.680, -4.168, -4.951]"
679,1,2.1897,-1.4267,0.314,303,832,26,19,0.257,60,0.15,20819,1311.58,0,0,11.763(14.704%)(0.000m),22.095(19.495%)(0.224m),58.000(51.177%)(4.071m),46.000(40.588%)(2.786m),26.000(32.500%)(0.643m),10.025(25.063%)(0.003m),26.000(65.000%)(1.714m),706.332,3335.903,63.6,1.3058,"[0.902, 1.033, 0.653, 0.834, 1.074, 0.570]","[2.555, 2.881, 2.704, 2.587, 3.108, 2.857]","[-5.233, -5.798, -5.338, -4.971, -5.496, -5.053]"
680,1,2.0467,-1.3759,0.252,1106,2896,221,205,0.257,95,0.15,20930,4860.41,0,0,15.000(18.750%)(0.000m),35.853(31.635%)(1.699m),43.000(37.941%)(2.464m),40.000(35.294%)(2.143m),22.552(28.190%)(0.273m),10.000(25.000%)(0.000m),15.995(39.988%)(0.642m),589.172,4320.486,60.6,1.1764,"[0.709, 0.857, 0.683, 0.621, 1.022, 0.678]","[2.712, 3.242, 2.768, 2.530, 3.399, 2.986]","[-4.028, -4.059, -4.835, -4.030, -4.667, -4.567]"
681,1,-0.1219,-1.3372,0.263,343,969,151,11,0.256,65,0.15,20965,1441.26,0,0,19.781(24.726%)(0.000m),22.000(19.412%)(0.214m),30.000(26.471%)(1.071m),52.000(45.882%)(3.429m),38.000(47.500%)(1.929m),13.956(34.889%)(0.424m),30.000(75.000%)(2.143m),0.000,3181.410,65.4,1.3011,"[0.625, 0.532, -0.081, 0.627, 0.657, -0.144]","[2.277, 2.782, 2.451, 2.344, 3.055, 2.635]","[-3.852, -5.426, -5.412, -4.136, -5.773, -4.907]"
682,1,-0.9798,-1.3120,0.250,286,799,105,13,0.256,60,0.15,20994,1236.85,0,0,12.110(15.137%)(0.000m),23.032(20.322%)(0.325m),64.662(57.054%)(4.785m),53.000(46.765%)(3.536m),29.000(36.250%)(0.964m),10.192(25.480%)(0.021m),24.000(60.000%)(1.500m),815.353,3145.837,64.6,1.2339,"[0.690, 0.545, 0.046, 0.626, 0.680, 0.065]","[2.581, 3.117, 2.450, 2.710, 3.366, 2.692]","[-4.825, -4.867, -5.762, -4.647, -4.515, -5.545]"
683,1,-2.6094,-1.3336,0.276,491,1316,133,62,0.255,75,0.15,21044,2147.66,0,0,17.000(21.250%)(0.000m),40.000(35.294%)(2.143m),52.000(45.882%)(3.429m),48.000(42.353%)(3.000m),26.000(32.500%)(0.643m),11.000(27.500%)(0.107m),21.000(52.500%)(1.179m),632.983,3895.196,62.0,1.2677,"[0.772, 0.879, 0.279, 0.717, 1.030, 0.268]","[2.650, 3.117, 2.544, 2.607, 3.292, 2.693]","[-3.340, -2.126, -4.425, -3.747, -2.239, -4.302]"
684,1,1.0573,-1.2088,0.320,395,1083,19,65,0.255,70,0.15,21084,1738.96,0,0,23.681(29.601%)(0.394m),47.000(41.471%)(2.893m),28.000(24.706%)(0.857m),16.000(14.118%)(0.000m),20.000(25.000%)(0.000m),16.747(41.868%)(0.723m),22.000(55.000%)(1.286m),438.966,3389.830,63.4,1.3306,"[0.339, 0.527, 0.309, 0.219, 0.629, 0.133]","[2.521, 2.818, 2.083, 2.480, 2.920, 2.095]","[-6.018, -6.694, -8.301, -7.001, -6.621, -7.753]"
685,1,-0.7072,-1.1834,0.241,516,1365,69,53,0.254,75,0.15,21136,2235.18,0,0,10.000(12.500%)(0.000m),39.000(34.412%)(2.036m),65.000(57.353%)(4.821m),46.554(41.077%)(2.845m),22.280(27.850%)(0.244m),11.000(27.500%)(0.107m),15.769(39.423%)(0.618m),492.492,5011.081,61.2,1.1508,"[0.544, 0.837, 0.669, 0.493, 0.949, 0.553]","[2.146, 2.672, 2.414, 2.333, 2.932, 2.511]","[-2.876, -1.084, -1.953, -3.403, -1.140, -2.295]"
686,1,2.7049,-1.0550,0.231,944,2528,139,89,0.254,95,0.15,21231,4072.40,0,0,28.000(35.000%)(0.857m),22.000(19.412%)(0.214m),40.000(35.294%)(2.143m),46.926(41.405%)(2.885m),22.535(28.169%)(0.272m),23.000(57.500%)(1.393m),15.981(39.952%)(0.641m),760.905,4452.202,62.0,1.1832,"[0.182, 0.397, 0.188, 0.085, 0.476, 0.146]","[2.014, 2.627, 2.021, 2.050, 2.742, 2.181]","[-7.326, -6.023, -5.894, -6.704, -6.114, -5.899]"
687,1,-9.1961,-1.4821,0.286,763,1982,207,155,0.253,85,0.15,21308,3327.58,0,0,15.803(19.753%)(0.000m),33.411(29.481%)(1.437m),29.000(25.588%)(0.964m),21.000(18.529%)(0.107m),20.000(25.000%)(0.000m),11.111(27.776%)(0.119m),14.000(35.000%)(0.429m),0.000,3293.356,60.1,1.3971,"[0.196, 0.129, -0.129, 0.171, 0.233, -0.202]","[2.209, 2.779, 2.419, 2.243, 3.029, 2.485]","[-4.474, -5.206, -4.879, -4.811, -5.550, -5.408]"
688,1,-2.3718,-1.5288,0.266,812,2267,190,114,0.253,95,0.15,21390,3543.62,0,0,18.623(23.279%)(0.000m),23.000(20.294%)(0.321m),20.000(17.647%)(0.000m),20.000(17.647%)(0.000m),19.020(23.776%)(0.000m),13.000(32.500%)(0.321m),13.408(33.520%)(0.365m),0.000,3665.814,64.6,1.1308,"[0.303, 0.536, 0.409, 0.145, 0.672, 0.273]","[2.577, 3.213, 2.716, 2.626, 3.418, 2.714]","[-6.258, -6.502, -5.807, -6.024, -5.333, -5.643]"
689,1,-1.9251,-1.5451,0.233,285,775,16,0,0.252,60,0.15,21419,1275.74,0,0,12.573(15.716%)(0.000m),25.993(22.935%)(0.642m),80.326(70.876%)(6.464m),60.000(52.941%)(4.286m),37.000(46.250%)(1.821m),9.809(24.523%)(0.000m),23.000(57.500%)(1.393m),1023.217,3858.224,62.9,1.1384,"[0.923, 1.059, 0.595, 0.936, 1.187, 0.612]","[2.728, 2.924, 2.547, 2.787, 3.065, 2.661]","[-5.169, -4.731, -5.438, -5.302, -4.617, -5.343]"
690,1,-0.1007,-1.5169,0.284,441,1196,145,63,0.252,70,0.14,21464,1929.42,0,0,23.030(28.788%)(0.325m),35.000(30.882%)(1.607m),51.000(45.000%)(3.321m),26.000(22.941%)(0.643m),13.000(16.250%)(0.000m),16.341(40.853%)(0.679m),10.000(25.000%)(0.000m),254.596,3621.924,62.8,1.2609,"[0.414, 0.623, 0.436, 0.324, 0.804, 0.354]","[2.962, 3.321, 2.766, 2.969, 3.369, 2.806]","[-5.844, -6.213, -4.825, -5.839, -5.905, -4.800]"
691,1,-0.5205,-1.4187,0.221,215,580,16,21,0.251,50,0.14,21486,921.57,0,0,10.734(13.418%)(0.000m),18.443(16.273%)(0.000m),39.345(34.717%)(2.073m),49.000(43.235%)(3.107m),28.000(35.000%)(0.857m),10.097(25.243%)(0.010m),25.000(62.500%)(1.607m),871.043,3830.651,62.4,1.3318,"[1.113, 1.108, 0.639, 1.047, 1.212, 0.539]","[2.527, 2.753, 2.426, 2.589, 2.936, 2.388]","[-5.843, -4.980, -5.218, -5.618, -5.077, -5.258]"
692,1,-0.4612,-1.3848,0.291,396,1093,103,47,0.251,70,0.14,21526,1691.64,0,0,21.492(26.865%)(0.160m),36.000(31.765%)(1.714m),25.000(22.059%)(0.536m),15.000(13.235%)(0.000m),10.000(12.500%)(0.000m),15.144(37.861%)(0.551m),26.000(65.000%)(1.714m),534.541,3411.662,63.9,1.1642,"[0.316, 0.550, 0.167, 0.289, 0.652, 0.126]","[2.239, 2.860, 2.398, 2.393, 3.067, 2.464]","[-6.108, -5.882, -10.246, -7.444, -6.531, -9.013]"
693,1,-1.2454,-1.3492,0.271,411,1120,63,25,0.250,70,0.14,21568,1790.28,0,0,19.374(24.218%)(0.000m),38.000(33.530%)(1.929m),45.000(39.706%)(2.679m),21.000(18.529%)(0.107m),12.000(15.000%)(0.000m),13.632(34.079%)(0.389m),27.000(67.500%)(1.821m),812.365,4250.388,63.1,1.2556,"[0.353, 0.447, 0.236, 0.252, 0.626, 0.247]","[2.574, 2.832, 2.498, 2.478, 3.071, 2.551]","[-4.554, -4.929, -5.519, -5.571, -5.021, -4.516]"
694,1,-3.8497,-1.3341,0.269,243,604,34,16,0.250,50,0.14,21593,1049.72,0,0,11.255(14.068%)(0.000m),20.400(18.000%)(0.043m),49.650(43.809%)(3.177m),37.000(32.647%)(1.821m),29.000(36.250%)(0.964m),9.955(24.888%)(0.000m),40.000(100.000%)(3.214m),395.313,3924.297,57.6,1.1437,"[0.712, 0.670, 0.157, 0.666, 0.843, 0.097]","[2.460, 2.781, 2.288, 2.382, 2.973, 2.394]","[-5.520, -5.222, -5.568, -5.406, -5.268, -5.672]"
695,1,-3.7096,-1.4513,0.185,394,1081,89,58,0.249,70,0.14,21633,1695.73,0,0,20.750(25.938%)(0.080m),28.000(24.706%)(0.857m),20.000(17.647%)(0.000m),24.000(21.177%)(0.429m),29.000(36.250%)(0.964m),14.616(36.540%)(0.495m),23.000(57.500%)(1.393m),266.516,3282.779,63.5,1.1952,"[0.148, 0.106, -0.318, 0.088, 0.222, -0.351]","[2.399, 2.785, 2.383, 2.367, 2.982, 2.445]","[-4.792, -5.111, -5.406, -5.005, -5.640, -5.089]"
696,1,0.2393,-1.3942,0.236,849,2353,184,113,0.249,95,0.14,21718,3685.92,0,0,13.000(16.250%)(0.000m),26.000(22.941%)(0.643m),49.000(43.235%)(3.107m),40.000(35.294%)(2.143m),20.973(26.216%)(0.104m),13.899(34.748%)(0.418m),14.788(36.970%)(0.513m),391.257,3124.764,64.2,1.2327,"[0.169, 0.326, 0.021, 0.099, 0.422, -0.030]","[1.991, 2.432, 1.889, 2.126, 2.649, 2.078]","[-4.273, -5.117, -5.173, -4.294, -5.390, -4.971]"
697,1,-1.0401,-1.3941,0.257,448,1242,98,74,0.248,75,0.14,21763,1968.35,0,0,22.213(27.767%)(0.237m),46.620(41.135%)(2.852m),62.000(54.706%)(4.500m),47.000(41.471%)(2.893m),23.000(28.750%)(0.321m),12.000(30.000%)(0.214m),17.000(42.500%)(0.750m),673.417,3629.055,64.2,1.2173,"[0.378, 0.618, 0.416, 0.388, 0.758, 0.348]","[2.057, 2.746, 2.368, 2.054, 2.812, 2.414]","[-4.502, -3.330, -3.357, -4.307, -3.336, -3.608]"
698,1,1.5300,-1.2656,0.261,369,1019,53,42,0.248,70,0.14,21800,1554.97,0,0,26.000(32.500%)(0.643m),20.000(17.647%)(0.000m),20.000(17.647%)(0.000m),20.000(17.647%)(0.000m),25.037(31.296%)(0.540m),23.000(57.500%)(1.393m),17.761(44.403%)(0.832m),0.000,2702.919,63.9,1.2482,"[0.412, 0.768, 0.568, 0.416, 0.862, 0.485]","[2.028, 2.917, 2.450, 2.208, 3.057, 2.575]","[-5.585, -4.529, -4.494, -4.960, -4.528, -4.719]"
699,1,1.7495,-1.1992,0.242,326,897,74,0,0.247,65,0.14,21833,1480.12,0,0,13.329(16.662%)(0.000m),28.963(25.556%)(0.960m),68.000(60.000%)(5.143m),54.000(47.647%)(3.643m),33.000(41.250%)(1.393m),9.620(24.049%)(0.000m),26.000(65.000%)(1.714m),1021.460,3621.867,63.7,1.6061,"[0.708, 0.740, 0.181, 0.669, 0.907, 0.166]","[2.474, 3.117, 2.645, 2.576, 3.334, 2.766]","[-4.901, -5.148, -5.470, -4.847, -5.143, -5.104]"
700,1,0.4870,-1.2015,0.263,778,2007,180,176,0.247,85,0.14,21911,3391.81,0,0,18.342(22.927%)(0.000m),21.000(18.529%)(0.107m),20.000(17.647%)(0.000m),20.000(17.647%)(0.000m),22.000(27.500%)(0.214m),12.902(32.254%)(0.311m),16.000(40.000%)(0.643m),0.000,3779.510,59.7,1.1944,"[0.192, 0.302, 0.048, 0.154, 0.416, -0.058]","[2.639, 2.871, 2.466, 2.557, 3.008, 2.476]","[-7.097, -6.903, -5.473, -6.480, -6.336, -5.569]"
701,1,-2.2041,-1.2631,0.262,231,590,26,22,0.246,50,0.14,21935,1048.70,0,0,11.345(14.181%)(0.000m),20.334(17.942%)(0.036m),48.038(42.386%)(3.004m),42.000(37.059%)(2.357m),28.000(35.000%)(0.857m),10.160(25.400%)(0.017m),32.000(80.000%)(2.357m),731.908,4177.441,59.1,1.2073,"[1.176, 1.143, 0.554, 1.206, 1.293, 0.521]","[2.274, 2.724, 2.680, 2.420, 3.023, 2.844]","[-5.547, -5.423, -5.821, -5.806, -5.410, -5.988]"
702,1,-2.5800,-1.3190,0.268,828,2132,84,228,0.246,90,0.14,22018,3553.00,0,0,22.000(27.500%)(0.214m),34.000(30.000%)(1.500m),41.000(36.177%)(2.250m),26.237(23.150%)(0.668m),12.691(15.863%)(0.000m),18.000(45.000%)(0.857m),9.901(24.753%)(0.000m),264.472,4372.145,59.6,1.2586,"[0.367, 0.548, 0.398, 0.362, 0.682, 0.244]","[2.990, 3.050, 2.385, 2.924, 3.141, 2.319]","[-5.169, -4.635, -4.754, -5.063, -4.864, -5.221]"
703,1,-1.3376,-1.3135,0.263,321,925,4,56,0.245,65,0.14,22051,1472.23,0,0,22.000(27.500%)(0.214m),24.000(21.177%)(0.429m),38.000(33.530%)(1.929m),37.000(32.647%)(1.821m),23.000(28.750%)(0.321m),18.796(46.989%)(0.942m),20.000(50.000%)(1.071m),0.000,2433.883,66.7,1.3691,"[0.660, 0.681, 0.318, 0.617, 0.737, 0.216]","[2.617, 3.256, 2.661, 2.585, 3.362, 2.769]","[-3.456, -4.366, -4.467, -3.930, -4.493, -4.527]"
704,1,-1.2626,-1.2940,0.295,390,1067,94,43,0.245,70,0.14,22090,1644.09,0,0,21.298(26.623%)(0.139m),44.734(39.472%)(2.650m),52.000(45.882%)(3.429m),21.000(18.529%)(0.107m),27.000(33.750%)(0.750m),15.023(37.558%)(0.538m),24.000(60.000%)(1.500m),0.000,3793.195,63.3,1.2912,"[0.249, 0.400, 0.148, 0.213, 0.501, 0.038]","[2.228, 3.219, 2.655, 2.225, 3.335, 2.827]","[-5.171, -6.141, -5.892, -5.480, -6.097, -5.661]"
705,1,-5.1123,-1.3591,0.237,646,1751,159,126,0.244,85,0.14,22155,2810.86,0,0,17.761(22.201%)(0.000m),37.831(33.380%)(1.910m),28.000(24.706%)(0.857m),20.000(17.647%)(0.000m),24.000(30.000%)(0.429m),12.477(31.192%)(0.265m),18.000(45.000%)(0.857m),0.000,3682.195,62.7,1.1954,"[0.130, 0.364, 0.109, 0.064, 0.489, 0.019]","[2.543, 3.208, 2.847, 2.525, 3.393, 3.008]","[-5.283, -4.320, -5.113, -5.127, -4.327, -5.588]"
706,1,-2.2615,-1.3828,0.297,218,534,32,0,0.244,45,0.14,22177,952.02,0,0,39.000(48.750%)(2.036m),48.000(42.353%)(3.000m),46.695(41.202%)(2.860m),20.325(17.934%)(0.035m),11.465(14.331%)(0.000m),40.000(100.000%)(3.214m),10.395(25.986%)(0.042m),972.045,4376.998,56.7,1.2086,"[0.979, 1.122, 1.226, 0.956, 1.147, 1.148]","[2.957, 3.307, 2.982, 2.888, 3.404, 3.134]","[-5.167, -6.227, -5.536, -4.900, -6.461, -5.880]"
707,1,0.0222,-1.2093,0.265,244,636,21,19,0.243,50,0.14,22202,1135.08,0,0,11.016(13.770%)(0.000m),19.121(16.871%)(0.000m),41.751(36.839%)(2.330m),46.000(40.588%)(2.786m),29.000(36.250%)(0.964m),10.236(25.590%)(0.025m),25.000(62.500%)(1.607m),784.539,4027.046,60.3,1.3028,"[1.459, 1.485, 1.023, 1.350, 1.636, 0.939]","[3.051, 3.671, 3.129, 2.884, 3.762, 3.118]","[-6.340, -6.105, -5.324, -6.307, -5.826, -5.643]"
708,1,-0.7065,-1.1601,0.282,352,986,36,53,0.243,65,0.14,22238,1512.43,0,0,21.000(26.250%)(0.107m),23.000(20.294%)(0.321m),28.000(24.706%)(0.857m),42.000(37.059%)(2.357m),25.000(31.250%)(0.536m),17.396(43.490%)(0.792m),22.000(55.000%)(1.286m),0.000,2538.416,64.8,1.2321,"[0.866, 0.762, 0.435, 0.805, 0.850, 0.293]","[3.243, 3.653, 3.067, 3.113, 3.886, 3.128]","[-4.004, -5.098, -4.600, -4.235, -5.260, -4.436]"
709,1,-2.9502,-1.1992,0.302,192,497,26,16,0.242,45,0.14,22258,866.82,0,0,28.000(35.000%)(0.857m),37.000(32.647%)(1.821m),35.310(31.156%)(1.640m),17.620(15.547%)(0.000m),10.559(13.199%)(0.000m),40.000(100.000%)(3.214m),10.304(25.760%)(0.033m),421.797,3595.119,60.0,1.4916,"[0.720, 0.946, 0.869, 0.728, 1.055, 0.728]","[3.007, 3.495, 2.963, 3.155, 3.752, 3.028]","[-5.598, -5.244, -5.293, -5.565, -5.446, -5.152]"
710,1,-2.7487,-1.2673,0.290,679,1813,174,104,0.242,85,0.14,22326,3032.59,0,0,18.716(23.395%)(0.000m),39.448(34.807%)(2.084m),21.000(18.529%)(0.107m),20.000(17.647%)(0.000m),24.000(30.000%)(0.429m),13.188(32.970%)(0.342m),14.000(35.000%)(0.429m),0.000,3151.567,61.8,1.2454,"[0.478, 0.548, 0.276, 0.430, 0.663, 0.215]","[2.680, 3.361, 2.946, 2.621, 3.488, 2.986]","[-5.260, -4.981, -5.119, -5.683, -5.167, -5.892]"
711,1,-3.7415,-1.3400,0.289,197,493,17,0,0.241,45,0.14,22346,884.60,0,0,10.585(13.231%)(0.000m),17.832(15.735%)(0.000m),36.449(32.161%)(1.762m),56.000(49.412%)(3.857m),44.000(55.000%)(2.571m),10.204(25.510%)(0.022m),40.000(100.000%)(3.214m),1212.751,4475.227,57.9,1.1923,"[0.729, 0.596, 0.496, 0.682, 0.819, 0.519]","[2.462, 2.937, 2.491, 2.474, 3.136, 2.551]","[-5.979, -5.237, -5.365, -5.849, -5.125, -5.198]"
712,1,-0.2880,-1.3514,0.218,626,1710,198,166,0.241,85,0.14,22409,2788.99,0,0,20.179(25.224%)(0.019m),32.000(28.235%)(1.286m),20.000(17.647%)(0.000m),20.000(17.647%)(0.000m),20.000(25.000%)(0.000m),14.192(35.481%)(0.449m),14.000(35.000%)(0.429m),0.000,2937.947,63.2,1.2781,"[0.004, 0.145, -0.126, -0.033, 0.208, -0.228]","[2.612, 3.156, 2.545, 2.625, 3.208, 2.645]","[-5.761, -6.377, -5.463, -5.817, -6.967, -6.301]"
713,1,4.2816,-1.2493,0.317,678,1821,38,97,0.240,85,0.14,22477,2986.39,0,0,29.000(36.250%)(0.964m),43.000(37.941%)(2.464m),58.000(51.177%)(4.071m),25.000(22.059%)(0.536m),12.455(15.569%)(0.000m),26.000(65.000%)(1.714m),9.968(24.920%)(0.000m),467.432,4413.146,62.2,1.2992,"[0.580, 0.883, 0.703, 0.515, 1.028, 0.651]","[2.948, 3.146, 2.532, 3.068, 3.395, 2.787]","[-5.676, -5.420, -3.973, -5.224, -5.447, -4.034]"
714,1,-7.8286,-1.3251,0.314,650,1761,154,133,0.240,85,0.14,22542,2870.08,0,0,21.236(26.545%)(0.132m),35.000(30.882%)(1.607m),33.737(29.768%)(1.472m),17.463(15.409%)(0.000m),10.659(13.324%)(0.000m),14.991(37.476%)(0.535m),10.659(26.649%)(0.071m),222.382,3474.910,62.7,1.2512,"[0.533, 0.510, 0.194, 0.482, 0.660, 0.120]","[3.133, 3.482, 2.802, 3.307, 3.761, 3.071]","[-5.943, -6.017, -5.272, -5.834, -6.181, -5.106]"
715,1,-3.7010,-1.3256,0.370,281,708,64,31,0.239,55,0.14,22571,1237.02,0,0,17.390(21.737%)(0.000m),36.171(31.916%)(1.733m),56.000(49.412%)(3.857m),41.000(36.177%)(2.250m),13.000(16.250%)(0.000m),12.261(30.653%)(0.242m),10.000(25.000%)(0.000m),603.228,4745.964,58.3,1.1596,"[0.736, 0.648, -0.006, 0.704, 0.602, -0.047]","[2.880, 3.451, 2.952, 2.942, 3.594, 2.952]","[-5.711, -4.674, -5.479, -5.883, -5.613, -5.065]"
716,1,-2.9917,-1.3526,0.272,240,616,66,0,0.239,50,0.14,22595,1009.91,0,0,12.444(15.554%)(0.000m),25.726(22.700%)(0.614m),62.000(54.706%)(4.500m),47.000(41.471%)(2.893m),36.000(45.000%)(1.714m),9.709(24.271%)(0.000m),33.000(82.500%)(2.464m),602.812,5039.671,59.4,1.2509,"[1.445, 0.909, -0.450, 1.350, 0.935, -0.408]","[2.690, 3.547, 2.967, 2.661, 3.536, 2.950]","[-3.065, -4.510, -5.510, -3.038, -4.893, -5.042]"
717,1,-4.6323,-1.4274,0.243,510,1306,153,108,0.238,75,0.14,22646,2204.82,0,0,17.768(22.210%)(0.000m),36.000(31.765%)(1.714m),46.000(40.588%)(2.786m),26.000(22.941%)(0.643m),19.000(23.750%)(0.000m),12.516(31.289%)(0.270m),14.000(35.000%)(0.429m),597.187,4051.727,59.3,1.2959,"[0.237, 0.442, 0.249, 0.213, 0.515, 0.187]","[2.268, 2.745, 2.397, 2.342, 2.955, 2.482]","[-5.012, -4.727, -4.089, -5.324, -4.911, -4.095]"
718,1,1.7978,-1.4217,0.318,770,1992,229,119,0.238,85,0.14,22723,3330.97,0,0,21.032(26.290%)(0.111m),32.000(28.235%)(1.286m),20.000(17.647%)(0.000m),20.000(17.647%)(0.000m),24.000(30.000%)(0.429m),14.804(37.009%)(0.515m),18.000(45.000%)(0.857m),0.000,3331.460,59.9,1.1633,"[0.366, 0.388, 0.116, 0.328, 0.453, -0.041]","[2.740, 3.230, 2.669, 2.791, 3.432, 2.805]","[-5.753, -5.607, -5.691, -5.481, -5.529, -6.441]"
719,1,15.7385,-1.1701,0.267,1038,2844,108,138,0.238,100,0.28,22827,4597.70,1,1,25.000(31.250%)(0.536m),38.000(33.530%)(1.929m),56.000(49.412%)(3.857m),36.642(32.331%)(1.783m),17.250(21.562%)(0.000m),20.000(50.000%)(1.071m),12.120(30.300%)(0.227m),369.174,3870.979,63.4,1.1674,"[0.532, 0.767, 0.538, 0.390, 0.894, 0.463]","[2.619, 2.811, 2.346, 2.570, 3.092, 2.417]","[-5.139, -2.281, -3.549, -5.296, -2.526, -4.075]"
720,1,1.4159,-1.0615,0.271,462,1260,84,83,0.237,75,0.28,22874,1971.01,0,0,16.831(21.038%)(0.000m),35.529(31.349%)(1.664m),61.000(53.824%)(4.393m),41.000(36.177%)(2.250m),25.000(31.250%)(0.536m),11.000(27.500%)(0.107m),20.000(50.000%)(1.071m),687.244,4032.197,63.1,1.2538,"[0.641, 0.882, 0.527, 0.635, 1.045, 0.464]","[2.651, 2.970, 2.519, 2.800, 3.160, 2.665]","[-2.121, -3.441, -4.126, -2.604, -3.598, -4.457]"
721,1,-3.1490,-1.0467,0.280,762,1978,87,156,0.237,85,0.28,22951,3342.75,0,0,26.000(32.500%)(0.643m),37.000(32.647%)(1.821m),29.000(25.588%)(0.964m),20.000(17.647%)(0.000m),22.835(28.544%)(0.304m),24.000(60.000%)(1.500m),16.216(40.541%)(0.666m),0.000,4897.066,60.1,1.2489,"[0.343, 0.418, 0.171, 0.208, 0.580, 0.151]","[2.302, 2.787, 2.249, 2.400, 3.026, 2.451]","[-5.489, -5.047, -7.061, -5.428, -4.987, -6.228]"
722,1,3.7588,-0.9532,0.259,676,1863,73,38,0.236,90,0.28,23019,2936.47,0,0,21.985(27.482%)(0.213m),36.000(31.765%)(1.714m),51.000(45.000%)(3.321m),23.082(20.367%)(0.330m),11.823(14.779%)(0.000m),15.495(38.737%)(0.589m),9.704(24.261%)(0.000m),316.872,3156.717,63.8,1.1600,"[0.437, 0.678, 0.414, 0.296, 0.763, 0.357]","[2.444, 3.058, 2.523, 2.415, 3.102, 2.492]","[-5.426, -5.401, -5.728, -5.343, -5.657, -5.087]"
723,1,-3.4112,-0.9293,0.309,141,385,30,0,0.236,40,0.28,23034,712.34,0,0,11.299(14.124%)(0.000m),20.252(17.869%)(0.027m),47.842(42.214%)(2.983m),87.000(76.765%)(7.179m),46.000(57.500%)(2.786m),10.119(25.297%)(0.013m),40.000(100.000%)(3.214m),2025.298,4936.835,63.2,1.7335,"[1.032, 0.831, -0.496, 1.052, 0.974, -0.607]","[2.384, 2.871, 2.404, 2.405, 3.026, 2.561]","[-5.349, -5.244, -5.457, -5.125, -5.448, -5.391]"
724,1,7.2534,-0.6570,0.241,967,2606,176,114,0.235,95,0.28,23131,4244.92,0,0,11.000(13.750%)(0.000m),18.000(15.882%)(0.000m),51.000(45.000%)(3.321m),33.000(29.118%)(1.393m),23.000(28.750%)(0.321m),11.000(27.500%)(0.107m),17.516(43.791%)(0.805m),95.814,3846.940,62.4,1.3438,"[0.297, 0.484, 0.260, 0.210, 0.581, 0.228]","[2.275, 2.783, 2.526, 2.205, 2.914, 2.653]","[-7.489, -6.900, -6.662, -6.989, -7.040, -6.569]"
725,1,0.4447,-0.6391,0.236,651,1760,100,120,0.235,85,0.28,23197,2843.37,0,0,23.542(29.428%)(0.380m),22.000(19.412%)(0.214m),32.000(28.235%)(1.286m),26.000(22.941%)(0.643m),18.000(22.500%)(0.000m),16.674(41.685%)(0.715m),13.000(32.500%)(0.321m),0.000,3011.769,62.6,1.1725,"[-0.070, 0.003, -0.170, -0.118, 0.097, -0.273]","[2.263, 2.261, 1.845, 2.388, 2.447, 1.876]","[-5.107, -5.962, -6.260, -5.923, -6.477, -5.333]"
726,1,-2.4453,-0.6411,0.212,416,1119,50,55,0.234,70,0.28,23239,1855.25,0,0,22.000(27.500%)(0.214m),20.000(17.647%)(0.000m),22.000(19.412%)(0.214m),22.528(19.877%)(0.271m),12.979(16.223%)(0.000m),21.000(52.500%)(1.179m),12.060(30.150%)(0.221m),0.000,4336.091,62.2,1.2891,"[0.062, 0.373, 0.303, -0.021, 0.444, 0.171]","[2.203, 2.828, 2.272, 2.160, 2.951, 2.387]","[-5.990, -4.677, -4.766, -5.555, -5.012, -4.810]"
727,1,1.5057,-0.7182,0.213,399,1109,37,36,0.234,70,0.28,23279,1810.44,0,0,20.275(25.344%)(0.029m),34.000(30.000%)(1.500m),51.000(45.000%)(3.321m),25.000(22.059%)(0.536m),13.000(16.250%)(0.000m),14.279(35.697%)(0.458m),10.000(25.000%)(0.000m),240.084,3331.064,64.3,1.3634,"[0.044, 0.209, -0.047, 0.005, 0.288, -0.162]","[2.003, 2.478, 2.097, 2.132, 2.650, 2.149]","[-5.276, -5.292, -5.414, -5.616, -5.033, -4.956]"
728,1,-6.6706,-0.8128,0.254,461,1265,116,152,0.233,75,0.27,23326,2029.38,0,0,18.240(22.800%)(0.000m),33.000(29.118%)(1.393m),39.000(34.412%)(2.036m),34.000(30.000%)(1.500m),16.000(20.000%)(0.000m),11.000(27.500%)(0.107m),12.000(30.000%)(0.214m),335.947,3292.421,63.5,1.3012,"[-0.428, -0.326, -0.541, -0.538, -0.226, -0.650]","[1.765, 2.624, 2.385, 1.936, 2.854, 2.660]","[-5.159, -3.839, -5.100, -5.367, -4.183, -5.139]"
729,1,-0.1803,-0.8602,0.188,335,1001,9,26,0.233,70,0.27,23360,1515.87,0,0,26.965(33.706%)(0.746m),45.000(39.706%)(2.679m),94.000(82.941%)(7.929m),54.000(47.647%)(3.643m),12.000(15.000%)(0.000m),19.090(47.726%)(0.974m),10.000(25.000%)(0.000m),425.865,2925.865,69.1,1.1828,"[0.039, 0.332, 0.250, 0.013, 0.502, 0.156]","[1.897, 2.436, 2.213, 1.902, 2.655, 2.350]","[-3.709, -2.383, -2.401, -3.734, -2.366, -3.024]"
730,1,1.3689,-0.8737,0.259,330,943,19,14,0.232,65,0.27,23393,1445.44,0,0,32.000(40.000%)(1.286m),57.000(50.294%)(3.964m),37.000(32.647%)(1.821m),26.000(22.941%)(0.643m),22.000(27.500%)(0.214m),27.000(67.500%)(1.821m),16.955(42.387%)(0.745m),0.000,2929.679,66.2,1.3862,"[0.414, 0.798, 0.724, 0.362, 0.967, 0.696]","[2.015, 2.725, 2.473, 2.002, 2.971, 2.671]","[-4.801, -6.154, -5.096, -5.285, -5.801, -5.229]"
731,1,-1.8472,-0.9082,0.198,142,389,44,11,0.232,40,0.27,23408,632.41,0,0,71.779(89.724%)(5.548m),20.000(17.647%)(0.000m),20.000(17.647%)(0.000m),113.333(100.000%)(10.000m),64.121(80.151%)(4.727m),40.000(100.000%)(3.214m),40.000(100.000%)(3.214m),0.000,2189.386,63.4,1.3630,"[0.120, 0.101, -0.048, -0.050, 0.035, 0.005]","[2.254, 2.807, 2.334, 2.319, 3.001, 2.582]","[-5.220, -5.290, -4.967, -5.873, -5.845, -4.730]"
732,1,-3.9300,-0.9672,0.242,595,1652,69,181,0.231,85,0.27,23468,2555.94,0,0,16.306(20.382%)(0.000m),33.000(29.118%)(1.393m),20.000(17.647%)(0.000m),22.000(19.412%)(0.214m),24.000(30.000%)(0.429m),11.445(28.612%)(0.155m),17.000(42.500%)(0.750m),0.000,3180.448,64.2,1.1236,"[0.408, 0.469, 0.193, 0.367, 0.613, 0.193]","[2.704, 3.090, 2.313, 2.709, 3.277, 2.650]","[-5.415, -6.072, -5.471, -6.223, -6.259, -5.729]"
733,1,1.1466,-0.8921,0.286,740,2131,113,165,0.231,95,0.27,23542,3186.68,0,0,28.000(35.000%)(0.857m),19.000(16.765%)(0.000m),33.000(29.118%)(1.393m),32.000(28.235%)(1.286m),19.345(24.181%)(0.000m),18.000(45.000%)(0.857m),13.620(34.049%)(0.388m),434.819,3461.999,66.7,1.2805,"[0.014, 0.600, 0.630, -0.089, 0.726, 0.499]","[2.662, 3.254, 2.706, 2.628, 3.444, 2.754]","[-6.946, -5.004, -5.035, -6.775, -5.333, -5.825]"
734,1,-1.0053,-0.9334,0.293,390,1102,22,83,0.231,70,0.27,23581,1757.64,0,0,25.846(32.307%)(0.626m),53.880(47.541%)(3.630m),41.000(36.177%)(2.250m),32.000(28.235%)(1.286m),12.000(15.000%)(0.000m),18.305(45.764%)(0.890m),11.000(27.500%)(0.107m),261.681,3120.439,65.4,1.3325,"[0.656, 1.075, 0.963, 0.575, 1.157, 0.854]","[3.176, 3.660, 3.132, 3.134, 3.819, 3.375]","[-4.880, -4.990, -2.617, -5.139, -4.860, -2.975]"
735,1,-2.0559,-0.9603,0.286,462,1234,135,61,0.230,70,0.27,23628,1967.17,0,0,11.000(13.750%)(0.000m),18.000(15.882%)(0.000m),46.000(40.588%)(2.786m),35.000(30.882%)(1.607m),19.111(23.888%)(0.000m),11.000(27.500%)(0.107m),13.489(33.724%)(0.374m),224.806,3581.905,61.8,1.4051,"[0.142, 0.929, 0.713, 0.069, 0.981, 0.725]","[2.923, 3.361, 2.921, 2.985, 3.618, 3.187]","[-7.088, -4.595, -5.407, -6.585, -5.224, -5.402]"
736,1,-5.4954,-1.1243,0.258,1056,2747,275,206,0.230,95,0.27,23734,4669.33,0,0,19.033(23.791%)(0.000m),23.000(20.294%)(0.321m),28.000(24.706%)(0.857m),41.000(36.177%)(2.250m),25.472(31.840%)(0.586m),11.000(27.500%)(0.107m),18.111(45.277%)(0.869m),0.000,3966.146,60.2,1.2789,"[0.797, 0.814, 0.516, 0.753, 0.928, 0.413]","[2.899, 3.450, 2.849, 2.866, 3.449, 2.902]","[-3.820, -5.045, -5.223, -4.390, -5.478, -5.147]"
737,1,0.8586,-0.9232,0.312,325,902,14,36,0.229,65,0.27,23767,1440.52,0,0,11.853(14.817%)(0.000m),22.837(20.150%)(0.304m),61.000(53.824%)(4.393m),46.000(40.588%)(2.786m),25.000(31.250%)(0.536m),9.852(24.631%)(0.000m),21.000(52.500%)(1.179m),664.302,3027.843,64.2,1.4251,"[0.794, 0.993, 0.644, 0.787, 1.123, 0.569]","[2.899, 3.236, 2.939, 2.711, 3.366, 3.092]","[-5.188, -5.748, -5.388, -4.180, -4.884, -5.317]"
738,1,-1.5854,-0.9075,0.257,136,386,17,0,0.229,40,0.27,23781,617.48,0,0,10.083(12.603%)(0.000m),15.700(13.853%)(0.000m),27.670(24.415%)(0.822m),50.000(44.118%)(3.214m),39.000(48.750%)(2.036m),10.851(27.127%)(0.091m),40.000(100.000%)(3.214m),503.166,2858.186,65.7,1.2198,"[0.231, 0.287, -0.016, 0.194, 0.389, -0.043]","[2.682, 2.865, 2.080, 2.720, 3.210, 2.264]","[-6.002, -5.305, -5.284, -5.361, -5.509, -5.480]"
739,1,2.1872,-0.8253,0.275,350,984,82,30,0.228,65,0.27,23816,1505.51,0,0,29.000(36.250%)(0.964m),42.000(37.059%)(2.357m),36.000(31.765%)(1.714m),27.000(23.824%)(0.750m),20.934(26.167%)(0.100m),26.000(65.000%)(1.714m),14.731(36.829%)(0.507m),0.000,2569.454,65.1,1.1855,"[0.170, 0.761, 0.745, 0.091, 0.893, 0.740]","[2.211, 2.924, 2.707, 2.177, 3.099, 3.071]","[-5.128, -4.260, -2.071, -5.087, -3.817, -2.293]"
740,1,-1.5450,-0.8541,0.245,417,1114,101,12,0.228,70,0.27,23858,1858.60,0,0,35.000(43.750%)(1.607m),44.000(38.824%)(2.571m),45.000(39.706%)(2.679m),25.000(22.059%)(0.536m),18.275(22.843%)(0.000m),28.000(70.000%)(1.929m),12.886(32.214%)(0.309m),0.000,3555.594,61.9,1.2341,"[0.003, 0.740, 0.913, -0.133, 0.947, 0.815]","[2.404, 2.815, 2.291, 2.335, 2.949, 2.430]","[-5.108, -6.116, -3.820, -5.175, -5.496, -4.183]"
741,1,-1.5268,-0.8743,0.279,234,609,20,36,0.227,50,0.27,23882,1003.81,0,0,12.554(15.692%)(0.000m),25.955(22.901%)(0.638m),58.000(51.177%)(4.071m),37.000(32.647%)(1.821m),25.000(31.250%)(0.536m),9.795(24.487%)(0.000m),26.000(65.000%)(1.714m),482.974,3760.281,60.2,1.2517,"[0.977, 1.111, 0.474, 0.871, 1.174, 0.437]","[2.652, 3.020, 2.340, 2.477, 3.168, 2.413]","[-6.065, -5.915, -5.655, -6.152, -6.473, -5.310]"
742,1,0.9682,-0.8457,0.285,339,903,17,23,0.227,65,0.27,23916,1540.89,0,0,12.277(15.347%)(0.000m),25.005(22.063%)(0.536m),60.000(52.941%)(4.286m),46.000(40.588%)(2.786m),28.000(35.000%)(0.857m),9.702(24.255%)(0.000m),24.000(60.000%)(1.500m),921.794,3766.657,61.7,1.7361,"[1.008, 1.196, 0.932, 1.011, 1.308, 0.910]","[2.833, 3.139, 2.881, 2.938, 3.202, 3.077]","[-5.211, -5.329, -5.067, -4.842, -5.189, -4.998]"
743,1,17.6868,-0.4670,0.244,991,2752,77,229,0.226,100,0.40,24016,4534.37,1,1,21.314(26.643%)(0.141m),32.000(28.235%)(1.286m),36.000(31.765%)(1.714m),44.000(38.824%)(2.571m),24.676(30.845%)(0.501m),15.027(37.568%)(0.539m),15.000(37.500%)(0.536m),341.746,4139.024,64.3,1.2911,"[0.571, 0.625, 0.438, 0.543, 0.780, 0.374]","[2.709, 3.039, 2.638, 2.515, 3.208, 2.620]","[-4.074, -4.679, -4.459, -4.556, -5.260, -4.210]"
744,1,3.7917,-0.3142,0.328,913,2518,81,145,0.226,95,0.40,24108,4088.45,0,0,16.418(20.523%)(0.000m),34.814(30.718%)(1.587m),64.000(56.471%)(4.714m),42.086(37.135%)(2.366m),20.039(25.049%)(0.004m),11.000(27.500%)(0.107m),14.144(35.361%)(0.444m),347.700,3890.845,63.8,1.3936,"[0.886, 1.133, 0.947, 0.756, 1.273, 0.867]","[3.486, 3.410, 3.031, 3.234, 3.476, 2.902]","[-4.968, -3.413, -4.972, -4.855, -3.715, -4.980]"
745,1,-0.9247,-0.2585,0.277,858,2367,137,155,0.225,95,0.40,24194,3882.26,0,0,25.600(32.000%)(0.600m),34.000(30.000%)(1.500m),22.000(19.412%)(0.214m),19.000(16.765%)(0.000m),19.146(23.933%)(0.000m),18.155(45.388%)(0.874m),13.524(33.810%)(0.378m),159.043,3011.013,63.9,1.2832,"[0.468, 0.745, 0.539, 0.318, 0.803, 0.409]","[3.296, 3.419, 3.045, 3.255, 3.603, 3.140]","[-4.812, -4.850, -6.569, -5.808, -5.415, -6.230]"
746,1,0.5621,-0.2521,0.247,676,1870,40,55,0.225,90,0.40,24262,2994.13,0,0,30.000(37.500%)(1.071m),47.000(41.471%)(2.893m),54.000(47.647%)(3.643m),23.587(20.812%)(0.384m),12.081(15.102%)(0.000m),24.000(60.000%)(1.500m),9.917(24.791%)(0.000m),535.578,3841.597,64.0,1.3230,"[0.742, 0.939, 0.808, 0.648, 1.114, 0.734]","[3.101, 3.213, 2.664, 3.087, 3.469, 2.752]","[-4.854, -5.136, -4.541, -4.818, -5.172, -4.540]"
747,1,1.3370,-0.2045,0.256,325,934,0,38,0.225,65,0.40,24295,1469.07,0,0,22.000(27.500%)(0.214m),37.000(32.647%)(1.821m),67.000(59.118%)(5.036m),50.000(44.118%)(3.214m),26.000(32.500%)(0.643m),18.754(46.885%)(0.938m),22.000(55.000%)(1.286m),97.198,2884.365,66.5,1.2935,"[0.813, 0.906, 0.520, 0.742, 1.005, 0.354]","[2.530, 3.187, 2.782, 2.464, 3.228, 2.779]","[-1.643, -3.422, -4.487, -1.912, -3.723, -4.622]"
748,1,4.0677,-0.1538,0.279,662,1780,57,44,0.224,85,0.40,24362,2943.08,0,0,14.153(17.692%)(0.000m),30.179(26.629%)(1.091m),29.000(25.588%)(0.964m),21.000(18.529%)(0.107m),24.000(30.000%)(0.429m),9.935(24.837%)(0.000m),24.000(60.000%)(1.500m),0.000,4088.341,62.2,1.2665,"[0.423, 0.467, 0.183, 0.351, 0.664, 0.110]","[2.914, 3.215, 2.897, 2.936, 3.501, 3.026]","[-5.497, -6.206, -5.977, -6.285, -5.985, -6.298]"
749,1,12.2598,0.0564,0.262,1146,3058,126,225,0.224,100,0.53,24477,5266.75,1,1,24.247(30.309%)(0.455m),40.000(35.294%)(2.143m),56.000(49.412%)(3.857m),41.000(36.177%)(2.250m),21.000(26.250%)(0.107m),17.260(43.150%)(0.778m),14.964(37.410%)(0.532m),333.214,4803.755,61.8,1.2683,"[0.910, 1.276, 1.218, 0.886, 1.406, 1.122]","[3.157, 3.399, 3.084, 3.117, 3.646, 3.225]","[-4.329, -3.214, -2.381, -4.049, -3.174, -2.738]"
750,1,8.9268,0.2252,0.278,958,2699,106,220,0.223,100,0.67,24573,4184.05,2,1,21.880(27.350%)(0.201m),36.000(31.765%)(1.714m),45.000(39.706%)(2.679m),44.459(39.229%)(2.621m),20.000(25.000%)(0.000m),15.569(38.923%)(0.597m),14.000(35.000%)(0.429m),318.550,3144.469,65.2,1.2001,"[0.351, 0.699, 0.532, 0.281, 0.815, 0.442]","[2.939, 3.281, 2.887, 2.980, 3.574, 3.015]","[-4.306, -4.289, -4.135, -4.283, -4.739, -4.276]"
751,1,-2.3589,0.2221,0.253,744,1940,175,200,0.223,85,0.67,24648,3308.06,0,0,17.669(22.087%)(0.000m),37.611(33.187%)(1.887m),28.000(24.706%)(0.857m),20.000(17.647%)(0.000m),22.000(27.500%)(0.214m),12.415(31.038%)(0.259m),17.000(42.500%)(0.750m),0.000,3856.395,60.4,1.2499,"[0.286, 0.463, 0.204, 0.233, 0.589, 0.129]","[2.598, 3.143, 2.513, 2.634, 3.418, 2.685]","[-5.026, -5.634, -6.215, -5.297, -5.312, -5.720]"
752,1,-2.4032,0.2257,0.205,190,492,19,0,0.222,45,0.66,24667,860.64,0,0,35.000(43.750%)(1.607m),45.000(39.706%)(2.679m),32.339(28.534%)(1.322m),16.740(14.771%)(0.000m),10.218(12.772%)(0.000m),40.000(100.000%)(3.214m),10.218(25.544%)(0.023m),762.152,3455.372,60.0,1.3502,"[0.615, 0.981, 0.979, 0.507, 1.047, 0.912]","[2.988, 3.156, 2.350, 2.921, 3.330, 2.326]","[-5.530, -5.593, -5.236, -5.866, -5.639, -4.903]"
753,1,-1.1788,0.2289,0.290,374,1029,105,64,0.222,70,0.66,24705,1568.52,0,0,20.000(25.000%)(0.000m),32.000(28.235%)(1.286m),40.000(35.294%)(2.143m),28.000(24.706%)(0.857m),21.000(26.250%)(0.107m),18.000(45.000%)(0.857m),15.039(37.597%)(0.540m),0.000,2895.979,63.7,1.2293,"[0.676, 1.173, 1.065, 0.577, 1.351, 1.087]","[2.801, 3.255, 2.663, 2.722, 3.408, 2.874]","[-5.412, -5.253, -3.831, -5.456, -4.757, -3.879]"
754,1,1.7070,0.2882,0.211,350,1008,0,44,0.221,70,0.66,24740,1489.57,0,0,12.000(15.000%)(0.000m),21.000(18.529%)(0.107m),67.000(59.118%)(5.036m),33.000(29.118%)(1.393m),24.000(30.000%)(0.429m),26.000(65.000%)(1.714m),17.989(44.973%)(0.856m),144.132,3274.212,66.6,1.2048,"[0.295, 0.712, 0.618, 0.177, 0.891, 0.598]","[2.626, 3.132, 2.755, 2.576, 3.424, 2.755]","[-6.733, -6.115, -5.461, -6.850, -6.122, -5.041]"
755,1,-0.8501,0.3735,0.274,373,1062,43,48,0.221,70,0.66,24778,1643.29,0,0,21.612(27.014%)(0.173m),40.000(35.294%)(2.143m),59.000(52.059%)(4.179m),18.000(15.882%)(0.000m),11.000(13.750%)(0.000m),15.244(38.110%)(0.562m),11.000(27.500%)(0.107m),301.306,2981.717,65.9,1.0799,"[0.774, 0.779, 0.492, 0.715, 0.898, 0.324]","[3.009, 3.249, 2.829, 2.841, 3.501, 2.922]","[-6.175, -6.806, -7.115, -6.538, -6.497, -6.790]"
756,1,-0.2369,0.4140,0.316,333,869,108,15,0.221,60,0.66,24812,1491.88,0,0,29.000(36.250%)(0.964m),43.000(37.941%)(2.464m),59.000(52.059%)(4.179m),24.534(21.648%)(0.486m),12.396(15.495%)(0.000m),27.000(67.500%)(1.821m),10.047(25.119%)(0.005m),605.234,3990.398,60.4,1.2069,"[0.689, 1.391, 1.300, 0.619, 1.571, 1.280]","[3.124, 3.374, 2.819, 3.199, 3.626, 3.012]","[-5.433, -4.872, -2.668, -4.991, -4.657, -2.904]"
757,1,-4.8923,0.3157,0.294,502,1288,192,37,0.220,70,0.66,24863,2163.10,0,0,14.729(18.411%)(0.000m),20.000(17.647%)(0.000m),20.000(17.647%)(0.000m),29.851(26.339%)(1.055m),14.266(17.832%)(0.000m),10.357(25.892%)(0.038m),10.848(27.119%)(0.091m),0.000,4022.631,59.4,1.2162,"[0.309, 0.221, -0.348, 0.299, 0.297, -0.414]","[2.371, 2.748, 2.218, 2.323, 2.881, 2.160]","[-5.877, -4.332, -5.390, -5.792, -4.680, -5.232]"
758,1,2.1306,0.3724,0.247,343,916,93,25,0.220,65,0.66,24898,1465.03,0,0,12.903(16.129%)(0.000m),27.854(24.577%)(0.841m),63.000(55.588%)(4.607m),45.000(39.706%)(2.679m),28.000(35.000%)(0.857m),9.685(24.213%)(0.000m),26.000(65.000%)(1.714m),769.937,3813.625,61.8,1.2608,"[1.044, 1.028, 0.413, 1.026, 1.141, 0.273]","[2.479, 2.764, 2.258, 2.430, 2.978, 2.395]","[-5.140, -5.724, -5.700, -4.740, -5.538, -5.524]"
759,1,-1.2960,0.4055,0.241,346,975,135,37,0.219,65,0.66,24933,1477.72,0,0,17.057(21.321%)(0.000m),27.000(23.824%)(0.750m),39.000(34.412%)(2.036m),53.000(46.765%)(3.536m),28.000(35.000%)(0.857m),11.972(29.931%)(0.211m),24.000(60.000%)(1.500m),53.289,2373.287,65.2,1.2518,"[0.608, 0.217, -0.638, 0.538, 0.285, -0.831]","[2.346, 3.004, 2.574, 2.352, 3.275, 2.708]","[-0.793, -4.009, -4.795, -1.405, -4.314, -4.956]"
760,1,-2.7143,0.4062,0.270,339,965,0,39,0.219,65,0.66,24967,1475.53,0,0,26.813(33.516%)(0.730m),52.000(45.882%)(3.429m),63.000(55.588%)(4.607m),26.000(22.941%)(0.643m),27.000(33.750%)(0.750m),19.013(47.533%)(0.966m),22.000(55.000%)(1.286m),673.303,3404.095,65.9,1.1172,"[0.084, 0.239, 0.199, 0.036, 0.337, 0.108]","[2.647, 2.901, 2.475, 2.653, 3.156, 2.522]","[-5.789, -6.201, -5.979, -6.448, -5.967, -5.571]"
761,1,-0.4938,0.4712,0.220,377,1035,138,27,0.218,70,0.66,25005,1668.52,0,0,22.233(27.791%)(0.239m),20.000(17.647%)(0.000m),24.000(21.177%)(0.429m),51.000(45.000%)(3.321m),28.000(35.000%)(0.857m),15.723(39.308%)(0.613m),28.000(70.000%)(1.929m),0.000,2943.846,63.5,1.2051,"[0.703, 0.582, 0.123, 0.599, 0.584, -0.040]","[2.635, 2.981, 2.710, 2.650, 3.123, 2.783]","[-4.193, -5.260, -5.206, -4.540, -5.732, -4.965]"
762,1,2.2111,0.5211,0.289,859,2268,208,114,0.218,90,0.66,25091,3727.03,0,0,18.196(22.746%)(0.000m),36.000(31.765%)(1.714m),41.000(36.177%)(2.250m),26.822(23.666%)(0.731m),12.774(15.967%)(0.000m),12.803(32.009%)(0.300m),9.839(24.598%)(0.000m),675.545,4104.657,61.1,1.2452,"[0.227, 0.709, 0.670, 0.136, 0.813, 0.604]","[3.036, 3.366, 2.874, 2.938, 3.477, 2.806]","[-5.372, -5.140, -4.874, -5.086, -4.791, -5.002]"
763,1,4.2346,0.5202,0.280,897,2503,117,112,0.218,95,0.66,25181,3991.52,0,0,21.000(26.250%)(0.107m),38.000(33.530%)(1.929m),49.000(43.235%)(3.107m),39.456(34.814%)(2.085m),18.584(23.229%)(0.000m),14.000(35.000%)(0.429m),13.067(32.667%)(0.329m),529.060,3586.331,64.6,1.1695,"[0.516, 0.847, 0.581, 0.442, 0.953, 0.462]","[2.847, 3.017, 2.664, 2.841, 3.225, 2.644]","[-4.310, -2.507, -3.437, -4.183, -2.302, -3.773]"
764,1,-1.9926,0.6369,0.267,252,687,15,19,0.217,55,0.65,25207,1111.82,0,0,12.831(16.038%)(0.000m),27.269(24.061%)(0.779m),63.000(55.588%)(4.607m),43.000(37.941%)(2.464m),26.000(32.500%)(0.643m),9.756(24.391%)(0.000m),24.000(60.000%)(1.500m),485.971,3247.195,63.1,1.1012,"[0.801, 0.877, 0.380, 0.804, 1.041, 0.348]","[2.299, 2.692, 2.134, 2.269, 2.882, 2.229]","[-4.060, -4.869, -5.078, -4.327, -4.820, -4.958]"
765,1,-2.1041,0.6689,0.221,249,611,76,29,0.217,50,0.65,25232,1094.59,0,0,27.000(33.750%)(0.750m),30.000(26.471%)(1.071m),31.959(28.199%)(1.281m),16.828(14.848%)(0.000m),10.363(12.954%)(0.000m),40.000(100.000%)(3.214m),10.491(26.227%)(0.053m),356.638,3710.080,56.8,1.2864,"[0.045, 0.315, 0.289, -0.086, 0.368, 0.192]","[2.346, 2.590, 2.194, 2.237, 2.733, 2.254]","[-5.270, -5.405, -4.715, -5.098, -5.076, -5.242]"
766,1,-0.2528,0.7236,0.232,205,538,17,0,0.216,45,0.65,25253,893.60,0,0,12.432(15.539%)(0.000m),25.702(22.678%)(0.611m),63.000(55.588%)(4.607m),53.000(46.765%)(3.536m),36.000(45.000%)(1.714m),9.699(24.248%)(0.000m),40.000(100.000%)(3.214m),1358.416,4105.679,60.7,1.3312,"[0.957, 0.847, 0.212, 0.923, 0.942, 0.055]","[2.234, 2.618, 1.870, 2.262, 2.820, 1.911]","[-4.374, -5.102, -5.010, -4.675, -5.334, -4.809]"
767,1,9.7968,1.0122,0.263,1165,3093,185,273,0.216,100,0.78,25370,5166.98,1,1,22.113(27.642%)(0.226m),33.000(29.118%)(1.393m),46.000(40.588%)(2.786m),31.502(27.796%)(1.232m),14.685(18.356%)(0.000m),15.631(39.077%)(0.603m),10.296(25.740%)(0.032m),322.178,3512.860,61.4,1.1415,"[0.590, 0.807, 0.631, 0.543, 0.952, 0.578]","[2.837, 3.102, 2.683, 2.809, 3.386, 3.001]","[-5.221, -4.776, -4.025, -5.049, -4.604, -4.330]"
768,1,-0.3892,0.9685,0.290,481,1287,163,42,0.215,75,0.78,25419,2088.72,0,0,12.000(15.000%)(0.000m),40.000(35.294%)(2.143m),46.000(40.588%)(2.786m),35.000(30.882%)(1.607m),17.776(22.220%)(0.000m),10.000(25.000%)(0.000m),12.553(31.382%)(0.274m),284.183,4162.275,61.9,1.2285,"[0.098, 0.932, 1.028, 0.002, 1.102, 0.938]","[2.581, 3.085, 2.638, 2.596, 3.369, 2.962]","[-5.859, -3.377, -2.593, -5.573, -3.395, -3.212]"
769,1,0.4857,0.6634,0.261,265,698,26,43,0.215,55,0.78,25446,1145.69,0,0,13.299(16.624%)(0.000m),29.003(25.591%)(0.965m),55.000(48.530%)(3.750m),39.000(34.412%)(2.036m),23.000(28.750%)(0.321m),9.725(24.313%)(0.000m),20.000(50.000%)(1.071m),418.109,3379.007,60.9,1.2359,"[1.181, 1.226, 0.891, 1.124, 1.359, 0.848]","[2.713, 3.380, 3.214, 2.673, 3.505, 3.374]","[-3.291, -5.211, -5.249, -3.529, -5.472, -5.325]"
770,1,3.9711,0.7145,0.251,867,2388,113,131,0.214,95,0.78,25533,3786.08,0,0,12.000(15.000%)(0.000m),21.000(18.529%)(0.107m),52.000(45.882%)(3.429m),36.000(31.765%)(1.714m),17.000(21.250%)(0.000m),15.727(39.318%)(0.614m),12.000(30.000%)(0.214m),462.597,3389.183,63.7,1.3156,"[0.722, 0.973, 0.647, 0.655, 1.073, 0.560]","[2.889, 3.385, 3.048, 2.807, 3.552, 3.164]","[-5.891, -4.710, -5.315, -6.245, -5.005, -5.197]"
771,1,6.9169,0.9158,0.271,869,2402,19,165,0.214,95,0.78,25620,3826.74,0,0,12.000(15.000%)(0.000m),21.000(18.529%)(0.107m),42.000(37.059%)(2.357m),32.000(28.235%)(1.286m),23.000(28.750%)(0.321m),11.000(27.500%)(0.107m),17.355(43.387%)(0.788m),208.480,3421.561,64.0,1.2239,"[0.948, 1.152, 1.109, 0.860, 1.317, 1.002]","[3.208, 3.396, 3.161, 3.157, 3.644, 3.159]","[-6.095, -5.528, -5.175, -6.185, -5.669, -5.357]"
772,1,-1.2629,0.8154,0.296,252,634,16,0,0.214,50,0.78,25646,1108.26,0,0,33.000(41.250%)(1.393m),54.000(47.647%)(3.643m),45.599(40.234%)(2.743m),19.848(17.513%)(0.000m),11.196(13.995%)(0.000m),30.000(75.000%)(2.143m),10.151(25.376%)(0.016m),1423.681,4766.854,58.3,1.1877,"[1.635, 1.923, 1.736, 1.601, 2.018, 1.747]","[3.374, 3.915, 3.248, 3.371, 4.003, 3.282]","[-5.292, -5.068, -6.026, -5.477, -5.258, -5.768]"
773,1,0.8381,0.9004,0.310,414,1117,36,33,0.213,70,0.78,25688,1749.99,0,0,20.743(25.929%)(0.080m),34.000(30.000%)(1.500m),25.000(22.059%)(0.536m),18.000(15.882%)(0.000m),29.000(36.250%)(0.964m),14.602(36.505%)(0.493m),26.000(65.000%)(1.714m),394.809,4017.094,62.5,1.3250,"[1.007, 1.218, 0.897, 0.963, 1.318, 0.830]","[3.118, 3.860, 3.246, 3.079, 3.897, 3.441]","[-5.371, -5.209, -6.555, -6.279, -5.639, -6.304]"
774,1,-2.3998,0.7073,0.237,285,757,61,11,0.213,55,0.78,25717,1208.45,0,0,13.244(16.556%)(0.000m),28.678(25.304%)(0.930m),56.000(49.412%)(3.857m),38.000(33.530%)(1.929m),31.000(38.750%)(1.179m),9.685(24.213%)(0.000m),24.000(60.000%)(1.500m),589.169,3903.556,61.4,1.3341,"[1.367, 1.517, 0.590, 1.374, 1.670, 0.454]","[3.138, 3.557, 3.220, 3.047, 3.792, 3.430]","[-2.842, -3.584, -4.676, -3.288, -3.621, -5.017]"
775,1,-1.7197,0.6640,0.235,405,1090,28,31,0.212,70,0.77,25758,1810.46,0,0,22.913(28.641%)(0.312m),26.000(22.941%)(0.643m),48.000(42.353%)(3.000m),38.000(33.530%)(1.929m),31.000(38.750%)(1.179m),16.184(40.460%)(0.663m),25.000(62.500%)(1.607m),103.732,2722.802,62.3,1.1761,"[1.211, 1.171, 0.502, 1.207, 1.286, 0.377]","[3.049, 3.584, 3.092, 3.072, 3.731, 3.156]","[-0.754, -2.402, -4.069, -0.855, -2.344, -4.477]"
776,1,-2.2289,0.6684,0.224,175,462,15,0,0.212,45,0.77,25776,753.71,0,0,10.660(13.325%)(0.000m),18.315(16.160%)(0.000m),39.073(34.476%)(2.043m),59.000(52.059%)(4.179m),38.000(47.500%)(1.929m),10.027(25.068%)(0.003m),40.000(100.000%)(3.214m),1271.860,4091.959,61.1,1.2064,"[1.187, 1.100, 0.849, 1.223, 1.265, 0.923]","[2.959, 3.132, 2.837, 3.013, 3.289, 3.119]","[-5.878, -6.369, -5.415, -5.360, -6.186, -5.657]"
777,1,0.4215,0.6467,0.323,295,796,64,52,0.211,60,0.77,25806,1282.81,0,0,11.725(14.656%)(0.000m),22.589(19.932%)(0.277m),65.000(57.353%)(4.821m),36.000(31.765%)(1.714m),22.000(27.500%)(0.214m),9.746(24.364%)(0.000m),20.000(50.000%)(1.071m),409.887,3442.180,62.5,1.3288,"[1.298, 1.440, 0.616, 1.268, 1.594, 0.414]","[2.931, 3.331, 2.957, 3.010, 3.557, 3.052]","[-5.084, -4.929, -4.678, -5.290, -4.755, -4.983]"
778,1,-2.2510,0.7351,0.231,631,1742,140,156,0.211,85,0.77,25870,2815.27,0,0,18.160(22.700%)(0.000m),34.000(30.000%)(1.500m),32.392(28.581%)(1.328m),17.055(15.049%)(0.000m),10.504(13.130%)(0.000m),12.777(31.941%)(0.297m),10.633(26.582%)(0.068m),346.057,3655.603,63.9,1.3910,"[0.394, 0.571, 0.445, 0.278, 0.678, 0.317]","[2.570, 2.914, 2.424, 2.270, 3.083, 2.458]","[-5.587, -5.121, -5.114, -5.980, -5.425, -5.086]"
779,1,-3.8081,0.6625,0.289,418,1173,62,150,0.211,75,0.77,25912,1782.25,0,0,11.000(13.750%)(0.000m),29.000(25.588%)(0.964m),44.000(38.824%)(2.571m),36.000(31.765%)(1.714m),18.000(22.500%)(0.000m),11.000(27.500%)(0.107m),13.000(32.500%)(0.321m),181.575,3725.685,64.9,1.2497,"[0.061, 0.156, -0.074, 0.001, 0.314, -0.194]","[2.423, 2.995, 2.561, 2.435, 3.262, 2.781]","[-4.951, -4.449, -4.247, -5.138, -4.277, -4.692]"
780,1,18.1990,0.9991,0.259,1117,3000,104,147,0.210,100,0.90,26024,4923.35,1,1,21.062(26.328%)(0.114m),44.125(38.934%)(2.585m),52.000(45.882%)(3.429m),39.000(34.412%)(2.036m),20.000(25.000%)(0.000m),14.886(37.215%)(0.523m),15.073(37.682%)(0.544m),419.887,3906.646,62.2,1.1421,"[1.070, 1.295, 1.071, 0.999, 1.426, 1.020]","[2.904, 3.205, 2.801, 2.734, 3.421, 2.814]","[-4.359, -2.605, -4.471, -4.290, -2.834, -4.714]"
781,1,-2.4108,0.9878,0.256,173,466,18,14,0.210,45,0.90,26042,766.56,0,0,10.911(13.639%)(0.000m),17.876(15.773%)(0.000m),34.533(30.471%)(1.557m),37.000(32.647%)(1.821m),28.000(35.000%)(0.857m),10.911(27.278%)(0.098m),40.000(100.000%)(3.214m),404.654,3152.477,62.3,1.1620,"[0.625, 0.613, 0.354, 0.485, 0.702, 0.245]","[2.685, 3.125, 2.633, 2.596, 3.358, 2.739]","[-6.153, -5.149, -5.515, -5.896, -5.559, -5.819]"
782,1,0.0687,1.0678,0.287,383,985,162,30,0.209,65,0.90,26081,1574.41,0,0,26.000(32.500%)(0.643m),35.000(30.882%)(1.607m),47.000(41.471%)(2.893m),27.747(24.483%)(0.830m),12.966(16.208%)(0.000m),30.000(75.000%)(2.143m),9.732(24.331%)(0.000m),615.350,4376.792,59.5,1.1856,"[0.698, 1.417, 1.269, 0.615, 1.584, 1.304]","[3.000, 3.336, 2.807, 3.025, 3.670, 3.002]","[-4.693, -4.388, -3.184, -4.654, -4.754, -3.219]"
783,1,2.9467,1.1038,0.275,523,1361,18,88,0.209,75,0.89,26134,2404.01,0,0,24.857(31.071%)(0.520m),51.810(45.715%)(3.408m),66.000(58.235%)(4.929m),35.000(30.882%)(1.607m),13.000(16.250%)(0.000m),17.607(44.017%)(0.815m),10.000(25.000%)(0.000m),1273.390,6018.789,60.2,1.1513,"[1.172, 1.401, 1.328, 1.133, 1.509, 1.133]","[3.273, 3.659, 3.095, 3.059, 3.736, 2.869]","[-5.121, -4.523, -3.467, -5.377, -5.039, -4.091]"
784,1,-1.2658,1.0986,0.291,690,1835,106,156,0.209,85,0.89,26203,2945.70,0,0,22.059(27.574%)(0.221m),29.000(25.588%)(0.964m),27.000(23.824%)(0.750m),20.000(17.647%)(0.000m),23.000(28.750%)(0.321m),15.566(38.916%)(0.596m),14.000(35.000%)(0.429m),0.000,3187.579,61.6,1.2080,"[0.732, 0.832, 0.531, 0.687, 0.950, 0.460]","[3.345, 3.429, 2.810, 3.255, 3.629, 3.106]","[-6.199, -4.818, -6.036, -5.074, -5.174, -5.636]"
785,1,16.4912,1.4696,0.282,1169,3108,262,131,0.208,100,1.02,26320,5249.06,1,1,21.543(26.929%)(0.165m),37.000(32.647%)(1.821m),48.000(42.353%)(3.000m),37.000(32.647%)(1.821m),18.000(22.500%)(0.000m),15.248(38.119%)(0.562m),13.000(32.500%)(0.321m),195.488,3939.817,61.5,1.2824,"[0.883, 1.366, 1.216, 0.835, 1.492, 1.164]","[2.916, 3.720, 3.479, 2.871, 3.844, 3.651]","[-4.840, -3.811, -3.531, -4.582, -3.663, -3.944]"
786,1,-1.2894,1.5537,0.283,196,509,18,0,0.208,45,1.02,26340,850.19,0,0,11.939(14.924%)(0.000m),23.309(20.567%)(0.355m),62.000(54.706%)(4.500m),48.000(42.353%)(3.000m),35.000(43.750%)(1.607m),9.800(24.499%)(0.000m),40.000(100.000%)(3.214m),695.315,3914.201,60.1,1.3126,"[1.582, 1.163, 0.429, 1.555, 1.265, 0.439]","[3.116, 3.457, 2.782, 3.191, 3.698, 2.961]","[-5.861, -5.535, -5.707, -5.818, -5.535, -5.565]"
787,1,-4.4794,1.4469,0.297,374,1031,32,46,0.207,70,1.02,26378,1587.67,0,0,36.000(45.000%)(1.714m),63.000(55.588%)(4.607m),29.000(25.588%)(0.964m),20.000(17.647%)(0.000m),24.000(30.000%)(0.429m),19.000(47.500%)(0.964m),18.612(46.530%)(0.923m),0.000,3650.410,63.8,1.1978,"[0.830, 1.291, 1.157, 0.682, 1.374, 1.077]","[3.510, 3.519, 3.057, 3.376, 3.732, 3.058]","[-5.792, -6.442, -7.218, -6.369, -6.951, -7.180]"
788,1,-1.1221,1.4562,0.296,705,1926,156,154,0.207,90,1.02,26449,3053.82,0,0,22.215(27.768%)(0.237m),46.363(40.908%)(2.825m),64.000(56.471%)(4.714m),29.405(25.946%)(1.008m),13.802(17.253%)(0.000m),11.000(27.500%)(0.107m),9.691(24.226%)(0.000m),598.139,3945.473,63.2,1.2395,"[0.635, 0.909, 0.748, 0.621, 1.017, 0.648]","[2.968, 3.637, 3.111, 2.925, 3.751, 3.325]","[-5.540, -5.391, -7.179, -5.203, -5.493, -7.064]"
789,1,-1.6189,1.3801,0.249,148,393,15,0,0.206,40,1.01,26464,645.71,0,0,47.000(58.750%)(2.893m),53.039(46.800%)(3.540m),20.399(18.000%)(0.043m),13.184(11.633%)(0.000m),9.231(11.539%)(0.000m),40.000(100.000%)(3.214m),11.534(28.836%)(0.164m),1056.462,3483.766,61.5,1.2463,"[0.789, 1.007, 1.097, 0.740, 1.113, 0.926]","[2.958, 3.300, 2.958, 2.853, 3.478, 3.015]","[-7.150, -6.111, -5.721, -5.987, -6.179, -5.791]"
790,1,17.2398,1.7558,0.272,1168,3098,296,128,0.206,100,1.14,26581,5288.41,1,1,24.000(30.000%)(0.429m),38.000(33.530%)(1.929m),44.000(38.824%)(2.571m),34.337(30.297%)(1.536m),16.227(20.284%)(0.000m),23.000(57.500%)(1.393m),11.421(28.552%)(0.152m),305.161,3952.685,61.4,1.2347,"[0.642, 1.171, 1.169, 0.573, 1.286, 1.147]","[2.975, 3.545, 3.037, 2.933, 3.752, 3.158]","[-5.653, -3.618, -4.582, -5.354, -3.970, -4.245]"
791,1,-1.0078,1.7661,0.264,324,931,111,29,0.206,65,1.14,26614,1467.07,0,0,18.198(22.748%)(0.000m),23.000(20.294%)(0.321m),43.000(37.941%)(2.464m),49.000(43.235%)(3.107m),28.000(35.000%)(0.857m),12.794(31.984%)(0.299m),24.000(60.000%)(1.500m),0.000,2671.532,66.5,1.7666,"[0.941, 0.821, 0.221, 0.926, 0.928, 0.107]","[2.413, 3.148, 2.884, 2.439, 3.402, 3.151]","[-3.859, -4.843, -5.252, -3.930, -5.276, -5.317]"
792,1,-2.3371,1.7000,0.314,164,451,17,12,0.205,40,1.14,26631,735.87,0,0,10.546(13.182%)(0.000m),17.277(15.244%)(0.000m),33.377(29.450%)(1.433m),41.000(36.177%)(2.250m),29.000(36.250%)(0.964m),10.546(26.364%)(0.058m),40.000(100.000%)(3.214m),432.969,3133.359,63.7,1.1574,"[0.811, 0.976, 0.695, 0.823, 1.121, 0.572]","[2.612, 3.239, 2.983, 2.669, 3.455, 3.184]","[-6.713, -5.123, -5.251, -5.970, -4.991, -5.691]"
793,1,-0.6888,1.3325,0.355,340,1006,105,24,0.205,70,1.13,26665,1540.29,0,0,18.050(22.563%)(0.000m),38.402(33.884%)(1.972m),68.000(60.000%)(5.143m),29.000(25.588%)(0.964m),13.000(16.250%)(0.000m),12.684(31.710%)(0.288m),10.000(25.000%)(0.000m),412.613,3132.760,68.5,1.7347,"[0.268, 0.466, 0.165, 0.266, 0.573, -0.044]","[2.869, 3.230, 3.037, 2.899, 3.502, 3.117]","[-7.158, -5.779, -5.155, -7.333, -6.747, -5.082]"
794,1,0.5523,1.2677,0.291,774,2016,52,89,0.204,85,1.13,26743,3408.82,0,0,22.000(27.500%)(0.214m),34.000(30.000%)(1.500m),68.000(60.000%)(5.143m),27.930(24.644%)(0.850m),13.126(16.408%)(0.000m),23.000(57.500%)(1.393m),9.725(24.313%)(0.000m),178.564,5248.376,60.3,1.2013,"[0.884, 1.335, 1.324, 0.823, 1.462, 1.270]","[3.396, 3.425, 3.066, 3.311, 3.549, 3.297]","[-5.416, -4.708, -4.089, -5.140, -4.704, -4.202]"
795,1,-1.3541,1.2591,0.433,191,501,19,7,0.204,45,1.13,26763,856.39,0,0,31.000(38.750%)(1.179m),44.000(38.824%)(2.571m),23.438(20.681%)(0.368m),13.976(12.332%)(0.000m),9.256(11.570%)(0.000m),40.000(100.000%)(3.214m),10.464(26.161%)(0.050m),679.336,3238.041,60.7,1.1126,"[1.168, 1.400, 1.279, 1.027, 1.506, 1.276]","[3.255, 3.558, 3.096, 3.230, 3.783, 3.440]","[-5.042, -5.414, -5.813, -5.584, -5.676, -5.903]"
796,1,1.4703,1.2773,0.273,397,1076,182,17,0.204,70,1.13,26803,1632.30,0,0,35.000(43.750%)(1.607m),44.000(38.824%)(2.571m),37.000(32.647%)(1.821m),26.000(22.941%)(0.643m),21.000(26.250%)(0.107m),28.000(70.000%)(1.929m),15.717(39.292%)(0.613m),0.000,3791.194,62.7,1.1065,"[0.842, 1.503, 1.516, 0.774, 1.640, 1.486]","[2.556, 3.237, 3.020, 2.609, 3.437, 3.200]","[-5.012, -5.808, -4.314, -5.160, -5.979, -4.714]"
797,1,-0.5693,1.2392,0.348,602,1662,166,105,0.203,85,1.13,26864,2698.31,0,0,23.000(28.750%)(0.321m),50.000(44.118%)(3.214m),20.000(17.647%)(0.000m),21.000(18.529%)(0.107m),22.183(27.729%)(0.234m),16.000(40.000%)(0.643m),15.675(39.189%)(0.608m),0.000,2784.499,63.9,1.2682,"[0.403, 0.803, 0.730, 0.321, 0.903, 0.642]","[3.427, 3.650, 3.123, 3.268, 3.735, 3.004]","[-5.464, -6.144, -6.064, -5.686, -6.021, -6.286]"
798,1,2.4019,1.2059,0.303,1007,2651,215,58,0.203,95,1.13,26965,4432.69,0,0,13.974(17.468%)(0.000m),25.000(22.059%)(0.536m),55.000(48.530%)(3.750m),42.000(37.059%)(2.357m),25.993(32.491%)(0.642m),9.810(24.525%)(0.000m),18.487(46.219%)(0.909m),628.596,4780.210,60.9,1.3030,"[1.219, 1.350, 0.815, 1.167, 1.447, 0.720]","[3.406, 3.918, 3.335, 3.368, 3.997, 3.413]","[-5.535, -5.257, -5.511, -5.568, -5.594, -5.676]"
799,1,-0.8526,0.9436,0.238,256,639,43,10,0.202,50,1.13,26991,1137.43,0,0,30.000(37.500%)(1.071m),42.000(37.059%)(2.357m),56.000(49.412%)(3.857m),25.911(22.863%)(0.633m),12.533(15.666%)(0.000m),40.000(100.000%)(3.214m),9.778(24.446%)(0.000m),518.041,4756.802,57.8,1.2540,"[0.743, 1.725, 1.882, 0.674, 1.849, 1.763]","[2.897, 3.580, 3.365, 2.926, 3.753, 3.409]","[-5.147, -5.061, -2.631, -5.005, -4.954, -3.621]"
800,1,1.0255,0.7856,0.288,395,1077,36,11,0.202,70,1.12,27031,1692.65,0,0,24.000(30.000%)(0.429m),20.000(17.647%)(0.000m),22.000(19.412%)(0.214m),46.006(40.593%)(2.786m),23.140(28.924%)(0.336m),22.319(55.798%)(1.320m),16.455(41.138%)(0.692m),0.000,4185.632,63.1,1.2070,"[0.792, 1.133, 0.914, 0.725, 1.190, 0.824]","[3.057, 3.502, 2.891, 3.013, 3.531, 2.932]","[-4.599, -4.997, -4.683, -4.548, -5.465, -4.449]"
801,1,1.1536,0.8558,0.276,319,921,145,42,0.202,65,1.12,27063,1317.43,0,0,25.000(31.250%)(0.536m),20.000(17.647%)(0.000m),20.000(17.647%)(0.000m),20.000(17.647%)(0.000m),18.985(23.732%)(0.000m),21.000(52.500%)(1.179m),13.344(33.359%)(0.358m),0.000,2558.963,66.8,1.1232,"[0.117, 0.673, 0.546, 0.178, 0.723, 0.518]","[2.494, 3.153, 2.603, 2.577, 3.412, 2.771]","[-7.125, -4.820, -5.097, -6.345, -5.307, -5.053]"
802,1,0.6726,0.9174,0.296,619,1697,35,146,0.201,85,1.12,27125,2701.94,0,0,25.000(31.250%)(0.536m),20.000(17.647%)(0.000m),50.000(44.118%)(3.214m),37.000(32.647%)(1.821m),22.000(27.500%)(0.214m),18.256(45.641%)(0.885m),16.000(40.000%)(0.643m),0.000,2982.000,63.4,1.3309,"[0.562, 0.769, 0.632, 0.588, 0.916, 0.519]","[3.428, 3.666, 3.359, 3.307, 3.837, 3.403]","[-6.555, -6.510, -6.356, -6.026, -6.680, -6.019]"
803,1,-1.9373,0.9022,0.278,395,1112,109,65,0.201,70,1.12,27165,1732.76,0,0,19.953(24.941%)(0.000m),29.000(25.588%)(0.964m),42.000(37.059%)(2.357m),31.000(27.353%)(1.179m),14.000(17.500%)(0.000m),14.055(35.136%)(0.434m),10.000(25.000%)(0.000m),71.692,3087.195,65.2,1.2568,"[0.658, 0.741, 0.329, 0.632, 0.848, 0.207]","[3.277, 3.835, 3.417, 3.209, 4.020, 3.433]","[-6.264, -5.393, -4.638, -6.315, -6.469, -4.678]"
804,1,20.2355,1.2728,0.265,1179,3120,39,151,0.200,100,1.24,27283,5248.91,1,1,30.000(37.500%)(1.071m),44.000(38.824%)(2.571m),53.000(46.765%)(3.536m),37.000(32.647%)(1.821m),19.682(24.603%)(0.000m),19.000(47.500%)(0.964m),13.843(34.608%)(0.412m),393.019,3881.284,61.2,1.2404,"[1.304, 1.615, 1.456, 1.203, 1.754, 1.406]","[3.399, 3.645, 3.332, 3.267, 3.735, 3.390]","[-4.529, -1.590, -3.105, -4.373, -1.584, -3.481]"
805,1,4.9150,1.3881,0.242,592,1646,18,1,0.200,85,1.24,27343,2643.91,0,0,32.000(40.000%)(1.286m),48.000(42.353%)(3.000m),44.757(39.491%)(2.652m),19.481(17.189%)(0.000m),10.989(13.736%)(0.000m),25.000(62.500%)(1.607m),9.963(24.907%)(0.000m),747.938,3891.071,64.3,1.1921,"[0.516, 1.001, 1.055, 0.380, 1.111, 0.917]","[2.582, 3.033, 2.670, 2.563, 3.187, 2.751]","[-5.629, -6.018, -5.419, -5.242, -5.674, -5.251]"
806,1,0.3848,1.4005,0.271,333,949,28,8,0.200,65,1.24,27377,1438.88,0,0,37.000(46.250%)(1.821m),68.000(60.000%)(5.143m),76.000(67.059%)(6.000m),20.000(17.647%)(0.000m),21.585(26.981%)(0.170m),25.000(62.500%)(1.607m),15.208(38.019%)(0.558m),0.000,3416.778,65.9,1.1925,"[0.661, 1.243, 1.106, 0.622, 1.422, 1.126]","[2.724, 3.251, 2.886, 2.748, 3.330, 3.007]","[-5.909, -7.214, -9.302, -6.944, -7.014, -7.954]"
807,1,1.0671,1.5197,0.246,321,925,37,55,0.199,65,1.24,27410,1389.28,0,0,19.312(24.140%)(0.000m),20.000(17.647%)(0.000m),56.000(49.412%)(3.857m),39.000(34.412%)(2.036m),22.000(27.500%)(0.214m),13.589(33.972%)(0.385m),20.000(50.000%)(1.071m),0.000,2496.204,66.7,1.1894,"[0.941, 1.081, 0.515, 0.872, 1.200, 0.374]","[2.889, 3.292, 2.812, 2.837, 3.418, 2.880]","[-5.985, -4.598, -4.582, -5.943, -4.980, -4.437]"
808,1,-0.8024,1.4610,0.301,335,977,8,50,0.199,70,1.24,27444,1470.37,0,0,26.000(32.500%)(0.643m),38.000(33.530%)(1.929m),25.000(22.059%)(0.536m),15.000(13.235%)(0.000m),10.000(12.500%)(0.000m),21.149(52.873%)(1.195m),22.000(55.000%)(1.286m),339.795,2863.583,67.5,1.2517,"[0.720, 0.913, 0.644, 0.672, 1.073, 0.533]","[3.163, 3.514, 3.133, 3.147, 3.756, 3.205]","[-5.818, -5.507, -8.242, -6.903, -5.812, -7.772]"
809,1,-0.4837,1.4773,0.250,809,2256,339,128,0.198,95,1.24,27525,3493.36,0,0,16.178(20.222%)(0.000m),33.000(29.118%)(1.393m),33.000(29.118%)(1.393m),25.000(22.059%)(0.536m),16.000(20.000%)(0.000m),11.371(28.428%)(0.147m),11.000(27.500%)(0.107m),0.000,3409.297,64.6,1.1793,"[0.444, 0.770, 0.492, 0.371, 0.878, 0.427]","[2.940, 3.158, 2.910, 2.834, 3.346, 3.103]","[-6.172, -6.237, -5.055, -6.588, -6.035, -5.196]"
810,1,-1.5243,1.5011,0.260,339,996,86,45,0.198,70,1.23,27559,1419.90,0,0,16.958(21.198%)(0.000m),36.284(32.015%)(1.745m),50.000(44.118%)(3.214m),21.000(18.529%)(0.107m),12.000(15.000%)(0.000m),11.898(29.745%)(0.203m),11.000(27.500%)(0.107m),212.104,2669.104,68.0,1.2373,"[0.355, 0.397, -0.065, 0.323, 0.571, -0.262]","[3.084, 3.364, 2.753, 3.109, 3.671, 2.778]","[-6.107, -6.101, -5.471, -6.674, -5.902, -5.370]"
811,1,0.7947,1.5268,0.234,410,1179,11,131,0.198,75,1.23,27600,1745.45,0,0,23.000(28.750%)(0.321m),33.000(29.118%)(1.393m),59.000(52.059%)(4.179m),39.000(34.412%)(2.036m),23.306(29.132%)(0.354m),16.000(40.000%)(0.643m),16.452(41.131%)(0.691m),182.838,3018.838,66.6,1.1511,"[0.492, 0.830, 0.547, 0.418, 0.904, 0.453]","[2.778, 3.344, 2.764, 2.978, 3.507, 2.787]","[-3.710, -2.627, -4.049, -3.981, -2.993, -4.162]"
812,1,-8.6494,1.3096,0.274,832,2117,220,226,0.197,85,1.23,27684,3531.59,0,0,15.000(18.750%)(0.000m),20.000(17.647%)(0.000m),37.000(32.647%)(1.821m),31.651(27.928%)(1.248m),15.080(18.850%)(0.000m),11.000(27.500%)(0.107m),10.610(26.525%)(0.065m),0.000,3825.520,58.9,1.1982,"[-0.017, 0.084, -0.171, -0.033, 0.135, -0.122]","[2.469, 3.166, 2.755, 2.524, 3.366, 2.905]","[-5.785, -5.205, -6.081, -5.683, -5.338, -5.678]"
813,1,1.5120,1.2552,0.286,378,972,75,22,0.197,65,1.23,27722,1652.02,0,0,11.797(14.747%)(0.000m),21.890(19.315%)(0.203m),56.915(50.219%)(3.955m),47.000(41.471%)(2.893m),28.000(35.000%)(0.857m),10.180(25.450%)(0.019m),27.000(67.500%)(1.821m),755.700,4306.788,59.5,1.1628,"[1.585, 1.616, 1.215, 1.502, 1.797, 1.093]","[3.117, 3.297, 2.938, 2.986, 3.550, 3.066]","[-4.604, -5.013, -4.885, -4.402, -5.045, -4.964]"
814,1,3.0202,1.3554,0.262,925,2518,193,97,0.196,95,1.23,27815,4063.07,0,0,12.000(15.000%)(0.000m),23.000(20.294%)(0.321m),50.000(44.118%)(3.214m),30.299(26.735%)(1.103m),13.990(17.488%)(0.000m),10.000(25.000%)(0.000m),9.797(24.493%)(0.000m),385.820,4036.414,63.0,1.2454,"[0.745, 0.994, 0.779, 0.655, 1.083, 0.689]","[2.807, 3.235, 2.973, 2.762, 3.436, 3.086]","[-4.960, -5.185, -5.160, -4.748, -5.436, -5.397]"
815,1,11.6136,1.6298,0.236,1053,2876,137,275,0.196,100,1.35,27921,4686.77,1,1,18.000(22.500%)(0.000m),35.000(30.882%)(1.607m),48.000(42.353%)(3.000m),38.000(33.530%)(1.929m),18.717(23.396%)(0.000m),13.000(32.500%)(0.321m),13.151(32.878%)(0.338m),273.425,3732.344,63.2,1.2894,"[0.441, 0.645, 0.316, 0.328, 0.734, 0.270]","[2.679, 3.291, 2.936, 2.608, 3.484, 3.159]","[-4.515, -3.083, -5.022, -4.358, -3.482, -5.254]"
816,1,3.3523,1.7019,0.248,1011,2661,102,171,0.196,95,1.35,28023,4548.54,0,0,23.000(28.750%)(0.321m),41.000(36.177%)(2.250m),55.000(48.530%)(3.750m),22.000(19.412%)(0.214m),16.253(20.316%)(0.000m),21.000(52.500%)(1.179m),11.438(28.596%)(0.154m),595.693,4811.941,60.9,1.2187,"[0.394, 0.877, 0.825, 0.282, 1.002, 0.765]","[2.772, 2.750, 2.557, 2.715, 2.999, 2.528]","[-5.778, -5.785, -5.813, -6.037, -5.947, -5.490]"
817,1,4.9325,1.6046,0.228,356,994,4,28,0.195,65,1.35,28059,1536.61,0,0,28.000(35.000%)(0.857m),40.000(35.294%)(2.143m),56.000(49.412%)(3.857m),34.000(30.000%)(1.500m),23.000(28.750%)(0.321m),26.000(65.000%)(1.714m),17.418(43.545%)(0.795m),22.427,2795.406,64.6,1.1879,"[0.927, 1.302, 1.138, 0.867, 1.424, 1.049]","[2.668, 3.267, 2.994, 2.767, 3.385, 3.082]","[-4.826, -4.745, -3.637, -4.873, -5.077, -3.847]"
818,1,-2.6041,1.5603,0.261,189,531,29,13,0.195,45,1.34,28078,826.65,0,0,12.753(15.942%)(0.000m),26.779(23.628%)(0.726m),62.000(54.706%)(4.500m),39.000(34.412%)(2.036m),29.000(36.250%)(0.964m),9.823(24.558%)(0.000m),26.000(65.000%)(1.714m),382.688,3296.736,65.0,1.2839,"[1.089, 0.563, -0.635, 1.078, 0.656, -0.790]","[2.913, 3.143, 2.540, 2.990, 3.478, 2.666]","[-2.570, -4.962, -5.419, -2.516, -5.242, -5.335]"
819,1,-2.3745,1.5031,0.245,131,368,21,17,0.194,40,1.34,28092,587.83,0,0,40.423(50.529%)(2.188m),66.831(58.968%)(5.018m),37.000(32.647%)(1.821m),27.000(23.824%)(0.750m),22.000(27.500%)(0.214m),39.932(99.830%)(3.207m),40.000(100.000%)(3.214m),19.298,2115.861,65.0,1.1691,"[0.407, 0.620, 0.615, 0.374, 0.642, 0.381]","[2.554, 3.040, 2.640, 2.784, 3.400, 2.839]","[-3.593, -3.807, -3.438, -3.699, -3.833, -3.443]"
820,1,-1.8050,1.3876,0.257,153,412,35,26,0.194,40,1.34,28108,659.43,0,0,22.000(27.500%)(0.214m),25.000(22.059%)(0.536m),31.000(27.353%)(1.179m),62.194(54.877%)(4.521m),38.970(48.712%)(2.032m),40.000(100.000%)(3.214m),40.000(100.000%)(3.214m),16.734,2035.362,62.2,1.1428,"[0.759, 0.715, 0.246, 0.561, 0.616, 0.026]","[2.903, 3.101, 2.365, 2.967, 3.402, 2.396]","[-3.455, -2.870, -4.129, -3.882, -3.668, -4.404]"
821,1,-0.9980,1.2293,0.288,334,963,0,36,0.194,65,1.34,28142,1455.80,0,0,23.811(29.764%)(0.408m),49.910(44.039%)(3.205m),66.000(58.235%)(4.929m),23.000(20.294%)(0.321m),16.000(20.000%)(0.000m),16.811(42.028%)(0.730m),23.000(57.500%)(1.393m),646.665,3092.221,66.8,1.3153,"[0.382, 0.591, 0.523, 0.319, 0.735, 0.451]","[2.403, 3.040, 2.835, 2.454, 3.199, 3.004]","[-5.506, -6.076, -5.219, -6.079, -5.923, -5.015]"
822,1,-1.0547,1.2334,0.301,617,1701,114,84,0.193,85,1.34,28204,2658.82,0,0,24.000(30.000%)(0.429m),40.000(35.294%)(2.143m),49.000(43.235%)(3.107m),28.656(25.285%)(0.927m),13.472(16.840%)(0.000m),17.000(42.500%)(0.750m),9.622(24.056%)(0.000m),371.752,3628.055,63.8,1.1806,"[0.396, 0.588, 0.464, 0.286, 0.700, 0.467]","[2.926, 3.352, 2.917, 2.827, 3.516, 3.116]","[-4.955, -5.429, -4.252, -4.891, -5.359, -4.435]"
823,1,-2.0833,1.1750,0.245,178,481,17,19,0.193,45,1.34,28222,766.31,0,0,27.000(33.750%)(0.750m),41.000(36.177%)(2.250m),36.030(31.791%)(1.717m),17.979(15.864%)(0.000m),10.774(13.467%)(0.000m),40.000(100.000%)(3.214m),10.514(26.285%)(0.055m),478.910,3400.127,62.5,1.2700,"[0.205, 0.627, 0.816, 0.122, 0.744, 0.700]","[2.267, 2.778, 2.641, 2.358, 3.116, 2.806]","[-5.348, -5.066, -4.979, -5.507, -5.051, -4.540]"
824,1,18.1451,1.5859,0.287,1036,2841,197,161,0.193,100,1.46,28326,4504.18,1,1,21.000(26.250%)(0.107m),41.000(36.177%)(2.250m),53.000(46.765%)(3.536m),37.000(32.647%)(1.821m),21.462(26.828%)(0.157m),15.000(37.500%)(0.536m),15.191(37.977%)(0.556m),291.822,3031.860,63.5,1.2614,"[0.890, 1.220, 0.873, 0.818, 1.360, 0.816]","[2.931, 3.144, 2.844, 2.976, 3.306, 2.906]","[-3.670, -3.115, -5.062, -4.259, -3.325, -5.258]"
825,1,0.4384,1.6291,0.265,878,2406,173,137,0.192,95,1.45,28414,3934.09,0,0,13.000(16.250%)(0.000m),28.000(24.706%)(0.857m),46.000(40.588%)(2.786m),44.000(38.824%)(2.571m),22.000(27.500%)(0.214m),15.613(39.033%)(0.601m),16.000(40.000%)(0.643m),573.884,3546.982,63.4,1.2904,"[0.701, 0.871, 0.554, 0.647, 0.997, 0.485]","[2.688, 3.112, 2.694, 2.786, 3.333, 2.750]","[-4.735, -4.908, -5.386, -4.924, -5.295, -5.432]"
826,1,1.7553,1.7088,0.266,452,1259,0,104,0.192,75,1.45,28460,2029.96,0,0,24.285(30.356%)(0.459m),44.000(38.824%)(2.571m),61.000(53.824%)(4.393m),35.000(30.882%)(1.607m),23.000(28.750%)(0.321m),17.000(42.500%)(0.750m),17.000(42.500%)(0.750m),434.628,3256.040,64.5,1.2961,"[0.776, 1.057, 0.971, 0.754, 1.202, 0.866]","[3.241, 3.288, 2.620, 3.187, 3.520, 2.844]","[-4.554, -3.748, -2.633, -4.248, -3.599, -3.184]"
827,1,0.7828,1.7160,0.280,425,1132,5,46,0.191,70,1.45,28503,1925.93,0,0,23.691(29.614%)(0.395m),49.000(43.235%)(3.107m),59.000(52.059%)(4.179m),23.000(20.294%)(0.321m),24.000(30.000%)(0.429m),16.822(42.055%)(0.731m),27.000(67.500%)(1.821m),272.354,4051.618,61.7,1.2972,"[0.658, 1.001, 0.896, 0.537, 1.134, 0.786]","[2.613, 3.233, 2.869, 2.666, 3.514, 3.099]","[-5.503, -5.801, -5.878, -6.034, -5.773, -5.421]"
828,1,3.9638,1.8403,0.279,832,2298,254,128,0.191,95,1.45,28587,3589.79,0,0,19.158(23.948%)(0.000m),35.000(30.882%)(1.607m),20.000(17.647%)(0.000m),20.000(17.647%)(0.000m),18.496(23.120%)(0.000m),13.467(33.667%)(0.371m),12.993(32.483%)(0.321m),0.000,3435.749,63.9,1.2432,"[1.112, 1.337, 1.072, 1.088, 1.499, 0.947]","[3.118, 3.456, 3.073, 3.071, 3.698, 3.264]","[-5.095, -4.856, -4.993, -4.729, -4.628, -5.217]"
829,1,16.7842,2.2521,0.255,1094,2956,77,218,0.191,100,1.57,28697,4877.70,1,1,19.000(23.750%)(0.000m),38.000(33.530%)(1.929m),53.000(46.765%)(3.536m),32.000(28.235%)(1.286m),20.196(25.245%)(0.021m),13.000(32.500%)(0.321m),14.264(35.659%)(0.457m),88.609,3920.367,62.5,1.2274,"[1.134, 1.398, 1.272, 1.117, 1.567, 1.176]","[3.322, 3.479, 3.219, 3.221, 3.787, 3.240]","[-4.221, -5.163, -5.017, -4.855, -5.103, -5.484]"
830,1,-2.4127,1.8399,0.271,589,1492,219,86,0.190,75,1.57,28756,2556.33,0,0,11.000(13.750%)(0.000m),17.000(15.000%)(0.000m),42.000(37.059%)(2.357m),34.000(30.000%)(1.500m),17.000(21.250%)(0.000m),11.000(27.500%)(0.107m),21.000(52.500%)(1.179m),629.723,5035.160,58.6,1.2804,"[0.756, 0.866, 0.054, 0.761, 0.951, -0.032]","[2.798, 3.316, 2.757, 2.868, 3.493, 2.903]","[-6.945, -6.391, -5.625, -6.087, -6.536, -5.921]"
831,1,1.5483,1.9191,0.275,681,1862,198,74,0.190,85,1.56,28825,2965.45,0,0,22.000(27.500%)(0.214m),45.000(39.706%)(2.679m),59.000(52.059%)(4.179m),26.631(23.498%)(0.710m),12.716(15.894%)(0.000m),15.000(37.500%)(0.536m),9.794(24.486%)(0.000m),355.878,3747.762,63.3,1.2746,"[0.344, 1.250, 1.381, 0.247, 1.385, 1.282]","[2.688, 3.279, 3.037, 2.784, 3.504, 3.118]","[-5.413, -3.846, -3.998, -5.315, -3.859, -4.735]"
832,1,3.8592,1.9949,0.291,775,2189,127,162,0.189,95,1.56,28903,3364.41,0,0,21.083(26.354%)(0.116m),41.000(36.177%)(2.250m),35.000(30.882%)(1.607m),26.000(22.941%)(0.643m),21.000(26.250%)(0.107m),14.854(37.135%)(0.520m),15.000(37.500%)(0.536m),0.399,2994.332,65.4,1.2164,"[0.719, 1.063, 0.887, 0.655, 1.236, 0.769]","[3.375, 3.567, 2.999, 3.346, 3.829, 3.212]","[-4.947, -5.213, -3.601, -5.356, -4.780, -4.273]"
833,1,-0.2995,1.9300,0.317,342,967,90,31,0.189,65,1.56,28938,1436.88,0,0,29.000(36.250%)(0.964m),38.000(33.530%)(1.929m),32.000(28.235%)(1.286m),24.000(21.177%)(0.429m),15.577(19.471%)(0.000m),27.000(67.500%)(1.821m),10.921(27.303%)(0.099m),0.000,2862.836,65.5,1.2775,"[0.178, 0.915, 0.942, 0.083, 1.037, 0.854]","[3.144, 3.509, 2.857, 3.222, 3.735, 3.189]","[-4.922, -5.507, -5.290, -5.505, -5.102, -4.994]"
834,1,12.0326,2.1959,0.313,1136,3039,53,170,0.189,100,1.68,29052,5063.21,1,1,25.000(31.250%)(0.536m),49.000(43.235%)(3.107m),43.000(37.941%)(2.464m),31.000(27.353%)(1.179m),21.670(27.088%)(0.179m),18.000(45.000%)(0.857m),15.332(38.329%)(0.571m),79.075,4726.201,61.9,1.3069,"[1.334, 1.539, 1.358, 1.289, 1.701, 1.282]","[3.322, 3.842, 3.506, 3.381, 4.091, 3.910]","[-4.477, -4.112, -2.657, -4.350, -3.960, -3.107]"
835,1,2.4248,1.9146,0.315,427,1172,27,73,0.188,70,1.68,29095,1808.32,0,0,14.000(17.500%)(0.000m),32.000(28.235%)(1.286m),46.000(40.588%)(2.786m),35.000(30.882%)(1.607m),23.844(29.806%)(0.412m),10.000(25.000%)(0.000m),16.935(42.338%)(0.743m),231.091,3488.716,63.5,1.2760,"[0.581, 0.789, 0.442, 0.506, 0.845, 0.301]","[3.052, 3.517, 3.103, 3.126, 3.635, 3.181]","[-4.385, -4.903, -7.081, -4.344, -5.120, -7.114]"
836,1,-1.2304,1.9158,0.222,254,656,38,38,0.188,50,1.67,29121,1103.34,0,0,13.155(16.443%)(0.000m),28.291(24.963%)(0.888m),49.000(43.235%)(3.107m),36.000(31.765%)(1.714m),23.000(28.750%)(0.321m),9.746(24.366%)(0.000m),24.000(60.000%)(1.500m),445.792,3528.188,59.7,1.2076,"[0.879, 0.760, 0.262, 0.837, 0.879, 0.241]","[2.156, 2.716, 2.434, 2.212, 2.998, 2.598]","[-2.596, -5.249, -5.396, -2.479, -5.343, -5.296]"
837,1,1.0486,2.0263,0.207,294,873,77,13,0.188,65,1.67,29151,1299.58,0,0,32.000(40.000%)(1.286m),50.000(44.118%)(3.214m),45.000(39.706%)(2.679m),21.000(18.529%)(0.107m),20.220(25.275%)(0.024m),26.000(65.000%)(1.714m),14.242(35.604%)(0.454m),0.000,2403.942,68.7,1.4108,"[-0.257, 0.512, 0.539, -0.326, 0.730, 0.526]","[2.388, 2.678, 2.249, 2.393, 2.995, 2.490]","[-5.937, -6.881, -7.310, -6.493, -6.494, -7.026]"
838,1,-2.6539,1.9957,0.226,630,1723,100,107,0.187,85,1.67,29214,2708.12,0,0,28.000(35.000%)(0.857m),20.000(17.647%)(0.000m),21.000(18.529%)(0.107m),24.000(21.177%)(0.429m),20.997(26.246%)(0.107m),20.000(50.000%)(1.071m),14.817(37.043%)(0.516m),0.000,3321.588,63.3,1.2016,"[-0.023, 0.170, -0.032, -0.085, 0.329, -0.085]","[2.299, 2.660, 2.234, 2.231, 2.835, 2.369]","[-5.694, -5.749, -5.818, -4.994, -5.521, -5.709]"
839,1,18.8603,2.4053,0.255,1113,2989,83,191,0.187,100,1.79,29326,4938.98,1,1,27.000(33.750%)(0.750m),38.000(33.530%)(1.929m),35.000(30.882%)(1.607m),27.000(23.824%)(0.750m),22.272(27.840%)(0.243m),19.000(47.500%)(0.964m),15.721(39.301%)(0.613m),185.653,4519.435,62.2,1.2232,"[0.709, 0.996, 0.885, 0.630, 1.154, 0.785]","[2.871, 3.014, 2.269, 2.704, 3.161, 2.292]","[-4.465, -4.234, -3.594, -4.180, -4.126, -4.042]"
840,1,-1.3645,2.0332,0.259,162,443,13,4,0.186,40,1.79,29343,728.34,0,0,32.000(40.000%)(1.286m),47.000(41.471%)(2.893m),25.897(22.850%)(0.632m),15.442(13.626%)(0.000m),10.228(12.784%)(0.000m),40.000(100.000%)(3.214m),11.562(28.906%)(0.167m),615.867,3043.924,63.2,1.3456,"[0.521, 0.842, 0.804, 0.417, 0.970, 0.688]","[2.171, 2.646, 2.304, 2.181, 2.960, 2.488]","[-5.750, -5.315, -5.744, -5.627, -5.582, -5.444]"
841,1,13.8968,2.3313,0.279,1114,2996,202,225,0.186,100,1.90,29455,4867.07,1,1,23.000(28.750%)(0.321m),46.000(40.588%)(2.786m),42.000(37.059%)(2.357m),34.000(30.000%)(1.500m),16.854(21.068%)(0.000m),16.000(40.000%)(0.643m),11.818(29.545%)(0.195m),163.137,4346.261,62.2,1.2067,"[0.686, 1.023, 0.839, 0.646, 1.189, 0.798]","[2.831, 3.129, 2.875, 2.750, 3.170, 2.943]","[-5.175, -3.842, -4.254, -4.686, -3.683, -4.641]"
842,1,17.0646,2.7193,0.265,1002,2776,30,210,0.186,100,2.02,29556,4346.80,2,1,18.000(22.500%)(0.000m),36.000(31.765%)(1.714m),53.000(46.765%)(3.536m),37.000(32.647%)(1.821m),23.776(29.720%)(0.405m),13.000(32.500%)(0.321m),16.887(42.217%)(0.738m),232.238,3305.477,64.1,1.2163,"[0.639, 0.972, 0.753, 0.574, 1.089, 0.725]","[2.659, 3.129, 2.957, 2.688, 3.338, 3.121]","[-3.856, -3.648, -4.771, -3.830, -4.204, -4.994]"
843,1,0.3838,2.7408,0.265,636,1731,37,131,0.185,85,2.02,29620,2753.92,0,0,23.937(29.922%)(0.422m),43.000(37.941%)(2.464m),24.677(21.774%)(0.501m),14.715(12.984%)(0.000m),9.746(12.182%)(0.000m),16.931(42.327%)(0.743m),11.018(27.544%)(0.109m),570.368,3831.330,63.0,1.2200,"[0.624, 0.839, 0.677, 0.535, 0.997, 0.566]","[2.602, 3.048, 2.541, 2.693, 3.220, 2.593]","[-4.889, -5.547, -6.104, -5.492, -5.277, -6.006]"
844,1,11.3891,2.9575,0.298,1055,2880,168,253,0.185,100,2.13,29726,4680.81,1,1,16.000(20.000%)(0.000m),46.000(40.588%)(2.786m),47.000(41.471%)(2.893m),30.114(26.571%)(1.084m),13.829(17.287%)(0.000m),12.000(30.000%)(0.214m),9.677(24.192%)(0.000m),186.178,3424.815,63.2,1.2175,"[0.567, 0.926, 0.714, 0.454, 1.008, 0.598]","[2.965, 3.114, 2.788, 2.872, 3.252, 2.875]","[-4.807, -4.836, -4.074, -5.114, -4.691, -4.563]"
845,1,8.2749,3.1501,0.255,809,2270,12,102,0.185,95,2.13,29807,3666.59,0,0,19.000(23.750%)(0.000m),14.000(12.353%)(0.000m),21.000(18.529%)(0.107m),36.000(31.765%)(1.714m),23.215(29.019%)(0.345m),24.000(60.000%)(1.500m),16.398(40.995%)(0.686m),247.978,3773.006,64.9,1.4837,"[0.453, 0.810, 0.541, 0.338, 0.972, 0.518]","[3.040, 3.306, 2.568, 3.011, 3.578, 2.848]","[-8.075, -6.199, -5.212, -7.008, -5.661, -5.584]"
846,1,14.9461,3.4196,0.243,1025,2821,153,148,0.184,100,2.25,29910,4613.43,1,1,20.000(25.000%)(0.000m),35.000(30.882%)(1.607m),43.000(37.941%)(2.464m),37.000(32.647%)(1.821m),21.735(27.169%)(0.186m),14.000(35.000%)(0.429m),15.364(38.409%)(0.575m),189.999,4096.751,63.7,1.2322,"[0.755, 1.036, 0.808, 0.692, 1.150, 0.771]","[2.595, 2.864, 2.677, 2.526, 3.152, 2.677]","[-3.801, -3.054, -4.611, -4.033, -3.584, -4.277]"
847,1,-1.7720,3.3956,0.318,340,963,127,23,0.184,65,2.24,29944,1431.61,0,0,19.073(23.841%)(0.000m),19.000(16.765%)(0.000m),19.000(16.765%)(0.000m),19.000(16.765%)(0.000m),27.000(33.750%)(0.750m),13.450(33.626%)(0.370m),25.000(62.500%)(1.607m),0.000,2866.523,65.6,1.1610,"[0.670, 0.623, -0.003, 0.596, 0.817, -0.141]","[2.383, 3.006, 2.690, 2.432, 3.183, 2.825]","[-7.256, -6.929, -7.004, -6.590, -6.230, -6.691]"
848,1,1.3189,3.3739,0.246,872,2411,178,210,0.183,95,2.24,30032,3958.87,0,0,13.000(16.250%)(0.000m),25.000(22.059%)(0.536m),62.000(54.706%)(4.500m),35.413(31.247%)(1.651m),16.537(20.671%)(0.000m),10.000(25.000%)(0.000m),11.600(28.999%)(0.171m),489.540,3190.604,64.0,1.2926,"[0.307, 0.696, 0.564, 0.252, 0.828, 0.480]","[2.342, 3.042, 2.783, 2.458, 3.349, 2.940]","[-5.901, -4.006, -4.908, -5.716, -4.306, -5.117]"
849,1,2.2013,3.4350,0.277,400,1121,26,52,0.183,70,2.24,30072,1637.53,0,0,12.000(15.000%)(0.000m),21.000(18.529%)(0.107m),45.000(39.706%)(2.679m),30.000(26.471%)(1.071m),23.000(28.750%)(0.321m),10.000(25.000%)(0.000m),17.901(44.751%)(0.846m),32.400,3363.764,64.8,1.1094,"[0.203, 0.511, 0.388, 0.152, 0.669, 0.258]","[2.282, 2.926, 2.591, 2.359, 3.184, 2.747]","[-6.235, -5.635, -5.072, -6.131, -5.394, -5.108]"
850,1,18.6191,3.7868,0.277,1014,2797,6,174,0.183,100,2.35,30174,4619.84,1,1,23.000(28.750%)(0.321m),42.000(37.059%)(2.357m),53.000(46.765%)(3.536m),39.000(34.412%)(2.036m),26.370(32.963%)(0.683m),17.000(42.500%)(0.750m),18.660(46.651%)(0.928m),343.414,3986.430,63.8,1.4437,"[1.123, 1.284, 1.049, 1.035, 1.390, 0.998]","[3.261, 3.367, 3.066, 3.013, 3.547, 3.199]","[-3.443, -2.643, -2.728, -3.320, -2.633, -2.938]"
851,1,0.0071,3.7639,0.262,535,1416,90,135,0.182,75,2.35,30228,2374.24,0,0,23.000(28.750%)(0.321m),34.000(30.000%)(1.500m),43.000(37.941%)(2.464m),33.000(29.118%)(1.393m),20.867(26.084%)(0.093m),18.000(45.000%)(0.857m),13.000(32.500%)(0.321m),254.106,3776.802,61.3,1.2082,"[0.807, 1.057, 0.879, 0.620, 1.181, 0.800]","[3.353, 3.450, 2.854, 3.108, 3.613, 2.855]","[-4.915, -3.669, -2.653, -4.991, -3.384, -2.945]"
852,1,-3.6982,3.6765,0.233,228,597,20,58,0.182,50,2.35,30251,960.21,0,0,19.000(23.750%)(0.000m),39.000(34.412%)(2.036m),36.545(32.245%)(1.773m),18.236(16.091%)(0.000m),10.928(13.660%)(0.000m),16.000(40.000%)(0.643m),10.664(26.660%)(0.071m),1355.548,4814.770,60.6,1.0811,"[0.811, 0.897, 0.666, 0.783, 0.983, 0.554]","[2.947, 3.406, 2.882, 2.903, 3.577, 2.913]","[-5.850, -5.502, -6.269, -5.571, -5.720, -5.900]"
853,1,-1.2383,3.6905,0.280,417,1196,100,118,0.182,75,2.34,30293,1809.09,0,0,21.485(26.857%)(0.159m),42.000(37.059%)(2.357m),63.000(55.588%)(4.607m),32.000(28.235%)(1.286m),18.000(22.500%)(0.000m),15.159(37.897%)(0.553m),13.000(32.500%)(0.321m),250.369,3142.475,66.4,1.1157,"[-0.106, 0.333, 0.188, -0.181, 0.470, 0.042]","[2.686, 3.009, 2.517, 2.752, 3.344, 2.652]","[-5.271, -4.450, -3.546, -5.526, -4.318, -3.988]"
854,1,-1.3967,3.2578,0.232,343,969,24,16,0.181,65,2.34,30328,1455.69,0,0,32.000(40.000%)(1.286m),65.000(57.353%)(4.821m),34.000(30.000%)(1.500m),25.000(22.059%)(0.536m),21.000(26.250%)(0.107m),22.000(55.000%)(1.286m),18.229(45.572%)(0.882m),0.000,3316.504,65.4,1.1105,"[0.502, 0.725, 0.779, 0.462, 0.946, 0.700]","[2.626, 2.860, 2.633, 2.613, 3.132, 2.885]","[-4.875, -5.960, -4.805, -5.003, -5.420, -4.831]"
855,1,-0.5544,3.1484,0.230,382,1112,106,85,0.181,70,2.34,30367,1589.89,0,0,21.192(26.490%)(0.128m),37.000(32.647%)(1.821m),53.000(46.765%)(3.536m),42.000(37.059%)(2.357m),17.000(21.250%)(0.000m),14.924(37.311%)(0.528m),11.000(27.500%)(0.107m),253.204,2613.655,67.4,1.1817,"[0.277, 0.551, 0.180, 0.242, 0.647, 0.075]","[2.648, 3.102, 2.782, 2.649, 3.333, 2.900]","[-5.091, -4.411, -3.406, -4.955, -4.318, -3.840]"
856,1,19.5260,3.5313,0.237,1079,2925,73,153,0.181,100,2.45,30475,4800.72,1,1,23.257(29.071%)(0.349m),38.000(33.530%)(1.929m),61.000(53.824%)(4.393m),45.612(40.246%)(2.744m),21.788(27.235%)(0.192m),16.423(41.058%)(0.688m),15.396(38.489%)(0.578m),429.608,3315.502,62.7,1.2074,"[0.839, 1.021, 0.787, 0.754, 1.145, 0.703]","[2.904, 2.947, 2.621, 2.876, 3.113, 2.550]","[-4.753, -1.895, -4.267, -4.690, -1.778, -4.640]"
857,1,1.0645,3.5312,0.247,447,1217,122,54,0.180,75,2.45,30520,1917.16,0,0,13.000(16.250%)(0.000m),31.000(27.353%)(1.179m),55.000(48.530%)(3.750m),36.000(31.765%)(1.714m),20.098(25.122%)(0.010m),10.000(25.000%)(0.000m),14.226(35.564%)(0.453m),228.147,4047.680,63.0,1.3969,"[0.573, 1.073, 0.784, 0.501, 1.169, 0.687]","[2.666, 3.167, 2.629, 2.720, 3.290, 2.605]","[-4.239, -4.452, -4.948, -4.124, -4.724, -5.482]"
858,1,5.3779,3.6548,0.269,780,2226,37,147,0.180,95,2.45,30598,3384.44,0,0,9.000(11.250%)(0.000m),13.000(11.471%)(0.000m),19.000(16.765%)(0.000m),28.000(24.706%)(0.857m),21.000(26.250%)(0.107m),22.000(55.000%)(1.286m),16.000(40.000%)(0.643m),52.455,3211.267,66.1,1.2836,"[0.205, 0.694, 0.692, 0.171, 0.847, 0.591]","[2.587, 2.775, 2.821, 2.556, 2.998, 2.914]","[-8.657, -5.885, -6.999, -7.163, -5.702, -7.445]"
859,1,4.4723,3.7539,0.288,326,935,25,14,0.179,65,2.44,30631,1365.79,0,0,32.000(40.000%)(1.286m),51.000(45.000%)(3.321m),30.000(26.471%)(1.071m),20.000(17.647%)(0.000m),22.000(27.500%)(0.214m),26.000(65.000%)(1.714m),17.900(44.749%)(0.846m),0.000,2902.555,66.4,1.1756,"[0.590, 1.114, 0.972, 0.593, 1.238, 0.922]","[2.759, 3.237, 2.868, 2.888, 3.481, 2.940]","[-5.561, -6.222, -7.331, -5.952, -6.336, -6.949]"
860,1,-1.3090,3.7582,0.280,229,579,33,6,0.179,50,2.44,30654,1046.66,0,0,31.000(38.750%)(1.179m),41.000(36.177%)(2.250m),49.955(44.078%)(3.209m),20.526(18.111%)(0.056m),11.324(14.155%)(0.000m),40.000(100.000%)(3.214m),10.016(25.041%)(0.002m),529.617,3583.796,58.6,1.1636,"[0.604, 1.171, 1.232, 0.525, 1.166, 1.081]","[2.961, 3.375, 2.613, 3.020, 3.480, 2.619]","[-6.048, -5.526, -4.399, -5.686, -5.589, -4.842]"
861,1,-2.4845,3.6927,0.285,193,513,25,0,0.179,45,2.44,30674,818.04,0,0,36.000(45.000%)(1.714m),55.000(48.530%)(3.750m),77.757(68.610%)(6.188m),29.472(26.005%)(1.015m),13.500(16.875%)(0.000m),40.000(100.000%)(3.214m),9.614(24.036%)(0.000m),1169.732,4760.633,61.5,1.2191,"[0.493, 0.861, 1.171, 0.434, 0.995, 1.050]","[2.544, 3.008, 2.615, 2.533, 3.228, 2.719]","[-5.010, -5.966, -3.097, -4.692, -5.923, -3.936]"
862,1,7.2522,4.0107,0.229,813,2292,110,160,0.178,95,2.44,30756,3518.59,0,0,11.000(13.750%)(0.000m),18.000(15.882%)(0.000m),35.000(30.882%)(1.607m),32.000(28.235%)(1.286m),22.135(27.669%)(0.229m),18.000(45.000%)(0.857m),15.635(39.087%)(0.604m),127.756,3016.335,65.2,1.2554,"[0.734, 1.030, 0.859, 0.646, 1.124, 0.738]","[2.849, 3.168, 2.759, 2.815, 3.503, 2.878]","[-6.034, -4.848, -5.300, -6.028, -5.798, -5.405]"
863,1,2.1113,4.0227,0.260,339,975,14,34,0.178,65,2.43,30790,1438.70,0,0,23.000(28.750%)(0.321m),15.000(13.235%)(0.000m),25.000(22.059%)(0.536m),42.000(37.059%)(2.357m),23.534(29.417%)(0.379m),26.000(65.000%)(1.714m),16.653(41.631%)(0.713m),344.580,3070.512,66.6,1.2254,"[0.612, 1.129, 0.742, 0.491, 1.177, 0.690]","[2.783, 3.096, 2.616, 2.657, 3.341, 2.679]","[-7.299, -4.429, -6.195, -6.322, -4.843, -6.051]"
864,1,-1.5675,3.9309,0.274,204,532,15,11,0.178,45,2.43,30811,893.98,0,0,30.000(37.500%)(1.071m),47.000(41.471%)(2.893m),33.998(29.998%)(1.500m),17.599(15.528%)(0.000m),10.742(13.427%)(0.000m),40.000(100.000%)(3.214m),10.742(26.855%)(0.079m),919.495,4033.749,60.3,1.1837,"[1.080, 1.502, 1.288, 0.925, 1.545, 1.273]","[2.762, 3.182, 2.587, 2.765, 3.419, 2.727]","[-5.340, -5.105, -6.396, -5.663, -5.696, -5.565]"
865,1,14.8287,3.9952,0.282,813,2406,56,72,0.177,100,2.54,30893,3665.89,1,1,28.146(35.182%)(0.873m),50.000(44.118%)(3.214m),68.000(60.000%)(5.143m),34.029(30.025%)(1.503m),15.918(19.898%)(0.000m),20.001(50.002%)(1.072m),11.161(27.901%)(0.124m),518.383,2907.992,68.5,1.2446,"[0.557, 0.884, 0.982, 0.498, 0.997, 0.858]","[2.934, 3.143, 2.885, 2.871, 3.334, 2.885]","[-5.037, -4.302, -2.191, -4.647, -4.465, -2.934]"
866,1,-1.2684,3.9028,0.319,309,903,44,33,0.177,65,2.54,30924,1295.89,0,0,21.000(26.250%)(0.107m),26.000(22.941%)(0.643m),39.000(34.412%)(2.036m),34.000(30.000%)(1.500m),26.000(32.500%)(0.643m),15.016(37.541%)(0.537m),23.000(57.500%)(1.393m),0.000,2580.079,67.7,1.2608,"[0.649, 0.703, 0.153, 0.647, 0.828, -0.060]","[3.241, 3.459, 3.116, 3.362, 3.746, 3.290]","[-4.143, -4.918, -5.092, -4.307, -5.735, -5.566]"
867,1,0.8897,3.8220,0.239,349,1017,49,19,0.177,70,2.54,30959,1544.59,0,0,22.168(27.710%)(0.232m),46.469(41.002%)(2.836m),68.000(60.000%)(5.143m),22.000(19.412%)(0.214m),12.000(15.000%)(0.000m),15.652(39.131%)(0.606m),11.000(27.500%)(0.107m),616.138,3078.660,67.4,1.4070,"[0.809, 0.942, 0.310, 0.838, 1.043, 0.151]","[2.962, 3.258, 2.653, 3.015, 3.485, 2.762]","[-5.776, -5.903, -6.727, -5.920, -5.852, -6.142]"
868,1,15.5784,4.1856,0.267,904,2581,51,161,0.176,100,2.65,31050,4140.24,1,1,17.000(21.250%)(0.000m),48.000(42.353%)(3.000m),65.000(57.353%)(4.821m),45.898(40.499%)(2.775m),21.799(27.249%)(0.193m),12.000(30.000%)(0.214m),15.355(38.388%)(0.574m),694.864,4071.060,66.1,1.4204,"[1.235, 1.513, 1.326, 1.123, 1.603, 1.178]","[3.571, 3.781, 3.381, 3.417, 3.850, 3.311]","[-3.401, -3.203, -4.073, -3.546, -3.126, -4.651]"
869,1,3.9093,4.3113,0.288,396,1072,0,16,0.176,70,2.65,31090,1782.34,0,0,31.000(38.750%)(1.179m),53.000(46.765%)(3.536m),66.000(58.235%)(4.929m),25.000(22.059%)(0.536m),22.000(27.500%)(0.214m),27.000(67.500%)(1.821m),16.465(41.163%)(0.693m),0.000,3834.602,62.7,1.5370,"[1.403, 1.791, 1.759, 1.404, 1.976, 1.655]","[3.305, 3.805, 3.628, 3.358, 3.867, 3.569]","[-4.760, -5.698, -4.878, -4.901, -5.740, -4.754]"
870,1,-0.9095,4.3292,0.275,273,831,13,40,0.176,65,2.64,31118,1201.19,0,0,23.000(28.750%)(0.321m),25.000(22.059%)(0.536m),38.000(33.530%)(1.929m),47.000(41.471%)(2.893m),25.000(31.250%)(0.536m),18.814(47.036%)(0.944m),21.000(52.500%)(1.179m),0.000,2218.939,70.4,1.2126,"[0.692, 0.723, 0.345, 0.613, 0.786, 0.189]","[3.043, 3.555, 3.140, 3.079, 3.763, 3.289]","[-4.312, -4.687, -5.034, -4.836, -5.762, -5.134]"
871,1,-1.0349,4.3285,0.269,606,1660,57,85,0.175,85,2.64,31179,2655.17,0,0,21.000(26.250%)(0.107m),40.000(35.294%)(2.143m),28.153(24.841%)(0.874m),15.973(14.094%)(0.000m),10.259(12.823%)(0.000m),15.000(37.500%)(0.536m),11.040(27.600%)(0.111m),454.675,3685.681,63.4,1.1960,"[0.857, 1.068, 0.925, 0.771, 1.146, 0.854]","[3.277, 3.460, 3.015, 3.235, 3.640, 3.043]","[-5.277, -5.599, -5.852, -5.179, -5.698, -6.097]"
872,1,-0.4894,4.3398,0.306,338,996,7,69,0.175,70,2.64,31213,1480.85,0,0,24.000(30.000%)(0.429m),33.000(29.118%)(1.393m),59.000(52.059%)(4.179m),19.000(16.765%)(0.000m),11.000(13.750%)(0.000m),21.487(53.718%)(1.231m),11.000(27.500%)(0.107m),131.155,2719.156,68.2,1.3160,"[0.641, 0.763, 0.594, 0.590, 0.847, 0.427]","[3.100, 3.361, 2.951, 3.016, 3.509, 3.016]","[-5.957, -6.372, -7.367, -6.023, -6.498, -6.852]"
873,1,1.6920,4.4153,0.230,566,1595,61,113,0.175,85,2.63,31270,2462.86,0,0,24.000(30.000%)(0.429m),33.000(29.118%)(1.393m),62.000(54.706%)(4.500m),40.000(35.294%)(2.143m),19.453(24.316%)(0.000m),17.000(42.500%)(0.750m),13.697(34.243%)(0.396m),188.448,2976.381,65.2,1.0968,"[0.765, 1.109, 0.888, 0.700, 1.218, 0.755]","[3.155, 3.354, 2.903, 3.063, 3.542, 3.129]","[-4.443, -2.016, -4.040, -4.268, -2.395, -4.534]"
874,1,25.7086,4.5665,0.235,988,2746,139,109,0.174,100,2.75,31369,4383.97,1,1,29.000(36.250%)(0.964m),42.000(37.059%)(2.357m),46.000(40.588%)(2.786m),33.000(29.118%)(1.393m),18.135(22.669%)(0.000m),21.000(52.500%)(1.179m),12.745(31.863%)(0.294m),246.001,3602.964,64.3,1.3665,"[0.722, 1.100, 0.986, 0.635, 1.192, 0.822]","[2.859, 3.227, 2.621, 2.948, 3.330, 2.667]","[-5.083, -3.605, -2.367, -4.722, -3.595, -2.615]"
875,1,5.9046,4.6759,0.244,612,1713,57,34,0.174,85,2.74,31431,2715.86,0,0,24.000(30.000%)(0.429m),32.000(28.235%)(1.286m),44.596(39.350%)(2.635m),19.411(17.128%)(0.000m),10.950(13.687%)(0.000m),26.000(65.000%)(1.714m),9.927(24.818%)(0.000m),139.390,3568.182,64.8,1.2794,"[0.455, 0.889, 0.799, 0.324, 0.981, 0.709]","[2.726, 2.690, 2.414, 2.655, 2.886, 2.633]","[-5.346, -4.951, -6.022, -5.476, -4.945, -5.397]"
876,1,0.0712,4.6422,0.218,791,2226,203,176,0.173,95,2.74,31511,3469.14,0,0,19.096(23.870%)(0.000m),21.000(18.529%)(0.107m),51.000(45.000%)(3.321m),32.142(28.361%)(1.301m),14.866(18.583%)(0.000m),13.435(33.587%)(0.368m),10.413(26.032%)(0.044m),219.567,3001.591,65.1,1.2264,"[0.173, 0.547, 0.333, 0.081, 0.636, 0.207]","[2.552, 2.877, 2.392, 2.621, 3.115, 2.486]","[-7.310, -5.332, -5.668, -6.985, -5.282, -5.980]"
877,1,16.6077,4.9587,0.230,975,2724,143,160,0.173,100,2.85,31609,4332.43,1,1,26.000(32.500%)(0.643m),45.000(39.706%)(2.679m),52.000(45.882%)(3.429m),37.000(32.647%)(1.821m),20.824(26.029%)(0.088m),18.000(45.000%)(0.857m),14.672(36.681%)(0.501m),317.546,3296.058,64.7,1.1598,"[0.786, 1.122, 0.962, 0.690, 1.267, 0.834]","[2.923, 2.983, 2.670, 2.904, 3.196, 2.920]","[-4.947, -3.679, -3.903, -4.523, -3.479, -4.363]"
878,1,3.5665,4.9507,0.248,698,1881,54,147,0.173,85,2.85,31679,3064.56,0,0,21.000(26.250%)(0.107m),41.000(36.177%)(2.250m),35.253(31.106%)(1.634m),17.591(15.522%)(0.000m),10.542(13.177%)(0.000m),15.000(37.500%)(0.536m),10.287(25.718%)(0.031m),296.637,3641.471,62.4,1.1682,"[0.679, 0.967, 0.836, 0.617, 1.087, 0.720]","[2.974, 3.112, 2.768, 2.877, 3.314, 2.978]","[-5.396, -5.443, -6.134, -5.298, -5.416, -5.540]"
879,1,-1.2597,4.5899,0.273,188,518,33,5,0.172,45,2.84,31698,816.76,0,0,31.000(38.750%)(1.179m),44.000(38.824%)(2.571m),57.000(50.294%)(3.964m),27.358(24.139%)(0.788m),12.822(16.027%)(0.000m),32.000(80.000%)(2.357m),9.750(24.374%)(0.000m),418.100,3740.936,63.7,1.4476,"[-0.361, 0.623, 1.029, -0.471, 0.735, 0.913]","[2.375, 2.869, 2.437, 2.439, 3.137, 2.654]","[-5.740, -5.292, -2.516, -5.558, -5.288, -2.754]"
880,1,6.6983,4.7721,0.266,548,1644,13,20,0.172,90,2.84,31753,2507.25,0,0,25.174(31.467%)(0.554m),51.000(45.000%)(3.321m),60.000(52.941%)(4.286m),24.592(21.699%)(0.492m),12.252(15.315%)(0.000m),17.808(44.520%)(0.837m),9.805(24.514%)(0.000m),524.546,2968.554,69.4,1.2686,"[0.806, 0.957, 0.796, 0.757, 1.181, 0.656]","[2.721, 3.027, 2.569, 2.886, 3.383, 2.702]","[-5.000, -4.704, -3.829, -4.905, -4.630, -3.477]"
881,1,-0.6393,4.7283,0.320,342,1011,7,51,0.172,70,2.84,31788,1526.88,0,0,11.000(13.750%)(0.000m),17.000(15.000%)(0.000m),59.000(52.059%)(4.179m),38.000(33.530%)(1.929m),22.000(27.500%)(0.214m),11.000(27.500%)(0.107m),18.248(45.619%)(0.884m),147.432,2606.377,68.4,1.6510,"[0.539, 0.977, 0.868, 0.498, 1.149, 0.829]","[2.884, 3.282, 2.658, 3.031, 3.546, 2.981]","[-6.484, -6.484, -5.647, -6.304, -6.386, -5.329]"
882,1,1.1880,4.6749,0.260,801,2243,215,174,0.171,95,2.83,31869,3386.58,0,0,17.000(21.250%)(0.000m),26.000(22.941%)(0.643m),20.000(17.647%)(0.000m),20.000(17.647%)(0.000m),16.940(21.175%)(0.000m),12.000(30.000%)(0.214m),11.900(29.749%)(0.204m),0.000,3507.860,64.8,1.1922,"[0.424, 0.798, 0.657, 0.340, 0.965, 0.600]","[2.985, 3.578, 2.998, 2.953, 3.873, 3.193]","[-5.535, -5.074, -5.320, -5.736, -4.908, -5.143]"
883,1,-0.3854,4.6732,0.295,312,908,0,61,0.171,65,2.83,31901,1327.43,0,0,23.000(28.750%)(0.321m),24.000(21.177%)(0.429m),62.000(54.706%)(4.500m),44.000(38.824%)(2.571m),20.000(25.000%)(0.000m),19.307(48.267%)(0.997m),19.000(47.500%)(0.964m),0.000,2713.024,67.3,1.1280,"[1.091, 1.141, 0.771, 0.964, 1.252, 0.647]","[3.321, 3.548, 2.910, 3.239, 3.797, 3.049]","[-3.606, -4.294, -4.753, -4.258, -5.074, -5.067]"
884,1,4.7347,4.5272,0.281,808,2289,102,118,0.171,95,2.83,31982,3599.68,0,0,10.000(12.500%)(0.000m),13.000(11.471%)(0.000m),20.000(17.647%)(0.000m),31.000(27.353%)(1.179m),22.000(27.500%)(0.214m),12.000(30.000%)(0.214m),18.200(45.501%)(0.879m),68.073,3252.588,65.6,1.3399,"[0.534, 0.899, 0.572, 0.463, 1.036, 0.451]","[2.703, 3.215, 2.843, 2.664, 3.376, 2.955]","[-9.275, -6.376, -5.663, -7.062, -5.805, -7.163]"
885,1,14.2683,4.7641,0.252,957,2684,88,172,0.170,100,2.94,32078,4268.32,1,1,17.000(21.250%)(0.000m),52.000(45.882%)(3.429m),66.000(58.235%)(4.929m),42.637(37.621%)(2.425m),20.313(25.391%)(0.034m),11.000(27.500%)(0.107m),14.334(35.835%)(0.464m),281.464,3637.001,64.9,1.1780,"[1.039, 1.317, 1.159, 0.950, 1.435, 1.001]","[3.360, 3.582, 2.957, 3.275, 3.582, 3.035]","[-3.358, -3.564, -4.609, -3.738, -3.540, -5.105]"
886,1,-0.0542,4.7876,0.272,378,1065,22,52,0.170,70,2.93,32116,1704.57,0,0,22.671(28.339%)(0.286m),35.000(30.882%)(1.607m),53.000(46.765%)(3.536m),20.000(17.647%)(0.000m),12.000(15.000%)(0.000m),15.992(39.980%)(0.642m),24.000(60.000%)(1.500m),186.023,3094.051,65.2,1.1156,"[0.614, 0.762, 0.548, 0.547, 0.818, 0.326]","[2.884, 3.480, 3.003, 2.924, 3.523, 2.970]","[-5.222, -5.771, -6.378, -6.124, -6.229, -5.856]"
887,1,9.7645,4.9619,0.270,805,2246,141,72,0.170,95,2.93,32197,3500.71,0,0,23.000(28.750%)(0.321m),48.000(42.353%)(3.000m),60.000(52.941%)(4.286m),29.000(25.588%)(0.964m),19.106(23.883%)(0.000m),21.000(52.500%)(1.179m),13.461(33.653%)(0.371m),0.000,4056.154,64.6,1.1982,"[0.894, 1.431, 1.383, 0.770, 1.565, 1.299]","[3.013, 3.396, 2.863, 3.039, 3.660, 2.952]","[-4.868, -5.218, -2.187, -4.880, -5.043, -2.841]"
888,1,-2.7382,4.9603,0.277,446,1234,144,123,0.169,75,2.93,32242,1998.67,0,0,15.000(18.750%)(0.000m),31.000(27.353%)(1.179m),57.000(50.294%)(3.964m),37.000(32.647%)(1.821m),23.053(28.816%)(0.327m),11.000(27.500%)(0.107m),11.000(27.500%)(0.107m),196.615,3960.114,64.1,1.2684,"[0.686, 0.818, 0.519, 0.651, 0.878, 0.437]","[3.218, 3.593, 3.001, 3.244, 3.779, 3.064]","[-3.853, -5.592, -5.966, -3.862, -5.948, -5.691]"
889,1,-2.4226,4.5346,0.232,178,464,18,0,0.169,40,2.92,32260,846.58,0,0,11.306(14.132%)(0.000m),20.043(17.685%)(0.005m),46.048(40.631%)(2.791m),53.000(46.765%)(3.536m),39.000(48.750%)(2.036m),10.251(25.626%)(0.027m),40.000(100.000%)(3.214m),932.612,3654.159,60.4,1.6890,"[1.248, 0.895, 0.446, 1.217, 1.004, 0.325]","[2.958, 3.124, 2.523, 2.964, 3.286, 2.437]","[-5.249, -6.160, -5.460, -4.983, -6.167, -5.212]"
890,1,20.7693,4.9773,0.286,1015,2796,113,66,0.169,100,3.03,32362,4555.51,1,1,28.000(35.000%)(0.857m),48.000(42.353%)(3.000m),57.000(50.294%)(3.964m),32.000(28.235%)(1.286m),21.000(26.250%)(0.107m),23.000(57.500%)(1.393m),15.484(38.709%)(0.588m),89.314,3156.115,63.7,1.2659,"[0.943, 1.364, 1.274, 0.856, 1.483, 1.139]","[2.544, 3.094, 2.687, 2.537, 3.273, 2.732]","[-4.758, -4.769, -1.737, -4.534, -4.431, -2.230]"
891,1,6.2754,4.8248,0.236,839,2317,114,77,0.168,95,3.03,32446,3727.31,0,0,27.000(33.750%)(0.750m),20.000(17.647%)(0.000m),20.000(17.647%)(0.000m),37.282(32.896%)(1.852m),18.551(23.189%)(0.000m),23.000(57.500%)(1.393m),14.660(36.649%)(0.499m),0.000,3127.246,63.9,1.3736,"[0.389, 0.600, 0.558, 0.370, 0.754, 0.454]","[2.095, 2.715, 2.421, 2.119, 2.872, 2.490]","[-5.426, -5.403, -5.094, -5.175, -5.179, -4.797]"
892,1,-1.2098,4.4594,0.236,239,597,44,14,0.168,50,3.03,32470,1090.89,0,0,29.000(36.250%)(0.964m),40.000(35.294%)(2.143m),46.000(40.588%)(2.786m),25.294(22.318%)(0.567m),12.419(15.524%)(0.000m),40.000(100.000%)(3.214m),9.814(24.535%)(0.000m),636.104,3800.088,57.8,1.7319,"[0.550, 0.887, 0.920, 0.381, 0.965, 0.898]","[2.661, 3.127, 2.571, 2.589, 3.298, 2.707]","[-5.155, -5.225, -3.138, -5.120, -5.181, -3.504]"
893,1,18.1826,4.8153,0.252,1001,2771,122,147,0.168,100,3.14,32571,4465.37,1,1,26.000(32.500%)(0.643m),48.000(42.353%)(3.000m),58.000(51.177%)(4.071m),39.000(34.412%)(2.036m),20.628(25.785%)(0.067m),16.000(40.000%)(0.643m),14.521(36.302%)(0.484m),246.746,3572.411,64.1,1.3572,"[0.893, 1.121, 0.866, 0.824, 1.265, 0.756]","[2.740, 2.903, 2.816, 2.798, 3.059, 2.679]","[-4.441, -2.399, -4.411, -4.416, -2.159, -4.789]"
894,1,11.3866,4.8153,0.240,956,2687,75,270,0.167,100,3.24,32667,4164.10,2,1,19.000(23.750%)(0.000m),38.000(33.530%)(1.929m),51.000(45.000%)(3.321m),40.000(35.294%)(2.143m),21.956(27.445%)(0.210m),14.000(35.000%)(0.429m),15.474(38.684%)(0.586m),243.415,3097.930,65.0,1.1549,"[0.938, 1.072, 0.803, 0.935, 1.166, 0.647]","[2.781, 3.211, 2.916, 2.828, 3.422, 2.992]","[-3.557, -4.229, -5.264, -3.468, -4.672, -6.012]"
895,1,4.4182,4.7381,0.262,601,1847,85,94,0.167,95,3.24,32728,2708.14,0,0,29.000(36.250%)(0.964m),42.000(37.059%)(2.357m),42.000(37.059%)(2.357m),29.000(25.588%)(0.964m),18.259(22.823%)(0.000m),21.000(52.500%)(1.179m),12.822(32.054%)(0.302m),42.529,2652.235,71.1,1.2541,"[0.225, 0.789, 0.817, 0.175, 0.976, 0.721]","[2.740, 3.167, 2.512, 2.859, 3.488, 2.601]","[-4.866, -4.848, -3.426, -4.765, -4.462, -4.150]"
896,1,20.2631,4.8445,0.223,1019,2805,158,78,0.167,100,3.35,32830,4674.28,1,1,25.000(31.250%)(0.536m),37.000(32.647%)(1.821m),49.000(43.235%)(3.107m),33.960(29.965%)(1.496m),15.997(19.996%)(0.000m),21.000(52.500%)(1.179m),11.249(28.122%)(0.134m),261.579,3218.600,63.7,1.2677,"[1.182, 1.544, 1.409, 1.111, 1.687, 1.327]","[3.433, 3.758, 3.260, 3.303, 3.928, 3.303]","[-5.583, -4.068, -3.637, -5.295, -3.991, -3.990]"
897,1,1.9355,4.9186,0.232,651,1776,42,52,0.166,85,3.34,32896,2855.61,0,0,19.000(23.750%)(0.000m),34.000(30.000%)(1.500m),31.579(27.864%)(1.241m),16.628(14.671%)(0.000m),10.240(12.800%)(0.000m),24.000(60.000%)(1.500m),10.366(25.915%)(0.039m),1280.132,5626.130,63.1,1.2288,"[1.241, 1.483, 1.263, 1.114, 1.611, 1.168]","[3.322, 3.698, 3.276, 3.177, 3.844, 3.194]","[-4.892, -5.294, -5.820, -5.353, -5.459, -5.882]"
898,1,-0.9614,4.8730,0.267,364,1035,6,68,0.166,70,3.34,32933,1550.98,0,0,12.000(15.000%)(0.000m),19.000(16.765%)(0.000m),57.000(50.294%)(3.964m),40.000(35.294%)(2.143m),24.310(30.387%)(0.462m),19.000(47.500%)(0.964m),17.237(43.093%)(0.775m),329.485,2890.061,65.8,1.1459,"[0.857, 1.229, 1.074, 0.681, 1.319, 0.843]","[3.292, 3.523, 3.176, 3.271, 3.778, 3.232]","[-5.911, -5.287, -5.714, -6.157, -5.962, -5.863]"
899,1,6.1824,4.9527,0.256,836,2346,63,91,0.166,95,3.34,33017,3785.48,0,0,11.000(13.750%)(0.000m),17.000(15.000%)(0.000m),56.000(49.412%)(3.857m),41.000(36.177%)(2.250m),20.022(25.027%)(0.002m),11.000(27.500%)(0.107m),14.120(35.300%)(0.441m),353.026,3556.063,64.9,1.1718,"[1.235, 1.516, 1.201, 1.225, 1.610, 1.092]","[3.430, 3.802, 3.246, 3.451, 3.950, 3.215]","[-6.946, -6.603, -5.813, -6.301, -6.158, -5.684]"
900,1,-0.8608,4.5631,0.291,715,1925,94,159,0.165,85,3.33,33089,3215.88,0,0,24.000(30.000%)(0.429m),40.000(35.294%)(2.143m),49.000(43.235%)(3.107m),23.469(20.708%)(0.372m),12.181(15.227%)(0.000m),14.000(35.000%)(0.429m),10.125(25.313%)(0.013m),514.056,5224.724,62.3,1.3344,"[0.575, 0.952, 0.974, 0.472, 1.010, 0.869]","[3.313, 3.633, 3.015, 3.391, 3.850, 3.111]","[-5.918, -5.135, -4.481, -5.705, -5.332, -4.652]"
901,1,16.8449,4.8998,0.263,1009,2787,13,197,0.165,100,3.44,33190,4481.37,1,1,23.000(28.750%)(0.321m),47.000(41.471%)(2.893m),52.000(45.882%)(3.429m),38.000(33.530%)(1.929m),25.000(31.250%)(0.536m),16.000(40.000%)(0.643m),19.570(48.926%)(1.025m),291.681,3600.619,63.9,1.2318,"[1.126, 1.374, 1.110, 1.050, 1.475, 1.006]","[3.113, 3.596, 3.248, 3.045, 3.828, 3.358]","[-2.581, -3.998, -5.258, -3.143, -4.343, -5.549]"
902,1,2.8555,5.0309,0.239,316,916,23,45,0.165,65,3.44,33222,1349.22,0,0,20.526(25.658%)(0.056m),29.000(25.588%)(0.964m),66.000(58.235%)(4.929m),43.000(37.941%)(2.464m),25.000(31.250%)(0.536m),14.441(36.102%)(0.476m),21.000(52.500%)(1.179m),56.960,2576.119,67.1,1.1754,"[1.223, 1.225, 0.718, 1.145, 1.378, 0.603]","[2.927, 3.277, 2.926, 2.985, 3.592, 2.940]","[-3.079, -4.232, -5.082, -3.660, -4.813, -5.029]"
903,1,19.3627,5.4429,0.289,1007,2783,197,168,0.164,100,3.54,33323,4452.44,1,1,16.000(20.000%)(0.000m),36.155(31.902%)(1.731m),51.000(45.000%)(3.321m),31.000(27.353%)(1.179m),21.561(26.951%)(0.167m),11.000(27.500%)(0.107m),15.232(38.080%)(0.561m),57.175,3404.325,64.0,1.2058,"[1.340, 1.589, 1.376, 1.211, 1.726, 1.260]","[3.560, 3.768, 3.513, 3.413, 3.955, 3.560]","[-5.194, -5.279, -5.055, -5.378, -5.086, -5.260]"
904,1,17.6245,5.8233,0.249,1164,3094,110,226,0.164,100,3.65,33440,5224.11,2,1,20.991(26.239%)(0.106m),33.000(29.118%)(1.393m),53.000(46.765%)(3.536m),33.450(29.515%)(1.441m),15.513(19.391%)(0.000m),14.788(36.969%)(0.513m),10.868(27.171%)(0.093m),365.406,3756.242,61.5,1.2018,"[1.268, 1.491, 1.243, 1.191, 1.597, 1.159]","[3.411, 3.683, 3.431, 3.292, 3.794, 3.377]","[-5.115, -3.287, -4.547, -5.185, -4.049, -4.525]"
905,1,-0.0997,5.8324,0.263,583,1625,1,121,0.164,85,3.65,33499,2647.73,0,0,27.000(33.750%)(0.750m),21.000(18.529%)(0.107m),59.000(52.059%)(4.179m),32.000(28.235%)(1.286m),25.000(31.250%)(0.536m),20.000(50.000%)(1.071m),20.000(50.000%)(1.071m),0.000,3021.928,64.5,1.1945,"[0.532, 0.785, 0.651, 0.498, 0.954, 0.571]","[2.877, 3.180, 2.952, 2.877, 3.410, 3.065]","[-5.356, -6.116, -6.897, -5.649, -6.052, -6.297]"
906,1,15.0853,5.7436,0.221,978,2730,152,217,0.163,100,3.75,33597,4388.70,1,1,15.000(18.750%)(0.000m),32.000(28.235%)(1.286m),44.000(38.824%)(2.571m),44.041(38.860%)(2.576m),20.878(26.098%)(0.094m),11.000(27.500%)(0.107m),14.699(36.748%)(0.503m),181.194,3148.042,64.6,1.1897,"[0.886, 1.036, 0.660, 0.768, 1.129, 0.575]","[3.121, 3.331, 2.773, 3.049, 3.478, 2.857]","[-4.107, -4.921, -5.321, -4.149, -5.163, -5.185]"
907,1,-3.5332,5.6517,0.181,517,1343,92,17,0.163,75,3.75,33649,2188.11,0,0,24.146(30.182%)(0.444m),40.000(35.294%)(2.143m),51.000(45.000%)(3.321m),19.000(16.765%)(0.000m),11.000(13.750%)(0.000m),17.191(42.978%)(0.770m),16.202(40.504%)(0.664m),808.170,5233.914,60.1,1.0724,"[0.787, 0.960, 0.753, 0.648, 1.094, 0.681]","[2.709, 3.132, 2.743, 2.674, 3.332, 2.759]","[-4.578, -4.718, -5.744, -5.640, -4.765, -4.486]"
908,1,17.0437,5.8850,0.265,1119,3004,223,199,0.163,100,3.85,33761,5013.17,1,1,14.580(18.225%)(0.000m),31.496(27.790%)(1.232m),42.000(37.059%)(2.357m),40.927(36.112%)(2.242m),19.309(24.136%)(0.000m),10.214(25.536%)(0.023m),13.583(33.956%)(0.384m),391.051,3304.561,62.1,1.3529,"[0.859, 0.955, 0.650, 0.784, 1.069, 0.556]","[2.691, 3.237, 2.849, 2.805, 3.433, 3.005]","[-4.444, -5.525, -5.769, -4.226, -5.701, -5.581]"
909,1,5.5756,5.9070,0.224,690,2070,38,173,0.162,95,3.85,33830,3066.92,0,0,13.000(16.250%)(0.000m),38.000(33.530%)(1.929m),67.000(59.118%)(5.036m),33.000(29.118%)(1.393m),19.991(24.988%)(0.000m),10.000(25.000%)(0.000m),14.063(35.158%)(0.435m),243.349,2700.948,69.4,1.5095,"[0.410, 0.714, 0.674, 0.290, 0.894, 0.594]","[2.842, 3.127, 2.976, 2.912, 3.468, 3.103]","[-4.483, -6.069, -4.979, -4.390, -5.752, -5.643]"
910,1,18.1606,6.2964,0.224,878,2534,50,107,0.162,100,3.96,33918,3860.83,1,1,26.000(32.500%)(0.643m),42.000(37.059%)(2.357m),50.000(44.118%)(3.214m),40.000(35.294%)(2.143m),22.837(28.546%)(0.304m),18.000(45.000%)(0.857m),16.146(40.365%)(0.659m),221.610,3042.910,66.8,1.2261,"[1.028, 1.216, 0.964, 0.858, 1.364, 0.853]","[3.219, 3.312, 2.784, 3.070, 3.540, 3.054]","[-2.410, -2.881, -4.551, -2.658, -2.978, -4.678]"
911,1,-1.8924,6.3083,0.217,184,480,17,0,0.162,45,3.95,33937,837.49,0,0,37.000(46.250%)(1.821m),51.000(45.000%)(3.321m),61.000(53.824%)(4.393m),27.891(24.610%)(0.845m),13.076(16.345%)(0.000m),40.000(100.000%)(3.214m),9.688(24.220%)(0.000m),907.947,4326.211,60.3,1.3041,"[0.906, 1.538, 2.109, 0.858, 1.598, 1.881]","[3.203, 3.644, 3.166, 3.219, 3.746, 3.273]","[-5.255, -4.441, -0.442, -4.904, -4.418, -0.434]"
912,1,0.6031,6.1753,0.268,387,1079,11,40,0.161,70,3.95,33976,1686.19,0,0,12.000(15.000%)(0.000m),20.000(17.647%)(0.000m),48.000(42.353%)(3.000m),35.000(30.882%)(1.607m),25.494(31.868%)(0.589m),26.000(65.000%)(1.714m),18.049(45.122%)(0.862m),194.380,3328.905,64.5,1.2020,"[1.073, 1.311, 1.069, 1.017, 1.401, 1.050]","[3.056, 3.547, 3.179, 3.158, 3.710, 3.237]","[-5.261, -4.525, -5.031, -5.373, -5.319, -4.832]"
913,1,8.7685,6.3084,0.242,784,2205,122,55,0.161,95,3.94,34055,3450.65,0,0,24.000(30.000%)(0.429m),45.000(39.706%)(2.679m),44.000(38.824%)(2.571m),20.000(17.647%)(0.000m),16.024(20.030%)(0.000m),25.000(62.500%)(1.607m),11.267(28.167%)(0.136m),0.000,3565.932,65.1,1.2116,"[0.798, 1.279, 1.254, 0.736, 1.382, 1.195]","[2.826, 3.397, 3.072, 2.988, 3.655, 3.232]","[-5.552, -5.998, -7.193, -6.184, -7.032, -6.389]"
914,1,17.9407,6.6986,0.268,958,2688,143,134,0.161,100,4.05,34151,4167.45,1,1,26.000(32.500%)(0.643m),45.000(39.706%)(2.679m),55.000(48.530%)(3.750m),32.000(28.235%)(1.286m),19.784(24.730%)(0.000m),18.000(45.000%)(0.857m),13.916(34.789%)(0.420m),143.894,3280.641,64.9,1.2021,"[1.237, 1.564, 1.421, 1.138, 1.698, 1.253]","[3.141, 3.359, 2.992, 3.149, 3.583, 2.971]","[-4.515, -2.592, -4.391, -4.695, -2.396, -4.814]"
915,1,12.6003,6.6540,0.225,992,2758,177,238,0.160,100,4.15,34251,4488.95,2,1,16.000(20.000%)(0.000m),36.000(31.765%)(1.714m),50.000(44.118%)(3.214m),37.000(32.647%)(1.821m),20.634(25.792%)(0.068m),11.000(27.500%)(0.107m),14.552(36.379%)(0.488m),218.036,3555.019,64.3,1.2347,"[0.814, 1.200, 0.973, 0.730, 1.312, 0.868]","[2.968, 3.310, 3.013, 3.151, 3.605, 3.137]","[-4.221, -3.433, -5.327, -4.251, -3.635, -5.387]"
916,1,-1.7558,6.6443,0.260,409,1138,52,106,0.160,70,4.15,34292,1733.34,0,0,19.451(24.314%)(0.000m),32.000(28.235%)(1.286m),48.000(42.353%)(3.000m),27.000(23.824%)(0.750m),13.000(16.250%)(0.000m),13.681(34.203%)(0.394m),10.000(25.000%)(0.000m),108.460,3005.310,64.4,1.2066,"[0.171, 0.335, 0.166, 0.162, 0.439, 0.124]","[2.274, 3.034, 2.765, 2.388, 3.246, 2.957]","[-5.372, -5.104, -4.936, -5.765, -5.097, -5.118]"
917,1,14.9216,6.9249,0.268,796,2377,171,146,0.160,100,4.25,34372,3506.27,1,1,21.000(26.250%)(0.107m),43.000(37.941%)(2.464m),57.000(50.294%)(3.964m),38.000(33.530%)(1.929m),21.387(26.733%)(0.149m),15.000(37.500%)(0.536m),15.064(37.659%)(0.543m),258.049,2568.812,69.1,1.2941,"[0.260, 0.701, 0.547, 0.209, 0.775, 0.424]","[2.489, 2.879, 2.539, 2.386, 3.082, 2.683]","[-4.987, -4.008, -4.599, -4.784, -4.554, -5.032]"
918,1,0.6553,6.6265,0.270,345,999,8,72,0.159,70,4.25,34407,1537.86,0,0,11.000(13.750%)(0.000m),16.000(14.118%)(0.000m),26.000(22.941%)(0.643m),32.000(28.235%)(1.286m),24.921(31.151%)(0.527m),21.000(52.500%)(1.179m),17.614(44.035%)(0.816m),147.759,2694.917,67.0,1.6125,"[0.594, 0.728, 0.462, 0.510, 0.875, 0.439]","[2.839, 3.006, 2.469, 2.821, 3.300, 2.455]","[-9.083, -6.187, -6.471, -8.039, -6.450, -7.307]"
919,1,0.4205,6.5567,0.239,489,1443,49,107,0.159,80,4.24,34456,2079.30,0,0,23.000(28.750%)(0.321m),29.000(25.588%)(0.964m),42.000(37.059%)(2.357m),39.118(34.516%)(2.048m),18.777(23.471%)(0.000m),23.000(57.500%)(1.393m),13.222(33.054%)(0.345m),0.000,3026.108,68.3,1.0763,"[0.200, 0.661, 0.675, 0.072, 0.777, 0.629]","[2.878, 3.321, 2.593, 2.908, 3.533, 2.944]","[-5.044, -4.568, -4.418, -5.268, -4.846, -4.159]"
920,1,14.8252,6.8714,0.262,1069,2907,140,190,0.159,100,4.35,34563,4667.85,1,1,15.000(18.750%)(0.000m),31.000(27.353%)(1.179m),48.000(42.353%)(3.000m),37.000(32.647%)(1.821m),19.868(24.835%)(0.000m),10.000(25.000%)(0.000m),13.975(34.939%)(0.426m),229.161,3887.698,62.9,1.1967,"[0.987, 1.272, 0.931, 0.851, 1.352, 0.808]","[3.492, 3.509, 3.436, 3.348, 3.510, 3.345]","[-4.097, -4.324, -5.443, -4.300, -4.853, -5.549]"
921,1,17.0005,7.2321,0.246,1007,2784,93,188,0.159,100,4.45,34664,4400.98,2,1,25.000(31.250%)(0.536m),47.000(41.471%)(2.893m),58.000(51.177%)(4.071m),37.000(32.647%)(1.821m),18.000(22.500%)(0.000m),18.000(45.000%)(0.857m),12.000(30.000%)(0.214m),207.882,3614.342,64.0,1.1909,"[0.894, 1.203, 1.093, 0.816, 1.345, 0.987]","[2.761, 3.103, 2.747, 2.727, 3.284, 2.799]","[-3.492, -1.777, -3.718, -3.790, -1.532, -4.404]"
922,1,14.8259,7.5384,0.233,731,2242,73,159,0.158,100,4.56,34738,3233.22,3,1,22.563(28.204%)(0.275m),33.000(29.118%)(1.393m),60.000(52.941%)(4.286m),41.000(36.177%)(2.250m),23.000(28.750%)(0.321m),15.904(39.759%)(0.633m),16.000(40.000%)(0.643m),213.256,2392.365,71.0,1.1710,"[0.508, 0.766, 0.537, 0.394, 0.883, 0.412]","[2.530, 2.967, 2.388, 2.421, 3.169, 2.452]","[-3.247, -2.240, -3.680, -3.298, -2.772, -4.227]"
923,1,-1.8059,7.4684,0.278,431,1224,145,127,0.158,75,4.55,34782,1920.43,0,0,19.000(23.750%)(0.000m),40.000(35.294%)(2.143m),53.000(46.765%)(3.536m),34.000(30.000%)(1.500m),21.219(26.524%)(0.131m),13.000(32.500%)(0.321m),14.984(37.459%)(0.534m),159.437,3135.709,65.7,1.3472,"[0.357, 0.855, 0.650, 0.346, 0.985, 0.560]","[2.573, 3.226, 2.786, 2.721, 3.524, 2.890]","[-4.414, -4.330, -4.924, -4.275, -4.628, -5.107]"
924,1,2.3819,7.0019,0.251,376,1071,4,39,0.158,70,4.55,34820,1623.89,0,0,11.000(13.750%)(0.000m),16.000(14.118%)(0.000m),65.000(57.353%)(4.821m),34.000(30.000%)(1.500m),24.815(31.018%)(0.516m),12.000(30.000%)(0.214m),17.568(43.920%)(0.811m),161.696,3118.803,65.9,1.3105,"[0.678, 0.935, 0.833, 0.606, 1.015, 0.691]","[2.586, 3.111, 3.115, 2.695, 3.349, 3.165]","[-7.892, -7.052, -5.652, -7.097, -7.184, -5.804]"
925,1,18.6394,7.2566,0.255,875,2524,151,76,0.157,100,4.65,34908,3870.79,1,1,23.000(28.750%)(0.321m),45.000(39.706%)(2.679m),58.000(51.177%)(4.071m),40.000(35.294%)(2.143m),20.140(25.175%)(0.015m),16.000(40.000%)(0.643m),14.174(35.435%)(0.447m),271.873,2814.459,66.8,1.2577,"[0.822, 1.208, 1.074, 0.697, 1.360, 0.894]","[2.753, 3.120, 2.952, 2.761, 3.387, 2.905]","[-3.805, -1.810, -2.962, -4.423, -1.486, -3.449]"
926,1,22.3297,7.7018,0.278,863,2499,0,143,0.157,100,4.75,34995,3817.56,2,1,23.910(29.887%)(0.419m),46.000(40.588%)(2.786m),61.000(53.824%)(4.393m),33.000(29.118%)(1.393m),23.000(28.750%)(0.321m),16.901(42.252%)(0.739m),17.000(42.500%)(0.750m),171.423,2540.044,67.0,1.2100,"[0.727, 1.016, 0.917, 0.638, 1.170, 0.796]","[2.707, 2.876, 2.703, 2.660, 3.054, 2.582]","[-4.944, -4.838, -3.331, -5.050, -4.608, -3.782]"
927,1,14.6487,7.6626,0.240,850,2476,65,135,0.157,100,4.85,35080,3862.08,3,1,26.000(32.500%)(0.643m),43.000(37.941%)(2.464m),56.000(49.412%)(3.857m),38.392(33.875%)(1.971m),18.463(23.079%)(0.000m),19.000(47.500%)(0.964m),13.007(32.517%)(0.322m),239.271,2599.925,67.4,1.3112,"[0.696, 1.125, 1.065, 0.589, 1.256, 0.871]","[2.810, 3.264, 2.996, 2.895, 3.435, 2.994]","[-4.953, -3.526, -4.205, -5.012, -3.409, -4.757]"
928,1,13.4321,7.8599,0.223,920,2610,107,226,0.156,100,4.96,35172,4098.86,4,1,25.000(31.250%)(0.536m),48.000(42.353%)(3.000m),57.000(50.294%)(3.964m),32.000(28.235%)(1.286m),16.000(20.000%)(0.000m),18.000(45.000%)(0.857m),12.133(30.334%)(0.229m),137.642,2994.971,65.7,1.2185,"[0.860, 1.315, 1.190, 0.770, 1.470, 1.124]","[2.951, 3.347, 3.102, 2.938, 3.451, 3.199]","[-4.518, -2.782, -4.723, -4.555, -2.350, -5.280]"
929,1,-0.7743,7.8696,0.311,143,392,31,9,0.156,40,4.95,35187,641.59,0,0,22.000(27.500%)(0.214m),19.000(16.765%)(0.000m),25.000(22.059%)(0.536m),99.300(87.618%)(8.496m),54.783(68.479%)(3.727m),40.000(100.000%)(3.214m),40.000(100.000%)(3.214m),0.000,2711.212,63.4,1.1234,"[0.694, 0.748, 0.494, 0.543, 0.762, 0.372]","[2.838, 3.285, 2.854, 2.951, 3.581, 3.042]","[-4.752, -4.632, -5.041, -5.145, -4.982, -5.002]"
930,1,0.3413,7.7425,0.271,553,1572,46,129,0.156,85,4.95,35243,2387.86,0,0,22.000(27.500%)(0.214m),24.000(21.177%)(0.429m),35.000(30.882%)(1.607m),23.000(20.294%)(0.321m),24.009(30.011%)(0.430m),16.000(40.000%)(0.643m),16.966(42.415%)(0.746m),0.000,2995.020,65.8,1.2548,"[0.408, 0.611, 0.283, 0.390, 0.714, 0.154]","[3.060, 3.499, 2.969, 3.000, 3.696, 2.993]","[-5.471, -6.130, -6.385, -5.131, -5.793, -6.357]"
931,1,13.5791,8.0268,0.245,788,2355,42,168,0.155,100,5.05,35322,3566.38,1,1,16.000(20.000%)(0.000m),37.000(32.647%)(1.821m),68.000(60.000%)(5.143m),44.000(38.824%)(2.571m),26.498(33.123%)(0.696m),11.000(27.500%)(0.107m),18.751(46.878%)(0.938m),264.056,2631.964,69.2,1.2105,"[0.875, 1.112, 0.903, 0.808, 1.279, 0.789]","[3.207, 3.448, 3.224, 3.210, 3.717, 3.281]","[-3.811, -3.422, -5.116, -3.824, -3.577, -5.809]"
932,1,18.5301,8.3737,0.252,998,2766,213,153,0.155,100,5.15,35422,4427.60,2,1,23.000(28.750%)(0.321m),39.000(34.412%)(2.036m),47.000(41.471%)(2.893m),37.000(32.647%)(1.821m),17.555(21.943%)(0.000m),17.000(42.500%)(0.750m),12.329(30.823%)(0.250m),338.013,3207.775,64.2,1.2562,"[0.608, 1.157, 1.039, 0.543, 1.293, 0.935]","[3.143, 3.288, 2.838, 3.055, 3.431, 2.953]","[-4.903, -2.760, -4.663, -4.839, -2.733, -5.281]"
933,1,-2.4319,8.3327,0.213,382,1052,125,12,0.155,70,5.14,35461,1646.74,0,0,22.264(27.830%)(0.243m),26.000(22.941%)(0.643m),21.000(18.529%)(0.107m),20.000(17.647%)(0.000m),21.077(26.347%)(0.115m),25.169(62.924%)(1.625m),14.949(37.373%)(0.530m),0.000,4293.644,63.7,1.1080,"[-0.071, 0.448, 0.414, -0.152, 0.525, 0.308]","[2.311, 3.015, 2.555, 2.442, 3.273, 2.781]","[-6.186, -5.465, -5.133, -5.675, -5.818, -5.214]"
934,1,13.4937,8.5079,0.261,896,2572,222,164,0.154,100,5.25,35551,4015.87,1,1,16.000(20.000%)(0.000m),33.000(29.118%)(1.393m),62.000(54.706%)(4.500m),31.368(27.678%)(1.218m),14.929(18.661%)(0.000m),11.000(27.500%)(0.107m),10.501(26.253%)(0.054m),69.299,3331.896,66.4,1.4164,"[0.041, 0.356, 0.444, 0.040, 0.488, 0.212]","[2.321, 2.891, 2.661, 2.516, 3.199, 2.702]","[-5.289, -4.839, -5.682, -5.240, -4.877, -6.040]"
935,1,-0.9647,8.2033,0.220,323,957,5,51,0.154,65,5.24,35584,1451.52,0,0,10.000(12.500%)(0.000m),15.000(13.235%)(0.000m),24.000(21.177%)(0.429m),34.000(30.000%)(1.500m),25.000(31.250%)(0.536m),22.000(55.000%)(1.286m),21.937(54.841%)(1.279m),125.894,2669.736,68.6,1.2924,"[0.052, 0.356, 0.274, -0.018, 0.486, 0.135]","[2.498, 2.982, 2.409, 2.600, 3.211, 2.542]","[-9.097, -6.920, -6.537, -7.751, -6.839, -7.746]"
936,1,-2.1773,8.1608,0.219,190,495,33,5,0.154,45,5.24,35603,876.26,0,0,33.000(41.250%)(1.393m),40.000(35.294%)(2.143m),49.000(43.235%)(3.107m),25.885(22.840%)(0.631m),12.527(15.659%)(0.000m),40.000(100.000%)(3.214m),9.774(24.434%)(0.000m),937.217,4020.758,60.3,1.2399,"[0.469, 0.854, 1.159, 0.290, 0.915, 0.972]","[2.541, 3.120, 2.507, 2.552, 3.444, 2.617]","[-5.028, -4.948, -1.326, -5.092, -5.128, -2.326]"
937,1,-2.2994,7.9195,0.281,185,473,39,18,0.154,45,5.23,35622,776.79,0,0,22.000(27.500%)(0.214m),24.000(21.177%)(0.429m),30.000(26.471%)(1.071m),76.297(67.321%)(6.032m),44.406(55.508%)(2.615m),40.000(100.000%)(3.214m),40.000(100.000%)(3.214m),0.000,2606.529,59.1,1.0673,"[1.318, 1.227, 0.562, 1.180, 1.147, 0.534]","[2.574, 3.136, 2.665, 2.589, 3.279, 2.828]","[-1.529, -3.113, -4.967, -2.242, -3.887, -4.797]"
938,1,-1.5751,7.9428,0.231,180,474,17,6,0.153,45,5.22,35640,783.25,0,0,32.000(40.000%)(1.286m),39.000(34.412%)(2.036m),57.000(50.294%)(3.964m),26.260(23.171%)(0.671m),12.707(15.884%)(0.000m),40.000(100.000%)(3.214m),9.914(24.786%)(0.000m),414.495,3710.422,61.0,1.2158,"[0.534, 0.462, 0.645, 0.401, 0.516, 0.481]","[2.999, 3.405, 2.832, 2.992, 3.663, 2.996]","[-4.681, -6.738, -5.790, -5.202, -6.817, -6.122]"
939,1,4.1142,8.0735,0.271,777,2193,64,111,0.153,95,5.22,35718,3469.63,0,0,23.000(28.750%)(0.321m),37.000(32.647%)(1.821m),53.000(46.765%)(3.536m),28.000(24.706%)(0.857m),20.714(25.892%)(0.076m),23.000(57.500%)(1.393m),14.651(36.627%)(0.498m),0.000,3509.434,65.3,1.2963,"[0.881, 1.124, 1.052, 0.750, 1.265, 1.000]","[3.165, 3.409, 3.031, 3.142, 3.698, 3.064]","[-5.444, -5.675, -3.834, -5.821, -5.388, -4.117]"
940,1,7.8760,7.8157,0.228,614,1768,46,65,0.153,90,5.21,35780,2725.42,0,0,20.088(25.109%)(0.009m),35.000(30.882%)(1.607m),52.000(45.882%)(3.429m),22.205(19.593%)(0.236m),11.675(14.594%)(0.000m),14.132(35.331%)(0.443m),9.826(24.566%)(0.000m),124.980,3307.205,66.6,1.1935,"[1.143, 1.374, 0.980, 1.069, 1.496, 0.837]","[3.068, 3.472, 3.033, 3.060, 3.677, 3.106]","[-5.043, -4.575, -4.406, -4.963, -4.254, -4.810]"
941,1,0.4797,7.6997,0.253,330,1003,11,54,0.152,70,5.21,35813,1490.44,0,0,16.000(20.000%)(0.000m),43.000(37.941%)(2.464m),66.000(58.235%)(4.929m),45.000(39.706%)(2.679m),26.991(33.739%)(0.749m),10.000(25.000%)(0.000m),19.109(47.774%)(0.976m),393.155,2513.413,70.3,1.2904,"[0.658, 0.881, 0.682, 0.598, 1.006, 0.547]","[2.964, 3.395, 2.779, 3.153, 3.716, 2.881]","[-3.478, -3.931, -4.806, -3.639, -4.225, -5.817]"
942,1,1.7024,7.7580,0.208,415,1133,17,77,0.152,70,5.20,35855,1821.59,0,0,23.000(28.750%)(0.321m),29.000(25.588%)(0.964m),26.000(22.941%)(0.643m),16.000(14.118%)(0.000m),11.000(13.750%)(0.000m),16.707(41.767%)(0.719m),23.000(57.500%)(1.393m),158.666,3348.064,63.2,1.3304,"[0.907, 1.155, 0.923, 0.880, 1.294, 0.872]","[2.852, 3.333, 2.928, 2.944, 3.578, 2.921]","[-6.538, -5.311, -7.935, -8.052, -5.771, -8.119]"
943,1,1.3525,7.4214,0.237,347,1003,8,38,0.152,70,5.20,35890,1543.47,0,0,12.000(15.000%)(0.000m),21.000(18.529%)(0.107m),50.000(44.118%)(3.214m),36.000(31.765%)(1.714m),25.464(31.830%)(0.585m),25.000(62.500%)(1.607m),18.020(45.049%)(0.859m),284.492,3067.776,66.9,1.2461,"[0.484, 0.900, 0.641, 0.417, 0.981, 0.492]","[3.031, 3.350, 2.759, 3.047, 3.516, 2.599]","[-7.625, -4.687, -5.521, -7.019, -5.286, -5.173]"
944,1,17.1196,7.5360,0.255,956,2685,109,161,0.151,100,5.30,35986,4227.85,1,1,22.000(27.500%)(0.214m),40.000(35.294%)(2.143m),60.000(52.941%)(4.286m),39.287(34.665%)(2.066m),18.648(23.310%)(0.000m),16.000(40.000%)(0.643m),13.133(32.832%)(0.336m),245.093,3352.009,65.0,1.2950,"[0.884, 1.176, 1.009, 0.812, 1.344, 1.005]","[2.857, 3.341, 2.945, 2.860, 3.550, 2.992]","[-3.539, -1.108, -2.650, -3.697, -1.152, -3.329]"
945,1,2.2297,7.4923,0.258,694,2031,118,92,0.151,95,5.29,36056,2949.80,0,0,24.000(30.000%)(0.429m),46.000(40.588%)(2.786m),28.000(24.706%)(0.857m),19.000(16.765%)(0.000m),17.177(21.472%)(0.000m),17.000(42.500%)(0.750m),12.047(30.117%)(0.219m),0.000,2749.926,67.7,1.2505,"[0.316, 0.881, 0.804, 0.241, 1.018, 0.721]","[2.913, 3.282, 2.822, 2.927, 3.461, 2.976]","[-5.057, -5.410, -7.025, -6.003, -5.211, -6.509]"
946,1,18.2205,7.4514,0.260,955,2682,186,173,0.151,100,5.39,36152,4206.77,1,1,23.000(28.750%)(0.321m),27.000(23.824%)(0.750m),36.000(31.765%)(1.714m),31.000(27.353%)(1.179m),17.808(22.260%)(0.000m),20.000(50.000%)(1.071m),12.512(31.280%)(0.269m),83.152,2946.519,65.0,1.2308,"[0.796, 1.180, 0.994, 0.680, 1.336, 0.963]","[3.382, 3.540, 3.048, 3.384, 3.768, 3.210]","[-3.811, -4.367, -4.829, -3.988, -5.095, -4.743]"
947,1,1.8724,7.4502,0.328,365,1052,5,44,0.150,70,5.39,36189,1600.91,0,0,10.000(12.500%)(0.000m),16.000(14.118%)(0.000m),61.000(53.824%)(4.393m),39.000(34.412%)(2.036m),25.000(31.250%)(0.536m),11.000(27.500%)(0.107m),17.798(44.496%)(0.836m),226.625,2998.507,66.7,1.2233,"[0.826, 1.140, 0.927, 0.684, 1.276, 0.917]","[3.241, 3.553, 2.895, 3.266, 3.805, 2.925]","[-7.893, -6.643, -5.810, -7.367, -6.077, -5.999]"
948,1,19.9344,7.8681,0.250,954,2679,129,79,0.150,100,5.49,36285,4303.67,1,1,28.000(35.000%)(0.857m),42.000(37.059%)(2.357m),52.000(45.882%)(3.429m),42.960(37.906%)(2.460m),20.350(25.438%)(0.038m),21.000(52.500%)(1.179m),14.325(35.811%)(0.463m),354.138,3085.578,65.0,1.1997,"[1.125, 1.469, 1.294, 1.007, 1.584, 1.186]","[3.094, 3.461, 2.930, 3.167, 3.675, 2.974]","[-3.804, -0.358, -2.395, -4.163, -0.880, -2.531]"
949,1,7.4956,7.8943,0.263,722,2079,90,133,0.150,95,5.48,36358,3135.82,0,0,19.000(23.750%)(0.000m),26.000(22.941%)(0.643m),25.000(22.059%)(0.536m),27.530(24.291%)(0.807m),12.919(16.149%)(0.000m),13.000(32.500%)(0.321m),9.824(24.559%)(0.000m),113.951,2894.610,66.6,1.2196,"[0.670, 0.841, 0.693, 0.621, 0.980, 0.579]","[2.553, 3.155, 2.850, 2.734, 3.478, 2.867]","[-5.147, -5.284, -5.218, -5.147, -5.438, -5.630]"
950,1,1.1029,7.9336,0.250,312,909,62,16,0.150,65,5.47,36390,1395.84,0,0,32.000(40.000%)(1.286m),49.000(43.235%)(3.107m),60.000(52.941%)(4.286m),30.000(26.471%)(1.071m),16.637(20.796%)(0.000m),26.000(65.000%)(1.714m),11.667(29.168%)(0.179m),38.579,2465.061,67.4,1.7353,"[0.418, 1.135, 1.106, 0.301, 1.301, 1.083]","[2.637, 3.037, 2.439, 2.727, 3.350, 2.553]","[-4.678, -3.903, -0.582, -4.554, -3.437, -1.153]"
951,1,5.7636,7.7120,0.276,668,1981,52,77,0.149,95,5.47,36457,2874.17,0,0,23.000(28.750%)(0.321m),56.000(49.412%)(3.857m),40.000(35.294%)(2.143m),29.000(25.588%)(0.964m),19.649(24.562%)(0.000m),16.000(40.000%)(0.643m),13.841(34.603%)(0.412m),13.757,3125.291,68.6,1.3641,"[0.480, 1.040, 0.902, 0.417, 1.240, 0.853]","[2.673, 3.251, 2.855, 2.759, 3.464, 2.832]","[-5.332, -4.540, -3.619, -5.070, -4.344, -4.014]"
952,1,4.3735,7.7423,0.274,840,2372,147,168,0.149,95,5.46,36541,3773.31,0,0,14.000(17.500%)(0.000m),43.000(37.941%)(2.464m),50.000(44.118%)(3.214m),41.668(36.766%)(2.322m),19.860(24.825%)(0.000m),10.000(25.000%)(0.000m),14.018(35.046%)(0.431m),322.678,3645.719,65.4,1.3238,"[0.676, 1.026, 0.762, 0.575, 1.158, 0.752]","[3.016, 3.280, 3.089, 2.905, 3.553, 3.201]","[-4.368, -4.670, -6.611, -4.352, -4.990, -6.894]"
953,1,-0.3660,7.3478,0.247,315,937,28,48,0.149,65,5.46,36573,1360.26,0,0,19.594(24.493%)(0.000m),41.000(36.177%)(2.250m),86.000(75.883%)(7.071m),19.000(16.765%)(0.000m),11.000(13.750%)(0.000m),13.779(34.447%)(0.405m),22.000(55.000%)(1.286m),356.268,3077.726,68.8,1.2709,"[0.563, 0.794, 0.427, 0.533, 0.904, 0.302]","[2.621, 3.324, 3.001, 2.615, 3.529, 3.159]","[-5.340, -5.683, -4.488, -5.809, -5.506, -4.593]"
954,1,-0.5335,6.9846,0.264,390,1094,84,53,0.148,70,5.45,36612,1717.08,0,0,21.510(26.887%)(0.162m),45.183(39.868%)(2.698m),69.000(60.883%)(5.250m),18.000(15.882%)(0.000m),11.000(13.750%)(0.000m),15.183(37.958%)(0.555m),11.000(27.500%)(0.107m),597.507,3639.756,64.9,1.1817,"[0.796, 1.070, 0.896, 0.695, 1.127, 0.741]","[2.377, 3.175, 2.887, 2.521, 3.326, 2.947]","[-5.562, -7.307, -9.245, -6.734, -7.229, -9.342]"
955,1,16.2546,7.3117,0.239,964,2700,204,199,0.148,100,5.55,36709,4231.86,1,1,19.000(23.750%)(0.000m),29.000(25.588%)(0.964m),35.000(30.882%)(1.607m),30.000(26.471%)(1.071m),22.279(27.849%)(0.244m),14.000(35.000%)(0.429m),15.791(39.477%)(0.620m),179.474,3827.041,64.8,1.3286,"[0.880, 1.113, 0.825, 0.789, 1.218, 0.648]","[3.084, 3.128, 2.682, 3.008, 3.408, 2.638]","[-4.727, -4.514, -4.534, -4.408, -5.121, -4.913]"
956,1,14.9393,7.3088,0.241,896,2566,67,222,0.148,100,5.65,36799,4059.72,2,1,17.000(21.250%)(0.000m),35.000(30.882%)(1.607m),55.000(48.530%)(3.750m),32.000(28.235%)(1.286m),24.000(30.000%)(0.429m),12.000(30.000%)(0.214m),17.128(42.821%)(0.764m),104.142,3126.326,66.3,1.4880,"[0.824, 0.943, 0.614, 0.743, 1.072, 0.546]","[3.173, 3.190, 2.905, 3.218, 3.485, 2.952]","[-4.583, -5.088, -5.397, -4.880, -4.730, -5.645]"
957,1,15.6472,7.6924,0.265,865,2507,81,147,0.148,100,5.75,36886,3936.54,3,1,25.000(31.250%)(0.536m),47.000(41.471%)(2.893m),59.000(52.059%)(4.179m),39.720(35.047%)(2.113m),18.717(23.396%)(0.000m),18.000(45.000%)(0.857m),13.162(32.906%)(0.339m),384.108,2746.227,67.1,1.3452,"[0.596, 0.879, 0.742, 0.529, 1.027, 0.634]","[2.502, 3.117, 2.696, 2.592, 3.365, 2.814]","[-5.061, -2.526, -3.544, -4.987, -2.270, -4.201]"
958,1,2.7698,7.4069,0.246,551,1566,64,131,0.147,85,5.74,36942,2511.95,0,0,17.000(21.250%)(0.000m),36.000(31.765%)(1.714m),19.531(17.233%)(0.000m),12.841(11.331%)(0.000m),9.108(11.384%)(0.000m),12.000(30.000%)(0.214m),11.673(29.183%)(0.179m),230.682,2977.330,65.8,1.1903,"[0.404, 0.459, 0.288, 0.349, 0.571, 0.143]","[2.602, 3.209, 2.633, 2.763, 3.470, 2.755]","[-5.697, -5.723, -7.102, -6.238, -5.414, -7.065]"
959,1,17.3412,7.6422,0.241,832,2440,27,76,0.147,100,5.84,37026,3552.63,1,1,22.947(28.684%)(0.316m),41.000(36.177%)(2.250m),71.000(62.647%)(5.464m),48.121(42.459%)(3.013m),23.128(28.910%)(0.335m),16.182(40.454%)(0.662m),16.427(41.068%)(0.689m),264.931,3222.436,67.9,1.1327,"[0.768, 0.969, 0.724, 0.745, 1.134, 0.604]","[2.544, 2.831, 2.677, 2.499, 3.156, 2.786]","[-2.824, -2.517, -4.220, -2.731, -2.919, -5.162]"
960,1,15.9114,7.5972,0.257,778,2338,109,143,0.147,100,5.94,37104,3446.76,2,1,20.000(25.000%)(0.000m),47.000(41.471%)(2.893m),59.000(52.059%)(4.179m),39.000(34.412%)(2.036m),22.292(27.865%)(0.246m),14.000(35.000%)(0.429m),15.724(39.310%)(0.613m),225.256,2759.438,69.5,1.1833,"[0.777, 1.076, 0.903, 0.741, 1.230, 0.825]","[2.866, 3.185, 2.720, 2.913, 3.434, 2.771]","[-2.897, -3.389, -4.756, -3.231, -3.946, -5.544]"
961,1,0.6092,7.6473,0.320,383,1081,70,66,0.146,70,5.93,37143,1762.61,0,0,22.989(28.737%)(0.320m),36.000(31.765%)(1.714m),66.000(58.235%)(4.929m),23.000(20.294%)(0.321m),12.000(15.000%)(0.000m),16.260(40.649%)(0.671m),11.000(27.500%)(0.107m),194.602,3226.818,65.3,1.2597,"[1.025, 1.125, 1.054, 0.956, 1.260, 0.999]","[2.969, 3.561, 3.266, 3.008, 3.851, 3.422]","[-5.451, -6.238, -5.875, -5.672, -5.854, -5.714]"
962,1,3.4857,7.7049,0.259,800,2282,57,150,0.146,95,5.93,37223,3573.18,0,0,12.000(15.000%)(0.000m),44.000(38.824%)(2.571m),54.000(47.647%)(3.643m),32.000(28.235%)(1.286m),21.060(26.325%)(0.114m),11.000(27.500%)(0.107m),14.872(37.180%)(0.522m),127.958,3073.358,66.0,1.2595,"[0.813, 1.303, 1.207, 0.685, 1.454, 1.139]","[3.143, 3.670, 3.432, 2.958, 3.855, 3.518]","[-5.186, -3.875, -4.628, -4.948, -4.032, -4.841]"
963,1,15.2638,7.8348,0.270,905,2584,214,124,0.146,100,6.02,37314,4011.60,1,1,18.172(22.715%)(0.000m),38.146(33.658%)(1.944m),60.000(52.941%)(4.286m),38.223(33.726%)(1.952m),17.920(22.400%)(0.000m),12.790(31.974%)(0.299m),12.584(31.460%)(0.277m),296.808,3387.318,66.1,1.3836,"[0.896, 1.184, 0.929, 0.876, 1.371, 0.830]","[2.907, 3.368, 2.932, 2.972, 3.693, 2.969]","[-5.015, -2.676, -5.248, -4.533, -2.382, -5.422]"
964,1,-2.2455,7.4311,0.190,339,999,17,36,0.145,70,6.02,37348,1377.38,0,0,14.000(17.500%)(0.000m),30.000(26.471%)(1.071m),56.000(49.412%)(3.857m),37.000(32.647%)(1.821m),27.000(33.750%)(0.750m),10.000(25.000%)(0.000m),19.341(48.353%)(1.001m),198.057,2839.019,68.2,1.1132,"[0.405, 0.479, 0.342, 0.323, 0.645, 0.238]","[2.404, 2.941, 2.598, 2.540, 3.240, 2.719]","[-4.070, -5.834, -5.321, -4.149, -5.614, -5.538]"
965,1,1.2942,7.2050,0.256,677,2044,29,180,0.145,95,6.01,37416,2864.27,0,0,12.000(15.000%)(0.000m),47.000(41.471%)(2.893m),57.000(50.294%)(3.964m),32.000(28.235%)(1.286m),21.506(26.882%)(0.161m),11.000(27.500%)(0.107m),15.166(37.915%)(0.554m),73.973,2583.058,69.9,1.1074,"[0.575, 0.846, 0.632, 0.603, 1.023, 0.545]","[3.090, 3.162, 2.679, 3.057, 3.448, 2.752]","[-4.706, -4.547, -4.629, -4.402, -4.719, -4.850]"
966,1,13.9267,7.5186,0.258,724,2230,0,134,0.145,100,6.11,37489,3202.58,1,1,25.000(31.250%)(0.536m),41.000(36.177%)(2.250m),61.000(53.824%)(4.393m),35.000(30.882%)(1.607m),23.000(28.750%)(0.321m),18.000(45.000%)(0.857m),17.230(43.074%)(0.775m),135.630,2537.691,71.3,1.1889,"[0.453, 0.998, 0.979, 0.456, 1.219, 0.885]","[2.933, 3.298, 2.939, 2.925, 3.565, 2.860]","[-5.082, -3.734, -2.205, -4.661, -3.324, -2.283]"
967,1,2.0890,7.2620,0.298,483,1430,88,95,0.145,80,6.10,37538,2219.46,0,0,22.000(27.500%)(0.214m),19.000(16.765%)(0.000m),24.000(21.177%)(0.429m),32.922(29.049%)(1.385m),15.265(19.081%)(0.000m),19.000(47.500%)(0.964m),10.696(26.740%)(0.075m),0.000,2512.225,68.5,1.3221,"[0.301, 0.484, 0.341, 0.203, 0.552, 0.159]","[2.759, 3.281, 2.932, 2.834, 3.606, 3.086]","[-6.251, -5.251, -5.140, -5.584, -5.378, -5.696]"
968,1,2.6838,7.3025,0.274,340,999,4,39,0.144,70,6.10,37572,1495.12,0,0,11.000(13.750%)(0.000m),17.000(15.000%)(0.000m),64.000(56.471%)(4.714m),33.000(29.118%)(1.393m),24.000(30.000%)(0.429m),11.000(27.500%)(0.107m),17.716(44.289%)(0.827m),110.100,2642.581,68.0,1.2844,"[0.220, 0.622, 0.535, 0.199, 0.732, 0.494]","[2.848, 3.217, 2.665, 2.951, 3.430, 2.646]","[-6.415, -6.699, -5.280, -6.508, -6.621, -5.180]"
969,1,17.8717,7.6516,0.279,764,2305,0,143,0.144,100,6.19,37649,3415.44,1,1,25.000(31.250%)(0.536m),38.000(33.530%)(1.929m),61.000(53.824%)(4.393m),40.000(35.294%)(2.143m),22.000(27.500%)(0.214m),20.000(50.000%)(1.071m),17.002(42.506%)(0.750m),136.057,2420.709,69.8,1.3160,"[0.980, 1.327, 1.149, 0.905, 1.476, 1.063]","[3.258, 3.196, 3.012, 3.261, 3.489, 3.085]","[-4.394, -3.062, -2.588, -4.282, -2.938, -3.227]"
970,1,11.9514,7.5941,0.230,936,2646,49,232,0.144,100,6.29,37743,4103.35,2,1,18.000(22.500%)(0.000m),49.000(43.235%)(3.107m),64.000(56.471%)(4.714m),42.000(37.059%)(2.357m),24.000(30.001%)(0.429m),13.000(32.500%)(0.321m),16.991(42.477%)(0.749m),358.689,3273.391,65.4,1.1534,"[1.209, 1.537, 1.302, 1.170, 1.732, 1.235]","[3.175, 3.508, 3.301, 3.188, 3.855, 3.357]","[-3.907, -2.443, -3.592, -3.934, -2.116, -3.927]"
971,1,19.9585,7.6533,0.289,833,2442,0,117,0.143,100,6.39,37827,3695.17,3,1,26.000(32.500%)(0.643m),48.000(42.353%)(3.000m),64.000(56.471%)(4.714m),43.000(37.941%)(2.464m),23.435(29.294%)(0.368m),19.000(47.500%)(0.964m),16.545(41.364%)(0.701m),315.776,2963.092,67.9,1.1882,"[1.097, 1.345, 1.086, 1.021, 1.486, 1.028]","[3.072, 3.430, 2.978, 2.952, 3.691, 3.067]","[-2.071, -2.718, -4.368, -2.411, -2.745, -4.853]"
972,1,3.1263,7.4193,0.260,310,933,0,19,0.143,65,6.38,37858,1358.04,0,0,12.000(15.000%)(0.000m),21.000(18.529%)(0.107m),69.000(60.883%)(5.250m),46.000(40.588%)(2.786m),23.667(29.584%)(0.393m),27.000(67.500%)(1.821m),16.703(41.757%)(0.718m),368.634,2591.486,69.7,1.2079,"[0.404, 0.864, 0.676, 0.352, 0.977, 0.563]","[2.937, 3.565, 3.274, 2.999, 3.813, 3.348]","[-7.625, -5.596, -5.480, -7.377, -5.970, -6.266]"
973,1,3.7983,7.5313,0.251,707,2056,120,81,0.143,95,6.37,37929,3076.32,0,0,26.000(32.500%)(0.643m),45.000(39.706%)(2.679m),29.000(25.588%)(0.964m),20.000(17.647%)(0.000m),14.839(18.549%)(0.000m),19.000(47.500%)(0.964m),10.404(26.010%)(0.043m),0.000,3230.803,67.3,1.3384,"[0.359, 0.844, 0.817, 0.288, 1.004, 0.709]","[2.710, 3.222, 2.767, 2.792, 3.500, 2.931]","[-5.470, -6.747, -8.066, -6.071, -6.801, -8.022]"
974,1,-0.2876,7.4780,0.283,383,1081,96,33,0.143,70,6.37,37968,1644.76,0,0,10.000(12.500%)(0.000m),15.000(13.235%)(0.000m),24.000(21.177%)(0.429m),33.295(29.378%)(1.424m),15.602(19.502%)(0.000m),12.000(30.000%)(0.214m),10.955(27.387%)(0.102m),248.620,3219.000,65.3,1.1432,"[0.352, 0.986, 1.126, 0.263, 1.144, 0.998]","[2.818, 3.421, 2.889, 2.898, 3.662, 3.067]","[-7.845, -5.808, -5.367, -6.523, -5.994, -6.254]"
975,1,6.5117,7.2354,0.276,731,2102,137,131,0.142,95,6.36,38042,3122.87,0,0,22.000(27.500%)(0.214m),49.000(43.235%)(3.107m),33.000(29.118%)(1.393m),23.000(20.294%)(0.321m),20.062(25.077%)(0.007m),16.000(40.000%)(0.643m),14.109(35.273%)(0.440m),0.000,2825.871,66.6,1.1414,"[0.970, 1.353, 1.256, 0.891, 1.520, 1.151]","[3.076, 3.463, 3.181, 3.048, 3.788, 3.271]","[-4.901, -5.685, -4.869, -5.213, -5.549, -5.050]"
976,1,-1.5705,6.7574,0.228,153,432,16,1,0.142,40,6.35,38058,666.20,0,0,32.000(40.000%)(1.286m),50.000(44.118%)(3.214m),42.893(37.847%)(2.453m),19.165(16.911%)(0.000m),10.927(13.659%)(0.000m),40.000(100.000%)(3.214m),10.029(25.074%)(0.003m),610.740,2986.877,65.4,1.1794,"[0.792, 1.101, 1.234, 0.632, 1.231, 1.077]","[2.956, 3.483, 3.055, 3.074, 3.843, 3.203]","[-5.277, -6.152, -4.974, -5.550, -6.489, -5.646]"
977,1,20.5283,6.8750,0.250,894,2560,105,160,0.142,100,6.45,38148,3885.77,1,1,22.000(27.500%)(0.214m),45.000(39.706%)(2.679m),60.000(52.941%)(4.286m),34.000(30.000%)(1.500m),21.000(26.250%)(0.107m),16.000(40.000%)(0.643m),14.898(37.245%)(0.525m),262.908,3446.796,66.3,1.2522,"[1.052, 1.455, 1.358, 0.930, 1.668, 1.244]","[3.266, 3.418, 3.262, 3.354, 3.848, 3.245]","[-4.508, -2.519, -2.581, -4.600, -2.232, -3.307]"
978,1,2.8437,6.6632,0.256,314,939,6,28,0.141,65,6.44,38180,1335.94,0,0,11.000(13.750%)(0.000m),18.000(15.882%)(0.000m),34.000(30.000%)(1.500m),36.000(31.765%)(1.714m),23.667(29.584%)(0.393m),27.000(67.500%)(1.821m),16.703(41.757%)(0.718m),203.428,2566.740,69.2,1.2881,"[0.641, 1.093, 0.956, 0.568, 1.305, 0.865]","[3.156, 3.503, 3.058, 3.223, 3.826, 3.135]","[-9.210, -5.940, -5.566, -8.003, -5.634, -7.003]"
979,1,8.5179,6.8491,0.257,625,1892,35,44,0.141,95,6.44,38243,2707.25,0,0,25.000(31.250%)(0.536m),45.000(39.706%)(2.679m),69.000(60.883%)(5.250m),30.000(26.471%)(1.071m),20.120(25.150%)(0.013m),22.000(55.000%)(1.286m),14.158(35.394%)(0.445m),20.706,2617.150,70.0,1.2131,"[1.074, 1.402, 1.314, 0.871, 1.591, 1.237]","[3.644, 3.670, 3.125, 3.561, 3.960, 3.283]","[-5.592, -4.994, -2.057, -5.592, -4.828, -2.683]"
980,1,-0.9575,6.8231,0.291,351,985,33,27,0.141,65,6.43,38279,1524.18,0,0,28.000(35.000%)(0.857m),38.000(33.530%)(1.929m),49.000(43.235%)(3.107m),24.000(21.177%)(0.429m),22.000(27.500%)(0.214m),25.000(62.500%)(1.607m),18.208(45.521%)(0.879m),0.000,2597.509,64.9,1.3459,"[0.952, 1.366, 1.355, 0.876, 1.581, 1.358]","[3.318, 3.647, 3.137, 3.394, 3.996, 3.326]","[-6.116, -5.220, -4.358, -5.846, -5.121, -4.333]"
981,1,16.7082,6.8857,0.276,959,2689,45,109,0.141,100,6.52,38375,4299.35,1,1,26.000(32.500%)(0.643m),45.000(39.706%)(2.679m),56.000(49.412%)(3.857m),38.000(33.530%)(1.929m),21.195(26.494%)(0.128m),19.000(47.500%)(0.964m),14.952(37.380%)(0.531m),327.413,2904.387,64.9,1.2588,"[1.317, 1.614, 1.493, 1.221, 1.759, 1.465]","[3.247, 3.682, 3.235, 3.299, 3.905, 3.293]","[-2.751, -0.792, -0.813, -3.075, -0.821, -1.269]"
982,1,2.7631,6.5703,0.296,325,969,16,67,0.140,70,6.52,38408,1397.22,0,0,10.000(12.500%)(0.000m),15.000(13.235%)(0.000m),23.000(20.294%)(0.321m),32.000(28.235%)(1.286m),24.000(30.000%)(0.429m),12.000(30.000%)(0.214m),17.550(43.875%)(0.809m),104.207,2549.349,69.0,1.2966,"[0.668, 1.039, 0.925, 0.509, 1.172, 0.914]","[2.672, 3.338, 3.096, 2.831, 3.707, 3.342]","[-8.776, -5.992, -6.368, -7.066, -6.585, -7.109]"
983,1,5.7708,6.7344,0.238,451,1367,11,29,0.140,80,6.51,38454,1958.09,0,0,23.000(28.750%)(0.321m),27.000(23.824%)(0.750m),47.000(41.471%)(2.893m),50.890(44.903%)(3.310m),24.319(30.398%)(0.463m),25.000(62.500%)(1.607m),17.184(42.961%)(0.770m),13.505,2464.773,70.2,1.1462,"[1.048, 1.268, 1.012, 0.927, 1.374, 0.921]","[3.197, 3.566, 3.013, 3.280, 3.843, 3.126]","[-2.711, -2.641, -5.257, -3.207, -3.361, -5.003]"
984,1,-0.5696,6.4531,0.313,207,541,18,8,0.140,45,6.50,38475,916.83,0,0,31.000(38.750%)(1.179m),40.000(35.294%)(2.143m),49.070(43.297%)(3.115m),20.162(17.790%)(0.017m),11.123(13.904%)(0.000m),40.000(100.000%)(3.214m),9.839(24.598%)(0.000m),556.702,3398.310,60.5,1.7106,"[0.723, 1.409, 1.661, 0.660, 1.624, 1.631]","[2.805, 3.413, 3.321, 3.004, 3.806, 3.402]","[-5.308, -4.692, -5.217, -5.118, -4.627, -4.929]"
985,1,0.2819,6.4781,0.290,341,980,45,30,0.139,65,6.50,38510,1454.46,0,0,18.000(22.500%)(0.000m),17.000(15.000%)(0.000m),33.000(29.118%)(1.393m),42.535(37.531%)(2.414m),20.295(25.369%)(0.032m),27.000(67.500%)(1.821m),14.330(35.825%)(0.464m),243.632,3111.850,66.5,1.1740,"[0.353, 0.917, 0.867, 0.298, 1.040, 0.824]","[3.071, 3.177, 2.648, 3.156, 3.642, 2.697]","[-7.498, -5.195, -5.200, -6.131, -5.900, -5.170]"
986,1,-0.1785,6.5180,0.212,220,597,14,31,0.139,50,6.49,38532,1041.89,0,0,26.000(32.500%)(0.643m),40.000(35.294%)(2.143m),70.000(61.765%)(5.357m),25.867(22.824%)(0.629m),12.512(15.639%)(0.000m),23.000(57.500%)(1.393m),9.762(24.404%)(0.000m),873.247,3947.558,62.8,1.4838,"[1.315, 1.704, 1.583, 1.308, 1.842, 1.577]","[3.142, 3.670, 3.353, 3.189, 3.900, 3.413]","[-5.666, -4.681, -3.124, -5.487, -4.748, -3.282]"
987,1,1.5935,6.5959,0.258,382,1087,46,76,0.139,70,6.48,38571,1668.95,0,0,10.000(12.500%)(0.000m),14.000(12.353%)(0.000m),23.000(20.294%)(0.321m),34.000(30.000%)(1.500m),23.397(29.247%)(0.364m),11.000(27.500%)(0.107m),16.524(41.310%)(0.699m),102.666,2678.561,65.8,1.2659,"[0.868, 1.262, 1.111, 0.817, 1.369, 1.066]","[3.210, 3.693, 3.192, 3.316, 3.973, 3.328]","[-8.191, -6.926, -5.972, -7.533, -6.452, -6.147]"
988,1,13.6699,6.9008,0.270,790,2364,126,190,0.139,100,6.58,38650,3407.13,1,1,22.000(27.500%)(0.214m),39.000(34.412%)(2.036m),55.000(48.530%)(3.750m),38.000(33.530%)(1.929m),19.718(24.648%)(0.000m),13.000(32.500%)(0.321m),13.942(34.854%)(0.422m),242.878,2211.189,69.2,1.1611,"[0.729, 1.186, 0.983, 0.636, 1.380, 0.866]","[3.294, 3.435, 2.950, 3.244, 3.786, 2.879]","[-3.847, -1.167, -3.552, -3.870, -1.010, -4.206]"
989,1,17.7684,7.1739,0.234,724,2229,64,124,0.138,100,6.67,38723,3272.47,2,1,26.000(32.500%)(0.643m),43.000(37.941%)(2.464m),59.000(52.059%)(4.179m),38.000(33.530%)(1.929m),23.189(28.986%)(0.342m),18.000(45.000%)(0.857m),16.357(40.892%)(0.681m),229.446,2498.510,71.2,1.2927,"[1.049, 1.264, 1.044, 0.992, 1.468, 0.944]","[2.793, 3.124, 2.686, 3.009, 3.447, 2.746]","[-3.585, -0.768, -2.851, -4.117, -1.065, -3.823]"
990,1,3.0790,7.0779,0.286,605,1671,76,173,0.138,85,6.67,38784,2651.58,0,0,22.000(27.500%)(0.214m),24.000(21.177%)(0.429m),29.000(25.588%)(0.964m),33.000(29.118%)(1.393m),16.000(20.000%)(0.000m),17.180(42.951%)(0.769m),11.000(27.500%)(0.107m),0.000,3210.317,63.9,1.2272,"[0.466, 0.534, 0.539, 0.423, 0.731, 0.418]","[3.303, 3.413, 2.950, 3.289, 3.712, 3.081]","[-6.284, -6.492, -4.261, -6.269, -5.605, -4.590]"
991,1,2.8839,7.1260,0.284,366,1015,49,17,0.138,70,6.66,38821,1524.08,0,0,34.000(42.500%)(1.500m),46.000(40.588%)(2.786m),50.000(44.118%)(3.214m),28.000(24.706%)(0.857m),20.056(25.071%)(0.006m),27.000(67.500%)(1.821m),14.174(35.436%)(0.447m),25.703,3290.007,64.2,1.1535,"[0.901, 1.493, 1.457, 0.832, 1.689, 1.401]","[3.017, 3.558, 3.044, 3.086, 3.800, 3.071]","[-5.552, -5.025, -2.172, -5.627, -4.495, -2.271]"
992,1,-0.1678,7.0886,0.251,369,1100,37,49,0.138,75,6.65,38858,1576.00,0,0,30.000(37.500%)(1.071m),49.000(43.235%)(3.107m),59.000(52.059%)(4.179m),42.000(37.059%)(2.357m),22.626(28.283%)(0.281m),14.000(35.000%)(0.429m),15.960(39.900%)(0.639m),371.321,2675.039,69.0,1.1642,"[0.602, 1.045, 0.908, 0.580, 1.193, 0.839]","[2.924, 3.518, 3.018, 3.030, 3.711, 3.187]","[-4.737, -2.861, -3.924, -4.946, -2.870, -4.386]"
993,1,18.3608,7.4288,0.267,739,2257,71,123,0.137,100,6.75,38932,3321.33,1,1,25.000(31.250%)(0.536m),50.000(44.118%)(3.214m),62.000(54.706%)(4.500m),41.000(36.177%)(2.250m),22.604(28.255%)(0.279m),18.000(45.000%)(0.857m),15.932(39.831%)(0.636m),302.368,2395.297,70.7,1.2427,"[0.767, 1.302, 1.195, 0.745, 1.447, 1.081]","[2.750, 3.289, 3.131, 2.810, 3.607, 2.995]","[-3.679, -1.720, -2.319, -3.921, -1.541, -3.355]"
994,1,0.1011,7.0884,0.302,319,953,33,28,0.137,65,6.74,38964,1370.90,0,0,10.000(12.500%)(0.000m),14.000(12.353%)(0.000m),21.000(18.529%)(0.107m),43.000(37.941%)(2.464m),22.768(28.460%)(0.297m),25.000(62.500%)(1.607m),16.063(40.156%)(0.650m),283.383,2580.288,69.2,1.1972,"[0.424, 0.878, 0.888, 0.407, 1.046, 0.775]","[2.837, 3.266, 2.843, 3.010, 3.520, 2.732]","[-9.188, -7.399, -6.156, -7.985, -7.379, -7.066]"
995,1,0.7557,7.0589,0.252,394,1069,54,19,0.137,70,6.73,39004,1703.26,0,0,31.000(38.750%)(1.179m),42.000(37.059%)(2.357m),55.000(48.530%)(3.750m),27.000(23.824%)(0.750m),16.970(21.213%)(0.000m),24.000(60.000%)(1.500m),11.943(29.857%)(0.208m),0.000,3327.123,62.8,1.1231,"[0.497, 0.977, 1.112, 0.401, 1.135, 1.029]","[3.140, 3.561, 3.012, 3.110, 3.768, 3.004]","[-5.575, -5.687, -4.757, -5.483, -5.213, -4.512]"
996,1,7.4583,6.8437,0.275,670,1858,78,86,0.136,90,6.73,39071,2936.60,0,0,27.000(33.750%)(0.750m),45.000(39.706%)(2.679m),57.000(50.294%)(3.964m),25.821(22.784%)(0.624m),12.490(15.612%)(0.000m),19.000(47.500%)(0.964m),9.744(24.361%)(0.000m),609.251,4808.413,64.2,1.2824,"[0.777, 1.229, 1.113, 0.742, 1.433, 1.064]","[2.833, 3.252, 2.709, 2.794, 3.356, 2.729]","[-5.382, -3.922, -3.706, -5.132, -3.780, -3.668]"
997,1,17.2964,7.1522,0.249,745,2268,21,126,0.136,100,6.82,39146,3333.11,1,1,24.000(30.000%)(0.429m),42.000(37.059%)(2.357m),60.000(52.941%)(4.286m),38.000(33.530%)(1.929m),20.879(26.099%)(0.094m),17.000(42.500%)(0.750m),14.703(36.759%)(0.504m),229.855,2460.975,70.5,1.2844,"[0.936, 1.287, 1.170, 0.835, 1.472, 0.992]","[2.882, 3.357, 3.170, 2.889, 3.693, 3.182]","[-4.775, -0.546, -3.131, -4.990, -0.344, -3.552]"
998,1,-0.4922,6.7436,0.311,358,1057,80,76,0.136,70,6.81,39182,1597.89,0,0,15.000(18.750%)(0.000m),36.000(31.765%)(1.714m),47.000(41.471%)(2.893m),37.000(32.647%)(1.821m),17.701(22.127%)(0.000m),10.000(25.000%)(0.000m),12.434(31.086%)(0.261m),199.754,2586.301,68.3,1.2517,"[0.497, 1.100, 0.950, 0.432, 1.278, 0.921]","[2.863, 3.602, 3.272, 3.082, 3.921, 3.589]","[-4.840, -3.728, -5.362, -4.490, -3.505, -6.045]"
999,1,-1.1179,6.5714,0.207,159,454,16,13,0.136,45,6.81,39198,720.23,0,0,28.000(35.000%)(0.857m),44.000(38.824%)(2.571m),57.000(50.294%)(3.964m),25.592(22.581%)(0.599m),12.566(15.707%)(0.000m),32.000(80.000%)(2.357m),9.930(24.825%)(0.000m),388.755,2824.872,66.1,1.4936,"[0.304, 0.945, 1.180, 0.289, 1.059, 1.076]","[2.718, 3.392, 2.963, 2.926, 3.694, 3.026]","[-5.918, -5.332, -3.052, -5.750, -5.262, -3.366]"
1000,1,-1.9495,6.5103,0.230,167,466,19,4,0.135,45,6.80,39215,699.57,0,0,32.000(40.000%)(1.286m),43.000(37.941%)(2.464m),69.000(60.883%)(5.250m),29.115(25.690%)(0.977m),13.547(16.933%)(0.000m),40.000(100.000%)(3.214m),9.669(24.174%)(0.000m),486.808,3204.633,64.5,1.1307,"[0.051, 0.646, 1.249, 0.034, 0.828, 1.090]","[2.910, 3.191, 2.548, 3.030, 3.447, 2.540]","[-5.772, -5.112, -2.036, -5.538, -4.808, -2.439]"
1001,1,0.9166,6.4134,0.294,278,842,4,27,0.135,65,6.79,39243,1212.75,0,0,28.000(35.000%)(0.857m),44.000(38.824%)(2.571m),57.000(50.294%)(3.964m),20.000(17.647%)(0.000m),24.000(30.000%)(0.429m),23.000(57.500%)(1.393m),19.015(47.537%)(0.966m),0.000,2186.127,70.1,1.4590,"[0.594, 1.159, 1.052, 0.501, 1.334, 1.023]","[2.617, 3.394, 3.047, 2.736, 3.700, 3.227]","[-5.574, -6.228, -8.210, -5.922, -5.839, -7.298]"
1002,1,17.9460,6.6848,0.274,799,2377,74,163,0.135,100,6.89,39323,3516.68,1,1,24.000(30.000%)(0.429m),47.000(41.471%)(2.893m),54.000(47.647%)(3.643m),38.000(33.530%)(1.929m),18.553(23.191%)(0.000m),17.000(42.500%)(0.750m),13.033(32.582%)(0.325m),321.400,2769.203,68.8,1.1965,"[0.740, 1.192, 1.020, 0.637, 1.390, 0.840]","[2.861, 3.266, 2.889, 2.829, 3.515, 2.945]","[-5.824, -4.121, -4.460, -5.491, -3.711, -5.028]"
1003,1,3.7836,6.7678,0.249,543,1567,19,84,0.135,85,6.88,39378,2384.88,0,0,27.000(33.750%)(0.750m),44.000(38.824%)(2.571m),37.314(32.924%)(1.855m),18.256(16.108%)(0.000m),10.836(13.545%)(0.000m),20.000(50.000%)(1.071m),10.446(26.115%)(0.048m),88.801,2956.605,66.8,1.2563,"[0.912, 1.341, 1.429, 0.756, 1.563, 1.276]","[3.366, 3.655, 3.278, 3.337, 4.037, 3.393]","[-5.474, -4.649, -4.317, -5.459, -4.557, -4.102]"
1004,1,-1.3906,6.7507,0.273,345,1029,59,85,0.134,70,6.87,39413,1494.16,0,0,16.000(20.000%)(0.000m),45.000(39.706%)(2.679m),72.000(63.530%)(5.571m),40.000(35.294%)(2.143m),19.787(24.734%)(0.000m),10.000(25.000%)(0.000m),13.930(34.824%)(0.421m),252.710,2704.874,69.1,1.2301,"[0.588, 0.955, 0.916, 0.497, 1.243, 0.934]","[3.008, 3.584, 3.505, 3.109, 3.860, 3.855]","[-5.266, -4.676, -4.754, -5.423, -4.821, -5.640]"
1005,1,-1.2401,6.4008,0.246,191,509,14,9,0.134,45,6.87,39433,839.42,0,0,30.000(37.500%)(1.071m),44.000(38.824%)(2.571m),60.000(52.941%)(4.286m),26.633(23.500%)(0.711m),12.692(15.865%)(0.000m),40.000(100.000%)(3.214m),9.776(24.441%)(0.000m),567.641,3300.284,61.7,1.2204,"[0.818, 1.089, 1.396, 0.623, 1.286, 1.327]","[3.372, 3.671, 3.233, 3.260, 3.956, 3.270]","[-6.354, -5.904, -3.303, -6.640, -6.070, -3.291]"
1006,1,6.6249,6.2345,0.287,641,1926,119,42,0.134,95,6.86,39498,2815.11,0,0,27.000(33.750%)(0.750m),49.000(43.235%)(3.107m),55.000(48.530%)(3.750m),35.000(30.882%)(1.607m),19.748(24.684%)(0.000m),22.000(55.000%)(1.286m),13.905(34.762%)(0.418m),0.000,2640.094,69.5,1.1728,"[0.523, 1.185, 1.127, 0.354, 1.375, 1.056]","[3.162, 3.458, 3.002, 3.113, 3.834, 3.040]","[-5.341, -4.148, -1.619, -5.296, -3.940, -2.701]"
1007,1,3.8725,5.9990,0.260,298,881,1,28,0.133,65,6.85,39528,1305.55,0,0,27.000(33.750%)(0.750m),45.000(39.706%)(2.679m),59.000(52.059%)(4.179m),31.000(27.353%)(1.179m),22.000(27.500%)(0.214m),26.000(65.000%)(1.714m),17.503(43.758%)(0.804m),19.618,2516.249,68.4,1.2821,"[0.487, 1.191, 1.207, 0.433, 1.413, 1.156]","[2.536, 3.348, 3.007, 2.815, 3.561, 3.179]","[-5.037, -5.364, -3.836, -5.022, -4.862, -3.605]"
1008,1,-0.1235,5.9411,0.229,326,998,77,79,0.133,70,6.85,39561,1437.29,0,0,22.000(27.500%)(0.214m),34.000(30.000%)(1.500m),52.000(45.882%)(3.429m),37.000(32.647%)(1.821m),16.000(20.000%)(0.000m),16.321(40.802%)(0.677m),10.000(25.000%)(0.000m),119.958,2346.514,70.8,1.2580,"[0.879, 0.984, 0.366, 0.897, 1.170, 0.191]","[2.858, 3.505, 3.115, 3.010, 3.819, 3.234]","[-4.047, -3.779, -4.748, -4.327, -4.059, -5.053]"
1009,1,13.7919,5.8701,0.236,723,2230,80,134,0.133,100,6.94,39634,3196.57,1,1,21.000(26.250%)(0.107m),40.000(35.294%)(2.143m),57.000(50.294%)(3.964m),32.000(28.235%)(1.286m),21.000(26.250%)(0.107m),15.000(37.500%)(0.536m),16.055(40.137%)(0.649m),44.882,2257.008,71.4,1.1228,"[0.821, 1.153, 1.107, 0.753, 1.405, 1.019]","[3.039, 3.520, 3.217, 3.190, 3.870, 3.457]","[-5.117, -5.178, -2.635, -5.207, -4.615, -2.958]"
1010,1,-1.7868,5.5162,0.311,209,545,33,19,0.133,45,6.93,39655,896.92,0,0,27.000(33.750%)(0.750m),40.000(35.294%)(2.143m),48.000(42.353%)(3.000m),25.571(22.563%)(0.597m),12.556(15.694%)(0.000m),40.000(100.000%)(3.214m),9.922(24.804%)(0.000m),425.520,3404.775,60.3,1.1946,"[0.987, 1.352, 1.420, 0.865, 1.463, 1.473]","[2.917, 3.688, 3.151, 3.101, 3.882, 3.481]","[-5.448, -5.766, -4.462, -6.249, -5.740, -4.644]"
1011,1,19.3499,5.8910,0.301,796,2374,111,91,0.132,100,7.02,39735,3652.22,1,1,22.000(27.500%)(0.214m),45.000(39.706%)(2.679m),53.000(46.765%)(3.536m),33.453(29.517%)(1.441m),15.540(19.425%)(0.000m),16.000(40.000%)(0.643m),10.891(27.227%)(0.095m),161.954,2905.494,69.0,1.3743,"[0.800, 1.251, 1.191, 0.677, 1.463, 1.094]","[3.928, 4.021, 3.476, 3.775, 4.097, 3.214]","[-5.683, -4.885, -4.407, -5.704, -4.616, -4.862]"
1012,1,3.1016,5.8833,0.232,286,857,77,27,0.132,65,7.02,39764,1256.98,0,0,28.000(35.000%)(0.857m),20.000(17.647%)(0.000m),19.000(16.765%)(0.000m),20.000(17.647%)(0.000m),19.256(24.071%)(0.000m),24.000(60.000%)(1.500m),13.538(33.845%)(0.379m),0.000,2269.939,69.3,1.2761,"[0.237, 0.666, 0.575, 0.091, 0.745, 0.536]","[2.799, 3.228, 2.663, 2.863, 3.420, 2.847]","[-5.900, -5.239, -5.135, -6.451, -5.862, -5.819]"
1013,1,0.6224,5.5905,0.300,376,1089,10,55,0.132,70,7.01,39802,1846.25,0,0,22.000(27.500%)(0.214m),43.000(37.941%)(2.464m),69.000(60.883%)(5.250m),49.675(43.831%)(3.179m),13.000(16.250%)(0.000m),23.000(57.500%)(1.393m),10.000(25.000%)(0.000m),610.740,3929.803,67.0,1.4114,"[0.683, 0.957, 0.868, 0.577, 1.184, 0.749]","[3.003, 3.340, 2.843, 3.011, 3.580, 2.973]","[-5.440, -5.848, -4.040, -5.750, -5.693, -4.324]"
1014,1,3.2474,5.7003,0.322,693,2067,212,157,0.132,95,7.00,39872,3004.21,0,0,12.000(15.000%)(0.000m),23.000(20.294%)(0.321m),47.000(41.471%)(2.893m),32.000(28.235%)(1.286m),20.816(26.020%)(0.087m),11.000(27.500%)(0.107m),14.654(36.634%)(0.499m),134.391,2540.232,69.0,1.2333,"[0.407, 0.713, 0.559, 0.276, 0.892, 0.454]","[2.890, 3.202, 2.909, 3.025, 3.536, 2.821]","[-4.801, -5.373, -4.693, -4.713, -5.184, -4.689]"
1015,1,2.9797,5.7341,0.270,294,872,30,25,0.131,65,7.00,39902,1236.12,0,0,29.000(36.250%)(0.964m),50.000(44.118%)(3.214m),20.000(17.647%)(0.000m),20.000(17.647%)(0.000m),24.445(30.556%)(0.476m),25.000(62.500%)(1.607m),17.294(43.234%)(0.781m),0.000,2464.672,68.6,1.2694,"[0.695, 0.995, 0.881, 0.529, 1.161, 0.776]","[2.765, 3.246, 2.724, 3.000, 3.566, 2.766]","[-5.792, -6.377, -9.312, -7.369, -6.452, -8.474]"
1016,1,-0.1632,5.4523,0.280,304,893,42,12,0.131,65,6.99,39933,1326.71,0,0,32.000(40.000%)(1.286m),50.000(44.118%)(3.214m),62.000(54.706%)(4.500m),29.000(25.588%)(0.964m),16.311(20.389%)(0.000m),25.000(62.500%)(1.607m),11.456(28.640%)(0.156m),0.000,2569.517,68.0,1.3291,"[0.177, 0.764, 0.985, 0.030, 1.024, 0.896]","[2.673, 3.276, 2.800, 2.774, 3.556, 2.831]","[-5.302, -5.851, -5.076, -5.475, -5.489, -4.828]"
1017,1,18.8560,5.7876,0.245,775,2329,0,138,0.131,100,7.08,40011,3496.82,1,1,25.000(31.250%)(0.536m),42.000(37.059%)(2.357m),65.000(57.353%)(4.821m),43.000(37.941%)(2.464m),24.677(30.847%)(0.501m),18.000(45.000%)(0.857m),17.434(43.584%)(0.796m),287.184,2387.666,69.5,1.2166,"[1.115, 1.330, 1.133, 1.031, 1.543, 1.084]","[2.977, 3.433, 3.542, 3.119, 3.778, 3.460]","[-3.153, -2.774, -4.506, -3.895, -2.845, -4.698]"
1018,1,6.8988,5.8719,0.273,640,1965,11,128,0.131,95,7.07,40075,2795.33,0,0,13.000(16.250%)(0.000m),28.000(24.706%)(0.857m),67.000(59.118%)(5.036m),31.000(27.353%)(1.179m),23.000(28.750%)(0.321m),10.000(25.000%)(0.000m),16.741(41.852%)(0.722m),52.587,2381.432,71.1,1.1919,"[0.496, 0.713, 0.694, 0.403, 0.939, 0.542]","[3.007, 3.262, 2.725, 3.083, 3.572, 2.771]","[-5.219, -5.949, -5.122, -4.996, -5.625, -5.504]"
1019,1,13.4674,5.7838,0.273,766,2318,0,196,0.130,100,7.16,40152,3376.12,1,1,24.000(30.000%)(0.429m),46.000(40.588%)(2.786m),62.000(54.706%)(4.500m),31.000(27.353%)(1.179m),22.000(27.500%)(0.214m),17.000(42.500%)(0.750m),17.700(44.249%)(0.825m),35.548,3186.119,70.0,1.1908,"[0.426, 0.859, 0.769, 0.345, 1.024, 0.742]","[2.653, 3.292, 2.876, 2.857, 3.516, 3.047]","[-4.856, -4.831, -3.225, -4.781, -4.657, -3.432]"
1020,1,3.1775,5.6083,0.261,707,2079,148,110,0.130,95,7.16,40223,3106.75,0,0,10.000(12.500%)(0.000m),14.000(12.353%)(0.000m),21.000(18.529%)(0.107m),36.000(31.765%)(1.714m),19.892(24.865%)(0.000m),21.000(52.500%)(1.179m),14.003(35.007%)(0.429m),178.726,2655.855,68.1,1.2308,"[0.481, 1.006, 0.849, 0.462, 1.152, 0.741]","[2.880, 3.044, 2.718, 2.810, 3.362, 2.845]","[-7.807, -5.272, -6.722, -6.513, -6.318, -7.791]"
1021,1,17.4057,5.5573,0.235,797,2372,75,150,0.130,100,7.25,40303,3461.75,1,1,22.000(27.500%)(0.214m),47.000(41.471%)(2.893m),65.000(57.353%)(4.821m),41.771(36.857%)(2.333m),19.795(24.744%)(0.000m),15.000(37.500%)(0.536m),13.941(34.854%)(0.422m),312.381,2686.953,68.9,1.2506,"[1.104, 1.487, 1.326, 1.015, 1.685, 1.256]","[2.835, 3.254, 2.924, 2.806, 3.520, 3.066]","[-3.720, -0.159, -1.657, -4.352, -0.233, -2.673]"
1022,1,16.0938,5.8166,0.292,754,2288,94,146,0.130,100,7.34,40379,3348.05,2,1,25.000(31.250%)(0.536m),44.000(38.824%)(2.571m),58.000(51.177%)(4.071m),38.000(33.530%)(1.929m),23.087(28.859%)(0.331m),16.000(40.000%)(0.643m),16.300(40.751%)(0.675m),226.675,2814.581,70.2,1.2670,"[0.880, 1.207, 0.952, 0.861, 1.384, 0.862]","[3.286, 3.596, 2.887, 3.280, 3.858, 2.938]","[-3.917, -1.911, -3.445, -4.231, -1.816, -4.220]"
1023,1,8.4125,5.9089,0.287,640,1925,24,80,0.129,95,7.33,40443,2769.80,0,0,28.000(35.000%)(0.857m),39.000(34.412%)(2.036m),59.000(52.059%)(4.179m),33.000(29.118%)(1.393m),20.369(25.461%)(0.040m),20.000(50.000%)(1.071m),14.328(35.820%)(0.464m),34.008,2713.203,69.6,1.1746,"[0.716, 1.249, 1.125, 0.656, 1.476, 1.047]","[2.996, 3.213, 2.765, 2.893, 3.420, 2.731]","[-5.062, -2.915, -3.334, -5.251, -2.406, -3.927]"
1024,1,1.6419,5.9475,0.265,251,756,92,19,0.129,60,7.32,40469,1071.43,0,0,28.000(35.000%)(0.857m),44.000(38.824%)(2.571m),52.136(46.002%)(3.443m),20.750(18.309%)(0.080m),11.316(14.145%)(0.000m),23.000(57.500%)(1.393m),9.887(24.716%)(0.000m),388.755,2383.429,69.7,1.1354,"[0.659, 1.219, 1.262, 0.553, 1.449, 1.208]","[2.812, 3.544, 3.156, 2.878, 3.826, 3.326]","[-5.673, -5.636, -5.194, -5.548, -5.323, -5.436]"
1025,1,-0.6689,5.8039,0.260,175,453,3,18,0.129,40,7.32,40487,747.41,0,0,46.262(57.827%)(2.814m),85.677(75.598%)(7.037m),44.000(38.824%)(2.571m),33.000(29.118%)(1.393m),25.000(31.250%)(0.536m),34.570(86.424%)(2.632m),40.000(100.000%)(3.214m),135.402,2604.847,60.0,1.1163,"[1.348, 1.659, 1.638, 1.276, 1.904, 1.582]","[2.953, 3.453, 3.041, 3.030, 3.827, 3.176]","[-3.117, -1.417, 0.189, -3.645, -0.911, -0.095]"
1026,1,19.2925,6.2211,0.225,772,2323,106,58,0.128,100,7.41,40565,3431.95,1,1,28.000(35.000%)(0.857m),48.000(42.353%)(3.000m),62.000(54.706%)(4.500m),34.722(30.637%)(1.577m),16.119(20.149%)(0.000m),22.000(55.000%)(1.286m),11.296(28.240%)(0.139m),149.857,2773.831,69.6,1.2167,"[0.713, 1.223, 1.264, 0.618, 1.514, 1.203]","[2.668, 3.451, 2.981, 2.813, 3.818, 3.175]","[-5.299, -3.457, -0.286, -5.306, -2.942, -0.640]"
1027,1,1.0615,5.8318,0.268,481,1457,51,103,0.128,85,7.40,40614,2146.53,0,0,24.000(30.000%)(0.429m),31.000(27.353%)(1.179m),42.000(37.059%)(2.357m),19.641(17.330%)(0.000m),10.958(13.698%)(0.000m),21.000(52.500%)(1.179m),9.814(24.534%)(0.000m),127.430,2545.348,70.1,1.2443,"[0.820, 1.131, 1.026, 0.718, 1.327, 0.927]","[3.252, 3.346, 2.844, 3.189, 3.639, 3.001]","[-5.384, -5.398, -5.402, -5.734, -5.498, -5.658]"
1028,1,16.8171,6.1113,0.263,715,2211,77,108,0.128,100,7.49,40686,3145.12,1,1,23.000(28.750%)(0.321m),37.000(32.647%)(1.821m),65.000(57.353%)(4.821m),43.000(37.941%)(2.464m),21.713(27.141%)(0.184m),19.000(47.500%)(0.964m),15.291(38.229%)(0.567m),178.712,2281.625,71.6,1.1829,"[0.998, 1.293, 1.095, 0.923, 1.526, 1.097]","[2.970, 3.416, 2.834, 3.036, 3.753, 2.951]","[-3.197, -0.673, -3.350, -3.844, -0.687, -3.853]"
1029,1,3.1479,6.0039,0.317,314,912,15,45,0.128,65,7.48,40718,1372.72,0,0,23.746(29.683%)(0.401m),21.000(18.529%)(0.107m),19.000(16.765%)(0.000m),44.000(38.824%)(2.571m),24.000(30.000%)(0.429m),16.760(41.900%)(0.724m),21.000(52.500%)(1.179m),0.000,2495.201,67.2,1.3076,"[1.326, 1.266, 0.893, 1.290, 1.495, 0.835]","[2.858, 3.425, 3.074, 2.918, 3.766, 3.350]","[-5.961, -5.996, -4.854, -5.616, -5.986, -5.121]"
1030,1,0.1693,6.0264,0.368,218,605,19,32,0.127,50,7.48,40740,953.17,0,0,25.000(31.250%)(0.536m),45.000(39.706%)(2.679m),62.000(54.706%)(4.500m),29.668(26.178%)(1.036m),13.602(17.002%)(0.000m),22.000(55.000%)(1.286m),9.608(24.019%)(0.000m),593.919,3178.747,64.2,1.2835,"[1.014, 1.346, 1.444, 0.972, 1.536, 1.486]","[3.465, 3.743, 3.088, 3.495, 3.945, 3.416]","[-5.466, -5.213, -2.352, -5.376, -5.144, -3.172]"
1031,1,11.1844,5.9159,0.291,812,2405,79,243,0.127,100,7.57,40822,3642.34,1,1,23.000(28.750%)(0.321m),44.000(38.824%)(2.571m),62.000(54.706%)(4.500m),32.000(28.235%)(1.286m),21.275(26.593%)(0.137m),17.000(42.500%)(0.750m),14.994(37.485%)(0.535m),74.668,3056.497,68.5,1.2800,"[0.942, 1.078, 0.890, 0.861, 1.317, 0.801]","[3.138, 3.483, 3.153, 3.086, 3.758, 3.261]","[-4.733, -4.897, -4.090, -4.364, -4.128, -4.776]"
1032,1,16.3968,6.1886,0.314,758,2296,106,123,0.127,100,7.66,40898,3385.15,2,1,19.000(23.750%)(0.000m),47.000(41.471%)(2.893m),44.000(38.824%)(2.571m),29.972(26.446%)(1.068m),13.823(17.279%)(0.000m),13.000(32.500%)(0.321m),9.677(24.193%)(0.000m),95.818,2704.905,70.1,1.2477,"[0.311, 0.867, 0.852, 0.277, 1.111, 0.823]","[2.853, 3.409, 2.923, 2.880, 3.759, 3.146]","[-6.163, -4.561, -4.492, -5.681, -4.583, -5.084]"
1033,1,8.1996,6.2372,0.268,633,1951,62,102,0.127,95,7.65,40962,2823.10,0,0,11.000(13.750%)(0.000m),18.000(15.882%)(0.000m),61.000(53.824%)(4.393m),34.000(30.000%)(1.500m),19.770(24.712%)(0.000m),11.000(27.500%)(0.107m),13.899(34.746%)(0.418m),100.920,2411.195,71.3,1.1940,"[0.526, 1.018, 1.008, 0.547, 1.304, 1.001]","[3.078, 3.624, 3.216, 3.111, 3.805, 3.250]","[-7.067, -5.785, -5.781, -7.318, -6.583, -6.004]"
1034,1,4.1108,6.3308,0.276,303,890,0,30,0.126,65,7.64,40993,1302.36,0,0,29.000(36.250%)(0.964m),45.000(39.706%)(2.679m),65.000(57.353%)(4.821m),28.000(24.706%)(0.857m),22.000(27.500%)(0.214m),24.000(60.000%)(1.500m),17.055(42.637%)(0.756m),0.000,2379.454,68.0,1.0914,"[0.743, 1.266, 1.341, 0.661, 1.573, 1.300]","[3.075, 3.470, 2.892, 3.117, 3.636, 2.937]","[-5.724, -5.642, -4.306, -5.518, -5.101, -4.344]"
1035,1,4.6065,6.4173,0.265,587,1821,143,85,0.126,95,7.63,41052,2431.55,0,0,27.000(33.750%)(0.750m),40.000(35.294%)(2.143m),28.000(24.706%)(0.857m),20.000(17.647%)(0.000m),19.975(24.969%)(0.000m),19.000(47.500%)(0.964m),14.053(35.133%)(0.434m),0.000,2369.153,71.8,1.1059,"[0.143, 0.742, 0.827, 0.112, 1.053, 0.738]","[2.764, 3.127, 2.754, 2.808, 3.532, 2.827]","[-6.252, -6.782, -8.915, -6.725, -6.193, -8.643]"
1036,1,-0.6798,6.4073,0.303,482,1401,46,107,0.126,80,7.63,41101,2067.50,0,0,17.000(21.250%)(0.000m),43.000(37.941%)(2.464m),55.422(48.902%)(3.795m),21.368(18.854%)(0.147m),11.516(14.395%)(0.000m),12.000(30.000%)(0.214m),9.937(24.843%)(0.000m),135.862,3026.695,67.3,1.3174,"[0.301, 0.665, 0.788, 0.258, 0.875, 0.590]","[2.777, 3.289, 2.901, 2.879, 3.665, 2.981]","[-5.315, -5.363, -4.976, -5.057, -5.145, -5.692]"
1037,1,5.5902,6.4872,0.251,689,2037,84,115,0.126,95,7.62,41170,2996.66,0,0,13.000(16.250%)(0.000m),26.000(22.941%)(0.643m),47.000(41.471%)(2.893m),35.000(30.882%)(1.607m),19.875(24.843%)(0.000m),18.000(45.000%)(0.857m),13.992(34.980%)(0.428m),228.122,2482.865,68.4,1.2069,"[0.610, 0.964, 0.840, 0.531, 1.149, 0.745]","[2.878, 3.385, 2.742, 2.896, 3.592, 2.755]","[-4.992, -4.922, -5.105, -4.701, -5.254, -4.945]"
1038,1,-0.2878,6.2080,0.286,317,939,0,49,0.125,65,7.61,41202,1405.25,0,0,25.824(32.280%)(0.624m),53.952(47.605%)(3.638m),63.000(55.588%)(4.607m),25.000(22.059%)(0.536m),13.000(16.250%)(0.000m),18.274(45.686%)(0.887m),21.000(52.500%)(1.179m),367.083,2792.738,68.6,1.2378,"[0.760, 0.910, 0.822, 0.708, 1.227, 0.791]","[3.107, 3.475, 2.930, 3.094, 3.841, 3.119]","[-6.080, -6.453, -5.710, -6.280, -6.264, -5.801]"
1039,1,-0.3193,5.8463,0.355,172,508,14,20,0.125,45,7.60,41220,747.24,0,0,28.000(35.000%)(0.857m),46.000(40.588%)(2.786m),68.000(60.000%)(5.143m),27.361(24.142%)(0.789m),12.838(16.047%)(0.000m),23.000(57.500%)(1.393m),9.762(24.405%)(0.000m),409.349,2757.409,68.4,1.1532,"[0.579, 1.358, 1.534, 0.500, 1.556, 1.491]","[3.153, 3.475, 3.015, 3.147, 3.775, 3.110]","[-6.350, -5.159, -2.860, -6.274, -5.098, -3.271]"
1040,1,0.0193,5.7851,0.308,219,586,15,17,0.125,50,7.60,41242,970.00,0,0,29.000(36.250%)(0.964m),51.000(45.000%)(3.321m),66.000(58.235%)(4.929m),25.064(22.115%)(0.543m),12.306(15.383%)(0.000m),26.000(65.000%)(1.714m),9.725(24.312%)(0.000m),970.751,3882.212,61.9,1.3769,"[1.108, 1.598, 1.585, 1.096, 1.793, 1.612]","[2.823, 3.502, 3.060, 2.880, 3.753, 3.243]","[-5.749, -5.826, -3.988, -6.105, -5.865, -4.394]"
1041,1,16.0998,6.0494,0.299,719,2220,65,105,0.125,100,7.68,41314,3124.60,1,1,20.000(25.000%)(0.000m),47.000(41.471%)(2.893m),60.000(52.941%)(4.286m),35.483(31.309%)(1.659m),16.600(20.751%)(0.000m),14.000(35.000%)(0.429m),11.645(29.113%)(0.176m),281.541,2627.066,71.5,1.1400,"[0.698, 0.951, 0.913, 0.769, 1.234, 0.886]","[2.983, 3.356, 3.033, 3.049, 3.673, 3.111]","[-5.687, -4.775, -4.560, -5.374, -4.549, -4.827]"
1042,1,14.0211,6.3332,0.297,779,2338,214,135,0.124,100,7.77,41392,3469.92,2,1,22.000(27.500%)(0.214m),50.000(44.118%)(3.214m),50.000(44.118%)(3.214m),33.000(29.118%)(1.393m),18.486(23.107%)(0.000m),16.000(40.000%)(0.643m),13.037(32.591%)(0.325m),160.464,2556.437,69.5,1.3237,"[0.439, 0.891, 0.919, 0.376, 1.118, 0.904]","[2.805, 3.001, 2.731, 2.679, 3.335, 2.898]","[-5.744, -3.581, -3.447, -5.550, -3.757, -3.886]"
1043,1,7.0000,6.1060,0.225,617,1879,180,89,0.124,95,7.77,41454,2724.39,0,0,28.000(35.000%)(0.857m),43.000(37.941%)(2.464m),20.000(17.647%)(0.000m),20.000(17.647%)(0.000m),18.336(22.919%)(0.000m),21.000(52.500%)(1.179m),12.878(32.195%)(0.308m),0.000,2426.801,70.5,1.1334,"[0.383, 0.736, 0.770, 0.334, 0.988, 0.739]","[2.558, 3.239, 2.688, 2.593, 3.528, 2.856]","[-4.801, -4.587, -5.310, -5.270, -4.592, -5.296]"
1044,1,-0.3613,6.0967,0.309,416,1190,140,77,0.124,75,7.76,41496,1844.60,0,0,15.000(18.750%)(0.000m),37.000(32.647%)(1.821m),55.000(48.530%)(3.750m),36.000(31.765%)(1.714m),22.597(28.246%)(0.278m),11.000(27.500%)(0.107m),15.987(39.966%)(0.641m),149.335,3462.853,66.2,1.2639,"[0.704, 0.829, 0.674, 0.557, 1.088, 0.600]","[2.790, 3.235, 2.735, 2.776, 3.486, 2.852]","[-4.603, -5.769, -5.360, -4.128, -5.896, -5.993]"
1045,1,17.2202,6.4260,0.247,695,2171,64,118,0.124,100,7.85,41566,3160.98,1,1,24.000(30.000%)(0.429m),38.000(33.530%)(1.929m),56.000(49.412%)(3.857m),37.000(32.647%)(1.821m),21.197(26.496%)(0.128m),18.000(45.000%)(0.857m),14.928(37.320%)(0.528m),213.955,2430.352,72.3,1.2888,"[0.928, 1.203, 1.066, 0.834, 1.497, 1.058]","[3.006, 3.471, 2.908, 3.084, 3.764, 3.137]","[-3.572, -1.179, -4.200, -3.739, -0.788, -4.762]"
1046,1,12.7929,6.5327,0.299,829,2436,88,171,0.123,100,7.93,41649,3611.38,2,1,23.000(28.750%)(0.321m),50.000(44.118%)(3.214m),57.000(50.294%)(3.964m),35.706(31.505%)(1.683m),16.923(21.154%)(0.000m),17.000(42.500%)(0.750m),11.902(29.754%)(0.204m),195.977,3016.466,68.0,1.2254,"[0.773, 1.155, 1.169, 0.740, 1.412, 1.105]","[2.769, 3.237, 2.769, 2.799, 3.497, 2.775]","[-5.329, -4.608, -4.374, -5.299, -4.261, -4.890]"
1047,1,-0.3018,6.1807,0.244,710,2111,196,112,0.123,95,7.93,41720,3079.16,0,0,12.000(15.000%)(0.000m),26.000(22.941%)(0.643m),58.000(51.177%)(4.071m),37.000(32.647%)(1.821m),19.021(23.776%)(0.000m),11.000(27.500%)(0.107m),13.430(33.574%)(0.367m),182.165,2834.731,68.8,1.2400,"[0.423, 0.859, 0.790, 0.328, 1.054, 0.742]","[3.055, 3.405, 3.097, 3.007, 3.571, 3.292]","[-5.667, -5.865, -6.852, -5.603, -6.496, -7.226]"
1048,1,18.5055,6.5607,0.286,736,2251,48,120,0.123,100,8.02,41794,3309.82,1,1,21.000(26.250%)(0.107m),48.394(42.700%)(3.042m),62.000(54.706%)(4.500m),37.000(32.647%)(1.821m),25.006(31.258%)(0.536m),15.000(37.500%)(0.536m),17.671(44.178%)(0.822m),215.524,2358.486,70.8,1.2854,"[1.191, 1.452, 1.067, 1.180, 1.698, 1.057]","[3.097, 3.381, 2.916, 3.054, 3.663, 3.263]","[-3.374, -1.737, -4.014, -3.689, -1.715, -4.351]"
1049,1,0.8312,6.5997,0.282,479,1459,40,87,0.123,85,8.01,41842,2142.62,0,0,25.000(31.250%)(0.536m),38.000(33.530%)(1.929m),57.000(50.294%)(3.964m),25.496(22.496%)(0.589m),12.518(15.648%)(0.000m),17.000(42.500%)(0.750m),9.892(24.731%)(0.000m),243.521,2583.466,70.5,1.3718,"[0.443, 0.943, 0.872, 0.427, 1.220, 0.840]","[3.267, 3.465, 2.669, 3.220, 3.588, 2.646]","[-6.063, -6.204, -3.555, -6.001, -5.766, -3.802]"
1050,1,13.4720,6.9081,0.275,896,2568,113,259,0.122,100,8.10,41932,4038.89,1,1,17.000(21.250%)(0.000m),35.000(30.882%)(1.607m),38.000(33.530%)(1.929m),29.000(25.588%)(0.964m),20.155(25.193%)(0.017m),12.000(30.000%)(0.214m),14.182(35.454%)(0.448m),138.572,2653.809,66.3,1.2871,"[1.103, 1.083, 0.875, 1.096, 1.336, 0.820]","[2.942, 3.341, 2.840, 2.967, 3.604, 2.922]","[-4.577, -4.771, -4.948, -4.523, -4.698, -5.094]"
1051,1,11.9752,7.1293,0.283,788,2355,50,253,0.122,100,8.18,42011,3410.39,2,1,15.000(18.750%)(0.000m),39.000(34.412%)(2.036m),64.000(56.471%)(4.714m),35.000(30.882%)(1.607m),23.000(28.750%)(0.321m),11.000(27.500%)(0.107m),18.118(45.294%)(0.870m),140.113,2561.866,69.2,1.2113,"[1.182, 1.204, 0.911, 1.092, 1.419, 0.865]","[3.087, 3.680, 3.269, 3.076, 3.910, 3.327]","[-4.512, -4.070, -5.707, -4.520, -4.038, -6.122]"
1052,1,16.1118,7.0926,0.243,720,2221,91,127,0.122,100,8.27,42083,3083.22,3,1,23.000(28.750%)(0.321m),40.000(35.294%)(2.143m),52.000(45.882%)(3.429m),36.054(31.812%)(1.720m),16.832(21.040%)(0.000m),19.000(47.500%)(0.964m),11.801(29.503%)(0.193m),248.719,2463.628,71.4,1.1779,"[0.962, 1.315, 1.117, 0.941, 1.606, 1.103]","[3.094, 3.615, 2.754, 3.226, 3.833, 3.038]","[-4.472, -2.236, -3.942, -4.926, -2.146, -4.608]"
1053,1,-0.8382,7.0002,0.302,354,990,46,54,0.122,65,8.26,42119,1613.40,0,0,23.000(28.750%)(0.321m),42.000(37.059%)(2.357m),53.000(46.765%)(3.536m),20.000(17.647%)(0.000m),18.210(22.762%)(0.000m),22.000(55.000%)(1.286m),12.849(32.122%)(0.305m),0.000,3143.001,64.7,1.3450,"[0.840, 1.279, 1.154, 0.766, 1.560, 1.234]","[3.070, 3.499, 2.706, 3.149, 3.740, 2.972]","[-6.201, -6.439, -9.830, -7.305, -6.448, -8.843]"
1054,1,2.3914,7.0758,0.316,621,1886,0,105,0.121,95,8.25,42182,2699.01,0,0,25.000(31.250%)(0.536m),45.000(39.706%)(2.679m),60.000(52.941%)(4.286m),29.000(25.588%)(0.964m),22.000(27.500%)(0.214m),19.000(47.500%)(0.964m),18.685(46.712%)(0.931m),0.000,2580.585,70.3,1.2097,"[1.005, 1.180, 1.095, 0.941, 1.483, 1.018]","[3.056, 3.351, 2.722, 3.254, 3.614, 2.836]","[-4.751, -5.157, -5.764, -5.177, -4.690, -5.623]"
1055,1,7.2344,7.2453,0.262,758,2185,142,128,0.121,95,8.25,42258,3281.01,0,0,9.000(11.250%)(0.000m),12.000(10.588%)(0.000m),18.000(15.882%)(0.000m),30.000(26.471%)(1.071m),21.868(27.335%)(0.200m),15.000(37.500%)(0.536m),15.402(38.506%)(0.579m),61.550,3197.064,66.7,1.1928,"[0.956, 1.235, 1.155, 0.968, 1.491, 1.060]","[3.118, 3.525, 3.016, 3.137, 3.653, 2.965]","[-7.741, -6.571, -6.144, -5.986, -6.407, -7.024]"
1056,1,0.2056,7.1169,0.232,318,919,9,34,0.121,65,8.24,42290,1447.89,0,0,30.000(37.500%)(1.071m),54.000(47.647%)(3.643m),48.000(42.353%)(3.000m),26.000(22.941%)(0.643m),23.000(28.750%)(0.321m),21.000(52.500%)(1.179m),18.507(46.266%)(0.911m),0.000,2836.564,66.9,1.2808,"[1.311, 1.520, 1.415, 1.235, 1.850, 1.435]","[3.264, 3.682, 2.979, 3.357, 3.995, 3.234]","[-4.712, -5.106, -6.519, -5.141, -4.717, -6.296]"
1057,1,-0.3481,7.0325,0.254,307,897,0,49,0.121,65,8.23,42321,1402.68,0,0,31.000(38.750%)(1.179m),49.000(43.235%)(3.107m),81.000(71.471%)(6.536m),20.000(17.647%)(0.000m),25.000(31.250%)(0.536m),17.000(42.500%)(0.750m),19.121(47.802%)(0.977m),0.000,2638.330,67.7,1.2084,"[1.022, 1.303, 1.192, 0.949, 1.568, 1.183]","[3.094, 3.572, 2.980, 3.218, 3.810, 3.150]","[-5.004, -6.341, -9.381, -6.015, -5.953, -8.840]"
1058,1,16.8846,7.3727,0.245,836,2450,112,210,0.120,100,8.32,42405,3739.22,1,1,17.000(21.250%)(0.000m),45.000(39.706%)(2.679m),54.000(47.647%)(3.643m),31.580(27.864%)(1.241m),14.778(18.473%)(0.000m),12.000(30.000%)(0.214m),10.368(25.921%)(0.039m),132.010,3797.069,67.8,1.2308,"[1.065, 1.250, 1.278, 1.009, 1.534, 1.234]","[3.402, 3.385, 3.110, 3.412, 3.691, 3.135]","[-5.688, -5.118, -4.860, -5.886, -4.835, -5.570]"
1059,1,4.7569,7.1920,0.270,723,2136,12,126,0.120,95,8.31,42478,3126.08,0,0,12.000(15.000%)(0.000m),38.000(33.530%)(1.929m),57.000(50.294%)(3.964m),36.000(31.765%)(1.714m),23.000(28.750%)(0.321m),10.000(25.000%)(0.000m),17.540(43.850%)(0.808m),142.552,2767.971,68.4,1.1803,"[1.249, 1.441, 1.219, 1.083, 1.634, 1.154]","[3.183, 3.371, 3.084, 3.410, 3.615, 2.983]","[-4.631, -6.159, -7.172, -4.709, -6.957, -7.753]"
1060,1,14.2332,7.5124,0.312,696,2175,22,170,0.120,100,8.40,42548,3081.51,1,1,25.000(31.250%)(0.536m),38.000(33.530%)(1.929m),57.000(50.294%)(3.964m),41.000(36.177%)(2.250m),22.867(28.584%)(0.307m),18.000(45.000%)(0.857m),16.135(40.338%)(0.657m),228.632,2224.135,72.3,1.2139,"[0.878, 1.293, 1.104, 0.799, 1.553, 1.130]","[3.099, 3.884, 3.571, 3.329, 4.132, 3.757]","[-3.886, -0.633, -2.252, -4.794, -0.576, -2.898]"
1061,1,19.4577,7.5145,0.296,715,2213,67,161,0.120,100,8.48,42620,3169.78,2,1,24.000(30.000%)(0.429m),42.000(37.059%)(2.357m),57.000(50.294%)(3.964m),37.000(32.647%)(1.821m),23.189(28.986%)(0.342m),17.000(42.500%)(0.750m),16.357(40.892%)(0.681m),149.904,2242.735,71.6,1.3092,"[0.734, 1.120, 0.929, 0.629, 1.319, 0.962]","[3.014, 3.491, 2.993, 3.062, 3.747, 3.026]","[-4.387, -3.208, -2.518, -4.589, -3.168, -2.702]"
1062,1,1.4578,7.4816,0.244,310,947,42,43,0.120,70,8.47,42651,1427.05,0,0,13.000(16.250%)(0.000m),28.000(24.706%)(0.857m),58.000(51.177%)(4.071m),38.000(33.530%)(1.929m),20.688(25.861%)(0.074m),10.000(25.000%)(0.000m),14.557(36.392%)(0.488m),203.895,2409.908,70.7,1.3787,"[0.260, 0.678, 0.508, 0.116, 0.842, 0.454]","[2.904, 3.308, 2.761, 2.968, 3.582, 2.743]","[-4.798, -5.967, -7.410, -5.529, -6.299, -7.771]"
1063,1,-0.9943,7.4493,0.272,302,933,8,69,0.119,70,8.47,42682,1329.75,0,0,12.000(15.000%)(0.000m),26.000(22.941%)(0.643m),67.000(59.118%)(5.036m),32.000(28.235%)(1.286m),22.000(27.500%)(0.214m),10.000(25.000%)(0.000m),19.902(49.754%)(1.061m),63.078,2331.280,71.5,1.2734,"[0.423, 0.651, 0.506, 0.345, 0.808, 0.472]","[2.970, 3.364, 2.822, 3.014, 3.600, 2.784]","[-5.181, -6.033, -7.132, -4.894, -6.569, -7.245]"
1064,1,-2.1631,7.3411,0.274,144,405,18,9,0.119,40,8.46,42697,626.26,0,0,29.000(36.250%)(0.964m),37.000(32.647%)(1.821m),19.145(16.892%)(0.000m),12.587(11.106%)(0.000m),8.927(11.159%)(0.000m),40.000(100.000%)(3.214m),11.442(28.606%)(0.155m),242.898,2812.704,65.1,1.2281,"[0.566, 0.972, 0.962, 0.552, 1.022, 0.924]","[2.692, 3.571, 3.208, 2.824, 3.815, 3.310]","[-6.255, -5.418, -6.297, -6.057, -5.900, -6.183]"
1065,1,18.5695,7.6529,0.260,796,2371,90,159,0.119,100,8.54,42777,3475.66,1,1,16.000(20.000%)(0.000m),40.000(35.294%)(2.143m),56.000(49.412%)(3.857m),29.814(26.306%)(1.051m),13.720(17.150%)(0.000m),11.000(27.500%)(0.107m),9.603(24.009%)(0.000m),75.574,2508.468,68.9,1.2210,"[0.684, 1.063, 0.977, 0.583, 1.298, 0.970]","[3.034, 3.454, 2.829, 3.215, 3.803, 2.960]","[-5.730, -4.689, -5.084, -5.444, -4.461, -5.232]"
1066,1,2.5302,7.7068,0.273,663,2009,126,104,0.119,95,8.54,42844,2847.51,0,0,12.000(15.000%)(0.000m),20.000(17.647%)(0.000m),44.000(38.824%)(2.571m),32.000(28.235%)(1.286m),22.112(27.640%)(0.226m),11.000(27.500%)(0.107m),15.607(39.017%)(0.601m),75.239,2858.814,70.1,1.1955,"[0.642, 1.065, 1.056, 0.688, 1.352, 1.051]","[2.891, 3.564, 3.074, 3.030, 3.794, 3.196]","[-6.997, -5.677, -4.950, -6.523, -5.606, -5.659]"
1067,1,16.9030,7.6677,0.296,718,2220,21,144,0.118,100,8.62,42916,3143.34,1,1,20.000(25.000%)(0.000m),48.000(42.353%)(3.000m),61.000(53.824%)(4.393m),38.000(33.530%)(1.929m),23.712(29.640%)(0.398m),14.000(35.000%)(0.429m),16.745(41.864%)(0.723m),203.693,2579.287,71.6,1.2313,"[0.929, 1.298, 1.047, 0.971, 1.531, 1.059]","[2.897, 3.442, 2.950, 3.077, 3.723, 3.118]","[-3.898, -2.858, -4.113, -4.145, -2.860, -4.524]"
1068,1,3.8311,7.6063,0.299,654,2029,10,154,0.118,95,8.61,42982,2877.23,0,0,28.000(35.000%)(0.857m),44.000(38.824%)(2.571m),57.000(50.294%)(3.964m),33.000(29.118%)(1.393m),21.000(26.250%)(0.107m),15.000(37.500%)(0.536m),16.806(42.016%)(0.729m),61.810,2319.179,71.8,1.2187,"[0.945, 1.297, 1.197, 0.962, 1.567, 1.125]","[2.910, 3.357, 2.714, 3.251, 3.619, 2.847]","[-4.734, -4.621, -3.533, -4.489, -4.112, -4.104]"
1069,1,-0.9628,7.3177,0.238,510,1487,51,81,0.118,80,8.61,43033,2280.06,0,0,14.000(17.500%)(0.000m),39.000(34.412%)(2.036m),51.513(45.453%)(3.376m),21.200(18.706%)(0.129m),11.696(14.620%)(0.000m),10.000(25.000%)(0.000m),10.346(25.864%)(0.037m),143.254,2757.103,67.5,1.3011,"[0.600, 0.842, 0.761, 0.558, 1.003, 0.619]","[3.107, 3.878, 3.268, 3.220, 4.067, 3.260]","[-5.029, -5.681, -6.876, -5.311, -6.087, -7.586]"
1070,1,16.8552,7.5913,0.298,801,2381,39,174,0.118,100,8.69,43114,3560.68,1,1,25.000(31.250%)(0.536m),35.000(30.882%)(1.607m),40.000(35.294%)(2.143m),34.000(30.000%)(1.500m),24.000(30.000%)(0.429m),16.000(40.000%)(0.643m),18.020(45.049%)(0.859m),88.240,2583.491,68.8,1.3862,"[1.244, 1.419, 1.146, 1.209, 1.629, 1.062]","[2.897, 3.570, 2.951, 2.987, 3.680, 2.972]","[-3.429, -4.226, -3.825, -3.506, -3.594, -3.679]"
1071,1,15.7880,7.5589,0.262,758,2298,100,178,0.117,100,8.78,43190,3389.63,2,1,15.000(18.750%)(0.000m),44.000(38.824%)(2.571m),54.000(47.647%)(3.643m),32.573(28.741%)(1.347m),15.087(18.858%)(0.000m),11.000(27.500%)(0.107m),10.569(26.423%)(0.061m),111.226,2386.037,70.2,1.2316,"[0.725, 1.089, 0.953, 0.687, 1.289, 0.878]","[3.111, 3.480, 3.229, 3.330, 3.765, 3.198]","[-5.704, -5.214, -6.451, -5.527, -5.472, -6.826]"
1072,1,19.8665,7.6344,0.275,700,2182,30,76,0.117,100,8.86,43260,3056.44,3,1,31.000(38.750%)(1.179m),50.000(44.118%)(3.214m),59.000(52.059%)(4.179m),38.000(33.530%)(1.929m),19.494(24.368%)(0.000m),25.000(62.500%)(1.607m),13.701(34.253%)(0.397m),149.741,2507.040,72.2,1.1324,"[0.957, 1.514, 1.464, 0.910, 1.757, 1.512]","[3.264, 3.444, 2.955, 3.301, 3.734, 3.018]","[-4.561, -1.422, -1.025, -4.419, -1.098, -1.448]"
1073,1,18.7029,7.8402,0.308,743,2265,103,48,0.117,100,8.95,43335,3307.77,4,1,29.000(36.250%)(0.964m),46.000(40.588%)(2.786m),55.000(48.530%)(3.750m),32.000(28.235%)(1.286m),17.118(21.398%)(0.000m),21.000(52.500%)(1.179m),12.006(30.014%)(0.215m),122.783,2544.982,70.5,1.2873,"[0.986, 1.430, 1.394, 1.052, 1.715, 1.398]","[3.256, 3.443, 3.019, 3.200, 3.677, 3.073]","[-5.484, -4.226, -4.126, -5.043, -3.769, -4.546]"
1074,1,1.8619,7.8446,0.252,282,849,23,30,0.117,65,8.94,43364,1222.96,0,0,20.491(25.614%)(0.053m),21.000(18.529%)(0.107m),69.000(60.883%)(5.250m),48.000(42.353%)(3.000m),25.000(31.250%)(0.536m),14.416(36.039%)(0.473m),23.000(57.500%)(1.393m),0.000,2261.785,69.7,1.1855,"[1.206, 1.266, 0.622, 1.167, 1.442, 0.449]","[2.958, 3.631, 3.298, 2.983, 3.861, 3.265]","[-5.150, -4.358, -5.188, -5.539, -4.999, -4.801]"
1075,1,16.9864,8.1977,0.261,717,2217,37,128,0.116,100,9.02,43436,3143.55,1,1,15.000(18.750%)(0.000m),38.000(33.530%)(1.929m),56.000(49.412%)(3.857m),37.000(32.647%)(1.821m),25.175(31.469%)(0.554m),11.000(27.500%)(0.107m),17.805(44.513%)(0.836m),165.085,2664.887,71.5,1.2504,"[1.176, 1.375, 1.158, 1.301, 1.690, 1.217]","[2.815, 3.693, 3.338, 2.974, 4.060, 3.486]","[-3.872, -5.078, -5.921, -4.038, -5.371, -6.343]"
1076,1,18.1777,8.1754,0.204,712,2206,123,78,0.116,100,9.11,43508,3129.19,2,1,22.000(27.500%)(0.214m),50.000(44.118%)(3.214m),58.000(51.177%)(4.071m),36.000(31.765%)(1.714m),21.275(26.593%)(0.137m),16.000(40.000%)(0.643m),15.024(37.560%)(0.538m),115.841,2584.117,71.7,1.2456,"[1.019, 1.544, 1.433, 1.124, 1.870, 1.434]","[3.160, 3.543, 3.075, 3.318, 3.930, 3.019]","[-4.406, -2.131, -3.364, -4.673, -1.864, -3.768]"
1077,1,-0.0566,8.1531,0.281,297,880,87,11,0.116,65,9.10,43538,1267.35,0,0,38.000(47.500%)(1.929m),66.000(58.235%)(4.929m),67.000(59.118%)(5.036m),31.000(27.353%)(1.179m),15.527(19.408%)(0.000m),25.000(62.500%)(1.607m),10.891(27.227%)(0.095m),38.261,2862.081,68.6,1.1580,"[-0.119, 0.991, 1.376, -0.078, 1.224, 1.361]","[2.619, 3.467, 3.126, 2.815, 3.706, 3.205]","[-4.871, -4.583, -3.029, -4.921, -4.457, -3.491]"
1078,1,5.3030,7.9228,0.214,583,1814,69,136,0.116,95,9.09,43597,2540.85,0,0,20.000(25.000%)(0.000m),32.000(28.235%)(1.286m),55.000(48.530%)(3.750m),30.000(26.471%)(1.071m),17.863(22.329%)(0.000m),16.825(42.062%)(0.731m),12.000(30.000%)(0.214m),7.101,2032.298,72.0,1.1908,"[0.369, 0.741, 0.520, 0.343, 0.957, 0.425]","[2.980, 3.384, 2.707, 3.118, 3.624, 2.745]","[-5.462, -5.210, -4.953, -5.045, -5.264, -4.977]"
1079,1,16.7182,8.1942,0.262,736,2249,38,114,0.116,100,9.18,43671,3225.41,1,1,24.000(30.000%)(0.429m),45.000(39.706%)(2.679m),68.000(60.000%)(5.143m),36.083(31.838%)(1.723m),16.855(21.069%)(0.000m),21.000(52.500%)(1.179m),11.815(29.538%)(0.195m),339.894,2791.117,70.7,1.1929,"[1.064, 1.423, 1.338, 1.181, 1.707, 1.376]","[2.792, 3.148, 2.868, 2.897, 3.399, 2.857]","[-6.868, -3.451, -2.826, -6.343, -3.770, -3.345]"
1080,1,-0.2930,8.1849,0.161,121,349,0,11,0.115,35,9.17,43684,566.91,0,0,42.802(53.503%)(2.443m),77.584(68.456%)(6.170m),74.000(65.294%)(5.786m),29.000(25.588%)(0.964m),22.000(27.500%)(0.214m),37.861(94.652%)(2.985m),40.000(100.000%)(3.214m),2.213,2223.623,66.7,1.1951,"[0.683, 1.283, 1.377, 0.657, 1.440, 1.308]","[2.946, 3.452, 2.803, 3.066, 3.714, 2.943]","[-5.277, -5.678, -3.197, -5.096, -5.401, -3.514]"
1081,1,4.0795,8.0428,0.248,520,1568,67,75,0.115,85,9.16,43736,2228.93,0,0,24.000(30.000%)(0.429m),33.000(29.118%)(1.393m),57.000(50.294%)(3.964m),25.573(22.564%)(0.597m),12.369(15.462%)(0.000m),21.000(52.500%)(1.179m),9.651(24.126%)(0.000m),204.982,2711.036,69.8,1.2255,"[0.514, 1.004, 1.153, 0.490, 1.336, 1.180]","[3.660, 3.451, 2.971, 3.609, 3.671, 3.063]","[-6.105, -5.021, -3.281, -5.967, -4.777, -2.929]"
1082,1,20.6101,8.1271,0.309,683,2148,98,72,0.115,100,9.24,43805,3069.17,1,1,25.000(31.250%)(0.536m),38.000(33.530%)(1.929m),57.000(50.294%)(3.964m),44.000(38.824%)(2.571m),22.342(27.928%)(0.251m),20.000(50.000%)(1.071m),15.744(39.360%)(0.615m),243.521,2480.347,72.8,1.2638,"[0.870, 1.356, 1.262, 0.895, 1.649, 1.281]","[3.047, 3.227, 2.932, 3.022, 3.663, 2.945]","[-3.328, -0.223, -2.061, -4.162, -0.051, -2.633]"
1083,1,17.4674,8.3125,0.299,706,2192,22,164,0.115,100,9.33,43876,3127.05,2,1,23.000(28.750%)(0.321m),42.000(37.059%)(2.357m),69.000(60.883%)(5.250m),41.000(36.177%)(2.250m),18.000(22.500%)(0.000m),17.745(44.363%)(0.830m),11.000(27.500%)(0.107m),207.896,2415.831,71.9,1.2091,"[1.366, 1.606, 1.339, 1.314, 1.833, 1.279]","[3.139, 3.680, 3.411, 3.192, 3.985, 3.250]","[-3.817, -2.026, -3.116, -3.665, -1.724, -3.338]"
1084,1,11.0266,8.4508,0.277,591,1827,12,97,0.114,95,9.32,43936,2620.38,0,0,23.000(28.750%)(0.321m),43.000(37.941%)(2.464m),59.000(52.059%)(4.179m),26.000(22.941%)(0.643m),23.000(28.750%)(0.321m),16.000(40.000%)(0.643m),16.958(42.395%)(0.746m),0.000,2418.911,71.5,1.1782,"[0.995, 1.315, 1.138, 0.928, 1.592, 1.144]","[3.253, 3.757, 3.255, 3.182, 3.902, 3.292]","[-5.018, -5.666, -4.961, -5.018, -5.400, -4.981]"
1085,1,5.6143,8.4709,0.292,645,1993,162,152,0.114,95,9.31,44001,2853.83,0,0,15.000(18.750%)(0.000m),39.000(34.412%)(2.036m),56.000(49.412%)(3.857m),36.000(31.765%)(1.714m),22.125(27.657%)(0.228m),10.000(25.000%)(0.000m),15.587(38.967%)(0.599m),121.445,2218.790,71.5,1.2991,"[0.987, 1.384, 1.219, 0.971, 1.619, 1.195]","[3.149, 3.796, 3.321, 3.242, 4.058, 3.545]","[-3.814, -4.333, -5.796, -3.915, -4.128, -6.233]"
1086,1,3.5970,8.5565,0.346,275,835,0,26,0.114,65,9.30,44029,1220.78,0,0,27.000(33.750%)(0.750m),43.000(37.941%)(2.464m),75.000(66.177%)(5.893m),32.000(28.235%)(1.286m),23.000(28.750%)(0.321m),24.000(60.000%)(1.500m),17.690(44.225%)(0.824m),44.650,2195.521,70.3,1.4695,"[1.023, 1.593, 1.580, 0.978, 1.833, 1.531]","[3.132, 3.804, 3.245, 3.279, 4.166, 3.407]","[-4.887, -4.478, -0.188, -4.703, -4.129, -0.867]"
1087,1,20.2110,8.8489,0.264,697,2176,68,115,0.114,100,9.38,44099,2994.28,1,1,26.000(32.500%)(0.643m),40.000(35.294%)(2.143m),57.000(50.294%)(3.964m),38.000(33.530%)(1.929m),23.092(28.864%)(0.331m),20.000(50.000%)(1.071m),16.297(40.743%)(0.675m),188.133,2295.357,72.3,1.1384,"[1.232, 1.604, 1.446, 1.360, 1.900, 1.389]","[3.240, 3.918, 3.469, 3.553, 4.167, 3.566]","[-3.408, -0.549, -3.723, -3.817, -0.520, -4.260]"
1088,1,6.9413,8.9935,0.226,489,1465,17,37,0.113,85,9.38,44148,2091.51,0,0,30.000(37.500%)(1.071m),42.000(37.059%)(2.357m),32.650(28.809%)(1.355m),16.901(14.913%)(0.000m),10.316(12.895%)(0.000m),22.000(55.000%)(1.286m),10.316(25.790%)(0.034m),165.524,2578.203,69.3,1.3057,"[0.831, 1.310, 1.204, 0.723, 1.460, 1.178]","[3.143, 3.716, 3.060, 3.122, 3.907, 3.199]","[-5.300, -4.485, -5.909, -5.163, -4.964, -5.630]"
1089,1,6.6717,9.1333,0.237,634,1914,43,142,0.113,95,9.37,44212,2858.29,0,0,16.000(20.000%)(0.000m),40.000(35.294%)(2.143m),49.000(43.235%)(3.107m),29.000(25.588%)(0.964m),22.000(27.500%)(0.214m),10.000(25.000%)(0.000m),17.572(43.930%)(0.811m),0.000,2240.288,69.9,1.3751,"[0.861, 1.176, 1.115, 0.883, 1.388, 1.033]","[2.958, 3.387, 2.917, 3.109, 3.603, 2.845]","[-5.078, -4.558, -5.004, -4.667, -4.352, -5.702]"
1090,1,6.6167,9.2652,0.264,571,1790,24,134,0.113,95,9.36,44270,2474.10,0,0,15.000(18.750%)(0.000m),40.000(35.294%)(2.143m),64.000(56.471%)(4.714m),27.000(23.824%)(0.750m),22.000(27.500%)(0.214m),10.000(25.000%)(0.000m),17.518(43.794%)(0.805m),0.000,2083.006,72.6,1.2155,"[0.656, 0.911, 0.776, 0.630, 1.114, 0.702]","[2.925, 3.355, 2.784, 3.077, 3.691, 2.925]","[-5.076, -5.239, -5.478, -5.247, -5.148, -5.982]"
1091,1,18.1289,9.3058,0.313,697,2176,145,126,0.113,100,9.44,44340,3108.64,1,1,28.000(35.000%)(0.857m),50.000(44.118%)(3.214m),65.000(57.353%)(4.821m),40.000(35.294%)(2.143m),20.215(25.268%)(0.023m),20.000(50.000%)(1.071m),14.245(35.613%)(0.455m),217.063,2398.647,72.3,1.2436,"[0.996, 1.513, 1.462, 0.955, 1.806, 1.467]","[3.209, 3.135, 2.883, 3.058, 3.430, 2.887]","[-4.626, -1.779, -1.895, -4.908, -1.678, -2.864]"
1092,1,2.8332,9.0821,0.305,283,852,0,27,0.113,65,9.43,44369,1257.71,0,0,28.000(35.000%)(0.857m),57.000(50.294%)(3.964m),65.000(57.353%)(4.821m),28.000(24.706%)(0.857m),21.000(26.250%)(0.107m),24.000(60.000%)(1.500m),16.797(41.992%)(0.728m),0.000,2408.288,69.7,1.1937,"[0.989, 1.552, 1.583, 0.931, 1.778, 1.624]","[3.091, 3.603, 3.191, 3.179, 3.867, 3.255]","[-4.913, -4.889, -3.944, -5.108, -4.423, -3.653]"
1093,1,-0.0954,8.9401,0.255,326,976,8,59,0.112,70,9.42,44402,1454.36,0,0,26.000(32.500%)(0.643m),37.000(32.647%)(1.821m),62.000(54.706%)(4.500m),24.000(21.177%)(0.429m),12.000(15.000%)(0.000m),18.972(47.430%)(0.961m),10.000(25.000%)(0.000m),186.459,2599.076,69.3,1.1683,"[0.979, 1.187, 1.087, 1.034, 1.385, 1.036]","[2.775, 3.609, 2.980, 2.912, 3.837, 3.170]","[-5.588, -5.803, -5.543, -5.818, -5.626, -5.239]"
1094,1,18.8133,9.3236,0.299,688,2159,25,83,0.112,100,9.51,44471,3132.89,1,1,28.000(35.000%)(0.857m),43.000(37.941%)(2.464m),59.000(52.059%)(4.179m),42.000(37.059%)(2.357m),22.259(27.824%)(0.242m),21.000(52.500%)(1.179m),15.695(39.236%)(0.610m),259.878,2212.102,72.6,1.4256,"[1.231, 1.721, 1.607, 1.161, 1.974, 1.534]","[3.237, 3.760, 3.407, 3.160, 4.033, 3.542]","[-3.548, -0.071, -0.684, -4.460, 0.043, -1.330]"
1095,1,16.3330,9.3059,0.272,705,2194,160,79,0.112,100,9.59,44542,3121.12,2,1,25.000(31.250%)(0.536m),48.000(42.353%)(3.000m),54.000(47.647%)(3.643m),39.000(34.412%)(2.036m),18.318(22.897%)(0.000m),18.000(45.000%)(0.857m),12.865(32.163%)(0.307m),260.039,2212.206,72.0,1.3073,"[0.978, 1.584, 1.430, 0.954, 1.832, 1.430]","[3.101, 3.751, 3.367, 3.093, 4.084, 3.361]","[-5.187, -2.626, -2.994, -4.709, -2.517, -3.741]"
1096,1,16.5439,9.3809,0.305,689,2159,0,90,0.112,100,9.67,44611,3014.61,3,1,25.000(31.250%)(0.536m),50.000(44.118%)(3.214m),67.000(59.118%)(5.036m),40.000(35.294%)(2.143m),25.685(32.106%)(0.609m),18.000(45.000%)(0.857m),18.162(45.406%)(0.875m),312.793,2274.700,72.5,1.1984,"[1.432, 1.734, 1.549, 1.437, 2.003, 1.604]","[3.179, 3.762, 3.301, 3.248, 3.998, 3.389]","[-3.589, 0.148, -1.621, -4.522, 0.220, -1.703]"
1097,1,20.1611,9.7902,0.250,750,2280,34,108,0.111,100,9.75,44686,3295.55,4,1,24.000(30.000%)(0.429m),30.000(26.471%)(1.071m),35.000(30.882%)(1.607m),39.000(34.412%)(2.036m),24.204(30.255%)(0.450m),20.000(50.000%)(1.071m),17.131(42.828%)(0.764m),216.056,2614.226,70.4,1.2504,"[1.297, 1.558, 1.296, 1.309, 1.792, 1.327]","[2.911, 3.601, 3.444, 3.048, 3.894, 3.362]","[-3.421, -1.461, -3.381, -3.817, -2.447, -3.963]"
1098,1,2.6603,9.4733,0.286,303,890,4,61,0.111,65,9.74,44717,1323.84,0,0,24.000(30.000%)(0.429m),45.000(39.706%)(2.679m),56.000(49.412%)(3.857m),29.000(25.588%)(0.964m),23.000(28.750%)(0.321m),19.000(47.500%)(0.964m),17.562(43.906%)(0.810m),0.000,2445.472,68.0,1.2807,"[1.236, 1.531, 1.533, 1.146, 1.754, 1.467]","[3.083, 3.484, 3.054, 3.173, 3.796, 3.141]","[-5.001, -4.857, -3.863, -4.673, -4.968, -4.230]"
1099,1,0.5362,9.4674,0.341,283,851,1,43,0.111,65,9.74,44746,1231.68,0,0,25.000(31.250%)(0.536m),40.000(35.294%)(2.143m),59.000(52.059%)(4.179m),30.000(26.471%)(1.071m),23.000(28.750%)(0.321m),21.000(52.500%)(1.179m),18.982(47.455%)(0.962m),40.584,2203.189,69.6,1.2810,"[0.969, 1.316, 1.357, 0.982, 1.582, 1.312]","[2.883, 3.580, 3.150, 3.087, 3.855, 3.218]","[-5.066, -5.084, -3.093, -4.981, -5.005, -3.907]"
1100,1,3.5760,9.2694,0.358,283,851,0,27,0.111,65,9.73,44775,1322.27,0,0,28.000(35.000%)(0.857m),50.000(44.118%)(3.214m),62.000(54.706%)(4.500m),28.000(24.706%)(0.857m),22.000(27.500%)(0.214m),24.000(60.000%)(1.500m),16.541(41.352%)(0.701m),0.000,2320.361,69.6,1.3935,"[0.769, 1.196, 1.212, 0.707, 1.453, 1.183]","[3.103, 3.576, 3.058, 3.150, 3.821, 3.057]","[-5.211, -5.502, -5.913, -5.278, -5.609, -6.038]"
1101,1,2.6257,9.0825,0.303,338,1026,17,80,0.111,70,9.72,44809,1498.71,0,0,25.000(31.250%)(0.536m),38.000(33.530%)(1.929m),54.000(47.647%)(3.643m),39.000(34.412%)(2.036m),23.375(29.218%)(0.362m),11.000(27.500%)(0.107m),16.493(41.233%)(0.696m),192.924,2446.791,70.2,1.1976,"[0.969, 1.168, 0.870, 1.000, 1.448, 0.930]","[2.909, 3.448, 3.115, 2.996, 3.679, 3.332]","[-2.928, -4.549, -5.331, -3.353, -4.769, -5.649]"
1102,1,-0.7985,8.7443,0.275,172,508,15,21,0.110,45,9.71,44827,758.85,0,0,26.000(32.500%)(0.643m),36.000(31.765%)(1.714m),59.000(52.059%)(4.179m),27.163(23.968%)(0.768m),12.743(15.929%)(0.000m),23.000(57.500%)(1.393m),9.690(24.224%)(0.000m),162.710,2554.420,68.4,1.1315,"[0.137, 1.104, 1.336, -0.000, 1.272, 1.340]","[3.026, 3.521, 2.905, 3.156, 3.779, 3.077]","[-6.073, -4.454, -3.195, -5.853, -4.416, -2.874]"
1103,1,3.1744,8.8245,0.212,283,851,0,22,0.110,65,9.70,44856,1180.51,0,0,29.000(36.250%)(0.964m),60.000(52.941%)(4.286m),73.000(64.412%)(5.679m),32.000(28.235%)(1.286m),24.000(30.000%)(0.429m),24.000(60.000%)(1.500m),17.152(42.880%)(0.766m),0.000,2456.323,69.6,1.1849,"[0.954, 1.362, 1.420, 0.947, 1.695, 1.495]","[3.257, 3.670, 3.012, 3.382, 3.936, 3.091]","[-5.292, -4.831, -1.870, -5.318, -4.221, -2.369]"
1104,1,18.0156,9.1370,0.273,687,2157,101,105,0.110,100,9.78,44925,2937.69,1,1,25.000(31.250%)(0.536m),40.000(35.294%)(2.143m),57.000(50.294%)(3.964m),32.000(28.235%)(1.286m),21.850(27.313%)(0.198m),18.000(45.000%)(0.857m),15.399(38.496%)(0.578m),76.987,2169.244,72.7,1.1235,"[0.845, 1.262, 1.186, 0.884, 1.570, 1.185]","[2.916, 3.102, 2.869, 3.057, 3.441, 2.751]","[-4.340, -4.131, -2.614, -4.227, -3.786, -2.708]"
1105,1,19.6028,9.3844,0.324,699,2181,35,82,0.110,100,9.86,44995,3108.22,2,1,27.000(33.750%)(0.750m),48.000(42.353%)(3.000m),65.000(57.353%)(4.821m),41.000(36.177%)(2.250m),22.043(27.553%)(0.219m),19.000(47.500%)(0.964m),15.528(38.819%)(0.592m),241.779,2259.214,72.2,1.1977,"[1.129, 1.445, 1.232, 1.129, 1.730, 1.243]","[3.092, 3.794, 3.279, 3.176, 4.071, 3.415]","[-3.722, -0.470, -3.892, -3.852, -0.432, -4.350]"
1106,1,17.7621,9.7355,0.284,710,2203,19,161,0.109,100,9.95,45066,3188.29,3,1,18.000(22.500%)(0.000m),36.000(31.765%)(1.714m),58.000(51.177%)(4.071m),39.000(34.412%)(2.036m),23.844(29.805%)(0.412m),11.000(27.500%)(0.107m),16.841(42.102%)(0.733m),204.683,2224.661,71.8,1.3004,"[1.009, 1.155, 0.807, 1.074, 1.384, 0.858]","[3.269, 3.476, 2.776, 3.206, 3.734, 2.843]","[-2.454, -3.466, -4.269, -3.120, -3.595, -4.693]"
1107,1,20.2774,10.1480,0.289,686,2156,58,127,0.109,100,10.03,45135,3093.84,4,1,24.000(30.000%)(0.429m),50.000(44.118%)(3.214m),57.000(50.294%)(3.964m),37.000(32.647%)(1.821m),23.017(28.772%)(0.323m),17.000(42.500%)(0.750m),16.243(40.607%)(0.669m),149.436,2246.604,72.7,1.3089,"[0.908, 1.212, 0.982, 0.950, 1.511, 1.124]","[2.574, 3.178, 2.825, 2.585, 3.414, 3.272]","[-3.814, -2.075, -4.282, -3.753, -1.767, -4.846]"
1108,1,17.5246,10.1608,0.283,722,2226,85,132,0.109,100,10.11,45208,3334.70,5,1,24.000(30.000%)(0.429m),47.000(41.471%)(2.893m),47.000(41.471%)(2.893m),34.000(30.000%)(1.500m),23.163(28.954%)(0.339m),17.000(42.500%)(0.750m),16.338(40.846%)(0.679m),92.671,2240.173,71.4,1.3947,"[1.142, 1.437, 1.195, 1.171, 1.694, 1.294]","[3.221, 3.196, 2.893, 3.196, 3.491, 3.165]","[-4.287, -3.490, -1.263, -4.691, -3.197, -1.707]"
1109,1,-1.1170,10.0433,0.326,180,497,14,24,0.109,45,10.10,45226,802.85,0,0,12.489(15.611%)(0.000m),25.820(22.782%)(0.624m),68.878(60.775%)(5.237m),36.000(31.765%)(1.714m),24.000(30.000%)(0.429m),9.744(24.359%)(0.000m),29.000(72.500%)(2.036m),248.273,2993.766,63.9,1.1736,"[0.660, 0.757, 0.335, 0.716, 0.840, 0.237]","[2.697, 3.428, 2.910, 2.775, 3.704, 3.066]","[-5.484, -5.871, -5.424, -5.856, -6.699, -5.849]"
1110,1,16.5299,10.0892,0.278,713,2210,104,182,0.109,100,10.18,45298,3125.05,1,1,22.000(27.500%)(0.214m),35.000(30.882%)(1.607m),57.000(50.294%)(3.964m),34.000(30.000%)(1.500m),16.000(20.000%)(0.000m),17.678(44.195%)(0.823m),11.000(27.500%)(0.107m),92.554,2139.646,71.7,1.1908,"[0.837, 1.352, 1.093, 0.904, 1.626, 1.087]","[2.905, 3.612, 3.039, 3.212, 3.855, 3.186]","[-3.915, -3.500, -4.362, -4.155, -3.785, -4.672]"
1111,1,20.2608,10.1053,0.332,704,2190,80,80,0.108,100,10.26,45369,3100.01,2,1,27.000(33.750%)(0.750m),50.000(44.118%)(3.214m),69.000(60.883%)(5.250m),37.000(32.647%)(1.821m),20.852(26.064%)(0.091m),20.000(50.000%)(1.071m),14.675(36.688%)(0.501m),145.121,2561.473,72.0,1.1423,"[1.102, 1.640, 1.487, 1.127, 1.936, 1.610]","[3.328, 3.468, 3.508, 3.410, 3.759, 3.703]","[-4.492, -3.452, -3.874, -4.563, -3.303, -4.367]"
1112,1,21.9935,10.5160,0.279,688,2155,0,85,0.108,100,10.34,45438,3027.06,3,1,29.000(36.250%)(0.964m),48.000(42.353%)(3.000m),63.000(55.588%)(4.607m),41.000(36.177%)(2.250m),23.000(28.750%)(0.321m),23.000(57.500%)(1.393m),18.035(45.087%)(0.861m),256.425,2233.223,72.5,1.2654,"[1.264, 1.619, 1.465, 1.259, 1.965, 1.589]","[3.110, 3.442, 2.764, 3.160, 3.734, 2.963]","[-4.126, -0.344, 0.256, -5.064, -0.231, 0.200]"
1113,1,1.0277,10.5565,0.271,423,1300,43,74,0.108,80,10.33,45481,1850.93,0,0,17.000(21.250%)(0.000m),44.000(38.824%)(2.571m),23.715(20.925%)(0.398m),14.141(12.478%)(0.000m),9.366(11.707%)(0.000m),12.000(30.000%)(0.214m),10.588(26.471%)(0.063m),149.725,2524.985,71.1,1.2300,"[0.681, 0.962, 0.863, 0.818, 1.343, 0.877]","[2.700, 3.046, 2.904, 2.906, 3.388, 2.985]","[-6.038, -5.916, -5.775, -5.273, -5.444, -5.877]"
1114,1,18.9497,10.9787,0.298,697,2176,49,126,0.108,100,10.41,45551,3100.16,1,1,22.000(27.500%)(0.214m),42.000(37.059%)(2.357m),59.000(52.059%)(4.179m),42.819(37.782%)(2.445m),20.212(25.265%)(0.023m),16.000(40.000%)(0.643m),14.215(35.539%)(0.452m),407.470,2480.325,72.3,1.2260,"[1.027, 1.371, 1.123, 1.128, 1.682, 1.212]","[2.963, 3.496, 3.054, 3.076, 3.864, 3.179]","[-4.156, -1.434, -3.832, -4.538, -1.489, -4.545]"
1115,1,2.1157,10.6496,0.270,317,979,11,56,0.108,70,10.40,45583,1365.01,0,0,18.000(22.500%)(0.000m),48.000(42.353%)(3.000m),79.000(69.706%)(6.321m),35.000(30.882%)(1.607m),24.157(30.196%)(0.445m),10.000(25.000%)(0.000m),17.057(42.641%)(0.756m),124.659,2412.581,71.5,1.2183,"[0.833, 1.196, 0.970, 0.862, 1.535, 1.090]","[2.902, 3.330, 2.614, 2.914, 3.678, 2.987]","[-4.405, -5.014, -5.821, -4.455, -5.147, -6.058]"
1116,1,4.3887,10.6868,0.268,611,1870,168,107,0.107,95,10.39,45645,2619.08,0,0,23.000(28.750%)(0.321m),50.000(44.118%)(3.214m),31.000(27.353%)(1.179m),24.000(21.177%)(0.429m),15.739(19.674%)(0.000m),15.000(37.500%)(0.536m),11.026(27.566%)(0.110m),0.000,2499.422,70.8,1.2135,"[0.651, 1.108, 1.173, 0.678, 1.430, 1.203]","[3.055, 3.548, 2.909, 3.182, 3.920, 3.164]","[-4.914, -5.064, -2.246, -4.684, -4.325, -3.000]"
1117,1,-1.8573,10.3116,0.219,173,491,15,4,0.107,45,10.38,45663,737.85,0,0,12.973(16.216%)(0.000m),27.909(24.625%)(0.847m),69.000(60.883%)(5.250m),43.000(37.941%)(2.464m),31.000(38.750%)(1.179m),9.738(24.344%)(0.000m),28.000(70.000%)(1.929m),385.401,2826.290,65.7,1.1972,"[1.149, 0.978, -0.070, 1.144, 1.199, -0.146]","[2.758, 3.094, 2.522, 2.877, 3.519, 2.657]","[-5.297, -6.104, -5.948, -6.121, -7.112, -6.056]"
1118,1,18.2111,10.5992,0.282,738,2260,130,130,0.107,100,10.47,45737,3160.61,1,1,26.000(32.500%)(0.643m),45.000(39.706%)(2.679m),57.000(50.294%)(3.964m),37.000(32.647%)(1.821m),17.810(22.263%)(0.000m),19.000(47.500%)(0.964m),12.523(31.308%)(0.270m),156.547,2686.978,70.9,1.1534,"[0.946, 1.293, 1.227, 1.057, 1.674, 1.273]","[2.823, 3.391, 2.990, 2.832, 3.751, 3.132]","[-5.195, -4.073, -3.805, -4.889, -3.589, -4.805]"
1119,1,-2.0796,10.5769,0.286,141,404,18,1,0.107,40,10.46,45752,626.15,0,0,34.000(42.500%)(1.500m),44.000(38.824%)(2.571m),51.627(45.554%)(3.389m),21.213(18.717%)(0.130m),11.703(14.629%)(0.000m),40.000(100.000%)(3.214m),10.352(25.880%)(0.038m),362.285,2800.923,66.3,1.1925,"[0.422, 0.513, 0.684, 0.308, 0.726, 0.662]","[2.956, 3.639, 3.081, 2.981, 3.978, 3.249]","[-5.509, -6.128, -4.973, -5.648, -5.860, -4.783]"
1120,1,3.6183,10.3121,0.317,283,852,5,12,0.106,65,10.45,45781,1229.71,0,0,32.000(40.000%)(1.286m),52.000(45.882%)(3.429m),54.000(47.647%)(3.643m),32.000(28.235%)(1.286m),23.000(28.750%)(0.321m),26.000(65.000%)(1.714m),16.894(42.235%)(0.739m),0.000,2345.856,69.7,1.2060,"[0.904, 1.485, 1.525, 0.901, 1.807, 1.654]","[2.975, 3.556, 3.123, 2.987, 3.801, 3.295]","[-5.136, -4.450, -0.920, -4.754, -3.616, -1.340]"
1121,1,14.4672,10.2857,0.264,729,2240,99,122,0.106,100,10.53,45854,3285.10,1,1,20.000(25.000%)(0.000m),45.000(39.706%)(2.679m),62.000(54.706%)(4.500m),32.786(28.929%)(1.370m),15.324(19.155%)(0.000m),14.000(35.000%)(0.429m),10.752(26.880%)(0.081m),217.655,2470.471,71.1,1.2738,"[0.832, 1.338, 1.233, 0.973, 1.665, 1.294]","[3.082, 3.266, 2.696, 3.027, 3.524, 2.927]","[-5.389, -3.971, -3.853, -5.073, -3.588, -4.718]"
1122,1,3.7672,9.9637,0.284,283,851,0,12,0.106,65,10.52,45883,1197.89,0,0,32.000(40.000%)(1.286m),50.000(44.118%)(3.214m),63.000(55.588%)(4.607m),28.000(24.706%)(0.857m),23.000(28.750%)(0.321m),27.000(67.500%)(1.821m),16.723(41.806%)(0.720m),0.000,2325.513,69.6,1.2587,"[0.723, 1.384, 1.395, 0.649, 1.706, 1.445]","[2.974, 3.468, 2.864, 2.922, 3.747, 3.036]","[-5.170, -5.345, -4.704, -5.416, -5.005, -5.056]"
1123,1,-1.5619,9.5584,0.375,174,472,12,3,0.106,45,10.51,45901,759.89,0,0,11.800(14.750%)(0.000m),22.444(19.803%)(0.262m),60.089(53.019%)(4.295m),47.000(41.471%)(2.893m),32.000(40.000%)(1.286m),9.932(24.830%)(0.000m),40.000(100.000%)(3.214m),592.489,3171.401,62.8,1.1529,"[1.611, 1.083, 0.755, 1.609, 1.293, 0.770]","[3.077, 3.619, 3.054, 3.131, 3.878, 3.169]","[-4.972, -5.231, -5.696, -5.715, -5.699, -5.450]"
1124,1,-1.6412,9.4884,0.403,155,434,11,1,0.106,40,10.50,45917,692.29,0,0,32.000(40.000%)(1.286m),50.000(44.118%)(3.214m),62.943(55.538%)(4.601m),23.407(20.653%)(0.365m),12.149(15.187%)(0.000m),40.000(100.000%)(3.214m),10.099(25.246%)(0.011m),610.740,3130.215,64.7,1.1522,"[0.898, 1.272, 1.264, 0.875, 1.577, 1.320]","[2.950, 3.508, 3.082, 2.922, 3.932, 3.256]","[-5.071, -5.146, -4.317, -5.268, -5.353, -4.525]"
1125,1,3.3318,9.2153,0.236,285,856,0,56,0.105,65,10.49,45946,1198.43,0,0,22.000(27.500%)(0.214m),34.000(30.000%)(1.500m),63.000(55.588%)(4.607m),30.000(26.471%)(1.071m),21.000(26.250%)(0.107m),18.000(45.000%)(0.857m),16.906(42.264%)(0.740m),4.908,2223.082,69.5,1.1338,"[0.961, 1.303, 1.208, 0.988, 1.616, 1.347]","[3.223, 3.443, 2.925, 3.281, 3.843, 3.107]","[-4.765, -4.366, -4.652, -5.038, -4.190, -4.555]"
1126,1,20.4966,9.2617,0.312,692,2167,41,61,0.105,100,10.57,46016,2965.73,1,1,27.000(33.750%)(0.750m),50.000(44.118%)(3.214m),65.000(57.353%)(4.821m),34.476(30.420%)(1.551m),16.125(20.156%)(0.000m),20.000(50.000%)(1.071m),11.305(28.263%)(0.140m),109.106,2334.423,72.5,1.1906,"[0.872, 1.490, 1.478, 0.931, 1.838, 1.566]","[3.031, 3.457, 3.035, 3.150, 3.727, 3.039]","[-6.139, -4.627, -2.909, -6.166, -4.195, -3.524]"
1127,1,19.6997,9.6568,0.337,684,2151,53,149,0.105,100,10.65,46085,2991.54,2,1,24.000(30.000%)(0.429m),47.000(41.471%)(2.893m),59.000(52.059%)(4.179m),38.000(33.530%)(1.929m),18.306(22.882%)(0.000m),17.000(42.500%)(0.750m),12.849(32.123%)(0.305m),202.746,2255.268,72.8,1.2110,"[1.009, 1.497, 1.348, 1.069, 1.806, 1.357]","[3.021, 3.663, 3.417, 3.104, 3.974, 3.489]","[-5.217, -2.138, -3.728, -5.017, -2.226, -4.541]"
1128,1,-1.4938,9.5208,0.340,139,395,20,5,0.105,40,10.64,46099,587.60,0,0,32.000(40.000%)(1.286m),40.000(35.294%)(2.143m),19.064(16.821%)(0.000m),12.429(10.967%)(0.000m),8.759(10.949%)(0.000m),40.000(100.000%)(3.214m),11.084(27.710%)(0.116m),337.068,2798.317,65.7,1.1218,"[0.553, 0.768, 0.631, 0.387, 0.859, 0.530]","[3.187, 3.803, 3.395, 3.296, 4.163, 3.566]","[-8.208, -6.328, -7.055, -8.347, -6.630, -7.484]"
1129,1,4.1298,9.2691,0.317,604,1856,168,90,0.105,95,10.63,46160,2587.39,0,0,20.000(25.000%)(0.000m),44.000(38.824%)(2.571m),57.000(50.294%)(3.964m),28.000(24.706%)(0.857m),19.247(24.059%)(0.000m),14.000(35.000%)(0.429m),13.530(33.825%)(0.378m),0.000,2498.858,71.1,1.2169,"[0.541, 1.342, 1.389, 0.525, 1.607, 1.394]","[3.049, 3.557, 3.025, 3.119, 3.938, 3.111]","[-5.447, -4.305, -3.622, -5.732, -3.662, -3.684]"
1130,1,-0.5083,9.2648,0.236,189,529,20,2,0.104,45,10.62,46179,865.18,0,0,32.000(40.000%)(1.286m),48.000(42.353%)(3.000m),65.000(57.353%)(4.821m),29.768(26.266%)(1.047m),13.675(17.093%)(0.000m),27.000(67.500%)(1.821m),9.603(24.007%)(0.000m),677.969,3103.296,64.7,1.3181,"[0.696, 1.348, 1.620, 0.615, 1.686, 1.654]","[3.350, 3.762, 3.236, 3.234, 4.077, 3.397]","[-5.610, -4.136, -2.142, -5.491, -3.967, -2.487]"
1131,1,13.8124,9.4594,0.288,790,2361,190,227,0.104,100,10.70,46258,3410.84,1,1,20.000(25.000%)(0.000m),29.000(25.588%)(0.964m),39.000(34.412%)(2.036m),30.000(26.471%)(1.071m),18.330(22.912%)(0.000m),14.000(35.000%)(0.429m),12.866(32.166%)(0.307m),92.594,2318.633,69.2,1.2159,"[0.817, 1.216, 1.075, 0.819, 1.432, 1.028]","[3.577, 3.581, 3.375, 3.510, 4.020, 3.562]","[-4.978, -3.926, -4.431, -4.915, -3.988, -5.127]"
1132,1,5.5024,9.1573,0.336,369,1019,4,9,0.104,70,10.69,46295,1559.84,0,0,33.000(41.250%)(1.393m),48.000(42.353%)(3.000m),57.000(50.294%)(3.964m),24.000(21.177%)(0.429m),22.000(27.500%)(0.214m),27.000(67.500%)(1.821m),16.948(42.370%)(0.744m),0.000,3391.316,63.9,1.1261,"[1.490, 1.989, 1.895, 1.474, 2.236, 2.017]","[3.417, 3.632, 3.203, 3.277, 3.906, 3.386]","[-5.130, -5.344, -5.375, -4.957, -4.514, -5.396]"
1133,1,0.3061,8.8140,0.327,377,1096,104,46,0.104,70,10.68,46333,1601.84,0,0,16.000(20.000%)(0.000m),42.000(37.059%)(2.357m),64.000(56.471%)(4.714m),45.186(39.870%)(2.699m),21.525(26.906%)(0.163m),10.000(25.000%)(0.000m),15.187(37.968%)(0.556m),363.666,2864.071,67.3,1.1827,"[1.189, 1.629, 1.313, 1.226, 1.903, 1.372]","[3.136, 3.839, 3.153, 3.288, 4.151, 3.324]","[-3.129, -4.485, -6.240, -3.975, -4.960, -6.467]"
1134,1,1.2424,8.6184,0.248,292,870,67,34,0.103,65,10.67,46363,1247.19,0,0,27.000(33.750%)(0.750m),43.000(37.941%)(2.464m),70.000(61.765%)(5.357m),29.000(25.588%)(0.964m),17.613(22.017%)(0.000m),23.000(57.500%)(1.393m),12.359(30.898%)(0.253m),0.000,2285.839,68.9,1.2901,"[0.541, 1.584, 1.642, 0.601, 1.870, 1.785]","[3.061, 3.736, 3.208, 3.197, 4.088, 3.520]","[-5.383, -4.950, -3.424, -4.511, -4.032, -3.285]"
1135,1,6.4844,8.6358,0.319,617,1934,64,106,0.103,95,10.66,46425,2683.81,0,0,13.000(16.250%)(0.000m),40.000(35.294%)(2.143m),49.000(43.235%)(3.107m),34.000(30.000%)(1.500m),20.235(25.294%)(0.025m),10.000(25.000%)(0.000m),14.232(35.580%)(0.453m),99.725,2463.507,72.5,1.2366,"[0.945, 1.370, 1.238, 0.920, 1.604, 1.294]","[3.137, 3.839, 3.677, 3.215, 4.083, 3.729]","[-4.387, -5.651, -7.106, -4.391, -6.294, -7.308]"
1136,1,9.6677,8.7572,0.281,592,1830,5,38,0.103,95,10.65,46485,2582.88,0,0,25.000(31.250%)(0.536m),40.000(35.294%)(2.143m),56.000(49.412%)(3.857m),27.000(23.824%)(0.750m),22.000(27.500%)(0.214m),23.000(57.500%)(1.393m),17.319(43.299%)(0.784m),0.000,2523.296,71.5,1.2575,"[1.305, 1.712, 1.685, 1.401, 2.021, 1.793]","[2.926, 3.704, 3.394, 3.171, 3.985, 3.500]","[-5.240, -5.912, -3.622, -4.625, -4.932, -4.135]"
1137,1,2.5813,8.4046,0.250,283,851,0,10,0.103,65,10.64,46514,1269.68,0,0,32.000(40.000%)(1.286m),50.000(44.118%)(3.214m),69.000(60.883%)(5.250m),21.000(18.529%)(0.107m),23.679(29.599%)(0.394m),27.000(67.500%)(1.821m),16.723(41.807%)(0.720m),0.000,2326.053,69.6,1.3826,"[0.720, 1.344, 1.401, 0.692, 1.681, 1.493]","[3.136, 3.512, 3.144, 3.206, 3.843, 3.196]","[-5.329, -6.189, -7.471, -5.537, -5.553, -7.215]"
1138,1,5.6686,8.3791,0.286,615,1874,81,78,0.103,95,10.63,46576,2762.72,0,0,24.000(30.000%)(0.429m),20.000(17.647%)(0.000m),19.000(16.765%)(0.000m),21.000(18.529%)(0.107m),22.485(28.106%)(0.266m),20.000(50.000%)(1.071m),15.847(39.618%)(0.626m),0.000,2421.479,70.5,1.2986,"[1.123, 1.504, 1.342, 1.214, 1.798, 1.461]","[3.390, 3.818, 3.375, 3.358, 4.041, 3.404]","[-7.527, -5.572, -5.460, -6.515, -5.212, -5.945]"
1139,1,8.2307,8.4103,0.314,574,1794,31,102,0.102,95,10.62,46634,2461.72,0,0,25.000(31.250%)(0.536m),46.000(40.588%)(2.786m),62.000(54.706%)(4.500m),28.000(24.706%)(0.857m),20.943(26.179%)(0.101m),20.000(50.000%)(1.071m),14.751(36.878%)(0.509m),0.000,2228.754,72.3,1.1261,"[0.777, 1.363, 1.351, 0.789, 1.674, 1.425]","[3.188, 3.619, 3.339, 3.232, 3.952, 3.624]","[-5.925, -5.403, -4.480, -5.559, -5.039, -4.684]"
1140,1,-1.0741,8.2565,0.307,186,544,13,32,0.102,50,10.61,46653,826.71,0,0,24.000(30.000%)(0.429m),36.000(31.765%)(1.714m),66.577(58.745%)(4.990m),23.804(21.004%)(0.408m),12.193(15.241%)(0.000m),20.000(50.000%)(1.071m),10.008(25.020%)(0.001m),285.099,2717.433,67.7,1.1699,"[1.022, 1.554, 1.331, 0.986, 1.784, 1.407]","[3.134, 3.616, 2.757, 3.165, 3.854, 2.967]","[-5.581, -4.703, -3.478, -5.706, -4.911, -3.782]"
1141,1,15.2719,8.1994,0.289,708,2202,29,165,0.102,100,10.69,46724,3075.03,1,1,16.000(20.000%)(0.000m),42.000(37.059%)(2.357m),55.000(48.530%)(3.750m),37.000(32.647%)(1.821m),24.801(31.001%)(0.514m),11.000(27.500%)(0.107m),17.523(43.807%)(0.806m),163.569,2199.846,72.0,1.1785,"[1.334, 1.541, 1.297, 1.394, 1.893, 1.405]","[3.480, 3.621, 3.160, 3.663, 3.913, 3.366]","[-3.761, -4.848, -4.639, -4.295, -4.779, -5.161]"
1142,1,20.2596,8.5479,0.343,668,2119,17,118,0.102,100,10.77,46791,2988.37,2,1,24.000(30.000%)(0.429m),44.000(38.824%)(2.571m),67.000(59.118%)(5.036m),40.000(35.294%)(2.143m),23.026(28.782%)(0.324m),17.000(42.500%)(0.750m),16.238(40.596%)(0.668m),226.131,2557.649,73.4,1.3012,"[1.632, 1.898, 1.546, 1.780, 2.223, 1.713]","[3.709, 3.791, 2.948, 3.887, 4.042, 3.309]","[-1.820, -0.204, -2.496, -2.383, 0.227, -2.372]"
1143,1,16.5886,8.8816,0.241,719,2222,56,207,0.102,100,10.85,46863,3170.60,3,1,18.000(22.500%)(0.000m),40.000(35.294%)(2.143m),54.000(47.647%)(3.643m),35.000(30.882%)(1.607m),24.973(31.217%)(0.533m),13.000(32.500%)(0.321m),17.648(44.119%)(0.819m),165.766,2142.371,71.5,1.2522,"[1.348, 1.486, 1.131, 1.361, 1.794, 1.186]","[3.428, 3.656, 3.037, 3.457, 3.936, 3.168]","[-4.105, -5.009, -5.334, -4.176, -5.236, -6.201]"
1144,1,-0.1860,8.5016,0.315,180,518,17,22,0.101,45,10.84,46881,779.28,0,0,25.000(31.250%)(0.536m),33.000(29.118%)(1.393m),57.000(50.294%)(3.964m),25.693(22.670%)(0.610m),12.427(15.534%)(0.000m),24.000(60.000%)(1.500m),9.696(24.240%)(0.000m),157.607,2694.875,66.6,1.4264,"[0.511, 1.206, 1.186, 0.386, 1.322, 1.195]","[2.970, 3.607, 3.360, 3.013, 3.837, 3.404]","[-5.534, -4.704, -4.660, -5.518, -4.492, -4.802]"
1145,1,15.9898,8.4947,0.349,764,2306,136,91,0.101,100,10.92,46958,3403.43,1,1,29.000(36.250%)(0.964m),50.000(44.118%)(3.214m),61.000(53.824%)(4.393m),39.000(34.412%)(2.036m),21.187(26.484%)(0.127m),20.000(50.000%)(1.071m),15.026(37.565%)(0.539m),184.624,3082.405,69.9,1.2461,"[0.990, 1.435, 1.408, 1.094, 1.772, 1.460]","[3.321, 3.538, 3.165, 3.326, 3.789, 3.203]","[-5.163, -3.012, -4.098, -4.925, -2.895, -4.591]"
1146,1,7.8039,8.3199,0.308,574,1795,0,90,0.101,95,10.91,47016,2550.22,0,0,23.000(28.750%)(0.321m),38.000(33.530%)(1.929m),62.000(54.706%)(4.500m),29.000(25.588%)(0.964m),23.000(28.750%)(0.321m),19.000(47.500%)(0.964m),17.037(42.593%)(0.754m),0.000,2438.361,72.4,1.2679,"[0.985, 1.512, 1.426, 1.056, 1.854, 1.373]","[3.070, 3.259, 2.934, 3.135, 3.505, 2.945]","[-5.966, -5.178, -3.420, -5.599, -4.262, -3.724]"
1147,1,18.2804,8.2823,0.301,686,2152,71,113,0.101,100,10.99,47085,3001.19,1,1,22.000(27.500%)(0.214m),38.000(33.530%)(1.929m),57.000(50.294%)(3.964m),41.000(36.177%)(2.250m),21.573(26.966%)(0.169m),18.000(45.000%)(0.857m),15.191(37.977%)(0.556m),206.407,2429.626,72.6,1.2776,"[1.301, 1.755, 1.625, 1.434, 2.055, 1.620]","[3.161, 3.395, 3.284, 3.393, 3.676, 3.018]","[-2.856, -0.001, -1.507, -3.185, 0.008, -1.661]"
1148,1,20.2578,8.6342,0.286,679,2140,61,57,0.101,100,11.06,47153,3052.19,2,1,25.000(31.250%)(0.536m),38.000(33.530%)(1.929m),57.000(50.294%)(3.964m),42.000(37.059%)(2.357m),22.197(27.746%)(0.235m),21.000(52.500%)(1.179m),15.639(39.097%)(0.604m),243.521,2280.773,72.9,1.3423,"[1.126, 1.686, 1.470, 1.268, 2.008, 1.546]","[3.104, 3.663, 3.009, 3.373, 3.904, 3.088]","[-3.865, 0.324, -2.875, -4.684, 0.738, -3.647]"
1149,1,19.2367,9.0083,0.299,726,2232,93,99,0.100,100,11.14,47226,3287.79,3,1,26.000(32.500%)(0.643m),47.000(41.471%)(2.893m),63.000(55.588%)(4.607m),37.754(33.312%)(1.902m),17.832(22.290%)(0.000m),20.000(50.000%)(1.071m),12.544(31.360%)(0.273m),406.668,2586.392,71.2,1.2304,"[1.148, 1.758, 1.655, 1.163, 2.072, 1.712]","[3.469, 3.434, 3.427, 3.637, 3.760, 3.341]","[-4.598, -0.080, -0.927, -4.740, -0.291, -1.387]"
1150,1,-0.8043,8.9207,0.232,130,366,21,17,0.100,35,11.13,47239,581.15,0,0,23.000(28.750%)(0.321m),29.000(25.588%)(0.964m),38.000(33.530%)(1.929m),79.082(69.778%)(6.330m),44.139(55.174%)(2.586m),40.000(100.000%)(3.214m),39.043(97.608%)(3.112m),0.000,2081.459,65.2,1.1877,"[1.222, 1.134, 0.794, 1.051, 1.136, 0.673]","[3.082, 3.622, 3.167, 3.216, 3.950, 3.274]","[-2.730, -3.871, -5.598, -3.304, -4.794, -5.005]"
1151,1,14.8274,9.1647,0.276,700,2182,2,155,0.100,100,11.21,47309,3035.78,1,1,25.000(31.250%)(0.536m),45.000(39.706%)(2.679m),58.000(51.177%)(4.071m),39.000(34.412%)(2.036m),24.000(30.000%)(0.429m),18.000(45.000%)(0.857m),18.547(46.369%)(0.916m),184.488,2276.229,72.1,1.2494,"[1.378, 1.646, 1.448, 1.475, 2.032, 1.506]","[3.088, 3.555, 3.101, 3.362, 3.850, 3.124]","[-2.490, 0.132, -1.456, -3.101, 0.296, -1.992]"
1152,1,-0.2629,9.1754,0.312,188,550,17,5,0.100,50,11.20,47328,854.28,0,0,31.000(38.750%)(1.179m),44.000(38.824%)(2.571m),57.000(50.294%)(3.964m),24.878(21.951%)(0.523m),12.394(15.492%)(0.000m),24.000(60.000%)(1.500m),9.919(24.798%)(0.000m),418.100,2767.187,67.7,1.3029,"[0.805, 1.543, 1.600, 0.623, 1.767, 1.595]","[3.072, 3.586, 3.144, 2.988, 3.906, 3.122]","[-5.912, -5.103, -5.506, -6.213, -5.258, -5.175]"
1153,1,-1.7605,9.0767,0.300,162,452,17,13,0.100,45,11.19,47345,726.20,0,0,28.000(35.000%)(0.857m),50.000(44.118%)(3.214m),32.468(28.648%)(1.336m),16.806(14.829%)(0.000m),10.258(12.823%)(0.000m),40.000(100.000%)(3.214m),10.258(25.646%)(0.028m),640.848,3268.886,64.6,1.4374,"[1.102, 1.470, 1.305, 1.065, 1.676, 1.426]","[3.028, 3.760, 3.280, 3.034, 3.907, 3.398]","[-5.148, -4.935, -6.881, -5.674, -5.205, -6.183]"
1154,1,17.5445,9.0673,0.288,695,2173,57,149,0.099,100,11.27,47415,3138.53,1,1,24.000(30.000%)(0.429m),44.000(38.824%)(2.571m),64.000(56.471%)(4.714m),38.000(33.530%)(1.929m),22.984(28.729%)(0.320m),17.000(42.500%)(0.750m),16.208(40.520%)(0.665m),200.166,2286.345,72.4,1.1826,"[1.031, 1.647, 1.445, 1.092, 1.968, 1.545]","[3.566, 3.745, 3.234, 3.538, 4.036, 3.339]","[-4.333, -1.690, -3.692, -4.997, -1.766, -4.352]"
1155,1,4.8056,8.7713,0.259,606,1856,21,106,0.099,95,11.26,47476,2680.00,0,0,24.000(30.000%)(0.429m),33.000(29.118%)(1.393m),42.000(37.059%)(2.357m),29.000(25.588%)(0.964m),22.000(27.500%)(0.214m),21.000(52.500%)(1.179m),17.763(44.409%)(0.832m),0.000,2460.523,70.9,1.2999,"[0.978, 1.357, 1.189, 1.033, 1.616, 1.279]","[3.243, 3.564, 3.084, 3.401, 3.859, 3.232]","[-5.577, -5.429, -4.379, -5.433, -5.626, -4.427]"
1156,1,0.5997,8.4281,0.301,318,968,8,69,0.099,70,11.25,47508,1387.73,0,0,11.000(13.750%)(0.000m),40.000(35.294%)(2.143m),66.000(58.235%)(4.929m),32.000(28.235%)(1.286m),22.000(27.500%)(0.214m),10.000(25.000%)(0.000m),18.615(46.537%)(0.923m),68.314,2314.570,70.5,1.1559,"[0.984, 1.172, 0.971, 0.994, 1.463, 1.037]","[3.097, 3.536, 2.839, 3.195, 3.810, 3.087]","[-5.002, -5.320, -6.148, -4.746, -5.663, -6.268]"
1157,1,6.4406,8.1513,0.342,603,1851,33,103,0.099,95,11.24,47569,2677.35,0,0,27.000(33.750%)(0.750m),41.000(36.177%)(2.250m),45.000(39.706%)(2.679m),25.000(22.059%)(0.536m),22.000(27.500%)(0.214m),20.000(50.000%)(1.071m),16.078(40.194%)(0.651m),0.000,2209.858,71.0,1.1730,"[0.575, 1.170, 1.157, 0.547, 1.522, 1.164]","[2.938, 3.436, 3.057, 3.011, 3.781, 3.173]","[-5.123, -5.278, -5.175, -5.014, -4.934, -4.890]"
1158,1,20.2294,8.2054,0.321,727,2237,80,105,0.099,100,11.31,47642,3289.16,1,1,27.000(33.750%)(0.750m),44.000(38.824%)(2.571m),57.000(50.294%)(3.964m),38.000(33.530%)(1.929m),21.945(27.431%)(0.208m),19.000(47.500%)(0.964m),15.461(38.652%)(0.585m),199.139,2370.887,71.2,1.2894,"[0.868, 1.504, 1.384, 0.969, 1.828, 1.441]","[3.230, 3.573, 3.068, 3.503, 3.861, 3.098]","[-3.964, -2.146, -3.413, -4.455, -1.747, -3.936]"
1159,1,15.8447,8.5447,0.260,677,2138,34,220,0.098,100,11.39,47710,2978.83,2,1,19.000(23.750%)(0.000m),40.000(35.294%)(2.143m),46.000(40.588%)(2.786m),31.000(27.353%)(1.179m),23.761(29.701%)(0.403m),13.000(32.500%)(0.321m),16.782(41.955%)(0.727m),78.645,2073.950,73.1,1.3332,"[1.017, 1.271, 1.038, 1.115, 1.600, 1.080]","[3.431, 3.602, 3.143, 3.658, 3.839, 3.225]","[-4.210, -4.055, -4.019, -4.048, -3.773, -4.158]"
1160,1,2.5365,8.2648,0.310,416,1299,4,85,0.098,80,11.38,47752,1823.12,0,0,24.000(30.000%)(0.429m),53.000(46.765%)(3.536m),20.000(17.647%)(0.000m),21.000(18.529%)(0.107m),25.000(31.250%)(0.536m),18.000(45.000%)(0.857m),18.275(45.688%)(0.887m),0.000,2192.785,72.2,1.2922,"[0.682, 0.970, 0.708, 0.770, 1.318, 0.766]","[2.970, 3.556, 2.845, 3.282, 3.763, 2.942]","[-9.831, -7.544, -6.023, -10.190, -8.197, -7.102]"
1161,1,19.0739,8.2411,0.258,802,2381,53,119,0.098,100,11.46,47833,3655.18,1,1,16.000(20.000%)(0.000m),37.000(32.647%)(1.821m),55.000(48.530%)(3.750m),37.000(32.647%)(1.821m),22.936(28.671%)(0.315m),12.000(30.000%)(0.214m),16.174(40.435%)(0.662m),249.153,3138.158,68.7,1.2649,"[1.441, 1.634, 1.379, 1.462, 1.901, 1.386]","[3.066, 3.479, 3.087, 3.133, 3.621, 3.095]","[-3.149, -5.099, -5.921, -3.414, -4.942, -6.846]"
1162,1,17.0860,8.1429,0.239,684,2151,2,180,0.098,100,11.53,47902,3109.47,2,1,23.000(28.750%)(0.321m),38.000(33.530%)(1.929m),58.000(51.177%)(4.071m),36.000(31.765%)(1.714m),25.000(31.250%)(0.536m),18.000(45.000%)(0.857m),18.519(46.299%)(0.913m),121.381,2151.643,72.8,1.4652,"[1.449, 1.749, 1.443, 1.507, 2.120, 1.542]","[2.981, 3.803, 3.291, 3.240, 3.891, 3.424]","[-4.677, -1.052, -1.877, -5.558, -0.830, -2.248]"
1163,1,4.0728,8.2038,0.311,570,1787,19,85,0.098,95,11.52,47959,2464.56,0,0,19.000(23.750%)(0.000m),46.000(40.588%)(2.786m),68.000(60.000%)(5.143m),20.000(17.647%)(0.000m),24.934(31.168%)(0.529m),13.000(32.500%)(0.321m),17.630(44.074%)(0.817m),0.000,2653.581,72.5,1.2566,"[1.133, 1.431, 1.184, 1.213, 1.807, 1.280]","[2.908, 3.676, 2.977, 3.006, 3.886, 3.071]","[-5.187, -5.977, -9.418, -5.589, -6.105, -8.488]"
1164,1,19.3837,8.2125,0.284,702,2185,1,135,0.097,100,11.60,48030,3091.91,1,1,25.000(31.250%)(0.536m),38.000(33.530%)(1.929m),59.000(52.059%)(4.179m),42.000(37.059%)(2.357m),24.833(31.041%)(0.518m),19.000(47.500%)(0.964m),17.546(43.865%)(0.808m),246.738,2215.277,72.0,1.2706,"[1.325, 1.622, 1.414, 1.407, 1.950, 1.505]","[2.926, 3.649, 3.125, 3.382, 3.887, 3.351]","[-2.790, -0.745, -2.505, -3.529, -1.396, -3.368]"
1165,1,5.4565,8.2793,0.292,634,1960,45,160,0.097,95,11.59,48094,2794.62,0,0,14.000(17.500%)(0.000m),35.000(30.882%)(1.607m),52.000(45.882%)(3.429m),31.000(27.353%)(1.179m),21.148(26.435%)(0.123m),10.000(25.000%)(0.000m),14.893(37.234%)(0.524m),36.370,2134.311,71.5,1.2376,"[0.718, 1.011, 0.810, 0.779, 1.283, 0.788]","[3.333, 3.488, 3.044, 3.535, 3.811, 3.252]","[-5.478, -5.924, -7.159, -5.554, -6.163, -7.744]"
1166,1,20.0050,8.5917,0.295,693,2169,55,80,0.097,100,11.66,48164,3130.43,1,1,25.000(31.250%)(0.536m),38.000(33.530%)(1.929m),60.000(52.941%)(4.286m),36.000(31.765%)(1.714m),20.494(25.618%)(0.053m),20.000(50.000%)(1.071m),14.418(36.045%)(0.473m),153.069,2210.332,72.4,1.5954,"[0.892, 1.594, 1.543, 0.987, 1.852, 1.599]","[2.988, 3.592, 3.843, 3.623, 3.905, 3.812]","[-4.651, -3.172, -1.799, -4.487, -3.022, -2.389]"
1167,1,-1.7906,8.5930,0.381,173,472,16,9,0.097,45,11.65,48182,764.31,0,0,30.000(37.500%)(1.071m),44.000(38.824%)(2.571m),60.000(52.941%)(4.286m),27.501(24.266%)(0.804m),12.901(16.126%)(0.000m),40.000(100.000%)(3.214m),9.683(24.208%)(0.000m),549.578,3336.827,63.2,1.1398,"[0.286, 0.640, 1.016, 0.256, 0.840, 1.003]","[2.683, 3.364, 2.805, 2.779, 3.654, 2.982]","[-5.624, -5.785, -3.078, -5.619, -6.119, -3.305]"
1168,1,2.0516,8.2698,0.255,626,1951,88,117,0.097,95,11.64,48245,2828.52,0,0,13.000(16.250%)(0.000m),47.000(41.471%)(2.893m),65.000(57.353%)(4.821m),40.000(35.294%)(2.143m),21.219(26.524%)(0.131m),10.000(25.000%)(0.000m),14.937(37.343%)(0.529m),207.100,2222.922,72.1,1.4149,"[0.839, 1.189, 0.997, 0.815, 1.520, 1.022]","[2.818, 3.234, 2.662, 3.088, 3.588, 2.807]","[-3.738, -5.543, -6.949, -4.648, -6.039, -7.494]"
1169,1,0.7326,8.3260,0.352,202,592,19,1,0.096,50,11.63,48266,868.22,0,0,32.000(40.000%)(1.286m),50.000(44.118%)(3.214m),50.712(44.746%)(3.291m),20.837(18.386%)(0.090m),11.495(14.369%)(0.000m),27.000(67.500%)(1.821m),10.168(25.421%)(0.018m),610.740,2850.907,67.8,1.1872,"[0.768, 1.529, 1.628, 0.667, 1.810, 1.628]","[3.188, 3.573, 3.122, 3.183, 3.835, 3.080]","[-5.283, -5.170, -5.068, -5.488, -4.869, -4.958]"
1170,1,17.6594,8.6069,0.275,698,2180,124,134,0.096,100,11.71,48336,3131.27,1,1,23.000(28.750%)(0.321m),38.000(33.530%)(1.929m),57.000(50.294%)(3.964m),40.000(35.294%)(2.143m),19.620(24.525%)(0.000m),17.000(42.500%)(0.750m),13.822(34.554%)(0.409m),243.521,2340.833,72.3,1.1839,"[0.910, 1.498, 1.373, 0.932, 1.837, 1.444]","[3.181, 3.560, 3.059, 3.413, 3.758, 3.212]","[-4.105, -3.080, -3.900, -4.589, -3.145, -4.365]"
1171,1,2.8819,8.3752,0.309,634,1911,68,169,0.096,95,11.70,48400,2745.04,0,0,26.000(32.500%)(0.643m),46.000(40.588%)(2.786m),24.000(21.177%)(0.429m),20.000(17.647%)(0.000m),20.638(25.798%)(0.068m),18.000(45.000%)(0.857m),14.521(36.302%)(0.484m),0.000,2362.933,69.8,1.1757,"[0.822, 1.229, 1.023, 0.809, 1.499, 1.040]","[3.356, 3.273, 2.820, 3.412, 3.566, 2.931]","[-5.956, -4.608, -5.919, -5.992, -4.271, -5.702]"
1172,1,-0.3673,8.2925,0.384,299,882,8,25,0.096,65,11.69,48430,1308.37,0,0,30.000(37.500%)(1.071m),51.000(45.000%)(3.321m),51.000(45.000%)(3.321m),29.000(25.588%)(0.964m),22.000(27.500%)(0.214m),25.000(62.500%)(1.607m),18.427(46.066%)(0.903m),43.653,2523.691,68.3,1.2403,"[0.931, 1.400, 1.384, 0.881, 1.648, 1.453]","[2.801, 3.440, 2.892, 2.870, 3.730, 3.025]","[-4.744, -4.023, -1.742, -4.470, -3.722, -2.132]"
1173,1,5.6343,8.4364,0.260,600,1852,33,81,0.096,95,11.68,48490,2698.41,0,0,15.065(18.832%)(0.000m),22.747(20.071%)(0.294m),23.000(20.294%)(0.321m),20.000(17.647%)(0.000m),21.000(26.250%)(0.107m),17.032(42.579%)(0.753m),17.855(44.637%)(0.842m),0.000,2480.557,71.4,1.3204,"[1.037, 1.346, 1.144, 1.152, 1.682, 1.258]","[3.087, 3.697, 3.286, 3.336, 3.852, 3.456]","[-6.378, -6.301, -5.542, -5.687, -5.023, -5.898]"
1174,1,0.2718,8.4747,0.281,349,1013,39,63,0.096,70,11.67,48525,1531.66,0,0,13.000(16.250%)(0.000m),25.000(22.059%)(0.536m),51.000(45.000%)(3.321m),43.144(38.068%)(2.480m),20.376(25.470%)(0.040m),10.000(25.000%)(0.000m),14.333(35.833%)(0.464m),346.946,2849.202,67.2,1.3197,"[0.942, 1.044, 0.939, 0.965, 1.300, 1.023]","[3.070, 3.521, 3.072, 3.043, 3.874, 3.203]","[-5.583, -4.818, -5.274, -5.251, -5.094, -5.333]"
1175,1,20.1686,8.8114,0.273,719,2222,0,112,0.095,100,11.74,48597,3170.44,1,1,23.806(29.758%)(0.408m),44.000(38.824%)(2.571m),67.000(59.118%)(5.036m),43.000(37.941%)(2.464m),25.000(31.250%)(0.536m),16.832(42.079%)(0.732m),17.887(44.718%)(0.845m),341.427,2597.957,71.5,1.2875,"[1.578, 1.918, 1.687, 1.655, 2.179, 1.726]","[3.672, 3.651, 3.181, 3.927, 3.916, 3.394]","[-4.155, -1.359, -3.277, -4.854, -1.720, -3.535]"
1176,1,2.0402,8.4423,0.314,296,878,30,35,0.095,65,11.73,48627,1223.94,0,0,28.000(35.000%)(0.857m),50.000(44.118%)(3.214m),31.000(27.353%)(1.179m),24.000(21.177%)(0.429m),21.000(26.250%)(0.107m),24.000(60.000%)(1.500m),16.521(41.303%)(0.699m),0.000,2215.348,68.6,1.1168,"[0.201, 1.030, 1.251, 0.203, 1.262, 1.268]","[3.046, 3.574, 2.908, 3.176, 3.840, 2.971]","[-5.250, -5.801, -4.402, -5.030, -4.846, -4.340]"
1177,1,-0.4255,8.0398,0.249,297,887,59,31,0.095,65,11.72,48657,1254.92,0,0,25.000(31.250%)(0.536m),19.000(16.765%)(0.000m),28.000(24.706%)(0.857m),31.570(27.856%)(1.240m),14.640(18.300%)(0.000m),23.000(57.500%)(1.393m),10.258(25.646%)(0.028m),243.521,2728.840,69.1,1.1880,"[0.240, 1.117, 1.154, 0.216, 1.352, 1.185]","[2.865, 3.518, 2.975, 2.974, 3.776, 3.148]","[-7.168, -5.826, -5.953, -7.231, -6.537, -6.620]"
1178,1,15.7218,8.3841,0.316,738,2261,41,171,0.095,100,11.80,48731,3229.36,1,1,22.000(27.500%)(0.214m),36.000(31.765%)(1.714m),69.000(60.883%)(5.250m),41.000(36.177%)(2.250m),19.513(24.391%)(0.000m),14.000(35.000%)(0.429m),13.721(34.301%)(0.399m),243.613,2919.574,70.9,1.1456,"[1.062, 1.435, 1.209, 1.138, 1.667, 1.254]","[3.128, 3.604, 3.104, 3.521, 3.809, 3.357]","[-4.874, -3.845, -4.602, -4.733, -4.897, -5.176]"
1179,1,19.3074,8.6876,0.268,694,2174,30,96,0.095,100,11.87,48801,3115.97,2,1,16.000(20.000%)(0.000m),41.000(36.177%)(2.250m),65.000(57.353%)(4.821m),37.000(32.647%)(1.821m),23.128(28.910%)(0.335m),11.000(27.500%)(0.107m),16.313(40.781%)(0.676m),167.043,2520.548,72.5,1.3463,"[1.175, 1.464, 1.187, 1.299, 1.748, 1.238]","[3.606, 3.762, 3.183, 3.829, 3.974, 3.370]","[-5.645, -4.928, -6.369, -5.309, -4.844, -7.373]"
1180,1,13.0963,8.9597,0.312,708,2202,128,148,0.094,100,11.95,48872,3085.81,3,1,21.000(26.250%)(0.107m),42.000(37.059%)(2.357m),61.000(53.824%)(4.393m),46.000(40.588%)(2.786m),22.407(28.008%)(0.258m),15.000(37.500%)(0.536m),15.795(39.488%)(0.621m),347.361,2501.607,72.0,1.2314,"[1.290, 1.562, 1.288, 1.403, 1.849, 1.379]","[3.422, 3.550, 3.515, 3.558, 3.839, 3.585]","[-3.464, -4.493, -4.986, -3.750, -4.875, -5.367]"
1181,1,15.2118,8.9877,0.285,699,2182,55,179,0.094,100,12.02,48942,3056.86,4,1,23.000(28.750%)(0.321m),38.000(33.530%)(1.929m),57.000(50.294%)(3.964m),32.000(28.235%)(1.286m),19.812(24.765%)(0.000m),16.000(40.000%)(0.643m),13.935(34.839%)(0.422m),86.711,2140.948,72.2,1.1697,"[1.017, 1.541, 1.239, 1.056, 1.826, 1.242]","[3.087, 3.583, 3.271, 3.247, 3.773, 3.390]","[-5.258, -4.231, -2.747, -5.049, -4.183, -3.766]"
1182,1,16.5040,9.2077,0.298,710,2203,97,126,0.094,100,12.10,49013,3098.68,5,1,17.000(21.250%)(0.000m),44.000(38.824%)(2.571m),57.000(50.294%)(3.964m),37.000(32.647%)(1.821m),22.530(28.163%)(0.271m),10.000(25.000%)(0.000m),15.880(39.700%)(0.630m),192.037,2282.003,71.8,1.1924,"[1.077, 1.518, 1.237, 1.081, 1.821, 1.303]","[3.304, 3.889, 3.322, 3.491, 4.067, 3.435]","[-3.418, -4.745, -6.354, -4.258, -5.002, -6.582]"
1183,1,2.7721,9.2571,0.334,434,1333,42,77,0.094,80,12.09,49057,2061.38,0,0,25.000(31.250%)(0.536m),21.000(18.529%)(0.107m),20.000(17.647%)(0.000m),20.000(17.647%)(0.000m),23.000(28.750%)(0.321m),21.000(52.500%)(1.179m),18.640(46.599%)(0.926m),0.000,2088.346,71.1,1.2509,"[0.705, 1.040, 0.917, 0.755, 1.287, 0.989]","[3.133, 3.527, 3.316, 3.283, 3.888, 3.468]","[-7.143, -7.167, -5.087, -5.821, -6.850, -5.531]"
1184,1,9.7533,9.4273,0.274,712,2212,88,179,0.094,100,12.16,49129,3055.83,1,1,17.000(21.250%)(0.000m),38.000(33.530%)(1.929m),42.000(37.059%)(2.357m),34.000(30.000%)(1.500m),22.465(28.081%)(0.264m),12.000(30.000%)(0.214m),15.860(39.650%)(0.628m),132.602,2386.722,71.9,1.1457,"[0.879, 1.114, 0.854, 0.948, 1.399, 0.908]","[3.342, 3.889, 3.475, 3.444, 4.080, 3.520]","[-4.245, -4.456, -5.041, -4.650, -4.299, -5.863]"
1185,1,23.0072,9.7577,0.240,681,2144,0,78,0.093,100,12.24,49198,2975.15,2,1,27.000(33.750%)(0.750m),50.000(44.118%)(3.214m),69.000(60.883%)(5.250m),44.000(38.824%)(2.571m),23.000(28.750%)(0.321m),20.000(50.000%)(1.071m),16.703(41.757%)(0.718m),275.548,2411.567,72.8,1.2085,"[1.236, 1.696, 1.498, 1.316, 2.037, 1.604]","[3.574, 3.544, 3.065, 3.766, 3.733, 3.305]","[-4.189, 0.031, -3.446, -4.846, 0.478, -4.450]"
1186,1,5.1222,9.6668,0.263,432,1329,0,51,0.093,80,12.23,49242,1925.66,0,0,22.000(27.500%)(0.214m),29.000(25.588%)(0.964m),69.000(60.883%)(5.250m),42.000(37.059%)(2.357m),23.000(28.750%)(0.321m),24.000(60.000%)(1.500m),16.703(41.757%)(0.718m),53.741,2255.860,71.2,1.3053,"[1.140, 1.425, 1.157, 1.176, 1.736, 1.240]","[3.292, 3.348, 3.053, 3.420, 3.676, 3.132]","[-2.740, -4.342, -6.115, -3.399, -4.900, -5.522]"
1187,1,22.8886,10.0730,0.305,695,2174,31,114,0.093,100,12.30,49312,3168.04,1,1,23.000(28.750%)(0.321m),48.000(42.353%)(3.000m),65.000(57.353%)(4.821m),40.000(35.294%)(2.143m),20.662(25.828%)(0.071m),16.000(40.000%)(0.643m),14.556(36.391%)(0.488m),194.701,2372.738,72.4,1.2974,"[1.395, 1.663, 1.420, 1.538, 2.039, 1.559]","[3.430, 3.703, 3.599, 3.963, 3.975, 3.580]","[-4.028, -1.553, -3.523, -4.188, -1.482, -3.941]"
1188,1,1.8971,9.9975,0.282,450,1395,19,107,0.093,85,12.29,49357,2009.27,0,0,25.000(31.250%)(0.536m),38.000(33.530%)(1.929m),32.259(28.464%)(1.313m),16.699(14.734%)(0.000m),10.193(12.741%)(0.000m),18.000(45.000%)(0.857m),10.193(25.481%)(0.021m),243.521,2343.338,71.7,1.2387,"[1.222, 1.493, 1.288, 1.331, 1.753, 1.314]","[3.261, 3.794, 3.168, 3.438, 3.979, 3.310]","[-5.700, -5.186, -5.884, -6.061, -5.560, -6.060]"
1189,1,20.6619,10.2462,0.280,680,2143,67,126,0.093,100,12.36,49425,3016.39,1,1,22.000(27.500%)(0.214m),38.000(33.530%)(1.929m),66.000(58.235%)(4.929m),42.599(37.587%)(2.421m),20.148(25.185%)(0.016m),16.000(40.000%)(0.643m),14.176(35.441%)(0.447m),206.556,2312.863,72.9,1.2019,"[1.288, 1.788, 1.529, 1.476, 2.105, 1.640]","[3.359, 3.674, 3.295, 3.681, 4.003, 3.562]","[-4.056, -2.651, -4.537, -4.617, -2.617, -5.139]"
1190,1,-0.3701,10.2602,0.254,323,982,22,41,0.093,70,12.35,49458,1333.28,0,0,14.000(17.500%)(0.000m),37.000(32.647%)(1.821m),54.000(47.647%)(3.643m),36.000(31.765%)(1.714m),26.000(32.500%)(0.643m),10.000(25.000%)(0.000m),19.305(48.261%)(0.997m),143.199,2386.326,70.3,1.0834,"[0.700, 1.168, 1.003, 0.748, 1.409, 1.034]","[3.205, 3.763, 3.412, 3.285, 3.976, 3.482]","[-4.616, -5.562, -5.693, -5.250, -5.726, -6.119]"
1191,1,3.4274,10.0233,0.343,435,1336,67,99,0.092,80,12.34,49502,1884.02,0,0,21.000(26.250%)(0.107m),29.000(25.588%)(0.964m),40.000(35.294%)(2.143m),37.000(32.647%)(1.821m),21.946(27.432%)(0.208m),18.000(45.000%)(0.857m),15.458(38.645%)(0.585m),21.312,2036.700,71.1,1.3671,"[1.184, 1.494, 1.203, 1.295, 1.720, 1.207]","[3.435, 3.558, 3.175, 4.011, 3.828, 3.314]","[-3.171, -3.537, -4.341, -3.533, -4.914, -4.963]"
1192,1,15.4609,9.9274,0.343,687,2160,158,164,0.092,100,12.42,49571,3093.39,1,1,18.000(22.500%)(0.000m),44.000(38.824%)(2.571m),65.000(57.353%)(4.821m),41.000(36.177%)(2.250m),20.797(25.996%)(0.085m),13.000(32.500%)(0.321m),14.635(36.587%)(0.497m),236.541,2330.537,72.8,1.3203,"[1.137, 1.602, 1.317, 1.373, 1.945, 1.340]","[3.186, 3.733, 3.506, 3.427, 3.966, 3.651]","[-6.260, -4.002, -4.879, -6.168, -4.030, -5.652]"
1193,1,17.1397,9.9384,0.293,691,2168,24,163,0.092,100,12.49,49641,3107.04,2,1,23.858(29.822%)(0.413m),37.000(32.647%)(1.821m),60.000(52.941%)(4.286m),39.000(34.412%)(2.036m),17.000(21.250%)(0.000m),16.851(42.127%)(0.734m),12.000(30.000%)(0.214m),165.059,2213.675,72.6,1.3184,"[1.313, 1.647, 1.178, 1.511, 1.978, 1.214]","[2.971, 3.634, 3.333, 3.047, 3.947, 3.399]","[-6.638, -5.393, -4.919, -5.925, -5.462, -5.431]"
1194,1,0.8937,9.9600,0.250,294,910,50,47,0.092,65,12.48,49671,1294.52,0,0,23.153(28.941%)(0.338m),39.000(34.412%)(2.036m),80.000(70.588%)(6.429m),23.000(20.294%)(0.321m),13.000(16.250%)(0.000m),16.330(40.826%)(0.678m),11.000(27.500%)(0.107m),242.593,2575.581,71.6,1.3575,"[0.873, 1.100, 0.633, 1.029, 1.482, 0.513]","[3.006, 3.447, 3.144, 3.030, 3.788, 3.259]","[-6.650, -6.204, -4.450, -6.597, -6.351, -4.816]"
1195,1,18.0017,10.0002,0.283,680,2143,134,45,0.092,100,12.55,49739,3031.46,1,1,29.000(36.250%)(0.964m),48.000(42.353%)(3.000m),65.000(57.353%)(4.821m),45.067(39.765%)(2.686m),21.398(26.747%)(0.150m),21.000(52.500%)(1.179m),15.072(37.680%)(0.543m),352.658,2343.080,72.9,1.3830,"[1.551, 1.956, 1.795, 1.699, 2.402, 1.877]","[3.539, 3.543, 3.372, 3.833, 3.918, 3.521]","[-5.437, -1.690, -2.158, -5.782, -1.756, -3.657]"
1196,1,-2.3717,9.7967,0.332,131,368,12,13,0.091,40,12.54,49753,585.30,0,0,22.000(27.500%)(0.214m),31.000(27.353%)(1.179m),46.000(40.588%)(2.786m),77.315(68.219%)(6.141m),42.320(52.900%)(2.391m),40.000(100.000%)(3.214m),36.974(92.435%)(2.890m),30.746,2480.859,65.1,1.2088,"[1.589, 1.424, 0.800, 1.666, 1.602, 0.861]","[3.210, 3.617, 2.997, 3.393, 4.076, 3.255]","[-4.789, -3.659, -4.351, -4.848, -4.045, -3.976]"
1197,1,-1.7799,9.3955,0.507,143,420,14,8,0.091,40,12.53,49768,634.03,0,0,30.000(37.500%)(1.071m),44.000(38.824%)(2.571m),59.496(52.497%)(4.232m),22.275(19.654%)(0.244m),11.859(14.824%)(0.000m),33.000(82.500%)(2.464m),10.107(25.267%)(0.011m),317.244,2735.350,68.0,1.1149,"[0.366, 1.124, 1.339, 0.387, 1.305, 1.451]","[3.061, 3.604, 3.034, 3.157, 3.917, 3.244]","[-5.374, -5.155, -4.685, -5.671, -5.372, -4.849]"
1198,1,6.8982,9.1283,0.320,451,1403,13,66,0.091,85,12.52,49814,1984.18,0,0,27.000(33.750%)(0.750m),42.000(37.059%)(2.357m),64.000(56.471%)(4.714m),26.886(23.723%)(0.738m),12.804(16.005%)(0.000m),22.000(55.000%)(1.286m),9.863(24.657%)(0.000m),79.141,2297.416,72.0,1.2495,"[0.936, 1.460, 1.482, 1.027, 1.740, 1.638]","[3.542, 3.571, 3.031, 3.728, 3.781, 3.249]","[-5.883, -5.360, -2.026, -5.798, -5.660, -2.643]"
1199,1,12.4510,8.9926,0.304,690,2165,105,171,0.091,100,12.59,49883,2962.22,1,1,20.000(25.000%)(0.000m),33.000(29.118%)(1.393m),44.000(38.824%)(2.571m),31.000(27.353%)(1.179m),17.752(22.190%)(0.000m),14.000(35.000%)(0.429m),12.459(31.147%)(0.263m),72.700,2262.832,72.6,1.1702,"[0.787, 1.282, 1.194, 0.899, 1.595, 1.138]","[3.180, 3.752, 3.519, 3.327, 3.900, 3.674]","[-5.944, -4.260, -4.148, -5.944, -4.104, -4.937]"
1200,1,-0.1902,9.0049,0.228,188,532,13,18,0.091,45,12.58,49902,841.92,0,0,12.279(15.348%)(0.000m),24.646(21.747%)(0.498m),62.000(54.706%)(4.500m),46.000(40.588%)(2.786m),29.000(36.250%)(0.964m),9.827(24.567%)(0.000m),24.000(60.000%)(1.500m),642.066,3026.730,65.5,1.1971,"[1.705, 1.590, 1.263, 1.725, 1.814, 1.161]","[3.207, 3.877, 3.392, 3.246, 4.035, 3.453]","[-4.544, -6.156, -5.131, -5.510, -6.405, -5.395]"
1201,1,23.4477,9.1773,0.277,681,2145,51,74,0.091,100,12.66,49971,3084.96,1,1,28.000(35.000%)(0.857m),52.000(45.882%)(3.429m),71.000(62.647%)(5.464m),36.000(31.765%)(1.714m),20.899(26.123%)(0.096m),21.000(52.500%)(1.179m),14.714(36.786%)(0.505m),130.751,2298.843,72.9,1.1964,"[1.360, 1.899, 1.716, 1.471, 2.272, 1.792]","[3.561, 3.683, 3.297, 4.178, 4.009, 3.437]","[-4.764, -3.045, -0.834, -4.517, -2.928, -1.240]"
1202,1,23.8795,9.6601,0.367,679,2140,58,59,0.090,100,12.73,50000,3013.85,2,1,25.000(31.250%)(0.536m),38.000(33.530%)(1.929m),57.000(50.294%)(3.964m),44.000(38.824%)(2.571m),22.201(27.751%)(0.236m),21.000(52.500%)(1.179m),15.642(39.105%)(0.604m),243.521,2250.783,72.9,1.2379,"[1.612, 2.205, 2.055, 1.782, 2.527, 2.083]","[3.428, 3.772, 3.965, 3.951, 4.239, 3.973]","[-3.439, 0.291, -0.024, -3.697, 0.483, -0.857]"
1203,1,15.8290,10.0119,0.282,720,2221,83,182,0.090,100,12.80,50000,3102.93,3,1,23.000(28.750%)(0.321m),30.000(26.471%)(1.071m),35.000(30.882%)(1.607m),43.000(37.941%)(2.464m),22.574(28.217%)(0.276m),17.000(42.500%)(0.750m),15.934(39.835%)(0.636m),186.174,2388.582,71.4,1.0874,"[1.605, 1.839, 1.623, 1.692, 2.218, 1.648]","[3.614, 3.796, 3.670, 3.756, 4.094, 3.514]","[-2.775, -0.674, -1.932, -3.540, -1.377, -2.245]"
1204,1,24.9155,10.1594,0.266,731,2243,4,85,0.090,100,12.87,50000,3250.12,4,1,26.000(32.500%)(0.643m),44.000(38.824%)(2.571m),57.000(50.294%)(3.964m),32.000(28.235%)(1.286m),23.000(28.750%)(0.321m),19.000(47.500%)(0.964m),17.083(42.708%)(0.759m),67.277,2712.768,71.0,1.2854,"[1.601, 2.027, 1.898, 1.644, 2.315, 1.882]","[3.843, 3.922, 3.802, 4.027, 4.126, 3.642]","[-4.879, -5.044, -1.398, -4.946, -4.516, -2.658]"
1205,1,3.0029,10.1233,0.341,283,851,19,31,0.090,65,12.86,50000,1222.31,0,0,28.000(35.000%)(0.857m),45.000(39.706%)(2.679m),35.000(30.882%)(1.607m),23.000(20.294%)(0.321m),22.000(27.500%)(0.214m),23.000(57.500%)(1.393m),17.124(42.809%)(0.763m),0.000,2224.991,69.6,1.2866,"[1.095, 1.514, 1.554, 1.115, 1.781, 1.579]","[3.289, 3.817, 3.241, 3.289, 3.977, 3.355]","[-5.700, -6.030, -5.691, -5.467, -5.565, -5.766]"
1206,1,2.3147,10.1576,0.306,599,1849,57,200,0.090,95,12.85,50000,2624.62,0,0,19.000(23.750%)(0.000m),28.000(24.706%)(0.857m),49.000(43.235%)(3.107m),39.000(34.412%)(2.036m),24.004(30.006%)(0.429m),13.000(32.500%)(0.321m),16.963(42.408%)(0.746m),48.609,2066.004,71.4,1.1772,"[1.172, 1.242, 0.715, 1.223, 1.398, 0.628]","[3.423, 3.934, 3.326, 3.809, 4.257, 3.539]","[-3.816, -4.425, -5.112, -4.074, -4.800, -5.796]"
1207,1,1.0115,10.0490,0.372,469,1422,36,68,0.089,80,12.84,50000,2008.85,0,0,25.000(31.250%)(0.536m),41.000(36.177%)(2.250m),47.549(41.955%)(2.952m),20.127(17.760%)(0.014m),11.230(14.037%)(0.000m),22.000(55.000%)(1.286m),10.057(25.142%)(0.006m),285.187,2635.720,70.1,1.1161,"[1.118, 1.421, 1.293, 1.186, 1.740, 1.333]","[3.180, 3.824, 4.339, 3.267, 4.495, 4.640]","[-5.330, -5.182, -4.508, -5.686, -5.833, -5.106]"
1208,1,-0.9027,9.6264,0.285,131,368,34,14,0.089,40,12.83,50000,584.59,0,0,22.000(27.500%)(0.214m),20.000(17.647%)(0.000m),26.000(22.941%)(0.643m),81.061(71.525%)(6.542m),49.031(61.288%)(3.110m),40.000(100.000%)(3.214m),40.000(100.000%)(3.214m),0.000,2063.749,65.0,1.1461,"[1.160, 0.663, 0.290, 0.901, 0.619, 0.316]","[3.340, 3.578, 2.899, 3.430, 3.988, 3.062]","[-3.885, -4.433, -5.670, -4.606, -5.605, -5.417]"
1209,1,4.9591,9.4087,0.263,617,1935,16,125,0.089,95,12.82,50000,2701.26,0,0,14.000(17.500%)(0.000m),38.000(33.530%)(1.929m),64.000(56.471%)(4.714m),35.000(30.882%)(1.607m),25.351(31.689%)(0.573m),10.000(25.000%)(0.000m),17.925(44.813%)(0.849m),143.790,2314.446,72.6,1.2732,"[1.137, 1.496, 1.280, 1.309, 1.854, 1.392]","[3.058, 3.828, 3.604, 3.554, 4.100, 3.781]","[-4.324, -5.820, -5.781, -4.896, -5.978, -6.761]"
1210,1,19.9533,9.7570,0.326,694,2174,26,140,0.089,100,12.89,50000,3167.56,1,1,18.000(22.500%)(0.000m),38.000(33.530%)(1.929m),57.000(50.294%)(3.964m),49.000(43.235%)(3.107m),24.076(30.095%)(0.437m),11.000(27.500%)(0.107m),16.999(42.497%)(0.750m),349.319,2475.377,72.5,1.2693,"[1.140, 1.546, 1.241, 1.251, 1.886, 1.334]","[3.241, 3.631, 3.242, 3.507, 3.896, 3.270]","[-3.700, -5.278, -6.735, -4.106, -5.753, -7.222]"
1211,1,11.5317,9.6062,0.357,556,1759,0,82,0.089,95,12.88,50000,2450.40,0,0,26.000(32.500%)(0.643m),48.000(42.353%)(3.000m),71.000(62.647%)(5.464m),31.000(27.353%)(1.179m),22.000(27.500%)(0.214m),19.000(47.500%)(0.964m),16.671(41.678%)(0.715m),1.131,2261.549,73.2,1.1654,"[1.192, 1.728, 1.598, 1.368, 2.113, 1.696]","[3.265, 3.813, 3.578, 3.580, 4.044, 3.599]","[-5.201, -4.966, -2.979, -5.380, -4.703, -3.640]"
1212,1,7.0236,9.4049,0.277,624,1935,14,129,0.089,95,12.87,50000,2713.38,0,0,11.000(13.750%)(0.000m),18.000(15.882%)(0.000m),49.000(43.235%)(3.107m),36.000(31.765%)(1.714m),23.481(29.352%)(0.373m),11.000(27.500%)(0.107m),16.568(41.421%)(0.704m),166.057,2337.862,71.8,1.2526,"[1.021, 1.483, 1.306, 1.155, 1.839, 1.414]","[3.309, 3.580, 3.081, 3.515, 3.833, 3.168]","[-6.691, -5.875, -5.887, -7.313, -5.834, -6.353]"
1213,1,20.3647,9.7307,0.285,674,2131,12,156,0.088,100,12.94,50000,2938.31,1,1,22.000(27.500%)(0.214m),39.000(34.412%)(2.036m),64.000(56.471%)(4.714m),40.000(35.294%)(2.143m),23.000(28.750%)(0.321m),16.000(40.000%)(0.643m),17.294(43.234%)(0.781m),202.299,2112.031,73.2,1.1535,"[1.318, 1.620, 1.302, 1.459, 1.938, 1.399]","[3.485, 3.540, 3.174, 3.804, 3.838, 3.400]","[-2.817, -2.663, -4.424, -3.578, -2.778, -5.162]"
1214,1,26.5792,9.8747,0.317,677,2135,2,52,0.088,100,13.01,50000,2941.01,2,1,27.000(33.750%)(0.750m),42.000(37.059%)(2.357m),57.000(50.294%)(3.964m),36.000(31.765%)(1.714m),22.000(27.500%)(0.214m),21.000(52.500%)(1.179m),16.845(42.113%)(0.733m),109.053,2519.388,73.0,1.2001,"[1.315, 1.697, 1.437, 1.528, 2.105, 1.590]","[3.318, 3.380, 2.805, 3.669, 3.621, 2.941]","[-4.439, -2.857, -3.177, -4.445, -2.491, -3.750]"
1215,1,23.5469,10.2365,0.285,663,2106,47,46,0.088,100,13.09,50000,2936.99,3,1,26.000(32.500%)(0.643m),44.000(38.824%)(2.571m),68.000(60.000%)(5.143m),47.000(41.471%)(2.893m),23.001(28.751%)(0.322m),22.000(55.000%)(1.286m),16.221(40.552%)(0.666m),295.908,2466.122,73.5,1.2882,"[1.338, 1.938, 1.732, 1.615, 2.352, 1.913]","[3.495, 3.379, 3.051, 3.756, 3.710, 3.145]","[-3.662, 0.428, 0.083, -4.041, 0.505, 0.048]"
1216,1,17.0373,10.1771,0.284,683,2148,68,183,0.088,100,13.16,50000,3102.54,4,1,23.000(28.750%)(0.321m),36.000(31.765%)(1.714m),62.000(54.706%)(4.500m),40.000(35.294%)(2.143m),19.453(24.317%)(0.000m),19.000(47.500%)(0.964m),13.678(34.196%)(0.394m),165.393,2201.409,72.8,1.2767,"[1.317, 1.648, 1.377, 1.500, 2.070, 1.538]","[3.360, 3.823, 3.483, 3.757, 3.913, 3.833]","[-4.643, -1.998, -2.990, -4.707, -1.505, -3.882]"
1217,1,19.0994,10.5949,0.359,676,2140,52,160,0.088,100,13.23,50000,3007.37,5,1,15.000(18.750%)(0.000m),40.000(35.294%)(2.143m),69.000(60.883%)(5.250m),37.000(32.647%)(1.821m),23.501(29.376%)(0.375m),11.000(27.500%)(0.107m),16.582(41.456%)(0.705m),159.313,2345.541,73.3,1.3439,"[1.142, 1.486, 1.115, 1.351, 1.869, 1.292]","[3.299, 3.957, 3.600, 3.487, 4.128, 3.939]","[-4.845, -4.147, -5.747, -4.570, -4.053, -6.719]"
1218,1,5.3876,10.6616,0.325,436,1342,17,20,0.087,80,13.22,50000,1888.73,0,0,27.000(33.750%)(0.750m),44.000(38.824%)(2.571m),34.233(30.205%)(1.525m),17.720(15.635%)(0.000m),10.816(13.520%)(0.000m),22.000(55.000%)(1.286m),10.816(27.040%)(0.087m),322.789,2483.242,71.2,1.3349,"[0.983, 1.427, 1.412, 1.113, 1.706, 1.521]","[3.541, 3.651, 3.904, 3.763, 3.964, 3.962]","[-5.170, -5.068, -5.020, -5.023, -5.684, -5.176]"
1219,1,9.5196,10.8374,0.316,575,1798,39,81,0.087,95,13.21,50000,2515.30,0,0,26.000(32.500%)(0.643m),44.000(38.824%)(2.571m),56.000(49.412%)(3.857m),20.000(17.647%)(0.000m),17.107(21.383%)(0.000m),19.000(47.500%)(0.964m),12.019(30.048%)(0.216m),0.000,2252.063,72.4,1.2170,"[1.002, 1.352, 1.257, 1.098, 1.668, 1.418]","[3.218, 3.553, 3.603, 3.386, 3.787, 3.737]","[-5.488, -5.926, -10.614, -6.676, -5.776, -9.875]"
1220,1,24.6607,10.9774,0.280,666,2114,27,87,0.087,100,13.28,50000,2979.81,1,1,26.000(32.500%)(0.643m),44.000(38.824%)(2.571m),63.000(55.588%)(4.607m),39.000(34.412%)(2.036m),22.975(28.719%)(0.319m),20.000(50.000%)(1.071m),16.202(40.505%)(0.664m),202.288,2314.648,73.5,1.2115,"[1.489, 1.906, 1.678, 1.700, 2.327, 1.834]","[3.771, 3.641, 3.488, 4.059, 4.037, 3.578]","[-2.728, -0.659, -2.893, -3.364, -0.439, -3.336]"
1221,1,19.9930,11.3196,0.261,676,2135,61,106,0.087,100,13.35,50000,3004.54,2,1,25.000(31.250%)(0.536m),42.000(37.059%)(2.357m),53.000(46.765%)(3.536m),43.000(37.941%)(2.464m),22.261(27.826%)(0.242m),20.000(50.000%)(1.071m),15.685(39.213%)(0.609m),257.607,2215.612,73.1,1.2005,"[1.723, 2.095, 1.848, 1.926, 2.462, 2.018]","[4.088, 3.805, 3.665, 4.403, 4.158, 3.701]","[-3.351, 0.543, -0.584, -3.826, 0.784, -0.789]"
1222,1,24.8423,11.8238,0.273,671,2126,0,108,0.087,100,13.42,50000,2903.95,3,1,26.000(32.500%)(0.643m),46.000(40.588%)(2.786m),63.000(55.588%)(4.607m),38.000(33.530%)(1.929m),24.000(30.000%)(0.429m),19.000(47.500%)(0.964m),17.523(43.807%)(0.806m),153.040,2223.579,73.3,1.2388,"[1.498, 1.910, 1.663, 1.731, 2.318, 1.816]","[3.257, 3.656, 3.139, 3.943, 3.817, 3.188]","[-3.673, -0.431, -1.175, -4.350, -0.106, -1.388]"
1223,1,0.6432,11.7240,0.358,274,835,34,29,0.087,65,13.41,50000,1150.11,0,0,28.000(35.000%)(0.857m),46.000(40.588%)(2.786m),38.000(33.530%)(1.929m),25.000(22.059%)(0.536m),20.998(26.248%)(0.107m),25.000(62.500%)(1.607m),14.780(36.951%)(0.512m),0.000,2180.041,70.5,1.0834,"[0.332, 1.145, 1.258, 0.386, 1.412, 1.430]","[2.984, 3.567, 3.075, 3.020, 3.792, 3.213]","[-5.780, -5.871, -7.511, -5.805, -5.821, -6.431]"
1224,1,0.4333,11.7272,0.353,304,927,6,59,0.086,65,13.40,50000,1327.49,0,0,11.000(13.750%)(0.000m),17.000(15.000%)(0.000m),57.000(50.294%)(3.964m),39.000(34.412%)(2.036m),26.612(33.265%)(0.708m),11.000(27.500%)(0.107m),18.833(47.083%)(0.946m),181.449,2385.630,70.6,1.1706,"[1.083, 1.372, 1.106, 1.142, 1.662, 1.273]","[3.048, 3.612, 3.302, 3.151, 3.861, 3.491]","[-6.836, -5.619, -5.875, -6.917, -5.997, -5.561]"
1225,1,8.2041,11.4879,0.311,557,1761,61,114,0.086,95,13.39,50000,2387.37,0,0,23.000(28.750%)(0.321m),38.000(33.530%)(1.929m),20.000(17.647%)(0.000m),20.000(17.647%)(0.000m),19.452(24.315%)(0.000m),19.000(47.500%)(0.964m),13.678(34.195%)(0.394m),0.000,2111.188,73.1,1.2440,"[0.652, 1.445, 1.340, 0.803, 1.742, 1.411]","[3.155, 3.609, 3.225, 3.471, 3.826, 3.289]","[-5.531, -4.822, -6.421, -5.245, -5.041, -6.131]"
1226,1,21.9406,11.8859,0.274,673,2131,0,152,0.086,100,13.46,50000,3046.99,1,1,26.000(32.500%)(0.643m),46.000(40.588%)(2.786m),68.000(60.000%)(5.143m),43.000(37.941%)(2.464m),24.801(31.001%)(0.514m),17.000(42.500%)(0.750m),17.523(43.807%)(0.806m),280.416,2333.315,73.3,1.3941,"[1.516, 1.958, 1.678, 1.702, 2.372, 1.807]","[3.660, 3.720, 3.199, 4.399, 4.009, 3.261]","[-3.580, 0.144, -1.388, -3.546, 0.428, -2.108]"
1227,1,6.5248,12.0249,0.297,458,1443,13,93,0.086,85,13.45,50000,1964.17,0,0,23.000(28.750%)(0.321m),36.000(31.765%)(1.714m),60.000(52.941%)(4.286m),24.760(21.847%)(0.510m),12.335(15.419%)(0.000m),20.000(50.000%)(1.071m),9.872(24.681%)(0.000m),166.513,2239.284,72.9,1.1786,"[1.165, 1.746, 1.592, 1.348, 2.083, 1.663]","[3.959, 4.175, 4.348, 4.185, 4.316, 4.419]","[-5.993, -5.214, -3.452, -5.886, -5.333, -3.776]"
1228,1,22.3630,12.1578,0.289,672,2126,0,95,0.086,100,13.52,50000,2971.97,1,1,28.000(35.000%)(0.857m),46.000(40.588%)(2.786m),68.000(60.000%)(5.143m),45.000(39.706%)(2.679m),23.000(28.750%)(0.321m),22.000(55.000%)(1.286m),17.309(43.272%)(0.783m),290.363,2207.008,73.2,1.1656,"[1.725, 2.117, 1.837, 1.968, 2.493, 2.049]","[3.698, 3.713, 3.677, 3.902, 3.930, 4.088]","[-0.941, 0.232, -1.725, -1.098, 0.745, -2.284]"
1229,1,0.7600,11.7868,0.264,249,750,21,30,0.086,60,13.51,50000,1091.35,0,0,25.000(31.250%)(0.536m),41.000(36.177%)(2.250m),53.479(47.187%)(3.587m),21.284(18.780%)(0.138m),11.608(14.510%)(0.000m),21.000(52.500%)(1.179m),10.141(25.353%)(0.015m),283.667,2447.765,69.7,1.1245,"[1.182, 1.548, 1.515, 1.276, 1.806, 1.632]","[3.081, 3.566, 3.063, 3.137, 3.883, 3.304]","[-5.822, -5.906, -5.698, -5.641, -5.850, -6.076]"
1230,1,6.7351,11.6596,0.292,604,1899,91,97,0.085,95,13.50,50000,2689.21,0,0,14.000(17.500%)(0.000m),31.000(27.353%)(1.179m),57.000(50.294%)(3.964m),38.000(33.530%)(1.929m),22.135(27.669%)(0.229m),10.000(25.000%)(0.000m),15.594(38.986%)(0.599m),175.066,2115.716,72.8,1.2132,"[1.121, 1.444, 1.203, 1.238, 1.774, 1.330]","[3.765, 3.733, 3.354, 4.523, 3.899, 3.458]","[-4.618, -5.087, -5.967, -4.702, -5.208, -5.957]"
1231,1,16.3395,11.6821,0.301,700,2183,71,180,0.085,100,13.57,50000,3058.00,1,1,24.000(30.000%)(0.429m),34.000(30.000%)(1.500m),48.000(42.353%)(3.000m),44.160(38.965%)(2.589m),21.010(26.263%)(0.108m),18.000(45.000%)(0.857m),14.815(37.037%)(0.516m),143.267,2265.552,72.2,1.2479,"[1.534, 1.888, 1.557, 1.611, 2.209, 1.723]","[3.379, 3.775, 3.638, 3.469, 3.991, 3.881]","[-3.885, -3.689, -4.834, -4.639, -4.038, -3.990]"
1232,1,7.6736,11.5055,0.299,602,1894,26,147,0.085,95,13.56,50000,2572.72,0,0,12.000(15.000%)(0.000m),27.000(23.824%)(0.750m),66.000(58.235%)(4.929m),39.000(34.412%)(2.036m),23.842(29.803%)(0.412m),10.000(25.000%)(0.000m),16.829(42.073%)(0.732m),177.988,2098.770,72.8,1.1539,"[1.230, 1.574, 1.246, 1.293, 1.916, 1.266]","[3.369, 3.724, 3.161, 3.340, 3.990, 3.335]","[-4.248, -5.653, -6.648, -4.628, -6.211, -6.879]"
1233,1,20.9237,11.8686,0.297,729,2242,95,145,0.085,100,13.63,50000,3178.82,1,1,26.000(32.500%)(0.643m),32.000(28.235%)(1.286m),40.000(35.294%)(2.143m),40.000(35.294%)(2.143m),22.879(28.598%)(0.308m),18.000(45.000%)(0.857m),16.143(40.357%)(0.658m),232.400,2478.723,71.2,1.2187,"[1.238, 1.814, 1.537, 1.334, 2.092, 1.644]","[3.914, 3.951, 3.493, 4.073, 4.153, 3.735]","[-5.287, -1.780, -3.544, -5.748, -2.692, -4.158]"
1234,1,3.7793,11.7491,0.315,314,970,8,54,0.085,70,13.61,50000,1410.37,0,0,16.000(20.000%)(0.000m),46.000(40.588%)(2.786m),68.000(60.000%)(5.143m),37.000(32.647%)(1.821m),24.000(30.000%)(0.429m),11.000(27.500%)(0.107m),17.552(43.880%)(0.809m),153.022,2374.264,71.5,1.3523,"[1.065, 1.519, 1.329, 1.135, 1.954, 1.488]","[3.332, 3.435, 3.113, 4.088, 3.865, 3.369]","[-4.382, -6.074, -6.783, -4.755, -5.861, -6.925]"
1235,1,17.1928,11.6328,0.331,678,2141,61,136,0.085,100,13.68,50000,2989.96,1,1,25.000(31.250%)(0.536m),40.000(35.294%)(2.143m),55.000(48.530%)(3.750m),41.969(37.031%)(2.354m),19.781(24.726%)(0.000m),14.000(35.000%)(0.429m),13.907(34.767%)(0.419m),231.707,2230.395,73.1,1.3302,"[1.439, 2.017, 1.704, 1.675, 2.413, 1.821]","[3.249, 3.896, 3.903, 3.909, 4.190, 4.083]","[-3.353, -0.916, -3.047, -3.722, -0.751, -4.104]"
1236,1,5.2504,11.6354,0.330,603,1862,91,115,0.084,95,13.67,50000,2592.15,0,0,24.000(30.000%)(0.429m),23.000(20.294%)(0.321m),22.000(19.412%)(0.214m),39.045(34.451%)(2.040m),18.301(22.876%)(0.000m),18.000(45.000%)(0.857m),12.846(32.114%)(0.305m),216.583,2336.450,71.5,1.2642,"[1.182, 1.620, 1.467, 1.279, 1.911, 1.582]","[3.299, 3.852, 3.920, 3.547, 4.267, 3.953]","[-7.090, -5.594, -4.907, -7.386, -6.838, -5.562]"
1237,1,22.3564,11.6247,0.319,668,2119,88,99,0.084,100,13.74,50000,2817.67,1,1,26.000(32.500%)(0.643m),44.000(38.824%)(2.571m),68.000(60.000%)(5.143m),40.789(35.990%)(2.227m),19.379(24.223%)(0.000m),20.000(50.000%)(1.071m),13.625(34.062%)(0.388m),295.908,2292.475,73.4,1.0765,"[1.437, 1.911, 1.791, 1.580, 2.338, 1.992]","[3.671, 3.729, 3.108, 3.898, 3.978, 3.299]","[-5.290, -2.621, -1.814, -4.949, -2.070, -2.916]"
1238,1,-0.8946,11.5689,0.323,161,479,14,11,0.084,45,13.73,50000,677.57,0,0,30.000(37.500%)(1.071m),51.000(45.000%)(3.321m),75.791(66.874%)(5.978m),26.678(23.540%)(0.716m),12.705(15.882%)(0.000m),25.000(62.500%)(1.607m),9.786(24.466%)(0.000m),515.256,2906.291,68.8,1.1180,"[0.880, 1.416, 1.568, 0.995, 1.861, 1.759]","[3.141, 3.262, 2.514, 3.254, 3.663, 2.764]","[-5.728, -5.035, -2.866, -5.337, -4.915, -3.020]"
1239,1,20.2272,11.5602,0.289,675,2135,1,114,0.084,100,13.80,50000,2982.32,1,1,24.000(30.000%)(0.429m),40.000(35.294%)(2.143m),59.000(52.059%)(4.179m),49.000(43.235%)(3.107m),25.047(31.308%)(0.541m),19.000(47.500%)(0.964m),17.701(44.252%)(0.825m),242.278,2219.729,73.2,1.1952,"[1.684, 1.960, 1.608, 1.862, 2.366, 1.812]","[3.565, 3.871, 3.539, 3.817, 4.120, 4.010]","[-1.366, -0.463, -3.138, -1.423, -0.111, -4.193]"
1240,1,20.7661,11.9829,0.346,669,2121,0,138,0.084,100,13.87,50000,3054.13,2,1,26.000(32.500%)(0.643m),44.000(38.824%)(2.571m),68.000(60.000%)(5.143m),42.000(37.059%)(2.357m),23.310(29.138%)(0.355m),19.000(47.500%)(0.964m),16.444(41.111%)(0.690m),246.297,2195.516,73.4,1.5299,"[1.613, 2.103, 1.817, 1.829, 2.521, 1.984]","[3.589, 3.489, 3.511, 3.826, 3.864, 3.819]","[-3.821, 0.462, -2.693, -4.402, 0.819, -3.720]"
1241,1,1.5047,11.9445,0.350,325,972,7,44,0.084,70,13.86,50000,1380.03,0,0,23.848(29.810%)(0.412m),37.000(32.647%)(1.821m),78.000(68.824%)(6.214m),23.000(20.294%)(0.321m),12.000(15.000%)(0.000m),16.836(42.089%)(0.732m),10.000(25.000%)(0.000m),184.888,2824.933,69.2,1.2007,"[1.094, 1.261, 1.086, 1.199, 1.559, 1.120]","[3.183, 3.766, 3.489, 3.232, 4.038, 3.716]","[-6.164, -5.373, -5.086, -5.881, -5.150, -5.220]"
1242,1,18.3227,12.0017,0.296,688,2162,80,175,0.083,100,13.93,50000,3079.01,1,1,22.000(27.500%)(0.214m),38.000(33.530%)(1.929m),57.000(50.294%)(3.964m),43.667(38.530%)(2.536m),20.641(25.801%)(0.069m),19.000(47.500%)(0.964m),14.523(36.307%)(0.485m),205.542,2358.236,72.7,1.2049,"[1.708, 2.078, 1.696, 1.967, 2.420, 1.867]","[3.485, 4.065, 3.521, 3.991, 4.213, 4.038]","[-3.728, -1.111, -2.971, -3.714, -0.865, -3.547]"
1243,1,22.5292,12.1095,0.335,681,2142,4,61,0.083,100,14.00,50000,2990.54,2,1,25.000(31.250%)(0.536m),38.000(33.530%)(1.929m),57.000(50.294%)(3.964m),52.000(45.882%)(3.429m),26.347(32.934%)(0.680m),21.000(52.500%)(1.179m),18.641(46.604%)(0.926m),241.241,2312.776,72.8,1.2106,"[1.816, 2.161, 1.881, 2.015, 2.533, 1.968]","[3.470, 3.826, 3.570, 3.877, 4.042, 3.878]","[-2.834, -0.252, -2.293, -3.500, -0.458, -3.294]"
1244,1,0.3036,12.0977,0.374,355,1066,9,87,0.083,70,13.99,50000,1551.26,0,0,27.000(33.750%)(0.750m),52.000(45.882%)(3.429m),63.000(55.588%)(4.607m),43.000(37.941%)(2.464m),23.000(28.750%)(0.321m),13.000(32.500%)(0.321m),18.182(45.456%)(0.877m),263.238,2686.759,69.5,1.1873,"[1.574, 1.681, 1.421, 1.706, 2.089, 1.575]","[3.542, 3.756, 3.283, 4.160, 4.045, 3.373]","[-3.413, -5.381, -6.500, -3.592, -5.094, -6.436]"
1245,1,19.5045,12.1277,0.318,714,2210,56,129,0.083,100,14.06,50000,3201.04,1,1,26.000(32.500%)(0.643m),38.000(33.530%)(1.929m),57.000(50.294%)(3.964m),34.000(30.000%)(1.500m),20.731(25.913%)(0.078m),19.000(47.500%)(0.964m),14.630(36.575%)(0.496m),127.172,2426.732,71.6,1.2921,"[1.293, 1.749, 1.583, 1.428, 2.161, 1.678]","[3.478, 3.537, 3.621, 3.732, 3.860, 3.801]","[-5.139, -3.101, -1.984, -5.145, -2.711, -3.122]"
1246,1,19.4162,12.5635,0.312,676,2133,4,163,0.083,100,14.13,50000,3031.55,2,1,21.000(26.250%)(0.107m),33.000(29.118%)(1.393m),57.000(50.294%)(3.964m),38.000(33.530%)(1.929m),25.000(31.250%)(0.536m),18.000(45.000%)(0.857m),18.133(45.333%)(0.871m),132.653,2074.311,73.0,1.2852,"[1.645, 1.906, 1.632, 1.791, 2.304, 1.743]","[3.513, 3.783, 3.505, 4.036, 4.072, 3.810]","[-4.083, -2.464, -4.157, -4.341, -3.120, -3.653]"
1247,1,21.8609,13.0363,0.301,729,2240,76,66,0.083,100,14.19,50000,3259.34,3,1,23.000(28.750%)(0.321m),32.000(28.235%)(1.286m),43.000(37.941%)(2.464m),47.542(41.949%)(2.951m),22.640(28.300%)(0.283m),22.000(55.000%)(1.286m),15.970(39.925%)(0.640m),104.842,2441.607,71.1,1.2278,"[1.410, 1.833, 1.567, 1.486, 2.147, 1.606]","[3.502, 3.928, 3.641, 3.739, 4.093, 3.732]","[-3.444, -2.888, -3.732, -4.180, -3.177, -4.047]"
1248,1,26.4639,13.4276,0.329,675,2131,0,83,0.082,100,14.26,50000,3038.91,4,1,27.000(33.750%)(0.750m),45.000(39.706%)(2.679m),75.000(66.177%)(5.893m),44.000(38.824%)(2.571m),24.172(30.215%)(0.447m),22.000(55.000%)(1.286m),17.068(42.669%)(0.757m),298.232,2293.957,73.1,1.2034,"[1.797, 2.150, 1.952, 2.002, 2.541, 2.123]","[3.859, 4.005, 3.686, 4.468, 4.324, 4.077]","[-2.093, 0.244, -1.181, -2.285, 0.587, -2.341]"
1249,1,25.0295,13.6792,0.318,694,2171,21,47,0.082,100,14.33,50000,3093.11,5,1,26.000(32.500%)(0.643m),42.000(37.059%)(2.357m),69.000(60.883%)(5.250m),43.928(38.760%)(2.564m),20.821(26.026%)(0.088m),23.000(57.500%)(1.393m),14.658(36.645%)(0.499m),277.958,2365.370,72.4,1.1965,"[1.687, 2.095, 1.658, 1.834, 2.419, 1.798]","[3.762, 3.795, 3.556, 4.056, 4.066, 3.996]","[-3.769, 0.204, -3.298, -3.828, 0.603, -3.802]"
1250,1,2.4387,13.7318,0.324,319,946,28,45,0.082,65,14.32,50000,1365.28,0,0,10.000(12.500%)(0.000m),15.000(13.235%)(0.000m),25.000(22.059%)(0.536m),47.700(42.089%)(2.968m),23.341(29.176%)(0.358m),26.000(65.000%)(1.714m),16.495(41.236%)(0.696m),225.038,2525.869,68.6,1.1997,"[0.816, 1.240, 0.911, 0.756, 1.448, 1.031]","[3.256, 3.783, 3.118, 3.283, 3.975, 3.229]","[-8.417, -6.520, -6.063, -7.632, -5.527, -6.123]"
1251,1,15.6058,13.5749,0.328,728,2240,158,92,0.082,100,14.39,50000,3270.31,1,1,22.340(27.925%)(0.251m),43.000(37.941%)(2.464m),58.000(51.177%)(4.071m),41.050(36.221%)(2.255m),19.634(24.543%)(0.000m),15.747(39.367%)(0.616m),13.820(34.550%)(0.409m),284.250,2573.020,71.2,1.2396,"[1.298, 1.763, 1.514, 1.381, 2.093, 1.699]","[3.320, 3.704, 3.471, 3.603, 3.933, 3.712]","[-4.301, -0.770, -2.959, -4.599, -1.333, -3.444]"
1252,1,22.0238,13.5378,0.315,673,2129,0,75,0.082,100,14.46,50000,2980.19,2,1,25.000(31.250%)(0.536m),41.000(36.177%)(2.250m),65.000(57.353%)(4.821m),50.777(44.803%)(3.298m),24.220(30.275%)(0.452m),19.000(47.500%)(0.964m),17.103(42.757%)(0.761m),277.817,2289.773,73.2,1.1947,"[1.799, 2.225, 1.771, 2.058, 2.574, 1.981]","[3.394, 3.917, 3.945, 3.808, 4.268, 4.361]","[-2.205, 0.356, -2.518, -2.701, 0.732, -3.399]"
1253,1,4.8564,13.3184,0.310,451,1415,50,28,0.082,85,14.45,50000,2095.66,0,0,26.000(32.500%)(0.643m),46.000(40.588%)(2.786m),75.172(66.328%)(5.911m),26.419(23.311%)(0.688m),12.582(15.728%)(0.000m),22.000(55.000%)(1.286m),9.691(24.229%)(0.000m),472.081,2541.619,72.6,1.2717,"[1.177, 1.998, 2.042, 1.420, 2.475, 2.199]","[3.698, 3.754, 3.610, 4.224, 4.196, 4.049]","[-5.453, -4.851, -1.126, -5.425, -4.405, -1.219]"
1254,1,-1.2450,12.7952,0.494,153,411,37,25,0.081,40,14.43,50000,680.47,0,0,23.000(28.750%)(0.321m),28.000(24.706%)(0.857m),34.000(30.000%)(1.500m),76.020(67.077%)(6.002m),41.939(52.424%)(2.351m),40.000(100.000%)(3.214m),37.098(92.744%)(2.903m),44.022,2033.913,62.2,1.1971,"[1.572, 1.493, 0.882, 1.436, 1.440, 0.941]","[3.219, 3.879, 3.558, 3.290, 4.259, 3.732]","[-2.095, -1.255, -3.681, -2.533, -2.316, -3.596]"
1255,1,21.4052,13.1632,0.307,674,2128,30,99,0.081,100,14.50,50000,3027.69,1,1,25.000(31.250%)(0.536m),45.000(39.706%)(2.679m),70.000(61.765%)(5.357m),44.510(39.274%)(2.626m),21.068(26.335%)(0.114m),18.000(45.000%)(0.857m),14.829(37.072%)(0.517m),371.912,2379.914,73.1,1.2477,"[1.806, 2.295, 1.984, 2.008, 2.708, 2.173]","[3.772, 3.898, 3.571, 4.222, 4.235, 3.976]","[-2.950, 0.310, -1.294, -3.005, 0.627, -2.105]"
1256,1,19.1572,13.5001,0.322,678,2141,130,170,0.081,100,14.57,50000,2941.70,2,1,23.000(28.750%)(0.321m),37.000(32.647%)(1.821m),60.000(52.941%)(4.286m),33.000(29.118%)(1.393m),23.000(28.750%)(0.321m),17.000(42.500%)(0.750m),16.227(40.568%)(0.667m),63.213,2186.658,73.1,1.2343,"[1.542, 2.015, 1.729, 1.702, 2.412, 1.898]","[3.489, 3.928, 3.462, 3.828, 4.176, 3.650]","[-5.232, -4.411, -3.243, -5.189, -4.106, -3.992]"
1257,1,23.6698,13.9532,0.315,669,2119,0,82,0.081,100,14.64,50000,3105.82,3,1,23.000(28.750%)(0.321m),36.000(31.765%)(1.714m),65.000(57.353%)(4.821m),40.000(35.294%)(2.143m),23.560(29.449%)(0.381m),19.000(47.500%)(0.964m),16.625(41.562%)(0.710m),163.031,2216.309,73.3,1.2974,"[1.692, 2.184, 1.879, 1.828, 2.516, 2.096]","[3.567, 3.902, 3.514, 3.992, 4.142, 3.767]","[-2.960, -0.635, -1.393, -3.638, -0.699, -1.135]"
1258,1,17.8071,14.3274,0.331,686,2158,161,133,0.081,100,14.71,50000,3086.09,4,1,22.000(27.500%)(0.214m),42.000(37.059%)(2.357m),55.000(48.530%)(3.750m),36.000(31.765%)(1.714m),20.601(25.751%)(0.064m),16.000(40.000%)(0.643m),14.501(36.252%)(0.482m),158.150,2211.129,72.8,1.3513,"[1.235, 1.894, 1.713, 1.343, 2.269, 1.882]","[3.278, 3.656, 3.537, 3.558, 3.888, 3.679]","[-4.640, -2.000, -1.846, -5.383, -1.591, -1.922]"
1259,1,18.8973,14.6062,0.335,674,2134,105,114,0.081,100,14.77,50000,2961.02,5,1,16.000(20.000%)(0.000m),42.000(37.059%)(2.357m),60.000(52.941%)(4.286m),37.000(32.647%)(1.821m),22.946(28.683%)(0.316m),11.000(27.500%)(0.107m),16.192(40.481%)(0.663m),164.064,2322.114,73.3,1.2685,"[1.677, 1.874, 1.560, 1.844, 2.259, 1.721]","[4.132, 3.940, 3.804, 4.394, 4.350, 4.070]","[-3.733, -4.325, -6.589, -4.092, -4.238, -7.873]"
1260,1,-1.5709,14.1757,0.375,153,452,14,21,0.080,45,14.76,50000,665.82,0,0,27.000(33.750%)(0.750m),50.000(44.118%)(3.214m),30.020(26.489%)(1.074m),16.318(14.398%)(0.000m),10.225(12.781%)(0.000m),23.000(57.500%)(1.393m),10.607(26.517%)(0.065m),426.501,2849.949,68.3,1.2528,"[1.212, 1.666, 1.618, 1.282, 1.970, 1.695]","[3.455, 3.925, 3.424, 3.534, 4.187, 3.324]","[-5.912, -6.002, -8.004, -5.734, -6.049, -7.186]"
1261,1,-1.8486,13.9081,0.387,153,428,19,13,0.080,40,14.75,50000,755.27,0,0,27.000(33.750%)(0.750m),38.000(33.530%)(1.929m),23.366(20.617%)(0.361m),14.397(12.703%)(0.000m),9.744(12.181%)(0.000m),40.000(100.000%)(3.214m),11.434(28.585%)(0.154m),249.322,2905.269,64.8,1.4642,"[0.758, 1.239, 1.356, 0.731, 1.442, 1.369]","[3.318, 3.882, 3.426, 3.360, 4.171, 3.394]","[-6.280, -5.546, -6.267, -6.387, -5.485, -5.836]"
1262,1,10.8932,13.9855,0.332,573,1793,31,45,0.080,95,14.74,50000,2584.25,0,0,27.000(33.750%)(0.750m),44.000(38.824%)(2.571m),19.000(16.765%)(0.000m),19.000(16.765%)(0.000m),24.000(30.000%)(0.429m),22.000(55.000%)(1.286m),17.124(42.809%)(0.763m),0.000,2139.482,72.4,1.3741,"[1.305, 1.874, 1.701, 1.382, 2.210, 1.817]","[3.594, 3.866, 3.692, 3.840, 4.082, 3.682]","[-5.048, -5.189, -5.712, -5.881, -5.131, -5.181]"
1263,1,24.4833,14.0679,0.298,671,2125,4,86,0.080,100,14.81,50000,2962.30,1,1,25.000(31.250%)(0.536m),40.000(35.294%)(2.143m),55.000(48.530%)(3.750m),42.000(37.059%)(2.357m),23.798(29.748%)(0.407m),19.000(47.500%)(0.964m),16.797(41.993%)(0.728m),231.707,2236.115,73.3,1.2592,"[1.850, 2.271, 2.057, 2.021, 2.682, 2.165]","[3.552, 3.735, 3.622, 3.762, 4.088, 3.690]","[-2.969, -0.015, -0.845, -3.594, -0.396, -1.224]"
1264,1,1.4313,13.5649,0.282,307,938,32,40,0.080,65,14.79,50000,1356.09,0,0,13.000(16.250%)(0.000m),25.000(22.059%)(0.536m),57.000(50.294%)(3.964m),41.000(36.177%)(2.250m),20.827(26.034%)(0.089m),10.000(25.000%)(0.000m),14.675(36.688%)(0.501m),208.647,2413.190,70.7,1.2857,"[0.991, 1.419, 1.388, 1.025, 1.753, 1.454]","[3.431, 3.983, 3.598, 3.433, 4.283, 3.583]","[-4.454, -5.424, -4.802, -5.161, -5.277, -4.667]"
1265,1,3.9186,13.1723,0.236,290,897,0,47,0.080,65,14.78,50000,1332.46,0,0,11.000(13.750%)(0.000m),17.000(15.000%)(0.000m),60.000(52.941%)(4.286m),37.000(32.647%)(1.821m),23.483(29.353%)(0.373m),11.000(27.500%)(0.107m),16.569(41.423%)(0.704m),163.808,2259.728,71.6,1.3902,"[0.913, 1.497, 1.279, 1.036, 1.849, 1.458]","[3.146, 3.784, 3.461, 3.304, 4.048, 3.493]","[-6.172, -4.800, -5.353, -7.148, -4.843, -5.270]"
1266,1,-1.3639,12.8043,0.466,139,407,13,9,0.079,40,14.77,50000,636.27,0,0,29.000(36.250%)(0.964m),48.000(42.353%)(3.000m),25.643(22.626%)(0.605m),15.113(13.335%)(0.000m),9.935(12.418%)(0.000m),32.000(80.000%)(2.357m),11.093(27.733%)(0.117m),389.489,2809.682,67.7,1.2395,"[1.137, 1.740, 1.621, 1.267, 2.023, 1.718]","[3.231, 3.949, 3.421, 3.349, 4.108, 3.429]","[-5.114, -4.666, -7.049, -5.068, -4.569, -6.307]"
1267,1,22.3832,12.8700,0.280,707,2196,5,121,0.079,100,14.84,50000,3265.89,1,1,25.000(31.250%)(0.536m),39.000(34.412%)(2.036m),54.000(47.647%)(3.643m),42.000(37.059%)(2.357m),24.886(31.107%)(0.523m),20.000(50.000%)(1.071m),17.607(44.017%)(0.815m),236.358,2320.546,71.9,1.4410,"[1.540, 2.083, 1.875, 1.706, 2.451, 1.956]","[3.233, 3.845, 3.821, 3.645, 4.087, 3.857]","[-3.036, -0.221, -2.766, -3.662, -0.995, -3.141]"
1268,1,3.2555,12.8273,0.294,486,1498,57,104,0.079,85,14.83,50000,2189.13,0,0,23.000(28.750%)(0.321m),43.000(37.941%)(2.464m),49.851(43.986%)(3.198m),20.483(18.073%)(0.052m),11.300(14.125%)(0.000m),19.000(47.500%)(0.964m),9.996(24.989%)(0.000m),295.908,2766.717,71.4,1.5097,"[0.868, 1.552, 1.627, 0.955, 1.850, 1.666]","[3.752, 3.638, 3.513, 3.913, 3.954, 3.522]","[-5.881, -5.729, -6.091, -5.619, -5.498, -6.270]"
1269,1,21.0553,13.0580,0.284,676,2134,0,120,0.079,100,14.89,50000,3044.08,1,1,24.000(30.000%)(0.429m),48.000(42.353%)(3.000m),64.000(56.471%)(4.714m),49.000(43.235%)(3.107m),24.982(31.227%)(0.534m),20.000(50.000%)(1.071m),17.654(44.135%)(0.820m),386.222,2241.932,73.1,1.2435,"[1.690, 2.081, 1.808, 1.885, 2.493, 2.021]","[3.572, 3.886, 3.372, 3.996, 4.256, 3.635]","[-3.414, 0.281, -1.392, -4.109, -0.175, -2.244]"
1270,1,21.1828,12.9885,0.288,713,2206,61,107,0.079,100,14.96,50000,3206.62,2,1,28.000(35.000%)(0.857m),41.000(36.177%)(2.250m),58.000(51.177%)(4.071m),44.000(38.824%)(2.571m),21.454(26.817%)(0.156m),21.000(52.500%)(1.179m),15.106(37.764%)(0.547m),295.628,2496.283,71.6,1.3664,"[2.006, 2.295, 2.014, 2.174, 2.676, 2.225]","[3.991, 3.989, 3.800, 4.243, 4.194, 4.047]","[-2.961, 0.969, -0.374, -3.465, 0.895, -0.673]"
1271,1,16.6308,12.9212,0.304,679,2142,73,166,0.079,100,15.03,50000,3024.49,3,1,23.000(28.750%)(0.321m),46.000(40.588%)(2.786m),66.000(58.235%)(4.929m),42.000(37.059%)(2.357m),21.942(27.428%)(0.208m),15.000(37.500%)(0.536m),15.465(38.663%)(0.586m),224.840,2257.735,73.0,1.3196,"[1.660, 1.993, 1.696, 1.793, 2.441, 1.863]","[3.329, 3.814, 3.408, 3.440, 4.096, 3.618]","[-3.330, 0.004, -2.419, -4.320, 0.444, -2.446]"
1272,1,24.0328,12.9051,0.256,665,2114,66,73,0.079,100,15.09,50000,3021.94,4,1,26.000(32.500%)(0.643m),44.000(38.824%)(2.571m),60.000(52.941%)(4.286m),43.000(37.941%)(2.464m),23.050(28.812%)(0.327m),20.000(50.000%)(1.071m),16.256(40.640%)(0.670m),247.106,2296.614,73.6,1.3459,"[1.904, 2.332, 2.041, 2.124, 2.710, 2.235]","[4.155, 4.221, 4.098, 4.540, 4.537, 4.399]","[-2.985, 0.072, -3.393, -3.165, 0.411, -3.968]"
1273,1,24.9431,13.3911,0.250,674,2129,0,47,0.078,100,15.16,50000,3019.51,5,1,26.000(32.500%)(0.643m),42.000(37.059%)(2.357m),68.000(60.000%)(5.143m),50.986(44.988%)(3.320m),24.325(30.406%)(0.463m),21.000(52.500%)(1.179m),17.179(42.946%)(0.769m),262.216,2515.562,73.1,1.1925,"[2.104, 2.455, 1.986, 2.238, 2.780, 2.101]","[3.527, 3.788, 3.681, 3.889, 4.124, 4.087]","[-1.624, 0.851, -2.634, -2.252, 1.135, -3.380]"
1274,1,22.6210,13.8348,0.234,677,2137,0,127,0.078,100,15.23,50000,3031.00,6,1,23.000(28.750%)(0.321m),46.000(40.588%)(2.786m),64.000(56.471%)(4.714m),46.000(40.588%)(2.786m),23.736(29.670%)(0.400m),19.000(47.500%)(0.964m),16.753(41.882%)(0.724m),317.961,2265.610,73.1,1.2243,"[1.771, 1.990, 1.645, 1.986, 2.399, 1.877]","[3.302, 3.740, 3.238, 3.613, 3.952, 3.627]","[-1.833, 0.099, -2.652, -2.363, 0.240, -3.477]"
1275,1,0.2971,13.6767,0.288,228,693,46,38,0.078,55,15.22,50000,977.61,0,0,23.000(28.750%)(0.321m),40.000(35.294%)(2.143m),72.000(63.530%)(5.571m),27.393(24.170%)(0.792m),12.838(16.048%)(0.000m),19.000(47.500%)(0.964m),9.762(24.405%)(0.000m),216.591,2384.005,70.3,1.2404,"[0.975, 1.675, 1.874, 1.060, 1.984, 1.939]","[3.323, 3.827, 3.527, 3.394, 4.082, 3.559]","[-5.152, -4.316, -3.321, -5.146, -4.034, -2.815]"
1276,1,2.9290,13.2964,0.279,601,1899,12,153,0.078,95,15.20,50000,2677.35,0,0,13.000(16.250%)(0.000m),44.000(38.824%)(2.571m),69.000(60.883%)(5.250m),40.000(35.294%)(2.143m),26.000(32.500%)(0.643m),10.000(25.000%)(0.000m),18.836(47.090%)(0.947m),274.754,2184.084,73.1,1.2139,"[1.618, 1.783, 1.440, 1.823, 2.174, 1.525]","[3.469, 3.831, 3.391, 3.640, 4.072, 3.510]","[-3.582, -4.356, -6.501, -3.958, -4.497, -6.559]"
1277,1,21.7979,13.6019,0.287,667,2117,10,162,0.078,100,15.27,50000,3093.55,1,1,20.000(25.000%)(0.000m),35.000(30.882%)(1.607m),55.000(48.530%)(3.750m),41.000(36.177%)(2.250m),23.773(29.716%)(0.404m),16.000(40.000%)(0.643m),16.779(41.948%)(0.726m),95.739,2068.175,73.5,1.4347,"[1.723, 2.098, 1.772, 1.909, 2.468, 1.936]","[3.551, 3.808, 3.194, 4.000, 4.109, 3.403]","[-1.841, -0.571, -2.419, -2.402, -0.523, -2.435]"
1278,1,26.2718,13.6801,0.290,670,2124,4,73,0.078,100,15.34,50000,3096.71,2,1,22.000(27.500%)(0.214m),35.000(30.882%)(1.607m),55.000(48.530%)(3.750m),41.000(36.177%)(2.250m),23.779(29.724%)(0.405m),21.000(52.500%)(1.179m),16.784(41.960%)(0.727m),95.739,2170.847,73.3,1.3192,"[1.644, 2.157, 1.944, 1.767, 2.531, 2.093]","[3.786, 3.893, 3.774, 4.059, 4.227, 4.142]","[-4.306, -1.224, -2.638, -4.940, -1.054, -3.342]"
1279,1,26.6385,14.1976,0.289,677,2135,0,112,0.077,100,15.40,50000,2964.22,3,1,21.000(26.250%)(0.107m),37.000(32.647%)(1.821m),62.000(54.706%)(4.500m),41.000(36.177%)(2.250m),23.902(29.878%)(0.418m),17.000(42.500%)(0.750m),16.873(42.182%)(0.736m),137.870,2211.577,73.0,1.2536,"[1.842, 2.415, 2.125, 1.985, 2.780, 2.389]","[4.493, 4.363, 4.035, 4.772, 4.552, 4.444]","[-3.661, -0.385, -1.240, -4.359, -0.204, -0.873]"
1280,1,2.9442,14.1218,0.272,302,934,8,43,0.077,70,15.39,50000,1386.58,0,0,12.000(15.000%)(0.000m),29.000(25.588%)(0.964m),63.000(55.588%)(4.607m),44.000(38.824%)(2.571m),23.310(29.138%)(0.355m),10.000(25.000%)(0.000m),16.443(41.108%)(0.690m),282.533,2395.828,71.6,1.5449,"[1.270, 1.755, 1.511, 1.318, 2.080, 1.644]","[3.348, 3.781, 3.107, 3.459, 4.051, 3.197]","[-4.450, -6.537, -7.458, -4.594, -7.026, -7.432]"
1281,1,-0.6860,13.7813,0.355,147,434,14,14,0.077,40,15.38,50000,631.71,0,0,26.000(32.500%)(0.643m),43.000(37.941%)(2.464m),49.763(43.909%)(3.189m),20.447(18.041%)(0.048m),11.280(14.100%)(0.000m),29.000(72.500%)(2.036m),9.978(24.945%)(0.000m),291.157,2692.429,68.3,1.2269,"[1.055, 1.373, 1.333, 1.162, 1.642, 1.413]","[3.545, 3.878, 3.308, 3.659, 4.142, 3.354]","[-5.811, -5.680, -6.380, -5.627, -5.876, -5.972]"
1282,1,21.7670,14.0632,0.346,668,2121,0,169,0.077,100,15.44,50000,3066.11,1,1,23.000(28.750%)(0.321m),44.000(38.824%)(2.571m),63.000(55.588%)(4.607m),41.000(36.177%)(2.250m),23.527(29.409%)(0.378m),19.000(47.500%)(0.964m),16.602(41.504%)(0.707m),236.317,2200.483,73.5,1.3973,"[1.466, 1.994, 1.647, 1.694, 2.406, 1.782]","[3.501, 3.937, 3.416, 3.863, 4.143, 3.454]","[-4.602, -0.099, -2.958, -5.268, -0.035, -3.587]"
1283,1,21.1842,14.0684,0.299,681,2145,97,72,0.077,100,15.51,50000,2994.83,2,1,23.000(28.750%)(0.321m),35.000(30.882%)(1.607m),55.000(48.530%)(3.750m),38.000(33.530%)(1.929m),20.562(25.702%)(0.060m),22.000(55.000%)(1.286m),14.485(36.212%)(0.481m),95.739,2146.312,72.9,1.2453,"[1.154, 1.936, 1.759, 1.269, 2.281, 1.939]","[3.811, 3.934, 3.728, 4.255, 4.223, 3.938]","[-5.699, -2.997, -3.844, -6.150, -3.326, -3.340]"
1284,1,0.1967,13.9967,0.284,169,505,13,23,0.077,45,15.50,50000,760.33,0,0,26.000(32.500%)(0.643m),54.000(47.647%)(3.643m),73.295(64.672%)(5.710m),25.661(22.642%)(0.607m),12.600(15.750%)(0.000m),22.000(55.000%)(1.286m),9.957(24.892%)(0.000m),524.822,2881.398,69.1,1.1827,"[1.252, 1.804, 1.832, 1.334, 2.159, 1.954]","[3.148, 3.782, 3.332, 3.170, 3.957, 3.435]","[-5.924, -5.558, -2.835, -5.957, -5.154, -3.093]"
1285,1,21.2564,14.0780,0.278,669,2122,128,103,0.076,100,15.56,50000,3080.84,1,1,24.000(30.000%)(0.429m),44.000(38.824%)(2.571m),63.000(55.588%)(4.607m),39.000(34.412%)(2.036m),19.277(24.096%)(0.000m),17.000(42.500%)(0.750m),13.552(33.879%)(0.381m),206.985,2240.615,73.4,1.4123,"[1.625, 2.024, 1.725, 1.744, 2.426, 1.880]","[3.342, 3.678, 3.136, 3.454, 3.965, 3.457]","[-3.702, 0.356, -2.872, -4.282, 0.517, -3.468]"
1286,1,20.7253,14.3875,0.287,683,2150,121,83,0.076,100,15.63,50000,3079.67,2,1,25.000(31.250%)(0.536m),38.000(33.530%)(1.929m),57.000(50.294%)(3.964m),37.494(33.083%)(1.874m),17.652(22.065%)(0.000m),21.000(52.500%)(1.179m),12.399(30.998%)(0.257m),243.521,2277.912,72.8,1.3661,"[1.152, 1.859, 1.763, 1.334, 2.264, 1.898]","[3.681, 3.952, 3.884, 3.899, 4.267, 4.216]","[-5.512, -3.961, -2.936, -5.686, -3.433, -3.645]"
1287,1,1.6291,13.9730,0.359,314,948,6,57,0.076,70,15.62,50000,1397.82,0,0,24.218(30.273%)(0.452m),38.000(33.530%)(1.929m),69.000(60.883%)(5.250m),23.000(20.294%)(0.321m),12.000(15.000%)(0.000m),17.101(42.753%)(0.761m),10.000(25.000%)(0.000m),233.381,2458.122,69.9,1.3548,"[1.015, 1.177, 0.862, 1.212, 1.508, 0.811]","[2.969, 3.711, 3.375, 3.174, 3.976, 3.515]","[-6.139, -5.772, -3.481, -5.557, -5.276, -3.534]"
1288,1,-0.5622,13.9796,0.329,157,462,15,16,0.076,45,15.61,50000,726.47,0,0,26.000(32.500%)(0.643m),44.000(38.824%)(2.571m),60.386(53.282%)(4.327m),22.384(19.751%)(0.255m),11.918(14.897%)(0.000m),27.000(67.500%)(1.821m),10.156(25.391%)(0.017m),295.908,2778.520,68.1,1.0979,"[0.417, 1.371, 1.798, 0.488, 1.667, 1.846]","[3.075, 3.740, 3.066, 3.217, 4.058, 3.242]","[-5.971, -5.884, -5.169, -5.544, -5.822, -5.213]"
1289,1,6.4852,13.7048,0.268,625,1930,40,88,0.076,95,15.59,50000,2815.99,0,0,10.000(12.500%)(0.000m),14.000(12.353%)(0.000m),22.000(19.412%)(0.214m),37.000(32.647%)(1.821m),17.647(22.058%)(0.000m),12.000(30.000%)(0.214m),12.406(31.015%)(0.258m),167.601,2508.991,71.5,1.3249,"[1.183, 1.557, 1.357, 1.390, 1.911, 1.439]","[3.804, 4.103, 3.398, 3.936, 4.155, 3.678]","[-8.970, -6.951, -6.518, -7.218, -6.210, -7.963]"
1290,1,1.5933,13.3213,0.385,310,919,83,21,0.076,65,15.58,50000,1358.12,0,0,25.000(31.250%)(0.536m),14.000(12.353%)(0.000m),20.000(17.647%)(0.000m),42.839(37.799%)(2.447m),20.222(25.277%)(0.024m),25.000(62.500%)(1.607m),14.222(35.556%)(0.452m),462.716,2713.024,68.6,1.2253,"[0.953, 1.521, 1.425, 0.894, 1.788, 1.418]","[3.226, 3.628, 3.149, 3.243, 3.906, 3.268]","[-8.535, -6.501, -6.089, -8.694, -6.460, -6.702]"
1291,1,20.9581,13.7104,0.333,681,2147,61,99,0.076,100,15.65,50000,3038.30,1,1,22.000(27.500%)(0.214m),42.000(37.059%)(2.357m),64.000(56.471%)(4.714m),43.662(38.525%)(2.535m),20.638(25.798%)(0.068m),16.000(40.000%)(0.643m),14.521(36.303%)(0.484m),316.819,2347.598,73.0,1.2550,"[1.489, 1.850, 1.667, 1.681, 2.230, 1.780]","[3.654, 3.733, 3.469, 3.899, 4.075, 3.615]","[-3.437, -3.377, -3.572, -3.905, -3.326, -3.920]"
1292,1,2.8427,13.4008,0.257,311,957,11,52,0.075,70,15.63,50000,1387.38,0,0,12.000(15.000%)(0.000m),42.000(37.059%)(2.357m),57.000(50.294%)(3.964m),44.000(38.824%)(2.571m),24.448(30.559%)(0.477m),11.000(27.500%)(0.107m),17.267(43.168%)(0.779m),251.243,2373.217,71.2,1.3532,"[0.906, 1.383, 1.136, 0.958, 1.671, 1.188]","[2.766, 3.508, 3.132, 3.413, 3.806, 3.253]","[-4.116, -6.658, -7.825, -4.597, -7.420, -8.016]"
1293,1,22.7501,13.4052,0.283,678,2138,67,68,0.075,100,15.70,50000,3039.06,1,1,25.000(31.250%)(0.536m),38.000(33.530%)(1.929m),57.000(50.294%)(3.964m),43.000(37.941%)(2.464m),22.342(27.928%)(0.251m),21.000(52.500%)(1.179m),15.744(39.360%)(0.615m),243.521,2202.705,73.0,1.3304,"[1.554, 2.152, 1.765, 1.746, 2.495, 1.906]","[3.623, 3.816, 3.382, 3.935, 4.239, 3.530]","[-3.857, 0.272, -2.497, -4.402, -0.010, -3.114]"
1294,1,20.4096,13.8073,0.339,681,2146,29,73,0.075,100,15.77,50000,3074.60,2,1,28.000(35.000%)(0.857m),44.000(38.824%)(2.571m),57.000(50.294%)(3.964m),48.615(42.895%)(3.066m),23.136(28.920%)(0.336m),23.000(57.500%)(1.393m),16.318(40.795%)(0.677m),315.772,2486.278,72.9,1.3075,"[1.639, 2.251, 2.011, 1.799, 2.606, 2.189]","[3.774, 4.308, 3.794, 4.123, 4.470, 4.131]","[-3.985, 0.266, -1.472, -4.611, -0.113, -2.030]"
1295,1,17.7537,13.7723,0.297,687,2156,52,99,0.075,100,15.83,50000,3065.91,3,1,28.000(35.000%)(0.857m),46.000(40.588%)(2.786m),60.000(52.941%)(4.286m),39.331(34.704%)(2.071m),18.462(23.077%)(0.000m),20.000(50.000%)(1.071m),12.969(32.423%)(0.318m),341.283,2239.087,72.6,1.1956,"[1.652, 2.352, 2.042, 1.779, 2.650, 2.265]","[4.346, 4.214, 3.649, 4.651, 4.396, 4.158]","[-4.836, 0.489, -0.957, -5.027, 0.685, -1.508]"
1296,1,23.8048,13.8601,0.313,718,2219,55,106,0.075,100,15.90,50000,3245.03,4,1,24.000(30.000%)(0.429m),40.000(35.294%)(2.143m),71.000(62.647%)(5.464m),45.000(39.706%)(2.679m),23.137(28.921%)(0.336m),17.000(42.500%)(0.750m),16.319(40.797%)(0.677m),231.837,2617.385,71.5,1.2910,"[1.767, 2.285, 1.928, 1.910, 2.635, 2.044]","[3.861, 4.193, 3.771, 4.061, 4.445, 4.097]","[-5.177, -2.721, -4.866, -5.122, -2.448, -5.013]"
1297,1,19.7887,13.8186,0.304,712,2206,144,62,0.075,100,15.96,50000,3259.46,5,1,28.000(35.000%)(0.857m),44.000(38.824%)(2.571m),57.000(50.294%)(3.964m),37.413(33.012%)(1.866m),18.011(22.513%)(0.000m),20.000(50.000%)(1.071m),12.692(31.731%)(0.288m),383.549,2622.501,71.7,1.4751,"[1.267, 2.070, 1.975, 1.392, 2.514, 2.132]","[3.803, 4.116, 3.726, 3.995, 4.414, 3.875]","[-5.921, -4.116, -1.284, -6.043, -4.282, -1.995]"
1298,1,6.4789,13.4189,0.366,573,1798,92,60,0.075,95,15.95,50000,2574.51,0,0,27.000(33.750%)(0.750m),20.000(17.647%)(0.000m),65.000(57.353%)(4.821m),43.667(38.530%)(2.536m),20.641(25.801%)(0.069m),22.000(55.000%)(1.286m),14.523(36.307%)(0.485m),0.000,2264.330,72.6,1.3363,"[0.858, 1.494, 1.223, 0.908, 1.832, 1.343]","[3.606, 3.619, 3.219, 3.924, 3.958, 3.352]","[-6.239, -5.107, -6.567, -6.945, -5.923, -6.850]"
1299,1,19.0008,13.2984,0.334,669,2124,52,174,0.074,100,16.01,50000,2932.77,1,1,19.000(23.750%)(0.000m),47.000(41.471%)(2.893m),65.000(57.353%)(4.821m),47.000(41.471%)(2.893m),23.709(29.636%)(0.397m),14.000(35.000%)(0.429m),16.733(41.832%)(0.721m),342.645,2332.266,73.5,1.2588,"[1.725, 1.908, 1.436, 1.937, 2.414, 1.627]","[3.291, 3.757, 3.345, 3.608, 4.137, 3.708]","[-2.896, -3.374, -4.640, -3.585, -2.952, -5.156]"
1300,1,23.1052,13.7117,0.325,679,2140,0,107,0.074,100,16.08,50000,3047.73,2,1,24.000(30.000%)(0.429m),39.000(34.412%)(2.036m),67.000(59.118%)(5.036m),40.000(35.294%)(2.143m),21.000(26.250%)(0.107m),20.000(50.000%)(1.071m),16.435(41.088%)(0.689m),178.595,2263.746,73.0,1.3646,"[1.532, 2.254, 1.968, 1.693, 2.696, 2.231]","[3.989, 3.900, 3.678, 4.264, 4.220, 4.236]","[-4.661, -1.373, -3.271, -5.584, -1.298, -3.931]"
1301,1,4.3778,13.4871,0.324,433,1353,16,105,0.074,80,16.06,50000,1843.66,0,0,21.000(26.250%)(0.107m),34.000(30.000%)(1.500m),51.511(45.451%)(3.376m),21.165(18.675%)(0.125m),11.676(14.596%)(0.000m),17.000(42.500%)(0.750m),10.328(25.821%)(0.035m),59.920,2289.202,72.3,1.1548,"[0.981, 1.752, 1.513, 1.163, 2.196, 1.730]","[3.478, 3.686, 3.269, 3.786, 4.166, 3.525]","[-5.373, -5.477, -5.708, -5.581, -5.042, -5.425]"
1302,1,22.8164,13.5030,0.287,694,2169,55,113,0.074,100,16.13,50000,3060.04,1,1,24.000(30.000%)(0.429m),40.000(35.294%)(2.143m),55.000(48.530%)(3.750m),39.336(34.709%)(2.072m),18.881(23.602%)(0.000m),19.000(47.500%)(0.964m),13.308(33.271%)(0.354m),218.940,2532.319,72.3,1.1982,"[1.530, 2.185, 2.103, 1.712, 2.604, 2.279]","[3.877, 3.970, 3.801, 4.032, 4.322, 4.012]","[-5.359, -4.517, -1.010, -5.328, -4.013, -1.644]"
1303,1,21.9587,13.8450,0.300,676,2134,0,102,0.074,100,16.19,50000,2955.03,2,1,26.000(32.500%)(0.643m),41.000(36.177%)(2.250m),67.000(59.118%)(5.036m),50.571(44.622%)(3.276m),24.509(30.636%)(0.483m),19.000(47.500%)(0.964m),17.311(43.279%)(0.783m),264.361,2345.133,73.1,1.1575,"[1.841, 2.336, 2.091, 2.136, 2.762, 2.282]","[3.927, 4.280, 4.116, 4.226, 4.627, 4.518]","[-4.455, 0.676, -0.656, -5.272, 1.116, -1.056]"
1304,1,24.4432,14.3588,0.306,671,2125,0,82,0.074,100,16.26,50000,3008.93,3,1,27.000(33.750%)(0.750m),44.000(38.824%)(2.571m),67.000(59.118%)(5.036m),46.000(40.588%)(2.786m),24.038(30.047%)(0.433m),19.000(47.500%)(0.964m),16.971(42.427%)(0.747m),308.215,2227.018,73.3,1.2083,"[1.882, 2.383, 2.040, 2.091, 2.774, 2.176]","[4.141, 4.442, 3.989, 4.297, 4.702, 4.138]","[-2.894, -0.138, -3.126, -3.464, 0.076, -3.682]"
1305,1,6.8231,14.0672,0.272,444,1388,13,62,0.073,85,16.25,50000,1916.39,0,0,25.000(31.250%)(0.536m),41.000(36.177%)(2.250m),42.564(37.556%)(2.418m),19.493(17.199%)(0.000m),11.230(14.038%)(0.000m),22.000(55.000%)(1.286m),10.435(26.088%)(0.047m),222.439,2284.375,72.3,1.2165,"[1.668, 2.004, 1.791, 1.862, 2.488, 1.904]","[3.894, 3.918, 3.891, 4.248, 4.384, 4.191]","[-4.831, -5.262, -6.355, -4.908, -5.237, -6.647]"
1306,1,25.5529,14.1951,0.288,674,2131,4,53,0.073,100,16.31,50000,3002.94,1,1,23.000(28.750%)(0.321m),36.000(31.765%)(1.714m),57.000(50.294%)(3.964m),49.000(43.235%)(3.107m),23.559(29.449%)(0.381m),20.000(50.000%)(1.071m),16.624(41.561%)(0.710m),139.143,2186.120,73.2,1.3068,"[1.982, 2.487, 2.212, 2.237, 2.890, 2.331]","[4.028, 4.017, 3.928, 4.392, 4.415, 4.233]","[-3.898, 0.938, -2.586, -4.607, 1.234, -3.209]"
1307,1,-1.0036,13.7016,0.262,159,456,13,20,0.073,45,16.30,50000,684.62,0,0,25.000(31.250%)(0.536m),40.000(35.294%)(2.143m),25.273(22.300%)(0.565m),14.894(13.142%)(0.000m),9.791(12.239%)(0.000m),26.000(65.000%)(1.714m),10.933(27.333%)(0.100m),233.511,2781.680,66.4,1.1312,"[1.201, 1.585, 1.456, 1.278, 1.823, 1.460]","[3.446, 3.788, 3.228, 3.494, 4.014, 3.227]","[-5.084, -6.039, -7.805, -5.104, -6.398, -7.948]"
1308,1,22.4179,13.7938,0.260,673,2130,4,76,0.073,100,16.36,50000,3050.25,1,1,24.000(30.000%)(0.429m),40.000(35.294%)(2.143m),55.000(48.530%)(3.750m),50.598(44.645%)(3.278m),24.130(30.163%)(0.443m),20.000(50.000%)(1.071m),17.038(42.594%)(0.754m),231.707,2277.043,73.2,1.2839,"[1.944, 2.438, 2.155, 2.155, 2.810, 2.363]","[4.754, 4.442, 3.909, 5.018, 4.705, 4.299]","[-1.964, -0.073, -2.857, -2.370, -0.502, -3.359]"
1309,1,22.5779,13.8674,0.361,671,2127,41,62,0.073,100,16.42,50000,3062.99,2,1,28.000(35.000%)(0.857m),49.000(43.235%)(3.107m),60.000(52.941%)(4.286m),36.000(31.765%)(1.714m),20.900(26.125%)(0.096m),21.000(52.500%)(1.179m),14.709(36.771%)(0.504m),95.748,2186.470,73.4,1.2993,"[1.506, 2.263, 2.077, 1.653, 2.700, 2.311]","[4.230, 4.297, 4.332, 4.596, 4.643, 4.628]","[-4.082, -1.703, -1.059, -4.510, -0.913, -1.074]"
1310,1,22.6890,14.3526,0.321,676,2135,8,85,0.073,100,16.49,50000,2987.06,3,1,23.000(28.750%)(0.321m),35.000(30.882%)(1.607m),55.000(48.530%)(3.750m),50.480(44.542%)(3.266m),24.071(30.089%)(0.436m),16.000(40.000%)(0.643m),16.995(42.487%)(0.749m),148.719,2415.061,73.1,1.4348,"[1.853, 2.136, 1.739, 1.982, 2.574, 1.994]","[3.611, 3.712, 3.611, 3.805, 4.095, 3.958]","[-3.528, -2.656, -3.759, -4.098, -2.581, -3.973]"
1311,1,2.5333,14.4403,0.311,432,1336,24,65,0.073,80,16.48,50000,1961.53,0,0,25.000(31.250%)(0.536m),39.000(34.412%)(2.036m),21.110(18.626%)(0.119m),13.879(12.246%)(0.000m),9.844(12.304%)(0.000m),20.000(50.000%)(1.071m),12.617(31.542%)(0.280m),243.224,2447.478,71.6,1.3767,"[1.759, 1.854, 1.348, 1.881, 2.162, 1.529]","[4.175, 3.953, 4.035, 4.180, 4.198, 4.206]","[-6.124, -5.339, -7.015, -6.547, -5.752, -6.866]"
1312,1,-1.5583,14.1912,0.537,177,483,37,14,0.072,45,16.46,50000,780.57,0,0,28.000(35.000%)(0.857m),34.000(30.000%)(1.500m),43.000(37.941%)(2.464m),24.519(21.635%)(0.484m),12.389(15.486%)(0.000m),40.000(100.000%)(3.214m),10.041(25.103%)(0.004m),240.725,3451.211,63.1,1.2633,"[0.255, 0.952, 1.697, 0.187, 1.160, 1.628]","[3.108, 3.654, 3.522, 3.089, 3.901, 3.521]","[-5.447, -5.912, -4.533, -5.392, -5.345, -4.470]"
1313,1,17.6711,14.0550,0.321,680,2145,23,169,0.072,100,16.53,50000,2945.10,1,1,18.000(22.500%)(0.000m),35.000(30.882%)(1.607m),55.000(48.530%)(3.750m),41.000(36.177%)(2.250m),25.000(31.250%)(0.536m),13.000(32.500%)(0.321m),17.749(44.372%)(0.830m),183.524,2159.981,73.0,1.1962,"[1.644, 2.029, 1.541, 1.761, 2.445, 1.691]","[3.500, 3.826, 3.506, 3.694, 4.072, 3.798]","[-3.318, -2.373, -5.048, -3.825, -2.271, -6.049]"
1314,1,20.5189,14.4368,0.323,694,2170,100,90,0.072,100,16.59,50000,3084.37,2,1,27.000(33.750%)(0.750m),42.000(37.059%)(2.357m),60.000(52.941%)(4.286m),37.910(33.450%)(1.919m),17.774(22.218%)(0.000m),22.000(55.000%)(1.286m),12.474(31.186%)(0.265m),255.127,2332.493,72.4,1.1696,"[1.693, 2.311, 2.073, 1.762, 2.674, 2.243]","[3.802, 4.021, 3.567, 3.706, 4.367, 3.762]","[-4.546, -0.415, -2.728, -4.901, -0.348, -2.906]"
1315,1,24.6241,14.8509,0.316,665,2113,0,69,0.072,100,16.65,50000,2981.13,3,1,23.000(28.750%)(0.321m),44.000(38.824%)(2.571m),68.000(60.000%)(5.143m),41.000(36.177%)(2.250m),23.478(29.347%)(0.373m),19.000(47.500%)(0.964m),16.565(41.414%)(0.703m),254.995,2207.225,73.5,1.2546,"[2.071, 2.394, 2.022, 2.302, 2.825, 2.202]","[4.243, 4.384, 4.096, 4.491, 4.648, 4.420]","[-2.600, 0.703, -3.046, -3.191, 1.124, -3.970]"
1316,1,18.4385,15.2469,0.247,668,2117,36,134,0.072,100,16.72,50000,2982.89,4,1,26.000(32.500%)(0.643m),44.000(38.824%)(2.571m),68.000(60.000%)(5.143m),48.440(42.741%)(3.047m),23.048(28.810%)(0.327m),19.000(47.500%)(0.964m),16.255(40.637%)(0.670m),295.908,2540.737,73.4,1.3542,"[1.681, 2.278, 1.971, 1.859, 2.713, 2.194]","[3.928, 3.986, 3.347, 4.207, 4.216, 3.751]","[-3.830, 0.748, -0.445, -4.612, 0.621, -1.011]"
1317,1,19.6774,15.1928,0.255,686,2156,38,89,0.072,100,16.78,50000,3024.56,5,1,23.000(28.750%)(0.321m),40.000(35.294%)(2.143m),66.000(58.235%)(4.929m),40.000(35.294%)(2.143m),21.633(27.041%)(0.175m),16.000(40.000%)(0.643m),15.276(38.189%)(0.565m),208.428,2324.009,72.7,1.2832,"[1.567, 2.244, 2.020, 1.809, 2.682, 2.227]","[3.916, 4.069, 3.933, 4.380, 4.369, 4.400]","[-5.981, -3.109, -3.976, -5.820, -2.519, -4.114]"
1318,1,21.9303,15.5663,0.268,680,2142,9,92,0.072,100,16.84,50000,2977.68,6,1,23.000(28.750%)(0.321m),35.000(30.882%)(1.607m),61.000(53.824%)(4.393m),50.202(44.296%)(3.236m),23.932(29.915%)(0.421m),16.000(40.000%)(0.643m),16.894(42.235%)(0.739m),135.195,2458.983,72.9,1.1371,"[1.991, 2.579, 2.311, 2.241, 3.003, 2.564]","[4.141, 4.128, 4.102, 4.461, 4.417, 4.691]","[-5.035, -0.650, -2.501, -5.640, -0.822, -3.504]"
1319,1,20.7541,15.5603,0.357,672,2128,50,121,0.071,100,16.91,50000,3047.70,7,1,23.000(28.750%)(0.321m),43.000(37.941%)(2.464m),62.000(54.706%)(4.500m),32.803(28.944%)(1.372m),15.138(18.922%)(0.000m),17.000(42.500%)(0.750m),10.600(26.499%)(0.064m),174.179,2191.105,73.3,1.3031,"[1.549, 2.230, 2.070, 1.827, 2.662, 2.226]","[3.562, 4.131, 4.046, 4.435, 4.405, 4.281]","[-5.305, -4.201, -3.124, -5.104, -3.538, -4.057]"
1320,1,25.6728,15.6501,0.296,665,2113,54,44,0.071,100,16.97,50000,3019.70,8,1,26.000(32.500%)(0.643m),44.000(38.824%)(2.571m),68.000(60.000%)(5.143m),48.669(42.944%)(3.072m),23.163(28.954%)(0.339m),22.000(55.000%)(1.286m),16.338(40.845%)(0.679m),295.908,2224.707,73.5,1.4727,"[1.851, 2.436, 2.147, 2.051, 2.835, 2.397]","[3.304, 3.751, 3.442, 3.828, 4.015, 3.931]","[-2.821, 1.000, -2.100, -3.374, 1.334, -2.872]"
1321,1,22.0927,15.7593,0.280,673,2131,34,132,0.071,100,17.03,50000,3074.71,9,1,25.000(31.250%)(0.536m),35.000(30.882%)(1.607m),54.000(47.647%)(3.643m),42.335(37.354%)(2.393m),20.015(25.018%)(0.002m),19.000(47.500%)(0.964m),14.080(35.200%)(0.437m),148.719,2178.272,73.3,1.2432,"[1.608, 2.095, 1.738, 1.778, 2.475, 1.979]","[3.535, 3.987, 3.773, 3.825, 4.311, 4.276]","[-3.426, -1.818, -3.610, -3.973, -1.783, -3.981]"
1322,1,4.6718,15.3721,0.357,447,1358,43,89,0.071,80,17.02,50000,1954.13,0,0,22.000(27.500%)(0.214m),20.000(17.647%)(0.000m),20.000(17.647%)(0.000m),22.000(19.412%)(0.214m),24.390(30.487%)(0.470m),18.000(45.000%)(0.857m),17.230(43.075%)(0.775m),0.000,2154.284,70.3,1.2169,"[1.327, 1.553, 1.321, 1.419, 1.805, 1.442]","[3.397, 3.847, 3.457, 3.743, 4.295, 3.924]","[-6.295, -5.650, -4.871, -5.722, -6.046, -4.917]"
1323,1,20.4585,15.2824,0.282,674,2133,73,115,0.071,100,17.08,50000,2955.55,1,1,18.000(22.500%)(0.000m),33.000(29.118%)(1.393m),48.000(42.353%)(3.000m),41.418(36.545%)(2.295m),19.642(24.552%)(0.000m),11.000(27.500%)(0.107m),13.815(34.538%)(0.409m),89.924,2139.895,73.2,1.2029,"[1.416, 2.112, 1.764, 1.564, 2.482, 1.964]","[4.061, 4.120, 3.854, 4.462, 4.538, 4.353]","[-4.721, -2.284, -4.837, -5.299, -3.391, -5.059]"
1324,1,25.3636,15.3372,0.276,671,2125,0,69,0.071,100,17.15,50000,2932.36,2,1,24.000(30.000%)(0.429m),39.000(34.412%)(2.036m),62.000(54.706%)(4.500m),41.000(36.177%)(2.250m),24.026(30.032%)(0.431m),20.000(50.000%)(1.071m),16.962(42.405%)(0.746m),209.972,2115.575,73.3,1.1467,"[1.885, 2.467, 2.142, 2.062, 2.911, 2.413]","[3.652, 4.210, 3.919, 3.975, 4.533, 4.545]","[-4.787, 0.481, -1.173, -5.640, -0.109, -1.325]"
1325,1,22.2773,15.7769,0.311,665,2113,0,95,0.071,100,17.21,50000,2997.28,3,1,23.000(28.750%)(0.321m),44.000(38.824%)(2.571m),68.000(60.000%)(5.143m),43.000(37.941%)(2.464m),23.436(29.295%)(0.368m),19.000(47.500%)(0.964m),16.535(41.339%)(0.700m),265.339,2292.232,73.5,1.2297,"[2.057, 2.484, 2.102, 2.335, 2.916, 2.461]","[4.216, 4.468, 4.189, 4.457, 4.671, 4.844]","[-3.730, 1.012, -2.169, -4.400, 1.303, -2.864]"
1326,1,25.2195,16.2227,0.298,665,2115,1,83,0.070,100,17.27,50000,2925.43,4,1,26.000(32.500%)(0.643m),40.000(35.294%)(2.143m),58.000(51.177%)(4.071m),45.000(39.706%)(2.679m),24.023(30.029%)(0.431m),22.000(55.000%)(1.286m),16.960(42.401%)(0.746m),222.922,2176.712,73.6,1.2473,"[1.923, 2.500, 2.113, 2.153, 2.887, 2.360]","[4.063, 4.531, 4.588, 4.450, 4.732, 5.011]","[-2.988, 0.400, -3.175, -3.573, -0.333, -3.910]"
1327,1,22.3636,16.2340,0.295,671,2127,20,95,0.070,100,17.33,50000,2976.89,5,1,23.000(28.750%)(0.321m),40.000(35.294%)(2.143m),55.000(48.530%)(3.750m),39.000(34.412%)(2.036m),24.171(30.214%)(0.447m),16.000(40.000%)(0.643m),17.067(42.668%)(0.757m),173.124,2215.838,73.4,1.2893,"[1.985, 2.528, 2.171, 2.237, 2.897, 2.336]","[3.800, 4.478, 4.317, 4.287, 4.650, 4.718]","[-3.499, -1.602, -3.364, -4.042, -1.534, -4.129]"
1328,1,25.8795,16.2261,0.317,668,2119,31,72,0.070,100,17.39,50000,2972.77,6,1,24.000(30.000%)(0.429m),40.000(35.294%)(2.143m),55.000(48.530%)(3.750m),38.000(33.530%)(1.929m),19.964(24.955%)(0.000m),20.000(50.000%)(1.071m),14.038(35.095%)(0.433m),163.666,2223.299,73.4,1.2786,"[1.890, 2.641, 2.389, 2.101, 3.070, 2.719]","[4.360, 4.601, 4.059, 5.056, 4.975, 4.642]","[-4.656, -0.236, -0.950, -4.827, -0.331, -1.143]"
1329,1,21.0104,16.1136,0.252,670,2124,50,93,0.070,100,17.46,50000,3053.56,7,1,24.000(30.000%)(0.429m),44.000(38.824%)(2.571m),59.000(52.059%)(4.179m),40.818(36.016%)(2.230m),19.246(24.058%)(0.000m),17.000(42.500%)(0.750m),13.530(33.824%)(0.378m),249.943,2211.504,73.4,1.2854,"[1.793, 2.381, 2.163, 2.005, 2.780, 2.426]","[4.418, 4.634, 4.121, 4.707, 4.829, 4.770]","[-3.666, -0.256, -2.579, -3.737, 0.080, -3.202]"
1330,1,18.4998,16.4247,0.314,667,2118,3,147,0.070,100,17.52,50000,2985.60,8,1,23.000(28.750%)(0.321m),44.000(38.824%)(2.571m),57.000(50.294%)(3.964m),39.000(34.412%)(2.036m),27.098(33.873%)(0.761m),18.000(45.000%)(0.857m),19.188(47.970%)(0.984m),191.151,2219.857,73.5,1.2701,"[1.938, 2.103, 1.715, 2.129, 2.550, 1.971]","[3.808, 4.019, 4.117, 4.023, 4.513, 4.516]","[-4.234, -2.287, -3.997, -4.896, -2.514, -4.371]"
1331,1,17.0381,16.7792,0.267,675,2137,48,147,0.070,100,17.58,50000,3059.62,9,1,22.000(27.500%)(0.214m),44.000(38.824%)(2.571m),68.000(60.000%)(5.143m),40.000(35.294%)(2.143m),19.160(23.950%)(0.000m),17.000(42.500%)(0.750m),13.462(33.655%)(0.371m),214.086,2381.255,73.3,1.4962,"[1.630, 1.951, 1.615, 1.894, 2.391, 1.912]","[3.886, 4.173, 4.080, 4.190, 4.464, 4.676]","[-4.356, -3.892, -4.098, -4.050, -4.366, -4.511]"
1332,1,25.7846,16.8595,0.279,676,2132,0,80,0.070,100,17.64,50000,3004.50,10,1,24.000(30.000%)(0.429m),38.000(33.530%)(1.929m),70.000(61.765%)(5.357m),41.000(36.177%)(2.250m),24.158(30.198%)(0.446m),19.000(47.500%)(0.964m),17.058(42.645%)(0.756m),197.710,2294.132,73.0,1.1853,"[2.025, 2.521, 2.202, 2.309, 2.977, 2.530]","[3.822, 4.357, 4.039, 4.096, 4.689, 4.531]","[-2.009, 0.032, -1.565, -2.256, 0.286, -1.988]"
1333,1,18.9483,16.8148,0.264,673,2132,31,168,0.069,100,17.70,50000,3055.74,11,1,19.000(23.750%)(0.000m),42.000(37.059%)(2.357m),73.000(64.412%)(5.679m),48.000(42.353%)(3.000m),23.716(29.645%)(0.398m),14.000(35.000%)(0.429m),16.738(41.845%)(0.722m),373.996,2269.105,73.3,1.3235,"[1.543, 1.825, 1.438, 1.695, 2.267, 1.656]","[3.337, 3.893, 3.365, 3.619, 4.108, 3.659]","[-3.946, -4.430, -4.771, -4.473, -4.648, -4.960]"
1334,1,23.6148,17.2832,0.293,666,2116,55,84,0.069,100,17.77,50000,2987.85,12,1,24.000(30.000%)(0.429m),44.000(38.824%)(2.571m),68.000(60.000%)(5.143m),41.000(36.177%)(2.250m),23.100(28.875%)(0.332m),17.000(42.500%)(0.750m),16.293(40.732%)(0.674m),302.068,2285.627,73.5,1.2319,"[1.540, 2.194, 1.815, 1.667, 2.585, 2.076]","[3.815, 3.826, 3.488, 4.095, 4.259, 3.830]","[-5.023, -2.573, -4.567, -5.737, -2.570, -4.809]"
1335,1,21.3908,17.2858,0.347,664,2111,1,162,0.069,100,17.83,50000,2946.80,13,1,26.000(32.500%)(0.643m),44.000(38.824%)(2.571m),68.000(60.000%)(5.143m),34.000(30.000%)(1.500m),22.000(27.500%)(0.214m),20.000(50.000%)(1.071m),16.399(40.997%)(0.686m),102.552,2130.832,73.6,1.1450,"[1.676, 2.239, 1.969, 1.881, 2.718, 2.204]","[3.935, 4.051, 3.844, 4.693, 4.293, 4.120]","[-4.578, -3.844, -1.998, -4.647, -3.192, -2.146]"
1336,1,18.9301,17.2499,0.305,666,2116,102,133,0.069,100,17.89,50000,3012.86,14,1,20.000(25.000%)(0.000m),38.000(33.530%)(1.929m),55.000(48.530%)(3.750m),42.000(37.059%)(2.357m),22.501(28.126%)(0.268m),14.000(35.000%)(0.429m),15.859(39.647%)(0.628m),175.301,2175.607,73.5,1.3434,"[1.853, 2.347, 1.884, 2.064, 2.778, 2.189]","[3.760, 4.223, 3.658, 4.102, 4.534, 4.048]","[-3.453, -1.447, -3.768, -4.099, -1.432, -4.271]"
1337,1,20.5573,17.6285,0.323,666,2116,70,117,0.069,100,17.95,50000,2942.91,15,1,24.000(30.000%)(0.429m),38.000(33.530%)(1.929m),55.000(48.530%)(3.750m),43.000(37.941%)(2.464m),23.060(28.825%)(0.328m),20.000(50.000%)(1.071m),16.264(40.659%)(0.671m),175.301,2136.453,73.5,1.1877,"[1.757, 2.263, 1.895, 1.950, 2.686, 2.155]","[4.154, 4.116, 3.333, 4.415, 4.386, 3.826]","[-3.117, -0.176, -1.377, -3.635, 0.008, -1.625]"
1338,1,-0.3665,17.6324,0.287,122,350,33,9,0.069,35,17.94,50000,528.68,0,0,70.486(88.107%)(5.409m),21.000(18.529%)(0.107m),19.000(16.765%)(0.000m),20.000(17.647%)(0.000m),67.172(83.965%)(5.054m),40.000(100.000%)(3.214m),40.000(100.000%)(3.214m),0.000,2176.298,66.3,1.4481,"[0.896, 0.955, 0.768, 0.875, 0.820, 0.685]","[3.169, 3.874, 3.619, 3.157, 4.113, 3.740]","[-6.773, -6.447, -5.325, -6.208, -6.674, -5.249]"
1339,1,19.5522,17.8938,0.252,703,2189,130,92,0.069,100,18.00,50000,3224.14,1,1,25.000(31.250%)(0.536m),40.000(35.294%)(2.143m),52.000(45.882%)(3.429m),48.266(42.588%)(3.029m),22.961(28.701%)(0.317m),22.000(55.000%)(1.286m),16.192(40.479%)(0.663m),252.982,2409.756,72.1,1.2869,"[1.744, 2.403, 2.072, 1.875, 2.741, 2.245]","[3.478, 3.962, 4.133, 3.932, 4.238, 4.418]","[-3.905, 0.661, -2.449, -4.565, 0.342, -3.042]"
1340,1,20.2770,18.2674,0.264,683,2151,57,168,0.069,100,18.06,50000,3112.10,2,1,24.000(30.000%)(0.429m),42.000(37.059%)(2.357m),67.000(59.118%)(5.036m),40.457(35.698%)(2.192m),19.064(23.830%)(0.000m),17.000(42.500%)(0.750m),13.399(33.497%)(0.364m),256.640,2302.234,72.9,1.3011,"[1.774, 2.122, 1.729, 1.942, 2.506, 1.979]","[3.699, 4.058, 3.968, 3.873, 4.380, 4.383]","[-4.479, -2.591, -4.175, -4.383, -2.659, -4.573]"
1341,1,23.4796,18.3179,0.232,687,2158,42,57,0.068,100,18.12,50000,2971.40,3,1,26.000(32.500%)(0.643m),44.000(38.824%)(2.571m),64.000(56.471%)(4.714m),35.124(30.991%)(1.620m),16.583(20.728%)(0.000m),22.000(55.000%)(1.286m),11.654(29.136%)(0.177m),295.908,2414.507,72.7,1.1768,"[1.470, 2.126, 2.079, 1.749, 2.559, 2.282]","[3.373, 3.853, 3.538, 3.762, 4.113, 3.799]","[-6.121, -3.711, -2.405, -6.240, -3.006, -2.921]"
1342,1,16.4766,18.5905,0.307,672,2130,100,147,0.068,100,18.18,50000,2939.41,4,1,20.000(25.000%)(0.000m),36.000(31.765%)(1.714m),68.000(60.000%)(5.143m),43.000(37.941%)(2.464m),22.707(28.383%)(0.290m),14.000(35.000%)(0.429m),16.008(40.020%)(0.644m),163.031,2197.430,73.4,1.3340,"[1.536, 2.025, 1.718, 1.837, 2.541, 1.991]","[3.504, 3.863, 3.363, 3.849, 4.002, 3.619]","[-3.769, -0.837, -3.250, -4.185, -0.524, -4.194]"
1343,1,23.0012,18.5956,0.283,685,2154,76,45,0.068,100,18.24,50000,3066.42,5,1,28.000(35.000%)(0.857m),41.000(36.177%)(2.250m),55.000(48.530%)(3.750m),44.148(38.954%)(2.587m),20.884(26.105%)(0.095m),22.000(55.000%)(1.286m),14.697(36.742%)(0.503m),252.794,2287.359,72.8,1.2384,"[1.673, 2.403, 2.215, 1.864, 2.821, 2.434]","[3.622, 4.380, 4.278, 3.995, 4.687, 4.512]","[-4.034, 0.454, -2.855, -4.531, 0.014, -3.437]"
1344,1,24.0030,18.6674,0.314,671,2127,4,51,0.068,100,18.30,50000,3048.23,6,1,25.000(31.250%)(0.536m),35.000(30.882%)(1.607m),55.000(48.530%)(3.750m),49.674(43.830%)(3.179m),23.667(29.584%)(0.393m),23.000(57.500%)(1.393m),16.703(41.756%)(0.718m),148.719,2317.080,73.4,1.2638,"[1.779, 2.294, 1.985, 1.992, 2.768, 2.224]","[4.253, 4.068, 3.831, 4.556, 4.385, 4.250]","[-4.260, -0.519, -3.725, -4.660, -0.294, -3.974]"
1345,1,0.8118,18.3286,0.271,309,908,58,31,0.068,65,18.29,50000,1406.03,0,0,25.000(31.250%)(0.536m),26.000(22.941%)(0.643m),59.000(52.059%)(4.179m),45.931(40.528%)(2.778m),21.787(27.234%)(0.191m),24.000(60.000%)(1.500m),15.344(38.361%)(0.573m),286.432,3003.405,68.0,1.2451,"[0.970, 1.682, 1.454, 0.940, 1.945, 1.734]","[3.377, 3.938, 3.500, 3.383, 4.181, 3.681]","[-4.385, -4.803, -5.436, -5.161, -5.780, -5.411]"
1346,1,22.5001,18.3025,0.267,671,2124,37,76,0.068,100,18.35,50000,3035.36,1,1,23.000(28.750%)(0.321m),36.000(31.765%)(1.714m),71.000(62.647%)(5.464m),40.864(36.057%)(2.235m),19.534(24.417%)(0.000m),19.000(47.500%)(0.964m),13.747(34.368%)(0.401m),163.031,2393.811,73.3,1.2362,"[1.903, 2.407, 2.084, 2.168, 2.846, 2.385]","[4.384, 4.340, 4.072, 4.675, 4.506, 4.589]","[-5.177, -1.661, -3.551, -5.313, -0.924, -3.807]"
1347,1,4.0236,17.9872,0.288,258,777,26,38,0.068,60,18.34,50000,1107.38,0,0,21.000(26.250%)(0.107m),34.000(30.000%)(1.500m),54.000(47.647%)(3.643m),20.924(18.462%)(0.099m),11.276(14.096%)(0.000m),19.000(47.500%)(0.964m),9.730(24.326%)(0.000m),84.112,2365.013,69.7,1.1669,"[1.107, 1.533, 1.575, 1.154, 1.935, 1.702]","[3.457, 3.739, 3.510, 3.441, 3.933, 3.616]","[-5.602, -6.399, -6.459, -6.068, -6.193, -6.600]"
1348,1,-0.2342,17.8529,0.439,127,360,0,8,0.067,35,18.32,50000,581.68,0,0,23.000(28.750%)(0.321m),19.000(16.765%)(0.000m),66.000(58.235%)(4.929m),113.333(100.000%)(10.000m),55.046(68.808%)(3.755m),40.000(100.000%)(3.214m),40.000(100.000%)(3.214m),0.000,2469.645,65.6,1.1653,"[1.886, 2.048, 1.661, 1.978, 2.279, 1.766]","[3.547, 4.181, 3.855, 3.594, 4.383, 4.067]","[-5.394, -4.797, -6.131, -5.833, -5.636, -5.649]"
1349,1,19.9453,17.8718,0.271,675,2137,54,130,0.067,100,18.38,50000,2978.77,1,1,20.000(25.000%)(0.000m),44.000(38.824%)(2.571m),59.000(52.059%)(4.179m),40.000(35.294%)(2.143m),19.144(23.930%)(0.000m),14.000(35.000%)(0.429m),13.458(33.644%)(0.370m),191.345,2354.520,73.3,1.2218,"[1.400, 2.087, 1.773, 1.615, 2.492, 2.008]","[4.109, 4.293, 3.684, 4.537, 4.538, 4.345]","[-6.011, -3.823, -4.985, -6.465, -3.580, -6.140]"
1350,1,22.1716,17.8532,0.265,694,2171,0,129,0.067,100,18.44,50000,3079.00,2,1,27.000(33.750%)(0.750m),40.000(35.294%)(2.143m),60.000(52.941%)(4.286m),38.000(33.530%)(1.929m),24.119(30.149%)(0.441m),19.000(47.500%)(0.964m),17.030(42.575%)(0.753m),174.816,2347.958,72.4,1.2101,"[1.689, 2.029, 1.815, 1.843, 2.584, 2.110]","[3.496, 3.657, 3.742, 3.872, 4.122, 4.340]","[-4.688, -1.291, -3.792, -5.455, -0.697, -4.155]"
1351,1,23.6706,18.2390,0.316,667,2118,0,71,0.067,100,18.50,50000,3128.01,3,1,24.000(30.000%)(0.429m),44.000(38.824%)(2.571m),68.000(60.000%)(5.143m),40.000(35.294%)(2.143m),23.657(29.571%)(0.392m),20.000(50.000%)(1.071m),16.695(41.738%)(0.717m),225.750,2195.985,73.5,1.3820,"[1.948, 2.405, 1.997, 2.230, 2.783, 2.254]","[3.761, 4.111, 3.914, 4.234, 4.291, 4.359]","[-3.373, 0.843, -3.120, -3.906, 1.360, -3.672]"
1352,1,24.3604,18.2699,0.295,692,2168,27,88,0.067,100,18.57,50000,3149.19,4,1,23.000(28.750%)(0.321m),36.000(31.765%)(1.714m),56.000(49.412%)(3.857m),43.319(38.223%)(2.498m),20.513(25.641%)(0.055m),19.000(47.500%)(0.964m),14.437(36.093%)(0.475m),148.926,2257.551,72.5,1.2930,"[1.769, 2.185, 1.869, 1.925, 2.581, 2.076]","[3.579, 3.787, 3.922, 3.842, 4.153, 4.378]","[-4.163, -1.069, -4.021, -4.800, -0.913, -4.339]"
1353,1,24.5411,18.3215,0.306,678,2139,14,90,0.067,100,18.63,50000,3045.36,5,1,23.000(28.750%)(0.321m),39.000(34.412%)(2.036m),55.000(48.530%)(3.750m),46.000(40.588%)(2.786m),23.968(29.960%)(0.425m),16.000(40.000%)(0.643m),16.922(42.306%)(0.742m),188.265,2322.004,73.0,1.4256,"[1.794, 2.448, 2.178, 2.037, 2.897, 2.421]","[3.696, 4.068, 3.753, 4.177, 4.418, 4.172]","[-4.748, 0.269, -2.261, -5.331, 0.549, -2.310]"
1354,1,3.0480,17.8936,0.278,266,818,15,48,0.067,65,18.61,50000,1208.27,0,0,23.000(28.750%)(0.321m),44.000(38.824%)(2.571m),41.000(36.177%)(2.250m),27.000(23.824%)(0.750m),22.000(27.500%)(0.214m),19.000(47.500%)(0.964m),16.422(41.054%)(0.688m),0.000,2122.214,71.2,1.3253,"[1.109, 1.864, 1.921, 1.227, 2.266, 2.131]","[3.470, 4.146, 3.535, 3.618, 4.334, 3.713]","[-6.325, -5.543, -6.041, -6.038, -4.893, -5.572]"
1355,1,23.5034,18.2272,0.336,666,2116,0,125,0.066,100,18.67,50000,2972.58,1,1,24.000(30.000%)(0.429m),43.000(37.941%)(2.464m),71.000(62.647%)(5.464m),43.000(37.941%)(2.464m),23.301(29.126%)(0.354m),17.000(42.500%)(0.750m),16.438(41.095%)(0.690m),268.140,2176.847,73.5,1.2164,"[1.948, 2.471, 2.143, 2.176, 2.990, 2.424]","[3.792, 4.348, 3.809, 4.197, 4.699, 4.265]","[-3.053, 0.667, -1.869, -3.502, 1.158, -2.321]"
1356,1,22.1566,18.1593,0.322,672,2130,27,131,0.066,100,18.73,50000,2956.76,2,1,20.000(25.000%)(0.000m),34.000(30.000%)(1.500m),55.000(48.530%)(3.750m),46.000(40.588%)(2.786m),23.247(29.059%)(0.348m),14.000(35.000%)(0.429m),16.399(40.997%)(0.686m),108.181,2248.777,73.4,1.1667,"[1.782, 2.218, 1.714, 2.016, 2.670, 1.958]","[3.839, 4.163, 3.687, 4.524, 4.474, 4.330]","[-4.041, -2.397, -4.511, -4.564, -2.373, -4.725]"
1357,1,19.7909,18.5752,0.301,675,2135,11,122,0.066,100,18.79,50000,2885.97,3,1,20.000(25.000%)(0.000m),42.000(37.059%)(2.357m),71.000(62.647%)(5.464m),49.343(43.538%)(3.144m),23.501(29.376%)(0.375m),15.000(37.500%)(0.536m),16.582(41.456%)(0.705m),291.157,2271.094,73.2,1.0932,"[1.777, 1.927, 1.535, 1.899, 2.386, 1.816]","[3.536, 3.876, 3.872, 3.701, 4.164, 4.276]","[-3.787, -4.612, -4.793, -4.673, -4.635, -5.497]"
1358,1,22.6341,18.5795,0.278,677,2138,4,52,0.066,100,18.85,50000,2997.69,4,1,26.000(32.500%)(0.643m),42.000(37.059%)(2.357m),57.000(50.294%)(3.964m),48.000(42.353%)(3.000m),25.309(31.637%)(0.569m),21.000(52.500%)(1.179m),17.891(44.727%)(0.845m),283.195,2308.072,73.1,1.1466,"[1.883, 2.383, 2.033, 2.083, 2.831, 2.319]","[4.030, 4.069, 3.841, 4.326, 4.378, 4.391]","[-3.989, 0.573, -3.903, -4.767, 0.154, -4.068]"
1359,1,3.3733,18.1954,0.252,430,1328,19,89,0.066,80,18.84,50000,1860.44,0,0,22.000(27.500%)(0.214m),35.000(30.882%)(1.607m),20.000(17.647%)(0.000m),21.000(18.529%)(0.107m),23.958(29.948%)(0.424m),21.000(52.500%)(1.179m),16.913(42.283%)(0.741m),0.000,2296.382,71.5,1.1831,"[1.388, 1.738, 1.388, 1.475, 2.029, 1.644]","[3.937, 4.149, 3.400, 4.348, 4.512, 3.971]","[-5.479, -4.891, -4.931, -6.265, -5.926, -5.254]"
1360,1,27.3211,18.2881,0.318,665,2113,0,80,0.066,100,18.90,50000,2975.00,1,1,20.000(25.000%)(0.000m),36.000(31.765%)(1.714m),60.000(52.941%)(4.286m),42.000(37.059%)(2.357m),23.330(29.163%)(0.357m),19.000(47.500%)(0.964m),16.459(41.147%)(0.692m),138.881,2080.918,73.5,1.2591,"[2.042, 2.554, 2.215, 2.223, 2.966, 2.469]","[3.733, 4.245, 4.119, 4.210, 4.715, 4.599]","[-2.592, -0.219, -3.993, -3.344, -0.265, -4.466]"
1361,1,23.1169,18.6998,0.296,680,2143,59,56,0.066,100,18.96,50000,2939.87,2,1,24.000(30.000%)(0.429m),34.000(30.000%)(1.500m),55.000(48.530%)(3.750m),45.000(39.706%)(2.679m),22.684(28.354%)(0.288m),22.000(55.000%)(1.286m),15.991(39.977%)(0.642m),108.181,2172.144,72.9,1.1640,"[1.686, 2.400, 2.091, 1.847, 2.797, 2.291]","[3.736, 4.145, 4.172, 4.286, 4.576, 4.556]","[-4.662, -1.590, -3.440, -5.375, -1.540, -3.622]"
1362,1,18.9827,19.1106,0.311,684,2154,73,83,0.066,100,19.02,50000,3148.52,3,1,26.000(32.500%)(0.643m),43.000(37.941%)(2.464m),68.000(60.000%)(5.143m),41.114(36.277%)(2.262m),19.494(24.367%)(0.000m),22.000(55.000%)(1.286m),13.702(34.255%)(0.397m),295.908,2511.838,72.9,1.2748,"[1.388, 2.087, 1.968, 1.577, 2.548, 2.233]","[3.975, 3.922, 3.510, 4.443, 4.336, 3.877]","[-5.854, -2.425, -2.984, -6.199, -2.971, -3.540]"
1363,1,22.0713,19.1986,0.244,689,2161,51,116,0.065,100,19.08,50000,3039.09,4,1,23.000(28.750%)(0.321m),39.000(34.412%)(2.036m),59.000(52.059%)(4.179m),34.911(30.804%)(1.598m),16.379(20.474%)(0.000m),16.000(40.000%)(0.643m),11.498(28.744%)(0.160m),175.415,2278.845,72.6,1.2576,"[1.663, 2.285, 2.093, 1.905, 2.732, 2.349]","[3.801, 4.054, 4.063, 4.369, 4.338, 4.515]","[-5.527, -3.777, -2.986, -5.191, -3.217, -3.780]"
1364,1,4.9684,18.8876,0.224,448,1362,25,98,0.065,80,19.06,50000,2020.07,0,0,22.000(27.500%)(0.214m),23.000(20.294%)(0.321m),34.000(30.000%)(1.500m),52.481(46.307%)(3.480m),25.075(31.343%)(0.544m),18.000(45.000%)(0.857m),17.721(44.303%)(0.827m),0.000,2308.436,70.3,1.4685,"[1.810, 2.059, 1.789, 1.966, 2.322, 1.918]","[3.583, 3.929, 3.858, 3.891, 4.267, 3.916]","[-4.152, -5.463, -5.388, -4.214, -5.784, -5.066]"
1365,1,21.6674,18.8284,0.266,668,2118,9,101,0.065,100,19.12,50000,2898.65,1,1,22.000(27.500%)(0.214m),37.000(32.647%)(1.821m),50.000(44.118%)(3.214m),47.000(41.471%)(2.893m),25.016(31.270%)(0.537m),19.000(47.500%)(0.964m),17.678(44.196%)(0.823m),112.508,2113.556,73.4,1.2106,"[2.055, 2.472, 2.085, 2.402, 2.861, 2.431]","[3.852, 4.157, 3.740, 4.407, 4.656, 4.173]","[-2.017, -1.392, -2.772, -2.307, -2.148, -2.910]"
1366,1,24.2985,18.9456,0.270,681,2144,0,58,0.065,100,19.18,50000,3047.14,2,1,25.000(31.250%)(0.536m),42.000(37.059%)(2.357m),62.000(54.706%)(4.500m),47.000(41.471%)(2.893m),23.387(29.233%)(0.363m),21.000(52.500%)(1.179m),16.500(41.250%)(0.696m),256.640,2211.711,72.9,1.2594,"[2.019, 2.445, 2.187, 2.278, 2.926, 2.440]","[4.342, 4.188, 3.907, 4.631, 4.696, 4.344]","[-3.948, 0.789, -3.357, -4.542, 0.234, -4.008]"
1367,1,21.3512,18.9791,0.259,685,2153,39,123,0.065,100,19.24,50000,3023.75,3,1,23.000(28.750%)(0.321m),37.000(32.647%)(1.821m),62.000(54.706%)(4.500m),35.372(31.211%)(1.647m),16.543(20.679%)(0.000m),19.000(47.500%)(0.964m),11.604(29.011%)(0.172m),160.548,2151.102,72.7,1.3203,"[1.671, 2.330, 2.070, 1.819, 2.770, 2.270]","[3.896, 4.344, 4.075, 4.394, 4.532, 4.416]","[-6.319, -3.211, -3.353, -6.221, -2.539, -3.862]"
1368,1,-0.4899,18.5307,0.235,120,346,3,8,0.065,35,19.23,50000,509.43,0,0,23.000(28.750%)(0.321m),26.000(22.941%)(0.643m),43.000(37.941%)(2.464m),83.158(73.375%)(6.767m),45.877(57.347%)(2.773m),40.000(100.000%)(3.214m),40.000(100.000%)(3.214m),0.000,2208.923,66.7,1.1724,"[2.063, 1.970, 1.518, 2.134, 2.154, 1.559]","[3.358, 3.826, 3.393, 3.290, 4.046, 3.404]","[-3.495, -4.090, -5.100, -3.867, -4.838, -4.983]"
1369,1,23.5509,18.5866,0.282,680,2146,12,62,0.065,100,19.28,50000,2967.61,1,1,27.000(33.750%)(0.750m),41.000(36.177%)(2.250m),52.000(45.882%)(3.429m),35.000(30.882%)(1.607m),23.307(29.134%)(0.354m),22.000(55.000%)(1.286m),16.442(41.106%)(0.690m),120.446,2088.267,73.0,1.1663,"[1.793, 2.479, 2.225, 1.985, 2.892, 2.517]","[4.233, 4.402, 3.969, 4.596, 4.791, 4.515]","[-4.328, -1.437, -3.253, -5.011, -1.916, -3.654]"
1370,1,25.9439,18.5921,0.296,673,2128,25,53,0.065,100,19.34,50000,2997.61,2,1,25.000(31.250%)(0.536m),40.000(35.294%)(2.143m),61.000(53.824%)(4.393m),41.000(36.177%)(2.250m),20.113(25.141%)(0.012m),23.000(57.500%)(1.393m),14.145(35.362%)(0.444m),226.323,2207.003,73.2,1.3004,"[2.014, 2.703, 2.431, 2.278, 3.141, 2.749]","[4.444, 4.329, 3.966, 4.897, 4.687, 4.549]","[-4.453, 0.244, -2.847, -4.842, 0.689, -3.584]"
1371,1,25.0376,18.6510,0.274,682,2146,2,57,0.064,100,19.40,50000,3065.19,3,1,24.000(30.000%)(0.429m),38.000(33.530%)(1.929m),58.000(51.177%)(4.071m),41.000(36.177%)(2.250m),24.483(30.604%)(0.480m),21.000(52.500%)(1.179m),17.295(43.238%)(0.782m),184.287,2261.225,72.8,1.2775,"[2.050, 2.549, 2.266, 2.318, 3.006, 2.511]","[4.014, 4.164, 4.046, 4.751, 4.547, 4.319]","[-3.702, 0.175, -3.472, -4.310, -0.055, -4.053]"
1372,1,26.4658,19.0868,0.232,669,2120,0,65,0.064,100,19.46,50000,3027.94,4,1,28.000(35.000%)(0.857m),45.000(39.706%)(2.679m),68.000(60.000%)(5.143m),42.000(37.059%)(2.357m),23.968(29.960%)(0.425m),22.000(55.000%)(1.286m),16.920(42.301%)(0.741m),245.840,2189.361,73.3,1.2131,"[2.117, 2.723, 2.440, 2.390, 3.218, 2.782]","[4.024, 4.125, 4.019, 4.380, 4.488, 4.427]","[-2.860, 1.350, 0.039, -3.456, 1.620, 0.316]"
1373,1,21.5315,19.1083,0.251,673,2130,0,80,0.064,100,19.52,50000,3002.45,5,1,21.000(26.250%)(0.107m),42.000(37.059%)(2.357m),68.000(60.000%)(5.143m),50.223(44.314%)(3.238m),23.942(29.928%)(0.422m),17.000(42.500%)(0.750m),16.901(42.254%)(0.739m),283.937,2423.843,73.3,1.2426,"[2.046, 2.547, 2.271, 2.229, 3.032, 2.529]","[4.321, 4.314, 4.365, 4.511, 4.540, 4.826]","[-3.977, 1.131, -3.269, -4.597, 1.293, -3.771]"
1374,1,19.7946,18.9969,0.306,672,2129,42,81,0.064,100,19.58,50000,2977.41,6,1,21.000(26.250%)(0.107m),48.000(42.353%)(3.000m),51.000(45.000%)(3.321m),37.000(32.647%)(1.821m),22.033(27.541%)(0.218m),15.000(37.500%)(0.536m),15.530(38.825%)(0.593m),184.877,2411.056,73.3,1.2699,"[1.983, 2.364, 2.020, 2.205, 2.819, 2.307]","[3.881, 4.210, 4.346, 4.170, 4.542, 4.881]","[-3.521, -2.285, -4.504, -3.977, -2.041, -5.009]"
1375,1,18.9922,18.9312,0.288,667,2119,90,95,0.064,100,19.64,50000,3013.09,7,1,24.000(30.000%)(0.429m),38.000(33.530%)(1.929m),55.000(48.530%)(3.750m),40.448(35.689%)(2.191m),19.011(23.764%)(0.000m),23.000(57.500%)(1.393m),13.355(33.387%)(0.359m),175.301,2348.993,73.5,1.2499,"[1.501, 2.328, 2.120, 1.660, 2.765, 2.386]","[4.111, 4.241, 4.605, 4.397, 4.420, 5.145]","[-4.769, -0.197, -2.605, -5.584, -0.369, -3.408]"
1376,1,15.8451,18.7437,0.244,684,2152,0,140,0.064,100,19.69,50000,3124.36,8,1,25.254(31.568%)(0.563m),47.000(41.471%)(2.893m),65.000(57.353%)(4.821m),40.000(35.294%)(2.143m),25.819(32.274%)(0.624m),17.851(44.627%)(0.841m),18.260(45.650%)(0.885m),283.767,2402.062,72.8,1.2339,"[1.952, 2.298, 1.766, 2.164, 2.818, 2.025]","[3.942, 4.231, 3.613, 4.251, 4.526, 4.124]","[-2.731, 0.480, -4.292, -3.487, 0.211, -4.976]"
1377,1,20.8797,18.7141,0.303,667,2119,140,110,0.064,100,19.75,50000,2931.04,9,1,28.000(35.000%)(0.857m),42.000(37.059%)(2.357m),63.000(55.588%)(4.607m),45.000(39.706%)(2.679m),22.633(28.291%)(0.282m),20.000(50.000%)(1.071m),15.954(39.886%)(0.638m),255.319,2244.049,73.5,1.2022,"[1.893, 2.533, 2.108, 2.064, 3.000, 2.379]","[4.286, 4.512, 4.080, 4.569, 4.806, 4.557]","[-4.022, 0.267, -2.328, -4.831, 0.447, -3.113]"
1378,1,20.9116,18.6147,0.282,670,2125,18,97,0.063,100,19.81,50000,2949.34,10,1,22.000(27.500%)(0.214m),35.000(30.882%)(1.607m),55.000(48.530%)(3.750m),49.775(43.919%)(3.190m),23.760(29.699%)(0.403m),16.000(40.000%)(0.643m),16.780(41.950%)(0.726m),95.739,2522.031,73.4,1.1765,"[2.049, 2.357, 1.957, 2.199, 2.764, 2.161]","[3.994, 4.307, 4.165, 4.261, 4.557, 4.494]","[-3.143, -3.113, -4.796, -3.978, -3.088, -4.752]"
1379,1,23.8907,18.6723,0.299,666,2116,55,44,0.063,100,19.87,50000,3013.46,11,1,26.000(32.500%)(0.643m),44.000(38.824%)(2.571m),68.000(60.000%)(5.143m),48.549(42.838%)(3.059m),23.103(28.878%)(0.332m),22.000(55.000%)(1.286m),16.294(40.736%)(0.674m),295.908,2236.213,73.5,1.3786,"[2.244, 2.645, 2.189, 2.503, 3.090, 2.517]","[3.991, 4.284, 3.881, 4.355, 4.664, 4.552]","[-1.778, 1.047, -3.397, -2.171, 1.466, -3.946]"
1380,1,-0.3193,18.2959,0.355,172,508,14,20,0.063,45,19.86,50000,774.73,0,0,28.000(35.000%)(0.857m),46.000(40.588%)(2.786m),68.000(60.000%)(5.143m),27.361(24.142%)(0.789m),12.838(16.047%)(0.000m),23.000(57.500%)(1.393m),9.762(24.405%)(0.000m),409.349,2757.409,68.4,1.1889,"[1.154, 1.849, 1.933, 1.133, 2.168, 2.093]","[3.315, 4.104, 3.514, 3.302, 4.345, 3.831]","[-6.095, -6.295, -4.211, -6.682, -6.088, -4.795]"
1381,1,24.0280,18.4357,0.299,667,2118,0,59,0.063,100,19.91,50000,2973.11,1,1,23.000(28.750%)(0.321m),44.000(38.824%)(2.571m),68.000(60.000%)(5.143m),48.982(43.220%)(3.105m),23.320(29.150%)(0.356m),19.000(47.500%)(0.964m),16.452(41.129%)(0.691m),295.908,2291.977,73.5,1.2431,"[2.271, 2.717, 2.346, 2.531, 3.172, 2.640]","[4.487, 4.590, 4.368, 4.787, 4.794, 4.839]","[-3.282, 1.105, -3.087, -3.975, 1.077, -3.652]"
1382,1,22.0462,18.3610,0.253,667,2119,0,150,0.063,100,19.97,50000,2932.96,2,1,23.000(28.750%)(0.321m),44.000(38.824%)(2.571m),71.000(62.647%)(5.464m),40.000(35.294%)(2.143m),23.652(29.565%)(0.391m),17.000(42.500%)(0.750m),16.692(41.729%)(0.717m),191.717,2227.491,73.5,1.2455,"[1.994, 2.335, 1.954, 2.253, 2.836, 2.233]","[3.979, 4.071, 3.578, 4.305, 4.412, 4.155]","[-4.086, -2.311, -4.773, -4.691, -2.035, -4.687]"
1383,1,3.7884,18.0578,0.299,316,981,13,70,0.063,70,19.96,50000,1380.37,0,0,19.000(23.750%)(0.000m),44.000(38.824%)(2.571m),68.000(60.000%)(5.143m),48.000(42.353%)(3.000m),23.310(29.138%)(0.355m),10.000(25.000%)(0.000m),16.444(41.111%)(0.690m),295.908,2447.139,71.8,1.2532,"[1.692, 2.103, 1.735, 1.829, 2.563, 2.003]","[3.534, 3.789, 3.398, 3.919, 4.054, 3.738]","[-3.904, -5.788, -6.423, -3.818, -5.114, -5.975]"
1384,1,19.8874,17.9832,0.275,681,2146,57,158,0.063,100,20.01,50000,3019.87,1,1,21.000(26.250%)(0.107m),44.000(38.824%)(2.571m),52.000(45.882%)(3.429m),37.000(32.647%)(1.821m),18.320(22.900%)(0.000m),15.000(37.500%)(0.536m),12.870(32.174%)(0.307m),190.557,2280.327,72.9,1.2895,"[1.778, 2.336, 2.057, 1.891, 2.828, 2.290]","[4.126, 4.241, 3.994, 4.248, 4.663, 4.429]","[-5.873, -2.607, -4.943, -6.033, -2.663, -5.221]"
1385,1,23.1851,18.0191,0.327,683,2147,41,91,0.063,100,20.07,50000,3171.90,2,1,21.000(26.250%)(0.107m),33.000(29.118%)(1.393m),58.000(51.177%)(4.071m),35.162(31.025%)(1.624m),16.434(20.543%)(0.000m),19.000(47.500%)(0.964m),11.526(28.815%)(0.164m),74.646,2308.754,72.8,1.2690,"[1.908, 2.425, 2.159, 2.165, 2.899, 2.463]","[3.865, 4.312, 3.645, 4.320, 4.591, 4.065]","[-5.530, -4.619, -2.463, -5.151, -3.860, -2.906]"
1386,1,19.5206,18.0309,0.300,676,2137,87,170,0.062,100,20.13,50000,3168.53,3,1,16.000(20.000%)(0.000m),38.000(33.530%)(1.929m),55.000(48.530%)(3.750m),45.000(39.706%)(2.679m),22.156(27.695%)(0.231m),12.000(30.000%)(0.214m),15.609(39.023%)(0.601m),182.255,2184.514,73.2,1.4249,"[1.832, 2.348, 1.774, 2.043, 2.726, 2.035]","[3.607, 4.262, 4.080, 4.102, 4.556, 4.390]","[-4.168, -3.467, -5.860, -4.664, -3.294, -5.439]"
1387,1,-0.9459,17.6008,0.219,149,438,19,23,0.062,40,20.12,50000,653.25,0,0,24.000(30.000%)(0.429m),34.000(30.000%)(1.500m),24.748(21.837%)(0.509m),14.585(12.869%)(0.000m),9.588(11.985%)(0.000m),24.000(60.000%)(1.500m),10.706(26.765%)(0.076m),96.508,2550.302,68.0,1.3045,"[0.623, 1.287, 1.324, 0.698, 1.629, 1.403]","[3.192, 3.807, 3.506, 3.340, 4.138, 3.494]","[-5.592, -6.257, -8.051, -6.166, -6.096, -7.861]"
1388,1,-1.1603,17.5850,0.330,138,383,17,18,0.062,40,20.10,50000,608.74,0,0,22.000(27.500%)(0.214m),32.000(28.235%)(1.286m),43.000(37.941%)(2.464m),76.441(67.448%)(6.047m),42.172(52.714%)(2.376m),40.000(100.000%)(3.214m),37.303(93.257%)(2.925m),30.707,2157.144,64.2,1.2594,"[2.294, 2.332, 1.883, 2.430, 2.536, 1.895]","[3.397, 4.214, 3.816, 3.502, 4.501, 3.844]","[0.719, 0.031, -1.554, 0.861, -0.786, -1.884]"
1389,1,18.0599,17.5551,0.287,689,2165,190,104,0.062,100,20.16,50000,3085.57,1,1,21.000(26.250%)(0.107m),32.000(28.235%)(1.286m),44.000(38.824%)(2.571m),36.000(31.765%)(1.714m),18.494(23.118%)(0.000m),15.000(37.500%)(0.536m),13.011(32.527%)(0.323m),75.472,2185.917,72.7,1.3908,"[1.426, 2.013, 1.891, 1.582, 2.480, 2.125]","[3.534, 3.936, 3.779, 3.885, 4.377, 4.258]","[-5.620, -4.142, -4.537, -5.554, -3.405, -5.537]"
1390,1,20.3863,17.5573,0.338,667,2119,136,111,0.062,100,20.22,50000,2924.53,2,1,24.000(30.000%)(0.429m),38.000(33.530%)(1.929m),55.000(48.530%)(3.750m),43.000(37.941%)(2.464m),23.060(28.825%)(0.328m),20.000(50.000%)(1.071m),16.264(40.659%)(0.671m),175.301,2100.932,73.5,1.1973,"[1.758, 2.410, 2.063, 1.864, 2.812, 2.248]","[3.982, 3.943, 3.823, 3.979, 4.399, 4.154]","[-3.803, 0.136, -2.850, -4.299, -0.550, -3.415]"
1391,1,-2.0523,17.0467,0.254,139,383,6,8,0.062,40,20.20,50000,639.63,0,0,24.000(30.000%)(0.429m),20.000(17.647%)(0.000m),54.000(47.647%)(3.643m),113.333(100.000%)(10.000m),54.622(68.278%)(3.710m),40.000(100.000%)(3.214m),40.000(100.000%)(3.214m),0.000,2497.096,63.7,1.2450,"[1.887, 1.952, 1.396, 1.960, 2.083, 1.494]","[3.489, 3.784, 3.189, 3.397, 3.904, 3.259]","[-4.173, -4.599, -5.609, -4.373, -5.927, -4.935]"
1392,1,19.5876,17.1089,0.294,670,2126,107,55,0.062,100,20.26,50000,2957.41,1,1,24.000(30.000%)(0.429m),34.000(30.000%)(1.500m),55.000(48.530%)(3.750m),41.000(36.177%)(2.250m),22.915(28.643%)(0.312m),23.000(57.500%)(1.393m),16.158(40.395%)(0.660m),96.508,2171.694,73.4,1.2700,"[1.707, 2.340, 2.121, 1.996, 2.816, 2.473]","[4.106, 4.373, 4.364, 4.445, 4.690, 4.944]","[-4.573, 0.103, -1.919, -5.297, -0.289, -1.781]"
1393,1,21.5885,17.0806,0.285,677,2135,59,73,0.062,100,20.32,50000,3087.22,2,1,26.000(32.500%)(0.643m),43.000(37.941%)(2.464m),71.000(62.647%)(5.464m),45.127(39.818%)(2.692m),21.380(26.725%)(0.148m),21.000(52.500%)(1.179m),15.053(37.632%)(0.541m),282.234,2261.577,73.0,1.2669,"[2.034, 2.596, 2.281, 2.268, 3.026, 2.598]","[3.999, 4.261, 3.833, 4.288, 4.443, 4.423]","[-4.232, 1.328, -0.419, -4.778, 1.839, -0.433]"
1394,1,22.7191,17.0549,0.300,665,2113,28,107,0.061,100,20.37,50000,3016.51,3,1,23.000(28.750%)(0.321m),36.000(31.765%)(1.714m),68.000(60.000%)(5.143m),40.549(35.779%)(2.202m),19.192(23.990%)(0.000m),19.000(47.500%)(0.964m),13.486(33.714%)(0.373m),167.789,2306.377,73.5,1.2842,"[1.918, 2.474, 2.266, 2.123, 2.880, 2.553]","[4.014, 4.187, 4.278, 4.204, 4.342, 4.693]","[-5.862, -1.925, -2.564, -6.065, -1.307, -1.707]"
1395,1,3.5213,17.1091,0.336,469,1403,16,97,0.061,80,20.36,50000,2046.58,0,0,23.978(29.972%)(0.426m),20.000(17.647%)(0.000m),63.000(55.588%)(4.607m),39.000(34.412%)(2.036m),21.000(26.250%)(0.107m),16.927(42.318%)(0.742m),14.000(35.000%)(0.429m),0.000,2566.801,69.2,1.1684,"[1.404, 1.551, 1.144, 1.454, 1.936, 1.338]","[3.728, 4.102, 3.634, 3.640, 4.315, 3.764]","[-6.398, -5.955, -8.162, -6.779, -5.445, -8.017]"
1396,1,20.7978,17.0751,0.231,671,2124,70,34,0.061,100,20.42,50000,3018.23,1,1,31.000(38.750%)(1.179m),44.000(38.824%)(2.571m),68.000(60.000%)(5.143m),32.874(29.006%)(1.379m),15.240(19.050%)(0.000m),22.000(55.000%)(1.286m),10.679(26.696%)(0.073m),322.943,2365.620,73.3,1.3140,"[1.167, 2.107, 2.154, 1.438, 2.555, 2.412]","[4.046, 4.153, 3.936, 4.524, 4.311, 4.314]","[-5.673, -4.689, -1.231, -5.491, -4.097, -1.357]"
1397,1,23.7675,17.4700,0.318,665,2115,137,54,0.061,100,20.47,50000,2966.53,2,1,24.000(30.000%)(0.429m),38.000(33.530%)(1.929m),55.000(48.530%)(3.750m),42.000(37.059%)(2.357m),22.979(28.723%)(0.319m),23.000(57.500%)(1.393m),16.205(40.511%)(0.665m),175.301,2093.897,73.6,1.2898,"[1.673, 2.435, 2.039, 1.832, 2.768, 2.327]","[3.814, 4.064, 3.643, 3.988, 4.248, 4.131]","[-4.344, -0.203, -2.037, -5.004, -0.879, -2.706]"
1398,1,22.9263,17.9332,0.252,667,2118,0,50,0.061,100,20.53,50000,2988.00,3,1,24.000(30.000%)(0.429m),39.000(34.412%)(2.036m),72.000(63.530%)(5.571m),49.266(43.470%)(3.136m),23.462(29.328%)(0.371m),22.000(55.000%)(1.286m),16.555(41.387%)(0.702m),230.019,2328.100,73.5,1.2713,"[1.812, 2.343, 2.068, 2.081, 2.792, 2.312]","[3.397, 3.907, 3.926, 3.778, 4.229, 4.238]","[-4.318, 0.841, -2.558, -5.042, 1.238, -3.232]"
1399,1,23.6828,18.0079,0.282,679,2144,0,58,0.061,100,20.59,50000,3093.02,4,1,25.000(31.250%)(0.536m),42.000(37.059%)(2.357m),62.000(54.706%)(4.500m),47.000(41.471%)(2.893m),23.621(29.526%)(0.388m),20.000(50.000%)(1.071m),16.669(41.673%)(0.715m),261.501,2249.798,73.1,1.2685,"[1.885, 2.405, 2.088, 2.040, 2.853, 2.418]","[4.085, 4.157, 3.806, 4.341, 4.495, 4.335]","[-3.695, 0.302, -2.631, -4.439, 0.359, -3.305]"
1400,1,23.0773,18.0260,0.241,700,2182,49,95,0.061,100,20.64,50000,3060.70,5,1,28.000(35.000%)(0.857m),45.000(39.706%)(2.679m),43.000(37.941%)(2.464m),34.000(30.000%)(1.500m),19.647(24.559%)(0.000m),21.000(52.500%)(1.179m),13.829(34.572%)(0.410m),169.170,2337.655,72.1,1.2279,"[1.898, 2.485, 2.161, 2.074, 2.855, 2.390]","[3.873, 4.223, 3.889, 4.145, 4.509, 4.338]","[-5.520, -2.805, -3.859, -5.909, -2.482, -4.226]"
1401,1,3.8631,17.6299,0.243,441,1381,74,65,0.061,85,20.63,50000,1958.00,0,0,24.000(30.000%)(0.429m),38.000(33.530%)(1.929m),55.000(48.530%)(3.750m),26.849(23.690%)(0.734m),12.787(15.983%)(0.000m),23.000(57.500%)(1.393m),9.849(24.623%)(0.000m),175.301,2357.544,72.5,1.2430,"[1.048, 1.692, 1.627, 1.205, 2.081, 1.858]","[3.201, 3.687, 3.868, 3.674, 4.105, 4.330]","[-5.416, -5.849, -3.360, -5.706, -5.608, -3.926]"
1402,1,4.7277,17.2372,0.307,465,1457,89,64,0.061,85,20.61,50000,2021.15,0,0,24.000(30.000%)(0.429m),43.000(37.941%)(2.464m),41.038(36.210%)(2.254m),19.236(16.973%)(0.000m),11.196(13.995%)(0.000m),19.000(47.500%)(0.964m),10.532(26.329%)(0.057m),291.352,2538.160,72.5,1.2490,"[0.962, 1.685, 1.696, 1.089, 2.080, 1.853]","[3.469, 3.859, 4.420, 3.889, 4.106, 4.701]","[-5.947, -6.274, -8.208, -6.128, -6.306, -8.353]"
1403,1,-0.7079,16.7323,0.224,150,441,13,14,0.060,40,20.60,50000,674.69,0,0,26.000(32.500%)(0.643m),44.000(38.824%)(2.571m),68.000(60.000%)(5.143m),25.581(22.571%)(0.598m),12.373(15.467%)(0.000m),30.000(75.000%)(2.143m),9.654(24.134%)(0.000m),295.908,2750.128,68.0,1.4024,"[0.960, 1.323, 1.477, 1.051, 1.665, 1.636]","[3.491, 4.084, 3.170, 3.527, 4.390, 3.514]","[-5.305, -5.498, -3.914, -5.955, -5.420, -4.415]"
1404,1,22.3694,17.1187,0.288,688,2162,86,124,0.060,100,20.66,50000,3058.74,1,1,25.000(31.250%)(0.536m),38.000(33.530%)(1.929m),54.000(47.647%)(3.643m),35.000(30.882%)(1.607m),19.506(24.382%)(0.000m),19.000(47.500%)(0.964m),13.727(34.318%)(0.399m),176.118,2156.450,72.7,1.2521,"[1.617, 2.308, 1.982, 1.772, 2.696, 2.272]","[4.168, 4.369, 3.956, 4.493, 4.702, 4.439]","[-6.086, -3.799, -3.861, -6.292, -3.353, -3.866]"
1405,1,21.3283,17.0752,0.295,667,2119,110,123,0.060,100,20.71,50000,3019.17,2,1,24.000(30.000%)(0.429m),38.000(33.530%)(1.929m),55.000(48.530%)(3.750m),43.000(37.941%)(2.464m),22.853(28.566%)(0.306m),17.000(42.500%)(0.750m),16.113(40.284%)(0.655m),175.301,2179.529,73.5,1.2747,"[1.947, 2.498, 2.046, 2.154, 2.883, 2.329]","[4.319, 4.671, 4.350, 4.636, 4.896, 4.853]","[-3.750, -1.668, -4.127, -4.102, -1.523, -4.121]"
1406,1,5.6274,16.7446,0.282,595,1864,140,79,0.060,95,20.70,50000,2625.75,0,0,13.000(16.250%)(0.000m),26.000(22.941%)(0.643m),52.000(45.882%)(3.429m),38.434(33.913%)(1.975m),18.040(22.550%)(0.000m),23.000(57.500%)(1.393m),12.665(31.662%)(0.286m),175.301,2142.186,72.5,1.2869,"[0.988, 1.843, 1.572, 1.059, 2.146, 1.822]","[3.818, 3.863, 3.542, 4.376, 4.123, 3.973]","[-4.553, -4.342, -5.185, -4.567, -4.905, -5.401]"
1407,1,3.6183,16.4211,0.334,420,1310,66,54,0.060,80,20.68,50000,1807.64,0,0,21.000(26.250%)(0.107m),30.000(26.471%)(1.071m),43.000(37.941%)(2.464m),48.401(42.707%)(3.043m),23.029(28.786%)(0.324m),19.000(47.500%)(0.964m),16.241(40.602%)(0.669m),30.393,2147.934,72.2,1.1925,"[1.584, 2.007, 1.518, 1.712, 2.234, 1.808]","[4.338, 4.565, 4.235, 4.573, 4.649, 4.848]","[-3.465, -2.847, -3.966, -3.798, -3.654, -4.276]"
1408,1,21.3525,16.3955,0.310,675,2135,80,107,0.060,100,20.74,50000,2910.71,1,1,20.000(25.000%)(0.000m),41.000(36.177%)(2.250m),68.000(60.000%)(5.143m),43.000(37.941%)(2.464m),23.169(28.962%)(0.340m),14.000(35.000%)(0.429m),16.343(40.857%)(0.680m),290.868,2362.220,73.2,1.1506,"[2.067, 2.331, 1.991, 2.243, 2.780, 2.260]","[3.869, 4.057, 4.024, 4.060, 4.482, 4.449]","[-3.134, -3.529, -5.116, -3.500, -3.217, -4.847]"
1409,1,25.8550,16.8452,0.252,679,2140,25,82,0.060,100,20.79,50000,2998.02,2,1,21.000(26.250%)(0.107m),34.000(30.000%)(1.500m),61.000(53.824%)(4.393m),42.541(37.536%)(2.415m),20.119(25.149%)(0.013m),19.000(47.500%)(0.964m),14.155(35.387%)(0.445m),84.112,2225.457,72.9,1.2258,"[1.828, 2.384, 2.120, 2.008, 2.865, 2.388]","[3.676, 3.711, 3.587, 3.988, 4.218, 4.076]","[-4.046, -0.509, -2.945, -4.411, -0.564, -2.399]"
1410,1,20.1143,16.7010,0.288,673,2131,66,87,0.060,100,20.85,50000,3067.25,3,1,23.000(28.750%)(0.321m),44.000(38.824%)(2.571m),68.000(60.000%)(5.143m),41.436(36.561%)(2.297m),19.843(24.804%)(0.000m),19.000(47.500%)(0.964m),13.970(34.925%)(0.425m),295.908,2332.146,73.3,1.2426,"[1.740, 2.495, 2.390, 1.978, 2.960, 2.696]","[4.362, 4.571, 4.420, 4.462, 4.562, 5.009]","[-4.762, -1.840, -2.643, -4.490, -1.041, -3.169]"
1411,1,24.5705,16.7301,0.290,683,2147,0,80,0.059,100,20.91,50000,3118.26,4,1,23.000(28.750%)(0.321m),36.000(31.765%)(1.714m),64.000(56.471%)(4.714m),47.000(41.471%)(2.893m),25.005(31.257%)(0.536m),19.000(47.500%)(0.964m),17.671(44.177%)(0.822m),211.035,2279.757,72.7,1.3194,"[2.086, 2.640, 2.336, 2.329, 3.101, 2.607]","[4.299, 4.393, 4.186, 4.617, 4.598, 4.533]","[-4.620, 0.322, -1.315, -4.946, 0.434, -1.096]"
1412,1,26.3939,16.8783,0.297,667,2117,4,56,0.059,100,20.96,50000,2893.52,5,1,22.000(27.500%)(0.214m),35.000(30.882%)(1.607m),55.000(48.530%)(3.750m),47.000(41.471%)(2.893m),23.829(29.787%)(0.410m),21.000(52.500%)(1.179m),16.820(42.050%)(0.731m),95.739,2185.557,73.5,1.2091,"[1.872, 2.632, 2.323, 2.128, 3.024, 2.594]","[4.469, 4.598, 4.321, 4.823, 4.731, 4.646]","[-4.727, 0.625, -1.762, -5.039, 0.148, -1.828]"
1413,1,19.0444,16.8178,0.244,668,2121,49,110,0.059,100,21.02,50000,3025.77,6,1,26.000(32.500%)(0.643m),44.000(38.824%)(2.571m),68.000(60.000%)(5.143m),40.877(36.068%)(2.237m),19.277(24.096%)(0.000m),22.000(55.000%)(1.286m),13.552(33.879%)(0.381m),295.908,2325.572,73.5,1.2483,"[1.798, 2.426, 2.156, 2.092, 2.879, 2.498]","[3.946, 4.314, 4.098, 4.359, 4.461, 4.472]","[-4.210, 1.390, -0.832, -4.481, 1.552, -1.016]"
1414,1,21.8943,17.1563,0.233,667,2118,0,88,0.059,100,21.07,50000,2932.74,7,1,24.000(30.000%)(0.429m),44.000(38.824%)(2.571m),68.000(60.000%)(5.143m),43.000(37.941%)(2.464m),23.310(29.138%)(0.355m),17.000(42.500%)(0.750m),16.444(41.111%)(0.690m),264.515,2231.218,73.5,1.1287,"[1.818, 2.434, 2.078, 2.040, 2.831, 2.336]","[3.658, 4.126, 3.970, 4.151, 4.277, 4.147]","[-4.252, 0.651, -1.768, -4.761, 0.903, -2.034]"
1415,1,19.4344,17.1116,0.246,675,2132,127,75,0.059,100,21.13,50000,3001.41,8,1,22.000(27.500%)(0.214m),36.000(31.765%)(1.714m),55.000(48.530%)(3.750m),45.781(40.395%)(2.762m),21.711(27.139%)(0.183m),21.000(52.500%)(1.179m),15.290(38.225%)(0.567m),127.944,2262.337,73.1,1.2238,"[1.826, 2.466, 2.151, 2.086, 2.905, 2.531]","[3.594, 4.153, 4.007, 4.173, 4.539, 4.591]","[-3.743, -0.829, -2.530, -4.326, -0.665, -2.513]"
1416,1,17.9582,16.9848,0.234,673,2131,11,120,0.059,100,21.19,50000,2984.99,9,1,23.000(28.750%)(0.321m),44.000(38.824%)(2.571m),68.000(60.000%)(5.143m),43.000(37.941%)(2.464m),23.310(29.138%)(0.355m),15.000(37.500%)(0.536m),16.444(41.111%)(0.690m),240.207,2237.068,73.3,1.2251,"[1.880, 2.438, 2.073, 2.156, 2.939, 2.450]","[3.856, 4.159, 3.714, 4.488, 4.503, 4.074]","[-4.917, 0.609, -3.022, -5.451, 0.735, -2.720]"
1417,1,20.7937,16.9737,0.329,687,2159,11,177,0.059,100,21.24,50000,3097.73,10,1,21.000(26.250%)(0.107m),39.000(34.412%)(2.036m),66.000(58.235%)(4.929m),39.000(34.412%)(2.036m),24.183(30.229%)(0.448m),16.000(40.000%)(0.643m),17.076(42.690%)(0.758m),199.338,2259.066,72.7,1.2670,"[1.930, 2.351, 1.928, 2.191, 2.765, 2.184]","[3.964, 4.568, 4.568, 4.185, 4.880, 4.827]","[-4.583, -3.906, -5.539, -4.868, -4.475, -6.563]"
1418,1,20.6075,17.3956,0.285,667,2119,107,44,0.059,100,21.30,50000,3029.27,11,1,24.000(30.000%)(0.429m),38.000(33.530%)(1.929m),55.000(48.530%)(3.750m),48.355(42.666%)(3.038m),23.018(28.772%)(0.323m),23.000(57.500%)(1.393m),16.235(40.588%)(0.668m),175.301,2201.660,73.5,1.3030,"[2.029, 2.679, 2.258, 2.228, 3.051, 2.554]","[4.294, 4.574, 4.554, 4.649, 4.820, 5.100]","[-4.401, -0.318, -2.811, -5.048, -0.302, -3.089]"
1419,1,22.9963,17.3845,0.291,670,2124,61,96,0.058,100,21.35,50000,3089.46,12,1,24.000(30.000%)(0.429m),38.000(33.530%)(1.929m),55.000(48.530%)(3.750m),41.000(36.177%)(2.250m),23.007(28.758%)(0.322m),17.000(42.500%)(0.750m),16.236(40.591%)(0.668m),175.301,2306.077,73.4,1.3953,"[1.885, 2.441, 2.057, 2.085, 2.892, 2.354]","[4.094, 4.363, 4.364, 4.270, 4.675, 4.775]","[-4.623, -1.069, -3.956, -5.136, -1.095, -3.861]"
1420,1,7.8319,17.0223,0.305,570,1803,86,56,0.058,95,21.34,50000,2556.16,0,0,18.000(22.500%)(0.000m),17.000(15.000%)(0.000m),33.000(29.118%)(1.393m),40.817(36.016%)(2.230m),19.394(24.243%)(0.000m),20.000(50.000%)(1.071m),13.636(34.090%)(0.390m),273.147,2273.236,73.2,1.3281,"[1.258, 2.055, 1.925, 1.395, 2.500, 2.136]","[3.950, 4.186, 4.122, 4.175, 4.470, 4.356]","[-7.587, -6.498, -6.278, -7.358, -7.784, -6.549]"
1421,1,21.5624,16.9528,0.305,671,2128,98,121,0.058,100,21.39,50000,2977.49,1,1,19.000(23.750%)(0.000m),38.000(33.530%)(1.929m),59.000(52.059%)(4.179m),37.000(32.647%)(1.821m),22.722(28.402%)(0.292m),11.000(27.500%)(0.107m),16.019(40.046%)(0.645m),163.404,2249.832,73.4,1.4572,"[1.734, 2.154, 1.776, 1.929, 2.653, 2.050]","[3.718, 3.767, 3.312, 3.924, 4.065, 3.685]","[-3.332, -2.773, -4.989, -3.920, -2.478, -4.889]"
1422,1,-0.6234,16.4110,0.318,125,356,17,12,0.058,35,21.38,50000,558.09,0,0,22.000(27.500%)(0.214m),25.000(22.059%)(0.536m),42.000(37.059%)(2.357m),84.084(74.192%)(6.866m),46.388(57.985%)(2.827m),40.000(100.000%)(3.214m),40.000(100.000%)(3.214m),0.000,2142.201,66.0,1.2205,"[1.604, 1.612, 0.840, 1.667, 1.599, 0.965]","[3.305, 3.836, 3.257, 3.237, 4.093, 3.389]","[-4.137, -2.748, -5.062, -3.835, -3.245, -4.482]"
1423,1,23.0772,16.4419,0.266,667,2121,0,115,0.058,100,21.43,50000,3016.33,1,1,26.000(32.500%)(0.643m),44.000(38.824%)(2.571m),63.000(55.588%)(4.607m),40.000(35.294%)(2.143m),23.310(29.138%)(0.355m),20.000(50.000%)(1.071m),16.444(41.111%)(0.690m),210.590,2179.654,73.6,1.2179,"[1.774, 2.353, 1.950, 2.023, 2.766, 2.247]","[4.404, 4.267, 4.069, 4.696, 4.622, 4.357]","[-3.663, -0.720, -3.775, -4.181, -0.720, -4.292]"
1424,1,20.4749,16.4555,0.320,668,2121,1,177,0.058,100,21.49,50000,2967.81,2,1,23.000(28.750%)(0.321m),44.000(38.824%)(2.571m),68.000(60.000%)(5.143m),47.000(41.471%)(2.893m),23.244(29.056%)(0.348m),17.000(42.500%)(0.750m),16.397(40.992%)(0.685m),295.908,2215.873,73.5,1.2309,"[2.143, 2.394, 2.026, 2.391, 2.906, 2.257]","[4.189, 4.302, 4.254, 4.473, 4.743, 4.411]","[-2.478, -2.770, -4.327, -3.006, -2.628, -4.595]"
1425,1,26.9797,16.6153,0.293,669,2120,0,69,0.058,100,21.54,50000,2949.44,3,1,28.000(35.000%)(0.857m),46.000(40.588%)(2.786m),68.000(60.000%)(5.143m),43.000(37.941%)(2.464m),24.738(30.922%)(0.508m),23.000(57.500%)(1.393m),17.477(43.693%)(0.801m),280.416,2181.015,73.3,1.2221,"[2.027, 2.703, 2.524, 2.198, 3.168, 2.705]","[3.891, 4.344, 4.186, 4.205, 4.706, 4.385]","[-3.131, 0.883, -0.009, -3.501, 1.229, -0.237]"
1426,1,18.9615,16.6776,0.281,684,2152,81,145,0.058,100,21.60,50000,3073.75,4,1,18.000(22.500%)(0.000m),33.000(29.118%)(1.393m),69.000(60.883%)(5.250m),31.000(27.353%)(1.179m),20.000(25.000%)(0.000m),13.000(32.500%)(0.321m),14.577(36.442%)(0.490m),70.040,2076.436,72.8,1.2399,"[1.419, 2.091, 1.894, 1.614, 2.544, 2.083]","[3.617, 4.034, 3.854, 4.095, 4.400, 4.263]","[-4.827, -4.481, -3.787, -4.928, -3.975, -4.190]"
1427,1,23.0414,16.7208,0.277,666,2115,120,81,0.058,100,21.65,50000,2930.16,5,1,24.000(30.000%)(0.429m),38.000(33.530%)(1.929m),55.000(48.530%)(3.750m),43.000(37.941%)(2.464m),22.821(28.526%)(0.302m),19.000(47.500%)(0.964m),16.089(40.224%)(0.652m),175.301,2136.328,73.5,1.2032,"[1.868, 2.476, 2.234, 2.055, 2.881, 2.481]","[3.982, 4.115, 3.942, 4.441, 4.408, 4.332]","[-2.716, 0.097, -2.363, -3.354, -0.352, -3.375]"
1428,1,-1.0136,16.2823,0.388,121,349,12,12,0.057,35,21.64,50000,544.46,0,0,21.000(26.250%)(0.107m),30.000(26.471%)(1.071m),45.000(39.706%)(2.679m),66.266(58.470%)(4.957m),40.082(50.102%)(2.152m),40.000(100.000%)(3.214m),39.595(98.987%)(3.171m),10.815,2222.772,66.7,1.2264,"[2.197, 2.201, 1.602, 2.292, 2.338, 1.751]","[3.638, 4.175, 3.586, 3.582, 4.446, 3.788]","[-2.741, -1.012, -3.787, -2.982, -2.080, -3.927]"
1429,1,11.4539,16.0336,0.250,557,1763,43,43,0.057,95,21.62,50000,2466.75,0,0,26.000(32.500%)(0.643m),43.000(37.941%)(2.464m),43.000(37.941%)(2.464m),29.000(25.588%)(0.964m),19.516(24.396%)(0.000m),22.000(55.000%)(1.286m),13.723(34.308%)(0.399m),0.000,2136.359,73.2,1.2339,"[1.657, 2.421, 2.391, 1.789, 2.854, 2.640]","[3.858, 4.300, 4.242, 4.453, 4.665, 4.665]","[-4.949, -4.298, -2.173, -5.631, -3.748, -2.905]"
1430,1,24.1651,16.5233,0.258,681,2147,45,87,0.057,100,21.68,50000,3157.93,1,1,24.000(30.000%)(0.429m),44.000(38.824%)(2.571m),66.000(58.235%)(4.929m),42.562(37.555%)(2.417m),20.081(25.102%)(0.009m),17.000(42.500%)(0.750m),14.122(35.305%)(0.442m),313.516,2296.573,73.0,1.4781,"[2.070, 2.375, 2.006, 2.271, 2.802, 2.250]","[4.156, 4.091, 3.655, 4.305, 4.472, 3.887]","[-3.868, -2.918, -3.306, -4.395, -3.154, -4.016]"
1431,1,18.3997,16.4107,0.279,676,2136,124,56,0.057,100,21.73,50000,2995.91,2,1,23.000(28.750%)(0.321m),34.000(30.000%)(1.500m),51.000(45.000%)(3.321m),36.786(32.458%)(1.798m),17.205(21.506%)(0.000m),21.000(52.500%)(1.179m),12.067(30.167%)(0.221m),150.521,2169.820,73.1,1.2440,"[1.421, 2.362, 2.053, 1.599, 2.750, 2.328]","[4.216, 4.390, 3.745, 4.399, 4.582, 4.107]","[-4.374, -0.238, -2.497, -4.855, -0.661, -2.827]"
1432,1,26.1554,16.4929,0.269,665,2113,0,92,0.057,100,21.79,50000,2938.41,3,1,26.000(32.500%)(0.643m),43.000(37.941%)(2.464m),62.000(54.706%)(4.500m),38.000(33.530%)(1.929m),23.532(29.416%)(0.378m),20.000(50.000%)(1.071m),16.605(41.513%)(0.708m),184.634,2168.531,73.5,1.2748,"[2.084, 2.571, 2.219, 2.310, 3.063, 2.527]","[4.218, 4.257, 4.184, 4.838, 4.704, 4.400]","[-4.020, 0.624, -3.914, -4.565, 0.991, -3.957]"
1433,1,-0.8224,16.4007,0.280,121,349,12,12,0.057,35,21.77,50000,517.99,0,0,22.000(27.500%)(0.214m),28.000(24.706%)(0.857m),45.000(39.706%)(2.679m),82.393(72.700%)(6.685m),45.114(56.393%)(2.691m),40.000(100.000%)(3.214m),39.415(98.538%)(3.152m),0.000,2190.124,66.7,1.1437,"[2.184, 2.177, 1.495, 2.309, 2.274, 1.684]","[3.326, 3.737, 3.315, 3.315, 3.927, 3.411]","[-2.976, -2.263, -3.761, -2.886, -2.735, -2.837]"
1434,1,23.5859,16.4747,0.257,665,2113,120,36,0.057,100,21.83,50000,2945.24,1,1,24.000(30.000%)(0.429m),38.000(33.530%)(1.929m),55.000(48.530%)(3.750m),39.900(35.206%)(2.132m),18.782(23.477%)(0.000m),23.000(57.500%)(1.393m),13.197(32.992%)(0.343m),175.301,2232.038,73.5,1.2384,"[1.801, 2.512, 2.169, 1.931, 2.931, 2.502]","[3.578, 4.204, 3.639, 3.819, 4.635, 4.112]","[-3.922, 0.308, -3.694, -4.543, -0.238, -4.103]"
1435,1,24.1072,16.4931,0.289,666,2116,89,58,0.057,100,21.88,50000,2949.73,2,1,26.000(32.500%)(0.643m),44.000(38.824%)(2.571m),68.000(60.000%)(5.143m),40.331(35.586%)(2.178m),19.000(23.750%)(0.000m),22.000(55.000%)(1.286m),13.353(33.382%)(0.359m),290.964,2186.600,73.5,1.1860,"[1.893, 2.505, 2.173, 2.090, 2.968, 2.483]","[3.951, 4.158, 3.777, 4.139, 4.562, 4.193]","[-4.068, 0.131, -1.079, -4.668, 0.223, -1.487]"
1436,1,1.0117,16.1229,0.241,302,929,10,56,0.057,65,21.87,50000,1324.42,0,0,13.000(16.250%)(0.000m),28.000(24.706%)(0.857m),63.000(55.588%)(4.607m),38.000(33.530%)(1.929m),23.702(29.627%)(0.397m),10.000(25.000%)(0.000m),16.728(41.819%)(0.721m),162.946,2344.203,71.2,1.2799,"[1.527, 1.884, 1.384, 1.615, 2.287, 1.651]","[3.498, 3.945, 3.184, 3.699, 4.196, 3.672]","[-3.288, -4.604, -4.974, -3.885, -4.805, -4.703]"
1437,1,1.5810,16.1735,0.338,311,959,20,77,0.056,70,21.85,50000,1370.43,0,0,14.000(17.500%)(0.000m),44.000(38.824%)(2.571m),51.000(45.000%)(3.321m),36.000(31.765%)(1.714m),23.279(29.098%)(0.351m),10.000(25.000%)(0.000m),16.422(41.054%)(0.688m),150.683,2345.191,71.4,1.2864,"[1.256, 1.537, 1.282, 1.304, 1.920, 1.474]","[3.257, 3.527, 3.335, 3.683, 3.812, 3.716]","[-3.421, -6.161, -7.453, -4.256, -6.052, -7.368]"
1438,1,23.5941,16.6685,0.247,666,2114,49,96,0.056,100,21.91,50000,2916.62,1,1,24.000(30.000%)(0.429m),44.000(38.824%)(2.571m),68.000(60.000%)(5.143m),43.000(37.941%)(2.464m),22.810(28.512%)(0.301m),17.000(42.500%)(0.750m),16.082(40.206%)(0.652m),264.515,2229.253,73.5,1.1619,"[1.998, 2.561, 2.207, 2.263, 2.992, 2.470]","[3.880, 4.021, 3.471, 4.323, 4.350, 3.789]","[-3.897, 0.513, -3.515, -4.428, 0.728, -3.936]"
1439,1,18.6606,16.6806,0.280,678,2139,71,65,0.056,100,21.96,50000,3050.24,2,1,29.000(36.250%)(0.964m),44.000(38.824%)(2.571m),68.000(60.000%)(5.143m),43.090(38.021%)(2.474m),20.876(26.096%)(0.094m),20.000(50.000%)(1.071m),14.730(36.825%)(0.507m),295.908,2504.516,73.0,1.3387,"[1.623, 2.282, 2.116, 1.877, 2.807, 2.447]","[3.750, 3.965, 3.704, 4.028, 4.198, 4.195]","[-5.987, -2.647, -2.119, -5.938, -2.123, -2.736]"
1440,1,26.5264,16.8034,0.295,666,2114,0,71,0.056,100,22.01,50000,3053.33,3,1,26.000(32.500%)(0.643m),44.000(38.824%)(2.571m),68.000(60.000%)(5.143m),41.000(36.177%)(2.250m),23.427(29.283%)(0.367m),22.000(55.000%)(1.286m),16.529(41.321%)(0.699m),272.849,2192.277,73.5,1.3006,"[2.139, 2.703, 2.340, 2.406, 3.191, 2.644]","[4.128, 4.331, 3.697, 4.647, 4.772, 4.018]","[-3.651, 0.950, -1.372, -3.949, 1.429, -1.876]"
1441,1,23.4896,17.3142,0.258,671,2128,63,71,0.056,100,22.07,50000,2967.87,4,1,24.000(30.000%)(0.429m),38.000(33.530%)(1.929m),55.000(48.530%)(3.750m),41.000(36.177%)(2.250m),23.060(28.825%)(0.328m),23.000(57.500%)(1.393m),16.264(40.659%)(0.671m),175.301,2186.446,73.4,1.2958,"[1.813, 2.608, 2.270, 1.932, 2.994, 2.483]","[3.906, 4.381, 4.463, 4.142, 4.740, 4.865]","[-4.920, -0.325, -3.694, -5.382, -0.578, -3.782]"
1442,1,23.0612,17.3837,0.287,689,2159,17,128,0.056,100,22.12,50000,3088.92,5,1,20.000(25.000%)(0.000m),37.000(32.647%)(1.821m),47.000(41.471%)(2.893m),45.000(39.706%)(2.679m),24.000(30.000%)(0.429m),17.000(42.500%)(0.750m),17.361(43.402%)(0.789m),226.663,2133.741,72.5,1.2188,"[2.200, 2.702, 2.316, 2.420, 3.136, 2.589]","[4.418, 4.454, 4.011, 5.103, 4.814, 4.380]","[-3.115, 0.422, -1.578, -3.304, 0.128, -1.427]"
1443,1,1.9529,16.9910,0.292,289,864,59,49,0.056,65,22.11,50000,1178.56,0,0,26.000(32.500%)(0.643m),44.000(38.824%)(2.571m),36.000(31.765%)(1.714m),28.000(24.706%)(0.857m),19.273(24.091%)(0.000m),22.000(55.000%)(1.286m),13.561(33.901%)(0.381m),33.877,2063.606,69.2,1.0710,"[0.774, 1.803, 2.055, 0.783, 2.206, 2.255]","[3.292, 3.968, 3.486, 3.314, 4.275, 3.623]","[-5.299, -3.615, 0.102, -5.364, -2.674, -0.022]"
1444,1,21.7472,16.9715,0.290,666,2116,28,88,0.056,100,22.16,50000,2955.14,1,1,26.000(32.500%)(0.643m),43.000(37.941%)(2.464m),75.000(66.177%)(5.893m),41.013(36.188%)(2.251m),19.297(24.121%)(0.000m),22.000(55.000%)(1.286m),13.560(33.900%)(0.381m),291.157,2343.640,73.5,1.2784,"[1.994, 2.631, 2.335, 2.265, 3.109, 2.695]","[3.744, 4.363, 3.784, 4.208, 4.779, 4.361]","[-4.774, 1.096, -3.038, -5.283, 1.297, -3.023]"
1445,1,20.9249,17.3196,0.270,667,2119,121,110,0.056,100,22.21,50000,2903.33,2,1,24.000(30.000%)(0.429m),38.000(33.530%)(1.929m),55.000(48.530%)(3.750m),39.448(34.807%)(2.084m),18.521(23.151%)(0.000m),18.000(45.000%)(0.857m),13.011(32.527%)(0.323m),175.301,2238.236,73.5,1.1573,"[1.733, 2.283, 2.028, 1.872, 2.720, 2.366]","[4.069, 4.128, 4.204, 4.409, 4.628, 4.791]","[-5.831, -2.794, -3.789, -6.117, -2.841, -3.767]"
1446,1,21.7369,17.3384,0.296,672,2129,101,76,0.055,100,22.27,50000,3089.93,3,1,26.000(32.500%)(0.643m),44.000(38.824%)(2.571m),63.000(55.588%)(4.607m),40.818(36.016%)(2.230m),19.273(24.091%)(0.000m),22.000(55.000%)(1.286m),13.561(33.902%)(0.382m),295.908,2175.257,73.3,1.2519,"[1.732, 2.495, 2.073, 1.894, 2.868, 2.444]","[4.026, 4.329, 3.649, 4.358, 4.609, 4.201]","[-4.948, -1.889, -2.626, -5.451, -1.655, -2.641]"
1447,1,20.8477,17.2800,0.296,671,2125,73,134,0.055,100,22.32,50000,3034.59,4,1,23.000(28.750%)(0.321m),44.000(38.824%)(2.571m),60.000(52.941%)(4.286m),42.000(37.059%)(2.357m),22.293(27.867%)(0.246m),19.000(47.500%)(0.964m),15.709(39.272%)(0.612m),249.234,2192.187,73.3,1.2648,"[1.985, 2.535, 2.218, 2.263, 3.019, 2.520]","[4.160, 4.314, 3.883, 4.446, 4.737, 4.247]","[-3.173, 0.807, -0.426, -3.786, 1.020, -0.320]"
1448,1,25.0267,17.3220,0.225,678,2138,53,59,0.055,100,22.38,50000,3060.70,5,1,27.000(33.750%)(0.750m),43.000(37.941%)(2.464m),60.000(52.941%)(4.286m),40.000(35.294%)(2.143m),20.431(25.539%)(0.046m),22.000(55.000%)(1.286m),14.373(35.932%)(0.469m),254.470,2245.908,73.0,1.2882,"[1.792, 2.597, 2.399, 2.001, 3.043, 2.651]","[4.098, 4.127, 3.963, 4.532, 4.436, 4.301]","[-4.317, 0.874, -0.549, -4.795, 0.908, -0.453]"
1449,1,25.7892,17.3641,0.248,664,2111,53,53,0.055,100,22.43,50000,2994.06,6,1,26.000(32.500%)(0.643m),44.000(38.824%)(2.571m),68.000(60.000%)(5.143m),43.000(37.941%)(2.464m),23.197(28.996%)(0.343m),22.000(55.000%)(1.286m),16.363(40.907%)(0.682m),264.515,2193.015,73.6,1.2637,"[2.173, 2.717, 2.472, 2.392, 3.162, 2.790]","[4.117, 4.151, 3.949, 4.829, 4.642, 4.583]","[-3.007, 1.262, -2.562, -3.772, 1.543, -2.614]"
1450,1,19.6880,17.2963,0.247,666,2116,102,108,0.055,100,22.48,50000,3000.19,7,1,24.000(30.000%)(0.429m),38.000(33.530%)(1.929m),55.000(48.530%)(3.750m),38.000(33.530%)(1.929m),18.611(23.263%)(0.000m),20.000(50.000%)(1.071m),13.068(32.670%)(0.329m),175.301,2196.735,73.5,1.3590,"[1.701, 2.385, 2.161, 1.947, 2.852, 2.446]","[3.872, 4.307, 3.809, 4.331, 4.598, 4.303]","[-4.239, 0.038, -2.572, -4.726, 0.587, -2.521]"
1451,1,20.3117,17.6253,0.284,671,2125,57,102,0.055,100,22.54,50000,3176.57,8,1,26.000(32.500%)(0.643m),41.000(36.177%)(2.250m),70.000(61.765%)(5.357m),48.555(42.843%)(3.060m),23.106(28.882%)(0.333m),21.000(52.500%)(1.179m),16.000(40.000%)(0.643m),238.006,2655.888,73.3,1.5164,"[1.845, 2.522, 2.211, 2.108, 2.961, 2.486]","[3.851, 3.992, 3.884, 4.414, 4.188, 4.209]","[-4.887, -0.416, -2.523, -5.508, -0.061, -2.743]"
1452,1,19.9059,17.9289,0.241,696,2175,116,37,0.055,100,22.59,50000,3026.02,9,1,27.000(33.750%)(0.750m),41.000(36.177%)(2.250m),60.000(52.941%)(4.286m),41.000(36.177%)(2.250m),20.464(25.580%)(0.050m),22.000(55.000%)(1.286m),14.396(35.990%)(0.471m),234.459,2300.435,72.3,1.1906,"[1.834, 2.477, 2.231, 2.008, 2.899, 2.503]","[4.293, 4.469, 4.259, 4.538, 4.741, 4.781]","[-3.443, 0.837, -2.543, -3.924, 1.088, -2.960]"
1453,1,20.6698,18.3564,0.202,666,2118,128,118,0.055,100,22.64,50000,2888.65,10,1,24.000(30.000%)(0.429m),38.000(33.530%)(1.929m),55.000(48.530%)(3.750m),40.123(35.403%)(2.156m),18.847(23.558%)(0.000m),20.000(50.000%)(1.071m),13.237(33.093%)(0.347m),175.301,2105.076,73.6,1.3044,"[1.644, 2.462, 2.067, 1.864, 2.879, 2.294]","[3.765, 4.452, 4.059, 4.265, 4.822, 4.434]","[-4.201, 0.206, -3.386, -4.804, 0.496, -3.911]"
1454,1,18.2075,18.2732,0.283,667,2119,71,133,0.055,100,22.70,50000,2887.69,11,1,23.000(28.750%)(0.321m),37.000(32.647%)(1.821m),55.000(48.530%)(3.750m),48.464(42.763%)(3.050m),23.060(28.825%)(0.328m),14.000(35.000%)(0.429m),16.264(40.659%)(0.671m),146.238,2153.507,73.5,1.0569,"[2.180, 2.508, 1.938, 2.427, 2.938, 2.220]","[4.285, 4.253, 3.998, 4.435, 4.493, 4.526]","[-2.486, 0.829, -3.438, -2.677, 0.701, -3.536]"
1455,1,14.8093,18.1428,0.265,713,2217,132,118,0.054,100,22.75,50000,3236.15,12,1,26.000(32.500%)(0.643m),37.000(32.647%)(1.821m),50.000(44.118%)(3.214m),40.000(35.294%)(2.143m),19.418(24.273%)(0.000m),22.000(55.000%)(1.286m),13.653(34.132%)(0.391m),192.090,2477.311,71.9,1.2578,"[1.237, 1.782, 1.659, 1.334, 2.143, 1.915]","[3.654, 4.067, 3.793, 4.214, 4.453, 4.273]","[-5.581, -3.304, -4.701, -5.512, -3.684, -4.986]"
1456,1,26.0668,18.5516,0.290,663,2108,63,80,0.054,100,22.80,50000,3039.81,13,1,26.000(32.500%)(0.643m),44.000(38.824%)(2.571m),60.000(52.941%)(4.286m),36.000(31.765%)(1.714m),22.000(27.500%)(0.214m),22.000(55.000%)(1.286m),16.363(40.907%)(0.682m),108.771,2107.469,73.6,1.3692,"[1.755, 2.437, 2.263, 1.952, 2.948, 2.548]","[3.764, 4.004, 3.905, 4.218, 4.461, 4.191]","[-3.466, -2.356, -2.366, -3.634, -1.486, -2.918]"
1457,1,20.9776,18.8988,0.229,674,2133,54,114,0.054,100,22.86,50000,3022.82,14,1,24.000(30.000%)(0.429m),42.000(37.059%)(2.357m),60.000(52.941%)(4.286m),41.000(36.177%)(2.250m),23.176(28.970%)(0.340m),17.000(42.500%)(0.750m),16.347(40.868%)(0.680m),228.782,2203.656,73.3,1.5658,"[1.703, 2.193, 1.889, 1.864, 2.697, 2.127]","[3.477, 3.865, 3.667, 3.574, 4.347, 4.070]","[-3.300, 0.034, -3.224, -3.933, 0.446, -3.468]"
1458,1,21.1592,18.8949,0.265,666,2116,63,81,0.054,100,22.91,50000,3034.30,15,1,26.000(32.500%)(0.643m),44.000(38.824%)(2.571m),68.000(60.000%)(5.143m),43.000(37.941%)(2.464m),23.212(29.015%)(0.344m),20.000(50.000%)(1.071m),16.373(40.933%)(0.683m),295.908,2189.742,73.5,1.3674,"[1.913, 2.417, 2.161, 2.118, 2.932, 2.478]","[3.718, 3.924, 4.044, 4.046, 4.377, 4.525]","[-4.537, 0.221, -1.872, -4.731, 0.672, -2.079]"
1459,1,-0.5394,18.3670,0.222,123,352,24,9,0.054,35,22.89,50000,575.67,0,0,22.000(27.500%)(0.214m),20.000(17.647%)(0.000m),32.000(28.235%)(1.286m),86.755(76.548%)(7.152m),49.462(61.828%)(3.157m),40.000(100.000%)(3.214m),40.000(100.000%)(3.214m),0.000,2173.150,66.3,1.4606,"[1.870, 1.669, 1.118, 1.998, 1.725, 1.149]","[3.186, 3.923, 3.581, 3.140, 4.154, 3.711]","[-4.606, -4.336, -5.846, -4.656, -4.870, -5.425]"
1460,1,3.2088,18.0289,0.247,300,928,10,55,0.054,65,22.88,50000,1341.18,0,0,13.000(16.250%)(0.000m),28.000(24.706%)(0.857m),60.000(52.941%)(4.286m),37.000(32.647%)(1.821m),23.483(29.353%)(0.373m),10.000(25.000%)(0.000m),16.569(41.423%)(0.704m),163.808,2298.662,71.6,1.4004,"[1.177, 1.699, 1.265, 1.323, 2.135, 1.494]","[3.319, 3.849, 3.159, 3.521, 4.106, 3.464]","[-4.476, -5.751, -5.661, -4.427, -5.717, -5.922]"
1461,1,18.4078,17.9057,0.244,678,2143,75,149,0.054,100,22.93,50000,3054.31,1,1,20.000(25.000%)(0.000m),34.000(30.000%)(1.500m),59.000(52.059%)(4.179m),39.000(34.412%)(2.036m),16.000(20.000%)(0.000m),16.000(40.000%)(0.643m),11.000(27.500%)(0.107m),50.792,2234.455,73.1,1.2347,"[1.900, 2.359, 2.050, 2.120, 2.834, 2.372]","[3.994, 4.230, 3.994, 4.713, 4.625, 4.481]","[-6.512, -6.147, -4.055, -6.543, -5.895, -3.917]"
1462,1,26.1181,17.9001,0.299,662,2105,3,56,0.054,100,22.98,50000,3143.84,2,1,23.000(28.750%)(0.321m),44.000(38.824%)(2.571m),68.000(60.000%)(5.143m),42.000(37.059%)(2.357m),23.187(28.983%)(0.341m),21.000(52.500%)(1.179m),16.355(40.888%)(0.681m),263.735,2185.880,73.6,1.4362,"[1.944, 2.558, 2.331, 2.146, 3.050, 2.632]","[3.926, 4.003, 3.859, 4.559, 4.347, 4.310]","[-4.552, -0.107, -2.310, -4.995, 0.204, -2.518]"
1463,1,26.0107,18.0395,0.256,663,2108,45,82,0.054,100,23.03,50000,3172.99,3,1,23.000(28.750%)(0.321m),43.000(37.941%)(2.464m),68.000(60.000%)(5.143m),40.501(35.736%)(2.197m),19.038(23.798%)(0.000m),19.000(47.500%)(0.964m),13.374(33.436%)(0.362m),279.178,2164.141,73.6,1.4015,"[1.958, 2.703, 2.414, 2.170, 3.153, 2.758]","[3.788, 4.170, 3.831, 4.551, 4.612, 4.399]","[-4.663, -0.862, -0.872, -4.933, -0.440, -1.088]"
1464,1,21.1078,18.0237,0.265,672,2129,24,150,0.053,100,23.09,50000,3032.58,4,1,19.000(23.750%)(0.000m),43.000(37.941%)(2.464m),61.000(53.824%)(4.393m),41.000(36.177%)(2.250m),24.448(30.560%)(0.477m),14.000(35.000%)(0.429m),17.268(43.169%)(0.779m),228.584,2249.849,73.3,1.4113,"[2.074, 2.556, 2.187, 2.374, 3.088, 2.560]","[4.220, 4.526, 4.176, 5.087, 4.951, 4.652]","[-3.745, -3.261, -4.941, -4.412, -3.099, -5.033]"
1465,1,25.7999,18.1510,0.280,663,2108,43,79,0.053,100,23.14,50000,3024.70,5,1,23.000(28.750%)(0.321m),44.000(38.824%)(2.571m),68.000(60.000%)(5.143m),43.000(37.941%)(2.464m),23.200(29.000%)(0.343m),19.000(47.500%)(0.964m),16.365(40.911%)(0.682m),264.515,2144.353,73.6,1.6129,"[2.281, 2.891, 2.582, 2.474, 3.335, 2.881]","[4.351, 4.327, 4.222, 4.956, 4.724, 4.779]","[-3.964, 1.345, -0.985, -4.822, 1.585, -1.504]"
1466,1,6.4837,17.9216,0.304,584,1840,65,97,0.053,95,23.12,50000,2655.87,0,0,12.000(15.000%)(0.000m),20.000(17.647%)(0.000m),67.000(59.118%)(5.036m),46.242(40.802%)(2.812m),21.945(27.431%)(0.208m),22.000(55.000%)(1.286m),15.457(38.643%)(0.585m),291.157,2246.240,72.9,1.3303,"[1.495, 2.054, 1.913, 1.767, 2.570, 2.272]","[3.320, 3.832, 3.421, 3.876, 4.253, 3.948]","[-6.525, -6.282, -4.988, -6.786, -6.098, -5.078]"
1467,1,23.6009,17.9777,0.301,663,2108,98,77,0.053,100,23.18,50000,3049.67,1,1,26.000(32.500%)(0.643m),44.000(38.824%)(2.571m),66.000(58.235%)(4.929m),42.000(37.059%)(2.357m),23.084(28.856%)(0.330m),19.000(47.500%)(0.964m),16.281(40.703%)(0.673m),235.338,2161.007,73.6,1.3076,"[2.212, 2.866, 2.539, 2.469, 3.366, 2.886]","[4.038, 4.341, 4.032, 4.948, 4.718, 4.561]","[-3.297, 1.265, -1.211, -3.835, 1.638, -1.785]"
1468,1,25.1536,18.0686,0.279,664,2110,0,79,0.053,100,23.23,50000,3174.24,2,1,26.000(32.500%)(0.643m),43.000(37.941%)(2.464m),68.000(60.000%)(5.143m),35.000(30.882%)(1.607m),22.000(27.500%)(0.214m),22.000(55.000%)(1.286m),16.444(41.111%)(0.690m),106.534,2098.968,73.5,1.3144,"[1.918, 2.653, 2.439, 2.080, 3.085, 2.692]","[4.395, 4.372, 3.995, 4.897, 4.795, 4.501]","[-5.167, -3.401, -0.567, -5.414, -2.835, -0.873]"
1469,1,22.7708,18.0641,0.257,687,2159,116,87,0.053,100,23.28,50000,3133.43,3,1,24.000(30.000%)(0.429m),36.000(31.765%)(1.714m),46.000(40.588%)(2.786m),36.000(31.765%)(1.714m),18.897(23.621%)(0.000m),22.000(55.000%)(1.286m),13.280(33.201%)(0.351m),101.163,2101.149,72.7,1.4115,"[1.622, 2.317, 1.950, 1.743, 2.652, 2.168]","[3.980, 4.055, 3.950, 4.228, 4.410, 4.526]","[-5.588, -4.053, -2.957, -5.879, -3.637, -3.529]"
1470,1,23.8417,18.3843,0.301,667,2116,32,50,0.053,100,23.33,50000,3041.45,4,1,24.000(30.000%)(0.429m),39.000(34.412%)(2.036m),68.000(60.000%)(5.143m),39.652(34.987%)(2.106m),18.608(23.260%)(0.000m),23.000(57.500%)(1.393m),13.066(32.665%)(0.329m),232.587,2271.220,73.4,1.3008,"[1.929, 2.687, 2.422, 2.086, 3.074, 2.640]","[4.465, 4.451, 4.399, 4.544, 4.675, 4.819]","[-4.855, 0.501, -1.683, -5.606, 0.660, -2.861]"
1471,1,20.5912,18.3649,0.302,672,2130,45,147,0.053,100,23.39,50000,3020.75,5,1,24.000(30.000%)(0.429m),39.000(34.412%)(2.036m),60.000(52.941%)(4.286m),37.000(32.647%)(1.821m),23.115(28.894%)(0.334m),17.000(42.500%)(0.750m),16.303(40.758%)(0.675m),164.057,2084.574,73.3,1.3665,"[1.802, 2.450, 2.098, 1.964, 2.864, 2.422]","[3.776, 4.465, 4.303, 4.193, 4.854, 5.015]","[-5.680, -1.650, -3.243, -5.885, -1.063, -3.615]"
1472,1,19.8164,18.7737,0.283,666,2116,102,79,0.053,100,23.44,50000,3114.95,6,1,24.000(30.000%)(0.429m),38.000(33.530%)(1.929m),55.000(48.530%)(3.750m),40.065(35.351%)(2.150m),18.865(23.581%)(0.000m),19.000(47.500%)(0.964m),13.257(33.142%)(0.349m),175.301,2243.497,73.5,1.3689,"[1.417, 2.327, 2.168, 1.627, 2.783, 2.430]","[3.907, 4.236, 4.208, 4.106, 4.672, 4.605]","[-5.814, 0.023, -1.897, -6.126, -0.031, -2.709]"
1473,1,24.8435,18.8090,0.232,681,2146,0,36,0.052,100,23.49,50000,3108.91,7,1,28.000(35.000%)(0.857m),45.000(39.706%)(2.679m),65.000(57.353%)(4.821m),48.000(42.353%)(3.000m),23.516(29.395%)(0.377m),23.000(57.500%)(1.393m),16.593(41.483%)(0.706m),333.386,2287.690,72.9,1.5374,"[2.149, 2.662, 2.166, 2.379, 3.073, 2.482]","[4.132, 4.451, 3.932, 4.593, 4.873, 4.641]","[-3.926, 0.682, -3.061, -4.088, 0.806, -3.603]"
1474,1,25.7194,18.9139,0.218,669,2120,0,84,0.052,100,23.54,50000,3048.68,8,1,24.000(30.000%)(0.429m),39.000(34.412%)(2.036m),63.000(55.588%)(4.607m),41.000(36.177%)(2.250m),24.026(30.032%)(0.431m),20.000(50.000%)(1.071m),16.962(42.405%)(0.746m),223.664,2172.090,73.3,1.3324,"[2.352, 2.803, 2.439, 2.580, 3.211, 2.758]","[4.178, 4.207, 3.959, 4.672, 4.584, 4.554]","[-1.204, 0.585, 0.027, -1.679, 0.610, -0.197]"
1475,1,0.0661,18.3756,0.200,120,346,18,10,0.052,35,23.53,50000,530.63,0,0,22.000(27.500%)(0.214m),26.000(22.941%)(0.643m),38.000(33.530%)(1.929m),71.849(63.396%)(5.555m),43.856(54.819%)(2.556m),40.000(100.000%)(3.214m),40.000(100.000%)(3.214m),0.000,2207.244,66.8,1.1374,"[2.010, 1.964, 1.440, 2.191, 2.167, 1.562]","[3.428, 4.113, 3.639, 3.460, 4.304, 3.771]","[-3.646, -3.206, -4.890, -3.529, -3.657, -4.404]"
1476,1,0.3087,18.0026,0.188,178,532,17,38,0.052,50,23.51,50000,775.30,0,0,24.000(30.000%)(0.429m),38.000(33.530%)(1.929m),55.000(48.530%)(3.750m),25.073(22.123%)(0.543m),12.491(15.614%)(0.000m),19.000(47.500%)(0.964m),9.997(24.992%)(0.000m),175.301,2587.771,69.2,1.2542,"[1.153, 2.086, 2.093, 1.257, 2.392, 2.218]","[3.411, 4.068, 3.460, 3.512, 4.292, 3.632]","[-6.069, -4.760, -1.311, -6.931, -4.350, -1.442]"
1477,1,27.1304,18.0843,0.291,676,2133,1,56,0.052,100,23.56,50000,3128.87,1,1,25.000(31.250%)(0.536m),40.000(35.294%)(2.143m),59.000(52.059%)(4.179m),38.000(33.530%)(1.929m),24.304(30.380%)(0.461m),22.000(55.000%)(1.286m),17.163(42.908%)(0.768m),167.789,2316.159,73.0,1.4145,"[2.258, 2.678, 2.339, 2.527, 3.152, 2.679]","[3.982, 4.082, 3.875, 4.318, 4.596, 4.445]","[-3.124, 0.832, -0.507, -3.669, 1.032, -0.655]"
1478,1,20.3774,18.5122,0.256,664,2110,0,105,0.052,100,23.61,50000,3050.15,2,1,23.000(28.750%)(0.321m),36.000(31.765%)(1.714m),63.000(55.588%)(4.607m),43.000(37.941%)(2.464m),23.483(29.353%)(0.373m),22.000(55.000%)(1.286m),16.569(41.423%)(0.704m),163.808,2359.841,73.5,1.2718,"[2.032, 2.655, 2.244, 2.260, 3.142, 2.660]","[4.152, 4.600, 4.287, 4.383, 5.101, 5.001]","[-4.612, 1.056, -1.966, -5.418, 1.257, -2.306]"
1479,1,21.1009,18.7051,0.218,681,2146,16,151,0.052,100,23.66,50000,3308.93,3,1,23.000(28.750%)(0.321m),47.000(41.471%)(2.893m),64.000(56.471%)(4.714m),39.000(34.412%)(2.036m),23.000(28.750%)(0.321m),16.000(40.000%)(0.643m),17.078(42.696%)(0.758m),168.557,2266.046,72.9,1.6406,"[2.078, 2.580, 2.232, 2.325, 3.105, 2.543]","[3.926, 4.332, 3.883, 4.460, 4.758, 4.475]","[-3.220, -0.924, -3.875, -3.693, -0.347, -4.715]"
1480,1,23.8085,18.6980,0.234,666,2116,3,105,0.052,100,23.72,50000,2985.03,4,1,23.000(28.750%)(0.321m),39.000(34.412%)(2.036m),57.000(50.294%)(3.964m),45.000(39.706%)(2.679m),23.279(29.098%)(0.351m),19.000(47.500%)(0.964m),16.422(41.054%)(0.688m),166.581,2196.601,73.5,1.2501,"[2.155, 2.667, 2.440, 2.422, 3.167, 2.745]","[4.102, 4.302, 4.561, 4.456, 4.682, 5.094]","[-3.801, 0.043, -3.393, -4.245, -0.278, -3.652]"
1481,1,21.7686,18.7654,0.241,684,2152,88,105,0.052,100,23.77,50000,3120.24,5,1,24.000(30.000%)(0.429m),38.000(33.530%)(1.929m),59.000(52.059%)(4.179m),40.620(35.841%)(2.209m),19.146(23.933%)(0.000m),18.000(45.000%)(0.857m),13.458(33.645%)(0.370m),182.006,2140.972,72.8,1.3299,"[1.812, 2.520, 2.313, 1.981, 2.932, 2.583]","[4.136, 4.097, 3.644, 4.389, 4.537, 4.042]","[-4.759, -1.460, -0.543, -4.869, -1.246, -0.832]"
1482,1,-0.0849,18.2405,0.241,120,346,12,11,0.052,35,23.75,50000,540.96,0,0,22.000(27.500%)(0.214m),30.000(26.471%)(1.071m),45.000(39.706%)(2.679m),66.344(58.539%)(4.965m),40.496(50.620%)(2.196m),40.000(100.000%)(3.214m),40.000(100.000%)(3.214m),0.000,2207.800,66.8,1.3189,"[1.664, 1.826, 1.288, 1.838, 1.949, 1.362]","[3.231, 3.751, 3.255, 3.316, 3.961, 3.326]","[-6.433, -2.039, -3.952, -6.766, -2.778, -3.251]"
1483,1,23.4680,18.7264,0.281,665,2115,118,42,0.051,100,23.80,50000,2942.93,1,1,24.000(30.000%)(0.429m),38.000(33.530%)(1.929m),55.000(48.530%)(3.750m),48.113(42.453%)(3.012m),22.884(28.605%)(0.309m),23.000(57.500%)(1.393m),16.136(40.341%)(0.657m),175.301,2240.346,73.6,1.2021,"[1.988, 2.631, 2.350, 2.181, 3.034, 2.666]","[4.058, 4.192, 4.195, 4.155, 4.663, 4.745]","[-4.081, 0.050, -1.383, -4.524, -0.242, -1.870]"
1484,1,20.2434,18.6595,0.297,666,2116,13,187,0.051,100,23.85,50000,3023.67,2,1,23.000(28.750%)(0.321m),44.000(38.824%)(2.571m),68.000(60.000%)(5.143m),42.000(37.059%)(2.357m),23.190(28.988%)(0.342m),18.000(45.000%)(0.857m),16.358(40.894%)(0.681m),259.764,2211.429,73.5,1.2667,"[2.145, 2.475, 2.041, 2.352, 2.940, 2.359]","[4.265, 3.998, 3.557, 4.452, 4.415, 3.844]","[-2.962, 0.591, -1.723, -3.382, 0.589, -2.293]"
1485,1,20.4055,18.5855,0.242,666,2118,129,151,0.051,100,23.91,50000,2980.25,3,1,24.000(30.000%)(0.429m),38.000(33.530%)(1.929m),55.000(48.530%)(3.750m),39.000(34.412%)(2.036m),22.903(28.628%)(0.311m),19.000(47.500%)(0.964m),16.150(40.374%)(0.659m),175.301,2122.045,73.6,1.2822,"[1.990, 2.549, 2.214, 2.145, 3.005, 2.508]","[4.259, 4.143, 4.115, 4.336, 4.568, 4.652]","[-4.214, 0.477, -2.823, -4.305, 0.396, -3.099]"
1486,1,18.3880,18.9330,0.233,714,2212,96,183,0.051,100,23.96,50000,3206.95,4,1,24.787(30.984%)(0.513m),48.000(42.353%)(3.000m),56.000(49.412%)(3.857m),35.000(30.882%)(1.607m),17.000(21.250%)(0.000m),17.513(43.783%)(0.805m),12.000(30.000%)(0.214m),219.999,2438.684,71.7,1.2538,"[1.609, 2.094, 1.933, 1.831, 2.477, 2.117]","[3.929, 4.255, 3.657, 3.865, 4.407, 4.022]","[-6.074, -4.003, -2.784, -5.940, -4.316, -2.684]"
1487,1,24.9843,19.4011,0.271,669,2118,1,83,0.051,100,24.01,50000,3019.85,5,1,26.000(32.500%)(0.643m),48.000(42.353%)(3.000m),59.000(52.059%)(4.179m),38.000(33.530%)(1.929m),23.667(29.584%)(0.393m),22.000(55.000%)(1.286m),16.703(41.757%)(0.718m),147.462,2321.160,73.3,1.2934,"[2.085, 2.526, 2.289, 2.304, 3.031, 2.609]","[3.885, 4.074, 3.667, 4.184, 4.525, 4.067]","[-3.638, -0.687, 0.010, -3.564, -0.160, 0.203]"
1488,1,0.3971,18.9371,0.223,169,504,13,23,0.051,45,23.99,50000,766.95,0,0,26.000(32.500%)(0.643m),44.000(38.824%)(2.571m),68.000(60.000%)(5.143m),25.054(22.106%)(0.541m),12.301(15.377%)(0.000m),22.000(55.000%)(1.286m),9.721(24.302%)(0.000m),295.908,2704.245,69.0,1.3153,"[1.093, 1.622, 1.691, 1.214, 2.086, 1.844]","[3.103, 3.432, 3.065, 3.095, 3.736, 3.078]","[-4.987, -5.192, -4.471, -5.235, -5.065, -4.193]"
1489,1,19.9679,18.9633,0.234,667,2119,118,145,0.051,100,24.04,50000,3256.69,1,1,24.000(30.000%)(0.429m),38.000(33.530%)(1.929m),55.000(48.530%)(3.750m),48.000(42.353%)(3.000m),22.963(28.704%)(0.317m),19.000(47.500%)(0.964m),14.000(35.000%)(0.429m),175.301,2194.875,73.5,1.4624,"[1.691, 2.212, 1.999, 1.911, 2.681, 2.296]","[4.083, 4.087, 3.866, 4.333, 4.437, 4.303]","[-3.654, 0.027, -1.951, -4.179, -0.280, -2.018]"
1490,1,21.2513,18.8578,0.308,671,2128,77,106,0.051,100,24.09,50000,3045.75,2,1,22.000(27.500%)(0.214m),38.000(33.530%)(1.929m),51.000(45.000%)(3.321m),37.000(32.647%)(1.821m),23.058(28.822%)(0.328m),15.000(37.500%)(0.536m),16.262(40.654%)(0.671m),175.301,2222.171,73.4,1.3096,"[1.791, 2.385, 1.970, 1.936, 2.758, 2.270]","[4.334, 4.253, 3.780, 4.969, 4.712, 4.127]","[-4.627, -2.775, -5.408, -5.245, -2.535, -5.801]"
1491,1,19.4573,18.7771,0.250,683,2151,79,155,0.051,100,24.14,50000,3163.93,3,1,23.000(28.750%)(0.321m),34.000(30.000%)(1.500m),55.000(48.530%)(3.750m),32.466(28.647%)(1.336m),15.107(18.883%)(0.000m),17.000(42.500%)(0.750m),10.590(26.474%)(0.063m),108.181,2263.130,72.9,1.5396,"[1.706, 2.348, 2.081, 1.816, 2.782, 2.410]","[3.723, 4.148, 4.218, 3.975, 4.550, 4.738]","[-5.640, -3.748, -4.676, -6.202, -3.156, -4.287]"
1492,1,24.1165,18.7982,0.267,690,2164,42,66,0.051,100,24.20,50000,3095.50,4,1,29.000(36.250%)(0.964m),51.000(45.000%)(3.321m),44.000(38.824%)(2.571m),34.000(30.000%)(1.500m),20.408(25.510%)(0.044m),21.000(52.500%)(1.179m),14.374(35.935%)(0.469m),198.064,2180.179,72.6,1.2845,"[1.955, 2.592, 2.339, 2.154, 3.057, 2.615]","[4.151, 4.494, 4.343, 4.848, 4.884, 4.804]","[-4.942, -2.043, -3.515, -5.251, -1.912, -3.502]"
1493,1,21.0243,19.1797,0.350,670,2123,32,74,0.050,100,24.25,50000,3023.42,5,1,27.000(33.750%)(0.750m),38.000(33.530%)(1.929m),66.000(58.235%)(4.929m),43.142(38.067%)(2.479m),20.375(25.469%)(0.040m),23.000(57.500%)(1.393m),13.000(32.500%)(0.321m),232.132,2251.420,73.3,1.3872,"[2.099, 2.675, 2.522, 2.372, 3.245, 2.847]","[4.458, 4.399, 4.165, 4.664, 4.909, 4.757]","[-4.548, -0.137, -0.944, -4.882, -0.104, -1.780]"
1494,1,26.0227,19.2652,0.221,665,2113,50,55,0.050,100,24.30,50000,3029.94,6,1,25.000(31.250%)(0.536m),41.000(36.177%)(2.250m),67.000(59.118%)(5.036m),43.000(37.941%)(2.464m),22.688(28.360%)(0.288m),20.000(50.000%)(1.071m),15.994(39.985%)(0.642m),240.121,2188.735,73.5,1.3953,"[2.144, 2.825, 2.521, 2.327, 3.300, 2.836]","[4.413, 4.718, 4.279, 4.639, 5.130, 4.540]","[-5.547, 0.930, -0.102, -5.840, 0.770, -0.194]"
1495,1,23.6998,19.3207,0.258,665,2115,126,61,0.050,100,24.35,50000,2921.52,7,1,24.000(30.000%)(0.429m),38.000(33.530%)(1.929m),55.000(48.530%)(3.750m),42.000(37.059%)(2.357m),23.031(28.789%)(0.325m),23.000(57.500%)(1.393m),16.243(40.606%)(0.669m),175.301,2083.255,73.6,1.2916,"[1.744, 2.447, 2.164, 1.864, 2.885, 2.391]","[4.140, 4.104, 3.860, 4.216, 4.533, 4.375]","[-4.231, -0.801, -3.217, -4.738, -0.900, -3.444]"
1496,1,22.6761,19.3394,0.254,665,2115,139,85,0.050,100,24.40,50000,3033.66,8,1,24.000(30.000%)(0.429m),38.000(33.530%)(1.929m),55.000(48.530%)(3.750m),42.000(37.059%)(2.357m),22.790(28.487%)(0.299m),20.000(50.000%)(1.071m),16.068(40.169%)(0.650m),175.301,2175.872,73.6,1.3348,"[1.789, 2.514, 2.209, 1.891, 2.911, 2.429]","[3.537, 3.989, 3.742, 3.914, 4.409, 3.979]","[-4.968, -0.233, -2.036, -5.544, -0.510, -2.332]"
1497,1,22.5711,19.3739,0.295,674,2132,42,28,0.050,100,24.45,50000,3011.65,9,1,23.000(28.750%)(0.321m),40.000(35.294%)(2.143m),67.000(59.118%)(5.036m),33.723(29.756%)(1.470m),15.731(19.664%)(0.000m),23.000(57.500%)(1.393m),11.026(27.564%)(0.110m),194.129,2308.021,73.2,1.2665,"[1.696, 2.332, 2.023, 1.984, 2.793, 2.309]","[4.365, 4.352, 4.248, 4.698, 4.677, 4.750]","[-5.664, -4.446, -2.868, -5.742, -4.321, -3.221]"
1498,1,-0.1754,18.8699,0.358,120,346,25,8,0.050,35,24.43,50000,604.22,0,0,22.000(27.500%)(0.214m),19.000(16.765%)(0.000m),28.000(24.706%)(0.857m),95.396(84.173%)(8.078m),52.629(65.786%)(3.496m),40.000(100.000%)(3.214m),40.000(100.000%)(3.214m),0.000,2206.565,66.8,1.7064,"[1.652, 1.524, 1.114, 1.817, 1.500, 1.161]","[3.368, 4.062, 3.636, 3.406, 4.318, 3.757]","[-5.560, -5.653, -6.178, -5.533, -7.100, -5.779]"
1499,1,24.3148,18.8404,0.258,664,2111,117,84,0.050,100,24.48,50000,2981.34,1,1,24.000(30.000%)(0.429m),38.000(33.530%)(1.929m),55.000(48.530%)(3.750m),38.000(33.530%)(1.929m),23.029(28.786%)(0.324m),19.000(47.500%)(0.964m),16.241(40.602%)(0.669m),175.301,2077.448,73.6,1.2862,"[1.863, 2.501, 2.173, 2.057, 2.992, 2.538]","[3.789, 4.213, 3.721, 4.050, 4.666, 4.413]","[-3.921, -0.603, -2.111, -3.918, -0.547, -1.983]"
1500,1,24.9106,18.9448,0.258,666,2114,47,66,0.050,100,24.53,50000,2942.22,2,1,26.000(32.500%)(0.643m),44.000(38.824%)(2.571m),60.000(52.941%)(4.286m),40.469(35.708%)(2.193m),19.070(23.837%)(0.000m),22.000(55.000%)(1.286m),13.403(33.508%)(0.365m),247.106,2166.362,73.5,1.2685,"[1.851, 2.574, 2.365, 2.200, 3.091, 2.750]","[4.103, 4.247, 3.665, 4.440, 4.522, 4.304]","[-4.719, 0.315, -0.084, -4.567, 0.637, -0.421]"
